t_s,engaged,hand_found,detect_ms,ik_ms,loop_ms,hand_x,hand_y,hand_z,depth_len_m,depth_width_m,pinch,gated,gripper_closed,target_x,target_y,target_z,tip_x,tip_y,tip_z,ik_pos_err_mm,ik_dir_err_deg,depth_used_m,q0,q1,q2,q3,q4,q5,ctrl0,ctrl1,ctrl2,ctrl3,ctrl4,ctrl5,layout,cube_x,cube_y,cube_z,goal_x,goal_y,placed_success,cube_qw,cube_qx,cube_qy,cube_qz,handedness,grasp_locked,px0_u,px0_v,px1_u,px1_v,px2_u,px2_v,px3_u,px3_v,px4_u,px4_v,px5_u,px5_v,px6_u,px6_v,px7_u,px7_v,px8_u,px8_v,px9_u,px9_v,px10_u,px10_v,px11_u,px11_v,px12_u,px12_v,px13_u,px13_v,px14_u,px14_v,px15_u,px15_v,px16_u,px16_v,px17_u,px17_v,px18_u,px18_v,px19_u,px19_v,px20_u,px20_v,relz0,relz1,relz2,relz3,relz4,relz5,relz6,relz7,relz8,relz9,relz10,relz11,relz12,relz13,relz14,relz15,relz16,relz17,relz18,relz19,relz20,w0_x,w0_y,w0_z,w1_x,w1_y,w1_z,w2_x,w2_y,w2_z,w3_x,w3_y,w3_z,w4_x,w4_y,w4_z,w5_x,w5_y,w5_z,w6_x,w6_y,w6_z,w7_x,w7_y,w7_z,w8_x,w8_y,w8_z,w9_x,w9_y,w9_z,w10_x,w10_y,w10_z,w11_x,w11_y,w11_z,w12_x,w12_y,w12_z,w13_x,w13_y,w13_z,w14_x,w14_y,w14_z,w15_x,w15_y,w15_z,w16_x,w16_y,w16_z,w17_x,w17_y,w17_z,w18_x,w18_y,w18_z,w19_x,w19_y,w19_z,w20_x,w20_y,w20_z
0.0000,0,1,0.00,0.00,33.33,0.00000,0.03202,0.53366,0.53366,0.53366,1.3000,0,0,0.21961,-0.00098,0.06018,0.21961,-0.00098,0.06018,,,0.53366,0.00000,-0.21000,0.34600,1.43400,0.00000,1.00000,0.00000,-0.21000,0.34600,1.43400,0.00000,1.00000,28,0.19220,-0.10000,0.01500,0.21490,0.08010,0,0.97137,0.00000,0.00000,-0.23758,virtual,0,320.00,273.26,320.00,273.26,320.00,273.26,320.00,273.26,320.00,273.26,320.00,273.26,320.00,273.26,320.00,273.26,320.00,273.26,320.00,273.26,320.00,273.26,320.00,273.26,320.00,273.26,320.00,273.26,320.00,273.26,320.00,273.26,320.00,273.26,320.00,273.26,320.00,273.26,320.00,273.26,320.00,273.26,0.00000,0.00000,0.00000,0.00000,0.00000,0.00000,0.00000,0.00000,0.00000,0.00000,0.00000,0.00000,0.00000,0.00000,0.00000,0.00000,0.00000,0.00000,0.00000,0.00000,0.00000,0.00000,0.00000,0.00000,0.00000,0.00000,0.00000,0.00000,0.00000,0.00000,0.00000,0.00000,0.00000,0.00000,0.00000,0.00000,0.00000,0.00000,0.00000,0.00000,0.00000,0.00000,0.00000,0.00000,0.00000,0.00000,0.00000,0.00000,0.00000,0.00000,0.00000,0.00000,0.00000,0.00000,0.00000,0.00000,0.00000,0.00000,0.00000,0.00000,0.00000,0.00000,0.00000,0.00000,0.00000,0.00000,0.00000,0.00000,0.00000,0.00000,0.00000,0.00000,0.00000,0.00000,0.00000,0.00000,0.00000,0.00000,0.00000,0.00000,0.00000,0.00000,0.00000,0.00000
0.0333,0,1,0.00,0.00,33.33,0.00000,0.03211,0.53517,0.53667,0.53667,1.3000,0,0,0.21961,-0.00098,0.06018,0.21952,-0.00098,0.06005,,,0.53667,0.00000,-0.20958,0.34642,1.43400,-0.00000,1.00000,0.00000,-0.21000,0.34600,1.43400,0.00000,1.00000,28,0.19220,-0.10000,0.01482,0.21490,0.08010,0,0.97137,0.00000,-0.00000,-0.23758,virtual,0,320.00,273.26,320.00,273.26,320.00,273.26,320.00,273.26,320.00,273.26,320.00,273.26,320.00,273.26,320.00,273.26,320.00,273.26,320.00,273.26,320.00,273.26,320.00,273.26,320.00,273.26,320.00,273.26,320.00,273.26,320.00,273.26,320.00,273.26,320.00,273.26,320.00,273.26,320.00,273.26,320.00,273.26,0.00000,0.00000,0.00000,0.00000,0.00000,0.00000,0.00000,0.00000,0.00000,0.00000,0.00000,0.00000,0.00000,0.00000,0.00000,0.00000,0.00000,0.00000,0.00000,0.00000,0.00000,0.00000,0.00000,0.00000,0.00000,0.00000,0.00000,0.00000,0.00000,0.00000,0.00000,0.00000,0.00000,0.00000,0.00000,0.00000,0.00000,0.00000,0.00000,0.00000,0.00000,0.00000,0.00000,0.00000,0.00000,0.00000,0.00000,0.00000,0.00000,0.00000,0.00000,0.00000,0.00000,0.00000,0.00000,0.00000,0.00000,0.00000,0.00000,0.00000,0.00000,0.00000,0.00000,0.00000,0.00000,0.00000,0.00000,0.00000,0.00000,0.00000,0.00000,0.00000,0.00000,0.00000,0.00000,0.00000,0.00000,0.00000,0.00000,0.00000,0.00000,0.00000,0.00000,0.00000
0.0667,0,1,0.00,0.00,33.33,0.00000,0.03180,0.53007,0.52497,0.52497,1.3000,0,0,0.21961,-0.00098,0.06018,0.21954,-0.00098,0.06008,,,0.52497,0.00000,-0.20968,0.34632,1.43401,-0.00000,1.00000,0.00000,-0.21000,0.34600,1.43400,0.00000,1.00000,28,0.19220,-0.10000,0.01491,0.21490,0.08010,0,0.97137,0.00000,-0.00000,-0.23758,virtual,0,320.00,273.26,320.00,273.26,320.00,273.26,320.00,273.26,320.00,273.26,320.00,273.26,320.00,273.26,320.00,273.26,320.00,273.26,320.00,273.26,320.00,273.26,320.00,273.26,320.00,273.26,320.00,273.26,320.00,273.26,320.00,273.26,320.00,273.26,320.00,273.26,320.00,273.26,320.00,273.26,320.00,273.26,0.00000,0.00000,0.00000,0.00000,0.00000,0.00000,0.00000,0.00000,0.00000,0.00000,0.00000,0.00000,0.00000,0.00000,0.00000,0.00000,0.00000,0.00000,0.00000,0.00000,0.00000,0.00000,0.00000,0.00000,0.00000,0.00000,0.00000,0.00000,0.00000,0.00000,0.00000,0.00000,0.00000,0.00000,0.00000,0.00000,0.00000,0.00000,0.00000,0.00000,0.00000,0.00000,0.00000,0.00000,0.00000,0.00000,0.00000,0.00000,0.00000,0.00000,0.00000,0.00000,0.00000,0.00000,0.00000,0.00000,0.00000,0.00000,0.00000,0.00000,0.00000,0.00000,0.00000,0.00000,0.00000,0.00000,0.00000,0.00000,0.00000,0.00000,0.00000,0.00000,0.00000,0.00000,0.00000,0.00000,0.00000,0.00000,0.00000,0.00000,0.00000,0.00000,0.00000,0.00000
0.1000,0,1,0.00,0.00,33.33,0.00000,0.03101,0.51687,0.50367,0.50367,1.3000,0,0,0.21961,-0.00098,0.06018,0.21954,-0.00098,0.06008,,,0.50367,0.00000,-0.20966,0.34634,1.43401,0.00000,1.00000,0.00000,-0.21000,0.34600,1.43400,0.00000,1.00000,28,0.19220,-0.10000,0.01493,0.21490,0.08010,0,0.97137,0.00000,-0.00000,-0.23758,virtual,0,320.00,273.26,320.00,273.26,320.00,273.26,320.00,273.26,320.00,273.26,320.00,273.26,320.00,273.26,320.00,273.26,320.00,273.26,320.00,273.26,320.00,273.26,320.00,273.26,320.00,273.26,320.00,273.26,320.00,273.26,320.00,273.26,320.00,273.26,320.00,273.26,320.00,273.26,320.00,273.26,320.00,273.26,0.00000,0.00000,0.00000,0.00000,0.00000,0.00000,0.00000,0.00000,0.00000,0.00000,0.00000,0.00000,0.00000,0.00000,0.00000,0.00000,0.00000,0.00000,0.00000,0.00000,0.00000,0.00000,0.00000,0.00000,0.00000,0.00000,0.00000,0.00000,0.00000,0.00000,0.00000,0.00000,0.00000,0.00000,0.00000,0.00000,0.00000,0.00000,0.00000,0.00000,0.00000,0.00000,0.00000,0.00000,0.00000,0.00000,0.00000,0.00000,0.00000,0.00000,0.00000,0.00000,0.00000,0.00000,0.00000,0.00000,0.00000,0.00000,0.00000,0.00000,0.00000,0.00000,0.00000,0.00000,0.00000,0.00000,0.00000,0.00000,0.00000,0.00000,0.00000,0.00000,0.00000,0.00000,0.00000,0.00000,0.00000,0.00000,0.00000,0.00000,0.00000,0.00000,0.00000,0.00000
0.1333,0,1,0.00,0.00,33.33,0.00000,0.03046,0.50765,0.49844,0.49844,1.3000,0,0,0.21961,-0.00098,0.06018,0.21953,-0.00098,0.06007,,,0.49844,0.00000,-0.20965,0.34635,1.43401,0.00000,1.00000,0.00000,-0.21000,0.34600,1.43400,0.00000,1.00000,28,0.19220,-0.10000,0.01494,0.21490,0.08010,0,0.97137,0.00000,-0.00000,-0.23758,virtual,0,320.00,273.26,320.00,273.26,320.00,273.26,320.00,273.26,320.00,273.26,320.00,273.26,320.00,273.26,320.00,273.26,320.00,273.26,320.00,273.26,320.00,273.26,320.00,273.26,320.00,273.26,320.00,273.26,320.00,273.26,320.00,273.26,320.00,273.26,320.00,273.26,320.00,273.26,320.00,273.26,320.00,273.26,0.00000,0.00000,0.00000,0.00000,0.00000,0.00000,0.00000,0.00000,0.00000,0.00000,0.00000,0.00000,0.00000,0.00000,0.00000,0.00000,0.00000,0.00000,0.00000,0.00000,0.00000,0.00000,0.00000,0.00000,0.00000,0.00000,0.00000,0.00000,0.00000,0.00000,0.00000,0.00000,0.00000,0.00000,0.00000,0.00000,0.00000,0.00000,0.00000,0.00000,0.00000,0.00000,0.00000,0.00000,0.00000,0.00000,0.00000,0.00000,0.00000,0.00000,0.00000,0.00000,0.00000,0.00000,0.00000,0.00000,0.00000,0.00000,0.00000,0.00000,0.00000,0.00000,0.00000,0.00000,0.00000,0.00000,0.00000,0.00000,0.00000,0.00000,0.00000,0.00000,0.00000,0.00000,0.00000,0.00000,0.00000,0.00000,0.00000,0.00000,0.00000,0.00000,0.00000,0.00000
0.1667,0,1,0.00,0.00,33.33,0.00000,0.03021,0.50345,0.49926,0.49926,1.3000,0,0,0.21961,-0.00098,0.06018,0.21953,-0.00098,0.06007,,,0.49926,0.00000,-0.20964,0.34636,1.43401,-0.00000,1.00000,0.00000,-0.21000,0.34600,1.43400,0.00000,1.00000,28,0.19220,-0.10000,0.01494,0.21490,0.08010,0,0.97137,0.00000,-0.00000,-0.23758,virtual,0,320.00,273.26,320.00,273.26,320.00,273.26,320.00,273.26,320.00,273.26,320.00,273.26,320.00,273.26,320.00,273.26,320.00,273.26,320.00,273.26,320.00,273.26,320.00,273.26,320.00,273.26,320.00,273.26,320.00,273.26,320.00,273.26,320.00,273.26,320.00,273.26,320.00,273.26,320.00,273.26,320.00,273.26,0.00000,0.00000,0.00000,0.00000,0.00000,0.00000,0.00000,0.00000,0.00000,0.00000,0.00000,0.00000,0.00000,0.00000,0.00000,0.00000,0.00000,0.00000,0.00000,0.00000,0.00000,0.00000,0.00000,0.00000,0.00000,0.00000,0.00000,0.00000,0.00000,0.00000,0.00000,0.00000,0.00000,0.00000,0.00000,0.00000,0.00000,0.00000,0.00000,0.00000,0.00000,0.00000,0.00000,0.00000,0.00000,0.00000,0.00000,0.00000,0.00000,0.00000,0.00000,0.00000,0.00000,0.00000,0.00000,0.00000,0.00000,0.00000,0.00000,0.00000,0.00000,0.00000,0.00000,0.00000,0.00000,0.00000,0.00000,0.00000,0.00000,0.00000,0.00000,0.00000,0.00000,0.00000,0.00000,0.00000,0.00000,0.00000,0.00000,0.00000,0.00000,0.00000,0.00000,0.00000
0.2000,0,1,0.00,0.00,33.33,0.00000,0.03019,0.50314,0.50282,0.50282,1.3000,0,0,0.21961,-0.00098,0.06018,0.21953,-0.00098,0.06007,,,0.50282,0.00000,-0.20964,0.34636,1.43401,-0.00000,1.00000,0.00000,-0.21000,0.34600,1.43400,0.00000,1.00000,28,0.19220,-0.10000,0.01494,0.21490,0.08010,0,0.97137,0.00000,-0.00000,-0.23758,virtual,0,320.00,273.26,320.00,273.26,320.00,273.26,320.00,273.26,320.00,273.26,320.00,273.26,320.00,273.26,320.00,273.26,320.00,273.26,320.00,273.26,320.00,273.26,320.00,273.26,320.00,273.26,320.00,273.26,320.00,273.26,320.00,273.26,320.00,273.26,320.00,273.26,320.00,273.26,320.00,273.26,320.00,273.26,0.00000,0.00000,0.00000,0.00000,0.00000,0.00000,0.00000,0.00000,0.00000,0.00000,0.00000,0.00000,0.00000,0.00000,0.00000,0.00000,0.00000,0.00000,0.00000,0.00000,0.00000,0.00000,0.00000,0.00000,0.00000,0.00000,0.00000,0.00000,0.00000,0.00000,0.00000,0.00000,0.00000,0.00000,0.00000,0.00000,0.00000,0.00000,0.00000,0.00000,0.00000,0.00000,0.00000,0.00000,0.00000,0.00000,0.00000,0.00000,0.00000,0.00000,0.00000,0.00000,0.00000,0.00000,0.00000,0.00000,0.00000,0.00000,0.00000,0.00000,0.00000,0.00000,0.00000,0.00000,0.00000,0.00000,0.00000,0.00000,0.00000,0.00000,0.00000,0.00000,0.00000,0.00000,0.00000,0.00000,0.00000,0.00000,0.00000,0.00000,0.00000,0.00000,0.00000,0.00000
0.2333,0,1,0.00,0.00,33.33,0.00000,0.03025,0.50413,0.50513,0.50513,1.3000,0,0,0.21961,-0.00098,0.06018,0.21953,-0.00098,0.06007,,,0.50513,0.00000,-0.20964,0.34636,1.43401,0.00000,1.00000,0.00000,-0.21000,0.34600,1.43400,0.00000,1.00000,28,0.19220,-0.10000,0.01494,0.21490,0.08010,0,0.97137,0.00000,-0.00000,-0.23758,virtual,0,320.00,273.26,320.00,273.26,320.00,273.26,320.00,273.26,320.00,273.26,320.00,273.26,320.00,273.26,320.00,273.26,320.00,273.26,320.00,273.26,320.00,273.26,320.00,273.26,320.00,273.26,320.00,273.26,320.00,273.26,320.00,273.26,320.00,273.26,320.00,273.26,320.00,273.26,320.00,273.26,320.00,273.26,0.00000,0.00000,0.00000,0.00000,0.00000,0.00000,0.00000,0.00000,0.00000,0.00000,0.00000,0.00000,0.00000,0.00000,0.00000,0.00000,0.00000,0.00000,0.00000,0.00000,0.00000,0.00000,0.00000,0.00000,0.00000,0.00000,0.00000,0.00000,0.00000,0.00000,0.00000,0.00000,0.00000,0.00000,0.00000,0.00000,0.00000,0.00000,0.00000,0.00000,0.00000,0.00000,0.00000,0.00000,0.00000,0.00000,0.00000,0.00000,0.00000,0.00000,0.00000,0.00000,0.00000,0.00000,0.00000,0.00000,0.00000,0.00000,0.00000,0.00000,0.00000,0.00000,0.00000,0.00000,0.00000,0.00000,0.00000,0.00000,0.00000,0.00000,0.00000,0.00000,0.00000,0.00000,0.00000,0.00000,0.00000,0.00000,0.00000,0.00000,0.00000,0.00000,0.00000,0.00000
0.2667,0,1,0.00,0.00,33.33,0.00000,0.03031,0.50514,0.50615,0.50615,1.3000,0,0,0.21961,-0.00098,0.06018,0.21953,-0.00098,0.06007,,,0.50615,0.00000,-0.20964,0.34636,1.43401,0.00000,1.00000,0.00000,-0.21000,0.34600,1.43400,0.00000,1.00000,28,0.19220,-0.10000,0.01494,0.21490,0.08010,0,0.97137,0.00000,-0.00000,-0.23758,virtual,0,320.00,273.26,320.00,273.26,320.00,273.26,320.00,273.26,320.00,273.26,320.00,273.26,320.00,273.26,320.00,273.26,320.00,273.26,320.00,273.26,320.00,273.26,320.00,273.26,320.00,273.26,320.00,273.26,320.00,273.26,320.00,273.26,320.00,273.26,320.00,273.26,320.00,273.26,320.00,273.26,320.00,273.26,0.00000,0.00000,0.00000,0.00000,0.00000,0.00000,0.00000,0.00000,0.00000,0.00000,0.00000,0.00000,0.00000,0.00000,0.00000,0.00000,0.00000,0.00000,0.00000,0.00000,0.00000,0.00000,0.00000,0.00000,0.00000,0.00000,0.00000,0.00000,0.00000,0.00000,0.00000,0.00000,0.00000,0.00000,0.00000,0.00000,0.00000,0.00000,0.00000,0.00000,0.00000,0.00000,0.00000,0.00000,0.00000,0.00000,0.00000,0.00000,0.00000,0.00000,0.00000,0.00000,0.00000,0.00000,0.00000,0.00000,0.00000,0.00000,0.00000,0.00000,0.00000,0.00000,0.00000,0.00000,0.00000,0.00000,0.00000,0.00000,0.00000,0.00000,0.00000,0.00000,0.00000,0.00000,0.00000,0.00000,0.00000,0.00000,0.00000,0.00000,0.00000,0.00000,0.00000,0.00000
0.3000,0,1,0.00,0.00,33.33,0.00000,0.03034,0.50573,0.50632,0.50632,1.3000,0,0,0.21961,-0.00098,0.06018,0.21953,-0.00098,0.06007,,,0.50632,-0.00000,-0.20964,0.34636,1.43401,0.00000,1.00000,0.00000,-0.21000,0.34600,1.43400,0.00000,1.00000,28,0.19220,-0.10000,0.01494,0.21490,0.08010,0,0.97137,0.00000,-0.00000,-0.23758,virtual,0,320.00,273.26,320.00,273.26,320.00,273.26,320.00,273.26,320.00,273.26,320.00,273.26,320.00,273.26,320.00,273.26,320.00,273.26,320.00,273.26,320.00,273.26,320.00,273.26,320.00,273.26,320.00,273.26,320.00,273.26,320.00,273.26,320.00,273.26,320.00,273.26,320.00,273.26,320.00,273.26,320.00,273.26,0.00000,0.00000,0.00000,0.00000,0.00000,0.00000,0.00000,0.00000,0.00000,0.00000,0.00000,0.00000,0.00000,0.00000,0.00000,0.00000,0.00000,0.00000,0.00000,0.00000,0.00000,0.00000,0.00000,0.00000,0.00000,0.00000,0.00000,0.00000,0.00000,0.00000,0.00000,0.00000,0.00000,0.00000,0.00000,0.00000,0.00000,0.00000,0.00000,0.00000,0.00000,0.00000,0.00000,0.00000,0.00000,0.00000,0.00000,0.00000,0.00000,0.00000,0.00000,0.00000,0.00000,0.00000,0.00000,0.00000,0.00000,0.00000,0.00000,0.00000,0.00000,0.00000,0.00000,0.00000,0.00000,0.00000,0.00000,0.00000,0.00000,0.00000,0.00000,0.00000,0.00000,0.00000,0.00000,0.00000,0.00000,0.00000,0.00000,0.00000,0.00000,0.00000,0.00000,0.00000
0.3333,0,1,0.00,0.00,33.33,0.00000,0.03037,0.50624,0.50674,0.50674,1.3000,0,0,0.21961,-0.00098,0.06018,0.21953,-0.00098,0.06007,,,0.50674,-0.00000,-0.20964,0.34636,1.43401,0.00000,1.00000,0.00000,-0.21000,0.34600,1.43400,0.00000,1.00000,28,0.19220,-0.10000,0.01494,0.21490,0.08010,0,0.97137,0.00000,-0.00000,-0.23758,virtual,0,320.00,273.26,320.00,273.26,320.00,273.26,320.00,273.26,320.00,273.26,320.00,273.26,320.00,273.26,320.00,273.26,320.00,273.26,320.00,273.26,320.00,273.26,320.00,273.26,320.00,273.26,320.00,273.26,320.00,273.26,320.00,273.26,320.00,273.26,320.00,273.26,320.00,273.26,320.00,273.26,320.00,273.26,0.00000,0.00000,0.00000,0.00000,0.00000,0.00000,0.00000,0.00000,0.00000,0.00000,0.00000,0.00000,0.00000,0.00000,0.00000,0.00000,0.00000,0.00000,0.00000,0.00000,0.00000,0.00000,0.00000,0.00000,0.00000,0.00000,0.00000,0.00000,0.00000,0.00000,0.00000,0.00000,0.00000,0.00000,0.00000,0.00000,0.00000,0.00000,0.00000,0.00000,0.00000,0.00000,0.00000,0.00000,0.00000,0.00000,0.00000,0.00000,0.00000,0.00000,0.00000,0.00000,0.00000,0.00000,0.00000,0.00000,0.00000,0.00000,0.00000,0.00000,0.00000,0.00000,0.00000,0.00000,0.00000,0.00000,0.00000,0.00000,0.00000,0.00000,0.00000,0.00000,0.00000,0.00000,0.00000,0.00000,0.00000,0.00000,0.00000,0.00000,0.00000,0.00000,0.00000,0.00000
0.3667,0,1,0.00,0.00,33.33,0.00000,0.03040,0.50660,0.50697,0.50697,1.3000,0,0,0.21961,-0.00098,0.06018,0.21953,-0.00098,0.06007,,,0.50697,-0.00000,-0.20964,0.34636,1.43401,0.00000,1.00000,0.00000,-0.21000,0.34600,1.43400,0.00000,1.00000,28,0.19220,-0.10000,0.01494,0.21490,0.08010,0,0.97137,0.00000,-0.00000,-0.23758,virtual,0,320.00,273.26,320.00,273.26,320.00,273.26,320.00,273.26,320.00,273.26,320.00,273.26,320.00,273.26,320.00,273.26,320.00,273.26,320.00,273.26,320.00,273.26,320.00,273.26,320.00,273.26,320.00,273.26,320.00,273.26,320.00,273.26,320.00,273.26,320.00,273.26,320.00,273.26,320.00,273.26,320.00,273.26,0.00000,0.00000,0.00000,0.00000,0.00000,0.00000,0.00000,0.00000,0.00000,0.00000,0.00000,0.00000,0.00000,0.00000,0.00000,0.00000,0.00000,0.00000,0.00000,0.00000,0.00000,0.00000,0.00000,0.00000,0.00000,0.00000,0.00000,0.00000,0.00000,0.00000,0.00000,0.00000,0.00000,0.00000,0.00000,0.00000,0.00000,0.00000,0.00000,0.00000,0.00000,0.00000,0.00000,0.00000,0.00000,0.00000,0.00000,0.00000,0.00000,0.00000,0.00000,0.00000,0.00000,0.00000,0.00000,0.00000,0.00000,0.00000,0.00000,0.00000,0.00000,0.00000,0.00000,0.00000,0.00000,0.00000,0.00000,0.00000,0.00000,0.00000,0.00000,0.00000,0.00000,0.00000,0.00000,0.00000,0.00000,0.00000,0.00000,0.00000,0.00000,0.00000,0.00000,0.00000
0.4000,1,1,0.00,0.00,33.33,0.00000,0.03036,0.50598,0.50537,0.50537,1.3000,0,0,0.21961,-0.00098,0.06018,0.21953,-0.00098,0.06007,,,0.50537,-0.00000,-0.20964,0.34636,1.43401,0.00000,1.00000,0.00000,-0.21000,0.34600,1.43400,0.00000,1.00000,28,0.19220,-0.10000,0.01494,0.21490,0.08010,0,0.97137,0.00000,-0.00000,-0.23758,virtual,0,320.00,273.26,320.00,273.26,320.00,273.26,320.00,273.26,320.00,273.26,320.00,273.26,320.00,273.26,320.00,273.26,320.00,273.26,320.00,273.26,320.00,273.26,320.00,273.26,320.00,273.26,320.00,273.26,320.00,273.26,320.00,273.26,320.00,273.26,320.00,273.26,320.00,273.26,320.00,273.26,320.00,273.26,0.00000,0.00000,0.00000,0.00000,0.00000,0.00000,0.00000,0.00000,0.00000,0.00000,0.00000,0.00000,0.00000,0.00000,0.00000,0.00000,0.00000,0.00000,0.00000,0.00000,0.00000,0.00000,0.00000,0.00000,0.00000,0.00000,0.00000,0.00000,0.00000,0.00000,0.00000,0.00000,0.00000,0.00000,0.00000,0.00000,0.00000,0.00000,0.00000,0.00000,0.00000,0.00000,0.00000,0.00000,0.00000,0.00000,0.00000,0.00000,0.00000,0.00000,0.00000,0.00000,0.00000,0.00000,0.00000,0.00000,0.00000,0.00000,0.00000,0.00000,0.00000,0.00000,0.00000,0.00000,0.00000,0.00000,0.00000,0.00000,0.00000,0.00000,0.00000,0.00000,0.00000,0.00000,0.00000,0.00000,0.00000,0.00000,0.00000,0.00000,0.00000,0.00000,0.00000,0.00000
0.4333,1,1,0.00,0.00,33.33,0.00194,0.03015,0.50680,0.50761,0.50761,1.3000,0,0,0.21876,-0.00292,0.06024,0.21884,-0.00296,0.06006,0.17,0.00,0.50761,0.01098,-0.21427,0.35110,1.43471,0.00000,1.00000,0.00997,-0.21558,0.35168,1.43474,0.00000,1.00000,28,0.19220,-0.10000,0.01494,0.21490,0.08010,0,0.97137,-0.00000,0.00000,-0.23758,virtual,0,324.24,272.69,324.24,272.69,324.24,272.69,324.24,272.69,324.24,272.69,324.24,272.69,324.24,272.69,324.24,272.69,324.24,272.69,324.24,272.69,324.24,272.69,324.24,272.69,324.24,272.69,324.24,272.69,324.24,272.69,324.24,272.69,324.24,272.69,324.24,272.69,324.24,272.69,324.24,272.69,324.24,272.69,0.00000,0.00000,0.00000,0.00000,0.00000,0.00000,0.00000,0.00000,0.00000,0.00000,0.00000,0.00000,0.00000,0.00000,0.00000,0.00000,0.00000,0.00000,0.00000,0.00000,0.00000,0.00000,0.00000,0.00000,0.00000,0.00000,0.00000,0.00000,0.00000,0.00000,0.00000,0.00000,0.00000,0.00000,0.00000,0.00000,0.00000,0.00000,0.00000,0.00000,0.00000,0.00000,0.00000,0.00000,0.00000,0.00000,0.00000,0.00000,0.00000,0.00000,0.00000,0.00000,0.00000,0.00000,0.00000,0.00000,0.00000,0.00000,0.00000,0.00000,0.00000,0.00000,0.00000,0.00000,0.00000,0.00000,0.00000,0.00000,0.00000,0.00000,0.00000,0.00000,0.00000,0.00000,0.00000,0.00000,0.00000,0.00000,0.00000,0.00000,0.00000,0.00000,0.00000,0.00000
0.4667,1,1,0.00,0.00,33.33,0.00486,0.02990,0.50920,0.51160,0.51160,1.3000,0,0,0.21756,-0.00584,0.06049,0.21759,-0.00658,0.06033,0.27,0.00,0.51160,0.03131,-0.22484,0.35994,1.43613,0.00000,1.00000,0.02587,-0.22523,0.35998,1.43611,0.00000,1.00000,28,0.19220,-0.10000,0.01494,0.21490,0.08010,0,0.97137,-0.00000,-0.00000,-0.23758,virtual,0,328.44,272.12,328.44,272.12,328.44,272.12,328.44,272.12,328.44,272.12,328.44,272.12,328.44,272.12,328.44,272.12,328.44,272.12,328.44,272.12,328.44,272.12,328.44,272.12,328.44,272.12,328.44,272.12,328.44,272.12,328.44,272.12,328.44,272.12,328.44,272.12,328.44,272.12,328.44,272.12,328.44,272.12,0.00000,0.00000,0.00000,0.00000,0.00000,0.00000,0.00000,0.00000,0.00000,0.00000,0.00000,0.00000,0.00000,0.00000,0.00000,0.00000,0.00000,0.00000,0.00000,0.00000,0.00000,0.00000,0.00000,0.00000,0.00000,0.00000,0.00000,0.00000,0.00000,0.00000,0.00000,0.00000,0.00000,0.00000,0.00000,0.00000,0.00000,0.00000,0.00000,0.00000,0.00000,0.00000,0.00000,0.00000,0.00000,0.00000,0.00000,0.00000,0.00000,0.00000,0.00000,0.00000,0.00000,0.00000,0.00000,0.00000,0.00000,0.00000,0.00000,0.00000,0.00000,0.00000,0.00000,0.00000,0.00000,0.00000,0.00000,0.00000,0.00000,0.00000,0.00000,0.00000,0.00000,0.00000,0.00000,0.00000,0.00000,0.00000,0.00000,0.00000,0.00000,0.00000,0.00000,0.00000
0.5000,1,1,0.00,0.00,33.33,0.00827,0.02956,0.51123,0.51325,0.51325,1.3000,0,0,0.21654,-0.00925,0.06083,0.21641,-0.00980,0.06075,0.31,0.00,0.51325,0.04960,-0.23467,0.36678,1.43868,-0.00000,1.00000,0.04490,-0.23318,0.36550,1.43852,0.00000,1.00000,28,0.19220,-0.10000,0.01494,0.21490,0.08010,0,0.97137,-0.00000,-0.00000,-0.23758,virtual,0,332.61,271.55,332.61,271.55,332.61,271.55,332.61,271.55,332.61,271.55,332.61,271.55,332.61,271.55,332.61,271.55,332.61,271.55,332.61,271.55,332.61,271.55,332.61,271.55,332.61,271.55,332.61,271.55,332.61,271.55,332.61,271.55,332.61,271.55,332.61,271.55,332.61,271.55,332.61,271.55,332.61,271.55,0.00000,0.00000,0.00000,0.00000,0.00000,0.00000,0.00000,0.00000,0.00000,0.00000,0.00000,0.00000,0.00000,0.00000,0.00000,0.00000,0.00000,0.00000,0.00000,0.00000,0.00000,0.00000,0.00000,0.00000,0.00000,0.00000,0.00000,0.00000,0.00000,0.00000,0.00000,0.00000,0.00000,0.00000,0.00000,0.00000,0.00000,0.00000,0.00000,0.00000,0.00000,0.00000,0.00000,0.00000,0.00000,0.00000,0.00000,0.00000,0.00000,0.00000,0.00000,0.00000,0.00000,0.00000,0.00000,0.00000,0.00000,0.00000,0.00000,0.00000,0.00000,0.00000,0.00000,0.00000,0.00000,0.00000,0.00000,0.00000,0.00000,0.00000,0.00000,0.00000,0.00000,0.00000,0.00000,0.00000,0.00000,0.00000,0.00000,0.00000,0.00000,0.00000,0.00000,0.00000
0.5333,1,1,0.00,0.00,33.33,0.01191,0.02917,0.51299,0.51475,0.51475,1.3000,0,0,0.21566,-0.01289,0.06121,0.21567,-0.01350,0.06098,0.32,0.00,0.51475,0.07068,-0.23845,0.36887,1.44088,-0.00001,1.00000,0.06553,-0.23932,0.36873,1.44141,0.00000,1.00000,28,0.19220,-0.10000,0.01494,0.21490,0.08010,0,0.97137,-0.00000,-0.00000,-0.23758,virtual,0,336.75,271.00,336.75,271.00,336.75,271.00,336.75,271.00,336.75,271.00,336.75,271.00,336.75,271.00,336.75,271.00,336.75,271.00,336.75,271.00,336.75,271.00,336.75,271.00,336.75,271.00,336.75,271.00,336.75,271.00,336.75,271.00,336.75,271.00,336.75,271.00,336.75,271.00,336.75,271.00,336.75,271.00,0.00000,0.00000,0.00000,0.00000,0.00000,0.00000,0.00000,0.00000,0.00000,0.00000,0.00000,0.00000,0.00000,0.00000,0.00000,0.00000,0.00000,0.00000,0.00000,0.00000,0.00000,0.00000,0.00000,0.00000,0.00000,0.00000,0.00000,0.00000,0.00000,0.00000,0.00000,0.00000,0.00000,0.00000,0.00000,0.00000,0.00000,0.00000,0.00000,0.00000,0.00000,0.00000,0.00000,0.00000,0.00000,0.00000,0.00000,0.00000,0.00000,0.00000,0.00000,0.00000,0.00000,0.00000,0.00000,0.00000,0.00000,0.00000,0.00000,0.00000,0.00000,0.00000,0.00000,0.00000,0.00000,0.00000,0.00000,0.00000,0.00000,0.00000,0.00000,0.00000,0.00000,0.00000,0.00000,0.00000,0.00000,0.00000,0.00000,0.00000,0.00000,0.00000,0.00000,0.00000
0.5667,1,1,0.00,0.00,33.33,0.01562,0.02869,0.51336,0.51372,0.51372,1.3000,0,0,0.21548,-0.01660,0.06170,0.21533,-0.01738,0.06150,0.30,0.00,0.51372,0.09266,-0.23916,0.36570,1.44449,-0.00000,1.00000,0.08651,-0.23920,0.36473,1.44524,0.00000,1.00000,28,0.19220,-0.10000,0.01494,0.21490,0.08010,0,0.97137,-0.00000,-0.00000,-0.23758,virtual,0,340.85,270.43,340.85,270.43,340.85,270.43,340.85,270.43,340.85,270.43,340.85,270.43,340.85,270.43,340.85,270.43,340.85,270.43,340.85,270.43,340.85,270.43,340.85,270.43,340.85,270.43,340.85,270.43,340.85,270.43,340.85,270.43,340.85,270.43,340.85,270.43,340.85,270.43,340.85,270.43,340.85,270.43,0.00000,0.00000,0.00000,0.00000,0.00000,0.00000,0.00000,0.00000,0.00000,0.00000,0.00000,0.00000,0.00000,0.00000,0.00000,0.00000,0.00000,0.00000,0.00000,0.00000,0.00000,0.00000,0.00000,0.00000,0.00000,0.00000,0.00000,0.00000,0.00000,0.00000,0.00000,0.00000,0.00000,0.00000,0.00000,0.00000,0.00000,0.00000,0.00000,0.00000,0.00000,0.00000,0.00000,0.00000,0.00000,0.00000,0.00000,0.00000,0.00000,0.00000,0.00000,0.00000,0.00000,0.00000,0.00000,0.00000,0.00000,0.00000,0.00000,0.00000,0.00000,0.00000,0.00000,0.00000,0.00000,0.00000,0.00000,0.00000,0.00000,0.00000,0.00000,0.00000,0.00000,0.00000,0.00000,0.00000,0.00000,0.00000,0.00000,0.00000,0.00000,0.00000,0.00000,0.00000
0.6000,1,1,0.00,0.00,33.33,0.01941,0.02827,0.51492,0.51649,0.51649,1.3000,0,0,0.21470,-0.02039,0.06212,0.21464,-0.02106,0.06203,0.32,0.00,0.51649,0.11372,-0.24240,0.36506,1.44815,-0.00001,1.00000,0.10815,-0.24253,0.36505,1.44828,0.00000,1.00000,28,0.19220,-0.10000,0.01494,0.21490,0.08010,0,0.97137,-0.00000,-0.00000,-0.23758,virtual,0,344.91,269.88,344.91,269.88,344.91,269.88,344.91,269.88,344.91,269.88,344.91,269.88,344.91,269.88,344.91,269.88,344.91,269.88,344.91,269.88,344.91,269.88,344.91,269.88,344.91,269.88,344.91,269.88,344.91,269.88,344.91,269.88,344.91,269.88,344.91,269.88,344.91,269.88,344.91,269.88,344.91,269.88,0.00000,0.00000,0.00000,0.00000,0.00000,0.00000,0.00000,0.00000,0.00000,0.00000,0.00000,0.00000,0.00000,0.00000,0.00000,0.00000,0.00000,0.00000,0.00000,0.00000,0.00000,0.00000,0.00000,0.00000,0.00000,0.00000,0.00000,0.00000,0.00000,0.00000,0.00000,0.00000,0.00000,0.00000,0.00000,0.00000,0.00000,0.00000,0.00000,0.00000,0.00000,0.00000,0.00000,0.00000,0.00000,0.00000,0.00000,0.00000,0.00000,0.00000,0.00000,0.00000,0.00000,0.00000,0.00000,0.00000,0.00000,0.00000,0.00000,0.00000,0.00000,0.00000,0.00000,0.00000,0.00000,0.00000,0.00000,0.00000,0.00000,0.00000,0.00000,0.00000,0.00000,0.00000,0.00000,0.00000,0.00000,0.00000,0.00000,0.00000,0.00000,0.00000,0.00000,0.00000
0.6333,1,1,0.00,0.00,33.33,0.02328,0.02790,0.51746,0.52000,0.52000,1.3000,0,0,0.21343,-0.02426,0.06249,0.21354,-0.02502,0.06246,0.35,0.00,0.52000,0.13668,-0.24877,0.36831,1.45045,-0.00001,1.00000,0.13059,-0.24917,0.36908,1.45092,0.00000,1.00000,28,0.19220,-0.10000,0.01494,0.21490,0.08010,0,0.97137,-0.00000,-0.00000,-0.23758,virtual,0,348.93,269.34,348.93,269.34,348.93,269.34,348.93,269.34,348.93,269.34,348.93,269.34,348.93,269.34,348.93,269.34,348.93,269.34,348.93,269.34,348.93,269.34,348.93,269.34,348.93,269.34,348.93,269.34,348.93,269.34,348.93,269.34,348.93,269.34,348.93,269.34,348.93,269.34,348.93,269.34,348.93,269.34,0.00000,0.00000,0.00000,0.00000,0.00000,0.00000,0.00000,0.00000,0.00000,0.00000,0.00000,0.00000,0.00000,0.00000,0.00000,0.00000,0.00000,0.00000,0.00000,0.00000,0.00000,0.00000,0.00000,0.00000,0.00000,0.00000,0.00000,0.00000,0.00000,0.00000,0.00000,0.00000,0.00000,0.00000,0.00000,0.00000,0.00000,0.00000,0.00000,0.00000,0.00000,0.00000,0.00000,0.00000,0.00000,0.00000,0.00000,0.00000,0.00000,0.00000,0.00000,0.00000,0.00000,0.00000,0.00000,0.00000,0.00000,0.00000,0.00000,0.00000,0.00000,0.00000,0.00000,0.00000,0.00000,0.00000,0.00000,0.00000,0.00000,0.00000,0.00000,0.00000,0.00000,0.00000,0.00000,0.00000,0.00000,0.00000,0.00000,0.00000,0.00000,0.00000,0.00000,0.00000
0.6667,1,1,0.00,0.00,33.33,0.02712,0.02750,0.51947,0.52148,0.52148,1.3000,0,0,0.21242,-0.02810,0.06289,0.21239,-0.02888,0.06274,0.34,0.00,0.52148,0.15933,-0.25267,0.37003,1.45336,-0.00000,1.00000,0.15304,-0.25331,0.37012,1.45400,0.00000,1.00000,28,0.19220,-0.10000,0.01494,0.21490,0.08010,0,0.97137,-0.00000,-0.00000,-0.23758,virtual,0,352.91,268.80,352.91,268.80,352.91,268.80,352.91,268.80,352.91,268.80,352.91,268.80,352.91,268.80,352.91,268.80,352.91,268.80,352.91,268.80,352.91,268.80,352.91,268.80,352.91,268.80,352.91,268.80,352.91,268.80,352.91,268.80,352.91,268.80,352.91,268.80,352.91,268.80,352.91,268.80,352.91,268.80,0.00000,0.00000,0.00000,0.00000,0.00000,0.00000,0.00000,0.00000,0.00000,0.00000,0.00000,0.00000,0.00000,0.00000,0.00000,0.00000,0.00000,0.00000,0.00000,0.00000,0.00000,0.00000,0.00000,0.00000,0.00000,0.00000,0.00000,0.00000,0.00000,0.00000,0.00000,0.00000,0.00000,0.00000,0.00000,0.00000,0.00000,0.00000,0.00000,0.00000,0.00000,0.00000,0.00000,0.00000,0.00000,0.00000,0.00000,0.00000,0.00000,0.00000,0.00000,0.00000,0.00000,0.00000,0.00000,0.00000,0.00000,0.00000,0.00000,0.00000,0.00000,0.00000,0.00000,0.00000,0.00000,0.00000,0.00000,0.00000,0.00000,0.00000,0.00000,0.00000,0.00000,0.00000,0.00000,0.00000,0.00000,0.00000,0.00000,0.00000,0.00000,0.00000,0.00000,0.00000
0.7000,1,1,0.00,0.00,33.33,0.03105,0.02716,0.52277,0.52607,0.52607,1.3000,0,0,0.21077,-0.03203,0.06323,0.21070,-0.03284,0.06328,0.37,0.00,0.52607,0.18319,-0.26269,0.37602,1.45639,-0.00000,1.00000,0.17655,-0.26143,0.37583,1.45644,0.00000,1.00000,28,0.19220,-0.10000,0.01494,0.21490,0.08010,0,0.97137,-0.00000,-0.00000,-0.23758,virtual,0,356.86,268.26,356.86,268.26,356.86,268.26,356.86,268.26,356.86,268.26,356.86,268.26,356.86,268.26,356.86,268.26,356.86,268.26,356.86,268.26,356.86,268.26,356.86,268.26,356.86,268.26,356.86,268.26,356.86,268.26,356.86,268.26,356.86,268.26,356.86,268.26,356.86,268.26,356.86,268.26,356.86,268.26,0.00000,0.00000,0.00000,0.00000,0.00000,0.00000,0.00000,0.00000,0.00000,0.00000,0.00000,0.00000,0.00000,0.00000,0.00000,0.00000,0.00000,0.00000,0.00000,0.00000,0.00000,0.00000,0.00000,0.00000,0.00000,0.00000,0.00000,0.00000,0.00000,0.00000,0.00000,0.00000,0.00000,0.00000,0.00000,0.00000,0.00000,0.00000,0.00000,0.00000,0.00000,0.00000,0.00000,0.00000,0.00000,0.00000,0.00000,0.00000,0.00000,0.00000,0.00000,0.00000,0.00000,0.00000,0.00000,0.00000,0.00000,0.00000,0.00000,0.00000,0.00000,0.00000,0.00000,0.00000,0.00000,0.00000,0.00000,0.00000,0.00000,0.00000,0.00000,0.00000,0.00000,0.00000,0.00000,0.00000,0.00000,0.00000,0.00000,0.00000,0.00000,0.00000,0.00000,0.00000
0.7333,1,1,0.00,0.00,33.33,0.03501,0.02683,0.52618,0.52958,0.52958,1.3000,0,0,0.20907,-0.03599,0.06355,0.20911,-0.03678,0.06351,0.38,0.00,0.52958,0.20708,-0.26906,0.38054,1.45859,-0.00000,1.00000,0.20063,-0.26942,0.38124,1.45902,0.00000,1.00000,28,0.19220,-0.10000,0.01494,0.21490,0.08010,0,0.97137,-0.00000,-0.00000,-0.23758,virtual,0,360.79,267.74,360.79,267.74,360.79,267.74,360.79,267.74,360.79,267.74,360.79,267.74,360.79,267.74,360.79,267.74,360.79,267.74,360.79,267.74,360.79,267.74,360.79,267.74,360.79,267.74,360.79,267.74,360.79,267.74,360.79,267.74,360.79,267.74,360.79,267.74,360.79,267.74,360.79,267.74,360.79,267.74,0.00000,0.00000,0.00000,0.00000,0.00000,0.00000,0.00000,0.00000,0.00000,0.00000,0.00000,0.00000,0.00000,0.00000,0.00000,0.00000,0.00000,0.00000,0.00000,0.00000,0.00000,0.00000,0.00000,0.00000,0.00000,0.00000,0.00000,0.00000,0.00000,0.00000,0.00000,0.00000,0.00000,0.00000,0.00000,0.00000,0.00000,0.00000,0.00000,0.00000,0.00000,0.00000,0.00000,0.00000,0.00000,0.00000,0.00000,0.00000,0.00000,0.00000,0.00000,0.00000,0.00000,0.00000,0.00000,0.00000,0.00000,0.00000,0.00000,0.00000,0.00000,0.00000,0.00000,0.00000,0.00000,0.00000,0.00000,0.00000,0.00000,0.00000,0.00000,0.00000,0.00000,0.00000,0.00000,0.00000,0.00000,0.00000,0.00000,0.00000,0.00000,0.00000,0.00000,0.00000
0.7667,1,1,0.00,0.00,33.33,0.03885,0.02641,0.52770,0.52922,0.52922,1.3000,0,0,0.20831,-0.03983,0.06398,0.20808,-0.04056,0.06381,0.33,0.00,0.52922,0.22961,-0.26953,0.37863,1.46181,0.00000,1.00000,0.22333,-0.26955,0.37783,1.46249,0.00000,1.00000,28,0.19220,-0.10000,0.01494,0.21490,0.08010,0,0.97137,0.00000,0.00000,-0.23758,virtual,0,364.70,267.21,364.70,267.21,364.70,267.21,364.70,267.21,364.70,267.21,364.70,267.21,364.70,267.21,364.70,267.21,364.70,267.21,364.70,267.21,364.70,267.21,364.70,267.21,364.70,267.21,364.70,267.21,364.70,267.21,364.70,267.21,364.70,267.21,364.70,267.21,364.70,267.21,364.70,267.21,364.70,267.21,0.00000,0.00000,0.00000,0.00000,0.00000,0.00000,0.00000,0.00000,0.00000,0.00000,0.00000,0.00000,0.00000,0.00000,0.00000,0.00000,0.00000,0.00000,0.00000,0.00000,0.00000,0.00000,0.00000,0.00000,0.00000,0.00000,0.00000,0.00000,0.00000,0.00000,0.00000,0.00000,0.00000,0.00000,0.00000,0.00000,0.00000,0.00000,0.00000,0.00000,0.00000,0.00000,0.00000,0.00000,0.00000,0.00000,0.00000,0.00000,0.00000,0.00000,0.00000,0.00000,0.00000,0.00000,0.00000,0.00000,0.00000,0.00000,0.00000,0.00000,0.00000,0.00000,0.00000,0.00000,0.00000,0.00000,0.00000,0.00000,0.00000,0.00000,0.00000,0.00000,0.00000,0.00000,0.00000,0.00000,0.00000,0.00000,0.00000,0.00000,0.00000,0.00000,0.00000,0.00000
0.8000,1,1,0.00,0.00,33.33,0.04273,0.02600,0.52971,0.53171,0.53171,1.3000,0,0,0.20730,-0.04371,0.06438,0.20705,-0.04446,0.06428,0.34,0.00,0.53171,0.25274,-0.27012,0.37577,1.46531,-0.00000,1.00000,0.24632,-0.27015,0.37539,1.46554,0.00000,1.00000,28,0.19220,-0.10000,0.01494,0.21490,0.08010,0,0.97137,0.00000,0.00000,-0.23758,virtual,0,368.59,266.68,368.59,266.68,368.59,266.68,368.59,266.68,368.59,266.68,368.59,266.68,368.59,266.68,368.59,266.68,368.59,266.68,368.59,266.68,368.59,266.68,368.59,266.68,368.59,266.68,368.59,266.68,368.59,266.68,368.59,266.68,368.59,266.68,368.59,266.68,368.59,266.68,368.59,266.68,368.59,266.68,0.00000,0.00000,0.00000,0.00000,0.00000,0.00000,0.00000,0.00000,0.00000,0.00000,0.00000,0.00000,0.00000,0.00000,0.00000,0.00000,0.00000,0.00000,0.00000,0.00000,0.00000,0.00000,0.00000,0.00000,0.00000,0.00000,0.00000,0.00000,0.00000,0.00000,0.00000,0.00000,0.00000,0.00000,0.00000,0.00000,0.00000,0.00000,0.00000,0.00000,0.00000,0.00000,0.00000,0.00000,0.00000,0.00000,0.00000,0.00000,0.00000,0.00000,0.00000,0.00000,0.00000,0.00000,0.00000,0.00000,0.00000,0.00000,0.00000,0.00000,0.00000,0.00000,0.00000,0.00000,0.00000,0.00000,0.00000,0.00000,0.00000,0.00000,0.00000,0.00000,0.00000,0.00000,0.00000,0.00000,0.00000,0.00000,0.00000,0.00000,0.00000,0.00000,0.00000,0.00000
0.8333,1,1,0.00,0.00,33.33,0.04660,0.02559,0.53160,0.53349,0.53349,1.3000,0,0,0.20636,-0.04758,0.06479,0.20611,-0.04823,0.06465,0.33,0.00,0.53349,0.27506,-0.26955,0.37244,1.46803,0.00000,1.00000,0.26924,-0.26961,0.37176,1.46862,0.00000,1.00000,28,0.19220,-0.10000,0.01494,0.21490,0.08010,0,0.97137,0.00000,0.00000,-0.23758,virtual,0,372.44,266.16,372.44,266.16,372.44,266.16,372.44,266.16,372.44,266.16,372.44,266.16,372.44,266.16,372.44,266.16,372.44,266.16,372.44,266.16,372.44,266.16,372.44,266.16,372.44,266.16,372.44,266.16,372.44,266.16,372.44,266.16,372.44,266.16,372.44,266.16,372.44,266.16,372.44,266.16,372.44,266.16,0.00000,0.00000,0.00000,0.00000,0.00000,0.00000,0.00000,0.00000,0.00000,0.00000,0.00000,0.00000,0.00000,0.00000,0.00000,0.00000,0.00000,0.00000,0.00000,0.00000,0.00000,0.00000,0.00000,0.00000,0.00000,0.00000,0.00000,0.00000,0.00000,0.00000,0.00000,0.00000,0.00000,0.00000,0.00000,0.00000,0.00000,0.00000,0.00000,0.00000,0.00000,0.00000,0.00000,0.00000,0.00000,0.00000,0.00000,0.00000,0.00000,0.00000,0.00000,0.00000,0.00000,0.00000,0.00000,0.00000,0.00000,0.00000,0.00000,0.00000,0.00000,0.00000,0.00000,0.00000,0.00000,0.00000,0.00000,0.00000,0.00000,0.00000,0.00000,0.00000,0.00000,0.00000,0.00000,0.00000,0.00000,0.00000,0.00000,0.00000,0.00000,0.00000,0.00000,0.00000
0.8667,1,1,0.00,0.00,33.33,0.05032,0.02512,0.53204,0.53248,0.53248,1.3000,0,0,0.20614,-0.05130,0.06527,0.20600,-0.05205,0.06538,0.30,0.00,0.53248,0.29624,-0.26385,0.36160,1.47136,0.00000,1.00000,0.29032,-0.26307,0.36154,1.47226,0.00000,1.00000,28,0.19220,-0.10000,0.01494,0.21490,0.08010,0,0.97137,0.00000,0.00000,-0.23758,virtual,0,376.26,265.65,376.26,265.65,376.26,265.65,376.26,265.65,376.26,265.65,376.26,265.65,376.26,265.65,376.26,265.65,376.26,265.65,376.26,265.65,376.26,265.65,376.26,265.65,376.26,265.65,376.26,265.65,376.26,265.65,376.26,265.65,376.26,265.65,376.26,265.65,376.26,265.65,376.26,265.65,376.26,265.65,0.00000,0.00000,0.00000,0.00000,0.00000,0.00000,0.00000,0.00000,0.00000,0.00000,0.00000,0.00000,0.00000,0.00000,0.00000,0.00000,0.00000,0.00000,0.00000,0.00000,0.00000,0.00000,0.00000,0.00000,0.00000,0.00000,0.00000,0.00000,0.00000,0.00000,0.00000,0.00000,0.00000,0.00000,0.00000,0.00000,0.00000,0.00000,0.00000,0.00000,0.00000,0.00000,0.00000,0.00000,0.00000,0.00000,0.00000,0.00000,0.00000,0.00000,0.00000,0.00000,0.00000,0.00000,0.00000,0.00000,0.00000,0.00000,0.00000,0.00000,0.00000,0.00000,0.00000,0.00000,0.00000,0.00000,0.00000,0.00000,0.00000,0.00000,0.00000,0.00000,0.00000,0.00000,0.00000,0.00000,0.00000,0.00000,0.00000,0.00000,0.00000,0.00000,0.00000,0.00000
0.9000,1,1,0.00,0.00,33.33,0.05416,0.02471,0.53379,0.53554,0.53554,1.3000,0,0,0.20526,-0.05513,0.06568,0.20506,-0.05589,0.06562,0.31,0.00,0.53554,0.31876,-0.25931,0.35518,1.47483,0.00000,1.00000,0.31256,-0.26016,0.35578,1.47515,0.00000,1.00000,28,0.19220,-0.10000,0.01494,0.21490,0.08010,0,0.97137,0.00000,0.00000,-0.23758,virtual,0,380.01,265.15,380.01,265.15,380.01,265.15,380.01,265.15,380.01,265.15,380.01,265.15,380.01,265.15,380.01,265.15,380.01,265.15,380.01,265.15,380.01,265.15,380.01,265.15,380.01,265.15,380.01,265.15,380.01,265.15,380.01,265.15,380.01,265.15,380.01,265.15,380.01,265.15,380.01,265.15,380.01,265.15,0.00000,0.00000,0.00000,0.00000,0.00000,0.00000,0.00000,0.00000,0.00000,0.00000,0.00000,0.00000,0.00000,0.00000,0.00000,0.00000,0.00000,0.00000,0.00000,0.00000,0.00000,0.00000,0.00000,0.00000,0.00000,0.00000,0.00000,0.00000,0.00000,0.00000,0.00000,0.00000,0.00000,0.00000,0.00000,0.00000,0.00000,0.00000,0.00000,0.00000,0.00000,0.00000,0.00000,0.00000,0.00000,0.00000,0.00000,0.00000,0.00000,0.00000,0.00000,0.00000,0.00000,0.00000,0.00000,0.00000,0.00000,0.00000,0.00000,0.00000,0.00000,0.00000,0.00000,0.00000,0.00000,0.00000,0.00000,0.00000,0.00000,0.00000,0.00000,0.00000,0.00000,0.00000,0.00000,0.00000,0.00000,0.00000,0.00000,0.00000,0.00000,0.00000,0.00000,0.00000
0.9333,1,1,0.00,0.00,33.33,0.05795,0.02430,0.53537,0.53695,0.53695,1.3000,0,0,0.20447,-0.05893,0.06609,0.20422,-0.05951,0.06606,0.31,0.00,0.53695,0.33985,-0.25667,0.34939,1.47754,0.00001,1.00000,0.33452,-0.25626,0.34882,1.47818,0.00000,1.00000,28,0.19220,-0.10000,0.01494,0.21490,0.08010,0,0.97137,0.00000,0.00000,-0.23758,virtual,0,383.73,264.66,383.73,264.66,383.73,264.66,383.73,264.66,383.73,264.66,383.73,264.66,383.73,264.66,383.73,264.66,383.73,264.66,383.73,264.66,383.73,264.66,383.73,264.66,383.73,264.66,383.73,264.66,383.73,264.66,383.73,264.66,383.73,264.66,383.73,264.66,383.73,264.66,383.73,264.66,383.73,264.66,0.00000,0.00000,0.00000,0.00000,0.00000,0.00000,0.00000,0.00000,0.00000,0.00000,0.00000,0.00000,0.00000,0.00000,0.00000,0.00000,0.00000,0.00000,0.00000,0.00000,0.00000,0.00000,0.00000,0.00000,0.00000,0.00000,0.00000,0.00000,0.00000,0.00000,0.00000,0.00000,0.00000,0.00000,0.00000,0.00000,0.00000,0.00000,0.00000,0.00000,0.00000,0.00000,0.00000,0.00000,0.00000,0.00000,0.00000,0.00000,0.00000,0.00000,0.00000,0.00000,0.00000,0.00000,0.00000,0.00000,0.00000,0.00000,0.00000,0.00000,0.00000,0.00000,0.00000,0.00000,0.00000,0.00000,0.00000,0.00000,0.00000,0.00000,0.00000,0.00000,0.00000,0.00000,0.00000,0.00000,0.00000,0.00000,0.00000,0.00000,0.00000,0.00000,0.00000,0.00000
0.9667,1,1,0.00,0.00,33.33,0.06193,0.02396,0.53862,0.54188,0.54188,1.3000,0,0,0.20284,-0.06290,0.06642,0.20253,-0.06373,0.06630,0.35,0.00,0.54188,0.36568,-0.25695,0.34786,1.47988,-0.00000,1.00000,0.35869,-0.25733,0.34759,1.48053,0.00000,1.00000,28,0.19220,-0.10000,0.01494,0.21490,0.08010,0,0.97137,-0.00000,-0.00000,-0.23758,virtual,0,387.41,264.17,387.41,264.17,387.41,264.17,387.41,264.17,387.41,264.17,387.41,264.17,387.41,264.17,387.41,264.17,387.41,264.17,387.41,264.17,387.41,264.17,387.41,264.17,387.41,264.17,387.41,264.17,387.41,264.17,387.41,264.17,387.41,264.17,387.41,264.17,387.41,264.17,387.41,264.17,387.41,264.17,0.00000,0.00000,0.00000,0.00000,0.00000,0.00000,0.00000,0.00000,0.00000,0.00000,0.00000,0.00000,0.00000,0.00000,0.00000,0.00000,0.00000,0.00000,0.00000,0.00000,0.00000,0.00000,0.00000,0.00000,0.00000,0.00000,0.00000,0.00000,0.00000,0.00000,0.00000,0.00000,0.00000,0.00000,0.00000,0.00000,0.00000,0.00000,0.00000,0.00000,0.00000,0.00000,0.00000,0.00000,0.00000,0.00000,0.00000,0.00000,0.00000,0.00000,0.00000,0.00000,0.00000,0.00000,0.00000,0.00000,0.00000,0.00000,0.00000,0.00000,0.00000,0.00000,0.00000,0.00000,0.00000,0.00000,0.00000,0.00000,0.00000,0.00000,0.00000,0.00000,0.00000,0.00000,0.00000,0.00000,0.00000,0.00000,0.00000,0.00000,0.00000,0.00000,0.00000,0.00000
1.0000,1,1,0.00,0.00,33.33,0.06573,0.02356,0.54046,0.54231,0.54231,1.3000,0,0,0.20192,-0.06671,0.06683,0.20168,-0.06760,0.06697,0.31,0.00,0.54231,0.38791,-0.25358,0.33967,1.48323,-0.00000,1.00000,0.38100,-0.25316,0.34027,1.48364,0.00000,1.00000,28,0.19220,-0.10000,0.01494,0.21490,0.08010,0,0.97137,-0.00000,-0.00000,-0.23758,virtual,0,391.08,263.67,391.08,263.67,391.08,263.67,391.08,263.67,391.08,263.67,391.08,263.67,391.08,263.67,391.08,263.67,391.08,263.67,391.08,263.67,391.08,263.67,391.08,263.67,391.08,263.67,391.08,263.67,391.08,263.67,391.08,263.67,391.08,263.67,391.08,263.67,391.08,263.67,391.08,263.67,391.08,263.67,0.00000,0.00000,0.00000,0.00000,0.00000,0.00000,0.00000,0.00000,0.00000,0.00000,0.00000,0.00000,0.00000,0.00000,0.00000,0.00000,0.00000,0.00000,0.00000,0.00000,0.00000,0.00000,0.00000,0.00000,0.00000,0.00000,0.00000,0.00000,0.00000,0.00000,0.00000,0.00000,0.00000,0.00000,0.00000,0.00000,0.00000,0.00000,0.00000,0.00000,0.00000,0.00000,0.00000,0.00000,0.00000,0.00000,0.00000,0.00000,0.00000,0.00000,0.00000,0.00000,0.00000,0.00000,0.00000,0.00000,0.00000,0.00000,0.00000,0.00000,0.00000,0.00000,0.00000,0.00000,0.00000,0.00000,0.00000,0.00000,0.00000,0.00000,0.00000,0.00000,0.00000,0.00000,0.00000,0.00000,0.00000,0.00000,0.00000,0.00000,0.00000,0.00000,0.00000,0.00000
1.0333,1,1,0.00,0.00,33.33,0.06957,0.02318,0.54252,0.54458,0.54458,1.3000,0,0,0.20090,-0.07055,0.06721,0.20064,-0.07106,0.06720,0.31,0.00,0.54458,0.40827,-0.24905,0.33340,1.48582,0.00000,0.99999,0.40331,-0.24869,0.33295,1.48649,0.00000,1.00000,28,0.19220,-0.10000,0.01494,0.21490,0.08010,0,0.97137,-0.00000,-0.00000,-0.23758,virtual,0,394.70,263.20,394.70,263.20,394.70,263.20,394.70,263.20,394.70,263.20,394.70,263.20,394.70,263.20,394.70,263.20,394.70,263.20,394.70,263.20,394.70,263.20,394.70,263.20,394.70,263.20,394.70,263.20,394.70,263.20,394.70,263.20,394.70,263.20,394.70,263.20,394.70,263.20,394.70,263.20,394.70,263.20,0.00000,0.00000,0.00000,0.00000,0.00000,0.00000,0.00000,0.00000,0.00000,0.00000,0.00000,0.00000,0.00000,0.00000,0.00000,0.00000,0.00000,0.00000,0.00000,0.00000,0.00000,0.00000,0.00000,0.00000,0.00000,0.00000,0.00000,0.00000,0.00000,0.00000,0.00000,0.00000,0.00000,0.00000,0.00000,0.00000,0.00000,0.00000,0.00000,0.00000,0.00000,0.00000,0.00000,0.00000,0.00000,0.00000,0.00000,0.00000,0.00000,0.00000,0.00000,0.00000,0.00000,0.00000,0.00000,0.00000,0.00000,0.00000,0.00000,0.00000,0.00000,0.00000,0.00000,0.00000,0.00000,0.00000,0.00000,0.00000,0.00000,0.00000,0.00000,0.00000,0.00000,0.00000,0.00000,0.00000,0.00000,0.00000,0.00000,0.00000,0.00000,0.00000,0.00000,0.00000
1.0667,1,1,0.00,0.00,33.33,0.07342,0.02281,0.54479,0.54706,0.54706,1.3000,0,0,0.19976,-0.07440,0.06758,0.19935,-0.07520,0.06756,0.31,0.00,0.54706,0.43259,-0.24466,0.32629,1.48848,0.00000,1.00000,0.42582,-0.24415,0.32564,1.48925,0.00000,1.00000,28,0.19220,-0.10000,0.01494,0.21490,0.08010,0,0.97137,-0.00000,-0.00000,-0.23758,virtual,0,398.30,262.73,398.30,262.73,398.30,262.73,398.30,262.73,398.30,262.73,398.30,262.73,398.30,262.73,398.30,262.73,398.30,262.73,398.30,262.73,398.30,262.73,398.30,262.73,398.30,262.73,398.30,262.73,398.30,262.73,398.30,262.73,398.30,262.73,398.30,262.73,398.30,262.73,398.30,262.73,398.30,262.73,0.00000,0.00000,0.00000,0.00000,0.00000,0.00000,0.00000,0.00000,0.00000,0.00000,0.00000,0.00000,0.00000,0.00000,0.00000,0.00000,0.00000,0.00000,0.00000,0.00000,0.00000,0.00000,0.00000,0.00000,0.00000,0.00000,0.00000,0.00000,0.00000,0.00000,0.00000,0.00000,0.00000,0.00000,0.00000,0.00000,0.00000,0.00000,0.00000,0.00000,0.00000,0.00000,0.00000,0.00000,0.00000,0.00000,0.00000,0.00000,0.00000,0.00000,0.00000,0.00000,0.00000,0.00000,0.00000,0.00000,0.00000,0.00000,0.00000,0.00000,0.00000,0.00000,0.00000,0.00000,0.00000,0.00000,0.00000,0.00000,0.00000,0.00000,0.00000,0.00000,0.00000,0.00000,0.00000,0.00000,0.00000,0.00000,0.00000,0.00000,0.00000,0.00000,0.00000,0.00000
1.1000,1,1,0.00,0.00,33.33,0.07730,0.02244,0.54720,0.54960,0.54960,1.3000,0,0,0.19856,-0.07828,0.06795,0.19826,-0.07888,0.06800,0.32,0.00,0.54960,0.45393,-0.24020,0.31860,1.49122,0.00000,1.00000,0.44849,-0.23931,0.31804,1.49201,0.00000,1.00000,28,0.19220,-0.10000,0.01494,0.21490,0.08010,0,0.97137,-0.00000,-0.00000,-0.23758,virtual,0,401.87,262.25,401.87,262.25,401.87,262.25,401.87,262.25,401.87,262.25,401.87,262.25,401.87,262.25,401.87,262.25,401.87,262.25,401.87,262.25,401.87,262.25,401.87,262.25,401.87,262.25,401.87,262.25,401.87,262.25,401.87,262.25,401.87,262.25,401.87,262.25,401.87,262.25,401.87,262.25,401.87,262.25,0.00000,0.00000,0.00000,0.00000,0.00000,0.00000,0.00000,0.00000,0.00000,0.00000,0.00000,0.00000,0.00000,0.00000,0.00000,0.00000,0.00000,0.00000,0.00000,0.00000,0.00000,0.00000,0.00000,0.00000,0.00000,0.00000,0.00000,0.00000,0.00000,0.00000,0.00000,0.00000,0.00000,0.00000,0.00000,0.00000,0.00000,0.00000,0.00000,0.00000,0.00000,0.00000,0.00000,0.00000,0.00000,0.00000,0.00000,0.00000,0.00000,0.00000,0.00000,0.00000,0.00000,0.00000,0.00000,0.00000,0.00000,0.00000,0.00000,0.00000,0.00000,0.00000,0.00000,0.00000,0.00000,0.00000,0.00000,0.00000,0.00000,0.00000,0.00000,0.00000,0.00000,0.00000,0.00000,0.00000,0.00000,0.00000,0.00000,0.00000,0.00000,0.00000,0.00000,0.00000
1.1333,1,1,0.00,0.00,33.33,0.08142,0.02213,0.55111,0.55503,0.55503,1.3000,0,0,0.19660,-0.08240,0.06825,0.19631,-0.08290,0.06816,0.36,0.00,0.55503,0.47909,-0.23776,0.31492,1.49373,-0.00000,1.00000,0.47385,-0.23823,0.31483,1.49417,0.00000,1.00000,28,0.19220,-0.10000,0.01494,0.21490,0.08010,0,0.97137,-0.00000,0.00000,-0.23758,virtual,0,405.42,261.80,405.42,261.80,405.42,261.80,405.42,261.80,405.42,261.80,405.42,261.80,405.42,261.80,405.42,261.80,405.42,261.80,405.42,261.80,405.42,261.80,405.42,261.80,405.42,261.80,405.42,261.80,405.42,261.80,405.42,261.80,405.42,261.80,405.42,261.80,405.42,261.80,405.42,261.80,405.42,261.80,0.00000,0.00000,0.00000,0.00000,0.00000,0.00000,0.00000,0.00000,0.00000,0.00000,0.00000,0.00000,0.00000,0.00000,0.00000,0.00000,0.00000,0.00000,0.00000,0.00000,0.00000,0.00000,0.00000,0.00000,0.00000,0.00000,0.00000,0.00000,0.00000,0.00000,0.00000,0.00000,0.00000,0.00000,0.00000,0.00000,0.00000,0.00000,0.00000,0.00000,0.00000,0.00000,0.00000,0.00000,0.00000,0.00000,0.00000,0.00000,0.00000,0.00000,0.00000,0.00000,0.00000,0.00000,0.00000,0.00000,0.00000,0.00000,0.00000,0.00000,0.00000,0.00000,0.00000,0.00000,0.00000,0.00000,0.00000,0.00000,0.00000,0.00000,0.00000,0.00000,0.00000,0.00000,0.00000,0.00000,0.00000,0.00000,0.00000,0.00000,0.00000,0.00000,0.00000,0.00000
1.1667,1,1,0.00,0.00,33.33,0.08518,0.02171,0.55236,0.55361,0.55361,1.3000,0,0,0.19598,-0.08616,0.06868,0.19563,-0.08692,0.06869,0.29,0.01,0.55361,0.50071,-0.22794,0.30111,1.49678,-0.00000,1.00000,0.49458,-0.22842,0.30147,1.49765,0.00000,1.00000,28,0.19220,-0.10000,0.01494,0.21490,0.08010,0,0.97137,-0.00000,0.00000,-0.23758,virtual,0,409.04,261.30,409.04,261.30,409.04,261.30,409.04,261.30,409.04,261.30,409.04,261.30,409.04,261.30,409.04,261.30,409.04,261.30,409.04,261.30,409.04,261.30,409.04,261.30,409.04,261.30,409.04,261.30,409.04,261.30,409.04,261.30,409.04,261.30,409.04,261.30,409.04,261.30,409.04,261.30,409.04,261.30,0.00000,0.00000,0.00000,0.00000,0.00000,0.00000,0.00000,0.00000,0.00000,0.00000,0.00000,0.00000,0.00000,0.00000,0.00000,0.00000,0.00000,0.00000,0.00000,0.00000,0.00000,0.00000,0.00000,0.00000,0.00000,0.00000,0.00000,0.00000,0.00000,0.00000,0.00000,0.00000,0.00000,0.00000,0.00000,0.00000,0.00000,0.00000,0.00000,0.00000,0.00000,0.00000,0.00000,0.00000,0.00000,0.00000,0.00000,0.00000,0.00000,0.00000,0.00000,0.00000,0.00000,0.00000,0.00000,0.00000,0.00000,0.00000,0.00000,0.00000,0.00000,0.00000,0.00000,0.00000,0.00000,0.00000,0.00000,0.00000,0.00000,0.00000,0.00000,0.00000,0.00000,0.00000,0.00000,0.00000,0.00000,0.00000,0.00000,0.00000,0.00000,0.00000,0.00000,0.00000
1.2000,1,1,0.00,0.00,33.33,0.08893,0.02128,0.55362,0.55488,0.55488,1.3000,0,0,0.19534,-0.08991,0.06910,0.19524,-0.09062,0.06898,0.28,0.01,0.55488,0.51973,-0.21407,0.28476,1.50005,-0.00000,1.00000,0.51463,-0.21752,0.28718,1.50104,0.00000,1.00000,28,0.19220,-0.10000,0.01494,0.21490,0.08010,0,0.97137,-0.00000,0.00000,-0.23758,virtual,0,412.58,260.84,412.58,260.84,412.58,260.84,412.58,260.84,412.58,260.84,412.58,260.84,412.58,260.84,412.58,260.84,412.58,260.84,412.58,260.84,412.58,260.84,412.58,260.84,412.58,260.84,412.58,260.84,412.58,260.84,412.58,260.84,412.58,260.84,412.58,260.84,412.58,260.84,412.58,260.84,412.58,260.84,0.00000,0.00000,0.00000,0.00000,0.00000,0.00000,0.00000,0.00000,0.00000,0.00000,0.00000,0.00000,0.00000,0.00000,0.00000,0.00000,0.00000,0.00000,0.00000,0.00000,0.00000,0.00000,0.00000,0.00000,0.00000,0.00000,0.00000,0.00000,0.00000,0.00000,0.00000,0.00000,0.00000,0.00000,0.00000,0.00000,0.00000,0.00000,0.00000,0.00000,0.00000,0.00000,0.00000,0.00000,0.00000,0.00000,0.00000,0.00000,0.00000,0.00000,0.00000,0.00000,0.00000,0.00000,0.00000,0.00000,0.00000,0.00000,0.00000,0.00000,0.00000,0.00000,0.00000,0.00000,0.00000,0.00000,0.00000,0.00000,0.00000,0.00000,0.00000,0.00000,0.00000,0.00000,0.00000,0.00000,0.00000,0.00000,0.00000,0.00000,0.00000,0.00000,0.00000,0.00000
1.2333,1,1,0.00,0.00,33.33,0.09084,0.02108,0.55443,0.55523,0.55523,1.3000,0,0,0.19494,-0.09182,0.06931,0.19504,-0.09171,0.06932,0.16,0.00,0.55523,0.52550,-0.21131,0.27945,1.50231,0.00000,1.00000,0.52549,-0.21167,0.27973,1.50268,0.00000,1.00000,28,0.19220,-0.10000,0.01494,0.21490,0.08010,0,0.97137,-0.00000,0.00000,-0.23758,virtual,0,412.58,260.84,412.58,260.84,412.58,260.84,412.58,260.84,412.58,260.84,412.58,260.84,412.58,260.84,412.58,260.84,412.58,260.84,412.58,260.84,412.58,260.84,412.58,260.84,412.58,260.84,412.58,260.84,412.58,260.84,412.58,260.84,412.58,260.84,412.58,260.84,412.58,260.84,412.58,260.84,412.58,260.84,0.00000,0.00000,0.00000,0.00000,0.00000,0.00000,0.00000,0.00000,0.00000,0.00000,0.00000,0.00000,0.00000,0.00000,0.00000,0.00000,0.00000,0.00000,0.00000,0.00000,0.00000,0.00000,0.00000,0.00000,0.00000,0.00000,0.00000,0.00000,0.00000,0.00000,0.00000,0.00000,0.00000,0.00000,0.00000,0.00000,0.00000,0.00000,0.00000,0.00000,0.00000,0.00000,0.00000,0.00000,0.00000,0.00000,0.00000,0.00000,0.00000,0.00000,0.00000,0.00000,0.00000,0.00000,0.00000,0.00000,0.00000,0.00000,0.00000,0.00000,0.00000,0.00000,0.00000,0.00000,0.00000,0.00000,0.00000,0.00000,0.00000,0.00000,0.00000,0.00000,0.00000,0.00000,0.00000,0.00000,0.00000,0.00000,0.00000,0.00000,0.00000,0.00000,0.00000,0.00000
1.2667,1,1,0.00,0.00,33.33,0.09212,0.02298,0.55527,0.55612,0.55612,1.3000,0,0,0.19452,-0.09310,0.06741,0.19406,-0.09284,0.06725,0.26,0.00,0.55612,0.53357,-0.20830,0.29140,1.49075,0.00001,1.00000,0.53300,-0.20921,0.29001,1.49006,0.00000,1.00000,28,0.19220,-0.10000,0.01494,0.21490,0.08010,0,0.97137,-0.00000,0.00000,-0.23758,virtual,0,413.09,264.80,413.09,264.80,413.09,264.80,413.09,264.80,413.09,264.80,413.09,264.80,413.09,264.80,413.09,264.80,413.09,264.80,413.09,264.80,413.09,264.80,413.09,264.80,413.09,264.80,413.09,264.80,413.09,264.80,413.09,264.80,413.09,264.80,413.09,264.80,413.09,264.80,413.09,264.80,413.09,264.80,0.00000,0.00000,0.00000,0.00000,0.00000,0.00000,0.00000,0.00000,0.00000,0.00000,0.00000,0.00000,0.00000,0.00000,0.00000,0.00000,0.00000,0.00000,0.00000,0.00000,0.00000,0.00000,0.00000,0.00000,0.00000,0.00000,0.00000,0.00000,0.00000,0.00000,0.00000,0.00000,0.00000,0.00000,0.00000,0.00000,0.00000,0.00000,0.00000,0.00000,0.00000,0.00000,0.00000,0.00000,0.00000,0.00000,0.00000,0.00000,0.00000,0.00000,0.00000,0.00000,0.00000,0.00000,0.00000,0.00000,0.00000,0.00000,0.00000,0.00000,0.00000,0.00000,0.00000,0.00000,0.00000,0.00000,0.00000,0.00000,0.00000,0.00000,0.00000,0.00000,0.00000,0.00000,0.00000,0.00000,0.00000,0.00000,0.00000,0.00000,0.00000,0.00000,0.00000,0.00000
1.3000,1,1,0.00,0.00,33.33,0.09318,0.02598,0.55673,0.55820,0.55820,1.3000,0,0,0.19379,-0.09416,0.06441,0.19349,-0.09389,0.06350,0.38,0.01,0.55820,0.54022,-0.20795,0.31901,1.46133,0.00001,1.00000,0.54008,-0.20907,0.31131,1.46869,0.00000,1.00000,28,0.19220,-0.10000,0.01494,0.21490,0.08010,0,0.97137,-0.00000,0.00000,-0.23758,virtual,0,413.56,268.77,413.56,268.77,413.56,268.77,413.56,268.77,413.56,268.77,413.56,268.77,413.56,268.77,413.56,268.77,413.56,268.77,413.56,268.77,413.56,268.77,413.56,268.77,413.56,268.77,413.56,268.77,413.56,268.77,413.56,268.77,413.56,268.77,413.56,268.77,413.56,268.77,413.56,268.77,413.56,268.77,0.00000,0.00000,0.00000,0.00000,0.00000,0.00000,0.00000,0.00000,0.00000,0.00000,0.00000,0.00000,0.00000,0.00000,0.00000,0.00000,0.00000,0.00000,0.00000,0.00000,0.00000,0.00000,0.00000,0.00000,0.00000,0.00000,0.00000,0.00000,0.00000,0.00000,0.00000,0.00000,0.00000,0.00000,0.00000,0.00000,0.00000,0.00000,0.00000,0.00000,0.00000,0.00000,0.00000,0.00000,0.00000,0.00000,0.00000,0.00000,0.00000,0.00000,0.00000,0.00000,0.00000,0.00000,0.00000,0.00000,0.00000,0.00000,0.00000,0.00000,0.00000,0.00000,0.00000,0.00000,0.00000,0.00000,0.00000,0.00000,0.00000,0.00000,0.00000,0.00000,0.00000,0.00000,0.00000,0.00000,0.00000,0.00000,0.00000,0.00000,0.00000,0.00000,0.00000,0.00000
1.3333,1,1,0.00,0.00,33.33,0.09376,0.02942,0.55649,0.55624,0.55624,1.3000,0,0,0.19391,-0.09474,0.06097,0.19346,-0.09456,0.06025,0.48,0.01,0.55624,0.54344,-0.20342,0.33848,1.43688,0.00000,1.00000,0.54281,-0.20409,0.33109,1.44392,0.00000,1.00000,28,0.19220,-0.10000,0.01494,0.21490,0.08010,0,0.97137,-0.00000,0.00000,-0.23758,virtual,0,414.00,272.74,414.00,272.74,414.00,272.74,414.00,272.74,414.00,272.74,414.00,272.74,414.00,272.74,414.00,272.74,414.00,272.74,414.00,272.74,414.00,272.74,414.00,272.74,414.00,272.74,414.00,272.74,414.00,272.74,414.00,272.74,414.00,272.74,414.00,272.74,414.00,272.74,414.00,272.74,414.00,272.74,0.00000,0.00000,0.00000,0.00000,0.00000,0.00000,0.00000,0.00000,0.00000,0.00000,0.00000,0.00000,0.00000,0.00000,0.00000,0.00000,0.00000,0.00000,0.00000,0.00000,0.00000,0.00000,0.00000,0.00000,0.00000,0.00000,0.00000,0.00000,0.00000,0.00000,0.00000,0.00000,0.00000,0.00000,0.00000,0.00000,0.00000,0.00000,0.00000,0.00000,0.00000,0.00000,0.00000,0.00000,0.00000,0.00000,0.00000,0.00000,0.00000,0.00000,0.00000,0.00000,0.00000,0.00000,0.00000,0.00000,0.00000,0.00000,0.00000,0.00000,0.00000,0.00000,0.00000,0.00000,0.00000,0.00000,0.00000,0.00000,0.00000,0.00000,0.00000,0.00000,0.00000,0.00000,0.00000,0.00000,0.00000,0.00000,0.00000,0.00000,0.00000,0.00000,0.00000,0.00000
1.3667,1,1,0.00,0.00,33.33,0.09415,0.03309,0.55574,0.55499,0.55499,1.3000,0,0,0.19429,-0.09513,0.05729,0.19380,-0.09486,0.05683,0.55,0.01,0.55499,0.54390,-0.19580,0.35601,1.41219,0.00000,1.00000,0.54372,-0.19678,0.35050,1.41720,0.00000,1.00000,28,0.19220,-0.10000,0.01494,0.21490,0.08010,0,0.97137,0.00000,-0.00000,-0.23758,virtual,0,414.42,276.72,414.42,276.72,414.42,276.72,414.42,276.72,414.42,276.72,414.42,276.72,414.42,276.72,414.42,276.72,414.42,276.72,414.42,276.72,414.42,276.72,414.42,276.72,414.42,276.72,414.42,276.72,414.42,276.72,414.42,276.72,414.42,276.72,414.42,276.72,414.42,276.72,414.42,276.72,414.42,276.72,0.00000,0.00000,0.00000,0.00000,0.00000,0.00000,0.00000,0.00000,0.00000,0.00000,0.00000,0.00000,0.00000,0.00000,0.00000,0.00000,0.00000,0.00000,0.00000,0.00000,0.00000,0.00000,0.00000,0.00000,0.00000,0.00000,0.00000,0.00000,0.00000,0.00000,0.00000,0.00000,0.00000,0.00000,0.00000,0.00000,0.00000,0.00000,0.00000,0.00000,0.00000,0.00000,0.00000,0.00000,0.00000,0.00000,0.00000,0.00000,0.00000,0.00000,0.00000,0.00000,0.00000,0.00000,0.00000,0.00000,0.00000,0.00000,0.00000,0.00000,0.00000,0.00000,0.00000,0.00000,0.00000,0.00000,0.00000,0.00000,0.00000,0.00000,0.00000,0.00000,0.00000,0.00000,0.00000,0.00000,0.00000,0.00000,0.00000,0.00000,0.00000,0.00000,0.00000,0.00000
1.4000,1,1,0.00,0.00,33.33,0.09501,0.03711,0.55802,0.56031,0.56031,1.3000,0,0,0.19315,-0.09599,0.05327,0.19256,-0.09533,0.05207,0.54,0.01,0.56031,0.54970,-0.19501,0.39072,1.37813,0.00000,1.00000,0.55054,-0.19640,0.38013,1.38726,0.00000,1.00000,28,0.19220,-0.10000,0.01494,0.21490,0.08010,0,0.97137,0.00000,-0.00000,-0.23758,virtual,0,414.83,280.69,414.83,280.69,414.83,280.69,414.83,280.69,414.83,280.69,414.83,280.69,414.83,280.69,414.83,280.69,414.83,280.69,414.83,280.69,414.83,280.69,414.83,280.69,414.83,280.69,414.83,280.69,414.83,280.69,414.83,280.69,414.83,280.69,414.83,280.69,414.83,280.69,414.83,280.69,414.83,280.69,0.00000,0.00000,0.00000,0.00000,0.00000,0.00000,0.00000,0.00000,0.00000,0.00000,0.00000,0.00000,0.00000,0.00000,0.00000,0.00000,0.00000,0.00000,0.00000,0.00000,0.00000,0.00000,0.00000,0.00000,0.00000,0.00000,0.00000,0.00000,0.00000,0.00000,0.00000,0.00000,0.00000,0.00000,0.00000,0.00000,0.00000,0.00000,0.00000,0.00000,0.00000,0.00000,0.00000,0.00000,0.00000,0.00000,0.00000,0.00000,0.00000,0.00000,0.00000,0.00000,0.00000,0.00000,0.00000,0.00000,0.00000,0.00000,0.00000,0.00000,0.00000,0.00000,0.00000,0.00000,0.00000,0.00000,0.00000,0.00000,0.00000,0.00000,0.00000,0.00000,0.00000,0.00000,0.00000,0.00000,0.00000,0.00000,0.00000,0.00000,0.00000,0.00000,0.00000,0.00000
1.4333,1,1,0.00,0.00,33.33,0.09539,0.04101,0.55760,0.55718,0.55718,1.3000,0,0,0.19336,-0.09637,0.04938,0.19299,-0.09619,0.04872,0.61,0.01,0.55718,0.55245,-0.18521,0.40577,1.35170,0.00001,0.99999,0.55215,-0.18839,0.40060,1.35872,0.00000,1.00000,28,0.19220,-0.10000,0.01494,0.21490,0.08010,0,0.97137,0.00000,-0.00000,-0.23758,virtual,0,415.28,284.67,415.28,284.67,415.28,284.67,415.28,284.67,415.28,284.67,415.28,284.67,415.28,284.67,415.28,284.67,415.28,284.67,415.28,284.67,415.28,284.67,415.28,284.67,415.28,284.67,415.28,284.67,415.28,284.67,415.28,284.67,415.28,284.67,415.28,284.67,415.28,284.67,415.28,284.67,415.28,284.67,0.00000,0.00000,0.00000,0.00000,0.00000,0.00000,0.00000,0.00000,0.00000,0.00000,0.00000,0.00000,0.00000,0.00000,0.00000,0.00000,0.00000,0.00000,0.00000,0.00000,0.00000,0.00000,0.00000,0.00000,0.00000,0.00000,0.00000,0.00000,0.00000,0.00000,0.00000,0.00000,0.00000,0.00000,0.00000,0.00000,0.00000,0.00000,0.00000,0.00000,0.00000,0.00000,0.00000,0.00000,0.00000,0.00000,0.00000,0.00000,0.00000,0.00000,0.00000,0.00000,0.00000,0.00000,0.00000,0.00000,0.00000,0.00000,0.00000,0.00000,0.00000,0.00000,0.00000,0.00000,0.00000,0.00000,0.00000,0.00000,0.00000,0.00000,0.00000,0.00000,0.00000,0.00000,0.00000,0.00000,0.00000,0.00000,0.00000,0.00000,0.00000,0.00000,0.00000,0.00000
1.4667,1,1,0.00,0.00,33.33,0.09573,0.04493,0.55708,0.55657,0.55657,1.3000,0,0,0.19361,-0.09671,0.04546,0.19304,-0.09637,0.04492,0.64,0.01,0.55657,0.55319,-0.17786,0.42673,1.32321,0.00000,1.00000,0.55303,-0.17883,0.41990,1.32985,0.00000,1.00000,28,0.19220,-0.10000,0.01494,0.21490,0.08010,0,0.97137,0.00000,-0.00000,-0.23758,virtual,0,415.66,288.64,415.66,288.64,415.66,288.64,415.66,288.64,415.66,288.64,415.66,288.64,415.66,288.64,415.66,288.64,415.66,288.64,415.66,288.64,415.66,288.64,415.66,288.64,415.66,288.64,415.66,288.64,415.66,288.64,415.66,288.64,415.66,288.64,415.66,288.64,415.66,288.64,415.66,288.64,415.66,288.64,0.00000,0.00000,0.00000,0.00000,0.00000,0.00000,0.00000,0.00000,0.00000,0.00000,0.00000,0.00000,0.00000,0.00000,0.00000,0.00000,0.00000,0.00000,0.00000,0.00000,0.00000,0.00000,0.00000,0.00000,0.00000,0.00000,0.00000,0.00000,0.00000,0.00000,0.00000,0.00000,0.00000,0.00000,0.00000,0.00000,0.00000,0.00000,0.00000,0.00000,0.00000,0.00000,0.00000,0.00000,0.00000,0.00000,0.00000,0.00000,0.00000,0.00000,0.00000,0.00000,0.00000,0.00000,0.00000,0.00000,0.00000,0.00000,0.00000,0.00000,0.00000,0.00000,0.00000,0.00000,0.00000,0.00000,0.00000,0.00000,0.00000,0.00000,0.00000,0.00000,0.00000,0.00000,0.00000,0.00000,0.00000,0.00000,0.00000,0.00000,0.00000,0.00000,0.00000,0.00000
1.5000,1,1,0.00,0.00,33.33,0.09615,0.04890,0.55711,0.55714,0.55714,1.3000,0,0,0.19360,-0.09713,0.04148,0.19303,-0.09671,0.04060,0.65,0.01,0.55714,0.55480,-0.16597,0.44675,1.29280,0.00000,1.00000,0.55495,-0.16960,0.44017,1.30036,0.00000,1.00000,28,0.19220,-0.10000,0.01494,0.21490,0.08010,0,0.97137,0.00000,-0.00000,-0.23758,virtual,0,416.07,292.61,416.07,292.61,416.07,292.61,416.07,292.61,416.07,292.61,416.07,292.61,416.07,292.61,416.07,292.61,416.07,292.61,416.07,292.61,416.07,292.61,416.07,292.61,416.07,292.61,416.07,292.61,416.07,292.61,416.07,292.61,416.07,292.61,416.07,292.61,416.07,292.61,416.07,292.61,416.07,292.61,0.00000,0.00000,0.00000,0.00000,0.00000,0.00000,0.00000,0.00000,0.00000,0.00000,0.00000,0.00000,0.00000,0.00000,0.00000,0.00000,0.00000,0.00000,0.00000,0.00000,0.00000,0.00000,0.00000,0.00000,0.00000,0.00000,0.00000,0.00000,0.00000,0.00000,0.00000,0.00000,0.00000,0.00000,0.00000,0.00000,0.00000,0.00000,0.00000,0.00000,0.00000,0.00000,0.00000,0.00000,0.00000,0.00000,0.00000,0.00000,0.00000,0.00000,0.00000,0.00000,0.00000,0.00000,0.00000,0.00000,0.00000,0.00000,0.00000,0.00000,0.00000,0.00000,0.00000,0.00000,0.00000,0.00000,0.00000,0.00000,0.00000,0.00000,0.00000,0.00000,0.00000,0.00000,0.00000,0.00000,0.00000,0.00000,0.00000,0.00000,0.00000,0.00000,0.00000,0.00000
1.5333,1,1,0.00,0.00,33.33,0.09669,0.05295,0.55783,0.55855,0.55855,1.3000,0,0,0.19324,-0.09767,0.03743,0.19278,-0.09738,0.03681,0.66,0.01,0.55855,0.55866,-0.15964,0.46923,1.26146,0.00001,1.00000,0.55840,-0.16108,0.46189,1.27012,0.00000,1.00000,28,0.19220,-0.10000,0.01494,0.21490,0.08010,0,0.97137,0.00000,-0.00000,-0.23758,virtual,0,416.49,296.57,416.49,296.57,416.49,296.57,416.49,296.57,416.49,296.57,416.49,296.57,416.49,296.57,416.49,296.57,416.49,296.57,416.49,296.57,416.49,296.57,416.49,296.57,416.49,296.57,416.49,296.57,416.49,296.57,416.49,296.57,416.49,296.57,416.49,296.57,416.49,296.57,416.49,296.57,416.49,296.57,0.00000,0.00000,0.00000,0.00000,0.00000,0.00000,0.00000,0.00000,0.00000,0.00000,0.00000,0.00000,0.00000,0.00000,0.00000,0.00000,0.00000,0.00000,0.00000,0.00000,0.00000,0.00000,0.00000,0.00000,0.00000,0.00000,0.00000,0.00000,0.00000,0.00000,0.00000,0.00000,0.00000,0.00000,0.00000,0.00000,0.00000,0.00000,0.00000,0.00000,0.00000,0.00000,0.00000,0.00000,0.00000,0.00000,0.00000,0.00000,0.00000,0.00000,0.00000,0.00000,0.00000,0.00000,0.00000,0.00000,0.00000,0.00000,0.00000,0.00000,0.00000,0.00000,0.00000,0.00000,0.00000,0.00000,0.00000,0.00000,0.00000,0.00000,0.00000,0.00000,0.00000,0.00000,0.00000,0.00000,0.00000,0.00000,0.00000,0.00000,0.00000,0.00000,0.00000,0.00000
1.5667,1,1,0.00,0.00,33.33,0.09726,0.05704,0.55879,0.55974,0.55974,1.3000,0,0,0.19276,-0.09824,0.03335,0.19214,-0.09774,0.03280,0.68,0.01,0.55974,0.56216,-0.15059,0.49029,1.23288,0.00001,1.00000,0.56239,-0.15215,0.48361,1.23948,0.00000,1.00000,28,0.19220,-0.10000,0.01494,0.21490,0.08010,0,0.97137,0.00000,-0.00000,-0.23758,virtual,0,416.87,300.53,416.87,300.53,416.87,300.53,416.87,300.53,416.87,300.53,416.87,300.53,416.87,300.53,416.87,300.53,416.87,300.53,416.87,300.53,416.87,300.53,416.87,300.53,416.87,300.53,416.87,300.53,416.87,300.53,416.87,300.53,416.87,300.53,416.87,300.53,416.87,300.53,416.87,300.53,416.87,300.53,0.00000,0.00000,0.00000,0.00000,0.00000,0.00000,0.00000,0.00000,0.00000,0.00000,0.00000,0.00000,0.00000,0.00000,0.00000,0.00000,0.00000,0.00000,0.00000,0.00000,0.00000,0.00000,0.00000,0.00000,0.00000,0.00000,0.00000,0.00000,0.00000,0.00000,0.00000,0.00000,0.00000,0.00000,0.00000,0.00000,0.00000,0.00000,0.00000,0.00000,0.00000,0.00000,0.00000,0.00000,0.00000,0.00000,0.00000,0.00000,0.00000,0.00000,0.00000,0.00000,0.00000,0.00000,0.00000,0.00000,0.00000,0.00000,0.00000,0.00000,0.00000,0.00000,0.00000,0.00000,0.00000,0.00000,0.00000,0.00000,0.00000,0.00000,0.00000,0.00000,0.00000,0.00000,0.00000,0.00000,0.00000,0.00000,0.00000,0.00000,0.00000,0.00000,0.00000,0.00000
1.6000,1,1,0.00,0.00,33.33,0.09749,0.06091,0.55766,0.55653,0.55653,1.3000,0,0,0.19333,-0.09847,0.02948,0.19328,-0.09849,0.02887,0.73,0.01,0.55653,0.56237,-0.12948,0.49789,1.20335,0.00000,1.00000,0.56209,-0.13729,0.49724,1.21093,0.00000,1.00000,28,0.19220,-0.10000,0.01494,0.21490,0.08010,0,0.97137,0.00000,-0.00000,-0.23758,virtual,0,417.31,304.52,417.31,304.52,417.31,304.52,417.31,304.52,417.31,304.52,417.31,304.52,417.31,304.52,417.31,304.52,417.31,304.52,417.31,304.52,417.31,304.52,417.31,304.52,417.31,304.52,417.31,304.52,417.31,304.52,417.31,304.52,417.31,304.52,417.31,304.52,417.31,304.52,417.31,304.52,417.31,304.52,0.00000,0.00000,0.00000,0.00000,0.00000,0.00000,0.00000,0.00000,0.00000,0.00000,0.00000,0.00000,0.00000,0.00000,0.00000,0.00000,0.00000,0.00000,0.00000,0.00000,0.00000,0.00000,0.00000,0.00000,0.00000,0.00000,0.00000,0.00000,0.00000,0.00000,0.00000,0.00000,0.00000,0.00000,0.00000,0.00000,0.00000,0.00000,0.00000,0.00000,0.00000,0.00000,0.00000,0.00000,0.00000,0.00000,0.00000,0.00000,0.00000,0.00000,0.00000,0.00000,0.00000,0.00000,0.00000,0.00000,0.00000,0.00000,0.00000,0.00000,0.00000,0.00000,0.00000,0.00000,0.00000,0.00000,0.00000,0.00000,0.00000,0.00000,0.00000,0.00000,0.00000,0.00000,0.00000,0.00000,0.00000,0.00000,0.00000,0.00000,0.00000,0.00000,0.00000,0.00000
1.6333,1,1,0.00,0.00,33.33,0.09798,0.06499,0.55850,0.55934,0.55934,1.3000,0,0,0.19291,-0.09896,0.02540,0.19259,-0.09869,0.02508,0.72,0.01,0.55934,0.56526,-0.12560,0.52374,1.17089,0.00000,1.00000,0.56534,-0.12595,0.51667,1.18020,0.00000,1.00000,28,0.19220,-0.10000,0.01494,0.21490,0.08010,0,0.97137,0.00000,-0.00000,-0.23758,virtual,0,417.58,308.44,417.58,308.44,417.58,308.44,417.58,308.44,417.58,308.44,417.58,308.44,417.58,308.44,417.58,308.44,417.58,308.44,417.58,308.44,417.58,308.44,417.58,308.44,417.58,308.44,417.58,308.44,417.58,308.44,417.58,308.44,417.58,308.44,417.58,308.44,417.58,308.44,417.58,308.44,417.58,308.44,0.00000,0.00000,0.00000,0.00000,0.00000,0.00000,0.00000,0.00000,0.00000,0.00000,0.00000,0.00000,0.00000,0.00000,0.00000,0.00000,0.00000,0.00000,0.00000,0.00000,0.00000,0.00000,0.00000,0.00000,0.00000,0.00000,0.00000,0.00000,0.00000,0.00000,0.00000,0.00000,0.00000,0.00000,0.00000,0.00000,0.00000,0.00000,0.00000,0.00000,0.00000,0.00000,0.00000,0.00000,0.00000,0.00000,0.00000,0.00000,0.00000,0.00000,0.00000,0.00000,0.00000,0.00000,0.00000,0.00000,0.00000,0.00000,0.00000,0.00000,0.00000,0.00000,0.00000,0.00000,0.00000,0.00000,0.00000,0.00000,0.00000,0.00000,0.00000,0.00000,0.00000,0.00000,0.00000,0.00000,0.00000,0.00000,0.00000,0.00000,0.00000,0.00000,0.00000,0.00000
1.6667,1,1,0.00,0.00,33.33,0.09836,0.06899,0.55866,0.55883,0.55883,1.3000,0,0,0.19282,-0.09934,0.02140,0.19246,-0.09907,0.02075,0.75,0.01,0.55883,0.56742,-0.10420,0.53379,1.14453,0.00000,1.00000,0.56743,-0.11226,0.53298,1.15019,0.00000,1.00000,28,0.19220,-0.10000,0.01494,0.21490,0.08010,0,0.97137,0.00000,-0.00000,-0.23758,virtual,0,417.94,312.39,417.94,312.39,417.94,312.39,417.94,312.39,417.94,312.39,417.94,312.39,417.94,312.39,417.94,312.39,417.94,312.39,417.94,312.39,417.94,312.39,417.94,312.39,417.94,312.39,417.94,312.39,417.94,312.39,417.94,312.39,417.94,312.39,417.94,312.39,417.94,312.39,417.94,312.39,417.94,312.39,0.00000,0.00000,0.00000,0.00000,0.00000,0.00000,0.00000,0.00000,0.00000,0.00000,0.00000,0.00000,0.00000,0.00000,0.00000,0.00000,0.00000,0.00000,0.00000,0.00000,0.00000,0.00000,0.00000,0.00000,0.00000,0.00000,0.00000,0.00000,0.00000,0.00000,0.00000,0.00000,0.00000,0.00000,0.00000,0.00000,0.00000,0.00000,0.00000,0.00000,0.00000,0.00000,0.00000,0.00000,0.00000,0.00000,0.00000,0.00000,0.00000,0.00000,0.00000,0.00000,0.00000,0.00000,0.00000,0.00000,0.00000,0.00000,0.00000,0.00000,0.00000,0.00000,0.00000,0.00000,0.00000,0.00000,0.00000,0.00000,0.00000,0.00000,0.00000,0.00000,0.00000,0.00000,0.00000,0.00000,0.00000,0.00000,0.00000,0.00000,0.00000,0.00000,0.00000,0.00000
1.7000,1,1,0.00,0.00,33.33,0.09900,0.07318,0.56021,0.56176,0.56176,1.3000,0,0,0.19205,-0.09998,0.01721,0.19139,-0.09940,0.01699,0.77,0.01,0.56176,0.57211,-0.10009,0.55969,1.11189,0.00001,1.00000,0.57245,-0.10027,0.55295,1.11826,0.00000,1.00000,28,0.19220,-0.10000,0.01494,0.21490,0.08010,0,0.97137,-0.00000,0.00000,-0.23758,virtual,0,418.32,316.33,418.32,316.33,418.32,316.33,418.32,316.33,418.32,316.33,418.32,316.33,418.32,316.33,418.32,316.33,418.32,316.33,418.32,316.33,418.32,316.33,418.32,316.33,418.32,316.33,418.32,316.33,418.32,316.33,418.32,316.33,418.32,316.33,418.32,316.33,418.32,316.33,418.32,316.33,418.32,316.33,0.00000,0.00000,0.00000,0.00000,0.00000,0.00000,0.00000,0.00000,0.00000,0.00000,0.00000,0.00000,0.00000,0.00000,0.00000,0.00000,0.00000,0.00000,0.00000,0.00000,0.00000,0.00000,0.00000,0.00000,0.00000,0.00000,0.00000,0.00000,0.00000,0.00000,0.00000,0.00000,0.00000,0.00000,0.00000,0.00000,0.00000,0.00000,0.00000,0.00000,0.00000,0.00000,0.00000,0.00000,0.00000,0.00000,0.00000,0.00000,0.00000,0.00000,0.00000,0.00000,0.00000,0.00000,0.00000,0.00000,0.00000,0.00000,0.00000,0.00000,0.00000,0.00000,0.00000,0.00000,0.00000,0.00000,0.00000,0.00000,0.00000,0.00000,0.00000,0.00000,0.00000,0.00000,0.00000,0.00000,0.00000,0.00000,0.00000,0.00000,0.00000,0.00000,0.00000,0.00000
1.7333,1,1,0.00,0.00,33.33,0.09919,0.07696,0.55825,0.55630,0.55630,1.3000,0,0,0.19303,-0.10017,0.01343,0.19306,-0.10028,0.01303,0.83,0.00,0.55630,0.57120,-0.07139,0.55913,1.08254,0.00000,1.00000,0.57089,-0.07936,0.55948,1.09072,0.00000,1.00000,28,0.19220,-0.10000,0.01494,0.21490,0.08010,0,0.97137,-0.00000,0.00000,-0.23758,virtual,0,419.01,320.44,419.01,320.44,419.01,320.44,419.01,320.44,419.01,320.44,419.01,320.44,419.01,320.44,419.01,320.44,419.01,320.44,419.01,320.44,419.01,320.44,419.01,320.44,419.01,320.44,419.01,320.44,419.01,320.44,419.01,320.44,419.01,320.44,419.01,320.44,419.01,320.44,419.01,320.44,419.01,320.44,0.00000,0.00000,0.00000,0.00000,0.00000,0.00000,0.00000,0.00000,0.00000,0.00000,0.00000,0.00000,0.00000,0.00000,0.00000,0.00000,0.00000,0.00000,0.00000,0.00000,0.00000,0.00000,0.00000,0.00000,0.00000,0.00000,0.00000,0.00000,0.00000,0.00000,0.00000,0.00000,0.00000,0.00000,0.00000,0.00000,0.00000,0.00000,0.00000,0.00000,0.00000,0.00000,0.00000,0.00000,0.00000,0.00000,0.00000,0.00000,0.00000,0.00000,0.00000,0.00000,0.00000,0.00000,0.00000,0.00000,0.00000,0.00000,0.00000,0.00000,0.00000,0.00000,0.00000,0.00000,0.00000,0.00000,0.00000,0.00000,0.00000,0.00000,0.00000,0.00000,0.00000,0.00000,0.00000,0.00000,0.00000,0.00000,0.00000,0.00000,0.00000,0.00000,0.00000,0.00000
1.7667,1,1,0.00,0.00,33.33,0.09942,0.07896,0.55805,0.55784,0.55784,1.3000,0,0,0.19313,-0.10040,0.01143,0.19300,-0.10027,0.01212,0.49,0.00,0.55784,0.57133,-0.06834,0.56308,1.07552,0.00000,0.99999,0.57149,-0.06715,0.56397,1.07402,0.00000,1.00000,28,0.19220,-0.10000,0.01494,0.21490,0.08010,0,0.97137,-0.00000,0.00000,-0.23758,virtual,0,419.01,320.44,419.01,320.44,419.01,320.44,419.01,320.44,419.01,320.44,419.01,320.44,419.01,320.44,419.01,320.44,419.01,320.44,419.01,320.44,419.01,320.44,419.01,320.44,419.01,320.44,419.01,320.44,419.01,320.44,419.01,320.44,419.01,320.44,419.01,320.44,419.01,320.44,419.01,320.44,419.01,320.44,0.00000,0.00000,0.00000,0.00000,0.00000,0.00000,0.00000,0.00000,0.00000,0.00000,0.00000,0.00000,0.00000,0.00000,0.00000,0.00000,0.00000,0.00000,0.00000,0.00000,0.00000,0.00000,0.00000,0.00000,0.00000,0.00000,0.00000,0.00000,0.00000,0.00000,0.00000,0.00000,0.00000,0.00000,0.00000,0.00000,0.00000,0.00000,0.00000,0.00000,0.00000,0.00000,0.00000,0.00000,0.00000,0.00000,0.00000,0.00000,0.00000,0.00000,0.00000,0.00000,0.00000,0.00000,0.00000,0.00000,0.00000,0.00000,0.00000,0.00000,0.00000,0.00000,0.00000,0.00000,0.00000,0.00000,0.00000,0.00000,0.00000,0.00000,0.00000,0.00000,0.00000,0.00000,0.00000,0.00000,0.00000,0.00000,0.00000,0.00000,0.00000,0.00000,0.00000,0.00000
1.8000,1,1,0.00,0.00,33.33,0.09942,0.07986,0.55728,0.55651,0.55651,1.3000,0,0,0.19352,-0.10040,0.01053,0.19279,-0.09996,0.01014,0.26,0.00,0.55651,0.57054,-0.05616,0.56470,1.06737,0.00000,1.00000,0.57047,-0.05927,0.56378,1.06628,0.00000,1.00000,28,0.19220,-0.10000,0.01494,0.21490,0.08010,0,0.97137,-0.00000,0.00000,-0.23758,virtual,0,419.01,320.44,419.01,320.44,419.01,320.44,419.01,320.44,419.01,320.44,419.01,320.44,419.01,320.44,419.01,320.44,419.01,320.44,419.01,320.44,419.01,320.44,419.01,320.44,419.01,320.44,419.01,320.44,419.01,320.44,419.01,320.44,419.01,320.44,419.01,320.44,419.01,320.44,419.01,320.44,419.01,320.44,0.00000,0.00000,0.00000,0.00000,0.00000,0.00000,0.00000,0.00000,0.00000,0.00000,0.00000,0.00000,0.00000,0.00000,0.00000,0.00000,0.00000,0.00000,0.00000,0.00000,0.00000,0.00000,0.00000,0.00000,0.00000,0.00000,0.00000,0.00000,0.00000,0.00000,0.00000,0.00000,0.00000,0.00000,0.00000,0.00000,0.00000,0.00000,0.00000,0.00000,0.00000,0.00000,0.00000,0.00000,0.00000,0.00000,0.00000,0.00000,0.00000,0.00000,0.00000,0.00000,0.00000,0.00000,0.00000,0.00000,0.00000,0.00000,0.00000,0.00000,0.00000,0.00000,0.00000,0.00000,0.00000,0.00000,0.00000,0.00000,0.00000,0.00000,0.00000,0.00000,0.00000,0.00000,0.00000,0.00000,0.00000,0.00000,0.00000,0.00000,0.00000,0.00000,0.00000,0.00000
1.8333,1,1,0.00,0.00,33.33,0.09923,0.08016,0.55582,0.55437,0.55437,1.1583,0,0,0.19425,-0.10020,0.01023,0.19412,-0.10017,0.01023,0.15,0.00,0.55437,0.56761,-0.05252,0.56010,1.06357,-0.00000,1.00000,0.56760,-0.05317,0.55991,1.06402,0.00000,1.00000,28,0.19220,-0.10000,0.01494,0.21490,0.08010,0,0.97137,-0.00000,0.00000,-0.23758,virtual,0,419.01,320.44,419.01,320.44,419.01,320.44,419.01,320.44,419.01,320.44,419.01,320.44,419.01,320.44,419.01,320.44,419.01,320.44,419.01,320.44,419.01,320.44,419.01,320.44,419.01,320.44,419.01,320.44,419.01,320.44,419.01,320.44,419.01,320.44,419.01,320.44,419.01,320.44,419.01,320.44,419.01,320.44,0.00000,0.00000,0.00000,0.00000,0.00000,0.00000,0.00000,0.00000,0.00000,0.00000,0.00000,0.00000,0.00000,0.00000,0.00000,0.00000,0.00000,0.00000,0.00000,0.00000,0.00000,0.00000,0.00000,0.00000,0.00000,0.00000,0.00000,0.00000,0.00000,0.00000,0.00000,0.00000,0.00000,0.00000,0.00000,0.00000,0.00000,0.00000,0.00000,0.00000,0.00000,0.00000,0.00000,0.00000,0.00000,0.00000,0.00000,0.00000,0.00000,0.00000,0.00000,0.00000,0.00000,0.00000,0.00000,0.00000,0.00000,0.00000,0.00000,0.00000,0.00000,0.00000,0.00000,0.00000,0.00000,0.00000,0.00000,0.00000,0.00000,0.00000,0.00000,0.00000,0.00000,0.00000,0.00000,0.00000,0.00000,0.00000,0.00000,0.00000,0.00000,0.00000,0.00000,0.00000
1.8667,1,1,0.00,0.00,33.33,0.09940,0.08052,0.55660,0.55737,0.55737,1.0167,0,0,0.19386,-0.10038,0.01000,0.19417,-0.10014,0.01026,0.49,0.00,0.55737,0.56733,-0.05261,0.55991,1.06374,-0.00000,1.00000,0.56760,-0.05317,0.55991,1.06402,0.00000,1.00000,28,0.19220,-0.10000,0.01494,0.21490,0.08010,0,0.97137,-0.00000,0.00000,-0.23758,virtual,0,419.01,320.44,419.01,320.44,419.01,320.44,419.01,320.44,419.01,320.44,419.01,320.44,419.01,320.44,419.01,320.44,419.01,320.44,419.01,320.44,419.01,320.44,419.01,320.44,419.01,320.44,419.01,320.44,419.01,320.44,419.01,320.44,419.01,320.44,419.01,320.44,419.01,320.44,419.01,320.44,419.01,320.44,0.00000,0.00000,0.00000,0.00000,0.00000,0.00000,0.00000,0.00000,0.00000,0.00000,0.00000,0.00000,0.00000,0.00000,0.00000,0.00000,0.00000,0.00000,0.00000,0.00000,0.00000,0.00000,0.00000,0.00000,0.00000,0.00000,0.00000,0.00000,0.00000,0.00000,0.00000,0.00000,0.00000,0.00000,0.00000,0.00000,0.00000,0.00000,0.00000,0.00000,0.00000,0.00000,0.00000,0.00000,0.00000,0.00000,0.00000,0.00000,0.00000,0.00000,0.00000,0.00000,0.00000,0.00000,0.00000,0.00000,0.00000,0.00000,0.00000,0.00000,0.00000,0.00000,0.00000,0.00000,0.00000,0.00000,0.00000,0.00000,0.00000,0.00000,0.00000,0.00000,0.00000,0.00000,0.00000,0.00000,0.00000,0.00000,0.00000,0.00000,0.00000,0.00000,0.00000,0.00000
1.9000,1,1,0.00,0.00,33.33,0.09940,0.08064,0.55653,0.55646,0.55646,0.8750,0,0,0.19386,-0.10038,0.01000,0.19404,-0.10013,0.01025,0.49,0.00,0.55646,0.56766,-0.05283,0.56028,1.06408,0.00000,1.00000,0.56760,-0.05317,0.55991,1.06402,0.00000,1.00000,28,0.19220,-0.10000,0.01494,0.21490,0.08010,0,0.97137,-0.00000,0.00000,-0.23758,virtual,1,419.01,320.44,419.01,320.44,419.01,320.44,419.01,320.44,419.01,320.44,419.01,320.44,419.01,320.44,419.01,320.44,419.01,320.44,419.01,320.44,419.01,320.44,419.01,320.44,419.01,320.44,419.01,320.44,419.01,320.44,419.01,320.44,419.01,320.44,419.01,320.44,419.01,320.44,419.01,320.44,419.01,320.44,0.00000,0.00000,0.00000,0.00000,0.00000,0.00000,0.00000,0.00000,0.00000,0.00000,0.00000,0.00000,0.00000,0.00000,0.00000,0.00000,0.00000,0.00000,0.00000,0.00000,0.00000,0.00000,0.00000,0.00000,0.00000,0.00000,0.00000,0.00000,0.00000,0.00000,0.00000,0.00000,0.00000,0.00000,0.00000,0.00000,0.00000,0.00000,0.00000,0.00000,0.00000,0.00000,0.00000,0.00000,0.00000,0.00000,0.00000,0.00000,0.00000,0.00000,0.00000,0.00000,0.00000,0.00000,0.00000,0.00000,0.00000,0.00000,0.00000,0.00000,0.00000,0.00000,0.00000,0.00000,0.00000,0.00000,0.00000,0.00000,0.00000,0.00000,0.00000,0.00000,0.00000,0.00000,0.00000,0.00000,0.00000,0.00000,0.00000,0.00000,0.00000,0.00000,0.00000,0.00000
1.9333,1,1,0.00,0.00,33.33,0.09933,0.08064,0.55606,0.55560,0.55560,0.7333,0,0,0.19386,-0.10038,0.01000,0.19407,-0.10014,0.01025,0.49,0.00,0.55560,0.56758,-0.05279,0.56020,1.06400,0.00000,1.00000,0.56760,-0.05317,0.55991,1.06402,0.00000,1.00000,28,0.19220,-0.10000,0.01494,0.21490,0.08010,0,0.97137,-0.00000,0.00000,-0.23758,virtual,0,419.01,320.44,419.01,320.44,419.01,320.44,419.01,320.44,419.01,320.44,419.01,320.44,419.01,320.44,419.01,320.44,419.01,320.44,419.01,320.44,419.01,320.44,419.01,320.44,419.01,320.44,419.01,320.44,419.01,320.44,419.01,320.44,419.01,320.44,419.01,320.44,419.01,320.44,419.01,320.44,419.01,320.44,0.00000,0.00000,0.00000,0.00000,0.00000,0.00000,0.00000,0.00000,0.00000,0.00000,0.00000,0.00000,0.00000,0.00000,0.00000,0.00000,0.00000,0.00000,0.00000,0.00000,0.00000,0.00000,0.00000,0.00000,0.00000,0.00000,0.00000,0.00000,0.00000,0.00000,0.00000,0.00000,0.00000,0.00000,0.00000,0.00000,0.00000,0.00000,0.00000,0.00000,0.00000,0.00000,0.00000,0.00000,0.00000,0.00000,0.00000,0.00000,0.00000,0.00000,0.00000,0.00000,0.00000,0.00000,0.00000,0.00000,0.00000,0.00000,0.00000,0.00000,0.00000,0.00000,0.00000,0.00000,0.00000,0.00000,0.00000,0.00000,0.00000,0.00000,0.00000,0.00000,0.00000,0.00000,0.00000,0.00000,0.00000,0.00000,0.00000,0.00000,0.00000,0.00000,0.00000,0.00000
1.9667,1,1,0.00,0.00,33.33,0.09957,0.08086,0.55738,0.55871,0.55871,0.5917,0,0,0.19320,-0.10062,0.01000,0.19316,-0.10040,0.00986,0.06,0.00,0.55871,0.57148,-0.05499,0.56592,1.06147,0.00001,0.99999,0.57201,-0.05618,0.56630,1.06071,0.00000,1.00000,28,0.19220,-0.10000,0.01494,0.21490,0.08010,0,0.97137,-0.00000,0.00000,-0.23758,virtual,0,419.01,320.44,419.01,320.44,419.01,320.44,419.01,320.44,419.01,320.44,419.01,320.44,419.01,320.44,419.01,320.44,419.01,320.44,419.01,320.44,419.01,320.44,419.01,320.44,419.01,320.44,419.01,320.44,419.01,320.44,419.01,320.44,419.01,320.44,419.01,320.44,419.01,320.44,419.01,320.44,419.01,320.44,0.00000,0.00000,0.00000,0.00000,0.00000,0.00000,0.00000,0.00000,0.00000,0.00000,0.00000,0.00000,0.00000,0.00000,0.00000,0.00000,0.00000,0.00000,0.00000,0.00000,0.00000,0.00000,0.00000,0.00000,0.00000,0.00000,0.00000,0.00000,0.00000,0.00000,0.00000,0.00000,0.00000,0.00000,0.00000,0.00000,0.00000,0.00000,0.00000,0.00000,0.00000,0.00000,0.00000,0.00000,0.00000,0.00000,0.00000,0.00000,0.00000,0.00000,0.00000,0.00000,0.00000,0.00000,0.00000,0.00000,0.00000,0.00000,0.00000,0.00000,0.00000,0.00000,0.00000,0.00000,0.00000,0.00000,0.00000,0.00000,0.00000,0.00000,0.00000,0.00000,0.00000,0.00000,0.00000,0.00000,0.00000,0.00000,0.00000,0.00000,0.00000,0.00000,0.00000,0.00000
2.0000,1,1,0.00,0.00,33.33,0.10305,0.08370,0.57687,0.59636,0.59636,0.4500,0,1,0.19320,-0.10062,0.01000,0.19308,-0.10053,0.00988,0.06,0.00,0.59636,0.57227,-0.05574,0.56676,1.06078,0.00000,0.94597,0.57201,-0.05618,0.56630,1.06071,0.00000,-0.17000,28,0.19220,-0.10000,0.01494,0.21490,0.08010,0,0.97137,0.00000,-0.00000,-0.23758,virtual,1,419.01,320.44,419.01,320.44,419.01,320.44,419.01,320.44,419.01,320.44,419.01,320.44,419.01,320.44,419.01,320.44,419.01,320.44,419.01,320.44,419.01,320.44,419.01,320.44,419.01,320.44,419.01,320.44,419.01,320.44,419.01,320.44,419.01,320.44,419.01,320.44,419.01,320.44,419.01,320.44,419.01,320.44,0.00000,0.00000,0.00000,0.00000,0.00000,0.00000,0.00000,0.00000,0.00000,0.00000,0.00000,0.00000,0.00000,0.00000,0.00000,0.00000,0.00000,0.00000,0.00000,0.00000,0.00000,0.00000,0.00000,0.00000,0.00000,0.00000,0.00000,0.00000,0.00000,0.00000,0.00000,0.00000,0.00000,0.00000,0.00000,0.00000,0.00000,0.00000,0.00000,0.00000,0.00000,0.00000,0.00000,0.00000,0.00000,0.00000,0.00000,0.00000,0.00000,0.00000,0.00000,0.00000,0.00000,0.00000,0.00000,0.00000,0.00000,0.00000,0.00000,0.00000,0.00000,0.00000,0.00000,0.00000,0.00000,0.00000,0.00000,0.00000,0.00000,0.00000,0.00000,0.00000,0.00000,0.00000,0.00000,0.00000,0.00000,0.00000,0.00000,0.00000,0.00000,0.00000,0.00000,0.00000
2.0333,1,1,0.00,0.00,33.33,0.10461,0.08498,0.58558,0.59428,0.59428,0.4500,0,1,0.19320,-0.10062,0.01000,0.19317,-0.10051,0.00992,0.06,0.00,0.59428,0.57195,-0.05582,0.56657,1.06070,0.00000,0.85186,0.57201,-0.05618,0.56630,1.06071,0.00000,-0.17000,28,0.19220,-0.10000,0.01494,0.21490,0.08010,0,0.97137,0.00000,-0.00000,-0.23758,virtual,1,419.01,320.44,419.01,320.44,419.01,320.44,419.01,320.44,419.01,320.44,419.01,320.44,419.01,320.44,419.01,320.44,419.01,320.44,419.01,320.44,419.01,320.44,419.01,320.44,419.01,320.44,419.01,320.44,419.01,320.44,419.01,320.44,419.01,320.44,419.01,320.44,419.01,320.44,419.01,320.44,419.01,320.44,0.00000,0.00000,0.00000,0.00000,0.00000,0.00000,0.00000,0.00000,0.00000,0.00000,0.00000,0.00000,0.00000,0.00000,0.00000,0.00000,0.00000,0.00000,0.00000,0.00000,0.00000,0.00000,0.00000,0.00000,0.00000,0.00000,0.00000,0.00000,0.00000,0.00000,0.00000,0.00000,0.00000,0.00000,0.00000,0.00000,0.00000,0.00000,0.00000,0.00000,0.00000,0.00000,0.00000,0.00000,0.00000,0.00000,0.00000,0.00000,0.00000,0.00000,0.00000,0.00000,0.00000,0.00000,0.00000,0.00000,0.00000,0.00000,0.00000,0.00000,0.00000,0.00000,0.00000,0.00000,0.00000,0.00000,0.00000,0.00000,0.00000,0.00000,0.00000,0.00000,0.00000,0.00000,0.00000,0.00000,0.00000,0.00000,0.00000,0.00000,0.00000,0.00000,0.00000,0.00000
2.0667,1,1,0.00,0.00,33.33,0.10562,0.08580,0.59126,0.59695,0.59695,0.4500,0,1,0.19320,-0.10062,0.01000,0.19314,-0.10052,0.00991,0.06,0.00,0.59695,0.57206,-0.05583,0.56664,1.06069,-0.00000,0.71378,0.57201,-0.05618,0.56630,1.06071,0.00000,-0.17000,28,0.19220,-0.10000,0.01494,0.21490,0.08010,0,0.97137,0.00000,-0.00000,-0.23758,virtual,1,419.01,320.44,419.01,320.44,419.01,320.44,419.01,320.44,419.01,320.44,419.01,320.44,419.01,320.44,419.01,320.44,419.01,320.44,419.01,320.44,419.01,320.44,419.01,320.44,419.01,320.44,419.01,320.44,419.01,320.44,419.01,320.44,419.01,320.44,419.01,320.44,419.01,320.44,419.01,320.44,419.01,320.44,0.00000,0.00000,0.00000,0.00000,0.00000,0.00000,0.00000,0.00000,0.00000,0.00000,0.00000,0.00000,0.00000,0.00000,0.00000,0.00000,0.00000,0.00000,0.00000,0.00000,0.00000,0.00000,0.00000,0.00000,0.00000,0.00000,0.00000,0.00000,0.00000,0.00000,0.00000,0.00000,0.00000,0.00000,0.00000,0.00000,0.00000,0.00000,0.00000,0.00000,0.00000,0.00000,0.00000,0.00000,0.00000,0.00000,0.00000,0.00000,0.00000,0.00000,0.00000,0.00000,0.00000,0.00000,0.00000,0.00000,0.00000,0.00000,0.00000,0.00000,0.00000,0.00000,0.00000,0.00000,0.00000,0.00000,0.00000,0.00000,0.00000,0.00000,0.00000,0.00000,0.00000,0.00000,0.00000,0.00000,0.00000,0.00000,0.00000,0.00000,0.00000,0.00000,0.00000,0.00000
2.1000,1,1,0.00,0.00,33.33,0.10634,0.08639,0.59528,0.59930,0.59930,0.4500,0,1,0.19320,-0.10062,0.01000,0.19314,-0.10051,0.00990,0.06,0.00,0.59930,0.57203,-0.05580,0.56663,1.06071,-0.00000,0.56016,0.57201,-0.05618,0.56630,1.06071,0.00000,-0.17000,28,0.19220,-0.10000,0.01494,0.21490,0.08010,0,0.97137,0.00000,-0.00000,-0.23758,virtual,1,419.01,320.44,419.01,320.44,419.01,320.44,419.01,320.44,419.01,320.44,419.01,320.44,419.01,320.44,419.01,320.44,419.01,320.44,419.01,320.44,419.01,320.44,419.01,320.44,419.01,320.44,419.01,320.44,419.01,320.44,419.01,320.44,419.01,320.44,419.01,320.44,419.01,320.44,419.01,320.44,419.01,320.44,0.00000,0.00000,0.00000,0.00000,0.00000,0.00000,0.00000,0.00000,0.00000,0.00000,0.00000,0.00000,0.00000,0.00000,0.00000,0.00000,0.00000,0.00000,0.00000,0.00000,0.00000,0.00000,0.00000,0.00000,0.00000,0.00000,0.00000,0.00000,0.00000,0.00000,0.00000,0.00000,0.00000,0.00000,0.00000,0.00000,0.00000,0.00000,0.00000,0.00000,0.00000,0.00000,0.00000,0.00000,0.00000,0.00000,0.00000,0.00000,0.00000,0.00000,0.00000,0.00000,0.00000,0.00000,0.00000,0.00000,0.00000,0.00000,0.00000,0.00000,0.00000,0.00000,0.00000,0.00000,0.00000,0.00000,0.00000,0.00000,0.00000,0.00000,0.00000,0.00000,0.00000,0.00000,0.00000,0.00000,0.00000,0.00000,0.00000,0.00000,0.00000,0.00000,0.00000,0.00000
2.1333,1,1,0.00,0.00,33.33,0.10645,0.08648,0.59591,0.59653,0.59653,0.4500,0,1,0.19320,-0.10062,0.01000,0.19314,-0.10051,0.00990,0.06,0.00,0.59653,0.57202,-0.05579,0.56663,1.06072,-0.00000,0.42225,0.57201,-0.05618,0.56630,1.06071,0.00000,-0.17000,28,0.19220,-0.10000,0.01494,0.21490,0.08010,0,0.97137,0.00000,-0.00000,-0.23758,virtual,1,419.01,320.44,419.01,320.44,419.01,320.44,419.01,320.44,419.01,320.44,419.01,320.44,419.01,320.44,419.01,320.44,419.01,320.44,419.01,320.44,419.01,320.44,419.01,320.44,419.01,320.44,419.01,320.44,419.01,320.44,419.01,320.44,419.01,320.44,419.01,320.44,419.01,320.44,419.01,320.44,419.01,320.44,0.00000,0.00000,0.00000,0.00000,0.00000,0.00000,0.00000,0.00000,0.00000,0.00000,0.00000,0.00000,0.00000,0.00000,0.00000,0.00000,0.00000,0.00000,0.00000,0.00000,0.00000,0.00000,0.00000,0.00000,0.00000,0.00000,0.00000,0.00000,0.00000,0.00000,0.00000,0.00000,0.00000,0.00000,0.00000,0.00000,0.00000,0.00000,0.00000,0.00000,0.00000,0.00000,0.00000,0.00000,0.00000,0.00000,0.00000,0.00000,0.00000,0.00000,0.00000,0.00000,0.00000,0.00000,0.00000,0.00000,0.00000,0.00000,0.00000,0.00000,0.00000,0.00000,0.00000,0.00000,0.00000,0.00000,0.00000,0.00000,0.00000,0.00000,0.00000,0.00000,0.00000,0.00000,0.00000,0.00000,0.00000,0.00000,0.00000,0.00000,0.00000,0.00000,0.00000,0.00000
2.1667,1,1,0.00,0.00,33.33,0.10610,0.08620,0.59394,0.59197,0.59197,0.4500,0,1,0.19320,-0.10062,0.01000,0.19314,-0.10051,0.00990,0.06,0.00,0.59197,0.57201,-0.05579,0.56662,1.06072,-0.00000,0.25767,0.57201,-0.05618,0.56630,1.06071,0.00000,-0.17000,28,0.19220,-0.10000,0.01494,0.21490,0.08010,0,0.97137,0.00000,-0.00000,-0.23758,virtual,1,419.01,320.44,419.01,320.44,419.01,320.44,419.01,320.44,419.01,320.44,419.01,320.44,419.01,320.44,419.01,320.44,419.01,320.44,419.01,320.44,419.01,320.44,419.01,320.44,419.01,320.44,419.01,320.44,419.01,320.44,419.01,320.44,419.01,320.44,419.01,320.44,419.01,320.44,419.01,320.44,419.01,320.44,0.00000,0.00000,0.00000,0.00000,0.00000,0.00000,0.00000,0.00000,0.00000,0.00000,0.00000,0.00000,0.00000,0.00000,0.00000,0.00000,0.00000,0.00000,0.00000,0.00000,0.00000,0.00000,0.00000,0.00000,0.00000,0.00000,0.00000,0.00000,0.00000,0.00000,0.00000,0.00000,0.00000,0.00000,0.00000,0.00000,0.00000,0.00000,0.00000,0.00000,0.00000,0.00000,0.00000,0.00000,0.00000,0.00000,0.00000,0.00000,0.00000,0.00000,0.00000,0.00000,0.00000,0.00000,0.00000,0.00000,0.00000,0.00000,0.00000,0.00000,0.00000,0.00000,0.00000,0.00000,0.00000,0.00000,0.00000,0.00000,0.00000,0.00000,0.00000,0.00000,0.00000,0.00000,0.00000,0.00000,0.00000,0.00000,0.00000,0.00000,0.00000,0.00000,0.00000,0.00000
2.2000,1,1,0.00,0.00,33.33,0.10623,0.08630,0.59467,0.59540,0.59540,0.4500,0,1,0.19320,-0.10062,0.01000,0.19302,-0.10042,0.00980,0.06,0.00,0.59540,0.57198,-0.05542,0.56698,1.06093,0.00003,0.15590,0.57201,-0.05618,0.56630,1.06071,0.00000,-0.17000,28,0.18793,-0.09713,0.01481,0.21490,0.08010,0,0.97359,0.00443,0.00175,-0.22823,virtual,1,419.01,320.44,419.01,320.44,419.01,320.44,419.01,320.44,419.01,320.44,419.01,320.44,419.01,320.44,419.01,320.44,419.01,320.44,419.01,320.44,419.01,320.44,419.01,320.44,419.01,320.44,419.01,320.44,419.01,320.44,419.01,320.44,419.01,320.44,419.01,320.44,419.01,320.44,419.01,320.44,419.01,320.44,0.00000,0.00000,0.00000,0.00000,0.00000,0.00000,0.00000,0.00000,0.00000,0.00000,0.00000,0.00000,0.00000,0.00000,0.00000,0.00000,0.00000,0.00000,0.00000,0.00000,0.00000,0.00000,0.00000,0.00000,0.00000,0.00000,0.00000,0.00000,0.00000,0.00000,0.00000,0.00000,0.00000,0.00000,0.00000,0.00000,0.00000,0.00000,0.00000,0.00000,0.00000,0.00000,0.00000,0.00000,0.00000,0.00000,0.00000,0.00000,0.00000,0.00000,0.00000,0.00000,0.00000,0.00000,0.00000,0.00000,0.00000,0.00000,0.00000,0.00000,0.00000,0.00000,0.00000,0.00000,0.00000,0.00000,0.00000,0.00000,0.00000,0.00000,0.00000,0.00000,0.00000,0.00000,0.00000,0.00000,0.00000,0.00000,0.00000,0.00000,0.00000,0.00000,0.00000,0.00000
2.2333,1,1,0.00,0.00,33.33,0.10644,0.08647,0.59581,0.59694,0.59694,0.4500,0,1,0.19320,-0.10062,0.01000,0.19311,-0.10047,0.00992,0.06,0.00,0.59694,0.57195,-0.05603,0.56676,1.06101,0.00003,0.16922,0.57201,-0.05618,0.56630,1.06071,0.00000,-0.17000,28,0.18829,-0.09740,0.01492,0.21490,0.08010,0,0.97247,0.00381,0.00004,-0.23299,virtual,1,419.01,320.44,419.01,320.44,419.01,320.44,419.01,320.44,419.01,320.44,419.01,320.44,419.01,320.44,419.01,320.44,419.01,320.44,419.01,320.44,419.01,320.44,419.01,320.44,419.01,320.44,419.01,320.44,419.01,320.44,419.01,320.44,419.01,320.44,419.01,320.44,419.01,320.44,419.01,320.44,419.01,320.44,0.00000,0.00000,0.00000,0.00000,0.00000,0.00000,0.00000,0.00000,0.00000,0.00000,0.00000,0.00000,0.00000,0.00000,0.00000,0.00000,0.00000,0.00000,0.00000,0.00000,0.00000,0.00000,0.00000,0.00000,0.00000,0.00000,0.00000,0.00000,0.00000,0.00000,0.00000,0.00000,0.00000,0.00000,0.00000,0.00000,0.00000,0.00000,0.00000,0.00000,0.00000,0.00000,0.00000,0.00000,0.00000,0.00000,0.00000,0.00000,0.00000,0.00000,0.00000,0.00000,0.00000,0.00000,0.00000,0.00000,0.00000,0.00000,0.00000,0.00000,0.00000,0.00000,0.00000,0.00000,0.00000,0.00000,0.00000,0.00000,0.00000,0.00000,0.00000,0.00000,0.00000,0.00000,0.00000,0.00000,0.00000,0.00000,0.00000,0.00000,0.00000,0.00000,0.00000,0.00000
2.2667,1,1,0.00,0.00,33.33,0.10638,0.08643,0.59551,0.59522,0.59522,0.4500,0,1,0.19320,-0.10062,0.01000,0.19311,-0.10048,0.00989,0.06,0.00,0.59522,0.57196,-0.05579,0.56671,1.06088,0.00003,0.17701,0.57201,-0.05618,0.56630,1.06071,0.00000,-0.17000,28,0.18853,-0.09756,0.01489,0.21490,0.08010,0,0.97158,0.00328,-0.00173,-0.23670,virtual,1,419.01,320.44,419.01,320.44,419.01,320.44,419.01,320.44,419.01,320.44,419.01,320.44,419.01,320.44,419.01,320.44,419.01,320.44,419.01,320.44,419.01,320.44,419.01,320.44,419.01,320.44,419.01,320.44,419.01,320.44,419.01,320.44,419.01,320.44,419.01,320.44,419.01,320.44,419.01,320.44,419.01,320.44,0.00000,0.00000,0.00000,0.00000,0.00000,0.00000,0.00000,0.00000,0.00000,0.00000,0.00000,0.00000,0.00000,0.00000,0.00000,0.00000,0.00000,0.00000,0.00000,0.00000,0.00000,0.00000,0.00000,0.00000,0.00000,0.00000,0.00000,0.00000,0.00000,0.00000,0.00000,0.00000,0.00000,0.00000,0.00000,0.00000,0.00000,0.00000,0.00000,0.00000,0.00000,0.00000,0.00000,0.00000,0.00000,0.00000,0.00000,0.00000,0.00000,0.00000,0.00000,0.00000,0.00000,0.00000,0.00000,0.00000,0.00000,0.00000,0.00000,0.00000,0.00000,0.00000,0.00000,0.00000,0.00000,0.00000,0.00000,0.00000,0.00000,0.00000,0.00000,0.00000,0.00000,0.00000,0.00000,0.00000,0.00000,0.00000,0.00000,0.00000,0.00000,0.00000,0.00000,0.00000
2.3000,1,1,0.00,0.00,33.33,0.10652,0.08654,0.59627,0.59703,0.59703,0.4500,0,1,0.19320,-0.10062,0.01000,0.19314,-0.10050,0.00991,0.06,0.00,0.59703,0.57199,-0.05583,0.56661,1.06079,0.00003,0.17694,0.57201,-0.05618,0.56630,1.06071,0.00000,-0.17000,28,0.18856,-0.09759,0.01490,0.21490,0.08010,0,0.97103,0.00290,-0.00363,-0.23893,virtual,1,419.01,320.44,419.01,320.44,419.01,320.44,419.01,320.44,419.01,320.44,419.01,320.44,419.01,320.44,419.01,320.44,419.01,320.44,419.01,320.44,419.01,320.44,419.01,320.44,419.01,320.44,419.01,320.44,419.01,320.44,419.01,320.44,419.01,320.44,419.01,320.44,419.01,320.44,419.01,320.44,419.01,320.44,0.00000,0.00000,0.00000,0.00000,0.00000,0.00000,0.00000,0.00000,0.00000,0.00000,0.00000,0.00000,0.00000,0.00000,0.00000,0.00000,0.00000,0.00000,0.00000,0.00000,0.00000,0.00000,0.00000,0.00000,0.00000,0.00000,0.00000,0.00000,0.00000,0.00000,0.00000,0.00000,0.00000,0.00000,0.00000,0.00000,0.00000,0.00000,0.00000,0.00000,0.00000,0.00000,0.00000,0.00000,0.00000,0.00000,0.00000,0.00000,0.00000,0.00000,0.00000,0.00000,0.00000,0.00000,0.00000,0.00000,0.00000,0.00000,0.00000,0.00000,0.00000,0.00000,0.00000,0.00000,0.00000,0.00000,0.00000,0.00000,0.00000,0.00000,0.00000,0.00000,0.00000,0.00000,0.00000,0.00000,0.00000,0.00000,0.00000,0.00000,0.00000,0.00000,0.00000,0.00000
2.3333,1,1,0.00,0.00,33.33,0.10662,0.08662,0.59686,0.59746,0.59746,0.4500,0,1,0.19320,-0.10062,0.01000,0.19316,-0.10052,0.00992,0.06,0.00,0.59746,0.57200,-0.05586,0.56657,1.06075,0.00003,0.17623,0.57201,-0.05618,0.56630,1.06071,0.00000,-0.17000,28,0.18856,-0.09759,0.01491,0.21490,0.08010,0,0.97061,0.00264,-0.00510,-0.24060,virtual,1,419.01,320.44,419.01,320.44,419.01,320.44,419.01,320.44,419.01,320.44,419.01,320.44,419.01,320.44,419.01,320.44,419.01,320.44,419.01,320.44,419.01,320.44,419.01,320.44,419.01,320.44,419.01,320.44,419.01,320.44,419.01,320.44,419.01,320.44,419.01,320.44,419.01,320.44,419.01,320.44,419.01,320.44,0.00000,0.00000,0.00000,0.00000,0.00000,0.00000,0.00000,0.00000,0.00000,0.00000,0.00000,0.00000,0.00000,0.00000,0.00000,0.00000,0.00000,0.00000,0.00000,0.00000,0.00000,0.00000,0.00000,0.00000,0.00000,0.00000,0.00000,0.00000,0.00000,0.00000,0.00000,0.00000,0.00000,0.00000,0.00000,0.00000,0.00000,0.00000,0.00000,0.00000,0.00000,0.00000,0.00000,0.00000,0.00000,0.00000,0.00000,0.00000,0.00000,0.00000,0.00000,0.00000,0.00000,0.00000,0.00000,0.00000,0.00000,0.00000,0.00000,0.00000,0.00000,0.00000,0.00000,0.00000,0.00000,0.00000,0.00000,0.00000,0.00000,0.00000,0.00000,0.00000,0.00000,0.00000,0.00000,0.00000,0.00000,0.00000,0.00000,0.00000,0.00000,0.00000,0.00000,0.00000
2.3667,1,1,0.00,0.00,33.33,0.10657,0.08658,0.59654,0.59622,0.59622,0.4500,0,1,0.19320,-0.10062,0.01000,0.19317,-0.10053,0.00993,0.06,0.00,0.59622,0.57202,-0.05589,0.56654,1.06072,0.00004,0.17560,0.57201,-0.05618,0.56630,1.06071,0.00000,-0.17000,28,0.18854,-0.09759,0.01491,0.21490,0.08010,0,0.97014,0.00236,-0.00663,-0.24245,virtual,1,419.01,320.44,419.01,320.44,419.01,320.44,419.01,320.44,419.01,320.44,419.01,320.44,419.01,320.44,419.01,320.44,419.01,320.44,419.01,320.44,419.01,320.44,419.01,320.44,419.01,320.44,419.01,320.44,419.01,320.44,419.01,320.44,419.01,320.44,419.01,320.44,419.01,320.44,419.01,320.44,419.01,320.44,0.00000,0.00000,0.00000,0.00000,0.00000,0.00000,0.00000,0.00000,0.00000,0.00000,0.00000,0.00000,0.00000,0.00000,0.00000,0.00000,0.00000,0.00000,0.00000,0.00000,0.00000,0.00000,0.00000,0.00000,0.00000,0.00000,0.00000,0.00000,0.00000,0.00000,0.00000,0.00000,0.00000,0.00000,0.00000,0.00000,0.00000,0.00000,0.00000,0.00000,0.00000,0.00000,0.00000,0.00000,0.00000,0.00000,0.00000,0.00000,0.00000,0.00000,0.00000,0.00000,0.00000,0.00000,0.00000,0.00000,0.00000,0.00000,0.00000,0.00000,0.00000,0.00000,0.00000,0.00000,0.00000,0.00000,0.00000,0.00000,0.00000,0.00000,0.00000,0.00000,0.00000,0.00000,0.00000,0.00000,0.00000,0.00000,0.00000,0.00000,0.00000,0.00000,0.00000,0.00000
2.4000,1,1,0.00,0.00,33.33,0.10650,0.08652,0.59619,0.59583,0.59583,0.4500,0,1,0.19320,-0.10062,0.01000,0.19317,-0.10053,0.00994,0.06,0.00,0.59583,0.57203,-0.05591,0.56652,1.06072,0.00004,0.17509,0.57201,-0.05618,0.56630,1.06071,0.00000,-0.17000,28,0.18852,-0.09758,0.01491,0.21490,0.08010,0,0.96969,0.00207,-0.00800,-0.24422,virtual,0,419.01,320.44,419.01,320.44,419.01,320.44,419.01,320.44,419.01,320.44,419.01,320.44,419.01,320.44,419.01,320.44,419.01,320.44,419.01,320.44,419.01,320.44,419.01,320.44,419.01,320.44,419.01,320.44,419.01,320.44,419.01,320.44,419.01,320.44,419.01,320.44,419.01,320.44,419.01,320.44,419.01,320.44,0.00000,0.00000,0.00000,0.00000,0.00000,0.00000,0.00000,0.00000,0.00000,0.00000,0.00000,0.00000,0.00000,0.00000,0.00000,0.00000,0.00000,0.00000,0.00000,0.00000,0.00000,0.00000,0.00000,0.00000,0.00000,0.00000,0.00000,0.00000,0.00000,0.00000,0.00000,0.00000,0.00000,0.00000,0.00000,0.00000,0.00000,0.00000,0.00000,0.00000,0.00000,0.00000,0.00000,0.00000,0.00000,0.00000,0.00000,0.00000,0.00000,0.00000,0.00000,0.00000,0.00000,0.00000,0.00000,0.00000,0.00000,0.00000,0.00000,0.00000,0.00000,0.00000,0.00000,0.00000,0.00000,0.00000,0.00000,0.00000,0.00000,0.00000,0.00000,0.00000,0.00000,0.00000,0.00000,0.00000,0.00000,0.00000,0.00000,0.00000,0.00000,0.00000,0.00000,0.00000
2.4333,1,1,0.00,0.00,33.33,0.10639,0.08643,0.59555,0.59492,0.59492,0.4500,0,1,0.19352,-0.10050,0.01009,0.19317,-0.10054,0.00994,0.30,0.00,0.59492,0.57204,-0.05591,0.56651,1.06072,0.00004,0.17469,0.57201,-0.05618,0.56630,1.06071,0.00000,-0.17000,28,0.18851,-0.09757,0.01491,0.21490,0.08010,0,0.96931,0.00183,-0.00905,-0.24567,virtual,0,419.01,320.44,419.01,320.44,419.01,320.44,419.01,320.44,419.01,320.44,419.01,320.44,419.01,320.44,419.01,320.44,419.01,320.44,419.01,320.44,419.01,320.44,419.01,320.44,419.01,320.44,419.01,320.44,419.01,320.44,419.01,320.44,419.01,320.44,419.01,320.44,419.01,320.44,419.01,320.44,419.01,320.44,0.00000,0.00000,0.00000,0.00000,0.00000,0.00000,0.00000,0.00000,0.00000,0.00000,0.00000,0.00000,0.00000,0.00000,0.00000,0.00000,0.00000,0.00000,0.00000,0.00000,0.00000,0.00000,0.00000,0.00000,0.00000,0.00000,0.00000,0.00000,0.00000,0.00000,0.00000,0.00000,0.00000,0.00000,0.00000,0.00000,0.00000,0.00000,0.00000,0.00000,0.00000,0.00000,0.00000,0.00000,0.00000,0.00000,0.00000,0.00000,0.00000,0.00000,0.00000,0.00000,0.00000,0.00000,0.00000,0.00000,0.00000,0.00000,0.00000,0.00000,0.00000,0.00000,0.00000,0.00000,0.00000,0.00000,0.00000,0.00000,0.00000,0.00000,0.00000,0.00000,0.00000,0.00000,0.00000,0.00000,0.00000,0.00000,0.00000,0.00000,0.00000,0.00000,0.00000,0.00000
2.4667,1,1,0.00,0.00,33.33,0.10590,0.08603,0.59280,0.59005,0.59005,0.4500,0,1,0.19489,-0.10001,0.01049,0.19510,-0.10010,0.01056,0.10,0.00,0.59005,0.56443,-0.05051,0.55521,1.06405,0.00001,0.17391,0.56511,-0.05004,0.55492,1.06584,0.00000,-0.17000,28,0.19005,-0.09721,0.01540,0.21490,0.08010,0,0.96959,0.00077,-0.01009,-0.24452,virtual,0,419.01,320.44,419.01,320.44,419.01,320.44,419.01,320.44,419.01,320.44,419.01,320.44,419.01,320.44,419.01,320.44,419.01,320.44,419.01,320.44,419.01,320.44,419.01,320.44,419.01,320.44,419.01,320.44,419.01,320.44,419.01,320.44,419.01,320.44,419.01,320.44,419.01,320.44,419.01,320.44,419.01,320.44,0.00000,0.00000,0.00000,0.00000,0.00000,0.00000,0.00000,0.00000,0.00000,0.00000,0.00000,0.00000,0.00000,0.00000,0.00000,0.00000,0.00000,0.00000,0.00000,0.00000,0.00000,0.00000,0.00000,0.00000,0.00000,0.00000,0.00000,0.00000,0.00000,0.00000,0.00000,0.00000,0.00000,0.00000,0.00000,0.00000,0.00000,0.00000,0.00000,0.00000,0.00000,0.00000,0.00000,0.00000,0.00000,0.00000,0.00000,0.00000,0.00000,0.00000,0.00000,0.00000,0.00000,0.00000,0.00000,0.00000,0.00000,0.00000,0.00000,0.00000,0.00000,0.00000,0.00000,0.00000,0.00000,0.00000,0.00000,0.00000,0.00000,0.00000,0.00000,0.00000,0.00000,0.00000,0.00000,0.00000,0.00000,0.00000,0.00000,0.00000,0.00000,0.00000,0.00000,0.00000
2.5000,1,1,0.00,0.00,33.33,0.10601,0.08612,0.59341,0.59403,0.59403,0.4500,0,1,0.19458,-0.10012,0.01040,0.19479,-0.09997,0.01042,0.25,0.00,0.59403,0.56476,-0.04957,0.55504,1.06576,-0.00000,0.17317,0.56511,-0.05004,0.55492,1.06584,0.00000,-0.17000,28,0.19001,-0.09712,0.01532,0.21490,0.08010,0,0.96916,0.00050,-0.01007,-0.24624,virtual,0,419.01,320.44,419.01,320.44,419.01,320.44,419.01,320.44,419.01,320.44,419.01,320.44,419.01,320.44,419.01,320.44,419.01,320.44,419.01,320.44,419.01,320.44,419.01,320.44,419.01,320.44,419.01,320.44,419.01,320.44,419.01,320.44,419.01,320.44,419.01,320.44,419.01,320.44,419.01,320.44,419.01,320.44,0.00000,0.00000,0.00000,0.00000,0.00000,0.00000,0.00000,0.00000,0.00000,0.00000,0.00000,0.00000,0.00000,0.00000,0.00000,0.00000,0.00000,0.00000,0.00000,0.00000,0.00000,0.00000,0.00000,0.00000,0.00000,0.00000,0.00000,0.00000,0.00000,0.00000,0.00000,0.00000,0.00000,0.00000,0.00000,0.00000,0.00000,0.00000,0.00000,0.00000,0.00000,0.00000,0.00000,0.00000,0.00000,0.00000,0.00000,0.00000,0.00000,0.00000,0.00000,0.00000,0.00000,0.00000,0.00000,0.00000,0.00000,0.00000,0.00000,0.00000,0.00000,0.00000,0.00000,0.00000,0.00000,0.00000,0.00000,0.00000,0.00000,0.00000,0.00000,0.00000,0.00000,0.00000,0.00000,0.00000,0.00000,0.00000,0.00000,0.00000,0.00000,0.00000,0.00000,0.00000
2.5333,1,1,0.00,0.00,33.33,0.10660,0.08660,0.59671,0.60001,0.60001,0.4500,0,1,0.19294,-0.10071,0.01000,0.19274,-0.10090,0.01002,0.12,0.01,0.60001,0.57501,-0.05800,0.56833,1.06064,0.00000,0.17315,0.57292,-0.05713,0.56767,1.06035,0.00000,-0.17000,28,0.18798,-0.09797,0.01487,0.21490,0.08010,0,0.96750,0.00013,-0.01024,-0.25267,virtual,0,419.01,320.44,419.01,320.44,419.01,320.44,419.01,320.44,419.01,320.44,419.01,320.44,419.01,320.44,419.01,320.44,419.01,320.44,419.01,320.44,419.01,320.44,419.01,320.44,419.01,320.44,419.01,320.44,419.01,320.44,419.01,320.44,419.01,320.44,419.01,320.44,419.01,320.44,419.01,320.44,419.01,320.44,0.00000,0.00000,0.00000,0.00000,0.00000,0.00000,0.00000,0.00000,0.00000,0.00000,0.00000,0.00000,0.00000,0.00000,0.00000,0.00000,0.00000,0.00000,0.00000,0.00000,0.00000,0.00000,0.00000,0.00000,0.00000,0.00000,0.00000,0.00000,0.00000,0.00000,0.00000,0.00000,0.00000,0.00000,0.00000,0.00000,0.00000,0.00000,0.00000,0.00000,0.00000,0.00000,0.00000,0.00000,0.00000,0.00000,0.00000,0.00000,0.00000,0.00000,0.00000,0.00000,0.00000,0.00000,0.00000,0.00000,0.00000,0.00000,0.00000,0.00000,0.00000,0.00000,0.00000,0.00000,0.00000,0.00000,0.00000,0.00000,0.00000,0.00000,0.00000,0.00000,0.00000,0.00000,0.00000,0.00000,0.00000,0.00000,0.00000,0.00000,0.00000,0.00000,0.00000,0.00000
2.5667,1,1,0.00,0.00,33.33,0.10642,0.08645,0.59570,0.59469,0.59469,0.4500,0,1,0.19344,-0.10053,0.01015,0.19301,-0.10055,0.00994,0.46,0.01,0.59469,0.57258,-0.05734,0.56821,1.06013,0.00003,0.17300,0.57292,-0.05713,0.56767,1.06035,0.00000,-0.17000,28,0.18821,-0.09768,0.01484,0.21490,0.08010,0,0.96737,-0.00038,-0.01122,-0.25312,virtual,0,419.01,320.44,419.01,320.44,419.01,320.44,419.01,320.44,419.01,320.44,419.01,320.44,419.01,320.44,419.01,320.44,419.01,320.44,419.01,320.44,419.01,320.44,419.01,320.44,419.01,320.44,419.01,320.44,419.01,320.44,419.01,320.44,419.01,320.44,419.01,320.44,419.01,320.44,419.01,320.44,419.01,320.44,0.00000,0.00000,0.00000,0.00000,0.00000,0.00000,0.00000,0.00000,0.00000,0.00000,0.00000,0.00000,0.00000,0.00000,0.00000,0.00000,0.00000,0.00000,0.00000,0.00000,0.00000,0.00000,0.00000,0.00000,0.00000,0.00000,0.00000,0.00000,0.00000,0.00000,0.00000,0.00000,0.00000,0.00000,0.00000,0.00000,0.00000,0.00000,0.00000,0.00000,0.00000,0.00000,0.00000,0.00000,0.00000,0.00000,0.00000,0.00000,0.00000,0.00000,0.00000,0.00000,0.00000,0.00000,0.00000,0.00000,0.00000,0.00000,0.00000,0.00000,0.00000,0.00000,0.00000,0.00000,0.00000,0.00000,0.00000,0.00000,0.00000,0.00000,0.00000,0.00000,0.00000,0.00000,0.00000,0.00000,0.00000,0.00000,0.00000,0.00000,0.00000,0.00000,0.00000,0.00000
2.6000,1,1,0.00,0.00,33.33,0.10646,0.08649,0.59594,0.59618,0.59618,0.4500,0,1,0.19332,-0.10057,0.01011,0.19298,-0.10061,0.00992,0.33,0.01,0.59618,0.57295,-0.05694,0.56784,1.06032,0.00005,0.17270,0.57292,-0.05713,0.56767,1.06035,0.00000,-0.17000,28,0.18818,-0.09773,0.01481,0.21490,0.08010,0,0.96700,-0.00053,-0.01189,-0.25448,virtual,0,419.01,320.44,419.01,320.44,419.01,320.44,419.01,320.44,419.01,320.44,419.01,320.44,419.01,320.44,419.01,320.44,419.01,320.44,419.01,320.44,419.01,320.44,419.01,320.44,419.01,320.44,419.01,320.44,419.01,320.44,419.01,320.44,419.01,320.44,419.01,320.44,419.01,320.44,419.01,320.44,419.01,320.44,0.00000,0.00000,0.00000,0.00000,0.00000,0.00000,0.00000,0.00000,0.00000,0.00000,0.00000,0.00000,0.00000,0.00000,0.00000,0.00000,0.00000,0.00000,0.00000,0.00000,0.00000,0.00000,0.00000,0.00000,0.00000,0.00000,0.00000,0.00000,0.00000,0.00000,0.00000,0.00000,0.00000,0.00000,0.00000,0.00000,0.00000,0.00000,0.00000,0.00000,0.00000,0.00000,0.00000,0.00000,0.00000,0.00000,0.00000,0.00000,0.00000,0.00000,0.00000,0.00000,0.00000,0.00000,0.00000,0.00000,0.00000,0.00000,0.00000,0.00000,0.00000,0.00000,0.00000,0.00000,0.00000,0.00000,0.00000,0.00000,0.00000,0.00000,0.00000,0.00000,0.00000,0.00000,0.00000,0.00000,0.00000,0.00000,0.00000,0.00000,0.00000,0.00000,0.00000,0.00000
2.6333,1,1,0.00,0.00,33.33,0.10646,0.08649,0.59594,0.59593,0.59593,0.4500,0,1,0.19332,-0.10057,0.01011,0.19298,-0.10062,0.00994,0.33,0.01,0.59593,0.57297,-0.05702,0.56784,1.06036,0.00007,0.17247,0.57292,-0.05713,0.56767,1.06035,0.00000,-0.17000,28,0.18817,-0.09773,0.01483,0.21490,0.08010,0,0.96673,-0.00072,-0.01245,-0.25549,virtual,0,419.01,320.44,419.01,320.44,419.01,320.44,419.01,320.44,419.01,320.44,419.01,320.44,419.01,320.44,419.01,320.44,419.01,320.44,419.01,320.44,419.01,320.44,419.01,320.44,419.01,320.44,419.01,320.44,419.01,320.44,419.01,320.44,419.01,320.44,419.01,320.44,419.01,320.44,419.01,320.44,419.01,320.44,0.00000,0.00000,0.00000,0.00000,0.00000,0.00000,0.00000,0.00000,0.00000,0.00000,0.00000,0.00000,0.00000,0.00000,0.00000,0.00000,0.00000,0.00000,0.00000,0.00000,0.00000,0.00000,0.00000,0.00000,0.00000,0.00000,0.00000,0.00000,0.00000,0.00000,0.00000,0.00000,0.00000,0.00000,0.00000,0.00000,0.00000,0.00000,0.00000,0.00000,0.00000,0.00000,0.00000,0.00000,0.00000,0.00000,0.00000,0.00000,0.00000,0.00000,0.00000,0.00000,0.00000,0.00000,0.00000,0.00000,0.00000,0.00000,0.00000,0.00000,0.00000,0.00000,0.00000,0.00000,0.00000,0.00000,0.00000,0.00000,0.00000,0.00000,0.00000,0.00000,0.00000,0.00000,0.00000,0.00000,0.00000,0.00000,0.00000,0.00000,0.00000,0.00000,0.00000,0.00000
2.6667,1,1,0.00,0.00,33.33,0.10602,0.08613,0.59348,0.59102,0.59102,0.4500,0,1,0.19455,-0.10013,0.01047,0.19479,-0.10018,0.01056,0.09,0.00,0.59102,0.56569,-0.05234,0.55739,1.06364,-0.00000,0.17177,0.56660,-0.05162,0.55702,1.06532,0.00000,-0.17000,28,0.18970,-0.09739,0.01535,0.21490,0.08010,0,0.96710,-0.00188,-0.01312,-0.25403,virtual,0,419.01,320.44,419.01,320.44,419.01,320.44,419.01,320.44,419.01,320.44,419.01,320.44,419.01,320.44,419.01,320.44,419.01,320.44,419.01,320.44,419.01,320.44,419.01,320.44,419.01,320.44,419.01,320.44,419.01,320.44,419.01,320.44,419.01,320.44,419.01,320.44,419.01,320.44,419.01,320.44,419.01,320.44,0.00000,0.00000,0.00000,0.00000,0.00000,0.00000,0.00000,0.00000,0.00000,0.00000,0.00000,0.00000,0.00000,0.00000,0.00000,0.00000,0.00000,0.00000,0.00000,0.00000,0.00000,0.00000,0.00000,0.00000,0.00000,0.00000,0.00000,0.00000,0.00000,0.00000,0.00000,0.00000,0.00000,0.00000,0.00000,0.00000,0.00000,0.00000,0.00000,0.00000,0.00000,0.00000,0.00000,0.00000,0.00000,0.00000,0.00000,0.00000,0.00000,0.00000,0.00000,0.00000,0.00000,0.00000,0.00000,0.00000,0.00000,0.00000,0.00000,0.00000,0.00000,0.00000,0.00000,0.00000,0.00000,0.00000,0.00000,0.00000,0.00000,0.00000,0.00000,0.00000,0.00000,0.00000,0.00000,0.00000,0.00000,0.00000,0.00000,0.00000,0.00000,0.00000,0.00000,0.00000
2.7000,1,1,0.00,0.00,33.33,0.10628,0.08634,0.59493,0.59638,0.59638,0.4500,0,1,0.19383,-0.10039,0.01026,0.19436,-0.10011,0.01036,0.72,0.00,0.59638,0.56663,-0.05114,0.55736,1.06540,0.00000,0.17168,0.56660,-0.05162,0.55702,1.06532,0.00000,-0.17000,28,0.18947,-0.09734,0.01518,0.21490,0.08010,0,0.96669,-0.00188,-0.01223,-0.25565,virtual,0,419.01,320.44,419.01,320.44,419.01,320.44,419.01,320.44,419.01,320.44,419.01,320.44,419.01,320.44,419.01,320.44,419.01,320.44,419.01,320.44,419.01,320.44,419.01,320.44,419.01,320.44,419.01,320.44,419.01,320.44,419.01,320.44,419.01,320.44,419.01,320.44,419.01,320.44,419.01,320.44,419.01,320.44,0.00000,0.00000,0.00000,0.00000,0.00000,0.00000,0.00000,0.00000,0.00000,0.00000,0.00000,0.00000,0.00000,0.00000,0.00000,0.00000,0.00000,0.00000,0.00000,0.00000,0.00000,0.00000,0.00000,0.00000,0.00000,0.00000,0.00000,0.00000,0.00000,0.00000,0.00000,0.00000,0.00000,0.00000,0.00000,0.00000,0.00000,0.00000,0.00000,0.00000,0.00000,0.00000,0.00000,0.00000,0.00000,0.00000,0.00000,0.00000,0.00000,0.00000,0.00000,0.00000,0.00000,0.00000,0.00000,0.00000,0.00000,0.00000,0.00000,0.00000,0.00000,0.00000,0.00000,0.00000,0.00000,0.00000,0.00000,0.00000,0.00000,0.00000,0.00000,0.00000,0.00000,0.00000,0.00000,0.00000,0.00000,0.00000,0.00000,0.00000,0.00000,0.00000,0.00000,0.00000
2.7333,1,1,0.00,0.00,33.33,0.10616,0.08624,0.59424,0.59356,0.59356,0.4500,0,1,0.19417,-0.10027,0.01036,0.19439,-0.10011,0.01038,0.34,0.00,0.59356,0.56655,-0.05128,0.55730,1.06539,0.00001,0.17157,0.56660,-0.05162,0.55702,1.06532,0.00000,-0.17000,28,0.18948,-0.09735,0.01521,0.21490,0.08010,0,0.96640,-0.00211,-0.01270,-0.25672,virtual,0,419.01,320.44,419.01,320.44,419.01,320.44,419.01,320.44,419.01,320.44,419.01,320.44,419.01,320.44,419.01,320.44,419.01,320.44,419.01,320.44,419.01,320.44,419.01,320.44,419.01,320.44,419.01,320.44,419.01,320.44,419.01,320.44,419.01,320.44,419.01,320.44,419.01,320.44,419.01,320.44,419.01,320.44,0.00000,0.00000,0.00000,0.00000,0.00000,0.00000,0.00000,0.00000,0.00000,0.00000,0.00000,0.00000,0.00000,0.00000,0.00000,0.00000,0.00000,0.00000,0.00000,0.00000,0.00000,0.00000,0.00000,0.00000,0.00000,0.00000,0.00000,0.00000,0.00000,0.00000,0.00000,0.00000,0.00000,0.00000,0.00000,0.00000,0.00000,0.00000,0.00000,0.00000,0.00000,0.00000,0.00000,0.00000,0.00000,0.00000,0.00000,0.00000,0.00000,0.00000,0.00000,0.00000,0.00000,0.00000,0.00000,0.00000,0.00000,0.00000,0.00000,0.00000,0.00000,0.00000,0.00000,0.00000,0.00000,0.00000,0.00000,0.00000,0.00000,0.00000,0.00000,0.00000,0.00000,0.00000,0.00000,0.00000,0.00000,0.00000,0.00000,0.00000,0.00000,0.00000,0.00000,0.00000
2.7667,1,1,0.00,0.00,33.33,0.10644,0.08647,0.59582,0.59740,0.59740,0.4500,0,1,0.19338,-0.10055,0.01013,0.19337,-0.10061,0.01009,0.07,0.00,0.59740,0.57183,-0.05466,0.56375,1.06241,0.00001,0.17144,0.57115,-0.05562,0.56467,1.06180,0.00000,-0.17000,28,0.18860,-0.09775,0.01504,0.21490,0.08010,0,0.96548,-0.00238,-0.01277,-0.26015,virtual,0,419.01,320.44,419.01,320.44,419.01,320.44,419.01,320.44,419.01,320.44,419.01,320.44,419.01,320.44,419.01,320.44,419.01,320.44,419.01,320.44,419.01,320.44,419.01,320.44,419.01,320.44,419.01,320.44,419.01,320.44,419.01,320.44,419.01,320.44,419.01,320.44,419.01,320.44,419.01,320.44,419.01,320.44,0.00000,0.00000,0.00000,0.00000,0.00000,0.00000,0.00000,0.00000,0.00000,0.00000,0.00000,0.00000,0.00000,0.00000,0.00000,0.00000,0.00000,0.00000,0.00000,0.00000,0.00000,0.00000,0.00000,0.00000,0.00000,0.00000,0.00000,0.00000,0.00000,0.00000,0.00000,0.00000,0.00000,0.00000,0.00000,0.00000,0.00000,0.00000,0.00000,0.00000,0.00000,0.00000,0.00000,0.00000,0.00000,0.00000,0.00000,0.00000,0.00000,0.00000,0.00000,0.00000,0.00000,0.00000,0.00000,0.00000,0.00000,0.00000,0.00000,0.00000,0.00000,0.00000,0.00000,0.00000,0.00000,0.00000,0.00000,0.00000,0.00000,0.00000,0.00000,0.00000,0.00000,0.00000,0.00000,0.00000,0.00000,0.00000,0.00000,0.00000,0.00000,0.00000,0.00000,0.00000
2.8000,1,1,0.00,0.00,33.33,0.10636,0.08640,0.59537,0.59492,0.59492,0.4500,0,1,0.19361,-0.10047,0.01019,0.19341,-0.10046,0.01008,0.19,0.00,0.59492,0.57100,-0.05546,0.56482,1.06174,0.00002,0.17136,0.57115,-0.05562,0.56467,1.06180,0.00000,-0.17000,28,0.18856,-0.09761,0.01504,0.21490,0.08010,0,0.96526,-0.00287,-0.01337,-0.26095,virtual,0,419.01,320.44,419.01,320.44,419.01,320.44,419.01,320.44,419.01,320.44,419.01,320.44,419.01,320.44,419.01,320.44,419.01,320.44,419.01,320.44,419.01,320.44,419.01,320.44,419.01,320.44,419.01,320.44,419.01,320.44,419.01,320.44,419.01,320.44,419.01,320.44,419.01,320.44,419.01,320.44,419.01,320.44,0.00000,0.00000,0.00000,0.00000,0.00000,0.00000,0.00000,0.00000,0.00000,0.00000,0.00000,0.00000,0.00000,0.00000,0.00000,0.00000,0.00000,0.00000,0.00000,0.00000,0.00000,0.00000,0.00000,0.00000,0.00000,0.00000,0.00000,0.00000,0.00000,0.00000,0.00000,0.00000,0.00000,0.00000,0.00000,0.00000,0.00000,0.00000,0.00000,0.00000,0.00000,0.00000,0.00000,0.00000,0.00000,0.00000,0.00000,0.00000,0.00000,0.00000,0.00000,0.00000,0.00000,0.00000,0.00000,0.00000,0.00000,0.00000,0.00000,0.00000,0.00000,0.00000,0.00000,0.00000,0.00000,0.00000,0.00000,0.00000,0.00000,0.00000,0.00000,0.00000,0.00000,0.00000,0.00000,0.00000,0.00000,0.00000,0.00000,0.00000,0.00000,0.00000,0.00000,0.00000
2.8333,1,1,0.00,0.00,33.33,0.10638,0.08642,0.59550,0.59562,0.59562,0.4500,0,1,0.19354,-0.10049,0.01018,0.19339,-0.10048,0.01006,0.12,0.00,0.59562,0.57116,-0.05538,0.56484,1.06175,0.00003,0.17116,0.57115,-0.05562,0.56467,1.06180,0.00000,-0.17000,28,0.18852,-0.09761,0.01503,0.21490,0.08010,0,0.96501,-0.00314,-0.01363,-0.26184,virtual,0,419.01,320.44,419.01,320.44,419.01,320.44,419.01,320.44,419.01,320.44,419.01,320.44,419.01,320.44,419.01,320.44,419.01,320.44,419.01,320.44,419.01,320.44,419.01,320.44,419.01,320.44,419.01,320.44,419.01,320.44,419.01,320.44,419.01,320.44,419.01,320.44,419.01,320.44,419.01,320.44,419.01,320.44,0.00000,0.00000,0.00000,0.00000,0.00000,0.00000,0.00000,0.00000,0.00000,0.00000,0.00000,0.00000,0.00000,0.00000,0.00000,0.00000,0.00000,0.00000,0.00000,0.00000,0.00000,0.00000,0.00000,0.00000,0.00000,0.00000,0.00000,0.00000,0.00000,0.00000,0.00000,0.00000,0.00000,0.00000,0.00000,0.00000,0.00000,0.00000,0.00000,0.00000,0.00000,0.00000,0.00000,0.00000,0.00000,0.00000,0.00000,0.00000,0.00000,0.00000,0.00000,0.00000,0.00000,0.00000,0.00000,0.00000,0.00000,0.00000,0.00000,0.00000,0.00000,0.00000,0.00000,0.00000,0.00000,0.00000,0.00000,0.00000,0.00000,0.00000,0.00000,0.00000,0.00000,0.00000,0.00000,0.00000,0.00000,0.00000,0.00000,0.00000,0.00000,0.00000,0.00000,0.00000
2.8667,1,1,0.00,0.00,33.33,0.10614,0.08623,0.59418,0.59287,0.59287,0.4500,0,1,0.19420,-0.10026,0.01037,0.19338,-0.10048,0.01006,0.84,0.00,0.59287,0.57118,-0.05542,0.56489,1.06175,0.00004,0.17095,0.57115,-0.05562,0.56467,1.06180,0.00000,-0.17000,28,0.18850,-0.09760,0.01503,0.21490,0.08010,0,0.96474,-0.00347,-0.01388,-0.26280,virtual,0,419.01,320.44,419.01,320.44,419.01,320.44,419.01,320.44,419.01,320.44,419.01,320.44,419.01,320.44,419.01,320.44,419.01,320.44,419.01,320.44,419.01,320.44,419.01,320.44,419.01,320.44,419.01,320.44,419.01,320.44,419.01,320.44,419.01,320.44,419.01,320.44,419.01,320.44,419.01,320.44,419.01,320.44,0.00000,0.00000,0.00000,0.00000,0.00000,0.00000,0.00000,0.00000,0.00000,0.00000,0.00000,0.00000,0.00000,0.00000,0.00000,0.00000,0.00000,0.00000,0.00000,0.00000,0.00000,0.00000,0.00000,0.00000,0.00000,0.00000,0.00000,0.00000,0.00000,0.00000,0.00000,0.00000,0.00000,0.00000,0.00000,0.00000,0.00000,0.00000,0.00000,0.00000,0.00000,0.00000,0.00000,0.00000,0.00000,0.00000,0.00000,0.00000,0.00000,0.00000,0.00000,0.00000,0.00000,0.00000,0.00000,0.00000,0.00000,0.00000,0.00000,0.00000,0.00000,0.00000,0.00000,0.00000,0.00000,0.00000,0.00000,0.00000,0.00000,0.00000,0.00000,0.00000,0.00000,0.00000,0.00000,0.00000,0.00000,0.00000,0.00000,0.00000,0.00000,0.00000,0.00000,0.00000
2.9000,1,1,0.00,0.00,33.33,0.10672,0.08670,0.59740,0.60061,0.60061,0.4500,0,1,0.19259,-0.10083,0.01000,0.19337,-0.10048,0.01006,0.91,0.00,0.60061,0.57118,-0.05539,0.56487,1.06179,0.00004,0.17079,0.57115,-0.05562,0.56467,1.06180,0.00000,-0.17000,28,0.18849,-0.09759,0.01503,0.21490,0.08010,0,0.96449,-0.00379,-0.01409,-0.26371,virtual,0,419.01,320.44,419.01,320.44,419.01,320.44,419.01,320.44,419.01,320.44,419.01,320.44,419.01,320.44,419.01,320.44,419.01,320.44,419.01,320.44,419.01,320.44,419.01,320.44,419.01,320.44,419.01,320.44,419.01,320.44,419.01,320.44,419.01,320.44,419.01,320.44,419.01,320.44,419.01,320.44,419.01,320.44,0.00000,0.00000,0.00000,0.00000,0.00000,0.00000,0.00000,0.00000,0.00000,0.00000,0.00000,0.00000,0.00000,0.00000,0.00000,0.00000,0.00000,0.00000,0.00000,0.00000,0.00000,0.00000,0.00000,0.00000,0.00000,0.00000,0.00000,0.00000,0.00000,0.00000,0.00000,0.00000,0.00000,0.00000,0.00000,0.00000,0.00000,0.00000,0.00000,0.00000,0.00000,0.00000,0.00000,0.00000,0.00000,0.00000,0.00000,0.00000,0.00000,0.00000,0.00000,0.00000,0.00000,0.00000,0.00000,0.00000,0.00000,0.00000,0.00000,0.00000,0.00000,0.00000,0.00000,0.00000,0.00000,0.00000,0.00000,0.00000,0.00000,0.00000,0.00000,0.00000,0.00000,0.00000,0.00000,0.00000,0.00000,0.00000,0.00000,0.00000,0.00000,0.00000,0.00000,0.00000
2.9333,1,1,0.00,0.00,33.33,0.10712,0.08702,0.59964,0.60187,0.60187,0.4500,0,1,0.19147,-0.10123,0.01000,0.19135,-0.10150,0.01023,0.16,0.00,0.60187,0.58185,-0.06729,0.57764,1.05912,0.00002,0.17074,0.57959,-0.06416,0.57639,1.05864,0.00000,-0.17000,28,0.18661,-0.09849,0.01532,0.21490,0.08010,0,0.96286,-0.00403,-0.01480,-0.26955,virtual,0,419.01,320.44,419.01,320.44,419.01,320.44,419.01,320.44,419.01,320.44,419.01,320.44,419.01,320.44,419.01,320.44,419.01,320.44,419.01,320.44,419.01,320.44,419.01,320.44,419.01,320.44,419.01,320.44,419.01,320.44,419.01,320.44,419.01,320.44,419.01,320.44,419.01,320.44,419.01,320.44,419.01,320.44,0.00000,0.00000,0.00000,0.00000,0.00000,0.00000,0.00000,0.00000,0.00000,0.00000,0.00000,0.00000,0.00000,0.00000,0.00000,0.00000,0.00000,0.00000,0.00000,0.00000,0.00000,0.00000,0.00000,0.00000,0.00000,0.00000,0.00000,0.00000,0.00000,0.00000,0.00000,0.00000,0.00000,0.00000,0.00000,0.00000,0.00000,0.00000,0.00000,0.00000,0.00000,0.00000,0.00000,0.00000,0.00000,0.00000,0.00000,0.00000,0.00000,0.00000,0.00000,0.00000,0.00000,0.00000,0.00000,0.00000,0.00000,0.00000,0.00000,0.00000,0.00000,0.00000,0.00000,0.00000,0.00000,0.00000,0.00000,0.00000,0.00000,0.00000,0.00000,0.00000,0.00000,0.00000,0.00000,0.00000,0.00000,0.00000,0.00000,0.00000,0.00000,0.00000,0.00000,0.00000
2.9667,1,1,0.00,0.00,33.33,0.10685,0.08469,0.59838,0.59712,0.59712,0.4500,0,1,0.19210,-0.10096,0.01233,0.19208,-0.10110,0.01219,0.34,0.00,0.59712,0.57786,-0.06973,0.56404,1.07706,0.00000,0.17058,0.57733,-0.06922,0.56486,1.07507,0.00000,-0.17000,28,0.18706,-0.09816,0.01716,0.21490,0.08010,0,0.96296,-0.00397,-0.01396,-0.26925,virtual,0,418.93,316.45,418.93,316.45,418.93,316.45,418.93,316.45,418.93,316.45,418.93,316.45,418.93,316.45,418.93,316.45,418.93,316.45,418.93,316.45,418.93,316.45,418.93,316.45,418.93,316.45,418.93,316.45,418.93,316.45,418.93,316.45,418.93,316.45,418.93,316.45,418.93,316.45,418.93,316.45,418.93,316.45,0.00000,0.00000,0.00000,0.00000,0.00000,0.00000,0.00000,0.00000,0.00000,0.00000,0.00000,0.00000,0.00000,0.00000,0.00000,0.00000,0.00000,0.00000,0.00000,0.00000,0.00000,0.00000,0.00000,0.00000,0.00000,0.00000,0.00000,0.00000,0.00000,0.00000,0.00000,0.00000,0.00000,0.00000,0.00000,0.00000,0.00000,0.00000,0.00000,0.00000,0.00000,0.00000,0.00000,0.00000,0.00000,0.00000,0.00000,0.00000,0.00000,0.00000,0.00000,0.00000,0.00000,0.00000,0.00000,0.00000,0.00000,0.00000,0.00000,0.00000,0.00000,0.00000,0.00000,0.00000,0.00000,0.00000,0.00000,0.00000,0.00000,0.00000,0.00000,0.00000,0.00000,0.00000,0.00000,0.00000,0.00000,0.00000,0.00000,0.00000,0.00000,0.00000,0.00000,0.00000
3.0000,1,1,0.00,0.00,33.33,0.10686,0.08150,0.59878,0.59918,0.59918,0.4500,0,1,0.19190,-0.10098,0.01552,0.19200,-0.10097,0.01570,0.55,0.00,0.59918,0.57747,-0.08343,0.55112,1.10438,-0.00000,0.17037,0.57779,-0.08128,0.55420,1.09780,0.00000,-0.17000,28,0.18716,-0.09806,0.02065,0.21490,0.08010,0,0.96277,-0.00419,-0.01406,-0.26993,virtual,0,418.86,312.44,418.86,312.44,418.86,312.44,418.86,312.44,418.86,312.44,418.86,312.44,418.86,312.44,418.86,312.44,418.86,312.44,418.86,312.44,418.86,312.44,418.86,312.44,418.86,312.44,418.86,312.44,418.86,312.44,418.86,312.44,418.86,312.44,418.86,312.44,418.86,312.44,418.86,312.44,418.86,312.44,0.00000,0.00000,0.00000,0.00000,0.00000,0.00000,0.00000,0.00000,0.00000,0.00000,0.00000,0.00000,0.00000,0.00000,0.00000,0.00000,0.00000,0.00000,0.00000,0.00000,0.00000,0.00000,0.00000,0.00000,0.00000,0.00000,0.00000,0.00000,0.00000,0.00000,0.00000,0.00000,0.00000,0.00000,0.00000,0.00000,0.00000,0.00000,0.00000,0.00000,0.00000,0.00000,0.00000,0.00000,0.00000,0.00000,0.00000,0.00000,0.00000,0.00000,0.00000,0.00000,0.00000,0.00000,0.00000,0.00000,0.00000,0.00000,0.00000,0.00000,0.00000,0.00000,0.00000,0.00000,0.00000,0.00000,0.00000,0.00000,0.00000,0.00000,0.00000,0.00000,0.00000,0.00000,0.00000,0.00000,0.00000,0.00000,0.00000,0.00000,0.00000,0.00000,0.00000,0.00000
3.0333,1,1,0.00,0.00,33.33,0.10687,0.07777,0.59923,0.59968,0.59968,0.4500,0,1,0.19168,-0.10099,0.01925,0.19154,-0.10092,0.01933,0.66,0.01,0.59968,0.57862,-0.09924,0.53969,1.13214,0.00000,0.17023,0.57850,-0.09568,0.54119,1.12519,0.00000,-0.17000,28,0.18661,-0.09792,0.02422,0.21490,0.08010,0,0.96239,-0.00435,-0.01394,-0.27129,virtual,0,418.79,308.43,418.79,308.43,418.79,308.43,418.79,308.43,418.79,308.43,418.79,308.43,418.79,308.43,418.79,308.43,418.79,308.43,418.79,308.43,418.79,308.43,418.79,308.43,418.79,308.43,418.79,308.43,418.79,308.43,418.79,308.43,418.79,308.43,418.79,308.43,418.79,308.43,418.79,308.43,418.79,308.43,0.00000,0.00000,0.00000,0.00000,0.00000,0.00000,0.00000,0.00000,0.00000,0.00000,0.00000,0.00000,0.00000,0.00000,0.00000,0.00000,0.00000,0.00000,0.00000,0.00000,0.00000,0.00000,0.00000,0.00000,0.00000,0.00000,0.00000,0.00000,0.00000,0.00000,0.00000,0.00000,0.00000,0.00000,0.00000,0.00000,0.00000,0.00000,0.00000,0.00000,0.00000,0.00000,0.00000,0.00000,0.00000,0.00000,0.00000,0.00000,0.00000,0.00000,0.00000,0.00000,0.00000,0.00000,0.00000,0.00000,0.00000,0.00000,0.00000,0.00000,0.00000,0.00000,0.00000,0.00000,0.00000,0.00000,0.00000,0.00000,0.00000,0.00000,0.00000,0.00000,0.00000,0.00000,0.00000,0.00000,0.00000,0.00000,0.00000,0.00000,0.00000,0.00000,0.00000,0.00000
3.0667,1,1,0.00,0.00,33.33,0.10669,0.07364,0.59852,0.59781,0.59781,0.4500,0,1,0.19203,-0.10080,0.02339,0.19203,-0.10089,0.02328,0.67,0.01,0.59781,0.57704,-0.10696,0.51664,1.16475,-0.00000,0.17015,0.57676,-0.10816,0.52233,1.15649,0.00000,-0.17000,28,0.18716,-0.09800,0.02812,0.21490,0.08010,0,0.96229,-0.00437,-0.01335,-0.27166,virtual,0,418.74,304.44,418.74,304.44,418.74,304.44,418.74,304.44,418.74,304.44,418.74,304.44,418.74,304.44,418.74,304.44,418.74,304.44,418.74,304.44,418.74,304.44,418.74,304.44,418.74,304.44,418.74,304.44,418.74,304.44,418.74,304.44,418.74,304.44,418.74,304.44,418.74,304.44,418.74,304.44,418.74,304.44,0.00000,0.00000,0.00000,0.00000,0.00000,0.00000,0.00000,0.00000,0.00000,0.00000,0.00000,0.00000,0.00000,0.00000,0.00000,0.00000,0.00000,0.00000,0.00000,0.00000,0.00000,0.00000,0.00000,0.00000,0.00000,0.00000,0.00000,0.00000,0.00000,0.00000,0.00000,0.00000,0.00000,0.00000,0.00000,0.00000,0.00000,0.00000,0.00000,0.00000,0.00000,0.00000,0.00000,0.00000,0.00000,0.00000,0.00000,0.00000,0.00000,0.00000,0.00000,0.00000,0.00000,0.00000,0.00000,0.00000,0.00000,0.00000,0.00000,0.00000,0.00000,0.00000,0.00000,0.00000,0.00000,0.00000,0.00000,0.00000,0.00000,0.00000,0.00000,0.00000,0.00000,0.00000,0.00000,0.00000,0.00000,0.00000,0.00000,0.00000,0.00000,0.00000,0.00000,0.00000
3.1000,1,1,0.00,0.00,33.33,0.10679,0.06955,0.59948,0.60045,0.60045,0.4500,0,1,0.19155,-0.10090,0.02747,0.19116,-0.10057,0.02749,0.70,0.01,0.60045,0.57816,-0.12843,0.50740,1.19466,0.00000,0.16998,0.57841,-0.12343,0.50723,1.18690,0.00000,-0.17000,28,0.18624,-0.09757,0.03230,0.21490,0.08010,0,0.96189,-0.00469,-0.01379,-0.27305,virtual,0,418.67,300.43,418.67,300.43,418.67,300.43,418.67,300.43,418.67,300.43,418.67,300.43,418.67,300.43,418.67,300.43,418.67,300.43,418.67,300.43,418.67,300.43,418.67,300.43,418.67,300.43,418.67,300.43,418.67,300.43,418.67,300.43,418.67,300.43,418.67,300.43,418.67,300.43,418.67,300.43,418.67,300.43,0.00000,0.00000,0.00000,0.00000,0.00000,0.00000,0.00000,0.00000,0.00000,0.00000,0.00000,0.00000,0.00000,0.00000,0.00000,0.00000,0.00000,0.00000,0.00000,0.00000,0.00000,0.00000,0.00000,0.00000,0.00000,0.00000,0.00000,0.00000,0.00000,0.00000,0.00000,0.00000,0.00000,0.00000,0.00000,0.00000,0.00000,0.00000,0.00000,0.00000,0.00000,0.00000,0.00000,0.00000,0.00000,0.00000,0.00000,0.00000,0.00000,0.00000,0.00000,0.00000,0.00000,0.00000,0.00000,0.00000,0.00000,0.00000,0.00000,0.00000,0.00000,0.00000,0.00000,0.00000,0.00000,0.00000,0.00000,0.00000,0.00000,0.00000,0.00000,0.00000,0.00000,0.00000,0.00000,0.00000,0.00000,0.00000,0.00000,0.00000,0.00000,0.00000,0.00000,0.00000
3.1333,1,1,0.00,0.00,33.33,0.10688,0.06538,0.60025,0.60103,0.60103,0.4500,0,1,0.19116,-0.10099,0.03165,0.19118,-0.10104,0.03162,0.69,0.01,0.60103,0.58026,-0.13842,0.48618,1.22538,0.00000,0.16991,0.57999,-0.13770,0.49021,1.21816,0.00000,-0.17000,28,0.18633,-0.09806,0.03634,0.21490,0.08010,0,0.96138,-0.00494,-0.01398,-0.27483,virtual,0,418.65,296.44,418.65,296.44,418.65,296.44,418.65,296.44,418.65,296.44,418.65,296.44,418.65,296.44,418.65,296.44,418.65,296.44,418.65,296.44,418.65,296.44,418.65,296.44,418.65,296.44,418.65,296.44,418.65,296.44,418.65,296.44,418.65,296.44,418.65,296.44,418.65,296.44,418.65,296.44,418.65,296.44,0.00000,0.00000,0.00000,0.00000,0.00000,0.00000,0.00000,0.00000,0.00000,0.00000,0.00000,0.00000,0.00000,0.00000,0.00000,0.00000,0.00000,0.00000,0.00000,0.00000,0.00000,0.00000,0.00000,0.00000,0.00000,0.00000,0.00000,0.00000,0.00000,0.00000,0.00000,0.00000,0.00000,0.00000,0.00000,0.00000,0.00000,0.00000,0.00000,0.00000,0.00000,0.00000,0.00000,0.00000,0.00000,0.00000,0.00000,0.00000,0.00000,0.00000,0.00000,0.00000,0.00000,0.00000,0.00000,0.00000,0.00000,0.00000,0.00000,0.00000,0.00000,0.00000,0.00000,0.00000,0.00000,0.00000,0.00000,0.00000,0.00000,0.00000,0.00000,0.00000,0.00000,0.00000,0.00000,0.00000,0.00000,0.00000,0.00000,0.00000,0.00000,0.00000,0.00000,0.00000
3.1667,1,1,0.00,0.00,33.33,0.10653,0.06093,0.59861,0.59697,0.59697,0.4500,0,1,0.19199,-0.10064,0.03609,0.19203,-0.10088,0.03659,0.63,0.01,0.59697,0.57702,-0.14665,0.45674,1.26231,-0.00001,0.16980,0.57631,-0.14567,0.46413,1.25216,0.00000,-0.17000,28,0.18703,-0.09807,0.04111,0.21490,0.08010,0,0.96140,-0.00522,-0.01430,-0.27473,virtual,0,418.58,292.45,418.58,292.45,418.58,292.45,418.58,292.45,418.58,292.45,418.58,292.45,418.58,292.45,418.58,292.45,418.58,292.45,418.58,292.45,418.58,292.45,418.58,292.45,418.58,292.45,418.58,292.45,418.58,292.45,418.58,292.45,418.58,292.45,418.58,292.45,418.58,292.45,418.58,292.45,418.58,292.45,0.00000,0.00000,0.00000,0.00000,0.00000,0.00000,0.00000,0.00000,0.00000,0.00000,0.00000,0.00000,0.00000,0.00000,0.00000,0.00000,0.00000,0.00000,0.00000,0.00000,0.00000,0.00000,0.00000,0.00000,0.00000,0.00000,0.00000,0.00000,0.00000,0.00000,0.00000,0.00000,0.00000,0.00000,0.00000,0.00000,0.00000,0.00000,0.00000,0.00000,0.00000,0.00000,0.00000,0.00000,0.00000,0.00000,0.00000,0.00000,0.00000,0.00000,0.00000,0.00000,0.00000,0.00000,0.00000,0.00000,0.00000,0.00000,0.00000,0.00000,0.00000,0.00000,0.00000,0.00000,0.00000,0.00000,0.00000,0.00000,0.00000,0.00000,0.00000,0.00000,0.00000,0.00000,0.00000,0.00000,0.00000,0.00000,0.00000,0.00000,0.00000,0.00000,0.00000,0.00000
3.2000,1,1,0.00,0.00,33.33,0.10651,0.05666,0.59898,0.59935,0.59935,0.4500,0,1,0.19180,-0.10062,0.04036,0.19182,-0.10058,0.04060,0.64,0.01,0.59935,0.57625,-0.15890,0.43937,1.29154,-0.00000,0.16972,0.57650,-0.15652,0.44307,1.28411,0.00000,-0.17000,28,0.18688,-0.09775,0.04503,0.21490,0.08010,0,0.96128,-0.00557,-0.01475,-0.27511,virtual,0,418.48,288.44,418.48,288.44,418.48,288.44,418.48,288.44,418.48,288.44,418.48,288.44,418.48,288.44,418.48,288.44,418.48,288.44,418.48,288.44,418.48,288.44,418.48,288.44,418.48,288.44,418.48,288.44,418.48,288.44,418.48,288.44,418.48,288.44,418.48,288.44,418.48,288.44,418.48,288.44,418.48,288.44,0.00000,0.00000,0.00000,0.00000,0.00000,0.00000,0.00000,0.00000,0.00000,0.00000,0.00000,0.00000,0.00000,0.00000,0.00000,0.00000,0.00000,0.00000,0.00000,0.00000,0.00000,0.00000,0.00000,0.00000,0.00000,0.00000,0.00000,0.00000,0.00000,0.00000,0.00000,0.00000,0.00000,0.00000,0.00000,0.00000,0.00000,0.00000,0.00000,0.00000,0.00000,0.00000,0.00000,0.00000,0.00000,0.00000,0.00000,0.00000,0.00000,0.00000,0.00000,0.00000,0.00000,0.00000,0.00000,0.00000,0.00000,0.00000,0.00000,0.00000,0.00000,0.00000,0.00000,0.00000,0.00000,0.00000,0.00000,0.00000,0.00000,0.00000,0.00000,0.00000,0.00000,0.00000,0.00000,0.00000,0.00000,0.00000,0.00000,0.00000,0.00000,0.00000,0.00000,0.00000
3.2333,1,1,0.00,0.00,33.33,0.10589,0.05210,0.59594,0.59289,0.59289,0.4500,0,1,0.19332,-0.10001,0.04493,0.19234,-0.09943,0.04426,0.55,0.01,0.59289,0.56942,-0.15817,0.41009,1.32730,-0.00000,0.16959,0.56968,-0.15860,0.41012,1.31906,0.00000,-0.17000,28,0.18743,-0.09674,0.04888,0.21490,0.08010,0,0.96200,-0.00481,-0.01183,-0.27275,virtual,0,418.42,284.44,418.42,284.44,418.42,284.44,418.42,284.44,418.42,284.44,418.42,284.44,418.42,284.44,418.42,284.44,418.42,284.44,418.42,284.44,418.42,284.44,418.42,284.44,418.42,284.44,418.42,284.44,418.42,284.44,418.42,284.44,418.42,284.44,418.42,284.44,418.42,284.44,418.42,284.44,418.42,284.44,0.00000,0.00000,0.00000,0.00000,0.00000,0.00000,0.00000,0.00000,0.00000,0.00000,0.00000,0.00000,0.00000,0.00000,0.00000,0.00000,0.00000,0.00000,0.00000,0.00000,0.00000,0.00000,0.00000,0.00000,0.00000,0.00000,0.00000,0.00000,0.00000,0.00000,0.00000,0.00000,0.00000,0.00000,0.00000,0.00000,0.00000,0.00000,0.00000,0.00000,0.00000,0.00000,0.00000,0.00000,0.00000,0.00000,0.00000,0.00000,0.00000,0.00000,0.00000,0.00000,0.00000,0.00000,0.00000,0.00000,0.00000,0.00000,0.00000,0.00000,0.00000,0.00000,0.00000,0.00000,0.00000,0.00000,0.00000,0.00000,0.00000,0.00000,0.00000,0.00000,0.00000,0.00000,0.00000,0.00000,0.00000,0.00000,0.00000,0.00000,0.00000,0.00000,0.00000,0.00000
3.2667,1,1,0.00,0.00,33.33,0.10544,0.04759,0.59334,0.59075,0.59075,0.4500,0,1,0.19462,-0.09955,0.04944,0.19578,-0.10039,0.05102,0.52,0.01,0.59075,0.56380,-0.15953,0.36186,1.36234,-0.00000,0.16939,0.56376,-0.15921,0.37648,1.35329,0.00000,-0.17000,28,0.19065,-0.09770,0.05537,0.21490,0.08010,0,0.96235,-0.00702,-0.01869,-0.27110,virtual,0,418.50,280.42,418.50,280.42,418.50,280.42,418.50,280.42,418.50,280.42,418.50,280.42,418.50,280.42,418.50,280.42,418.50,280.42,418.50,280.42,418.50,280.42,418.50,280.42,418.50,280.42,418.50,280.42,418.50,280.42,418.50,280.42,418.50,280.42,418.50,280.42,418.50,280.42,418.50,280.42,418.50,280.42,0.00000,0.00000,0.00000,0.00000,0.00000,0.00000,0.00000,0.00000,0.00000,0.00000,0.00000,0.00000,0.00000,0.00000,0.00000,0.00000,0.00000,0.00000,0.00000,0.00000,0.00000,0.00000,0.00000,0.00000,0.00000,0.00000,0.00000,0.00000,0.00000,0.00000,0.00000,0.00000,0.00000,0.00000,0.00000,0.00000,0.00000,0.00000,0.00000,0.00000,0.00000,0.00000,0.00000,0.00000,0.00000,0.00000,0.00000,0.00000,0.00000,0.00000,0.00000,0.00000,0.00000,0.00000,0.00000,0.00000,0.00000,0.00000,0.00000,0.00000,0.00000,0.00000,0.00000,0.00000,0.00000,0.00000,0.00000,0.00000,0.00000,0.00000,0.00000,0.00000,0.00000,0.00000,0.00000,0.00000,0.00000,0.00000,0.00000,0.00000,0.00000,0.00000,0.00000,0.00000
3.3000,1,1,0.00,0.00,33.33,0.10518,0.04324,0.59290,0.59246,0.59246,0.4500,0,1,0.19484,-0.09929,0.05379,0.19417,-0.09888,0.05344,0.54,0.01,0.59246,0.56157,-0.16451,0.34798,1.39370,0.00000,0.16934,0.56167,-0.16444,0.34950,1.38555,0.00000,-0.17000,28,0.18907,-0.09618,0.05766,0.21490,0.08010,0,0.96256,-0.00526,-0.01213,-0.27075,virtual,0,418.15,276.38,418.15,276.38,418.15,276.38,418.15,276.38,418.15,276.38,418.15,276.38,418.15,276.38,418.15,276.38,418.15,276.38,418.15,276.38,418.15,276.38,418.15,276.38,418.15,276.38,418.15,276.38,418.15,276.38,418.15,276.38,418.15,276.38,418.15,276.38,418.15,276.38,418.15,276.38,418.15,276.38,0.00000,0.00000,0.00000,0.00000,0.00000,0.00000,0.00000,0.00000,0.00000,0.00000,0.00000,0.00000,0.00000,0.00000,0.00000,0.00000,0.00000,0.00000,0.00000,0.00000,0.00000,0.00000,0.00000,0.00000,0.00000,0.00000,0.00000,0.00000,0.00000,0.00000,0.00000,0.00000,0.00000,0.00000,0.00000,0.00000,0.00000,0.00000,0.00000,0.00000,0.00000,0.00000,0.00000,0.00000,0.00000,0.00000,0.00000,0.00000,0.00000,0.00000,0.00000,0.00000,0.00000,0.00000,0.00000,0.00000,0.00000,0.00000,0.00000,0.00000,0.00000,0.00000,0.00000,0.00000,0.00000,0.00000,0.00000,0.00000,0.00000,0.00000,0.00000,0.00000,0.00000,0.00000,0.00000,0.00000,0.00000,0.00000,0.00000,0.00000,0.00000,0.00000,0.00000,0.00000
3.3333,1,1,0.00,0.00,33.33,0.10543,0.03902,0.59450,0.59610,0.59610,0.4500,0,1,0.19404,-0.09954,0.05801,0.19254,-0.09854,0.05712,0.57,0.01,0.59610,0.56473,-0.17496,0.33116,1.42618,0.00000,0.16921,0.56472,-0.17346,0.32769,1.41643,0.00000,-0.17000,28,0.18766,-0.09583,0.06141,0.21490,0.08010,0,0.96205,-0.00483,-0.01004,-0.27264,virtual,0,418.26,272.36,418.26,272.36,418.26,272.36,418.26,272.36,418.26,272.36,418.26,272.36,418.26,272.36,418.26,272.36,418.26,272.36,418.26,272.36,418.26,272.36,418.26,272.36,418.26,272.36,418.26,272.36,418.26,272.36,418.26,272.36,418.26,272.36,418.26,272.36,418.26,272.36,418.26,272.36,418.26,272.36,0.00000,0.00000,0.00000,0.00000,0.00000,0.00000,0.00000,0.00000,0.00000,0.00000,0.00000,0.00000,0.00000,0.00000,0.00000,0.00000,0.00000,0.00000,0.00000,0.00000,0.00000,0.00000,0.00000,0.00000,0.00000,0.00000,0.00000,0.00000,0.00000,0.00000,0.00000,0.00000,0.00000,0.00000,0.00000,0.00000,0.00000,0.00000,0.00000,0.00000,0.00000,0.00000,0.00000,0.00000,0.00000,0.00000,0.00000,0.00000,0.00000,0.00000,0.00000,0.00000,0.00000,0.00000,0.00000,0.00000,0.00000,0.00000,0.00000,0.00000,0.00000,0.00000,0.00000,0.00000,0.00000,0.00000,0.00000,0.00000,0.00000,0.00000,0.00000,0.00000,0.00000,0.00000,0.00000,0.00000,0.00000,0.00000,0.00000,0.00000,0.00000,0.00000,0.00000,0.00000
3.3667,1,1,0.00,0.00,33.33,0.10598,0.03483,0.59649,0.59848,0.59848,0.4500,0,1,0.19305,-0.10010,0.06220,0.19400,-0.10052,0.06317,0.56,0.01,0.59848,0.56955,-0.18219,0.29519,1.45317,0.00000,0.16908,0.57001,-0.18176,0.30517,1.44723,0.00000,-0.17000,28,0.18908,-0.09759,0.06720,0.21490,0.08010,0,0.96114,-0.00735,-0.01780,-0.27539,virtual,0,418.67,268.37,418.67,268.37,418.67,268.37,418.67,268.37,418.67,268.37,418.67,268.37,418.67,268.37,418.67,268.37,418.67,268.37,418.67,268.37,418.67,268.37,418.67,268.37,418.67,268.37,418.67,268.37,418.67,268.37,418.67,268.37,418.67,268.37,418.67,268.37,418.67,268.37,418.67,268.37,418.67,268.37,0.00000,0.00000,0.00000,0.00000,0.00000,0.00000,0.00000,0.00000,0.00000,0.00000,0.00000,0.00000,0.00000,0.00000,0.00000,0.00000,0.00000,0.00000,0.00000,0.00000,0.00000,0.00000,0.00000,0.00000,0.00000,0.00000,0.00000,0.00000,0.00000,0.00000,0.00000,0.00000,0.00000,0.00000,0.00000,0.00000,0.00000,0.00000,0.00000,0.00000,0.00000,0.00000,0.00000,0.00000,0.00000,0.00000,0.00000,0.00000,0.00000,0.00000,0.00000,0.00000,0.00000,0.00000,0.00000,0.00000,0.00000,0.00000,0.00000,0.00000,0.00000,0.00000,0.00000,0.00000,0.00000,0.00000,0.00000,0.00000,0.00000,0.00000,0.00000,0.00000,0.00000,0.00000,0.00000,0.00000,0.00000,0.00000,0.00000,0.00000,0.00000,0.00000,0.00000,0.00000
3.4000,1,1,0.00,0.00,33.33,0.10642,0.03278,0.59837,0.60024,0.60024,0.4500,0,1,0.19211,-0.10053,0.06425,0.19222,-0.10045,0.06400,0.34,0.00,0.60024,0.57444,-0.18871,0.29537,1.46477,0.00000,0.16900,0.57481,-0.18851,0.29548,1.46376,0.00000,-0.17000,28,0.18747,-0.09748,0.06796,0.21490,0.08010,0,0.96037,-0.00690,-0.01552,-0.27822,virtual,0,418.67,268.37,418.67,268.37,418.67,268.37,418.67,268.37,418.67,268.37,418.67,268.37,418.67,268.37,418.67,268.37,418.67,268.37,418.67,268.37,418.67,268.37,418.67,268.37,418.67,268.37,418.67,268.37,418.67,268.37,418.67,268.37,418.67,268.37,418.67,268.37,418.67,268.37,418.67,268.37,418.67,268.37,0.00000,0.00000,0.00000,0.00000,0.00000,0.00000,0.00000,0.00000,0.00000,0.00000,0.00000,0.00000,0.00000,0.00000,0.00000,0.00000,0.00000,0.00000,0.00000,0.00000,0.00000,0.00000,0.00000,0.00000,0.00000,0.00000,0.00000,0.00000,0.00000,0.00000,0.00000,0.00000,0.00000,0.00000,0.00000,0.00000,0.00000,0.00000,0.00000,0.00000,0.00000,0.00000,0.00000,0.00000,0.00000,0.00000,0.00000,0.00000,0.00000,0.00000,0.00000,0.00000,0.00000,0.00000,0.00000,0.00000,0.00000,0.00000,0.00000,0.00000,0.00000,0.00000,0.00000,0.00000,0.00000,0.00000,0.00000,0.00000,0.00000,0.00000,0.00000,0.00000,0.00000,0.00000,0.00000,0.00000,0.00000,0.00000,0.00000,0.00000,0.00000,0.00000,0.00000,0.00000
3.4333,1,1,0.00,0.00,33.33,0.10414,0.03158,0.59668,0.59500,0.59500,0.4500,0,1,0.19295,-0.09825,0.06545,0.19305,-0.09787,0.06545,0.27,0.00,0.59500,0.56011,-0.19581,0.29204,1.47498,0.00000,0.16894,0.56311,-0.19432,0.29185,1.47325,0.00000,-0.17000,28,0.18814,-0.09488,0.06918,0.21490,0.08010,0,0.96216,-0.00684,-0.01520,-0.27197,virtual,0,414.88,268.29,414.88,268.29,414.88,268.29,414.88,268.29,414.88,268.29,414.88,268.29,414.88,268.29,414.88,268.29,414.88,268.29,414.88,268.29,414.88,268.29,414.88,268.29,414.88,268.29,414.88,268.29,414.88,268.29,414.88,268.29,414.88,268.29,414.88,268.29,414.88,268.29,414.88,268.29,414.88,268.29,0.00000,0.00000,0.00000,0.00000,0.00000,0.00000,0.00000,0.00000,0.00000,0.00000,0.00000,0.00000,0.00000,0.00000,0.00000,0.00000,0.00000,0.00000,0.00000,0.00000,0.00000,0.00000,0.00000,0.00000,0.00000,0.00000,0.00000,0.00000,0.00000,0.00000,0.00000,0.00000,0.00000,0.00000,0.00000,0.00000,0.00000,0.00000,0.00000,0.00000,0.00000,0.00000,0.00000,0.00000,0.00000,0.00000,0.00000,0.00000,0.00000,0.00000,0.00000,0.00000,0.00000,0.00000,0.00000,0.00000,0.00000,0.00000,0.00000,0.00000,0.00000,0.00000,0.00000,0.00000,0.00000,0.00000,0.00000,0.00000,0.00000,0.00000,0.00000,0.00000,0.00000,0.00000,0.00000,0.00000,0.00000,0.00000,0.00000,0.00000,0.00000,0.00000,0.00000,0.00000
3.4667,1,1,0.00,0.00,33.33,0.10053,0.03082,0.59329,0.58989,0.58989,0.4500,0,1,0.19465,-0.09464,0.06621,0.19520,-0.09388,0.06600,0.33,0.00,0.58989,0.53535,-0.19877,0.29105,1.47865,-0.00000,0.16887,0.54213,-0.19925,0.29092,1.47912,0.00000,-0.17000,28,0.19031,-0.09098,0.06969,0.21490,0.08010,0,0.96530,-0.00694,-0.01574,-0.26057,virtual,0,411.07,268.24,411.07,268.24,411.07,268.24,411.07,268.24,411.07,268.24,411.07,268.24,411.07,268.24,411.07,268.24,411.07,268.24,411.07,268.24,411.07,268.24,411.07,268.24,411.07,268.24,411.07,268.24,411.07,268.24,411.07,268.24,411.07,268.24,411.07,268.24,411.07,268.24,411.07,268.24,411.07,268.24,0.00000,0.00000,0.00000,0.00000,0.00000,0.00000,0.00000,0.00000,0.00000,0.00000,0.00000,0.00000,0.00000,0.00000,0.00000,0.00000,0.00000,0.00000,0.00000,0.00000,0.00000,0.00000,0.00000,0.00000,0.00000,0.00000,0.00000,0.00000,0.00000,0.00000,0.00000,0.00000,0.00000,0.00000,0.00000,0.00000,0.00000,0.00000,0.00000,0.00000,0.00000,0.00000,0.00000,0.00000,0.00000,0.00000,0.00000,0.00000,0.00000,0.00000,0.00000,0.00000,0.00000,0.00000,0.00000,0.00000,0.00000,0.00000,0.00000,0.00000,0.00000,0.00000,0.00000,0.00000,0.00000,0.00000,0.00000,0.00000,0.00000,0.00000,0.00000,0.00000,0.00000,0.00000,0.00000,0.00000,0.00000,0.00000,0.00000,0.00000,0.00000,0.00000,0.00000,0.00000
3.5000,1,1,0.00,0.00,33.33,0.09673,0.03043,0.59190,0.59050,0.59050,0.4500,0,1,0.19534,-0.09084,0.06660,0.19544,-0.09072,0.06634,0.34,0.00,0.59050,0.51963,-0.21014,0.30026,1.48141,-0.00000,0.16870,0.52217,-0.21050,0.29974,1.48162,0.00000,-0.17000,28,0.19058,-0.08794,0.07007,0.21490,0.08010,0,0.96711,-0.00704,-0.01609,-0.25374,virtual,0,407.22,268.20,407.22,268.20,407.22,268.20,407.22,268.20,407.22,268.20,407.22,268.20,407.22,268.20,407.22,268.20,407.22,268.20,407.22,268.20,407.22,268.20,407.22,268.20,407.22,268.20,407.22,268.20,407.22,268.20,407.22,268.20,407.22,268.20,407.22,268.20,407.22,268.20,407.22,268.20,407.22,268.20,0.00000,0.00000,0.00000,0.00000,0.00000,0.00000,0.00000,0.00000,0.00000,0.00000,0.00000,0.00000,0.00000,0.00000,0.00000,0.00000,0.00000,0.00000,0.00000,0.00000,0.00000,0.00000,0.00000,0.00000,0.00000,0.00000,0.00000,0.00000,0.00000,0.00000,0.00000,0.00000,0.00000,0.00000,0.00000,0.00000,0.00000,0.00000,0.00000,0.00000,0.00000,0.00000,0.00000,0.00000,0.00000,0.00000,0.00000,0.00000,0.00000,0.00000,0.00000,0.00000,0.00000,0.00000,0.00000,0.00000,0.00000,0.00000,0.00000,0.00000,0.00000,0.00000,0.00000,0.00000,0.00000,0.00000,0.00000,0.00000,0.00000,0.00000,0.00000,0.00000,0.00000,0.00000,0.00000,0.00000,0.00000,0.00000,0.00000,0.00000,0.00000,0.00000,0.00000,0.00000
3.5333,1,1,0.00,0.00,33.33,0.09267,0.03018,0.59050,0.58911,0.58911,0.4500,0,1,0.19604,-0.08679,0.06685,0.19556,-0.08643,0.06659,0.36,0.00,0.58911,0.49851,-0.22655,0.31512,1.48364,-0.00000,0.16862,0.50079,-0.22263,0.31027,1.48324,0.00000,-0.17000,28,0.19063,-0.08363,0.07021,0.21490,0.08010,0,0.96967,-0.00680,-0.01548,-0.24385,virtual,0,403.37,268.16,403.37,268.16,403.37,268.16,403.37,268.16,403.37,268.16,403.37,268.16,403.37,268.16,403.37,268.16,403.37,268.16,403.37,268.16,403.37,268.16,403.37,268.16,403.37,268.16,403.37,268.16,403.37,268.16,403.37,268.16,403.37,268.16,403.37,268.16,403.37,268.16,403.37,268.16,403.37,268.16,0.00000,0.00000,0.00000,0.00000,0.00000,0.00000,0.00000,0.00000,0.00000,0.00000,0.00000,0.00000,0.00000,0.00000,0.00000,0.00000,0.00000,0.00000,0.00000,0.00000,0.00000,0.00000,0.00000,0.00000,0.00000,0.00000,0.00000,0.00000,0.00000,0.00000,0.00000,0.00000,0.00000,0.00000,0.00000,0.00000,0.00000,0.00000,0.00000,0.00000,0.00000,0.00000,0.00000,0.00000,0.00000,0.00000,0.00000,0.00000,0.00000,0.00000,0.00000,0.00000,0.00000,0.00000,0.00000,0.00000,0.00000,0.00000,0.00000,0.00000,0.00000,0.00000,0.00000,0.00000,0.00000,0.00000,0.00000,0.00000,0.00000,0.00000,0.00000,0.00000,0.00000,0.00000,0.00000,0.00000,0.00000,0.00000,0.00000,0.00000,0.00000,0.00000,0.00000,0.00000
3.5667,1,1,0.00,0.00,33.33,0.08842,0.02997,0.58859,0.58668,0.58668,0.4500,0,1,0.19700,-0.08253,0.06705,0.19801,-0.08078,0.06685,0.38,0.00,0.58668,0.46415,-0.23196,0.31870,1.48462,-0.00000,0.16859,0.47744,-0.23306,0.31917,1.48474,0.00000,-0.17000,28,0.19290,-0.07822,0.07034,0.21490,0.08010,0,0.97347,-0.00669,-0.01569,-0.22818,virtual,0,399.51,268.12,399.51,268.12,399.51,268.12,399.51,268.12,399.51,268.12,399.51,268.12,399.51,268.12,399.51,268.12,399.51,268.12,399.51,268.12,399.51,268.12,399.51,268.12,399.51,268.12,399.51,268.12,399.51,268.12,399.51,268.12,399.51,268.12,399.51,268.12,399.51,268.12,399.51,268.12,399.51,268.12,0.00000,0.00000,0.00000,0.00000,0.00000,0.00000,0.00000,0.00000,0.00000,0.00000,0.00000,0.00000,0.00000,0.00000,0.00000,0.00000,0.00000,0.00000,0.00000,0.00000,0.00000,0.00000,0.00000,0.00000,0.00000,0.00000,0.00000,0.00000,0.00000,0.00000,0.00000,0.00000,0.00000,0.00000,0.00000,0.00000,0.00000,0.00000,0.00000,0.00000,0.00000,0.00000,0.00000,0.00000,0.00000,0.00000,0.00000,0.00000,0.00000,0.00000,0.00000,0.00000,0.00000,0.00000,0.00000,0.00000,0.00000,0.00000,0.00000,0.00000,0.00000,0.00000,0.00000,0.00000,0.00000,0.00000,0.00000,0.00000,0.00000,0.00000,0.00000,0.00000,0.00000,0.00000,0.00000,0.00000,0.00000,0.00000,0.00000,0.00000,0.00000,0.00000,0.00000,0.00000
3.6000,1,1,0.00,0.00,33.33,0.08437,0.02990,0.58865,0.58872,0.58872,0.4500,0,1,0.19696,-0.07848,0.06712,0.19588,-0.07830,0.06637,0.37,0.01,0.58872,0.45694,-0.25213,0.34215,1.48544,-0.00000,0.16856,0.45699,-0.24862,0.33447,1.48505,0.00000,-0.17000,28,0.19073,-0.07595,0.06987,0.21490,0.08010,0,0.97405,-0.00627,-0.01370,-0.22585,virtual,0,395.62,268.09,395.62,268.09,395.62,268.09,395.62,268.09,395.62,268.09,395.62,268.09,395.62,268.09,395.62,268.09,395.62,268.09,395.62,268.09,395.62,268.09,395.62,268.09,395.62,268.09,395.62,268.09,395.62,268.09,395.62,268.09,395.62,268.09,395.62,268.09,395.62,268.09,395.62,268.09,395.62,268.09,0.00000,0.00000,0.00000,0.00000,0.00000,0.00000,0.00000,0.00000,0.00000,0.00000,0.00000,0.00000,0.00000,0.00000,0.00000,0.00000,0.00000,0.00000,0.00000,0.00000,0.00000,0.00000,0.00000,0.00000,0.00000,0.00000,0.00000,0.00000,0.00000,0.00000,0.00000,0.00000,0.00000,0.00000,0.00000,0.00000,0.00000,0.00000,0.00000,0.00000,0.00000,0.00000,0.00000,0.00000,0.00000,0.00000,0.00000,0.00000,0.00000,0.00000,0.00000,0.00000,0.00000,0.00000,0.00000,0.00000,0.00000,0.00000,0.00000,0.00000,0.00000,0.00000,0.00000,0.00000,0.00000,0.00000,0.00000,0.00000,0.00000,0.00000,0.00000,0.00000,0.00000,0.00000,0.00000,0.00000,0.00000,0.00000,0.00000,0.00000,0.00000,0.00000,0.00000,0.00000
3.6333,1,1,0.00,0.00,33.33,0.07987,0.02968,0.58552,0.58239,0.58239,0.4500,0,1,0.19853,-0.07399,0.06734,0.19839,-0.07424,0.06725,0.40,0.00,0.58239,0.42994,-0.25460,0.33847,1.48695,-0.00000,0.16853,0.43051,-0.25439,0.33814,1.48708,0.00000,-0.17000,28,0.19312,-0.07186,0.07057,0.21490,0.08010,0,0.97693,-0.00657,-0.01573,-0.21286,virtual,0,391.73,268.04,391.73,268.04,391.73,268.04,391.73,268.04,391.73,268.04,391.73,268.04,391.73,268.04,391.73,268.04,391.73,268.04,391.73,268.04,391.73,268.04,391.73,268.04,391.73,268.04,391.73,268.04,391.73,268.04,391.73,268.04,391.73,268.04,391.73,268.04,391.73,268.04,391.73,268.04,391.73,268.04,0.00000,0.00000,0.00000,0.00000,0.00000,0.00000,0.00000,0.00000,0.00000,0.00000,0.00000,0.00000,0.00000,0.00000,0.00000,0.00000,0.00000,0.00000,0.00000,0.00000,0.00000,0.00000,0.00000,0.00000,0.00000,0.00000,0.00000,0.00000,0.00000,0.00000,0.00000,0.00000,0.00000,0.00000,0.00000,0.00000,0.00000,0.00000,0.00000,0.00000,0.00000,0.00000,0.00000,0.00000,0.00000,0.00000,0.00000,0.00000,0.00000,0.00000,0.00000,0.00000,0.00000,0.00000,0.00000,0.00000,0.00000,0.00000,0.00000,0.00000,0.00000,0.00000,0.00000,0.00000,0.00000,0.00000,0.00000,0.00000,0.00000,0.00000,0.00000,0.00000,0.00000,0.00000,0.00000,0.00000,0.00000,0.00000,0.00000,0.00000,0.00000,0.00000,0.00000,0.00000
3.6667,1,1,0.00,0.00,33.33,0.07577,0.02965,0.58564,0.58577,0.58577,0.4500,0,1,0.19847,-0.06989,0.06738,0.19863,-0.06749,0.06658,0.38,0.01,0.58577,0.39399,-0.26916,0.35728,1.48770,0.00000,0.16849,0.40901,-0.26851,0.35209,1.48731,0.00000,-0.17000,28,0.19334,-0.06544,0.06986,0.21490,0.08010,0,0.98044,-0.00585,-0.01316,-0.19629,virtual,0,387.82,268.01,387.82,268.01,387.82,268.01,387.82,268.01,387.82,268.01,387.82,268.01,387.82,268.01,387.82,268.01,387.82,268.01,387.82,268.01,387.82,268.01,387.82,268.01,387.82,268.01,387.82,268.01,387.82,268.01,387.82,268.01,387.82,268.01,387.82,268.01,387.82,268.01,387.82,268.01,387.82,268.01,0.00000,0.00000,0.00000,0.00000,0.00000,0.00000,0.00000,0.00000,0.00000,0.00000,0.00000,0.00000,0.00000,0.00000,0.00000,0.00000,0.00000,0.00000,0.00000,0.00000,0.00000,0.00000,0.00000,0.00000,0.00000,0.00000,0.00000,0.00000,0.00000,0.00000,0.00000,0.00000,0.00000,0.00000,0.00000,0.00000,0.00000,0.00000,0.00000,0.00000,0.00000,0.00000,0.00000,0.00000,0.00000,0.00000,0.00000,0.00000,0.00000,0.00000,0.00000,0.00000,0.00000,0.00000,0.00000,0.00000,0.00000,0.00000,0.00000,0.00000,0.00000,0.00000,0.00000,0.00000,0.00000,0.00000,0.00000,0.00000,0.00000,0.00000,0.00000,0.00000,0.00000,0.00000,0.00000,0.00000,0.00000,0.00000,0.00000,0.00000,0.00000,0.00000,0.00000,0.00000
3.7000,1,1,0.00,0.00,33.33,0.07168,0.02961,0.58598,0.58631,0.58631,0.4500,0,1,0.19830,-0.06580,0.06741,0.19785,-0.06600,0.06718,0.39,0.01,0.58631,0.38773,-0.28622,0.36977,1.48820,-0.00000,0.16843,0.38766,-0.28355,0.36657,1.48787,0.00000,-0.17000,28,0.19251,-0.06410,0.07046,0.21490,0.08010,0,0.98082,-0.00631,-0.01533,-0.19423,virtual,0,383.90,267.97,383.90,267.97,383.90,267.97,383.90,267.97,383.90,267.97,383.90,267.97,383.90,267.97,383.90,267.97,383.90,267.97,383.90,267.97,383.90,267.97,383.90,267.97,383.90,267.97,383.90,267.97,383.90,267.97,383.90,267.97,383.90,267.97,383.90,267.97,383.90,267.97,383.90,267.97,383.90,267.97,0.00000,0.00000,0.00000,0.00000,0.00000,0.00000,0.00000,0.00000,0.00000,0.00000,0.00000,0.00000,0.00000,0.00000,0.00000,0.00000,0.00000,0.00000,0.00000,0.00000,0.00000,0.00000,0.00000,0.00000,0.00000,0.00000,0.00000,0.00000,0.00000,0.00000,0.00000,0.00000,0.00000,0.00000,0.00000,0.00000,0.00000,0.00000,0.00000,0.00000,0.00000,0.00000,0.00000,0.00000,0.00000,0.00000,0.00000,0.00000,0.00000,0.00000,0.00000,0.00000,0.00000,0.00000,0.00000,0.00000,0.00000,0.00000,0.00000,0.00000,0.00000,0.00000,0.00000,0.00000,0.00000,0.00000,0.00000,0.00000,0.00000,0.00000,0.00000,0.00000,0.00000,0.00000,0.00000,0.00000,0.00000,0.00000,0.00000,0.00000,0.00000,0.00000,0.00000,0.00000
3.7333,1,1,0.00,0.00,33.33,0.06721,0.02942,0.58284,0.57971,0.57971,0.4500,0,1,0.19987,-0.06132,0.06761,0.19961,-0.06146,0.06739,0.41,0.00,0.57971,0.35943,-0.28661,0.36856,1.48989,-0.00000,0.16839,0.36048,-0.28661,0.36748,1.48994,0.00000,-0.17000,28,0.19421,-0.05957,0.07056,0.21490,0.08010,0,0.98344,-0.00611,-0.01524,-0.18047,virtual,0,379.97,267.94,379.97,267.94,379.97,267.94,379.97,267.94,379.97,267.94,379.97,267.94,379.97,267.94,379.97,267.94,379.97,267.94,379.97,267.94,379.97,267.94,379.97,267.94,379.97,267.94,379.97,267.94,379.97,267.94,379.97,267.94,379.97,267.94,379.97,267.94,379.97,267.94,379.97,267.94,379.97,267.94,0.00000,0.00000,0.00000,0.00000,0.00000,0.00000,0.00000,0.00000,0.00000,0.00000,0.00000,0.00000,0.00000,0.00000,0.00000,0.00000,0.00000,0.00000,0.00000,0.00000,0.00000,0.00000,0.00000,0.00000,0.00000,0.00000,0.00000,0.00000,0.00000,0.00000,0.00000,0.00000,0.00000,0.00000,0.00000,0.00000,0.00000,0.00000,0.00000,0.00000,0.00000,0.00000,0.00000,0.00000,0.00000,0.00000,0.00000,0.00000,0.00000,0.00000,0.00000,0.00000,0.00000,0.00000,0.00000,0.00000,0.00000,0.00000,0.00000,0.00000,0.00000,0.00000,0.00000,0.00000,0.00000,0.00000,0.00000,0.00000,0.00000,0.00000,0.00000,0.00000,0.00000,0.00000,0.00000,0.00000,0.00000,0.00000,0.00000,0.00000,0.00000,0.00000,0.00000,0.00000
3.7667,1,1,0.00,0.00,33.33,0.06333,0.02952,0.58554,0.58824,0.58824,0.4500,0,1,0.19852,-0.05745,0.06751,0.19811,-0.05428,0.06650,0.40,0.01,0.58824,0.32262,-0.31259,0.39953,1.48996,0.00000,0.16835,0.34148,-0.30730,0.38880,1.48944,0.00000,-0.17000,28,0.19266,-0.05270,0.06964,0.21490,0.08010,0,0.98648,-0.00548,-0.01265,-0.16332,virtual,0,376.02,267.91,376.02,267.91,376.02,267.91,376.02,267.91,376.02,267.91,376.02,267.91,376.02,267.91,376.02,267.91,376.02,267.91,376.02,267.91,376.02,267.91,376.02,267.91,376.02,267.91,376.02,267.91,376.02,267.91,376.02,267.91,376.02,267.91,376.02,267.91,376.02,267.91,376.02,267.91,376.02,267.91,0.00000,0.00000,0.00000,0.00000,0.00000,0.00000,0.00000,0.00000,0.00000,0.00000,0.00000,0.00000,0.00000,0.00000,0.00000,0.00000,0.00000,0.00000,0.00000,0.00000,0.00000,0.00000,0.00000,0.00000,0.00000,0.00000,0.00000,0.00000,0.00000,0.00000,0.00000,0.00000,0.00000,0.00000,0.00000,0.00000,0.00000,0.00000,0.00000,0.00000,0.00000,0.00000,0.00000,0.00000,0.00000,0.00000,0.00000,0.00000,0.00000,0.00000,0.00000,0.00000,0.00000,0.00000,0.00000,0.00000,0.00000,0.00000,0.00000,0.00000,0.00000,0.00000,0.00000,0.00000,0.00000,0.00000,0.00000,0.00000,0.00000,0.00000,0.00000,0.00000,0.00000,0.00000,0.00000,0.00000,0.00000,0.00000,0.00000,0.00000,0.00000,0.00000,0.00000,0.00000
3.8000,1,1,0.00,0.00,33.33,0.05903,0.02939,0.58401,0.58248,0.58248,0.4500,0,1,0.19929,-0.05315,0.06763,0.19911,-0.05354,0.06742,0.40,0.00,0.58248,0.31660,-0.31434,0.39480,1.49095,0.00000,0.16831,0.31638,-0.31461,0.39416,1.49129,0.00000,-0.17000,28,0.19346,-0.05208,0.07031,0.21490,0.08010,0,0.98677,-0.00587,-0.01483,-0.16132,virtual,0,372.08,267.85,372.08,267.85,372.08,267.85,372.08,267.85,372.08,267.85,372.08,267.85,372.08,267.85,372.08,267.85,372.08,267.85,372.08,267.85,372.08,267.85,372.08,267.85,372.08,267.85,372.08,267.85,372.08,267.85,372.08,267.85,372.08,267.85,372.08,267.85,372.08,267.85,372.08,267.85,372.08,267.85,0.00000,0.00000,0.00000,0.00000,0.00000,0.00000,0.00000,0.00000,0.00000,0.00000,0.00000,0.00000,0.00000,0.00000,0.00000,0.00000,0.00000,0.00000,0.00000,0.00000,0.00000,0.00000,0.00000,0.00000,0.00000,0.00000,0.00000,0.00000,0.00000,0.00000,0.00000,0.00000,0.00000,0.00000,0.00000,0.00000,0.00000,0.00000,0.00000,0.00000,0.00000,0.00000,0.00000,0.00000,0.00000,0.00000,0.00000,0.00000,0.00000,0.00000,0.00000,0.00000,0.00000,0.00000,0.00000,0.00000,0.00000,0.00000,0.00000,0.00000,0.00000,0.00000,0.00000,0.00000,0.00000,0.00000,0.00000,0.00000,0.00000,0.00000,0.00000,0.00000,0.00000,0.00000,0.00000,0.00000,0.00000,0.00000,0.00000,0.00000,0.00000,0.00000,0.00000,0.00000
3.8333,1,1,0.00,0.00,33.33,0.05503,0.02945,0.58595,0.58789,0.58789,0.4500,0,1,0.19832,-0.04915,0.06757,0.19733,-0.04848,0.06676,0.41,0.01,0.58789,0.29094,-0.33662,0.42006,1.49203,-0.00000,0.16828,0.29523,-0.33213,0.41138,1.49167,0.00000,-0.17000,28,0.19179,-0.04722,0.06965,0.21490,0.08010,0,0.98871,-0.00544,-0.01286,-0.14920,virtual,0,368.12,267.82,368.12,267.82,368.12,267.82,368.12,267.82,368.12,267.82,368.12,267.82,368.12,267.82,368.12,267.82,368.12,267.82,368.12,267.82,368.12,267.82,368.12,267.82,368.12,267.82,368.12,267.82,368.12,267.82,368.12,267.82,368.12,267.82,368.12,267.82,368.12,267.82,368.12,267.82,368.12,267.82,0.00000,0.00000,0.00000,0.00000,0.00000,0.00000,0.00000,0.00000,0.00000,0.00000,0.00000,0.00000,0.00000,0.00000,0.00000,0.00000,0.00000,0.00000,0.00000,0.00000,0.00000,0.00000,0.00000,0.00000,0.00000,0.00000,0.00000,0.00000,0.00000,0.00000,0.00000,0.00000,0.00000,0.00000,0.00000,0.00000,0.00000,0.00000,0.00000,0.00000,0.00000,0.00000,0.00000,0.00000,0.00000,0.00000,0.00000,0.00000,0.00000,0.00000,0.00000,0.00000,0.00000,0.00000,0.00000,0.00000,0.00000,0.00000,0.00000,0.00000,0.00000,0.00000,0.00000,0.00000,0.00000,0.00000,0.00000,0.00000,0.00000,0.00000,0.00000,0.00000,0.00000,0.00000,0.00000,0.00000,0.00000,0.00000,0.00000,0.00000,0.00000,0.00000,0.00000,0.00000
3.8667,1,1,0.00,0.00,33.33,0.05069,0.02930,0.58386,0.58178,0.58178,0.4500,0,1,0.19936,-0.04481,0.06772,0.19975,-0.04302,0.06752,0.41,0.00,0.58178,0.25537,-0.33531,0.41355,1.49318,0.00000,0.16823,0.26876,-0.33557,0.41276,1.49361,0.00000,-0.17000,28,0.19407,-0.04197,0.07022,0.21490,0.08010,0,0.99110,-0.00550,-0.01458,-0.13224,virtual,0,364.16,267.77,364.16,267.77,364.16,267.77,364.16,267.77,364.16,267.77,364.16,267.77,364.16,267.77,364.16,267.77,364.16,267.77,364.16,267.77,364.16,267.77,364.16,267.77,364.16,267.77,364.16,267.77,364.16,267.77,364.16,267.77,364.16,267.77,364.16,267.77,364.16,267.77,364.16,267.77,364.16,267.77,0.00000,0.00000,0.00000,0.00000,0.00000,0.00000,0.00000,0.00000,0.00000,0.00000,0.00000,0.00000,0.00000,0.00000,0.00000,0.00000,0.00000,0.00000,0.00000,0.00000,0.00000,0.00000,0.00000,0.00000,0.00000,0.00000,0.00000,0.00000,0.00000,0.00000,0.00000,0.00000,0.00000,0.00000,0.00000,0.00000,0.00000,0.00000,0.00000,0.00000,0.00000,0.00000,0.00000,0.00000,0.00000,0.00000,0.00000,0.00000,0.00000,0.00000,0.00000,0.00000,0.00000,0.00000,0.00000,0.00000,0.00000,0.00000,0.00000,0.00000,0.00000,0.00000,0.00000,0.00000,0.00000,0.00000,0.00000,0.00000,0.00000,0.00000,0.00000,0.00000,0.00000,0.00000,0.00000,0.00000,0.00000,0.00000,0.00000,0.00000,0.00000,0.00000,0.00000,0.00000
3.9000,1,1,0.00,0.00,33.33,0.04642,0.02920,0.58266,0.58146,0.58146,0.4500,0,1,0.19996,-0.04053,0.06782,0.20004,-0.04045,0.06772,0.40,0.00,0.58146,0.23996,-0.33908,0.41560,1.49453,-0.00000,0.16810,0.24296,-0.34001,0.41608,1.49476,0.00000,-0.17000,28,0.19440,-0.03954,0.07038,0.21490,0.08010,0,0.99200,-0.00548,-0.01484,-0.12524,virtual,0,360.17,267.74,360.17,267.74,360.17,267.74,360.17,267.74,360.17,267.74,360.17,267.74,360.17,267.74,360.17,267.74,360.17,267.74,360.17,267.74,360.17,267.74,360.17,267.74,360.17,267.74,360.17,267.74,360.17,267.74,360.17,267.74,360.17,267.74,360.17,267.74,360.17,267.74,360.17,267.74,360.17,267.74,0.00000,0.00000,0.00000,0.00000,0.00000,0.00000,0.00000,0.00000,0.00000,0.00000,0.00000,0.00000,0.00000,0.00000,0.00000,0.00000,0.00000,0.00000,0.00000,0.00000,0.00000,0.00000,0.00000,0.00000,0.00000,0.00000,0.00000,0.00000,0.00000,0.00000,0.00000,0.00000,0.00000,0.00000,0.00000,0.00000,0.00000,0.00000,0.00000,0.00000,0.00000,0.00000,0.00000,0.00000,0.00000,0.00000,0.00000,0.00000,0.00000,0.00000,0.00000,0.00000,0.00000,0.00000,0.00000,0.00000,0.00000,0.00000,0.00000,0.00000,0.00000,0.00000,0.00000,0.00000,0.00000,0.00000,0.00000,0.00000,0.00000,0.00000,0.00000,0.00000,0.00000,0.00000,0.00000,0.00000,0.00000,0.00000,0.00000,0.00000,0.00000,0.00000,0.00000,0.00000
3.9333,1,1,0.00,0.00,33.33,0.04223,0.02918,0.58287,0.58307,0.58307,0.4500,0,1,0.19986,-0.03635,0.06784,0.19954,-0.03610,0.06754,0.40,0.00,0.58307,0.21500,-0.34981,0.42654,1.49594,-0.00000,0.16805,0.21847,-0.34888,0.42421,1.49553,0.00000,-0.17000,28,0.19393,-0.03530,0.07016,0.21490,0.08010,0,0.99346,-0.00524,-0.01396,-0.11321,virtual,0,356.17,267.72,356.17,267.72,356.17,267.72,356.17,267.72,356.17,267.72,356.17,267.72,356.17,267.72,356.17,267.72,356.17,267.72,356.17,267.72,356.17,267.72,356.17,267.72,356.17,267.72,356.17,267.72,356.17,267.72,356.17,267.72,356.17,267.72,356.17,267.72,356.17,267.72,356.17,267.72,356.17,267.72,0.00000,0.00000,0.00000,0.00000,0.00000,0.00000,0.00000,0.00000,0.00000,0.00000,0.00000,0.00000,0.00000,0.00000,0.00000,0.00000,0.00000,0.00000,0.00000,0.00000,0.00000,0.00000,0.00000,0.00000,0.00000,0.00000,0.00000,0.00000,0.00000,0.00000,0.00000,0.00000,0.00000,0.00000,0.00000,0.00000,0.00000,0.00000,0.00000,0.00000,0.00000,0.00000,0.00000,0.00000,0.00000,0.00000,0.00000,0.00000,0.00000,0.00000,0.00000,0.00000,0.00000,0.00000,0.00000,0.00000,0.00000,0.00000,0.00000,0.00000,0.00000,0.00000,0.00000,0.00000,0.00000,0.00000,0.00000,0.00000,0.00000,0.00000,0.00000,0.00000,0.00000,0.00000,0.00000,0.00000,0.00000,0.00000,0.00000,0.00000,0.00000,0.00000,0.00000,0.00000
3.9667,1,1,0.00,0.00,33.33,0.03788,0.02901,0.58025,0.57763,0.57763,0.4500,0,1,0.20117,-0.03199,0.06801,0.20132,-0.02970,0.06786,0.41,0.00,0.57763,0.17487,-0.34731,0.42204,1.49688,0.00000,0.16803,0.19110,-0.34673,0.42052,1.49698,0.00000,-0.17000,28,0.19563,-0.02920,0.07038,0.21490,0.08010,0,0.99546,-0.00507,-0.01449,-0.09398,virtual,0,352.16,267.68,352.16,267.68,352.16,267.68,352.16,267.68,352.16,267.68,352.16,267.68,352.16,267.68,352.16,267.68,352.16,267.68,352.16,267.68,352.16,267.68,352.16,267.68,352.16,267.68,352.16,267.68,352.16,267.68,352.16,267.68,352.16,267.68,352.16,267.68,352.16,267.68,352.16,267.68,352.16,267.68,0.00000,0.00000,0.00000,0.00000,0.00000,0.00000,0.00000,0.00000,0.00000,0.00000,0.00000,0.00000,0.00000,0.00000,0.00000,0.00000,0.00000,0.00000,0.00000,0.00000,0.00000,0.00000,0.00000,0.00000,0.00000,0.00000,0.00000,0.00000,0.00000,0.00000,0.00000,0.00000,0.00000,0.00000,0.00000,0.00000,0.00000,0.00000,0.00000,0.00000,0.00000,0.00000,0.00000,0.00000,0.00000,0.00000,0.00000,0.00000,0.00000,0.00000,0.00000,0.00000,0.00000,0.00000,0.00000,0.00000,0.00000,0.00000,0.00000,0.00000,0.00000,0.00000,0.00000,0.00000,0.00000,0.00000,0.00000,0.00000,0.00000,0.00000,0.00000,0.00000,0.00000,0.00000,0.00000,0.00000,0.00000,0.00000,0.00000,0.00000,0.00000,0.00000,0.00000,0.00000
4.0000,1,1,0.00,0.00,33.33,0.03364,0.02896,0.57985,0.57945,0.57945,0.4500,0,1,0.20137,-0.02776,0.06806,0.20127,-0.02817,0.06792,0.40,0.00,0.57945,0.16579,-0.35015,0.42414,1.49755,-0.00000,0.16799,0.16562,-0.35108,0.42432,1.49758,0.00000,-0.17000,28,0.19556,-0.02782,0.07039,0.21490,0.08010,0,0.99580,-0.00507,-0.01449,-0.09026,virtual,0,348.13,267.65,348.13,267.65,348.13,267.65,348.13,267.65,348.13,267.65,348.13,267.65,348.13,267.65,348.13,267.65,348.13,267.65,348.13,267.65,348.13,267.65,348.13,267.65,348.13,267.65,348.13,267.65,348.13,267.65,348.13,267.65,348.13,267.65,348.13,267.65,348.13,267.65,348.13,267.65,348.13,267.65,0.00000,0.00000,0.00000,0.00000,0.00000,0.00000,0.00000,0.00000,0.00000,0.00000,0.00000,0.00000,0.00000,0.00000,0.00000,0.00000,0.00000,0.00000,0.00000,0.00000,0.00000,0.00000,0.00000,0.00000,0.00000,0.00000,0.00000,0.00000,0.00000,0.00000,0.00000,0.00000,0.00000,0.00000,0.00000,0.00000,0.00000,0.00000,0.00000,0.00000,0.00000,0.00000,0.00000,0.00000,0.00000,0.00000,0.00000,0.00000,0.00000,0.00000,0.00000,0.00000,0.00000,0.00000,0.00000,0.00000,0.00000,0.00000,0.00000,0.00000,0.00000,0.00000,0.00000,0.00000,0.00000,0.00000,0.00000,0.00000,0.00000,0.00000,0.00000,0.00000,0.00000,0.00000,0.00000,0.00000,0.00000,0.00000,0.00000,0.00000,0.00000,0.00000,0.00000,0.00000
4.0333,1,1,0.00,0.00,33.33,0.02935,0.02885,0.57820,0.57654,0.57654,0.4500,0,1,0.20219,-0.02346,0.06817,0.20201,-0.02368,0.06808,0.40,0.00,0.57654,0.13817,-0.35020,0.42299,1.49857,-0.00000,0.16796,0.13913,-0.35031,0.42257,1.49853,0.00000,-0.17000,28,0.19630,-0.02335,0.07054,0.21490,0.08010,0,0.99695,-0.00492,-0.01482,-0.07650,virtual,0,344.09,267.63,344.09,267.63,344.09,267.63,344.09,267.63,344.09,267.63,344.09,267.63,344.09,267.63,344.09,267.63,344.09,267.63,344.09,267.63,344.09,267.63,344.09,267.63,344.09,267.63,344.09,267.63,344.09,267.63,344.09,267.63,344.09,267.63,344.09,267.63,344.09,267.63,344.09,267.63,344.09,267.63,0.00000,0.00000,0.00000,0.00000,0.00000,0.00000,0.00000,0.00000,0.00000,0.00000,0.00000,0.00000,0.00000,0.00000,0.00000,0.00000,0.00000,0.00000,0.00000,0.00000,0.00000,0.00000,0.00000,0.00000,0.00000,0.00000,0.00000,0.00000,0.00000,0.00000,0.00000,0.00000,0.00000,0.00000,0.00000,0.00000,0.00000,0.00000,0.00000,0.00000,0.00000,0.00000,0.00000,0.00000,0.00000,0.00000,0.00000,0.00000,0.00000,0.00000,0.00000,0.00000,0.00000,0.00000,0.00000,0.00000,0.00000,0.00000,0.00000,0.00000,0.00000,0.00000,0.00000,0.00000,0.00000,0.00000,0.00000,0.00000,0.00000,0.00000,0.00000,0.00000,0.00000,0.00000,0.00000,0.00000,0.00000,0.00000,0.00000,0.00000,0.00000,0.00000,0.00000,0.00000
4.0667,1,1,0.00,0.00,33.33,0.02508,0.02877,0.57713,0.57606,0.57606,0.4500,0,1,0.20273,-0.01920,0.06825,0.20287,-0.01659,0.06814,0.40,0.00,0.57606,0.09484,-0.35008,0.42244,1.49917,-0.00000,0.16793,0.11305,-0.35046,0.42210,1.49915,0.00000,-0.17000,28,0.19713,-0.01668,0.07061,0.21490,0.08010,0,0.99831,-0.00467,-0.01500,-0.05592,virtual,0,340.03,267.60,340.03,267.60,340.03,267.60,340.03,267.60,340.03,267.60,340.03,267.60,340.03,267.60,340.03,267.60,340.03,267.60,340.03,267.60,340.03,267.60,340.03,267.60,340.03,267.60,340.03,267.60,340.03,267.60,340.03,267.60,340.03,267.60,340.03,267.60,340.03,267.60,340.03,267.60,340.03,267.60,0.00000,0.00000,0.00000,0.00000,0.00000,0.00000,0.00000,0.00000,0.00000,0.00000,0.00000,0.00000,0.00000,0.00000,0.00000,0.00000,0.00000,0.00000,0.00000,0.00000,0.00000,0.00000,0.00000,0.00000,0.00000,0.00000,0.00000,0.00000,0.00000,0.00000,0.00000,0.00000,0.00000,0.00000,0.00000,0.00000,0.00000,0.00000,0.00000,0.00000,0.00000,0.00000,0.00000,0.00000,0.00000,0.00000,0.00000,0.00000,0.00000,0.00000,0.00000,0.00000,0.00000,0.00000,0.00000,0.00000,0.00000,0.00000,0.00000,0.00000,0.00000,0.00000,0.00000,0.00000,0.00000,0.00000,0.00000,0.00000,0.00000,0.00000,0.00000,0.00000,0.00000,0.00000,0.00000,0.00000,0.00000,0.00000,0.00000,0.00000,0.00000,0.00000,0.00000,0.00000
4.1000,1,1,0.00,0.00,33.33,0.02083,0.02871,0.57645,0.57576,0.57576,0.4500,0,1,0.20307,-0.01494,0.06832,0.20289,-0.01542,0.06820,0.40,0.00,0.57576,0.08779,-0.35090,0.42278,1.49970,-0.00000,0.16790,0.08716,-0.35128,0.42241,1.49967,0.00000,-0.17000,28,0.19714,-0.01562,0.07066,0.21490,0.08010,0,0.99847,-0.00468,-0.01517,-0.05303,virtual,0,335.95,267.57,335.95,267.57,335.95,267.57,335.95,267.57,335.95,267.57,335.95,267.57,335.95,267.57,335.95,267.57,335.95,267.57,335.95,267.57,335.95,267.57,335.95,267.57,335.95,267.57,335.95,267.57,335.95,267.57,335.95,267.57,335.95,267.57,335.95,267.57,335.95,267.57,335.95,267.57,335.95,267.57,0.00000,0.00000,0.00000,0.00000,0.00000,0.00000,0.00000,0.00000,0.00000,0.00000,0.00000,0.00000,0.00000,0.00000,0.00000,0.00000,0.00000,0.00000,0.00000,0.00000,0.00000,0.00000,0.00000,0.00000,0.00000,0.00000,0.00000,0.00000,0.00000,0.00000,0.00000,0.00000,0.00000,0.00000,0.00000,0.00000,0.00000,0.00000,0.00000,0.00000,0.00000,0.00000,0.00000,0.00000,0.00000,0.00000,0.00000,0.00000,0.00000,0.00000,0.00000,0.00000,0.00000,0.00000,0.00000,0.00000,0.00000,0.00000,0.00000,0.00000,0.00000,0.00000,0.00000,0.00000,0.00000,0.00000,0.00000,0.00000,0.00000,0.00000,0.00000,0.00000,0.00000,0.00000,0.00000,0.00000,0.00000,0.00000,0.00000,0.00000,0.00000,0.00000,0.00000,0.00000
4.1333,1,1,0.00,0.00,33.33,0.01654,0.02859,0.57472,0.57299,0.57299,0.4500,0,1,0.20393,-0.01066,0.06843,0.20382,-0.01076,0.06847,0.40,0.00,0.57299,0.05923,-0.34758,0.41786,1.50025,0.00000,0.16787,0.06086,-0.34718,0.41761,1.50033,0.00000,-0.17000,28,0.19798,-0.01096,0.07084,0.21490,0.08010,0,0.99912,-0.00450,-0.01566,-0.03864,virtual,0,331.86,267.55,331.86,267.55,331.86,267.55,331.86,267.55,331.86,267.55,331.86,267.55,331.86,267.55,331.86,267.55,331.86,267.55,331.86,267.55,331.86,267.55,331.86,267.55,331.86,267.55,331.86,267.55,331.86,267.55,331.86,267.55,331.86,267.55,331.86,267.55,331.86,267.55,331.86,267.55,331.86,267.55,0.00000,0.00000,0.00000,0.00000,0.00000,0.00000,0.00000,0.00000,0.00000,0.00000,0.00000,0.00000,0.00000,0.00000,0.00000,0.00000,0.00000,0.00000,0.00000,0.00000,0.00000,0.00000,0.00000,0.00000,0.00000,0.00000,0.00000,0.00000,0.00000,0.00000,0.00000,0.00000,0.00000,0.00000,0.00000,0.00000,0.00000,0.00000,0.00000,0.00000,0.00000,0.00000,0.00000,0.00000,0.00000,0.00000,0.00000,0.00000,0.00000,0.00000,0.00000,0.00000,0.00000,0.00000,0.00000,0.00000,0.00000,0.00000,0.00000,0.00000,0.00000,0.00000,0.00000,0.00000,0.00000,0.00000,0.00000,0.00000,0.00000,0.00000,0.00000,0.00000,0.00000,0.00000,0.00000,0.00000,0.00000,0.00000,0.00000,0.00000,0.00000,0.00000,0.00000,0.00000
4.1667,1,1,0.00,0.00,33.33,0.01228,0.02854,0.57411,0.57349,0.57349,0.4500,0,1,0.20424,-0.00640,0.06849,0.20417,-0.00398,0.06840,0.39,0.00,0.57349,0.01813,-0.34593,0.41675,1.50059,0.00000,0.16784,0.03507,-0.34617,0.41638,1.50058,0.00000,-0.17000,28,0.19842,-0.00459,0.07080,0.21490,0.08010,0,0.99969,-0.00424,-0.01550,-0.01909,virtual,0,327.75,267.53,327.75,267.53,327.75,267.53,327.75,267.53,327.75,267.53,327.75,267.53,327.75,267.53,327.75,267.53,327.75,267.53,327.75,267.53,327.75,267.53,327.75,267.53,327.75,267.53,327.75,267.53,327.75,267.53,327.75,267.53,327.75,267.53,327.75,267.53,327.75,267.53,327.75,267.53,327.75,267.53,0.00000,0.00000,0.00000,0.00000,0.00000,0.00000,0.00000,0.00000,0.00000,0.00000,0.00000,0.00000,0.00000,0.00000,0.00000,0.00000,0.00000,0.00000,0.00000,0.00000,0.00000,0.00000,0.00000,0.00000,0.00000,0.00000,0.00000,0.00000,0.00000,0.00000,0.00000,0.00000,0.00000,0.00000,0.00000,0.00000,0.00000,0.00000,0.00000,0.00000,0.00000,0.00000,0.00000,0.00000,0.00000,0.00000,0.00000,0.00000,0.00000,0.00000,0.00000,0.00000,0.00000,0.00000,0.00000,0.00000,0.00000,0.00000,0.00000,0.00000,0.00000,0.00000,0.00000,0.00000,0.00000,0.00000,0.00000,0.00000,0.00000,0.00000,0.00000,0.00000,0.00000,0.00000,0.00000,0.00000,0.00000,0.00000,0.00000,0.00000,0.00000,0.00000,0.00000,0.00000
4.2000,1,1,0.00,0.00,33.33,0.00801,0.02840,0.57186,0.56962,0.56962,0.4500,0,1,0.20536,-0.00212,0.06862,0.20515,-0.00244,0.06864,0.39,0.00,0.56962,0.00875,-0.33879,0.40852,1.50090,0.00000,0.16781,0.00905,-0.33806,0.40765,1.50114,0.00000,-0.17000,28,0.19932,-0.00322,0.07092,0.21490,0.08010,0,0.99975,-0.00422,-0.01569,-0.01515,virtual,0,323.63,267.50,323.63,267.50,323.63,267.50,323.63,267.50,323.63,267.50,323.63,267.50,323.63,267.50,323.63,267.50,323.63,267.50,323.63,267.50,323.63,267.50,323.63,267.50,323.63,267.50,323.63,267.50,323.63,267.50,323.63,267.50,323.63,267.50,323.63,267.50,323.63,267.50,323.63,267.50,323.63,267.50,0.00000,0.00000,0.00000,0.00000,0.00000,0.00000,0.00000,0.00000,0.00000,0.00000,0.00000,0.00000,0.00000,0.00000,0.00000,0.00000,0.00000,0.00000,0.00000,0.00000,0.00000,0.00000,0.00000,0.00000,0.00000,0.00000,0.00000,0.00000,0.00000,0.00000,0.00000,0.00000,0.00000,0.00000,0.00000,0.00000,0.00000,0.00000,0.00000,0.00000,0.00000,0.00000,0.00000,0.00000,0.00000,0.00000,0.00000,0.00000,0.00000,0.00000,0.00000,0.00000,0.00000,0.00000,0.00000,0.00000,0.00000,0.00000,0.00000,0.00000,0.00000,0.00000,0.00000,0.00000,0.00000,0.00000,0.00000,0.00000,0.00000,0.00000,0.00000,0.00000,0.00000,0.00000,0.00000,0.00000,0.00000,0.00000,0.00000,0.00000,0.00000,0.00000,0.00000,0.00000
4.2333,1,1,0.00,0.00,33.33,0.00374,0.02837,0.57169,0.57151,0.57151,0.4500,0,1,0.20545,0.00214,0.06865,0.20534,0.00185,0.06857,0.39,0.00,0.57151,-0.01697,-0.33607,0.40643,1.50107,-0.00000,0.16778,-0.01647,-0.33670,0.40640,1.50109,0.00000,-0.17000,28,0.19961,0.00105,0.07097,0.21490,0.08010,0,0.99986,-0.00404,-0.01587,-0.00221,virtual,0,319.49,267.48,319.49,267.48,319.49,267.48,319.49,267.48,319.49,267.48,319.49,267.48,319.49,267.48,319.49,267.48,319.49,267.48,319.49,267.48,319.49,267.48,319.49,267.48,319.49,267.48,319.49,267.48,319.49,267.48,319.49,267.48,319.49,267.48,319.49,267.48,319.49,267.48,319.49,267.48,319.49,267.48,0.00000,0.00000,0.00000,0.00000,0.00000,0.00000,0.00000,0.00000,0.00000,0.00000,0.00000,0.00000,0.00000,0.00000,0.00000,0.00000,0.00000,0.00000,0.00000,0.00000,0.00000,0.00000,0.00000,0.00000,0.00000,0.00000,0.00000,0.00000,0.00000,0.00000,0.00000,0.00000,0.00000,0.00000,0.00000,0.00000,0.00000,0.00000,0.00000,0.00000,0.00000,0.00000,0.00000,0.00000,0.00000,0.00000,0.00000,0.00000,0.00000,0.00000,0.00000,0.00000,0.00000,0.00000,0.00000,0.00000,0.00000,0.00000,0.00000,0.00000,0.00000,0.00000,0.00000,0.00000,0.00000,0.00000,0.00000,0.00000,0.00000,0.00000,0.00000,0.00000,0.00000,0.00000,0.00000,0.00000,0.00000,0.00000,0.00000,0.00000,0.00000,0.00000,0.00000,0.00000
4.2667,1,1,0.00,0.00,33.33,-0.00052,0.02830,0.57088,0.57006,0.57006,0.4500,0,1,0.20585,0.00641,0.06872,0.20550,0.00904,0.06865,0.38,0.00,0.57006,-0.06003,-0.33286,0.40290,1.50126,0.00000,0.16775,-0.04202,-0.33249,0.40194,1.50132,0.00000,-0.17000,28,0.19979,0.00782,0.07104,0.21490,0.08010,0,0.99969,-0.00374,-0.01618,0.01843,virtual,0,315.34,267.46,315.34,267.46,315.34,267.46,315.34,267.46,315.34,267.46,315.34,267.46,315.34,267.46,315.34,267.46,315.34,267.46,315.34,267.46,315.34,267.46,315.34,267.46,315.34,267.46,315.34,267.46,315.34,267.46,315.34,267.46,315.34,267.46,315.34,267.46,315.34,267.46,315.34,267.46,315.34,267.46,0.00000,0.00000,0.00000,0.00000,0.00000,0.00000,0.00000,0.00000,0.00000,0.00000,0.00000,0.00000,0.00000,0.00000,0.00000,0.00000,0.00000,0.00000,0.00000,0.00000,0.00000,0.00000,0.00000,0.00000,0.00000,0.00000,0.00000,0.00000,0.00000,0.00000,0.00000,0.00000,0.00000,0.00000,0.00000,0.00000,0.00000,0.00000,0.00000,0.00000,0.00000,0.00000,0.00000,0.00000,0.00000,0.00000,0.00000,0.00000,0.00000,0.00000,0.00000,0.00000,0.00000,0.00000,0.00000,0.00000,0.00000,0.00000,0.00000,0.00000,0.00000,0.00000,0.00000,0.00000,0.00000,0.00000,0.00000,0.00000,0.00000,0.00000,0.00000,0.00000,0.00000,0.00000,0.00000,0.00000,0.00000,0.00000,0.00000,0.00000,0.00000,0.00000,0.00000,0.00000
4.3000,1,1,0.00,0.00,33.33,-0.00476,0.02815,0.56818,0.56549,0.56549,0.4500,0,1,0.20720,0.01065,0.06888,0.20705,0.01016,0.06842,0.38,0.01,0.56549,-0.06614,-0.31488,0.38764,1.50140,0.00000,0.16771,-0.06700,-0.31975,0.38859,1.50187,0.00000,-0.17000,28,0.20128,0.00883,0.07082,0.21490,0.08010,0,0.99966,-0.00380,-0.01493,0.02092,virtual,0,311.18,267.43,311.18,267.43,311.18,267.43,311.18,267.43,311.18,267.43,311.18,267.43,311.18,267.43,311.18,267.43,311.18,267.43,311.18,267.43,311.18,267.43,311.18,267.43,311.18,267.43,311.18,267.43,311.18,267.43,311.18,267.43,311.18,267.43,311.18,267.43,311.18,267.43,311.18,267.43,311.18,267.43,0.00000,0.00000,0.00000,0.00000,0.00000,0.00000,0.00000,0.00000,0.00000,0.00000,0.00000,0.00000,0.00000,0.00000,0.00000,0.00000,0.00000,0.00000,0.00000,0.00000,0.00000,0.00000,0.00000,0.00000,0.00000,0.00000,0.00000,0.00000,0.00000,0.00000,0.00000,0.00000,0.00000,0.00000,0.00000,0.00000,0.00000,0.00000,0.00000,0.00000,0.00000,0.00000,0.00000,0.00000,0.00000,0.00000,0.00000,0.00000,0.00000,0.00000,0.00000,0.00000,0.00000,0.00000,0.00000,0.00000,0.00000,0.00000,0.00000,0.00000,0.00000,0.00000,0.00000,0.00000,0.00000,0.00000,0.00000,0.00000,0.00000,0.00000,0.00000,0.00000,0.00000,0.00000,0.00000,0.00000,0.00000,0.00000,0.00000,0.00000,0.00000,0.00000,0.00000,0.00000
4.3333,1,1,0.00,0.00,33.33,-0.00900,0.02801,0.56610,0.56403,0.56403,0.4500,0,1,0.20824,0.01489,0.06902,0.20848,0.01499,0.06930,0.37,0.00,0.56403,-0.09388,-0.30653,0.37371,1.50201,-0.00000,0.16769,-0.09149,-0.30797,0.37648,1.50220,0.00000,-0.17000,28,0.20281,0.01360,0.07168,0.21490,0.08010,0,0.99923,-0.00346,-0.01770,0.03479,virtual,0,306.99,267.38,306.99,267.38,306.99,267.38,306.99,267.38,306.99,267.38,306.99,267.38,306.99,267.38,306.99,267.38,306.99,267.38,306.99,267.38,306.99,267.38,306.99,267.38,306.99,267.38,306.99,267.38,306.99,267.38,306.99,267.38,306.99,267.38,306.99,267.38,306.99,267.38,306.99,267.38,306.99,267.38,0.00000,0.00000,0.00000,0.00000,0.00000,0.00000,0.00000,0.00000,0.00000,0.00000,0.00000,0.00000,0.00000,0.00000,0.00000,0.00000,0.00000,0.00000,0.00000,0.00000,0.00000,0.00000,0.00000,0.00000,0.00000,0.00000,0.00000,0.00000,0.00000,0.00000,0.00000,0.00000,0.00000,0.00000,0.00000,0.00000,0.00000,0.00000,0.00000,0.00000,0.00000,0.00000,0.00000,0.00000,0.00000,0.00000,0.00000,0.00000,0.00000,0.00000,0.00000,0.00000,0.00000,0.00000,0.00000,0.00000,0.00000,0.00000,0.00000,0.00000,0.00000,0.00000,0.00000,0.00000,0.00000,0.00000,0.00000,0.00000,0.00000,0.00000,0.00000,0.00000,0.00000,0.00000,0.00000,0.00000,0.00000,0.00000,0.00000,0.00000,0.00000,0.00000,0.00000,0.00000
4.3667,1,1,0.00,0.00,33.33,-0.01329,0.02799,0.56622,0.56633,0.56633,0.4500,0,1,0.20818,0.01918,0.06903,0.20767,0.02134,0.06892,0.37,0.00,0.56633,-0.13150,-0.30383,0.37370,1.50200,0.00000,0.16767,-0.11645,-0.30407,0.37296,1.50188,0.00000,-0.17000,28,0.20212,0.01959,0.07136,0.21490,0.08010,0,0.99846,-0.00325,-0.01656,0.05276,virtual,0,302.79,267.38,302.79,267.38,302.79,267.38,302.79,267.38,302.79,267.38,302.79,267.38,302.79,267.38,302.79,267.38,302.79,267.38,302.79,267.38,302.79,267.38,302.79,267.38,302.79,267.38,302.79,267.38,302.79,267.38,302.79,267.38,302.79,267.38,302.79,267.38,302.79,267.38,302.79,267.38,302.79,267.38,0.00000,0.00000,0.00000,0.00000,0.00000,0.00000,0.00000,0.00000,0.00000,0.00000,0.00000,0.00000,0.00000,0.00000,0.00000,0.00000,0.00000,0.00000,0.00000,0.00000,0.00000,0.00000,0.00000,0.00000,0.00000,0.00000,0.00000,0.00000,0.00000,0.00000,0.00000,0.00000,0.00000,0.00000,0.00000,0.00000,0.00000,0.00000,0.00000,0.00000,0.00000,0.00000,0.00000,0.00000,0.00000,0.00000,0.00000,0.00000,0.00000,0.00000,0.00000,0.00000,0.00000,0.00000,0.00000,0.00000,0.00000,0.00000,0.00000,0.00000,0.00000,0.00000,0.00000,0.00000,0.00000,0.00000,0.00000,0.00000,0.00000,0.00000,0.00000,0.00000,0.00000,0.00000,0.00000,0.00000,0.00000,0.00000,0.00000,0.00000,0.00000,0.00000,0.00000,0.00000
4.4000,1,1,0.00,0.00,33.33,-0.01754,0.02791,0.56503,0.56385,0.56385,0.4500,0,1,0.20877,0.02343,0.06911,0.20859,0.02322,0.06908,0.36,0.00,0.56385,-0.14168,-0.29489,0.36406,1.50196,0.00000,0.16764,-0.14081,-0.29487,0.36342,1.50218,0.00000,-0.17000,28,0.20292,0.02129,0.07136,0.21490,0.08010,0,0.99822,-0.00320,-0.01654,0.05724,virtual,0,298.58,267.35,298.58,267.35,298.58,267.35,298.58,267.35,298.58,267.35,298.58,267.35,298.58,267.35,298.58,267.35,298.58,267.35,298.58,267.35,298.58,267.35,298.58,267.35,298.58,267.35,298.58,267.35,298.58,267.35,298.58,267.35,298.58,267.35,298.58,267.35,298.58,267.35,298.58,267.35,298.58,267.35,0.00000,0.00000,0.00000,0.00000,0.00000,0.00000,0.00000,0.00000,0.00000,0.00000,0.00000,0.00000,0.00000,0.00000,0.00000,0.00000,0.00000,0.00000,0.00000,0.00000,0.00000,0.00000,0.00000,0.00000,0.00000,0.00000,0.00000,0.00000,0.00000,0.00000,0.00000,0.00000,0.00000,0.00000,0.00000,0.00000,0.00000,0.00000,0.00000,0.00000,0.00000,0.00000,0.00000,0.00000,0.00000,0.00000,0.00000,0.00000,0.00000,0.00000,0.00000,0.00000,0.00000,0.00000,0.00000,0.00000,0.00000,0.00000,0.00000,0.00000,0.00000,0.00000,0.00000,0.00000,0.00000,0.00000,0.00000,0.00000,0.00000,0.00000,0.00000,0.00000,0.00000,0.00000,0.00000,0.00000,0.00000,0.00000,0.00000,0.00000,0.00000,0.00000,0.00000,0.00000
4.4333,1,1,0.00,0.00,33.33,-0.02185,0.02789,0.56504,0.56504,0.56504,0.4500,0,1,0.20877,0.02773,0.06914,0.20880,0.02759,0.06911,0.36,0.00,0.56504,-0.16659,-0.28758,0.35681,1.50186,0.00000,0.16762,-0.16549,-0.28908,0.35780,1.50204,0.00000,-0.17000,28,0.20314,0.02570,0.07135,0.21490,0.08010,0,0.99741,-0.00300,-0.01664,0.06997,virtual,0,294.35,267.33,294.35,267.33,294.35,267.33,294.35,267.33,294.35,267.33,294.35,267.33,294.35,267.33,294.35,267.33,294.35,267.33,294.35,267.33,294.35,267.33,294.35,267.33,294.35,267.33,294.35,267.33,294.35,267.33,294.35,267.33,294.35,267.33,294.35,267.33,294.35,267.33,294.35,267.33,294.35,267.33,0.00000,0.00000,0.00000,0.00000,0.00000,0.00000,0.00000,0.00000,0.00000,0.00000,0.00000,0.00000,0.00000,0.00000,0.00000,0.00000,0.00000,0.00000,0.00000,0.00000,0.00000,0.00000,0.00000,0.00000,0.00000,0.00000,0.00000,0.00000,0.00000,0.00000,0.00000,0.00000,0.00000,0.00000,0.00000,0.00000,0.00000,0.00000,0.00000,0.00000,0.00000,0.00000,0.00000,0.00000,0.00000,0.00000,0.00000,0.00000,0.00000,0.00000,0.00000,0.00000,0.00000,0.00000,0.00000,0.00000,0.00000,0.00000,0.00000,0.00000,0.00000,0.00000,0.00000,0.00000,0.00000,0.00000,0.00000,0.00000,0.00000,0.00000,0.00000,0.00000,0.00000,0.00000,0.00000,0.00000,0.00000,0.00000,0.00000,0.00000,0.00000,0.00000,0.00000,0.00000
4.4667,1,1,0.00,0.00,33.33,-0.02608,0.02778,0.56341,0.56178,0.56178,0.4500,0,1,0.20959,0.03196,0.06924,0.20888,0.03420,0.06882,0.36,0.01,0.56178,-0.20415,-0.27289,0.34453,1.50215,0.00000,0.16761,-0.18894,-0.27643,0.34457,1.50256,0.00000,-0.17000,28,0.20340,0.03190,0.07107,0.21490,0.08010,0,0.99602,-0.00287,-0.01546,0.08777,virtual,0,290.10,267.31,290.10,267.31,290.10,267.31,290.10,267.31,290.10,267.31,290.10,267.31,290.10,267.31,290.10,267.31,290.10,267.31,290.10,267.31,290.10,267.31,290.10,267.31,290.10,267.31,290.10,267.31,290.10,267.31,290.10,267.31,290.10,267.31,290.10,267.31,290.10,267.31,290.10,267.31,290.10,267.31,0.00000,0.00000,0.00000,0.00000,0.00000,0.00000,0.00000,0.00000,0.00000,0.00000,0.00000,0.00000,0.00000,0.00000,0.00000,0.00000,0.00000,0.00000,0.00000,0.00000,0.00000,0.00000,0.00000,0.00000,0.00000,0.00000,0.00000,0.00000,0.00000,0.00000,0.00000,0.00000,0.00000,0.00000,0.00000,0.00000,0.00000,0.00000,0.00000,0.00000,0.00000,0.00000,0.00000,0.00000,0.00000,0.00000,0.00000,0.00000,0.00000,0.00000,0.00000,0.00000,0.00000,0.00000,0.00000,0.00000,0.00000,0.00000,0.00000,0.00000,0.00000,0.00000,0.00000,0.00000,0.00000,0.00000,0.00000,0.00000,0.00000,0.00000,0.00000,0.00000,0.00000,0.00000,0.00000,0.00000,0.00000,0.00000,0.00000,0.00000,0.00000,0.00000,0.00000,0.00000
4.5000,1,1,0.00,0.00,33.33,-0.03025,0.02763,0.56104,0.55868,0.55868,0.4500,0,1,0.21077,0.03614,0.06940,0.21100,0.03589,0.06913,0.35,0.01,0.55868,-0.21111,-0.25361,0.32335,1.50296,-0.00000,0.16758,-0.21119,-0.25976,0.32697,1.50346,0.00000,-0.17000,28,0.20565,0.03340,0.07139,0.21490,0.08010,0,0.99577,-0.00275,-0.01622,0.09043,virtual,0,285.85,267.26,285.85,267.26,285.85,267.26,285.85,267.26,285.85,267.26,285.85,267.26,285.85,267.26,285.85,267.26,285.85,267.26,285.85,267.26,285.85,267.26,285.85,267.26,285.85,267.26,285.85,267.26,285.85,267.26,285.85,267.26,285.85,267.26,285.85,267.26,285.85,267.26,285.85,267.26,285.85,267.26,0.00000,0.00000,0.00000,0.00000,0.00000,0.00000,0.00000,0.00000,0.00000,0.00000,0.00000,0.00000,0.00000,0.00000,0.00000,0.00000,0.00000,0.00000,0.00000,0.00000,0.00000,0.00000,0.00000,0.00000,0.00000,0.00000,0.00000,0.00000,0.00000,0.00000,0.00000,0.00000,0.00000,0.00000,0.00000,0.00000,0.00000,0.00000,0.00000,0.00000,0.00000,0.00000,0.00000,0.00000,0.00000,0.00000,0.00000,0.00000,0.00000,0.00000,0.00000,0.00000,0.00000,0.00000,0.00000,0.00000,0.00000,0.00000,0.00000,0.00000,0.00000,0.00000,0.00000,0.00000,0.00000,0.00000,0.00000,0.00000,0.00000,0.00000,0.00000,0.00000,0.00000,0.00000,0.00000,0.00000,0.00000,0.00000,0.00000,0.00000,0.00000,0.00000,0.00000,0.00000
4.5333,1,1,0.00,0.00,33.33,-0.03447,0.02751,0.55950,0.55797,0.55797,0.4500,0,1,0.21154,0.04035,0.06951,0.21150,0.04057,0.06957,0.34,0.01,0.55797,-0.23631,-0.24370,0.31038,1.50393,-0.00001,0.16756,-0.23350,-0.24526,0.31176,1.50419,0.00000,-0.17000,28,0.20615,0.03799,0.07175,0.21490,0.08010,0,0.99454,-0.00243,-0.01715,0.10295,virtual,0,281.58,267.21,281.58,267.21,281.58,267.21,281.58,267.21,281.58,267.21,281.58,267.21,281.58,267.21,281.58,267.21,281.58,267.21,281.58,267.21,281.58,267.21,281.58,267.21,281.58,267.21,281.58,267.21,281.58,267.21,281.58,267.21,281.58,267.21,281.58,267.21,281.58,267.21,281.58,267.21,281.58,267.21,0.00000,0.00000,0.00000,0.00000,0.00000,0.00000,0.00000,0.00000,0.00000,0.00000,0.00000,0.00000,0.00000,0.00000,0.00000,0.00000,0.00000,0.00000,0.00000,0.00000,0.00000,0.00000,0.00000,0.00000,0.00000,0.00000,0.00000,0.00000,0.00000,0.00000,0.00000,0.00000,0.00000,0.00000,0.00000,0.00000,0.00000,0.00000,0.00000,0.00000,0.00000,0.00000,0.00000,0.00000,0.00000,0.00000,0.00000,0.00000,0.00000,0.00000,0.00000,0.00000,0.00000,0.00000,0.00000,0.00000,0.00000,0.00000,0.00000,0.00000,0.00000,0.00000,0.00000,0.00000,0.00000,0.00000,0.00000,0.00000,0.00000,0.00000,0.00000,0.00000,0.00000,0.00000,0.00000,0.00000,0.00000,0.00000,0.00000,0.00000,0.00000,0.00000,0.00000,0.00000
4.5667,1,1,0.00,0.00,33.33,-0.03882,0.02751,0.55995,0.56040,0.56040,0.4500,0,1,0.21132,0.04471,0.06952,0.21063,0.04666,0.06956,0.34,0.00,0.56040,-0.27070,-0.23782,0.30461,1.50398,0.00000,0.16754,-0.25737,-0.23762,0.30428,1.50408,0.00000,-0.17000,28,0.20533,0.04373,0.07162,0.21490,0.08010,0,0.99271,-0.00224,-0.01674,0.11937,virtual,0,277.29,267.20,277.29,267.20,277.29,267.20,277.29,267.20,277.29,267.20,277.29,267.20,277.29,267.20,277.29,267.20,277.29,267.20,277.29,267.20,277.29,267.20,277.29,267.20,277.29,267.20,277.29,267.20,277.29,267.20,277.29,267.20,277.29,267.20,277.29,267.20,277.29,267.20,277.29,267.20,277.29,267.20,0.00000,0.00000,0.00000,0.00000,0.00000,0.00000,0.00000,0.00000,0.00000,0.00000,0.00000,0.00000,0.00000,0.00000,0.00000,0.00000,0.00000,0.00000,0.00000,0.00000,0.00000,0.00000,0.00000,0.00000,0.00000,0.00000,0.00000,0.00000,0.00000,0.00000,0.00000,0.00000,0.00000,0.00000,0.00000,0.00000,0.00000,0.00000,0.00000,0.00000,0.00000,0.00000,0.00000,0.00000,0.00000,0.00000,0.00000,0.00000,0.00000,0.00000,0.00000,0.00000,0.00000,0.00000,0.00000,0.00000,0.00000,0.00000,0.00000,0.00000,0.00000,0.00000,0.00000,0.00000,0.00000,0.00000,0.00000,0.00000,0.00000,0.00000,0.00000,0.00000,0.00000,0.00000,0.00000,0.00000,0.00000,0.00000,0.00000,0.00000,0.00000,0.00000,0.00000,0.00000
4.6000,1,1,0.00,0.00,33.33,-0.04317,0.02750,0.56011,0.56028,0.56028,0.4500,0,1,0.21123,0.04906,0.06952,0.21097,0.04898,0.06919,0.34,0.00,0.56028,-0.28270,-0.22621,0.29542,1.50398,0.00001,0.16753,-0.28100,-0.22858,0.29507,1.50424,0.00000,-0.17000,28,0.20571,0.04591,0.07118,0.21490,0.08010,0,0.99205,-0.00237,-0.01539,0.12490,virtual,0,272.99,267.20,272.99,267.20,272.99,267.20,272.99,267.20,272.99,267.20,272.99,267.20,272.99,267.20,272.99,267.20,272.99,267.20,272.99,267.20,272.99,267.20,272.99,267.20,272.99,267.20,272.99,267.20,272.99,267.20,272.99,267.20,272.99,267.20,272.99,267.20,272.99,267.20,272.99,267.20,272.99,267.20,0.00000,0.00000,0.00000,0.00000,0.00000,0.00000,0.00000,0.00000,0.00000,0.00000,0.00000,0.00000,0.00000,0.00000,0.00000,0.00000,0.00000,0.00000,0.00000,0.00000,0.00000,0.00000,0.00000,0.00000,0.00000,0.00000,0.00000,0.00000,0.00000,0.00000,0.00000,0.00000,0.00000,0.00000,0.00000,0.00000,0.00000,0.00000,0.00000,0.00000,0.00000,0.00000,0.00000,0.00000,0.00000,0.00000,0.00000,0.00000,0.00000,0.00000,0.00000,0.00000,0.00000,0.00000,0.00000,0.00000,0.00000,0.00000,0.00000,0.00000,0.00000,0.00000,0.00000,0.00000,0.00000,0.00000,0.00000,0.00000,0.00000,0.00000,0.00000,0.00000,0.00000,0.00000,0.00000,0.00000,0.00000,0.00000,0.00000,0.00000,0.00000,0.00000,0.00000,0.00000
4.6333,1,1,0.00,0.00,33.33,-0.04729,0.02734,0.55768,0.55524,0.55524,0.4500,0,1,0.21245,0.05318,0.06968,0.21226,0.05351,0.06909,0.34,0.01,0.55524,-0.30469,-0.20191,0.27106,1.50587,0.00000,0.16751,-0.30135,-0.20925,0.27389,1.50600,0.00000,-0.17000,28,0.20721,0.05038,0.07108,0.21490,0.08010,0,0.99064,-0.00233,-0.01474,0.13568,virtual,0,268.67,267.14,268.67,267.14,268.67,267.14,268.67,267.14,268.67,267.14,268.67,267.14,268.67,267.14,268.67,267.14,268.67,267.14,268.67,267.14,268.67,267.14,268.67,267.14,268.67,267.14,268.67,267.14,268.67,267.14,268.67,267.14,268.67,267.14,268.67,267.14,268.67,267.14,268.67,267.14,268.67,267.14,0.00000,0.00000,0.00000,0.00000,0.00000,0.00000,0.00000,0.00000,0.00000,0.00000,0.00000,0.00000,0.00000,0.00000,0.00000,0.00000,0.00000,0.00000,0.00000,0.00000,0.00000,0.00000,0.00000,0.00000,0.00000,0.00000,0.00000,0.00000,0.00000,0.00000,0.00000,0.00000,0.00000,0.00000,0.00000,0.00000,0.00000,0.00000,0.00000,0.00000,0.00000,0.00000,0.00000,0.00000,0.00000,0.00000,0.00000,0.00000,0.00000,0.00000,0.00000,0.00000,0.00000,0.00000,0.00000,0.00000,0.00000,0.00000,0.00000,0.00000,0.00000,0.00000,0.00000,0.00000,0.00000,0.00000,0.00000,0.00000,0.00000,0.00000,0.00000,0.00000,0.00000,0.00000,0.00000,0.00000,0.00000,0.00000,0.00000,0.00000,0.00000,0.00000,0.00000,0.00000
4.6667,1,1,0.00,0.00,33.33,-0.05142,0.02716,0.55540,0.55312,0.55312,0.4500,0,1,0.21359,0.05730,0.06986,0.21336,0.05858,0.06972,0.33,0.01,0.55312,-0.32916,-0.18454,0.24855,1.50750,-0.00000,0.16750,-0.32098,-0.18922,0.25174,1.50812,0.00000,-0.17000,28,0.20839,0.05508,0.07164,0.21490,0.08010,0,0.98901,-0.00190,-0.01631,0.14695,virtual,0,264.35,267.03,264.35,267.03,264.35,267.03,264.35,267.03,264.35,267.03,264.35,267.03,264.35,267.03,264.35,267.03,264.35,267.03,264.35,267.03,264.35,267.03,264.35,267.03,264.35,267.03,264.35,267.03,264.35,267.03,264.35,267.03,264.35,267.03,264.35,267.03,264.35,267.03,264.35,267.03,264.35,267.03,0.00000,0.00000,0.00000,0.00000,0.00000,0.00000,0.00000,0.00000,0.00000,0.00000,0.00000,0.00000,0.00000,0.00000,0.00000,0.00000,0.00000,0.00000,0.00000,0.00000,0.00000,0.00000,0.00000,0.00000,0.00000,0.00000,0.00000,0.00000,0.00000,0.00000,0.00000,0.00000,0.00000,0.00000,0.00000,0.00000,0.00000,0.00000,0.00000,0.00000,0.00000,0.00000,0.00000,0.00000,0.00000,0.00000,0.00000,0.00000,0.00000,0.00000,0.00000,0.00000,0.00000,0.00000,0.00000,0.00000,0.00000,0.00000,0.00000,0.00000,0.00000,0.00000,0.00000,0.00000,0.00000,0.00000,0.00000,0.00000,0.00000,0.00000,0.00000,0.00000,0.00000,0.00000,0.00000,0.00000,0.00000,0.00000,0.00000,0.00000,0.00000,0.00000,0.00000,0.00000
4.7000,1,1,0.00,0.00,33.33,-0.05574,0.02710,0.55525,0.55510,0.55510,0.4500,0,1,0.21367,0.06163,0.06992,0.21362,0.06234,0.06988,0.32,0.01,0.55510,-0.34790,-0.17267,0.23488,1.50864,-0.00000,0.16748,-0.34278,-0.17609,0.23767,1.50911,0.00000,-0.17000,28,0.20871,0.05878,0.07173,0.21490,0.08010,0,0.98760,-0.00171,-0.01659,0.15610,virtual,0,260.02,267.01,260.02,267.01,260.02,267.01,260.02,267.01,260.02,267.01,260.02,267.01,260.02,267.01,260.02,267.01,260.02,267.01,260.02,267.01,260.02,267.01,260.02,267.01,260.02,267.01,260.02,267.01,260.02,267.01,260.02,267.01,260.02,267.01,260.02,267.01,260.02,267.01,260.02,267.01,260.02,267.01,0.00000,0.00000,0.00000,0.00000,0.00000,0.00000,0.00000,0.00000,0.00000,0.00000,0.00000,0.00000,0.00000,0.00000,0.00000,0.00000,0.00000,0.00000,0.00000,0.00000,0.00000,0.00000,0.00000,0.00000,0.00000,0.00000,0.00000,0.00000,0.00000,0.00000,0.00000,0.00000,0.00000,0.00000,0.00000,0.00000,0.00000,0.00000,0.00000,0.00000,0.00000,0.00000,0.00000,0.00000,0.00000,0.00000,0.00000,0.00000,0.00000,0.00000,0.00000,0.00000,0.00000,0.00000,0.00000,0.00000,0.00000,0.00000,0.00000,0.00000,0.00000,0.00000,0.00000,0.00000,0.00000,0.00000,0.00000,0.00000,0.00000,0.00000,0.00000,0.00000,0.00000,0.00000,0.00000,0.00000,0.00000,0.00000,0.00000,0.00000,0.00000,0.00000,0.00000,0.00000
4.7333,1,1,0.00,0.00,33.33,-0.05999,0.02704,0.55440,0.55356,0.55356,0.4500,0,1,0.21409,0.06587,0.06998,0.21387,0.06680,0.06968,0.32,0.01,0.55356,-0.36977,-0.15477,0.21710,1.51036,0.00000,0.16747,-0.36349,-0.16035,0.22037,1.51065,0.00000,-0.17000,28,0.20911,0.06313,0.07151,0.21490,0.08010,0,0.98588,-0.00171,-0.01577,0.16670,virtual,0,255.69,267.01,255.69,267.01,255.69,267.01,255.69,267.01,255.69,267.01,255.69,267.01,255.69,267.01,255.69,267.01,255.69,267.01,255.69,267.01,255.69,267.01,255.69,267.01,255.69,267.01,255.69,267.01,255.69,267.01,255.69,267.01,255.69,267.01,255.69,267.01,255.69,267.01,255.69,267.01,255.69,267.01,0.00000,0.00000,0.00000,0.00000,0.00000,0.00000,0.00000,0.00000,0.00000,0.00000,0.00000,0.00000,0.00000,0.00000,0.00000,0.00000,0.00000,0.00000,0.00000,0.00000,0.00000,0.00000,0.00000,0.00000,0.00000,0.00000,0.00000,0.00000,0.00000,0.00000,0.00000,0.00000,0.00000,0.00000,0.00000,0.00000,0.00000,0.00000,0.00000,0.00000,0.00000,0.00000,0.00000,0.00000,0.00000,0.00000,0.00000,0.00000,0.00000,0.00000,0.00000,0.00000,0.00000,0.00000,0.00000,0.00000,0.00000,0.00000,0.00000,0.00000,0.00000,0.00000,0.00000,0.00000,0.00000,0.00000,0.00000,0.00000,0.00000,0.00000,0.00000,0.00000,0.00000,0.00000,0.00000,0.00000,0.00000,0.00000,0.00000,0.00000,0.00000,0.00000,0.00000,0.00000
4.7667,1,1,0.00,0.00,33.33,-0.06433,0.02699,0.55439,0.55437,0.55437,0.4500,0,1,0.21410,0.07022,0.07003,0.21357,0.07083,0.06989,0.32,0.01,0.55437,-0.39031,-0.14585,0.20595,1.51157,0.00000,0.16746,-0.38492,-0.14657,0.20523,1.51203,0.00000,-0.17000,28,0.20889,0.06697,0.07179,0.21490,0.08010,0,0.98418,-0.00140,-0.01654,0.17638,virtual,0,251.34,266.94,251.34,266.94,251.34,266.94,251.34,266.94,251.34,266.94,251.34,266.94,251.34,266.94,251.34,266.94,251.34,266.94,251.34,266.94,251.34,266.94,251.34,266.94,251.34,266.94,251.34,266.94,251.34,266.94,251.34,266.94,251.34,266.94,251.34,266.94,251.34,266.94,251.34,266.94,251.34,266.94,0.00000,0.00000,0.00000,0.00000,0.00000,0.00000,0.00000,0.00000,0.00000,0.00000,0.00000,0.00000,0.00000,0.00000,0.00000,0.00000,0.00000,0.00000,0.00000,0.00000,0.00000,0.00000,0.00000,0.00000,0.00000,0.00000,0.00000,0.00000,0.00000,0.00000,0.00000,0.00000,0.00000,0.00000,0.00000,0.00000,0.00000,0.00000,0.00000,0.00000,0.00000,0.00000,0.00000,0.00000,0.00000,0.00000,0.00000,0.00000,0.00000,0.00000,0.00000,0.00000,0.00000,0.00000,0.00000,0.00000,0.00000,0.00000,0.00000,0.00000,0.00000,0.00000,0.00000,0.00000,0.00000,0.00000,0.00000,0.00000,0.00000,0.00000,0.00000,0.00000,0.00000,0.00000,0.00000,0.00000,0.00000,0.00000,0.00000,0.00000,0.00000,0.00000,0.00000,0.00000
4.8000,1,1,0.00,0.00,33.33,-0.06657,0.02699,0.55491,0.55542,0.55542,0.4500,0,1,0.21384,0.07245,0.07003,0.21369,0.07228,0.06985,0.17,0.00,0.55542,-0.39714,-0.13976,0.19961,1.51210,-0.00000,0.16745,-0.39690,-0.14037,0.19877,1.51235,0.00000,-0.17000,28,0.20906,0.06826,0.07176,0.21490,0.08010,0,0.98367,-0.00137,-0.01650,0.17920,virtual,0,251.34,266.94,251.34,266.94,251.34,266.94,251.34,266.94,251.34,266.94,251.34,266.94,251.34,266.94,251.34,266.94,251.34,266.94,251.34,266.94,251.34,266.94,251.34,266.94,251.34,266.94,251.34,266.94,251.34,266.94,251.34,266.94,251.34,266.94,251.34,266.94,251.34,266.94,251.34,266.94,251.34,266.94,0.00000,0.00000,0.00000,0.00000,0.00000,0.00000,0.00000,0.00000,0.00000,0.00000,0.00000,0.00000,0.00000,0.00000,0.00000,0.00000,0.00000,0.00000,0.00000,0.00000,0.00000,0.00000,0.00000,0.00000,0.00000,0.00000,0.00000,0.00000,0.00000,0.00000,0.00000,0.00000,0.00000,0.00000,0.00000,0.00000,0.00000,0.00000,0.00000,0.00000,0.00000,0.00000,0.00000,0.00000,0.00000,0.00000,0.00000,0.00000,0.00000,0.00000,0.00000,0.00000,0.00000,0.00000,0.00000,0.00000,0.00000,0.00000,0.00000,0.00000,0.00000,0.00000,0.00000,0.00000,0.00000,0.00000,0.00000,0.00000,0.00000,0.00000,0.00000,0.00000,0.00000,0.00000,0.00000,0.00000,0.00000,0.00000,0.00000,0.00000,0.00000,0.00000,0.00000,0.00000
4.8333,1,1,0.00,0.00,33.33,-0.06778,0.02903,0.55340,0.55190,0.55190,0.4500,0,1,0.21459,0.07366,0.06800,0.21436,0.07375,0.06728,0.31,0.00,0.55190,-0.40293,-0.12528,0.20257,1.49731,-0.00001,0.16743,-0.40173,-0.13096,0.20215,1.49962,0.00000,-0.17000,28,0.20987,0.06954,0.06934,0.21490,0.08010,0,0.98329,-0.00152,-0.01568,0.18138,virtual,0,250.71,271.19,250.71,271.19,250.71,271.19,250.71,271.19,250.71,271.19,250.71,271.19,250.71,271.19,250.71,271.19,250.71,271.19,250.71,271.19,250.71,271.19,250.71,271.19,250.71,271.19,250.71,271.19,250.71,271.19,250.71,271.19,250.71,271.19,250.71,271.19,250.71,271.19,250.71,271.19,250.71,271.19,0.00000,0.00000,0.00000,0.00000,0.00000,0.00000,0.00000,0.00000,0.00000,0.00000,0.00000,0.00000,0.00000,0.00000,0.00000,0.00000,0.00000,0.00000,0.00000,0.00000,0.00000,0.00000,0.00000,0.00000,0.00000,0.00000,0.00000,0.00000,0.00000,0.00000,0.00000,0.00000,0.00000,0.00000,0.00000,0.00000,0.00000,0.00000,0.00000,0.00000,0.00000,0.00000,0.00000,0.00000,0.00000,0.00000,0.00000,0.00000,0.00000,0.00000,0.00000,0.00000,0.00000,0.00000,0.00000,0.00000,0.00000,0.00000,0.00000,0.00000,0.00000,0.00000,0.00000,0.00000,0.00000,0.00000,0.00000,0.00000,0.00000,0.00000,0.00000,0.00000,0.00000,0.00000,0.00000,0.00000,0.00000,0.00000,0.00000,0.00000,0.00000,0.00000,0.00000,0.00000
4.8667,1,1,0.00,0.00,33.33,-0.06855,0.03211,0.55186,0.55031,0.55031,0.4500,0,1,0.21536,0.07443,0.06491,0.21509,0.07433,0.06437,0.44,0.00,0.55031,-0.40423,-0.12106,0.21985,1.47228,-0.00000,0.16735,-0.40401,-0.12171,0.21407,1.47852,0.00000,-0.17000,28,0.21056,0.07015,0.06660,0.21490,0.08010,0,0.98314,-0.00099,-0.01802,0.18197,virtual,0,250.19,275.45,250.19,275.45,250.19,275.45,250.19,275.45,250.19,275.45,250.19,275.45,250.19,275.45,250.19,275.45,250.19,275.45,250.19,275.45,250.19,275.45,250.19,275.45,250.19,275.45,250.19,275.45,250.19,275.45,250.19,275.45,250.19,275.45,250.19,275.45,250.19,275.45,250.19,275.45,250.19,275.45,0.00000,0.00000,0.00000,0.00000,0.00000,0.00000,0.00000,0.00000,0.00000,0.00000,0.00000,0.00000,0.00000,0.00000,0.00000,0.00000,0.00000,0.00000,0.00000,0.00000,0.00000,0.00000,0.00000,0.00000,0.00000,0.00000,0.00000,0.00000,0.00000,0.00000,0.00000,0.00000,0.00000,0.00000,0.00000,0.00000,0.00000,0.00000,0.00000,0.00000,0.00000,0.00000,0.00000,0.00000,0.00000,0.00000,0.00000,0.00000,0.00000,0.00000,0.00000,0.00000,0.00000,0.00000,0.00000,0.00000,0.00000,0.00000,0.00000,0.00000,0.00000,0.00000,0.00000,0.00000,0.00000,0.00000,0.00000,0.00000,0.00000,0.00000,0.00000,0.00000,0.00000,0.00000,0.00000,0.00000,0.00000,0.00000,0.00000,0.00000,0.00000,0.00000,0.00000,0.00000
4.9000,1,1,0.00,0.00,33.33,-0.06917,0.03576,0.55103,0.55021,0.55021,0.4500,0,1,0.21577,0.07506,0.06126,0.21534,0.07482,0.06054,0.50,0.01,0.55021,-0.40605,-0.11314,0.23938,1.44619,-0.00000,0.16733,-0.40616,-0.11446,0.23278,1.45261,0.00000,-0.17000,28,0.21081,0.07061,0.06281,0.21490,0.08010,0,0.98301,-0.00107,-0.01759,0.18268,virtual,0,249.69,279.71,249.69,279.71,249.69,279.71,249.69,279.71,249.69,279.71,249.69,279.71,249.69,279.71,249.69,279.71,249.69,279.71,249.69,279.71,249.69,279.71,249.69,279.71,249.69,279.71,249.69,279.71,249.69,279.71,249.69,279.71,249.69,279.71,249.69,279.71,249.69,279.71,249.69,279.71,249.69,279.71,0.00000,0.00000,0.00000,0.00000,0.00000,0.00000,0.00000,0.00000,0.00000,0.00000,0.00000,0.00000,0.00000,0.00000,0.00000,0.00000,0.00000,0.00000,0.00000,0.00000,0.00000,0.00000,0.00000,0.00000,0.00000,0.00000,0.00000,0.00000,0.00000,0.00000,0.00000,0.00000,0.00000,0.00000,0.00000,0.00000,0.00000,0.00000,0.00000,0.00000,0.00000,0.00000,0.00000,0.00000,0.00000,0.00000,0.00000,0.00000,0.00000,0.00000,0.00000,0.00000,0.00000,0.00000,0.00000,0.00000,0.00000,0.00000,0.00000,0.00000,0.00000,0.00000,0.00000,0.00000,0.00000,0.00000,0.00000,0.00000,0.00000,0.00000,0.00000,0.00000,0.00000,0.00000,0.00000,0.00000,0.00000,0.00000,0.00000,0.00000,0.00000,0.00000,0.00000,0.00000
4.9333,1,1,0.00,0.00,33.33,-0.06959,0.03962,0.54956,0.54808,0.54808,0.4500,0,1,0.21651,0.07547,0.05741,0.21587,0.07525,0.05618,0.55,0.01,0.54808,-0.40698,-0.09911,0.25583,1.41905,0.00000,0.16732,-0.40673,-0.10453,0.25004,1.42541,0.00000,-0.17000,28,0.21134,0.07106,0.05846,0.21490,0.08010,0,0.98296,-0.00144,-0.01594,0.18310,virtual,0,249.21,283.96,249.21,283.96,249.21,283.96,249.21,283.96,249.21,283.96,249.21,283.96,249.21,283.96,249.21,283.96,249.21,283.96,249.21,283.96,249.21,283.96,249.21,283.96,249.21,283.96,249.21,283.96,249.21,283.96,249.21,283.96,249.21,283.96,249.21,283.96,249.21,283.96,249.21,283.96,249.21,283.96,0.00000,0.00000,0.00000,0.00000,0.00000,0.00000,0.00000,0.00000,0.00000,0.00000,0.00000,0.00000,0.00000,0.00000,0.00000,0.00000,0.00000,0.00000,0.00000,0.00000,0.00000,0.00000,0.00000,0.00000,0.00000,0.00000,0.00000,0.00000,0.00000,0.00000,0.00000,0.00000,0.00000,0.00000,0.00000,0.00000,0.00000,0.00000,0.00000,0.00000,0.00000,0.00000,0.00000,0.00000,0.00000,0.00000,0.00000,0.00000,0.00000,0.00000,0.00000,0.00000,0.00000,0.00000,0.00000,0.00000,0.00000,0.00000,0.00000,0.00000,0.00000,0.00000,0.00000,0.00000,0.00000,0.00000,0.00000,0.00000,0.00000,0.00000,0.00000,0.00000,0.00000,0.00000,0.00000,0.00000,0.00000,0.00000,0.00000,0.00000,0.00000,0.00000,0.00000,0.00000
4.9667,1,1,0.00,0.00,33.33,-0.07018,0.04374,0.54998,0.55039,0.55039,0.4500,0,1,0.21630,0.07606,0.05329,0.21566,0.07568,0.05227,0.54,0.01,0.55039,-0.40950,-0.09849,0.28465,1.38695,0.00000,0.16732,-0.40980,-0.09960,0.27523,1.39534,0.00000,-0.17000,28,0.21108,0.07141,0.05451,0.21490,0.08010,0,0.98277,-0.00126,-0.01670,0.18407,virtual,0,248.74,288.19,248.74,288.19,248.74,288.19,248.74,288.19,248.74,288.19,248.74,288.19,248.74,288.19,248.74,288.19,248.74,288.19,248.74,288.19,248.74,288.19,248.74,288.19,248.74,288.19,248.74,288.19,248.74,288.19,248.74,288.19,248.74,288.19,248.74,288.19,248.74,288.19,248.74,288.19,248.74,288.19,0.00000,0.00000,0.00000,0.00000,0.00000,0.00000,0.00000,0.00000,0.00000,0.00000,0.00000,0.00000,0.00000,0.00000,0.00000,0.00000,0.00000,0.00000,0.00000,0.00000,0.00000,0.00000,0.00000,0.00000,0.00000,0.00000,0.00000,0.00000,0.00000,0.00000,0.00000,0.00000,0.00000,0.00000,0.00000,0.00000,0.00000,0.00000,0.00000,0.00000,0.00000,0.00000,0.00000,0.00000,0.00000,0.00000,0.00000,0.00000,0.00000,0.00000,0.00000,0.00000,0.00000,0.00000,0.00000,0.00000,0.00000,0.00000,0.00000,0.00000,0.00000,0.00000,0.00000,0.00000,0.00000,0.00000,0.00000,0.00000,0.00000,0.00000,0.00000,0.00000,0.00000,0.00000,0.00000,0.00000,0.00000,0.00000,0.00000,0.00000,0.00000,0.00000,0.00000,0.00000
5.0000,1,1,0.00,0.00,33.33,-0.07091,0.04804,0.55171,0.55343,0.55343,0.4500,0,1,0.21544,0.07680,0.04898,0.21410,0.07603,0.04739,0.54,0.01,0.55343,-0.41442,-0.09694,0.31919,1.35503,-0.00000,0.16732,-0.41492,-0.09805,0.30575,1.36332,0.00000,-0.17000,28,0.20970,0.07164,0.04965,0.21490,0.08010,0,0.98244,-0.00162,-0.01499,0.18595,virtual,0,248.25,292.43,248.25,292.43,248.25,292.43,248.25,292.43,248.25,292.43,248.25,292.43,248.25,292.43,248.25,292.43,248.25,292.43,248.25,292.43,248.25,292.43,248.25,292.43,248.25,292.43,248.25,292.43,248.25,292.43,248.25,292.43,248.25,292.43,248.25,292.43,248.25,292.43,248.25,292.43,248.25,292.43,0.00000,0.00000,0.00000,0.00000,0.00000,0.00000,0.00000,0.00000,0.00000,0.00000,0.00000,0.00000,0.00000,0.00000,0.00000,0.00000,0.00000,0.00000,0.00000,0.00000,0.00000,0.00000,0.00000,0.00000,0.00000,0.00000,0.00000,0.00000,0.00000,0.00000,0.00000,0.00000,0.00000,0.00000,0.00000,0.00000,0.00000,0.00000,0.00000,0.00000,0.00000,0.00000,0.00000,0.00000,0.00000,0.00000,0.00000,0.00000,0.00000,0.00000,0.00000,0.00000,0.00000,0.00000,0.00000,0.00000,0.00000,0.00000,0.00000,0.00000,0.00000,0.00000,0.00000,0.00000,0.00000,0.00000,0.00000,0.00000,0.00000,0.00000,0.00000,0.00000,0.00000,0.00000,0.00000,0.00000,0.00000,0.00000,0.00000,0.00000,0.00000,0.00000,0.00000,0.00000
5.0333,1,1,0.00,0.00,33.33,-0.07153,0.05231,0.55235,0.55300,0.55300,0.4500,0,1,0.21512,0.07741,0.04472,0.21466,0.07736,0.04406,0.59,0.01,0.55300,-0.41957,-0.09101,0.33817,1.32371,-0.00001,0.16730,-0.41864,-0.09211,0.33089,1.33219,0.00000,-0.17000,28,0.21034,0.07273,0.04633,0.21490,0.08010,0,0.98204,-0.00081,-0.01829,0.18777,virtual,0,247.69,296.70,247.69,296.70,247.69,296.70,247.69,296.70,247.69,296.70,247.69,296.70,247.69,296.70,247.69,296.70,247.69,296.70,247.69,296.70,247.69,296.70,247.69,296.70,247.69,296.70,247.69,296.70,247.69,296.70,247.69,296.70,247.69,296.70,247.69,296.70,247.69,296.70,247.69,296.70,247.69,296.70,0.00000,0.00000,0.00000,0.00000,0.00000,0.00000,0.00000,0.00000,0.00000,0.00000,0.00000,0.00000,0.00000,0.00000,0.00000,0.00000,0.00000,0.00000,0.00000,0.00000,0.00000,0.00000,0.00000,0.00000,0.00000,0.00000,0.00000,0.00000,0.00000,0.00000,0.00000,0.00000,0.00000,0.00000,0.00000,0.00000,0.00000,0.00000,0.00000,0.00000,0.00000,0.00000,0.00000,0.00000,0.00000,0.00000,0.00000,0.00000,0.00000,0.00000,0.00000,0.00000,0.00000,0.00000,0.00000,0.00000,0.00000,0.00000,0.00000,0.00000,0.00000,0.00000,0.00000,0.00000,0.00000,0.00000,0.00000,0.00000,0.00000,0.00000,0.00000,0.00000,0.00000,0.00000,0.00000,0.00000,0.00000,0.00000,0.00000,0.00000,0.00000,0.00000,0.00000,0.00000
5.0667,1,1,0.00,0.00,33.33,-0.07203,0.05656,0.55260,0.55285,0.55285,0.4500,0,1,0.21499,0.07792,0.04046,0.21430,0.07760,0.03960,0.62,0.01,0.55285,-0.42151,-0.08171,0.36133,1.29326,-0.00000,0.16730,-0.42137,-0.08373,0.35343,1.30126,0.00000,-0.17000,28,0.20994,0.07300,0.04184,0.21490,0.08010,0,0.98188,-0.00106,-0.01714,0.18874,virtual,0,247.28,300.97,247.28,300.97,247.28,300.97,247.28,300.97,247.28,300.97,247.28,300.97,247.28,300.97,247.28,300.97,247.28,300.97,247.28,300.97,247.28,300.97,247.28,300.97,247.28,300.97,247.28,300.97,247.28,300.97,247.28,300.97,247.28,300.97,247.28,300.97,247.28,300.97,247.28,300.97,247.28,300.97,0.00000,0.00000,0.00000,0.00000,0.00000,0.00000,0.00000,0.00000,0.00000,0.00000,0.00000,0.00000,0.00000,0.00000,0.00000,0.00000,0.00000,0.00000,0.00000,0.00000,0.00000,0.00000,0.00000,0.00000,0.00000,0.00000,0.00000,0.00000,0.00000,0.00000,0.00000,0.00000,0.00000,0.00000,0.00000,0.00000,0.00000,0.00000,0.00000,0.00000,0.00000,0.00000,0.00000,0.00000,0.00000,0.00000,0.00000,0.00000,0.00000,0.00000,0.00000,0.00000,0.00000,0.00000,0.00000,0.00000,0.00000,0.00000,0.00000,0.00000,0.00000,0.00000,0.00000,0.00000,0.00000,0.00000,0.00000,0.00000,0.00000,0.00000,0.00000,0.00000,0.00000,0.00000,0.00000,0.00000,0.00000,0.00000,0.00000,0.00000,0.00000,0.00000,0.00000,0.00000
5.1000,1,1,0.00,0.00,33.33,-0.07235,0.06068,0.55146,0.55032,0.55032,0.4500,0,1,0.21556,0.07823,0.03635,0.21562,0.07829,0.03577,0.67,0.01,0.55032,-0.42196,-0.06297,0.36918,1.26509,0.00000,0.16729,-0.42180,-0.07006,0.36894,1.27203,0.00000,-0.17000,28,0.21125,0.07371,0.03798,0.21490,0.08010,0,0.98183,-0.00091,-0.01775,0.18892,virtual,0,246.82,305.26,246.82,305.26,246.82,305.26,246.82,305.26,246.82,305.26,246.82,305.26,246.82,305.26,246.82,305.26,246.82,305.26,246.82,305.26,246.82,305.26,246.82,305.26,246.82,305.26,246.82,305.26,246.82,305.26,246.82,305.26,246.82,305.26,246.82,305.26,246.82,305.26,246.82,305.26,246.82,305.26,0.00000,0.00000,0.00000,0.00000,0.00000,0.00000,0.00000,0.00000,0.00000,0.00000,0.00000,0.00000,0.00000,0.00000,0.00000,0.00000,0.00000,0.00000,0.00000,0.00000,0.00000,0.00000,0.00000,0.00000,0.00000,0.00000,0.00000,0.00000,0.00000,0.00000,0.00000,0.00000,0.00000,0.00000,0.00000,0.00000,0.00000,0.00000,0.00000,0.00000,0.00000,0.00000,0.00000,0.00000,0.00000,0.00000,0.00000,0.00000,0.00000,0.00000,0.00000,0.00000,0.00000,0.00000,0.00000,0.00000,0.00000,0.00000,0.00000,0.00000,0.00000,0.00000,0.00000,0.00000,0.00000,0.00000,0.00000,0.00000,0.00000,0.00000,0.00000,0.00000,0.00000,0.00000,0.00000,0.00000,0.00000,0.00000,0.00000,0.00000,0.00000,0.00000,0.00000,0.00000
5.1333,1,1,0.00,0.00,33.33,-0.07244,0.06462,0.54916,0.54686,0.54686,0.4500,0,1,0.21671,0.07833,0.03240,0.21608,0.07803,0.03136,0.70,0.00,0.54686,-0.41974,-0.04592,0.38301,1.23714,0.00000,0.16729,-0.41995,-0.05206,0.37821,1.24472,0.00000,-0.17000,28,0.21172,0.07351,0.03357,0.21490,0.08010,0,0.98206,-0.00123,-0.01644,0.18787,virtual,0,246.49,309.49,246.49,309.49,246.49,309.49,246.49,309.49,246.49,309.49,246.49,309.49,246.49,309.49,246.49,309.49,246.49,309.49,246.49,309.49,246.49,309.49,246.49,309.49,246.49,309.49,246.49,309.49,246.49,309.49,246.49,309.49,246.49,309.49,246.49,309.49,246.49,309.49,246.49,309.49,246.49,309.49,0.00000,0.00000,0.00000,0.00000,0.00000,0.00000,0.00000,0.00000,0.00000,0.00000,0.00000,0.00000,0.00000,0.00000,0.00000,0.00000,0.00000,0.00000,0.00000,0.00000,0.00000,0.00000,0.00000,0.00000,0.00000,0.00000,0.00000,0.00000,0.00000,0.00000,0.00000,0.00000,0.00000,0.00000,0.00000,0.00000,0.00000,0.00000,0.00000,0.00000,0.00000,0.00000,0.00000,0.00000,0.00000,0.00000,0.00000,0.00000,0.00000,0.00000,0.00000,0.00000,0.00000,0.00000,0.00000,0.00000,0.00000,0.00000,0.00000,0.00000,0.00000,0.00000,0.00000,0.00000,0.00000,0.00000,0.00000,0.00000,0.00000,0.00000,0.00000,0.00000,0.00000,0.00000,0.00000,0.00000,0.00000,0.00000,0.00000,0.00000,0.00000,0.00000,0.00000,0.00000
5.1667,1,1,0.00,0.00,33.33,-0.07306,0.06899,0.55062,0.55208,0.55208,0.4500,0,1,0.21598,0.07894,0.02804,0.21520,0.07839,0.02710,0.66,0.01,0.55208,-0.42334,-0.04270,0.41262,1.20209,-0.00000,0.16729,-0.42401,-0.04354,0.40220,1.21232,0.00000,-0.17000,28,0.21091,0.07365,0.02930,0.21490,0.08010,0,0.98183,-0.00095,-0.01754,0.18894,virtual,0,246.03,313.65,246.03,313.65,246.03,313.65,246.03,313.65,246.03,313.65,246.03,313.65,246.03,313.65,246.03,313.65,246.03,313.65,246.03,313.65,246.03,313.65,246.03,313.65,246.03,313.65,246.03,313.65,246.03,313.65,246.03,313.65,246.03,313.65,246.03,313.65,246.03,313.65,246.03,313.65,246.03,313.65,0.00000,0.00000,0.00000,0.00000,0.00000,0.00000,0.00000,0.00000,0.00000,0.00000,0.00000,0.00000,0.00000,0.00000,0.00000,0.00000,0.00000,0.00000,0.00000,0.00000,0.00000,0.00000,0.00000,0.00000,0.00000,0.00000,0.00000,0.00000,0.00000,0.00000,0.00000,0.00000,0.00000,0.00000,0.00000,0.00000,0.00000,0.00000,0.00000,0.00000,0.00000,0.00000,0.00000,0.00000,0.00000,0.00000,0.00000,0.00000,0.00000,0.00000,0.00000,0.00000,0.00000,0.00000,0.00000,0.00000,0.00000,0.00000,0.00000,0.00000,0.00000,0.00000,0.00000,0.00000,0.00000,0.00000,0.00000,0.00000,0.00000,0.00000,0.00000,0.00000,0.00000,0.00000,0.00000,0.00000,0.00000,0.00000,0.00000,0.00000,0.00000,0.00000,0.00000,0.00000
5.2000,1,1,0.00,0.00,33.33,-0.07381,0.07344,0.55257,0.55452,0.55452,0.4500,0,1,0.21501,0.07970,0.02358,0.21384,0.07910,0.02289,0.67,0.01,0.55452,-0.42959,-0.03476,0.43611,1.17325,-0.00001,0.16728,-0.42955,-0.03556,0.42753,1.17901,0.00000,-0.17000,28,0.20967,0.07422,0.02517,0.21490,0.08010,0,0.98134,-0.00113,-0.01655,0.19156,virtual,0,245.46,317.85,245.46,317.85,245.46,317.85,245.46,317.85,245.46,317.85,245.46,317.85,245.46,317.85,245.46,317.85,245.46,317.85,245.46,317.85,245.46,317.85,245.46,317.85,245.46,317.85,245.46,317.85,245.46,317.85,245.46,317.85,245.46,317.85,245.46,317.85,245.46,317.85,245.46,317.85,245.46,317.85,0.00000,0.00000,0.00000,0.00000,0.00000,0.00000,0.00000,0.00000,0.00000,0.00000,0.00000,0.00000,0.00000,0.00000,0.00000,0.00000,0.00000,0.00000,0.00000,0.00000,0.00000,0.00000,0.00000,0.00000,0.00000,0.00000,0.00000,0.00000,0.00000,0.00000,0.00000,0.00000,0.00000,0.00000,0.00000,0.00000,0.00000,0.00000,0.00000,0.00000,0.00000,0.00000,0.00000,0.00000,0.00000,0.00000,0.00000,0.00000,0.00000,0.00000,0.00000,0.00000,0.00000,0.00000,0.00000,0.00000,0.00000,0.00000,0.00000,0.00000,0.00000,0.00000,0.00000,0.00000,0.00000,0.00000,0.00000,0.00000,0.00000,0.00000,0.00000,0.00000,0.00000,0.00000,0.00000,0.00000,0.00000,0.00000,0.00000,0.00000,0.00000,0.00000,0.00000,0.00000
5.2333,1,1,0.00,0.00,33.33,-0.07438,0.07768,0.55236,0.55214,0.55214,0.4500,0,1,0.21511,0.08026,0.01935,0.21481,0.08022,0.01870,0.73,0.01,0.55214,-0.43277,-0.01297,0.44353,1.14198,-0.00001,0.16724,-0.43217,-0.02018,0.44240,1.14868,0.00000,-0.17000,28,0.21071,0.07529,0.02097,0.21490,0.08010,0,0.98106,-0.00079,-0.01782,0.19289,virtual,0,244.78,322.23,244.78,322.23,244.78,322.23,244.78,322.23,244.78,322.23,244.78,322.23,244.78,322.23,244.78,322.23,244.78,322.23,244.78,322.23,244.78,322.23,244.78,322.23,244.78,322.23,244.78,322.23,244.78,322.23,244.78,322.23,244.78,322.23,244.78,322.23,244.78,322.23,244.78,322.23,244.78,322.23,0.00000,0.00000,0.00000,0.00000,0.00000,0.00000,0.00000,0.00000,0.00000,0.00000,0.00000,0.00000,0.00000,0.00000,0.00000,0.00000,0.00000,0.00000,0.00000,0.00000,0.00000,0.00000,0.00000,0.00000,0.00000,0.00000,0.00000,0.00000,0.00000,0.00000,0.00000,0.00000,0.00000,0.00000,0.00000,0.00000,0.00000,0.00000,0.00000,0.00000,0.00000,0.00000,0.00000,0.00000,0.00000,0.00000,0.00000,0.00000,0.00000,0.00000,0.00000,0.00000,0.00000,0.00000,0.00000,0.00000,0.00000,0.00000,0.00000,0.00000,0.00000,0.00000,0.00000,0.00000,0.00000,0.00000,0.00000,0.00000,0.00000,0.00000,0.00000,0.00000,0.00000,0.00000,0.00000,0.00000,0.00000,0.00000,0.00000,0.00000,0.00000,0.00000,0.00000,0.00000
5.2667,1,1,0.00,0.00,33.33,-0.07445,0.07956,0.55070,0.54905,0.54905,0.4500,0,1,0.21594,0.08033,0.01746,0.21515,0.08006,0.01771,0.45,0.00,0.54905,-0.43130,-0.00615,0.44305,1.13685,0.00000,0.16724,-0.43095,-0.00565,0.44181,1.13464,0.00000,-0.17000,28,0.21102,0.07520,0.01998,0.21490,0.08010,0,0.98119,-0.00102,-0.01689,0.19228,virtual,0,244.78,322.23,244.78,322.23,244.78,322.23,244.78,322.23,244.78,322.23,244.78,322.23,244.78,322.23,244.78,322.23,244.78,322.23,244.78,322.23,244.78,322.23,244.78,322.23,244.78,322.23,244.78,322.23,244.78,322.23,244.78,322.23,244.78,322.23,244.78,322.23,244.78,322.23,244.78,322.23,244.78,322.23,0.00000,0.00000,0.00000,0.00000,0.00000,0.00000,0.00000,0.00000,0.00000,0.00000,0.00000,0.00000,0.00000,0.00000,0.00000,0.00000,0.00000,0.00000,0.00000,0.00000,0.00000,0.00000,0.00000,0.00000,0.00000,0.00000,0.00000,0.00000,0.00000,0.00000,0.00000,0.00000,0.00000,0.00000,0.00000,0.00000,0.00000,0.00000,0.00000,0.00000,0.00000,0.00000,0.00000,0.00000,0.00000,0.00000,0.00000,0.00000,0.00000,0.00000,0.00000,0.00000,0.00000,0.00000,0.00000,0.00000,0.00000,0.00000,0.00000,0.00000,0.00000,0.00000,0.00000,0.00000,0.00000,0.00000,0.00000,0.00000,0.00000,0.00000,0.00000,0.00000,0.00000,0.00000,0.00000,0.00000,0.00000,0.00000,0.00000,0.00000,0.00000,0.00000,0.00000,0.00000
5.3000,1,1,0.00,0.00,33.33,-0.07465,0.08070,0.55113,0.55156,0.55156,0.4500,0,1,0.21573,0.08054,0.01633,0.21567,0.08046,0.01631,0.22,0.00,0.55156,-0.43204,0.00049,0.44642,1.12425,-0.00000,0.16721,-0.43221,-0.00083,0.44644,1.12522,0.00000,-0.17000,28,0.21144,0.07551,0.01870,0.21490,0.08010,0,0.98114,-0.00068,-0.01825,0.19245,virtual,0,244.78,322.23,244.78,322.23,244.78,322.23,244.78,322.23,244.78,322.23,244.78,322.23,244.78,322.23,244.78,322.23,244.78,322.23,244.78,322.23,244.78,322.23,244.78,322.23,244.78,322.23,244.78,322.23,244.78,322.23,244.78,322.23,244.78,322.23,244.78,322.23,244.78,322.23,244.78,322.23,244.78,322.23,0.00000,0.00000,0.00000,0.00000,0.00000,0.00000,0.00000,0.00000,0.00000,0.00000,0.00000,0.00000,0.00000,0.00000,0.00000,0.00000,0.00000,0.00000,0.00000,0.00000,0.00000,0.00000,0.00000,0.00000,0.00000,0.00000,0.00000,0.00000,0.00000,0.00000,0.00000,0.00000,0.00000,0.00000,0.00000,0.00000,0.00000,0.00000,0.00000,0.00000,0.00000,0.00000,0.00000,0.00000,0.00000,0.00000,0.00000,0.00000,0.00000,0.00000,0.00000,0.00000,0.00000,0.00000,0.00000,0.00000,0.00000,0.00000,0.00000,0.00000,0.00000,0.00000,0.00000,0.00000,0.00000,0.00000,0.00000,0.00000,0.00000,0.00000,0.00000,0.00000,0.00000,0.00000,0.00000,0.00000,0.00000,0.00000,0.00000,0.00000,0.00000,0.00000,0.00000,0.00000
5.3333,1,1,0.00,0.00,33.33,-0.07483,0.08134,0.55190,0.55267,0.55267,0.5917,0,1,0.21534,0.08072,0.01568,0.21550,0.08043,0.01627,0.91,0.00,0.55267,-0.43230,0.00021,0.44704,1.12461,-0.00000,0.16721,-0.43221,-0.00083,0.44644,1.12522,0.00000,-0.17000,28,0.21130,0.07552,0.01848,0.21490,0.08010,0,0.98112,-0.00073,-0.01800,0.19256,virtual,0,244.78,322.23,244.78,322.23,244.78,322.23,244.78,322.23,244.78,322.23,244.78,322.23,244.78,322.23,244.78,322.23,244.78,322.23,244.78,322.23,244.78,322.23,244.78,322.23,244.78,322.23,244.78,322.23,244.78,322.23,244.78,322.23,244.78,322.23,244.78,322.23,244.78,322.23,244.78,322.23,244.78,322.23,0.00000,0.00000,0.00000,0.00000,0.00000,0.00000,0.00000,0.00000,0.00000,0.00000,0.00000,0.00000,0.00000,0.00000,0.00000,0.00000,0.00000,0.00000,0.00000,0.00000,0.00000,0.00000,0.00000,0.00000,0.00000,0.00000,0.00000,0.00000,0.00000,0.00000,0.00000,0.00000,0.00000,0.00000,0.00000,0.00000,0.00000,0.00000,0.00000,0.00000,0.00000,0.00000,0.00000,0.00000,0.00000,0.00000,0.00000,0.00000,0.00000,0.00000,0.00000,0.00000,0.00000,0.00000,0.00000,0.00000,0.00000,0.00000,0.00000,0.00000,0.00000,0.00000,0.00000,0.00000,0.00000,0.00000,0.00000,0.00000,0.00000,0.00000,0.00000,0.00000,0.00000,0.00000,0.00000,0.00000,0.00000,0.00000,0.00000,0.00000,0.00000,0.00000,0.00000,0.00000
5.3667,1,1,0.00,0.00,33.33,-0.07470,0.08143,0.55068,0.54947,0.54947,0.7333,0,1,0.21595,0.08059,0.01559,0.21554,0.08044,0.01643,0.98,0.00,0.54947,-0.43222,-0.00054,0.44672,1.12522,-0.00000,0.16721,-0.43221,-0.00083,0.44644,1.12522,0.00000,-0.17000,28,0.21135,0.07552,0.01867,0.21490,0.08010,0,0.98114,-0.00064,-0.01833,0.19244,virtual,0,244.78,322.23,244.78,322.23,244.78,322.23,244.78,322.23,244.78,322.23,244.78,322.23,244.78,322.23,244.78,322.23,244.78,322.23,244.78,322.23,244.78,322.23,244.78,322.23,244.78,322.23,244.78,322.23,244.78,322.23,244.78,322.23,244.78,322.23,244.78,322.23,244.78,322.23,244.78,322.23,244.78,322.23,0.00000,0.00000,0.00000,0.00000,0.00000,0.00000,0.00000,0.00000,0.00000,0.00000,0.00000,0.00000,0.00000,0.00000,0.00000,0.00000,0.00000,0.00000,0.00000,0.00000,0.00000,0.00000,0.00000,0.00000,0.00000,0.00000,0.00000,0.00000,0.00000,0.00000,0.00000,0.00000,0.00000,0.00000,0.00000,0.00000,0.00000,0.00000,0.00000,0.00000,0.00000,0.00000,0.00000,0.00000,0.00000,0.00000,0.00000,0.00000,0.00000,0.00000,0.00000,0.00000,0.00000,0.00000,0.00000,0.00000,0.00000,0.00000,0.00000,0.00000,0.00000,0.00000,0.00000,0.00000,0.00000,0.00000,0.00000,0.00000,0.00000,0.00000,0.00000,0.00000,0.00000,0.00000,0.00000,0.00000,0.00000,0.00000,0.00000,0.00000,0.00000,0.00000,0.00000,0.00000
5.4000,1,1,0.00,0.00,33.33,-0.07500,0.08186,0.55272,0.55475,0.55475,0.8750,0,1,0.21595,0.08059,0.01559,0.21551,0.08042,0.01638,0.98,0.00,0.55475,-0.43221,-0.00033,0.44681,1.12523,0.00000,0.16722,-0.43221,-0.00083,0.44644,1.12522,0.00000,-0.17000,28,0.21132,0.07551,0.01863,0.21490,0.08010,0,0.98115,-0.00066,-0.01823,0.19236,virtual,1,244.78,322.23,244.78,322.23,244.78,322.23,244.78,322.23,244.78,322.23,244.78,322.23,244.78,322.23,244.78,322.23,244.78,322.23,244.78,322.23,244.78,322.23,244.78,322.23,244.78,322.23,244.78,322.23,244.78,322.23,244.78,322.23,244.78,322.23,244.78,322.23,244.78,322.23,244.78,322.23,244.78,322.23,0.00000,0.00000,0.00000,0.00000,0.00000,0.00000,0.00000,0.00000,0.00000,0.00000,0.00000,0.00000,0.00000,0.00000,0.00000,0.00000,0.00000,0.00000,0.00000,0.00000,0.00000,0.00000,0.00000,0.00000,0.00000,0.00000,0.00000,0.00000,0.00000,0.00000,0.00000,0.00000,0.00000,0.00000,0.00000,0.00000,0.00000,0.00000,0.00000,0.00000,0.00000,0.00000,0.00000,0.00000,0.00000,0.00000,0.00000,0.00000,0.00000,0.00000,0.00000,0.00000,0.00000,0.00000,0.00000,0.00000,0.00000,0.00000,0.00000,0.00000,0.00000,0.00000,0.00000,0.00000,0.00000,0.00000,0.00000,0.00000,0.00000,0.00000,0.00000,0.00000,0.00000,0.00000,0.00000,0.00000,0.00000,0.00000,0.00000,0.00000,0.00000,0.00000,0.00000,0.00000
5.4333,1,1,0.00,0.00,33.33,-0.07517,0.08211,0.55391,0.55511,0.55511,1.0167,0,1,0.21595,0.08059,0.01559,0.21551,0.08042,0.01639,0.98,0.00,0.55511,-0.43221,-0.00038,0.44682,1.12524,0.00000,0.16722,-0.43221,-0.00083,0.44644,1.12522,0.00000,-0.17000,28,0.21132,0.07551,0.01864,0.21490,0.08010,0,0.98116,-0.00064,-0.01828,0.19231,virtual,0,244.78,322.23,244.78,322.23,244.78,322.23,244.78,322.23,244.78,322.23,244.78,322.23,244.78,322.23,244.78,322.23,244.78,322.23,244.78,322.23,244.78,322.23,244.78,322.23,244.78,322.23,244.78,322.23,244.78,322.23,244.78,322.23,244.78,322.23,244.78,322.23,244.78,322.23,244.78,322.23,244.78,322.23,0.00000,0.00000,0.00000,0.00000,0.00000,0.00000,0.00000,0.00000,0.00000,0.00000,0.00000,0.00000,0.00000,0.00000,0.00000,0.00000,0.00000,0.00000,0.00000,0.00000,0.00000,0.00000,0.00000,0.00000,0.00000,0.00000,0.00000,0.00000,0.00000,0.00000,0.00000,0.00000,0.00000,0.00000,0.00000,0.00000,0.00000,0.00000,0.00000,0.00000,0.00000,0.00000,0.00000,0.00000,0.00000,0.00000,0.00000,0.00000,0.00000,0.00000,0.00000,0.00000,0.00000,0.00000,0.00000,0.00000,0.00000,0.00000,0.00000,0.00000,0.00000,0.00000,0.00000,0.00000,0.00000,0.00000,0.00000,0.00000,0.00000,0.00000,0.00000,0.00000,0.00000,0.00000,0.00000,0.00000,0.00000,0.00000,0.00000,0.00000,0.00000,0.00000,0.00000,0.00000
5.4667,1,1,0.00,0.00,33.33,-0.07500,0.08195,0.55261,0.55131,0.55131,1.1583,0,1,0.21660,0.08042,0.01575,0.21609,0.08026,0.01571,0.18,0.00,0.55131,-0.43020,0.00717,0.44294,1.12274,0.00001,0.16719,-0.42999,0.00723,0.44152,1.12201,0.00000,-0.17000,28,0.21180,0.07534,0.01793,0.21490,0.08010,0,0.98137,-0.00095,-0.01704,0.19136,virtual,0,244.78,322.23,244.78,322.23,244.78,322.23,244.78,322.23,244.78,322.23,244.78,322.23,244.78,322.23,244.78,322.23,244.78,322.23,244.78,322.23,244.78,322.23,244.78,322.23,244.78,322.23,244.78,322.23,244.78,322.23,244.78,322.23,244.78,322.23,244.78,322.23,244.78,322.23,244.78,322.23,244.78,322.23,0.00000,0.00000,0.00000,0.00000,0.00000,0.00000,0.00000,0.00000,0.00000,0.00000,0.00000,0.00000,0.00000,0.00000,0.00000,0.00000,0.00000,0.00000,0.00000,0.00000,0.00000,0.00000,0.00000,0.00000,0.00000,0.00000,0.00000,0.00000,0.00000,0.00000,0.00000,0.00000,0.00000,0.00000,0.00000,0.00000,0.00000,0.00000,0.00000,0.00000,0.00000,0.00000,0.00000,0.00000,0.00000,0.00000,0.00000,0.00000,0.00000,0.00000,0.00000,0.00000,0.00000,0.00000,0.00000,0.00000,0.00000,0.00000,0.00000,0.00000,0.00000,0.00000,0.00000,0.00000,0.00000,0.00000,0.00000,0.00000,0.00000,0.00000,0.00000,0.00000,0.00000,0.00000,0.00000,0.00000,0.00000,0.00000,0.00000,0.00000,0.00000,0.00000,0.00000,0.00000
5.5000,1,1,0.00,0.00,33.33,-0.07451,0.08143,0.54900,0.54538,0.54538,1.3000,0,0,0.21660,0.08042,0.01575,0.21637,0.08030,0.01572,0.18,0.00,0.54538,-0.42980,0.00802,0.44185,1.12196,0.00000,0.22864,-0.42999,0.00723,0.44152,1.12201,0.00000,1.00000,28,0.21432,0.07618,0.01588,0.21490,0.08010,0,0.98165,0.00123,-0.02013,0.18961,virtual,1,244.78,322.23,244.78,322.23,244.78,322.23,244.78,322.23,244.78,322.23,244.78,322.23,244.78,322.23,244.78,322.23,244.78,322.23,244.78,322.23,244.78,322.23,244.78,322.23,244.78,322.23,244.78,322.23,244.78,322.23,244.78,322.23,244.78,322.23,244.78,322.23,244.78,322.23,244.78,322.23,244.78,322.23,0.00000,0.00000,0.00000,0.00000,0.00000,0.00000,0.00000,0.00000,0.00000,0.00000,0.00000,0.00000,0.00000,0.00000,0.00000,0.00000,0.00000,0.00000,0.00000,0.00000,0.00000,0.00000,0.00000,0.00000,0.00000,0.00000,0.00000,0.00000,0.00000,0.00000,0.00000,0.00000,0.00000,0.00000,0.00000,0.00000,0.00000,0.00000,0.00000,0.00000,0.00000,0.00000,0.00000,0.00000,0.00000,0.00000,0.00000,0.00000,0.00000,0.00000,0.00000,0.00000,0.00000,0.00000,0.00000,0.00000,0.00000,0.00000,0.00000,0.00000,0.00000,0.00000,0.00000,0.00000,0.00000,0.00000,0.00000,0.00000,0.00000,0.00000,0.00000,0.00000,0.00000,0.00000,0.00000,0.00000,0.00000,0.00000,0.00000,0.00000,0.00000,0.00000,0.00000,0.00000
5.5333,1,1,0.00,0.00,33.33,-0.07416,0.08106,0.54645,0.54390,0.54390,1.3000,0,0,0.21660,0.08042,0.01575,0.21639,0.08037,0.01580,0.18,0.00,0.54390,-0.43006,0.00762,0.44176,1.12204,0.00000,0.32613,-0.42999,0.00723,0.44152,1.12201,0.00000,1.00000,28,0.21553,0.07656,0.01428,0.21490,0.08010,0,0.98193,-0.00133,0.00264,0.18920,virtual,1,244.78,322.23,244.78,322.23,244.78,322.23,244.78,322.23,244.78,322.23,244.78,322.23,244.78,322.23,244.78,322.23,244.78,322.23,244.78,322.23,244.78,322.23,244.78,322.23,244.78,322.23,244.78,322.23,244.78,322.23,244.78,322.23,244.78,322.23,244.78,322.23,244.78,322.23,244.78,322.23,244.78,322.23,0.00000,0.00000,0.00000,0.00000,0.00000,0.00000,0.00000,0.00000,0.00000,0.00000,0.00000,0.00000,0.00000,0.00000,0.00000,0.00000,0.00000,0.00000,0.00000,0.00000,0.00000,0.00000,0.00000,0.00000,0.00000,0.00000,0.00000,0.00000,0.00000,0.00000,0.00000,0.00000,0.00000,0.00000,0.00000,0.00000,0.00000,0.00000,0.00000,0.00000,0.00000,0.00000,0.00000,0.00000,0.00000,0.00000,0.00000,0.00000,0.00000,0.00000,0.00000,0.00000,0.00000,0.00000,0.00000,0.00000,0.00000,0.00000,0.00000,0.00000,0.00000,0.00000,0.00000,0.00000,0.00000,0.00000,0.00000,0.00000,0.00000,0.00000,0.00000,0.00000,0.00000,0.00000,0.00000,0.00000,0.00000,0.00000,0.00000,0.00000,0.00000,0.00000,0.00000,0.00000
5.5667,1,1,0.00,0.00,33.33,-0.07322,0.08003,0.53949,0.53253,0.53253,1.3000,0,0,0.21660,0.08042,0.01575,0.21638,0.08035,0.01578,0.18,0.00,0.53253,-0.43001,0.00769,0.44186,1.12199,-0.00000,0.46616,-0.42999,0.00723,0.44152,1.12201,0.00000,1.00000,28,0.21548,0.07652,0.01478,0.21490,0.08010,0,0.98194,-0.00030,0.00063,0.18920,virtual,1,244.78,322.23,244.78,322.23,244.78,322.23,244.78,322.23,244.78,322.23,244.78,322.23,244.78,322.23,244.78,322.23,244.78,322.23,244.78,322.23,244.78,322.23,244.78,322.23,244.78,322.23,244.78,322.23,244.78,322.23,244.78,322.23,244.78,322.23,244.78,322.23,244.78,322.23,244.78,322.23,244.78,322.23,0.00000,0.00000,0.00000,0.00000,0.00000,0.00000,0.00000,0.00000,0.00000,0.00000,0.00000,0.00000,0.00000,0.00000,0.00000,0.00000,0.00000,0.00000,0.00000,0.00000,0.00000,0.00000,0.00000,0.00000,0.00000,0.00000,0.00000,0.00000,0.00000,0.00000,0.00000,0.00000,0.00000,0.00000,0.00000,0.00000,0.00000,0.00000,0.00000,0.00000,0.00000,0.00000,0.00000,0.00000,0.00000,0.00000,0.00000,0.00000,0.00000,0.00000,0.00000,0.00000,0.00000,0.00000,0.00000,0.00000,0.00000,0.00000,0.00000,0.00000,0.00000,0.00000,0.00000,0.00000,0.00000,0.00000,0.00000,0.00000,0.00000,0.00000,0.00000,0.00000,0.00000,0.00000,0.00000,0.00000,0.00000,0.00000,0.00000,0.00000,0.00000,0.00000,0.00000,0.00000
5.6000,1,1,0.00,0.00,33.33,-0.07208,0.07878,0.53107,0.52264,0.52264,1.3000,0,0,0.21660,0.08042,0.01575,0.21638,0.08035,0.01578,0.18,0.00,0.52264,-0.42999,0.00765,0.44187,1.12201,-0.00000,0.62063,-0.42999,0.00723,0.44152,1.12201,0.00000,1.00000,28,0.21547,0.07651,0.01490,0.21490,0.08010,0,0.98194,-0.00007,0.00015,0.18920,virtual,1,244.78,322.23,244.78,322.23,244.78,322.23,244.78,322.23,244.78,322.23,244.78,322.23,244.78,322.23,244.78,322.23,244.78,322.23,244.78,322.23,244.78,322.23,244.78,322.23,244.78,322.23,244.78,322.23,244.78,322.23,244.78,322.23,244.78,322.23,244.78,322.23,244.78,322.23,244.78,322.23,244.78,322.23,0.00000,0.00000,0.00000,0.00000,0.00000,0.00000,0.00000,0.00000,0.00000,0.00000,0.00000,0.00000,0.00000,0.00000,0.00000,0.00000,0.00000,0.00000,0.00000,0.00000,0.00000,0.00000,0.00000,0.00000,0.00000,0.00000,0.00000,0.00000,0.00000,0.00000,0.00000,0.00000,0.00000,0.00000,0.00000,0.00000,0.00000,0.00000,0.00000,0.00000,0.00000,0.00000,0.00000,0.00000,0.00000,0.00000,0.00000,0.00000,0.00000,0.00000,0.00000,0.00000,0.00000,0.00000,0.00000,0.00000,0.00000,0.00000,0.00000,0.00000,0.00000,0.00000,0.00000,0.00000,0.00000,0.00000,0.00000,0.00000,0.00000,0.00000,0.00000,0.00000,0.00000,0.00000,0.00000,0.00000,0.00000,0.00000,0.00000,0.00000,0.00000,0.00000,0.00000,0.00000
5.6333,1,1,0.00,0.00,33.33,-0.07141,0.07806,0.52618,0.52129,0.52129,1.3000,0,0,0.21660,0.08042,0.01575,0.21638,0.08035,0.01578,0.18,0.00,0.52129,-0.42999,0.00765,0.44186,1.12202,-0.00000,0.75882,-0.42999,0.00723,0.44152,1.12201,0.00000,1.00000,28,0.21546,0.07651,0.01493,0.21490,0.08010,0,0.98194,-0.00002,0.00005,0.18920,virtual,1,244.78,322.23,244.78,322.23,244.78,322.23,244.78,322.23,244.78,322.23,244.78,322.23,244.78,322.23,244.78,322.23,244.78,322.23,244.78,322.23,244.78,322.23,244.78,322.23,244.78,322.23,244.78,322.23,244.78,322.23,244.78,322.23,244.78,322.23,244.78,322.23,244.78,322.23,244.78,322.23,244.78,322.23,0.00000,0.00000,0.00000,0.00000,0.00000,0.00000,0.00000,0.00000,0.00000,0.00000,0.00000,0.00000,0.00000,0.00000,0.00000,0.00000,0.00000,0.00000,0.00000,0.00000,0.00000,0.00000,0.00000,0.00000,0.00000,0.00000,0.00000,0.00000,0.00000,0.00000,0.00000,0.00000,0.00000,0.00000,0.00000,0.00000,0.00000,0.00000,0.00000,0.00000,0.00000,0.00000,0.00000,0.00000,0.00000,0.00000,0.00000,0.00000,0.00000,0.00000,0.00000,0.00000,0.00000,0.00000,0.00000,0.00000,0.00000,0.00000,0.00000,0.00000,0.00000,0.00000,0.00000,0.00000,0.00000,0.00000,0.00000,0.00000,0.00000,0.00000,0.00000,0.00000,0.00000,0.00000,0.00000,0.00000,0.00000,0.00000,0.00000,0.00000,0.00000,0.00000,0.00000,0.00000
5.6667,1,1,0.00,0.00,33.33,-0.07125,0.07789,0.52502,0.52386,0.52386,1.3000,0,0,0.21660,0.08042,0.01575,0.21638,0.08035,0.01578,0.18,0.00,0.52386,-0.42999,0.00765,0.44185,1.12202,0.00000,0.92347,-0.42999,0.00723,0.44152,1.12201,0.00000,1.00000,28,0.21546,0.07651,0.01494,0.21490,0.08010,0,0.98194,-0.00001,0.00001,0.18920,virtual,1,244.78,322.23,244.78,322.23,244.78,322.23,244.78,322.23,244.78,322.23,244.78,322.23,244.78,322.23,244.78,322.23,244.78,322.23,244.78,322.23,244.78,322.23,244.78,322.23,244.78,322.23,244.78,322.23,244.78,322.23,244.78,322.23,244.78,322.23,244.78,322.23,244.78,322.23,244.78,322.23,244.78,322.23,0.00000,0.00000,0.00000,0.00000,0.00000,0.00000,0.00000,0.00000,0.00000,0.00000,0.00000,0.00000,0.00000,0.00000,0.00000,0.00000,0.00000,0.00000,0.00000,0.00000,0.00000,0.00000,0.00000,0.00000,0.00000,0.00000,0.00000,0.00000,0.00000,0.00000,0.00000,0.00000,0.00000,0.00000,0.00000,0.00000,0.00000,0.00000,0.00000,0.00000,0.00000,0.00000,0.00000,0.00000,0.00000,0.00000,0.00000,0.00000,0.00000,0.00000,0.00000,0.00000,0.00000,0.00000,0.00000,0.00000,0.00000,0.00000,0.00000,0.00000,0.00000,0.00000,0.00000,0.00000,0.00000,0.00000,0.00000,0.00000,0.00000,0.00000,0.00000,0.00000,0.00000,0.00000,0.00000,0.00000,0.00000,0.00000,0.00000,0.00000,0.00000,0.00000,0.00000,0.00000
5.7000,1,1,0.00,0.00,33.33,-0.07109,0.07771,0.52382,0.52262,0.52262,1.3000,0,0,0.21660,0.08042,0.01575,0.21638,0.08035,0.01578,0.18,0.00,0.52262,-0.42999,0.00765,0.44185,1.12202,-0.00000,1.04695,-0.42999,0.00723,0.44152,1.12201,0.00000,1.00000,28,0.21546,0.07651,0.01494,0.21490,0.08010,0,0.98194,-0.00000,0.00000,0.18920,virtual,1,244.78,322.23,244.78,322.23,244.78,322.23,244.78,322.23,244.78,322.23,244.78,322.23,244.78,322.23,244.78,322.23,244.78,322.23,244.78,322.23,244.78,322.23,244.78,322.23,244.78,322.23,244.78,322.23,244.78,322.23,244.78,322.23,244.78,322.23,244.78,322.23,244.78,322.23,244.78,322.23,244.78,322.23,0.00000,0.00000,0.00000,0.00000,0.00000,0.00000,0.00000,0.00000,0.00000,0.00000,0.00000,0.00000,0.00000,0.00000,0.00000,0.00000,0.00000,0.00000,0.00000,0.00000,0.00000,0.00000,0.00000,0.00000,0.00000,0.00000,0.00000,0.00000,0.00000,0.00000,0.00000,0.00000,0.00000,0.00000,0.00000,0.00000,0.00000,0.00000,0.00000,0.00000,0.00000,0.00000,0.00000,0.00000,0.00000,0.00000,0.00000,0.00000,0.00000,0.00000,0.00000,0.00000,0.00000,0.00000,0.00000,0.00000,0.00000,0.00000,0.00000,0.00000,0.00000,0.00000,0.00000,0.00000,0.00000,0.00000,0.00000,0.00000,0.00000,0.00000,0.00000,0.00000,0.00000,0.00000,0.00000,0.00000,0.00000,0.00000,0.00000,0.00000,0.00000,0.00000,0.00000,0.00000
5.7333,1,1,0.00,0.00,33.33,-0.07080,0.07739,0.52168,0.51954,0.51954,1.3000,0,0,0.21660,0.08042,0.01575,0.21638,0.08035,0.01578,0.18,0.00,0.51954,-0.42999,0.00765,0.44185,1.12202,-0.00000,1.03669,-0.42999,0.00723,0.44152,1.12201,0.00000,1.00000,28,0.21546,0.07651,0.01494,0.21490,0.08010,0,0.98194,-0.00000,0.00000,0.18920,virtual,1,244.78,322.23,244.78,322.23,244.78,322.23,244.78,322.23,244.78,322.23,244.78,322.23,244.78,322.23,244.78,322.23,244.78,322.23,244.78,322.23,244.78,322.23,244.78,322.23,244.78,322.23,244.78,322.23,244.78,322.23,244.78,322.23,244.78,322.23,244.78,322.23,244.78,322.23,244.78,322.23,244.78,322.23,0.00000,0.00000,0.00000,0.00000,0.00000,0.00000,0.00000,0.00000,0.00000,0.00000,0.00000,0.00000,0.00000,0.00000,0.00000,0.00000,0.00000,0.00000,0.00000,0.00000,0.00000,0.00000,0.00000,0.00000,0.00000,0.00000,0.00000,0.00000,0.00000,0.00000,0.00000,0.00000,0.00000,0.00000,0.00000,0.00000,0.00000,0.00000,0.00000,0.00000,0.00000,0.00000,0.00000,0.00000,0.00000,0.00000,0.00000,0.00000,0.00000,0.00000,0.00000,0.00000,0.00000,0.00000,0.00000,0.00000,0.00000,0.00000,0.00000,0.00000,0.00000,0.00000,0.00000,0.00000,0.00000,0.00000,0.00000,0.00000,0.00000,0.00000,0.00000,0.00000,0.00000,0.00000,0.00000,0.00000,0.00000,0.00000,0.00000,0.00000,0.00000,0.00000,0.00000,0.00000
5.7667,1,1,0.00,0.00,33.33,-0.07092,0.07752,0.52253,0.52337,0.52337,1.3000,0,0,0.21660,0.08042,0.01575,0.21638,0.08035,0.01578,0.18,0.00,0.52337,-0.42999,0.00765,0.44185,1.12202,-0.00000,0.98268,-0.42999,0.00723,0.44152,1.12201,0.00000,1.00000,28,0.21546,0.07651,0.01494,0.21490,0.08010,0,0.98194,-0.00000,0.00000,0.18920,virtual,1,244.78,322.23,244.78,322.23,244.78,322.23,244.78,322.23,244.78,322.23,244.78,322.23,244.78,322.23,244.78,322.23,244.78,322.23,244.78,322.23,244.78,322.23,244.78,322.23,244.78,322.23,244.78,322.23,244.78,322.23,244.78,322.23,244.78,322.23,244.78,322.23,244.78,322.23,244.78,322.23,244.78,322.23,0.00000,0.00000,0.00000,0.00000,0.00000,0.00000,0.00000,0.00000,0.00000,0.00000,0.00000,0.00000,0.00000,0.00000,0.00000,0.00000,0.00000,0.00000,0.00000,0.00000,0.00000,0.00000,0.00000,0.00000,0.00000,0.00000,0.00000,0.00000,0.00000,0.00000,0.00000,0.00000,0.00000,0.00000,0.00000,0.00000,0.00000,0.00000,0.00000,0.00000,0.00000,0.00000,0.00000,0.00000,0.00000,0.00000,0.00000,0.00000,0.00000,0.00000,0.00000,0.00000,0.00000,0.00000,0.00000,0.00000,0.00000,0.00000,0.00000,0.00000,0.00000,0.00000,0.00000,0.00000,0.00000,0.00000,0.00000,0.00000,0.00000,0.00000,0.00000,0.00000,0.00000,0.00000,0.00000,0.00000,0.00000,0.00000,0.00000,0.00000,0.00000,0.00000,0.00000,0.00000
5.8000,1,1,0.00,0.00,33.33,-0.07090,0.07750,0.52238,0.52223,0.52223,1.3000,0,0,0.21660,0.08042,0.01575,0.21638,0.08035,0.01578,0.18,0.00,0.52223,-0.42999,0.00765,0.44185,1.12202,0.00000,1.00326,-0.42999,0.00723,0.44152,1.12201,0.00000,1.00000,28,0.21546,0.07651,0.01494,0.21490,0.08010,0,0.98194,-0.00000,0.00000,0.18920,virtual,1,244.78,322.23,244.78,322.23,244.78,322.23,244.78,322.23,244.78,322.23,244.78,322.23,244.78,322.23,244.78,322.23,244.78,322.23,244.78,322.23,244.78,322.23,244.78,322.23,244.78,322.23,244.78,322.23,244.78,322.23,244.78,322.23,244.78,322.23,244.78,322.23,244.78,322.23,244.78,322.23,244.78,322.23,0.00000,0.00000,0.00000,0.00000,0.00000,0.00000,0.00000,0.00000,0.00000,0.00000,0.00000,0.00000,0.00000,0.00000,0.00000,0.00000,0.00000,0.00000,0.00000,0.00000,0.00000,0.00000,0.00000,0.00000,0.00000,0.00000,0.00000,0.00000,0.00000,0.00000,0.00000,0.00000,0.00000,0.00000,0.00000,0.00000,0.00000,0.00000,0.00000,0.00000,0.00000,0.00000,0.00000,0.00000,0.00000,0.00000,0.00000,0.00000,0.00000,0.00000,0.00000,0.00000,0.00000,0.00000,0.00000,0.00000,0.00000,0.00000,0.00000,0.00000,0.00000,0.00000,0.00000,0.00000,0.00000,0.00000,0.00000,0.00000,0.00000,0.00000,0.00000,0.00000,0.00000,0.00000,0.00000,0.00000,0.00000,0.00000,0.00000,0.00000,0.00000,0.00000,0.00000,0.00000
5.8333,1,1,0.00,0.00,33.33,-0.07112,0.07774,0.52404,0.52569,0.52569,1.3000,0,0,0.21660,0.08042,0.01575,0.21638,0.08035,0.01578,0.18,0.00,0.52569,-0.42999,0.00765,0.44185,1.12202,0.00000,1.00054,-0.42999,0.00723,0.44152,1.12201,0.00000,1.00000,28,0.21546,0.07651,0.01494,0.21490,0.08010,0,0.98194,-0.00000,0.00000,0.18920,virtual,1,244.78,322.23,244.78,322.23,244.78,322.23,244.78,322.23,244.78,322.23,244.78,322.23,244.78,322.23,244.78,322.23,244.78,322.23,244.78,322.23,244.78,322.23,244.78,322.23,244.78,322.23,244.78,322.23,244.78,322.23,244.78,322.23,244.78,322.23,244.78,322.23,244.78,322.23,244.78,322.23,244.78,322.23,0.00000,0.00000,0.00000,0.00000,0.00000,0.00000,0.00000,0.00000,0.00000,0.00000,0.00000,0.00000,0.00000,0.00000,0.00000,0.00000,0.00000,0.00000,0.00000,0.00000,0.00000,0.00000,0.00000,0.00000,0.00000,0.00000,0.00000,0.00000,0.00000,0.00000,0.00000,0.00000,0.00000,0.00000,0.00000,0.00000,0.00000,0.00000,0.00000,0.00000,0.00000,0.00000,0.00000,0.00000,0.00000,0.00000,0.00000,0.00000,0.00000,0.00000,0.00000,0.00000,0.00000,0.00000,0.00000,0.00000,0.00000,0.00000,0.00000,0.00000,0.00000,0.00000,0.00000,0.00000,0.00000,0.00000,0.00000,0.00000,0.00000,0.00000,0.00000,0.00000,0.00000,0.00000,0.00000,0.00000,0.00000,0.00000,0.00000,0.00000,0.00000,0.00000,0.00000,0.00000
5.8667,1,1,0.00,0.00,33.33,-0.07107,0.07769,0.52367,0.52330,0.52330,1.3000,0,0,0.21660,0.08042,0.01575,0.21638,0.08035,0.01578,0.18,0.00,0.52330,-0.42999,0.00765,0.44185,1.12202,-0.00000,0.99993,-0.42999,0.00723,0.44152,1.12201,0.00000,1.00000,28,0.21546,0.07651,0.01494,0.21490,0.08010,0,0.98194,-0.00000,0.00000,0.18920,virtual,1,244.78,322.23,244.78,322.23,244.78,322.23,244.78,322.23,244.78,322.23,244.78,322.23,244.78,322.23,244.78,322.23,244.78,322.23,244.78,322.23,244.78,322.23,244.78,322.23,244.78,322.23,244.78,322.23,244.78,322.23,244.78,322.23,244.78,322.23,244.78,322.23,244.78,322.23,244.78,322.23,244.78,322.23,0.00000,0.00000,0.00000,0.00000,0.00000,0.00000,0.00000,0.00000,0.00000,0.00000,0.00000,0.00000,0.00000,0.00000,0.00000,0.00000,0.00000,0.00000,0.00000,0.00000,0.00000,0.00000,0.00000,0.00000,0.00000,0.00000,0.00000,0.00000,0.00000,0.00000,0.00000,0.00000,0.00000,0.00000,0.00000,0.00000,0.00000,0.00000,0.00000,0.00000,0.00000,0.00000,0.00000,0.00000,0.00000,0.00000,0.00000,0.00000,0.00000,0.00000,0.00000,0.00000,0.00000,0.00000,0.00000,0.00000,0.00000,0.00000,0.00000,0.00000,0.00000,0.00000,0.00000,0.00000,0.00000,0.00000,0.00000,0.00000,0.00000,0.00000,0.00000,0.00000,0.00000,0.00000,0.00000,0.00000,0.00000,0.00000,0.00000,0.00000,0.00000,0.00000,0.00000,0.00000
5.9000,1,1,0.00,0.00,33.33,-0.07110,0.07771,0.52384,0.52402,0.52402,1.3000,0,0,0.21660,0.08042,0.01575,0.21638,0.08035,0.01578,0.18,0.00,0.52402,-0.42999,0.00765,0.44185,1.12202,-0.00000,1.00001,-0.42999,0.00723,0.44152,1.12201,0.00000,1.00000,28,0.21546,0.07651,0.01494,0.21490,0.08010,0,0.98194,-0.00000,0.00000,0.18920,virtual,0,244.78,322.23,244.78,322.23,244.78,322.23,244.78,322.23,244.78,322.23,244.78,322.23,244.78,322.23,244.78,322.23,244.78,322.23,244.78,322.23,244.78,322.23,244.78,322.23,244.78,322.23,244.78,322.23,244.78,322.23,244.78,322.23,244.78,322.23,244.78,322.23,244.78,322.23,244.78,322.23,244.78,322.23,0.00000,0.00000,0.00000,0.00000,0.00000,0.00000,0.00000,0.00000,0.00000,0.00000,0.00000,0.00000,0.00000,0.00000,0.00000,0.00000,0.00000,0.00000,0.00000,0.00000,0.00000,0.00000,0.00000,0.00000,0.00000,0.00000,0.00000,0.00000,0.00000,0.00000,0.00000,0.00000,0.00000,0.00000,0.00000,0.00000,0.00000,0.00000,0.00000,0.00000,0.00000,0.00000,0.00000,0.00000,0.00000,0.00000,0.00000,0.00000,0.00000,0.00000,0.00000,0.00000,0.00000,0.00000,0.00000,0.00000,0.00000,0.00000,0.00000,0.00000,0.00000,0.00000,0.00000,0.00000,0.00000,0.00000,0.00000,0.00000,0.00000,0.00000,0.00000,0.00000,0.00000,0.00000,0.00000,0.00000,0.00000,0.00000,0.00000,0.00000,0.00000,0.00000,0.00000,0.00000
5.9333,1,1,0.00,0.00,33.33,-0.07129,0.07793,0.52530,0.52676,0.52676,1.3000,0,0,0.21587,0.08061,0.01554,0.21638,0.08035,0.01578,0.75,0.00,0.52676,-0.42999,0.00765,0.44185,1.12202,-0.00000,0.99998,-0.42999,0.00723,0.44152,1.12201,0.00000,1.00000,28,0.21546,0.07651,0.01494,0.21490,0.08010,0,0.98194,-0.00000,0.00000,0.18920,virtual,0,244.78,322.23,244.78,322.23,244.78,322.23,244.78,322.23,244.78,322.23,244.78,322.23,244.78,322.23,244.78,322.23,244.78,322.23,244.78,322.23,244.78,322.23,244.78,322.23,244.78,322.23,244.78,322.23,244.78,322.23,244.78,322.23,244.78,322.23,244.78,322.23,244.78,322.23,244.78,322.23,244.78,322.23,0.00000,0.00000,0.00000,0.00000,0.00000,0.00000,0.00000,0.00000,0.00000,0.00000,0.00000,0.00000,0.00000,0.00000,0.00000,0.00000,0.00000,0.00000,0.00000,0.00000,0.00000,0.00000,0.00000,0.00000,0.00000,0.00000,0.00000,0.00000,0.00000,0.00000,0.00000,0.00000,0.00000,0.00000,0.00000,0.00000,0.00000,0.00000,0.00000,0.00000,0.00000,0.00000,0.00000,0.00000,0.00000,0.00000,0.00000,0.00000,0.00000,0.00000,0.00000,0.00000,0.00000,0.00000,0.00000,0.00000,0.00000,0.00000,0.00000,0.00000,0.00000,0.00000,0.00000,0.00000,0.00000,0.00000,0.00000,0.00000,0.00000,0.00000,0.00000,0.00000,0.00000,0.00000,0.00000,0.00000,0.00000,0.00000,0.00000,0.00000,0.00000,0.00000,0.00000,0.00000
5.9667,1,1,0.00,0.00,33.33,-0.07137,0.07802,0.52589,0.52647,0.52647,1.3000,0,0,0.21558,0.08069,0.01545,0.21543,0.08046,0.01524,0.05,0.00,0.52647,-0.43258,0.00481,0.44960,1.11858,-0.00001,0.99999,-0.43312,0.00339,0.44982,1.11765,0.00000,1.00000,28,0.21546,0.07651,0.01494,0.21490,0.08010,1,0.98194,-0.00000,0.00000,0.18920,virtual,0,244.78,322.23,244.78,322.23,244.78,322.23,244.78,322.23,244.78,322.23,244.78,322.23,244.78,322.23,244.78,322.23,244.78,322.23,244.78,322.23,244.78,322.23,244.78,322.23,244.78,322.23,244.78,322.23,244.78,322.23,244.78,322.23,244.78,322.23,244.78,322.23,244.78,322.23,244.78,322.23,244.78,322.23,0.00000,0.00000,0.00000,0.00000,0.00000,0.00000,0.00000,0.00000,0.00000,0.00000,0.00000,0.00000,0.00000,0.00000,0.00000,0.00000,0.00000,0.00000,0.00000,0.00000,0.00000,0.00000,0.00000,0.00000,0.00000,0.00000,0.00000,0.00000,0.00000,0.00000,0.00000,0.00000,0.00000,0.00000,0.00000,0.00000,0.00000,0.00000,0.00000,0.00000,0.00000,0.00000,0.00000,0.00000,0.00000,0.00000,0.00000,0.00000,0.00000,0.00000,0.00000,0.00000,0.00000,0.00000,0.00000,0.00000,0.00000,0.00000,0.00000,0.00000,0.00000,0.00000,0.00000,0.00000,0.00000,0.00000,0.00000,0.00000,0.00000,0.00000,0.00000,0.00000,0.00000,0.00000,0.00000,0.00000,0.00000,0.00000,0.00000,0.00000,0.00000,0.00000,0.00000,0.00000
6.0000,1,1,0.00,0.00,33.33,-0.07115,0.07778,0.52427,0.52265,0.52265,1.3000,0,0,0.21639,0.08047,0.01569,0.21541,0.08061,0.01529,0.83,0.00,0.52265,-0.43333,0.00388,0.45044,1.11774,0.00000,1.00000,-0.43312,0.00339,0.44982,1.11765,0.00000,1.00000,28,0.21546,0.07651,0.01494,0.21490,0.08010,1,0.98194,-0.00000,0.00000,0.18920,virtual,0,244.78,322.23,244.78,322.23,244.78,322.23,244.78,322.23,244.78,322.23,244.78,322.23,244.78,322.23,244.78,322.23,244.78,322.23,244.78,322.23,244.78,322.23,244.78,322.23,244.78,322.23,244.78,322.23,244.78,322.23,244.78,322.23,244.78,322.23,244.78,322.23,244.78,322.23,244.78,322.23,244.78,322.23,0.00000,0.00000,0.00000,0.00000,0.00000,0.00000,0.00000,0.00000,0.00000,0.00000,0.00000,0.00000,0.00000,0.00000,0.00000,0.00000,0.00000,0.00000,0.00000,0.00000,0.00000,0.00000,0.00000,0.00000,0.00000,0.00000,0.00000,0.00000,0.00000,0.00000,0.00000,0.00000,0.00000,0.00000,0.00000,0.00000,0.00000,0.00000,0.00000,0.00000,0.00000,0.00000,0.00000,0.00000,0.00000,0.00000,0.00000,0.00000,0.00000,0.00000,0.00000,0.00000,0.00000,0.00000,0.00000,0.00000,0.00000,0.00000,0.00000,0.00000,0.00000,0.00000,0.00000,0.00000,0.00000,0.00000,0.00000,0.00000,0.00000,0.00000,0.00000,0.00000,0.00000,0.00000,0.00000,0.00000,0.00000,0.00000,0.00000,0.00000,0.00000,0.00000,0.00000,0.00000
6.0333,1,1,0.00,0.00,33.33,-0.07103,0.07764,0.52334,0.52241,0.52241,1.3000,0,0,0.21685,0.08035,0.01583,0.21723,0.08050,0.01609,0.07,0.00,0.52241,-0.42892,0.00947,0.43746,1.12150,0.00001,1.00000,-0.42923,0.00948,0.43914,1.12210,0.00000,1.00000,28,0.21546,0.07651,0.01494,0.21490,0.08010,1,0.98194,-0.00000,0.00000,0.18920,virtual,0,244.78,322.23,244.78,322.23,244.78,322.23,244.78,322.23,244.78,322.23,244.78,322.23,244.78,322.23,244.78,322.23,244.78,322.23,244.78,322.23,244.78,322.23,244.78,322.23,244.78,322.23,244.78,322.23,244.78,322.23,244.78,322.23,244.78,322.23,244.78,322.23,244.78,322.23,244.78,322.23,244.78,322.23,0.00000,0.00000,0.00000,0.00000,0.00000,0.00000,0.00000,0.00000,0.00000,0.00000,0.00000,0.00000,0.00000,0.00000,0.00000,0.00000,0.00000,0.00000,0.00000,0.00000,0.00000,0.00000,0.00000,0.00000,0.00000,0.00000,0.00000,0.00000,0.00000,0.00000,0.00000,0.00000,0.00000,0.00000,0.00000,0.00000,0.00000,0.00000,0.00000,0.00000,0.00000,0.00000,0.00000,0.00000,0.00000,0.00000,0.00000,0.00000,0.00000,0.00000,0.00000,0.00000,0.00000,0.00000,0.00000,0.00000,0.00000,0.00000,0.00000,0.00000,0.00000,0.00000,0.00000,0.00000,0.00000,0.00000,0.00000,0.00000,0.00000,0.00000,0.00000,0.00000,0.00000,0.00000,0.00000,0.00000,0.00000,0.00000,0.00000,0.00000,0.00000,0.00000,0.00000,0.00000
6.0667,1,1,0.00,0.00,33.33,-0.07083,0.07742,0.52189,0.52044,0.52044,1.3000,0,0,0.21758,0.08015,0.01604,0.21676,0.08027,0.01573,0.84,0.00,0.52044,-0.42885,0.01037,0.43897,1.12220,-0.00000,1.00000,-0.42923,0.00948,0.43914,1.12210,0.00000,1.00000,28,0.21546,0.07651,0.01494,0.21490,0.08010,1,0.98194,-0.00000,0.00000,0.18920,virtual,0,244.78,322.23,244.78,322.23,244.78,322.23,244.78,322.23,244.78,322.23,244.78,322.23,244.78,322.23,244.78,322.23,244.78,322.23,244.78,322.23,244.78,322.23,244.78,322.23,244.78,322.23,244.78,322.23,244.78,322.23,244.78,322.23,244.78,322.23,244.78,322.23,244.78,322.23,244.78,322.23,244.78,322.23,0.00000,0.00000,0.00000,0.00000,0.00000,0.00000,0.00000,0.00000,0.00000,0.00000,0.00000,0.00000,0.00000,0.00000,0.00000,0.00000,0.00000,0.00000,0.00000,0.00000,0.00000,0.00000,0.00000,0.00000,0.00000,0.00000,0.00000,0.00000,0.00000,0.00000,0.00000,0.00000,0.00000,0.00000,0.00000,0.00000,0.00000,0.00000,0.00000,0.00000,0.00000,0.00000,0.00000,0.00000,0.00000,0.00000,0.00000,0.00000,0.00000,0.00000,0.00000,0.00000,0.00000,0.00000,0.00000,0.00000,0.00000,0.00000,0.00000,0.00000,0.00000,0.00000,0.00000,0.00000,0.00000,0.00000,0.00000,0.00000,0.00000,0.00000,0.00000,0.00000,0.00000,0.00000,0.00000,0.00000,0.00000,0.00000,0.00000,0.00000,0.00000,0.00000,0.00000,0.00000
6.1000,1,1,0.00,0.00,33.33,-0.07082,0.07742,0.52184,0.52179,0.52179,1.3000,0,0,0.21760,0.08014,0.01605,0.21664,0.08031,0.01569,0.87,0.00,0.52179,-0.42930,0.01008,0.43956,1.12218,-0.00000,1.00000,-0.42923,0.00948,0.43914,1.12210,0.00000,1.00000,28,0.21546,0.07651,0.01494,0.21490,0.08010,1,0.98194,0.00000,-0.00000,0.18920,virtual,0,244.78,322.23,244.78,322.23,244.78,322.23,244.78,322.23,244.78,322.23,244.78,322.23,244.78,322.23,244.78,322.23,244.78,322.23,244.78,322.23,244.78,322.23,244.78,322.23,244.78,322.23,244.78,322.23,244.78,322.23,244.78,322.23,244.78,322.23,244.78,322.23,244.78,322.23,244.78,322.23,244.78,322.23,0.00000,0.00000,0.00000,0.00000,0.00000,0.00000,0.00000,0.00000,0.00000,0.00000,0.00000,0.00000,0.00000,0.00000,0.00000,0.00000,0.00000,0.00000,0.00000,0.00000,0.00000,0.00000,0.00000,0.00000,0.00000,0.00000,0.00000,0.00000,0.00000,0.00000,0.00000,0.00000,0.00000,0.00000,0.00000,0.00000,0.00000,0.00000,0.00000,0.00000,0.00000,0.00000,0.00000,0.00000,0.00000,0.00000,0.00000,0.00000,0.00000,0.00000,0.00000,0.00000,0.00000,0.00000,0.00000,0.00000,0.00000,0.00000,0.00000,0.00000,0.00000,0.00000,0.00000,0.00000,0.00000,0.00000,0.00000,0.00000,0.00000,0.00000,0.00000,0.00000,0.00000,0.00000,0.00000,0.00000,0.00000,0.00000,0.00000,0.00000,0.00000,0.00000,0.00000,0.00000
6.1333,1,1,0.00,0.00,33.33,-0.07087,0.07746,0.52215,0.52247,0.52247,1.3000,0,0,0.21744,0.08019,0.01600,0.21670,0.08032,0.01575,0.70,0.00,0.52247,-0.42918,0.00984,0.43944,1.12213,-0.00000,1.00000,-0.42923,0.00948,0.43914,1.12210,0.00000,1.00000,28,0.21546,0.07651,0.01494,0.21490,0.08010,1,0.98194,0.00000,-0.00000,0.18920,virtual,0,244.78,322.23,244.78,322.23,244.78,322.23,244.78,322.23,244.78,322.23,244.78,322.23,244.78,322.23,244.78,322.23,244.78,322.23,244.78,322.23,244.78,322.23,244.78,322.23,244.78,322.23,244.78,322.23,244.78,322.23,244.78,322.23,244.78,322.23,244.78,322.23,244.78,322.23,244.78,322.23,244.78,322.23,0.00000,0.00000,0.00000,0.00000,0.00000,0.00000,0.00000,0.00000,0.00000,0.00000,0.00000,0.00000,0.00000,0.00000,0.00000,0.00000,0.00000,0.00000,0.00000,0.00000,0.00000,0.00000,0.00000,0.00000,0.00000,0.00000,0.00000,0.00000,0.00000,0.00000,0.00000,0.00000,0.00000,0.00000,0.00000,0.00000,0.00000,0.00000,0.00000,0.00000,0.00000,0.00000,0.00000,0.00000,0.00000,0.00000,0.00000,0.00000,0.00000,0.00000,0.00000,0.00000,0.00000,0.00000,0.00000,0.00000,0.00000,0.00000,0.00000,0.00000,0.00000,0.00000,0.00000,0.00000,0.00000,0.00000,0.00000,0.00000,0.00000,0.00000,0.00000,0.00000,0.00000,0.00000,0.00000,0.00000,0.00000,0.00000,0.00000,0.00000,0.00000,0.00000,0.00000,0.00000
6.1667,1,1,0.00,0.00,33.33,-0.07090,0.07750,0.52243,0.52271,0.52271,1.3000,0,0,0.21731,0.08022,0.01596,0.21669,0.08032,0.01574,0.55,0.00,0.52271,-0.42920,0.00987,0.43945,1.12211,0.00000,1.00000,-0.42923,0.00948,0.43914,1.12210,0.00000,1.00000,28,0.21546,0.07651,0.01494,0.21490,0.08010,1,0.98194,0.00000,-0.00000,0.18920,virtual,0,244.78,322.23,244.78,322.23,244.78,322.23,244.78,322.23,244.78,322.23,244.78,322.23,244.78,322.23,244.78,322.23,244.78,322.23,244.78,322.23,244.78,322.23,244.78,322.23,244.78,322.23,244.78,322.23,244.78,322.23,244.78,322.23,244.78,322.23,244.78,322.23,244.78,322.23,244.78,322.23,244.78,322.23,0.00000,0.00000,0.00000,0.00000,0.00000,0.00000,0.00000,0.00000,0.00000,0.00000,0.00000,0.00000,0.00000,0.00000,0.00000,0.00000,0.00000,0.00000,0.00000,0.00000,0.00000,0.00000,0.00000,0.00000,0.00000,0.00000,0.00000,0.00000,0.00000,0.00000,0.00000,0.00000,0.00000,0.00000,0.00000,0.00000,0.00000,0.00000,0.00000,0.00000,0.00000,0.00000,0.00000,0.00000,0.00000,0.00000,0.00000,0.00000,0.00000,0.00000,0.00000,0.00000,0.00000,0.00000,0.00000,0.00000,0.00000,0.00000,0.00000,0.00000,0.00000,0.00000,0.00000,0.00000,0.00000,0.00000,0.00000,0.00000,0.00000,0.00000,0.00000,0.00000,0.00000,0.00000,0.00000,0.00000,0.00000,0.00000,0.00000,0.00000,0.00000,0.00000,0.00000,0.00000
6.2000,1,1,0.00,0.00,33.33,-0.07093,0.07754,0.52264,0.52285,0.52285,1.3000,0,0,0.21720,0.08025,0.01593,0.21669,0.08032,0.01574,0.44,0.00,0.52285,-0.42922,0.00989,0.43946,1.12211,0.00000,1.00000,-0.42923,0.00948,0.43914,1.12210,0.00000,1.00000,28,0.21546,0.07651,0.01494,0.21490,0.08010,1,0.98194,0.00000,-0.00000,0.18920,virtual,0,244.78,322.23,244.78,322.23,244.78,322.23,244.78,322.23,244.78,322.23,244.78,322.23,244.78,322.23,244.78,322.23,244.78,322.23,244.78,322.23,244.78,322.23,244.78,322.23,244.78,322.23,244.78,322.23,244.78,322.23,244.78,322.23,244.78,322.23,244.78,322.23,244.78,322.23,244.78,322.23,244.78,322.23,0.00000,0.00000,0.00000,0.00000,0.00000,0.00000,0.00000,0.00000,0.00000,0.00000,0.00000,0.00000,0.00000,0.00000,0.00000,0.00000,0.00000,0.00000,0.00000,0.00000,0.00000,0.00000,0.00000,0.00000,0.00000,0.00000,0.00000,0.00000,0.00000,0.00000,0.00000,0.00000,0.00000,0.00000,0.00000,0.00000,0.00000,0.00000,0.00000,0.00000,0.00000,0.00000,0.00000,0.00000,0.00000,0.00000,0.00000,0.00000,0.00000,0.00000,0.00000,0.00000,0.00000,0.00000,0.00000,0.00000,0.00000,0.00000,0.00000,0.00000,0.00000,0.00000,0.00000,0.00000,0.00000,0.00000,0.00000,0.00000,0.00000,0.00000,0.00000,0.00000,0.00000,0.00000,0.00000,0.00000,0.00000,0.00000,0.00000,0.00000,0.00000,0.00000,0.00000,0.00000
6.2333,1,1,0.00,0.00,33.33,-0.07124,0.07788,0.52493,0.52723,0.52723,1.3000,0,0,0.21605,0.08056,0.01559,0.21669,0.08032,0.01574,0.80,0.00,0.52723,-0.42922,0.00990,0.43947,1.12211,-0.00000,1.00000,-0.42923,0.00948,0.43914,1.12210,0.00000,1.00000,28,0.21546,0.07651,0.01494,0.21490,0.08010,1,0.98194,0.00000,-0.00000,0.18920,virtual,0,244.78,322.23,244.78,322.23,244.78,322.23,244.78,322.23,244.78,322.23,244.78,322.23,244.78,322.23,244.78,322.23,244.78,322.23,244.78,322.23,244.78,322.23,244.78,322.23,244.78,322.23,244.78,322.23,244.78,322.23,244.78,322.23,244.78,322.23,244.78,322.23,244.78,322.23,244.78,322.23,244.78,322.23,0.00000,0.00000,0.00000,0.00000,0.00000,0.00000,0.00000,0.00000,0.00000,0.00000,0.00000,0.00000,0.00000,0.00000,0.00000,0.00000,0.00000,0.00000,0.00000,0.00000,0.00000,0.00000,0.00000,0.00000,0.00000,0.00000,0.00000,0.00000,0.00000,0.00000,0.00000,0.00000,0.00000,0.00000,0.00000,0.00000,0.00000,0.00000,0.00000,0.00000,0.00000,0.00000,0.00000,0.00000,0.00000,0.00000,0.00000,0.00000,0.00000,0.00000,0.00000,0.00000,0.00000,0.00000,0.00000,0.00000,0.00000,0.00000,0.00000,0.00000,0.00000,0.00000,0.00000,0.00000,0.00000,0.00000,0.00000,0.00000,0.00000,0.00000,0.00000,0.00000,0.00000,0.00000,0.00000,0.00000,0.00000,0.00000,0.00000,0.00000,0.00000,0.00000,0.00000,0.00000
6.2667,1,1,0.00,0.00,33.33,-0.07115,0.07777,0.52425,0.52357,0.52357,1.3000,0,0,0.21640,0.08047,0.01569,0.21669,0.08032,0.01574,0.44,0.00,0.52357,-0.42923,0.00990,0.43947,1.12211,-0.00000,1.00000,-0.42923,0.00948,0.43914,1.12210,0.00000,1.00000,28,0.21546,0.07651,0.01494,0.21490,0.08010,1,0.98194,0.00000,-0.00000,0.18920,virtual,0,244.78,322.23,244.78,322.23,244.78,322.23,244.78,322.23,244.78,322.23,244.78,322.23,244.78,322.23,244.78,322.23,244.78,322.23,244.78,322.23,244.78,322.23,244.78,322.23,244.78,322.23,244.78,322.23,244.78,322.23,244.78,322.23,244.78,322.23,244.78,322.23,244.78,322.23,244.78,322.23,244.78,322.23,0.00000,0.00000,0.00000,0.00000,0.00000,0.00000,0.00000,0.00000,0.00000,0.00000,0.00000,0.00000,0.00000,0.00000,0.00000,0.00000,0.00000,0.00000,0.00000,0.00000,0.00000,0.00000,0.00000,0.00000,0.00000,0.00000,0.00000,0.00000,0.00000,0.00000,0.00000,0.00000,0.00000,0.00000,0.00000,0.00000,0.00000,0.00000,0.00000,0.00000,0.00000,0.00000,0.00000,0.00000,0.00000,0.00000,0.00000,0.00000,0.00000,0.00000,0.00000,0.00000,0.00000,0.00000,0.00000,0.00000,0.00000,0.00000,0.00000,0.00000,0.00000,0.00000,0.00000,0.00000,0.00000,0.00000,0.00000,0.00000,0.00000,0.00000,0.00000,0.00000,0.00000,0.00000,0.00000,0.00000,0.00000,0.00000,0.00000,0.00000,0.00000,0.00000,0.00000,0.00000
6.3000,1,1,0.00,0.00,33.33,-0.07104,0.07765,0.52344,0.52263,0.52263,1.3000,0,0,0.21680,0.08036,0.01581,0.21669,0.08032,0.01574,0.04,0.00,0.52263,-0.42923,0.00990,0.43947,1.12211,-0.00000,1.00000,-0.42923,0.00948,0.43914,1.12210,0.00000,1.00000,28,0.21546,0.07651,0.01494,0.21490,0.08010,1,0.98194,0.00000,-0.00000,0.18920,virtual,0,244.78,322.23,244.78,322.23,244.78,322.23,244.78,322.23,244.78,322.23,244.78,322.23,244.78,322.23,244.78,322.23,244.78,322.23,244.78,322.23,244.78,322.23,244.78,322.23,244.78,322.23,244.78,322.23,244.78,322.23,244.78,322.23,244.78,322.23,244.78,322.23,244.78,322.23,244.78,322.23,244.78,322.23,0.00000,0.00000,0.00000,0.00000,0.00000,0.00000,0.00000,0.00000,0.00000,0.00000,0.00000,0.00000,0.00000,0.00000,0.00000,0.00000,0.00000,0.00000,0.00000,0.00000,0.00000,0.00000,0.00000,0.00000,0.00000,0.00000,0.00000,0.00000,0.00000,0.00000,0.00000,0.00000,0.00000,0.00000,0.00000,0.00000,0.00000,0.00000,0.00000,0.00000,0.00000,0.00000,0.00000,0.00000,0.00000,0.00000,0.00000,0.00000,0.00000,0.00000,0.00000,0.00000,0.00000,0.00000,0.00000,0.00000,0.00000,0.00000,0.00000,0.00000,0.00000,0.00000,0.00000,0.00000,0.00000,0.00000,0.00000,0.00000,0.00000,0.00000,0.00000,0.00000,0.00000,0.00000,0.00000,0.00000,0.00000,0.00000,0.00000,0.00000,0.00000,0.00000,0.00000,0.00000
6.3333,1,1,0.00,0.00,33.33,-0.07102,0.07763,0.52330,0.52315,0.52315,1.3000,0,0,0.21687,0.08034,0.01584,0.21669,0.08032,0.01574,0.09,0.00,0.52315,-0.42923,0.00990,0.43947,1.12211,-0.00000,1.00000,-0.42923,0.00948,0.43914,1.12210,0.00000,1.00000,28,0.21546,0.07651,0.01494,0.21490,0.08010,1,0.98194,0.00000,-0.00000,0.18920,virtual,0,244.78,322.23,244.78,322.23,244.78,322.23,244.78,322.23,244.78,322.23,244.78,322.23,244.78,322.23,244.78,322.23,244.78,322.23,244.78,322.23,244.78,322.23,244.78,322.23,244.78,322.23,244.78,322.23,244.78,322.23,244.78,322.23,244.78,322.23,244.78,322.23,244.78,322.23,244.78,322.23,244.78,322.23,0.00000,0.00000,0.00000,0.00000,0.00000,0.00000,0.00000,0.00000,0.00000,0.00000,0.00000,0.00000,0.00000,0.00000,0.00000,0.00000,0.00000,0.00000,0.00000,0.00000,0.00000,0.00000,0.00000,0.00000,0.00000,0.00000,0.00000,0.00000,0.00000,0.00000,0.00000,0.00000,0.00000,0.00000,0.00000,0.00000,0.00000,0.00000,0.00000,0.00000,0.00000,0.00000,0.00000,0.00000,0.00000,0.00000,0.00000,0.00000,0.00000,0.00000,0.00000,0.00000,0.00000,0.00000,0.00000,0.00000,0.00000,0.00000,0.00000,0.00000,0.00000,0.00000,0.00000,0.00000,0.00000,0.00000,0.00000,0.00000,0.00000,0.00000,0.00000,0.00000,0.00000,0.00000,0.00000,0.00000,0.00000,0.00000,0.00000,0.00000,0.00000,0.00000,0.00000,0.00000
6.3667,1,1,0.00,0.00,33.33,-0.07092,0.07753,0.52258,0.52186,0.52186,1.3000,0,0,0.21723,0.08024,0.01594,0.21669,0.08032,0.01574,0.47,0.00,0.52186,-0.42923,0.00990,0.43947,1.12211,-0.00000,1.00000,-0.42923,0.00948,0.43914,1.12210,0.00000,1.00000,28,0.21546,0.07651,0.01494,0.21490,0.08010,1,0.98194,0.00000,-0.00000,0.18920,virtual,0,244.78,322.23,244.78,322.23,244.78,322.23,244.78,322.23,244.78,322.23,244.78,322.23,244.78,322.23,244.78,322.23,244.78,322.23,244.78,322.23,244.78,322.23,244.78,322.23,244.78,322.23,244.78,322.23,244.78,322.23,244.78,322.23,244.78,322.23,244.78,322.23,244.78,322.23,244.78,322.23,244.78,322.23,0.00000,0.00000,0.00000,0.00000,0.00000,0.00000,0.00000,0.00000,0.00000,0.00000,0.00000,0.00000,0.00000,0.00000,0.00000,0.00000,0.00000,0.00000,0.00000,0.00000,0.00000,0.00000,0.00000,0.00000,0.00000,0.00000,0.00000,0.00000,0.00000,0.00000,0.00000,0.00000,0.00000,0.00000,0.00000,0.00000,0.00000,0.00000,0.00000,0.00000,0.00000,0.00000,0.00000,0.00000,0.00000,0.00000,0.00000,0.00000,0.00000,0.00000,0.00000,0.00000,0.00000,0.00000,0.00000,0.00000,0.00000,0.00000,0.00000,0.00000,0.00000,0.00000,0.00000,0.00000,0.00000,0.00000,0.00000,0.00000,0.00000,0.00000,0.00000,0.00000,0.00000,0.00000,0.00000,0.00000,0.00000,0.00000,0.00000,0.00000,0.00000,0.00000,0.00000,0.00000
6.4000,1,1,0.00,0.00,33.33,-0.07071,0.07729,0.52101,0.51944,0.51944,1.3000,0,0,0.21802,0.08003,0.01617,0.21799,0.08017,0.01626,0.07,0.00,0.51944,-0.42576,0.01477,0.42942,1.12542,0.00001,1.00000,-0.42530,0.01572,0.42859,1.12641,0.00000,1.00000,28,0.21546,0.07651,0.01494,0.21490,0.08010,1,0.98194,0.00000,-0.00000,0.18920,virtual,0,244.78,322.23,244.78,322.23,244.78,322.23,244.78,322.23,244.78,322.23,244.78,322.23,244.78,322.23,244.78,322.23,244.78,322.23,244.78,322.23,244.78,322.23,244.78,322.23,244.78,322.23,244.78,322.23,244.78,322.23,244.78,322.23,244.78,322.23,244.78,322.23,244.78,322.23,244.78,322.23,244.78,322.23,0.00000,0.00000,0.00000,0.00000,0.00000,0.00000,0.00000,0.00000,0.00000,0.00000,0.00000,0.00000,0.00000,0.00000,0.00000,0.00000,0.00000,0.00000,0.00000,0.00000,0.00000,0.00000,0.00000,0.00000,0.00000,0.00000,0.00000,0.00000,0.00000,0.00000,0.00000,0.00000,0.00000,0.00000,0.00000,0.00000,0.00000,0.00000,0.00000,0.00000,0.00000,0.00000,0.00000,0.00000,0.00000,0.00000,0.00000,0.00000,0.00000,0.00000,0.00000,0.00000,0.00000,0.00000,0.00000,0.00000,0.00000,0.00000,0.00000,0.00000,0.00000,0.00000,0.00000,0.00000,0.00000,0.00000,0.00000,0.00000,0.00000,0.00000,0.00000,0.00000,0.00000,0.00000,0.00000,0.00000,0.00000,0.00000,0.00000,0.00000,0.00000,0.00000,0.00000,0.00000
6.4333,1,1,0.00,0.00,33.33,-0.07072,0.07730,0.52108,0.52115,0.52115,1.3000,0,0,0.21798,0.08004,0.01616,0.21792,0.07996,0.01608,0.05,0.00,0.52115,-0.42493,0.01658,0.42844,1.12650,-0.00000,1.00000,-0.42530,0.01572,0.42859,1.12641,0.00000,1.00000,28,0.21546,0.07651,0.01494,0.21490,0.08010,1,0.98194,0.00000,-0.00000,0.18920,virtual,0,244.78,322.23,244.78,322.23,244.78,322.23,244.78,322.23,244.78,322.23,244.78,322.23,244.78,322.23,244.78,322.23,244.78,322.23,244.78,322.23,244.78,322.23,244.78,322.23,244.78,322.23,244.78,322.23,244.78,322.23,244.78,322.23,244.78,322.23,244.78,322.23,244.78,322.23,244.78,322.23,244.78,322.23,0.00000,0.00000,0.00000,0.00000,0.00000,0.00000,0.00000,0.00000,0.00000,0.00000,0.00000,0.00000,0.00000,0.00000,0.00000,0.00000,0.00000,0.00000,0.00000,0.00000,0.00000,0.00000,0.00000,0.00000,0.00000,0.00000,0.00000,0.00000,0.00000,0.00000,0.00000,0.00000,0.00000,0.00000,0.00000,0.00000,0.00000,0.00000,0.00000,0.00000,0.00000,0.00000,0.00000,0.00000,0.00000,0.00000,0.00000,0.00000,0.00000,0.00000,0.00000,0.00000,0.00000,0.00000,0.00000,0.00000,0.00000,0.00000,0.00000,0.00000,0.00000,0.00000,0.00000,0.00000,0.00000,0.00000,0.00000,0.00000,0.00000,0.00000,0.00000,0.00000,0.00000,0.00000,0.00000,0.00000,0.00000,0.00000,0.00000,0.00000,0.00000,0.00000,0.00000,0.00000
6.4667,1,1,0.00,0.00,33.33,-0.07101,0.07559,0.52341,0.52573,0.52573,1.3000,0,0,0.21682,0.08033,0.01788,0.21726,0.08038,0.01773,0.31,0.00,0.52573,-0.42828,0.00481,0.42991,1.13458,-0.00001,1.00000,-0.42874,0.00494,0.43047,1.13540,0.00000,1.00000,28,0.21546,0.07651,0.01494,0.21490,0.08010,1,0.98194,0.00000,-0.00000,0.18920,virtual,0,244.83,317.88,244.83,317.88,244.83,317.88,244.83,317.88,244.83,317.88,244.83,317.88,244.83,317.88,244.83,317.88,244.83,317.88,244.83,317.88,244.83,317.88,244.83,317.88,244.83,317.88,244.83,317.88,244.83,317.88,244.83,317.88,244.83,317.88,244.83,317.88,244.83,317.88,244.83,317.88,244.83,317.88,0.00000,0.00000,0.00000,0.00000,0.00000,0.00000,0.00000,0.00000,0.00000,0.00000,0.00000,0.00000,0.00000,0.00000,0.00000,0.00000,0.00000,0.00000,0.00000,0.00000,0.00000,0.00000,0.00000,0.00000,0.00000,0.00000,0.00000,0.00000,0.00000,0.00000,0.00000,0.00000,0.00000,0.00000,0.00000,0.00000,0.00000,0.00000,0.00000,0.00000,0.00000,0.00000,0.00000,0.00000,0.00000,0.00000,0.00000,0.00000,0.00000,0.00000,0.00000,0.00000,0.00000,0.00000,0.00000,0.00000,0.00000,0.00000,0.00000,0.00000,0.00000,0.00000,0.00000,0.00000,0.00000,0.00000,0.00000,0.00000,0.00000,0.00000,0.00000,0.00000,0.00000,0.00000,0.00000,0.00000,0.00000,0.00000,0.00000,0.00000,0.00000,0.00000,0.00000,0.00000
6.5000,1,1,0.00,0.00,33.33,-0.07085,0.07241,0.52254,0.52168,0.52168,1.3000,0,0,0.21725,0.08017,0.02106,0.21683,0.08006,0.02122,0.42,0.01,0.52168,-0.42770,-0.00430,0.41268,1.16616,-0.00000,1.00000,-0.42738,-0.00248,0.41509,1.15808,0.00000,1.00000,28,0.21546,0.07651,0.01494,0.21490,0.08010,1,0.98194,0.00000,-0.00000,0.18920,virtual,0,244.91,313.55,244.91,313.55,244.91,313.55,244.91,313.55,244.91,313.55,244.91,313.55,244.91,313.55,244.91,313.55,244.91,313.55,244.91,313.55,244.91,313.55,244.91,313.55,244.91,313.55,244.91,313.55,244.91,313.55,244.91,313.55,244.91,313.55,244.91,313.55,244.91,313.55,244.91,313.55,244.91,313.55,0.00000,0.00000,0.00000,0.00000,0.00000,0.00000,0.00000,0.00000,0.00000,0.00000,0.00000,0.00000,0.00000,0.00000,0.00000,0.00000,0.00000,0.00000,0.00000,0.00000,0.00000,0.00000,0.00000,0.00000,0.00000,0.00000,0.00000,0.00000,0.00000,0.00000,0.00000,0.00000,0.00000,0.00000,0.00000,0.00000,0.00000,0.00000,0.00000,0.00000,0.00000,0.00000,0.00000,0.00000,0.00000,0.00000,0.00000,0.00000,0.00000,0.00000,0.00000,0.00000,0.00000,0.00000,0.00000,0.00000,0.00000,0.00000,0.00000,0.00000,0.00000,0.00000,0.00000,0.00000,0.00000,0.00000,0.00000,0.00000,0.00000,0.00000,0.00000,0.00000,0.00000,0.00000,0.00000,0.00000,0.00000,0.00000,0.00000,0.00000,0.00000,0.00000,0.00000,0.00000
6.5333,1,1,0.00,0.00,33.33,-0.07047,0.06853,0.52011,0.51768,0.51768,1.3000,0,0,0.21847,0.07979,0.02493,0.21750,0.07930,0.02449,0.45,0.01,0.51768,-0.42272,-0.00638,0.38896,1.19625,0.00001,1.00000,-0.42325,-0.00665,0.38977,1.18748,0.00000,1.00000,28,0.21546,0.07651,0.01494,0.21490,0.08010,1,0.98194,-0.00000,0.00000,0.18920,virtual,0,244.95,309.23,244.95,309.23,244.95,309.23,244.95,309.23,244.95,309.23,244.95,309.23,244.95,309.23,244.95,309.23,244.95,309.23,244.95,309.23,244.95,309.23,244.95,309.23,244.95,309.23,244.95,309.23,244.95,309.23,244.95,309.23,244.95,309.23,244.95,309.23,244.95,309.23,244.95,309.23,244.95,309.23,0.00000,0.00000,0.00000,0.00000,0.00000,0.00000,0.00000,0.00000,0.00000,0.00000,0.00000,0.00000,0.00000,0.00000,0.00000,0.00000,0.00000,0.00000,0.00000,0.00000,0.00000,0.00000,0.00000,0.00000,0.00000,0.00000,0.00000,0.00000,0.00000,0.00000,0.00000,0.00000,0.00000,0.00000,0.00000,0.00000,0.00000,0.00000,0.00000,0.00000,0.00000,0.00000,0.00000,0.00000,0.00000,0.00000,0.00000,0.00000,0.00000,0.00000,0.00000,0.00000,0.00000,0.00000,0.00000,0.00000,0.00000,0.00000,0.00000,0.00000,0.00000,0.00000,0.00000,0.00000,0.00000,0.00000,0.00000,0.00000,0.00000,0.00000,0.00000,0.00000,0.00000,0.00000,0.00000,0.00000,0.00000,0.00000,0.00000,0.00000,0.00000,0.00000,0.00000,0.00000
6.5667,1,1,0.00,0.00,33.33,-0.07058,0.06483,0.52107,0.52202,0.52202,1.3000,0,0,0.21799,0.07990,0.02864,0.21882,0.08014,0.02898,0.54,0.01,0.52202,-0.42390,-0.02249,0.37445,1.21407,-0.00000,1.00000,-0.42444,-0.01927,0.37654,1.21343,0.00000,1.00000,28,0.21668,0.07699,0.01616,0.21490,0.08010,1,0.98105,-0.00802,0.04186,0.18902,virtual,0,244.94,304.90,244.94,304.90,244.94,304.90,244.94,304.90,244.94,304.90,244.94,304.90,244.94,304.90,244.94,304.90,244.94,304.90,244.94,304.90,244.94,304.90,244.94,304.90,244.94,304.90,244.94,304.90,244.94,304.90,244.94,304.90,244.94,304.90,244.94,304.90,244.94,304.90,244.94,304.90,244.94,304.90,0.00000,0.00000,0.00000,0.00000,0.00000,0.00000,0.00000,0.00000,0.00000,0.00000,0.00000,0.00000,0.00000,0.00000,0.00000,0.00000,0.00000,0.00000,0.00000,0.00000,0.00000,0.00000,0.00000,0.00000,0.00000,0.00000,0.00000,0.00000,0.00000,0.00000,0.00000,0.00000,0.00000,0.00000,0.00000,0.00000,0.00000,0.00000,0.00000,0.00000,0.00000,0.00000,0.00000,0.00000,0.00000,0.00000,0.00000,0.00000,0.00000,0.00000,0.00000,0.00000,0.00000,0.00000,0.00000,0.00000,0.00000,0.00000,0.00000,0.00000,0.00000,0.00000,0.00000,0.00000,0.00000,0.00000,0.00000,0.00000,0.00000,0.00000,0.00000,0.00000,0.00000,0.00000,0.00000,0.00000,0.00000,0.00000,0.00000,0.00000,0.00000,0.00000,0.00000,0.00000
6.6000,1,1,0.00,0.00,33.33,-0.07100,0.06127,0.52461,0.52815,0.52815,1.3000,0,0,0.21622,0.08032,0.03220,0.21621,0.08014,0.03242,0.64,0.00,0.52815,-0.42941,-0.04423,0.37310,1.24246,-0.00001,1.00000,-0.42981,-0.03963,0.37366,1.23674,0.00000,1.00000,28,0.21529,0.07644,0.01481,0.21490,0.08010,1,0.98193,0.00094,-0.00480,0.18919,virtual,0,245.05,300.56,245.05,300.56,245.05,300.56,245.05,300.56,245.05,300.56,245.05,300.56,245.05,300.56,245.05,300.56,245.05,300.56,245.05,300.56,245.05,300.56,245.05,300.56,245.05,300.56,245.05,300.56,245.05,300.56,245.05,300.56,245.05,300.56,245.05,300.56,245.05,300.56,245.05,300.56,245.05,300.56,0.00000,0.00000,0.00000,0.00000,0.00000,0.00000,0.00000,0.00000,0.00000,0.00000,0.00000,0.00000,0.00000,0.00000,0.00000,0.00000,0.00000,0.00000,0.00000,0.00000,0.00000,0.00000,0.00000,0.00000,0.00000,0.00000,0.00000,0.00000,0.00000,0.00000,0.00000,0.00000,0.00000,0.00000,0.00000,0.00000,0.00000,0.00000,0.00000,0.00000,0.00000,0.00000,0.00000,0.00000,0.00000,0.00000,0.00000,0.00000,0.00000,0.00000,0.00000,0.00000,0.00000,0.00000,0.00000,0.00000,0.00000,0.00000,0.00000,0.00000,0.00000,0.00000,0.00000,0.00000,0.00000,0.00000,0.00000,0.00000,0.00000,0.00000,0.00000,0.00000,0.00000,0.00000,0.00000,0.00000,0.00000,0.00000,0.00000,0.00000,0.00000,0.00000,0.00000,0.00000
6.6333,1,1,0.00,0.00,33.33,-0.07101,0.05731,0.52504,0.52546,0.52546,1.3000,0,0,0.21600,0.08033,0.03616,0.21586,0.08036,0.03631,0.56,0.01,0.52546,-0.43116,-0.05128,0.35115,1.27456,0.00000,0.99999,-0.43064,-0.05155,0.35675,1.26547,0.00000,1.00000,28,0.21534,0.07646,0.01487,0.21490,0.08010,1,0.98194,0.00053,-0.00274,0.18919,virtual,0,245.10,296.27,245.10,296.27,245.10,296.27,245.10,296.27,245.10,296.27,245.10,296.27,245.10,296.27,245.10,296.27,245.10,296.27,245.10,296.27,245.10,296.27,245.10,296.27,245.10,296.27,245.10,296.27,245.10,296.27,245.10,296.27,245.10,296.27,245.10,296.27,245.10,296.27,245.10,296.27,245.10,296.27,0.00000,0.00000,0.00000,0.00000,0.00000,0.00000,0.00000,0.00000,0.00000,0.00000,0.00000,0.00000,0.00000,0.00000,0.00000,0.00000,0.00000,0.00000,0.00000,0.00000,0.00000,0.00000,0.00000,0.00000,0.00000,0.00000,0.00000,0.00000,0.00000,0.00000,0.00000,0.00000,0.00000,0.00000,0.00000,0.00000,0.00000,0.00000,0.00000,0.00000,0.00000,0.00000,0.00000,0.00000,0.00000,0.00000,0.00000,0.00000,0.00000,0.00000,0.00000,0.00000,0.00000,0.00000,0.00000,0.00000,0.00000,0.00000,0.00000,0.00000,0.00000,0.00000,0.00000,0.00000,0.00000,0.00000,0.00000,0.00000,0.00000,0.00000,0.00000,0.00000,0.00000,0.00000,0.00000,0.00000,0.00000,0.00000,0.00000,0.00000,0.00000,0.00000,0.00000,0.00000
6.6667,1,1,0.00,0.00,33.33,-0.07067,0.05308,0.52295,0.52087,0.52087,1.3000,0,0,0.21705,0.07999,0.04039,0.21718,0.08021,0.04093,0.47,0.01,0.52087,-0.42765,-0.05499,0.32040,1.30626,0.00001,0.99999,-0.42711,-0.05476,0.32767,1.29767,0.00000,1.00000,28,0.21540,0.07649,0.01492,0.21490,0.08010,1,0.98194,0.00013,-0.00069,0.18919,virtual,0,245.16,291.98,245.16,291.98,245.16,291.98,245.16,291.98,245.16,291.98,245.16,291.98,245.16,291.98,245.16,291.98,245.16,291.98,245.16,291.98,245.16,291.98,245.16,291.98,245.16,291.98,245.16,291.98,245.16,291.98,245.16,291.98,245.16,291.98,245.16,291.98,245.16,291.98,245.16,291.98,245.16,291.98,0.00000,0.00000,0.00000,0.00000,0.00000,0.00000,0.00000,0.00000,0.00000,0.00000,0.00000,0.00000,0.00000,0.00000,0.00000,0.00000,0.00000,0.00000,0.00000,0.00000,0.00000,0.00000,0.00000,0.00000,0.00000,0.00000,0.00000,0.00000,0.00000,0.00000,0.00000,0.00000,0.00000,0.00000,0.00000,0.00000,0.00000,0.00000,0.00000,0.00000,0.00000,0.00000,0.00000,0.00000,0.00000,0.00000,0.00000,0.00000,0.00000,0.00000,0.00000,0.00000,0.00000,0.00000,0.00000,0.00000,0.00000,0.00000,0.00000,0.00000,0.00000,0.00000,0.00000,0.00000,0.00000,0.00000,0.00000,0.00000,0.00000,0.00000,0.00000,0.00000,0.00000,0.00000,0.00000,0.00000,0.00000,0.00000,0.00000,0.00000,0.00000,0.00000,0.00000,0.00000
6.7000,1,1,0.00,0.00,33.33,-0.07080,0.04917,0.52454,0.52613,0.52613,1.3000,0,0,0.21625,0.08012,0.04430,0.21580,0.07980,0.04417,0.54,0.01,0.52613,-0.42867,-0.06989,0.31292,1.33095,0.00000,0.99999,-0.42908,-0.06684,0.31230,1.32523,0.00000,1.00000,28,0.21541,0.07649,0.01493,0.21490,0.08010,1,0.98194,0.00003,-0.00017,0.18919,virtual,0,245.27,287.67,245.27,287.67,245.27,287.67,245.27,287.67,245.27,287.67,245.27,287.67,245.27,287.67,245.27,287.67,245.27,287.67,245.27,287.67,245.27,287.67,245.27,287.67,245.27,287.67,245.27,287.67,245.27,287.67,245.27,287.67,245.27,287.67,245.27,287.67,245.27,287.67,245.27,287.67,245.27,287.67,0.00000,0.00000,0.00000,0.00000,0.00000,0.00000,0.00000,0.00000,0.00000,0.00000,0.00000,0.00000,0.00000,0.00000,0.00000,0.00000,0.00000,0.00000,0.00000,0.00000,0.00000,0.00000,0.00000,0.00000,0.00000,0.00000,0.00000,0.00000,0.00000,0.00000,0.00000,0.00000,0.00000,0.00000,0.00000,0.00000,0.00000,0.00000,0.00000,0.00000,0.00000,0.00000,0.00000,0.00000,0.00000,0.00000,0.00000,0.00000,0.00000,0.00000,0.00000,0.00000,0.00000,0.00000,0.00000,0.00000,0.00000,0.00000,0.00000,0.00000,0.00000,0.00000,0.00000,0.00000,0.00000,0.00000,0.00000,0.00000,0.00000,0.00000,0.00000,0.00000,0.00000,0.00000,0.00000,0.00000,0.00000,0.00000,0.00000,0.00000,0.00000,0.00000,0.00000,0.00000
6.7333,1,1,0.00,0.00,33.33,-0.07079,0.04513,0.52474,0.52493,0.52493,1.3000,0,0,0.21615,0.08011,0.04833,0.21569,0.07995,0.04821,0.50,0.01,0.52493,-0.42960,-0.07538,0.28866,1.36176,0.00000,0.99999,-0.42937,-0.07469,0.29068,1.35465,0.00000,1.00000,28,0.21542,0.07649,0.01494,0.21490,0.08010,1,0.98194,0.00001,-0.00005,0.18919,virtual,0,245.26,283.40,245.26,283.40,245.26,283.40,245.26,283.40,245.26,283.40,245.26,283.40,245.26,283.40,245.26,283.40,245.26,283.40,245.26,283.40,245.26,283.40,245.26,283.40,245.26,283.40,245.26,283.40,245.26,283.40,245.26,283.40,245.26,283.40,245.26,283.40,245.26,283.40,245.26,283.40,245.26,283.40,0.00000,0.00000,0.00000,0.00000,0.00000,0.00000,0.00000,0.00000,0.00000,0.00000,0.00000,0.00000,0.00000,0.00000,0.00000,0.00000,0.00000,0.00000,0.00000,0.00000,0.00000,0.00000,0.00000,0.00000,0.00000,0.00000,0.00000,0.00000,0.00000,0.00000,0.00000,0.00000,0.00000,0.00000,0.00000,0.00000,0.00000,0.00000,0.00000,0.00000,0.00000,0.00000,0.00000,0.00000,0.00000,0.00000,0.00000,0.00000,0.00000,0.00000,0.00000,0.00000,0.00000,0.00000,0.00000,0.00000,0.00000,0.00000,0.00000,0.00000,0.00000,0.00000,0.00000,0.00000,0.00000,0.00000,0.00000,0.00000,0.00000,0.00000,0.00000,0.00000,0.00000,0.00000,0.00000,0.00000,0.00000,0.00000,0.00000,0.00000,0.00000,0.00000,0.00000,0.00000
6.7667,1,1,0.00,0.00,33.33,-0.07115,0.04128,0.52753,0.53033,0.53033,1.3000,0,0,0.21476,0.08047,0.05219,0.21434,0.08011,0.05228,0.56,0.01,0.53033,-0.43330,-0.09422,0.27979,1.38699,-0.00001,1.00000,-0.43374,-0.08904,0.27839,1.38136,0.00000,1.00000,28,0.21542,0.07649,0.01494,0.21490,0.08010,1,0.98194,0.00000,-0.00001,0.18919,virtual,0,245.27,279.12,245.27,279.12,245.27,279.12,245.27,279.12,245.27,279.12,245.27,279.12,245.27,279.12,245.27,279.12,245.27,279.12,245.27,279.12,245.27,279.12,245.27,279.12,245.27,279.12,245.27,279.12,245.27,279.12,245.27,279.12,245.27,279.12,245.27,279.12,245.27,279.12,245.27,279.12,245.27,279.12,0.00000,0.00000,0.00000,0.00000,0.00000,0.00000,0.00000,0.00000,0.00000,0.00000,0.00000,0.00000,0.00000,0.00000,0.00000,0.00000,0.00000,0.00000,0.00000,0.00000,0.00000,0.00000,0.00000,0.00000,0.00000,0.00000,0.00000,0.00000,0.00000,0.00000,0.00000,0.00000,0.00000,0.00000,0.00000,0.00000,0.00000,0.00000,0.00000,0.00000,0.00000,0.00000,0.00000,0.00000,0.00000,0.00000,0.00000,0.00000,0.00000,0.00000,0.00000,0.00000,0.00000,0.00000,0.00000,0.00000,0.00000,0.00000,0.00000,0.00000,0.00000,0.00000,0.00000,0.00000,0.00000,0.00000,0.00000,0.00000,0.00000,0.00000,0.00000,0.00000,0.00000,0.00000,0.00000,0.00000,0.00000,0.00000,0.00000,0.00000,0.00000,0.00000,0.00000,0.00000
6.8000,1,1,0.00,0.00,33.33,-0.07133,0.03733,0.52887,0.53020,0.53020,1.3000,0,0,0.21409,0.08065,0.05614,0.21368,0.08038,0.05591,0.51,0.01,0.53020,-0.43600,-0.09808,0.25669,1.41728,-0.00001,1.00000,-0.43621,-0.09865,0.25944,1.40987,0.00000,1.00000,28,0.21542,0.07649,0.01494,0.21490,0.08010,1,0.98194,0.00000,-0.00000,0.18919,virtual,0,245.24,274.89,245.24,274.89,245.24,274.89,245.24,274.89,245.24,274.89,245.24,274.89,245.24,274.89,245.24,274.89,245.24,274.89,245.24,274.89,245.24,274.89,245.24,274.89,245.24,274.89,245.24,274.89,245.24,274.89,245.24,274.89,245.24,274.89,245.24,274.89,245.24,274.89,245.24,274.89,245.24,274.89,0.00000,0.00000,0.00000,0.00000,0.00000,0.00000,0.00000,0.00000,0.00000,0.00000,0.00000,0.00000,0.00000,0.00000,0.00000,0.00000,0.00000,0.00000,0.00000,0.00000,0.00000,0.00000,0.00000,0.00000,0.00000,0.00000,0.00000,0.00000,0.00000,0.00000,0.00000,0.00000,0.00000,0.00000,0.00000,0.00000,0.00000,0.00000,0.00000,0.00000,0.00000,0.00000,0.00000,0.00000,0.00000,0.00000,0.00000,0.00000,0.00000,0.00000,0.00000,0.00000,0.00000,0.00000,0.00000,0.00000,0.00000,0.00000,0.00000,0.00000,0.00000,0.00000,0.00000,0.00000,0.00000,0.00000,0.00000,0.00000,0.00000,0.00000,0.00000,0.00000,0.00000,0.00000,0.00000,0.00000,0.00000,0.00000,0.00000,0.00000,0.00000,0.00000,0.00000,0.00000
6.8333,1,1,0.00,0.00,33.33,-0.07121,0.03325,0.52789,0.52690,0.52690,1.3000,0,0,0.21458,0.08053,0.06022,0.21542,0.08096,0.06139,0.43,0.01,0.52690,-0.43491,-0.10054,0.21952,1.44707,0.00000,0.99999,-0.43483,-0.09985,0.22998,1.44045,0.00000,1.00000,28,0.21542,0.07649,0.01494,0.21490,0.08010,1,0.98194,0.00000,-0.00000,0.18919,virtual,0,245.22,270.69,245.22,270.69,245.22,270.69,245.22,270.69,245.22,270.69,245.22,270.69,245.22,270.69,245.22,270.69,245.22,270.69,245.22,270.69,245.22,270.69,245.22,270.69,245.22,270.69,245.22,270.69,245.22,270.69,245.22,270.69,245.22,270.69,245.22,270.69,245.22,270.69,245.22,270.69,245.22,270.69,0.00000,0.00000,0.00000,0.00000,0.00000,0.00000,0.00000,0.00000,0.00000,0.00000,0.00000,0.00000,0.00000,0.00000,0.00000,0.00000,0.00000,0.00000,0.00000,0.00000,0.00000,0.00000,0.00000,0.00000,0.00000,0.00000,0.00000,0.00000,0.00000,0.00000,0.00000,0.00000,0.00000,0.00000,0.00000,0.00000,0.00000,0.00000,0.00000,0.00000,0.00000,0.00000,0.00000,0.00000,0.00000,0.00000,0.00000,0.00000,0.00000,0.00000,0.00000,0.00000,0.00000,0.00000,0.00000,0.00000,0.00000,0.00000,0.00000,0.00000,0.00000,0.00000,0.00000,0.00000,0.00000,0.00000,0.00000,0.00000,0.00000,0.00000,0.00000,0.00000,0.00000,0.00000,0.00000,0.00000,0.00000,0.00000,0.00000,0.00000,0.00000,0.00000,0.00000,0.00000
6.8667,1,1,0.00,0.00,33.33,-0.07055,0.03097,0.52299,0.51810,0.51810,1.3000,0,0,0.21703,0.07987,0.06250,0.21757,0.08020,0.06223,0.17,0.01,0.51810,-0.42680,-0.08065,0.19041,1.46087,0.00000,1.00000,-0.42687,-0.08650,0.19614,1.46091,0.00000,1.00000,28,0.21542,0.07649,0.01494,0.21490,0.08010,1,0.98194,0.00000,-0.00000,0.18919,virtual,0,245.22,270.69,245.22,270.69,245.22,270.69,245.22,270.69,245.22,270.69,245.22,270.69,245.22,270.69,245.22,270.69,245.22,270.69,245.22,270.69,245.22,270.69,245.22,270.69,245.22,270.69,245.22,270.69,245.22,270.69,245.22,270.69,245.22,270.69,245.22,270.69,245.22,270.69,245.22,270.69,245.22,270.69,0.00000,0.00000,0.00000,0.00000,0.00000,0.00000,0.00000,0.00000,0.00000,0.00000,0.00000,0.00000,0.00000,0.00000,0.00000,0.00000,0.00000,0.00000,0.00000,0.00000,0.00000,0.00000,0.00000,0.00000,0.00000,0.00000,0.00000,0.00000,0.00000,0.00000,0.00000,0.00000,0.00000,0.00000,0.00000,0.00000,0.00000,0.00000,0.00000,0.00000,0.00000,0.00000,0.00000,0.00000,0.00000,0.00000,0.00000,0.00000,0.00000,0.00000,0.00000,0.00000,0.00000,0.00000,0.00000,0.00000,0.00000,0.00000,0.00000,0.00000,0.00000,0.00000,0.00000,0.00000,0.00000,0.00000,0.00000,0.00000,0.00000,0.00000,0.00000,0.00000,0.00000,0.00000,0.00000,0.00000,0.00000,0.00000,0.00000,0.00000,0.00000,0.00000,0.00000,0.00000
6.9000,1,1,0.00,0.00,33.33,-0.07045,0.02992,0.52221,0.52143,0.52143,1.3000,0,0,0.21742,0.07977,0.06355,0.21733,0.07967,0.06326,0.09,0.00,0.52143,-0.42483,-0.08305,0.18537,1.46973,-0.00000,0.99999,-0.42522,-0.08371,0.18470,1.46972,0.00000,1.00000,28,0.21542,0.07649,0.01494,0.21490,0.08010,1,0.98194,0.00000,-0.00000,0.18919,virtual,0,245.22,270.69,245.22,270.69,245.22,270.69,245.22,270.69,245.22,270.69,245.22,270.69,245.22,270.69,245.22,270.69,245.22,270.69,245.22,270.69,245.22,270.69,245.22,270.69,245.22,270.69,245.22,270.69,245.22,270.69,245.22,270.69,245.22,270.69,245.22,270.69,245.22,270.69,245.22,270.69,245.22,270.69,0.00000,0.00000,0.00000,0.00000,0.00000,0.00000,0.00000,0.00000,0.00000,0.00000,0.00000,0.00000,0.00000,0.00000,0.00000,0.00000,0.00000,0.00000,0.00000,0.00000,0.00000,0.00000,0.00000,0.00000,0.00000,0.00000,0.00000,0.00000,0.00000,0.00000,0.00000,0.00000,0.00000,0.00000,0.00000,0.00000,0.00000,0.00000,0.00000,0.00000,0.00000,0.00000,0.00000,0.00000,0.00000,0.00000,0.00000,0.00000,0.00000,0.00000,0.00000,0.00000,0.00000,0.00000,0.00000,0.00000,0.00000,0.00000,0.00000,0.00000,0.00000,0.00000,0.00000,0.00000,0.00000,0.00000,0.00000,0.00000,0.00000,0.00000,0.00000,0.00000,0.00000,0.00000,0.00000,0.00000,0.00000,0.00000,0.00000,0.00000,0.00000,0.00000,0.00000,0.00000
6.9333,1,1,0.00,0.00,33.33,-0.07053,0.02945,0.52281,0.52340,0.52340,1.3000,0,0,0.21712,0.07985,0.06402,0.21737,0.07976,0.06345,0.64,0.00,0.52340,-0.42516,-0.08356,0.18457,1.47027,0.00000,1.00000,-0.42522,-0.08371,0.18470,1.46972,0.00000,1.00000,28,0.21542,0.07649,0.01494,0.21490,0.08010,1,0.98194,0.00000,-0.00000,0.18919,virtual,0,245.22,270.69,245.22,270.69,245.22,270.69,245.22,270.69,245.22,270.69,245.22,270.69,245.22,270.69,245.22,270.69,245.22,270.69,245.22,270.69,245.22,270.69,245.22,270.69,245.22,270.69,245.22,270.69,245.22,270.69,245.22,270.69,245.22,270.69,245.22,270.69,245.22,270.69,245.22,270.69,245.22,270.69,0.00000,0.00000,0.00000,0.00000,0.00000,0.00000,0.00000,0.00000,0.00000,0.00000,0.00000,0.00000,0.00000,0.00000,0.00000,0.00000,0.00000,0.00000,0.00000,0.00000,0.00000,0.00000,0.00000,0.00000,0.00000,0.00000,0.00000,0.00000,0.00000,0.00000,0.00000,0.00000,0.00000,0.00000,0.00000,0.00000,0.00000,0.00000,0.00000,0.00000,0.00000,0.00000,0.00000,0.00000,0.00000,0.00000,0.00000,0.00000,0.00000,0.00000,0.00000,0.00000,0.00000,0.00000,0.00000,0.00000,0.00000,0.00000,0.00000,0.00000,0.00000,0.00000,0.00000,0.00000,0.00000,0.00000,0.00000,0.00000,0.00000,0.00000,0.00000,0.00000,0.00000,0.00000,0.00000,0.00000,0.00000,0.00000,0.00000,0.00000,0.00000,0.00000,0.00000,0.00000
6.9667,1,1,0.00,0.00,33.33,-0.07075,0.02929,0.52442,0.52603,0.52603,1.3000,0,0,0.21631,0.08007,0.06418,0.21664,0.08007,0.06408,0.15,0.00,0.52603,-0.42815,-0.09022,0.18759,1.47270,-0.00001,1.00000,-0.42861,-0.09091,0.18835,1.47339,0.00000,1.00000,28,0.21542,0.07649,0.01494,0.21490,0.08010,1,0.98194,0.00000,-0.00000,0.18919,virtual,0,245.22,270.69,245.22,270.69,245.22,270.69,245.22,270.69,245.22,270.69,245.22,270.69,245.22,270.69,245.22,270.69,245.22,270.69,245.22,270.69,245.22,270.69,245.22,270.69,245.22,270.69,245.22,270.69,245.22,270.69,245.22,270.69,245.22,270.69,245.22,270.69,245.22,270.69,245.22,270.69,245.22,270.69,0.00000,0.00000,0.00000,0.00000,0.00000,0.00000,0.00000,0.00000,0.00000,0.00000,0.00000,0.00000,0.00000,0.00000,0.00000,0.00000,0.00000,0.00000,0.00000,0.00000,0.00000,0.00000,0.00000,0.00000,0.00000,0.00000,0.00000,0.00000,0.00000,0.00000,0.00000,0.00000,0.00000,0.00000,0.00000,0.00000,0.00000,0.00000,0.00000,0.00000,0.00000,0.00000,0.00000,0.00000,0.00000,0.00000,0.00000,0.00000,0.00000,0.00000,0.00000,0.00000,0.00000,0.00000,0.00000,0.00000,0.00000,0.00000,0.00000,0.00000,0.00000,0.00000,0.00000,0.00000,0.00000,0.00000,0.00000,0.00000,0.00000,0.00000,0.00000,0.00000,0.00000,0.00000,0.00000,0.00000,0.00000,0.00000,0.00000,0.00000,0.00000,0.00000,0.00000,0.00000
7.0000,1,1,0.00,0.00,33.33,-0.07081,0.02919,0.52488,0.52534,0.52534,1.3000,0,0,0.21608,0.08013,0.06428,0.21636,0.08009,0.06402,0.40,0.00,0.52534,-0.42884,-0.09081,0.18859,1.47343,-0.00000,1.00000,-0.42861,-0.09091,0.18835,1.47339,0.00000,1.00000,28,0.21542,0.07649,0.01494,0.21490,0.08010,1,0.98194,0.00000,-0.00000,0.18919,virtual,0,245.22,270.69,245.22,270.69,245.22,270.69,245.22,270.69,245.22,270.69,245.22,270.69,245.22,270.69,245.22,270.69,245.22,270.69,245.22,270.69,245.22,270.69,245.22,270.69,245.22,270.69,245.22,270.69,245.22,270.69,245.22,270.69,245.22,270.69,245.22,270.69,245.22,270.69,245.22,270.69,245.22,270.69,0.00000,0.00000,0.00000,0.00000,0.00000,0.00000,0.00000,0.00000,0.00000,0.00000,0.00000,0.00000,0.00000,0.00000,0.00000,0.00000,0.00000,0.00000,0.00000,0.00000,0.00000,0.00000,0.00000,0.00000,0.00000,0.00000,0.00000,0.00000,0.00000,0.00000,0.00000,0.00000,0.00000,0.00000,0.00000,0.00000,0.00000,0.00000,0.00000,0.00000,0.00000,0.00000,0.00000,0.00000,0.00000,0.00000,0.00000,0.00000,0.00000,0.00000,0.00000,0.00000,0.00000,0.00000,0.00000,0.00000,0.00000,0.00000,0.00000,0.00000,0.00000,0.00000,0.00000,0.00000,0.00000,0.00000,0.00000,0.00000,0.00000,0.00000,0.00000,0.00000,0.00000,0.00000,0.00000,0.00000,0.00000,0.00000,0.00000,0.00000,0.00000,0.00000,0.00000,0.00000
7.0333,1,1,0.00,0.00,33.33,-0.07103,0.02921,0.52648,0.52809,0.52809,1.3000,0,0,0.21528,0.08035,0.06425,0.21515,0.08027,0.06397,0.11,0.00,0.52809,-0.43228,-0.09789,0.19681,1.47358,-0.00001,1.00000,-0.43212,-0.09828,0.19579,1.47335,0.00000,1.00000,28,0.21542,0.07649,0.01494,0.21490,0.08010,1,0.98194,0.00000,-0.00000,0.18919,virtual,0,245.22,270.69,245.22,270.69,245.22,270.69,245.22,270.69,245.22,270.69,245.22,270.69,245.22,270.69,245.22,270.69,245.22,270.69,245.22,270.69,245.22,270.69,245.22,270.69,245.22,270.69,245.22,270.69,245.22,270.69,245.22,270.69,245.22,270.69,245.22,270.69,245.22,270.69,245.22,270.69,245.22,270.69,0.00000,0.00000,0.00000,0.00000,0.00000,0.00000,0.00000,0.00000,0.00000,0.00000,0.00000,0.00000,0.00000,0.00000,0.00000,0.00000,0.00000,0.00000,0.00000,0.00000,0.00000,0.00000,0.00000,0.00000,0.00000,0.00000,0.00000,0.00000,0.00000,0.00000,0.00000,0.00000,0.00000,0.00000,0.00000,0.00000,0.00000,0.00000,0.00000,0.00000,0.00000,0.00000,0.00000,0.00000,0.00000,0.00000,0.00000,0.00000,0.00000,0.00000,0.00000,0.00000,0.00000,0.00000,0.00000,0.00000,0.00000,0.00000,0.00000,0.00000,0.00000,0.00000,0.00000,0.00000,0.00000,0.00000,0.00000,0.00000,0.00000,0.00000,0.00000,0.00000,0.00000,0.00000,0.00000,0.00000,0.00000,0.00000,0.00000,0.00000,0.00000,0.00000,0.00000,0.00000
7.0667,1,1,0.00,0.00,33.33,-0.07090,0.02913,0.52554,0.52459,0.52459,1.3000,0,0,0.21575,0.08022,0.06434,0.21521,0.08034,0.06406,0.43,0.00,0.52459,-0.43245,-0.09821,0.19660,1.47334,-0.00000,1.00000,-0.43212,-0.09828,0.19579,1.47335,0.00000,1.00000,28,0.21542,0.07649,0.01494,0.21490,0.08010,1,0.98194,0.00000,-0.00000,0.18919,virtual,0,245.22,270.69,245.22,270.69,245.22,270.69,245.22,270.69,245.22,270.69,245.22,270.69,245.22,270.69,245.22,270.69,245.22,270.69,245.22,270.69,245.22,270.69,245.22,270.69,245.22,270.69,245.22,270.69,245.22,270.69,245.22,270.69,245.22,270.69,245.22,270.69,245.22,270.69,245.22,270.69,245.22,270.69,0.00000,0.00000,0.00000,0.00000,0.00000,0.00000,0.00000,0.00000,0.00000,0.00000,0.00000,0.00000,0.00000,0.00000,0.00000,0.00000,0.00000,0.00000,0.00000,0.00000,0.00000,0.00000,0.00000,0.00000,0.00000,0.00000,0.00000,0.00000,0.00000,0.00000,0.00000,0.00000,0.00000,0.00000,0.00000,0.00000,0.00000,0.00000,0.00000,0.00000,0.00000,0.00000,0.00000,0.00000,0.00000,0.00000,0.00000,0.00000,0.00000,0.00000,0.00000,0.00000,0.00000,0.00000,0.00000,0.00000,0.00000,0.00000,0.00000,0.00000,0.00000,0.00000,0.00000,0.00000,0.00000,0.00000,0.00000,0.00000,0.00000,0.00000,0.00000,0.00000,0.00000,0.00000,0.00000,0.00000,0.00000,0.00000,0.00000,0.00000,0.00000,0.00000,0.00000,0.00000
7.1000,1,1,0.00,0.00,33.33,-0.07074,0.02905,0.52432,0.52311,0.52311,1.3000,0,0,0.21636,0.08006,0.06442,0.21624,0.08015,0.06444,0.06,0.00,0.52311,-0.42939,-0.09294,0.18795,1.47528,0.00001,0.99999,-0.42889,-0.09217,0.18706,1.47584,0.00000,1.00000,28,0.21542,0.07649,0.01494,0.21490,0.08010,1,0.98194,0.00000,-0.00000,0.18919,virtual,0,245.22,270.69,245.22,270.69,245.22,270.69,245.22,270.69,245.22,270.69,245.22,270.69,245.22,270.69,245.22,270.69,245.22,270.69,245.22,270.69,245.22,270.69,245.22,270.69,245.22,270.69,245.22,270.69,245.22,270.69,245.22,270.69,245.22,270.69,245.22,270.69,245.22,270.69,245.22,270.69,245.22,270.69,0.00000,0.00000,0.00000,0.00000,0.00000,0.00000,0.00000,0.00000,0.00000,0.00000,0.00000,0.00000,0.00000,0.00000,0.00000,0.00000,0.00000,0.00000,0.00000,0.00000,0.00000,0.00000,0.00000,0.00000,0.00000,0.00000,0.00000,0.00000,0.00000,0.00000,0.00000,0.00000,0.00000,0.00000,0.00000,0.00000,0.00000,0.00000,0.00000,0.00000,0.00000,0.00000,0.00000,0.00000,0.00000,0.00000,0.00000,0.00000,0.00000,0.00000,0.00000,0.00000,0.00000,0.00000,0.00000,0.00000,0.00000,0.00000,0.00000,0.00000,0.00000,0.00000,0.00000,0.00000,0.00000,0.00000,0.00000,0.00000,0.00000,0.00000,0.00000,0.00000,0.00000,0.00000,0.00000,0.00000,0.00000,0.00000,0.00000,0.00000,0.00000,0.00000,0.00000,0.00000
7.1333,1,1,0.00,0.00,33.33,-0.07044,0.02892,0.52214,0.51995,0.51995,1.3000,0,0,0.21745,0.07976,0.06455,0.21760,0.07972,0.06449,0.08,0.00,0.51995,-0.42447,-0.08304,0.17628,1.47758,0.00001,0.99999,-0.42522,-0.08480,0.17764,1.47789,0.00000,1.00000,28,0.21542,0.07649,0.01494,0.21490,0.08010,1,0.98194,-0.00000,0.00000,0.18919,virtual,0,245.22,270.69,245.22,270.69,245.22,270.69,245.22,270.69,245.22,270.69,245.22,270.69,245.22,270.69,245.22,270.69,245.22,270.69,245.22,270.69,245.22,270.69,245.22,270.69,245.22,270.69,245.22,270.69,245.22,270.69,245.22,270.69,245.22,270.69,245.22,270.69,245.22,270.69,245.22,270.69,245.22,270.69,0.00000,0.00000,0.00000,0.00000,0.00000,0.00000,0.00000,0.00000,0.00000,0.00000,0.00000,0.00000,0.00000,0.00000,0.00000,0.00000,0.00000,0.00000,0.00000,0.00000,0.00000,0.00000,0.00000,0.00000,0.00000,0.00000,0.00000,0.00000,0.00000,0.00000,0.00000,0.00000,0.00000,0.00000,0.00000,0.00000,0.00000,0.00000,0.00000,0.00000,0.00000,0.00000,0.00000,0.00000,0.00000,0.00000,0.00000,0.00000,0.00000,0.00000,0.00000,0.00000,0.00000,0.00000,0.00000,0.00000,0.00000,0.00000,0.00000,0.00000,0.00000,0.00000,0.00000,0.00000,0.00000,0.00000,0.00000,0.00000,0.00000,0.00000,0.00000,0.00000,0.00000,0.00000,0.00000,0.00000,0.00000,0.00000,0.00000,0.00000,0.00000,0.00000,0.00000,0.00000
7.1667,1,1,0.00,0.00,33.33,-0.07062,0.02899,0.52344,0.52475,0.52475,1.3000,0,0,0.21680,0.07994,0.06448,0.21733,0.07968,0.06439,0.61,0.00,0.52475,-0.42485,-0.08371,0.17769,1.47800,0.00000,0.99999,-0.42522,-0.08480,0.17764,1.47789,0.00000,1.00000,28,0.21542,0.07649,0.01494,0.21490,0.08010,1,0.98194,-0.00000,0.00000,0.18919,virtual,0,245.22,270.69,245.22,270.69,245.22,270.69,245.22,270.69,245.22,270.69,245.22,270.69,245.22,270.69,245.22,270.69,245.22,270.69,245.22,270.69,245.22,270.69,245.22,270.69,245.22,270.69,245.22,270.69,245.22,270.69,245.22,270.69,245.22,270.69,245.22,270.69,245.22,270.69,245.22,270.69,245.22,270.69,0.00000,0.00000,0.00000,0.00000,0.00000,0.00000,0.00000,0.00000,0.00000,0.00000,0.00000,0.00000,0.00000,0.00000,0.00000,0.00000,0.00000,0.00000,0.00000,0.00000,0.00000,0.00000,0.00000,0.00000,0.00000,0.00000,0.00000,0.00000,0.00000,0.00000,0.00000,0.00000,0.00000,0.00000,0.00000,0.00000,0.00000,0.00000,0.00000,0.00000,0.00000,0.00000,0.00000,0.00000,0.00000,0.00000,0.00000,0.00000,0.00000,0.00000,0.00000,0.00000,0.00000,0.00000,0.00000,0.00000,0.00000,0.00000,0.00000,0.00000,0.00000,0.00000,0.00000,0.00000,0.00000,0.00000,0.00000,0.00000,0.00000,0.00000,0.00000,0.00000,0.00000,0.00000,0.00000,0.00000,0.00000,0.00000,0.00000,0.00000,0.00000,0.00000,0.00000,0.00000
7.2000,1,1,0.00,0.00,33.33,-0.07074,0.02904,0.52436,0.52527,0.52527,1.3000,0,0,0.21634,0.08006,0.06443,0.21638,0.07994,0.06423,0.07,0.00,0.52527,-0.42808,-0.08975,0.18572,1.47636,-0.00001,1.00000,-0.42852,-0.09124,0.18627,1.47583,0.00000,1.00000,28,0.21542,0.07649,0.01494,0.21490,0.08010,1,0.98194,-0.00000,0.00000,0.18919,virtual,0,245.22,270.69,245.22,270.69,245.22,270.69,245.22,270.69,245.22,270.69,245.22,270.69,245.22,270.69,245.22,270.69,245.22,270.69,245.22,270.69,245.22,270.69,245.22,270.69,245.22,270.69,245.22,270.69,245.22,270.69,245.22,270.69,245.22,270.69,245.22,270.69,245.22,270.69,245.22,270.69,245.22,270.69,0.00000,0.00000,0.00000,0.00000,0.00000,0.00000,0.00000,0.00000,0.00000,0.00000,0.00000,0.00000,0.00000,0.00000,0.00000,0.00000,0.00000,0.00000,0.00000,0.00000,0.00000,0.00000,0.00000,0.00000,0.00000,0.00000,0.00000,0.00000,0.00000,0.00000,0.00000,0.00000,0.00000,0.00000,0.00000,0.00000,0.00000,0.00000,0.00000,0.00000,0.00000,0.00000,0.00000,0.00000,0.00000,0.00000,0.00000,0.00000,0.00000,0.00000,0.00000,0.00000,0.00000,0.00000,0.00000,0.00000,0.00000,0.00000,0.00000,0.00000,0.00000,0.00000,0.00000,0.00000,0.00000,0.00000,0.00000,0.00000,0.00000,0.00000,0.00000,0.00000,0.00000,0.00000,0.00000,0.00000,0.00000,0.00000,0.00000,0.00000,0.00000,0.00000,0.00000,0.00000
7.2333,1,1,0.00,0.00,33.33,-0.07072,0.02903,0.52419,0.52402,0.52402,1.3000,0,0,0.21643,0.08004,0.06444,0.21624,0.08004,0.06426,0.05,0.00,0.52402,-0.42886,-0.09117,0.18717,1.47580,0.00000,0.99999,-0.42852,-0.09124,0.18627,1.47583,0.00000,1.00000,28,0.21542,0.07649,0.01494,0.21490,0.08010,1,0.98194,0.00000,0.00000,0.18919,virtual,0,245.22,270.69,245.22,270.69,245.22,270.69,245.22,270.69,245.22,270.69,245.22,270.69,245.22,270.69,245.22,270.69,245.22,270.69,245.22,270.69,245.22,270.69,245.22,270.69,245.22,270.69,245.22,270.69,245.22,270.69,245.22,270.69,245.22,270.69,245.22,270.69,245.22,270.69,245.22,270.69,245.22,270.69,0.00000,0.00000,0.00000,0.00000,0.00000,0.00000,0.00000,0.00000,0.00000,0.00000,0.00000,0.00000,0.00000,0.00000,0.00000,0.00000,0.00000,0.00000,0.00000,0.00000,0.00000,0.00000,0.00000,0.00000,0.00000,0.00000,0.00000,0.00000,0.00000,0.00000,0.00000,0.00000,0.00000,0.00000,0.00000,0.00000,0.00000,0.00000,0.00000,0.00000,0.00000,0.00000,0.00000,0.00000,0.00000,0.00000,0.00000,0.00000,0.00000,0.00000,0.00000,0.00000,0.00000,0.00000,0.00000,0.00000,0.00000,0.00000,0.00000,0.00000,0.00000,0.00000,0.00000,0.00000,0.00000,0.00000,0.00000,0.00000,0.00000,0.00000,0.00000,0.00000,0.00000,0.00000,0.00000,0.00000,0.00000,0.00000,0.00000,0.00000,0.00000,0.00000,0.00000,0.00000
7.2667,1,1,0.00,0.00,33.33,-0.07068,0.02901,0.52393,0.52366,0.52366,1.3000,0,0,0.21656,0.08000,0.06446,0.21634,0.08000,0.06429,0.17,0.00,0.52366,-0.42844,-0.09090,0.18666,1.47583,0.00000,1.00000,-0.42852,-0.09124,0.18627,1.47583,0.00000,1.00000,28,0.21542,0.07649,0.01494,0.21490,0.08010,1,0.98194,0.00000,0.00000,0.18919,virtual,0,245.22,270.69,245.22,270.69,245.22,270.69,245.22,270.69,245.22,270.69,245.22,270.69,245.22,270.69,245.22,270.69,245.22,270.69,245.22,270.69,245.22,270.69,245.22,270.69,245.22,270.69,245.22,270.69,245.22,270.69,245.22,270.69,245.22,270.69,245.22,270.69,245.22,270.69,245.22,270.69,245.22,270.69,0.00000,0.00000,0.00000,0.00000,0.00000,0.00000,0.00000,0.00000,0.00000,0.00000,0.00000,0.00000,0.00000,0.00000,0.00000,0.00000,0.00000,0.00000,0.00000,0.00000,0.00000,0.00000,0.00000,0.00000,0.00000,0.00000,0.00000,0.00000,0.00000,0.00000,0.00000,0.00000,0.00000,0.00000,0.00000,0.00000,0.00000,0.00000,0.00000,0.00000,0.00000,0.00000,0.00000,0.00000,0.00000,0.00000,0.00000,0.00000,0.00000,0.00000,0.00000,0.00000,0.00000,0.00000,0.00000,0.00000,0.00000,0.00000,0.00000,0.00000,0.00000,0.00000,0.00000,0.00000,0.00000,0.00000,0.00000,0.00000,0.00000,0.00000,0.00000,0.00000,0.00000,0.00000,0.00000,0.00000,0.00000,0.00000,0.00000,0.00000,0.00000,0.00000,0.00000,0.00000
7.3000,1,1,0.00,0.00,33.33,-0.07065,0.02899,0.52364,0.52335,0.52335,1.3000,0,0,0.21670,0.07997,0.06447,0.21633,0.08001,0.06428,0.31,0.00,0.52335,-0.42855,-0.09082,0.18665,1.47581,0.00000,1.00000,-0.42852,-0.09124,0.18627,1.47583,0.00000,1.00000,28,0.21542,0.07649,0.01494,0.21490,0.08010,1,0.98194,0.00000,0.00000,0.18919,virtual,0,245.22,270.69,245.22,270.69,245.22,270.69,245.22,270.69,245.22,270.69,245.22,270.69,245.22,270.69,245.22,270.69,245.22,270.69,245.22,270.69,245.22,270.69,245.22,270.69,245.22,270.69,245.22,270.69,245.22,270.69,245.22,270.69,245.22,270.69,245.22,270.69,245.22,270.69,245.22,270.69,245.22,270.69,0.00000,0.00000,0.00000,0.00000,0.00000,0.00000,0.00000,0.00000,0.00000,0.00000,0.00000,0.00000,0.00000,0.00000,0.00000,0.00000,0.00000,0.00000,0.00000,0.00000,0.00000,0.00000,0.00000,0.00000,0.00000,0.00000,0.00000,0.00000,0.00000,0.00000,0.00000,0.00000,0.00000,0.00000,0.00000,0.00000,0.00000,0.00000,0.00000,0.00000,0.00000,0.00000,0.00000,0.00000,0.00000,0.00000,0.00000,0.00000,0.00000,0.00000,0.00000,0.00000,0.00000,0.00000,0.00000,0.00000,0.00000,0.00000,0.00000,0.00000,0.00000,0.00000,0.00000,0.00000,0.00000,0.00000,0.00000,0.00000,0.00000,0.00000,0.00000,0.00000,0.00000,0.00000,0.00000,0.00000,0.00000,0.00000,0.00000,0.00000,0.00000,0.00000,0.00000,0.00000
7.3333,1,1,0.00,0.00,33.33,-0.07062,0.02898,0.52341,0.52319,0.52319,1.3000,0,0,0.21681,0.07994,0.06449,0.21633,0.08001,0.06428,0.43,0.00,0.52319,-0.42854,-0.09081,0.18662,1.47583,-0.00000,1.00000,-0.42852,-0.09124,0.18627,1.47583,0.00000,1.00000,28,0.21542,0.07649,0.01494,0.21490,0.08010,1,0.98194,0.00000,0.00000,0.18919,virtual,0,245.22,270.69,245.22,270.69,245.22,270.69,245.22,270.69,245.22,270.69,245.22,270.69,245.22,270.69,245.22,270.69,245.22,270.69,245.22,270.69,245.22,270.69,245.22,270.69,245.22,270.69,245.22,270.69,245.22,270.69,245.22,270.69,245.22,270.69,245.22,270.69,245.22,270.69,245.22,270.69,245.22,270.69,0.00000,0.00000,0.00000,0.00000,0.00000,0.00000,0.00000,0.00000,0.00000,0.00000,0.00000,0.00000,0.00000,0.00000,0.00000,0.00000,0.00000,0.00000,0.00000,0.00000,0.00000,0.00000,0.00000,0.00000,0.00000,0.00000,0.00000,0.00000,0.00000,0.00000,0.00000,0.00000,0.00000,0.00000,0.00000,0.00000,0.00000,0.00000,0.00000,0.00000,0.00000,0.00000,0.00000,0.00000,0.00000,0.00000,0.00000,0.00000,0.00000,0.00000,0.00000,0.00000,0.00000,0.00000,0.00000,0.00000,0.00000,0.00000,0.00000,0.00000,0.00000,0.00000,0.00000,0.00000,0.00000,0.00000,0.00000,0.00000,0.00000,0.00000,0.00000,0.00000,0.00000,0.00000,0.00000,0.00000,0.00000,0.00000,0.00000,0.00000,0.00000,0.00000,0.00000,0.00000
7.3667,1,1,0.00,0.00,33.33,-0.07079,0.02905,0.52472,0.52603,0.52603,1.3000,0,0,0.21616,0.08011,0.06441,0.21633,0.08001,0.06428,0.26,0.00,0.52603,-0.42852,-0.09082,0.18663,1.47583,-0.00000,1.00000,-0.42852,-0.09124,0.18627,1.47583,0.00000,1.00000,28,0.21542,0.07649,0.01494,0.21490,0.08010,1,0.98194,0.00000,0.00000,0.18919,virtual,0,245.22,270.69,245.22,270.69,245.22,270.69,245.22,270.69,245.22,270.69,245.22,270.69,245.22,270.69,245.22,270.69,245.22,270.69,245.22,270.69,245.22,270.69,245.22,270.69,245.22,270.69,245.22,270.69,245.22,270.69,245.22,270.69,245.22,270.69,245.22,270.69,245.22,270.69,245.22,270.69,245.22,270.69,0.00000,0.00000,0.00000,0.00000,0.00000,0.00000,0.00000,0.00000,0.00000,0.00000,0.00000,0.00000,0.00000,0.00000,0.00000,0.00000,0.00000,0.00000,0.00000,0.00000,0.00000,0.00000,0.00000,0.00000,0.00000,0.00000,0.00000,0.00000,0.00000,0.00000,0.00000,0.00000,0.00000,0.00000,0.00000,0.00000,0.00000,0.00000,0.00000,0.00000,0.00000,0.00000,0.00000,0.00000,0.00000,0.00000,0.00000,0.00000,0.00000,0.00000,0.00000,0.00000,0.00000,0.00000,0.00000,0.00000,0.00000,0.00000,0.00000,0.00000,0.00000,0.00000,0.00000,0.00000,0.00000,0.00000,0.00000,0.00000,0.00000,0.00000,0.00000,0.00000,0.00000,0.00000,0.00000,0.00000,0.00000,0.00000,0.00000,0.00000,0.00000,0.00000,0.00000,0.00000
7.4000,1,1,0.00,0.00,33.33,-0.07074,0.02903,0.52430,0.52388,0.52388,1.3000,0,0,0.21637,0.08006,0.06444,0.21633,0.08001,0.06428,0.05,0.00,0.52388,-0.42852,-0.09083,0.18663,1.47583,-0.00000,1.00000,-0.42852,-0.09124,0.18627,1.47583,0.00000,1.00000,28,0.21542,0.07649,0.01494,0.21490,0.08010,1,0.98194,0.00000,0.00000,0.18919,virtual,0,245.22,270.69,245.22,270.69,245.22,270.69,245.22,270.69,245.22,270.69,245.22,270.69,245.22,270.69,245.22,270.69,245.22,270.69,245.22,270.69,245.22,270.69,245.22,270.69,245.22,270.69,245.22,270.69,245.22,270.69,245.22,270.69,245.22,270.69,245.22,270.69,245.22,270.69,245.22,270.69,245.22,270.69,0.00000,0.00000,0.00000,0.00000,0.00000,0.00000,0.00000,0.00000,0.00000,0.00000,0.00000,0.00000,0.00000,0.00000,0.00000,0.00000,0.00000,0.00000,0.00000,0.00000,0.00000,0.00000,0.00000,0.00000,0.00000,0.00000,0.00000,0.00000,0.00000,0.00000,0.00000,0.00000,0.00000,0.00000,0.00000,0.00000,0.00000,0.00000,0.00000,0.00000,0.00000,0.00000,0.00000,0.00000,0.00000,0.00000,0.00000,0.00000,0.00000,0.00000,0.00000,0.00000,0.00000,0.00000,0.00000,0.00000,0.00000,0.00000,0.00000,0.00000,0.00000,0.00000,0.00000,0.00000,0.00000,0.00000,0.00000,0.00000,0.00000,0.00000,0.00000,0.00000,0.00000,0.00000,0.00000,0.00000,0.00000,0.00000,0.00000,0.00000,0.00000,0.00000,0.00000,0.00000
7.4333,1,1,0.00,0.00,33.33,-0.07078,0.02905,0.52463,0.52496,0.52496,1.3000,0,0,0.21621,0.08010,0.06442,0.21633,0.08001,0.06428,0.21,0.00,0.52496,-0.42852,-0.09083,0.18663,1.47583,-0.00000,1.00000,-0.42852,-0.09124,0.18627,1.47583,0.00000,1.00000,28,0.21542,0.07649,0.01494,0.21490,0.08010,1,0.98194,0.00000,0.00000,0.18919,virtual,0,245.22,270.69,245.22,270.69,245.22,270.69,245.22,270.69,245.22,270.69,245.22,270.69,245.22,270.69,245.22,270.69,245.22,270.69,245.22,270.69,245.22,270.69,245.22,270.69,245.22,270.69,245.22,270.69,245.22,270.69,245.22,270.69,245.22,270.69,245.22,270.69,245.22,270.69,245.22,270.69,245.22,270.69,0.00000,0.00000,0.00000,0.00000,0.00000,0.00000,0.00000,0.00000,0.00000,0.00000,0.00000,0.00000,0.00000,0.00000,0.00000,0.00000,0.00000,0.00000,0.00000,0.00000,0.00000,0.00000,0.00000,0.00000,0.00000,0.00000,0.00000,0.00000,0.00000,0.00000,0.00000,0.00000,0.00000,0.00000,0.00000,0.00000,0.00000,0.00000,0.00000,0.00000,0.00000,0.00000,0.00000,0.00000,0.00000,0.00000,0.00000,0.00000,0.00000,0.00000,0.00000,0.00000,0.00000,0.00000,0.00000,0.00000,0.00000,0.00000,0.00000,0.00000,0.00000,0.00000,0.00000,0.00000,0.00000,0.00000,0.00000,0.00000,0.00000,0.00000,0.00000,0.00000,0.00000,0.00000,0.00000,0.00000,0.00000,0.00000,0.00000,0.00000,0.00000,0.00000,0.00000,0.00000
7.4667,1,1,0.00,0.00,33.33,-0.07102,0.02915,0.52641,0.52820,0.52820,1.3000,0,0,0.21531,0.08034,0.06432,0.21538,0.08021,0.06410,0.08,0.00,0.52820,-0.43149,-0.09660,0.19441,1.47448,-0.00001,1.00000,-0.43201,-0.09823,0.19505,1.47404,0.00000,1.00000,28,0.21542,0.07649,0.01494,0.21490,0.08010,1,0.98194,0.00000,0.00000,0.18919,virtual,0,245.22,270.69,245.22,270.69,245.22,270.69,245.22,270.69,245.22,270.69,245.22,270.69,245.22,270.69,245.22,270.69,245.22,270.69,245.22,270.69,245.22,270.69,245.22,270.69,245.22,270.69,245.22,270.69,245.22,270.69,245.22,270.69,245.22,270.69,245.22,270.69,245.22,270.69,245.22,270.69,245.22,270.69,0.00000,0.00000,0.00000,0.00000,0.00000,0.00000,0.00000,0.00000,0.00000,0.00000,0.00000,0.00000,0.00000,0.00000,0.00000,0.00000,0.00000,0.00000,0.00000,0.00000,0.00000,0.00000,0.00000,0.00000,0.00000,0.00000,0.00000,0.00000,0.00000,0.00000,0.00000,0.00000,0.00000,0.00000,0.00000,0.00000,0.00000,0.00000,0.00000,0.00000,0.00000,0.00000,0.00000,0.00000,0.00000,0.00000,0.00000,0.00000,0.00000,0.00000,0.00000,0.00000,0.00000,0.00000,0.00000,0.00000,0.00000,0.00000,0.00000,0.00000,0.00000,0.00000,0.00000,0.00000,0.00000,0.00000,0.00000,0.00000,0.00000,0.00000,0.00000,0.00000,0.00000,0.00000,0.00000,0.00000,0.00000,0.00000,0.00000,0.00000,0.00000,0.00000,0.00000,0.00000
7.5000,1,1,0.00,0.00,33.33,-0.07081,0.02906,0.52489,0.52337,0.52337,1.3000,0,0,0.21608,0.08013,0.06440,0.21526,0.08031,0.06413,0.73,0.00,0.52337,-0.43224,-0.09782,0.19562,1.47408,0.00000,1.00000,-0.43201,-0.09823,0.19505,1.47404,0.00000,1.00000,28,0.21542,0.07649,0.01494,0.21490,0.08010,1,0.98194,0.00000,0.00000,0.18919,virtual,0,245.22,270.69,245.22,270.69,245.22,270.69,245.22,270.69,245.22,270.69,245.22,270.69,245.22,270.69,245.22,270.69,245.22,270.69,245.22,270.69,245.22,270.69,245.22,270.69,245.22,270.69,245.22,270.69,245.22,270.69,245.22,270.69,245.22,270.69,245.22,270.69,245.22,270.69,245.22,270.69,245.22,270.69,0.00000,0.00000,0.00000,0.00000,0.00000,0.00000,0.00000,0.00000,0.00000,0.00000,0.00000,0.00000,0.00000,0.00000,0.00000,0.00000,0.00000,0.00000,0.00000,0.00000,0.00000,0.00000,0.00000,0.00000,0.00000,0.00000,0.00000,0.00000,0.00000,0.00000,0.00000,0.00000,0.00000,0.00000,0.00000,0.00000,0.00000,0.00000,0.00000,0.00000,0.00000,0.00000,0.00000,0.00000,0.00000,0.00000,0.00000,0.00000,0.00000,0.00000,0.00000,0.00000,0.00000,0.00000,0.00000,0.00000,0.00000,0.00000,0.00000,0.00000,0.00000,0.00000,0.00000,0.00000,0.00000,0.00000,0.00000,0.00000,0.00000,0.00000,0.00000,0.00000,0.00000,0.00000,0.00000,0.00000,0.00000,0.00000,0.00000,0.00000,0.00000,0.00000,0.00000,0.00000
