t_s,engaged,hand_found,detect_ms,ik_ms,loop_ms,hand_x,hand_y,hand_z,depth_len_m,depth_width_m,pinch,gated,gripper_closed,target_x,target_y,target_z,tip_x,tip_y,tip_z,ik_pos_err_mm,ik_dir_err_deg,depth_used_m,q0,q1,q2,q3,q4,q5,ctrl0,ctrl1,ctrl2,ctrl3,ctrl4,ctrl5,layout,cube_x,cube_y,cube_z,goal_x,goal_y,placed_success,cube_qw,cube_qx,cube_qy,cube_qz,handedness,grasp_locked,px0_u,px0_v,px1_u,px1_v,px2_u,px2_v,px3_u,px3_v,px4_u,px4_v,px5_u,px5_v,px6_u,px6_v,px7_u,px7_v,px8_u,px8_v,px9_u,px9_v,px10_u,px10_v,px11_u,px11_v,px12_u,px12_v,px13_u,px13_v,px14_u,px14_v,px15_u,px15_v,px16_u,px16_v,px17_u,px17_v,px18_u,px18_v,px19_u,px19_v,px20_u,px20_v,relz0,relz1,relz2,relz3,relz4,relz5,relz6,relz7,relz8,relz9,relz10,relz11,relz12,relz13,relz14,relz15,relz16,relz17,relz18,relz19,relz20,w0_x,w0_y,w0_z,w1_x,w1_y,w1_z,w2_x,w2_y,w2_z,w3_x,w3_y,w3_z,w4_x,w4_y,w4_z,w5_x,w5_y,w5_z,w6_x,w6_y,w6_z,w7_x,w7_y,w7_z,w8_x,w8_y,w8_z,w9_x,w9_y,w9_z,w10_x,w10_y,w10_z,w11_x,w11_y,w11_z,w12_x,w12_y,w12_z,w13_x,w13_y,w13_z,w14_x,w14_y,w14_z,w15_x,w15_y,w15_z,w16_x,w16_y,w16_z,w17_x,w17_y,w17_z,w18_x,w18_y,w18_z,w19_x,w19_y,w19_z,w20_x,w20_y,w20_z
0.0000,0,1,0.00,0.00,33.33,0.00000,0.03284,0.54739,0.54739,0.54739,1.3000,0,0,0.21961,-0.00098,0.06018,0.21961,-0.00098,0.06018,,,0.54739,0.00000,-0.21000,0.34600,1.43400,0.00000,1.00000,0.00000,-0.21000,0.34600,1.43400,0.00000,1.00000,36,0.23180,-0.07050,0.01500,0.23610,0.06610,0,0.98912,0.00000,0.00000,-0.14709,virtual,0,320.00,273.26,320.00,273.26,320.00,273.26,320.00,273.26,320.00,273.26,320.00,273.26,320.00,273.26,320.00,273.26,320.00,273.26,320.00,273.26,320.00,273.26,320.00,273.26,320.00,273.26,320.00,273.26,320.00,273.26,320.00,273.26,320.00,273.26,320.00,273.26,320.00,273.26,320.00,273.26,320.00,273.26,0.00000,0.00000,0.00000,0.00000,0.00000,0.00000,0.00000,0.00000,0.00000,0.00000,0.00000,0.00000,0.00000,0.00000,0.00000,0.00000,0.00000,0.00000,0.00000,0.00000,0.00000,0.00000,0.00000,0.00000,0.00000,0.00000,0.00000,0.00000,0.00000,0.00000,0.00000,0.00000,0.00000,0.00000,0.00000,0.00000,0.00000,0.00000,0.00000,0.00000,0.00000,0.00000,0.00000,0.00000,0.00000,0.00000,0.00000,0.00000,0.00000,0.00000,0.00000,0.00000,0.00000,0.00000,0.00000,0.00000,0.00000,0.00000,0.00000,0.00000,0.00000,0.00000,0.00000,0.00000,0.00000,0.00000,0.00000,0.00000,0.00000,0.00000,0.00000,0.00000,0.00000,0.00000,0.00000,0.00000,0.00000,0.00000,0.00000,0.00000,0.00000,0.00000,0.00000,0.00000
0.0333,0,1,0.00,0.00,33.33,0.00000,0.03275,0.54588,0.54437,0.54437,1.3000,0,0,0.21961,-0.00098,0.06018,0.21952,-0.00098,0.06005,,,0.54437,0.00000,-0.20958,0.34642,1.43400,-0.00000,1.00000,0.00000,-0.21000,0.34600,1.43400,0.00000,1.00000,36,0.23180,-0.07050,0.01482,0.23610,0.06610,0,0.98912,-0.00000,0.00000,-0.14709,virtual,0,320.00,273.26,320.00,273.26,320.00,273.26,320.00,273.26,320.00,273.26,320.00,273.26,320.00,273.26,320.00,273.26,320.00,273.26,320.00,273.26,320.00,273.26,320.00,273.26,320.00,273.26,320.00,273.26,320.00,273.26,320.00,273.26,320.00,273.26,320.00,273.26,320.00,273.26,320.00,273.26,320.00,273.26,0.00000,0.00000,0.00000,0.00000,0.00000,0.00000,0.00000,0.00000,0.00000,0.00000,0.00000,0.00000,0.00000,0.00000,0.00000,0.00000,0.00000,0.00000,0.00000,0.00000,0.00000,0.00000,0.00000,0.00000,0.00000,0.00000,0.00000,0.00000,0.00000,0.00000,0.00000,0.00000,0.00000,0.00000,0.00000,0.00000,0.00000,0.00000,0.00000,0.00000,0.00000,0.00000,0.00000,0.00000,0.00000,0.00000,0.00000,0.00000,0.00000,0.00000,0.00000,0.00000,0.00000,0.00000,0.00000,0.00000,0.00000,0.00000,0.00000,0.00000,0.00000,0.00000,0.00000,0.00000,0.00000,0.00000,0.00000,0.00000,0.00000,0.00000,0.00000,0.00000,0.00000,0.00000,0.00000,0.00000,0.00000,0.00000,0.00000,0.00000,0.00000,0.00000,0.00000,0.00000
0.0667,0,1,0.00,0.00,33.33,0.00000,0.03274,0.54574,0.54561,0.54561,1.3000,0,0,0.21961,-0.00098,0.06018,0.21954,-0.00098,0.06008,,,0.54561,0.00000,-0.20968,0.34632,1.43401,-0.00000,1.00000,0.00000,-0.21000,0.34600,1.43400,0.00000,1.00000,36,0.23180,-0.07050,0.01491,0.23610,0.06610,0,0.98912,-0.00000,0.00000,-0.14709,virtual,0,320.00,273.26,320.00,273.26,320.00,273.26,320.00,273.26,320.00,273.26,320.00,273.26,320.00,273.26,320.00,273.26,320.00,273.26,320.00,273.26,320.00,273.26,320.00,273.26,320.00,273.26,320.00,273.26,320.00,273.26,320.00,273.26,320.00,273.26,320.00,273.26,320.00,273.26,320.00,273.26,320.00,273.26,0.00000,0.00000,0.00000,0.00000,0.00000,0.00000,0.00000,0.00000,0.00000,0.00000,0.00000,0.00000,0.00000,0.00000,0.00000,0.00000,0.00000,0.00000,0.00000,0.00000,0.00000,0.00000,0.00000,0.00000,0.00000,0.00000,0.00000,0.00000,0.00000,0.00000,0.00000,0.00000,0.00000,0.00000,0.00000,0.00000,0.00000,0.00000,0.00000,0.00000,0.00000,0.00000,0.00000,0.00000,0.00000,0.00000,0.00000,0.00000,0.00000,0.00000,0.00000,0.00000,0.00000,0.00000,0.00000,0.00000,0.00000,0.00000,0.00000,0.00000,0.00000,0.00000,0.00000,0.00000,0.00000,0.00000,0.00000,0.00000,0.00000,0.00000,0.00000,0.00000,0.00000,0.00000,0.00000,0.00000,0.00000,0.00000,0.00000,0.00000,0.00000,0.00000,0.00000,0.00000
0.1000,0,1,0.00,0.00,33.33,0.00000,0.03272,0.54531,0.54488,0.54488,1.3000,0,0,0.21961,-0.00098,0.06018,0.21954,-0.00098,0.06008,,,0.54488,0.00000,-0.20966,0.34634,1.43401,0.00000,1.00000,0.00000,-0.21000,0.34600,1.43400,0.00000,1.00000,36,0.23180,-0.07050,0.01493,0.23610,0.06610,0,0.98912,-0.00000,0.00000,-0.14709,virtual,0,320.00,273.26,320.00,273.26,320.00,273.26,320.00,273.26,320.00,273.26,320.00,273.26,320.00,273.26,320.00,273.26,320.00,273.26,320.00,273.26,320.00,273.26,320.00,273.26,320.00,273.26,320.00,273.26,320.00,273.26,320.00,273.26,320.00,273.26,320.00,273.26,320.00,273.26,320.00,273.26,320.00,273.26,0.00000,0.00000,0.00000,0.00000,0.00000,0.00000,0.00000,0.00000,0.00000,0.00000,0.00000,0.00000,0.00000,0.00000,0.00000,0.00000,0.00000,0.00000,0.00000,0.00000,0.00000,0.00000,0.00000,0.00000,0.00000,0.00000,0.00000,0.00000,0.00000,0.00000,0.00000,0.00000,0.00000,0.00000,0.00000,0.00000,0.00000,0.00000,0.00000,0.00000,0.00000,0.00000,0.00000,0.00000,0.00000,0.00000,0.00000,0.00000,0.00000,0.00000,0.00000,0.00000,0.00000,0.00000,0.00000,0.00000,0.00000,0.00000,0.00000,0.00000,0.00000,0.00000,0.00000,0.00000,0.00000,0.00000,0.00000,0.00000,0.00000,0.00000,0.00000,0.00000,0.00000,0.00000,0.00000,0.00000,0.00000,0.00000,0.00000,0.00000,0.00000,0.00000,0.00000,0.00000
0.1333,0,1,0.00,0.00,33.33,0.00000,0.03269,0.54480,0.54429,0.54429,1.3000,0,0,0.21961,-0.00098,0.06018,0.21953,-0.00098,0.06007,,,0.54429,0.00000,-0.20965,0.34635,1.43401,0.00000,1.00000,0.00000,-0.21000,0.34600,1.43400,0.00000,1.00000,36,0.23180,-0.07050,0.01494,0.23610,0.06610,0,0.98912,-0.00000,0.00000,-0.14709,virtual,0,320.00,273.26,320.00,273.26,320.00,273.26,320.00,273.26,320.00,273.26,320.00,273.26,320.00,273.26,320.00,273.26,320.00,273.26,320.00,273.26,320.00,273.26,320.00,273.26,320.00,273.26,320.00,273.26,320.00,273.26,320.00,273.26,320.00,273.26,320.00,273.26,320.00,273.26,320.00,273.26,320.00,273.26,0.00000,0.00000,0.00000,0.00000,0.00000,0.00000,0.00000,0.00000,0.00000,0.00000,0.00000,0.00000,0.00000,0.00000,0.00000,0.00000,0.00000,0.00000,0.00000,0.00000,0.00000,0.00000,0.00000,0.00000,0.00000,0.00000,0.00000,0.00000,0.00000,0.00000,0.00000,0.00000,0.00000,0.00000,0.00000,0.00000,0.00000,0.00000,0.00000,0.00000,0.00000,0.00000,0.00000,0.00000,0.00000,0.00000,0.00000,0.00000,0.00000,0.00000,0.00000,0.00000,0.00000,0.00000,0.00000,0.00000,0.00000,0.00000,0.00000,0.00000,0.00000,0.00000,0.00000,0.00000,0.00000,0.00000,0.00000,0.00000,0.00000,0.00000,0.00000,0.00000,0.00000,0.00000,0.00000,0.00000,0.00000,0.00000,0.00000,0.00000,0.00000,0.00000,0.00000,0.00000
0.1667,0,1,0.00,0.00,33.33,0.00000,0.03277,0.54612,0.54745,0.54745,1.3000,0,0,0.21961,-0.00098,0.06018,0.21953,-0.00098,0.06007,,,0.54745,0.00000,-0.20964,0.34636,1.43401,-0.00000,1.00000,0.00000,-0.21000,0.34600,1.43400,0.00000,1.00000,36,0.23180,-0.07050,0.01494,0.23610,0.06610,0,0.98912,-0.00000,0.00000,-0.14709,virtual,0,320.00,273.26,320.00,273.26,320.00,273.26,320.00,273.26,320.00,273.26,320.00,273.26,320.00,273.26,320.00,273.26,320.00,273.26,320.00,273.26,320.00,273.26,320.00,273.26,320.00,273.26,320.00,273.26,320.00,273.26,320.00,273.26,320.00,273.26,320.00,273.26,320.00,273.26,320.00,273.26,320.00,273.26,0.00000,0.00000,0.00000,0.00000,0.00000,0.00000,0.00000,0.00000,0.00000,0.00000,0.00000,0.00000,0.00000,0.00000,0.00000,0.00000,0.00000,0.00000,0.00000,0.00000,0.00000,0.00000,0.00000,0.00000,0.00000,0.00000,0.00000,0.00000,0.00000,0.00000,0.00000,0.00000,0.00000,0.00000,0.00000,0.00000,0.00000,0.00000,0.00000,0.00000,0.00000,0.00000,0.00000,0.00000,0.00000,0.00000,0.00000,0.00000,0.00000,0.00000,0.00000,0.00000,0.00000,0.00000,0.00000,0.00000,0.00000,0.00000,0.00000,0.00000,0.00000,0.00000,0.00000,0.00000,0.00000,0.00000,0.00000,0.00000,0.00000,0.00000,0.00000,0.00000,0.00000,0.00000,0.00000,0.00000,0.00000,0.00000,0.00000,0.00000,0.00000,0.00000,0.00000,0.00000
0.2000,0,1,0.00,0.00,33.33,0.00000,0.03273,0.54548,0.54484,0.54484,1.3000,0,0,0.21961,-0.00098,0.06018,0.21953,-0.00098,0.06007,,,0.54484,0.00000,-0.20964,0.34636,1.43401,-0.00000,1.00000,0.00000,-0.21000,0.34600,1.43400,0.00000,1.00000,36,0.23180,-0.07050,0.01494,0.23610,0.06610,0,0.98912,-0.00000,0.00000,-0.14709,virtual,0,320.00,273.26,320.00,273.26,320.00,273.26,320.00,273.26,320.00,273.26,320.00,273.26,320.00,273.26,320.00,273.26,320.00,273.26,320.00,273.26,320.00,273.26,320.00,273.26,320.00,273.26,320.00,273.26,320.00,273.26,320.00,273.26,320.00,273.26,320.00,273.26,320.00,273.26,320.00,273.26,320.00,273.26,0.00000,0.00000,0.00000,0.00000,0.00000,0.00000,0.00000,0.00000,0.00000,0.00000,0.00000,0.00000,0.00000,0.00000,0.00000,0.00000,0.00000,0.00000,0.00000,0.00000,0.00000,0.00000,0.00000,0.00000,0.00000,0.00000,0.00000,0.00000,0.00000,0.00000,0.00000,0.00000,0.00000,0.00000,0.00000,0.00000,0.00000,0.00000,0.00000,0.00000,0.00000,0.00000,0.00000,0.00000,0.00000,0.00000,0.00000,0.00000,0.00000,0.00000,0.00000,0.00000,0.00000,0.00000,0.00000,0.00000,0.00000,0.00000,0.00000,0.00000,0.00000,0.00000,0.00000,0.00000,0.00000,0.00000,0.00000,0.00000,0.00000,0.00000,0.00000,0.00000,0.00000,0.00000,0.00000,0.00000,0.00000,0.00000,0.00000,0.00000,0.00000,0.00000,0.00000,0.00000
0.2333,0,1,0.00,0.00,33.33,0.00000,0.03271,0.54516,0.54484,0.54484,1.3000,0,0,0.21961,-0.00098,0.06018,0.21953,-0.00098,0.06007,,,0.54484,0.00000,-0.20964,0.34636,1.43401,0.00000,1.00000,0.00000,-0.21000,0.34600,1.43400,0.00000,1.00000,36,0.23180,-0.07050,0.01494,0.23610,0.06610,0,0.98912,-0.00000,0.00000,-0.14709,virtual,0,320.00,273.26,320.00,273.26,320.00,273.26,320.00,273.26,320.00,273.26,320.00,273.26,320.00,273.26,320.00,273.26,320.00,273.26,320.00,273.26,320.00,273.26,320.00,273.26,320.00,273.26,320.00,273.26,320.00,273.26,320.00,273.26,320.00,273.26,320.00,273.26,320.00,273.26,320.00,273.26,320.00,273.26,0.00000,0.00000,0.00000,0.00000,0.00000,0.00000,0.00000,0.00000,0.00000,0.00000,0.00000,0.00000,0.00000,0.00000,0.00000,0.00000,0.00000,0.00000,0.00000,0.00000,0.00000,0.00000,0.00000,0.00000,0.00000,0.00000,0.00000,0.00000,0.00000,0.00000,0.00000,0.00000,0.00000,0.00000,0.00000,0.00000,0.00000,0.00000,0.00000,0.00000,0.00000,0.00000,0.00000,0.00000,0.00000,0.00000,0.00000,0.00000,0.00000,0.00000,0.00000,0.00000,0.00000,0.00000,0.00000,0.00000,0.00000,0.00000,0.00000,0.00000,0.00000,0.00000,0.00000,0.00000,0.00000,0.00000,0.00000,0.00000,0.00000,0.00000,0.00000,0.00000,0.00000,0.00000,0.00000,0.00000,0.00000,0.00000,0.00000,0.00000,0.00000,0.00000,0.00000,0.00000
0.2667,0,1,0.00,0.00,33.33,0.00000,0.03270,0.54500,0.54484,0.54484,1.3000,0,0,0.21961,-0.00098,0.06018,0.21953,-0.00098,0.06007,,,0.54484,0.00000,-0.20964,0.34636,1.43401,0.00000,1.00000,0.00000,-0.21000,0.34600,1.43400,0.00000,1.00000,36,0.23180,-0.07050,0.01494,0.23610,0.06610,0,0.98912,-0.00000,0.00000,-0.14709,virtual,0,320.00,273.26,320.00,273.26,320.00,273.26,320.00,273.26,320.00,273.26,320.00,273.26,320.00,273.26,320.00,273.26,320.00,273.26,320.00,273.26,320.00,273.26,320.00,273.26,320.00,273.26,320.00,273.26,320.00,273.26,320.00,273.26,320.00,273.26,320.00,273.26,320.00,273.26,320.00,273.26,320.00,273.26,0.00000,0.00000,0.00000,0.00000,0.00000,0.00000,0.00000,0.00000,0.00000,0.00000,0.00000,0.00000,0.00000,0.00000,0.00000,0.00000,0.00000,0.00000,0.00000,0.00000,0.00000,0.00000,0.00000,0.00000,0.00000,0.00000,0.00000,0.00000,0.00000,0.00000,0.00000,0.00000,0.00000,0.00000,0.00000,0.00000,0.00000,0.00000,0.00000,0.00000,0.00000,0.00000,0.00000,0.00000,0.00000,0.00000,0.00000,0.00000,0.00000,0.00000,0.00000,0.00000,0.00000,0.00000,0.00000,0.00000,0.00000,0.00000,0.00000,0.00000,0.00000,0.00000,0.00000,0.00000,0.00000,0.00000,0.00000,0.00000,0.00000,0.00000,0.00000,0.00000,0.00000,0.00000,0.00000,0.00000,0.00000,0.00000,0.00000,0.00000,0.00000,0.00000,0.00000,0.00000
0.3000,0,1,0.00,0.00,33.33,0.00000,0.03269,0.54492,0.54484,0.54484,1.3000,0,0,0.21961,-0.00098,0.06018,0.21953,-0.00098,0.06007,,,0.54484,-0.00000,-0.20964,0.34636,1.43401,0.00000,1.00000,0.00000,-0.21000,0.34600,1.43400,0.00000,1.00000,36,0.23180,-0.07050,0.01494,0.23610,0.06610,0,0.98912,-0.00000,0.00000,-0.14709,virtual,0,320.00,273.26,320.00,273.26,320.00,273.26,320.00,273.26,320.00,273.26,320.00,273.26,320.00,273.26,320.00,273.26,320.00,273.26,320.00,273.26,320.00,273.26,320.00,273.26,320.00,273.26,320.00,273.26,320.00,273.26,320.00,273.26,320.00,273.26,320.00,273.26,320.00,273.26,320.00,273.26,320.00,273.26,0.00000,0.00000,0.00000,0.00000,0.00000,0.00000,0.00000,0.00000,0.00000,0.00000,0.00000,0.00000,0.00000,0.00000,0.00000,0.00000,0.00000,0.00000,0.00000,0.00000,0.00000,0.00000,0.00000,0.00000,0.00000,0.00000,0.00000,0.00000,0.00000,0.00000,0.00000,0.00000,0.00000,0.00000,0.00000,0.00000,0.00000,0.00000,0.00000,0.00000,0.00000,0.00000,0.00000,0.00000,0.00000,0.00000,0.00000,0.00000,0.00000,0.00000,0.00000,0.00000,0.00000,0.00000,0.00000,0.00000,0.00000,0.00000,0.00000,0.00000,0.00000,0.00000,0.00000,0.00000,0.00000,0.00000,0.00000,0.00000,0.00000,0.00000,0.00000,0.00000,0.00000,0.00000,0.00000,0.00000,0.00000,0.00000,0.00000,0.00000,0.00000,0.00000,0.00000,0.00000
0.3333,0,1,0.00,0.00,33.33,0.00000,0.03269,0.54488,0.54484,0.54484,1.3000,0,0,0.21961,-0.00098,0.06018,0.21953,-0.00098,0.06007,,,0.54484,-0.00000,-0.20964,0.34636,1.43401,0.00000,1.00000,0.00000,-0.21000,0.34600,1.43400,0.00000,1.00000,36,0.23180,-0.07050,0.01494,0.23610,0.06610,0,0.98912,-0.00000,0.00000,-0.14709,virtual,0,320.00,273.26,320.00,273.26,320.00,273.26,320.00,273.26,320.00,273.26,320.00,273.26,320.00,273.26,320.00,273.26,320.00,273.26,320.00,273.26,320.00,273.26,320.00,273.26,320.00,273.26,320.00,273.26,320.00,273.26,320.00,273.26,320.00,273.26,320.00,273.26,320.00,273.26,320.00,273.26,320.00,273.26,0.00000,0.00000,0.00000,0.00000,0.00000,0.00000,0.00000,0.00000,0.00000,0.00000,0.00000,0.00000,0.00000,0.00000,0.00000,0.00000,0.00000,0.00000,0.00000,0.00000,0.00000,0.00000,0.00000,0.00000,0.00000,0.00000,0.00000,0.00000,0.00000,0.00000,0.00000,0.00000,0.00000,0.00000,0.00000,0.00000,0.00000,0.00000,0.00000,0.00000,0.00000,0.00000,0.00000,0.00000,0.00000,0.00000,0.00000,0.00000,0.00000,0.00000,0.00000,0.00000,0.00000,0.00000,0.00000,0.00000,0.00000,0.00000,0.00000,0.00000,0.00000,0.00000,0.00000,0.00000,0.00000,0.00000,0.00000,0.00000,0.00000,0.00000,0.00000,0.00000,0.00000,0.00000,0.00000,0.00000,0.00000,0.00000,0.00000,0.00000,0.00000,0.00000,0.00000,0.00000
0.3667,0,1,0.00,0.00,33.33,0.00000,0.03265,0.54418,0.54348,0.54348,1.3000,0,0,0.21961,-0.00098,0.06018,0.21953,-0.00098,0.06007,,,0.54348,-0.00000,-0.20964,0.34636,1.43401,0.00000,1.00000,0.00000,-0.21000,0.34600,1.43400,0.00000,1.00000,36,0.23180,-0.07050,0.01494,0.23610,0.06610,0,0.98912,-0.00000,0.00000,-0.14709,virtual,0,320.00,273.26,320.00,273.26,320.00,273.26,320.00,273.26,320.00,273.26,320.00,273.26,320.00,273.26,320.00,273.26,320.00,273.26,320.00,273.26,320.00,273.26,320.00,273.26,320.00,273.26,320.00,273.26,320.00,273.26,320.00,273.26,320.00,273.26,320.00,273.26,320.00,273.26,320.00,273.26,320.00,273.26,0.00000,0.00000,0.00000,0.00000,0.00000,0.00000,0.00000,0.00000,0.00000,0.00000,0.00000,0.00000,0.00000,0.00000,0.00000,0.00000,0.00000,0.00000,0.00000,0.00000,0.00000,0.00000,0.00000,0.00000,0.00000,0.00000,0.00000,0.00000,0.00000,0.00000,0.00000,0.00000,0.00000,0.00000,0.00000,0.00000,0.00000,0.00000,0.00000,0.00000,0.00000,0.00000,0.00000,0.00000,0.00000,0.00000,0.00000,0.00000,0.00000,0.00000,0.00000,0.00000,0.00000,0.00000,0.00000,0.00000,0.00000,0.00000,0.00000,0.00000,0.00000,0.00000,0.00000,0.00000,0.00000,0.00000,0.00000,0.00000,0.00000,0.00000,0.00000,0.00000,0.00000,0.00000,0.00000,0.00000,0.00000,0.00000,0.00000,0.00000,0.00000,0.00000,0.00000,0.00000
0.4000,1,1,0.00,0.00,33.33,0.00000,0.03268,0.54459,0.54500,0.54500,1.3000,0,0,0.21961,-0.00098,0.06018,0.21953,-0.00098,0.06007,,,0.54500,-0.00000,-0.20964,0.34636,1.43401,0.00000,1.00000,0.00000,-0.21000,0.34600,1.43400,0.00000,1.00000,36,0.23180,-0.07050,0.01494,0.23610,0.06610,0,0.98912,-0.00000,0.00000,-0.14709,virtual,0,320.00,273.26,320.00,273.26,320.00,273.26,320.00,273.26,320.00,273.26,320.00,273.26,320.00,273.26,320.00,273.26,320.00,273.26,320.00,273.26,320.00,273.26,320.00,273.26,320.00,273.26,320.00,273.26,320.00,273.26,320.00,273.26,320.00,273.26,320.00,273.26,320.00,273.26,320.00,273.26,320.00,273.26,0.00000,0.00000,0.00000,0.00000,0.00000,0.00000,0.00000,0.00000,0.00000,0.00000,0.00000,0.00000,0.00000,0.00000,0.00000,0.00000,0.00000,0.00000,0.00000,0.00000,0.00000,0.00000,0.00000,0.00000,0.00000,0.00000,0.00000,0.00000,0.00000,0.00000,0.00000,0.00000,0.00000,0.00000,0.00000,0.00000,0.00000,0.00000,0.00000,0.00000,0.00000,0.00000,0.00000,0.00000,0.00000,0.00000,0.00000,0.00000,0.00000,0.00000,0.00000,0.00000,0.00000,0.00000,0.00000,0.00000,0.00000,0.00000,0.00000,0.00000,0.00000,0.00000,0.00000,0.00000,0.00000,0.00000,0.00000,0.00000,0.00000,0.00000,0.00000,0.00000,0.00000,0.00000,0.00000,0.00000,0.00000,0.00000,0.00000,0.00000,0.00000,0.00000,0.00000,0.00000
0.4333,1,1,0.00,0.00,33.33,0.00213,0.03239,0.54418,0.54378,0.54378,1.3000,0,0,0.21986,-0.00311,0.06037,0.21974,-0.00335,0.06025,0.15,0.00,0.54378,0.01308,-0.20725,0.34251,1.43583,0.00001,0.99999,0.01093,-0.20701,0.34150,1.43627,0.00000,1.00000,36,0.23180,-0.07050,0.01494,0.23610,0.06610,0,0.98912,0.00000,0.00000,-0.14709,virtual,0,324.34,272.73,324.34,272.73,324.34,272.73,324.34,272.73,324.34,272.73,324.34,272.73,324.34,272.73,324.34,272.73,324.34,272.73,324.34,272.73,324.34,272.73,324.34,272.73,324.34,272.73,324.34,272.73,324.34,272.73,324.34,272.73,324.34,272.73,324.34,272.73,324.34,272.73,324.34,272.73,324.34,272.73,0.00000,0.00000,0.00000,0.00000,0.00000,0.00000,0.00000,0.00000,0.00000,0.00000,0.00000,0.00000,0.00000,0.00000,0.00000,0.00000,0.00000,0.00000,0.00000,0.00000,0.00000,0.00000,0.00000,0.00000,0.00000,0.00000,0.00000,0.00000,0.00000,0.00000,0.00000,0.00000,0.00000,0.00000,0.00000,0.00000,0.00000,0.00000,0.00000,0.00000,0.00000,0.00000,0.00000,0.00000,0.00000,0.00000,0.00000,0.00000,0.00000,0.00000,0.00000,0.00000,0.00000,0.00000,0.00000,0.00000,0.00000,0.00000,0.00000,0.00000,0.00000,0.00000,0.00000,0.00000,0.00000,0.00000,0.00000,0.00000,0.00000,0.00000,0.00000,0.00000,0.00000,0.00000,0.00000,0.00000,0.00000,0.00000,0.00000,0.00000,0.00000,0.00000,0.00000,0.00000
0.4667,1,1,0.00,0.00,33.33,0.00531,0.03193,0.54293,0.54168,0.54168,1.3000,0,0,0.22048,-0.00629,0.06084,0.22057,-0.00706,0.06096,0.23,0.00,0.54168,0.03345,-0.20263,0.33265,1.43900,0.00000,0.99999,0.02800,-0.20165,0.33248,1.43991,0.00000,1.00000,36,0.23180,-0.07050,0.01494,0.23610,0.06610,0,0.98912,0.00000,0.00000,-0.14709,virtual,0,328.69,272.19,328.69,272.19,328.69,272.19,328.69,272.19,328.69,272.19,328.69,272.19,328.69,272.19,328.69,272.19,328.69,272.19,328.69,272.19,328.69,272.19,328.69,272.19,328.69,272.19,328.69,272.19,328.69,272.19,328.69,272.19,328.69,272.19,328.69,272.19,328.69,272.19,328.69,272.19,328.69,272.19,0.00000,0.00000,0.00000,0.00000,0.00000,0.00000,0.00000,0.00000,0.00000,0.00000,0.00000,0.00000,0.00000,0.00000,0.00000,0.00000,0.00000,0.00000,0.00000,0.00000,0.00000,0.00000,0.00000,0.00000,0.00000,0.00000,0.00000,0.00000,0.00000,0.00000,0.00000,0.00000,0.00000,0.00000,0.00000,0.00000,0.00000,0.00000,0.00000,0.00000,0.00000,0.00000,0.00000,0.00000,0.00000,0.00000,0.00000,0.00000,0.00000,0.00000,0.00000,0.00000,0.00000,0.00000,0.00000,0.00000,0.00000,0.00000,0.00000,0.00000,0.00000,0.00000,0.00000,0.00000,0.00000,0.00000,0.00000,0.00000,0.00000,0.00000,0.00000,0.00000,0.00000,0.00000,0.00000,0.00000,0.00000,0.00000,0.00000,0.00000,0.00000,0.00000,0.00000,0.00000
0.5000,1,1,0.00,0.00,33.33,0.00904,0.03142,0.54206,0.54118,0.54118,1.3000,0,0,0.22092,-0.01002,0.06134,0.22096,-0.01094,0.06135,0.27,0.00,0.54118,0.05462,-0.19609,0.32287,1.44356,0.00000,1.00000,0.04815,-0.19687,0.32380,1.44381,0.00000,1.00000,36,0.23180,-0.07050,0.01494,0.23610,0.06610,0,0.98912,0.00000,0.00000,-0.14709,virtual,0,333.08,271.66,333.08,271.66,333.08,271.66,333.08,271.66,333.08,271.66,333.08,271.66,333.08,271.66,333.08,271.66,333.08,271.66,333.08,271.66,333.08,271.66,333.08,271.66,333.08,271.66,333.08,271.66,333.08,271.66,333.08,271.66,333.08,271.66,333.08,271.66,333.08,271.66,333.08,271.66,333.08,271.66,0.00000,0.00000,0.00000,0.00000,0.00000,0.00000,0.00000,0.00000,0.00000,0.00000,0.00000,0.00000,0.00000,0.00000,0.00000,0.00000,0.00000,0.00000,0.00000,0.00000,0.00000,0.00000,0.00000,0.00000,0.00000,0.00000,0.00000,0.00000,0.00000,0.00000,0.00000,0.00000,0.00000,0.00000,0.00000,0.00000,0.00000,0.00000,0.00000,0.00000,0.00000,0.00000,0.00000,0.00000,0.00000,0.00000,0.00000,0.00000,0.00000,0.00000,0.00000,0.00000,0.00000,0.00000,0.00000,0.00000,0.00000,0.00000,0.00000,0.00000,0.00000,0.00000,0.00000,0.00000,0.00000,0.00000,0.00000,0.00000,0.00000,0.00000,0.00000,0.00000,0.00000,0.00000,0.00000,0.00000,0.00000,0.00000,0.00000,0.00000,0.00000,0.00000,0.00000,0.00000
0.5333,1,1,0.00,0.00,33.33,0.01301,0.03082,0.54020,0.53834,0.53834,1.3000,0,0,0.22185,-0.01399,0.06194,0.22189,-0.01460,0.06189,0.29,0.01,0.53834,0.07425,-0.18671,0.30907,1.44771,-0.00000,1.00000,0.06950,-0.18756,0.30948,1.44878,0.00000,1.00000,36,0.23180,-0.07050,0.01494,0.23610,0.06610,0,0.98912,-0.00000,-0.00000,-0.14709,virtual,0,337.48,271.11,337.48,271.11,337.48,271.11,337.48,271.11,337.48,271.11,337.48,271.11,337.48,271.11,337.48,271.11,337.48,271.11,337.48,271.11,337.48,271.11,337.48,271.11,337.48,271.11,337.48,271.11,337.48,271.11,337.48,271.11,337.48,271.11,337.48,271.11,337.48,271.11,337.48,271.11,337.48,271.11,0.00000,0.00000,0.00000,0.00000,0.00000,0.00000,0.00000,0.00000,0.00000,0.00000,0.00000,0.00000,0.00000,0.00000,0.00000,0.00000,0.00000,0.00000,0.00000,0.00000,0.00000,0.00000,0.00000,0.00000,0.00000,0.00000,0.00000,0.00000,0.00000,0.00000,0.00000,0.00000,0.00000,0.00000,0.00000,0.00000,0.00000,0.00000,0.00000,0.00000,0.00000,0.00000,0.00000,0.00000,0.00000,0.00000,0.00000,0.00000,0.00000,0.00000,0.00000,0.00000,0.00000,0.00000,0.00000,0.00000,0.00000,0.00000,0.00000,0.00000,0.00000,0.00000,0.00000,0.00000,0.00000,0.00000,0.00000,0.00000,0.00000,0.00000,0.00000,0.00000,0.00000,0.00000,0.00000,0.00000,0.00000,0.00000,0.00000,0.00000,0.00000,0.00000,0.00000,0.00000
0.5667,1,1,0.00,0.00,33.33,0.01708,0.03016,0.53764,0.53508,0.53508,1.3000,0,0,0.22313,-0.01806,0.06260,0.22354,-0.01904,0.06241,0.29,0.01,0.53508,0.09746,-0.16899,0.28647,1.45296,0.00000,1.00000,0.09102,-0.17438,0.29058,1.45446,0.00000,1.00000,36,0.23180,-0.07050,0.01494,0.23610,0.06610,0,0.98912,-0.00000,-0.00000,-0.14709,virtual,0,341.91,270.57,341.91,270.57,341.91,270.57,341.91,270.57,341.91,270.57,341.91,270.57,341.91,270.57,341.91,270.57,341.91,270.57,341.91,270.57,341.91,270.57,341.91,270.57,341.91,270.57,341.91,270.57,341.91,270.57,341.91,270.57,341.91,270.57,341.91,270.57,341.91,270.57,341.91,270.57,341.91,270.57,0.00000,0.00000,0.00000,0.00000,0.00000,0.00000,0.00000,0.00000,0.00000,0.00000,0.00000,0.00000,0.00000,0.00000,0.00000,0.00000,0.00000,0.00000,0.00000,0.00000,0.00000,0.00000,0.00000,0.00000,0.00000,0.00000,0.00000,0.00000,0.00000,0.00000,0.00000,0.00000,0.00000,0.00000,0.00000,0.00000,0.00000,0.00000,0.00000,0.00000,0.00000,0.00000,0.00000,0.00000,0.00000,0.00000,0.00000,0.00000,0.00000,0.00000,0.00000,0.00000,0.00000,0.00000,0.00000,0.00000,0.00000,0.00000,0.00000,0.00000,0.00000,0.00000,0.00000,0.00000,0.00000,0.00000,0.00000,0.00000,0.00000,0.00000,0.00000,0.00000,0.00000,0.00000,0.00000,0.00000,0.00000,0.00000,0.00000,0.00000,0.00000,0.00000,0.00000,0.00000
0.6000,1,1,0.00,0.00,33.33,0.02132,0.02962,0.53742,0.53720,0.53720,1.3000,0,0,0.22324,-0.02230,0.06314,0.22302,-0.02322,0.06304,0.30,0.00,0.53720,0.12011,-0.16885,0.28158,1.45835,0.00000,0.99999,0.11353,-0.16916,0.28124,1.45865,0.00000,1.00000,36,0.23180,-0.07050,0.01494,0.23610,0.06610,0,0.98912,-0.00000,-0.00000,-0.14709,virtual,0,346.37,269.99,346.37,269.99,346.37,269.99,346.37,269.99,346.37,269.99,346.37,269.99,346.37,269.99,346.37,269.99,346.37,269.99,346.37,269.99,346.37,269.99,346.37,269.99,346.37,269.99,346.37,269.99,346.37,269.99,346.37,269.99,346.37,269.99,346.37,269.99,346.37,269.99,346.37,269.99,346.37,269.99,0.00000,0.00000,0.00000,0.00000,0.00000,0.00000,0.00000,0.00000,0.00000,0.00000,0.00000,0.00000,0.00000,0.00000,0.00000,0.00000,0.00000,0.00000,0.00000,0.00000,0.00000,0.00000,0.00000,0.00000,0.00000,0.00000,0.00000,0.00000,0.00000,0.00000,0.00000,0.00000,0.00000,0.00000,0.00000,0.00000,0.00000,0.00000,0.00000,0.00000,0.00000,0.00000,0.00000,0.00000,0.00000,0.00000,0.00000,0.00000,0.00000,0.00000,0.00000,0.00000,0.00000,0.00000,0.00000,0.00000,0.00000,0.00000,0.00000,0.00000,0.00000,0.00000,0.00000,0.00000,0.00000,0.00000,0.00000,0.00000,0.00000,0.00000,0.00000,0.00000,0.00000,0.00000,0.00000,0.00000,0.00000,0.00000,0.00000,0.00000,0.00000,0.00000,0.00000,0.00000
0.6333,1,1,0.00,0.00,33.33,0.02557,0.02903,0.53650,0.53559,0.53559,1.3000,0,0,0.22370,-0.02655,0.06373,0.22397,-0.02736,0.06400,0.29,0.01,0.53559,0.14148,-0.16092,0.26621,1.46255,0.00000,1.00000,0.13590,-0.16107,0.26816,1.46362,0.00000,1.00000,36,0.23180,-0.07050,0.01494,0.23610,0.06610,0,0.98912,-0.00000,-0.00000,-0.14709,virtual,0,350.85,269.43,350.85,269.43,350.85,269.43,350.85,269.43,350.85,269.43,350.85,269.43,350.85,269.43,350.85,269.43,350.85,269.43,350.85,269.43,350.85,269.43,350.85,269.43,350.85,269.43,350.85,269.43,350.85,269.43,350.85,269.43,350.85,269.43,350.85,269.43,350.85,269.43,350.85,269.43,350.85,269.43,0.00000,0.00000,0.00000,0.00000,0.00000,0.00000,0.00000,0.00000,0.00000,0.00000,0.00000,0.00000,0.00000,0.00000,0.00000,0.00000,0.00000,0.00000,0.00000,0.00000,0.00000,0.00000,0.00000,0.00000,0.00000,0.00000,0.00000,0.00000,0.00000,0.00000,0.00000,0.00000,0.00000,0.00000,0.00000,0.00000,0.00000,0.00000,0.00000,0.00000,0.00000,0.00000,0.00000,0.00000,0.00000,0.00000,0.00000,0.00000,0.00000,0.00000,0.00000,0.00000,0.00000,0.00000,0.00000,0.00000,0.00000,0.00000,0.00000,0.00000,0.00000,0.00000,0.00000,0.00000,0.00000,0.00000,0.00000,0.00000,0.00000,0.00000,0.00000,0.00000,0.00000,0.00000,0.00000,0.00000,0.00000,0.00000,0.00000,0.00000,0.00000,0.00000,0.00000,0.00000
0.6667,1,1,0.00,0.00,33.33,0.02978,0.02841,0.53464,0.53277,0.53277,1.3000,0,0,0.22463,-0.03076,0.06435,0.22487,-0.03173,0.06401,0.29,0.01,0.53277,0.16374,-0.14264,0.24613,1.46786,0.00000,1.00000,0.15751,-0.14836,0.24968,1.46934,0.00000,1.00000,36,0.23180,-0.07050,0.01494,0.23610,0.06610,0,0.98912,-0.00000,-0.00000,-0.14709,virtual,0,355.36,268.91,355.36,268.91,355.36,268.91,355.36,268.91,355.36,268.91,355.36,268.91,355.36,268.91,355.36,268.91,355.36,268.91,355.36,268.91,355.36,268.91,355.36,268.91,355.36,268.91,355.36,268.91,355.36,268.91,355.36,268.91,355.36,268.91,355.36,268.91,355.36,268.91,355.36,268.91,355.36,268.91,0.00000,0.00000,0.00000,0.00000,0.00000,0.00000,0.00000,0.00000,0.00000,0.00000,0.00000,0.00000,0.00000,0.00000,0.00000,0.00000,0.00000,0.00000,0.00000,0.00000,0.00000,0.00000,0.00000,0.00000,0.00000,0.00000,0.00000,0.00000,0.00000,0.00000,0.00000,0.00000,0.00000,0.00000,0.00000,0.00000,0.00000,0.00000,0.00000,0.00000,0.00000,0.00000,0.00000,0.00000,0.00000,0.00000,0.00000,0.00000,0.00000,0.00000,0.00000,0.00000,0.00000,0.00000,0.00000,0.00000,0.00000,0.00000,0.00000,0.00000,0.00000,0.00000,0.00000,0.00000,0.00000,0.00000,0.00000,0.00000,0.00000,0.00000,0.00000,0.00000,0.00000,0.00000,0.00000,0.00000,0.00000,0.00000,0.00000,0.00000,0.00000,0.00000,0.00000,0.00000
0.7000,1,1,0.00,0.00,33.33,0.03395,0.02773,0.53223,0.52982,0.52982,1.3000,0,0,0.22583,-0.03493,0.06503,0.22605,-0.03589,0.06502,0.29,0.01,0.52982,0.18424,-0.12810,0.22283,1.47560,0.00001,0.99999,0.17830,-0.13252,0.22733,1.47582,0.00000,1.00000,36,0.23180,-0.07050,0.01494,0.23610,0.06610,0,0.98912,-0.00000,-0.00000,-0.14709,virtual,0,359.89,268.30,359.89,268.30,359.89,268.30,359.89,268.30,359.89,268.30,359.89,268.30,359.89,268.30,359.89,268.30,359.89,268.30,359.89,268.30,359.89,268.30,359.89,268.30,359.89,268.30,359.89,268.30,359.89,268.30,359.89,268.30,359.89,268.30,359.89,268.30,359.89,268.30,359.89,268.30,359.89,268.30,0.00000,0.00000,0.00000,0.00000,0.00000,0.00000,0.00000,0.00000,0.00000,0.00000,0.00000,0.00000,0.00000,0.00000,0.00000,0.00000,0.00000,0.00000,0.00000,0.00000,0.00000,0.00000,0.00000,0.00000,0.00000,0.00000,0.00000,0.00000,0.00000,0.00000,0.00000,0.00000,0.00000,0.00000,0.00000,0.00000,0.00000,0.00000,0.00000,0.00000,0.00000,0.00000,0.00000,0.00000,0.00000,0.00000,0.00000,0.00000,0.00000,0.00000,0.00000,0.00000,0.00000,0.00000,0.00000,0.00000,0.00000,0.00000,0.00000,0.00000,0.00000,0.00000,0.00000,0.00000,0.00000,0.00000,0.00000,0.00000,0.00000,0.00000,0.00000,0.00000,0.00000,0.00000,0.00000,0.00000,0.00000,0.00000,0.00000,0.00000,0.00000,0.00000,0.00000,0.00000
0.7333,1,1,0.00,0.00,33.33,0.03828,0.02716,0.53175,0.53127,0.53127,1.3000,0,0,0.22607,-0.03926,0.06560,0.22564,-0.04002,0.06543,0.29,0.01,0.53127,0.20591,-0.12330,0.21444,1.48022,-0.00000,1.00000,0.20019,-0.12298,0.21277,1.48090,0.00000,1.00000,36,0.23180,-0.07050,0.01494,0.23610,0.06610,0,0.98912,-0.00000,-0.00000,-0.14709,virtual,0,364.45,267.74,364.45,267.74,364.45,267.74,364.45,267.74,364.45,267.74,364.45,267.74,364.45,267.74,364.45,267.74,364.45,267.74,364.45,267.74,364.45,267.74,364.45,267.74,364.45,267.74,364.45,267.74,364.45,267.74,364.45,267.74,364.45,267.74,364.45,267.74,364.45,267.74,364.45,267.74,364.45,267.74,0.00000,0.00000,0.00000,0.00000,0.00000,0.00000,0.00000,0.00000,0.00000,0.00000,0.00000,0.00000,0.00000,0.00000,0.00000,0.00000,0.00000,0.00000,0.00000,0.00000,0.00000,0.00000,0.00000,0.00000,0.00000,0.00000,0.00000,0.00000,0.00000,0.00000,0.00000,0.00000,0.00000,0.00000,0.00000,0.00000,0.00000,0.00000,0.00000,0.00000,0.00000,0.00000,0.00000,0.00000,0.00000,0.00000,0.00000,0.00000,0.00000,0.00000,0.00000,0.00000,0.00000,0.00000,0.00000,0.00000,0.00000,0.00000,0.00000,0.00000,0.00000,0.00000,0.00000,0.00000,0.00000,0.00000,0.00000,0.00000,0.00000,0.00000,0.00000,0.00000,0.00000,0.00000,0.00000,0.00000,0.00000,0.00000,0.00000,0.00000,0.00000,0.00000,0.00000,0.00000
0.7667,1,1,0.00,0.00,33.33,0.04247,0.02650,0.52960,0.52746,0.52746,1.3000,0,0,0.22715,-0.04345,0.06626,0.22733,-0.04424,0.06549,0.28,0.01,0.52746,0.22549,-0.09757,0.18504,1.48646,-0.00000,1.00000,0.22052,-0.10695,0.18994,1.48763,0.00000,1.00000,36,0.23180,-0.07050,0.01494,0.23610,0.06610,0,0.98912,-0.00000,-0.00000,-0.14709,virtual,0,369.03,267.16,369.03,267.16,369.03,267.16,369.03,267.16,369.03,267.16,369.03,267.16,369.03,267.16,369.03,267.16,369.03,267.16,369.03,267.16,369.03,267.16,369.03,267.16,369.03,267.16,369.03,267.16,369.03,267.16,369.03,267.16,369.03,267.16,369.03,267.16,369.03,267.16,369.03,267.16,369.03,267.16,0.00000,0.00000,0.00000,0.00000,0.00000,0.00000,0.00000,0.00000,0.00000,0.00000,0.00000,0.00000,0.00000,0.00000,0.00000,0.00000,0.00000,0.00000,0.00000,0.00000,0.00000,0.00000,0.00000,0.00000,0.00000,0.00000,0.00000,0.00000,0.00000,0.00000,0.00000,0.00000,0.00000,0.00000,0.00000,0.00000,0.00000,0.00000,0.00000,0.00000,0.00000,0.00000,0.00000,0.00000,0.00000,0.00000,0.00000,0.00000,0.00000,0.00000,0.00000,0.00000,0.00000,0.00000,0.00000,0.00000,0.00000,0.00000,0.00000,0.00000,0.00000,0.00000,0.00000,0.00000,0.00000,0.00000,0.00000,0.00000,0.00000,0.00000,0.00000,0.00000,0.00000,0.00000,0.00000,0.00000,0.00000,0.00000,0.00000,0.00000,0.00000,0.00000,0.00000,0.00000
0.8000,1,1,0.00,0.00,33.33,0.04669,0.02582,0.52790,0.52620,0.52620,1.3000,0,0,0.22800,-0.04767,0.06694,0.22829,-0.04871,0.06765,0.27,0.01,0.52620,0.24665,-0.09132,0.16269,1.49504,-0.00000,1.00000,0.24069,-0.09140,0.16741,1.49462,0.00000,1.00000,36,0.23180,-0.07050,0.01494,0.23610,0.06610,0,0.98912,-0.00000,-0.00000,-0.14709,virtual,0,373.62,266.47,373.62,266.47,373.62,266.47,373.62,266.47,373.62,266.47,373.62,266.47,373.62,266.47,373.62,266.47,373.62,266.47,373.62,266.47,373.62,266.47,373.62,266.47,373.62,266.47,373.62,266.47,373.62,266.47,373.62,266.47,373.62,266.47,373.62,266.47,373.62,266.47,373.62,266.47,373.62,266.47,0.00000,0.00000,0.00000,0.00000,0.00000,0.00000,0.00000,0.00000,0.00000,0.00000,0.00000,0.00000,0.00000,0.00000,0.00000,0.00000,0.00000,0.00000,0.00000,0.00000,0.00000,0.00000,0.00000,0.00000,0.00000,0.00000,0.00000,0.00000,0.00000,0.00000,0.00000,0.00000,0.00000,0.00000,0.00000,0.00000,0.00000,0.00000,0.00000,0.00000,0.00000,0.00000,0.00000,0.00000,0.00000,0.00000,0.00000,0.00000,0.00000,0.00000,0.00000,0.00000,0.00000,0.00000,0.00000,0.00000,0.00000,0.00000,0.00000,0.00000,0.00000,0.00000,0.00000,0.00000,0.00000,0.00000,0.00000,0.00000,0.00000,0.00000,0.00000,0.00000,0.00000,0.00000,0.00000,0.00000,0.00000,0.00000,0.00000,0.00000,0.00000,0.00000,0.00000,0.00000
0.8333,1,1,0.00,0.00,33.33,0.05099,0.02527,0.52694,0.52598,0.52598,1.3000,0,0,0.22848,-0.05197,0.06749,0.22818,-0.05254,0.06672,0.27,0.01,0.52598,0.26571,-0.07240,0.14730,1.49948,-0.00001,1.00000,0.26134,-0.07789,0.14800,1.50054,0.00000,1.00000,36,0.23180,-0.07050,0.01494,0.23610,0.06610,0,0.98912,-0.00000,-0.00000,-0.14709,virtual,0,378.28,266.05,378.28,266.05,378.28,266.05,378.28,266.05,378.28,266.05,378.28,266.05,378.28,266.05,378.28,266.05,378.28,266.05,378.28,266.05,378.28,266.05,378.28,266.05,378.28,266.05,378.28,266.05,378.28,266.05,378.28,266.05,378.28,266.05,378.28,266.05,378.28,266.05,378.28,266.05,378.28,266.05,0.00000,0.00000,0.00000,0.00000,0.00000,0.00000,0.00000,0.00000,0.00000,0.00000,0.00000,0.00000,0.00000,0.00000,0.00000,0.00000,0.00000,0.00000,0.00000,0.00000,0.00000,0.00000,0.00000,0.00000,0.00000,0.00000,0.00000,0.00000,0.00000,0.00000,0.00000,0.00000,0.00000,0.00000,0.00000,0.00000,0.00000,0.00000,0.00000,0.00000,0.00000,0.00000,0.00000,0.00000,0.00000,0.00000,0.00000,0.00000,0.00000,0.00000,0.00000,0.00000,0.00000,0.00000,0.00000,0.00000,0.00000,0.00000,0.00000,0.00000,0.00000,0.00000,0.00000,0.00000,0.00000,0.00000,0.00000,0.00000,0.00000,0.00000,0.00000,0.00000,0.00000,0.00000,0.00000,0.00000,0.00000,0.00000,0.00000,0.00000,0.00000,0.00000,0.00000,0.00000
0.8667,1,1,0.00,0.00,33.33,0.05524,0.02461,0.52552,0.52410,0.52410,1.3000,0,0,0.22919,-0.05622,0.06815,0.22937,-0.05723,0.06815,0.27,0.01,0.52410,0.28689,-0.05830,0.12091,1.50682,-0.00000,1.00000,0.28119,-0.06213,0.12500,1.50776,0.00000,1.00000,36,0.23180,-0.07050,0.01494,0.23610,0.06610,0,0.98912,-0.00000,-0.00000,-0.14709,virtual,0,382.92,265.33,382.92,265.33,382.92,265.33,382.92,265.33,382.92,265.33,382.92,265.33,382.92,265.33,382.92,265.33,382.92,265.33,382.92,265.33,382.92,265.33,382.92,265.33,382.92,265.33,382.92,265.33,382.92,265.33,382.92,265.33,382.92,265.33,382.92,265.33,382.92,265.33,382.92,265.33,382.92,265.33,0.00000,0.00000,0.00000,0.00000,0.00000,0.00000,0.00000,0.00000,0.00000,0.00000,0.00000,0.00000,0.00000,0.00000,0.00000,0.00000,0.00000,0.00000,0.00000,0.00000,0.00000,0.00000,0.00000,0.00000,0.00000,0.00000,0.00000,0.00000,0.00000,0.00000,0.00000,0.00000,0.00000,0.00000,0.00000,0.00000,0.00000,0.00000,0.00000,0.00000,0.00000,0.00000,0.00000,0.00000,0.00000,0.00000,0.00000,0.00000,0.00000,0.00000,0.00000,0.00000,0.00000,0.00000,0.00000,0.00000,0.00000,0.00000,0.00000,0.00000,0.00000,0.00000,0.00000,0.00000,0.00000,0.00000,0.00000,0.00000,0.00000,0.00000,0.00000,0.00000,0.00000,0.00000,0.00000,0.00000,0.00000,0.00000,0.00000,0.00000,0.00000,0.00000,0.00000,0.00000
0.9000,1,1,0.00,0.00,33.33,0.05944,0.02396,0.52361,0.52170,0.52170,1.3000,0,0,0.23014,-0.06042,0.06880,0.23052,-0.06155,0.06912,0.27,0.01,0.52170,0.30581,-0.03841,0.09054,1.51676,-0.00000,1.00000,0.30006,-0.04375,0.09875,1.51559,0.00000,1.00000,36,0.23180,-0.07050,0.01494,0.23610,0.06610,0,0.98912,-0.00000,-0.00000,-0.14709,virtual,0,387.61,264.77,387.61,264.77,387.61,264.77,387.61,264.77,387.61,264.77,387.61,264.77,387.61,264.77,387.61,264.77,387.61,264.77,387.61,264.77,387.61,264.77,387.61,264.77,387.61,264.77,387.61,264.77,387.61,264.77,387.61,264.77,387.61,264.77,387.61,264.77,387.61,264.77,387.61,264.77,387.61,264.77,0.00000,0.00000,0.00000,0.00000,0.00000,0.00000,0.00000,0.00000,0.00000,0.00000,0.00000,0.00000,0.00000,0.00000,0.00000,0.00000,0.00000,0.00000,0.00000,0.00000,0.00000,0.00000,0.00000,0.00000,0.00000,0.00000,0.00000,0.00000,0.00000,0.00000,0.00000,0.00000,0.00000,0.00000,0.00000,0.00000,0.00000,0.00000,0.00000,0.00000,0.00000,0.00000,0.00000,0.00000,0.00000,0.00000,0.00000,0.00000,0.00000,0.00000,0.00000,0.00000,0.00000,0.00000,0.00000,0.00000,0.00000,0.00000,0.00000,0.00000,0.00000,0.00000,0.00000,0.00000,0.00000,0.00000,0.00000,0.00000,0.00000,0.00000,0.00000,0.00000,0.00000,0.00000,0.00000,0.00000,0.00000,0.00000,0.00000,0.00000,0.00000,0.00000,0.00000,0.00000
0.9333,1,1,0.00,0.00,33.33,0.06149,0.02362,0.52219,0.52077,0.52077,1.3000,0,0,0.23085,-0.06246,0.06914,0.23072,-0.06223,0.06914,0.15,0.01,0.52077,0.30874,-0.03237,0.08313,1.51994,0.00001,1.00000,0.30916,-0.03159,0.08192,1.52033,0.00000,1.00000,36,0.23180,-0.07050,0.01494,0.23610,0.06610,0,0.98912,0.00000,-0.00000,-0.14709,virtual,0,387.61,264.77,387.61,264.77,387.61,264.77,387.61,264.77,387.61,264.77,387.61,264.77,387.61,264.77,387.61,264.77,387.61,264.77,387.61,264.77,387.61,264.77,387.61,264.77,387.61,264.77,387.61,264.77,387.61,264.77,387.61,264.77,387.61,264.77,387.61,264.77,387.61,264.77,387.61,264.77,387.61,264.77,0.00000,0.00000,0.00000,0.00000,0.00000,0.00000,0.00000,0.00000,0.00000,0.00000,0.00000,0.00000,0.00000,0.00000,0.00000,0.00000,0.00000,0.00000,0.00000,0.00000,0.00000,0.00000,0.00000,0.00000,0.00000,0.00000,0.00000,0.00000,0.00000,0.00000,0.00000,0.00000,0.00000,0.00000,0.00000,0.00000,0.00000,0.00000,0.00000,0.00000,0.00000,0.00000,0.00000,0.00000,0.00000,0.00000,0.00000,0.00000,0.00000,0.00000,0.00000,0.00000,0.00000,0.00000,0.00000,0.00000,0.00000,0.00000,0.00000,0.00000,0.00000,0.00000,0.00000,0.00000,0.00000,0.00000,0.00000,0.00000,0.00000,0.00000,0.00000,0.00000,0.00000,0.00000,0.00000,0.00000,0.00000,0.00000,0.00000,0.00000,0.00000,0.00000,0.00000,0.00000
0.9667,1,1,0.00,0.00,33.33,0.06298,0.02567,0.52272,0.52325,0.52325,1.3000,0,0,0.23059,-0.06396,0.06709,0.23021,-0.06384,0.06689,0.24,0.01,0.52325,0.31711,-0.02816,0.09461,1.50684,0.00000,1.00000,0.31666,-0.02935,0.09345,1.50679,0.00000,1.00000,36,0.23180,-0.07050,0.01494,0.23610,0.06610,0,0.98912,0.00000,-0.00000,-0.14709,virtual,0,388.30,269.36,388.30,269.36,388.30,269.36,388.30,269.36,388.30,269.36,388.30,269.36,388.30,269.36,388.30,269.36,388.30,269.36,388.30,269.36,388.30,269.36,388.30,269.36,388.30,269.36,388.30,269.36,388.30,269.36,388.30,269.36,388.30,269.36,388.30,269.36,388.30,269.36,388.30,269.36,388.30,269.36,0.00000,0.00000,0.00000,0.00000,0.00000,0.00000,0.00000,0.00000,0.00000,0.00000,0.00000,0.00000,0.00000,0.00000,0.00000,0.00000,0.00000,0.00000,0.00000,0.00000,0.00000,0.00000,0.00000,0.00000,0.00000,0.00000,0.00000,0.00000,0.00000,0.00000,0.00000,0.00000,0.00000,0.00000,0.00000,0.00000,0.00000,0.00000,0.00000,0.00000,0.00000,0.00000,0.00000,0.00000,0.00000,0.00000,0.00000,0.00000,0.00000,0.00000,0.00000,0.00000,0.00000,0.00000,0.00000,0.00000,0.00000,0.00000,0.00000,0.00000,0.00000,0.00000,0.00000,0.00000,0.00000,0.00000,0.00000,0.00000,0.00000,0.00000,0.00000,0.00000,0.00000,0.00000,0.00000,0.00000,0.00000,0.00000,0.00000,0.00000,0.00000,0.00000,0.00000,0.00000
1.0000,1,1,0.00,0.00,33.33,0.06393,0.02883,0.52233,0.52195,0.52195,1.3000,0,0,0.23078,-0.06491,0.06393,0.23017,-0.06490,0.06319,0.37,0.01,0.52195,0.32216,-0.02378,0.11684,1.48056,0.00001,1.00000,0.32099,-0.02491,0.11079,1.48505,0.00000,1.00000,36,0.23180,-0.07050,0.01494,0.23610,0.06610,0,0.98912,0.00000,0.00000,-0.14709,virtual,0,388.89,273.97,388.89,273.97,388.89,273.97,388.89,273.97,388.89,273.97,388.89,273.97,388.89,273.97,388.89,273.97,388.89,273.97,388.89,273.97,388.89,273.97,388.89,273.97,388.89,273.97,388.89,273.97,388.89,273.97,388.89,273.97,388.89,273.97,388.89,273.97,388.89,273.97,388.89,273.97,388.89,273.97,0.00000,0.00000,0.00000,0.00000,0.00000,0.00000,0.00000,0.00000,0.00000,0.00000,0.00000,0.00000,0.00000,0.00000,0.00000,0.00000,0.00000,0.00000,0.00000,0.00000,0.00000,0.00000,0.00000,0.00000,0.00000,0.00000,0.00000,0.00000,0.00000,0.00000,0.00000,0.00000,0.00000,0.00000,0.00000,0.00000,0.00000,0.00000,0.00000,0.00000,0.00000,0.00000,0.00000,0.00000,0.00000,0.00000,0.00000,0.00000,0.00000,0.00000,0.00000,0.00000,0.00000,0.00000,0.00000,0.00000,0.00000,0.00000,0.00000,0.00000,0.00000,0.00000,0.00000,0.00000,0.00000,0.00000,0.00000,0.00000,0.00000,0.00000,0.00000,0.00000,0.00000,0.00000,0.00000,0.00000,0.00000,0.00000,0.00000,0.00000,0.00000,0.00000,0.00000,0.00000
1.0333,1,1,0.00,0.00,33.33,0.06462,0.03256,0.52185,0.52137,0.52137,1.3000,0,0,0.23102,-0.06560,0.06020,0.23115,-0.06562,0.05976,0.45,0.01,0.52137,0.32401,-0.01906,0.13712,1.45021,0.00000,1.00000,0.32392,-0.01947,0.13159,1.45884,0.00000,1.00000,36,0.23180,-0.07050,0.01494,0.23610,0.06610,0,0.98912,0.00000,0.00000,-0.14709,virtual,0,389.43,278.59,389.43,278.59,389.43,278.59,389.43,278.59,389.43,278.59,389.43,278.59,389.43,278.59,389.43,278.59,389.43,278.59,389.43,278.59,389.43,278.59,389.43,278.59,389.43,278.59,389.43,278.59,389.43,278.59,389.43,278.59,389.43,278.59,389.43,278.59,389.43,278.59,389.43,278.59,389.43,278.59,0.00000,0.00000,0.00000,0.00000,0.00000,0.00000,0.00000,0.00000,0.00000,0.00000,0.00000,0.00000,0.00000,0.00000,0.00000,0.00000,0.00000,0.00000,0.00000,0.00000,0.00000,0.00000,0.00000,0.00000,0.00000,0.00000,0.00000,0.00000,0.00000,0.00000,0.00000,0.00000,0.00000,0.00000,0.00000,0.00000,0.00000,0.00000,0.00000,0.00000,0.00000,0.00000,0.00000,0.00000,0.00000,0.00000,0.00000,0.00000,0.00000,0.00000,0.00000,0.00000,0.00000,0.00000,0.00000,0.00000,0.00000,0.00000,0.00000,0.00000,0.00000,0.00000,0.00000,0.00000,0.00000,0.00000,0.00000,0.00000,0.00000,0.00000,0.00000,0.00000,0.00000,0.00000,0.00000,0.00000,0.00000,0.00000,0.00000,0.00000,0.00000,0.00000,0.00000,0.00000
1.0667,1,1,0.00,0.00,33.33,0.06518,0.03660,0.52155,0.52125,0.52125,1.3000,0,0,0.23117,-0.06616,0.05616,0.23050,-0.06588,0.05522,0.49,0.01,0.52125,0.32626,-0.01317,0.16344,1.42293,0.00000,1.00000,0.32636,-0.01380,0.15456,1.43021,0.00000,1.00000,36,0.23180,-0.07050,0.01494,0.23610,0.06610,0,0.98912,0.00000,0.00000,-0.14709,virtual,0,389.91,283.21,389.91,283.21,389.91,283.21,389.91,283.21,389.91,283.21,389.91,283.21,389.91,283.21,389.91,283.21,389.91,283.21,389.91,283.21,389.91,283.21,389.91,283.21,389.91,283.21,389.91,283.21,389.91,283.21,389.91,283.21,389.91,283.21,389.91,283.21,389.91,283.21,389.91,283.21,389.91,283.21,0.00000,0.00000,0.00000,0.00000,0.00000,0.00000,0.00000,0.00000,0.00000,0.00000,0.00000,0.00000,0.00000,0.00000,0.00000,0.00000,0.00000,0.00000,0.00000,0.00000,0.00000,0.00000,0.00000,0.00000,0.00000,0.00000,0.00000,0.00000,0.00000,0.00000,0.00000,0.00000,0.00000,0.00000,0.00000,0.00000,0.00000,0.00000,0.00000,0.00000,0.00000,0.00000,0.00000,0.00000,0.00000,0.00000,0.00000,0.00000,0.00000,0.00000,0.00000,0.00000,0.00000,0.00000,0.00000,0.00000,0.00000,0.00000,0.00000,0.00000,0.00000,0.00000,0.00000,0.00000,0.00000,0.00000,0.00000,0.00000,0.00000,0.00000,0.00000,0.00000,0.00000,0.00000,0.00000,0.00000,0.00000,0.00000,0.00000,0.00000,0.00000,0.00000,0.00000,0.00000
1.1000,1,1,0.00,0.00,33.33,0.06570,0.04079,0.52127,0.52099,0.52099,1.3000,0,0,0.23131,-0.06668,0.05198,0.23093,-0.06651,0.05131,0.52,0.01,0.52099,0.32849,-0.00648,0.18481,1.39277,0.00000,1.00000,0.32855,-0.00715,0.17760,1.40053,0.00000,1.00000,36,0.23180,-0.07050,0.01494,0.23610,0.06610,0,0.98912,0.00000,0.00000,-0.14709,virtual,0,390.44,287.84,390.44,287.84,390.44,287.84,390.44,287.84,390.44,287.84,390.44,287.84,390.44,287.84,390.44,287.84,390.44,287.84,390.44,287.84,390.44,287.84,390.44,287.84,390.44,287.84,390.44,287.84,390.44,287.84,390.44,287.84,390.44,287.84,390.44,287.84,390.44,287.84,390.44,287.84,390.44,287.84,0.00000,0.00000,0.00000,0.00000,0.00000,0.00000,0.00000,0.00000,0.00000,0.00000,0.00000,0.00000,0.00000,0.00000,0.00000,0.00000,0.00000,0.00000,0.00000,0.00000,0.00000,0.00000,0.00000,0.00000,0.00000,0.00000,0.00000,0.00000,0.00000,0.00000,0.00000,0.00000,0.00000,0.00000,0.00000,0.00000,0.00000,0.00000,0.00000,0.00000,0.00000,0.00000,0.00000,0.00000,0.00000,0.00000,0.00000,0.00000,0.00000,0.00000,0.00000,0.00000,0.00000,0.00000,0.00000,0.00000,0.00000,0.00000,0.00000,0.00000,0.00000,0.00000,0.00000,0.00000,0.00000,0.00000,0.00000,0.00000,0.00000,0.00000,0.00000,0.00000,0.00000,0.00000,0.00000,0.00000,0.00000,0.00000,0.00000,0.00000,0.00000,0.00000,0.00000,0.00000
1.1333,1,1,0.00,0.00,33.33,0.06612,0.04500,0.52059,0.51990,0.51990,1.3000,0,0,0.23166,-0.06710,0.04776,0.23081,-0.06688,0.04647,0.55,0.01,0.51990,0.33039,0.00626,0.20525,1.36414,0.00000,1.00000,0.32999,0.00190,0.19806,1.37100,0.00000,1.00000,36,0.23180,-0.07050,0.01494,0.23610,0.06610,0,0.98912,0.00000,0.00000,-0.14709,virtual,0,390.94,292.47,390.94,292.47,390.94,292.47,390.94,292.47,390.94,292.47,390.94,292.47,390.94,292.47,390.94,292.47,390.94,292.47,390.94,292.47,390.94,292.47,390.94,292.47,390.94,292.47,390.94,292.47,390.94,292.47,390.94,292.47,390.94,292.47,390.94,292.47,390.94,292.47,390.94,292.47,390.94,292.47,0.00000,0.00000,0.00000,0.00000,0.00000,0.00000,0.00000,0.00000,0.00000,0.00000,0.00000,0.00000,0.00000,0.00000,0.00000,0.00000,0.00000,0.00000,0.00000,0.00000,0.00000,0.00000,0.00000,0.00000,0.00000,0.00000,0.00000,0.00000,0.00000,0.00000,0.00000,0.00000,0.00000,0.00000,0.00000,0.00000,0.00000,0.00000,0.00000,0.00000,0.00000,0.00000,0.00000,0.00000,0.00000,0.00000,0.00000,0.00000,0.00000,0.00000,0.00000,0.00000,0.00000,0.00000,0.00000,0.00000,0.00000,0.00000,0.00000,0.00000,0.00000,0.00000,0.00000,0.00000,0.00000,0.00000,0.00000,0.00000,0.00000,0.00000,0.00000,0.00000,0.00000,0.00000,0.00000,0.00000,0.00000,0.00000,0.00000,0.00000,0.00000,0.00000,0.00000,0.00000
1.1667,1,1,0.00,0.00,33.33,0.06667,0.04937,0.52102,0.52145,0.52145,1.3000,0,0,0.23144,-0.06765,0.04340,0.23065,-0.06731,0.04238,0.55,0.01,0.52145,0.33266,0.00935,0.23260,1.33113,0.00001,1.00000,0.33282,0.00848,0.22286,1.33966,0.00000,1.00000,36,0.23180,-0.07050,0.01494,0.23610,0.06610,0,0.98912,0.00000,0.00000,-0.14709,virtual,0,391.46,297.11,391.46,297.11,391.46,297.11,391.46,297.11,391.46,297.11,391.46,297.11,391.46,297.11,391.46,297.11,391.46,297.11,391.46,297.11,391.46,297.11,391.46,297.11,391.46,297.11,391.46,297.11,391.46,297.11,391.46,297.11,391.46,297.11,391.46,297.11,391.46,297.11,391.46,297.11,391.46,297.11,0.00000,0.00000,0.00000,0.00000,0.00000,0.00000,0.00000,0.00000,0.00000,0.00000,0.00000,0.00000,0.00000,0.00000,0.00000,0.00000,0.00000,0.00000,0.00000,0.00000,0.00000,0.00000,0.00000,0.00000,0.00000,0.00000,0.00000,0.00000,0.00000,0.00000,0.00000,0.00000,0.00000,0.00000,0.00000,0.00000,0.00000,0.00000,0.00000,0.00000,0.00000,0.00000,0.00000,0.00000,0.00000,0.00000,0.00000,0.00000,0.00000,0.00000,0.00000,0.00000,0.00000,0.00000,0.00000,0.00000,0.00000,0.00000,0.00000,0.00000,0.00000,0.00000,0.00000,0.00000,0.00000,0.00000,0.00000,0.00000,0.00000,0.00000,0.00000,0.00000,0.00000,0.00000,0.00000,0.00000,0.00000,0.00000,0.00000,0.00000,0.00000,0.00000,0.00000,0.00000
1.2000,1,1,0.00,0.00,33.33,0.06703,0.05359,0.51995,0.51887,0.51887,1.3000,0,0,0.23198,-0.06801,0.03917,0.23205,-0.06805,0.03844,0.60,0.01,0.51887,0.33385,0.02773,0.24000,1.30373,0.00000,1.00000,0.33373,0.02083,0.23949,1.31061,0.00000,1.00000,36,0.23180,-0.07050,0.01494,0.23610,0.06610,0,0.98912,0.00000,0.00000,-0.14709,virtual,0,391.99,301.76,391.99,301.76,391.99,301.76,391.99,301.76,391.99,301.76,391.99,301.76,391.99,301.76,391.99,301.76,391.99,301.76,391.99,301.76,391.99,301.76,391.99,301.76,391.99,301.76,391.99,301.76,391.99,301.76,391.99,301.76,391.99,301.76,391.99,301.76,391.99,301.76,391.99,301.76,391.99,301.76,0.00000,0.00000,0.00000,0.00000,0.00000,0.00000,0.00000,0.00000,0.00000,0.00000,0.00000,0.00000,0.00000,0.00000,0.00000,0.00000,0.00000,0.00000,0.00000,0.00000,0.00000,0.00000,0.00000,0.00000,0.00000,0.00000,0.00000,0.00000,0.00000,0.00000,0.00000,0.00000,0.00000,0.00000,0.00000,0.00000,0.00000,0.00000,0.00000,0.00000,0.00000,0.00000,0.00000,0.00000,0.00000,0.00000,0.00000,0.00000,0.00000,0.00000,0.00000,0.00000,0.00000,0.00000,0.00000,0.00000,0.00000,0.00000,0.00000,0.00000,0.00000,0.00000,0.00000,0.00000,0.00000,0.00000,0.00000,0.00000,0.00000,0.00000,0.00000,0.00000,0.00000,0.00000,0.00000,0.00000,0.00000,0.00000,0.00000,0.00000,0.00000,0.00000,0.00000,0.00000
1.2333,1,1,0.00,0.00,33.33,0.06744,0.05789,0.51965,0.51936,0.51936,1.3000,0,0,0.23212,-0.06842,0.03487,0.23160,-0.06827,0.03426,0.60,0.01,0.51936,0.33562,0.03303,0.26539,1.27270,-0.00000,1.00000,0.33533,0.03189,0.25854,1.28051,0.00000,1.00000,36,0.23180,-0.07050,0.01494,0.23610,0.06610,0,0.98912,0.00000,0.00000,-0.14709,virtual,0,392.40,306.37,392.40,306.37,392.40,306.37,392.40,306.37,392.40,306.37,392.40,306.37,392.40,306.37,392.40,306.37,392.40,306.37,392.40,306.37,392.40,306.37,392.40,306.37,392.40,306.37,392.40,306.37,392.40,306.37,392.40,306.37,392.40,306.37,392.40,306.37,392.40,306.37,392.40,306.37,392.40,306.37,0.00000,0.00000,0.00000,0.00000,0.00000,0.00000,0.00000,0.00000,0.00000,0.00000,0.00000,0.00000,0.00000,0.00000,0.00000,0.00000,0.00000,0.00000,0.00000,0.00000,0.00000,0.00000,0.00000,0.00000,0.00000,0.00000,0.00000,0.00000,0.00000,0.00000,0.00000,0.00000,0.00000,0.00000,0.00000,0.00000,0.00000,0.00000,0.00000,0.00000,0.00000,0.00000,0.00000,0.00000,0.00000,0.00000,0.00000,0.00000,0.00000,0.00000,0.00000,0.00000,0.00000,0.00000,0.00000,0.00000,0.00000,0.00000,0.00000,0.00000,0.00000,0.00000,0.00000,0.00000,0.00000,0.00000,0.00000,0.00000,0.00000,0.00000,0.00000,0.00000,0.00000,0.00000,0.00000,0.00000,0.00000,0.00000,0.00000,0.00000,0.00000,0.00000,0.00000,0.00000
1.2667,1,1,0.00,0.00,33.33,0.06779,0.06215,0.51899,0.51833,0.51833,1.3000,0,0,0.23245,-0.06877,0.03061,0.23214,-0.06867,0.02957,0.62,0.01,0.51833,0.33656,0.05339,0.27570,1.24512,0.00000,1.00000,0.33646,0.04499,0.27474,1.25120,0.00000,1.00000,36,0.23180,-0.07050,0.01494,0.23610,0.06610,0,0.98912,0.00000,-0.00000,-0.14709,virtual,0,392.88,311.01,392.88,311.01,392.88,311.01,392.88,311.01,392.88,311.01,392.88,311.01,392.88,311.01,392.88,311.01,392.88,311.01,392.88,311.01,392.88,311.01,392.88,311.01,392.88,311.01,392.88,311.01,392.88,311.01,392.88,311.01,392.88,311.01,392.88,311.01,392.88,311.01,392.88,311.01,392.88,311.01,0.00000,0.00000,0.00000,0.00000,0.00000,0.00000,0.00000,0.00000,0.00000,0.00000,0.00000,0.00000,0.00000,0.00000,0.00000,0.00000,0.00000,0.00000,0.00000,0.00000,0.00000,0.00000,0.00000,0.00000,0.00000,0.00000,0.00000,0.00000,0.00000,0.00000,0.00000,0.00000,0.00000,0.00000,0.00000,0.00000,0.00000,0.00000,0.00000,0.00000,0.00000,0.00000,0.00000,0.00000,0.00000,0.00000,0.00000,0.00000,0.00000,0.00000,0.00000,0.00000,0.00000,0.00000,0.00000,0.00000,0.00000,0.00000,0.00000,0.00000,0.00000,0.00000,0.00000,0.00000,0.00000,0.00000,0.00000,0.00000,0.00000,0.00000,0.00000,0.00000,0.00000,0.00000,0.00000,0.00000,0.00000,0.00000,0.00000,0.00000,0.00000,0.00000,0.00000,0.00000
1.3000,1,1,0.00,0.00,33.33,0.06832,0.06656,0.51969,0.52040,0.52040,1.3000,0,0,0.23210,-0.06930,0.02620,0.23146,-0.06899,0.02565,0.62,0.01,0.52040,0.33912,0.05556,0.30366,1.21218,0.00000,1.00000,0.33936,0.05504,0.29624,1.21969,0.00000,1.00000,36,0.23180,-0.07050,0.01494,0.23610,0.06610,0,0.98912,-0.00000,-0.00000,-0.14709,virtual,0,393.33,315.60,393.33,315.60,393.33,315.60,393.33,315.60,393.33,315.60,393.33,315.60,393.33,315.60,393.33,315.60,393.33,315.60,393.33,315.60,393.33,315.60,393.33,315.60,393.33,315.60,393.33,315.60,393.33,315.60,393.33,315.60,393.33,315.60,393.33,315.60,393.33,315.60,393.33,315.60,393.33,315.60,0.00000,0.00000,0.00000,0.00000,0.00000,0.00000,0.00000,0.00000,0.00000,0.00000,0.00000,0.00000,0.00000,0.00000,0.00000,0.00000,0.00000,0.00000,0.00000,0.00000,0.00000,0.00000,0.00000,0.00000,0.00000,0.00000,0.00000,0.00000,0.00000,0.00000,0.00000,0.00000,0.00000,0.00000,0.00000,0.00000,0.00000,0.00000,0.00000,0.00000,0.00000,0.00000,0.00000,0.00000,0.00000,0.00000,0.00000,0.00000,0.00000,0.00000,0.00000,0.00000,0.00000,0.00000,0.00000,0.00000,0.00000,0.00000,0.00000,0.00000,0.00000,0.00000,0.00000,0.00000,0.00000,0.00000,0.00000,0.00000,0.00000,0.00000,0.00000,0.00000,0.00000,0.00000,0.00000,0.00000,0.00000,0.00000,0.00000,0.00000,0.00000,0.00000,0.00000,0.00000
1.3333,1,1,0.00,0.00,33.33,0.06890,0.07102,0.52048,0.52127,0.52127,1.3000,0,0,0.23171,-0.06988,0.02175,0.23046,-0.06951,0.02008,0.64,0.01,0.52127,0.34317,0.07212,0.32580,1.17882,0.00001,1.00000,0.34263,0.06588,0.31715,1.18794,0.00000,1.00000,36,0.23180,-0.07050,0.01494,0.23610,0.06610,0,0.98912,-0.00000,-0.00000,-0.14709,virtual,0,393.87,320.24,393.87,320.24,393.87,320.24,393.87,320.24,393.87,320.24,393.87,320.24,393.87,320.24,393.87,320.24,393.87,320.24,393.87,320.24,393.87,320.24,393.87,320.24,393.87,320.24,393.87,320.24,393.87,320.24,393.87,320.24,393.87,320.24,393.87,320.24,393.87,320.24,393.87,320.24,393.87,320.24,0.00000,0.00000,0.00000,0.00000,0.00000,0.00000,0.00000,0.00000,0.00000,0.00000,0.00000,0.00000,0.00000,0.00000,0.00000,0.00000,0.00000,0.00000,0.00000,0.00000,0.00000,0.00000,0.00000,0.00000,0.00000,0.00000,0.00000,0.00000,0.00000,0.00000,0.00000,0.00000,0.00000,0.00000,0.00000,0.00000,0.00000,0.00000,0.00000,0.00000,0.00000,0.00000,0.00000,0.00000,0.00000,0.00000,0.00000,0.00000,0.00000,0.00000,0.00000,0.00000,0.00000,0.00000,0.00000,0.00000,0.00000,0.00000,0.00000,0.00000,0.00000,0.00000,0.00000,0.00000,0.00000,0.00000,0.00000,0.00000,0.00000,0.00000,0.00000,0.00000,0.00000,0.00000,0.00000,0.00000,0.00000,0.00000,0.00000,0.00000,0.00000,0.00000,0.00000,0.00000
1.3667,1,1,0.00,0.00,33.33,0.06944,0.07537,0.52010,0.51971,0.51971,1.3000,0,0,0.23190,-0.07042,0.01739,0.23210,-0.07049,0.01746,0.68,0.01,0.51971,0.34498,0.08463,0.33125,1.15223,0.00000,1.00000,0.34486,0.08162,0.33109,1.15820,0.00000,1.00000,36,0.23180,-0.07050,0.01494,0.23610,0.06610,0,0.98912,-0.00000,-0.00000,-0.14709,virtual,0,394.64,325.02,394.64,325.02,394.64,325.02,394.64,325.02,394.64,325.02,394.64,325.02,394.64,325.02,394.64,325.02,394.64,325.02,394.64,325.02,394.64,325.02,394.64,325.02,394.64,325.02,394.64,325.02,394.64,325.02,394.64,325.02,394.64,325.02,394.64,325.02,394.64,325.02,394.64,325.02,394.64,325.02,0.00000,0.00000,0.00000,0.00000,0.00000,0.00000,0.00000,0.00000,0.00000,0.00000,0.00000,0.00000,0.00000,0.00000,0.00000,0.00000,0.00000,0.00000,0.00000,0.00000,0.00000,0.00000,0.00000,0.00000,0.00000,0.00000,0.00000,0.00000,0.00000,0.00000,0.00000,0.00000,0.00000,0.00000,0.00000,0.00000,0.00000,0.00000,0.00000,0.00000,0.00000,0.00000,0.00000,0.00000,0.00000,0.00000,0.00000,0.00000,0.00000,0.00000,0.00000,0.00000,0.00000,0.00000,0.00000,0.00000,0.00000,0.00000,0.00000,0.00000,0.00000,0.00000,0.00000,0.00000,0.00000,0.00000,0.00000,0.00000,0.00000,0.00000,0.00000,0.00000,0.00000,0.00000,0.00000,0.00000,0.00000,0.00000,0.00000,0.00000,0.00000,0.00000,0.00000,0.00000
1.4000,1,1,0.00,0.00,33.33,0.06976,0.07978,0.52046,0.52083,0.52083,1.3000,0,0,0.23172,-0.07074,0.01298,0.23033,-0.07021,0.01145,0.68,0.01,0.52083,0.34662,0.10153,0.35663,1.11873,-0.00000,1.00000,0.34663,0.09569,0.34802,1.12723,0.00000,1.00000,36,0.23180,-0.07050,0.01494,0.23610,0.06610,0,0.98912,0.00000,0.00000,-0.14709,virtual,0,394.57,329.59,394.57,329.59,394.57,329.59,394.57,329.59,394.57,329.59,394.57,329.59,394.57,329.59,394.57,329.59,394.57,329.59,394.57,329.59,394.57,329.59,394.57,329.59,394.57,329.59,394.57,329.59,394.57,329.59,394.57,329.59,394.57,329.59,394.57,329.59,394.57,329.59,394.57,329.59,394.57,329.59,0.00000,0.00000,0.00000,0.00000,0.00000,0.00000,0.00000,0.00000,0.00000,0.00000,0.00000,0.00000,0.00000,0.00000,0.00000,0.00000,0.00000,0.00000,0.00000,0.00000,0.00000,0.00000,0.00000,0.00000,0.00000,0.00000,0.00000,0.00000,0.00000,0.00000,0.00000,0.00000,0.00000,0.00000,0.00000,0.00000,0.00000,0.00000,0.00000,0.00000,0.00000,0.00000,0.00000,0.00000,0.00000,0.00000,0.00000,0.00000,0.00000,0.00000,0.00000,0.00000,0.00000,0.00000,0.00000,0.00000,0.00000,0.00000,0.00000,0.00000,0.00000,0.00000,0.00000,0.00000,0.00000,0.00000,0.00000,0.00000,0.00000,0.00000,0.00000,0.00000,0.00000,0.00000,0.00000,0.00000,0.00000,0.00000,0.00000,0.00000,0.00000,0.00000,0.00000,0.00000
1.4333,1,1,0.00,0.00,33.33,0.06981,0.08186,0.51986,0.51925,0.51925,1.3000,0,0,0.23202,-0.07079,0.01091,0.23171,-0.07070,0.01120,0.40,0.00,0.51925,0.34656,0.10773,0.35096,1.11305,0.00000,0.99999,0.34648,0.10725,0.35143,1.11216,0.00000,1.00000,36,0.23180,-0.07050,0.01494,0.23610,0.06610,0,0.98912,0.00000,0.00000,-0.14709,virtual,0,394.57,329.59,394.57,329.59,394.57,329.59,394.57,329.59,394.57,329.59,394.57,329.59,394.57,329.59,394.57,329.59,394.57,329.59,394.57,329.59,394.57,329.59,394.57,329.59,394.57,329.59,394.57,329.59,394.57,329.59,394.57,329.59,394.57,329.59,394.57,329.59,394.57,329.59,394.57,329.59,394.57,329.59,0.00000,0.00000,0.00000,0.00000,0.00000,0.00000,0.00000,0.00000,0.00000,0.00000,0.00000,0.00000,0.00000,0.00000,0.00000,0.00000,0.00000,0.00000,0.00000,0.00000,0.00000,0.00000,0.00000,0.00000,0.00000,0.00000,0.00000,0.00000,0.00000,0.00000,0.00000,0.00000,0.00000,0.00000,0.00000,0.00000,0.00000,0.00000,0.00000,0.00000,0.00000,0.00000,0.00000,0.00000,0.00000,0.00000,0.00000,0.00000,0.00000,0.00000,0.00000,0.00000,0.00000,0.00000,0.00000,0.00000,0.00000,0.00000,0.00000,0.00000,0.00000,0.00000,0.00000,0.00000,0.00000,0.00000,0.00000,0.00000,0.00000,0.00000,0.00000,0.00000,0.00000,0.00000,0.00000,0.00000,0.00000,0.00000,0.00000,0.00000,0.00000,0.00000,0.00000,0.00000
1.4667,1,1,0.00,0.00,33.33,0.06981,0.08286,0.51934,0.51882,0.51882,1.3000,0,0,0.23228,-0.07079,0.01000,0.23191,-0.07064,0.00995,0.20,0.00,0.51882,0.34600,0.11472,0.35179,1.10624,0.00000,1.00000,0.34606,0.11382,0.35139,1.10558,0.00000,1.00000,36,0.23180,-0.07050,0.01494,0.23610,0.06610,0,0.98912,0.00000,0.00000,-0.14709,virtual,0,394.57,329.59,394.57,329.59,394.57,329.59,394.57,329.59,394.57,329.59,394.57,329.59,394.57,329.59,394.57,329.59,394.57,329.59,394.57,329.59,394.57,329.59,394.57,329.59,394.57,329.59,394.57,329.59,394.57,329.59,394.57,329.59,394.57,329.59,394.57,329.59,394.57,329.59,394.57,329.59,394.57,329.59,0.00000,0.00000,0.00000,0.00000,0.00000,0.00000,0.00000,0.00000,0.00000,0.00000,0.00000,0.00000,0.00000,0.00000,0.00000,0.00000,0.00000,0.00000,0.00000,0.00000,0.00000,0.00000,0.00000,0.00000,0.00000,0.00000,0.00000,0.00000,0.00000,0.00000,0.00000,0.00000,0.00000,0.00000,0.00000,0.00000,0.00000,0.00000,0.00000,0.00000,0.00000,0.00000,0.00000,0.00000,0.00000,0.00000,0.00000,0.00000,0.00000,0.00000,0.00000,0.00000,0.00000,0.00000,0.00000,0.00000,0.00000,0.00000,0.00000,0.00000,0.00000,0.00000,0.00000,0.00000,0.00000,0.00000,0.00000,0.00000,0.00000,0.00000,0.00000,0.00000,0.00000,0.00000,0.00000,0.00000,0.00000,0.00000,0.00000,0.00000,0.00000,0.00000,0.00000,0.00000
1.5000,1,1,0.00,0.00,33.33,0.06975,0.08329,0.51865,0.51797,0.51797,1.1583,0,0,0.23262,-0.07073,0.01000,0.23202,-0.07071,0.00994,0.48,0.00,0.51797,0.34611,0.11483,0.35174,1.10546,0.00000,1.00000,0.34606,0.11382,0.35139,1.10558,0.00000,1.00000,36,0.23180,-0.07050,0.01494,0.23610,0.06610,0,0.98912,0.00000,0.00000,-0.14709,virtual,0,394.57,329.59,394.57,329.59,394.57,329.59,394.57,329.59,394.57,329.59,394.57,329.59,394.57,329.59,394.57,329.59,394.57,329.59,394.57,329.59,394.57,329.59,394.57,329.59,394.57,329.59,394.57,329.59,394.57,329.59,394.57,329.59,394.57,329.59,394.57,329.59,394.57,329.59,394.57,329.59,394.57,329.59,0.00000,0.00000,0.00000,0.00000,0.00000,0.00000,0.00000,0.00000,0.00000,0.00000,0.00000,0.00000,0.00000,0.00000,0.00000,0.00000,0.00000,0.00000,0.00000,0.00000,0.00000,0.00000,0.00000,0.00000,0.00000,0.00000,0.00000,0.00000,0.00000,0.00000,0.00000,0.00000,0.00000,0.00000,0.00000,0.00000,0.00000,0.00000,0.00000,0.00000,0.00000,0.00000,0.00000,0.00000,0.00000,0.00000,0.00000,0.00000,0.00000,0.00000,0.00000,0.00000,0.00000,0.00000,0.00000,0.00000,0.00000,0.00000,0.00000,0.00000,0.00000,0.00000,0.00000,0.00000,0.00000,0.00000,0.00000,0.00000,0.00000,0.00000,0.00000,0.00000,0.00000,0.00000,0.00000,0.00000,0.00000,0.00000,0.00000,0.00000,0.00000,0.00000,0.00000,0.00000
1.5333,1,1,0.00,0.00,33.33,0.06976,0.08355,0.51860,0.51854,0.51854,1.0167,0,0,0.23265,-0.07074,0.01000,0.23207,-0.07072,0.01006,0.51,0.00,0.51854,0.34607,0.11417,0.35173,1.10556,-0.00000,1.00000,0.34606,0.11382,0.35139,1.10558,0.00000,1.00000,36,0.23180,-0.07050,0.01494,0.23610,0.06610,0,0.98912,0.00000,0.00000,-0.14709,virtual,0,394.57,329.59,394.57,329.59,394.57,329.59,394.57,329.59,394.57,329.59,394.57,329.59,394.57,329.59,394.57,329.59,394.57,329.59,394.57,329.59,394.57,329.59,394.57,329.59,394.57,329.59,394.57,329.59,394.57,329.59,394.57,329.59,394.57,329.59,394.57,329.59,394.57,329.59,394.57,329.59,394.57,329.59,0.00000,0.00000,0.00000,0.00000,0.00000,0.00000,0.00000,0.00000,0.00000,0.00000,0.00000,0.00000,0.00000,0.00000,0.00000,0.00000,0.00000,0.00000,0.00000,0.00000,0.00000,0.00000,0.00000,0.00000,0.00000,0.00000,0.00000,0.00000,0.00000,0.00000,0.00000,0.00000,0.00000,0.00000,0.00000,0.00000,0.00000,0.00000,0.00000,0.00000,0.00000,0.00000,0.00000,0.00000,0.00000,0.00000,0.00000,0.00000,0.00000,0.00000,0.00000,0.00000,0.00000,0.00000,0.00000,0.00000,0.00000,0.00000,0.00000,0.00000,0.00000,0.00000,0.00000,0.00000,0.00000,0.00000,0.00000,0.00000,0.00000,0.00000,0.00000,0.00000,0.00000,0.00000,0.00000,0.00000,0.00000,0.00000,0.00000,0.00000,0.00000,0.00000,0.00000,0.00000
1.5667,1,1,0.00,0.00,33.33,0.06980,0.08374,0.51887,0.51914,0.51914,0.8750,0,0,0.23265,-0.07074,0.01000,0.23206,-0.07071,0.01003,0.51,0.00,0.51914,0.34606,0.11434,0.35170,1.10556,-0.00000,1.00000,0.34606,0.11382,0.35139,1.10558,0.00000,1.00000,36,0.23180,-0.07050,0.01494,0.23610,0.06610,0,0.98912,0.00000,0.00000,-0.14709,virtual,1,394.57,329.59,394.57,329.59,394.57,329.59,394.57,329.59,394.57,329.59,394.57,329.59,394.57,329.59,394.57,329.59,394.57,329.59,394.57,329.59,394.57,329.59,394.57,329.59,394.57,329.59,394.57,329.59,394.57,329.59,394.57,329.59,394.57,329.59,394.57,329.59,394.57,329.59,394.57,329.59,394.57,329.59,0.00000,0.00000,0.00000,0.00000,0.00000,0.00000,0.00000,0.00000,0.00000,0.00000,0.00000,0.00000,0.00000,0.00000,0.00000,0.00000,0.00000,0.00000,0.00000,0.00000,0.00000,0.00000,0.00000,0.00000,0.00000,0.00000,0.00000,0.00000,0.00000,0.00000,0.00000,0.00000,0.00000,0.00000,0.00000,0.00000,0.00000,0.00000,0.00000,0.00000,0.00000,0.00000,0.00000,0.00000,0.00000,0.00000,0.00000,0.00000,0.00000,0.00000,0.00000,0.00000,0.00000,0.00000,0.00000,0.00000,0.00000,0.00000,0.00000,0.00000,0.00000,0.00000,0.00000,0.00000,0.00000,0.00000,0.00000,0.00000,0.00000,0.00000,0.00000,0.00000,0.00000,0.00000,0.00000,0.00000,0.00000,0.00000,0.00000,0.00000,0.00000,0.00000,0.00000,0.00000
1.6000,1,1,0.00,0.00,33.33,0.06993,0.08395,0.51976,0.52065,0.52065,0.7333,0,0,0.23265,-0.07074,0.01000,0.23206,-0.07071,0.01004,0.51,0.00,0.52065,0.34606,0.11429,0.35171,1.10559,-0.00000,1.00000,0.34606,0.11382,0.35139,1.10558,0.00000,1.00000,36,0.23180,-0.07050,0.01494,0.23610,0.06610,0,0.98912,0.00000,0.00000,-0.14709,virtual,0,394.57,329.59,394.57,329.59,394.57,329.59,394.57,329.59,394.57,329.59,394.57,329.59,394.57,329.59,394.57,329.59,394.57,329.59,394.57,329.59,394.57,329.59,394.57,329.59,394.57,329.59,394.57,329.59,394.57,329.59,394.57,329.59,394.57,329.59,394.57,329.59,394.57,329.59,394.57,329.59,394.57,329.59,0.00000,0.00000,0.00000,0.00000,0.00000,0.00000,0.00000,0.00000,0.00000,0.00000,0.00000,0.00000,0.00000,0.00000,0.00000,0.00000,0.00000,0.00000,0.00000,0.00000,0.00000,0.00000,0.00000,0.00000,0.00000,0.00000,0.00000,0.00000,0.00000,0.00000,0.00000,0.00000,0.00000,0.00000,0.00000,0.00000,0.00000,0.00000,0.00000,0.00000,0.00000,0.00000,0.00000,0.00000,0.00000,0.00000,0.00000,0.00000,0.00000,0.00000,0.00000,0.00000,0.00000,0.00000,0.00000,0.00000,0.00000,0.00000,0.00000,0.00000,0.00000,0.00000,0.00000,0.00000,0.00000,0.00000,0.00000,0.00000,0.00000,0.00000,0.00000,0.00000,0.00000,0.00000,0.00000,0.00000,0.00000,0.00000,0.00000,0.00000,0.00000,0.00000,0.00000,0.00000
1.6333,1,1,0.00,0.00,33.33,0.07009,0.08418,0.52098,0.52220,0.52220,0.5917,0,0,0.23204,-0.07090,0.01000,0.23206,-0.07071,0.01004,0.26,0.00,0.52220,0.34606,0.11429,0.35172,1.10559,-0.00000,1.00000,0.34606,0.11382,0.35139,1.10558,0.00000,1.00000,36,0.23180,-0.07050,0.01494,0.23610,0.06610,0,0.98912,0.00000,0.00000,-0.14709,virtual,0,394.57,329.59,394.57,329.59,394.57,329.59,394.57,329.59,394.57,329.59,394.57,329.59,394.57,329.59,394.57,329.59,394.57,329.59,394.57,329.59,394.57,329.59,394.57,329.59,394.57,329.59,394.57,329.59,394.57,329.59,394.57,329.59,394.57,329.59,394.57,329.59,394.57,329.59,394.57,329.59,394.57,329.59,0.00000,0.00000,0.00000,0.00000,0.00000,0.00000,0.00000,0.00000,0.00000,0.00000,0.00000,0.00000,0.00000,0.00000,0.00000,0.00000,0.00000,0.00000,0.00000,0.00000,0.00000,0.00000,0.00000,0.00000,0.00000,0.00000,0.00000,0.00000,0.00000,0.00000,0.00000,0.00000,0.00000,0.00000,0.00000,0.00000,0.00000,0.00000,0.00000,0.00000,0.00000,0.00000,0.00000,0.00000,0.00000,0.00000,0.00000,0.00000,0.00000,0.00000,0.00000,0.00000,0.00000,0.00000,0.00000,0.00000,0.00000,0.00000,0.00000,0.00000,0.00000,0.00000,0.00000,0.00000,0.00000,0.00000,0.00000,0.00000,0.00000,0.00000,0.00000,0.00000,0.00000,0.00000,0.00000,0.00000,0.00000,0.00000,0.00000,0.00000,0.00000,0.00000,0.00000,0.00000
1.6667,1,1,0.00,0.00,33.33,0.07001,0.08409,0.52034,0.51970,0.51970,0.4500,0,1,0.23204,-0.07090,0.01000,0.23206,-0.07071,0.01004,0.26,0.00,0.51970,0.34606,0.11429,0.35172,1.10559,-0.00000,0.94596,0.34606,0.11382,0.35139,1.10558,0.00000,-0.17000,36,0.23180,-0.07050,0.01494,0.23610,0.06610,0,0.98912,-0.00000,-0.00000,-0.14709,virtual,1,394.57,329.59,394.57,329.59,394.57,329.59,394.57,329.59,394.57,329.59,394.57,329.59,394.57,329.59,394.57,329.59,394.57,329.59,394.57,329.59,394.57,329.59,394.57,329.59,394.57,329.59,394.57,329.59,394.57,329.59,394.57,329.59,394.57,329.59,394.57,329.59,394.57,329.59,394.57,329.59,394.57,329.59,0.00000,0.00000,0.00000,0.00000,0.00000,0.00000,0.00000,0.00000,0.00000,0.00000,0.00000,0.00000,0.00000,0.00000,0.00000,0.00000,0.00000,0.00000,0.00000,0.00000,0.00000,0.00000,0.00000,0.00000,0.00000,0.00000,0.00000,0.00000,0.00000,0.00000,0.00000,0.00000,0.00000,0.00000,0.00000,0.00000,0.00000,0.00000,0.00000,0.00000,0.00000,0.00000,0.00000,0.00000,0.00000,0.00000,0.00000,0.00000,0.00000,0.00000,0.00000,0.00000,0.00000,0.00000,0.00000,0.00000,0.00000,0.00000,0.00000,0.00000,0.00000,0.00000,0.00000,0.00000,0.00000,0.00000,0.00000,0.00000,0.00000,0.00000,0.00000,0.00000,0.00000,0.00000,0.00000,0.00000,0.00000,0.00000,0.00000,0.00000,0.00000,0.00000,0.00000,0.00000
1.7000,1,1,0.00,0.00,33.33,0.06992,0.08399,0.51965,0.51896,0.51896,0.4500,0,1,0.23204,-0.07090,0.01000,0.23206,-0.07071,0.01004,0.26,0.00,0.51896,0.34606,0.11429,0.35172,1.10559,-0.00000,0.83356,0.34606,0.11382,0.35139,1.10558,0.00000,-0.17000,36,0.23180,-0.07050,0.01494,0.23610,0.06610,0,0.98912,-0.00000,-0.00000,-0.14709,virtual,1,394.57,329.59,394.57,329.59,394.57,329.59,394.57,329.59,394.57,329.59,394.57,329.59,394.57,329.59,394.57,329.59,394.57,329.59,394.57,329.59,394.57,329.59,394.57,329.59,394.57,329.59,394.57,329.59,394.57,329.59,394.57,329.59,394.57,329.59,394.57,329.59,394.57,329.59,394.57,329.59,394.57,329.59,0.00000,0.00000,0.00000,0.00000,0.00000,0.00000,0.00000,0.00000,0.00000,0.00000,0.00000,0.00000,0.00000,0.00000,0.00000,0.00000,0.00000,0.00000,0.00000,0.00000,0.00000,0.00000,0.00000,0.00000,0.00000,0.00000,0.00000,0.00000,0.00000,0.00000,0.00000,0.00000,0.00000,0.00000,0.00000,0.00000,0.00000,0.00000,0.00000,0.00000,0.00000,0.00000,0.00000,0.00000,0.00000,0.00000,0.00000,0.00000,0.00000,0.00000,0.00000,0.00000,0.00000,0.00000,0.00000,0.00000,0.00000,0.00000,0.00000,0.00000,0.00000,0.00000,0.00000,0.00000,0.00000,0.00000,0.00000,0.00000,0.00000,0.00000,0.00000,0.00000,0.00000,0.00000,0.00000,0.00000,0.00000,0.00000,0.00000,0.00000,0.00000,0.00000,0.00000,0.00000
1.7333,1,1,0.00,0.00,33.33,0.06955,0.08355,0.51690,0.51415,0.51415,0.4500,0,1,0.23204,-0.07090,0.01000,0.23206,-0.07071,0.01004,0.26,0.00,0.51415,0.34606,0.11429,0.35172,1.10559,-0.00000,0.71376,0.34606,0.11382,0.35139,1.10558,0.00000,-0.17000,36,0.23180,-0.07050,0.01494,0.23610,0.06610,0,0.98912,-0.00000,-0.00000,-0.14709,virtual,1,394.57,329.59,394.57,329.59,394.57,329.59,394.57,329.59,394.57,329.59,394.57,329.59,394.57,329.59,394.57,329.59,394.57,329.59,394.57,329.59,394.57,329.59,394.57,329.59,394.57,329.59,394.57,329.59,394.57,329.59,394.57,329.59,394.57,329.59,394.57,329.59,394.57,329.59,394.57,329.59,394.57,329.59,0.00000,0.00000,0.00000,0.00000,0.00000,0.00000,0.00000,0.00000,0.00000,0.00000,0.00000,0.00000,0.00000,0.00000,0.00000,0.00000,0.00000,0.00000,0.00000,0.00000,0.00000,0.00000,0.00000,0.00000,0.00000,0.00000,0.00000,0.00000,0.00000,0.00000,0.00000,0.00000,0.00000,0.00000,0.00000,0.00000,0.00000,0.00000,0.00000,0.00000,0.00000,0.00000,0.00000,0.00000,0.00000,0.00000,0.00000,0.00000,0.00000,0.00000,0.00000,0.00000,0.00000,0.00000,0.00000,0.00000,0.00000,0.00000,0.00000,0.00000,0.00000,0.00000,0.00000,0.00000,0.00000,0.00000,0.00000,0.00000,0.00000,0.00000,0.00000,0.00000,0.00000,0.00000,0.00000,0.00000,0.00000,0.00000,0.00000,0.00000,0.00000,0.00000,0.00000,0.00000
1.7667,1,1,0.00,0.00,33.33,0.06926,0.08320,0.51475,0.51259,0.51259,0.4500,0,1,0.23204,-0.07090,0.01000,0.23206,-0.07071,0.01004,0.26,0.00,0.51259,0.34606,0.11429,0.35172,1.10559,-0.00000,0.56014,0.34606,0.11382,0.35139,1.10558,0.00000,-0.17000,36,0.23180,-0.07050,0.01494,0.23610,0.06610,0,0.98912,0.00000,-0.00000,-0.14709,virtual,1,394.57,329.59,394.57,329.59,394.57,329.59,394.57,329.59,394.57,329.59,394.57,329.59,394.57,329.59,394.57,329.59,394.57,329.59,394.57,329.59,394.57,329.59,394.57,329.59,394.57,329.59,394.57,329.59,394.57,329.59,394.57,329.59,394.57,329.59,394.57,329.59,394.57,329.59,394.57,329.59,394.57,329.59,0.00000,0.00000,0.00000,0.00000,0.00000,0.00000,0.00000,0.00000,0.00000,0.00000,0.00000,0.00000,0.00000,0.00000,0.00000,0.00000,0.00000,0.00000,0.00000,0.00000,0.00000,0.00000,0.00000,0.00000,0.00000,0.00000,0.00000,0.00000,0.00000,0.00000,0.00000,0.00000,0.00000,0.00000,0.00000,0.00000,0.00000,0.00000,0.00000,0.00000,0.00000,0.00000,0.00000,0.00000,0.00000,0.00000,0.00000,0.00000,0.00000,0.00000,0.00000,0.00000,0.00000,0.00000,0.00000,0.00000,0.00000,0.00000,0.00000,0.00000,0.00000,0.00000,0.00000,0.00000,0.00000,0.00000,0.00000,0.00000,0.00000,0.00000,0.00000,0.00000,0.00000,0.00000,0.00000,0.00000,0.00000,0.00000,0.00000,0.00000,0.00000,0.00000,0.00000,0.00000
1.8000,1,1,0.00,0.00,33.33,0.06882,0.08268,0.51153,0.50832,0.50832,0.4500,0,1,0.23204,-0.07090,0.01000,0.23206,-0.07071,0.01004,0.26,0.00,0.50832,0.34606,0.11429,0.35172,1.10559,-0.00000,0.39890,0.34606,0.11382,0.35139,1.10558,0.00000,-0.17000,36,0.23180,-0.07050,0.01494,0.23610,0.06610,0,0.98912,0.00000,-0.00000,-0.14709,virtual,1,394.57,329.59,394.57,329.59,394.57,329.59,394.57,329.59,394.57,329.59,394.57,329.59,394.57,329.59,394.57,329.59,394.57,329.59,394.57,329.59,394.57,329.59,394.57,329.59,394.57,329.59,394.57,329.59,394.57,329.59,394.57,329.59,394.57,329.59,394.57,329.59,394.57,329.59,394.57,329.59,394.57,329.59,0.00000,0.00000,0.00000,0.00000,0.00000,0.00000,0.00000,0.00000,0.00000,0.00000,0.00000,0.00000,0.00000,0.00000,0.00000,0.00000,0.00000,0.00000,0.00000,0.00000,0.00000,0.00000,0.00000,0.00000,0.00000,0.00000,0.00000,0.00000,0.00000,0.00000,0.00000,0.00000,0.00000,0.00000,0.00000,0.00000,0.00000,0.00000,0.00000,0.00000,0.00000,0.00000,0.00000,0.00000,0.00000,0.00000,0.00000,0.00000,0.00000,0.00000,0.00000,0.00000,0.00000,0.00000,0.00000,0.00000,0.00000,0.00000,0.00000,0.00000,0.00000,0.00000,0.00000,0.00000,0.00000,0.00000,0.00000,0.00000,0.00000,0.00000,0.00000,0.00000,0.00000,0.00000,0.00000,0.00000,0.00000,0.00000,0.00000,0.00000,0.00000,0.00000,0.00000,0.00000
1.8333,1,1,0.00,0.00,33.33,0.06829,0.08205,0.50760,0.50366,0.50366,0.4500,0,1,0.23204,-0.07090,0.01000,0.23238,-0.07086,0.01028,0.26,0.00,0.50366,0.34619,0.11364,0.35081,1.10508,-0.00000,0.25798,0.34606,0.11382,0.35139,1.10558,0.00000,-0.17000,36,0.23139,-0.07028,0.01510,0.23610,0.06610,0,0.98917,-0.00015,-0.00557,-0.14669,virtual,1,394.57,329.59,394.57,329.59,394.57,329.59,394.57,329.59,394.57,329.59,394.57,329.59,394.57,329.59,394.57,329.59,394.57,329.59,394.57,329.59,394.57,329.59,394.57,329.59,394.57,329.59,394.57,329.59,394.57,329.59,394.57,329.59,394.57,329.59,394.57,329.59,394.57,329.59,394.57,329.59,394.57,329.59,0.00000,0.00000,0.00000,0.00000,0.00000,0.00000,0.00000,0.00000,0.00000,0.00000,0.00000,0.00000,0.00000,0.00000,0.00000,0.00000,0.00000,0.00000,0.00000,0.00000,0.00000,0.00000,0.00000,0.00000,0.00000,0.00000,0.00000,0.00000,0.00000,0.00000,0.00000,0.00000,0.00000,0.00000,0.00000,0.00000,0.00000,0.00000,0.00000,0.00000,0.00000,0.00000,0.00000,0.00000,0.00000,0.00000,0.00000,0.00000,0.00000,0.00000,0.00000,0.00000,0.00000,0.00000,0.00000,0.00000,0.00000,0.00000,0.00000,0.00000,0.00000,0.00000,0.00000,0.00000,0.00000,0.00000,0.00000,0.00000,0.00000,0.00000,0.00000,0.00000,0.00000,0.00000,0.00000,0.00000,0.00000,0.00000,0.00000,0.00000,0.00000,0.00000,0.00000,0.00000
1.8667,1,1,0.00,0.00,33.33,0.06787,0.08154,0.50446,0.50133,0.50133,0.4500,0,1,0.23204,-0.07090,0.01000,0.23223,-0.07078,0.01015,0.26,0.00,0.50133,0.34607,0.11402,0.35127,1.10523,0.00000,0.14940,0.34606,0.11382,0.35139,1.10558,0.00000,-0.17000,36,0.22653,-0.06800,0.01494,0.23610,0.06610,0,0.98857,0.00480,0.00086,-0.15069,virtual,1,394.57,329.59,394.57,329.59,394.57,329.59,394.57,329.59,394.57,329.59,394.57,329.59,394.57,329.59,394.57,329.59,394.57,329.59,394.57,329.59,394.57,329.59,394.57,329.59,394.57,329.59,394.57,329.59,394.57,329.59,394.57,329.59,394.57,329.59,394.57,329.59,394.57,329.59,394.57,329.59,394.57,329.59,0.00000,0.00000,0.00000,0.00000,0.00000,0.00000,0.00000,0.00000,0.00000,0.00000,0.00000,0.00000,0.00000,0.00000,0.00000,0.00000,0.00000,0.00000,0.00000,0.00000,0.00000,0.00000,0.00000,0.00000,0.00000,0.00000,0.00000,0.00000,0.00000,0.00000,0.00000,0.00000,0.00000,0.00000,0.00000,0.00000,0.00000,0.00000,0.00000,0.00000,0.00000,0.00000,0.00000,0.00000,0.00000,0.00000,0.00000,0.00000,0.00000,0.00000,0.00000,0.00000,0.00000,0.00000,0.00000,0.00000,0.00000,0.00000,0.00000,0.00000,0.00000,0.00000,0.00000,0.00000,0.00000,0.00000,0.00000,0.00000,0.00000,0.00000,0.00000,0.00000,0.00000,0.00000,0.00000,0.00000,0.00000,0.00000,0.00000,0.00000,0.00000,0.00000,0.00000,0.00000
1.9000,1,1,0.00,0.00,33.33,0.06762,0.08124,0.50262,0.50077,0.50077,0.4500,0,1,0.23204,-0.07090,0.01000,0.23192,-0.07064,0.01001,0.26,0.00,0.50077,0.34595,0.11411,0.35211,1.10614,0.00003,0.16496,0.34606,0.11382,0.35139,1.10558,0.00000,-0.17000,36,0.22666,-0.06804,0.01479,0.23610,0.06610,0,0.98814,0.00396,0.00101,-0.15348,virtual,1,394.57,329.59,394.57,329.59,394.57,329.59,394.57,329.59,394.57,329.59,394.57,329.59,394.57,329.59,394.57,329.59,394.57,329.59,394.57,329.59,394.57,329.59,394.57,329.59,394.57,329.59,394.57,329.59,394.57,329.59,394.57,329.59,394.57,329.59,394.57,329.59,394.57,329.59,394.57,329.59,394.57,329.59,0.00000,0.00000,0.00000,0.00000,0.00000,0.00000,0.00000,0.00000,0.00000,0.00000,0.00000,0.00000,0.00000,0.00000,0.00000,0.00000,0.00000,0.00000,0.00000,0.00000,0.00000,0.00000,0.00000,0.00000,0.00000,0.00000,0.00000,0.00000,0.00000,0.00000,0.00000,0.00000,0.00000,0.00000,0.00000,0.00000,0.00000,0.00000,0.00000,0.00000,0.00000,0.00000,0.00000,0.00000,0.00000,0.00000,0.00000,0.00000,0.00000,0.00000,0.00000,0.00000,0.00000,0.00000,0.00000,0.00000,0.00000,0.00000,0.00000,0.00000,0.00000,0.00000,0.00000,0.00000,0.00000,0.00000,0.00000,0.00000,0.00000,0.00000,0.00000,0.00000,0.00000,0.00000,0.00000,0.00000,0.00000,0.00000,0.00000,0.00000,0.00000,0.00000,0.00000,0.00000
1.9333,1,1,0.00,0.00,33.33,0.06732,0.08088,0.50036,0.49811,0.49811,0.4500,0,1,0.23204,-0.07090,0.01000,0.23199,-0.07067,0.01003,0.26,0.00,0.49811,0.34597,0.11416,0.35193,1.10590,0.00003,0.17139,0.34606,0.11382,0.35139,1.10558,0.00000,-0.17000,36,0.22695,-0.06816,0.01481,0.23610,0.06610,0,0.98790,0.00331,0.00007,-0.15508,virtual,1,394.57,329.59,394.57,329.59,394.57,329.59,394.57,329.59,394.57,329.59,394.57,329.59,394.57,329.59,394.57,329.59,394.57,329.59,394.57,329.59,394.57,329.59,394.57,329.59,394.57,329.59,394.57,329.59,394.57,329.59,394.57,329.59,394.57,329.59,394.57,329.59,394.57,329.59,394.57,329.59,394.57,329.59,0.00000,0.00000,0.00000,0.00000,0.00000,0.00000,0.00000,0.00000,0.00000,0.00000,0.00000,0.00000,0.00000,0.00000,0.00000,0.00000,0.00000,0.00000,0.00000,0.00000,0.00000,0.00000,0.00000,0.00000,0.00000,0.00000,0.00000,0.00000,0.00000,0.00000,0.00000,0.00000,0.00000,0.00000,0.00000,0.00000,0.00000,0.00000,0.00000,0.00000,0.00000,0.00000,0.00000,0.00000,0.00000,0.00000,0.00000,0.00000,0.00000,0.00000,0.00000,0.00000,0.00000,0.00000,0.00000,0.00000,0.00000,0.00000,0.00000,0.00000,0.00000,0.00000,0.00000,0.00000,0.00000,0.00000,0.00000,0.00000,0.00000,0.00000,0.00000,0.00000,0.00000,0.00000,0.00000,0.00000,0.00000,0.00000,0.00000,0.00000,0.00000,0.00000,0.00000,0.00000
1.9667,1,1,0.00,0.00,33.33,0.06683,0.08029,0.49673,0.49309,0.49309,0.4500,0,1,0.23204,-0.07090,0.01000,0.23204,-0.07069,0.01004,0.26,0.00,0.49309,0.34600,0.11421,0.35179,1.10571,0.00003,0.17176,0.34606,0.11382,0.35139,1.10558,0.00000,-0.17000,36,0.22702,-0.06819,0.01482,0.23610,0.06610,0,0.98772,0.00282,-0.00100,-0.15620,virtual,1,394.57,329.59,394.57,329.59,394.57,329.59,394.57,329.59,394.57,329.59,394.57,329.59,394.57,329.59,394.57,329.59,394.57,329.59,394.57,329.59,394.57,329.59,394.57,329.59,394.57,329.59,394.57,329.59,394.57,329.59,394.57,329.59,394.57,329.59,394.57,329.59,394.57,329.59,394.57,329.59,394.57,329.59,0.00000,0.00000,0.00000,0.00000,0.00000,0.00000,0.00000,0.00000,0.00000,0.00000,0.00000,0.00000,0.00000,0.00000,0.00000,0.00000,0.00000,0.00000,0.00000,0.00000,0.00000,0.00000,0.00000,0.00000,0.00000,0.00000,0.00000,0.00000,0.00000,0.00000,0.00000,0.00000,0.00000,0.00000,0.00000,0.00000,0.00000,0.00000,0.00000,0.00000,0.00000,0.00000,0.00000,0.00000,0.00000,0.00000,0.00000,0.00000,0.00000,0.00000,0.00000,0.00000,0.00000,0.00000,0.00000,0.00000,0.00000,0.00000,0.00000,0.00000,0.00000,0.00000,0.00000,0.00000,0.00000,0.00000,0.00000,0.00000,0.00000,0.00000,0.00000,0.00000,0.00000,0.00000,0.00000,0.00000,0.00000,0.00000,0.00000,0.00000,0.00000,0.00000,0.00000,0.00000
2.0000,1,1,0.00,0.00,33.33,0.06651,0.07991,0.49434,0.49195,0.49195,0.4500,0,1,0.23204,-0.07090,0.01000,0.23206,-0.07070,0.01005,0.26,0.00,0.49195,0.34602,0.11421,0.35173,1.10567,0.00003,0.17152,0.34606,0.11382,0.35139,1.10558,0.00000,-0.17000,36,0.22703,-0.06819,0.01483,0.23610,0.06610,0,0.98756,0.00239,-0.00197,-0.15719,virtual,1,394.57,329.59,394.57,329.59,394.57,329.59,394.57,329.59,394.57,329.59,394.57,329.59,394.57,329.59,394.57,329.59,394.57,329.59,394.57,329.59,394.57,329.59,394.57,329.59,394.57,329.59,394.57,329.59,394.57,329.59,394.57,329.59,394.57,329.59,394.57,329.59,394.57,329.59,394.57,329.59,394.57,329.59,0.00000,0.00000,0.00000,0.00000,0.00000,0.00000,0.00000,0.00000,0.00000,0.00000,0.00000,0.00000,0.00000,0.00000,0.00000,0.00000,0.00000,0.00000,0.00000,0.00000,0.00000,0.00000,0.00000,0.00000,0.00000,0.00000,0.00000,0.00000,0.00000,0.00000,0.00000,0.00000,0.00000,0.00000,0.00000,0.00000,0.00000,0.00000,0.00000,0.00000,0.00000,0.00000,0.00000,0.00000,0.00000,0.00000,0.00000,0.00000,0.00000,0.00000,0.00000,0.00000,0.00000,0.00000,0.00000,0.00000,0.00000,0.00000,0.00000,0.00000,0.00000,0.00000,0.00000,0.00000,0.00000,0.00000,0.00000,0.00000,0.00000,0.00000,0.00000,0.00000,0.00000,0.00000,0.00000,0.00000,0.00000,0.00000,0.00000,0.00000,0.00000,0.00000,0.00000,0.00000
2.0333,1,1,0.00,0.00,33.33,0.06639,0.07976,0.49347,0.49259,0.49259,0.4500,0,1,0.23204,-0.07090,0.01000,0.23207,-0.07071,0.01006,0.26,0.00,0.49259,0.34603,0.11420,0.35170,1.10564,0.00004,0.17135,0.34606,0.11382,0.35139,1.10558,0.00000,-0.17000,36,0.22703,-0.06819,0.01483,0.23610,0.06610,0,0.98743,0.00203,-0.00274,-0.15800,virtual,1,394.57,329.59,394.57,329.59,394.57,329.59,394.57,329.59,394.57,329.59,394.57,329.59,394.57,329.59,394.57,329.59,394.57,329.59,394.57,329.59,394.57,329.59,394.57,329.59,394.57,329.59,394.57,329.59,394.57,329.59,394.57,329.59,394.57,329.59,394.57,329.59,394.57,329.59,394.57,329.59,394.57,329.59,0.00000,0.00000,0.00000,0.00000,0.00000,0.00000,0.00000,0.00000,0.00000,0.00000,0.00000,0.00000,0.00000,0.00000,0.00000,0.00000,0.00000,0.00000,0.00000,0.00000,0.00000,0.00000,0.00000,0.00000,0.00000,0.00000,0.00000,0.00000,0.00000,0.00000,0.00000,0.00000,0.00000,0.00000,0.00000,0.00000,0.00000,0.00000,0.00000,0.00000,0.00000,0.00000,0.00000,0.00000,0.00000,0.00000,0.00000,0.00000,0.00000,0.00000,0.00000,0.00000,0.00000,0.00000,0.00000,0.00000,0.00000,0.00000,0.00000,0.00000,0.00000,0.00000,0.00000,0.00000,0.00000,0.00000,0.00000,0.00000,0.00000,0.00000,0.00000,0.00000,0.00000,0.00000,0.00000,0.00000,0.00000,0.00000,0.00000,0.00000,0.00000,0.00000,0.00000,0.00000
2.0667,1,1,0.00,0.00,33.33,0.06624,0.07958,0.49234,0.49121,0.49121,0.4500,0,1,0.23204,-0.07090,0.01000,0.23207,-0.07071,0.01006,0.26,0.00,0.49121,0.34604,0.11419,0.35168,1.10563,0.00004,0.17117,0.34606,0.11382,0.35139,1.10558,0.00000,-0.17000,36,0.22703,-0.06819,0.01483,0.23610,0.06610,0,0.98728,0.00164,-0.00357,-0.15892,virtual,0,394.57,329.59,394.57,329.59,394.57,329.59,394.57,329.59,394.57,329.59,394.57,329.59,394.57,329.59,394.57,329.59,394.57,329.59,394.57,329.59,394.57,329.59,394.57,329.59,394.57,329.59,394.57,329.59,394.57,329.59,394.57,329.59,394.57,329.59,394.57,329.59,394.57,329.59,394.57,329.59,394.57,329.59,0.00000,0.00000,0.00000,0.00000,0.00000,0.00000,0.00000,0.00000,0.00000,0.00000,0.00000,0.00000,0.00000,0.00000,0.00000,0.00000,0.00000,0.00000,0.00000,0.00000,0.00000,0.00000,0.00000,0.00000,0.00000,0.00000,0.00000,0.00000,0.00000,0.00000,0.00000,0.00000,0.00000,0.00000,0.00000,0.00000,0.00000,0.00000,0.00000,0.00000,0.00000,0.00000,0.00000,0.00000,0.00000,0.00000,0.00000,0.00000,0.00000,0.00000,0.00000,0.00000,0.00000,0.00000,0.00000,0.00000,0.00000,0.00000,0.00000,0.00000,0.00000,0.00000,0.00000,0.00000,0.00000,0.00000,0.00000,0.00000,0.00000,0.00000,0.00000,0.00000,0.00000,0.00000,0.00000,0.00000,0.00000,0.00000,0.00000,0.00000,0.00000,0.00000,0.00000,0.00000
2.1000,1,1,0.00,0.00,33.33,0.06611,0.07942,0.49136,0.49038,0.49038,0.4500,0,1,0.23253,-0.07077,0.01016,0.23208,-0.07072,0.01006,0.36,0.00,0.49038,0.34605,0.11419,0.35167,1.10562,0.00004,0.17099,0.34606,0.11382,0.35139,1.10558,0.00000,-0.17000,36,0.22703,-0.06819,0.01483,0.23610,0.06610,0,0.98714,0.00125,-0.00433,-0.15981,virtual,0,394.57,329.59,394.57,329.59,394.57,329.59,394.57,329.59,394.57,329.59,394.57,329.59,394.57,329.59,394.57,329.59,394.57,329.59,394.57,329.59,394.57,329.59,394.57,329.59,394.57,329.59,394.57,329.59,394.57,329.59,394.57,329.59,394.57,329.59,394.57,329.59,394.57,329.59,394.57,329.59,394.57,329.59,0.00000,0.00000,0.00000,0.00000,0.00000,0.00000,0.00000,0.00000,0.00000,0.00000,0.00000,0.00000,0.00000,0.00000,0.00000,0.00000,0.00000,0.00000,0.00000,0.00000,0.00000,0.00000,0.00000,0.00000,0.00000,0.00000,0.00000,0.00000,0.00000,0.00000,0.00000,0.00000,0.00000,0.00000,0.00000,0.00000,0.00000,0.00000,0.00000,0.00000,0.00000,0.00000,0.00000,0.00000,0.00000,0.00000,0.00000,0.00000,0.00000,0.00000,0.00000,0.00000,0.00000,0.00000,0.00000,0.00000,0.00000,0.00000,0.00000,0.00000,0.00000,0.00000,0.00000,0.00000,0.00000,0.00000,0.00000,0.00000,0.00000,0.00000,0.00000,0.00000,0.00000,0.00000,0.00000,0.00000,0.00000,0.00000,0.00000,0.00000,0.00000,0.00000,0.00000,0.00000
2.1333,1,1,0.00,0.00,33.33,0.06615,0.07948,0.49168,0.49201,0.49201,0.4500,0,1,0.23237,-0.07082,0.01011,0.23208,-0.07072,0.01006,0.21,0.00,0.49201,0.34606,0.11418,0.35166,1.10561,0.00004,0.17084,0.34606,0.11382,0.35139,1.10558,0.00000,-0.17000,36,0.22702,-0.06819,0.01483,0.23610,0.06610,0,0.98702,0.00093,-0.00493,-0.16054,virtual,0,394.57,329.59,394.57,329.59,394.57,329.59,394.57,329.59,394.57,329.59,394.57,329.59,394.57,329.59,394.57,329.59,394.57,329.59,394.57,329.59,394.57,329.59,394.57,329.59,394.57,329.59,394.57,329.59,394.57,329.59,394.57,329.59,394.57,329.59,394.57,329.59,394.57,329.59,394.57,329.59,394.57,329.59,0.00000,0.00000,0.00000,0.00000,0.00000,0.00000,0.00000,0.00000,0.00000,0.00000,0.00000,0.00000,0.00000,0.00000,0.00000,0.00000,0.00000,0.00000,0.00000,0.00000,0.00000,0.00000,0.00000,0.00000,0.00000,0.00000,0.00000,0.00000,0.00000,0.00000,0.00000,0.00000,0.00000,0.00000,0.00000,0.00000,0.00000,0.00000,0.00000,0.00000,0.00000,0.00000,0.00000,0.00000,0.00000,0.00000,0.00000,0.00000,0.00000,0.00000,0.00000,0.00000,0.00000,0.00000,0.00000,0.00000,0.00000,0.00000,0.00000,0.00000,0.00000,0.00000,0.00000,0.00000,0.00000,0.00000,0.00000,0.00000,0.00000,0.00000,0.00000,0.00000,0.00000,0.00000,0.00000,0.00000,0.00000,0.00000,0.00000,0.00000,0.00000,0.00000,0.00000,0.00000
2.1667,1,1,0.00,0.00,33.33,0.06582,0.07908,0.48921,0.48674,0.48674,0.4500,0,1,0.23360,-0.07048,0.01051,0.23365,-0.07047,0.01054,0.09,0.01,0.48674,0.34236,0.12130,0.33848,1.10987,-0.00003,0.17003,0.34267,0.12169,0.33781,1.11119,0.00000,-0.17000,36,0.22846,-0.06802,0.01524,0.23610,0.06610,0,0.98707,-0.00019,-0.00599,-0.16016,virtual,0,394.57,329.59,394.57,329.59,394.57,329.59,394.57,329.59,394.57,329.59,394.57,329.59,394.57,329.59,394.57,329.59,394.57,329.59,394.57,329.59,394.57,329.59,394.57,329.59,394.57,329.59,394.57,329.59,394.57,329.59,394.57,329.59,394.57,329.59,394.57,329.59,394.57,329.59,394.57,329.59,394.57,329.59,0.00000,0.00000,0.00000,0.00000,0.00000,0.00000,0.00000,0.00000,0.00000,0.00000,0.00000,0.00000,0.00000,0.00000,0.00000,0.00000,0.00000,0.00000,0.00000,0.00000,0.00000,0.00000,0.00000,0.00000,0.00000,0.00000,0.00000,0.00000,0.00000,0.00000,0.00000,0.00000,0.00000,0.00000,0.00000,0.00000,0.00000,0.00000,0.00000,0.00000,0.00000,0.00000,0.00000,0.00000,0.00000,0.00000,0.00000,0.00000,0.00000,0.00000,0.00000,0.00000,0.00000,0.00000,0.00000,0.00000,0.00000,0.00000,0.00000,0.00000,0.00000,0.00000,0.00000,0.00000,0.00000,0.00000,0.00000,0.00000,0.00000,0.00000,0.00000,0.00000,0.00000,0.00000,0.00000,0.00000,0.00000,0.00000,0.00000,0.00000,0.00000,0.00000,0.00000,0.00000
2.2000,1,1,0.00,0.00,33.33,0.06582,0.07908,0.48923,0.48924,0.48924,0.4500,0,1,0.23360,-0.07048,0.01050,0.23341,-0.07045,0.01041,0.08,0.01,0.48924,0.34264,0.12228,0.33802,1.11134,-0.00001,0.16999,0.34267,0.12169,0.33781,1.11119,0.00000,-0.17000,36,0.22831,-0.06798,0.01516,0.23610,0.06610,0,0.98691,-0.00039,-0.00553,-0.16118,virtual,0,394.57,329.59,394.57,329.59,394.57,329.59,394.57,329.59,394.57,329.59,394.57,329.59,394.57,329.59,394.57,329.59,394.57,329.59,394.57,329.59,394.57,329.59,394.57,329.59,394.57,329.59,394.57,329.59,394.57,329.59,394.57,329.59,394.57,329.59,394.57,329.59,394.57,329.59,394.57,329.59,394.57,329.59,0.00000,0.00000,0.00000,0.00000,0.00000,0.00000,0.00000,0.00000,0.00000,0.00000,0.00000,0.00000,0.00000,0.00000,0.00000,0.00000,0.00000,0.00000,0.00000,0.00000,0.00000,0.00000,0.00000,0.00000,0.00000,0.00000,0.00000,0.00000,0.00000,0.00000,0.00000,0.00000,0.00000,0.00000,0.00000,0.00000,0.00000,0.00000,0.00000,0.00000,0.00000,0.00000,0.00000,0.00000,0.00000,0.00000,0.00000,0.00000,0.00000,0.00000,0.00000,0.00000,0.00000,0.00000,0.00000,0.00000,0.00000,0.00000,0.00000,0.00000,0.00000,0.00000,0.00000,0.00000,0.00000,0.00000,0.00000,0.00000,0.00000,0.00000,0.00000,0.00000,0.00000,0.00000,0.00000,0.00000,0.00000,0.00000,0.00000,0.00000,0.00000,0.00000,0.00000,0.00000
2.2333,1,1,0.00,0.00,33.33,0.06579,0.07904,0.48899,0.48875,0.48875,0.4500,0,1,0.23372,-0.07045,0.01054,0.23342,-0.07045,0.01042,0.19,0.01,0.48875,0.34262,0.12216,0.33810,1.11127,0.00000,0.17000,0.34267,0.12169,0.33781,1.11119,0.00000,-0.17000,36,0.22830,-0.06798,0.01516,0.23610,0.06610,0,0.98677,-0.00067,-0.00602,-0.16198,virtual,0,394.57,329.59,394.57,329.59,394.57,329.59,394.57,329.59,394.57,329.59,394.57,329.59,394.57,329.59,394.57,329.59,394.57,329.59,394.57,329.59,394.57,329.59,394.57,329.59,394.57,329.59,394.57,329.59,394.57,329.59,394.57,329.59,394.57,329.59,394.57,329.59,394.57,329.59,394.57,329.59,394.57,329.59,0.00000,0.00000,0.00000,0.00000,0.00000,0.00000,0.00000,0.00000,0.00000,0.00000,0.00000,0.00000,0.00000,0.00000,0.00000,0.00000,0.00000,0.00000,0.00000,0.00000,0.00000,0.00000,0.00000,0.00000,0.00000,0.00000,0.00000,0.00000,0.00000,0.00000,0.00000,0.00000,0.00000,0.00000,0.00000,0.00000,0.00000,0.00000,0.00000,0.00000,0.00000,0.00000,0.00000,0.00000,0.00000,0.00000,0.00000,0.00000,0.00000,0.00000,0.00000,0.00000,0.00000,0.00000,0.00000,0.00000,0.00000,0.00000,0.00000,0.00000,0.00000,0.00000,0.00000,0.00000,0.00000,0.00000,0.00000,0.00000,0.00000,0.00000,0.00000,0.00000,0.00000,0.00000,0.00000,0.00000,0.00000,0.00000,0.00000,0.00000,0.00000,0.00000,0.00000,0.00000
2.2667,1,1,0.00,0.00,33.33,0.06572,0.07896,0.48846,0.48794,0.48794,0.4500,0,1,0.23398,-0.07038,0.01063,0.23341,-0.07045,0.01041,0.47,0.01,0.48794,0.34267,0.12222,0.33814,1.11121,0.00001,0.16998,0.34267,0.12169,0.33781,1.11119,0.00000,-0.17000,36,0.22829,-0.06798,0.01514,0.23610,0.06610,0,0.98662,-0.00099,-0.00663,-0.16287,virtual,0,394.57,329.59,394.57,329.59,394.57,329.59,394.57,329.59,394.57,329.59,394.57,329.59,394.57,329.59,394.57,329.59,394.57,329.59,394.57,329.59,394.57,329.59,394.57,329.59,394.57,329.59,394.57,329.59,394.57,329.59,394.57,329.59,394.57,329.59,394.57,329.59,394.57,329.59,394.57,329.59,394.57,329.59,0.00000,0.00000,0.00000,0.00000,0.00000,0.00000,0.00000,0.00000,0.00000,0.00000,0.00000,0.00000,0.00000,0.00000,0.00000,0.00000,0.00000,0.00000,0.00000,0.00000,0.00000,0.00000,0.00000,0.00000,0.00000,0.00000,0.00000,0.00000,0.00000,0.00000,0.00000,0.00000,0.00000,0.00000,0.00000,0.00000,0.00000,0.00000,0.00000,0.00000,0.00000,0.00000,0.00000,0.00000,0.00000,0.00000,0.00000,0.00000,0.00000,0.00000,0.00000,0.00000,0.00000,0.00000,0.00000,0.00000,0.00000,0.00000,0.00000,0.00000,0.00000,0.00000,0.00000,0.00000,0.00000,0.00000,0.00000,0.00000,0.00000,0.00000,0.00000,0.00000,0.00000,0.00000,0.00000,0.00000,0.00000,0.00000,0.00000,0.00000,0.00000,0.00000,0.00000,0.00000
2.3000,1,1,0.00,0.00,33.33,0.06553,0.07873,0.48706,0.48565,0.48565,0.4500,0,1,0.23468,-0.07019,0.01085,0.23482,-0.07027,0.01098,0.06,0.00,0.48565,0.33958,0.12711,0.32721,1.11473,0.00001,0.16975,0.33961,0.12788,0.32681,1.11602,0.00000,-0.17000,36,0.22947,-0.06787,0.01552,0.23610,0.06610,0,0.98667,-0.00163,-0.00771,-0.16253,virtual,0,394.57,329.59,394.57,329.59,394.57,329.59,394.57,329.59,394.57,329.59,394.57,329.59,394.57,329.59,394.57,329.59,394.57,329.59,394.57,329.59,394.57,329.59,394.57,329.59,394.57,329.59,394.57,329.59,394.57,329.59,394.57,329.59,394.57,329.59,394.57,329.59,394.57,329.59,394.57,329.59,394.57,329.59,0.00000,0.00000,0.00000,0.00000,0.00000,0.00000,0.00000,0.00000,0.00000,0.00000,0.00000,0.00000,0.00000,0.00000,0.00000,0.00000,0.00000,0.00000,0.00000,0.00000,0.00000,0.00000,0.00000,0.00000,0.00000,0.00000,0.00000,0.00000,0.00000,0.00000,0.00000,0.00000,0.00000,0.00000,0.00000,0.00000,0.00000,0.00000,0.00000,0.00000,0.00000,0.00000,0.00000,0.00000,0.00000,0.00000,0.00000,0.00000,0.00000,0.00000,0.00000,0.00000,0.00000,0.00000,0.00000,0.00000,0.00000,0.00000,0.00000,0.00000,0.00000,0.00000,0.00000,0.00000,0.00000,0.00000,0.00000,0.00000,0.00000,0.00000,0.00000,0.00000,0.00000,0.00000,0.00000,0.00000,0.00000,0.00000,0.00000,0.00000,0.00000,0.00000,0.00000,0.00000
2.3333,1,1,0.00,0.00,33.33,0.06569,0.07893,0.48827,0.48949,0.48949,0.4500,0,1,0.23407,-0.07036,0.01066,0.23447,-0.07014,0.01070,0.61,0.00,0.48949,0.33952,0.12880,0.32692,1.11630,0.00000,0.16970,0.33961,0.12788,0.32681,1.11602,0.00000,-0.17000,36,0.22936,-0.06776,0.01530,0.23610,0.06610,0,0.98658,-0.00168,-0.00691,-0.16312,virtual,0,394.57,329.59,394.57,329.59,394.57,329.59,394.57,329.59,394.57,329.59,394.57,329.59,394.57,329.59,394.57,329.59,394.57,329.59,394.57,329.59,394.57,329.59,394.57,329.59,394.57,329.59,394.57,329.59,394.57,329.59,394.57,329.59,394.57,329.59,394.57,329.59,394.57,329.59,394.57,329.59,394.57,329.59,0.00000,0.00000,0.00000,0.00000,0.00000,0.00000,0.00000,0.00000,0.00000,0.00000,0.00000,0.00000,0.00000,0.00000,0.00000,0.00000,0.00000,0.00000,0.00000,0.00000,0.00000,0.00000,0.00000,0.00000,0.00000,0.00000,0.00000,0.00000,0.00000,0.00000,0.00000,0.00000,0.00000,0.00000,0.00000,0.00000,0.00000,0.00000,0.00000,0.00000,0.00000,0.00000,0.00000,0.00000,0.00000,0.00000,0.00000,0.00000,0.00000,0.00000,0.00000,0.00000,0.00000,0.00000,0.00000,0.00000,0.00000,0.00000,0.00000,0.00000,0.00000,0.00000,0.00000,0.00000,0.00000,0.00000,0.00000,0.00000,0.00000,0.00000,0.00000,0.00000,0.00000,0.00000,0.00000,0.00000,0.00000,0.00000,0.00000,0.00000,0.00000,0.00000,0.00000,0.00000
2.3667,1,1,0.00,0.00,33.33,0.06584,0.07910,0.48933,0.49039,0.49039,0.4500,0,1,0.23354,-0.07050,0.01049,0.23341,-0.07050,0.01037,0.05,0.00,0.49039,0.34288,0.12355,0.33660,1.11228,0.00001,0.16969,0.34249,0.12254,0.33727,1.11106,0.00000,-0.17000,36,0.22830,-0.06795,0.01482,0.23610,0.06610,0,0.98623,-0.00200,-0.00645,-0.16523,virtual,0,394.57,329.59,394.57,329.59,394.57,329.59,394.57,329.59,394.57,329.59,394.57,329.59,394.57,329.59,394.57,329.59,394.57,329.59,394.57,329.59,394.57,329.59,394.57,329.59,394.57,329.59,394.57,329.59,394.57,329.59,394.57,329.59,394.57,329.59,394.57,329.59,394.57,329.59,394.57,329.59,394.57,329.59,0.00000,0.00000,0.00000,0.00000,0.00000,0.00000,0.00000,0.00000,0.00000,0.00000,0.00000,0.00000,0.00000,0.00000,0.00000,0.00000,0.00000,0.00000,0.00000,0.00000,0.00000,0.00000,0.00000,0.00000,0.00000,0.00000,0.00000,0.00000,0.00000,0.00000,0.00000,0.00000,0.00000,0.00000,0.00000,0.00000,0.00000,0.00000,0.00000,0.00000,0.00000,0.00000,0.00000,0.00000,0.00000,0.00000,0.00000,0.00000,0.00000,0.00000,0.00000,0.00000,0.00000,0.00000,0.00000,0.00000,0.00000,0.00000,0.00000,0.00000,0.00000,0.00000,0.00000,0.00000,0.00000,0.00000,0.00000,0.00000,0.00000,0.00000,0.00000,0.00000,0.00000,0.00000,0.00000,0.00000,0.00000,0.00000,0.00000,0.00000,0.00000,0.00000,0.00000,0.00000
2.4000,1,1,0.00,0.00,33.33,0.06583,0.07909,0.48928,0.48922,0.48922,0.4500,0,1,0.23357,-0.07049,0.01049,0.23347,-0.07040,0.01036,0.03,0.00,0.48922,0.34235,0.12283,0.33765,1.11122,0.00002,0.16960,0.34249,0.12254,0.33727,1.11106,0.00000,-0.17000,36,0.22834,-0.06790,0.01484,0.23610,0.06610,0,0.98614,-0.00233,-0.00736,-0.16574,virtual,0,394.57,329.59,394.57,329.59,394.57,329.59,394.57,329.59,394.57,329.59,394.57,329.59,394.57,329.59,394.57,329.59,394.57,329.59,394.57,329.59,394.57,329.59,394.57,329.59,394.57,329.59,394.57,329.59,394.57,329.59,394.57,329.59,394.57,329.59,394.57,329.59,394.57,329.59,394.57,329.59,394.57,329.59,0.00000,0.00000,0.00000,0.00000,0.00000,0.00000,0.00000,0.00000,0.00000,0.00000,0.00000,0.00000,0.00000,0.00000,0.00000,0.00000,0.00000,0.00000,0.00000,0.00000,0.00000,0.00000,0.00000,0.00000,0.00000,0.00000,0.00000,0.00000,0.00000,0.00000,0.00000,0.00000,0.00000,0.00000,0.00000,0.00000,0.00000,0.00000,0.00000,0.00000,0.00000,0.00000,0.00000,0.00000,0.00000,0.00000,0.00000,0.00000,0.00000,0.00000,0.00000,0.00000,0.00000,0.00000,0.00000,0.00000,0.00000,0.00000,0.00000,0.00000,0.00000,0.00000,0.00000,0.00000,0.00000,0.00000,0.00000,0.00000,0.00000,0.00000,0.00000,0.00000,0.00000,0.00000,0.00000,0.00000,0.00000,0.00000,0.00000,0.00000,0.00000,0.00000,0.00000,0.00000
2.4333,1,1,0.00,0.00,33.33,0.06569,0.07892,0.48824,0.48720,0.48720,0.4500,0,1,0.23409,-0.07035,0.01066,0.23347,-0.07042,0.01035,0.55,0.00,0.48720,0.34244,0.12295,0.33763,1.11111,0.00003,0.16952,0.34249,0.12254,0.33727,1.11106,0.00000,-0.17000,36,0.22834,-0.06791,0.01482,0.23610,0.06610,0,0.98604,-0.00249,-0.00778,-0.16629,virtual,0,394.57,329.59,394.57,329.59,394.57,329.59,394.57,329.59,394.57,329.59,394.57,329.59,394.57,329.59,394.57,329.59,394.57,329.59,394.57,329.59,394.57,329.59,394.57,329.59,394.57,329.59,394.57,329.59,394.57,329.59,394.57,329.59,394.57,329.59,394.57,329.59,394.57,329.59,394.57,329.59,394.57,329.59,0.00000,0.00000,0.00000,0.00000,0.00000,0.00000,0.00000,0.00000,0.00000,0.00000,0.00000,0.00000,0.00000,0.00000,0.00000,0.00000,0.00000,0.00000,0.00000,0.00000,0.00000,0.00000,0.00000,0.00000,0.00000,0.00000,0.00000,0.00000,0.00000,0.00000,0.00000,0.00000,0.00000,0.00000,0.00000,0.00000,0.00000,0.00000,0.00000,0.00000,0.00000,0.00000,0.00000,0.00000,0.00000,0.00000,0.00000,0.00000,0.00000,0.00000,0.00000,0.00000,0.00000,0.00000,0.00000,0.00000,0.00000,0.00000,0.00000,0.00000,0.00000,0.00000,0.00000,0.00000,0.00000,0.00000,0.00000,0.00000,0.00000,0.00000,0.00000,0.00000,0.00000,0.00000,0.00000,0.00000,0.00000,0.00000,0.00000,0.00000,0.00000,0.00000,0.00000,0.00000
2.4667,1,1,0.00,0.00,33.33,0.06569,0.07892,0.48825,0.48826,0.48826,0.4500,0,1,0.23408,-0.07035,0.01066,0.23347,-0.07043,0.01036,0.55,0.00,0.48826,0.34248,0.12290,0.33761,1.11113,0.00004,0.16945,0.34249,0.12254,0.33727,1.11106,0.00000,-0.17000,36,0.22834,-0.06792,0.01484,0.23610,0.06610,0,0.98594,-0.00268,-0.00819,-0.16688,virtual,0,394.57,329.59,394.57,329.59,394.57,329.59,394.57,329.59,394.57,329.59,394.57,329.59,394.57,329.59,394.57,329.59,394.57,329.59,394.57,329.59,394.57,329.59,394.57,329.59,394.57,329.59,394.57,329.59,394.57,329.59,394.57,329.59,394.57,329.59,394.57,329.59,394.57,329.59,394.57,329.59,394.57,329.59,0.00000,0.00000,0.00000,0.00000,0.00000,0.00000,0.00000,0.00000,0.00000,0.00000,0.00000,0.00000,0.00000,0.00000,0.00000,0.00000,0.00000,0.00000,0.00000,0.00000,0.00000,0.00000,0.00000,0.00000,0.00000,0.00000,0.00000,0.00000,0.00000,0.00000,0.00000,0.00000,0.00000,0.00000,0.00000,0.00000,0.00000,0.00000,0.00000,0.00000,0.00000,0.00000,0.00000,0.00000,0.00000,0.00000,0.00000,0.00000,0.00000,0.00000,0.00000,0.00000,0.00000,0.00000,0.00000,0.00000,0.00000,0.00000,0.00000,0.00000,0.00000,0.00000,0.00000,0.00000,0.00000,0.00000,0.00000,0.00000,0.00000,0.00000,0.00000,0.00000,0.00000,0.00000,0.00000,0.00000,0.00000,0.00000,0.00000,0.00000,0.00000,0.00000,0.00000,0.00000
2.5000,1,1,0.00,0.00,33.33,0.06567,0.07890,0.48811,0.48798,0.48798,0.4500,0,1,0.23415,-0.07034,0.01068,0.23348,-0.07044,0.01036,0.62,0.00,0.48798,0.34249,0.12290,0.33758,1.11115,0.00004,0.16938,0.34249,0.12254,0.33727,1.11106,0.00000,-0.17000,36,0.22834,-0.06792,0.01484,0.23610,0.06610,0,0.98584,-0.00286,-0.00858,-0.16745,virtual,0,394.57,329.59,394.57,329.59,394.57,329.59,394.57,329.59,394.57,329.59,394.57,329.59,394.57,329.59,394.57,329.59,394.57,329.59,394.57,329.59,394.57,329.59,394.57,329.59,394.57,329.59,394.57,329.59,394.57,329.59,394.57,329.59,394.57,329.59,394.57,329.59,394.57,329.59,394.57,329.59,394.57,329.59,0.00000,0.00000,0.00000,0.00000,0.00000,0.00000,0.00000,0.00000,0.00000,0.00000,0.00000,0.00000,0.00000,0.00000,0.00000,0.00000,0.00000,0.00000,0.00000,0.00000,0.00000,0.00000,0.00000,0.00000,0.00000,0.00000,0.00000,0.00000,0.00000,0.00000,0.00000,0.00000,0.00000,0.00000,0.00000,0.00000,0.00000,0.00000,0.00000,0.00000,0.00000,0.00000,0.00000,0.00000,0.00000,0.00000,0.00000,0.00000,0.00000,0.00000,0.00000,0.00000,0.00000,0.00000,0.00000,0.00000,0.00000,0.00000,0.00000,0.00000,0.00000,0.00000,0.00000,0.00000,0.00000,0.00000,0.00000,0.00000,0.00000,0.00000,0.00000,0.00000,0.00000,0.00000,0.00000,0.00000,0.00000,0.00000,0.00000,0.00000,0.00000,0.00000,0.00000,0.00000
2.5333,1,1,0.00,0.00,33.33,0.06567,0.07890,0.48809,0.48807,0.48807,0.4500,0,1,0.23416,-0.07033,0.01069,0.23348,-0.07044,0.01037,0.63,0.00,0.48807,0.34250,0.12290,0.33756,1.11114,0.00004,0.16932,0.34249,0.12254,0.33727,1.11106,0.00000,-0.17000,36,0.22834,-0.06792,0.01484,0.23610,0.06610,0,0.98575,-0.00302,-0.00889,-0.16793,virtual,0,394.57,329.59,394.57,329.59,394.57,329.59,394.57,329.59,394.57,329.59,394.57,329.59,394.57,329.59,394.57,329.59,394.57,329.59,394.57,329.59,394.57,329.59,394.57,329.59,394.57,329.59,394.57,329.59,394.57,329.59,394.57,329.59,394.57,329.59,394.57,329.59,394.57,329.59,394.57,329.59,394.57,329.59,0.00000,0.00000,0.00000,0.00000,0.00000,0.00000,0.00000,0.00000,0.00000,0.00000,0.00000,0.00000,0.00000,0.00000,0.00000,0.00000,0.00000,0.00000,0.00000,0.00000,0.00000,0.00000,0.00000,0.00000,0.00000,0.00000,0.00000,0.00000,0.00000,0.00000,0.00000,0.00000,0.00000,0.00000,0.00000,0.00000,0.00000,0.00000,0.00000,0.00000,0.00000,0.00000,0.00000,0.00000,0.00000,0.00000,0.00000,0.00000,0.00000,0.00000,0.00000,0.00000,0.00000,0.00000,0.00000,0.00000,0.00000,0.00000,0.00000,0.00000,0.00000,0.00000,0.00000,0.00000,0.00000,0.00000,0.00000,0.00000,0.00000,0.00000,0.00000,0.00000,0.00000,0.00000,0.00000,0.00000,0.00000,0.00000,0.00000,0.00000,0.00000,0.00000,0.00000,0.00000
2.5667,1,1,0.00,0.00,33.33,0.06589,0.07916,0.48972,0.49136,0.49136,0.4500,0,1,0.23335,-0.07055,0.01042,0.23348,-0.07044,0.01037,0.26,0.00,0.49136,0.34251,0.12289,0.33755,1.11114,0.00004,0.16925,0.34249,0.12254,0.33727,1.11106,0.00000,-0.17000,36,0.22834,-0.06792,0.01485,0.23610,0.06610,0,0.98566,-0.00319,-0.00924,-0.16847,virtual,0,394.57,329.59,394.57,329.59,394.57,329.59,394.57,329.59,394.57,329.59,394.57,329.59,394.57,329.59,394.57,329.59,394.57,329.59,394.57,329.59,394.57,329.59,394.57,329.59,394.57,329.59,394.57,329.59,394.57,329.59,394.57,329.59,394.57,329.59,394.57,329.59,394.57,329.59,394.57,329.59,394.57,329.59,0.00000,0.00000,0.00000,0.00000,0.00000,0.00000,0.00000,0.00000,0.00000,0.00000,0.00000,0.00000,0.00000,0.00000,0.00000,0.00000,0.00000,0.00000,0.00000,0.00000,0.00000,0.00000,0.00000,0.00000,0.00000,0.00000,0.00000,0.00000,0.00000,0.00000,0.00000,0.00000,0.00000,0.00000,0.00000,0.00000,0.00000,0.00000,0.00000,0.00000,0.00000,0.00000,0.00000,0.00000,0.00000,0.00000,0.00000,0.00000,0.00000,0.00000,0.00000,0.00000,0.00000,0.00000,0.00000,0.00000,0.00000,0.00000,0.00000,0.00000,0.00000,0.00000,0.00000,0.00000,0.00000,0.00000,0.00000,0.00000,0.00000,0.00000,0.00000,0.00000,0.00000,0.00000,0.00000,0.00000,0.00000,0.00000,0.00000,0.00000,0.00000,0.00000,0.00000,0.00000
2.6000,1,1,0.00,0.00,33.33,0.06591,0.07919,0.48991,0.49009,0.49009,0.4500,0,1,0.23325,-0.07058,0.01039,0.23349,-0.07045,0.01037,0.36,0.00,0.49009,0.34251,0.12288,0.33754,1.11113,0.00004,0.16918,0.34249,0.12254,0.33727,1.11106,0.00000,-0.17000,36,0.22834,-0.06792,0.01485,0.23610,0.06610,0,0.98556,-0.00336,-0.00957,-0.16900,virtual,0,394.57,329.59,394.57,329.59,394.57,329.59,394.57,329.59,394.57,329.59,394.57,329.59,394.57,329.59,394.57,329.59,394.57,329.59,394.57,329.59,394.57,329.59,394.57,329.59,394.57,329.59,394.57,329.59,394.57,329.59,394.57,329.59,394.57,329.59,394.57,329.59,394.57,329.59,394.57,329.59,394.57,329.59,0.00000,0.00000,0.00000,0.00000,0.00000,0.00000,0.00000,0.00000,0.00000,0.00000,0.00000,0.00000,0.00000,0.00000,0.00000,0.00000,0.00000,0.00000,0.00000,0.00000,0.00000,0.00000,0.00000,0.00000,0.00000,0.00000,0.00000,0.00000,0.00000,0.00000,0.00000,0.00000,0.00000,0.00000,0.00000,0.00000,0.00000,0.00000,0.00000,0.00000,0.00000,0.00000,0.00000,0.00000,0.00000,0.00000,0.00000,0.00000,0.00000,0.00000,0.00000,0.00000,0.00000,0.00000,0.00000,0.00000,0.00000,0.00000,0.00000,0.00000,0.00000,0.00000,0.00000,0.00000,0.00000,0.00000,0.00000,0.00000,0.00000,0.00000,0.00000,0.00000,0.00000,0.00000,0.00000,0.00000,0.00000,0.00000,0.00000,0.00000,0.00000,0.00000,0.00000,0.00000
2.6333,1,1,0.00,0.00,33.33,0.06586,0.07707,0.48958,0.48924,0.48924,0.4500,0,1,0.23342,-0.07052,0.01252,0.23331,-0.07050,0.01252,0.26,0.00,0.48924,0.34306,0.11503,0.33057,1.12659,0.00002,0.16913,0.34293,0.11594,0.33135,1.12345,0.00000,-0.17000,36,0.22798,-0.06791,0.01675,0.23610,0.06610,0,0.98542,-0.00339,-0.00886,-0.16989,virtual,0,394.54,324.90,394.54,324.90,394.54,324.90,394.54,324.90,394.54,324.90,394.54,324.90,394.54,324.90,394.54,324.90,394.54,324.90,394.54,324.90,394.54,324.90,394.54,324.90,394.54,324.90,394.54,324.90,394.54,324.90,394.54,324.90,394.54,324.90,394.54,324.90,394.54,324.90,394.54,324.90,394.54,324.90,0.00000,0.00000,0.00000,0.00000,0.00000,0.00000,0.00000,0.00000,0.00000,0.00000,0.00000,0.00000,0.00000,0.00000,0.00000,0.00000,0.00000,0.00000,0.00000,0.00000,0.00000,0.00000,0.00000,0.00000,0.00000,0.00000,0.00000,0.00000,0.00000,0.00000,0.00000,0.00000,0.00000,0.00000,0.00000,0.00000,0.00000,0.00000,0.00000,0.00000,0.00000,0.00000,0.00000,0.00000,0.00000,0.00000,0.00000,0.00000,0.00000,0.00000,0.00000,0.00000,0.00000,0.00000,0.00000,0.00000,0.00000,0.00000,0.00000,0.00000,0.00000,0.00000,0.00000,0.00000,0.00000,0.00000,0.00000,0.00000,0.00000,0.00000,0.00000,0.00000,0.00000,0.00000,0.00000,0.00000,0.00000,0.00000,0.00000,0.00000,0.00000,0.00000,0.00000,0.00000
2.6667,1,1,0.00,0.00,33.33,0.06566,0.07377,0.48828,0.48698,0.48698,0.4500,0,1,0.23407,-0.07032,0.01581,0.23419,-0.07043,0.01619,0.37,0.01,0.48698,0.34128,0.10920,0.30884,1.15405,0.00000,0.16905,0.34111,0.10977,0.31397,1.14691,0.00000,-0.17000,36,0.22901,-0.06794,0.02034,0.23610,0.06610,0,0.98542,-0.00361,-0.00914,-0.16983,virtual,0,394.51,320.22,394.51,320.22,394.51,320.22,394.51,320.22,394.51,320.22,394.51,320.22,394.51,320.22,394.51,320.22,394.51,320.22,394.51,320.22,394.51,320.22,394.51,320.22,394.51,320.22,394.51,320.22,394.51,320.22,394.51,320.22,394.51,320.22,394.51,320.22,394.51,320.22,394.51,320.22,394.51,320.22,0.00000,0.00000,0.00000,0.00000,0.00000,0.00000,0.00000,0.00000,0.00000,0.00000,0.00000,0.00000,0.00000,0.00000,0.00000,0.00000,0.00000,0.00000,0.00000,0.00000,0.00000,0.00000,0.00000,0.00000,0.00000,0.00000,0.00000,0.00000,0.00000,0.00000,0.00000,0.00000,0.00000,0.00000,0.00000,0.00000,0.00000,0.00000,0.00000,0.00000,0.00000,0.00000,0.00000,0.00000,0.00000,0.00000,0.00000,0.00000,0.00000,0.00000,0.00000,0.00000,0.00000,0.00000,0.00000,0.00000,0.00000,0.00000,0.00000,0.00000,0.00000,0.00000,0.00000,0.00000,0.00000,0.00000,0.00000,0.00000,0.00000,0.00000,0.00000,0.00000,0.00000,0.00000,0.00000,0.00000,0.00000,0.00000,0.00000,0.00000,0.00000,0.00000,0.00000,0.00000
2.7000,1,1,0.00,0.00,33.33,0.06538,0.06990,0.48647,0.48465,0.48465,0.4500,0,1,0.23498,-0.07005,0.01968,0.23494,-0.07013,0.01991,0.42,0.01,0.48465,0.33875,0.10345,0.28682,1.18255,-0.00001,0.16900,0.33845,0.10394,0.29124,1.17543,0.00000,-0.17000,36,0.22971,-0.06778,0.02393,0.23610,0.06610,0,0.98547,-0.00369,-0.00878,-0.16957,virtual,0,394.46,315.52,394.46,315.52,394.46,315.52,394.46,315.52,394.46,315.52,394.46,315.52,394.46,315.52,394.46,315.52,394.46,315.52,394.46,315.52,394.46,315.52,394.46,315.52,394.46,315.52,394.46,315.52,394.46,315.52,394.46,315.52,394.46,315.52,394.46,315.52,394.46,315.52,394.46,315.52,394.46,315.52,0.00000,0.00000,0.00000,0.00000,0.00000,0.00000,0.00000,0.00000,0.00000,0.00000,0.00000,0.00000,0.00000,0.00000,0.00000,0.00000,0.00000,0.00000,0.00000,0.00000,0.00000,0.00000,0.00000,0.00000,0.00000,0.00000,0.00000,0.00000,0.00000,0.00000,0.00000,0.00000,0.00000,0.00000,0.00000,0.00000,0.00000,0.00000,0.00000,0.00000,0.00000,0.00000,0.00000,0.00000,0.00000,0.00000,0.00000,0.00000,0.00000,0.00000,0.00000,0.00000,0.00000,0.00000,0.00000,0.00000,0.00000,0.00000,0.00000,0.00000,0.00000,0.00000,0.00000,0.00000,0.00000,0.00000,0.00000,0.00000,0.00000,0.00000,0.00000,0.00000,0.00000,0.00000,0.00000,0.00000,0.00000,0.00000,0.00000,0.00000,0.00000,0.00000,0.00000,0.00000
2.7333,1,1,0.00,0.00,33.33,0.06532,0.06600,0.48624,0.48602,0.48602,0.4500,0,1,0.23509,-0.06998,0.02359,0.23527,-0.06997,0.02409,0.47,0.01,0.48602,0.33748,0.09120,0.27017,1.20951,-0.00000,0.16893,0.33787,0.09385,0.27403,1.20277,0.00000,-0.17000,36,0.23013,-0.06760,0.02810,0.23610,0.06610,0,0.98549,-0.00404,-0.01033,-0.16939,virtual,0,394.42,310.81,394.42,310.81,394.42,310.81,394.42,310.81,394.42,310.81,394.42,310.81,394.42,310.81,394.42,310.81,394.42,310.81,394.42,310.81,394.42,310.81,394.42,310.81,394.42,310.81,394.42,310.81,394.42,310.81,394.42,310.81,394.42,310.81,394.42,310.81,394.42,310.81,394.42,310.81,394.42,310.81,0.00000,0.00000,0.00000,0.00000,0.00000,0.00000,0.00000,0.00000,0.00000,0.00000,0.00000,0.00000,0.00000,0.00000,0.00000,0.00000,0.00000,0.00000,0.00000,0.00000,0.00000,0.00000,0.00000,0.00000,0.00000,0.00000,0.00000,0.00000,0.00000,0.00000,0.00000,0.00000,0.00000,0.00000,0.00000,0.00000,0.00000,0.00000,0.00000,0.00000,0.00000,0.00000,0.00000,0.00000,0.00000,0.00000,0.00000,0.00000,0.00000,0.00000,0.00000,0.00000,0.00000,0.00000,0.00000,0.00000,0.00000,0.00000,0.00000,0.00000,0.00000,0.00000,0.00000,0.00000,0.00000,0.00000,0.00000,0.00000,0.00000,0.00000,0.00000,0.00000,0.00000,0.00000,0.00000,0.00000,0.00000,0.00000,0.00000,0.00000,0.00000,0.00000,0.00000,0.00000
2.7667,1,1,0.00,0.00,33.33,0.06545,0.06213,0.48745,0.48866,0.48866,0.4500,0,1,0.23448,-0.07011,0.02745,0.23399,-0.06988,0.02703,0.53,0.01,0.48866,0.33913,0.07844,0.26342,1.23308,0.00000,0.16879,0.33929,0.07968,0.26253,1.22849,0.00000,-0.17000,36,0.22882,-0.06746,0.03089,0.23610,0.06610,0,0.98527,-0.00384,-0.00840,-0.17074,virtual,0,394.38,306.10,394.38,306.10,394.38,306.10,394.38,306.10,394.38,306.10,394.38,306.10,394.38,306.10,394.38,306.10,394.38,306.10,394.38,306.10,394.38,306.10,394.38,306.10,394.38,306.10,394.38,306.10,394.38,306.10,394.38,306.10,394.38,306.10,394.38,306.10,394.38,306.10,394.38,306.10,394.38,306.10,0.00000,0.00000,0.00000,0.00000,0.00000,0.00000,0.00000,0.00000,0.00000,0.00000,0.00000,0.00000,0.00000,0.00000,0.00000,0.00000,0.00000,0.00000,0.00000,0.00000,0.00000,0.00000,0.00000,0.00000,0.00000,0.00000,0.00000,0.00000,0.00000,0.00000,0.00000,0.00000,0.00000,0.00000,0.00000,0.00000,0.00000,0.00000,0.00000,0.00000,0.00000,0.00000,0.00000,0.00000,0.00000,0.00000,0.00000,0.00000,0.00000,0.00000,0.00000,0.00000,0.00000,0.00000,0.00000,0.00000,0.00000,0.00000,0.00000,0.00000,0.00000,0.00000,0.00000,0.00000,0.00000,0.00000,0.00000,0.00000,0.00000,0.00000,0.00000,0.00000,0.00000,0.00000,0.00000,0.00000,0.00000,0.00000,0.00000,0.00000,0.00000,0.00000,0.00000,0.00000
2.8000,1,1,0.00,0.00,33.33,0.06558,0.05820,0.48856,0.48967,0.48967,0.4500,0,1,0.23393,-0.07024,0.03138,0.23395,-0.07024,0.03182,0.53,0.01,0.48967,0.34083,0.06240,0.24729,1.26133,0.00000,0.16875,0.34078,0.06600,0.24959,1.25510,0.00000,-0.17000,36,0.22877,-0.06780,0.03571,0.23610,0.06610,0,0.98500,-0.00436,-0.01065,-0.17219,virtual,0,394.38,301.42,394.38,301.42,394.38,301.42,394.38,301.42,394.38,301.42,394.38,301.42,394.38,301.42,394.38,301.42,394.38,301.42,394.38,301.42,394.38,301.42,394.38,301.42,394.38,301.42,394.38,301.42,394.38,301.42,394.38,301.42,394.38,301.42,394.38,301.42,394.38,301.42,394.38,301.42,394.38,301.42,0.00000,0.00000,0.00000,0.00000,0.00000,0.00000,0.00000,0.00000,0.00000,0.00000,0.00000,0.00000,0.00000,0.00000,0.00000,0.00000,0.00000,0.00000,0.00000,0.00000,0.00000,0.00000,0.00000,0.00000,0.00000,0.00000,0.00000,0.00000,0.00000,0.00000,0.00000,0.00000,0.00000,0.00000,0.00000,0.00000,0.00000,0.00000,0.00000,0.00000,0.00000,0.00000,0.00000,0.00000,0.00000,0.00000,0.00000,0.00000,0.00000,0.00000,0.00000,0.00000,0.00000,0.00000,0.00000,0.00000,0.00000,0.00000,0.00000,0.00000,0.00000,0.00000,0.00000,0.00000,0.00000,0.00000,0.00000,0.00000,0.00000,0.00000,0.00000,0.00000,0.00000,0.00000,0.00000,0.00000,0.00000,0.00000,0.00000,0.00000,0.00000,0.00000,0.00000,0.00000
2.8333,1,1,0.00,0.00,33.33,0.06549,0.05406,0.48810,0.48764,0.48764,0.4500,0,1,0.23416,-0.07015,0.03552,0.23373,-0.07001,0.03549,0.47,0.01,0.48764,0.34013,0.05897,0.22302,1.29441,0.00000,0.16871,0.34014,0.05773,0.22805,1.28484,0.00000,-0.17000,36,0.22855,-0.06763,0.03930,0.23610,0.06610,0,0.98497,-0.00402,-0.00797,-0.17248,virtual,0,394.34,296.74,394.34,296.74,394.34,296.74,394.34,296.74,394.34,296.74,394.34,296.74,394.34,296.74,394.34,296.74,394.34,296.74,394.34,296.74,394.34,296.74,394.34,296.74,394.34,296.74,394.34,296.74,394.34,296.74,394.34,296.74,394.34,296.74,394.34,296.74,394.34,296.74,394.34,296.74,394.34,296.74,0.00000,0.00000,0.00000,0.00000,0.00000,0.00000,0.00000,0.00000,0.00000,0.00000,0.00000,0.00000,0.00000,0.00000,0.00000,0.00000,0.00000,0.00000,0.00000,0.00000,0.00000,0.00000,0.00000,0.00000,0.00000,0.00000,0.00000,0.00000,0.00000,0.00000,0.00000,0.00000,0.00000,0.00000,0.00000,0.00000,0.00000,0.00000,0.00000,0.00000,0.00000,0.00000,0.00000,0.00000,0.00000,0.00000,0.00000,0.00000,0.00000,0.00000,0.00000,0.00000,0.00000,0.00000,0.00000,0.00000,0.00000,0.00000,0.00000,0.00000,0.00000,0.00000,0.00000,0.00000,0.00000,0.00000,0.00000,0.00000,0.00000,0.00000,0.00000,0.00000,0.00000,0.00000,0.00000,0.00000,0.00000,0.00000,0.00000,0.00000,0.00000,0.00000,0.00000,0.00000
2.8667,1,1,0.00,0.00,33.33,0.06535,0.04987,0.48717,0.48623,0.48623,0.4500,0,1,0.23463,-0.07001,0.03971,0.23501,-0.07016,0.04024,0.43,0.01,0.48623,0.33878,0.05191,0.19637,1.32173,-0.00000,0.16864,0.33880,0.05240,0.20268,1.31551,0.00000,-0.17000,36,0.22982,-0.06779,0.04382,0.23610,0.06610,0,0.98495,-0.00470,-0.01133,-0.17241,virtual,0,394.34,292.07,394.34,292.07,394.34,292.07,394.34,292.07,394.34,292.07,394.34,292.07,394.34,292.07,394.34,292.07,394.34,292.07,394.34,292.07,394.34,292.07,394.34,292.07,394.34,292.07,394.34,292.07,394.34,292.07,394.34,292.07,394.34,292.07,394.34,292.07,394.34,292.07,394.34,292.07,394.34,292.07,0.00000,0.00000,0.00000,0.00000,0.00000,0.00000,0.00000,0.00000,0.00000,0.00000,0.00000,0.00000,0.00000,0.00000,0.00000,0.00000,0.00000,0.00000,0.00000,0.00000,0.00000,0.00000,0.00000,0.00000,0.00000,0.00000,0.00000,0.00000,0.00000,0.00000,0.00000,0.00000,0.00000,0.00000,0.00000,0.00000,0.00000,0.00000,0.00000,0.00000,0.00000,0.00000,0.00000,0.00000,0.00000,0.00000,0.00000,0.00000,0.00000,0.00000,0.00000,0.00000,0.00000,0.00000,0.00000,0.00000,0.00000,0.00000,0.00000,0.00000,0.00000,0.00000,0.00000,0.00000,0.00000,0.00000,0.00000,0.00000,0.00000,0.00000,0.00000,0.00000,0.00000,0.00000,0.00000,0.00000,0.00000,0.00000,0.00000,0.00000,0.00000,0.00000,0.00000,0.00000
2.9000,1,1,0.00,0.00,33.33,0.06524,0.04572,0.48667,0.48617,0.48617,0.4500,0,1,0.23487,-0.06991,0.04386,0.23473,-0.06985,0.04426,0.43,0.01,0.48617,0.33779,0.04618,0.17288,1.35406,-0.00000,0.16859,0.33788,0.04691,0.17814,1.34555,0.00000,-0.17000,36,0.22953,-0.06747,0.04774,0.23610,0.06610,0,0.98496,-0.00453,-0.00960,-0.17245,virtual,0,394.26,287.39,394.26,287.39,394.26,287.39,394.26,287.39,394.26,287.39,394.26,287.39,394.26,287.39,394.26,287.39,394.26,287.39,394.26,287.39,394.26,287.39,394.26,287.39,394.26,287.39,394.26,287.39,394.26,287.39,394.26,287.39,394.26,287.39,394.26,287.39,394.26,287.39,394.26,287.39,394.26,287.39,0.00000,0.00000,0.00000,0.00000,0.00000,0.00000,0.00000,0.00000,0.00000,0.00000,0.00000,0.00000,0.00000,0.00000,0.00000,0.00000,0.00000,0.00000,0.00000,0.00000,0.00000,0.00000,0.00000,0.00000,0.00000,0.00000,0.00000,0.00000,0.00000,0.00000,0.00000,0.00000,0.00000,0.00000,0.00000,0.00000,0.00000,0.00000,0.00000,0.00000,0.00000,0.00000,0.00000,0.00000,0.00000,0.00000,0.00000,0.00000,0.00000,0.00000,0.00000,0.00000,0.00000,0.00000,0.00000,0.00000,0.00000,0.00000,0.00000,0.00000,0.00000,0.00000,0.00000,0.00000,0.00000,0.00000,0.00000,0.00000,0.00000,0.00000,0.00000,0.00000,0.00000,0.00000,0.00000,0.00000,0.00000,0.00000,0.00000,0.00000,0.00000,0.00000,0.00000,0.00000
2.9333,1,1,0.00,0.00,33.33,0.06539,0.04172,0.48799,0.48932,0.48932,0.4500,0,1,0.23421,-0.07005,0.04786,0.23398,-0.06999,0.04830,0.47,0.01,0.48932,0.33962,0.03311,0.15891,1.37993,0.00000,0.16854,0.33945,0.03655,0.16114,1.37297,0.00000,-0.17000,36,0.22878,-0.06754,0.05168,0.23610,0.06610,0,0.98473,-0.00477,-0.01030,-0.17370,virtual,0,394.23,282.73,394.23,282.73,394.23,282.73,394.23,282.73,394.23,282.73,394.23,282.73,394.23,282.73,394.23,282.73,394.23,282.73,394.23,282.73,394.23,282.73,394.23,282.73,394.23,282.73,394.23,282.73,394.23,282.73,394.23,282.73,394.23,282.73,394.23,282.73,394.23,282.73,394.23,282.73,394.23,282.73,0.00000,0.00000,0.00000,0.00000,0.00000,0.00000,0.00000,0.00000,0.00000,0.00000,0.00000,0.00000,0.00000,0.00000,0.00000,0.00000,0.00000,0.00000,0.00000,0.00000,0.00000,0.00000,0.00000,0.00000,0.00000,0.00000,0.00000,0.00000,0.00000,0.00000,0.00000,0.00000,0.00000,0.00000,0.00000,0.00000,0.00000,0.00000,0.00000,0.00000,0.00000,0.00000,0.00000,0.00000,0.00000,0.00000,0.00000,0.00000,0.00000,0.00000,0.00000,0.00000,0.00000,0.00000,0.00000,0.00000,0.00000,0.00000,0.00000,0.00000,0.00000,0.00000,0.00000,0.00000,0.00000,0.00000,0.00000,0.00000,0.00000,0.00000,0.00000,0.00000,0.00000,0.00000,0.00000,0.00000,0.00000,0.00000,0.00000,0.00000,0.00000,0.00000,0.00000,0.00000
2.9667,1,1,0.00,0.00,33.33,0.06564,0.03777,0.49003,0.49207,0.49207,0.4500,0,1,0.23319,-0.07030,0.05181,0.23313,-0.07022,0.05195,0.49,0.01,0.49207,0.34208,0.02354,0.14337,1.40588,0.00000,0.16850,0.34216,0.02425,0.14680,1.39963,0.00000,-0.17000,36,0.22793,-0.06775,0.05506,0.23610,0.06610,0,0.98444,-0.00476,-0.00942,-0.17540,virtual,0,394.22,278.09,394.22,278.09,394.22,278.09,394.22,278.09,394.22,278.09,394.22,278.09,394.22,278.09,394.22,278.09,394.22,278.09,394.22,278.09,394.22,278.09,394.22,278.09,394.22,278.09,394.22,278.09,394.22,278.09,394.22,278.09,394.22,278.09,394.22,278.09,394.22,278.09,394.22,278.09,394.22,278.09,0.00000,0.00000,0.00000,0.00000,0.00000,0.00000,0.00000,0.00000,0.00000,0.00000,0.00000,0.00000,0.00000,0.00000,0.00000,0.00000,0.00000,0.00000,0.00000,0.00000,0.00000,0.00000,0.00000,0.00000,0.00000,0.00000,0.00000,0.00000,0.00000,0.00000,0.00000,0.00000,0.00000,0.00000,0.00000,0.00000,0.00000,0.00000,0.00000,0.00000,0.00000,0.00000,0.00000,0.00000,0.00000,0.00000,0.00000,0.00000,0.00000,0.00000,0.00000,0.00000,0.00000,0.00000,0.00000,0.00000,0.00000,0.00000,0.00000,0.00000,0.00000,0.00000,0.00000,0.00000,0.00000,0.00000,0.00000,0.00000,0.00000,0.00000,0.00000,0.00000,0.00000,0.00000,0.00000,0.00000,0.00000,0.00000,0.00000,0.00000,0.00000,0.00000,0.00000,0.00000
3.0000,1,1,0.00,0.00,33.33,0.06585,0.03378,0.49176,0.49348,0.49348,0.4500,0,1,0.23233,-0.07051,0.05580,0.23220,-0.07043,0.05634,0.47,0.01,0.49348,0.34454,0.01041,0.12678,1.43426,0.00000,0.16845,0.34455,0.01360,0.13002,1.42705,0.00000,-0.17000,36,0.22706,-0.06797,0.05933,0.23610,0.06610,0,0.98412,-0.00503,-0.01036,-0.17713,virtual,0,394.20,273.46,394.20,273.46,394.20,273.46,394.20,273.46,394.20,273.46,394.20,273.46,394.20,273.46,394.20,273.46,394.20,273.46,394.20,273.46,394.20,273.46,394.20,273.46,394.20,273.46,394.20,273.46,394.20,273.46,394.20,273.46,394.20,273.46,394.20,273.46,394.20,273.46,394.20,273.46,394.20,273.46,0.00000,0.00000,0.00000,0.00000,0.00000,0.00000,0.00000,0.00000,0.00000,0.00000,0.00000,0.00000,0.00000,0.00000,0.00000,0.00000,0.00000,0.00000,0.00000,0.00000,0.00000,0.00000,0.00000,0.00000,0.00000,0.00000,0.00000,0.00000,0.00000,0.00000,0.00000,0.00000,0.00000,0.00000,0.00000,0.00000,0.00000,0.00000,0.00000,0.00000,0.00000,0.00000,0.00000,0.00000,0.00000,0.00000,0.00000,0.00000,0.00000,0.00000,0.00000,0.00000,0.00000,0.00000,0.00000,0.00000,0.00000,0.00000,0.00000,0.00000,0.00000,0.00000,0.00000,0.00000,0.00000,0.00000,0.00000,0.00000,0.00000,0.00000,0.00000,0.00000,0.00000,0.00000,0.00000,0.00000,0.00000,0.00000,0.00000,0.00000,0.00000,0.00000,0.00000,0.00000
3.0333,1,1,0.00,0.00,33.33,0.06573,0.02965,0.49096,0.49016,0.49016,0.4500,0,1,0.23273,-0.07039,0.05993,0.23204,-0.07017,0.05954,0.38,0.01,0.49016,0.34360,0.01324,0.09906,1.46442,-0.00000,0.16836,0.34355,0.01233,0.10042,1.45781,0.00000,-0.17000,36,0.22696,-0.06781,0.06268,0.23610,0.06610,0,0.98411,-0.00475,-0.00833,-0.17729,virtual,0,394.19,268.86,394.19,268.86,394.19,268.86,394.19,268.86,394.19,268.86,394.19,268.86,394.19,268.86,394.19,268.86,394.19,268.86,394.19,268.86,394.19,268.86,394.19,268.86,394.19,268.86,394.19,268.86,394.19,268.86,394.19,268.86,394.19,268.86,394.19,268.86,394.19,268.86,394.19,268.86,394.19,268.86,0.00000,0.00000,0.00000,0.00000,0.00000,0.00000,0.00000,0.00000,0.00000,0.00000,0.00000,0.00000,0.00000,0.00000,0.00000,0.00000,0.00000,0.00000,0.00000,0.00000,0.00000,0.00000,0.00000,0.00000,0.00000,0.00000,0.00000,0.00000,0.00000,0.00000,0.00000,0.00000,0.00000,0.00000,0.00000,0.00000,0.00000,0.00000,0.00000,0.00000,0.00000,0.00000,0.00000,0.00000,0.00000,0.00000,0.00000,0.00000,0.00000,0.00000,0.00000,0.00000,0.00000,0.00000,0.00000,0.00000,0.00000,0.00000,0.00000,0.00000,0.00000,0.00000,0.00000,0.00000,0.00000,0.00000,0.00000,0.00000,0.00000,0.00000,0.00000,0.00000,0.00000,0.00000,0.00000,0.00000,0.00000,0.00000,0.00000,0.00000,0.00000,0.00000,0.00000,0.00000
3.0667,1,1,0.00,0.00,33.33,0.06577,0.02557,0.49093,0.49089,0.49089,0.4500,0,1,0.23275,-0.07043,0.06401,0.23361,-0.07072,0.06536,0.38,0.01,0.49089,0.34355,0.01036,0.06036,1.49543,-0.00000,0.16822,0.34365,0.01053,0.07229,1.48776,0.00000,-0.17000,36,0.22844,-0.06829,0.06828,0.23610,0.06610,0,0.98397,-0.00571,-0.01375,-0.17769,virtual,0,394.30,264.27,394.30,264.27,394.30,264.27,394.30,264.27,394.30,264.27,394.30,264.27,394.30,264.27,394.30,264.27,394.30,264.27,394.30,264.27,394.30,264.27,394.30,264.27,394.30,264.27,394.30,264.27,394.30,264.27,394.30,264.27,394.30,264.27,394.30,264.27,394.30,264.27,394.30,264.27,394.30,264.27,0.00000,0.00000,0.00000,0.00000,0.00000,0.00000,0.00000,0.00000,0.00000,0.00000,0.00000,0.00000,0.00000,0.00000,0.00000,0.00000,0.00000,0.00000,0.00000,0.00000,0.00000,0.00000,0.00000,0.00000,0.00000,0.00000,0.00000,0.00000,0.00000,0.00000,0.00000,0.00000,0.00000,0.00000,0.00000,0.00000,0.00000,0.00000,0.00000,0.00000,0.00000,0.00000,0.00000,0.00000,0.00000,0.00000,0.00000,0.00000,0.00000,0.00000,0.00000,0.00000,0.00000,0.00000,0.00000,0.00000,0.00000,0.00000,0.00000,0.00000,0.00000,0.00000,0.00000,0.00000,0.00000,0.00000,0.00000,0.00000,0.00000,0.00000,0.00000,0.00000,0.00000,0.00000,0.00000,0.00000,0.00000,0.00000,0.00000,0.00000,0.00000,0.00000,0.00000,0.00000
3.1000,1,1,0.00,0.00,33.33,0.06603,0.02361,0.49272,0.49451,0.49451,0.4500,0,1,0.23185,-0.07069,0.06597,0.23224,-0.07075,0.06582,0.27,0.00,0.49451,0.34592,0.00378,0.06462,1.50118,-0.00000,0.16805,0.34616,0.00343,0.06541,1.50190,0.00000,-0.17000,36,0.22711,-0.06828,0.06856,0.23610,0.06610,0,0.98372,-0.00553,-0.01223,-0.17923,virtual,0,394.30,264.27,394.30,264.27,394.30,264.27,394.30,264.27,394.30,264.27,394.30,264.27,394.30,264.27,394.30,264.27,394.30,264.27,394.30,264.27,394.30,264.27,394.30,264.27,394.30,264.27,394.30,264.27,394.30,264.27,394.30,264.27,394.30,264.27,394.30,264.27,394.30,264.27,394.30,264.27,394.30,264.27,0.00000,0.00000,0.00000,0.00000,0.00000,0.00000,0.00000,0.00000,0.00000,0.00000,0.00000,0.00000,0.00000,0.00000,0.00000,0.00000,0.00000,0.00000,0.00000,0.00000,0.00000,0.00000,0.00000,0.00000,0.00000,0.00000,0.00000,0.00000,0.00000,0.00000,0.00000,0.00000,0.00000,0.00000,0.00000,0.00000,0.00000,0.00000,0.00000,0.00000,0.00000,0.00000,0.00000,0.00000,0.00000,0.00000,0.00000,0.00000,0.00000,0.00000,0.00000,0.00000,0.00000,0.00000,0.00000,0.00000,0.00000,0.00000,0.00000,0.00000,0.00000,0.00000,0.00000,0.00000,0.00000,0.00000,0.00000,0.00000,0.00000,0.00000,0.00000,0.00000,0.00000,0.00000,0.00000,0.00000,0.00000,0.00000,0.00000,0.00000,0.00000,0.00000,0.00000,0.00000
3.1333,1,1,0.00,0.00,33.33,0.06380,0.02246,0.49097,0.48922,0.48922,0.4500,0,1,0.23272,-0.06846,0.06712,0.23266,-0.06767,0.06709,0.18,0.00,0.48922,0.33112,0.00216,0.05688,1.51358,-0.00000,0.16797,0.33531,0.00279,0.05683,1.51111,0.00000,-0.17000,36,0.22745,-0.06531,0.06980,0.23610,0.06610,0,0.98494,-0.00533,-0.01120,-0.17247,virtual,0,389.75,264.14,389.75,264.14,389.75,264.14,389.75,264.14,389.75,264.14,389.75,264.14,389.75,264.14,389.75,264.14,389.75,264.14,389.75,264.14,389.75,264.14,389.75,264.14,389.75,264.14,389.75,264.14,389.75,264.14,389.75,264.14,389.75,264.14,389.75,264.14,389.75,264.14,389.75,264.14,389.75,264.14,0.00000,0.00000,0.00000,0.00000,0.00000,0.00000,0.00000,0.00000,0.00000,0.00000,0.00000,0.00000,0.00000,0.00000,0.00000,0.00000,0.00000,0.00000,0.00000,0.00000,0.00000,0.00000,0.00000,0.00000,0.00000,0.00000,0.00000,0.00000,0.00000,0.00000,0.00000,0.00000,0.00000,0.00000,0.00000,0.00000,0.00000,0.00000,0.00000,0.00000,0.00000,0.00000,0.00000,0.00000,0.00000,0.00000,0.00000,0.00000,0.00000,0.00000,0.00000,0.00000,0.00000,0.00000,0.00000,0.00000,0.00000,0.00000,0.00000,0.00000,0.00000,0.00000,0.00000,0.00000,0.00000,0.00000,0.00000,0.00000,0.00000,0.00000,0.00000,0.00000,0.00000,0.00000,0.00000,0.00000,0.00000,0.00000,0.00000,0.00000,0.00000,0.00000,0.00000,0.00000
3.1667,1,1,0.00,0.00,33.33,0.06094,0.02194,0.49234,0.49371,0.49371,0.4500,0,1,0.23204,-0.06560,0.06764,0.23157,-0.06551,0.06702,0.25,0.01,0.49371,0.32286,-0.00994,0.07177,1.51308,0.00000,0.16797,0.32333,-0.01039,0.06901,1.51227,0.00000,-0.17000,36,0.22639,-0.06329,0.06970,0.23610,0.06610,0,0.98554,-0.00514,-0.00988,-0.16906,virtual,0,385.19,264.05,385.19,264.05,385.19,264.05,385.19,264.05,385.19,264.05,385.19,264.05,385.19,264.05,385.19,264.05,385.19,264.05,385.19,264.05,385.19,264.05,385.19,264.05,385.19,264.05,385.19,264.05,385.19,264.05,385.19,264.05,385.19,264.05,385.19,264.05,385.19,264.05,385.19,264.05,385.19,264.05,0.00000,0.00000,0.00000,0.00000,0.00000,0.00000,0.00000,0.00000,0.00000,0.00000,0.00000,0.00000,0.00000,0.00000,0.00000,0.00000,0.00000,0.00000,0.00000,0.00000,0.00000,0.00000,0.00000,0.00000,0.00000,0.00000,0.00000,0.00000,0.00000,0.00000,0.00000,0.00000,0.00000,0.00000,0.00000,0.00000,0.00000,0.00000,0.00000,0.00000,0.00000,0.00000,0.00000,0.00000,0.00000,0.00000,0.00000,0.00000,0.00000,0.00000,0.00000,0.00000,0.00000,0.00000,0.00000,0.00000,0.00000,0.00000,0.00000,0.00000,0.00000,0.00000,0.00000,0.00000,0.00000,0.00000,0.00000,0.00000,0.00000,0.00000,0.00000,0.00000,0.00000,0.00000,0.00000,0.00000,0.00000,0.00000,0.00000,0.00000,0.00000,0.00000,0.00000,0.00000
3.2000,1,1,0.00,0.00,33.33,0.05725,0.02155,0.49094,0.48953,0.48953,0.4500,0,1,0.23274,-0.06191,0.06803,0.23305,-0.06086,0.06793,0.24,0.00,0.48953,0.29887,-0.01586,0.07246,1.51442,-0.00000,0.16796,0.30537,-0.01569,0.07203,1.51448,0.00000,-0.17000,36,0.22778,-0.05879,0.07024,0.23610,0.06610,0,0.98740,-0.00525,-0.01111,-0.15775,virtual,0,380.64,263.96,380.64,263.96,380.64,263.96,380.64,263.96,380.64,263.96,380.64,263.96,380.64,263.96,380.64,263.96,380.64,263.96,380.64,263.96,380.64,263.96,380.64,263.96,380.64,263.96,380.64,263.96,380.64,263.96,380.64,263.96,380.64,263.96,380.64,263.96,380.64,263.96,380.64,263.96,380.64,263.96,0.00000,0.00000,0.00000,0.00000,0.00000,0.00000,0.00000,0.00000,0.00000,0.00000,0.00000,0.00000,0.00000,0.00000,0.00000,0.00000,0.00000,0.00000,0.00000,0.00000,0.00000,0.00000,0.00000,0.00000,0.00000,0.00000,0.00000,0.00000,0.00000,0.00000,0.00000,0.00000,0.00000,0.00000,0.00000,0.00000,0.00000,0.00000,0.00000,0.00000,0.00000,0.00000,0.00000,0.00000,0.00000,0.00000,0.00000,0.00000,0.00000,0.00000,0.00000,0.00000,0.00000,0.00000,0.00000,0.00000,0.00000,0.00000,0.00000,0.00000,0.00000,0.00000,0.00000,0.00000,0.00000,0.00000,0.00000,0.00000,0.00000,0.00000,0.00000,0.00000,0.00000,0.00000,0.00000,0.00000,0.00000,0.00000,0.00000,0.00000,0.00000,0.00000,0.00000,0.00000
3.2333,1,1,0.00,0.00,33.33,0.05350,0.02137,0.49135,0.49176,0.49176,0.4500,0,1,0.23254,-0.05816,0.06821,0.23210,-0.05726,0.06778,0.26,0.01,0.49176,0.28318,-0.02901,0.08894,1.51403,-0.00000,0.16796,0.28802,-0.02675,0.08401,1.51363,0.00000,-0.17000,36,0.22672,-0.05539,0.06999,0.23610,0.06610,0,0.98852,-0.00498,-0.00942,-0.15072,virtual,0,376.07,263.89,376.07,263.89,376.07,263.89,376.07,263.89,376.07,263.89,376.07,263.89,376.07,263.89,376.07,263.89,376.07,263.89,376.07,263.89,376.07,263.89,376.07,263.89,376.07,263.89,376.07,263.89,376.07,263.89,376.07,263.89,376.07,263.89,376.07,263.89,376.07,263.89,376.07,263.89,376.07,263.89,0.00000,0.00000,0.00000,0.00000,0.00000,0.00000,0.00000,0.00000,0.00000,0.00000,0.00000,0.00000,0.00000,0.00000,0.00000,0.00000,0.00000,0.00000,0.00000,0.00000,0.00000,0.00000,0.00000,0.00000,0.00000,0.00000,0.00000,0.00000,0.00000,0.00000,0.00000,0.00000,0.00000,0.00000,0.00000,0.00000,0.00000,0.00000,0.00000,0.00000,0.00000,0.00000,0.00000,0.00000,0.00000,0.00000,0.00000,0.00000,0.00000,0.00000,0.00000,0.00000,0.00000,0.00000,0.00000,0.00000,0.00000,0.00000,0.00000,0.00000,0.00000,0.00000,0.00000,0.00000,0.00000,0.00000,0.00000,0.00000,0.00000,0.00000,0.00000,0.00000,0.00000,0.00000,0.00000,0.00000,0.00000,0.00000,0.00000,0.00000,0.00000,0.00000,0.00000,0.00000
3.2667,1,1,0.00,0.00,33.33,0.04953,0.02122,0.49081,0.49027,0.49027,0.4500,0,1,0.23280,-0.05419,0.06836,0.23310,-0.05335,0.06821,0.27,0.00,0.49027,0.26317,-0.03371,0.09153,1.51349,-0.00001,0.16792,0.26883,-0.03457,0.09198,1.51346,0.00000,-0.17000,36,0.22770,-0.05158,0.07037,0.23610,0.06610,0,0.98990,-0.00514,-0.01110,-0.14122,virtual,0,371.50,263.82,371.50,263.82,371.50,263.82,371.50,263.82,371.50,263.82,371.50,263.82,371.50,263.82,371.50,263.82,371.50,263.82,371.50,263.82,371.50,263.82,371.50,263.82,371.50,263.82,371.50,263.82,371.50,263.82,371.50,263.82,371.50,263.82,371.50,263.82,371.50,263.82,371.50,263.82,371.50,263.82,0.00000,0.00000,0.00000,0.00000,0.00000,0.00000,0.00000,0.00000,0.00000,0.00000,0.00000,0.00000,0.00000,0.00000,0.00000,0.00000,0.00000,0.00000,0.00000,0.00000,0.00000,0.00000,0.00000,0.00000,0.00000,0.00000,0.00000,0.00000,0.00000,0.00000,0.00000,0.00000,0.00000,0.00000,0.00000,0.00000,0.00000,0.00000,0.00000,0.00000,0.00000,0.00000,0.00000,0.00000,0.00000,0.00000,0.00000,0.00000,0.00000,0.00000,0.00000,0.00000,0.00000,0.00000,0.00000,0.00000,0.00000,0.00000,0.00000,0.00000,0.00000,0.00000,0.00000,0.00000,0.00000,0.00000,0.00000,0.00000,0.00000,0.00000,0.00000,0.00000,0.00000,0.00000,0.00000,0.00000,0.00000,0.00000,0.00000,0.00000,0.00000,0.00000,0.00000,0.00000
3.3000,1,1,0.00,0.00,33.33,0.04544,0.02108,0.48961,0.48841,0.48841,0.4500,0,1,0.23340,-0.05010,0.06850,0.23367,-0.04933,0.06844,0.27,0.00,0.48841,0.24309,-0.03856,0.09557,1.51389,-0.00000,0.16790,0.24847,-0.03916,0.09617,1.51383,0.00000,-0.17000,36,0.22823,-0.04771,0.07046,0.23610,0.06610,0,0.99120,-0.00511,-0.01132,-0.13181,virtual,0,366.93,263.76,366.93,263.76,366.93,263.76,366.93,263.76,366.93,263.76,366.93,263.76,366.93,263.76,366.93,263.76,366.93,263.76,366.93,263.76,366.93,263.76,366.93,263.76,366.93,263.76,366.93,263.76,366.93,263.76,366.93,263.76,366.93,263.76,366.93,263.76,366.93,263.76,366.93,263.76,366.93,263.76,0.00000,0.00000,0.00000,0.00000,0.00000,0.00000,0.00000,0.00000,0.00000,0.00000,0.00000,0.00000,0.00000,0.00000,0.00000,0.00000,0.00000,0.00000,0.00000,0.00000,0.00000,0.00000,0.00000,0.00000,0.00000,0.00000,0.00000,0.00000,0.00000,0.00000,0.00000,0.00000,0.00000,0.00000,0.00000,0.00000,0.00000,0.00000,0.00000,0.00000,0.00000,0.00000,0.00000,0.00000,0.00000,0.00000,0.00000,0.00000,0.00000,0.00000,0.00000,0.00000,0.00000,0.00000,0.00000,0.00000,0.00000,0.00000,0.00000,0.00000,0.00000,0.00000,0.00000,0.00000,0.00000,0.00000,0.00000,0.00000,0.00000,0.00000,0.00000,0.00000,0.00000,0.00000,0.00000,0.00000,0.00000,0.00000,0.00000,0.00000,0.00000,0.00000,0.00000,0.00000
3.3333,1,1,0.00,0.00,33.33,0.04141,0.02101,0.48946,0.48931,0.48931,0.4500,0,1,0.23348,-0.04607,0.06858,0.23333,-0.04516,0.06827,0.27,0.00,0.48931,0.22323,-0.04715,0.10674,1.51338,-0.00000,0.16789,0.22884,-0.04674,0.10458,1.51302,0.00000,-0.17000,36,0.22784,-0.04368,0.07021,0.23610,0.06610,0,0.99242,-0.00492,-0.01024,-0.12240,virtual,0,362.34,263.71,362.34,263.71,362.34,263.71,362.34,263.71,362.34,263.71,362.34,263.71,362.34,263.71,362.34,263.71,362.34,263.71,362.34,263.71,362.34,263.71,362.34,263.71,362.34,263.71,362.34,263.71,362.34,263.71,362.34,263.71,362.34,263.71,362.34,263.71,362.34,263.71,362.34,263.71,362.34,263.71,0.00000,0.00000,0.00000,0.00000,0.00000,0.00000,0.00000,0.00000,0.00000,0.00000,0.00000,0.00000,0.00000,0.00000,0.00000,0.00000,0.00000,0.00000,0.00000,0.00000,0.00000,0.00000,0.00000,0.00000,0.00000,0.00000,0.00000,0.00000,0.00000,0.00000,0.00000,0.00000,0.00000,0.00000,0.00000,0.00000,0.00000,0.00000,0.00000,0.00000,0.00000,0.00000,0.00000,0.00000,0.00000,0.00000,0.00000,0.00000,0.00000,0.00000,0.00000,0.00000,0.00000,0.00000,0.00000,0.00000,0.00000,0.00000,0.00000,0.00000,0.00000,0.00000,0.00000,0.00000,0.00000,0.00000,0.00000,0.00000,0.00000,0.00000,0.00000,0.00000,0.00000,0.00000,0.00000,0.00000,0.00000,0.00000,0.00000,0.00000,0.00000,0.00000,0.00000,0.00000
3.3667,1,1,0.00,0.00,33.33,0.03747,0.02100,0.49074,0.49202,0.49202,0.4500,0,1,0.23284,-0.04213,0.06858,0.23221,-0.04158,0.06803,0.29,0.01,0.49202,0.20687,-0.06056,0.12394,1.51168,0.00000,0.16787,0.21021,-0.05936,0.11942,1.51085,0.00000,-0.17000,36,0.22671,-0.04025,0.06992,0.23610,0.06610,0,0.99334,-0.00481,-0.00931,-0.11478,virtual,0,357.76,263.65,357.76,263.65,357.76,263.65,357.76,263.65,357.76,263.65,357.76,263.65,357.76,263.65,357.76,263.65,357.76,263.65,357.76,263.65,357.76,263.65,357.76,263.65,357.76,263.65,357.76,263.65,357.76,263.65,357.76,263.65,357.76,263.65,357.76,263.65,357.76,263.65,357.76,263.65,357.76,263.65,0.00000,0.00000,0.00000,0.00000,0.00000,0.00000,0.00000,0.00000,0.00000,0.00000,0.00000,0.00000,0.00000,0.00000,0.00000,0.00000,0.00000,0.00000,0.00000,0.00000,0.00000,0.00000,0.00000,0.00000,0.00000,0.00000,0.00000,0.00000,0.00000,0.00000,0.00000,0.00000,0.00000,0.00000,0.00000,0.00000,0.00000,0.00000,0.00000,0.00000,0.00000,0.00000,0.00000,0.00000,0.00000,0.00000,0.00000,0.00000,0.00000,0.00000,0.00000,0.00000,0.00000,0.00000,0.00000,0.00000,0.00000,0.00000,0.00000,0.00000,0.00000,0.00000,0.00000,0.00000,0.00000,0.00000,0.00000,0.00000,0.00000,0.00000,0.00000,0.00000,0.00000,0.00000,0.00000,0.00000,0.00000,0.00000,0.00000,0.00000,0.00000,0.00000,0.00000,0.00000
3.4000,1,1,0.00,0.00,33.33,0.03341,0.02093,0.49058,0.49042,0.49042,0.4500,0,1,0.23292,-0.03807,0.06865,0.23318,-0.03719,0.06872,0.28,0.00,0.49042,0.18413,-0.06669,0.12630,1.51064,-0.00001,0.16784,0.19012,-0.06638,0.12680,1.51044,0.00000,-0.17000,36,0.22764,-0.03596,0.07048,0.23610,0.06610,0,0.99451,-0.00495,-0.01185,-0.10383,virtual,0,353.18,263.58,353.18,263.58,353.18,263.58,353.18,263.58,353.18,263.58,353.18,263.58,353.18,263.58,353.18,263.58,353.18,263.58,353.18,263.58,353.18,263.58,353.18,263.58,353.18,263.58,353.18,263.58,353.18,263.58,353.18,263.58,353.18,263.58,353.18,263.58,353.18,263.58,353.18,263.58,353.18,263.58,0.00000,0.00000,0.00000,0.00000,0.00000,0.00000,0.00000,0.00000,0.00000,0.00000,0.00000,0.00000,0.00000,0.00000,0.00000,0.00000,0.00000,0.00000,0.00000,0.00000,0.00000,0.00000,0.00000,0.00000,0.00000,0.00000,0.00000,0.00000,0.00000,0.00000,0.00000,0.00000,0.00000,0.00000,0.00000,0.00000,0.00000,0.00000,0.00000,0.00000,0.00000,0.00000,0.00000,0.00000,0.00000,0.00000,0.00000,0.00000,0.00000,0.00000,0.00000,0.00000,0.00000,0.00000,0.00000,0.00000,0.00000,0.00000,0.00000,0.00000,0.00000,0.00000,0.00000,0.00000,0.00000,0.00000,0.00000,0.00000,0.00000,0.00000,0.00000,0.00000,0.00000,0.00000,0.00000,0.00000,0.00000,0.00000,0.00000,0.00000,0.00000,0.00000,0.00000,0.00000
3.4333,1,1,0.00,0.00,33.33,0.02938,0.02089,0.49096,0.49133,0.49133,0.4500,0,1,0.23273,-0.03404,0.06869,0.23253,-0.03293,0.06841,0.28,0.00,0.49133,0.16340,-0.07537,0.13830,1.50981,-0.00000,0.16782,0.17019,-0.07435,0.13570,1.50952,0.00000,-0.17000,36,0.22693,-0.03185,0.06999,0.23610,0.06610,0,0.99551,-0.00476,-0.01023,-0.09395,virtual,0,348.59,263.53,348.59,263.53,348.59,263.53,348.59,263.53,348.59,263.53,348.59,263.53,348.59,263.53,348.59,263.53,348.59,263.53,348.59,263.53,348.59,263.53,348.59,263.53,348.59,263.53,348.59,263.53,348.59,263.53,348.59,263.53,348.59,263.53,348.59,263.53,348.59,263.53,348.59,263.53,348.59,263.53,0.00000,0.00000,0.00000,0.00000,0.00000,0.00000,0.00000,0.00000,0.00000,0.00000,0.00000,0.00000,0.00000,0.00000,0.00000,0.00000,0.00000,0.00000,0.00000,0.00000,0.00000,0.00000,0.00000,0.00000,0.00000,0.00000,0.00000,0.00000,0.00000,0.00000,0.00000,0.00000,0.00000,0.00000,0.00000,0.00000,0.00000,0.00000,0.00000,0.00000,0.00000,0.00000,0.00000,0.00000,0.00000,0.00000,0.00000,0.00000,0.00000,0.00000,0.00000,0.00000,0.00000,0.00000,0.00000,0.00000,0.00000,0.00000,0.00000,0.00000,0.00000,0.00000,0.00000,0.00000,0.00000,0.00000,0.00000,0.00000,0.00000,0.00000,0.00000,0.00000,0.00000,0.00000,0.00000,0.00000,0.00000,0.00000,0.00000,0.00000,0.00000,0.00000,0.00000,0.00000
3.4667,1,1,0.00,0.00,33.33,0.02532,0.02085,0.49112,0.49128,0.49128,0.4500,0,1,0.23265,-0.02999,0.06873,0.23273,-0.02947,0.06862,0.28,0.00,0.49128,0.14581,-0.08036,0.14257,1.50913,0.00000,0.16782,0.14990,-0.08094,0.14283,1.50896,0.00000,-0.17000,36,0.22715,-0.02846,0.07000,0.23610,0.06610,0,0.99627,-0.00474,-0.01075,-0.08546,virtual,0,344.00,263.47,344.00,263.47,344.00,263.47,344.00,263.47,344.00,263.47,344.00,263.47,344.00,263.47,344.00,263.47,344.00,263.47,344.00,263.47,344.00,263.47,344.00,263.47,344.00,263.47,344.00,263.47,344.00,263.47,344.00,263.47,344.00,263.47,344.00,263.47,344.00,263.47,344.00,263.47,344.00,263.47,0.00000,0.00000,0.00000,0.00000,0.00000,0.00000,0.00000,0.00000,0.00000,0.00000,0.00000,0.00000,0.00000,0.00000,0.00000,0.00000,0.00000,0.00000,0.00000,0.00000,0.00000,0.00000,0.00000,0.00000,0.00000,0.00000,0.00000,0.00000,0.00000,0.00000,0.00000,0.00000,0.00000,0.00000,0.00000,0.00000,0.00000,0.00000,0.00000,0.00000,0.00000,0.00000,0.00000,0.00000,0.00000,0.00000,0.00000,0.00000,0.00000,0.00000,0.00000,0.00000,0.00000,0.00000,0.00000,0.00000,0.00000,0.00000,0.00000,0.00000,0.00000,0.00000,0.00000,0.00000,0.00000,0.00000,0.00000,0.00000,0.00000,0.00000,0.00000,0.00000,0.00000,0.00000,0.00000,0.00000,0.00000,0.00000,0.00000,0.00000,0.00000,0.00000,0.00000,0.00000
3.5000,1,1,0.00,0.00,33.33,0.02125,0.02080,0.49103,0.49094,0.49094,0.4500,0,1,0.23270,-0.02592,0.06879,0.23285,-0.02492,0.06870,0.28,0.00,0.49094,0.12275,-0.08509,0.14738,1.50890,-0.00000,0.16781,0.12929,-0.08578,0.14786,1.50875,0.00000,-0.17000,36,0.22727,-0.02405,0.06994,0.23610,0.06610,0,0.99717,-0.00467,-0.01084,-0.07431,virtual,0,339.40,263.42,339.40,263.42,339.40,263.42,339.40,263.42,339.40,263.42,339.40,263.42,339.40,263.42,339.40,263.42,339.40,263.42,339.40,263.42,339.40,263.42,339.40,263.42,339.40,263.42,339.40,263.42,339.40,263.42,339.40,263.42,339.40,263.42,339.40,263.42,339.40,263.42,339.40,263.42,339.40,263.42,0.00000,0.00000,0.00000,0.00000,0.00000,0.00000,0.00000,0.00000,0.00000,0.00000,0.00000,0.00000,0.00000,0.00000,0.00000,0.00000,0.00000,0.00000,0.00000,0.00000,0.00000,0.00000,0.00000,0.00000,0.00000,0.00000,0.00000,0.00000,0.00000,0.00000,0.00000,0.00000,0.00000,0.00000,0.00000,0.00000,0.00000,0.00000,0.00000,0.00000,0.00000,0.00000,0.00000,0.00000,0.00000,0.00000,0.00000,0.00000,0.00000,0.00000,0.00000,0.00000,0.00000,0.00000,0.00000,0.00000,0.00000,0.00000,0.00000,0.00000,0.00000,0.00000,0.00000,0.00000,0.00000,0.00000,0.00000,0.00000,0.00000,0.00000,0.00000,0.00000,0.00000,0.00000,0.00000,0.00000,0.00000,0.00000,0.00000,0.00000,0.00000,0.00000,0.00000,0.00000
3.5333,1,1,0.00,0.00,33.33,0.01715,0.02070,0.48994,0.48885,0.48885,0.4500,0,1,0.23324,-0.02182,0.06888,0.23317,-0.02083,0.06875,0.27,0.00,0.48885,0.10175,-0.08579,0.14780,1.50967,-0.00000,0.16780,0.10812,-0.08589,0.14710,1.50958,0.00000,-0.17000,36,0.22757,-0.02014,0.07000,0.23610,0.06610,0,0.99786,-0.00459,-0.01095,-0.06430,virtual,0,334.80,263.37,334.80,263.37,334.80,263.37,334.80,263.37,334.80,263.37,334.80,263.37,334.80,263.37,334.80,263.37,334.80,263.37,334.80,263.37,334.80,263.37,334.80,263.37,334.80,263.37,334.80,263.37,334.80,263.37,334.80,263.37,334.80,263.37,334.80,263.37,334.80,263.37,334.80,263.37,334.80,263.37,0.00000,0.00000,0.00000,0.00000,0.00000,0.00000,0.00000,0.00000,0.00000,0.00000,0.00000,0.00000,0.00000,0.00000,0.00000,0.00000,0.00000,0.00000,0.00000,0.00000,0.00000,0.00000,0.00000,0.00000,0.00000,0.00000,0.00000,0.00000,0.00000,0.00000,0.00000,0.00000,0.00000,0.00000,0.00000,0.00000,0.00000,0.00000,0.00000,0.00000,0.00000,0.00000,0.00000,0.00000,0.00000,0.00000,0.00000,0.00000,0.00000,0.00000,0.00000,0.00000,0.00000,0.00000,0.00000,0.00000,0.00000,0.00000,0.00000,0.00000,0.00000,0.00000,0.00000,0.00000,0.00000,0.00000,0.00000,0.00000,0.00000,0.00000,0.00000,0.00000,0.00000,0.00000,0.00000,0.00000,0.00000,0.00000,0.00000,0.00000,0.00000,0.00000,0.00000,0.00000
3.5667,1,1,0.00,0.00,33.33,0.01306,0.02062,0.48907,0.48821,0.48821,0.4500,0,1,0.23367,-0.01773,0.06896,0.23359,-0.01698,0.06881,0.27,0.00,0.48821,0.08194,-0.08536,0.14684,1.51025,-0.00000,0.16778,0.08709,-0.08577,0.14632,1.51025,0.00000,-0.17000,36,0.22794,-0.01645,0.07005,0.23610,0.06610,0,0.99842,-0.00454,-0.01126,-0.05486,virtual,0,330.19,263.31,330.19,263.31,330.19,263.31,330.19,263.31,330.19,263.31,330.19,263.31,330.19,263.31,330.19,263.31,330.19,263.31,330.19,263.31,330.19,263.31,330.19,263.31,330.19,263.31,330.19,263.31,330.19,263.31,330.19,263.31,330.19,263.31,330.19,263.31,330.19,263.31,330.19,263.31,330.19,263.31,0.00000,0.00000,0.00000,0.00000,0.00000,0.00000,0.00000,0.00000,0.00000,0.00000,0.00000,0.00000,0.00000,0.00000,0.00000,0.00000,0.00000,0.00000,0.00000,0.00000,0.00000,0.00000,0.00000,0.00000,0.00000,0.00000,0.00000,0.00000,0.00000,0.00000,0.00000,0.00000,0.00000,0.00000,0.00000,0.00000,0.00000,0.00000,0.00000,0.00000,0.00000,0.00000,0.00000,0.00000,0.00000,0.00000,0.00000,0.00000,0.00000,0.00000,0.00000,0.00000,0.00000,0.00000,0.00000,0.00000,0.00000,0.00000,0.00000,0.00000,0.00000,0.00000,0.00000,0.00000,0.00000,0.00000,0.00000,0.00000,0.00000,0.00000,0.00000,0.00000,0.00000,0.00000,0.00000,0.00000,0.00000,0.00000,0.00000,0.00000,0.00000,0.00000,0.00000,0.00000
3.6000,1,1,0.00,0.00,33.33,0.00900,0.02059,0.48952,0.48997,0.48997,0.4500,0,1,0.23345,-0.01366,0.06899,0.23354,-0.01273,0.06888,0.28,0.00,0.48997,0.06025,-0.08915,0.15064,1.50988,-0.00000,0.16776,0.06646,-0.09016,0.15124,1.50975,0.00000,-0.17000,36,0.22787,-0.01234,0.07005,0.23610,0.06610,0,0.99894,-0.00446,-0.01156,-0.04440,virtual,0,325.58,263.26,325.58,263.26,325.58,263.26,325.58,263.26,325.58,263.26,325.58,263.26,325.58,263.26,325.58,263.26,325.58,263.26,325.58,263.26,325.58,263.26,325.58,263.26,325.58,263.26,325.58,263.26,325.58,263.26,325.58,263.26,325.58,263.26,325.58,263.26,325.58,263.26,325.58,263.26,325.58,263.26,0.00000,0.00000,0.00000,0.00000,0.00000,0.00000,0.00000,0.00000,0.00000,0.00000,0.00000,0.00000,0.00000,0.00000,0.00000,0.00000,0.00000,0.00000,0.00000,0.00000,0.00000,0.00000,0.00000,0.00000,0.00000,0.00000,0.00000,0.00000,0.00000,0.00000,0.00000,0.00000,0.00000,0.00000,0.00000,0.00000,0.00000,0.00000,0.00000,0.00000,0.00000,0.00000,0.00000,0.00000,0.00000,0.00000,0.00000,0.00000,0.00000,0.00000,0.00000,0.00000,0.00000,0.00000,0.00000,0.00000,0.00000,0.00000,0.00000,0.00000,0.00000,0.00000,0.00000,0.00000,0.00000,0.00000,0.00000,0.00000,0.00000,0.00000,0.00000,0.00000,0.00000,0.00000,0.00000,0.00000,0.00000,0.00000,0.00000,0.00000,0.00000,0.00000,0.00000,0.00000
3.6333,1,1,0.00,0.00,33.33,0.00492,0.02058,0.49043,0.49135,0.49135,0.4500,0,1,0.23299,-0.00958,0.06900,0.23286,-0.00868,0.06888,0.28,0.00,0.49135,0.03965,-0.09650,0.15891,1.50930,-0.00000,0.16774,0.04573,-0.09609,0.15795,1.50899,0.00000,-0.17000,36,0.22720,-0.00844,0.06988,0.23610,0.06610,0,0.99933,-0.00437,-0.01113,-0.03445,virtual,0,320.96,263.21,320.96,263.21,320.96,263.21,320.96,263.21,320.96,263.21,320.96,263.21,320.96,263.21,320.96,263.21,320.96,263.21,320.96,263.21,320.96,263.21,320.96,263.21,320.96,263.21,320.96,263.21,320.96,263.21,320.96,263.21,320.96,263.21,320.96,263.21,320.96,263.21,320.96,263.21,320.96,263.21,0.00000,0.00000,0.00000,0.00000,0.00000,0.00000,0.00000,0.00000,0.00000,0.00000,0.00000,0.00000,0.00000,0.00000,0.00000,0.00000,0.00000,0.00000,0.00000,0.00000,0.00000,0.00000,0.00000,0.00000,0.00000,0.00000,0.00000,0.00000,0.00000,0.00000,0.00000,0.00000,0.00000,0.00000,0.00000,0.00000,0.00000,0.00000,0.00000,0.00000,0.00000,0.00000,0.00000,0.00000,0.00000,0.00000,0.00000,0.00000,0.00000,0.00000,0.00000,0.00000,0.00000,0.00000,0.00000,0.00000,0.00000,0.00000,0.00000,0.00000,0.00000,0.00000,0.00000,0.00000,0.00000,0.00000,0.00000,0.00000,0.00000,0.00000,0.00000,0.00000,0.00000,0.00000,0.00000,0.00000,0.00000,0.00000,0.00000,0.00000,0.00000,0.00000,0.00000,0.00000
3.6667,1,1,0.00,0.00,33.33,0.00084,0.02051,0.48975,0.48907,0.48907,0.4500,0,1,0.23333,-0.00551,0.06908,0.23309,-0.00472,0.06888,0.27,0.00,0.48907,0.01925,-0.09519,0.15743,1.50979,0.00000,0.16774,0.02465,-0.09514,0.15605,1.50987,0.00000,-0.17000,36,0.22744,-0.00465,0.06983,0.23610,0.06610,0,0.99962,-0.00430,-0.01118,-0.02468,virtual,0,316.34,263.15,316.34,263.15,316.34,263.15,316.34,263.15,316.34,263.15,316.34,263.15,316.34,263.15,316.34,263.15,316.34,263.15,316.34,263.15,316.34,263.15,316.34,263.15,316.34,263.15,316.34,263.15,316.34,263.15,316.34,263.15,316.34,263.15,316.34,263.15,316.34,263.15,316.34,263.15,316.34,263.15,0.00000,0.00000,0.00000,0.00000,0.00000,0.00000,0.00000,0.00000,0.00000,0.00000,0.00000,0.00000,0.00000,0.00000,0.00000,0.00000,0.00000,0.00000,0.00000,0.00000,0.00000,0.00000,0.00000,0.00000,0.00000,0.00000,0.00000,0.00000,0.00000,0.00000,0.00000,0.00000,0.00000,0.00000,0.00000,0.00000,0.00000,0.00000,0.00000,0.00000,0.00000,0.00000,0.00000,0.00000,0.00000,0.00000,0.00000,0.00000,0.00000,0.00000,0.00000,0.00000,0.00000,0.00000,0.00000,0.00000,0.00000,0.00000,0.00000,0.00000,0.00000,0.00000,0.00000,0.00000,0.00000,0.00000,0.00000,0.00000,0.00000,0.00000,0.00000,0.00000,0.00000,0.00000,0.00000,0.00000,0.00000,0.00000,0.00000,0.00000,0.00000,0.00000,0.00000,0.00000
3.7000,1,1,0.00,0.00,33.33,-0.00323,0.02044,0.48923,0.48870,0.48870,0.4500,0,1,0.23360,-0.00143,0.06915,0.23339,-0.00048,0.06899,0.27,0.00,0.48870,-0.00257,-0.09349,0.15474,1.51052,0.00000,0.16773,0.00366,-0.09357,0.15371,1.51064,0.00000,-0.17000,36,0.22770,-0.00056,0.06984,0.23610,0.06610,0,0.99983,-0.00421,-0.01136,-0.01412,virtual,0,311.71,263.10,311.71,263.10,311.71,263.10,311.71,263.10,311.71,263.10,311.71,263.10,311.71,263.10,311.71,263.10,311.71,263.10,311.71,263.10,311.71,263.10,311.71,263.10,311.71,263.10,311.71,263.10,311.71,263.10,311.71,263.10,311.71,263.10,311.71,263.10,311.71,263.10,311.71,263.10,311.71,263.10,0.00000,0.00000,0.00000,0.00000,0.00000,0.00000,0.00000,0.00000,0.00000,0.00000,0.00000,0.00000,0.00000,0.00000,0.00000,0.00000,0.00000,0.00000,0.00000,0.00000,0.00000,0.00000,0.00000,0.00000,0.00000,0.00000,0.00000,0.00000,0.00000,0.00000,0.00000,0.00000,0.00000,0.00000,0.00000,0.00000,0.00000,0.00000,0.00000,0.00000,0.00000,0.00000,0.00000,0.00000,0.00000,0.00000,0.00000,0.00000,0.00000,0.00000,0.00000,0.00000,0.00000,0.00000,0.00000,0.00000,0.00000,0.00000,0.00000,0.00000,0.00000,0.00000,0.00000,0.00000,0.00000,0.00000,0.00000,0.00000,0.00000,0.00000,0.00000,0.00000,0.00000,0.00000,0.00000,0.00000,0.00000,0.00000,0.00000,0.00000,0.00000,0.00000,0.00000,0.00000
3.7333,1,1,0.00,0.00,33.33,-0.00732,0.02038,0.48894,0.48866,0.48866,0.4500,0,1,0.23374,0.00265,0.06921,0.23357,0.00357,0.06906,0.27,0.00,0.48866,-0.02337,-0.09176,0.15223,1.51125,0.00000,0.16773,-0.01729,-0.09223,0.15175,1.51126,0.00000,-0.17000,36,0.22786,0.00334,0.06983,0.23610,0.06610,0,0.99992,-0.00413,-0.01141,-0.00403,virtual,0,307.07,263.04,307.07,263.04,307.07,263.04,307.07,263.04,307.07,263.04,307.07,263.04,307.07,263.04,307.07,263.04,307.07,263.04,307.07,263.04,307.07,263.04,307.07,263.04,307.07,263.04,307.07,263.04,307.07,263.04,307.07,263.04,307.07,263.04,307.07,263.04,307.07,263.04,307.07,263.04,307.07,263.04,0.00000,0.00000,0.00000,0.00000,0.00000,0.00000,0.00000,0.00000,0.00000,0.00000,0.00000,0.00000,0.00000,0.00000,0.00000,0.00000,0.00000,0.00000,0.00000,0.00000,0.00000,0.00000,0.00000,0.00000,0.00000,0.00000,0.00000,0.00000,0.00000,0.00000,0.00000,0.00000,0.00000,0.00000,0.00000,0.00000,0.00000,0.00000,0.00000,0.00000,0.00000,0.00000,0.00000,0.00000,0.00000,0.00000,0.00000,0.00000,0.00000,0.00000,0.00000,0.00000,0.00000,0.00000,0.00000,0.00000,0.00000,0.00000,0.00000,0.00000,0.00000,0.00000,0.00000,0.00000,0.00000,0.00000,0.00000,0.00000,0.00000,0.00000,0.00000,0.00000,0.00000,0.00000,0.00000,0.00000,0.00000,0.00000,0.00000,0.00000,0.00000,0.00000,0.00000,0.00000
3.7667,1,1,0.00,0.00,33.33,-0.01135,0.02025,0.48716,0.48537,0.48537,0.4500,0,1,0.23463,0.00669,0.06933,0.23453,0.00745,0.06930,0.27,0.00,0.48537,-0.04303,-0.08408,0.14188,1.51278,0.00000,0.16772,-0.03791,-0.08423,0.14156,1.51339,0.00000,-0.17000,36,0.22874,0.00701,0.06994,0.23610,0.06610,0,0.99991,-0.00403,-0.01191,0.00534,virtual,0,302.43,262.99,302.43,262.99,302.43,262.99,302.43,262.99,302.43,262.99,302.43,262.99,302.43,262.99,302.43,262.99,302.43,262.99,302.43,262.99,302.43,262.99,302.43,262.99,302.43,262.99,302.43,262.99,302.43,262.99,302.43,262.99,302.43,262.99,302.43,262.99,302.43,262.99,302.43,262.99,302.43,262.99,0.00000,0.00000,0.00000,0.00000,0.00000,0.00000,0.00000,0.00000,0.00000,0.00000,0.00000,0.00000,0.00000,0.00000,0.00000,0.00000,0.00000,0.00000,0.00000,0.00000,0.00000,0.00000,0.00000,0.00000,0.00000,0.00000,0.00000,0.00000,0.00000,0.00000,0.00000,0.00000,0.00000,0.00000,0.00000,0.00000,0.00000,0.00000,0.00000,0.00000,0.00000,0.00000,0.00000,0.00000,0.00000,0.00000,0.00000,0.00000,0.00000,0.00000,0.00000,0.00000,0.00000,0.00000,0.00000,0.00000,0.00000,0.00000,0.00000,0.00000,0.00000,0.00000,0.00000,0.00000,0.00000,0.00000,0.00000,0.00000,0.00000,0.00000,0.00000,0.00000,0.00000,0.00000,0.00000,0.00000,0.00000,0.00000,0.00000,0.00000,0.00000,0.00000,0.00000,0.00000
3.8000,1,1,0.00,0.00,33.33,-0.01544,0.02021,0.48714,0.48712,0.48712,0.4500,0,1,0.23464,0.01078,0.06937,0.23443,0.01171,0.06923,0.27,0.00,0.48712,-0.06479,-0.08168,0.13959,1.51371,0.00000,0.16772,-0.05866,-0.08206,0.13892,1.51391,0.00000,-0.17000,36,0.22876,0.01115,0.06987,0.23610,0.06610,0,0.99980,-0.00395,-0.01169,0.01598,virtual,0,297.78,262.94,297.78,262.94,297.78,262.94,297.78,262.94,297.78,262.94,297.78,262.94,297.78,262.94,297.78,262.94,297.78,262.94,297.78,262.94,297.78,262.94,297.78,262.94,297.78,262.94,297.78,262.94,297.78,262.94,297.78,262.94,297.78,262.94,297.78,262.94,297.78,262.94,297.78,262.94,297.78,262.94,0.00000,0.00000,0.00000,0.00000,0.00000,0.00000,0.00000,0.00000,0.00000,0.00000,0.00000,0.00000,0.00000,0.00000,0.00000,0.00000,0.00000,0.00000,0.00000,0.00000,0.00000,0.00000,0.00000,0.00000,0.00000,0.00000,0.00000,0.00000,0.00000,0.00000,0.00000,0.00000,0.00000,0.00000,0.00000,0.00000,0.00000,0.00000,0.00000,0.00000,0.00000,0.00000,0.00000,0.00000,0.00000,0.00000,0.00000,0.00000,0.00000,0.00000,0.00000,0.00000,0.00000,0.00000,0.00000,0.00000,0.00000,0.00000,0.00000,0.00000,0.00000,0.00000,0.00000,0.00000,0.00000,0.00000,0.00000,0.00000,0.00000,0.00000,0.00000,0.00000,0.00000,0.00000,0.00000,0.00000,0.00000,0.00000,0.00000,0.00000,0.00000,0.00000,0.00000,0.00000
3.8333,1,1,0.00,0.00,33.33,-0.01953,0.02017,0.48732,0.48750,0.48750,0.4500,0,1,0.23455,0.01487,0.06941,0.23429,0.01582,0.06924,0.27,0.00,0.48750,-0.08578,-0.07990,0.13743,1.51442,0.00000,0.16771,-0.07951,-0.08047,0.13686,1.51439,0.00000,-0.17000,36,0.22862,0.01509,0.06978,0.23610,0.06610,0,0.99959,-0.00387,-0.01145,0.02614,virtual,0,293.13,262.89,293.13,262.89,293.13,262.89,293.13,262.89,293.13,262.89,293.13,262.89,293.13,262.89,293.13,262.89,293.13,262.89,293.13,262.89,293.13,262.89,293.13,262.89,293.13,262.89,293.13,262.89,293.13,262.89,293.13,262.89,293.13,262.89,293.13,262.89,293.13,262.89,293.13,262.89,293.13,262.89,0.00000,0.00000,0.00000,0.00000,0.00000,0.00000,0.00000,0.00000,0.00000,0.00000,0.00000,0.00000,0.00000,0.00000,0.00000,0.00000,0.00000,0.00000,0.00000,0.00000,0.00000,0.00000,0.00000,0.00000,0.00000,0.00000,0.00000,0.00000,0.00000,0.00000,0.00000,0.00000,0.00000,0.00000,0.00000,0.00000,0.00000,0.00000,0.00000,0.00000,0.00000,0.00000,0.00000,0.00000,0.00000,0.00000,0.00000,0.00000,0.00000,0.00000,0.00000,0.00000,0.00000,0.00000,0.00000,0.00000,0.00000,0.00000,0.00000,0.00000,0.00000,0.00000,0.00000,0.00000,0.00000,0.00000,0.00000,0.00000,0.00000,0.00000,0.00000,0.00000,0.00000,0.00000,0.00000,0.00000,0.00000,0.00000,0.00000,0.00000,0.00000,0.00000,0.00000,0.00000
3.8667,1,1,0.00,0.00,33.33,-0.02364,0.02013,0.48757,0.48782,0.48782,0.4500,0,1,0.23443,0.01898,0.06945,0.23415,0.01971,0.06931,0.27,0.00,0.48782,-0.10556,-0.07834,0.13518,1.51490,0.00000,0.16770,-0.10039,-0.07851,0.13433,1.51496,0.00000,-0.17000,36,0.22852,0.01880,0.06977,0.23610,0.06610,0,0.99929,-0.00378,-0.01163,0.03563,virtual,0,288.48,262.83,288.48,262.83,288.48,262.83,288.48,262.83,288.48,262.83,288.48,262.83,288.48,262.83,288.48,262.83,288.48,262.83,288.48,262.83,288.48,262.83,288.48,262.83,288.48,262.83,288.48,262.83,288.48,262.83,288.48,262.83,288.48,262.83,288.48,262.83,288.48,262.83,288.48,262.83,288.48,262.83,0.00000,0.00000,0.00000,0.00000,0.00000,0.00000,0.00000,0.00000,0.00000,0.00000,0.00000,0.00000,0.00000,0.00000,0.00000,0.00000,0.00000,0.00000,0.00000,0.00000,0.00000,0.00000,0.00000,0.00000,0.00000,0.00000,0.00000,0.00000,0.00000,0.00000,0.00000,0.00000,0.00000,0.00000,0.00000,0.00000,0.00000,0.00000,0.00000,0.00000,0.00000,0.00000,0.00000,0.00000,0.00000,0.00000,0.00000,0.00000,0.00000,0.00000,0.00000,0.00000,0.00000,0.00000,0.00000,0.00000,0.00000,0.00000,0.00000,0.00000,0.00000,0.00000,0.00000,0.00000,0.00000,0.00000,0.00000,0.00000,0.00000,0.00000,0.00000,0.00000,0.00000,0.00000,0.00000,0.00000,0.00000,0.00000,0.00000,0.00000,0.00000,0.00000,0.00000,0.00000
3.9000,1,1,0.00,0.00,33.33,-0.02774,0.02009,0.48760,0.48763,0.48763,0.4500,0,1,0.23441,0.02308,0.06950,0.23414,0.02401,0.06947,0.27,0.00,0.48763,-0.12731,-0.07545,0.13071,1.51567,0.00000,0.16769,-0.12114,-0.07496,0.12988,1.51585,0.00000,-0.17000,36,0.22850,0.02296,0.06985,0.23610,0.06610,0,0.99885,-0.00365,-0.01210,0.04624,virtual,0,283.81,262.78,283.81,262.78,283.81,262.78,283.81,262.78,283.81,262.78,283.81,262.78,283.81,262.78,283.81,262.78,283.81,262.78,283.81,262.78,283.81,262.78,283.81,262.78,283.81,262.78,283.81,262.78,283.81,262.78,283.81,262.78,283.81,262.78,283.81,262.78,283.81,262.78,283.81,262.78,283.81,262.78,0.00000,0.00000,0.00000,0.00000,0.00000,0.00000,0.00000,0.00000,0.00000,0.00000,0.00000,0.00000,0.00000,0.00000,0.00000,0.00000,0.00000,0.00000,0.00000,0.00000,0.00000,0.00000,0.00000,0.00000,0.00000,0.00000,0.00000,0.00000,0.00000,0.00000,0.00000,0.00000,0.00000,0.00000,0.00000,0.00000,0.00000,0.00000,0.00000,0.00000,0.00000,0.00000,0.00000,0.00000,0.00000,0.00000,0.00000,0.00000,0.00000,0.00000,0.00000,0.00000,0.00000,0.00000,0.00000,0.00000,0.00000,0.00000,0.00000,0.00000,0.00000,0.00000,0.00000,0.00000,0.00000,0.00000,0.00000,0.00000,0.00000,0.00000,0.00000,0.00000,0.00000,0.00000,0.00000,0.00000,0.00000,0.00000,0.00000,0.00000,0.00000,0.00000,0.00000,0.00000
3.9333,1,1,0.00,0.00,33.33,-0.03188,0.02006,0.48804,0.48848,0.48848,0.4500,0,1,0.23419,0.02721,0.06952,0.23393,0.02815,0.06944,0.27,0.00,0.48848,-0.14828,-0.07193,0.12690,1.51636,0.00000,0.16768,-0.14208,-0.07222,0.12658,1.51641,0.00000,-0.17000,36,0.22831,0.02694,0.06988,0.23610,0.06610,0,0.99832,-0.00353,-0.01236,0.05643,virtual,0,279.14,262.74,279.14,262.74,279.14,262.74,279.14,262.74,279.14,262.74,279.14,262.74,279.14,262.74,279.14,262.74,279.14,262.74,279.14,262.74,279.14,262.74,279.14,262.74,279.14,262.74,279.14,262.74,279.14,262.74,279.14,262.74,279.14,262.74,279.14,262.74,279.14,262.74,279.14,262.74,279.14,262.74,0.00000,0.00000,0.00000,0.00000,0.00000,0.00000,0.00000,0.00000,0.00000,0.00000,0.00000,0.00000,0.00000,0.00000,0.00000,0.00000,0.00000,0.00000,0.00000,0.00000,0.00000,0.00000,0.00000,0.00000,0.00000,0.00000,0.00000,0.00000,0.00000,0.00000,0.00000,0.00000,0.00000,0.00000,0.00000,0.00000,0.00000,0.00000,0.00000,0.00000,0.00000,0.00000,0.00000,0.00000,0.00000,0.00000,0.00000,0.00000,0.00000,0.00000,0.00000,0.00000,0.00000,0.00000,0.00000,0.00000,0.00000,0.00000,0.00000,0.00000,0.00000,0.00000,0.00000,0.00000,0.00000,0.00000,0.00000,0.00000,0.00000,0.00000,0.00000,0.00000,0.00000,0.00000,0.00000,0.00000,0.00000,0.00000,0.00000,0.00000,0.00000,0.00000,0.00000,0.00000
3.9667,1,1,0.00,0.00,33.33,-0.03588,0.01997,0.48672,0.48540,0.48540,0.4500,0,1,0.23485,0.03122,0.06961,0.23467,0.03187,0.06947,0.26,0.01,0.48540,-0.16629,-0.06084,0.11392,1.51807,-0.00000,0.16766,-0.16177,-0.06198,0.11385,1.51883,0.00000,-0.17000,36,0.22907,0.03045,0.06979,0.23610,0.06610,0,0.99781,-0.00345,-0.01243,0.06492,virtual,0,274.45,262.69,274.45,262.69,274.45,262.69,274.45,262.69,274.45,262.69,274.45,262.69,274.45,262.69,274.45,262.69,274.45,262.69,274.45,262.69,274.45,262.69,274.45,262.69,274.45,262.69,274.45,262.69,274.45,262.69,274.45,262.69,274.45,262.69,274.45,262.69,274.45,262.69,274.45,262.69,274.45,262.69,0.00000,0.00000,0.00000,0.00000,0.00000,0.00000,0.00000,0.00000,0.00000,0.00000,0.00000,0.00000,0.00000,0.00000,0.00000,0.00000,0.00000,0.00000,0.00000,0.00000,0.00000,0.00000,0.00000,0.00000,0.00000,0.00000,0.00000,0.00000,0.00000,0.00000,0.00000,0.00000,0.00000,0.00000,0.00000,0.00000,0.00000,0.00000,0.00000,0.00000,0.00000,0.00000,0.00000,0.00000,0.00000,0.00000,0.00000,0.00000,0.00000,0.00000,0.00000,0.00000,0.00000,0.00000,0.00000,0.00000,0.00000,0.00000,0.00000,0.00000,0.00000,0.00000,0.00000,0.00000,0.00000,0.00000,0.00000,0.00000,0.00000,0.00000,0.00000,0.00000,0.00000,0.00000,0.00000,0.00000,0.00000,0.00000,0.00000,0.00000,0.00000,0.00000,0.00000,0.00000
4.0000,1,1,0.00,0.00,33.33,-0.03998,0.01991,0.48647,0.48622,0.48622,0.4500,0,1,0.23498,0.03532,0.06967,0.23472,0.03623,0.06957,0.26,0.00,0.48622,-0.18779,-0.05410,0.10536,1.51974,0.00000,0.16764,-0.18188,-0.05467,0.10504,1.52036,0.00000,-0.17000,36,0.22913,0.03472,0.06979,0.23610,0.06610,0,0.99706,-0.00335,-0.01245,0.07559,virtual,0,269.76,262.64,269.76,262.64,269.76,262.64,269.76,262.64,269.76,262.64,269.76,262.64,269.76,262.64,269.76,262.64,269.76,262.64,269.76,262.64,269.76,262.64,269.76,262.64,269.76,262.64,269.76,262.64,269.76,262.64,269.76,262.64,269.76,262.64,269.76,262.64,269.76,262.64,269.76,262.64,269.76,262.64,0.00000,0.00000,0.00000,0.00000,0.00000,0.00000,0.00000,0.00000,0.00000,0.00000,0.00000,0.00000,0.00000,0.00000,0.00000,0.00000,0.00000,0.00000,0.00000,0.00000,0.00000,0.00000,0.00000,0.00000,0.00000,0.00000,0.00000,0.00000,0.00000,0.00000,0.00000,0.00000,0.00000,0.00000,0.00000,0.00000,0.00000,0.00000,0.00000,0.00000,0.00000,0.00000,0.00000,0.00000,0.00000,0.00000,0.00000,0.00000,0.00000,0.00000,0.00000,0.00000,0.00000,0.00000,0.00000,0.00000,0.00000,0.00000,0.00000,0.00000,0.00000,0.00000,0.00000,0.00000,0.00000,0.00000,0.00000,0.00000,0.00000,0.00000,0.00000,0.00000,0.00000,0.00000,0.00000,0.00000,0.00000,0.00000,0.00000,0.00000,0.00000,0.00000,0.00000,0.00000
4.0333,1,1,0.00,0.00,33.33,-0.04403,0.01984,0.48581,0.48515,0.48515,0.4500,0,1,0.23531,0.03937,0.06974,0.23500,0.04038,0.06924,0.26,0.01,0.48515,-0.20788,-0.04121,0.09257,1.52209,-0.00000,0.16762,-0.20154,-0.04537,0.09361,1.52246,0.00000,-0.17000,36,0.22959,0.03866,0.06945,0.23610,0.06610,0,0.99629,-0.00335,-0.01162,0.08515,virtual,0,265.07,262.59,265.07,262.59,265.07,262.59,265.07,262.59,265.07,262.59,265.07,262.59,265.07,262.59,265.07,262.59,265.07,262.59,265.07,262.59,265.07,262.59,265.07,262.59,265.07,262.59,265.07,262.59,265.07,262.59,265.07,262.59,265.07,262.59,265.07,262.59,265.07,262.59,265.07,262.59,265.07,262.59,0.00000,0.00000,0.00000,0.00000,0.00000,0.00000,0.00000,0.00000,0.00000,0.00000,0.00000,0.00000,0.00000,0.00000,0.00000,0.00000,0.00000,0.00000,0.00000,0.00000,0.00000,0.00000,0.00000,0.00000,0.00000,0.00000,0.00000,0.00000,0.00000,0.00000,0.00000,0.00000,0.00000,0.00000,0.00000,0.00000,0.00000,0.00000,0.00000,0.00000,0.00000,0.00000,0.00000,0.00000,0.00000,0.00000,0.00000,0.00000,0.00000,0.00000,0.00000,0.00000,0.00000,0.00000,0.00000,0.00000,0.00000,0.00000,0.00000,0.00000,0.00000,0.00000,0.00000,0.00000,0.00000,0.00000,0.00000,0.00000,0.00000,0.00000,0.00000,0.00000,0.00000,0.00000,0.00000,0.00000,0.00000,0.00000,0.00000,0.00000,0.00000,0.00000,0.00000,0.00000
4.0667,1,1,0.00,0.00,33.33,-0.04809,0.01974,0.48527,0.48472,0.48472,0.4500,0,1,0.23558,0.04343,0.06984,0.23549,0.04404,0.07004,0.26,0.01,0.48472,-0.22519,-0.03648,0.08145,1.52410,-0.00000,0.16754,-0.22103,-0.03571,0.08156,1.52485,0.00000,-0.17000,36,0.22998,0.04215,0.07015,0.23610,0.06610,0,0.99552,-0.00294,-0.01418,0.09346,virtual,0,260.37,262.46,260.37,262.46,260.37,262.46,260.37,262.46,260.37,262.46,260.37,262.46,260.37,262.46,260.37,262.46,260.37,262.46,260.37,262.46,260.37,262.46,260.37,262.46,260.37,262.46,260.37,262.46,260.37,262.46,260.37,262.46,260.37,262.46,260.37,262.46,260.37,262.46,260.37,262.46,260.37,262.46,0.00000,0.00000,0.00000,0.00000,0.00000,0.00000,0.00000,0.00000,0.00000,0.00000,0.00000,0.00000,0.00000,0.00000,0.00000,0.00000,0.00000,0.00000,0.00000,0.00000,0.00000,0.00000,0.00000,0.00000,0.00000,0.00000,0.00000,0.00000,0.00000,0.00000,0.00000,0.00000,0.00000,0.00000,0.00000,0.00000,0.00000,0.00000,0.00000,0.00000,0.00000,0.00000,0.00000,0.00000,0.00000,0.00000,0.00000,0.00000,0.00000,0.00000,0.00000,0.00000,0.00000,0.00000,0.00000,0.00000,0.00000,0.00000,0.00000,0.00000,0.00000,0.00000,0.00000,0.00000,0.00000,0.00000,0.00000,0.00000,0.00000,0.00000,0.00000,0.00000,0.00000,0.00000,0.00000,0.00000,0.00000,0.00000,0.00000,0.00000,0.00000,0.00000,0.00000,0.00000
4.1000,1,1,0.00,0.00,33.33,-0.05236,0.01977,0.48658,0.48789,0.48789,0.4500,0,1,0.23492,0.04770,0.06982,0.23445,0.04865,0.06967,0.27,0.00,0.48789,-0.24860,-0.03227,0.07900,1.52502,0.00000,0.16754,-0.24221,-0.03236,0.07794,1.52518,0.00000,-0.17000,36,0.22906,0.04672,0.06982,0.23610,0.06610,0,0.99437,-0.00294,-0.01314,0.10514,virtual,0,255.67,262.48,255.67,262.48,255.67,262.48,255.67,262.48,255.67,262.48,255.67,262.48,255.67,262.48,255.67,262.48,255.67,262.48,255.67,262.48,255.67,262.48,255.67,262.48,255.67,262.48,255.67,262.48,255.67,262.48,255.67,262.48,255.67,262.48,255.67,262.48,255.67,262.48,255.67,262.48,255.67,262.48,0.00000,0.00000,0.00000,0.00000,0.00000,0.00000,0.00000,0.00000,0.00000,0.00000,0.00000,0.00000,0.00000,0.00000,0.00000,0.00000,0.00000,0.00000,0.00000,0.00000,0.00000,0.00000,0.00000,0.00000,0.00000,0.00000,0.00000,0.00000,0.00000,0.00000,0.00000,0.00000,0.00000,0.00000,0.00000,0.00000,0.00000,0.00000,0.00000,0.00000,0.00000,0.00000,0.00000,0.00000,0.00000,0.00000,0.00000,0.00000,0.00000,0.00000,0.00000,0.00000,0.00000,0.00000,0.00000,0.00000,0.00000,0.00000,0.00000,0.00000,0.00000,0.00000,0.00000,0.00000,0.00000,0.00000,0.00000,0.00000,0.00000,0.00000,0.00000,0.00000,0.00000,0.00000,0.00000,0.00000,0.00000,0.00000,0.00000,0.00000,0.00000,0.00000,0.00000,0.00000
4.1333,1,1,0.00,0.00,33.33,-0.05634,0.01968,0.48530,0.48403,0.48403,0.4500,0,1,0.23556,0.05168,0.06990,0.23570,0.05247,0.06940,0.26,0.01,0.48403,-0.26526,-0.01187,0.05668,1.52789,0.00000,0.16743,-0.26075,-0.01909,0.06129,1.52847,0.00000,-0.17000,36,0.23037,0.05045,0.06949,0.23610,0.06610,0,0.99347,-0.00281,-0.01341,0.11324,virtual,0,250.92,262.43,250.92,262.43,250.92,262.43,250.92,262.43,250.92,262.43,250.92,262.43,250.92,262.43,250.92,262.43,250.92,262.43,250.92,262.43,250.92,262.43,250.92,262.43,250.92,262.43,250.92,262.43,250.92,262.43,250.92,262.43,250.92,262.43,250.92,262.43,250.92,262.43,250.92,262.43,250.92,262.43,0.00000,0.00000,0.00000,0.00000,0.00000,0.00000,0.00000,0.00000,0.00000,0.00000,0.00000,0.00000,0.00000,0.00000,0.00000,0.00000,0.00000,0.00000,0.00000,0.00000,0.00000,0.00000,0.00000,0.00000,0.00000,0.00000,0.00000,0.00000,0.00000,0.00000,0.00000,0.00000,0.00000,0.00000,0.00000,0.00000,0.00000,0.00000,0.00000,0.00000,0.00000,0.00000,0.00000,0.00000,0.00000,0.00000,0.00000,0.00000,0.00000,0.00000,0.00000,0.00000,0.00000,0.00000,0.00000,0.00000,0.00000,0.00000,0.00000,0.00000,0.00000,0.00000,0.00000,0.00000,0.00000,0.00000,0.00000,0.00000,0.00000,0.00000,0.00000,0.00000,0.00000,0.00000,0.00000,0.00000,0.00000,0.00000,0.00000,0.00000,0.00000,0.00000,0.00000,0.00000
4.1667,1,1,0.00,0.00,33.33,-0.06029,0.01952,0.48389,0.48249,0.48249,0.4500,0,1,0.23626,0.05563,0.07007,0.23587,0.05635,0.07002,0.26,0.01,0.48249,-0.28332,-0.00418,0.04304,1.53178,-0.00000,0.16738,-0.27852,-0.00402,0.04203,1.53263,0.00000,-0.17000,36,0.23059,0.05424,0.07009,0.23610,0.06610,0,0.99241,-0.00245,-0.01507,0.12205,virtual,0,246.21,262.24,246.21,262.24,246.21,262.24,246.21,262.24,246.21,262.24,246.21,262.24,246.21,262.24,246.21,262.24,246.21,262.24,246.21,262.24,246.21,262.24,246.21,262.24,246.21,262.24,246.21,262.24,246.21,262.24,246.21,262.24,246.21,262.24,246.21,262.24,246.21,262.24,246.21,262.24,246.21,262.24,0.00000,0.00000,0.00000,0.00000,0.00000,0.00000,0.00000,0.00000,0.00000,0.00000,0.00000,0.00000,0.00000,0.00000,0.00000,0.00000,0.00000,0.00000,0.00000,0.00000,0.00000,0.00000,0.00000,0.00000,0.00000,0.00000,0.00000,0.00000,0.00000,0.00000,0.00000,0.00000,0.00000,0.00000,0.00000,0.00000,0.00000,0.00000,0.00000,0.00000,0.00000,0.00000,0.00000,0.00000,0.00000,0.00000,0.00000,0.00000,0.00000,0.00000,0.00000,0.00000,0.00000,0.00000,0.00000,0.00000,0.00000,0.00000,0.00000,0.00000,0.00000,0.00000,0.00000,0.00000,0.00000,0.00000,0.00000,0.00000,0.00000,0.00000,0.00000,0.00000,0.00000,0.00000,0.00000,0.00000,0.00000,0.00000,0.00000,0.00000,0.00000,0.00000,0.00000,0.00000
4.2000,1,1,0.00,0.00,33.33,-0.06248,0.01950,0.48480,0.48571,0.48571,0.4500,0,1,0.23581,0.05781,0.07008,0.23573,0.05763,0.06994,0.14,0.00,0.48571,-0.28951,-0.00084,0.03947,1.53293,-0.00000,0.16738,-0.28963,-0.00122,0.03885,1.53314,0.00000,-0.17000,36,0.23044,0.05528,0.06994,0.23610,0.06610,0,0.99211,-0.00254,-0.01437,0.12450,virtual,0,246.21,262.24,246.21,262.24,246.21,262.24,246.21,262.24,246.21,262.24,246.21,262.24,246.21,262.24,246.21,262.24,246.21,262.24,246.21,262.24,246.21,262.24,246.21,262.24,246.21,262.24,246.21,262.24,246.21,262.24,246.21,262.24,246.21,262.24,246.21,262.24,246.21,262.24,246.21,262.24,246.21,262.24,0.00000,0.00000,0.00000,0.00000,0.00000,0.00000,0.00000,0.00000,0.00000,0.00000,0.00000,0.00000,0.00000,0.00000,0.00000,0.00000,0.00000,0.00000,0.00000,0.00000,0.00000,0.00000,0.00000,0.00000,0.00000,0.00000,0.00000,0.00000,0.00000,0.00000,0.00000,0.00000,0.00000,0.00000,0.00000,0.00000,0.00000,0.00000,0.00000,0.00000,0.00000,0.00000,0.00000,0.00000,0.00000,0.00000,0.00000,0.00000,0.00000,0.00000,0.00000,0.00000,0.00000,0.00000,0.00000,0.00000,0.00000,0.00000,0.00000,0.00000,0.00000,0.00000,0.00000,0.00000,0.00000,0.00000,0.00000,0.00000,0.00000,0.00000,0.00000,0.00000,0.00000,0.00000,0.00000,0.00000,0.00000,0.00000,0.00000,0.00000,0.00000,0.00000,0.00000,0.00000
4.2333,1,1,0.00,0.00,33.33,-0.06389,0.02152,0.48527,0.48574,0.48574,0.4500,0,1,0.23557,0.05923,0.06806,0.23489,0.05943,0.06718,0.22,0.01,0.48574,-0.29913,0.00172,0.05658,1.51678,-0.00000,0.16740,-0.29677,-0.00011,0.05144,1.51957,0.00000,-0.17000,36,0.22965,0.05701,0.06711,0.23610,0.06610,0,0.99155,-0.00280,-0.01251,0.12910,virtual,0,245.49,266.86,245.49,266.86,245.49,266.86,245.49,266.86,245.49,266.86,245.49,266.86,245.49,266.86,245.49,266.86,245.49,266.86,245.49,266.86,245.49,266.86,245.49,266.86,245.49,266.86,245.49,266.86,245.49,266.86,245.49,266.86,245.49,266.86,245.49,266.86,245.49,266.86,245.49,266.86,245.49,266.86,0.00000,0.00000,0.00000,0.00000,0.00000,0.00000,0.00000,0.00000,0.00000,0.00000,0.00000,0.00000,0.00000,0.00000,0.00000,0.00000,0.00000,0.00000,0.00000,0.00000,0.00000,0.00000,0.00000,0.00000,0.00000,0.00000,0.00000,0.00000,0.00000,0.00000,0.00000,0.00000,0.00000,0.00000,0.00000,0.00000,0.00000,0.00000,0.00000,0.00000,0.00000,0.00000,0.00000,0.00000,0.00000,0.00000,0.00000,0.00000,0.00000,0.00000,0.00000,0.00000,0.00000,0.00000,0.00000,0.00000,0.00000,0.00000,0.00000,0.00000,0.00000,0.00000,0.00000,0.00000,0.00000,0.00000,0.00000,0.00000,0.00000,0.00000,0.00000,0.00000,0.00000,0.00000,0.00000,0.00000,0.00000,0.00000,0.00000,0.00000,0.00000,0.00000,0.00000,0.00000
4.2667,1,1,0.00,0.00,33.33,-0.06489,0.02458,0.48569,0.48611,0.48611,0.4500,0,1,0.23536,0.06023,0.06500,0.23492,0.05998,0.06397,0.32,0.01,0.48611,-0.30163,0.00225,0.07986,1.49149,-0.00000,0.16741,-0.30185,0.00080,0.07234,1.49782,0.00000,-0.17000,36,0.22971,0.05743,0.06387,0.23610,0.06610,0,0.99143,-0.00268,-0.01323,0.12993,virtual,0,244.87,271.51,244.87,271.51,244.87,271.51,244.87,271.51,244.87,271.51,244.87,271.51,244.87,271.51,244.87,271.51,244.87,271.51,244.87,271.51,244.87,271.51,244.87,271.51,244.87,271.51,244.87,271.51,244.87,271.51,244.87,271.51,244.87,271.51,244.87,271.51,244.87,271.51,244.87,271.51,244.87,271.51,0.00000,0.00000,0.00000,0.00000,0.00000,0.00000,0.00000,0.00000,0.00000,0.00000,0.00000,0.00000,0.00000,0.00000,0.00000,0.00000,0.00000,0.00000,0.00000,0.00000,0.00000,0.00000,0.00000,0.00000,0.00000,0.00000,0.00000,0.00000,0.00000,0.00000,0.00000,0.00000,0.00000,0.00000,0.00000,0.00000,0.00000,0.00000,0.00000,0.00000,0.00000,0.00000,0.00000,0.00000,0.00000,0.00000,0.00000,0.00000,0.00000,0.00000,0.00000,0.00000,0.00000,0.00000,0.00000,0.00000,0.00000,0.00000,0.00000,0.00000,0.00000,0.00000,0.00000,0.00000,0.00000,0.00000,0.00000,0.00000,0.00000,0.00000,0.00000,0.00000,0.00000,0.00000,0.00000,0.00000,0.00000,0.00000,0.00000,0.00000,0.00000,0.00000,0.00000,0.00000
4.3000,1,1,0.00,0.00,33.33,-0.06567,0.02816,0.48599,0.48629,0.48629,0.4500,0,1,0.23521,0.06101,0.06142,0.23457,0.06074,0.06041,0.39,0.01,0.48629,-0.30566,0.00389,0.10418,1.46615,-0.00000,0.16742,-0.30577,0.00264,0.09624,1.47210,0.00000,-0.17000,36,0.22944,0.05803,0.06033,0.23610,0.06610,0,0.99123,-0.00268,-0.01319,0.13144,virtual,0,244.26,276.17,244.26,276.17,244.26,276.17,244.26,276.17,244.26,276.17,244.26,276.17,244.26,276.17,244.26,276.17,244.26,276.17,244.26,276.17,244.26,276.17,244.26,276.17,244.26,276.17,244.26,276.17,244.26,276.17,244.26,276.17,244.26,276.17,244.26,276.17,244.26,276.17,244.26,276.17,244.26,276.17,0.00000,0.00000,0.00000,0.00000,0.00000,0.00000,0.00000,0.00000,0.00000,0.00000,0.00000,0.00000,0.00000,0.00000,0.00000,0.00000,0.00000,0.00000,0.00000,0.00000,0.00000,0.00000,0.00000,0.00000,0.00000,0.00000,0.00000,0.00000,0.00000,0.00000,0.00000,0.00000,0.00000,0.00000,0.00000,0.00000,0.00000,0.00000,0.00000,0.00000,0.00000,0.00000,0.00000,0.00000,0.00000,0.00000,0.00000,0.00000,0.00000,0.00000,0.00000,0.00000,0.00000,0.00000,0.00000,0.00000,0.00000,0.00000,0.00000,0.00000,0.00000,0.00000,0.00000,0.00000,0.00000,0.00000,0.00000,0.00000,0.00000,0.00000,0.00000,0.00000,0.00000,0.00000,0.00000,0.00000,0.00000,0.00000,0.00000,0.00000,0.00000,0.00000,0.00000,0.00000
4.3333,1,1,0.00,0.00,33.33,-0.06629,0.03198,0.48591,0.48583,0.48583,0.4500,0,1,0.23525,0.06163,0.05760,0.23445,0.06148,0.05653,0.44,0.01,0.48583,-0.30930,0.00817,0.12779,1.43863,-0.00000,0.16741,-0.30864,0.00670,0.11940,1.44487,0.00000,-0.17000,36,0.22936,0.05868,0.05647,0.23610,0.06610,0,0.99103,-0.00265,-0.01329,0.13292,virtual,0,243.66,280.84,243.66,280.84,243.66,280.84,243.66,280.84,243.66,280.84,243.66,280.84,243.66,280.84,243.66,280.84,243.66,280.84,243.66,280.84,243.66,280.84,243.66,280.84,243.66,280.84,243.66,280.84,243.66,280.84,243.66,280.84,243.66,280.84,243.66,280.84,243.66,280.84,243.66,280.84,243.66,280.84,0.00000,0.00000,0.00000,0.00000,0.00000,0.00000,0.00000,0.00000,0.00000,0.00000,0.00000,0.00000,0.00000,0.00000,0.00000,0.00000,0.00000,0.00000,0.00000,0.00000,0.00000,0.00000,0.00000,0.00000,0.00000,0.00000,0.00000,0.00000,0.00000,0.00000,0.00000,0.00000,0.00000,0.00000,0.00000,0.00000,0.00000,0.00000,0.00000,0.00000,0.00000,0.00000,0.00000,0.00000,0.00000,0.00000,0.00000,0.00000,0.00000,0.00000,0.00000,0.00000,0.00000,0.00000,0.00000,0.00000,0.00000,0.00000,0.00000,0.00000,0.00000,0.00000,0.00000,0.00000,0.00000,0.00000,0.00000,0.00000,0.00000,0.00000,0.00000,0.00000,0.00000,0.00000,0.00000,0.00000,0.00000,0.00000,0.00000,0.00000,0.00000,0.00000,0.00000,0.00000
4.3667,1,1,0.00,0.00,33.33,-0.06648,0.03572,0.48321,0.48051,0.48051,0.4500,0,1,0.23661,0.06182,0.05386,0.23656,0.06188,0.05295,0.53,0.00,0.48051,-0.30805,0.02846,0.12979,1.41516,-0.00000,0.16734,-0.30774,0.02078,0.12972,1.42037,0.00000,-0.17000,36,0.23139,0.05915,0.05302,0.23610,0.06610,0,0.99109,-0.00247,-0.01438,0.13238,virtual,0,243.10,285.52,243.10,285.52,243.10,285.52,243.10,285.52,243.10,285.52,243.10,285.52,243.10,285.52,243.10,285.52,243.10,285.52,243.10,285.52,243.10,285.52,243.10,285.52,243.10,285.52,243.10,285.52,243.10,285.52,243.10,285.52,243.10,285.52,243.10,285.52,243.10,285.52,243.10,285.52,243.10,285.52,0.00000,0.00000,0.00000,0.00000,0.00000,0.00000,0.00000,0.00000,0.00000,0.00000,0.00000,0.00000,0.00000,0.00000,0.00000,0.00000,0.00000,0.00000,0.00000,0.00000,0.00000,0.00000,0.00000,0.00000,0.00000,0.00000,0.00000,0.00000,0.00000,0.00000,0.00000,0.00000,0.00000,0.00000,0.00000,0.00000,0.00000,0.00000,0.00000,0.00000,0.00000,0.00000,0.00000,0.00000,0.00000,0.00000,0.00000,0.00000,0.00000,0.00000,0.00000,0.00000,0.00000,0.00000,0.00000,0.00000,0.00000,0.00000,0.00000,0.00000,0.00000,0.00000,0.00000,0.00000,0.00000,0.00000,0.00000,0.00000,0.00000,0.00000,0.00000,0.00000,0.00000,0.00000,0.00000,0.00000,0.00000,0.00000,0.00000,0.00000,0.00000,0.00000,0.00000,0.00000
4.4000,1,1,0.00,0.00,33.33,-0.06669,0.03954,0.48110,0.47899,0.47899,0.4500,0,1,0.23766,0.06203,0.05004,0.23708,0.06183,0.04932,0.53,0.01,0.47899,-0.30703,0.03516,0.14868,1.38838,-0.00000,0.16727,-0.30713,0.03419,0.14165,1.39506,0.00000,-0.17000,36,0.23199,0.05912,0.04953,0.23610,0.06610,0,0.99115,-0.00224,-0.01579,0.13175,virtual,0,242.59,290.17,242.59,290.17,242.59,290.17,242.59,290.17,242.59,290.17,242.59,290.17,242.59,290.17,242.59,290.17,242.59,290.17,242.59,290.17,242.59,290.17,242.59,290.17,242.59,290.17,242.59,290.17,242.59,290.17,242.59,290.17,242.59,290.17,242.59,290.17,242.59,290.17,242.59,290.17,242.59,290.17,0.00000,0.00000,0.00000,0.00000,0.00000,0.00000,0.00000,0.00000,0.00000,0.00000,0.00000,0.00000,0.00000,0.00000,0.00000,0.00000,0.00000,0.00000,0.00000,0.00000,0.00000,0.00000,0.00000,0.00000,0.00000,0.00000,0.00000,0.00000,0.00000,0.00000,0.00000,0.00000,0.00000,0.00000,0.00000,0.00000,0.00000,0.00000,0.00000,0.00000,0.00000,0.00000,0.00000,0.00000,0.00000,0.00000,0.00000,0.00000,0.00000,0.00000,0.00000,0.00000,0.00000,0.00000,0.00000,0.00000,0.00000,0.00000,0.00000,0.00000,0.00000,0.00000,0.00000,0.00000,0.00000,0.00000,0.00000,0.00000,0.00000,0.00000,0.00000,0.00000,0.00000,0.00000,0.00000,0.00000,0.00000,0.00000,0.00000,0.00000,0.00000,0.00000,0.00000,0.00000
4.4333,1,1,0.00,0.00,33.33,-0.06734,0.04367,0.48225,0.48341,0.48341,0.4500,0,1,0.23708,0.06267,0.04592,0.23692,0.06264,0.04510,0.48,0.01,0.48341,-0.31098,0.03880,0.17608,1.35512,-0.00001,0.16726,-0.31070,0.03731,0.16888,1.36483,0.00000,-0.17000,36,0.23187,0.05970,0.04518,0.23610,0.06610,0,0.99096,-0.00205,-0.01680,0.13310,virtual,0,242.05,294.80,242.05,294.80,242.05,294.80,242.05,294.80,242.05,294.80,242.05,294.80,242.05,294.80,242.05,294.80,242.05,294.80,242.05,294.80,242.05,294.80,242.05,294.80,242.05,294.80,242.05,294.80,242.05,294.80,242.05,294.80,242.05,294.80,242.05,294.80,242.05,294.80,242.05,294.80,242.05,294.80,0.00000,0.00000,0.00000,0.00000,0.00000,0.00000,0.00000,0.00000,0.00000,0.00000,0.00000,0.00000,0.00000,0.00000,0.00000,0.00000,0.00000,0.00000,0.00000,0.00000,0.00000,0.00000,0.00000,0.00000,0.00000,0.00000,0.00000,0.00000,0.00000,0.00000,0.00000,0.00000,0.00000,0.00000,0.00000,0.00000,0.00000,0.00000,0.00000,0.00000,0.00000,0.00000,0.00000,0.00000,0.00000,0.00000,0.00000,0.00000,0.00000,0.00000,0.00000,0.00000,0.00000,0.00000,0.00000,0.00000,0.00000,0.00000,0.00000,0.00000,0.00000,0.00000,0.00000,0.00000,0.00000,0.00000,0.00000,0.00000,0.00000,0.00000,0.00000,0.00000,0.00000,0.00000,0.00000,0.00000,0.00000,0.00000,0.00000,0.00000,0.00000,0.00000,0.00000,0.00000
4.4667,1,1,0.00,0.00,33.33,-0.06784,0.04772,0.48258,0.48291,0.48291,0.4500,0,1,0.23692,0.06318,0.04186,0.23515,0.06261,0.04070,0.50,0.01,0.48291,-0.31347,0.04409,0.20188,1.33334,-0.00000,0.16725,-0.31332,0.04343,0.19165,1.33590,0.00000,-0.17000,36,0.23010,0.05969,0.04096,0.23610,0.06610,0,0.99085,-0.00279,-0.01257,0.13437,virtual,0,241.55,299.42,241.55,299.42,241.55,299.42,241.55,299.42,241.55,299.42,241.55,299.42,241.55,299.42,241.55,299.42,241.55,299.42,241.55,299.42,241.55,299.42,241.55,299.42,241.55,299.42,241.55,299.42,241.55,299.42,241.55,299.42,241.55,299.42,241.55,299.42,241.55,299.42,241.55,299.42,241.55,299.42,0.00000,0.00000,0.00000,0.00000,0.00000,0.00000,0.00000,0.00000,0.00000,0.00000,0.00000,0.00000,0.00000,0.00000,0.00000,0.00000,0.00000,0.00000,0.00000,0.00000,0.00000,0.00000,0.00000,0.00000,0.00000,0.00000,0.00000,0.00000,0.00000,0.00000,0.00000,0.00000,0.00000,0.00000,0.00000,0.00000,0.00000,0.00000,0.00000,0.00000,0.00000,0.00000,0.00000,0.00000,0.00000,0.00000,0.00000,0.00000,0.00000,0.00000,0.00000,0.00000,0.00000,0.00000,0.00000,0.00000,0.00000,0.00000,0.00000,0.00000,0.00000,0.00000,0.00000,0.00000,0.00000,0.00000,0.00000,0.00000,0.00000,0.00000,0.00000,0.00000,0.00000,0.00000,0.00000,0.00000,0.00000,0.00000,0.00000,0.00000,0.00000,0.00000,0.00000,0.00000
4.5000,1,1,0.00,0.00,33.33,-0.06813,0.05157,0.48093,0.47927,0.47927,0.4500,0,1,0.23775,0.06347,0.03801,0.23767,0.06349,0.03706,0.55,0.01,0.47927,-0.31379,0.06444,0.20450,1.30358,0.00000,0.16726,-0.31356,0.05718,0.20332,1.31039,0.00000,-0.17000,36,0.23261,0.06062,0.03716,0.23610,0.06610,0,0.99078,-0.00220,-0.01586,0.13453,virtual,0,240.88,304.10,240.88,304.10,240.88,304.10,240.88,304.10,240.88,304.10,240.88,304.10,240.88,304.10,240.88,304.10,240.88,304.10,240.88,304.10,240.88,304.10,240.88,304.10,240.88,304.10,240.88,304.10,240.88,304.10,240.88,304.10,240.88,304.10,240.88,304.10,240.88,304.10,240.88,304.10,240.88,304.10,0.00000,0.00000,0.00000,0.00000,0.00000,0.00000,0.00000,0.00000,0.00000,0.00000,0.00000,0.00000,0.00000,0.00000,0.00000,0.00000,0.00000,0.00000,0.00000,0.00000,0.00000,0.00000,0.00000,0.00000,0.00000,0.00000,0.00000,0.00000,0.00000,0.00000,0.00000,0.00000,0.00000,0.00000,0.00000,0.00000,0.00000,0.00000,0.00000,0.00000,0.00000,0.00000,0.00000,0.00000,0.00000,0.00000,0.00000,0.00000,0.00000,0.00000,0.00000,0.00000,0.00000,0.00000,0.00000,0.00000,0.00000,0.00000,0.00000,0.00000,0.00000,0.00000,0.00000,0.00000,0.00000,0.00000,0.00000,0.00000,0.00000,0.00000,0.00000,0.00000,0.00000,0.00000,0.00000,0.00000,0.00000,0.00000,0.00000,0.00000,0.00000,0.00000,0.00000,0.00000
4.5333,1,1,0.00,0.00,33.33,-0.06892,0.05586,0.48324,0.48554,0.48554,0.4500,0,1,0.23659,0.06426,0.03372,0.23688,0.06446,0.03345,0.50,0.01,0.48554,-0.31938,0.05925,0.23925,1.26719,-0.00000,0.16726,-0.31859,0.05949,0.23325,1.27829,0.00000,-0.17000,36,0.23173,0.06130,0.03327,0.23610,0.06610,0,0.99044,-0.00177,-0.01816,0.13671,virtual,0,240.42,308.66,240.42,308.66,240.42,308.66,240.42,308.66,240.42,308.66,240.42,308.66,240.42,308.66,240.42,308.66,240.42,308.66,240.42,308.66,240.42,308.66,240.42,308.66,240.42,308.66,240.42,308.66,240.42,308.66,240.42,308.66,240.42,308.66,240.42,308.66,240.42,308.66,240.42,308.66,240.42,308.66,0.00000,0.00000,0.00000,0.00000,0.00000,0.00000,0.00000,0.00000,0.00000,0.00000,0.00000,0.00000,0.00000,0.00000,0.00000,0.00000,0.00000,0.00000,0.00000,0.00000,0.00000,0.00000,0.00000,0.00000,0.00000,0.00000,0.00000,0.00000,0.00000,0.00000,0.00000,0.00000,0.00000,0.00000,0.00000,0.00000,0.00000,0.00000,0.00000,0.00000,0.00000,0.00000,0.00000,0.00000,0.00000,0.00000,0.00000,0.00000,0.00000,0.00000,0.00000,0.00000,0.00000,0.00000,0.00000,0.00000,0.00000,0.00000,0.00000,0.00000,0.00000,0.00000,0.00000,0.00000,0.00000,0.00000,0.00000,0.00000,0.00000,0.00000,0.00000,0.00000,0.00000,0.00000,0.00000,0.00000,0.00000,0.00000,0.00000,0.00000,0.00000,0.00000,0.00000,0.00000
4.5667,1,1,0.00,0.00,33.33,-0.06923,0.05980,0.48271,0.48218,0.48218,0.4500,0,1,0.23686,0.06457,0.02978,0.23469,0.06392,0.02761,0.55,0.01,0.48218,-0.32023,0.08013,0.25592,1.24944,-0.00000,0.16726,-0.31984,0.07077,0.24891,1.25124,0.00000,-0.17000,36,0.22968,0.06089,0.02769,0.23610,0.06610,0,0.99048,-0.00347,-0.00888,0.13733,virtual,0,240.07,313.26,240.07,313.26,240.07,313.26,240.07,313.26,240.07,313.26,240.07,313.26,240.07,313.26,240.07,313.26,240.07,313.26,240.07,313.26,240.07,313.26,240.07,313.26,240.07,313.26,240.07,313.26,240.07,313.26,240.07,313.26,240.07,313.26,240.07,313.26,240.07,313.26,240.07,313.26,240.07,313.26,0.00000,0.00000,0.00000,0.00000,0.00000,0.00000,0.00000,0.00000,0.00000,0.00000,0.00000,0.00000,0.00000,0.00000,0.00000,0.00000,0.00000,0.00000,0.00000,0.00000,0.00000,0.00000,0.00000,0.00000,0.00000,0.00000,0.00000,0.00000,0.00000,0.00000,0.00000,0.00000,0.00000,0.00000,0.00000,0.00000,0.00000,0.00000,0.00000,0.00000,0.00000,0.00000,0.00000,0.00000,0.00000,0.00000,0.00000,0.00000,0.00000,0.00000,0.00000,0.00000,0.00000,0.00000,0.00000,0.00000,0.00000,0.00000,0.00000,0.00000,0.00000,0.00000,0.00000,0.00000,0.00000,0.00000,0.00000,0.00000,0.00000,0.00000,0.00000,0.00000,0.00000,0.00000,0.00000,0.00000,0.00000,0.00000,0.00000,0.00000,0.00000,0.00000,0.00000,0.00000
4.6000,1,1,0.00,0.00,33.33,-0.07003,0.06405,0.48407,0.48543,0.48543,0.4500,0,1,0.23617,0.06537,0.02553,0.23488,0.06481,0.02461,0.56,0.01,0.48543,-0.32402,0.07995,0.28018,1.21613,-0.00001,0.16726,-0.32433,0.07833,0.27207,1.22058,0.00000,-0.17000,36,0.22994,0.06159,0.02452,0.23610,0.06610,0,0.99024,-0.00258,-0.01362,0.13866,virtual,0,239.13,317.99,239.13,317.99,239.13,317.99,239.13,317.99,239.13,317.99,239.13,317.99,239.13,317.99,239.13,317.99,239.13,317.99,239.13,317.99,239.13,317.99,239.13,317.99,239.13,317.99,239.13,317.99,239.13,317.99,239.13,317.99,239.13,317.99,239.13,317.99,239.13,317.99,239.13,317.99,239.13,317.99,0.00000,0.00000,0.00000,0.00000,0.00000,0.00000,0.00000,0.00000,0.00000,0.00000,0.00000,0.00000,0.00000,0.00000,0.00000,0.00000,0.00000,0.00000,0.00000,0.00000,0.00000,0.00000,0.00000,0.00000,0.00000,0.00000,0.00000,0.00000,0.00000,0.00000,0.00000,0.00000,0.00000,0.00000,0.00000,0.00000,0.00000,0.00000,0.00000,0.00000,0.00000,0.00000,0.00000,0.00000,0.00000,0.00000,0.00000,0.00000,0.00000,0.00000,0.00000,0.00000,0.00000,0.00000,0.00000,0.00000,0.00000,0.00000,0.00000,0.00000,0.00000,0.00000,0.00000,0.00000,0.00000,0.00000,0.00000,0.00000,0.00000,0.00000,0.00000,0.00000,0.00000,0.00000,0.00000,0.00000,0.00000,0.00000,0.00000,0.00000,0.00000,0.00000,0.00000,0.00000
4.6333,1,1,0.00,0.00,33.33,-0.07083,0.06832,0.48509,0.48611,0.48611,0.4500,0,1,0.23567,0.06616,0.02126,0.23552,0.06633,0.02002,0.59,0.01,0.48611,-0.32998,0.09301,0.29997,1.17623,-0.00001,0.16726,-0.32875,0.08802,0.29275,1.19019,0.00000,-0.17000,36,0.23064,0.06285,0.01992,0.23610,0.06610,0,0.98986,-0.00188,-0.01711,0.14096,virtual,0,238.34,322.77,238.34,322.77,238.34,322.77,238.34,322.77,238.34,322.77,238.34,322.77,238.34,322.77,238.34,322.77,238.34,322.77,238.34,322.77,238.34,322.77,238.34,322.77,238.34,322.77,238.34,322.77,238.34,322.77,238.34,322.77,238.34,322.77,238.34,322.77,238.34,322.77,238.34,322.77,238.34,322.77,0.00000,0.00000,0.00000,0.00000,0.00000,0.00000,0.00000,0.00000,0.00000,0.00000,0.00000,0.00000,0.00000,0.00000,0.00000,0.00000,0.00000,0.00000,0.00000,0.00000,0.00000,0.00000,0.00000,0.00000,0.00000,0.00000,0.00000,0.00000,0.00000,0.00000,0.00000,0.00000,0.00000,0.00000,0.00000,0.00000,0.00000,0.00000,0.00000,0.00000,0.00000,0.00000,0.00000,0.00000,0.00000,0.00000,0.00000,0.00000,0.00000,0.00000,0.00000,0.00000,0.00000,0.00000,0.00000,0.00000,0.00000,0.00000,0.00000,0.00000,0.00000,0.00000,0.00000,0.00000,0.00000,0.00000,0.00000,0.00000,0.00000,0.00000,0.00000,0.00000,0.00000,0.00000,0.00000,0.00000,0.00000,0.00000,0.00000,0.00000,0.00000,0.00000,0.00000,0.00000
4.6667,1,1,0.00,0.00,33.33,-0.07085,0.07220,0.48320,0.48132,0.48132,0.4500,0,1,0.23661,0.06619,0.01739,0.23520,0.06584,0.01653,0.64,0.00,0.48132,-0.32824,0.11318,0.30025,1.16629,0.00000,0.16728,-0.32770,0.10632,0.29925,1.16529,0.00000,-0.17000,36,0.23025,0.06247,0.01649,0.23610,0.06610,0,0.99002,-0.00290,-0.01181,0.14039,virtual,0,238.39,327.60,238.39,327.60,238.39,327.60,238.39,327.60,238.39,327.60,238.39,327.60,238.39,327.60,238.39,327.60,238.39,327.60,238.39,327.60,238.39,327.60,238.39,327.60,238.39,327.60,238.39,327.60,238.39,327.60,238.39,327.60,238.39,327.60,238.39,327.60,238.39,327.60,238.39,327.60,238.39,327.60,0.00000,0.00000,0.00000,0.00000,0.00000,0.00000,0.00000,0.00000,0.00000,0.00000,0.00000,0.00000,0.00000,0.00000,0.00000,0.00000,0.00000,0.00000,0.00000,0.00000,0.00000,0.00000,0.00000,0.00000,0.00000,0.00000,0.00000,0.00000,0.00000,0.00000,0.00000,0.00000,0.00000,0.00000,0.00000,0.00000,0.00000,0.00000,0.00000,0.00000,0.00000,0.00000,0.00000,0.00000,0.00000,0.00000,0.00000,0.00000,0.00000,0.00000,0.00000,0.00000,0.00000,0.00000,0.00000,0.00000,0.00000,0.00000,0.00000,0.00000,0.00000,0.00000,0.00000,0.00000,0.00000,0.00000,0.00000,0.00000,0.00000,0.00000,0.00000,0.00000,0.00000,0.00000,0.00000,0.00000,0.00000,0.00000,0.00000,0.00000,0.00000,0.00000,0.00000,0.00000
4.7000,1,1,0.00,0.00,33.33,-0.07113,0.07442,0.48410,0.48499,0.48499,0.4500,0,1,0.23616,0.06647,0.01516,0.23440,0.06597,0.01421,0.34,0.01,0.48499,-0.33008,0.11336,0.31858,1.14659,0.00001,0.16607,-0.32950,0.11303,0.30986,1.14799,0.00000,-0.17000,36,0.22922,0.06247,0.01418,0.23610,0.06610,0,0.98992,-0.00268,-0.01130,0.14117,virtual,0,238.39,327.60,238.39,327.60,238.39,327.60,238.39,327.60,238.39,327.60,238.39,327.60,238.39,327.60,238.39,327.60,238.39,327.60,238.39,327.60,238.39,327.60,238.39,327.60,238.39,327.60,238.39,327.60,238.39,327.60,238.39,327.60,238.39,327.60,238.39,327.60,238.39,327.60,238.39,327.60,238.39,327.60,0.00000,0.00000,0.00000,0.00000,0.00000,0.00000,0.00000,0.00000,0.00000,0.00000,0.00000,0.00000,0.00000,0.00000,0.00000,0.00000,0.00000,0.00000,0.00000,0.00000,0.00000,0.00000,0.00000,0.00000,0.00000,0.00000,0.00000,0.00000,0.00000,0.00000,0.00000,0.00000,0.00000,0.00000,0.00000,0.00000,0.00000,0.00000,0.00000,0.00000,0.00000,0.00000,0.00000,0.00000,0.00000,0.00000,0.00000,0.00000,0.00000,0.00000,0.00000,0.00000,0.00000,0.00000,0.00000,0.00000,0.00000,0.00000,0.00000,0.00000,0.00000,0.00000,0.00000,0.00000,0.00000,0.00000,0.00000,0.00000,0.00000,0.00000,0.00000,0.00000,0.00000,0.00000,0.00000,0.00000,0.00000,0.00000,0.00000,0.00000,0.00000,0.00000,0.00000,0.00000
4.7333,1,1,0.00,0.00,33.33,-0.07107,0.07533,0.48322,0.48235,0.48235,0.4500,0,1,0.23660,0.06641,0.01425,0.23541,0.06609,0.01410,0.20,0.00,0.48235,-0.32905,0.12118,0.30913,1.14779,0.00002,0.16410,-0.32873,0.12004,0.30884,1.14191,0.00000,-0.17000,36,0.23026,0.06260,0.01424,0.23610,0.06610,0,0.98999,-0.00226,-0.01095,0.14066,virtual,0,238.39,327.60,238.39,327.60,238.39,327.60,238.39,327.60,238.39,327.60,238.39,327.60,238.39,327.60,238.39,327.60,238.39,327.60,238.39,327.60,238.39,327.60,238.39,327.60,238.39,327.60,238.39,327.60,238.39,327.60,238.39,327.60,238.39,327.60,238.39,327.60,238.39,327.60,238.39,327.60,238.39,327.60,0.00000,0.00000,0.00000,0.00000,0.00000,0.00000,0.00000,0.00000,0.00000,0.00000,0.00000,0.00000,0.00000,0.00000,0.00000,0.00000,0.00000,0.00000,0.00000,0.00000,0.00000,0.00000,0.00000,0.00000,0.00000,0.00000,0.00000,0.00000,0.00000,0.00000,0.00000,0.00000,0.00000,0.00000,0.00000,0.00000,0.00000,0.00000,0.00000,0.00000,0.00000,0.00000,0.00000,0.00000,0.00000,0.00000,0.00000,0.00000,0.00000,0.00000,0.00000,0.00000,0.00000,0.00000,0.00000,0.00000,0.00000,0.00000,0.00000,0.00000,0.00000,0.00000,0.00000,0.00000,0.00000,0.00000,0.00000,0.00000,0.00000,0.00000,0.00000,0.00000,0.00000,0.00000,0.00000,0.00000,0.00000,0.00000,0.00000,0.00000,0.00000,0.00000,0.00000,0.00000
4.7667,1,1,0.00,0.00,33.33,-0.07103,0.07576,0.48265,0.48209,0.48209,0.5917,0,1,0.23688,0.06637,0.01382,0.23604,0.06622,0.01414,0.71,0.00,0.48209,-0.32867,0.12072,0.30986,1.14309,0.00001,0.16489,-0.32873,0.12004,0.30884,1.14191,0.00000,-0.17000,36,0.23093,0.06276,0.01417,0.23610,0.06610,0,0.99001,-0.00218,-0.01172,0.14046,virtual,0,238.39,327.60,238.39,327.60,238.39,327.60,238.39,327.60,238.39,327.60,238.39,327.60,238.39,327.60,238.39,327.60,238.39,327.60,238.39,327.60,238.39,327.60,238.39,327.60,238.39,327.60,238.39,327.60,238.39,327.60,238.39,327.60,238.39,327.60,238.39,327.60,238.39,327.60,238.39,327.60,238.39,327.60,0.00000,0.00000,0.00000,0.00000,0.00000,0.00000,0.00000,0.00000,0.00000,0.00000,0.00000,0.00000,0.00000,0.00000,0.00000,0.00000,0.00000,0.00000,0.00000,0.00000,0.00000,0.00000,0.00000,0.00000,0.00000,0.00000,0.00000,0.00000,0.00000,0.00000,0.00000,0.00000,0.00000,0.00000,0.00000,0.00000,0.00000,0.00000,0.00000,0.00000,0.00000,0.00000,0.00000,0.00000,0.00000,0.00000,0.00000,0.00000,0.00000,0.00000,0.00000,0.00000,0.00000,0.00000,0.00000,0.00000,0.00000,0.00000,0.00000,0.00000,0.00000,0.00000,0.00000,0.00000,0.00000,0.00000,0.00000,0.00000,0.00000,0.00000,0.00000,0.00000,0.00000,0.00000,0.00000,0.00000,0.00000,0.00000,0.00000,0.00000,0.00000,0.00000,0.00000,0.00000
4.8000,1,1,0.00,0.00,33.33,-0.07099,0.07596,0.48225,0.48185,0.48185,0.7333,0,1,0.23708,0.06633,0.01362,0.23612,0.06625,0.01425,0.99,0.00,0.48185,-0.32871,0.12007,0.30988,1.14296,0.00000,0.16596,-0.32873,0.12004,0.30884,1.14191,0.00000,-0.17000,36,0.23112,0.06282,0.01430,0.23610,0.06610,0,0.99002,-0.00222,-0.01177,0.14041,virtual,0,238.39,327.60,238.39,327.60,238.39,327.60,238.39,327.60,238.39,327.60,238.39,327.60,238.39,327.60,238.39,327.60,238.39,327.60,238.39,327.60,238.39,327.60,238.39,327.60,238.39,327.60,238.39,327.60,238.39,327.60,238.39,327.60,238.39,327.60,238.39,327.60,238.39,327.60,238.39,327.60,238.39,327.60,0.00000,0.00000,0.00000,0.00000,0.00000,0.00000,0.00000,0.00000,0.00000,0.00000,0.00000,0.00000,0.00000,0.00000,0.00000,0.00000,0.00000,0.00000,0.00000,0.00000,0.00000,0.00000,0.00000,0.00000,0.00000,0.00000,0.00000,0.00000,0.00000,0.00000,0.00000,0.00000,0.00000,0.00000,0.00000,0.00000,0.00000,0.00000,0.00000,0.00000,0.00000,0.00000,0.00000,0.00000,0.00000,0.00000,0.00000,0.00000,0.00000,0.00000,0.00000,0.00000,0.00000,0.00000,0.00000,0.00000,0.00000,0.00000,0.00000,0.00000,0.00000,0.00000,0.00000,0.00000,0.00000,0.00000,0.00000,0.00000,0.00000,0.00000,0.00000,0.00000,0.00000,0.00000,0.00000,0.00000,0.00000,0.00000,0.00000,0.00000,0.00000,0.00000,0.00000,0.00000
4.8333,1,1,0.00,0.00,33.33,-0.07091,0.07599,0.48164,0.48102,0.48102,0.8750,0,1,0.23708,0.06633,0.01362,0.23618,0.06628,0.01427,0.99,0.00,0.48102,-0.32872,0.12021,0.30958,1.14284,-0.00000,0.16615,-0.32873,0.12004,0.30884,1.14191,0.00000,-0.17000,36,0.23120,0.06285,0.01433,0.23610,0.06610,0,0.99003,-0.00225,-0.01167,0.14038,virtual,1,238.39,327.60,238.39,327.60,238.39,327.60,238.39,327.60,238.39,327.60,238.39,327.60,238.39,327.60,238.39,327.60,238.39,327.60,238.39,327.60,238.39,327.60,238.39,327.60,238.39,327.60,238.39,327.60,238.39,327.60,238.39,327.60,238.39,327.60,238.39,327.60,238.39,327.60,238.39,327.60,238.39,327.60,0.00000,0.00000,0.00000,0.00000,0.00000,0.00000,0.00000,0.00000,0.00000,0.00000,0.00000,0.00000,0.00000,0.00000,0.00000,0.00000,0.00000,0.00000,0.00000,0.00000,0.00000,0.00000,0.00000,0.00000,0.00000,0.00000,0.00000,0.00000,0.00000,0.00000,0.00000,0.00000,0.00000,0.00000,0.00000,0.00000,0.00000,0.00000,0.00000,0.00000,0.00000,0.00000,0.00000,0.00000,0.00000,0.00000,0.00000,0.00000,0.00000,0.00000,0.00000,0.00000,0.00000,0.00000,0.00000,0.00000,0.00000,0.00000,0.00000,0.00000,0.00000,0.00000,0.00000,0.00000,0.00000,0.00000,0.00000,0.00000,0.00000,0.00000,0.00000,0.00000,0.00000,0.00000,0.00000,0.00000,0.00000,0.00000,0.00000,0.00000,0.00000,0.00000,0.00000,0.00000
4.8667,1,1,0.00,0.00,33.33,-0.07067,0.07580,0.48001,0.47838,0.47838,1.0167,0,1,0.23708,0.06633,0.01362,0.23624,0.06630,0.01430,0.99,0.00,0.47838,-0.32872,0.12012,0.30945,1.14267,0.00000,0.16635,-0.32873,0.12004,0.30884,1.14191,0.00000,-0.17000,36,0.23127,0.06287,0.01437,0.23610,0.06610,0,0.99003,-0.00225,-0.01163,0.14036,virtual,0,238.39,327.60,238.39,327.60,238.39,327.60,238.39,327.60,238.39,327.60,238.39,327.60,238.39,327.60,238.39,327.60,238.39,327.60,238.39,327.60,238.39,327.60,238.39,327.60,238.39,327.60,238.39,327.60,238.39,327.60,238.39,327.60,238.39,327.60,238.39,327.60,238.39,327.60,238.39,327.60,238.39,327.60,0.00000,0.00000,0.00000,0.00000,0.00000,0.00000,0.00000,0.00000,0.00000,0.00000,0.00000,0.00000,0.00000,0.00000,0.00000,0.00000,0.00000,0.00000,0.00000,0.00000,0.00000,0.00000,0.00000,0.00000,0.00000,0.00000,0.00000,0.00000,0.00000,0.00000,0.00000,0.00000,0.00000,0.00000,0.00000,0.00000,0.00000,0.00000,0.00000,0.00000,0.00000,0.00000,0.00000,0.00000,0.00000,0.00000,0.00000,0.00000,0.00000,0.00000,0.00000,0.00000,0.00000,0.00000,0.00000,0.00000,0.00000,0.00000,0.00000,0.00000,0.00000,0.00000,0.00000,0.00000,0.00000,0.00000,0.00000,0.00000,0.00000,0.00000,0.00000,0.00000,0.00000,0.00000,0.00000,0.00000,0.00000,0.00000,0.00000,0.00000,0.00000,0.00000,0.00000,0.00000
4.9000,1,1,0.00,0.00,33.33,-0.07069,0.07585,0.48011,0.48021,0.48021,1.1583,0,1,0.23703,0.06634,0.01358,0.23629,0.06632,0.01433,1.00,0.00,0.48021,-0.32872,0.12009,0.30932,1.14254,0.00000,0.16652,-0.32873,0.12004,0.30884,1.14191,0.00000,-0.17000,36,0.23133,0.06289,0.01441,0.23610,0.06610,0,0.99003,-0.00223,-0.01161,0.14033,virtual,0,238.39,327.60,238.39,327.60,238.39,327.60,238.39,327.60,238.39,327.60,238.39,327.60,238.39,327.60,238.39,327.60,238.39,327.60,238.39,327.60,238.39,327.60,238.39,327.60,238.39,327.60,238.39,327.60,238.39,327.60,238.39,327.60,238.39,327.60,238.39,327.60,238.39,327.60,238.39,327.60,238.39,327.60,0.00000,0.00000,0.00000,0.00000,0.00000,0.00000,0.00000,0.00000,0.00000,0.00000,0.00000,0.00000,0.00000,0.00000,0.00000,0.00000,0.00000,0.00000,0.00000,0.00000,0.00000,0.00000,0.00000,0.00000,0.00000,0.00000,0.00000,0.00000,0.00000,0.00000,0.00000,0.00000,0.00000,0.00000,0.00000,0.00000,0.00000,0.00000,0.00000,0.00000,0.00000,0.00000,0.00000,0.00000,0.00000,0.00000,0.00000,0.00000,0.00000,0.00000,0.00000,0.00000,0.00000,0.00000,0.00000,0.00000,0.00000,0.00000,0.00000,0.00000,0.00000,0.00000,0.00000,0.00000,0.00000,0.00000,0.00000,0.00000,0.00000,0.00000,0.00000,0.00000,0.00000,0.00000,0.00000,0.00000,0.00000,0.00000,0.00000,0.00000,0.00000,0.00000,0.00000,0.00000
4.9333,1,1,0.00,0.00,33.33,-0.07329,0.07866,0.49779,0.51548,0.51548,1.3000,0,0,0.23703,0.06634,0.01358,0.23596,0.06622,0.01419,1.00,0.00,0.51548,-0.32880,0.12009,0.31022,1.14351,0.00000,0.21413,-0.32873,0.12004,0.30884,1.14191,0.00000,1.00000,36,0.23170,0.06299,0.01420,0.23610,0.06610,0,0.99009,-0.00328,-0.00278,0.14036,virtual,1,238.39,327.60,238.39,327.60,238.39,327.60,238.39,327.60,238.39,327.60,238.39,327.60,238.39,327.60,238.39,327.60,238.39,327.60,238.39,327.60,238.39,327.60,238.39,327.60,238.39,327.60,238.39,327.60,238.39,327.60,238.39,327.60,238.39,327.60,238.39,327.60,238.39,327.60,238.39,327.60,238.39,327.60,0.00000,0.00000,0.00000,0.00000,0.00000,0.00000,0.00000,0.00000,0.00000,0.00000,0.00000,0.00000,0.00000,0.00000,0.00000,0.00000,0.00000,0.00000,0.00000,0.00000,0.00000,0.00000,0.00000,0.00000,0.00000,0.00000,0.00000,0.00000,0.00000,0.00000,0.00000,0.00000,0.00000,0.00000,0.00000,0.00000,0.00000,0.00000,0.00000,0.00000,0.00000,0.00000,0.00000,0.00000,0.00000,0.00000,0.00000,0.00000,0.00000,0.00000,0.00000,0.00000,0.00000,0.00000,0.00000,0.00000,0.00000,0.00000,0.00000,0.00000,0.00000,0.00000,0.00000,0.00000,0.00000,0.00000,0.00000,0.00000,0.00000,0.00000,0.00000,0.00000,0.00000,0.00000,0.00000,0.00000,0.00000,0.00000,0.00000,0.00000,0.00000,0.00000,0.00000,0.00000
4.9667,1,1,0.00,0.00,33.33,-0.07455,0.08001,0.50629,0.51478,0.51478,1.3000,0,0,0.23703,0.06634,0.01358,0.23612,0.06627,0.01425,1.00,0.00,0.51478,-0.32877,0.12015,0.30979,1.14303,0.00000,0.32408,-0.32873,0.12004,0.30884,1.14191,0.00000,1.00000,36,0.23193,0.06306,0.01426,0.23610,0.06610,0,0.99009,-0.00320,-0.00067,0.14037,virtual,1,238.39,327.60,238.39,327.60,238.39,327.60,238.39,327.60,238.39,327.60,238.39,327.60,238.39,327.60,238.39,327.60,238.39,327.60,238.39,327.60,238.39,327.60,238.39,327.60,238.39,327.60,238.39,327.60,238.39,327.60,238.39,327.60,238.39,327.60,238.39,327.60,238.39,327.60,238.39,327.60,238.39,327.60,0.00000,0.00000,0.00000,0.00000,0.00000,0.00000,0.00000,0.00000,0.00000,0.00000,0.00000,0.00000,0.00000,0.00000,0.00000,0.00000,0.00000,0.00000,0.00000,0.00000,0.00000,0.00000,0.00000,0.00000,0.00000,0.00000,0.00000,0.00000,0.00000,0.00000,0.00000,0.00000,0.00000,0.00000,0.00000,0.00000,0.00000,0.00000,0.00000,0.00000,0.00000,0.00000,0.00000,0.00000,0.00000,0.00000,0.00000,0.00000,0.00000,0.00000,0.00000,0.00000,0.00000,0.00000,0.00000,0.00000,0.00000,0.00000,0.00000,0.00000,0.00000,0.00000,0.00000,0.00000,0.00000,0.00000,0.00000,0.00000,0.00000,0.00000,0.00000,0.00000,0.00000,0.00000,0.00000,0.00000,0.00000,0.00000,0.00000,0.00000,0.00000,0.00000,0.00000,0.00000
5.0000,1,1,0.00,0.00,33.33,-0.07501,0.08052,0.50947,0.51264,0.51264,1.3000,0,0,0.23703,0.06634,0.01358,0.23615,0.06627,0.01424,1.00,0.00,0.51264,-0.32874,0.12021,0.30975,1.14286,0.00000,0.46381,-0.32873,0.12004,0.30884,1.14191,0.00000,1.00000,36,0.23202,0.06307,0.01433,0.23610,0.06610,0,0.99009,-0.00282,-0.00044,0.14039,virtual,1,238.39,327.60,238.39,327.60,238.39,327.60,238.39,327.60,238.39,327.60,238.39,327.60,238.39,327.60,238.39,327.60,238.39,327.60,238.39,327.60,238.39,327.60,238.39,327.60,238.39,327.60,238.39,327.60,238.39,327.60,238.39,327.60,238.39,327.60,238.39,327.60,238.39,327.60,238.39,327.60,238.39,327.60,0.00000,0.00000,0.00000,0.00000,0.00000,0.00000,0.00000,0.00000,0.00000,0.00000,0.00000,0.00000,0.00000,0.00000,0.00000,0.00000,0.00000,0.00000,0.00000,0.00000,0.00000,0.00000,0.00000,0.00000,0.00000,0.00000,0.00000,0.00000,0.00000,0.00000,0.00000,0.00000,0.00000,0.00000,0.00000,0.00000,0.00000,0.00000,0.00000,0.00000,0.00000,0.00000,0.00000,0.00000,0.00000,0.00000,0.00000,0.00000,0.00000,0.00000,0.00000,0.00000,0.00000,0.00000,0.00000,0.00000,0.00000,0.00000,0.00000,0.00000,0.00000,0.00000,0.00000,0.00000,0.00000,0.00000,0.00000,0.00000,0.00000,0.00000,0.00000,0.00000,0.00000,0.00000,0.00000,0.00000,0.00000,0.00000,0.00000,0.00000,0.00000,0.00000,0.00000,0.00000
5.0333,1,1,0.00,0.00,33.33,-0.07545,0.08098,0.51241,0.51535,0.51535,1.3000,0,0,0.23703,0.06634,0.01358,0.23617,0.06628,0.01425,1.00,0.00,0.51535,-0.32873,0.12025,0.30969,1.14274,0.00000,0.59553,-0.32873,0.12004,0.30884,1.14191,0.00000,1.00000,36,0.23208,0.06309,0.01439,0.23610,0.06610,0,0.99009,-0.00256,-0.00027,0.14039,virtual,1,238.39,327.60,238.39,327.60,238.39,327.60,238.39,327.60,238.39,327.60,238.39,327.60,238.39,327.60,238.39,327.60,238.39,327.60,238.39,327.60,238.39,327.60,238.39,327.60,238.39,327.60,238.39,327.60,238.39,327.60,238.39,327.60,238.39,327.60,238.39,327.60,238.39,327.60,238.39,327.60,238.39,327.60,0.00000,0.00000,0.00000,0.00000,0.00000,0.00000,0.00000,0.00000,0.00000,0.00000,0.00000,0.00000,0.00000,0.00000,0.00000,0.00000,0.00000,0.00000,0.00000,0.00000,0.00000,0.00000,0.00000,0.00000,0.00000,0.00000,0.00000,0.00000,0.00000,0.00000,0.00000,0.00000,0.00000,0.00000,0.00000,0.00000,0.00000,0.00000,0.00000,0.00000,0.00000,0.00000,0.00000,0.00000,0.00000,0.00000,0.00000,0.00000,0.00000,0.00000,0.00000,0.00000,0.00000,0.00000,0.00000,0.00000,0.00000,0.00000,0.00000,0.00000,0.00000,0.00000,0.00000,0.00000,0.00000,0.00000,0.00000,0.00000,0.00000,0.00000,0.00000,0.00000,0.00000,0.00000,0.00000,0.00000,0.00000,0.00000,0.00000,0.00000,0.00000,0.00000,0.00000,0.00000
5.0667,1,1,0.00,0.00,33.33,-0.07495,0.08045,0.50906,0.50571,0.50571,1.3000,0,0,0.23703,0.06634,0.01358,0.23620,0.06629,0.01425,1.00,0.00,0.50571,-0.32872,0.12030,0.30962,1.14261,0.00000,0.75626,-0.32873,0.12004,0.30884,1.14191,0.00000,1.00000,36,0.23216,0.06311,0.01445,0.23610,0.06610,0,0.99009,-0.00230,-0.00010,0.14039,virtual,1,238.39,327.60,238.39,327.60,238.39,327.60,238.39,327.60,238.39,327.60,238.39,327.60,238.39,327.60,238.39,327.60,238.39,327.60,238.39,327.60,238.39,327.60,238.39,327.60,238.39,327.60,238.39,327.60,238.39,327.60,238.39,327.60,238.39,327.60,238.39,327.60,238.39,327.60,238.39,327.60,238.39,327.60,0.00000,0.00000,0.00000,0.00000,0.00000,0.00000,0.00000,0.00000,0.00000,0.00000,0.00000,0.00000,0.00000,0.00000,0.00000,0.00000,0.00000,0.00000,0.00000,0.00000,0.00000,0.00000,0.00000,0.00000,0.00000,0.00000,0.00000,0.00000,0.00000,0.00000,0.00000,0.00000,0.00000,0.00000,0.00000,0.00000,0.00000,0.00000,0.00000,0.00000,0.00000,0.00000,0.00000,0.00000,0.00000,0.00000,0.00000,0.00000,0.00000,0.00000,0.00000,0.00000,0.00000,0.00000,0.00000,0.00000,0.00000,0.00000,0.00000,0.00000,0.00000,0.00000,0.00000,0.00000,0.00000,0.00000,0.00000,0.00000,0.00000,0.00000,0.00000,0.00000,0.00000,0.00000,0.00000,0.00000,0.00000,0.00000,0.00000,0.00000,0.00000,0.00000,0.00000,0.00000
5.1000,1,1,0.00,0.00,33.33,-0.07469,0.08018,0.50729,0.50553,0.50553,1.3000,0,0,0.23703,0.06634,0.01358,0.23622,0.06629,0.01425,1.00,0.00,0.50553,-0.32872,0.12034,0.30956,1.14251,0.00000,0.92087,-0.32873,0.12004,0.30884,1.14191,0.00000,1.00000,36,0.23223,0.06312,0.01450,0.23610,0.06610,0,0.99010,-0.00210,0.00002,0.14038,virtual,1,238.39,327.60,238.39,327.60,238.39,327.60,238.39,327.60,238.39,327.60,238.39,327.60,238.39,327.60,238.39,327.60,238.39,327.60,238.39,327.60,238.39,327.60,238.39,327.60,238.39,327.60,238.39,327.60,238.39,327.60,238.39,327.60,238.39,327.60,238.39,327.60,238.39,327.60,238.39,327.60,238.39,327.60,0.00000,0.00000,0.00000,0.00000,0.00000,0.00000,0.00000,0.00000,0.00000,0.00000,0.00000,0.00000,0.00000,0.00000,0.00000,0.00000,0.00000,0.00000,0.00000,0.00000,0.00000,0.00000,0.00000,0.00000,0.00000,0.00000,0.00000,0.00000,0.00000,0.00000,0.00000,0.00000,0.00000,0.00000,0.00000,0.00000,0.00000,0.00000,0.00000,0.00000,0.00000,0.00000,0.00000,0.00000,0.00000,0.00000,0.00000,0.00000,0.00000,0.00000,0.00000,0.00000,0.00000,0.00000,0.00000,0.00000,0.00000,0.00000,0.00000,0.00000,0.00000,0.00000,0.00000,0.00000,0.00000,0.00000,0.00000,0.00000,0.00000,0.00000,0.00000,0.00000,0.00000,0.00000,0.00000,0.00000,0.00000,0.00000,0.00000,0.00000,0.00000,0.00000,0.00000,0.00000
5.1333,1,1,0.00,0.00,33.33,-0.07443,0.07990,0.50553,0.50377,0.50377,1.3000,0,0,0.23703,0.06634,0.01358,0.23624,0.06630,0.01425,1.00,0.00,0.50377,-0.32872,0.12037,0.30951,1.14243,0.00000,1.03685,-0.32873,0.12004,0.30884,1.14191,0.00000,1.00000,36,0.23228,0.06314,0.01454,0.23610,0.06610,0,0.99010,-0.00197,0.00013,0.14037,virtual,1,238.39,327.60,238.39,327.60,238.39,327.60,238.39,327.60,238.39,327.60,238.39,327.60,238.39,327.60,238.39,327.60,238.39,327.60,238.39,327.60,238.39,327.60,238.39,327.60,238.39,327.60,238.39,327.60,238.39,327.60,238.39,327.60,238.39,327.60,238.39,327.60,238.39,327.60,238.39,327.60,238.39,327.60,0.00000,0.00000,0.00000,0.00000,0.00000,0.00000,0.00000,0.00000,0.00000,0.00000,0.00000,0.00000,0.00000,0.00000,0.00000,0.00000,0.00000,0.00000,0.00000,0.00000,0.00000,0.00000,0.00000,0.00000,0.00000,0.00000,0.00000,0.00000,0.00000,0.00000,0.00000,0.00000,0.00000,0.00000,0.00000,0.00000,0.00000,0.00000,0.00000,0.00000,0.00000,0.00000,0.00000,0.00000,0.00000,0.00000,0.00000,0.00000,0.00000,0.00000,0.00000,0.00000,0.00000,0.00000,0.00000,0.00000,0.00000,0.00000,0.00000,0.00000,0.00000,0.00000,0.00000,0.00000,0.00000,0.00000,0.00000,0.00000,0.00000,0.00000,0.00000,0.00000,0.00000,0.00000,0.00000,0.00000,0.00000,0.00000,0.00000,0.00000,0.00000,0.00000,0.00000,0.00000
5.1667,1,1,0.00,0.00,33.33,-0.07418,0.07962,0.50380,0.50206,0.50206,1.3000,0,0,0.23703,0.06634,0.01358,0.23626,0.06631,0.01426,1.00,0.00,0.50206,-0.32873,0.12040,0.30946,1.14236,0.00000,1.03406,-0.32873,0.12004,0.30884,1.14191,0.00000,1.00000,36,0.23234,0.06315,0.01459,0.23610,0.06610,0,0.99010,-0.00186,0.00024,0.14036,virtual,1,238.39,327.60,238.39,327.60,238.39,327.60,238.39,327.60,238.39,327.60,238.39,327.60,238.39,327.60,238.39,327.60,238.39,327.60,238.39,327.60,238.39,327.60,238.39,327.60,238.39,327.60,238.39,327.60,238.39,327.60,238.39,327.60,238.39,327.60,238.39,327.60,238.39,327.60,238.39,327.60,238.39,327.60,0.00000,0.00000,0.00000,0.00000,0.00000,0.00000,0.00000,0.00000,0.00000,0.00000,0.00000,0.00000,0.00000,0.00000,0.00000,0.00000,0.00000,0.00000,0.00000,0.00000,0.00000,0.00000,0.00000,0.00000,0.00000,0.00000,0.00000,0.00000,0.00000,0.00000,0.00000,0.00000,0.00000,0.00000,0.00000,0.00000,0.00000,0.00000,0.00000,0.00000,0.00000,0.00000,0.00000,0.00000,0.00000,0.00000,0.00000,0.00000,0.00000,0.00000,0.00000,0.00000,0.00000,0.00000,0.00000,0.00000,0.00000,0.00000,0.00000,0.00000,0.00000,0.00000,0.00000,0.00000,0.00000,0.00000,0.00000,0.00000,0.00000,0.00000,0.00000,0.00000,0.00000,0.00000,0.00000,0.00000,0.00000,0.00000,0.00000,0.00000,0.00000,0.00000,0.00000,0.00000
5.2000,1,1,0.00,0.00,33.33,-0.07351,0.07890,0.49923,0.49466,0.49466,1.3000,0,0,0.23703,0.06634,0.01358,0.23627,0.06631,0.01426,1.00,0.00,0.49466,-0.32873,0.12042,0.30942,1.14230,0.00000,0.98497,-0.32873,0.12004,0.30884,1.14191,0.00000,1.00000,36,0.23239,0.06317,0.01462,0.23610,0.06610,0,0.99010,-0.00176,0.00029,0.14038,virtual,1,238.39,327.60,238.39,327.60,238.39,327.60,238.39,327.60,238.39,327.60,238.39,327.60,238.39,327.60,238.39,327.60,238.39,327.60,238.39,327.60,238.39,327.60,238.39,327.60,238.39,327.60,238.39,327.60,238.39,327.60,238.39,327.60,238.39,327.60,238.39,327.60,238.39,327.60,238.39,327.60,238.39,327.60,0.00000,0.00000,0.00000,0.00000,0.00000,0.00000,0.00000,0.00000,0.00000,0.00000,0.00000,0.00000,0.00000,0.00000,0.00000,0.00000,0.00000,0.00000,0.00000,0.00000,0.00000,0.00000,0.00000,0.00000,0.00000,0.00000,0.00000,0.00000,0.00000,0.00000,0.00000,0.00000,0.00000,0.00000,0.00000,0.00000,0.00000,0.00000,0.00000,0.00000,0.00000,0.00000,0.00000,0.00000,0.00000,0.00000,0.00000,0.00000,0.00000,0.00000,0.00000,0.00000,0.00000,0.00000,0.00000,0.00000,0.00000,0.00000,0.00000,0.00000,0.00000,0.00000,0.00000,0.00000,0.00000,0.00000,0.00000,0.00000,0.00000,0.00000,0.00000,0.00000,0.00000,0.00000,0.00000,0.00000,0.00000,0.00000,0.00000,0.00000,0.00000,0.00000,0.00000,0.00000
5.2333,1,1,0.00,0.00,33.33,-0.07313,0.07850,0.49666,0.49409,0.49409,1.3000,0,0,0.23703,0.06634,0.01358,0.23628,0.06632,0.01426,1.00,0.00,0.49409,-0.32873,0.12043,0.30940,1.14226,0.00000,1.00496,-0.32873,0.12004,0.30884,1.14191,0.00000,1.00000,36,0.23242,0.06318,0.01465,0.23610,0.06610,0,0.99010,-0.00168,0.00033,0.14037,virtual,1,238.39,327.60,238.39,327.60,238.39,327.60,238.39,327.60,238.39,327.60,238.39,327.60,238.39,327.60,238.39,327.60,238.39,327.60,238.39,327.60,238.39,327.60,238.39,327.60,238.39,327.60,238.39,327.60,238.39,327.60,238.39,327.60,238.39,327.60,238.39,327.60,238.39,327.60,238.39,327.60,238.39,327.60,0.00000,0.00000,0.00000,0.00000,0.00000,0.00000,0.00000,0.00000,0.00000,0.00000,0.00000,0.00000,0.00000,0.00000,0.00000,0.00000,0.00000,0.00000,0.00000,0.00000,0.00000,0.00000,0.00000,0.00000,0.00000,0.00000,0.00000,0.00000,0.00000,0.00000,0.00000,0.00000,0.00000,0.00000,0.00000,0.00000,0.00000,0.00000,0.00000,0.00000,0.00000,0.00000,0.00000,0.00000,0.00000,0.00000,0.00000,0.00000,0.00000,0.00000,0.00000,0.00000,0.00000,0.00000,0.00000,0.00000,0.00000,0.00000,0.00000,0.00000,0.00000,0.00000,0.00000,0.00000,0.00000,0.00000,0.00000,0.00000,0.00000,0.00000,0.00000,0.00000,0.00000,0.00000,0.00000,0.00000,0.00000,0.00000,0.00000,0.00000,0.00000,0.00000,0.00000,0.00000
5.2667,1,1,0.00,0.00,33.33,-0.07299,0.07835,0.49573,0.49481,0.49481,1.3000,0,0,0.23703,0.06634,0.01358,0.23630,0.06632,0.01426,1.00,0.00,0.49481,-0.32873,0.12044,0.30937,1.14221,0.00000,1.00085,-0.32873,0.12004,0.30884,1.14191,0.00000,1.00000,36,0.23246,0.06318,0.01468,0.23610,0.06610,0,0.99010,-0.00158,0.00036,0.14036,virtual,1,238.39,327.60,238.39,327.60,238.39,327.60,238.39,327.60,238.39,327.60,238.39,327.60,238.39,327.60,238.39,327.60,238.39,327.60,238.39,327.60,238.39,327.60,238.39,327.60,238.39,327.60,238.39,327.60,238.39,327.60,238.39,327.60,238.39,327.60,238.39,327.60,238.39,327.60,238.39,327.60,238.39,327.60,0.00000,0.00000,0.00000,0.00000,0.00000,0.00000,0.00000,0.00000,0.00000,0.00000,0.00000,0.00000,0.00000,0.00000,0.00000,0.00000,0.00000,0.00000,0.00000,0.00000,0.00000,0.00000,0.00000,0.00000,0.00000,0.00000,0.00000,0.00000,0.00000,0.00000,0.00000,0.00000,0.00000,0.00000,0.00000,0.00000,0.00000,0.00000,0.00000,0.00000,0.00000,0.00000,0.00000,0.00000,0.00000,0.00000,0.00000,0.00000,0.00000,0.00000,0.00000,0.00000,0.00000,0.00000,0.00000,0.00000,0.00000,0.00000,0.00000,0.00000,0.00000,0.00000,0.00000,0.00000,0.00000,0.00000,0.00000,0.00000,0.00000,0.00000,0.00000,0.00000,0.00000,0.00000,0.00000,0.00000,0.00000,0.00000,0.00000,0.00000,0.00000,0.00000,0.00000,0.00000
5.3000,1,1,0.00,0.00,33.33,-0.07249,0.07781,0.49231,0.48889,0.48889,1.3000,0,0,0.23703,0.06634,0.01358,0.23630,0.06632,0.01426,1.00,0.00,0.48889,-0.32873,0.12046,0.30935,1.14218,0.00000,1.00000,-0.32873,0.12004,0.30884,1.14191,0.00000,1.00000,36,0.23249,0.06319,0.01471,0.23610,0.06610,0,0.99010,-0.00148,0.00036,0.14035,virtual,1,238.39,327.60,238.39,327.60,238.39,327.60,238.39,327.60,238.39,327.60,238.39,327.60,238.39,327.60,238.39,327.60,238.39,327.60,238.39,327.60,238.39,327.60,238.39,327.60,238.39,327.60,238.39,327.60,238.39,327.60,238.39,327.60,238.39,327.60,238.39,327.60,238.39,327.60,238.39,327.60,238.39,327.60,0.00000,0.00000,0.00000,0.00000,0.00000,0.00000,0.00000,0.00000,0.00000,0.00000,0.00000,0.00000,0.00000,0.00000,0.00000,0.00000,0.00000,0.00000,0.00000,0.00000,0.00000,0.00000,0.00000,0.00000,0.00000,0.00000,0.00000,0.00000,0.00000,0.00000,0.00000,0.00000,0.00000,0.00000,0.00000,0.00000,0.00000,0.00000,0.00000,0.00000,0.00000,0.00000,0.00000,0.00000,0.00000,0.00000,0.00000,0.00000,0.00000,0.00000,0.00000,0.00000,0.00000,0.00000,0.00000,0.00000,0.00000,0.00000,0.00000,0.00000,0.00000,0.00000,0.00000,0.00000,0.00000,0.00000,0.00000,0.00000,0.00000,0.00000,0.00000,0.00000,0.00000,0.00000,0.00000,0.00000,0.00000,0.00000,0.00000,0.00000,0.00000,0.00000,0.00000,0.00000
5.3333,1,1,0.00,0.00,33.33,-0.07200,0.07728,0.48898,0.48564,0.48564,1.3000,0,0,0.23703,0.06634,0.01358,0.23631,0.06633,0.01427,1.00,0.00,0.48564,-0.32873,0.12046,0.30933,1.14215,0.00000,0.99999,-0.32873,0.12004,0.30884,1.14191,0.00000,1.00000,36,0.23252,0.06320,0.01473,0.23610,0.06610,0,0.99010,-0.00140,0.00036,0.14033,virtual,1,238.39,327.60,238.39,327.60,238.39,327.60,238.39,327.60,238.39,327.60,238.39,327.60,238.39,327.60,238.39,327.60,238.39,327.60,238.39,327.60,238.39,327.60,238.39,327.60,238.39,327.60,238.39,327.60,238.39,327.60,238.39,327.60,238.39,327.60,238.39,327.60,238.39,327.60,238.39,327.60,238.39,327.60,0.00000,0.00000,0.00000,0.00000,0.00000,0.00000,0.00000,0.00000,0.00000,0.00000,0.00000,0.00000,0.00000,0.00000,0.00000,0.00000,0.00000,0.00000,0.00000,0.00000,0.00000,0.00000,0.00000,0.00000,0.00000,0.00000,0.00000,0.00000,0.00000,0.00000,0.00000,0.00000,0.00000,0.00000,0.00000,0.00000,0.00000,0.00000,0.00000,0.00000,0.00000,0.00000,0.00000,0.00000,0.00000,0.00000,0.00000,0.00000,0.00000,0.00000,0.00000,0.00000,0.00000,0.00000,0.00000,0.00000,0.00000,0.00000,0.00000,0.00000,0.00000,0.00000,0.00000,0.00000,0.00000,0.00000,0.00000,0.00000,0.00000,0.00000,0.00000,0.00000,0.00000,0.00000,0.00000,0.00000,0.00000,0.00000,0.00000,0.00000,0.00000,0.00000,0.00000,0.00000
5.3667,1,1,0.00,0.00,33.33,-0.07190,0.07717,0.48829,0.48761,0.48761,1.3000,0,0,0.23703,0.06634,0.01358,0.23632,0.06633,0.01427,1.00,0.00,0.48761,-0.32873,0.12047,0.30931,1.14212,0.00000,0.99996,-0.32873,0.12004,0.30884,1.14191,0.00000,1.00000,36,0.23254,0.06320,0.01475,0.23610,0.06610,0,0.99011,-0.00130,0.00035,0.14032,virtual,0,238.39,327.60,238.39,327.60,238.39,327.60,238.39,327.60,238.39,327.60,238.39,327.60,238.39,327.60,238.39,327.60,238.39,327.60,238.39,327.60,238.39,327.60,238.39,327.60,238.39,327.60,238.39,327.60,238.39,327.60,238.39,327.60,238.39,327.60,238.39,327.60,238.39,327.60,238.39,327.60,238.39,327.60,0.00000,0.00000,0.00000,0.00000,0.00000,0.00000,0.00000,0.00000,0.00000,0.00000,0.00000,0.00000,0.00000,0.00000,0.00000,0.00000,0.00000,0.00000,0.00000,0.00000,0.00000,0.00000,0.00000,0.00000,0.00000,0.00000,0.00000,0.00000,0.00000,0.00000,0.00000,0.00000,0.00000,0.00000,0.00000,0.00000,0.00000,0.00000,0.00000,0.00000,0.00000,0.00000,0.00000,0.00000,0.00000,0.00000,0.00000,0.00000,0.00000,0.00000,0.00000,0.00000,0.00000,0.00000,0.00000,0.00000,0.00000,0.00000,0.00000,0.00000,0.00000,0.00000,0.00000,0.00000,0.00000,0.00000,0.00000,0.00000,0.00000,0.00000,0.00000,0.00000,0.00000,0.00000,0.00000,0.00000,0.00000,0.00000,0.00000,0.00000,0.00000,0.00000,0.00000,0.00000
5.4000,1,1,0.00,0.00,33.33,-0.07155,0.07680,0.48593,0.48356,0.48356,1.3000,0,0,0.23822,0.06599,0.01395,0.23778,0.06593,0.01357,0.19,0.01,0.48356,-0.32468,0.13463,0.29579,1.14299,0.00001,0.99999,-0.32452,0.13203,0.29547,1.14320,0.00000,1.00000,36,0.23435,0.06339,0.01493,0.23610,0.06610,1,0.98980,-0.00178,0.00091,0.14247,virtual,0,238.39,327.60,238.39,327.60,238.39,327.60,238.39,327.60,238.39,327.60,238.39,327.60,238.39,327.60,238.39,327.60,238.39,327.60,238.39,327.60,238.39,327.60,238.39,327.60,238.39,327.60,238.39,327.60,238.39,327.60,238.39,327.60,238.39,327.60,238.39,327.60,238.39,327.60,238.39,327.60,238.39,327.60,0.00000,0.00000,0.00000,0.00000,0.00000,0.00000,0.00000,0.00000,0.00000,0.00000,0.00000,0.00000,0.00000,0.00000,0.00000,0.00000,0.00000,0.00000,0.00000,0.00000,0.00000,0.00000,0.00000,0.00000,0.00000,0.00000,0.00000,0.00000,0.00000,0.00000,0.00000,0.00000,0.00000,0.00000,0.00000,0.00000,0.00000,0.00000,0.00000,0.00000,0.00000,0.00000,0.00000,0.00000,0.00000,0.00000,0.00000,0.00000,0.00000,0.00000,0.00000,0.00000,0.00000,0.00000,0.00000,0.00000,0.00000,0.00000,0.00000,0.00000,0.00000,0.00000,0.00000,0.00000,0.00000,0.00000,0.00000,0.00000,0.00000,0.00000,0.00000,0.00000,0.00000,0.00000,0.00000,0.00000,0.00000,0.00000,0.00000,0.00000,0.00000,0.00000,0.00000,0.00000
5.4333,1,1,0.00,0.00,33.33,-0.07145,0.07669,0.48526,0.48460,0.48460,1.3000,0,0,0.23855,0.06590,0.01405,0.23806,0.06590,0.01395,0.48,0.01,0.48460,-0.32414,0.13307,0.29508,1.14331,0.00000,1.00000,-0.32452,0.13203,0.29547,1.14320,0.00000,1.00000,36,0.23438,0.06337,0.01491,0.23610,0.06610,1,0.98980,-0.00053,0.00121,0.14246,virtual,0,238.39,327.60,238.39,327.60,238.39,327.60,238.39,327.60,238.39,327.60,238.39,327.60,238.39,327.60,238.39,327.60,238.39,327.60,238.39,327.60,238.39,327.60,238.39,327.60,238.39,327.60,238.39,327.60,238.39,327.60,238.39,327.60,238.39,327.60,238.39,327.60,238.39,327.60,238.39,327.60,238.39,327.60,0.00000,0.00000,0.00000,0.00000,0.00000,0.00000,0.00000,0.00000,0.00000,0.00000,0.00000,0.00000,0.00000,0.00000,0.00000,0.00000,0.00000,0.00000,0.00000,0.00000,0.00000,0.00000,0.00000,0.00000,0.00000,0.00000,0.00000,0.00000,0.00000,0.00000,0.00000,0.00000,0.00000,0.00000,0.00000,0.00000,0.00000,0.00000,0.00000,0.00000,0.00000,0.00000,0.00000,0.00000,0.00000,0.00000,0.00000,0.00000,0.00000,0.00000,0.00000,0.00000,0.00000,0.00000,0.00000,0.00000,0.00000,0.00000,0.00000,0.00000,0.00000,0.00000,0.00000,0.00000,0.00000,0.00000,0.00000,0.00000,0.00000,0.00000,0.00000,0.00000,0.00000,0.00000,0.00000,0.00000,0.00000,0.00000,0.00000,0.00000,0.00000,0.00000,0.00000,0.00000
5.4667,1,1,0.00,0.00,33.33,-0.07151,0.07676,0.48570,0.48614,0.48614,1.3000,0,0,0.23833,0.06596,0.01398,0.23800,0.06599,0.01400,0.27,0.01,0.48614,-0.32464,0.13232,0.29568,1.14315,-0.00000,1.00000,-0.32452,0.13203,0.29547,1.14320,0.00000,1.00000,36,0.23435,0.06335,0.01493,0.23610,0.06610,1,0.98980,-0.00013,0.00031,0.14246,virtual,0,238.39,327.60,238.39,327.60,238.39,327.60,238.39,327.60,238.39,327.60,238.39,327.60,238.39,327.60,238.39,327.60,238.39,327.60,238.39,327.60,238.39,327.60,238.39,327.60,238.39,327.60,238.39,327.60,238.39,327.60,238.39,327.60,238.39,327.60,238.39,327.60,238.39,327.60,238.39,327.60,238.39,327.60,0.00000,0.00000,0.00000,0.00000,0.00000,0.00000,0.00000,0.00000,0.00000,0.00000,0.00000,0.00000,0.00000,0.00000,0.00000,0.00000,0.00000,0.00000,0.00000,0.00000,0.00000,0.00000,0.00000,0.00000,0.00000,0.00000,0.00000,0.00000,0.00000,0.00000,0.00000,0.00000,0.00000,0.00000,0.00000,0.00000,0.00000,0.00000,0.00000,0.00000,0.00000,0.00000,0.00000,0.00000,0.00000,0.00000,0.00000,0.00000,0.00000,0.00000,0.00000,0.00000,0.00000,0.00000,0.00000,0.00000,0.00000,0.00000,0.00000,0.00000,0.00000,0.00000,0.00000,0.00000,0.00000,0.00000,0.00000,0.00000,0.00000,0.00000,0.00000,0.00000,0.00000,0.00000,0.00000,0.00000,0.00000,0.00000,0.00000,0.00000,0.00000,0.00000,0.00000,0.00000
5.5000,1,1,0.00,0.00,33.33,-0.07143,0.07668,0.48514,0.48459,0.48459,1.3000,0,0,0.23861,0.06588,0.01407,0.23795,0.06594,0.01393,0.55,0.01,0.48459,-0.32448,0.13257,0.29587,1.14320,-0.00000,1.00000,-0.32452,0.13203,0.29547,1.14320,0.00000,1.00000,36,0.23435,0.06335,0.01494,0.23610,0.06610,1,0.98980,-0.00003,0.00008,0.14246,virtual,0,238.39,327.60,238.39,327.60,238.39,327.60,238.39,327.60,238.39,327.60,238.39,327.60,238.39,327.60,238.39,327.60,238.39,327.60,238.39,327.60,238.39,327.60,238.39,327.60,238.39,327.60,238.39,327.60,238.39,327.60,238.39,327.60,238.39,327.60,238.39,327.60,238.39,327.60,238.39,327.60,238.39,327.60,0.00000,0.00000,0.00000,0.00000,0.00000,0.00000,0.00000,0.00000,0.00000,0.00000,0.00000,0.00000,0.00000,0.00000,0.00000,0.00000,0.00000,0.00000,0.00000,0.00000,0.00000,0.00000,0.00000,0.00000,0.00000,0.00000,0.00000,0.00000,0.00000,0.00000,0.00000,0.00000,0.00000,0.00000,0.00000,0.00000,0.00000,0.00000,0.00000,0.00000,0.00000,0.00000,0.00000,0.00000,0.00000,0.00000,0.00000,0.00000,0.00000,0.00000,0.00000,0.00000,0.00000,0.00000,0.00000,0.00000,0.00000,0.00000,0.00000,0.00000,0.00000,0.00000,0.00000,0.00000,0.00000,0.00000,0.00000,0.00000,0.00000,0.00000,0.00000,0.00000,0.00000,0.00000,0.00000,0.00000,0.00000,0.00000,0.00000,0.00000,0.00000,0.00000,0.00000,0.00000
5.5333,1,1,0.00,0.00,33.33,-0.07126,0.07649,0.48399,0.48283,0.48283,1.3000,0,0,0.23918,0.06571,0.01426,0.23929,0.06570,0.01430,0.08,0.00,0.48283,-0.32139,0.13926,0.28404,1.14696,0.00000,1.00000,-0.32171,0.13862,0.28491,1.14719,0.00000,1.00000,36,0.23525,0.06368,0.01517,0.23610,0.06610,1,0.99029,-0.00086,0.00696,0.13882,virtual,0,238.39,327.60,238.39,327.60,238.39,327.60,238.39,327.60,238.39,327.60,238.39,327.60,238.39,327.60,238.39,327.60,238.39,327.60,238.39,327.60,238.39,327.60,238.39,327.60,238.39,327.60,238.39,327.60,238.39,327.60,238.39,327.60,238.39,327.60,238.39,327.60,238.39,327.60,238.39,327.60,238.39,327.60,0.00000,0.00000,0.00000,0.00000,0.00000,0.00000,0.00000,0.00000,0.00000,0.00000,0.00000,0.00000,0.00000,0.00000,0.00000,0.00000,0.00000,0.00000,0.00000,0.00000,0.00000,0.00000,0.00000,0.00000,0.00000,0.00000,0.00000,0.00000,0.00000,0.00000,0.00000,0.00000,0.00000,0.00000,0.00000,0.00000,0.00000,0.00000,0.00000,0.00000,0.00000,0.00000,0.00000,0.00000,0.00000,0.00000,0.00000,0.00000,0.00000,0.00000,0.00000,0.00000,0.00000,0.00000,0.00000,0.00000,0.00000,0.00000,0.00000,0.00000,0.00000,0.00000,0.00000,0.00000,0.00000,0.00000,0.00000,0.00000,0.00000,0.00000,0.00000,0.00000,0.00000,0.00000,0.00000,0.00000,0.00000,0.00000,0.00000,0.00000,0.00000,0.00000,0.00000,0.00000
5.5667,1,1,0.00,0.00,33.33,-0.07113,0.07635,0.48311,0.48224,0.48224,1.3000,0,0,0.23962,0.06558,0.01439,0.23895,0.06563,0.01409,0.53,0.00,0.48224,-0.32153,0.13962,0.28505,1.14753,-0.00000,1.00000,-0.32171,0.13862,0.28491,1.14719,0.00000,1.00000,36,0.23498,0.06354,0.01477,0.23610,0.06610,1,0.99030,0.00107,-0.00554,0.13887,virtual,0,238.39,327.60,238.39,327.60,238.39,327.60,238.39,327.60,238.39,327.60,238.39,327.60,238.39,327.60,238.39,327.60,238.39,327.60,238.39,327.60,238.39,327.60,238.39,327.60,238.39,327.60,238.39,327.60,238.39,327.60,238.39,327.60,238.39,327.60,238.39,327.60,238.39,327.60,238.39,327.60,238.39,327.60,0.00000,0.00000,0.00000,0.00000,0.00000,0.00000,0.00000,0.00000,0.00000,0.00000,0.00000,0.00000,0.00000,0.00000,0.00000,0.00000,0.00000,0.00000,0.00000,0.00000,0.00000,0.00000,0.00000,0.00000,0.00000,0.00000,0.00000,0.00000,0.00000,0.00000,0.00000,0.00000,0.00000,0.00000,0.00000,0.00000,0.00000,0.00000,0.00000,0.00000,0.00000,0.00000,0.00000,0.00000,0.00000,0.00000,0.00000,0.00000,0.00000,0.00000,0.00000,0.00000,0.00000,0.00000,0.00000,0.00000,0.00000,0.00000,0.00000,0.00000,0.00000,0.00000,0.00000,0.00000,0.00000,0.00000,0.00000,0.00000,0.00000,0.00000,0.00000,0.00000,0.00000,0.00000,0.00000,0.00000,0.00000,0.00000,0.00000,0.00000,0.00000,0.00000,0.00000,0.00000
5.6000,1,1,0.00,0.00,33.33,-0.07113,0.07635,0.48308,0.48305,0.48305,1.3000,0,0,0.23964,0.06558,0.01440,0.23899,0.06568,0.01415,0.55,0.00,0.48305,-0.32175,0.13914,0.28528,1.14723,0.00000,1.00000,-0.32171,0.13862,0.28491,1.14719,0.00000,1.00000,36,0.23511,0.06360,0.01485,0.23610,0.06610,1,0.99031,-0.00023,-0.00134,0.13886,virtual,0,238.39,327.60,238.39,327.60,238.39,327.60,238.39,327.60,238.39,327.60,238.39,327.60,238.39,327.60,238.39,327.60,238.39,327.60,238.39,327.60,238.39,327.60,238.39,327.60,238.39,327.60,238.39,327.60,238.39,327.60,238.39,327.60,238.39,327.60,238.39,327.60,238.39,327.60,238.39,327.60,238.39,327.60,0.00000,0.00000,0.00000,0.00000,0.00000,0.00000,0.00000,0.00000,0.00000,0.00000,0.00000,0.00000,0.00000,0.00000,0.00000,0.00000,0.00000,0.00000,0.00000,0.00000,0.00000,0.00000,0.00000,0.00000,0.00000,0.00000,0.00000,0.00000,0.00000,0.00000,0.00000,0.00000,0.00000,0.00000,0.00000,0.00000,0.00000,0.00000,0.00000,0.00000,0.00000,0.00000,0.00000,0.00000,0.00000,0.00000,0.00000,0.00000,0.00000,0.00000,0.00000,0.00000,0.00000,0.00000,0.00000,0.00000,0.00000,0.00000,0.00000,0.00000,0.00000,0.00000,0.00000,0.00000,0.00000,0.00000,0.00000,0.00000,0.00000,0.00000,0.00000,0.00000,0.00000,0.00000,0.00000,0.00000,0.00000,0.00000,0.00000,0.00000,0.00000,0.00000,0.00000,0.00000
5.6333,1,1,0.00,0.00,33.33,-0.07099,0.07621,0.48217,0.48125,0.48125,1.3000,0,0,0.24010,0.06544,0.01454,0.24020,0.06543,0.01468,0.06,0.00,0.48125,-0.31881,0.14375,0.27502,1.15104,0.00000,1.00000,-0.31914,0.14411,0.27533,1.15129,0.00000,1.00000,36,0.23600,0.06393,0.01517,0.23610,0.06610,1,0.99074,-0.00075,0.00604,0.13564,virtual,0,238.39,327.60,238.39,327.60,238.39,327.60,238.39,327.60,238.39,327.60,238.39,327.60,238.39,327.60,238.39,327.60,238.39,327.60,238.39,327.60,238.39,327.60,238.39,327.60,238.39,327.60,238.39,327.60,238.39,327.60,238.39,327.60,238.39,327.60,238.39,327.60,238.39,327.60,238.39,327.60,238.39,327.60,0.00000,0.00000,0.00000,0.00000,0.00000,0.00000,0.00000,0.00000,0.00000,0.00000,0.00000,0.00000,0.00000,0.00000,0.00000,0.00000,0.00000,0.00000,0.00000,0.00000,0.00000,0.00000,0.00000,0.00000,0.00000,0.00000,0.00000,0.00000,0.00000,0.00000,0.00000,0.00000,0.00000,0.00000,0.00000,0.00000,0.00000,0.00000,0.00000,0.00000,0.00000,0.00000,0.00000,0.00000,0.00000,0.00000,0.00000,0.00000,0.00000,0.00000,0.00000,0.00000,0.00000,0.00000,0.00000,0.00000,0.00000,0.00000,0.00000,0.00000,0.00000,0.00000,0.00000,0.00000,0.00000,0.00000,0.00000,0.00000,0.00000,0.00000,0.00000,0.00000,0.00000,0.00000,0.00000,0.00000,0.00000,0.00000,0.00000,0.00000,0.00000,0.00000,0.00000,0.00000
5.6667,1,1,0.00,0.00,33.33,-0.07118,0.07641,0.48344,0.48472,0.48472,1.3000,0,0,0.23946,0.06563,0.01434,0.23992,0.06536,0.01439,0.65,0.00,0.48472,-0.31891,0.14495,0.27547,1.15148,-0.00000,1.00000,-0.31914,0.14411,0.27533,1.15129,0.00000,1.00000,36,0.23582,0.06389,0.01489,0.23610,0.06610,1,0.99080,0.00028,-0.00202,0.13529,virtual,0,238.39,327.60,238.39,327.60,238.39,327.60,238.39,327.60,238.39,327.60,238.39,327.60,238.39,327.60,238.39,327.60,238.39,327.60,238.39,327.60,238.39,327.60,238.39,327.60,238.39,327.60,238.39,327.60,238.39,327.60,238.39,327.60,238.39,327.60,238.39,327.60,238.39,327.60,238.39,327.60,238.39,327.60,0.00000,0.00000,0.00000,0.00000,0.00000,0.00000,0.00000,0.00000,0.00000,0.00000,0.00000,0.00000,0.00000,0.00000,0.00000,0.00000,0.00000,0.00000,0.00000,0.00000,0.00000,0.00000,0.00000,0.00000,0.00000,0.00000,0.00000,0.00000,0.00000,0.00000,0.00000,0.00000,0.00000,0.00000,0.00000,0.00000,0.00000,0.00000,0.00000,0.00000,0.00000,0.00000,0.00000,0.00000,0.00000,0.00000,0.00000,0.00000,0.00000,0.00000,0.00000,0.00000,0.00000,0.00000,0.00000,0.00000,0.00000,0.00000,0.00000,0.00000,0.00000,0.00000,0.00000,0.00000,0.00000,0.00000,0.00000,0.00000,0.00000,0.00000,0.00000,0.00000,0.00000,0.00000,0.00000,0.00000,0.00000,0.00000,0.00000,0.00000,0.00000,0.00000,0.00000,0.00000
5.7000,1,1,0.00,0.00,33.33,-0.07123,0.07646,0.48375,0.48406,0.48406,1.3000,0,0,0.23930,0.06567,0.01429,0.23991,0.06543,0.01441,0.82,0.00,0.48406,-0.31922,0.14469,0.27570,1.15131,0.00000,1.00000,-0.31914,0.14411,0.27533,1.15129,0.00000,1.00000,36,0.23587,0.06392,0.01493,0.23610,0.06610,1,0.99081,-0.00024,-0.00017,0.13525,virtual,0,238.39,327.60,238.39,327.60,238.39,327.60,238.39,327.60,238.39,327.60,238.39,327.60,238.39,327.60,238.39,327.60,238.39,327.60,238.39,327.60,238.39,327.60,238.39,327.60,238.39,327.60,238.39,327.60,238.39,327.60,238.39,327.60,238.39,327.60,238.39,327.60,238.39,327.60,238.39,327.60,238.39,327.60,0.00000,0.00000,0.00000,0.00000,0.00000,0.00000,0.00000,0.00000,0.00000,0.00000,0.00000,0.00000,0.00000,0.00000,0.00000,0.00000,0.00000,0.00000,0.00000,0.00000,0.00000,0.00000,0.00000,0.00000,0.00000,0.00000,0.00000,0.00000,0.00000,0.00000,0.00000,0.00000,0.00000,0.00000,0.00000,0.00000,0.00000,0.00000,0.00000,0.00000,0.00000,0.00000,0.00000,0.00000,0.00000,0.00000,0.00000,0.00000,0.00000,0.00000,0.00000,0.00000,0.00000,0.00000,0.00000,0.00000,0.00000,0.00000,0.00000,0.00000,0.00000,0.00000,0.00000,0.00000,0.00000,0.00000,0.00000,0.00000,0.00000,0.00000,0.00000,0.00000,0.00000,0.00000,0.00000,0.00000,0.00000,0.00000,0.00000,0.00000,0.00000,0.00000,0.00000,0.00000
5.7333,1,1,0.00,0.00,33.33,-0.07110,0.07632,0.48288,0.48200,0.48200,1.3000,0,0,0.23974,0.06555,0.01443,0.23993,0.06542,0.01444,0.35,0.00,0.48200,-0.31916,0.14458,0.27565,1.15133,0.00000,1.00000,-0.31914,0.14411,0.27533,1.15129,0.00000,1.00000,36,0.23588,0.06392,0.01494,0.23610,0.06610,1,0.99081,-0.00008,-0.00005,0.13525,virtual,0,238.39,327.60,238.39,327.60,238.39,327.60,238.39,327.60,238.39,327.60,238.39,327.60,238.39,327.60,238.39,327.60,238.39,327.60,238.39,327.60,238.39,327.60,238.39,327.60,238.39,327.60,238.39,327.60,238.39,327.60,238.39,327.60,238.39,327.60,238.39,327.60,238.39,327.60,238.39,327.60,238.39,327.60,0.00000,0.00000,0.00000,0.00000,0.00000,0.00000,0.00000,0.00000,0.00000,0.00000,0.00000,0.00000,0.00000,0.00000,0.00000,0.00000,0.00000,0.00000,0.00000,0.00000,0.00000,0.00000,0.00000,0.00000,0.00000,0.00000,0.00000,0.00000,0.00000,0.00000,0.00000,0.00000,0.00000,0.00000,0.00000,0.00000,0.00000,0.00000,0.00000,0.00000,0.00000,0.00000,0.00000,0.00000,0.00000,0.00000,0.00000,0.00000,0.00000,0.00000,0.00000,0.00000,0.00000,0.00000,0.00000,0.00000,0.00000,0.00000,0.00000,0.00000,0.00000,0.00000,0.00000,0.00000,0.00000,0.00000,0.00000,0.00000,0.00000,0.00000,0.00000,0.00000,0.00000,0.00000,0.00000,0.00000,0.00000,0.00000,0.00000,0.00000,0.00000,0.00000,0.00000,0.00000
5.7667,1,1,0.00,0.00,33.33,-0.07114,0.07636,0.48317,0.48347,0.48347,1.3000,0,0,0.23959,0.06559,0.01438,0.23993,0.06542,0.01444,0.51,0.00,0.48347,-0.31914,0.14457,0.27566,1.15130,-0.00000,1.00000,-0.31914,0.14411,0.27533,1.15129,0.00000,1.00000,36,0.23588,0.06392,0.01494,0.23610,0.06610,1,0.99081,-0.00002,-0.00001,0.13525,virtual,0,238.39,327.60,238.39,327.60,238.39,327.60,238.39,327.60,238.39,327.60,238.39,327.60,238.39,327.60,238.39,327.60,238.39,327.60,238.39,327.60,238.39,327.60,238.39,327.60,238.39,327.60,238.39,327.60,238.39,327.60,238.39,327.60,238.39,327.60,238.39,327.60,238.39,327.60,238.39,327.60,238.39,327.60,0.00000,0.00000,0.00000,0.00000,0.00000,0.00000,0.00000,0.00000,0.00000,0.00000,0.00000,0.00000,0.00000,0.00000,0.00000,0.00000,0.00000,0.00000,0.00000,0.00000,0.00000,0.00000,0.00000,0.00000,0.00000,0.00000,0.00000,0.00000,0.00000,0.00000,0.00000,0.00000,0.00000,0.00000,0.00000,0.00000,0.00000,0.00000,0.00000,0.00000,0.00000,0.00000,0.00000,0.00000,0.00000,0.00000,0.00000,0.00000,0.00000,0.00000,0.00000,0.00000,0.00000,0.00000,0.00000,0.00000,0.00000,0.00000,0.00000,0.00000,0.00000,0.00000,0.00000,0.00000,0.00000,0.00000,0.00000,0.00000,0.00000,0.00000,0.00000,0.00000,0.00000,0.00000,0.00000,0.00000,0.00000,0.00000,0.00000,0.00000,0.00000,0.00000,0.00000,0.00000
5.8000,1,1,0.00,0.00,33.33,-0.07122,0.07645,0.48371,0.48425,0.48425,1.3000,0,0,0.23932,0.06567,0.01430,0.23993,0.06542,0.01444,0.80,0.00,0.48425,-0.31914,0.14458,0.27566,1.15129,-0.00000,1.00000,-0.31914,0.14411,0.27533,1.15129,0.00000,1.00000,36,0.23588,0.06392,0.01494,0.23610,0.06610,1,0.99081,-0.00000,-0.00000,0.13525,virtual,0,238.39,327.60,238.39,327.60,238.39,327.60,238.39,327.60,238.39,327.60,238.39,327.60,238.39,327.60,238.39,327.60,238.39,327.60,238.39,327.60,238.39,327.60,238.39,327.60,238.39,327.60,238.39,327.60,238.39,327.60,238.39,327.60,238.39,327.60,238.39,327.60,238.39,327.60,238.39,327.60,238.39,327.60,0.00000,0.00000,0.00000,0.00000,0.00000,0.00000,0.00000,0.00000,0.00000,0.00000,0.00000,0.00000,0.00000,0.00000,0.00000,0.00000,0.00000,0.00000,0.00000,0.00000,0.00000,0.00000,0.00000,0.00000,0.00000,0.00000,0.00000,0.00000,0.00000,0.00000,0.00000,0.00000,0.00000,0.00000,0.00000,0.00000,0.00000,0.00000,0.00000,0.00000,0.00000,0.00000,0.00000,0.00000,0.00000,0.00000,0.00000,0.00000,0.00000,0.00000,0.00000,0.00000,0.00000,0.00000,0.00000,0.00000,0.00000,0.00000,0.00000,0.00000,0.00000,0.00000,0.00000,0.00000,0.00000,0.00000,0.00000,0.00000,0.00000,0.00000,0.00000,0.00000,0.00000,0.00000,0.00000,0.00000,0.00000,0.00000,0.00000,0.00000,0.00000,0.00000,0.00000,0.00000
5.8333,1,1,0.00,0.00,33.33,-0.07122,0.07645,0.48369,0.48367,0.48367,1.3000,0,0,0.23933,0.06567,0.01430,0.23993,0.06542,0.01443,0.79,0.00,0.48367,-0.31914,0.14459,0.27566,1.15129,-0.00000,1.00000,-0.31914,0.14411,0.27533,1.15129,0.00000,1.00000,36,0.23588,0.06392,0.01494,0.23610,0.06610,1,0.99081,-0.00000,-0.00000,0.13525,virtual,0,238.39,327.60,238.39,327.60,238.39,327.60,238.39,327.60,238.39,327.60,238.39,327.60,238.39,327.60,238.39,327.60,238.39,327.60,238.39,327.60,238.39,327.60,238.39,327.60,238.39,327.60,238.39,327.60,238.39,327.60,238.39,327.60,238.39,327.60,238.39,327.60,238.39,327.60,238.39,327.60,238.39,327.60,0.00000,0.00000,0.00000,0.00000,0.00000,0.00000,0.00000,0.00000,0.00000,0.00000,0.00000,0.00000,0.00000,0.00000,0.00000,0.00000,0.00000,0.00000,0.00000,0.00000,0.00000,0.00000,0.00000,0.00000,0.00000,0.00000,0.00000,0.00000,0.00000,0.00000,0.00000,0.00000,0.00000,0.00000,0.00000,0.00000,0.00000,0.00000,0.00000,0.00000,0.00000,0.00000,0.00000,0.00000,0.00000,0.00000,0.00000,0.00000,0.00000,0.00000,0.00000,0.00000,0.00000,0.00000,0.00000,0.00000,0.00000,0.00000,0.00000,0.00000,0.00000,0.00000,0.00000,0.00000,0.00000,0.00000,0.00000,0.00000,0.00000,0.00000,0.00000,0.00000,0.00000,0.00000,0.00000,0.00000,0.00000,0.00000,0.00000,0.00000,0.00000,0.00000,0.00000,0.00000
5.8667,1,1,0.00,0.00,33.33,-0.07110,0.07632,0.48286,0.48203,0.48203,1.3000,0,0,0.23975,0.06554,0.01443,0.23993,0.06542,0.01443,0.34,0.00,0.48203,-0.31914,0.14459,0.27566,1.15129,-0.00000,1.00000,-0.31914,0.14411,0.27533,1.15129,0.00000,1.00000,36,0.23588,0.06392,0.01494,0.23610,0.06610,1,0.99081,-0.00000,-0.00000,0.13525,virtual,0,238.39,327.60,238.39,327.60,238.39,327.60,238.39,327.60,238.39,327.60,238.39,327.60,238.39,327.60,238.39,327.60,238.39,327.60,238.39,327.60,238.39,327.60,238.39,327.60,238.39,327.60,238.39,327.60,238.39,327.60,238.39,327.60,238.39,327.60,238.39,327.60,238.39,327.60,238.39,327.60,238.39,327.60,0.00000,0.00000,0.00000,0.00000,0.00000,0.00000,0.00000,0.00000,0.00000,0.00000,0.00000,0.00000,0.00000,0.00000,0.00000,0.00000,0.00000,0.00000,0.00000,0.00000,0.00000,0.00000,0.00000,0.00000,0.00000,0.00000,0.00000,0.00000,0.00000,0.00000,0.00000,0.00000,0.00000,0.00000,0.00000,0.00000,0.00000,0.00000,0.00000,0.00000,0.00000,0.00000,0.00000,0.00000,0.00000,0.00000,0.00000,0.00000,0.00000,0.00000,0.00000,0.00000,0.00000,0.00000,0.00000,0.00000,0.00000,0.00000,0.00000,0.00000,0.00000,0.00000,0.00000,0.00000,0.00000,0.00000,0.00000,0.00000,0.00000,0.00000,0.00000,0.00000,0.00000,0.00000,0.00000,0.00000,0.00000,0.00000,0.00000,0.00000,0.00000,0.00000,0.00000,0.00000
5.9000,1,1,0.00,0.00,33.33,-0.07131,0.07446,0.48440,0.48593,0.48593,1.3000,0,0,0.23898,0.06575,0.01629,0.23944,0.06581,0.01613,0.28,0.00,0.48593,-0.32164,0.13355,0.27719,1.15851,-0.00000,1.00000,-0.32190,0.13338,0.27787,1.15955,0.00000,1.00000,36,0.23588,0.06392,0.01494,0.23610,0.06610,1,0.99081,-0.00000,-0.00000,0.13525,virtual,0,238.43,322.81,238.43,322.81,238.43,322.81,238.43,322.81,238.43,322.81,238.43,322.81,238.43,322.81,238.43,322.81,238.43,322.81,238.43,322.81,238.43,322.81,238.43,322.81,238.43,322.81,238.43,322.81,238.43,322.81,238.43,322.81,238.43,322.81,238.43,322.81,238.43,322.81,238.43,322.81,238.43,322.81,0.00000,0.00000,0.00000,0.00000,0.00000,0.00000,0.00000,0.00000,0.00000,0.00000,0.00000,0.00000,0.00000,0.00000,0.00000,0.00000,0.00000,0.00000,0.00000,0.00000,0.00000,0.00000,0.00000,0.00000,0.00000,0.00000,0.00000,0.00000,0.00000,0.00000,0.00000,0.00000,0.00000,0.00000,0.00000,0.00000,0.00000,0.00000,0.00000,0.00000,0.00000,0.00000,0.00000,0.00000,0.00000,0.00000,0.00000,0.00000,0.00000,0.00000,0.00000,0.00000,0.00000,0.00000,0.00000,0.00000,0.00000,0.00000,0.00000,0.00000,0.00000,0.00000,0.00000,0.00000,0.00000,0.00000,0.00000,0.00000,0.00000,0.00000,0.00000,0.00000,0.00000,0.00000,0.00000,0.00000,0.00000,0.00000,0.00000,0.00000,0.00000,0.00000,0.00000,0.00000
5.9333,1,1,0.00,0.00,33.33,-0.07130,0.07136,0.48462,0.48485,0.48485,1.3000,0,0,0.23887,0.06575,0.01939,0.23865,0.06574,0.01972,0.39,0.01,0.48485,-0.32253,0.12045,0.26593,1.18605,0.00000,1.00000,-0.32221,0.12351,0.26741,1.17978,0.00000,1.00000,36,0.23694,0.06424,0.01600,0.23610,0.06610,1,0.99020,-0.00509,0.03575,0.13494,virtual,0,238.49,318.04,238.49,318.04,238.49,318.04,238.49,318.04,238.49,318.04,238.49,318.04,238.49,318.04,238.49,318.04,238.49,318.04,238.49,318.04,238.49,318.04,238.49,318.04,238.49,318.04,238.49,318.04,238.49,318.04,238.49,318.04,238.49,318.04,238.49,318.04,238.49,318.04,238.49,318.04,238.49,318.04,0.00000,0.00000,0.00000,0.00000,0.00000,0.00000,0.00000,0.00000,0.00000,0.00000,0.00000,0.00000,0.00000,0.00000,0.00000,0.00000,0.00000,0.00000,0.00000,0.00000,0.00000,0.00000,0.00000,0.00000,0.00000,0.00000,0.00000,0.00000,0.00000,0.00000,0.00000,0.00000,0.00000,0.00000,0.00000,0.00000,0.00000,0.00000,0.00000,0.00000,0.00000,0.00000,0.00000,0.00000,0.00000,0.00000,0.00000,0.00000,0.00000,0.00000,0.00000,0.00000,0.00000,0.00000,0.00000,0.00000,0.00000,0.00000,0.00000,0.00000,0.00000,0.00000,0.00000,0.00000,0.00000,0.00000,0.00000,0.00000,0.00000,0.00000,0.00000,0.00000,0.00000,0.00000,0.00000,0.00000,0.00000,0.00000,0.00000,0.00000,0.00000,0.00000,0.00000,0.00000
5.9667,1,1,0.00,0.00,33.33,-0.07115,0.06761,0.48377,0.48293,0.48293,1.3000,0,0,0.23929,0.06559,0.02314,0.23896,0.06552,0.02316,0.42,0.01,0.48293,-0.32104,0.11643,0.24403,1.21505,0.00000,0.99999,-0.32095,0.11561,0.24867,1.20636,0.00000,1.00000,36,0.23553,0.06385,0.01462,0.23610,0.06610,1,0.99078,0.00141,-0.01081,0.13502,virtual,0,238.53,313.29,238.53,313.29,238.53,313.29,238.53,313.29,238.53,313.29,238.53,313.29,238.53,313.29,238.53,313.29,238.53,313.29,238.53,313.29,238.53,313.29,238.53,313.29,238.53,313.29,238.53,313.29,238.53,313.29,238.53,313.29,238.53,313.29,238.53,313.29,238.53,313.29,238.53,313.29,238.53,313.29,0.00000,0.00000,0.00000,0.00000,0.00000,0.00000,0.00000,0.00000,0.00000,0.00000,0.00000,0.00000,0.00000,0.00000,0.00000,0.00000,0.00000,0.00000,0.00000,0.00000,0.00000,0.00000,0.00000,0.00000,0.00000,0.00000,0.00000,0.00000,0.00000,0.00000,0.00000,0.00000,0.00000,0.00000,0.00000,0.00000,0.00000,0.00000,0.00000,0.00000,0.00000,0.00000,0.00000,0.00000,0.00000,0.00000,0.00000,0.00000,0.00000,0.00000,0.00000,0.00000,0.00000,0.00000,0.00000,0.00000,0.00000,0.00000,0.00000,0.00000,0.00000,0.00000,0.00000,0.00000,0.00000,0.00000,0.00000,0.00000,0.00000,0.00000,0.00000,0.00000,0.00000,0.00000,0.00000,0.00000,0.00000,0.00000,0.00000,0.00000,0.00000,0.00000,0.00000,0.00000
6.0000,1,1,0.00,0.00,33.33,-0.07108,0.06368,0.48350,0.48323,0.48323,1.3000,0,0,0.23943,0.06553,0.02707,0.23920,0.06542,0.02718,0.45,0.01,0.48323,-0.32026,0.10456,0.22853,1.24011,-0.00000,1.00000,-0.32040,0.10633,0.23048,1.23383,0.00000,1.00000,36,0.23726,0.06431,0.01633,0.23610,0.06610,1,0.98970,-0.00615,0.04767,0.13486,virtual,0,238.55,308.54,238.55,308.54,238.55,308.54,238.55,308.54,238.55,308.54,238.55,308.54,238.55,308.54,238.55,308.54,238.55,308.54,238.55,308.54,238.55,308.54,238.55,308.54,238.55,308.54,238.55,308.54,238.55,308.54,238.55,308.54,238.55,308.54,238.55,308.54,238.55,308.54,238.55,308.54,238.55,308.54,0.00000,0.00000,0.00000,0.00000,0.00000,0.00000,0.00000,0.00000,0.00000,0.00000,0.00000,0.00000,0.00000,0.00000,0.00000,0.00000,0.00000,0.00000,0.00000,0.00000,0.00000,0.00000,0.00000,0.00000,0.00000,0.00000,0.00000,0.00000,0.00000,0.00000,0.00000,0.00000,0.00000,0.00000,0.00000,0.00000,0.00000,0.00000,0.00000,0.00000,0.00000,0.00000,0.00000,0.00000,0.00000,0.00000,0.00000,0.00000,0.00000,0.00000,0.00000,0.00000,0.00000,0.00000,0.00000,0.00000,0.00000,0.00000,0.00000,0.00000,0.00000,0.00000,0.00000,0.00000,0.00000,0.00000,0.00000,0.00000,0.00000,0.00000,0.00000,0.00000,0.00000,0.00000,0.00000,0.00000,0.00000,0.00000,0.00000,0.00000,0.00000,0.00000,0.00000,0.00000
6.0333,1,1,0.00,0.00,33.33,-0.07095,0.05958,0.48277,0.48204,0.48204,1.3000,0,0,0.23979,0.06539,0.03117,0.23905,0.06512,0.03106,0.44,0.01,0.48204,-0.31910,0.09758,0.20743,1.27147,0.00000,1.00000,-0.31929,0.09880,0.20861,1.26321,0.00000,1.00000,36,0.23625,0.06404,0.01540,0.23610,0.06610,1,0.99072,-0.00198,0.01536,0.13500,virtual,0,238.58,303.79,238.58,303.79,238.58,303.79,238.58,303.79,238.58,303.79,238.58,303.79,238.58,303.79,238.58,303.79,238.58,303.79,238.58,303.79,238.58,303.79,238.58,303.79,238.58,303.79,238.58,303.79,238.58,303.79,238.58,303.79,238.58,303.79,238.58,303.79,238.58,303.79,238.58,303.79,238.58,303.79,0.00000,0.00000,0.00000,0.00000,0.00000,0.00000,0.00000,0.00000,0.00000,0.00000,0.00000,0.00000,0.00000,0.00000,0.00000,0.00000,0.00000,0.00000,0.00000,0.00000,0.00000,0.00000,0.00000,0.00000,0.00000,0.00000,0.00000,0.00000,0.00000,0.00000,0.00000,0.00000,0.00000,0.00000,0.00000,0.00000,0.00000,0.00000,0.00000,0.00000,0.00000,0.00000,0.00000,0.00000,0.00000,0.00000,0.00000,0.00000,0.00000,0.00000,0.00000,0.00000,0.00000,0.00000,0.00000,0.00000,0.00000,0.00000,0.00000,0.00000,0.00000,0.00000,0.00000,0.00000,0.00000,0.00000,0.00000,0.00000,0.00000,0.00000,0.00000,0.00000,0.00000,0.00000,0.00000,0.00000,0.00000,0.00000,0.00000,0.00000,0.00000,0.00000,0.00000,0.00000
6.0667,1,1,0.00,0.00,33.33,-0.07099,0.05554,0.48310,0.48343,0.48343,1.3000,0,0,0.23963,0.06543,0.03521,0.23973,0.06545,0.03526,0.46,0.01,0.48343,-0.31960,0.08789,0.18834,1.29497,-0.00000,1.00000,-0.31964,0.08905,0.19039,1.29121,0.00000,1.00000,36,0.23676,0.06418,0.01592,0.23610,0.06610,1,0.99028,-0.00453,0.03330,0.13493,virtual,0,238.56,299.05,238.56,299.05,238.56,299.05,238.56,299.05,238.56,299.05,238.56,299.05,238.56,299.05,238.56,299.05,238.56,299.05,238.56,299.05,238.56,299.05,238.56,299.05,238.56,299.05,238.56,299.05,238.56,299.05,238.56,299.05,238.56,299.05,238.56,299.05,238.56,299.05,238.56,299.05,238.56,299.05,0.00000,0.00000,0.00000,0.00000,0.00000,0.00000,0.00000,0.00000,0.00000,0.00000,0.00000,0.00000,0.00000,0.00000,0.00000,0.00000,0.00000,0.00000,0.00000,0.00000,0.00000,0.00000,0.00000,0.00000,0.00000,0.00000,0.00000,0.00000,0.00000,0.00000,0.00000,0.00000,0.00000,0.00000,0.00000,0.00000,0.00000,0.00000,0.00000,0.00000,0.00000,0.00000,0.00000,0.00000,0.00000,0.00000,0.00000,0.00000,0.00000,0.00000,0.00000,0.00000,0.00000,0.00000,0.00000,0.00000,0.00000,0.00000,0.00000,0.00000,0.00000,0.00000,0.00000,0.00000,0.00000,0.00000,0.00000,0.00000,0.00000,0.00000,0.00000,0.00000,0.00000,0.00000,0.00000,0.00000,0.00000,0.00000,0.00000,0.00000,0.00000,0.00000,0.00000,0.00000
6.1000,1,1,0.00,0.00,33.33,-0.07107,0.05151,0.48383,0.48456,0.48456,1.3000,0,0,0.23926,0.06551,0.03924,0.23912,0.06546,0.03963,0.47,0.01,0.48456,-0.32054,0.07636,0.16979,1.32636,-0.00000,0.99999,-0.32051,0.07856,0.17321,1.31888,0.00000,1.00000,36,0.23559,0.06386,0.01480,0.23610,0.06610,1,0.99083,0.00072,-0.00525,0.13501,virtual,0,238.62,294.30,238.62,294.30,238.62,294.30,238.62,294.30,238.62,294.30,238.62,294.30,238.62,294.30,238.62,294.30,238.62,294.30,238.62,294.30,238.62,294.30,238.62,294.30,238.62,294.30,238.62,294.30,238.62,294.30,238.62,294.30,238.62,294.30,238.62,294.30,238.62,294.30,238.62,294.30,238.62,294.30,0.00000,0.00000,0.00000,0.00000,0.00000,0.00000,0.00000,0.00000,0.00000,0.00000,0.00000,0.00000,0.00000,0.00000,0.00000,0.00000,0.00000,0.00000,0.00000,0.00000,0.00000,0.00000,0.00000,0.00000,0.00000,0.00000,0.00000,0.00000,0.00000,0.00000,0.00000,0.00000,0.00000,0.00000,0.00000,0.00000,0.00000,0.00000,0.00000,0.00000,0.00000,0.00000,0.00000,0.00000,0.00000,0.00000,0.00000,0.00000,0.00000,0.00000,0.00000,0.00000,0.00000,0.00000,0.00000,0.00000,0.00000,0.00000,0.00000,0.00000,0.00000,0.00000,0.00000,0.00000,0.00000,0.00000,0.00000,0.00000,0.00000,0.00000,0.00000,0.00000,0.00000,0.00000,0.00000,0.00000,0.00000,0.00000,0.00000,0.00000,0.00000,0.00000,0.00000,0.00000
6.1333,1,1,0.00,0.00,33.33,-0.07102,0.04738,0.48371,0.48359,0.48359,1.3000,0,0,0.23932,0.06547,0.04337,0.23962,0.06556,0.04425,0.43,0.01,0.48359,-0.32022,0.07056,0.14245,1.35764,-0.00000,1.00000,-0.32027,0.07150,0.15087,1.34824,0.00000,1.00000,36,0.23568,0.06388,0.01488,0.23610,0.06610,1,0.99084,0.00028,-0.00204,0.13501,virtual,0,238.66,289.58,238.66,289.58,238.66,289.58,238.66,289.58,238.66,289.58,238.66,289.58,238.66,289.58,238.66,289.58,238.66,289.58,238.66,289.58,238.66,289.58,238.66,289.58,238.66,289.58,238.66,289.58,238.66,289.58,238.66,289.58,238.66,289.58,238.66,289.58,238.66,289.58,238.66,289.58,238.66,289.58,0.00000,0.00000,0.00000,0.00000,0.00000,0.00000,0.00000,0.00000,0.00000,0.00000,0.00000,0.00000,0.00000,0.00000,0.00000,0.00000,0.00000,0.00000,0.00000,0.00000,0.00000,0.00000,0.00000,0.00000,0.00000,0.00000,0.00000,0.00000,0.00000,0.00000,0.00000,0.00000,0.00000,0.00000,0.00000,0.00000,0.00000,0.00000,0.00000,0.00000,0.00000,0.00000,0.00000,0.00000,0.00000,0.00000,0.00000,0.00000,0.00000,0.00000,0.00000,0.00000,0.00000,0.00000,0.00000,0.00000,0.00000,0.00000,0.00000,0.00000,0.00000,0.00000,0.00000,0.00000,0.00000,0.00000,0.00000,0.00000,0.00000,0.00000,0.00000,0.00000,0.00000,0.00000,0.00000,0.00000,0.00000,0.00000,0.00000,0.00000,0.00000,0.00000,0.00000,0.00000
6.1667,1,1,0.00,0.00,33.33,-0.07101,0.04329,0.48404,0.48436,0.48436,1.3000,0,0,0.23916,0.06546,0.04745,0.23870,0.06531,0.04734,0.43,0.01,0.48436,-0.32051,0.06319,0.12826,1.38306,-0.00000,0.99999,-0.32046,0.06420,0.12936,1.37707,0.00000,1.00000,36,0.23572,0.06390,0.01493,0.23610,0.06610,1,0.99084,0.00007,-0.00051,0.13501,virtual,0,238.75,284.86,238.75,284.86,238.75,284.86,238.75,284.86,238.75,284.86,238.75,284.86,238.75,284.86,238.75,284.86,238.75,284.86,238.75,284.86,238.75,284.86,238.75,284.86,238.75,284.86,238.75,284.86,238.75,284.86,238.75,284.86,238.75,284.86,238.75,284.86,238.75,284.86,238.75,284.86,238.75,284.86,0.00000,0.00000,0.00000,0.00000,0.00000,0.00000,0.00000,0.00000,0.00000,0.00000,0.00000,0.00000,0.00000,0.00000,0.00000,0.00000,0.00000,0.00000,0.00000,0.00000,0.00000,0.00000,0.00000,0.00000,0.00000,0.00000,0.00000,0.00000,0.00000,0.00000,0.00000,0.00000,0.00000,0.00000,0.00000,0.00000,0.00000,0.00000,0.00000,0.00000,0.00000,0.00000,0.00000,0.00000,0.00000,0.00000,0.00000,0.00000,0.00000,0.00000,0.00000,0.00000,0.00000,0.00000,0.00000,0.00000,0.00000,0.00000,0.00000,0.00000,0.00000,0.00000,0.00000,0.00000,0.00000,0.00000,0.00000,0.00000,0.00000,0.00000,0.00000,0.00000,0.00000,0.00000,0.00000,0.00000,0.00000,0.00000,0.00000,0.00000,0.00000,0.00000,0.00000,0.00000
6.2000,1,1,0.00,0.00,33.33,-0.07111,0.03925,0.48487,0.48570,0.48570,1.3000,0,0,0.23875,0.06556,0.05150,0.23857,0.06549,0.05189,0.43,0.01,0.48570,-0.32148,0.05528,0.10436,1.41345,-0.00000,0.99999,-0.32147,0.05617,0.10919,1.40527,0.00000,1.00000,36,0.23574,0.06390,0.01494,0.23610,0.06610,1,0.99084,0.00002,-0.00013,0.13501,virtual,0,238.74,280.17,238.74,280.17,238.74,280.17,238.74,280.17,238.74,280.17,238.74,280.17,238.74,280.17,238.74,280.17,238.74,280.17,238.74,280.17,238.74,280.17,238.74,280.17,238.74,280.17,238.74,280.17,238.74,280.17,238.74,280.17,238.74,280.17,238.74,280.17,238.74,280.17,238.74,280.17,238.74,280.17,0.00000,0.00000,0.00000,0.00000,0.00000,0.00000,0.00000,0.00000,0.00000,0.00000,0.00000,0.00000,0.00000,0.00000,0.00000,0.00000,0.00000,0.00000,0.00000,0.00000,0.00000,0.00000,0.00000,0.00000,0.00000,0.00000,0.00000,0.00000,0.00000,0.00000,0.00000,0.00000,0.00000,0.00000,0.00000,0.00000,0.00000,0.00000,0.00000,0.00000,0.00000,0.00000,0.00000,0.00000,0.00000,0.00000,0.00000,0.00000,0.00000,0.00000,0.00000,0.00000,0.00000,0.00000,0.00000,0.00000,0.00000,0.00000,0.00000,0.00000,0.00000,0.00000,0.00000,0.00000,0.00000,0.00000,0.00000,0.00000,0.00000,0.00000,0.00000,0.00000,0.00000,0.00000,0.00000,0.00000,0.00000,0.00000,0.00000,0.00000,0.00000,0.00000,0.00000,0.00000
6.2333,1,1,0.00,0.00,33.33,-0.07121,0.03521,0.48570,0.48653,0.48653,1.3000,0,0,0.23833,0.06565,0.05554,0.23839,0.06572,0.05618,0.42,0.01,0.48653,-0.32279,0.04720,0.08268,1.44090,-0.00000,1.00000,-0.32254,0.04894,0.08804,1.43364,0.00000,1.00000,36,0.23574,0.06390,0.01494,0.23610,0.06610,1,0.99084,0.00001,-0.00004,0.13501,virtual,0,238.77,275.50,238.77,275.50,238.77,275.50,238.77,275.50,238.77,275.50,238.77,275.50,238.77,275.50,238.77,275.50,238.77,275.50,238.77,275.50,238.77,275.50,238.77,275.50,238.77,275.50,238.77,275.50,238.77,275.50,238.77,275.50,238.77,275.50,238.77,275.50,238.77,275.50,238.77,275.50,238.77,275.50,0.00000,0.00000,0.00000,0.00000,0.00000,0.00000,0.00000,0.00000,0.00000,0.00000,0.00000,0.00000,0.00000,0.00000,0.00000,0.00000,0.00000,0.00000,0.00000,0.00000,0.00000,0.00000,0.00000,0.00000,0.00000,0.00000,0.00000,0.00000,0.00000,0.00000,0.00000,0.00000,0.00000,0.00000,0.00000,0.00000,0.00000,0.00000,0.00000,0.00000,0.00000,0.00000,0.00000,0.00000,0.00000,0.00000,0.00000,0.00000,0.00000,0.00000,0.00000,0.00000,0.00000,0.00000,0.00000,0.00000,0.00000,0.00000,0.00000,0.00000,0.00000,0.00000,0.00000,0.00000,0.00000,0.00000,0.00000,0.00000,0.00000,0.00000,0.00000,0.00000,0.00000,0.00000,0.00000,0.00000,0.00000,0.00000,0.00000,0.00000,0.00000,0.00000,0.00000,0.00000
6.2667,1,1,0.00,0.00,33.33,-0.07130,0.03118,0.48667,0.48765,0.48765,1.3000,0,0,0.23784,0.06574,0.05957,0.23764,0.06567,0.05987,0.42,0.01,0.48765,-0.32373,0.04153,0.06211,1.46946,-0.00000,0.99999,-0.32367,0.04210,0.06655,1.46197,0.00000,1.00000,36,0.23574,0.06390,0.01494,0.23610,0.06610,1,0.99084,0.00000,-0.00001,0.13501,virtual,0,238.86,270.85,238.86,270.85,238.86,270.85,238.86,270.85,238.86,270.85,238.86,270.85,238.86,270.85,238.86,270.85,238.86,270.85,238.86,270.85,238.86,270.85,238.86,270.85,238.86,270.85,238.86,270.85,238.86,270.85,238.86,270.85,238.86,270.85,238.86,270.85,238.86,270.85,238.86,270.85,238.86,270.85,0.00000,0.00000,0.00000,0.00000,0.00000,0.00000,0.00000,0.00000,0.00000,0.00000,0.00000,0.00000,0.00000,0.00000,0.00000,0.00000,0.00000,0.00000,0.00000,0.00000,0.00000,0.00000,0.00000,0.00000,0.00000,0.00000,0.00000,0.00000,0.00000,0.00000,0.00000,0.00000,0.00000,0.00000,0.00000,0.00000,0.00000,0.00000,0.00000,0.00000,0.00000,0.00000,0.00000,0.00000,0.00000,0.00000,0.00000,0.00000,0.00000,0.00000,0.00000,0.00000,0.00000,0.00000,0.00000,0.00000,0.00000,0.00000,0.00000,0.00000,0.00000,0.00000,0.00000,0.00000,0.00000,0.00000,0.00000,0.00000,0.00000,0.00000,0.00000,0.00000,0.00000,0.00000,0.00000,0.00000,0.00000,0.00000,0.00000,0.00000,0.00000,0.00000,0.00000,0.00000
6.3000,1,1,0.00,0.00,33.33,-0.07172,0.02725,0.48980,0.49294,0.49294,1.3000,0,0,0.23628,0.06617,0.06350,0.23589,0.06591,0.06367,0.48,0.01,0.49294,-0.32749,0.02492,0.05452,1.49310,-0.00001,0.99999,-0.32781,0.02884,0.05408,1.48777,0.00000,1.00000,36,0.23574,0.06390,0.01494,0.23610,0.06610,1,0.99084,0.00000,-0.00000,0.13501,virtual,0,238.87,266.23,238.87,266.23,238.87,266.23,238.87,266.23,238.87,266.23,238.87,266.23,238.87,266.23,238.87,266.23,238.87,266.23,238.87,266.23,238.87,266.23,238.87,266.23,238.87,266.23,238.87,266.23,238.87,266.23,238.87,266.23,238.87,266.23,238.87,266.23,238.87,266.23,238.87,266.23,238.87,266.23,0.00000,0.00000,0.00000,0.00000,0.00000,0.00000,0.00000,0.00000,0.00000,0.00000,0.00000,0.00000,0.00000,0.00000,0.00000,0.00000,0.00000,0.00000,0.00000,0.00000,0.00000,0.00000,0.00000,0.00000,0.00000,0.00000,0.00000,0.00000,0.00000,0.00000,0.00000,0.00000,0.00000,0.00000,0.00000,0.00000,0.00000,0.00000,0.00000,0.00000,0.00000,0.00000,0.00000,0.00000,0.00000,0.00000,0.00000,0.00000,0.00000,0.00000,0.00000,0.00000,0.00000,0.00000,0.00000,0.00000,0.00000,0.00000,0.00000,0.00000,0.00000,0.00000,0.00000,0.00000,0.00000,0.00000,0.00000,0.00000,0.00000,0.00000,0.00000,0.00000,0.00000,0.00000,0.00000,0.00000,0.00000,0.00000,0.00000,0.00000,0.00000,0.00000,0.00000,0.00000
6.3333,1,1,0.00,0.00,33.33,-0.07173,0.02522,0.48996,0.49011,0.49011,1.3000,0,0,0.23620,0.06618,0.06553,0.23660,0.06641,0.06590,0.23,0.01,0.49011,-0.32866,0.02619,0.03673,1.50571,0.00000,0.99999,-0.32820,0.02622,0.04074,1.50373,0.00000,1.00000,36,0.23574,0.06390,0.01494,0.23610,0.06610,1,0.99084,0.00000,-0.00000,0.13501,virtual,0,238.87,266.23,238.87,266.23,238.87,266.23,238.87,266.23,238.87,266.23,238.87,266.23,238.87,266.23,238.87,266.23,238.87,266.23,238.87,266.23,238.87,266.23,238.87,266.23,238.87,266.23,238.87,266.23,238.87,266.23,238.87,266.23,238.87,266.23,238.87,266.23,238.87,266.23,238.87,266.23,238.87,266.23,0.00000,0.00000,0.00000,0.00000,0.00000,0.00000,0.00000,0.00000,0.00000,0.00000,0.00000,0.00000,0.00000,0.00000,0.00000,0.00000,0.00000,0.00000,0.00000,0.00000,0.00000,0.00000,0.00000,0.00000,0.00000,0.00000,0.00000,0.00000,0.00000,0.00000,0.00000,0.00000,0.00000,0.00000,0.00000,0.00000,0.00000,0.00000,0.00000,0.00000,0.00000,0.00000,0.00000,0.00000,0.00000,0.00000,0.00000,0.00000,0.00000,0.00000,0.00000,0.00000,0.00000,0.00000,0.00000,0.00000,0.00000,0.00000,0.00000,0.00000,0.00000,0.00000,0.00000,0.00000,0.00000,0.00000,0.00000,0.00000,0.00000,0.00000,0.00000,0.00000,0.00000,0.00000,0.00000,0.00000,0.00000,0.00000,0.00000,0.00000,0.00000,0.00000,0.00000,0.00000
6.3667,1,1,0.00,0.00,33.33,-0.07157,0.02415,0.48891,0.48787,0.48787,1.3000,0,0,0.23672,0.06602,0.06660,0.23648,0.06598,0.06626,0.08,0.01,0.48787,-0.32692,0.02899,0.03035,1.51292,0.00000,1.00000,-0.32677,0.02914,0.02838,1.51318,0.00000,1.00000,36,0.23574,0.06390,0.01494,0.23610,0.06610,1,0.99084,0.00000,-0.00000,0.13501,virtual,0,238.87,266.23,238.87,266.23,238.87,266.23,238.87,266.23,238.87,266.23,238.87,266.23,238.87,266.23,238.87,266.23,238.87,266.23,238.87,266.23,238.87,266.23,238.87,266.23,238.87,266.23,238.87,266.23,238.87,266.23,238.87,266.23,238.87,266.23,238.87,266.23,238.87,266.23,238.87,266.23,238.87,266.23,0.00000,0.00000,0.00000,0.00000,0.00000,0.00000,0.00000,0.00000,0.00000,0.00000,0.00000,0.00000,0.00000,0.00000,0.00000,0.00000,0.00000,0.00000,0.00000,0.00000,0.00000,0.00000,0.00000,0.00000,0.00000,0.00000,0.00000,0.00000,0.00000,0.00000,0.00000,0.00000,0.00000,0.00000,0.00000,0.00000,0.00000,0.00000,0.00000,0.00000,0.00000,0.00000,0.00000,0.00000,0.00000,0.00000,0.00000,0.00000,0.00000,0.00000,0.00000,0.00000,0.00000,0.00000,0.00000,0.00000,0.00000,0.00000,0.00000,0.00000,0.00000,0.00000,0.00000,0.00000,0.00000,0.00000,0.00000,0.00000,0.00000,0.00000,0.00000,0.00000,0.00000,0.00000,0.00000,0.00000,0.00000,0.00000,0.00000,0.00000,0.00000,0.00000,0.00000,0.00000
6.4000,1,1,0.00,0.00,33.33,-0.07190,0.02375,0.49117,0.49343,0.49343,1.3000,0,0,0.23559,0.06634,0.06700,0.23586,0.06630,0.06697,0.13,0.00,0.49343,-0.32931,0.02181,0.03409,1.51443,-0.00000,0.99999,-0.32974,0.02125,0.03511,1.51450,0.00000,1.00000,36,0.23574,0.06390,0.01494,0.23610,0.06610,1,0.99084,0.00000,-0.00000,0.13501,virtual,0,238.87,266.23,238.87,266.23,238.87,266.23,238.87,266.23,238.87,266.23,238.87,266.23,238.87,266.23,238.87,266.23,238.87,266.23,238.87,266.23,238.87,266.23,238.87,266.23,238.87,266.23,238.87,266.23,238.87,266.23,238.87,266.23,238.87,266.23,238.87,266.23,238.87,266.23,238.87,266.23,238.87,266.23,0.00000,0.00000,0.00000,0.00000,0.00000,0.00000,0.00000,0.00000,0.00000,0.00000,0.00000,0.00000,0.00000,0.00000,0.00000,0.00000,0.00000,0.00000,0.00000,0.00000,0.00000,0.00000,0.00000,0.00000,0.00000,0.00000,0.00000,0.00000,0.00000,0.00000,0.00000,0.00000,0.00000,0.00000,0.00000,0.00000,0.00000,0.00000,0.00000,0.00000,0.00000,0.00000,0.00000,0.00000,0.00000,0.00000,0.00000,0.00000,0.00000,0.00000,0.00000,0.00000,0.00000,0.00000,0.00000,0.00000,0.00000,0.00000,0.00000,0.00000,0.00000,0.00000,0.00000,0.00000,0.00000,0.00000,0.00000,0.00000,0.00000,0.00000,0.00000,0.00000,0.00000,0.00000,0.00000,0.00000,0.00000,0.00000,0.00000,0.00000,0.00000,0.00000,0.00000,0.00000
6.4333,1,1,0.00,0.00,33.33,-0.07204,0.02354,0.49215,0.49313,0.49313,1.3000,0,0,0.23511,0.06648,0.06721,0.23556,0.06635,0.06681,0.67,0.00,0.49313,-0.33003,0.02140,0.03561,1.51469,0.00000,1.00000,-0.32974,0.02125,0.03511,1.51450,0.00000,1.00000,36,0.23574,0.06390,0.01494,0.23610,0.06610,1,0.99084,0.00000,-0.00000,0.13501,virtual,0,238.87,266.23,238.87,266.23,238.87,266.23,238.87,266.23,238.87,266.23,238.87,266.23,238.87,266.23,238.87,266.23,238.87,266.23,238.87,266.23,238.87,266.23,238.87,266.23,238.87,266.23,238.87,266.23,238.87,266.23,238.87,266.23,238.87,266.23,238.87,266.23,238.87,266.23,238.87,266.23,238.87,266.23,0.00000,0.00000,0.00000,0.00000,0.00000,0.00000,0.00000,0.00000,0.00000,0.00000,0.00000,0.00000,0.00000,0.00000,0.00000,0.00000,0.00000,0.00000,0.00000,0.00000,0.00000,0.00000,0.00000,0.00000,0.00000,0.00000,0.00000,0.00000,0.00000,0.00000,0.00000,0.00000,0.00000,0.00000,0.00000,0.00000,0.00000,0.00000,0.00000,0.00000,0.00000,0.00000,0.00000,0.00000,0.00000,0.00000,0.00000,0.00000,0.00000,0.00000,0.00000,0.00000,0.00000,0.00000,0.00000,0.00000,0.00000,0.00000,0.00000,0.00000,0.00000,0.00000,0.00000,0.00000,0.00000,0.00000,0.00000,0.00000,0.00000,0.00000,0.00000,0.00000,0.00000,0.00000,0.00000,0.00000,0.00000,0.00000,0.00000,0.00000,0.00000,0.00000,0.00000,0.00000
6.4667,1,1,0.00,0.00,33.33,-0.07179,0.02334,0.49046,0.48876,0.48876,1.3000,0,0,0.23595,0.06624,0.06741,0.23560,0.06629,0.06674,0.57,0.00,0.48876,-0.32966,0.02182,0.03560,1.51444,0.00000,1.00000,-0.32974,0.02125,0.03511,1.51450,0.00000,1.00000,36,0.23574,0.06390,0.01494,0.23610,0.06610,1,0.99084,0.00000,-0.00000,0.13501,virtual,0,238.87,266.23,238.87,266.23,238.87,266.23,238.87,266.23,238.87,266.23,238.87,266.23,238.87,266.23,238.87,266.23,238.87,266.23,238.87,266.23,238.87,266.23,238.87,266.23,238.87,266.23,238.87,266.23,238.87,266.23,238.87,266.23,238.87,266.23,238.87,266.23,238.87,266.23,238.87,266.23,238.87,266.23,0.00000,0.00000,0.00000,0.00000,0.00000,0.00000,0.00000,0.00000,0.00000,0.00000,0.00000,0.00000,0.00000,0.00000,0.00000,0.00000,0.00000,0.00000,0.00000,0.00000,0.00000,0.00000,0.00000,0.00000,0.00000,0.00000,0.00000,0.00000,0.00000,0.00000,0.00000,0.00000,0.00000,0.00000,0.00000,0.00000,0.00000,0.00000,0.00000,0.00000,0.00000,0.00000,0.00000,0.00000,0.00000,0.00000,0.00000,0.00000,0.00000,0.00000,0.00000,0.00000,0.00000,0.00000,0.00000,0.00000,0.00000,0.00000,0.00000,0.00000,0.00000,0.00000,0.00000,0.00000,0.00000,0.00000,0.00000,0.00000,0.00000,0.00000,0.00000,0.00000,0.00000,0.00000,0.00000,0.00000,0.00000,0.00000,0.00000,0.00000,0.00000,0.00000,0.00000,0.00000
6.5000,1,1,0.00,0.00,33.33,-0.07176,0.02326,0.49025,0.49005,0.49005,1.3000,0,0,0.23605,0.06621,0.06749,0.23562,0.06631,0.06679,0.69,0.00,0.49005,-0.32975,0.02171,0.03543,1.51449,0.00000,1.00000,-0.32974,0.02125,0.03511,1.51450,0.00000,1.00000,36,0.23574,0.06390,0.01494,0.23610,0.06610,1,0.99084,0.00000,-0.00000,0.13501,virtual,0,238.87,266.23,238.87,266.23,238.87,266.23,238.87,266.23,238.87,266.23,238.87,266.23,238.87,266.23,238.87,266.23,238.87,266.23,238.87,266.23,238.87,266.23,238.87,266.23,238.87,266.23,238.87,266.23,238.87,266.23,238.87,266.23,238.87,266.23,238.87,266.23,238.87,266.23,238.87,266.23,238.87,266.23,0.00000,0.00000,0.00000,0.00000,0.00000,0.00000,0.00000,0.00000,0.00000,0.00000,0.00000,0.00000,0.00000,0.00000,0.00000,0.00000,0.00000,0.00000,0.00000,0.00000,0.00000,0.00000,0.00000,0.00000,0.00000,0.00000,0.00000,0.00000,0.00000,0.00000,0.00000,0.00000,0.00000,0.00000,0.00000,0.00000,0.00000,0.00000,0.00000,0.00000,0.00000,0.00000,0.00000,0.00000,0.00000,0.00000,0.00000,0.00000,0.00000,0.00000,0.00000,0.00000,0.00000,0.00000,0.00000,0.00000,0.00000,0.00000,0.00000,0.00000,0.00000,0.00000,0.00000,0.00000,0.00000,0.00000,0.00000,0.00000,0.00000,0.00000,0.00000,0.00000,0.00000,0.00000,0.00000,0.00000,0.00000,0.00000,0.00000,0.00000,0.00000,0.00000,0.00000,0.00000
6.5333,1,1,0.00,0.00,33.33,-0.07157,0.02317,0.48900,0.48775,0.48775,1.3000,0,0,0.23668,0.06602,0.06758,0.23696,0.06608,0.06762,0.05,0.01,0.48775,-0.32662,0.02934,0.02006,1.52020,0.00000,1.00000,-0.32694,0.02807,0.02194,1.52068,0.00000,1.00000,36,0.23574,0.06390,0.01494,0.23610,0.06610,1,0.99084,0.00000,-0.00000,0.13501,virtual,0,238.87,266.23,238.87,266.23,238.87,266.23,238.87,266.23,238.87,266.23,238.87,266.23,238.87,266.23,238.87,266.23,238.87,266.23,238.87,266.23,238.87,266.23,238.87,266.23,238.87,266.23,238.87,266.23,238.87,266.23,238.87,266.23,238.87,266.23,238.87,266.23,238.87,266.23,238.87,266.23,238.87,266.23,0.00000,0.00000,0.00000,0.00000,0.00000,0.00000,0.00000,0.00000,0.00000,0.00000,0.00000,0.00000,0.00000,0.00000,0.00000,0.00000,0.00000,0.00000,0.00000,0.00000,0.00000,0.00000,0.00000,0.00000,0.00000,0.00000,0.00000,0.00000,0.00000,0.00000,0.00000,0.00000,0.00000,0.00000,0.00000,0.00000,0.00000,0.00000,0.00000,0.00000,0.00000,0.00000,0.00000,0.00000,0.00000,0.00000,0.00000,0.00000,0.00000,0.00000,0.00000,0.00000,0.00000,0.00000,0.00000,0.00000,0.00000,0.00000,0.00000,0.00000,0.00000,0.00000,0.00000,0.00000,0.00000,0.00000,0.00000,0.00000,0.00000,0.00000,0.00000,0.00000,0.00000,0.00000,0.00000,0.00000,0.00000,0.00000,0.00000,0.00000,0.00000,0.00000,0.00000,0.00000
6.5667,1,1,0.00,0.00,33.33,-0.07155,0.02315,0.48882,0.48864,0.48864,1.3000,0,0,0.23677,0.06600,0.06760,0.23658,0.06597,0.06735,0.15,0.01,0.48864,-0.32669,0.02928,0.02189,1.52081,-0.00000,1.00000,-0.32694,0.02807,0.02194,1.52068,0.00000,1.00000,36,0.23574,0.06390,0.01494,0.23610,0.06610,1,0.99084,0.00000,-0.00000,0.13501,virtual,0,238.87,266.23,238.87,266.23,238.87,266.23,238.87,266.23,238.87,266.23,238.87,266.23,238.87,266.23,238.87,266.23,238.87,266.23,238.87,266.23,238.87,266.23,238.87,266.23,238.87,266.23,238.87,266.23,238.87,266.23,238.87,266.23,238.87,266.23,238.87,266.23,238.87,266.23,238.87,266.23,238.87,266.23,0.00000,0.00000,0.00000,0.00000,0.00000,0.00000,0.00000,0.00000,0.00000,0.00000,0.00000,0.00000,0.00000,0.00000,0.00000,0.00000,0.00000,0.00000,0.00000,0.00000,0.00000,0.00000,0.00000,0.00000,0.00000,0.00000,0.00000,0.00000,0.00000,0.00000,0.00000,0.00000,0.00000,0.00000,0.00000,0.00000,0.00000,0.00000,0.00000,0.00000,0.00000,0.00000,0.00000,0.00000,0.00000,0.00000,0.00000,0.00000,0.00000,0.00000,0.00000,0.00000,0.00000,0.00000,0.00000,0.00000,0.00000,0.00000,0.00000,0.00000,0.00000,0.00000,0.00000,0.00000,0.00000,0.00000,0.00000,0.00000,0.00000,0.00000,0.00000,0.00000,0.00000,0.00000,0.00000,0.00000,0.00000,0.00000,0.00000,0.00000,0.00000,0.00000,0.00000,0.00000
6.6000,1,1,0.00,0.00,33.33,-0.07167,0.02318,0.48968,0.49054,0.49054,1.3000,0,0,0.23634,0.06612,0.06757,0.23653,0.06602,0.06741,0.31,0.01,0.49054,-0.32702,0.02860,0.02233,1.52076,-0.00000,1.00000,-0.32694,0.02807,0.02194,1.52068,0.00000,1.00000,36,0.23574,0.06390,0.01494,0.23610,0.06610,1,0.99084,-0.00000,0.00000,0.13501,virtual,0,238.87,266.23,238.87,266.23,238.87,266.23,238.87,266.23,238.87,266.23,238.87,266.23,238.87,266.23,238.87,266.23,238.87,266.23,238.87,266.23,238.87,266.23,238.87,266.23,238.87,266.23,238.87,266.23,238.87,266.23,238.87,266.23,238.87,266.23,238.87,266.23,238.87,266.23,238.87,266.23,238.87,266.23,0.00000,0.00000,0.00000,0.00000,0.00000,0.00000,0.00000,0.00000,0.00000,0.00000,0.00000,0.00000,0.00000,0.00000,0.00000,0.00000,0.00000,0.00000,0.00000,0.00000,0.00000,0.00000,0.00000,0.00000,0.00000,0.00000,0.00000,0.00000,0.00000,0.00000,0.00000,0.00000,0.00000,0.00000,0.00000,0.00000,0.00000,0.00000,0.00000,0.00000,0.00000,0.00000,0.00000,0.00000,0.00000,0.00000,0.00000,0.00000,0.00000,0.00000,0.00000,0.00000,0.00000,0.00000,0.00000,0.00000,0.00000,0.00000,0.00000,0.00000,0.00000,0.00000,0.00000,0.00000,0.00000,0.00000,0.00000,0.00000,0.00000,0.00000,0.00000,0.00000,0.00000,0.00000,0.00000,0.00000,0.00000,0.00000,0.00000,0.00000,0.00000,0.00000,0.00000,0.00000
6.6333,1,1,0.00,0.00,33.33,-0.07165,0.02317,0.48951,0.48933,0.48933,1.3000,0,0,0.23643,0.06610,0.06758,0.23656,0.06602,0.06744,0.22,0.01,0.48933,-0.32694,0.02851,0.02226,1.52069,-0.00000,1.00000,-0.32694,0.02807,0.02194,1.52068,0.00000,1.00000,36,0.23574,0.06390,0.01494,0.23610,0.06610,1,0.99084,-0.00000,0.00000,0.13501,virtual,0,238.87,266.23,238.87,266.23,238.87,266.23,238.87,266.23,238.87,266.23,238.87,266.23,238.87,266.23,238.87,266.23,238.87,266.23,238.87,266.23,238.87,266.23,238.87,266.23,238.87,266.23,238.87,266.23,238.87,266.23,238.87,266.23,238.87,266.23,238.87,266.23,238.87,266.23,238.87,266.23,238.87,266.23,0.00000,0.00000,0.00000,0.00000,0.00000,0.00000,0.00000,0.00000,0.00000,0.00000,0.00000,0.00000,0.00000,0.00000,0.00000,0.00000,0.00000,0.00000,0.00000,0.00000,0.00000,0.00000,0.00000,0.00000,0.00000,0.00000,0.00000,0.00000,0.00000,0.00000,0.00000,0.00000,0.00000,0.00000,0.00000,0.00000,0.00000,0.00000,0.00000,0.00000,0.00000,0.00000,0.00000,0.00000,0.00000,0.00000,0.00000,0.00000,0.00000,0.00000,0.00000,0.00000,0.00000,0.00000,0.00000,0.00000,0.00000,0.00000,0.00000,0.00000,0.00000,0.00000,0.00000,0.00000,0.00000,0.00000,0.00000,0.00000,0.00000,0.00000,0.00000,0.00000,0.00000,0.00000,0.00000,0.00000,0.00000,0.00000,0.00000,0.00000,0.00000,0.00000,0.00000,0.00000
6.6667,1,1,0.00,0.00,33.33,-0.07162,0.02316,0.48930,0.48910,0.48910,1.3000,0,0,0.23653,0.06607,0.06759,0.23656,0.06602,0.06744,0.11,0.01,0.48910,-0.32693,0.02849,0.02229,1.52068,0.00000,1.00000,-0.32694,0.02807,0.02194,1.52068,0.00000,1.00000,36,0.23574,0.06390,0.01494,0.23610,0.06610,1,0.99084,-0.00000,0.00000,0.13501,virtual,0,238.87,266.23,238.87,266.23,238.87,266.23,238.87,266.23,238.87,266.23,238.87,266.23,238.87,266.23,238.87,266.23,238.87,266.23,238.87,266.23,238.87,266.23,238.87,266.23,238.87,266.23,238.87,266.23,238.87,266.23,238.87,266.23,238.87,266.23,238.87,266.23,238.87,266.23,238.87,266.23,238.87,266.23,0.00000,0.00000,0.00000,0.00000,0.00000,0.00000,0.00000,0.00000,0.00000,0.00000,0.00000,0.00000,0.00000,0.00000,0.00000,0.00000,0.00000,0.00000,0.00000,0.00000,0.00000,0.00000,0.00000,0.00000,0.00000,0.00000,0.00000,0.00000,0.00000,0.00000,0.00000,0.00000,0.00000,0.00000,0.00000,0.00000,0.00000,0.00000,0.00000,0.00000,0.00000,0.00000,0.00000,0.00000,0.00000,0.00000,0.00000,0.00000,0.00000,0.00000,0.00000,0.00000,0.00000,0.00000,0.00000,0.00000,0.00000,0.00000,0.00000,0.00000,0.00000,0.00000,0.00000,0.00000,0.00000,0.00000,0.00000,0.00000,0.00000,0.00000,0.00000,0.00000,0.00000,0.00000,0.00000,0.00000,0.00000,0.00000,0.00000,0.00000,0.00000,0.00000,0.00000,0.00000
6.7000,1,1,0.00,0.00,33.33,-0.07182,0.02322,0.49067,0.49205,0.49205,1.3000,0,0,0.23584,0.06627,0.06753,0.23656,0.06601,0.06743,0.83,0.01,0.49205,-0.32693,0.02852,0.02230,1.52068,0.00000,1.00000,-0.32694,0.02807,0.02194,1.52068,0.00000,1.00000,36,0.23574,0.06390,0.01494,0.23610,0.06610,1,0.99084,-0.00000,0.00000,0.13501,virtual,0,238.87,266.23,238.87,266.23,238.87,266.23,238.87,266.23,238.87,266.23,238.87,266.23,238.87,266.23,238.87,266.23,238.87,266.23,238.87,266.23,238.87,266.23,238.87,266.23,238.87,266.23,238.87,266.23,238.87,266.23,238.87,266.23,238.87,266.23,238.87,266.23,238.87,266.23,238.87,266.23,238.87,266.23,0.00000,0.00000,0.00000,0.00000,0.00000,0.00000,0.00000,0.00000,0.00000,0.00000,0.00000,0.00000,0.00000,0.00000,0.00000,0.00000,0.00000,0.00000,0.00000,0.00000,0.00000,0.00000,0.00000,0.00000,0.00000,0.00000,0.00000,0.00000,0.00000,0.00000,0.00000,0.00000,0.00000,0.00000,0.00000,0.00000,0.00000,0.00000,0.00000,0.00000,0.00000,0.00000,0.00000,0.00000,0.00000,0.00000,0.00000,0.00000,0.00000,0.00000,0.00000,0.00000,0.00000,0.00000,0.00000,0.00000,0.00000,0.00000,0.00000,0.00000,0.00000,0.00000,0.00000,0.00000,0.00000,0.00000,0.00000,0.00000,0.00000,0.00000,0.00000,0.00000,0.00000,0.00000,0.00000,0.00000,0.00000,0.00000,0.00000,0.00000,0.00000,0.00000,0.00000,0.00000
6.7333,1,1,0.00,0.00,33.33,-0.07185,0.02323,0.49089,0.49111,0.49111,1.3000,0,0,0.23573,0.06630,0.06752,0.23656,0.06601,0.06743,0.94,0.01,0.49111,-0.32694,0.02853,0.02230,1.52068,-0.00000,1.00000,-0.32694,0.02807,0.02194,1.52068,0.00000,1.00000,36,0.23574,0.06390,0.01494,0.23610,0.06610,1,0.99084,-0.00000,0.00000,0.13501,virtual,0,238.87,266.23,238.87,266.23,238.87,266.23,238.87,266.23,238.87,266.23,238.87,266.23,238.87,266.23,238.87,266.23,238.87,266.23,238.87,266.23,238.87,266.23,238.87,266.23,238.87,266.23,238.87,266.23,238.87,266.23,238.87,266.23,238.87,266.23,238.87,266.23,238.87,266.23,238.87,266.23,238.87,266.23,0.00000,0.00000,0.00000,0.00000,0.00000,0.00000,0.00000,0.00000,0.00000,0.00000,0.00000,0.00000,0.00000,0.00000,0.00000,0.00000,0.00000,0.00000,0.00000,0.00000,0.00000,0.00000,0.00000,0.00000,0.00000,0.00000,0.00000,0.00000,0.00000,0.00000,0.00000,0.00000,0.00000,0.00000,0.00000,0.00000,0.00000,0.00000,0.00000,0.00000,0.00000,0.00000,0.00000,0.00000,0.00000,0.00000,0.00000,0.00000,0.00000,0.00000,0.00000,0.00000,0.00000,0.00000,0.00000,0.00000,0.00000,0.00000,0.00000,0.00000,0.00000,0.00000,0.00000,0.00000,0.00000,0.00000,0.00000,0.00000,0.00000,0.00000,0.00000,0.00000,0.00000,0.00000,0.00000,0.00000,0.00000,0.00000,0.00000,0.00000,0.00000,0.00000,0.00000,0.00000
6.7667,1,1,0.00,0.00,33.33,-0.07195,0.02326,0.49154,0.49218,0.49218,1.3000,0,0,0.23541,0.06639,0.06749,0.23525,0.06619,0.06713,0.09,0.01,0.49218,-0.32975,0.02074,0.03394,1.51874,-0.00001,0.99999,-0.33023,0.01964,0.03316,1.51809,0.00000,1.00000,36,0.23574,0.06390,0.01494,0.23610,0.06610,1,0.99084,-0.00000,0.00000,0.13501,virtual,0,238.87,266.23,238.87,266.23,238.87,266.23,238.87,266.23,238.87,266.23,238.87,266.23,238.87,266.23,238.87,266.23,238.87,266.23,238.87,266.23,238.87,266.23,238.87,266.23,238.87,266.23,238.87,266.23,238.87,266.23,238.87,266.23,238.87,266.23,238.87,266.23,238.87,266.23,238.87,266.23,238.87,266.23,0.00000,0.00000,0.00000,0.00000,0.00000,0.00000,0.00000,0.00000,0.00000,0.00000,0.00000,0.00000,0.00000,0.00000,0.00000,0.00000,0.00000,0.00000,0.00000,0.00000,0.00000,0.00000,0.00000,0.00000,0.00000,0.00000,0.00000,0.00000,0.00000,0.00000,0.00000,0.00000,0.00000,0.00000,0.00000,0.00000,0.00000,0.00000,0.00000,0.00000,0.00000,0.00000,0.00000,0.00000,0.00000,0.00000,0.00000,0.00000,0.00000,0.00000,0.00000,0.00000,0.00000,0.00000,0.00000,0.00000,0.00000,0.00000,0.00000,0.00000,0.00000,0.00000,0.00000,0.00000,0.00000,0.00000,0.00000,0.00000,0.00000,0.00000,0.00000,0.00000,0.00000,0.00000,0.00000,0.00000,0.00000,0.00000,0.00000,0.00000,0.00000,0.00000,0.00000,0.00000
6.8000,1,1,0.00,0.00,33.33,-0.07205,0.02329,0.49225,0.49297,0.49297,1.3000,0,0,0.23505,0.06650,0.06745,0.23533,0.06637,0.06729,0.46,0.01,0.49297,-0.33047,0.01984,0.03395,1.51815,0.00000,0.99999,-0.33023,0.01964,0.03316,1.51809,0.00000,1.00000,36,0.23574,0.06390,0.01494,0.23610,0.06610,1,0.99084,0.00000,-0.00000,0.13501,virtual,0,238.87,266.23,238.87,266.23,238.87,266.23,238.87,266.23,238.87,266.23,238.87,266.23,238.87,266.23,238.87,266.23,238.87,266.23,238.87,266.23,238.87,266.23,238.87,266.23,238.87,266.23,238.87,266.23,238.87,266.23,238.87,266.23,238.87,266.23,238.87,266.23,238.87,266.23,238.87,266.23,238.87,266.23,0.00000,0.00000,0.00000,0.00000,0.00000,0.00000,0.00000,0.00000,0.00000,0.00000,0.00000,0.00000,0.00000,0.00000,0.00000,0.00000,0.00000,0.00000,0.00000,0.00000,0.00000,0.00000,0.00000,0.00000,0.00000,0.00000,0.00000,0.00000,0.00000,0.00000,0.00000,0.00000,0.00000,0.00000,0.00000,0.00000,0.00000,0.00000,0.00000,0.00000,0.00000,0.00000,0.00000,0.00000,0.00000,0.00000,0.00000,0.00000,0.00000,0.00000,0.00000,0.00000,0.00000,0.00000,0.00000,0.00000,0.00000,0.00000,0.00000,0.00000,0.00000,0.00000,0.00000,0.00000,0.00000,0.00000,0.00000,0.00000,0.00000,0.00000,0.00000,0.00000,0.00000,0.00000,0.00000,0.00000,0.00000,0.00000,0.00000,0.00000,0.00000,0.00000,0.00000,0.00000
6.8333,1,1,0.00,0.00,33.33,-0.07182,0.02322,0.49071,0.48916,0.48916,1.3000,0,0,0.23583,0.06627,0.06753,0.23543,0.06634,0.06733,0.36,0.01,0.48916,-0.33015,0.02004,0.03349,1.51807,0.00000,1.00000,-0.33023,0.01964,0.03316,1.51809,0.00000,1.00000,36,0.23574,0.06390,0.01494,0.23610,0.06610,1,0.99084,0.00000,-0.00000,0.13501,virtual,0,238.87,266.23,238.87,266.23,238.87,266.23,238.87,266.23,238.87,266.23,238.87,266.23,238.87,266.23,238.87,266.23,238.87,266.23,238.87,266.23,238.87,266.23,238.87,266.23,238.87,266.23,238.87,266.23,238.87,266.23,238.87,266.23,238.87,266.23,238.87,266.23,238.87,266.23,238.87,266.23,238.87,266.23,0.00000,0.00000,0.00000,0.00000,0.00000,0.00000,0.00000,0.00000,0.00000,0.00000,0.00000,0.00000,0.00000,0.00000,0.00000,0.00000,0.00000,0.00000,0.00000,0.00000,0.00000,0.00000,0.00000,0.00000,0.00000,0.00000,0.00000,0.00000,0.00000,0.00000,0.00000,0.00000,0.00000,0.00000,0.00000,0.00000,0.00000,0.00000,0.00000,0.00000,0.00000,0.00000,0.00000,0.00000,0.00000,0.00000,0.00000,0.00000,0.00000,0.00000,0.00000,0.00000,0.00000,0.00000,0.00000,0.00000,0.00000,0.00000,0.00000,0.00000,0.00000,0.00000,0.00000,0.00000,0.00000,0.00000,0.00000,0.00000,0.00000,0.00000,0.00000,0.00000,0.00000,0.00000,0.00000,0.00000,0.00000,0.00000,0.00000,0.00000,0.00000,0.00000,0.00000,0.00000
6.8667,1,1,0.00,0.00,33.33,-0.07179,0.02321,0.49051,0.49031,0.49031,1.3000,0,0,0.23593,0.06624,0.06754,0.23541,0.06635,0.06730,0.47,0.01,0.49031,-0.33026,0.02012,0.03356,1.51806,0.00000,1.00000,-0.33023,0.01964,0.03316,1.51809,0.00000,1.00000,36,0.23574,0.06390,0.01494,0.23610,0.06610,1,0.99084,0.00000,-0.00000,0.13501,virtual,0,238.87,266.23,238.87,266.23,238.87,266.23,238.87,266.23,238.87,266.23,238.87,266.23,238.87,266.23,238.87,266.23,238.87,266.23,238.87,266.23,238.87,266.23,238.87,266.23,238.87,266.23,238.87,266.23,238.87,266.23,238.87,266.23,238.87,266.23,238.87,266.23,238.87,266.23,238.87,266.23,238.87,266.23,0.00000,0.00000,0.00000,0.00000,0.00000,0.00000,0.00000,0.00000,0.00000,0.00000,0.00000,0.00000,0.00000,0.00000,0.00000,0.00000,0.00000,0.00000,0.00000,0.00000,0.00000,0.00000,0.00000,0.00000,0.00000,0.00000,0.00000,0.00000,0.00000,0.00000,0.00000,0.00000,0.00000,0.00000,0.00000,0.00000,0.00000,0.00000,0.00000,0.00000,0.00000,0.00000,0.00000,0.00000,0.00000,0.00000,0.00000,0.00000,0.00000,0.00000,0.00000,0.00000,0.00000,0.00000,0.00000,0.00000,0.00000,0.00000,0.00000,0.00000,0.00000,0.00000,0.00000,0.00000,0.00000,0.00000,0.00000,0.00000,0.00000,0.00000,0.00000,0.00000,0.00000,0.00000,0.00000,0.00000,0.00000,0.00000,0.00000,0.00000,0.00000,0.00000,0.00000,0.00000
6.9000,1,1,0.00,0.00,33.33,-0.07187,0.02324,0.49102,0.49154,0.49154,1.3000,0,0,0.23567,0.06632,0.06751,0.23541,0.06635,0.06730,0.20,0.01,0.49154,-0.33024,0.02012,0.03352,1.51809,-0.00000,1.00000,-0.33023,0.01964,0.03316,1.51809,0.00000,1.00000,36,0.23574,0.06390,0.01494,0.23610,0.06610,1,0.99084,0.00000,-0.00000,0.13501,virtual,0,238.87,266.23,238.87,266.23,238.87,266.23,238.87,266.23,238.87,266.23,238.87,266.23,238.87,266.23,238.87,266.23,238.87,266.23,238.87,266.23,238.87,266.23,238.87,266.23,238.87,266.23,238.87,266.23,238.87,266.23,238.87,266.23,238.87,266.23,238.87,266.23,238.87,266.23,238.87,266.23,238.87,266.23,0.00000,0.00000,0.00000,0.00000,0.00000,0.00000,0.00000,0.00000,0.00000,0.00000,0.00000,0.00000,0.00000,0.00000,0.00000,0.00000,0.00000,0.00000,0.00000,0.00000,0.00000,0.00000,0.00000,0.00000,0.00000,0.00000,0.00000,0.00000,0.00000,0.00000,0.00000,0.00000,0.00000,0.00000,0.00000,0.00000,0.00000,0.00000,0.00000,0.00000,0.00000,0.00000,0.00000,0.00000,0.00000,0.00000,0.00000,0.00000,0.00000,0.00000,0.00000,0.00000,0.00000,0.00000,0.00000,0.00000,0.00000,0.00000,0.00000,0.00000,0.00000,0.00000,0.00000,0.00000,0.00000,0.00000,0.00000,0.00000,0.00000,0.00000,0.00000,0.00000,0.00000,0.00000,0.00000,0.00000,0.00000,0.00000,0.00000,0.00000,0.00000,0.00000,0.00000,0.00000
6.9333,1,1,0.00,0.00,33.33,-0.07186,0.02323,0.49095,0.49088,0.49088,1.3000,0,0,0.23570,0.06631,0.06752,0.23541,0.06635,0.06731,0.24,0.01,0.49088,-0.33023,0.02011,0.03352,1.51810,-0.00000,1.00000,-0.33023,0.01964,0.03316,1.51809,0.00000,1.00000,36,0.23574,0.06390,0.01494,0.23610,0.06610,1,0.99084,0.00000,-0.00000,0.13501,virtual,0,238.87,266.23,238.87,266.23,238.87,266.23,238.87,266.23,238.87,266.23,238.87,266.23,238.87,266.23,238.87,266.23,238.87,266.23,238.87,266.23,238.87,266.23,238.87,266.23,238.87,266.23,238.87,266.23,238.87,266.23,238.87,266.23,238.87,266.23,238.87,266.23,238.87,266.23,238.87,266.23,238.87,266.23,0.00000,0.00000,0.00000,0.00000,0.00000,0.00000,0.00000,0.00000,0.00000,0.00000,0.00000,0.00000,0.00000,0.00000,0.00000,0.00000,0.00000,0.00000,0.00000,0.00000,0.00000,0.00000,0.00000,0.00000,0.00000,0.00000,0.00000,0.00000,0.00000,0.00000,0.00000,0.00000,0.00000,0.00000,0.00000,0.00000,0.00000,0.00000,0.00000,0.00000,0.00000,0.00000,0.00000,0.00000,0.00000,0.00000,0.00000,0.00000,0.00000,0.00000,0.00000,0.00000,0.00000,0.00000,0.00000,0.00000,0.00000,0.00000,0.00000,0.00000,0.00000,0.00000,0.00000,0.00000,0.00000,0.00000,0.00000,0.00000,0.00000,0.00000,0.00000,0.00000,0.00000,0.00000,0.00000,0.00000,0.00000,0.00000,0.00000,0.00000,0.00000,0.00000,0.00000,0.00000
