t_s,engaged,hand_found,detect_ms,ik_ms,loop_ms,hand_x,hand_y,hand_z,depth_len_m,depth_width_m,pinch,gated,gripper_closed,target_x,target_y,target_z,tip_x,tip_y,tip_z,ik_pos_err_mm,ik_dir_err_deg,depth_used_m,q0,q1,q2,q3,q4,q5,ctrl0,ctrl1,ctrl2,ctrl3,ctrl4,ctrl5,layout,cube_x,cube_y,cube_z,goal_x,goal_y,placed_success,cube_qw,cube_qx,cube_qy,cube_qz,handedness,grasp_locked,px0_u,px0_v,px1_u,px1_v,px2_u,px2_v,px3_u,px3_v,px4_u,px4_v,px5_u,px5_v,px6_u,px6_v,px7_u,px7_v,px8_u,px8_v,px9_u,px9_v,px10_u,px10_v,px11_u,px11_v,px12_u,px12_v,px13_u,px13_v,px14_u,px14_v,px15_u,px15_v,px16_u,px16_v,px17_u,px17_v,px18_u,px18_v,px19_u,px19_v,px20_u,px20_v,relz0,relz1,relz2,relz3,relz4,relz5,relz6,relz7,relz8,relz9,relz10,relz11,relz12,relz13,relz14,relz15,relz16,relz17,relz18,relz19,relz20,w0_x,w0_y,w0_z,w1_x,w1_y,w1_z,w2_x,w2_y,w2_z,w3_x,w3_y,w3_z,w4_x,w4_y,w4_z,w5_x,w5_y,w5_z,w6_x,w6_y,w6_z,w7_x,w7_y,w7_z,w8_x,w8_y,w8_z,w9_x,w9_y,w9_z,w10_x,w10_y,w10_z,w11_x,w11_y,w11_z,w12_x,w12_y,w12_z,w13_x,w13_y,w13_z,w14_x,w14_y,w14_z,w15_x,w15_y,w15_z,w16_x,w16_y,w16_z,w17_x,w17_y,w17_z,w18_x,w18_y,w18_z,w19_x,w19_y,w19_z,w20_x,w20_y,w20_z
0.0000,0,1,0.00,0.00,33.33,0.00000,0.03288,0.54804,0.54804,0.54804,1.3000,0,0,0.21961,-0.00098,0.06018,0.21961,-0.00098,0.06018,,,0.54804,0.00000,-0.21000,0.34600,1.43400,0.00000,1.00000,0.00000,-0.21000,0.34600,1.43400,0.00000,1.00000,12,0.21850,-0.07420,0.01500,0.25990,0.09410,0,0.98663,0.00000,0.00000,-0.16295,virtual,0,320.00,273.26,320.00,273.26,320.00,273.26,320.00,273.26,320.00,273.26,320.00,273.26,320.00,273.26,320.00,273.26,320.00,273.26,320.00,273.26,320.00,273.26,320.00,273.26,320.00,273.26,320.00,273.26,320.00,273.26,320.00,273.26,320.00,273.26,320.00,273.26,320.00,273.26,320.00,273.26,320.00,273.26,0.00000,0.00000,0.00000,0.00000,0.00000,0.00000,0.00000,0.00000,0.00000,0.00000,0.00000,0.00000,0.00000,0.00000,0.00000,0.00000,0.00000,0.00000,0.00000,0.00000,0.00000,0.00000,0.00000,0.00000,0.00000,0.00000,0.00000,0.00000,0.00000,0.00000,0.00000,0.00000,0.00000,0.00000,0.00000,0.00000,0.00000,0.00000,0.00000,0.00000,0.00000,0.00000,0.00000,0.00000,0.00000,0.00000,0.00000,0.00000,0.00000,0.00000,0.00000,0.00000,0.00000,0.00000,0.00000,0.00000,0.00000,0.00000,0.00000,0.00000,0.00000,0.00000,0.00000,0.00000,0.00000,0.00000,0.00000,0.00000,0.00000,0.00000,0.00000,0.00000,0.00000,0.00000,0.00000,0.00000,0.00000,0.00000,0.00000,0.00000,0.00000,0.00000,0.00000,0.00000
0.0333,0,1,0.00,0.00,33.33,0.00000,0.03283,0.54708,0.54613,0.54613,1.3000,0,0,0.21961,-0.00098,0.06018,0.21952,-0.00098,0.06005,,,0.54613,0.00000,-0.20958,0.34642,1.43400,-0.00000,1.00000,0.00000,-0.21000,0.34600,1.43400,0.00000,1.00000,12,0.21850,-0.07420,0.01482,0.25990,0.09410,0,0.98663,0.00000,0.00000,-0.16295,virtual,0,320.00,273.26,320.00,273.26,320.00,273.26,320.00,273.26,320.00,273.26,320.00,273.26,320.00,273.26,320.00,273.26,320.00,273.26,320.00,273.26,320.00,273.26,320.00,273.26,320.00,273.26,320.00,273.26,320.00,273.26,320.00,273.26,320.00,273.26,320.00,273.26,320.00,273.26,320.00,273.26,320.00,273.26,0.00000,0.00000,0.00000,0.00000,0.00000,0.00000,0.00000,0.00000,0.00000,0.00000,0.00000,0.00000,0.00000,0.00000,0.00000,0.00000,0.00000,0.00000,0.00000,0.00000,0.00000,0.00000,0.00000,0.00000,0.00000,0.00000,0.00000,0.00000,0.00000,0.00000,0.00000,0.00000,0.00000,0.00000,0.00000,0.00000,0.00000,0.00000,0.00000,0.00000,0.00000,0.00000,0.00000,0.00000,0.00000,0.00000,0.00000,0.00000,0.00000,0.00000,0.00000,0.00000,0.00000,0.00000,0.00000,0.00000,0.00000,0.00000,0.00000,0.00000,0.00000,0.00000,0.00000,0.00000,0.00000,0.00000,0.00000,0.00000,0.00000,0.00000,0.00000,0.00000,0.00000,0.00000,0.00000,0.00000,0.00000,0.00000,0.00000,0.00000,0.00000,0.00000,0.00000,0.00000
0.0667,0,1,0.00,0.00,33.33,0.00000,0.03269,0.54482,0.54256,0.54256,1.3000,0,0,0.21961,-0.00098,0.06018,0.21954,-0.00098,0.06008,,,0.54256,0.00000,-0.20968,0.34632,1.43401,-0.00000,1.00000,0.00000,-0.21000,0.34600,1.43400,0.00000,1.00000,12,0.21850,-0.07420,0.01491,0.25990,0.09410,0,0.98663,0.00000,0.00000,-0.16295,virtual,0,320.00,273.26,320.00,273.26,320.00,273.26,320.00,273.26,320.00,273.26,320.00,273.26,320.00,273.26,320.00,273.26,320.00,273.26,320.00,273.26,320.00,273.26,320.00,273.26,320.00,273.26,320.00,273.26,320.00,273.26,320.00,273.26,320.00,273.26,320.00,273.26,320.00,273.26,320.00,273.26,320.00,273.26,0.00000,0.00000,0.00000,0.00000,0.00000,0.00000,0.00000,0.00000,0.00000,0.00000,0.00000,0.00000,0.00000,0.00000,0.00000,0.00000,0.00000,0.00000,0.00000,0.00000,0.00000,0.00000,0.00000,0.00000,0.00000,0.00000,0.00000,0.00000,0.00000,0.00000,0.00000,0.00000,0.00000,0.00000,0.00000,0.00000,0.00000,0.00000,0.00000,0.00000,0.00000,0.00000,0.00000,0.00000,0.00000,0.00000,0.00000,0.00000,0.00000,0.00000,0.00000,0.00000,0.00000,0.00000,0.00000,0.00000,0.00000,0.00000,0.00000,0.00000,0.00000,0.00000,0.00000,0.00000,0.00000,0.00000,0.00000,0.00000,0.00000,0.00000,0.00000,0.00000,0.00000,0.00000,0.00000,0.00000,0.00000,0.00000,0.00000,0.00000,0.00000,0.00000,0.00000,0.00000
0.1000,0,1,0.00,0.00,33.33,0.00000,0.03260,0.54330,0.54178,0.54178,1.3000,0,0,0.21961,-0.00098,0.06018,0.21954,-0.00098,0.06008,,,0.54178,0.00000,-0.20966,0.34634,1.43401,0.00000,1.00000,0.00000,-0.21000,0.34600,1.43400,0.00000,1.00000,12,0.21850,-0.07420,0.01493,0.25990,0.09410,0,0.98663,0.00000,0.00000,-0.16295,virtual,0,320.00,273.26,320.00,273.26,320.00,273.26,320.00,273.26,320.00,273.26,320.00,273.26,320.00,273.26,320.00,273.26,320.00,273.26,320.00,273.26,320.00,273.26,320.00,273.26,320.00,273.26,320.00,273.26,320.00,273.26,320.00,273.26,320.00,273.26,320.00,273.26,320.00,273.26,320.00,273.26,320.00,273.26,0.00000,0.00000,0.00000,0.00000,0.00000,0.00000,0.00000,0.00000,0.00000,0.00000,0.00000,0.00000,0.00000,0.00000,0.00000,0.00000,0.00000,0.00000,0.00000,0.00000,0.00000,0.00000,0.00000,0.00000,0.00000,0.00000,0.00000,0.00000,0.00000,0.00000,0.00000,0.00000,0.00000,0.00000,0.00000,0.00000,0.00000,0.00000,0.00000,0.00000,0.00000,0.00000,0.00000,0.00000,0.00000,0.00000,0.00000,0.00000,0.00000,0.00000,0.00000,0.00000,0.00000,0.00000,0.00000,0.00000,0.00000,0.00000,0.00000,0.00000,0.00000,0.00000,0.00000,0.00000,0.00000,0.00000,0.00000,0.00000,0.00000,0.00000,0.00000,0.00000,0.00000,0.00000,0.00000,0.00000,0.00000,0.00000,0.00000,0.00000,0.00000,0.00000,0.00000,0.00000
0.1333,0,1,0.00,0.00,33.33,0.00000,0.03248,0.54128,0.53927,0.53927,1.3000,0,0,0.21961,-0.00098,0.06018,0.21953,-0.00098,0.06007,,,0.53927,0.00000,-0.20965,0.34635,1.43401,0.00000,1.00000,0.00000,-0.21000,0.34600,1.43400,0.00000,1.00000,12,0.21850,-0.07420,0.01494,0.25990,0.09410,0,0.98663,0.00000,0.00000,-0.16295,virtual,0,320.00,273.26,320.00,273.26,320.00,273.26,320.00,273.26,320.00,273.26,320.00,273.26,320.00,273.26,320.00,273.26,320.00,273.26,320.00,273.26,320.00,273.26,320.00,273.26,320.00,273.26,320.00,273.26,320.00,273.26,320.00,273.26,320.00,273.26,320.00,273.26,320.00,273.26,320.00,273.26,320.00,273.26,0.00000,0.00000,0.00000,0.00000,0.00000,0.00000,0.00000,0.00000,0.00000,0.00000,0.00000,0.00000,0.00000,0.00000,0.00000,0.00000,0.00000,0.00000,0.00000,0.00000,0.00000,0.00000,0.00000,0.00000,0.00000,0.00000,0.00000,0.00000,0.00000,0.00000,0.00000,0.00000,0.00000,0.00000,0.00000,0.00000,0.00000,0.00000,0.00000,0.00000,0.00000,0.00000,0.00000,0.00000,0.00000,0.00000,0.00000,0.00000,0.00000,0.00000,0.00000,0.00000,0.00000,0.00000,0.00000,0.00000,0.00000,0.00000,0.00000,0.00000,0.00000,0.00000,0.00000,0.00000,0.00000,0.00000,0.00000,0.00000,0.00000,0.00000,0.00000,0.00000,0.00000,0.00000,0.00000,0.00000,0.00000,0.00000,0.00000,0.00000,0.00000,0.00000,0.00000,0.00000
0.1667,0,1,0.00,0.00,33.33,0.00000,0.03253,0.54213,0.54297,0.54297,1.3000,0,0,0.21961,-0.00098,0.06018,0.21953,-0.00098,0.06007,,,0.54297,0.00000,-0.20964,0.34636,1.43401,-0.00000,1.00000,0.00000,-0.21000,0.34600,1.43400,0.00000,1.00000,12,0.21850,-0.07420,0.01494,0.25990,0.09410,0,0.98663,0.00000,0.00000,-0.16295,virtual,0,320.00,273.26,320.00,273.26,320.00,273.26,320.00,273.26,320.00,273.26,320.00,273.26,320.00,273.26,320.00,273.26,320.00,273.26,320.00,273.26,320.00,273.26,320.00,273.26,320.00,273.26,320.00,273.26,320.00,273.26,320.00,273.26,320.00,273.26,320.00,273.26,320.00,273.26,320.00,273.26,320.00,273.26,0.00000,0.00000,0.00000,0.00000,0.00000,0.00000,0.00000,0.00000,0.00000,0.00000,0.00000,0.00000,0.00000,0.00000,0.00000,0.00000,0.00000,0.00000,0.00000,0.00000,0.00000,0.00000,0.00000,0.00000,0.00000,0.00000,0.00000,0.00000,0.00000,0.00000,0.00000,0.00000,0.00000,0.00000,0.00000,0.00000,0.00000,0.00000,0.00000,0.00000,0.00000,0.00000,0.00000,0.00000,0.00000,0.00000,0.00000,0.00000,0.00000,0.00000,0.00000,0.00000,0.00000,0.00000,0.00000,0.00000,0.00000,0.00000,0.00000,0.00000,0.00000,0.00000,0.00000,0.00000,0.00000,0.00000,0.00000,0.00000,0.00000,0.00000,0.00000,0.00000,0.00000,0.00000,0.00000,0.00000,0.00000,0.00000,0.00000,0.00000,0.00000,0.00000,0.00000,0.00000
0.2000,0,1,0.00,0.00,33.33,0.00000,0.03260,0.54325,0.54438,0.54438,1.3000,0,0,0.21961,-0.00098,0.06018,0.21953,-0.00098,0.06007,,,0.54438,0.00000,-0.20964,0.34636,1.43401,-0.00000,1.00000,0.00000,-0.21000,0.34600,1.43400,0.00000,1.00000,12,0.21850,-0.07420,0.01494,0.25990,0.09410,0,0.98663,0.00000,0.00000,-0.16295,virtual,0,320.00,273.26,320.00,273.26,320.00,273.26,320.00,273.26,320.00,273.26,320.00,273.26,320.00,273.26,320.00,273.26,320.00,273.26,320.00,273.26,320.00,273.26,320.00,273.26,320.00,273.26,320.00,273.26,320.00,273.26,320.00,273.26,320.00,273.26,320.00,273.26,320.00,273.26,320.00,273.26,320.00,273.26,0.00000,0.00000,0.00000,0.00000,0.00000,0.00000,0.00000,0.00000,0.00000,0.00000,0.00000,0.00000,0.00000,0.00000,0.00000,0.00000,0.00000,0.00000,0.00000,0.00000,0.00000,0.00000,0.00000,0.00000,0.00000,0.00000,0.00000,0.00000,0.00000,0.00000,0.00000,0.00000,0.00000,0.00000,0.00000,0.00000,0.00000,0.00000,0.00000,0.00000,0.00000,0.00000,0.00000,0.00000,0.00000,0.00000,0.00000,0.00000,0.00000,0.00000,0.00000,0.00000,0.00000,0.00000,0.00000,0.00000,0.00000,0.00000,0.00000,0.00000,0.00000,0.00000,0.00000,0.00000,0.00000,0.00000,0.00000,0.00000,0.00000,0.00000,0.00000,0.00000,0.00000,0.00000,0.00000,0.00000,0.00000,0.00000,0.00000,0.00000,0.00000,0.00000,0.00000,0.00000
0.2333,0,1,0.00,0.00,33.33,0.00000,0.03261,0.54354,0.54383,0.54383,1.3000,0,0,0.21961,-0.00098,0.06018,0.21953,-0.00098,0.06007,,,0.54383,0.00000,-0.20964,0.34636,1.43401,0.00000,1.00000,0.00000,-0.21000,0.34600,1.43400,0.00000,1.00000,12,0.21850,-0.07420,0.01494,0.25990,0.09410,0,0.98663,0.00000,0.00000,-0.16295,virtual,0,320.00,273.26,320.00,273.26,320.00,273.26,320.00,273.26,320.00,273.26,320.00,273.26,320.00,273.26,320.00,273.26,320.00,273.26,320.00,273.26,320.00,273.26,320.00,273.26,320.00,273.26,320.00,273.26,320.00,273.26,320.00,273.26,320.00,273.26,320.00,273.26,320.00,273.26,320.00,273.26,320.00,273.26,0.00000,0.00000,0.00000,0.00000,0.00000,0.00000,0.00000,0.00000,0.00000,0.00000,0.00000,0.00000,0.00000,0.00000,0.00000,0.00000,0.00000,0.00000,0.00000,0.00000,0.00000,0.00000,0.00000,0.00000,0.00000,0.00000,0.00000,0.00000,0.00000,0.00000,0.00000,0.00000,0.00000,0.00000,0.00000,0.00000,0.00000,0.00000,0.00000,0.00000,0.00000,0.00000,0.00000,0.00000,0.00000,0.00000,0.00000,0.00000,0.00000,0.00000,0.00000,0.00000,0.00000,0.00000,0.00000,0.00000,0.00000,0.00000,0.00000,0.00000,0.00000,0.00000,0.00000,0.00000,0.00000,0.00000,0.00000,0.00000,0.00000,0.00000,0.00000,0.00000,0.00000,0.00000,0.00000,0.00000,0.00000,0.00000,0.00000,0.00000,0.00000,0.00000,0.00000,0.00000
0.2667,0,1,0.00,0.00,33.33,0.00000,0.03269,0.54476,0.54597,0.54597,1.3000,0,0,0.21961,-0.00098,0.06018,0.21953,-0.00098,0.06007,,,0.54597,0.00000,-0.20964,0.34636,1.43401,0.00000,1.00000,0.00000,-0.21000,0.34600,1.43400,0.00000,1.00000,12,0.21850,-0.07420,0.01494,0.25990,0.09410,0,0.98663,0.00000,0.00000,-0.16295,virtual,0,320.00,273.26,320.00,273.26,320.00,273.26,320.00,273.26,320.00,273.26,320.00,273.26,320.00,273.26,320.00,273.26,320.00,273.26,320.00,273.26,320.00,273.26,320.00,273.26,320.00,273.26,320.00,273.26,320.00,273.26,320.00,273.26,320.00,273.26,320.00,273.26,320.00,273.26,320.00,273.26,320.00,273.26,0.00000,0.00000,0.00000,0.00000,0.00000,0.00000,0.00000,0.00000,0.00000,0.00000,0.00000,0.00000,0.00000,0.00000,0.00000,0.00000,0.00000,0.00000,0.00000,0.00000,0.00000,0.00000,0.00000,0.00000,0.00000,0.00000,0.00000,0.00000,0.00000,0.00000,0.00000,0.00000,0.00000,0.00000,0.00000,0.00000,0.00000,0.00000,0.00000,0.00000,0.00000,0.00000,0.00000,0.00000,0.00000,0.00000,0.00000,0.00000,0.00000,0.00000,0.00000,0.00000,0.00000,0.00000,0.00000,0.00000,0.00000,0.00000,0.00000,0.00000,0.00000,0.00000,0.00000,0.00000,0.00000,0.00000,0.00000,0.00000,0.00000,0.00000,0.00000,0.00000,0.00000,0.00000,0.00000,0.00000,0.00000,0.00000,0.00000,0.00000,0.00000,0.00000,0.00000,0.00000
0.3000,0,1,0.00,0.00,33.33,0.00000,0.03276,0.54595,0.54714,0.54714,1.3000,0,0,0.21961,-0.00098,0.06018,0.21953,-0.00098,0.06007,,,0.54714,-0.00000,-0.20964,0.34636,1.43401,0.00000,1.00000,0.00000,-0.21000,0.34600,1.43400,0.00000,1.00000,12,0.21850,-0.07420,0.01494,0.25990,0.09410,0,0.98663,0.00000,0.00000,-0.16295,virtual,0,320.00,273.26,320.00,273.26,320.00,273.26,320.00,273.26,320.00,273.26,320.00,273.26,320.00,273.26,320.00,273.26,320.00,273.26,320.00,273.26,320.00,273.26,320.00,273.26,320.00,273.26,320.00,273.26,320.00,273.26,320.00,273.26,320.00,273.26,320.00,273.26,320.00,273.26,320.00,273.26,320.00,273.26,0.00000,0.00000,0.00000,0.00000,0.00000,0.00000,0.00000,0.00000,0.00000,0.00000,0.00000,0.00000,0.00000,0.00000,0.00000,0.00000,0.00000,0.00000,0.00000,0.00000,0.00000,0.00000,0.00000,0.00000,0.00000,0.00000,0.00000,0.00000,0.00000,0.00000,0.00000,0.00000,0.00000,0.00000,0.00000,0.00000,0.00000,0.00000,0.00000,0.00000,0.00000,0.00000,0.00000,0.00000,0.00000,0.00000,0.00000,0.00000,0.00000,0.00000,0.00000,0.00000,0.00000,0.00000,0.00000,0.00000,0.00000,0.00000,0.00000,0.00000,0.00000,0.00000,0.00000,0.00000,0.00000,0.00000,0.00000,0.00000,0.00000,0.00000,0.00000,0.00000,0.00000,0.00000,0.00000,0.00000,0.00000,0.00000,0.00000,0.00000,0.00000,0.00000,0.00000,0.00000
0.3333,0,1,0.00,0.00,33.33,0.00000,0.03269,0.54489,0.54383,0.54383,1.3000,0,0,0.21961,-0.00098,0.06018,0.21953,-0.00098,0.06007,,,0.54383,-0.00000,-0.20964,0.34636,1.43401,0.00000,1.00000,0.00000,-0.21000,0.34600,1.43400,0.00000,1.00000,12,0.21850,-0.07420,0.01494,0.25990,0.09410,0,0.98663,0.00000,0.00000,-0.16295,virtual,0,320.00,273.26,320.00,273.26,320.00,273.26,320.00,273.26,320.00,273.26,320.00,273.26,320.00,273.26,320.00,273.26,320.00,273.26,320.00,273.26,320.00,273.26,320.00,273.26,320.00,273.26,320.00,273.26,320.00,273.26,320.00,273.26,320.00,273.26,320.00,273.26,320.00,273.26,320.00,273.26,320.00,273.26,0.00000,0.00000,0.00000,0.00000,0.00000,0.00000,0.00000,0.00000,0.00000,0.00000,0.00000,0.00000,0.00000,0.00000,0.00000,0.00000,0.00000,0.00000,0.00000,0.00000,0.00000,0.00000,0.00000,0.00000,0.00000,0.00000,0.00000,0.00000,0.00000,0.00000,0.00000,0.00000,0.00000,0.00000,0.00000,0.00000,0.00000,0.00000,0.00000,0.00000,0.00000,0.00000,0.00000,0.00000,0.00000,0.00000,0.00000,0.00000,0.00000,0.00000,0.00000,0.00000,0.00000,0.00000,0.00000,0.00000,0.00000,0.00000,0.00000,0.00000,0.00000,0.00000,0.00000,0.00000,0.00000,0.00000,0.00000,0.00000,0.00000,0.00000,0.00000,0.00000,0.00000,0.00000,0.00000,0.00000,0.00000,0.00000,0.00000,0.00000,0.00000,0.00000,0.00000,0.00000
0.3667,0,1,0.00,0.00,33.33,0.00000,0.03265,0.54409,0.54329,0.54329,1.3000,0,0,0.21961,-0.00098,0.06018,0.21953,-0.00098,0.06007,,,0.54329,-0.00000,-0.20964,0.34636,1.43401,0.00000,1.00000,0.00000,-0.21000,0.34600,1.43400,0.00000,1.00000,12,0.21850,-0.07420,0.01494,0.25990,0.09410,0,0.98663,0.00000,0.00000,-0.16295,virtual,0,320.00,273.26,320.00,273.26,320.00,273.26,320.00,273.26,320.00,273.26,320.00,273.26,320.00,273.26,320.00,273.26,320.00,273.26,320.00,273.26,320.00,273.26,320.00,273.26,320.00,273.26,320.00,273.26,320.00,273.26,320.00,273.26,320.00,273.26,320.00,273.26,320.00,273.26,320.00,273.26,320.00,273.26,0.00000,0.00000,0.00000,0.00000,0.00000,0.00000,0.00000,0.00000,0.00000,0.00000,0.00000,0.00000,0.00000,0.00000,0.00000,0.00000,0.00000,0.00000,0.00000,0.00000,0.00000,0.00000,0.00000,0.00000,0.00000,0.00000,0.00000,0.00000,0.00000,0.00000,0.00000,0.00000,0.00000,0.00000,0.00000,0.00000,0.00000,0.00000,0.00000,0.00000,0.00000,0.00000,0.00000,0.00000,0.00000,0.00000,0.00000,0.00000,0.00000,0.00000,0.00000,0.00000,0.00000,0.00000,0.00000,0.00000,0.00000,0.00000,0.00000,0.00000,0.00000,0.00000,0.00000,0.00000,0.00000,0.00000,0.00000,0.00000,0.00000,0.00000,0.00000,0.00000,0.00000,0.00000,0.00000,0.00000,0.00000,0.00000,0.00000,0.00000,0.00000,0.00000,0.00000,0.00000
0.4000,1,1,0.00,0.00,33.33,0.00000,0.03270,0.54495,0.54581,0.54581,1.3000,0,0,0.21961,-0.00098,0.06018,0.21953,-0.00098,0.06007,,,0.54581,-0.00000,-0.20964,0.34636,1.43401,0.00000,1.00000,0.00000,-0.21000,0.34600,1.43400,0.00000,1.00000,12,0.21850,-0.07420,0.01494,0.25990,0.09410,0,0.98663,0.00000,0.00000,-0.16295,virtual,0,320.00,273.26,320.00,273.26,320.00,273.26,320.00,273.26,320.00,273.26,320.00,273.26,320.00,273.26,320.00,273.26,320.00,273.26,320.00,273.26,320.00,273.26,320.00,273.26,320.00,273.26,320.00,273.26,320.00,273.26,320.00,273.26,320.00,273.26,320.00,273.26,320.00,273.26,320.00,273.26,320.00,273.26,0.00000,0.00000,0.00000,0.00000,0.00000,0.00000,0.00000,0.00000,0.00000,0.00000,0.00000,0.00000,0.00000,0.00000,0.00000,0.00000,0.00000,0.00000,0.00000,0.00000,0.00000,0.00000,0.00000,0.00000,0.00000,0.00000,0.00000,0.00000,0.00000,0.00000,0.00000,0.00000,0.00000,0.00000,0.00000,0.00000,0.00000,0.00000,0.00000,0.00000,0.00000,0.00000,0.00000,0.00000,0.00000,0.00000,0.00000,0.00000,0.00000,0.00000,0.00000,0.00000,0.00000,0.00000,0.00000,0.00000,0.00000,0.00000,0.00000,0.00000,0.00000,0.00000,0.00000,0.00000,0.00000,0.00000,0.00000,0.00000,0.00000,0.00000,0.00000,0.00000,0.00000,0.00000,0.00000,0.00000,0.00000,0.00000,0.00000,0.00000,0.00000,0.00000,0.00000,0.00000
0.4333,1,1,0.00,0.00,33.33,0.00214,0.03229,0.54300,0.54105,0.54105,1.3000,0,0,0.21995,-0.00312,0.06042,0.21987,-0.00338,0.06036,0.15,0.00,0.54105,0.01324,-0.20691,0.34139,1.43611,0.00001,1.00000,0.01102,-0.20633,0.34045,1.43663,0.00000,1.00000,12,0.21850,-0.07420,0.01494,0.25990,0.09410,0,0.98663,0.00000,0.00000,-0.16295,virtual,0,324.39,272.65,324.39,272.65,324.39,272.65,324.39,272.65,324.39,272.65,324.39,272.65,324.39,272.65,324.39,272.65,324.39,272.65,324.39,272.65,324.39,272.65,324.39,272.65,324.39,272.65,324.39,272.65,324.39,272.65,324.39,272.65,324.39,272.65,324.39,272.65,324.39,272.65,324.39,272.65,324.39,272.65,0.00000,0.00000,0.00000,0.00000,0.00000,0.00000,0.00000,0.00000,0.00000,0.00000,0.00000,0.00000,0.00000,0.00000,0.00000,0.00000,0.00000,0.00000,0.00000,0.00000,0.00000,0.00000,0.00000,0.00000,0.00000,0.00000,0.00000,0.00000,0.00000,0.00000,0.00000,0.00000,0.00000,0.00000,0.00000,0.00000,0.00000,0.00000,0.00000,0.00000,0.00000,0.00000,0.00000,0.00000,0.00000,0.00000,0.00000,0.00000,0.00000,0.00000,0.00000,0.00000,0.00000,0.00000,0.00000,0.00000,0.00000,0.00000,0.00000,0.00000,0.00000,0.00000,0.00000,0.00000,0.00000,0.00000,0.00000,0.00000,0.00000,0.00000,0.00000,0.00000,0.00000,0.00000,0.00000,0.00000,0.00000,0.00000,0.00000,0.00000,0.00000,0.00000,0.00000,0.00000
0.4667,1,1,0.00,0.00,33.33,0.00538,0.03185,0.54322,0.54345,0.54345,1.3000,0,0,0.21983,-0.00636,0.06085,0.21978,-0.00711,0.06067,0.24,0.00,0.54345,0.03389,-0.20639,0.33852,1.43889,-0.00000,1.00000,0.02837,-0.20669,0.33786,1.43961,0.00000,1.00000,12,0.21850,-0.07420,0.01494,0.25990,0.09410,0,0.98663,0.00000,-0.00000,-0.16295,virtual,0,328.78,272.04,328.78,272.04,328.78,272.04,328.78,272.04,328.78,272.04,328.78,272.04,328.78,272.04,328.78,272.04,328.78,272.04,328.78,272.04,328.78,272.04,328.78,272.04,328.78,272.04,328.78,272.04,328.78,272.04,328.78,272.04,328.78,272.04,328.78,272.04,328.78,272.04,328.78,272.04,328.78,272.04,0.00000,0.00000,0.00000,0.00000,0.00000,0.00000,0.00000,0.00000,0.00000,0.00000,0.00000,0.00000,0.00000,0.00000,0.00000,0.00000,0.00000,0.00000,0.00000,0.00000,0.00000,0.00000,0.00000,0.00000,0.00000,0.00000,0.00000,0.00000,0.00000,0.00000,0.00000,0.00000,0.00000,0.00000,0.00000,0.00000,0.00000,0.00000,0.00000,0.00000,0.00000,0.00000,0.00000,0.00000,0.00000,0.00000,0.00000,0.00000,0.00000,0.00000,0.00000,0.00000,0.00000,0.00000,0.00000,0.00000,0.00000,0.00000,0.00000,0.00000,0.00000,0.00000,0.00000,0.00000,0.00000,0.00000,0.00000,0.00000,0.00000,0.00000,0.00000,0.00000,0.00000,0.00000,0.00000,0.00000,0.00000,0.00000,0.00000,0.00000,0.00000,0.00000,0.00000,0.00000
0.5000,1,1,0.00,0.00,33.33,0.00919,0.03144,0.54521,0.54720,0.54720,1.3000,0,0,0.21884,-0.01017,0.06126,0.21896,-0.01106,0.06131,0.32,0.00,0.54720,0.05589,-0.21403,0.34178,1.44196,-0.00000,1.00000,0.04929,-0.21354,0.34220,1.44216,0.00000,1.00000,12,0.21850,-0.07420,0.01494,0.25990,0.09410,0,0.98663,0.00000,0.00000,-0.16295,virtual,0,333.17,271.43,333.17,271.43,333.17,271.43,333.17,271.43,333.17,271.43,333.17,271.43,333.17,271.43,333.17,271.43,333.17,271.43,333.17,271.43,333.17,271.43,333.17,271.43,333.17,271.43,333.17,271.43,333.17,271.43,333.17,271.43,333.17,271.43,333.17,271.43,333.17,271.43,333.17,271.43,333.17,271.43,0.00000,0.00000,0.00000,0.00000,0.00000,0.00000,0.00000,0.00000,0.00000,0.00000,0.00000,0.00000,0.00000,0.00000,0.00000,0.00000,0.00000,0.00000,0.00000,0.00000,0.00000,0.00000,0.00000,0.00000,0.00000,0.00000,0.00000,0.00000,0.00000,0.00000,0.00000,0.00000,0.00000,0.00000,0.00000,0.00000,0.00000,0.00000,0.00000,0.00000,0.00000,0.00000,0.00000,0.00000,0.00000,0.00000,0.00000,0.00000,0.00000,0.00000,0.00000,0.00000,0.00000,0.00000,0.00000,0.00000,0.00000,0.00000,0.00000,0.00000,0.00000,0.00000,0.00000,0.00000,0.00000,0.00000,0.00000,0.00000,0.00000,0.00000,0.00000,0.00000,0.00000,0.00000,0.00000,0.00000,0.00000,0.00000,0.00000,0.00000,0.00000,0.00000,0.00000,0.00000
0.5333,1,1,0.00,0.00,33.33,0.01327,0.03094,0.54641,0.54760,0.54760,1.3000,0,0,0.21824,-0.01424,0.06176,0.21818,-0.01492,0.06155,0.33,0.00,0.54760,0.07754,-0.21651,0.34239,1.44530,-0.00000,1.00000,0.07199,-0.21701,0.34197,1.44583,0.00000,1.00000,12,0.21850,-0.07420,0.01494,0.25990,0.09410,0,0.98663,0.00000,0.00000,-0.16295,virtual,0,337.55,270.82,337.55,270.82,337.55,270.82,337.55,270.82,337.55,270.82,337.55,270.82,337.55,270.82,337.55,270.82,337.55,270.82,337.55,270.82,337.55,270.82,337.55,270.82,337.55,270.82,337.55,270.82,337.55,270.82,337.55,270.82,337.55,270.82,337.55,270.82,337.55,270.82,337.55,270.82,337.55,270.82,0.00000,0.00000,0.00000,0.00000,0.00000,0.00000,0.00000,0.00000,0.00000,0.00000,0.00000,0.00000,0.00000,0.00000,0.00000,0.00000,0.00000,0.00000,0.00000,0.00000,0.00000,0.00000,0.00000,0.00000,0.00000,0.00000,0.00000,0.00000,0.00000,0.00000,0.00000,0.00000,0.00000,0.00000,0.00000,0.00000,0.00000,0.00000,0.00000,0.00000,0.00000,0.00000,0.00000,0.00000,0.00000,0.00000,0.00000,0.00000,0.00000,0.00000,0.00000,0.00000,0.00000,0.00000,0.00000,0.00000,0.00000,0.00000,0.00000,0.00000,0.00000,0.00000,0.00000,0.00000,0.00000,0.00000,0.00000,0.00000,0.00000,0.00000,0.00000,0.00000,0.00000,0.00000,0.00000,0.00000,0.00000,0.00000,0.00000,0.00000,0.00000,0.00000,0.00000,0.00000
0.5667,1,1,0.00,0.00,33.33,0.01748,0.03040,0.54718,0.54795,0.54795,1.3000,0,0,0.21786,-0.01846,0.06230,0.21769,-0.01936,0.06209,0.33,0.00,0.54795,0.10240,-0.21755,0.33940,1.44925,-0.00000,1.00000,0.09548,-0.21770,0.33850,1.44998,0.00000,1.00000,12,0.21850,-0.07420,0.01494,0.25990,0.09410,0,0.98663,0.00000,0.00000,-0.16295,virtual,0,341.94,270.19,341.94,270.19,341.94,270.19,341.94,270.19,341.94,270.19,341.94,270.19,341.94,270.19,341.94,270.19,341.94,270.19,341.94,270.19,341.94,270.19,341.94,270.19,341.94,270.19,341.94,270.19,341.94,270.19,341.94,270.19,341.94,270.19,341.94,270.19,341.94,270.19,341.94,270.19,341.94,270.19,0.00000,0.00000,0.00000,0.00000,0.00000,0.00000,0.00000,0.00000,0.00000,0.00000,0.00000,0.00000,0.00000,0.00000,0.00000,0.00000,0.00000,0.00000,0.00000,0.00000,0.00000,0.00000,0.00000,0.00000,0.00000,0.00000,0.00000,0.00000,0.00000,0.00000,0.00000,0.00000,0.00000,0.00000,0.00000,0.00000,0.00000,0.00000,0.00000,0.00000,0.00000,0.00000,0.00000,0.00000,0.00000,0.00000,0.00000,0.00000,0.00000,0.00000,0.00000,0.00000,0.00000,0.00000,0.00000,0.00000,0.00000,0.00000,0.00000,0.00000,0.00000,0.00000,0.00000,0.00000,0.00000,0.00000,0.00000,0.00000,0.00000,0.00000,0.00000,0.00000,0.00000,0.00000,0.00000,0.00000,0.00000,0.00000,0.00000,0.00000,0.00000,0.00000,0.00000,0.00000
0.6000,1,1,0.00,0.00,33.33,0.02168,0.02973,0.54596,0.54474,0.54474,1.3000,0,0,0.21846,-0.02266,0.06297,0.21851,-0.02357,0.06287,0.31,0.01,0.54474,0.12504,-0.20694,0.32278,1.45515,-0.00000,1.00000,0.11844,-0.20962,0.32488,1.45544,0.00000,1.00000,12,0.21850,-0.07420,0.01494,0.25990,0.09410,0,0.98663,0.00000,0.00000,-0.16295,virtual,0,346.33,269.57,346.33,269.57,346.33,269.57,346.33,269.57,346.33,269.57,346.33,269.57,346.33,269.57,346.33,269.57,346.33,269.57,346.33,269.57,346.33,269.57,346.33,269.57,346.33,269.57,346.33,269.57,346.33,269.57,346.33,269.57,346.33,269.57,346.33,269.57,346.33,269.57,346.33,269.57,346.33,269.57,0.00000,0.00000,0.00000,0.00000,0.00000,0.00000,0.00000,0.00000,0.00000,0.00000,0.00000,0.00000,0.00000,0.00000,0.00000,0.00000,0.00000,0.00000,0.00000,0.00000,0.00000,0.00000,0.00000,0.00000,0.00000,0.00000,0.00000,0.00000,0.00000,0.00000,0.00000,0.00000,0.00000,0.00000,0.00000,0.00000,0.00000,0.00000,0.00000,0.00000,0.00000,0.00000,0.00000,0.00000,0.00000,0.00000,0.00000,0.00000,0.00000,0.00000,0.00000,0.00000,0.00000,0.00000,0.00000,0.00000,0.00000,0.00000,0.00000,0.00000,0.00000,0.00000,0.00000,0.00000,0.00000,0.00000,0.00000,0.00000,0.00000,0.00000,0.00000,0.00000,0.00000,0.00000,0.00000,0.00000,0.00000,0.00000,0.00000,0.00000,0.00000,0.00000,0.00000,0.00000
0.6333,1,1,0.00,0.00,33.33,0.02586,0.02902,0.54402,0.54208,0.54208,1.3000,0,0,0.21944,-0.02684,0.06368,0.21951,-0.02756,0.06356,0.30,0.01,0.54208,0.14603,-0.19487,0.30516,1.46014,-0.00000,1.00000,0.14068,-0.19728,0.30668,1.46127,0.00000,1.00000,12,0.21850,-0.07420,0.01494,0.25990,0.09410,0,0.98663,0.00000,0.00000,-0.16295,virtual,0,350.72,268.95,350.72,268.95,350.72,268.95,350.72,268.95,350.72,268.95,350.72,268.95,350.72,268.95,350.72,268.95,350.72,268.95,350.72,268.95,350.72,268.95,350.72,268.95,350.72,268.95,350.72,268.95,350.72,268.95,350.72,268.95,350.72,268.95,350.72,268.95,350.72,268.95,350.72,268.95,350.72,268.95,0.00000,0.00000,0.00000,0.00000,0.00000,0.00000,0.00000,0.00000,0.00000,0.00000,0.00000,0.00000,0.00000,0.00000,0.00000,0.00000,0.00000,0.00000,0.00000,0.00000,0.00000,0.00000,0.00000,0.00000,0.00000,0.00000,0.00000,0.00000,0.00000,0.00000,0.00000,0.00000,0.00000,0.00000,0.00000,0.00000,0.00000,0.00000,0.00000,0.00000,0.00000,0.00000,0.00000,0.00000,0.00000,0.00000,0.00000,0.00000,0.00000,0.00000,0.00000,0.00000,0.00000,0.00000,0.00000,0.00000,0.00000,0.00000,0.00000,0.00000,0.00000,0.00000,0.00000,0.00000,0.00000,0.00000,0.00000,0.00000,0.00000,0.00000,0.00000,0.00000,0.00000,0.00000,0.00000,0.00000,0.00000,0.00000,0.00000,0.00000,0.00000,0.00000,0.00000,0.00000
0.6667,1,1,0.00,0.00,33.33,0.03010,0.02837,0.54314,0.54227,0.54227,1.3000,0,0,0.21987,-0.03108,0.06433,0.22003,-0.03204,0.06452,0.30,0.01,0.54227,0.16969,-0.18739,0.29036,1.46550,-0.00000,1.00000,0.16315,-0.18794,0.29218,1.46646,0.00000,1.00000,12,0.21850,-0.07420,0.01494,0.25990,0.09410,0,0.98663,0.00000,0.00000,-0.16295,virtual,0,355.10,268.34,355.10,268.34,355.10,268.34,355.10,268.34,355.10,268.34,355.10,268.34,355.10,268.34,355.10,268.34,355.10,268.34,355.10,268.34,355.10,268.34,355.10,268.34,355.10,268.34,355.10,268.34,355.10,268.34,355.10,268.34,355.10,268.34,355.10,268.34,355.10,268.34,355.10,268.34,355.10,268.34,0.00000,0.00000,0.00000,0.00000,0.00000,0.00000,0.00000,0.00000,0.00000,0.00000,0.00000,0.00000,0.00000,0.00000,0.00000,0.00000,0.00000,0.00000,0.00000,0.00000,0.00000,0.00000,0.00000,0.00000,0.00000,0.00000,0.00000,0.00000,0.00000,0.00000,0.00000,0.00000,0.00000,0.00000,0.00000,0.00000,0.00000,0.00000,0.00000,0.00000,0.00000,0.00000,0.00000,0.00000,0.00000,0.00000,0.00000,0.00000,0.00000,0.00000,0.00000,0.00000,0.00000,0.00000,0.00000,0.00000,0.00000,0.00000,0.00000,0.00000,0.00000,0.00000,0.00000,0.00000,0.00000,0.00000,0.00000,0.00000,0.00000,0.00000,0.00000,0.00000,0.00000,0.00000,0.00000,0.00000,0.00000,0.00000,0.00000,0.00000,0.00000,0.00000,0.00000,0.00000
0.7000,1,1,0.00,0.00,33.33,0.03438,0.02778,0.54314,0.54313,0.54313,1.3000,0,0,0.21988,-0.03536,0.06492,0.21979,-0.03632,0.06485,0.30,0.00,0.54313,0.19278,-0.17974,0.27971,1.47073,0.00000,1.00000,0.18601,-0.18136,0.28097,1.47111,0.00000,1.00000,12,0.21850,-0.07420,0.01494,0.25990,0.09410,0,0.98663,0.00000,0.00000,-0.16295,virtual,0,359.46,267.75,359.46,267.75,359.46,267.75,359.46,267.75,359.46,267.75,359.46,267.75,359.46,267.75,359.46,267.75,359.46,267.75,359.46,267.75,359.46,267.75,359.46,267.75,359.46,267.75,359.46,267.75,359.46,267.75,359.46,267.75,359.46,267.75,359.46,267.75,359.46,267.75,359.46,267.75,359.46,267.75,0.00000,0.00000,0.00000,0.00000,0.00000,0.00000,0.00000,0.00000,0.00000,0.00000,0.00000,0.00000,0.00000,0.00000,0.00000,0.00000,0.00000,0.00000,0.00000,0.00000,0.00000,0.00000,0.00000,0.00000,0.00000,0.00000,0.00000,0.00000,0.00000,0.00000,0.00000,0.00000,0.00000,0.00000,0.00000,0.00000,0.00000,0.00000,0.00000,0.00000,0.00000,0.00000,0.00000,0.00000,0.00000,0.00000,0.00000,0.00000,0.00000,0.00000,0.00000,0.00000,0.00000,0.00000,0.00000,0.00000,0.00000,0.00000,0.00000,0.00000,0.00000,0.00000,0.00000,0.00000,0.00000,0.00000,0.00000,0.00000,0.00000,0.00000,0.00000,0.00000,0.00000,0.00000,0.00000,0.00000,0.00000,0.00000,0.00000,0.00000,0.00000,0.00000,0.00000,0.00000
0.7333,1,1,0.00,0.00,33.33,0.03873,0.02723,0.54402,0.54491,0.54491,1.3000,0,0,0.21943,-0.03971,0.06547,0.21923,-0.04052,0.06541,0.31,0.00,0.54491,0.21568,-0.17760,0.27332,1.47470,0.00000,0.99999,0.20950,-0.17754,0.27295,1.47533,0.00000,1.00000,12,0.21850,-0.07420,0.01494,0.25990,0.09410,0,0.98663,0.00000,0.00000,-0.16295,virtual,0,363.82,267.14,363.82,267.14,363.82,267.14,363.82,267.14,363.82,267.14,363.82,267.14,363.82,267.14,363.82,267.14,363.82,267.14,363.82,267.14,363.82,267.14,363.82,267.14,363.82,267.14,363.82,267.14,363.82,267.14,363.82,267.14,363.82,267.14,363.82,267.14,363.82,267.14,363.82,267.14,363.82,267.14,0.00000,0.00000,0.00000,0.00000,0.00000,0.00000,0.00000,0.00000,0.00000,0.00000,0.00000,0.00000,0.00000,0.00000,0.00000,0.00000,0.00000,0.00000,0.00000,0.00000,0.00000,0.00000,0.00000,0.00000,0.00000,0.00000,0.00000,0.00000,0.00000,0.00000,0.00000,0.00000,0.00000,0.00000,0.00000,0.00000,0.00000,0.00000,0.00000,0.00000,0.00000,0.00000,0.00000,0.00000,0.00000,0.00000,0.00000,0.00000,0.00000,0.00000,0.00000,0.00000,0.00000,0.00000,0.00000,0.00000,0.00000,0.00000,0.00000,0.00000,0.00000,0.00000,0.00000,0.00000,0.00000,0.00000,0.00000,0.00000,0.00000,0.00000,0.00000,0.00000,0.00000,0.00000,0.00000,0.00000,0.00000,0.00000,0.00000,0.00000,0.00000,0.00000,0.00000,0.00000
0.7667,1,1,0.00,0.00,33.33,0.04307,0.02666,0.54459,0.54515,0.54515,1.3000,0,0,0.21915,-0.04405,0.06604,0.21907,-0.04499,0.06619,0.31,0.00,0.54515,0.23938,-0.17265,0.26242,1.47903,0.00000,0.99999,0.23270,-0.17189,0.26269,1.47993,0.00000,1.00000,12,0.21850,-0.07420,0.01494,0.25990,0.09410,0,0.98663,0.00000,0.00000,-0.16295,virtual,0,368.19,266.53,368.19,266.53,368.19,266.53,368.19,266.53,368.19,266.53,368.19,266.53,368.19,266.53,368.19,266.53,368.19,266.53,368.19,266.53,368.19,266.53,368.19,266.53,368.19,266.53,368.19,266.53,368.19,266.53,368.19,266.53,368.19,266.53,368.19,266.53,368.19,266.53,368.19,266.53,368.19,266.53,0.00000,0.00000,0.00000,0.00000,0.00000,0.00000,0.00000,0.00000,0.00000,0.00000,0.00000,0.00000,0.00000,0.00000,0.00000,0.00000,0.00000,0.00000,0.00000,0.00000,0.00000,0.00000,0.00000,0.00000,0.00000,0.00000,0.00000,0.00000,0.00000,0.00000,0.00000,0.00000,0.00000,0.00000,0.00000,0.00000,0.00000,0.00000,0.00000,0.00000,0.00000,0.00000,0.00000,0.00000,0.00000,0.00000,0.00000,0.00000,0.00000,0.00000,0.00000,0.00000,0.00000,0.00000,0.00000,0.00000,0.00000,0.00000,0.00000,0.00000,0.00000,0.00000,0.00000,0.00000,0.00000,0.00000,0.00000,0.00000,0.00000,0.00000,0.00000,0.00000,0.00000,0.00000,0.00000,0.00000,0.00000,0.00000,0.00000,0.00000,0.00000,0.00000,0.00000,0.00000
0.8000,1,1,0.00,0.00,33.33,0.04744,0.02612,0.54547,0.54636,0.54636,1.3000,0,0,0.21871,-0.04842,0.06658,0.21860,-0.04936,0.06661,0.31,0.00,0.54636,0.26273,-0.16558,0.25170,1.48386,0.00000,0.99999,0.25608,-0.16646,0.25288,1.48431,0.00000,1.00000,12,0.21850,-0.07420,0.01494,0.25990,0.09410,0,0.98663,-0.00000,0.00000,-0.16295,virtual,0,372.56,265.95,372.56,265.95,372.56,265.95,372.56,265.95,372.56,265.95,372.56,265.95,372.56,265.95,372.56,265.95,372.56,265.95,372.56,265.95,372.56,265.95,372.56,265.95,372.56,265.95,372.56,265.95,372.56,265.95,372.56,265.95,372.56,265.95,372.56,265.95,372.56,265.95,372.56,265.95,372.56,265.95,0.00000,0.00000,0.00000,0.00000,0.00000,0.00000,0.00000,0.00000,0.00000,0.00000,0.00000,0.00000,0.00000,0.00000,0.00000,0.00000,0.00000,0.00000,0.00000,0.00000,0.00000,0.00000,0.00000,0.00000,0.00000,0.00000,0.00000,0.00000,0.00000,0.00000,0.00000,0.00000,0.00000,0.00000,0.00000,0.00000,0.00000,0.00000,0.00000,0.00000,0.00000,0.00000,0.00000,0.00000,0.00000,0.00000,0.00000,0.00000,0.00000,0.00000,0.00000,0.00000,0.00000,0.00000,0.00000,0.00000,0.00000,0.00000,0.00000,0.00000,0.00000,0.00000,0.00000,0.00000,0.00000,0.00000,0.00000,0.00000,0.00000,0.00000,0.00000,0.00000,0.00000,0.00000,0.00000,0.00000,0.00000,0.00000,0.00000,0.00000,0.00000,0.00000,0.00000,0.00000
0.8333,1,1,0.00,0.00,33.33,0.05168,0.02551,0.54492,0.54436,0.54436,1.3000,0,0,0.21899,-0.05266,0.06719,0.21913,-0.05344,0.06704,0.29,0.01,0.54436,0.28293,-0.15112,0.23289,1.48865,0.00000,1.00000,0.27778,-0.15500,0.23587,1.48981,0.00000,1.00000,12,0.21850,-0.07420,0.01494,0.25990,0.09410,0,0.98663,-0.00000,-0.00000,-0.16295,virtual,0,376.94,265.35,376.94,265.35,376.94,265.35,376.94,265.35,376.94,265.35,376.94,265.35,376.94,265.35,376.94,265.35,376.94,265.35,376.94,265.35,376.94,265.35,376.94,265.35,376.94,265.35,376.94,265.35,376.94,265.35,376.94,265.35,376.94,265.35,376.94,265.35,376.94,265.35,376.94,265.35,376.94,265.35,0.00000,0.00000,0.00000,0.00000,0.00000,0.00000,0.00000,0.00000,0.00000,0.00000,0.00000,0.00000,0.00000,0.00000,0.00000,0.00000,0.00000,0.00000,0.00000,0.00000,0.00000,0.00000,0.00000,0.00000,0.00000,0.00000,0.00000,0.00000,0.00000,0.00000,0.00000,0.00000,0.00000,0.00000,0.00000,0.00000,0.00000,0.00000,0.00000,0.00000,0.00000,0.00000,0.00000,0.00000,0.00000,0.00000,0.00000,0.00000,0.00000,0.00000,0.00000,0.00000,0.00000,0.00000,0.00000,0.00000,0.00000,0.00000,0.00000,0.00000,0.00000,0.00000,0.00000,0.00000,0.00000,0.00000,0.00000,0.00000,0.00000,0.00000,0.00000,0.00000,0.00000,0.00000,0.00000,0.00000,0.00000,0.00000,0.00000,0.00000,0.00000,0.00000,0.00000,0.00000
0.8667,1,1,0.00,0.00,33.33,0.05608,0.02495,0.54600,0.54708,0.54708,1.3000,0,0,0.21844,-0.05706,0.06775,0.21816,-0.05799,0.06773,0.30,0.00,0.54708,0.30756,-0.14846,0.22500,1.49334,0.00000,1.00000,0.30090,-0.14822,0.22456,1.49438,0.00000,1.00000,12,0.21850,-0.07420,0.01494,0.25990,0.09410,0,0.98663,-0.00000,-0.00000,-0.16295,virtual,0,381.28,264.72,381.28,264.72,381.28,264.72,381.28,264.72,381.28,264.72,381.28,264.72,381.28,264.72,381.28,264.72,381.28,264.72,381.28,264.72,381.28,264.72,381.28,264.72,381.28,264.72,381.28,264.72,381.28,264.72,381.28,264.72,381.28,264.72,381.28,264.72,381.28,264.72,381.28,264.72,381.28,264.72,0.00000,0.00000,0.00000,0.00000,0.00000,0.00000,0.00000,0.00000,0.00000,0.00000,0.00000,0.00000,0.00000,0.00000,0.00000,0.00000,0.00000,0.00000,0.00000,0.00000,0.00000,0.00000,0.00000,0.00000,0.00000,0.00000,0.00000,0.00000,0.00000,0.00000,0.00000,0.00000,0.00000,0.00000,0.00000,0.00000,0.00000,0.00000,0.00000,0.00000,0.00000,0.00000,0.00000,0.00000,0.00000,0.00000,0.00000,0.00000,0.00000,0.00000,0.00000,0.00000,0.00000,0.00000,0.00000,0.00000,0.00000,0.00000,0.00000,0.00000,0.00000,0.00000,0.00000,0.00000,0.00000,0.00000,0.00000,0.00000,0.00000,0.00000,0.00000,0.00000,0.00000,0.00000,0.00000,0.00000,0.00000,0.00000,0.00000,0.00000,0.00000,0.00000,0.00000,0.00000
0.9000,1,1,0.00,0.00,33.33,0.06027,0.02431,0.54496,0.54391,0.54391,1.3000,0,0,0.21897,-0.06125,0.06840,0.21875,-0.06200,0.06758,0.28,0.01,0.54391,0.32672,-0.12517,0.20017,1.50027,-0.00000,1.00000,0.32138,-0.13346,0.20347,1.50063,0.00000,1.00000,12,0.21850,-0.07420,0.01494,0.25990,0.09410,0,0.98663,-0.00000,-0.00000,-0.16295,virtual,0,385.68,264.11,385.68,264.11,385.68,264.11,385.68,264.11,385.68,264.11,385.68,264.11,385.68,264.11,385.68,264.11,385.68,264.11,385.68,264.11,385.68,264.11,385.68,264.11,385.68,264.11,385.68,264.11,385.68,264.11,385.68,264.11,385.68,264.11,385.68,264.11,385.68,264.11,385.68,264.11,385.68,264.11,0.00000,0.00000,0.00000,0.00000,0.00000,0.00000,0.00000,0.00000,0.00000,0.00000,0.00000,0.00000,0.00000,0.00000,0.00000,0.00000,0.00000,0.00000,0.00000,0.00000,0.00000,0.00000,0.00000,0.00000,0.00000,0.00000,0.00000,0.00000,0.00000,0.00000,0.00000,0.00000,0.00000,0.00000,0.00000,0.00000,0.00000,0.00000,0.00000,0.00000,0.00000,0.00000,0.00000,0.00000,0.00000,0.00000,0.00000,0.00000,0.00000,0.00000,0.00000,0.00000,0.00000,0.00000,0.00000,0.00000,0.00000,0.00000,0.00000,0.00000,0.00000,0.00000,0.00000,0.00000,0.00000,0.00000,0.00000,0.00000,0.00000,0.00000,0.00000,0.00000,0.00000,0.00000,0.00000,0.00000,0.00000,0.00000,0.00000,0.00000,0.00000,0.00000,0.00000,0.00000
0.9333,1,1,0.00,0.00,33.33,0.06460,0.02360,0.54542,0.54589,0.54589,1.3000,0,0,0.21873,-0.06558,0.06910,0.21831,-0.06650,0.06914,0.28,0.01,0.54589,0.34975,-0.12370,0.18746,1.50600,0.00000,1.00000,0.34313,-0.12274,0.18661,1.50680,0.00000,1.00000,12,0.21850,-0.07420,0.01494,0.25990,0.09410,0,0.98663,-0.00000,-0.00000,-0.16295,virtual,0,389.99,263.24,389.99,263.24,389.99,263.24,389.99,263.24,389.99,263.24,389.99,263.24,389.99,263.24,389.99,263.24,389.99,263.24,389.99,263.24,389.99,263.24,389.99,263.24,389.99,263.24,389.99,263.24,389.99,263.24,389.99,263.24,389.99,263.24,389.99,263.24,389.99,263.24,389.99,263.24,389.99,263.24,0.00000,0.00000,0.00000,0.00000,0.00000,0.00000,0.00000,0.00000,0.00000,0.00000,0.00000,0.00000,0.00000,0.00000,0.00000,0.00000,0.00000,0.00000,0.00000,0.00000,0.00000,0.00000,0.00000,0.00000,0.00000,0.00000,0.00000,0.00000,0.00000,0.00000,0.00000,0.00000,0.00000,0.00000,0.00000,0.00000,0.00000,0.00000,0.00000,0.00000,0.00000,0.00000,0.00000,0.00000,0.00000,0.00000,0.00000,0.00000,0.00000,0.00000,0.00000,0.00000,0.00000,0.00000,0.00000,0.00000,0.00000,0.00000,0.00000,0.00000,0.00000,0.00000,0.00000,0.00000,0.00000,0.00000,0.00000,0.00000,0.00000,0.00000,0.00000,0.00000,0.00000,0.00000,0.00000,0.00000,0.00000,0.00000,0.00000,0.00000,0.00000,0.00000,0.00000,0.00000
0.9667,1,1,0.00,0.00,33.33,0.06675,0.02324,0.54552,0.54561,0.54561,1.3000,0,0,0.21869,-0.06773,0.06946,0.21915,-0.06761,0.06966,0.15,0.00,0.54561,0.35367,-0.11522,0.17432,1.50950,0.00001,1.00000,0.35436,-0.11612,0.17658,1.51026,0.00000,1.00000,12,0.21850,-0.07420,0.01494,0.25990,0.09410,0,0.98663,0.00000,-0.00000,-0.16295,virtual,0,389.99,263.24,389.99,263.24,389.99,263.24,389.99,263.24,389.99,263.24,389.99,263.24,389.99,263.24,389.99,263.24,389.99,263.24,389.99,263.24,389.99,263.24,389.99,263.24,389.99,263.24,389.99,263.24,389.99,263.24,389.99,263.24,389.99,263.24,389.99,263.24,389.99,263.24,389.99,263.24,389.99,263.24,0.00000,0.00000,0.00000,0.00000,0.00000,0.00000,0.00000,0.00000,0.00000,0.00000,0.00000,0.00000,0.00000,0.00000,0.00000,0.00000,0.00000,0.00000,0.00000,0.00000,0.00000,0.00000,0.00000,0.00000,0.00000,0.00000,0.00000,0.00000,0.00000,0.00000,0.00000,0.00000,0.00000,0.00000,0.00000,0.00000,0.00000,0.00000,0.00000,0.00000,0.00000,0.00000,0.00000,0.00000,0.00000,0.00000,0.00000,0.00000,0.00000,0.00000,0.00000,0.00000,0.00000,0.00000,0.00000,0.00000,0.00000,0.00000,0.00000,0.00000,0.00000,0.00000,0.00000,0.00000,0.00000,0.00000,0.00000,0.00000,0.00000,0.00000,0.00000,0.00000,0.00000,0.00000,0.00000,0.00000,0.00000,0.00000,0.00000,0.00000,0.00000,0.00000,0.00000,0.00000
1.0000,1,1,0.00,0.00,33.33,0.06817,0.02526,0.54634,0.54716,0.54716,1.3000,0,0,0.21828,-0.06915,0.06744,0.21718,-0.06925,0.06632,0.24,0.01,0.54716,0.36528,-0.11299,0.19585,1.49459,0.00001,1.00000,0.36219,-0.11503,0.18908,1.49684,0.00000,1.00000,12,0.21850,-0.07420,0.01494,0.25990,0.09410,0,0.98663,0.00000,0.00000,-0.16295,virtual,0,390.48,267.63,390.48,267.63,390.48,267.63,390.48,267.63,390.48,267.63,390.48,267.63,390.48,267.63,390.48,267.63,390.48,267.63,390.48,267.63,390.48,267.63,390.48,267.63,390.48,267.63,390.48,267.63,390.48,267.63,390.48,267.63,390.48,267.63,390.48,267.63,390.48,267.63,390.48,267.63,390.48,267.63,0.00000,0.00000,0.00000,0.00000,0.00000,0.00000,0.00000,0.00000,0.00000,0.00000,0.00000,0.00000,0.00000,0.00000,0.00000,0.00000,0.00000,0.00000,0.00000,0.00000,0.00000,0.00000,0.00000,0.00000,0.00000,0.00000,0.00000,0.00000,0.00000,0.00000,0.00000,0.00000,0.00000,0.00000,0.00000,0.00000,0.00000,0.00000,0.00000,0.00000,0.00000,0.00000,0.00000,0.00000,0.00000,0.00000,0.00000,0.00000,0.00000,0.00000,0.00000,0.00000,0.00000,0.00000,0.00000,0.00000,0.00000,0.00000,0.00000,0.00000,0.00000,0.00000,0.00000,0.00000,0.00000,0.00000,0.00000,0.00000,0.00000,0.00000,0.00000,0.00000,0.00000,0.00000,0.00000,0.00000,0.00000,0.00000,0.00000,0.00000,0.00000,0.00000,0.00000,0.00000
1.0333,1,1,0.00,0.00,33.33,0.06898,0.02840,0.54592,0.54549,0.54549,1.3000,0,0,0.21849,-0.06996,0.06431,0.21881,-0.07007,0.06420,0.39,0.01,0.54549,0.36621,-0.10985,0.20893,1.46850,-0.00000,1.00000,0.36601,-0.11051,0.20635,1.47508,0.00000,1.00000,12,0.21850,-0.07420,0.01494,0.25990,0.09410,0,0.98663,-0.00000,-0.00000,-0.16295,virtual,0,390.91,272.04,390.91,272.04,390.91,272.04,390.91,272.04,390.91,272.04,390.91,272.04,390.91,272.04,390.91,272.04,390.91,272.04,390.91,272.04,390.91,272.04,390.91,272.04,390.91,272.04,390.91,272.04,390.91,272.04,390.91,272.04,390.91,272.04,390.91,272.04,390.91,272.04,390.91,272.04,390.91,272.04,0.00000,0.00000,0.00000,0.00000,0.00000,0.00000,0.00000,0.00000,0.00000,0.00000,0.00000,0.00000,0.00000,0.00000,0.00000,0.00000,0.00000,0.00000,0.00000,0.00000,0.00000,0.00000,0.00000,0.00000,0.00000,0.00000,0.00000,0.00000,0.00000,0.00000,0.00000,0.00000,0.00000,0.00000,0.00000,0.00000,0.00000,0.00000,0.00000,0.00000,0.00000,0.00000,0.00000,0.00000,0.00000,0.00000,0.00000,0.00000,0.00000,0.00000,0.00000,0.00000,0.00000,0.00000,0.00000,0.00000,0.00000,0.00000,0.00000,0.00000,0.00000,0.00000,0.00000,0.00000,0.00000,0.00000,0.00000,0.00000,0.00000,0.00000,0.00000,0.00000,0.00000,0.00000,0.00000,0.00000,0.00000,0.00000,0.00000,0.00000,0.00000,0.00000,0.00000,0.00000
1.0667,1,1,0.00,0.00,33.33,0.06958,0.03214,0.54590,0.54589,0.54589,1.3000,0,0,0.21849,-0.07056,0.06056,0.21798,-0.07026,0.05974,0.47,0.01,0.54589,0.36869,-0.10615,0.23754,1.44116,0.00000,1.00000,0.36895,-0.10667,0.22943,1.44819,0.00000,1.00000,12,0.21850,-0.07420,0.01494,0.25990,0.09410,0,0.98663,-0.00000,-0.00000,-0.16295,virtual,0,391.25,276.44,391.25,276.44,391.25,276.44,391.25,276.44,391.25,276.44,391.25,276.44,391.25,276.44,391.25,276.44,391.25,276.44,391.25,276.44,391.25,276.44,391.25,276.44,391.25,276.44,391.25,276.44,391.25,276.44,391.25,276.44,391.25,276.44,391.25,276.44,391.25,276.44,391.25,276.44,391.25,276.44,0.00000,0.00000,0.00000,0.00000,0.00000,0.00000,0.00000,0.00000,0.00000,0.00000,0.00000,0.00000,0.00000,0.00000,0.00000,0.00000,0.00000,0.00000,0.00000,0.00000,0.00000,0.00000,0.00000,0.00000,0.00000,0.00000,0.00000,0.00000,0.00000,0.00000,0.00000,0.00000,0.00000,0.00000,0.00000,0.00000,0.00000,0.00000,0.00000,0.00000,0.00000,0.00000,0.00000,0.00000,0.00000,0.00000,0.00000,0.00000,0.00000,0.00000,0.00000,0.00000,0.00000,0.00000,0.00000,0.00000,0.00000,0.00000,0.00000,0.00000,0.00000,0.00000,0.00000,0.00000,0.00000,0.00000,0.00000,0.00000,0.00000,0.00000,0.00000,0.00000,0.00000,0.00000,0.00000,0.00000,0.00000,0.00000,0.00000,0.00000,0.00000,0.00000,0.00000,0.00000
1.1000,1,1,0.00,0.00,33.33,0.06995,0.03613,0.54505,0.54420,0.54420,1.3000,0,0,0.21892,-0.07093,0.05657,0.21884,-0.07090,0.05620,0.54,0.01,0.54420,0.37015,-0.09789,0.25488,1.41273,0.00000,1.00000,0.37009,-0.09922,0.25035,1.41981,0.00000,1.00000,12,0.21850,-0.07420,0.01494,0.25990,0.09410,0,0.98663,-0.00000,-0.00000,-0.16295,virtual,0,391.63,280.86,391.63,280.86,391.63,280.86,391.63,280.86,391.63,280.86,391.63,280.86,391.63,280.86,391.63,280.86,391.63,280.86,391.63,280.86,391.63,280.86,391.63,280.86,391.63,280.86,391.63,280.86,391.63,280.86,391.63,280.86,391.63,280.86,391.63,280.86,391.63,280.86,391.63,280.86,391.63,280.86,0.00000,0.00000,0.00000,0.00000,0.00000,0.00000,0.00000,0.00000,0.00000,0.00000,0.00000,0.00000,0.00000,0.00000,0.00000,0.00000,0.00000,0.00000,0.00000,0.00000,0.00000,0.00000,0.00000,0.00000,0.00000,0.00000,0.00000,0.00000,0.00000,0.00000,0.00000,0.00000,0.00000,0.00000,0.00000,0.00000,0.00000,0.00000,0.00000,0.00000,0.00000,0.00000,0.00000,0.00000,0.00000,0.00000,0.00000,0.00000,0.00000,0.00000,0.00000,0.00000,0.00000,0.00000,0.00000,0.00000,0.00000,0.00000,0.00000,0.00000,0.00000,0.00000,0.00000,0.00000,0.00000,0.00000,0.00000,0.00000,0.00000,0.00000,0.00000,0.00000,0.00000,0.00000,0.00000,0.00000,0.00000,0.00000,0.00000,0.00000,0.00000,0.00000,0.00000,0.00000
1.1333,1,1,0.00,0.00,33.33,0.07059,0.04047,0.54688,0.54870,0.54870,1.3000,0,0,0.21801,-0.07157,0.05223,0.21861,-0.07187,0.05247,0.52,0.01,0.54870,0.37526,-0.09854,0.28388,1.37986,0.00001,1.00000,0.37464,-0.09925,0.28282,1.38746,0.00000,1.00000,12,0.21850,-0.07420,0.01494,0.25990,0.09410,0,0.98663,-0.00000,-0.00000,-0.16295,virtual,0,391.95,285.26,391.95,285.26,391.95,285.26,391.95,285.26,391.95,285.26,391.95,285.26,391.95,285.26,391.95,285.26,391.95,285.26,391.95,285.26,391.95,285.26,391.95,285.26,391.95,285.26,391.95,285.26,391.95,285.26,391.95,285.26,391.95,285.26,391.95,285.26,391.95,285.26,391.95,285.26,391.95,285.26,0.00000,0.00000,0.00000,0.00000,0.00000,0.00000,0.00000,0.00000,0.00000,0.00000,0.00000,0.00000,0.00000,0.00000,0.00000,0.00000,0.00000,0.00000,0.00000,0.00000,0.00000,0.00000,0.00000,0.00000,0.00000,0.00000,0.00000,0.00000,0.00000,0.00000,0.00000,0.00000,0.00000,0.00000,0.00000,0.00000,0.00000,0.00000,0.00000,0.00000,0.00000,0.00000,0.00000,0.00000,0.00000,0.00000,0.00000,0.00000,0.00000,0.00000,0.00000,0.00000,0.00000,0.00000,0.00000,0.00000,0.00000,0.00000,0.00000,0.00000,0.00000,0.00000,0.00000,0.00000,0.00000,0.00000,0.00000,0.00000,0.00000,0.00000,0.00000,0.00000,0.00000,0.00000,0.00000,0.00000,0.00000,0.00000,0.00000,0.00000,0.00000,0.00000,0.00000,0.00000
1.1667,1,1,0.00,0.00,33.33,0.07080,0.04466,0.54603,0.54518,0.54518,1.3000,0,0,0.21843,-0.07178,0.04804,0.21462,-0.07035,0.04452,0.60,0.01,0.54518,0.37551,-0.08661,0.32803,1.35088,0.00000,0.99999,0.37514,-0.09020,0.30365,1.35749,0.00000,1.00000,12,0.21850,-0.07420,0.01494,0.25990,0.09410,0,0.98663,-0.00000,-0.00000,-0.16295,virtual,0,392.20,289.67,392.20,289.67,392.20,289.67,392.20,289.67,392.20,289.67,392.20,289.67,392.20,289.67,392.20,289.67,392.20,289.67,392.20,289.67,392.20,289.67,392.20,289.67,392.20,289.67,392.20,289.67,392.20,289.67,392.20,289.67,392.20,289.67,392.20,289.67,392.20,289.67,392.20,289.67,392.20,289.67,0.00000,0.00000,0.00000,0.00000,0.00000,0.00000,0.00000,0.00000,0.00000,0.00000,0.00000,0.00000,0.00000,0.00000,0.00000,0.00000,0.00000,0.00000,0.00000,0.00000,0.00000,0.00000,0.00000,0.00000,0.00000,0.00000,0.00000,0.00000,0.00000,0.00000,0.00000,0.00000,0.00000,0.00000,0.00000,0.00000,0.00000,0.00000,0.00000,0.00000,0.00000,0.00000,0.00000,0.00000,0.00000,0.00000,0.00000,0.00000,0.00000,0.00000,0.00000,0.00000,0.00000,0.00000,0.00000,0.00000,0.00000,0.00000,0.00000,0.00000,0.00000,0.00000,0.00000,0.00000,0.00000,0.00000,0.00000,0.00000,0.00000,0.00000,0.00000,0.00000,0.00000,0.00000,0.00000,0.00000,0.00000,0.00000,0.00000,0.00000,0.00000,0.00000,0.00000,0.00000
1.2000,1,1,0.00,0.00,33.33,0.07121,0.04894,0.54546,0.54489,0.54489,1.3000,0,0,0.21872,-0.07219,0.04376,0.21916,-0.07234,0.04411,0.63,0.01,0.54489,0.37648,-0.07942,0.32511,1.31995,0.00001,0.99999,0.37651,-0.07990,0.32399,1.32685,0.00000,1.00000,12,0.21850,-0.07420,0.01494,0.25990,0.09410,0,0.98663,-0.00000,-0.00000,-0.16295,virtual,0,392.85,294.13,392.85,294.13,392.85,294.13,392.85,294.13,392.85,294.13,392.85,294.13,392.85,294.13,392.85,294.13,392.85,294.13,392.85,294.13,392.85,294.13,392.85,294.13,392.85,294.13,392.85,294.13,392.85,294.13,392.85,294.13,392.85,294.13,392.85,294.13,392.85,294.13,392.85,294.13,392.85,294.13,0.00000,0.00000,0.00000,0.00000,0.00000,0.00000,0.00000,0.00000,0.00000,0.00000,0.00000,0.00000,0.00000,0.00000,0.00000,0.00000,0.00000,0.00000,0.00000,0.00000,0.00000,0.00000,0.00000,0.00000,0.00000,0.00000,0.00000,0.00000,0.00000,0.00000,0.00000,0.00000,0.00000,0.00000,0.00000,0.00000,0.00000,0.00000,0.00000,0.00000,0.00000,0.00000,0.00000,0.00000,0.00000,0.00000,0.00000,0.00000,0.00000,0.00000,0.00000,0.00000,0.00000,0.00000,0.00000,0.00000,0.00000,0.00000,0.00000,0.00000,0.00000,0.00000,0.00000,0.00000,0.00000,0.00000,0.00000,0.00000,0.00000,0.00000,0.00000,0.00000,0.00000,0.00000,0.00000,0.00000,0.00000,0.00000,0.00000,0.00000,0.00000,0.00000,0.00000,0.00000
1.2333,1,1,0.00,0.00,33.33,0.07155,0.05325,0.54530,0.54513,0.54513,1.3000,0,0,0.21880,-0.07253,0.03945,0.21805,-0.07226,0.03813,0.64,0.01,0.54513,0.37819,-0.06545,0.35373,1.28589,0.00000,1.00000,0.37795,-0.07004,0.34534,1.29565,0.00000,1.00000,12,0.21850,-0.07420,0.01494,0.25990,0.09410,0,0.98663,0.00000,-0.00000,-0.16295,virtual,0,393.08,298.53,393.08,298.53,393.08,298.53,393.08,298.53,393.08,298.53,393.08,298.53,393.08,298.53,393.08,298.53,393.08,298.53,393.08,298.53,393.08,298.53,393.08,298.53,393.08,298.53,393.08,298.53,393.08,298.53,393.08,298.53,393.08,298.53,393.08,298.53,393.08,298.53,393.08,298.53,393.08,298.53,0.00000,0.00000,0.00000,0.00000,0.00000,0.00000,0.00000,0.00000,0.00000,0.00000,0.00000,0.00000,0.00000,0.00000,0.00000,0.00000,0.00000,0.00000,0.00000,0.00000,0.00000,0.00000,0.00000,0.00000,0.00000,0.00000,0.00000,0.00000,0.00000,0.00000,0.00000,0.00000,0.00000,0.00000,0.00000,0.00000,0.00000,0.00000,0.00000,0.00000,0.00000,0.00000,0.00000,0.00000,0.00000,0.00000,0.00000,0.00000,0.00000,0.00000,0.00000,0.00000,0.00000,0.00000,0.00000,0.00000,0.00000,0.00000,0.00000,0.00000,0.00000,0.00000,0.00000,0.00000,0.00000,0.00000,0.00000,0.00000,0.00000,0.00000,0.00000,0.00000,0.00000,0.00000,0.00000,0.00000,0.00000,0.00000,0.00000,0.00000,0.00000,0.00000,0.00000,0.00000
1.2667,1,1,0.00,0.00,33.33,0.07185,0.05756,0.54492,0.54454,0.54454,1.3000,0,0,0.21898,-0.07283,0.03515,0.21857,-0.07266,0.03488,0.66,0.01,0.54454,0.37912,-0.05727,0.36944,1.25865,0.00000,1.00000,0.37905,-0.05852,0.36476,1.26470,0.00000,1.00000,12,0.21850,-0.07420,0.01494,0.25990,0.09410,0,0.98663,0.00000,-0.00000,-0.16295,virtual,0,393.43,302.96,393.43,302.96,393.43,302.96,393.43,302.96,393.43,302.96,393.43,302.96,393.43,302.96,393.43,302.96,393.43,302.96,393.43,302.96,393.43,302.96,393.43,302.96,393.43,302.96,393.43,302.96,393.43,302.96,393.43,302.96,393.43,302.96,393.43,302.96,393.43,302.96,393.43,302.96,393.43,302.96,0.00000,0.00000,0.00000,0.00000,0.00000,0.00000,0.00000,0.00000,0.00000,0.00000,0.00000,0.00000,0.00000,0.00000,0.00000,0.00000,0.00000,0.00000,0.00000,0.00000,0.00000,0.00000,0.00000,0.00000,0.00000,0.00000,0.00000,0.00000,0.00000,0.00000,0.00000,0.00000,0.00000,0.00000,0.00000,0.00000,0.00000,0.00000,0.00000,0.00000,0.00000,0.00000,0.00000,0.00000,0.00000,0.00000,0.00000,0.00000,0.00000,0.00000,0.00000,0.00000,0.00000,0.00000,0.00000,0.00000,0.00000,0.00000,0.00000,0.00000,0.00000,0.00000,0.00000,0.00000,0.00000,0.00000,0.00000,0.00000,0.00000,0.00000,0.00000,0.00000,0.00000,0.00000,0.00000,0.00000,0.00000,0.00000,0.00000,0.00000,0.00000,0.00000,0.00000,0.00000
1.3000,1,1,0.00,0.00,33.33,0.07218,0.06191,0.54499,0.54507,0.54507,1.3000,0,0,0.21895,-0.07316,0.03079,0.21790,-0.07270,0.02951,0.68,0.01,0.54507,0.38059,-0.04219,0.39285,1.22527,0.00000,1.00000,0.38066,-0.04727,0.38506,1.23315,0.00000,1.00000,12,0.21850,-0.07420,0.01494,0.25990,0.09410,0,0.98663,0.00000,-0.00000,-0.16295,virtual,0,393.73,307.38,393.73,307.38,393.73,307.38,393.73,307.38,393.73,307.38,393.73,307.38,393.73,307.38,393.73,307.38,393.73,307.38,393.73,307.38,393.73,307.38,393.73,307.38,393.73,307.38,393.73,307.38,393.73,307.38,393.73,307.38,393.73,307.38,393.73,307.38,393.73,307.38,393.73,307.38,393.73,307.38,0.00000,0.00000,0.00000,0.00000,0.00000,0.00000,0.00000,0.00000,0.00000,0.00000,0.00000,0.00000,0.00000,0.00000,0.00000,0.00000,0.00000,0.00000,0.00000,0.00000,0.00000,0.00000,0.00000,0.00000,0.00000,0.00000,0.00000,0.00000,0.00000,0.00000,0.00000,0.00000,0.00000,0.00000,0.00000,0.00000,0.00000,0.00000,0.00000,0.00000,0.00000,0.00000,0.00000,0.00000,0.00000,0.00000,0.00000,0.00000,0.00000,0.00000,0.00000,0.00000,0.00000,0.00000,0.00000,0.00000,0.00000,0.00000,0.00000,0.00000,0.00000,0.00000,0.00000,0.00000,0.00000,0.00000,0.00000,0.00000,0.00000,0.00000,0.00000,0.00000,0.00000,0.00000,0.00000,0.00000,0.00000,0.00000,0.00000,0.00000,0.00000,0.00000,0.00000,0.00000
1.3333,1,1,0.00,0.00,33.33,0.07246,0.06619,0.54436,0.54373,0.54373,1.3000,0,0,0.21926,-0.07344,0.02652,0.21942,-0.07354,0.02615,0.71,0.01,0.54373,0.38170,-0.02749,0.40227,1.19431,0.00000,0.99999,0.38145,-0.03278,0.40104,1.20265,0.00000,1.00000,12,0.21850,-0.07420,0.01494,0.25990,0.09410,0,0.98663,0.00000,-0.00000,-0.16295,virtual,0,394.15,311.83,394.15,311.83,394.15,311.83,394.15,311.83,394.15,311.83,394.15,311.83,394.15,311.83,394.15,311.83,394.15,311.83,394.15,311.83,394.15,311.83,394.15,311.83,394.15,311.83,394.15,311.83,394.15,311.83,394.15,311.83,394.15,311.83,394.15,311.83,394.15,311.83,394.15,311.83,394.15,311.83,0.00000,0.00000,0.00000,0.00000,0.00000,0.00000,0.00000,0.00000,0.00000,0.00000,0.00000,0.00000,0.00000,0.00000,0.00000,0.00000,0.00000,0.00000,0.00000,0.00000,0.00000,0.00000,0.00000,0.00000,0.00000,0.00000,0.00000,0.00000,0.00000,0.00000,0.00000,0.00000,0.00000,0.00000,0.00000,0.00000,0.00000,0.00000,0.00000,0.00000,0.00000,0.00000,0.00000,0.00000,0.00000,0.00000,0.00000,0.00000,0.00000,0.00000,0.00000,0.00000,0.00000,0.00000,0.00000,0.00000,0.00000,0.00000,0.00000,0.00000,0.00000,0.00000,0.00000,0.00000,0.00000,0.00000,0.00000,0.00000,0.00000,0.00000,0.00000,0.00000,0.00000,0.00000,0.00000,0.00000,0.00000,0.00000,0.00000,0.00000,0.00000,0.00000,0.00000,0.00000
1.3667,1,1,0.00,0.00,33.33,0.07269,0.07048,0.54426,0.54416,0.54416,1.3000,0,0,0.21932,-0.07367,0.02222,0.21855,-0.07335,0.02154,0.71,0.01,0.54416,0.38248,-0.01757,0.42647,1.16275,0.00000,1.00000,0.38244,-0.01899,0.41828,1.17164,0.00000,1.00000,12,0.21850,-0.07420,0.01494,0.25990,0.09410,0,0.98663,0.00000,-0.00000,-0.16295,virtual,0,394.28,316.16,394.28,316.16,394.28,316.16,394.28,316.16,394.28,316.16,394.28,316.16,394.28,316.16,394.28,316.16,394.28,316.16,394.28,316.16,394.28,316.16,394.28,316.16,394.28,316.16,394.28,316.16,394.28,316.16,394.28,316.16,394.28,316.16,394.28,316.16,394.28,316.16,394.28,316.16,394.28,316.16,0.00000,0.00000,0.00000,0.00000,0.00000,0.00000,0.00000,0.00000,0.00000,0.00000,0.00000,0.00000,0.00000,0.00000,0.00000,0.00000,0.00000,0.00000,0.00000,0.00000,0.00000,0.00000,0.00000,0.00000,0.00000,0.00000,0.00000,0.00000,0.00000,0.00000,0.00000,0.00000,0.00000,0.00000,0.00000,0.00000,0.00000,0.00000,0.00000,0.00000,0.00000,0.00000,0.00000,0.00000,0.00000,0.00000,0.00000,0.00000,0.00000,0.00000,0.00000,0.00000,0.00000,0.00000,0.00000,0.00000,0.00000,0.00000,0.00000,0.00000,0.00000,0.00000,0.00000,0.00000,0.00000,0.00000,0.00000,0.00000,0.00000,0.00000,0.00000,0.00000,0.00000,0.00000,0.00000,0.00000,0.00000,0.00000,0.00000,0.00000,0.00000,0.00000,0.00000,0.00000
1.4000,1,1,0.00,0.00,33.33,0.07301,0.07481,0.54435,0.54445,0.54445,1.3000,0,0,0.21927,-0.07399,0.01789,0.21921,-0.07393,0.01725,0.73,0.01,0.54445,0.38396,0.00332,0.43534,1.13309,0.00000,1.00000,0.38404,-0.00459,0.43515,1.14036,0.00000,1.00000,12,0.21850,-0.07420,0.01494,0.25990,0.09410,0,0.98663,0.00000,-0.00000,-0.16295,virtual,0,394.66,320.57,394.66,320.57,394.66,320.57,394.66,320.57,394.66,320.57,394.66,320.57,394.66,320.57,394.66,320.57,394.66,320.57,394.66,320.57,394.66,320.57,394.66,320.57,394.66,320.57,394.66,320.57,394.66,320.57,394.66,320.57,394.66,320.57,394.66,320.57,394.66,320.57,394.66,320.57,394.66,320.57,0.00000,0.00000,0.00000,0.00000,0.00000,0.00000,0.00000,0.00000,0.00000,0.00000,0.00000,0.00000,0.00000,0.00000,0.00000,0.00000,0.00000,0.00000,0.00000,0.00000,0.00000,0.00000,0.00000,0.00000,0.00000,0.00000,0.00000,0.00000,0.00000,0.00000,0.00000,0.00000,0.00000,0.00000,0.00000,0.00000,0.00000,0.00000,0.00000,0.00000,0.00000,0.00000,0.00000,0.00000,0.00000,0.00000,0.00000,0.00000,0.00000,0.00000,0.00000,0.00000,0.00000,0.00000,0.00000,0.00000,0.00000,0.00000,0.00000,0.00000,0.00000,0.00000,0.00000,0.00000,0.00000,0.00000,0.00000,0.00000,0.00000,0.00000,0.00000,0.00000,0.00000,0.00000,0.00000,0.00000,0.00000,0.00000,0.00000,0.00000,0.00000,0.00000,0.00000,0.00000
1.4333,1,1,0.00,0.00,33.33,0.07339,0.07924,0.54571,0.54706,0.54706,1.3000,0,0,0.21859,-0.07437,0.01346,0.21836,-0.07427,0.01342,0.72,0.01,0.54706,0.38721,0.00738,0.46166,1.09928,0.00001,1.00000,0.38702,0.00707,0.45655,1.10734,0.00000,1.00000,12,0.21850,-0.07420,0.01494,0.25990,0.09410,0,0.98663,0.00000,-0.00000,-0.16295,virtual,0,394.73,324.76,394.73,324.76,394.73,324.76,394.73,324.76,394.73,324.76,394.73,324.76,394.73,324.76,394.73,324.76,394.73,324.76,394.73,324.76,394.73,324.76,394.73,324.76,394.73,324.76,394.73,324.76,394.73,324.76,394.73,324.76,394.73,324.76,394.73,324.76,394.73,324.76,394.73,324.76,394.73,324.76,0.00000,0.00000,0.00000,0.00000,0.00000,0.00000,0.00000,0.00000,0.00000,0.00000,0.00000,0.00000,0.00000,0.00000,0.00000,0.00000,0.00000,0.00000,0.00000,0.00000,0.00000,0.00000,0.00000,0.00000,0.00000,0.00000,0.00000,0.00000,0.00000,0.00000,0.00000,0.00000,0.00000,0.00000,0.00000,0.00000,0.00000,0.00000,0.00000,0.00000,0.00000,0.00000,0.00000,0.00000,0.00000,0.00000,0.00000,0.00000,0.00000,0.00000,0.00000,0.00000,0.00000,0.00000,0.00000,0.00000,0.00000,0.00000,0.00000,0.00000,0.00000,0.00000,0.00000,0.00000,0.00000,0.00000,0.00000,0.00000,0.00000,0.00000,0.00000,0.00000,0.00000,0.00000,0.00000,0.00000,0.00000,0.00000,0.00000,0.00000,0.00000,0.00000,0.00000,0.00000
1.4667,1,1,0.00,0.00,33.33,0.07365,0.08153,0.54693,0.54815,0.54815,1.3000,0,0,0.21798,-0.07463,0.01117,0.21736,-0.07433,0.01125,0.41,0.01,0.54815,0.38948,0.01548,0.46882,1.08990,0.00000,1.00000,0.38949,0.01415,0.46859,1.08816,0.00000,1.00000,12,0.21850,-0.07420,0.01494,0.25990,0.09410,0,0.98663,0.00000,-0.00000,-0.16295,virtual,0,394.73,324.76,394.73,324.76,394.73,324.76,394.73,324.76,394.73,324.76,394.73,324.76,394.73,324.76,394.73,324.76,394.73,324.76,394.73,324.76,394.73,324.76,394.73,324.76,394.73,324.76,394.73,324.76,394.73,324.76,394.73,324.76,394.73,324.76,394.73,324.76,394.73,324.76,394.73,324.76,394.73,324.76,0.00000,0.00000,0.00000,0.00000,0.00000,0.00000,0.00000,0.00000,0.00000,0.00000,0.00000,0.00000,0.00000,0.00000,0.00000,0.00000,0.00000,0.00000,0.00000,0.00000,0.00000,0.00000,0.00000,0.00000,0.00000,0.00000,0.00000,0.00000,0.00000,0.00000,0.00000,0.00000,0.00000,0.00000,0.00000,0.00000,0.00000,0.00000,0.00000,0.00000,0.00000,0.00000,0.00000,0.00000,0.00000,0.00000,0.00000,0.00000,0.00000,0.00000,0.00000,0.00000,0.00000,0.00000,0.00000,0.00000,0.00000,0.00000,0.00000,0.00000,0.00000,0.00000,0.00000,0.00000,0.00000,0.00000,0.00000,0.00000,0.00000,0.00000,0.00000,0.00000,0.00000,0.00000,0.00000,0.00000,0.00000,0.00000,0.00000,0.00000,0.00000,0.00000,0.00000,0.00000
1.5000,1,1,0.00,0.00,33.33,0.07370,0.08260,0.54697,0.54701,0.54701,1.3000,0,0,0.21796,-0.07468,0.01011,0.21764,-0.07458,0.01001,0.22,0.00,0.54701,0.39010,0.02052,0.47294,1.07867,-0.00000,1.00000,0.38992,0.01952,0.47196,1.07934,0.00000,1.00000,12,0.21850,-0.07420,0.01494,0.25990,0.09410,0,0.98663,-0.00000,0.00000,-0.16295,virtual,0,394.73,324.76,394.73,324.76,394.73,324.76,394.73,324.76,394.73,324.76,394.73,324.76,394.73,324.76,394.73,324.76,394.73,324.76,394.73,324.76,394.73,324.76,394.73,324.76,394.73,324.76,394.73,324.76,394.73,324.76,394.73,324.76,394.73,324.76,394.73,324.76,394.73,324.76,394.73,324.76,394.73,324.76,0.00000,0.00000,0.00000,0.00000,0.00000,0.00000,0.00000,0.00000,0.00000,0.00000,0.00000,0.00000,0.00000,0.00000,0.00000,0.00000,0.00000,0.00000,0.00000,0.00000,0.00000,0.00000,0.00000,0.00000,0.00000,0.00000,0.00000,0.00000,0.00000,0.00000,0.00000,0.00000,0.00000,0.00000,0.00000,0.00000,0.00000,0.00000,0.00000,0.00000,0.00000,0.00000,0.00000,0.00000,0.00000,0.00000,0.00000,0.00000,0.00000,0.00000,0.00000,0.00000,0.00000,0.00000,0.00000,0.00000,0.00000,0.00000,0.00000,0.00000,0.00000,0.00000,0.00000,0.00000,0.00000,0.00000,0.00000,0.00000,0.00000,0.00000,0.00000,0.00000,0.00000,0.00000,0.00000,0.00000,0.00000,0.00000,0.00000,0.00000,0.00000,0.00000,0.00000,0.00000
1.5333,1,1,0.00,0.00,33.33,0.07346,0.08283,0.54504,0.54311,0.54311,1.1583,0,0,0.21892,-0.07444,0.01000,0.21877,-0.07437,0.00993,0.13,0.00,0.54311,0.38693,0.02726,0.46527,1.07867,-0.00000,1.00000,0.38711,0.02676,0.46454,1.07945,0.00000,1.00000,12,0.21850,-0.07420,0.01494,0.25990,0.09410,0,0.98663,-0.00000,0.00000,-0.16295,virtual,0,394.73,324.76,394.73,324.76,394.73,324.76,394.73,324.76,394.73,324.76,394.73,324.76,394.73,324.76,394.73,324.76,394.73,324.76,394.73,324.76,394.73,324.76,394.73,324.76,394.73,324.76,394.73,324.76,394.73,324.76,394.73,324.76,394.73,324.76,394.73,324.76,394.73,324.76,394.73,324.76,394.73,324.76,0.00000,0.00000,0.00000,0.00000,0.00000,0.00000,0.00000,0.00000,0.00000,0.00000,0.00000,0.00000,0.00000,0.00000,0.00000,0.00000,0.00000,0.00000,0.00000,0.00000,0.00000,0.00000,0.00000,0.00000,0.00000,0.00000,0.00000,0.00000,0.00000,0.00000,0.00000,0.00000,0.00000,0.00000,0.00000,0.00000,0.00000,0.00000,0.00000,0.00000,0.00000,0.00000,0.00000,0.00000,0.00000,0.00000,0.00000,0.00000,0.00000,0.00000,0.00000,0.00000,0.00000,0.00000,0.00000,0.00000,0.00000,0.00000,0.00000,0.00000,0.00000,0.00000,0.00000,0.00000,0.00000,0.00000,0.00000,0.00000,0.00000,0.00000,0.00000,0.00000,0.00000,0.00000,0.00000,0.00000,0.00000,0.00000,0.00000,0.00000,0.00000,0.00000,0.00000,0.00000
1.5667,1,1,0.00,0.00,33.33,0.07374,0.08339,0.54701,0.54898,0.54898,1.0167,0,0,0.21794,-0.07472,0.01000,0.21881,-0.07437,0.00999,0.94,0.00,0.54898,0.38684,0.02744,0.46449,1.07934,-0.00000,1.00000,0.38711,0.02676,0.46454,1.07945,0.00000,1.00000,12,0.21850,-0.07420,0.01494,0.25990,0.09410,0,0.98663,-0.00000,0.00000,-0.16295,virtual,0,394.73,324.76,394.73,324.76,394.73,324.76,394.73,324.76,394.73,324.76,394.73,324.76,394.73,324.76,394.73,324.76,394.73,324.76,394.73,324.76,394.73,324.76,394.73,324.76,394.73,324.76,394.73,324.76,394.73,324.76,394.73,324.76,394.73,324.76,394.73,324.76,394.73,324.76,394.73,324.76,394.73,324.76,0.00000,0.00000,0.00000,0.00000,0.00000,0.00000,0.00000,0.00000,0.00000,0.00000,0.00000,0.00000,0.00000,0.00000,0.00000,0.00000,0.00000,0.00000,0.00000,0.00000,0.00000,0.00000,0.00000,0.00000,0.00000,0.00000,0.00000,0.00000,0.00000,0.00000,0.00000,0.00000,0.00000,0.00000,0.00000,0.00000,0.00000,0.00000,0.00000,0.00000,0.00000,0.00000,0.00000,0.00000,0.00000,0.00000,0.00000,0.00000,0.00000,0.00000,0.00000,0.00000,0.00000,0.00000,0.00000,0.00000,0.00000,0.00000,0.00000,0.00000,0.00000,0.00000,0.00000,0.00000,0.00000,0.00000,0.00000,0.00000,0.00000,0.00000,0.00000,0.00000,0.00000,0.00000,0.00000,0.00000,0.00000,0.00000,0.00000,0.00000,0.00000,0.00000,0.00000,0.00000
1.6000,1,1,0.00,0.00,33.33,0.07371,0.08348,0.54672,0.54643,0.54643,0.8750,0,0,0.21794,-0.07472,0.01000,0.21873,-0.07441,0.00999,0.94,0.00,0.54643,0.38719,0.02720,0.46478,1.07951,-0.00000,1.00000,0.38711,0.02676,0.46454,1.07945,0.00000,1.00000,12,0.21850,-0.07420,0.01494,0.25990,0.09410,0,0.98663,-0.00000,0.00000,-0.16295,virtual,1,394.73,324.76,394.73,324.76,394.73,324.76,394.73,324.76,394.73,324.76,394.73,324.76,394.73,324.76,394.73,324.76,394.73,324.76,394.73,324.76,394.73,324.76,394.73,324.76,394.73,324.76,394.73,324.76,394.73,324.76,394.73,324.76,394.73,324.76,394.73,324.76,394.73,324.76,394.73,324.76,394.73,324.76,0.00000,0.00000,0.00000,0.00000,0.00000,0.00000,0.00000,0.00000,0.00000,0.00000,0.00000,0.00000,0.00000,0.00000,0.00000,0.00000,0.00000,0.00000,0.00000,0.00000,0.00000,0.00000,0.00000,0.00000,0.00000,0.00000,0.00000,0.00000,0.00000,0.00000,0.00000,0.00000,0.00000,0.00000,0.00000,0.00000,0.00000,0.00000,0.00000,0.00000,0.00000,0.00000,0.00000,0.00000,0.00000,0.00000,0.00000,0.00000,0.00000,0.00000,0.00000,0.00000,0.00000,0.00000,0.00000,0.00000,0.00000,0.00000,0.00000,0.00000,0.00000,0.00000,0.00000,0.00000,0.00000,0.00000,0.00000,0.00000,0.00000,0.00000,0.00000,0.00000,0.00000,0.00000,0.00000,0.00000,0.00000,0.00000,0.00000,0.00000,0.00000,0.00000,0.00000,0.00000
1.6333,1,1,0.00,0.00,33.33,0.07363,0.08345,0.54610,0.54547,0.54547,0.7333,0,0,0.21794,-0.07472,0.01000,0.21872,-0.07439,0.00998,0.94,0.00,0.54547,0.38711,0.02724,0.46486,1.07948,0.00000,1.00000,0.38711,0.02676,0.46454,1.07945,0.00000,1.00000,12,0.21850,-0.07420,0.01494,0.25990,0.09410,0,0.98663,-0.00000,0.00000,-0.16295,virtual,0,394.73,324.76,394.73,324.76,394.73,324.76,394.73,324.76,394.73,324.76,394.73,324.76,394.73,324.76,394.73,324.76,394.73,324.76,394.73,324.76,394.73,324.76,394.73,324.76,394.73,324.76,394.73,324.76,394.73,324.76,394.73,324.76,394.73,324.76,394.73,324.76,394.73,324.76,394.73,324.76,394.73,324.76,0.00000,0.00000,0.00000,0.00000,0.00000,0.00000,0.00000,0.00000,0.00000,0.00000,0.00000,0.00000,0.00000,0.00000,0.00000,0.00000,0.00000,0.00000,0.00000,0.00000,0.00000,0.00000,0.00000,0.00000,0.00000,0.00000,0.00000,0.00000,0.00000,0.00000,0.00000,0.00000,0.00000,0.00000,0.00000,0.00000,0.00000,0.00000,0.00000,0.00000,0.00000,0.00000,0.00000,0.00000,0.00000,0.00000,0.00000,0.00000,0.00000,0.00000,0.00000,0.00000,0.00000,0.00000,0.00000,0.00000,0.00000,0.00000,0.00000,0.00000,0.00000,0.00000,0.00000,0.00000,0.00000,0.00000,0.00000,0.00000,0.00000,0.00000,0.00000,0.00000,0.00000,0.00000,0.00000,0.00000,0.00000,0.00000,0.00000,0.00000,0.00000,0.00000,0.00000,0.00000
1.6667,1,1,0.00,0.00,33.33,0.07364,0.08350,0.54620,0.54631,0.54631,0.5917,0,0,0.21789,-0.07473,0.01000,0.21872,-0.07439,0.00998,1.00,0.00,0.54631,0.38711,0.02721,0.46487,1.07945,0.00000,1.00000,0.38711,0.02676,0.46454,1.07945,0.00000,1.00000,12,0.21850,-0.07420,0.01494,0.25990,0.09410,0,0.98663,-0.00000,0.00000,-0.16295,virtual,0,394.73,324.76,394.73,324.76,394.73,324.76,394.73,324.76,394.73,324.76,394.73,324.76,394.73,324.76,394.73,324.76,394.73,324.76,394.73,324.76,394.73,324.76,394.73,324.76,394.73,324.76,394.73,324.76,394.73,324.76,394.73,324.76,394.73,324.76,394.73,324.76,394.73,324.76,394.73,324.76,394.73,324.76,0.00000,0.00000,0.00000,0.00000,0.00000,0.00000,0.00000,0.00000,0.00000,0.00000,0.00000,0.00000,0.00000,0.00000,0.00000,0.00000,0.00000,0.00000,0.00000,0.00000,0.00000,0.00000,0.00000,0.00000,0.00000,0.00000,0.00000,0.00000,0.00000,0.00000,0.00000,0.00000,0.00000,0.00000,0.00000,0.00000,0.00000,0.00000,0.00000,0.00000,0.00000,0.00000,0.00000,0.00000,0.00000,0.00000,0.00000,0.00000,0.00000,0.00000,0.00000,0.00000,0.00000,0.00000,0.00000,0.00000,0.00000,0.00000,0.00000,0.00000,0.00000,0.00000,0.00000,0.00000,0.00000,0.00000,0.00000,0.00000,0.00000,0.00000,0.00000,0.00000,0.00000,0.00000,0.00000,0.00000,0.00000,0.00000,0.00000,0.00000,0.00000,0.00000,0.00000,0.00000
1.7000,1,1,0.00,0.00,33.33,0.07349,0.08334,0.54507,0.54393,0.54393,0.4500,0,1,0.21789,-0.07473,0.01000,0.21873,-0.07440,0.00998,1.00,0.00,0.54393,0.38711,0.02719,0.46486,1.07945,-0.00000,0.94596,0.38711,0.02676,0.46454,1.07945,0.00000,-0.17000,12,0.21850,-0.07420,0.01494,0.25990,0.09410,0,0.98663,-0.00000,0.00000,-0.16295,virtual,1,394.73,324.76,394.73,324.76,394.73,324.76,394.73,324.76,394.73,324.76,394.73,324.76,394.73,324.76,394.73,324.76,394.73,324.76,394.73,324.76,394.73,324.76,394.73,324.76,394.73,324.76,394.73,324.76,394.73,324.76,394.73,324.76,394.73,324.76,394.73,324.76,394.73,324.76,394.73,324.76,394.73,324.76,0.00000,0.00000,0.00000,0.00000,0.00000,0.00000,0.00000,0.00000,0.00000,0.00000,0.00000,0.00000,0.00000,0.00000,0.00000,0.00000,0.00000,0.00000,0.00000,0.00000,0.00000,0.00000,0.00000,0.00000,0.00000,0.00000,0.00000,0.00000,0.00000,0.00000,0.00000,0.00000,0.00000,0.00000,0.00000,0.00000,0.00000,0.00000,0.00000,0.00000,0.00000,0.00000,0.00000,0.00000,0.00000,0.00000,0.00000,0.00000,0.00000,0.00000,0.00000,0.00000,0.00000,0.00000,0.00000,0.00000,0.00000,0.00000,0.00000,0.00000,0.00000,0.00000,0.00000,0.00000,0.00000,0.00000,0.00000,0.00000,0.00000,0.00000,0.00000,0.00000,0.00000,0.00000,0.00000,0.00000,0.00000,0.00000,0.00000,0.00000,0.00000,0.00000,0.00000,0.00000
1.7333,1,1,0.00,0.00,33.33,0.07348,0.08335,0.54503,0.54500,0.54500,0.4500,0,1,0.21789,-0.07473,0.01000,0.21873,-0.07440,0.00998,1.00,0.00,0.54500,0.38711,0.02719,0.46486,1.07945,-0.00000,0.85185,0.38711,0.02676,0.46454,1.07945,0.00000,-0.17000,12,0.21850,-0.07420,0.01494,0.25990,0.09410,0,0.98663,-0.00000,0.00000,-0.16295,virtual,1,394.73,324.76,394.73,324.76,394.73,324.76,394.73,324.76,394.73,324.76,394.73,324.76,394.73,324.76,394.73,324.76,394.73,324.76,394.73,324.76,394.73,324.76,394.73,324.76,394.73,324.76,394.73,324.76,394.73,324.76,394.73,324.76,394.73,324.76,394.73,324.76,394.73,324.76,394.73,324.76,394.73,324.76,0.00000,0.00000,0.00000,0.00000,0.00000,0.00000,0.00000,0.00000,0.00000,0.00000,0.00000,0.00000,0.00000,0.00000,0.00000,0.00000,0.00000,0.00000,0.00000,0.00000,0.00000,0.00000,0.00000,0.00000,0.00000,0.00000,0.00000,0.00000,0.00000,0.00000,0.00000,0.00000,0.00000,0.00000,0.00000,0.00000,0.00000,0.00000,0.00000,0.00000,0.00000,0.00000,0.00000,0.00000,0.00000,0.00000,0.00000,0.00000,0.00000,0.00000,0.00000,0.00000,0.00000,0.00000,0.00000,0.00000,0.00000,0.00000,0.00000,0.00000,0.00000,0.00000,0.00000,0.00000,0.00000,0.00000,0.00000,0.00000,0.00000,0.00000,0.00000,0.00000,0.00000,0.00000,0.00000,0.00000,0.00000,0.00000,0.00000,0.00000,0.00000,0.00000,0.00000,0.00000
1.7667,1,1,0.00,0.00,33.33,0.07345,0.08331,0.54479,0.54455,0.54455,0.4500,0,1,0.21789,-0.07473,0.01000,0.21873,-0.07440,0.00998,1.00,0.00,0.54455,0.38711,0.02719,0.46486,1.07945,-0.00000,0.71376,0.38711,0.02676,0.46454,1.07945,0.00000,-0.17000,12,0.21850,-0.07420,0.01494,0.25990,0.09410,0,0.98663,0.00000,-0.00000,-0.16295,virtual,1,394.73,324.76,394.73,324.76,394.73,324.76,394.73,324.76,394.73,324.76,394.73,324.76,394.73,324.76,394.73,324.76,394.73,324.76,394.73,324.76,394.73,324.76,394.73,324.76,394.73,324.76,394.73,324.76,394.73,324.76,394.73,324.76,394.73,324.76,394.73,324.76,394.73,324.76,394.73,324.76,394.73,324.76,0.00000,0.00000,0.00000,0.00000,0.00000,0.00000,0.00000,0.00000,0.00000,0.00000,0.00000,0.00000,0.00000,0.00000,0.00000,0.00000,0.00000,0.00000,0.00000,0.00000,0.00000,0.00000,0.00000,0.00000,0.00000,0.00000,0.00000,0.00000,0.00000,0.00000,0.00000,0.00000,0.00000,0.00000,0.00000,0.00000,0.00000,0.00000,0.00000,0.00000,0.00000,0.00000,0.00000,0.00000,0.00000,0.00000,0.00000,0.00000,0.00000,0.00000,0.00000,0.00000,0.00000,0.00000,0.00000,0.00000,0.00000,0.00000,0.00000,0.00000,0.00000,0.00000,0.00000,0.00000,0.00000,0.00000,0.00000,0.00000,0.00000,0.00000,0.00000,0.00000,0.00000,0.00000,0.00000,0.00000,0.00000,0.00000,0.00000,0.00000,0.00000,0.00000,0.00000,0.00000
1.8000,1,1,0.00,0.00,33.33,0.07361,0.08349,0.54596,0.54713,0.54713,0.4500,0,1,0.21789,-0.07473,0.01000,0.21873,-0.07440,0.00998,1.00,0.00,0.54713,0.38711,0.02719,0.46486,1.07945,-0.00000,0.56014,0.38711,0.02676,0.46454,1.07945,0.00000,-0.17000,12,0.21850,-0.07420,0.01494,0.25990,0.09410,0,0.98663,0.00000,-0.00000,-0.16295,virtual,1,394.73,324.76,394.73,324.76,394.73,324.76,394.73,324.76,394.73,324.76,394.73,324.76,394.73,324.76,394.73,324.76,394.73,324.76,394.73,324.76,394.73,324.76,394.73,324.76,394.73,324.76,394.73,324.76,394.73,324.76,394.73,324.76,394.73,324.76,394.73,324.76,394.73,324.76,394.73,324.76,394.73,324.76,0.00000,0.00000,0.00000,0.00000,0.00000,0.00000,0.00000,0.00000,0.00000,0.00000,0.00000,0.00000,0.00000,0.00000,0.00000,0.00000,0.00000,0.00000,0.00000,0.00000,0.00000,0.00000,0.00000,0.00000,0.00000,0.00000,0.00000,0.00000,0.00000,0.00000,0.00000,0.00000,0.00000,0.00000,0.00000,0.00000,0.00000,0.00000,0.00000,0.00000,0.00000,0.00000,0.00000,0.00000,0.00000,0.00000,0.00000,0.00000,0.00000,0.00000,0.00000,0.00000,0.00000,0.00000,0.00000,0.00000,0.00000,0.00000,0.00000,0.00000,0.00000,0.00000,0.00000,0.00000,0.00000,0.00000,0.00000,0.00000,0.00000,0.00000,0.00000,0.00000,0.00000,0.00000,0.00000,0.00000,0.00000,0.00000,0.00000,0.00000,0.00000,0.00000,0.00000,0.00000
1.8333,1,1,0.00,0.00,33.33,0.07335,0.08320,0.54400,0.54204,0.54204,0.4500,0,1,0.21789,-0.07473,0.01000,0.21873,-0.07440,0.00998,1.00,0.00,0.54204,0.38711,0.02719,0.46486,1.07945,-0.00000,0.42223,0.38711,0.02676,0.46454,1.07945,0.00000,-0.17000,12,0.21850,-0.07420,0.01494,0.25990,0.09410,0,0.98663,0.00000,-0.00000,-0.16295,virtual,1,394.73,324.76,394.73,324.76,394.73,324.76,394.73,324.76,394.73,324.76,394.73,324.76,394.73,324.76,394.73,324.76,394.73,324.76,394.73,324.76,394.73,324.76,394.73,324.76,394.73,324.76,394.73,324.76,394.73,324.76,394.73,324.76,394.73,324.76,394.73,324.76,394.73,324.76,394.73,324.76,394.73,324.76,0.00000,0.00000,0.00000,0.00000,0.00000,0.00000,0.00000,0.00000,0.00000,0.00000,0.00000,0.00000,0.00000,0.00000,0.00000,0.00000,0.00000,0.00000,0.00000,0.00000,0.00000,0.00000,0.00000,0.00000,0.00000,0.00000,0.00000,0.00000,0.00000,0.00000,0.00000,0.00000,0.00000,0.00000,0.00000,0.00000,0.00000,0.00000,0.00000,0.00000,0.00000,0.00000,0.00000,0.00000,0.00000,0.00000,0.00000,0.00000,0.00000,0.00000,0.00000,0.00000,0.00000,0.00000,0.00000,0.00000,0.00000,0.00000,0.00000,0.00000,0.00000,0.00000,0.00000,0.00000,0.00000,0.00000,0.00000,0.00000,0.00000,0.00000,0.00000,0.00000,0.00000,0.00000,0.00000,0.00000,0.00000,0.00000,0.00000,0.00000,0.00000,0.00000,0.00000,0.00000
1.8667,1,1,0.00,0.00,33.33,0.07307,0.08289,0.54198,0.53997,0.53997,0.4500,0,1,0.21789,-0.07473,0.01000,0.21906,-0.07456,0.01023,1.00,0.00,0.53997,0.38724,0.02651,0.46389,1.07892,-0.00000,0.25800,0.38711,0.02676,0.46454,1.07945,0.00000,-0.17000,12,0.21810,-0.07396,0.01509,0.25990,0.09410,0,0.98668,-0.00029,-0.00571,-0.16255,virtual,1,394.73,324.76,394.73,324.76,394.73,324.76,394.73,324.76,394.73,324.76,394.73,324.76,394.73,324.76,394.73,324.76,394.73,324.76,394.73,324.76,394.73,324.76,394.73,324.76,394.73,324.76,394.73,324.76,394.73,324.76,394.73,324.76,394.73,324.76,394.73,324.76,394.73,324.76,394.73,324.76,394.73,324.76,0.00000,0.00000,0.00000,0.00000,0.00000,0.00000,0.00000,0.00000,0.00000,0.00000,0.00000,0.00000,0.00000,0.00000,0.00000,0.00000,0.00000,0.00000,0.00000,0.00000,0.00000,0.00000,0.00000,0.00000,0.00000,0.00000,0.00000,0.00000,0.00000,0.00000,0.00000,0.00000,0.00000,0.00000,0.00000,0.00000,0.00000,0.00000,0.00000,0.00000,0.00000,0.00000,0.00000,0.00000,0.00000,0.00000,0.00000,0.00000,0.00000,0.00000,0.00000,0.00000,0.00000,0.00000,0.00000,0.00000,0.00000,0.00000,0.00000,0.00000,0.00000,0.00000,0.00000,0.00000,0.00000,0.00000,0.00000,0.00000,0.00000,0.00000,0.00000,0.00000,0.00000,0.00000,0.00000,0.00000,0.00000,0.00000,0.00000,0.00000,0.00000,0.00000,0.00000,0.00000
1.9000,1,1,0.00,0.00,33.33,0.07285,0.08263,0.54030,0.53861,0.53861,0.4500,0,1,0.21789,-0.07473,0.01000,0.21893,-0.07448,0.01012,1.00,0.00,0.53861,0.38711,0.02685,0.46433,1.07906,0.00001,0.15090,0.38711,0.02676,0.46454,1.07945,0.00000,-0.17000,12,0.21336,-0.07152,0.01495,0.25990,0.09410,0,0.98608,0.00518,0.00011,-0.16620,virtual,1,394.73,324.76,394.73,324.76,394.73,324.76,394.73,324.76,394.73,324.76,394.73,324.76,394.73,324.76,394.73,324.76,394.73,324.76,394.73,324.76,394.73,324.76,394.73,324.76,394.73,324.76,394.73,324.76,394.73,324.76,394.73,324.76,394.73,324.76,394.73,324.76,394.73,324.76,394.73,324.76,394.73,324.76,0.00000,0.00000,0.00000,0.00000,0.00000,0.00000,0.00000,0.00000,0.00000,0.00000,0.00000,0.00000,0.00000,0.00000,0.00000,0.00000,0.00000,0.00000,0.00000,0.00000,0.00000,0.00000,0.00000,0.00000,0.00000,0.00000,0.00000,0.00000,0.00000,0.00000,0.00000,0.00000,0.00000,0.00000,0.00000,0.00000,0.00000,0.00000,0.00000,0.00000,0.00000,0.00000,0.00000,0.00000,0.00000,0.00000,0.00000,0.00000,0.00000,0.00000,0.00000,0.00000,0.00000,0.00000,0.00000,0.00000,0.00000,0.00000,0.00000,0.00000,0.00000,0.00000,0.00000,0.00000,0.00000,0.00000,0.00000,0.00000,0.00000,0.00000,0.00000,0.00000,0.00000,0.00000,0.00000,0.00000,0.00000,0.00000,0.00000,0.00000,0.00000,0.00000,0.00000,0.00000
1.9333,1,1,0.00,0.00,33.33,0.07259,0.08234,0.53840,0.53650,0.53650,0.4500,0,1,0.21789,-0.07473,0.01000,0.21864,-0.07434,0.00997,1.00,0.00,0.53650,0.38703,0.02703,0.46512,1.07985,0.00004,0.16371,0.38711,0.02676,0.46454,1.07945,0.00000,-0.17000,12,0.21341,-0.07155,0.01479,0.25990,0.09410,0,0.98560,0.00497,0.00012,-0.16901,virtual,1,394.73,324.76,394.73,324.76,394.73,324.76,394.73,324.76,394.73,324.76,394.73,324.76,394.73,324.76,394.73,324.76,394.73,324.76,394.73,324.76,394.73,324.76,394.73,324.76,394.73,324.76,394.73,324.76,394.73,324.76,394.73,324.76,394.73,324.76,394.73,324.76,394.73,324.76,394.73,324.76,394.73,324.76,0.00000,0.00000,0.00000,0.00000,0.00000,0.00000,0.00000,0.00000,0.00000,0.00000,0.00000,0.00000,0.00000,0.00000,0.00000,0.00000,0.00000,0.00000,0.00000,0.00000,0.00000,0.00000,0.00000,0.00000,0.00000,0.00000,0.00000,0.00000,0.00000,0.00000,0.00000,0.00000,0.00000,0.00000,0.00000,0.00000,0.00000,0.00000,0.00000,0.00000,0.00000,0.00000,0.00000,0.00000,0.00000,0.00000,0.00000,0.00000,0.00000,0.00000,0.00000,0.00000,0.00000,0.00000,0.00000,0.00000,0.00000,0.00000,0.00000,0.00000,0.00000,0.00000,0.00000,0.00000,0.00000,0.00000,0.00000,0.00000,0.00000,0.00000,0.00000,0.00000,0.00000,0.00000,0.00000,0.00000,0.00000,0.00000,0.00000,0.00000,0.00000,0.00000,0.00000,0.00000
1.9667,1,1,0.00,0.00,33.33,0.07234,0.08205,0.53651,0.53462,0.53462,0.4500,0,1,0.21789,-0.07473,0.01000,0.21865,-0.07435,0.00997,1.00,0.00,0.53462,0.38703,0.02709,0.46509,1.07978,0.00004,0.17184,0.38711,0.02676,0.46454,1.07945,0.00000,-0.17000,12,0.21371,-0.07167,0.01480,0.25990,0.09410,0,0.98524,0.00411,-0.00076,-0.17111,virtual,1,394.73,324.76,394.73,324.76,394.73,324.76,394.73,324.76,394.73,324.76,394.73,324.76,394.73,324.76,394.73,324.76,394.73,324.76,394.73,324.76,394.73,324.76,394.73,324.76,394.73,324.76,394.73,324.76,394.73,324.76,394.73,324.76,394.73,324.76,394.73,324.76,394.73,324.76,394.73,324.76,394.73,324.76,0.00000,0.00000,0.00000,0.00000,0.00000,0.00000,0.00000,0.00000,0.00000,0.00000,0.00000,0.00000,0.00000,0.00000,0.00000,0.00000,0.00000,0.00000,0.00000,0.00000,0.00000,0.00000,0.00000,0.00000,0.00000,0.00000,0.00000,0.00000,0.00000,0.00000,0.00000,0.00000,0.00000,0.00000,0.00000,0.00000,0.00000,0.00000,0.00000,0.00000,0.00000,0.00000,0.00000,0.00000,0.00000,0.00000,0.00000,0.00000,0.00000,0.00000,0.00000,0.00000,0.00000,0.00000,0.00000,0.00000,0.00000,0.00000,0.00000,0.00000,0.00000,0.00000,0.00000,0.00000,0.00000,0.00000,0.00000,0.00000,0.00000,0.00000,0.00000,0.00000,0.00000,0.00000,0.00000,0.00000,0.00000,0.00000,0.00000,0.00000,0.00000,0.00000,0.00000,0.00000
2.0000,1,1,0.00,0.00,33.33,0.07224,0.08194,0.53578,0.53506,0.53506,0.4500,0,1,0.21789,-0.07473,0.01000,0.21871,-0.07438,0.00999,1.00,0.00,0.53506,0.38705,0.02711,0.46492,1.07958,0.00003,0.17214,0.38711,0.02676,0.46454,1.07945,0.00000,-0.17000,12,0.21378,-0.07171,0.01481,0.25990,0.09410,0,0.98503,0.00354,-0.00185,-0.17234,virtual,1,394.73,324.76,394.73,324.76,394.73,324.76,394.73,324.76,394.73,324.76,394.73,324.76,394.73,324.76,394.73,324.76,394.73,324.76,394.73,324.76,394.73,324.76,394.73,324.76,394.73,324.76,394.73,324.76,394.73,324.76,394.73,324.76,394.73,324.76,394.73,324.76,394.73,324.76,394.73,324.76,394.73,324.76,0.00000,0.00000,0.00000,0.00000,0.00000,0.00000,0.00000,0.00000,0.00000,0.00000,0.00000,0.00000,0.00000,0.00000,0.00000,0.00000,0.00000,0.00000,0.00000,0.00000,0.00000,0.00000,0.00000,0.00000,0.00000,0.00000,0.00000,0.00000,0.00000,0.00000,0.00000,0.00000,0.00000,0.00000,0.00000,0.00000,0.00000,0.00000,0.00000,0.00000,0.00000,0.00000,0.00000,0.00000,0.00000,0.00000,0.00000,0.00000,0.00000,0.00000,0.00000,0.00000,0.00000,0.00000,0.00000,0.00000,0.00000,0.00000,0.00000,0.00000,0.00000,0.00000,0.00000,0.00000,0.00000,0.00000,0.00000,0.00000,0.00000,0.00000,0.00000,0.00000,0.00000,0.00000,0.00000,0.00000,0.00000,0.00000,0.00000,0.00000,0.00000,0.00000,0.00000,0.00000
2.0333,1,1,0.00,0.00,33.33,0.07185,0.08150,0.53294,0.53009,0.53009,0.4500,0,1,0.21789,-0.07473,0.01000,0.21872,-0.07439,0.01000,1.00,0.00,0.53009,0.38707,0.02711,0.46487,1.07953,0.00003,0.17195,0.38711,0.02676,0.46454,1.07945,0.00000,-0.17000,12,0.21380,-0.07171,0.01482,0.25990,0.09410,0,0.98486,0.00311,-0.00268,-0.17328,virtual,1,394.73,324.76,394.73,324.76,394.73,324.76,394.73,324.76,394.73,324.76,394.73,324.76,394.73,324.76,394.73,324.76,394.73,324.76,394.73,324.76,394.73,324.76,394.73,324.76,394.73,324.76,394.73,324.76,394.73,324.76,394.73,324.76,394.73,324.76,394.73,324.76,394.73,324.76,394.73,324.76,394.73,324.76,0.00000,0.00000,0.00000,0.00000,0.00000,0.00000,0.00000,0.00000,0.00000,0.00000,0.00000,0.00000,0.00000,0.00000,0.00000,0.00000,0.00000,0.00000,0.00000,0.00000,0.00000,0.00000,0.00000,0.00000,0.00000,0.00000,0.00000,0.00000,0.00000,0.00000,0.00000,0.00000,0.00000,0.00000,0.00000,0.00000,0.00000,0.00000,0.00000,0.00000,0.00000,0.00000,0.00000,0.00000,0.00000,0.00000,0.00000,0.00000,0.00000,0.00000,0.00000,0.00000,0.00000,0.00000,0.00000,0.00000,0.00000,0.00000,0.00000,0.00000,0.00000,0.00000,0.00000,0.00000,0.00000,0.00000,0.00000,0.00000,0.00000,0.00000,0.00000,0.00000,0.00000,0.00000,0.00000,0.00000,0.00000,0.00000,0.00000,0.00000,0.00000,0.00000,0.00000,0.00000
2.0667,1,1,0.00,0.00,33.33,0.07138,0.08096,0.52941,0.52588,0.52588,0.4500,0,1,0.21789,-0.07473,0.01000,0.21874,-0.07439,0.01000,1.00,0.00,0.52588,0.38708,0.02710,0.46483,1.07950,0.00004,0.17176,0.38711,0.02676,0.46454,1.07945,0.00000,-0.17000,12,0.21380,-0.07171,0.01483,0.25990,0.09410,0,0.98468,0.00261,-0.00355,-0.17433,virtual,1,394.73,324.76,394.73,324.76,394.73,324.76,394.73,324.76,394.73,324.76,394.73,324.76,394.73,324.76,394.73,324.76,394.73,324.76,394.73,324.76,394.73,324.76,394.73,324.76,394.73,324.76,394.73,324.76,394.73,324.76,394.73,324.76,394.73,324.76,394.73,324.76,394.73,324.76,394.73,324.76,394.73,324.76,0.00000,0.00000,0.00000,0.00000,0.00000,0.00000,0.00000,0.00000,0.00000,0.00000,0.00000,0.00000,0.00000,0.00000,0.00000,0.00000,0.00000,0.00000,0.00000,0.00000,0.00000,0.00000,0.00000,0.00000,0.00000,0.00000,0.00000,0.00000,0.00000,0.00000,0.00000,0.00000,0.00000,0.00000,0.00000,0.00000,0.00000,0.00000,0.00000,0.00000,0.00000,0.00000,0.00000,0.00000,0.00000,0.00000,0.00000,0.00000,0.00000,0.00000,0.00000,0.00000,0.00000,0.00000,0.00000,0.00000,0.00000,0.00000,0.00000,0.00000,0.00000,0.00000,0.00000,0.00000,0.00000,0.00000,0.00000,0.00000,0.00000,0.00000,0.00000,0.00000,0.00000,0.00000,0.00000,0.00000,0.00000,0.00000,0.00000,0.00000,0.00000,0.00000,0.00000,0.00000
2.1000,1,1,0.00,0.00,33.33,0.07110,0.08065,0.52734,0.52526,0.52526,0.4500,0,1,0.21789,-0.07473,0.01000,0.21875,-0.07440,0.01001,1.00,0.00,0.52526,0.38710,0.02709,0.46480,1.07948,0.00004,0.17156,0.38711,0.02676,0.46454,1.07945,0.00000,-0.17000,12,0.21380,-0.07171,0.01483,0.25990,0.09410,0,0.98449,0.00214,-0.00436,-0.17535,virtual,0,394.73,324.76,394.73,324.76,394.73,324.76,394.73,324.76,394.73,324.76,394.73,324.76,394.73,324.76,394.73,324.76,394.73,324.76,394.73,324.76,394.73,324.76,394.73,324.76,394.73,324.76,394.73,324.76,394.73,324.76,394.73,324.76,394.73,324.76,394.73,324.76,394.73,324.76,394.73,324.76,394.73,324.76,0.00000,0.00000,0.00000,0.00000,0.00000,0.00000,0.00000,0.00000,0.00000,0.00000,0.00000,0.00000,0.00000,0.00000,0.00000,0.00000,0.00000,0.00000,0.00000,0.00000,0.00000,0.00000,0.00000,0.00000,0.00000,0.00000,0.00000,0.00000,0.00000,0.00000,0.00000,0.00000,0.00000,0.00000,0.00000,0.00000,0.00000,0.00000,0.00000,0.00000,0.00000,0.00000,0.00000,0.00000,0.00000,0.00000,0.00000,0.00000,0.00000,0.00000,0.00000,0.00000,0.00000,0.00000,0.00000,0.00000,0.00000,0.00000,0.00000,0.00000,0.00000,0.00000,0.00000,0.00000,0.00000,0.00000,0.00000,0.00000,0.00000,0.00000,0.00000,0.00000,0.00000,0.00000,0.00000,0.00000,0.00000,0.00000,0.00000,0.00000,0.00000,0.00000,0.00000,0.00000
2.1333,1,1,0.00,0.00,33.33,0.07084,0.08036,0.52543,0.52353,0.52353,0.4500,0,1,0.21884,-0.07448,0.01029,0.21875,-0.07440,0.01001,0.20,0.00,0.52353,0.38711,0.02708,0.46479,1.07947,0.00004,0.17139,0.38711,0.02676,0.46454,1.07945,0.00000,-0.17000,12,0.21380,-0.07171,0.01483,0.25990,0.09410,0,0.98434,0.00176,-0.00500,-0.17618,virtual,0,394.73,324.76,394.73,324.76,394.73,324.76,394.73,324.76,394.73,324.76,394.73,324.76,394.73,324.76,394.73,324.76,394.73,324.76,394.73,324.76,394.73,324.76,394.73,324.76,394.73,324.76,394.73,324.76,394.73,324.76,394.73,324.76,394.73,324.76,394.73,324.76,394.73,324.76,394.73,324.76,394.73,324.76,0.00000,0.00000,0.00000,0.00000,0.00000,0.00000,0.00000,0.00000,0.00000,0.00000,0.00000,0.00000,0.00000,0.00000,0.00000,0.00000,0.00000,0.00000,0.00000,0.00000,0.00000,0.00000,0.00000,0.00000,0.00000,0.00000,0.00000,0.00000,0.00000,0.00000,0.00000,0.00000,0.00000,0.00000,0.00000,0.00000,0.00000,0.00000,0.00000,0.00000,0.00000,0.00000,0.00000,0.00000,0.00000,0.00000,0.00000,0.00000,0.00000,0.00000,0.00000,0.00000,0.00000,0.00000,0.00000,0.00000,0.00000,0.00000,0.00000,0.00000,0.00000,0.00000,0.00000,0.00000,0.00000,0.00000,0.00000,0.00000,0.00000,0.00000,0.00000,0.00000,0.00000,0.00000,0.00000,0.00000,0.00000,0.00000,0.00000,0.00000,0.00000,0.00000,0.00000,0.00000
2.1667,1,1,0.00,0.00,33.33,0.07058,0.08006,0.52348,0.52152,0.52152,0.4500,0,1,0.21982,-0.07421,0.01059,0.21984,-0.07423,0.01055,0.04,0.00,0.52152,0.38417,0.03078,0.45581,1.08335,-0.00001,0.17101,0.38432,0.03117,0.45498,1.08458,0.00000,-0.17000,12,0.21476,-0.07154,0.01538,0.25990,0.09410,0,0.98435,0.00080,-0.00624,-0.17611,virtual,0,394.73,324.76,394.73,324.76,394.73,324.76,394.73,324.76,394.73,324.76,394.73,324.76,394.73,324.76,394.73,324.76,394.73,324.76,394.73,324.76,394.73,324.76,394.73,324.76,394.73,324.76,394.73,324.76,394.73,324.76,394.73,324.76,394.73,324.76,394.73,324.76,394.73,324.76,394.73,324.76,394.73,324.76,0.00000,0.00000,0.00000,0.00000,0.00000,0.00000,0.00000,0.00000,0.00000,0.00000,0.00000,0.00000,0.00000,0.00000,0.00000,0.00000,0.00000,0.00000,0.00000,0.00000,0.00000,0.00000,0.00000,0.00000,0.00000,0.00000,0.00000,0.00000,0.00000,0.00000,0.00000,0.00000,0.00000,0.00000,0.00000,0.00000,0.00000,0.00000,0.00000,0.00000,0.00000,0.00000,0.00000,0.00000,0.00000,0.00000,0.00000,0.00000,0.00000,0.00000,0.00000,0.00000,0.00000,0.00000,0.00000,0.00000,0.00000,0.00000,0.00000,0.00000,0.00000,0.00000,0.00000,0.00000,0.00000,0.00000,0.00000,0.00000,0.00000,0.00000,0.00000,0.00000,0.00000,0.00000,0.00000,0.00000,0.00000,0.00000,0.00000,0.00000,0.00000,0.00000,0.00000,0.00000
2.2000,1,1,0.00,0.00,33.33,0.07069,0.08019,0.52431,0.52515,0.52515,0.4500,0,1,0.21940,-0.07433,0.01046,0.21973,-0.07418,0.01049,0.41,0.00,0.52515,0.38415,0.03166,0.45512,1.08447,-0.00001,0.17092,0.38432,0.03117,0.45498,1.08458,0.00000,-0.17000,12,0.21476,-0.07149,0.01534,0.25990,0.09410,0,0.98417,0.00050,-0.00638,-0.17710,virtual,0,394.73,324.76,394.73,324.76,394.73,324.76,394.73,324.76,394.73,324.76,394.73,324.76,394.73,324.76,394.73,324.76,394.73,324.76,394.73,324.76,394.73,324.76,394.73,324.76,394.73,324.76,394.73,324.76,394.73,324.76,394.73,324.76,394.73,324.76,394.73,324.76,394.73,324.76,394.73,324.76,394.73,324.76,0.00000,0.00000,0.00000,0.00000,0.00000,0.00000,0.00000,0.00000,0.00000,0.00000,0.00000,0.00000,0.00000,0.00000,0.00000,0.00000,0.00000,0.00000,0.00000,0.00000,0.00000,0.00000,0.00000,0.00000,0.00000,0.00000,0.00000,0.00000,0.00000,0.00000,0.00000,0.00000,0.00000,0.00000,0.00000,0.00000,0.00000,0.00000,0.00000,0.00000,0.00000,0.00000,0.00000,0.00000,0.00000,0.00000,0.00000,0.00000,0.00000,0.00000,0.00000,0.00000,0.00000,0.00000,0.00000,0.00000,0.00000,0.00000,0.00000,0.00000,0.00000,0.00000,0.00000,0.00000,0.00000,0.00000,0.00000,0.00000,0.00000,0.00000,0.00000,0.00000,0.00000,0.00000,0.00000,0.00000,0.00000,0.00000,0.00000,0.00000,0.00000,0.00000,0.00000,0.00000
2.2333,1,1,0.00,0.00,33.33,0.07067,0.08016,0.52412,0.52393,0.52393,0.4500,0,1,0.21949,-0.07430,0.01049,0.21962,-0.07418,0.01044,0.31,0.00,0.52393,0.38436,0.03170,0.45541,1.08468,-0.00000,0.17084,0.38432,0.03117,0.45498,1.08458,0.00000,-0.17000,12,0.21465,-0.07149,0.01529,0.25990,0.09410,0,0.98399,0.00023,-0.00660,-0.17813,virtual,0,394.73,324.76,394.73,324.76,394.73,324.76,394.73,324.76,394.73,324.76,394.73,324.76,394.73,324.76,394.73,324.76,394.73,324.76,394.73,324.76,394.73,324.76,394.73,324.76,394.73,324.76,394.73,324.76,394.73,324.76,394.73,324.76,394.73,324.76,394.73,324.76,394.73,324.76,394.73,324.76,394.73,324.76,0.00000,0.00000,0.00000,0.00000,0.00000,0.00000,0.00000,0.00000,0.00000,0.00000,0.00000,0.00000,0.00000,0.00000,0.00000,0.00000,0.00000,0.00000,0.00000,0.00000,0.00000,0.00000,0.00000,0.00000,0.00000,0.00000,0.00000,0.00000,0.00000,0.00000,0.00000,0.00000,0.00000,0.00000,0.00000,0.00000,0.00000,0.00000,0.00000,0.00000,0.00000,0.00000,0.00000,0.00000,0.00000,0.00000,0.00000,0.00000,0.00000,0.00000,0.00000,0.00000,0.00000,0.00000,0.00000,0.00000,0.00000,0.00000,0.00000,0.00000,0.00000,0.00000,0.00000,0.00000,0.00000,0.00000,0.00000,0.00000,0.00000,0.00000,0.00000,0.00000,0.00000,0.00000,0.00000,0.00000,0.00000,0.00000,0.00000,0.00000,0.00000,0.00000,0.00000,0.00000
2.2667,1,1,0.00,0.00,33.33,0.07038,0.07983,0.52200,0.51988,0.51988,0.4500,0,1,0.22055,-0.07402,0.01082,0.21966,-0.07420,0.01046,0.84,0.00,0.51988,0.38436,0.03166,0.45533,1.08458,0.00000,0.17066,0.38432,0.03117,0.45498,1.08458,0.00000,-0.17000,12,0.21467,-0.07149,0.01530,0.25990,0.09410,0,0.98380,-0.00019,-0.00735,-0.17914,virtual,0,394.73,324.76,394.73,324.76,394.73,324.76,394.73,324.76,394.73,324.76,394.73,324.76,394.73,324.76,394.73,324.76,394.73,324.76,394.73,324.76,394.73,324.76,394.73,324.76,394.73,324.76,394.73,324.76,394.73,324.76,394.73,324.76,394.73,324.76,394.73,324.76,394.73,324.76,394.73,324.76,394.73,324.76,0.00000,0.00000,0.00000,0.00000,0.00000,0.00000,0.00000,0.00000,0.00000,0.00000,0.00000,0.00000,0.00000,0.00000,0.00000,0.00000,0.00000,0.00000,0.00000,0.00000,0.00000,0.00000,0.00000,0.00000,0.00000,0.00000,0.00000,0.00000,0.00000,0.00000,0.00000,0.00000,0.00000,0.00000,0.00000,0.00000,0.00000,0.00000,0.00000,0.00000,0.00000,0.00000,0.00000,0.00000,0.00000,0.00000,0.00000,0.00000,0.00000,0.00000,0.00000,0.00000,0.00000,0.00000,0.00000,0.00000,0.00000,0.00000,0.00000,0.00000,0.00000,0.00000,0.00000,0.00000,0.00000,0.00000,0.00000,0.00000,0.00000,0.00000,0.00000,0.00000,0.00000,0.00000,0.00000,0.00000,0.00000,0.00000,0.00000,0.00000,0.00000,0.00000,0.00000,0.00000
2.3000,1,1,0.00,0.00,33.33,0.07034,0.07978,0.52169,0.52137,0.52137,0.4500,0,1,0.22071,-0.07397,0.01086,0.22082,-0.07411,0.01098,0.05,0.00,0.52137,0.38171,0.03504,0.44701,1.08713,-0.00000,0.17029,0.38147,0.03581,0.44670,1.08823,0.00000,-0.17000,12,0.21557,-0.07136,0.01568,0.25990,0.09410,0,0.98381,-0.00084,-0.00846,-0.17901,virtual,0,394.73,324.76,394.73,324.76,394.73,324.76,394.73,324.76,394.73,324.76,394.73,324.76,394.73,324.76,394.73,324.76,394.73,324.76,394.73,324.76,394.73,324.76,394.73,324.76,394.73,324.76,394.73,324.76,394.73,324.76,394.73,324.76,394.73,324.76,394.73,324.76,394.73,324.76,394.73,324.76,394.73,324.76,0.00000,0.00000,0.00000,0.00000,0.00000,0.00000,0.00000,0.00000,0.00000,0.00000,0.00000,0.00000,0.00000,0.00000,0.00000,0.00000,0.00000,0.00000,0.00000,0.00000,0.00000,0.00000,0.00000,0.00000,0.00000,0.00000,0.00000,0.00000,0.00000,0.00000,0.00000,0.00000,0.00000,0.00000,0.00000,0.00000,0.00000,0.00000,0.00000,0.00000,0.00000,0.00000,0.00000,0.00000,0.00000,0.00000,0.00000,0.00000,0.00000,0.00000,0.00000,0.00000,0.00000,0.00000,0.00000,0.00000,0.00000,0.00000,0.00000,0.00000,0.00000,0.00000,0.00000,0.00000,0.00000,0.00000,0.00000,0.00000,0.00000,0.00000,0.00000,0.00000,0.00000,0.00000,0.00000,0.00000,0.00000,0.00000,0.00000,0.00000,0.00000,0.00000,0.00000,0.00000
2.3333,1,1,0.00,0.00,33.33,0.07024,0.07968,0.52099,0.52029,0.52029,0.4500,0,1,0.22106,-0.07388,0.01097,0.22057,-0.07390,0.01072,0.42,0.00,0.52029,0.38123,0.03664,0.44686,1.08821,0.00000,0.16999,0.38147,0.03581,0.44670,1.08823,0.00000,-0.17000,12,0.21559,-0.07121,0.01548,0.25990,0.09410,0,0.98373,-0.00094,-0.00807,-0.17948,virtual,0,394.73,324.76,394.73,324.76,394.73,324.76,394.73,324.76,394.73,324.76,394.73,324.76,394.73,324.76,394.73,324.76,394.73,324.76,394.73,324.76,394.73,324.76,394.73,324.76,394.73,324.76,394.73,324.76,394.73,324.76,394.73,324.76,394.73,324.76,394.73,324.76,394.73,324.76,394.73,324.76,394.73,324.76,0.00000,0.00000,0.00000,0.00000,0.00000,0.00000,0.00000,0.00000,0.00000,0.00000,0.00000,0.00000,0.00000,0.00000,0.00000,0.00000,0.00000,0.00000,0.00000,0.00000,0.00000,0.00000,0.00000,0.00000,0.00000,0.00000,0.00000,0.00000,0.00000,0.00000,0.00000,0.00000,0.00000,0.00000,0.00000,0.00000,0.00000,0.00000,0.00000,0.00000,0.00000,0.00000,0.00000,0.00000,0.00000,0.00000,0.00000,0.00000,0.00000,0.00000,0.00000,0.00000,0.00000,0.00000,0.00000,0.00000,0.00000,0.00000,0.00000,0.00000,0.00000,0.00000,0.00000,0.00000,0.00000,0.00000,0.00000,0.00000,0.00000,0.00000,0.00000,0.00000,0.00000,0.00000,0.00000,0.00000,0.00000,0.00000,0.00000,0.00000,0.00000,0.00000,0.00000,0.00000
2.3667,1,1,0.00,0.00,33.33,0.07021,0.07964,0.52072,0.52045,0.52045,0.4500,0,1,0.22120,-0.07384,0.01101,0.22051,-0.07395,0.01073,0.56,0.00,0.52045,0.38156,0.03639,0.44710,1.08833,0.00000,0.16995,0.38147,0.03581,0.44670,1.08823,0.00000,-0.17000,12,0.21549,-0.07124,0.01546,0.25990,0.09410,0,0.98352,-0.00122,-0.00838,-0.18059,virtual,0,394.73,324.76,394.73,324.76,394.73,324.76,394.73,324.76,394.73,324.76,394.73,324.76,394.73,324.76,394.73,324.76,394.73,324.76,394.73,324.76,394.73,324.76,394.73,324.76,394.73,324.76,394.73,324.76,394.73,324.76,394.73,324.76,394.73,324.76,394.73,324.76,394.73,324.76,394.73,324.76,394.73,324.76,0.00000,0.00000,0.00000,0.00000,0.00000,0.00000,0.00000,0.00000,0.00000,0.00000,0.00000,0.00000,0.00000,0.00000,0.00000,0.00000,0.00000,0.00000,0.00000,0.00000,0.00000,0.00000,0.00000,0.00000,0.00000,0.00000,0.00000,0.00000,0.00000,0.00000,0.00000,0.00000,0.00000,0.00000,0.00000,0.00000,0.00000,0.00000,0.00000,0.00000,0.00000,0.00000,0.00000,0.00000,0.00000,0.00000,0.00000,0.00000,0.00000,0.00000,0.00000,0.00000,0.00000,0.00000,0.00000,0.00000,0.00000,0.00000,0.00000,0.00000,0.00000,0.00000,0.00000,0.00000,0.00000,0.00000,0.00000,0.00000,0.00000,0.00000,0.00000,0.00000,0.00000,0.00000,0.00000,0.00000,0.00000,0.00000,0.00000,0.00000,0.00000,0.00000,0.00000,0.00000
2.4000,1,1,0.00,0.00,33.33,0.06996,0.07935,0.51888,0.51704,0.51704,0.4500,0,1,0.22211,-0.07359,0.01129,0.22238,-0.07384,0.01154,0.08,0.01,0.51704,0.37753,0.04220,0.43349,1.09237,-0.00000,0.16971,0.37713,0.04309,0.43387,1.09374,0.00000,-0.17000,12,0.21710,-0.07125,0.01608,0.25990,0.09410,0,0.98361,-0.00183,-0.01024,-0.17999,virtual,0,394.73,324.76,394.73,324.76,394.73,324.76,394.73,324.76,394.73,324.76,394.73,324.76,394.73,324.76,394.73,324.76,394.73,324.76,394.73,324.76,394.73,324.76,394.73,324.76,394.73,324.76,394.73,324.76,394.73,324.76,394.73,324.76,394.73,324.76,394.73,324.76,394.73,324.76,394.73,324.76,394.73,324.76,0.00000,0.00000,0.00000,0.00000,0.00000,0.00000,0.00000,0.00000,0.00000,0.00000,0.00000,0.00000,0.00000,0.00000,0.00000,0.00000,0.00000,0.00000,0.00000,0.00000,0.00000,0.00000,0.00000,0.00000,0.00000,0.00000,0.00000,0.00000,0.00000,0.00000,0.00000,0.00000,0.00000,0.00000,0.00000,0.00000,0.00000,0.00000,0.00000,0.00000,0.00000,0.00000,0.00000,0.00000,0.00000,0.00000,0.00000,0.00000,0.00000,0.00000,0.00000,0.00000,0.00000,0.00000,0.00000,0.00000,0.00000,0.00000,0.00000,0.00000,0.00000,0.00000,0.00000,0.00000,0.00000,0.00000,0.00000,0.00000,0.00000,0.00000,0.00000,0.00000,0.00000,0.00000,0.00000,0.00000,0.00000,0.00000,0.00000,0.00000,0.00000,0.00000,0.00000,0.00000
2.4333,1,1,0.00,0.00,33.33,0.07022,0.07965,0.52083,0.52278,0.52278,0.4500,0,1,0.22114,-0.07386,0.01099,0.22183,-0.07345,0.01104,0.99,0.01,0.52278,0.37672,0.04449,0.43420,1.09401,0.00000,0.16966,0.37713,0.04309,0.43387,1.09374,0.00000,-0.17000,12,0.21681,-0.07088,0.01556,0.25990,0.09410,0,0.98360,-0.00159,-0.00828,-0.18017,virtual,0,394.73,324.76,394.73,324.76,394.73,324.76,394.73,324.76,394.73,324.76,394.73,324.76,394.73,324.76,394.73,324.76,394.73,324.76,394.73,324.76,394.73,324.76,394.73,324.76,394.73,324.76,394.73,324.76,394.73,324.76,394.73,324.76,394.73,324.76,394.73,324.76,394.73,324.76,394.73,324.76,394.73,324.76,0.00000,0.00000,0.00000,0.00000,0.00000,0.00000,0.00000,0.00000,0.00000,0.00000,0.00000,0.00000,0.00000,0.00000,0.00000,0.00000,0.00000,0.00000,0.00000,0.00000,0.00000,0.00000,0.00000,0.00000,0.00000,0.00000,0.00000,0.00000,0.00000,0.00000,0.00000,0.00000,0.00000,0.00000,0.00000,0.00000,0.00000,0.00000,0.00000,0.00000,0.00000,0.00000,0.00000,0.00000,0.00000,0.00000,0.00000,0.00000,0.00000,0.00000,0.00000,0.00000,0.00000,0.00000,0.00000,0.00000,0.00000,0.00000,0.00000,0.00000,0.00000,0.00000,0.00000,0.00000,0.00000,0.00000,0.00000,0.00000,0.00000,0.00000,0.00000,0.00000,0.00000,0.00000,0.00000,0.00000,0.00000,0.00000,0.00000,0.00000,0.00000,0.00000,0.00000,0.00000
2.4667,1,1,0.00,0.00,33.33,0.07039,0.07985,0.52209,0.52336,0.52336,0.4500,0,1,0.22051,-0.07403,0.01080,0.22022,-0.07393,0.01063,0.08,0.01,0.52336,0.38202,0.03623,0.44799,1.08894,0.00001,0.16963,0.38163,0.03569,0.44770,1.08751,0.00000,-0.17000,12,0.21520,-0.07113,0.01505,0.25990,0.09410,0,0.98305,-0.00189,-0.00775,-0.18314,virtual,0,394.73,324.76,394.73,324.76,394.73,324.76,394.73,324.76,394.73,324.76,394.73,324.76,394.73,324.76,394.73,324.76,394.73,324.76,394.73,324.76,394.73,324.76,394.73,324.76,394.73,324.76,394.73,324.76,394.73,324.76,394.73,324.76,394.73,324.76,394.73,324.76,394.73,324.76,394.73,324.76,394.73,324.76,0.00000,0.00000,0.00000,0.00000,0.00000,0.00000,0.00000,0.00000,0.00000,0.00000,0.00000,0.00000,0.00000,0.00000,0.00000,0.00000,0.00000,0.00000,0.00000,0.00000,0.00000,0.00000,0.00000,0.00000,0.00000,0.00000,0.00000,0.00000,0.00000,0.00000,0.00000,0.00000,0.00000,0.00000,0.00000,0.00000,0.00000,0.00000,0.00000,0.00000,0.00000,0.00000,0.00000,0.00000,0.00000,0.00000,0.00000,0.00000,0.00000,0.00000,0.00000,0.00000,0.00000,0.00000,0.00000,0.00000,0.00000,0.00000,0.00000,0.00000,0.00000,0.00000,0.00000,0.00000,0.00000,0.00000,0.00000,0.00000,0.00000,0.00000,0.00000,0.00000,0.00000,0.00000,0.00000,0.00000,0.00000,0.00000,0.00000,0.00000,0.00000,0.00000,0.00000,0.00000
2.5000,1,1,0.00,0.00,33.33,0.07041,0.07987,0.52226,0.52242,0.52242,0.4500,0,1,0.22043,-0.07405,0.01078,0.22049,-0.07398,0.01071,0.16,0.01,0.52242,0.38175,0.03578,0.44811,1.08740,0.00001,0.16943,0.38163,0.03569,0.44770,1.08751,0.00000,-0.17000,12,0.21543,-0.07126,0.01512,0.25990,0.09410,0,0.98288,-0.00234,-0.00918,-0.18402,virtual,0,394.73,324.76,394.73,324.76,394.73,324.76,394.73,324.76,394.73,324.76,394.73,324.76,394.73,324.76,394.73,324.76,394.73,324.76,394.73,324.76,394.73,324.76,394.73,324.76,394.73,324.76,394.73,324.76,394.73,324.76,394.73,324.76,394.73,324.76,394.73,324.76,394.73,324.76,394.73,324.76,394.73,324.76,0.00000,0.00000,0.00000,0.00000,0.00000,0.00000,0.00000,0.00000,0.00000,0.00000,0.00000,0.00000,0.00000,0.00000,0.00000,0.00000,0.00000,0.00000,0.00000,0.00000,0.00000,0.00000,0.00000,0.00000,0.00000,0.00000,0.00000,0.00000,0.00000,0.00000,0.00000,0.00000,0.00000,0.00000,0.00000,0.00000,0.00000,0.00000,0.00000,0.00000,0.00000,0.00000,0.00000,0.00000,0.00000,0.00000,0.00000,0.00000,0.00000,0.00000,0.00000,0.00000,0.00000,0.00000,0.00000,0.00000,0.00000,0.00000,0.00000,0.00000,0.00000,0.00000,0.00000,0.00000,0.00000,0.00000,0.00000,0.00000,0.00000,0.00000,0.00000,0.00000,0.00000,0.00000,0.00000,0.00000,0.00000,0.00000,0.00000,0.00000,0.00000,0.00000,0.00000,0.00000
2.5333,1,1,0.00,0.00,33.33,0.07013,0.07955,0.52016,0.51807,0.51807,0.4500,0,1,0.22147,-0.07377,0.01110,0.22046,-0.07396,0.01066,0.98,0.01,0.51807,0.38173,0.03613,0.44802,1.08749,0.00002,0.16940,0.38163,0.03569,0.44770,1.08751,0.00000,-0.17000,12,0.21543,-0.07124,0.01507,0.25990,0.09410,0,0.98277,-0.00257,-0.00940,-0.18459,virtual,0,394.73,324.76,394.73,324.76,394.73,324.76,394.73,324.76,394.73,324.76,394.73,324.76,394.73,324.76,394.73,324.76,394.73,324.76,394.73,324.76,394.73,324.76,394.73,324.76,394.73,324.76,394.73,324.76,394.73,324.76,394.73,324.76,394.73,324.76,394.73,324.76,394.73,324.76,394.73,324.76,394.73,324.76,0.00000,0.00000,0.00000,0.00000,0.00000,0.00000,0.00000,0.00000,0.00000,0.00000,0.00000,0.00000,0.00000,0.00000,0.00000,0.00000,0.00000,0.00000,0.00000,0.00000,0.00000,0.00000,0.00000,0.00000,0.00000,0.00000,0.00000,0.00000,0.00000,0.00000,0.00000,0.00000,0.00000,0.00000,0.00000,0.00000,0.00000,0.00000,0.00000,0.00000,0.00000,0.00000,0.00000,0.00000,0.00000,0.00000,0.00000,0.00000,0.00000,0.00000,0.00000,0.00000,0.00000,0.00000,0.00000,0.00000,0.00000,0.00000,0.00000,0.00000,0.00000,0.00000,0.00000,0.00000,0.00000,0.00000,0.00000,0.00000,0.00000,0.00000,0.00000,0.00000,0.00000,0.00000,0.00000,0.00000,0.00000,0.00000,0.00000,0.00000,0.00000,0.00000,0.00000,0.00000
2.5667,1,1,0.00,0.00,33.33,0.07021,0.07964,0.52074,0.52131,0.52131,0.4500,0,1,0.22119,-0.07385,0.01101,0.22046,-0.07395,0.01067,0.67,0.01,0.52131,0.38166,0.03605,0.44805,1.08752,0.00002,0.16936,0.38163,0.03569,0.44770,1.08751,0.00000,-0.17000,12,0.21543,-0.07123,0.01508,0.25990,0.09410,0,0.98264,-0.00281,-0.00976,-0.18525,virtual,0,394.73,324.76,394.73,324.76,394.73,324.76,394.73,324.76,394.73,324.76,394.73,324.76,394.73,324.76,394.73,324.76,394.73,324.76,394.73,324.76,394.73,324.76,394.73,324.76,394.73,324.76,394.73,324.76,394.73,324.76,394.73,324.76,394.73,324.76,394.73,324.76,394.73,324.76,394.73,324.76,394.73,324.76,0.00000,0.00000,0.00000,0.00000,0.00000,0.00000,0.00000,0.00000,0.00000,0.00000,0.00000,0.00000,0.00000,0.00000,0.00000,0.00000,0.00000,0.00000,0.00000,0.00000,0.00000,0.00000,0.00000,0.00000,0.00000,0.00000,0.00000,0.00000,0.00000,0.00000,0.00000,0.00000,0.00000,0.00000,0.00000,0.00000,0.00000,0.00000,0.00000,0.00000,0.00000,0.00000,0.00000,0.00000,0.00000,0.00000,0.00000,0.00000,0.00000,0.00000,0.00000,0.00000,0.00000,0.00000,0.00000,0.00000,0.00000,0.00000,0.00000,0.00000,0.00000,0.00000,0.00000,0.00000,0.00000,0.00000,0.00000,0.00000,0.00000,0.00000,0.00000,0.00000,0.00000,0.00000,0.00000,0.00000,0.00000,0.00000,0.00000,0.00000,0.00000,0.00000,0.00000,0.00000
2.6000,1,1,0.00,0.00,33.33,0.07023,0.07966,0.52087,0.52101,0.52101,0.4500,0,1,0.22112,-0.07386,0.01099,0.22046,-0.07395,0.01067,0.60,0.01,0.52101,0.38165,0.03607,0.44802,1.08755,0.00002,0.16931,0.38163,0.03569,0.44770,1.08751,0.00000,-0.17000,12,0.21543,-0.07122,0.01508,0.25990,0.09410,0,0.98251,-0.00305,-0.01011,-0.18590,virtual,0,394.73,324.76,394.73,324.76,394.73,324.76,394.73,324.76,394.73,324.76,394.73,324.76,394.73,324.76,394.73,324.76,394.73,324.76,394.73,324.76,394.73,324.76,394.73,324.76,394.73,324.76,394.73,324.76,394.73,324.76,394.73,324.76,394.73,324.76,394.73,324.76,394.73,324.76,394.73,324.76,394.73,324.76,0.00000,0.00000,0.00000,0.00000,0.00000,0.00000,0.00000,0.00000,0.00000,0.00000,0.00000,0.00000,0.00000,0.00000,0.00000,0.00000,0.00000,0.00000,0.00000,0.00000,0.00000,0.00000,0.00000,0.00000,0.00000,0.00000,0.00000,0.00000,0.00000,0.00000,0.00000,0.00000,0.00000,0.00000,0.00000,0.00000,0.00000,0.00000,0.00000,0.00000,0.00000,0.00000,0.00000,0.00000,0.00000,0.00000,0.00000,0.00000,0.00000,0.00000,0.00000,0.00000,0.00000,0.00000,0.00000,0.00000,0.00000,0.00000,0.00000,0.00000,0.00000,0.00000,0.00000,0.00000,0.00000,0.00000,0.00000,0.00000,0.00000,0.00000,0.00000,0.00000,0.00000,0.00000,0.00000,0.00000,0.00000,0.00000,0.00000,0.00000,0.00000,0.00000,0.00000,0.00000
2.6333,1,1,0.00,0.00,33.33,0.07029,0.07973,0.52131,0.52175,0.52175,0.4500,0,1,0.22090,-0.07392,0.01092,0.22046,-0.07395,0.01067,0.36,0.01,0.52175,0.38165,0.03608,0.44801,1.08754,0.00002,0.16926,0.38163,0.03569,0.44770,1.08751,0.00000,-0.17000,12,0.21542,-0.07122,0.01508,0.25990,0.09410,0,0.98241,-0.00323,-0.01039,-0.18644,virtual,0,394.73,324.76,394.73,324.76,394.73,324.76,394.73,324.76,394.73,324.76,394.73,324.76,394.73,324.76,394.73,324.76,394.73,324.76,394.73,324.76,394.73,324.76,394.73,324.76,394.73,324.76,394.73,324.76,394.73,324.76,394.73,324.76,394.73,324.76,394.73,324.76,394.73,324.76,394.73,324.76,394.73,324.76,0.00000,0.00000,0.00000,0.00000,0.00000,0.00000,0.00000,0.00000,0.00000,0.00000,0.00000,0.00000,0.00000,0.00000,0.00000,0.00000,0.00000,0.00000,0.00000,0.00000,0.00000,0.00000,0.00000,0.00000,0.00000,0.00000,0.00000,0.00000,0.00000,0.00000,0.00000,0.00000,0.00000,0.00000,0.00000,0.00000,0.00000,0.00000,0.00000,0.00000,0.00000,0.00000,0.00000,0.00000,0.00000,0.00000,0.00000,0.00000,0.00000,0.00000,0.00000,0.00000,0.00000,0.00000,0.00000,0.00000,0.00000,0.00000,0.00000,0.00000,0.00000,0.00000,0.00000,0.00000,0.00000,0.00000,0.00000,0.00000,0.00000,0.00000,0.00000,0.00000,0.00000,0.00000,0.00000,0.00000,0.00000,0.00000,0.00000,0.00000,0.00000,0.00000,0.00000,0.00000
2.6667,1,1,0.00,0.00,33.33,0.07025,0.07761,0.52115,0.52098,0.52098,0.4500,0,1,0.22098,-0.07389,0.01304,0.22094,-0.07391,0.01290,0.27,0.01,0.52098,0.38054,0.03164,0.43536,1.10498,0.00001,0.16920,0.38047,0.03162,0.43632,1.10277,0.00000,-0.17000,12,0.21580,-0.07116,0.01710,0.25990,0.09410,0,0.98236,-0.00336,-0.01032,-0.18671,virtual,0,394.71,320.31,394.71,320.31,394.71,320.31,394.71,320.31,394.71,320.31,394.71,320.31,394.71,320.31,394.71,320.31,394.71,320.31,394.71,320.31,394.71,320.31,394.71,320.31,394.71,320.31,394.71,320.31,394.71,320.31,394.71,320.31,394.71,320.31,394.71,320.31,394.71,320.31,394.71,320.31,394.71,320.31,0.00000,0.00000,0.00000,0.00000,0.00000,0.00000,0.00000,0.00000,0.00000,0.00000,0.00000,0.00000,0.00000,0.00000,0.00000,0.00000,0.00000,0.00000,0.00000,0.00000,0.00000,0.00000,0.00000,0.00000,0.00000,0.00000,0.00000,0.00000,0.00000,0.00000,0.00000,0.00000,0.00000,0.00000,0.00000,0.00000,0.00000,0.00000,0.00000,0.00000,0.00000,0.00000,0.00000,0.00000,0.00000,0.00000,0.00000,0.00000,0.00000,0.00000,0.00000,0.00000,0.00000,0.00000,0.00000,0.00000,0.00000,0.00000,0.00000,0.00000,0.00000,0.00000,0.00000,0.00000,0.00000,0.00000,0.00000,0.00000,0.00000,0.00000,0.00000,0.00000,0.00000,0.00000,0.00000,0.00000,0.00000,0.00000,0.00000,0.00000,0.00000,0.00000,0.00000,0.00000
2.7000,1,1,0.00,0.00,33.33,0.07024,0.07447,0.52121,0.52127,0.52127,0.4500,0,1,0.22095,-0.07388,0.01618,0.22090,-0.07384,0.01638,0.45,0.01,0.52127,0.38032,0.01989,0.42175,1.13115,0.00000,0.16916,0.38042,0.02153,0.42481,1.12437,0.00000,-0.17000,12,0.21581,-0.07110,0.02058,0.25990,0.09410,0,0.98225,-0.00344,-0.00993,-0.18730,virtual,0,394.68,315.85,394.68,315.85,394.68,315.85,394.68,315.85,394.68,315.85,394.68,315.85,394.68,315.85,394.68,315.85,394.68,315.85,394.68,315.85,394.68,315.85,394.68,315.85,394.68,315.85,394.68,315.85,394.68,315.85,394.68,315.85,394.68,315.85,394.68,315.85,394.68,315.85,394.68,315.85,394.68,315.85,0.00000,0.00000,0.00000,0.00000,0.00000,0.00000,0.00000,0.00000,0.00000,0.00000,0.00000,0.00000,0.00000,0.00000,0.00000,0.00000,0.00000,0.00000,0.00000,0.00000,0.00000,0.00000,0.00000,0.00000,0.00000,0.00000,0.00000,0.00000,0.00000,0.00000,0.00000,0.00000,0.00000,0.00000,0.00000,0.00000,0.00000,0.00000,0.00000,0.00000,0.00000,0.00000,0.00000,0.00000,0.00000,0.00000,0.00000,0.00000,0.00000,0.00000,0.00000,0.00000,0.00000,0.00000,0.00000,0.00000,0.00000,0.00000,0.00000,0.00000,0.00000,0.00000,0.00000,0.00000,0.00000,0.00000,0.00000,0.00000,0.00000,0.00000,0.00000,0.00000,0.00000,0.00000,0.00000,0.00000,0.00000,0.00000,0.00000,0.00000,0.00000,0.00000,0.00000,0.00000
2.7333,1,1,0.00,0.00,33.33,0.07032,0.07089,0.52190,0.52259,0.52259,0.4500,0,1,0.22061,-0.07395,0.01976,0.22045,-0.07391,0.01994,0.55,0.01,0.52259,0.38152,0.00461,0.41216,1.15575,0.00000,0.16905,0.38135,0.00788,0.41366,1.14917,0.00000,-0.17000,12,0.21532,-0.07113,0.02403,0.25990,0.09410,0,0.98202,-0.00369,-0.01048,-0.18844,virtual,0,394.66,311.39,394.66,311.39,394.66,311.39,394.66,311.39,394.66,311.39,394.66,311.39,394.66,311.39,394.66,311.39,394.66,311.39,394.66,311.39,394.66,311.39,394.66,311.39,394.66,311.39,394.66,311.39,394.66,311.39,394.66,311.39,394.66,311.39,394.66,311.39,394.66,311.39,394.66,311.39,394.66,311.39,0.00000,0.00000,0.00000,0.00000,0.00000,0.00000,0.00000,0.00000,0.00000,0.00000,0.00000,0.00000,0.00000,0.00000,0.00000,0.00000,0.00000,0.00000,0.00000,0.00000,0.00000,0.00000,0.00000,0.00000,0.00000,0.00000,0.00000,0.00000,0.00000,0.00000,0.00000,0.00000,0.00000,0.00000,0.00000,0.00000,0.00000,0.00000,0.00000,0.00000,0.00000,0.00000,0.00000,0.00000,0.00000,0.00000,0.00000,0.00000,0.00000,0.00000,0.00000,0.00000,0.00000,0.00000,0.00000,0.00000,0.00000,0.00000,0.00000,0.00000,0.00000,0.00000,0.00000,0.00000,0.00000,0.00000,0.00000,0.00000,0.00000,0.00000,0.00000,0.00000,0.00000,0.00000,0.00000,0.00000,0.00000,0.00000,0.00000,0.00000,0.00000,0.00000,0.00000,0.00000
2.7667,1,1,0.00,0.00,33.33,0.07033,0.06700,0.52216,0.52243,0.52243,0.4500,0,1,0.22047,-0.07397,0.02365,0.22031,-0.07392,0.02341,0.57,0.01,0.52243,0.38183,-0.00497,0.39616,1.18312,0.00000,0.16900,0.38172,-0.00521,0.39892,1.17697,0.00000,-0.17000,12,0.21524,-0.07118,0.02732,0.25990,0.09410,0,0.98186,-0.00366,-0.00947,-0.18934,virtual,0,394.63,306.94,394.63,306.94,394.63,306.94,394.63,306.94,394.63,306.94,394.63,306.94,394.63,306.94,394.63,306.94,394.63,306.94,394.63,306.94,394.63,306.94,394.63,306.94,394.63,306.94,394.63,306.94,394.63,306.94,394.63,306.94,394.63,306.94,394.63,306.94,394.63,306.94,394.63,306.94,394.63,306.94,0.00000,0.00000,0.00000,0.00000,0.00000,0.00000,0.00000,0.00000,0.00000,0.00000,0.00000,0.00000,0.00000,0.00000,0.00000,0.00000,0.00000,0.00000,0.00000,0.00000,0.00000,0.00000,0.00000,0.00000,0.00000,0.00000,0.00000,0.00000,0.00000,0.00000,0.00000,0.00000,0.00000,0.00000,0.00000,0.00000,0.00000,0.00000,0.00000,0.00000,0.00000,0.00000,0.00000,0.00000,0.00000,0.00000,0.00000,0.00000,0.00000,0.00000,0.00000,0.00000,0.00000,0.00000,0.00000,0.00000,0.00000,0.00000,0.00000,0.00000,0.00000,0.00000,0.00000,0.00000,0.00000,0.00000,0.00000,0.00000,0.00000,0.00000,0.00000,0.00000,0.00000,0.00000,0.00000,0.00000,0.00000,0.00000,0.00000,0.00000,0.00000,0.00000,0.00000,0.00000
2.8000,1,1,0.00,0.00,33.33,0.07033,0.06295,0.52226,0.52235,0.52235,0.4500,0,1,0.22043,-0.07396,0.02770,0.22038,-0.07395,0.02817,0.57,0.01,0.52235,0.38183,-0.02119,0.37865,1.21426,-0.00000,0.16889,0.38179,-0.01735,0.38182,1.20619,0.00000,-0.17000,12,0.21538,-0.07123,0.03207,0.25990,0.09410,0,0.98171,-0.00414,-0.01123,-0.19000,virtual,0,394.62,302.50,394.62,302.50,394.62,302.50,394.62,302.50,394.62,302.50,394.62,302.50,394.62,302.50,394.62,302.50,394.62,302.50,394.62,302.50,394.62,302.50,394.62,302.50,394.62,302.50,394.62,302.50,394.62,302.50,394.62,302.50,394.62,302.50,394.62,302.50,394.62,302.50,394.62,302.50,394.62,302.50,0.00000,0.00000,0.00000,0.00000,0.00000,0.00000,0.00000,0.00000,0.00000,0.00000,0.00000,0.00000,0.00000,0.00000,0.00000,0.00000,0.00000,0.00000,0.00000,0.00000,0.00000,0.00000,0.00000,0.00000,0.00000,0.00000,0.00000,0.00000,0.00000,0.00000,0.00000,0.00000,0.00000,0.00000,0.00000,0.00000,0.00000,0.00000,0.00000,0.00000,0.00000,0.00000,0.00000,0.00000,0.00000,0.00000,0.00000,0.00000,0.00000,0.00000,0.00000,0.00000,0.00000,0.00000,0.00000,0.00000,0.00000,0.00000,0.00000,0.00000,0.00000,0.00000,0.00000,0.00000,0.00000,0.00000,0.00000,0.00000,0.00000,0.00000,0.00000,0.00000,0.00000,0.00000,0.00000,0.00000,0.00000,0.00000,0.00000,0.00000,0.00000,0.00000,0.00000,0.00000
2.8333,1,1,0.00,0.00,33.33,0.07046,0.05895,0.52341,0.52457,0.52457,0.4500,0,1,0.21985,-0.07410,0.03169,0.21984,-0.07412,0.03201,0.60,0.01,0.52457,0.38363,-0.03467,0.36491,1.24157,0.00000,0.16878,0.38342,-0.03170,0.36799,1.23440,0.00000,-0.17000,12,0.21479,-0.07133,0.03578,0.25990,0.09410,0,0.98145,-0.00424,-0.01110,-0.19136,virtual,0,394.59,298.07,394.59,298.07,394.59,298.07,394.59,298.07,394.59,298.07,394.59,298.07,394.59,298.07,394.59,298.07,394.59,298.07,394.59,298.07,394.59,298.07,394.59,298.07,394.59,298.07,394.59,298.07,394.59,298.07,394.59,298.07,394.59,298.07,394.59,298.07,394.59,298.07,394.59,298.07,394.59,298.07,0.00000,0.00000,0.00000,0.00000,0.00000,0.00000,0.00000,0.00000,0.00000,0.00000,0.00000,0.00000,0.00000,0.00000,0.00000,0.00000,0.00000,0.00000,0.00000,0.00000,0.00000,0.00000,0.00000,0.00000,0.00000,0.00000,0.00000,0.00000,0.00000,0.00000,0.00000,0.00000,0.00000,0.00000,0.00000,0.00000,0.00000,0.00000,0.00000,0.00000,0.00000,0.00000,0.00000,0.00000,0.00000,0.00000,0.00000,0.00000,0.00000,0.00000,0.00000,0.00000,0.00000,0.00000,0.00000,0.00000,0.00000,0.00000,0.00000,0.00000,0.00000,0.00000,0.00000,0.00000,0.00000,0.00000,0.00000,0.00000,0.00000,0.00000,0.00000,0.00000,0.00000,0.00000,0.00000,0.00000,0.00000,0.00000,0.00000,0.00000,0.00000,0.00000,0.00000,0.00000
2.8667,1,1,0.00,0.00,33.33,0.07025,0.05467,0.52202,0.52062,0.52062,0.4500,0,1,0.22055,-0.07388,0.03598,0.22034,-0.07391,0.03611,0.51,0.01,0.52062,0.38169,-0.03789,0.33688,1.27534,0.00000,0.16872,0.38132,-0.03814,0.34215,1.26659,0.00000,-0.17000,12,0.21530,-0.07121,0.03987,0.25990,0.09410,0,0.98149,-0.00419,-0.01014,-0.19122,virtual,0,394.56,293.64,394.56,293.64,394.56,293.64,394.56,293.64,394.56,293.64,394.56,293.64,394.56,293.64,394.56,293.64,394.56,293.64,394.56,293.64,394.56,293.64,394.56,293.64,394.56,293.64,394.56,293.64,394.56,293.64,394.56,293.64,394.56,293.64,394.56,293.64,394.56,293.64,394.56,293.64,394.56,293.64,0.00000,0.00000,0.00000,0.00000,0.00000,0.00000,0.00000,0.00000,0.00000,0.00000,0.00000,0.00000,0.00000,0.00000,0.00000,0.00000,0.00000,0.00000,0.00000,0.00000,0.00000,0.00000,0.00000,0.00000,0.00000,0.00000,0.00000,0.00000,0.00000,0.00000,0.00000,0.00000,0.00000,0.00000,0.00000,0.00000,0.00000,0.00000,0.00000,0.00000,0.00000,0.00000,0.00000,0.00000,0.00000,0.00000,0.00000,0.00000,0.00000,0.00000,0.00000,0.00000,0.00000,0.00000,0.00000,0.00000,0.00000,0.00000,0.00000,0.00000,0.00000,0.00000,0.00000,0.00000,0.00000,0.00000,0.00000,0.00000,0.00000,0.00000,0.00000,0.00000,0.00000,0.00000,0.00000,0.00000,0.00000,0.00000,0.00000,0.00000,0.00000,0.00000,0.00000,0.00000
2.9000,1,1,0.00,0.00,33.33,0.07027,0.05054,0.52238,0.52275,0.52275,0.4500,0,1,0.22036,-0.07391,0.04011,0.21999,-0.07371,0.04002,0.53,0.01,0.52275,0.38144,-0.04947,0.32067,1.30310,-0.00000,0.16868,0.38163,-0.04796,0.32219,1.29642,0.00000,-0.17000,12,0.21493,-0.07097,0.04364,0.25990,0.09410,0,0.98141,-0.00432,-0.01008,-0.19161,virtual,0,394.53,289.21,394.53,289.21,394.53,289.21,394.53,289.21,394.53,289.21,394.53,289.21,394.53,289.21,394.53,289.21,394.53,289.21,394.53,289.21,394.53,289.21,394.53,289.21,394.53,289.21,394.53,289.21,394.53,289.21,394.53,289.21,394.53,289.21,394.53,289.21,394.53,289.21,394.53,289.21,394.53,289.21,0.00000,0.00000,0.00000,0.00000,0.00000,0.00000,0.00000,0.00000,0.00000,0.00000,0.00000,0.00000,0.00000,0.00000,0.00000,0.00000,0.00000,0.00000,0.00000,0.00000,0.00000,0.00000,0.00000,0.00000,0.00000,0.00000,0.00000,0.00000,0.00000,0.00000,0.00000,0.00000,0.00000,0.00000,0.00000,0.00000,0.00000,0.00000,0.00000,0.00000,0.00000,0.00000,0.00000,0.00000,0.00000,0.00000,0.00000,0.00000,0.00000,0.00000,0.00000,0.00000,0.00000,0.00000,0.00000,0.00000,0.00000,0.00000,0.00000,0.00000,0.00000,0.00000,0.00000,0.00000,0.00000,0.00000,0.00000,0.00000,0.00000,0.00000,0.00000,0.00000,0.00000,0.00000,0.00000,0.00000,0.00000,0.00000,0.00000,0.00000,0.00000,0.00000,0.00000,0.00000
2.9333,1,1,0.00,0.00,33.33,0.07027,0.04638,0.52241,0.52244,0.52244,0.4500,0,1,0.22035,-0.07390,0.04427,0.21869,-0.07325,0.04326,0.51,0.01,0.52244,0.38174,-0.05763,0.30500,1.33418,-0.00000,0.16863,0.38166,-0.05611,0.29998,1.32676,0.00000,-0.17000,12,0.21373,-0.07055,0.04691,0.25990,0.09410,0,0.98131,-0.00379,-0.00664,-0.19227,virtual,0,394.54,284.79,394.54,284.79,394.54,284.79,394.54,284.79,394.54,284.79,394.54,284.79,394.54,284.79,394.54,284.79,394.54,284.79,394.54,284.79,394.54,284.79,394.54,284.79,394.54,284.79,394.54,284.79,394.54,284.79,394.54,284.79,394.54,284.79,394.54,284.79,394.54,284.79,394.54,284.79,394.54,284.79,0.00000,0.00000,0.00000,0.00000,0.00000,0.00000,0.00000,0.00000,0.00000,0.00000,0.00000,0.00000,0.00000,0.00000,0.00000,0.00000,0.00000,0.00000,0.00000,0.00000,0.00000,0.00000,0.00000,0.00000,0.00000,0.00000,0.00000,0.00000,0.00000,0.00000,0.00000,0.00000,0.00000,0.00000,0.00000,0.00000,0.00000,0.00000,0.00000,0.00000,0.00000,0.00000,0.00000,0.00000,0.00000,0.00000,0.00000,0.00000,0.00000,0.00000,0.00000,0.00000,0.00000,0.00000,0.00000,0.00000,0.00000,0.00000,0.00000,0.00000,0.00000,0.00000,0.00000,0.00000,0.00000,0.00000,0.00000,0.00000,0.00000,0.00000,0.00000,0.00000,0.00000,0.00000,0.00000,0.00000,0.00000,0.00000,0.00000,0.00000,0.00000,0.00000,0.00000,0.00000
2.9667,1,1,0.00,0.00,33.33,0.07034,0.04223,0.52250,0.52259,0.52259,0.4500,0,1,0.22030,-0.07398,0.04842,0.22116,-0.07433,0.04961,0.49,0.01,0.52259,0.38215,-0.06309,0.26465,1.36631,0.00000,0.16855,0.38209,-0.06310,0.27669,1.35704,0.00000,-0.17000,12,0.21609,-0.07157,0.05285,0.25990,0.09410,0,0.98109,-0.00512,-0.01290,-0.19305,virtual,0,394.69,280.39,394.69,280.39,394.69,280.39,394.69,280.39,394.69,280.39,394.69,280.39,394.69,280.39,394.69,280.39,394.69,280.39,394.69,280.39,394.69,280.39,394.69,280.39,394.69,280.39,394.69,280.39,394.69,280.39,394.69,280.39,394.69,280.39,394.69,280.39,394.69,280.39,394.69,280.39,394.69,280.39,0.00000,0.00000,0.00000,0.00000,0.00000,0.00000,0.00000,0.00000,0.00000,0.00000,0.00000,0.00000,0.00000,0.00000,0.00000,0.00000,0.00000,0.00000,0.00000,0.00000,0.00000,0.00000,0.00000,0.00000,0.00000,0.00000,0.00000,0.00000,0.00000,0.00000,0.00000,0.00000,0.00000,0.00000,0.00000,0.00000,0.00000,0.00000,0.00000,0.00000,0.00000,0.00000,0.00000,0.00000,0.00000,0.00000,0.00000,0.00000,0.00000,0.00000,0.00000,0.00000,0.00000,0.00000,0.00000,0.00000,0.00000,0.00000,0.00000,0.00000,0.00000,0.00000,0.00000,0.00000,0.00000,0.00000,0.00000,0.00000,0.00000,0.00000,0.00000,0.00000,0.00000,0.00000,0.00000,0.00000,0.00000,0.00000,0.00000,0.00000,0.00000,0.00000,0.00000,0.00000
3.0000,1,1,0.00,0.00,33.33,0.07046,0.03815,0.52375,0.52499,0.52499,0.4500,0,1,0.21968,-0.07409,0.05250,0.21909,-0.07381,0.05242,0.52,0.01,0.52499,0.38362,-0.07583,0.25764,1.39280,0.00001,0.16845,0.38373,-0.07295,0.25751,1.38610,0.00000,-0.17000,12,0.21397,-0.07100,0.05542,0.25990,0.09410,0,0.98090,-0.00447,-0.00879,-0.19428,virtual,0,394.51,275.97,394.51,275.97,394.51,275.97,394.51,275.97,394.51,275.97,394.51,275.97,394.51,275.97,394.51,275.97,394.51,275.97,394.51,275.97,394.51,275.97,394.51,275.97,394.51,275.97,394.51,275.97,394.51,275.97,394.51,275.97,394.51,275.97,394.51,275.97,394.51,275.97,394.51,275.97,394.51,275.97,0.00000,0.00000,0.00000,0.00000,0.00000,0.00000,0.00000,0.00000,0.00000,0.00000,0.00000,0.00000,0.00000,0.00000,0.00000,0.00000,0.00000,0.00000,0.00000,0.00000,0.00000,0.00000,0.00000,0.00000,0.00000,0.00000,0.00000,0.00000,0.00000,0.00000,0.00000,0.00000,0.00000,0.00000,0.00000,0.00000,0.00000,0.00000,0.00000,0.00000,0.00000,0.00000,0.00000,0.00000,0.00000,0.00000,0.00000,0.00000,0.00000,0.00000,0.00000,0.00000,0.00000,0.00000,0.00000,0.00000,0.00000,0.00000,0.00000,0.00000,0.00000,0.00000,0.00000,0.00000,0.00000,0.00000,0.00000,0.00000,0.00000,0.00000,0.00000,0.00000,0.00000,0.00000,0.00000,0.00000,0.00000,0.00000,0.00000,0.00000,0.00000,0.00000,0.00000,0.00000
3.0333,1,1,0.00,0.00,33.33,0.07058,0.03404,0.52462,0.52550,0.52550,0.4500,0,1,0.21924,-0.07421,0.05660,0.21808,-0.07379,0.05632,0.50,0.01,0.52550,0.38547,-0.08156,0.23466,1.42643,0.00000,0.16838,0.38515,-0.08084,0.23572,1.41576,0.00000,-0.17000,12,0.21316,-0.07105,0.05936,0.25990,0.09410,0,0.98064,-0.00416,-0.00663,-0.19566,virtual,0,394.57,271.58,394.57,271.58,394.57,271.58,394.57,271.58,394.57,271.58,394.57,271.58,394.57,271.58,394.57,271.58,394.57,271.58,394.57,271.58,394.57,271.58,394.57,271.58,394.57,271.58,394.57,271.58,394.57,271.58,394.57,271.58,394.57,271.58,394.57,271.58,394.57,271.58,394.57,271.58,394.57,271.58,0.00000,0.00000,0.00000,0.00000,0.00000,0.00000,0.00000,0.00000,0.00000,0.00000,0.00000,0.00000,0.00000,0.00000,0.00000,0.00000,0.00000,0.00000,0.00000,0.00000,0.00000,0.00000,0.00000,0.00000,0.00000,0.00000,0.00000,0.00000,0.00000,0.00000,0.00000,0.00000,0.00000,0.00000,0.00000,0.00000,0.00000,0.00000,0.00000,0.00000,0.00000,0.00000,0.00000,0.00000,0.00000,0.00000,0.00000,0.00000,0.00000,0.00000,0.00000,0.00000,0.00000,0.00000,0.00000,0.00000,0.00000,0.00000,0.00000,0.00000,0.00000,0.00000,0.00000,0.00000,0.00000,0.00000,0.00000,0.00000,0.00000,0.00000,0.00000,0.00000,0.00000,0.00000,0.00000,0.00000,0.00000,0.00000,0.00000,0.00000,0.00000,0.00000,0.00000,0.00000
3.0667,1,1,0.00,0.00,33.33,0.07075,0.02994,0.52534,0.52605,0.52605,0.4500,0,1,0.21889,-0.07439,0.06071,0.21997,-0.07482,0.06189,0.47,0.01,0.52605,0.38671,-0.08723,0.20092,1.45146,-0.00000,0.16834,0.38668,-0.08688,0.21187,1.44563,0.00000,-0.17000,12,0.21495,-0.07204,0.06461,0.25990,0.09410,0,0.98033,-0.00555,-0.01351,-0.19685,virtual,0,394.73,267.22,394.73,267.22,394.73,267.22,394.73,267.22,394.73,267.22,394.73,267.22,394.73,267.22,394.73,267.22,394.73,267.22,394.73,267.22,394.73,267.22,394.73,267.22,394.73,267.22,394.73,267.22,394.73,267.22,394.73,267.22,394.73,267.22,394.73,267.22,394.73,267.22,394.73,267.22,394.73,267.22,0.00000,0.00000,0.00000,0.00000,0.00000,0.00000,0.00000,0.00000,0.00000,0.00000,0.00000,0.00000,0.00000,0.00000,0.00000,0.00000,0.00000,0.00000,0.00000,0.00000,0.00000,0.00000,0.00000,0.00000,0.00000,0.00000,0.00000,0.00000,0.00000,0.00000,0.00000,0.00000,0.00000,0.00000,0.00000,0.00000,0.00000,0.00000,0.00000,0.00000,0.00000,0.00000,0.00000,0.00000,0.00000,0.00000,0.00000,0.00000,0.00000,0.00000,0.00000,0.00000,0.00000,0.00000,0.00000,0.00000,0.00000,0.00000,0.00000,0.00000,0.00000,0.00000,0.00000,0.00000,0.00000,0.00000,0.00000,0.00000,0.00000,0.00000,0.00000,0.00000,0.00000,0.00000,0.00000,0.00000,0.00000,0.00000,0.00000,0.00000,0.00000,0.00000,0.00000,0.00000
3.1000,1,1,0.00,0.00,33.33,0.07086,0.02789,0.52582,0.52631,0.52631,0.4500,0,1,0.21864,-0.07450,0.06276,0.21856,-0.07446,0.06245,0.27,0.01,0.52631,0.38772,-0.09035,0.19961,1.46299,-0.00000,0.16830,0.38768,-0.09053,0.19938,1.46185,0.00000,-0.17000,12,0.21363,-0.07171,0.06522,0.25990,0.09410,0,0.98016,-0.00504,-0.01050,-0.19789,virtual,0,394.73,267.22,394.73,267.22,394.73,267.22,394.73,267.22,394.73,267.22,394.73,267.22,394.73,267.22,394.73,267.22,394.73,267.22,394.73,267.22,394.73,267.22,394.73,267.22,394.73,267.22,394.73,267.22,394.73,267.22,394.73,267.22,394.73,267.22,394.73,267.22,394.73,267.22,394.73,267.22,394.73,267.22,0.00000,0.00000,0.00000,0.00000,0.00000,0.00000,0.00000,0.00000,0.00000,0.00000,0.00000,0.00000,0.00000,0.00000,0.00000,0.00000,0.00000,0.00000,0.00000,0.00000,0.00000,0.00000,0.00000,0.00000,0.00000,0.00000,0.00000,0.00000,0.00000,0.00000,0.00000,0.00000,0.00000,0.00000,0.00000,0.00000,0.00000,0.00000,0.00000,0.00000,0.00000,0.00000,0.00000,0.00000,0.00000,0.00000,0.00000,0.00000,0.00000,0.00000,0.00000,0.00000,0.00000,0.00000,0.00000,0.00000,0.00000,0.00000,0.00000,0.00000,0.00000,0.00000,0.00000,0.00000,0.00000,0.00000,0.00000,0.00000,0.00000,0.00000,0.00000,0.00000,0.00000,0.00000,0.00000,0.00000,0.00000,0.00000,0.00000,0.00000,0.00000,0.00000,0.00000,0.00000
3.1333,1,1,0.00,0.00,33.33,0.06865,0.02668,0.52314,0.52046,0.52046,0.4500,0,1,0.21998,-0.07228,0.06397,0.22025,-0.07150,0.06411,0.19,0.01,0.52046,0.37041,-0.08906,0.18594,1.47407,-0.00000,0.16821,0.37544,-0.08867,0.18740,1.47198,0.00000,-0.17000,12,0.21525,-0.06888,0.06696,0.25990,0.09410,0,0.98170,-0.00529,-0.01207,-0.18997,virtual,0,390.75,267.13,390.75,267.13,390.75,267.13,390.75,267.13,390.75,267.13,390.75,267.13,390.75,267.13,390.75,267.13,390.75,267.13,390.75,267.13,390.75,267.13,390.75,267.13,390.75,267.13,390.75,267.13,390.75,267.13,390.75,267.13,390.75,267.13,390.75,267.13,390.75,267.13,390.75,267.13,390.75,267.13,0.00000,0.00000,0.00000,0.00000,0.00000,0.00000,0.00000,0.00000,0.00000,0.00000,0.00000,0.00000,0.00000,0.00000,0.00000,0.00000,0.00000,0.00000,0.00000,0.00000,0.00000,0.00000,0.00000,0.00000,0.00000,0.00000,0.00000,0.00000,0.00000,0.00000,0.00000,0.00000,0.00000,0.00000,0.00000,0.00000,0.00000,0.00000,0.00000,0.00000,0.00000,0.00000,0.00000,0.00000,0.00000,0.00000,0.00000,0.00000,0.00000,0.00000,0.00000,0.00000,0.00000,0.00000,0.00000,0.00000,0.00000,0.00000,0.00000,0.00000,0.00000,0.00000,0.00000,0.00000,0.00000,0.00000,0.00000,0.00000,0.00000,0.00000,0.00000,0.00000,0.00000,0.00000,0.00000,0.00000,0.00000,0.00000,0.00000,0.00000,0.00000,0.00000,0.00000,0.00000
3.1667,1,1,0.00,0.00,33.33,0.06579,0.02611,0.52299,0.52283,0.52283,0.4500,0,1,0.22006,-0.06943,0.06454,0.22008,-0.06964,0.06427,0.23,0.00,0.52283,0.36182,-0.09516,0.19161,1.47537,-0.00000,0.16815,0.36180,-0.09667,0.19221,1.47529,0.00000,-0.17000,12,0.21497,-0.06715,0.06694,0.25990,0.09410,0,0.98237,-0.00513,-0.01108,-0.18653,virtual,0,386.72,267.08,386.72,267.08,386.72,267.08,386.72,267.08,386.72,267.08,386.72,267.08,386.72,267.08,386.72,267.08,386.72,267.08,386.72,267.08,386.72,267.08,386.72,267.08,386.72,267.08,386.72,267.08,386.72,267.08,386.72,267.08,386.72,267.08,386.72,267.08,386.72,267.08,386.72,267.08,386.72,267.08,0.00000,0.00000,0.00000,0.00000,0.00000,0.00000,0.00000,0.00000,0.00000,0.00000,0.00000,0.00000,0.00000,0.00000,0.00000,0.00000,0.00000,0.00000,0.00000,0.00000,0.00000,0.00000,0.00000,0.00000,0.00000,0.00000,0.00000,0.00000,0.00000,0.00000,0.00000,0.00000,0.00000,0.00000,0.00000,0.00000,0.00000,0.00000,0.00000,0.00000,0.00000,0.00000,0.00000,0.00000,0.00000,0.00000,0.00000,0.00000,0.00000,0.00000,0.00000,0.00000,0.00000,0.00000,0.00000,0.00000,0.00000,0.00000,0.00000,0.00000,0.00000,0.00000,0.00000,0.00000,0.00000,0.00000,0.00000,0.00000,0.00000,0.00000,0.00000,0.00000,0.00000,0.00000,0.00000,0.00000,0.00000,0.00000,0.00000,0.00000,0.00000,0.00000,0.00000,0.00000
3.2000,1,1,0.00,0.00,33.33,0.06226,0.02572,0.52115,0.51931,0.51931,0.4500,0,1,0.22098,-0.06589,0.06493,0.22147,-0.06492,0.06485,0.26,0.00,0.51931,0.33647,-0.10035,0.19323,1.47748,-0.00001,0.16802,0.34334,-0.10067,0.19347,1.47801,0.00000,-0.17000,12,0.21629,-0.06260,0.06736,0.25990,0.09410,0,0.98454,-0.00520,-0.01206,-0.17469,virtual,0,382.67,267.03,382.67,267.03,382.67,267.03,382.67,267.03,382.67,267.03,382.67,267.03,382.67,267.03,382.67,267.03,382.67,267.03,382.67,267.03,382.67,267.03,382.67,267.03,382.67,267.03,382.67,267.03,382.67,267.03,382.67,267.03,382.67,267.03,382.67,267.03,382.67,267.03,382.67,267.03,382.67,267.03,0.00000,0.00000,0.00000,0.00000,0.00000,0.00000,0.00000,0.00000,0.00000,0.00000,0.00000,0.00000,0.00000,0.00000,0.00000,0.00000,0.00000,0.00000,0.00000,0.00000,0.00000,0.00000,0.00000,0.00000,0.00000,0.00000,0.00000,0.00000,0.00000,0.00000,0.00000,0.00000,0.00000,0.00000,0.00000,0.00000,0.00000,0.00000,0.00000,0.00000,0.00000,0.00000,0.00000,0.00000,0.00000,0.00000,0.00000,0.00000,0.00000,0.00000,0.00000,0.00000,0.00000,0.00000,0.00000,0.00000,0.00000,0.00000,0.00000,0.00000,0.00000,0.00000,0.00000,0.00000,0.00000,0.00000,0.00000,0.00000,0.00000,0.00000,0.00000,0.00000,0.00000,0.00000,0.00000,0.00000,0.00000,0.00000,0.00000,0.00000,0.00000,0.00000,0.00000,0.00000
3.2333,1,1,0.00,0.00,33.33,0.05843,0.02544,0.51887,0.51659,0.51659,0.4500,0,1,0.22212,-0.06207,0.06521,0.22232,-0.06115,0.06510,0.27,0.00,0.51659,0.31661,-0.10278,0.19403,1.48007,-0.00000,0.16797,0.32286,-0.10273,0.19352,1.48002,0.00000,-0.17000,12,0.21713,-0.05899,0.06764,0.25990,0.09410,0,0.98613,-0.00512,-0.01202,-0.16544,virtual,0,378.59,266.99,378.59,266.99,378.59,266.99,378.59,266.99,378.59,266.99,378.59,266.99,378.59,266.99,378.59,266.99,378.59,266.99,378.59,266.99,378.59,266.99,378.59,266.99,378.59,266.99,378.59,266.99,378.59,266.99,378.59,266.99,378.59,266.99,378.59,266.99,378.59,266.99,378.59,266.99,378.59,266.99,0.00000,0.00000,0.00000,0.00000,0.00000,0.00000,0.00000,0.00000,0.00000,0.00000,0.00000,0.00000,0.00000,0.00000,0.00000,0.00000,0.00000,0.00000,0.00000,0.00000,0.00000,0.00000,0.00000,0.00000,0.00000,0.00000,0.00000,0.00000,0.00000,0.00000,0.00000,0.00000,0.00000,0.00000,0.00000,0.00000,0.00000,0.00000,0.00000,0.00000,0.00000,0.00000,0.00000,0.00000,0.00000,0.00000,0.00000,0.00000,0.00000,0.00000,0.00000,0.00000,0.00000,0.00000,0.00000,0.00000,0.00000,0.00000,0.00000,0.00000,0.00000,0.00000,0.00000,0.00000,0.00000,0.00000,0.00000,0.00000,0.00000,0.00000,0.00000,0.00000,0.00000,0.00000,0.00000,0.00000,0.00000,0.00000,0.00000,0.00000,0.00000,0.00000,0.00000,0.00000
3.2667,1,1,0.00,0.00,33.33,0.05453,0.02524,0.51701,0.51516,0.51516,0.4500,0,1,0.22305,-0.05817,0.06540,0.22322,-0.05738,0.06520,0.28,0.00,0.51516,0.29664,-0.10477,0.19548,1.48112,-0.00000,0.16795,0.30221,-0.10565,0.19533,1.48113,0.00000,-0.17000,12,0.21794,-0.05531,0.06766,0.25990,0.09410,0,0.98767,-0.00502,-0.01174,-0.15603,virtual,0,374.48,266.95,374.48,266.95,374.48,266.95,374.48,266.95,374.48,266.95,374.48,266.95,374.48,266.95,374.48,266.95,374.48,266.95,374.48,266.95,374.48,266.95,374.48,266.95,374.48,266.95,374.48,266.95,374.48,266.95,374.48,266.95,374.48,266.95,374.48,266.95,374.48,266.95,374.48,266.95,374.48,266.95,0.00000,0.00000,0.00000,0.00000,0.00000,0.00000,0.00000,0.00000,0.00000,0.00000,0.00000,0.00000,0.00000,0.00000,0.00000,0.00000,0.00000,0.00000,0.00000,0.00000,0.00000,0.00000,0.00000,0.00000,0.00000,0.00000,0.00000,0.00000,0.00000,0.00000,0.00000,0.00000,0.00000,0.00000,0.00000,0.00000,0.00000,0.00000,0.00000,0.00000,0.00000,0.00000,0.00000,0.00000,0.00000,0.00000,0.00000,0.00000,0.00000,0.00000,0.00000,0.00000,0.00000,0.00000,0.00000,0.00000,0.00000,0.00000,0.00000,0.00000,0.00000,0.00000,0.00000,0.00000,0.00000,0.00000,0.00000,0.00000,0.00000,0.00000,0.00000,0.00000,0.00000,0.00000,0.00000,0.00000,0.00000,0.00000,0.00000,0.00000,0.00000,0.00000,0.00000,0.00000
3.3000,1,1,0.00,0.00,33.33,0.05046,0.02503,0.51389,0.51076,0.51076,0.4500,0,1,0.22461,-0.05409,0.06562,0.22473,-0.05303,0.06547,0.29,0.00,0.51076,0.27282,-0.10359,0.19222,1.48285,-0.00000,0.16794,0.27975,-0.10357,0.19116,1.48317,0.00000,-0.17000,12,0.21933,-0.05114,0.06782,0.25990,0.09410,0,0.98936,-0.00495,-0.01190,-0.14491,virtual,0,370.33,266.92,370.33,266.92,370.33,266.92,370.33,266.92,370.33,266.92,370.33,266.92,370.33,266.92,370.33,266.92,370.33,266.92,370.33,266.92,370.33,266.92,370.33,266.92,370.33,266.92,370.33,266.92,370.33,266.92,370.33,266.92,370.33,266.92,370.33,266.92,370.33,266.92,370.33,266.92,370.33,266.92,0.00000,0.00000,0.00000,0.00000,0.00000,0.00000,0.00000,0.00000,0.00000,0.00000,0.00000,0.00000,0.00000,0.00000,0.00000,0.00000,0.00000,0.00000,0.00000,0.00000,0.00000,0.00000,0.00000,0.00000,0.00000,0.00000,0.00000,0.00000,0.00000,0.00000,0.00000,0.00000,0.00000,0.00000,0.00000,0.00000,0.00000,0.00000,0.00000,0.00000,0.00000,0.00000,0.00000,0.00000,0.00000,0.00000,0.00000,0.00000,0.00000,0.00000,0.00000,0.00000,0.00000,0.00000,0.00000,0.00000,0.00000,0.00000,0.00000,0.00000,0.00000,0.00000,0.00000,0.00000,0.00000,0.00000,0.00000,0.00000,0.00000,0.00000,0.00000,0.00000,0.00000,0.00000,0.00000,0.00000,0.00000,0.00000,0.00000,0.00000,0.00000,0.00000,0.00000,0.00000
3.3333,1,1,0.00,0.00,33.33,0.04645,0.02487,0.51175,0.50962,0.50962,0.4500,0,1,0.22568,-0.05008,0.06577,0.22582,-0.04921,0.06567,0.28,0.00,0.50962,0.25227,-0.10344,0.19057,1.48425,-0.00000,0.16793,0.25826,-0.10387,0.19041,1.48424,0.00000,-0.17000,12,0.22040,-0.04747,0.06804,0.25990,0.09410,0,0.99073,-0.00492,-0.01230,-0.13518,virtual,0,366.15,266.89,366.15,266.89,366.15,266.89,366.15,266.89,366.15,266.89,366.15,266.89,366.15,266.89,366.15,266.89,366.15,266.89,366.15,266.89,366.15,266.89,366.15,266.89,366.15,266.89,366.15,266.89,366.15,266.89,366.15,266.89,366.15,266.89,366.15,266.89,366.15,266.89,366.15,266.89,366.15,266.89,0.00000,0.00000,0.00000,0.00000,0.00000,0.00000,0.00000,0.00000,0.00000,0.00000,0.00000,0.00000,0.00000,0.00000,0.00000,0.00000,0.00000,0.00000,0.00000,0.00000,0.00000,0.00000,0.00000,0.00000,0.00000,0.00000,0.00000,0.00000,0.00000,0.00000,0.00000,0.00000,0.00000,0.00000,0.00000,0.00000,0.00000,0.00000,0.00000,0.00000,0.00000,0.00000,0.00000,0.00000,0.00000,0.00000,0.00000,0.00000,0.00000,0.00000,0.00000,0.00000,0.00000,0.00000,0.00000,0.00000,0.00000,0.00000,0.00000,0.00000,0.00000,0.00000,0.00000,0.00000,0.00000,0.00000,0.00000,0.00000,0.00000,0.00000,0.00000,0.00000,0.00000,0.00000,0.00000,0.00000,0.00000,0.00000,0.00000,0.00000,0.00000,0.00000,0.00000,0.00000
3.3667,1,1,0.00,0.00,33.33,0.04246,0.02475,0.51012,0.50849,0.50849,0.4500,0,1,0.22649,-0.04610,0.06589,0.22660,-0.04533,0.06575,0.28,0.00,0.50849,0.23180,-0.10489,0.19156,1.48492,-0.00000,0.16791,0.23722,-0.10552,0.19143,1.48489,0.00000,-0.17000,12,0.22114,-0.04375,0.06813,0.25990,0.09410,0,0.99199,-0.00487,-0.01249,-0.12560,virtual,0,361.94,266.85,361.94,266.85,361.94,266.85,361.94,266.85,361.94,266.85,361.94,266.85,361.94,266.85,361.94,266.85,361.94,266.85,361.94,266.85,361.94,266.85,361.94,266.85,361.94,266.85,361.94,266.85,361.94,266.85,361.94,266.85,361.94,266.85,361.94,266.85,361.94,266.85,361.94,266.85,361.94,266.85,0.00000,0.00000,0.00000,0.00000,0.00000,0.00000,0.00000,0.00000,0.00000,0.00000,0.00000,0.00000,0.00000,0.00000,0.00000,0.00000,0.00000,0.00000,0.00000,0.00000,0.00000,0.00000,0.00000,0.00000,0.00000,0.00000,0.00000,0.00000,0.00000,0.00000,0.00000,0.00000,0.00000,0.00000,0.00000,0.00000,0.00000,0.00000,0.00000,0.00000,0.00000,0.00000,0.00000,0.00000,0.00000,0.00000,0.00000,0.00000,0.00000,0.00000,0.00000,0.00000,0.00000,0.00000,0.00000,0.00000,0.00000,0.00000,0.00000,0.00000,0.00000,0.00000,0.00000,0.00000,0.00000,0.00000,0.00000,0.00000,0.00000,0.00000,0.00000,0.00000,0.00000,0.00000,0.00000,0.00000,0.00000,0.00000,0.00000,0.00000,0.00000,0.00000,0.00000,0.00000
3.4000,1,1,0.00,0.00,33.33,0.03844,0.02462,0.50808,0.50603,0.50603,0.4500,0,1,0.22752,-0.04207,0.06603,0.22759,-0.04111,0.06588,0.28,0.00,0.50603,0.20939,-0.10482,0.19050,1.48587,-0.00000,0.16788,0.21575,-0.10511,0.18990,1.48599,0.00000,-0.17000,12,0.22208,-0.03966,0.06826,0.25990,0.09410,0,0.99328,-0.00481,-0.01280,-0.11492,virtual,0,357.69,266.82,357.69,266.82,357.69,266.82,357.69,266.82,357.69,266.82,357.69,266.82,357.69,266.82,357.69,266.82,357.69,266.82,357.69,266.82,357.69,266.82,357.69,266.82,357.69,266.82,357.69,266.82,357.69,266.82,357.69,266.82,357.69,266.82,357.69,266.82,357.69,266.82,357.69,266.82,357.69,266.82,0.00000,0.00000,0.00000,0.00000,0.00000,0.00000,0.00000,0.00000,0.00000,0.00000,0.00000,0.00000,0.00000,0.00000,0.00000,0.00000,0.00000,0.00000,0.00000,0.00000,0.00000,0.00000,0.00000,0.00000,0.00000,0.00000,0.00000,0.00000,0.00000,0.00000,0.00000,0.00000,0.00000,0.00000,0.00000,0.00000,0.00000,0.00000,0.00000,0.00000,0.00000,0.00000,0.00000,0.00000,0.00000,0.00000,0.00000,0.00000,0.00000,0.00000,0.00000,0.00000,0.00000,0.00000,0.00000,0.00000,0.00000,0.00000,0.00000,0.00000,0.00000,0.00000,0.00000,0.00000,0.00000,0.00000,0.00000,0.00000,0.00000,0.00000,0.00000,0.00000,0.00000,0.00000,0.00000,0.00000,0.00000,0.00000,0.00000,0.00000,0.00000,0.00000,0.00000,0.00000
3.4333,1,1,0.00,0.00,33.33,0.03449,0.02455,0.50729,0.50651,0.50651,0.4500,0,1,0.22791,-0.03812,0.06610,0.22800,-0.03722,0.06595,0.27,0.00,0.50651,0.18921,-0.10801,0.19353,1.48616,-0.00000,0.16786,0.19529,-0.10855,0.19336,1.48601,0.00000,-0.17000,12,0.22250,-0.03596,0.06825,0.25990,0.09410,0,0.99434,-0.00471,-0.01272,-0.10541,virtual,0,353.41,266.79,353.41,266.79,353.41,266.79,353.41,266.79,353.41,266.79,353.41,266.79,353.41,266.79,353.41,266.79,353.41,266.79,353.41,266.79,353.41,266.79,353.41,266.79,353.41,266.79,353.41,266.79,353.41,266.79,353.41,266.79,353.41,266.79,353.41,266.79,353.41,266.79,353.41,266.79,353.41,266.79,0.00000,0.00000,0.00000,0.00000,0.00000,0.00000,0.00000,0.00000,0.00000,0.00000,0.00000,0.00000,0.00000,0.00000,0.00000,0.00000,0.00000,0.00000,0.00000,0.00000,0.00000,0.00000,0.00000,0.00000,0.00000,0.00000,0.00000,0.00000,0.00000,0.00000,0.00000,0.00000,0.00000,0.00000,0.00000,0.00000,0.00000,0.00000,0.00000,0.00000,0.00000,0.00000,0.00000,0.00000,0.00000,0.00000,0.00000,0.00000,0.00000,0.00000,0.00000,0.00000,0.00000,0.00000,0.00000,0.00000,0.00000,0.00000,0.00000,0.00000,0.00000,0.00000,0.00000,0.00000,0.00000,0.00000,0.00000,0.00000,0.00000,0.00000,0.00000,0.00000,0.00000,0.00000,0.00000,0.00000,0.00000,0.00000,0.00000,0.00000,0.00000,0.00000,0.00000,0.00000
3.4667,1,1,0.00,0.00,33.33,0.03042,0.02439,0.50455,0.50180,0.50180,0.4500,0,1,0.22928,-0.03406,0.06626,0.22924,-0.03318,0.06622,0.28,0.00,0.50180,0.16747,-0.10500,0.18823,1.48763,0.00000,0.16783,0.17329,-0.10426,0.18707,1.48794,0.00000,-0.17000,12,0.22360,-0.03202,0.06832,0.25990,0.09410,0,0.99539,-0.00463,-0.01277,-0.09495,virtual,0,349.11,266.76,349.11,266.76,349.11,266.76,349.11,266.76,349.11,266.76,349.11,266.76,349.11,266.76,349.11,266.76,349.11,266.76,349.11,266.76,349.11,266.76,349.11,266.76,349.11,266.76,349.11,266.76,349.11,266.76,349.11,266.76,349.11,266.76,349.11,266.76,349.11,266.76,349.11,266.76,349.11,266.76,0.00000,0.00000,0.00000,0.00000,0.00000,0.00000,0.00000,0.00000,0.00000,0.00000,0.00000,0.00000,0.00000,0.00000,0.00000,0.00000,0.00000,0.00000,0.00000,0.00000,0.00000,0.00000,0.00000,0.00000,0.00000,0.00000,0.00000,0.00000,0.00000,0.00000,0.00000,0.00000,0.00000,0.00000,0.00000,0.00000,0.00000,0.00000,0.00000,0.00000,0.00000,0.00000,0.00000,0.00000,0.00000,0.00000,0.00000,0.00000,0.00000,0.00000,0.00000,0.00000,0.00000,0.00000,0.00000,0.00000,0.00000,0.00000,0.00000,0.00000,0.00000,0.00000,0.00000,0.00000,0.00000,0.00000,0.00000,0.00000,0.00000,0.00000,0.00000,0.00000,0.00000,0.00000,0.00000,0.00000,0.00000,0.00000,0.00000,0.00000,0.00000,0.00000,0.00000,0.00000
3.5000,1,1,0.00,0.00,33.33,0.02640,0.02427,0.50274,0.50094,0.50094,0.4500,0,1,0.23018,-0.03004,0.06638,0.23020,-0.02904,0.06631,0.28,0.00,0.50094,0.14555,-0.10238,0.18466,1.48876,0.00000,0.16783,0.15204,-0.10214,0.18389,1.48903,0.00000,-0.17000,12,0.22455,-0.02811,0.06835,0.25990,0.09410,0,0.99632,-0.00454,-0.01280,-0.08468,virtual,0,344.77,266.73,344.77,266.73,344.77,266.73,344.77,266.73,344.77,266.73,344.77,266.73,344.77,266.73,344.77,266.73,344.77,266.73,344.77,266.73,344.77,266.73,344.77,266.73,344.77,266.73,344.77,266.73,344.77,266.73,344.77,266.73,344.77,266.73,344.77,266.73,344.77,266.73,344.77,266.73,344.77,266.73,0.00000,0.00000,0.00000,0.00000,0.00000,0.00000,0.00000,0.00000,0.00000,0.00000,0.00000,0.00000,0.00000,0.00000,0.00000,0.00000,0.00000,0.00000,0.00000,0.00000,0.00000,0.00000,0.00000,0.00000,0.00000,0.00000,0.00000,0.00000,0.00000,0.00000,0.00000,0.00000,0.00000,0.00000,0.00000,0.00000,0.00000,0.00000,0.00000,0.00000,0.00000,0.00000,0.00000,0.00000,0.00000,0.00000,0.00000,0.00000,0.00000,0.00000,0.00000,0.00000,0.00000,0.00000,0.00000,0.00000,0.00000,0.00000,0.00000,0.00000,0.00000,0.00000,0.00000,0.00000,0.00000,0.00000,0.00000,0.00000,0.00000,0.00000,0.00000,0.00000,0.00000,0.00000,0.00000,0.00000,0.00000,0.00000,0.00000,0.00000,0.00000,0.00000,0.00000,0.00000
3.5333,1,1,0.00,0.00,33.33,0.02232,0.02407,0.49912,0.49549,0.49549,0.4500,0,1,0.23200,-0.02595,0.06658,0.23219,-0.02507,0.06626,0.29,0.01,0.49549,0.12391,-0.08872,0.16955,1.49122,-0.00000,0.16773,0.12985,-0.09250,0.17129,1.49191,0.00000,-0.17000,12,0.22661,-0.02421,0.06825,0.25990,0.09410,0,0.99716,-0.00446,-0.01310,-0.07404,virtual,0,340.39,266.70,340.39,266.70,340.39,266.70,340.39,266.70,340.39,266.70,340.39,266.70,340.39,266.70,340.39,266.70,340.39,266.70,340.39,266.70,340.39,266.70,340.39,266.70,340.39,266.70,340.39,266.70,340.39,266.70,340.39,266.70,340.39,266.70,340.39,266.70,340.39,266.70,340.39,266.70,340.39,266.70,0.00000,0.00000,0.00000,0.00000,0.00000,0.00000,0.00000,0.00000,0.00000,0.00000,0.00000,0.00000,0.00000,0.00000,0.00000,0.00000,0.00000,0.00000,0.00000,0.00000,0.00000,0.00000,0.00000,0.00000,0.00000,0.00000,0.00000,0.00000,0.00000,0.00000,0.00000,0.00000,0.00000,0.00000,0.00000,0.00000,0.00000,0.00000,0.00000,0.00000,0.00000,0.00000,0.00000,0.00000,0.00000,0.00000,0.00000,0.00000,0.00000,0.00000,0.00000,0.00000,0.00000,0.00000,0.00000,0.00000,0.00000,0.00000,0.00000,0.00000,0.00000,0.00000,0.00000,0.00000,0.00000,0.00000,0.00000,0.00000,0.00000,0.00000,0.00000,0.00000,0.00000,0.00000,0.00000,0.00000,0.00000,0.00000,0.00000,0.00000,0.00000,0.00000,0.00000,0.00000
3.5667,1,1,0.00,0.00,33.33,0.01831,0.02398,0.49783,0.49654,0.49654,0.4500,0,1,0.23264,-0.02195,0.06667,0.23260,-0.02112,0.06651,0.27,0.00,0.49654,0.10353,-0.08973,0.16886,1.49263,-0.00000,0.16768,0.10909,-0.09052,0.16858,1.49272,0.00000,-0.17000,12,0.22694,-0.02050,0.06846,0.25990,0.09410,0,0.99781,-0.00438,-0.01324,-0.06459,virtual,0,335.97,266.66,335.97,266.66,335.97,266.66,335.97,266.66,335.97,266.66,335.97,266.66,335.97,266.66,335.97,266.66,335.97,266.66,335.97,266.66,335.97,266.66,335.97,266.66,335.97,266.66,335.97,266.66,335.97,266.66,335.97,266.66,335.97,266.66,335.97,266.66,335.97,266.66,335.97,266.66,335.97,266.66,0.00000,0.00000,0.00000,0.00000,0.00000,0.00000,0.00000,0.00000,0.00000,0.00000,0.00000,0.00000,0.00000,0.00000,0.00000,0.00000,0.00000,0.00000,0.00000,0.00000,0.00000,0.00000,0.00000,0.00000,0.00000,0.00000,0.00000,0.00000,0.00000,0.00000,0.00000,0.00000,0.00000,0.00000,0.00000,0.00000,0.00000,0.00000,0.00000,0.00000,0.00000,0.00000,0.00000,0.00000,0.00000,0.00000,0.00000,0.00000,0.00000,0.00000,0.00000,0.00000,0.00000,0.00000,0.00000,0.00000,0.00000,0.00000,0.00000,0.00000,0.00000,0.00000,0.00000,0.00000,0.00000,0.00000,0.00000,0.00000,0.00000,0.00000,0.00000,0.00000,0.00000,0.00000,0.00000,0.00000,0.00000,0.00000,0.00000,0.00000,0.00000,0.00000,0.00000,0.00000
3.6000,1,1,0.00,0.00,33.33,0.01431,0.02388,0.49657,0.49532,0.49532,0.4500,0,1,0.23327,-0.01794,0.06676,0.23315,-0.01703,0.06661,0.27,0.00,0.49532,0.08242,-0.08857,0.16676,1.49353,0.00000,0.16768,0.08834,-0.08868,0.16584,1.49362,0.00000,-0.17000,12,0.22746,-0.01653,0.06850,0.25990,0.09410,0,0.99842,-0.00428,-0.01325,-0.05435,virtual,0,331.53,266.62,331.53,266.62,331.53,266.62,331.53,266.62,331.53,266.62,331.53,266.62,331.53,266.62,331.53,266.62,331.53,266.62,331.53,266.62,331.53,266.62,331.53,266.62,331.53,266.62,331.53,266.62,331.53,266.62,331.53,266.62,331.53,266.62,331.53,266.62,331.53,266.62,331.53,266.62,331.53,266.62,0.00000,0.00000,0.00000,0.00000,0.00000,0.00000,0.00000,0.00000,0.00000,0.00000,0.00000,0.00000,0.00000,0.00000,0.00000,0.00000,0.00000,0.00000,0.00000,0.00000,0.00000,0.00000,0.00000,0.00000,0.00000,0.00000,0.00000,0.00000,0.00000,0.00000,0.00000,0.00000,0.00000,0.00000,0.00000,0.00000,0.00000,0.00000,0.00000,0.00000,0.00000,0.00000,0.00000,0.00000,0.00000,0.00000,0.00000,0.00000,0.00000,0.00000,0.00000,0.00000,0.00000,0.00000,0.00000,0.00000,0.00000,0.00000,0.00000,0.00000,0.00000,0.00000,0.00000,0.00000,0.00000,0.00000,0.00000,0.00000,0.00000,0.00000,0.00000,0.00000,0.00000,0.00000,0.00000,0.00000,0.00000,0.00000,0.00000,0.00000,0.00000,0.00000,0.00000,0.00000
3.6333,1,1,0.00,0.00,33.33,0.01026,0.02367,0.49284,0.48910,0.48910,0.4500,0,1,0.23514,-0.01390,0.06697,0.23530,-0.01288,0.06625,0.29,0.01,0.48910,0.06048,-0.06891,0.14680,1.49648,-0.00000,0.16755,0.06693,-0.07641,0.14999,1.49710,0.00000,-0.17000,12,0.22969,-0.01252,0.06815,0.25990,0.09410,0,0.99895,-0.00417,-0.01295,-0.04373,virtual,0,327.05,266.59,327.05,266.59,327.05,266.59,327.05,266.59,327.05,266.59,327.05,266.59,327.05,266.59,327.05,266.59,327.05,266.59,327.05,266.59,327.05,266.59,327.05,266.59,327.05,266.59,327.05,266.59,327.05,266.59,327.05,266.59,327.05,266.59,327.05,266.59,327.05,266.59,327.05,266.59,327.05,266.59,0.00000,0.00000,0.00000,0.00000,0.00000,0.00000,0.00000,0.00000,0.00000,0.00000,0.00000,0.00000,0.00000,0.00000,0.00000,0.00000,0.00000,0.00000,0.00000,0.00000,0.00000,0.00000,0.00000,0.00000,0.00000,0.00000,0.00000,0.00000,0.00000,0.00000,0.00000,0.00000,0.00000,0.00000,0.00000,0.00000,0.00000,0.00000,0.00000,0.00000,0.00000,0.00000,0.00000,0.00000,0.00000,0.00000,0.00000,0.00000,0.00000,0.00000,0.00000,0.00000,0.00000,0.00000,0.00000,0.00000,0.00000,0.00000,0.00000,0.00000,0.00000,0.00000,0.00000,0.00000,0.00000,0.00000,0.00000,0.00000,0.00000,0.00000,0.00000,0.00000,0.00000,0.00000,0.00000,0.00000,0.00000,0.00000,0.00000,0.00000,0.00000,0.00000,0.00000,0.00000
3.6667,1,1,0.00,0.00,33.33,0.00625,0.02355,0.49120,0.48956,0.48956,0.4500,0,1,0.23596,-0.00988,0.06709,0.23575,-0.00913,0.06691,0.26,0.00,0.48956,0.04137,-0.07041,0.14381,1.49853,-0.00000,0.16750,0.04637,-0.07081,0.14285,1.49869,0.00000,-0.17000,12,0.23003,-0.00899,0.06866,0.25990,0.09410,0,0.99929,-0.00410,-0.01372,-0.03478,virtual,0,322.52,266.53,322.52,266.53,322.52,266.53,322.52,266.53,322.52,266.53,322.52,266.53,322.52,266.53,322.52,266.53,322.52,266.53,322.52,266.53,322.52,266.53,322.52,266.53,322.52,266.53,322.52,266.53,322.52,266.53,322.52,266.53,322.52,266.53,322.52,266.53,322.52,266.53,322.52,266.53,322.52,266.53,0.00000,0.00000,0.00000,0.00000,0.00000,0.00000,0.00000,0.00000,0.00000,0.00000,0.00000,0.00000,0.00000,0.00000,0.00000,0.00000,0.00000,0.00000,0.00000,0.00000,0.00000,0.00000,0.00000,0.00000,0.00000,0.00000,0.00000,0.00000,0.00000,0.00000,0.00000,0.00000,0.00000,0.00000,0.00000,0.00000,0.00000,0.00000,0.00000,0.00000,0.00000,0.00000,0.00000,0.00000,0.00000,0.00000,0.00000,0.00000,0.00000,0.00000,0.00000,0.00000,0.00000,0.00000,0.00000,0.00000,0.00000,0.00000,0.00000,0.00000,0.00000,0.00000,0.00000,0.00000,0.00000,0.00000,0.00000,0.00000,0.00000,0.00000,0.00000,0.00000,0.00000,0.00000,0.00000,0.00000,0.00000,0.00000,0.00000,0.00000,0.00000,0.00000,0.00000,0.00000
3.7000,1,1,0.00,0.00,33.33,0.00223,0.02345,0.48984,0.48847,0.48847,0.4500,0,1,0.23664,-0.00586,0.06719,0.23659,-0.00493,0.06728,0.26,0.00,0.48847,0.01998,-0.06700,0.13736,1.49977,0.00000,0.16752,0.02593,-0.06621,0.13686,1.50010,0.00000,-0.17000,12,0.23078,-0.00489,0.06882,0.25990,0.09410,0,0.99960,-0.00399,-0.01417,-0.02432,virtual,0,317.97,266.50,317.97,266.50,317.97,266.50,317.97,266.50,317.97,266.50,317.97,266.50,317.97,266.50,317.97,266.50,317.97,266.50,317.97,266.50,317.97,266.50,317.97,266.50,317.97,266.50,317.97,266.50,317.97,266.50,317.97,266.50,317.97,266.50,317.97,266.50,317.97,266.50,317.97,266.50,317.97,266.50,0.00000,0.00000,0.00000,0.00000,0.00000,0.00000,0.00000,0.00000,0.00000,0.00000,0.00000,0.00000,0.00000,0.00000,0.00000,0.00000,0.00000,0.00000,0.00000,0.00000,0.00000,0.00000,0.00000,0.00000,0.00000,0.00000,0.00000,0.00000,0.00000,0.00000,0.00000,0.00000,0.00000,0.00000,0.00000,0.00000,0.00000,0.00000,0.00000,0.00000,0.00000,0.00000,0.00000,0.00000,0.00000,0.00000,0.00000,0.00000,0.00000,0.00000,0.00000,0.00000,0.00000,0.00000,0.00000,0.00000,0.00000,0.00000,0.00000,0.00000,0.00000,0.00000,0.00000,0.00000,0.00000,0.00000,0.00000,0.00000,0.00000,0.00000,0.00000,0.00000,0.00000,0.00000,0.00000,0.00000,0.00000,0.00000,0.00000,0.00000,0.00000,0.00000,0.00000,0.00000
3.7333,1,1,0.00,0.00,33.33,-0.00179,0.02333,0.48776,0.48569,0.48569,0.4500,0,1,0.23767,-0.00185,0.06732,0.23769,-0.00083,0.06701,0.26,0.00,0.48569,-0.00075,-0.05495,0.12520,1.50199,0.00000,0.16754,0.00556,-0.05819,0.12655,1.50237,0.00000,-0.17000,12,0.23190,-0.00100,0.06845,0.25990,0.09410,0,0.99980,-0.00388,-0.01309,-0.01440,virtual,0,313.38,266.47,313.38,266.47,313.38,266.47,313.38,266.47,313.38,266.47,313.38,266.47,313.38,266.47,313.38,266.47,313.38,266.47,313.38,266.47,313.38,266.47,313.38,266.47,313.38,266.47,313.38,266.47,313.38,266.47,313.38,266.47,313.38,266.47,313.38,266.47,313.38,266.47,313.38,266.47,313.38,266.47,0.00000,0.00000,0.00000,0.00000,0.00000,0.00000,0.00000,0.00000,0.00000,0.00000,0.00000,0.00000,0.00000,0.00000,0.00000,0.00000,0.00000,0.00000,0.00000,0.00000,0.00000,0.00000,0.00000,0.00000,0.00000,0.00000,0.00000,0.00000,0.00000,0.00000,0.00000,0.00000,0.00000,0.00000,0.00000,0.00000,0.00000,0.00000,0.00000,0.00000,0.00000,0.00000,0.00000,0.00000,0.00000,0.00000,0.00000,0.00000,0.00000,0.00000,0.00000,0.00000,0.00000,0.00000,0.00000,0.00000,0.00000,0.00000,0.00000,0.00000,0.00000,0.00000,0.00000,0.00000,0.00000,0.00000,0.00000,0.00000,0.00000,0.00000,0.00000,0.00000,0.00000,0.00000,0.00000,0.00000,0.00000,0.00000,0.00000,0.00000,0.00000,0.00000,0.00000,0.00000
3.7667,1,1,0.00,0.00,33.33,-0.00581,0.02321,0.48607,0.48438,0.48438,0.4500,0,1,0.23852,0.00217,0.06743,0.23836,0.00287,0.06740,0.26,0.00,0.48438,-0.01930,-0.05102,0.11787,1.50394,0.00000,0.16755,-0.01461,-0.05076,0.11708,1.50440,0.00000,-0.17000,12,0.23263,0.00253,0.06875,0.25990,0.09410,0,0.99988,-0.00379,-0.01367,-0.00558,virtual,0,308.75,266.43,308.75,266.43,308.75,266.43,308.75,266.43,308.75,266.43,308.75,266.43,308.75,266.43,308.75,266.43,308.75,266.43,308.75,266.43,308.75,266.43,308.75,266.43,308.75,266.43,308.75,266.43,308.75,266.43,308.75,266.43,308.75,266.43,308.75,266.43,308.75,266.43,308.75,266.43,308.75,266.43,0.00000,0.00000,0.00000,0.00000,0.00000,0.00000,0.00000,0.00000,0.00000,0.00000,0.00000,0.00000,0.00000,0.00000,0.00000,0.00000,0.00000,0.00000,0.00000,0.00000,0.00000,0.00000,0.00000,0.00000,0.00000,0.00000,0.00000,0.00000,0.00000,0.00000,0.00000,0.00000,0.00000,0.00000,0.00000,0.00000,0.00000,0.00000,0.00000,0.00000,0.00000,0.00000,0.00000,0.00000,0.00000,0.00000,0.00000,0.00000,0.00000,0.00000,0.00000,0.00000,0.00000,0.00000,0.00000,0.00000,0.00000,0.00000,0.00000,0.00000,0.00000,0.00000,0.00000,0.00000,0.00000,0.00000,0.00000,0.00000,0.00000,0.00000,0.00000,0.00000,0.00000,0.00000,0.00000,0.00000,0.00000,0.00000,0.00000,0.00000,0.00000,0.00000,0.00000,0.00000
3.8000,1,1,0.00,0.00,33.33,-0.00979,0.02304,0.48310,0.48012,0.48012,0.4500,0,1,0.24001,0.00616,0.06760,0.24018,0.00715,0.06696,0.27,0.01,0.48012,-0.04036,-0.03056,0.09692,1.50692,-0.00000,0.16745,-0.03440,-0.03758,0.10024,1.50801,0.00000,-0.17000,12,0.23449,0.00668,0.06833,0.25990,0.09410,0,0.99989,-0.00370,-0.01333,0.00467,virtual,0,304.09,266.41,304.09,266.41,304.09,266.41,304.09,266.41,304.09,266.41,304.09,266.41,304.09,266.41,304.09,266.41,304.09,266.41,304.09,266.41,304.09,266.41,304.09,266.41,304.09,266.41,304.09,266.41,304.09,266.41,304.09,266.41,304.09,266.41,304.09,266.41,304.09,266.41,304.09,266.41,304.09,266.41,0.00000,0.00000,0.00000,0.00000,0.00000,0.00000,0.00000,0.00000,0.00000,0.00000,0.00000,0.00000,0.00000,0.00000,0.00000,0.00000,0.00000,0.00000,0.00000,0.00000,0.00000,0.00000,0.00000,0.00000,0.00000,0.00000,0.00000,0.00000,0.00000,0.00000,0.00000,0.00000,0.00000,0.00000,0.00000,0.00000,0.00000,0.00000,0.00000,0.00000,0.00000,0.00000,0.00000,0.00000,0.00000,0.00000,0.00000,0.00000,0.00000,0.00000,0.00000,0.00000,0.00000,0.00000,0.00000,0.00000,0.00000,0.00000,0.00000,0.00000,0.00000,0.00000,0.00000,0.00000,0.00000,0.00000,0.00000,0.00000,0.00000,0.00000,0.00000,0.00000,0.00000,0.00000,0.00000,0.00000,0.00000,0.00000,0.00000,0.00000,0.00000,0.00000,0.00000,0.00000
3.8333,1,1,0.00,0.00,33.33,-0.01382,0.02293,0.48149,0.47989,0.47989,0.4500,0,1,0.24081,0.01018,0.06772,0.24071,0.01116,0.06775,0.26,0.00,0.47989,-0.06007,-0.02847,0.08883,1.51008,-0.00000,0.16743,-0.05412,-0.02876,0.08907,1.51040,0.00000,-0.17000,12,0.23505,0.01051,0.06900,0.25990,0.09410,0,0.99978,-0.00351,-0.01518,0.01413,virtual,0,299.39,266.34,299.39,266.34,299.39,266.34,299.39,266.34,299.39,266.34,299.39,266.34,299.39,266.34,299.39,266.34,299.39,266.34,299.39,266.34,299.39,266.34,299.39,266.34,299.39,266.34,299.39,266.34,299.39,266.34,299.39,266.34,299.39,266.34,299.39,266.34,299.39,266.34,299.39,266.34,299.39,266.34,0.00000,0.00000,0.00000,0.00000,0.00000,0.00000,0.00000,0.00000,0.00000,0.00000,0.00000,0.00000,0.00000,0.00000,0.00000,0.00000,0.00000,0.00000,0.00000,0.00000,0.00000,0.00000,0.00000,0.00000,0.00000,0.00000,0.00000,0.00000,0.00000,0.00000,0.00000,0.00000,0.00000,0.00000,0.00000,0.00000,0.00000,0.00000,0.00000,0.00000,0.00000,0.00000,0.00000,0.00000,0.00000,0.00000,0.00000,0.00000,0.00000,0.00000,0.00000,0.00000,0.00000,0.00000,0.00000,0.00000,0.00000,0.00000,0.00000,0.00000,0.00000,0.00000,0.00000,0.00000,0.00000,0.00000,0.00000,0.00000,0.00000,0.00000,0.00000,0.00000,0.00000,0.00000,0.00000,0.00000,0.00000,0.00000,0.00000,0.00000,0.00000,0.00000,0.00000,0.00000
3.8667,1,1,0.00,0.00,33.33,-0.01778,0.02275,0.47849,0.47549,0.47549,0.4500,0,1,0.24231,0.01415,0.06790,0.24244,0.01485,0.06712,0.27,0.01,0.47549,-0.07758,-0.00603,0.06645,1.51363,-0.00000,0.16734,-0.07323,-0.01404,0.07013,1.51456,0.00000,-0.17000,12,0.23682,0.01402,0.06840,0.25990,0.09410,0,0.99964,-0.00347,-0.01416,0.02244,virtual,0,294.65,266.32,294.65,266.32,294.65,266.32,294.65,266.32,294.65,266.32,294.65,266.32,294.65,266.32,294.65,266.32,294.65,266.32,294.65,266.32,294.65,266.32,294.65,266.32,294.65,266.32,294.65,266.32,294.65,266.32,294.65,266.32,294.65,266.32,294.65,266.32,294.65,266.32,294.65,266.32,294.65,266.32,0.00000,0.00000,0.00000,0.00000,0.00000,0.00000,0.00000,0.00000,0.00000,0.00000,0.00000,0.00000,0.00000,0.00000,0.00000,0.00000,0.00000,0.00000,0.00000,0.00000,0.00000,0.00000,0.00000,0.00000,0.00000,0.00000,0.00000,0.00000,0.00000,0.00000,0.00000,0.00000,0.00000,0.00000,0.00000,0.00000,0.00000,0.00000,0.00000,0.00000,0.00000,0.00000,0.00000,0.00000,0.00000,0.00000,0.00000,0.00000,0.00000,0.00000,0.00000,0.00000,0.00000,0.00000,0.00000,0.00000,0.00000,0.00000,0.00000,0.00000,0.00000,0.00000,0.00000,0.00000,0.00000,0.00000,0.00000,0.00000,0.00000,0.00000,0.00000,0.00000,0.00000,0.00000,0.00000,0.00000,0.00000,0.00000,0.00000,0.00000,0.00000,0.00000,0.00000,0.00000
3.9000,1,1,0.00,0.00,33.33,-0.02185,0.02266,0.47762,0.47674,0.47674,0.4500,0,1,0.24275,0.01821,0.06798,0.24249,0.01917,0.06785,0.25,0.00,0.47674,-0.09866,-0.00643,0.06175,1.51599,-0.00000,0.16732,-0.09278,-0.00670,0.06086,1.51656,0.00000,-0.17000,12,0.23679,0.01826,0.06895,0.25990,0.09410,0,0.99934,-0.00325,-0.01553,0.03282,virtual,0,289.87,266.25,289.87,266.25,289.87,266.25,289.87,266.25,289.87,266.25,289.87,266.25,289.87,266.25,289.87,266.25,289.87,266.25,289.87,266.25,289.87,266.25,289.87,266.25,289.87,266.25,289.87,266.25,289.87,266.25,289.87,266.25,289.87,266.25,289.87,266.25,289.87,266.25,289.87,266.25,289.87,266.25,0.00000,0.00000,0.00000,0.00000,0.00000,0.00000,0.00000,0.00000,0.00000,0.00000,0.00000,0.00000,0.00000,0.00000,0.00000,0.00000,0.00000,0.00000,0.00000,0.00000,0.00000,0.00000,0.00000,0.00000,0.00000,0.00000,0.00000,0.00000,0.00000,0.00000,0.00000,0.00000,0.00000,0.00000,0.00000,0.00000,0.00000,0.00000,0.00000,0.00000,0.00000,0.00000,0.00000,0.00000,0.00000,0.00000,0.00000,0.00000,0.00000,0.00000,0.00000,0.00000,0.00000,0.00000,0.00000,0.00000,0.00000,0.00000,0.00000,0.00000,0.00000,0.00000,0.00000,0.00000,0.00000,0.00000,0.00000,0.00000,0.00000,0.00000,0.00000,0.00000,0.00000,0.00000,0.00000,0.00000,0.00000,0.00000,0.00000,0.00000,0.00000,0.00000,0.00000,0.00000
3.9333,1,1,0.00,0.00,33.33,-0.02582,0.02251,0.47515,0.47268,0.47268,0.4500,0,1,0.24398,0.02218,0.06814,0.24391,0.02326,0.06720,0.26,0.01,0.47268,-0.11767,0.01576,0.03930,1.52038,-0.00001,0.16727,-0.11152,0.00705,0.04297,1.52063,0.00000,-0.17000,12,0.23842,0.02213,0.06833,0.25990,0.09410,0,0.99902,-0.00320,-0.01446,0.04182,virtual,0,285.06,266.22,285.06,266.22,285.06,266.22,285.06,266.22,285.06,266.22,285.06,266.22,285.06,266.22,285.06,266.22,285.06,266.22,285.06,266.22,285.06,266.22,285.06,266.22,285.06,266.22,285.06,266.22,285.06,266.22,285.06,266.22,285.06,266.22,285.06,266.22,285.06,266.22,285.06,266.22,285.06,266.22,0.00000,0.00000,0.00000,0.00000,0.00000,0.00000,0.00000,0.00000,0.00000,0.00000,0.00000,0.00000,0.00000,0.00000,0.00000,0.00000,0.00000,0.00000,0.00000,0.00000,0.00000,0.00000,0.00000,0.00000,0.00000,0.00000,0.00000,0.00000,0.00000,0.00000,0.00000,0.00000,0.00000,0.00000,0.00000,0.00000,0.00000,0.00000,0.00000,0.00000,0.00000,0.00000,0.00000,0.00000,0.00000,0.00000,0.00000,0.00000,0.00000,0.00000,0.00000,0.00000,0.00000,0.00000,0.00000,0.00000,0.00000,0.00000,0.00000,0.00000,0.00000,0.00000,0.00000,0.00000,0.00000,0.00000,0.00000,0.00000,0.00000,0.00000,0.00000,0.00000,0.00000,0.00000,0.00000,0.00000,0.00000,0.00000,0.00000,0.00000,0.00000,0.00000,0.00000,0.00000
3.9667,1,1,0.00,0.00,33.33,-0.02980,0.02235,0.47289,0.47064,0.47064,0.4500,0,1,0.24511,0.02617,0.06830,0.24493,0.02673,0.06846,0.26,0.01,0.47064,-0.13367,0.01997,0.02536,1.52418,-0.00001,0.16723,-0.12997,0.02111,0.02464,1.52491,0.00000,-0.17000,12,0.23936,0.02544,0.06953,0.25990,0.09410,0,0.99861,-0.00283,-0.01782,0.04944,virtual,0,280.22,266.13,280.22,266.13,280.22,266.13,280.22,266.13,280.22,266.13,280.22,266.13,280.22,266.13,280.22,266.13,280.22,266.13,280.22,266.13,280.22,266.13,280.22,266.13,280.22,266.13,280.22,266.13,280.22,266.13,280.22,266.13,280.22,266.13,280.22,266.13,280.22,266.13,280.22,266.13,280.22,266.13,0.00000,0.00000,0.00000,0.00000,0.00000,0.00000,0.00000,0.00000,0.00000,0.00000,0.00000,0.00000,0.00000,0.00000,0.00000,0.00000,0.00000,0.00000,0.00000,0.00000,0.00000,0.00000,0.00000,0.00000,0.00000,0.00000,0.00000,0.00000,0.00000,0.00000,0.00000,0.00000,0.00000,0.00000,0.00000,0.00000,0.00000,0.00000,0.00000,0.00000,0.00000,0.00000,0.00000,0.00000,0.00000,0.00000,0.00000,0.00000,0.00000,0.00000,0.00000,0.00000,0.00000,0.00000,0.00000,0.00000,0.00000,0.00000,0.00000,0.00000,0.00000,0.00000,0.00000,0.00000,0.00000,0.00000,0.00000,0.00000,0.00000,0.00000,0.00000,0.00000,0.00000,0.00000,0.00000,0.00000,0.00000,0.00000,0.00000,0.00000,0.00000,0.00000,0.00000,0.00000
4.0000,1,1,0.00,0.00,33.33,-0.03370,0.02217,0.46974,0.46659,0.46659,0.4500,0,1,0.24668,0.03007,0.06848,0.24670,0.03108,0.06718,0.27,0.01,0.46659,-0.15307,0.05052,-0.00353,1.52914,-0.00000,0.16720,-0.14752,0.03938,0.00069,1.53053,0.00000,-0.17000,12,0.24110,0.02967,0.06832,0.25990,0.09410,0,0.99815,-0.00295,-0.01484,0.05893,virtual,0,275.33,266.12,275.33,266.12,275.33,266.12,275.33,266.12,275.33,266.12,275.33,266.12,275.33,266.12,275.33,266.12,275.33,266.12,275.33,266.12,275.33,266.12,275.33,266.12,275.33,266.12,275.33,266.12,275.33,266.12,275.33,266.12,275.33,266.12,275.33,266.12,275.33,266.12,275.33,266.12,275.33,266.12,0.00000,0.00000,0.00000,0.00000,0.00000,0.00000,0.00000,0.00000,0.00000,0.00000,0.00000,0.00000,0.00000,0.00000,0.00000,0.00000,0.00000,0.00000,0.00000,0.00000,0.00000,0.00000,0.00000,0.00000,0.00000,0.00000,0.00000,0.00000,0.00000,0.00000,0.00000,0.00000,0.00000,0.00000,0.00000,0.00000,0.00000,0.00000,0.00000,0.00000,0.00000,0.00000,0.00000,0.00000,0.00000,0.00000,0.00000,0.00000,0.00000,0.00000,0.00000,0.00000,0.00000,0.00000,0.00000,0.00000,0.00000,0.00000,0.00000,0.00000,0.00000,0.00000,0.00000,0.00000,0.00000,0.00000,0.00000,0.00000,0.00000,0.00000,0.00000,0.00000,0.00000,0.00000,0.00000,0.00000,0.00000,0.00000,0.00000,0.00000,0.00000,0.00000,0.00000,0.00000
4.0333,1,1,0.00,0.00,33.33,-0.03771,0.02202,0.46798,0.46621,0.46621,0.4500,0,1,0.24757,0.03408,0.06863,0.24771,0.03510,0.06925,0.25,0.01,0.46621,-0.17111,0.05179,-0.01960,1.53458,-0.00000,0.16722,-0.16559,0.05314,-0.01745,1.53496,0.00000,-0.17000,12,0.24218,0.03351,0.07017,0.25990,0.09410,0,0.99752,-0.00236,-0.01952,0.06755,virtual,0,270.40,266.00,270.40,266.00,270.40,266.00,270.40,266.00,270.40,266.00,270.40,266.00,270.40,266.00,270.40,266.00,270.40,266.00,270.40,266.00,270.40,266.00,270.40,266.00,270.40,266.00,270.40,266.00,270.40,266.00,270.40,266.00,270.40,266.00,270.40,266.00,270.40,266.00,270.40,266.00,270.40,266.00,0.00000,0.00000,0.00000,0.00000,0.00000,0.00000,0.00000,0.00000,0.00000,0.00000,0.00000,0.00000,0.00000,0.00000,0.00000,0.00000,0.00000,0.00000,0.00000,0.00000,0.00000,0.00000,0.00000,0.00000,0.00000,0.00000,0.00000,0.00000,0.00000,0.00000,0.00000,0.00000,0.00000,0.00000,0.00000,0.00000,0.00000,0.00000,0.00000,0.00000,0.00000,0.00000,0.00000,0.00000,0.00000,0.00000,0.00000,0.00000,0.00000,0.00000,0.00000,0.00000,0.00000,0.00000,0.00000,0.00000,0.00000,0.00000,0.00000,0.00000,0.00000,0.00000,0.00000,0.00000,0.00000,0.00000,0.00000,0.00000,0.00000,0.00000,0.00000,0.00000,0.00000,0.00000,0.00000,0.00000,0.00000,0.00000,0.00000,0.00000,0.00000,0.00000,0.00000,0.00000
4.0667,1,1,0.00,0.00,33.33,-0.04168,0.02190,0.46582,0.46366,0.46366,0.4500,0,1,0.24865,0.03804,0.06875,0.24866,0.03869,0.06728,0.25,0.01,0.46366,-0.18694,0.08071,-0.04245,1.53884,-0.00000,0.16719,-0.18315,0.06871,-0.03797,1.53989,0.00000,-0.17000,12,0.24313,0.03694,0.06820,0.25990,0.09410,0,0.99706,-0.00275,-0.01471,0.07510,virtual,0,265.43,266.03,265.43,266.03,265.43,266.03,265.43,266.03,265.43,266.03,265.43,266.03,265.43,266.03,265.43,266.03,265.43,266.03,265.43,266.03,265.43,266.03,265.43,266.03,265.43,266.03,265.43,266.03,265.43,266.03,265.43,266.03,265.43,266.03,265.43,266.03,265.43,266.03,265.43,266.03,265.43,266.03,0.00000,0.00000,0.00000,0.00000,0.00000,0.00000,0.00000,0.00000,0.00000,0.00000,0.00000,0.00000,0.00000,0.00000,0.00000,0.00000,0.00000,0.00000,0.00000,0.00000,0.00000,0.00000,0.00000,0.00000,0.00000,0.00000,0.00000,0.00000,0.00000,0.00000,0.00000,0.00000,0.00000,0.00000,0.00000,0.00000,0.00000,0.00000,0.00000,0.00000,0.00000,0.00000,0.00000,0.00000,0.00000,0.00000,0.00000,0.00000,0.00000,0.00000,0.00000,0.00000,0.00000,0.00000,0.00000,0.00000,0.00000,0.00000,0.00000,0.00000,0.00000,0.00000,0.00000,0.00000,0.00000,0.00000,0.00000,0.00000,0.00000,0.00000,0.00000,0.00000,0.00000,0.00000,0.00000,0.00000,0.00000,0.00000,0.00000,0.00000,0.00000,0.00000,0.00000,0.00000
4.1000,1,1,0.00,0.00,33.33,-0.04574,0.02177,0.46465,0.46348,0.46348,0.4500,0,1,0.24923,0.04211,0.06887,0.24900,0.04309,0.06900,0.24,0.01,0.46348,-0.20677,0.08035,-0.05405,1.54307,-0.00000,0.16719,-0.20123,0.08116,-0.05462,1.54411,0.00000,-0.17000,12,0.24349,0.04126,0.06990,0.25990,0.09410,0,0.99621,-0.00210,-0.01902,0.08486,virtual,0,260.44,265.89,260.44,265.89,260.44,265.89,260.44,265.89,260.44,265.89,260.44,265.89,260.44,265.89,260.44,265.89,260.44,265.89,260.44,265.89,260.44,265.89,260.44,265.89,260.44,265.89,260.44,265.89,260.44,265.89,260.44,265.89,260.44,265.89,260.44,265.89,260.44,265.89,260.44,265.89,260.44,265.89,0.00000,0.00000,0.00000,0.00000,0.00000,0.00000,0.00000,0.00000,0.00000,0.00000,0.00000,0.00000,0.00000,0.00000,0.00000,0.00000,0.00000,0.00000,0.00000,0.00000,0.00000,0.00000,0.00000,0.00000,0.00000,0.00000,0.00000,0.00000,0.00000,0.00000,0.00000,0.00000,0.00000,0.00000,0.00000,0.00000,0.00000,0.00000,0.00000,0.00000,0.00000,0.00000,0.00000,0.00000,0.00000,0.00000,0.00000,0.00000,0.00000,0.00000,0.00000,0.00000,0.00000,0.00000,0.00000,0.00000,0.00000,0.00000,0.00000,0.00000,0.00000,0.00000,0.00000,0.00000,0.00000,0.00000,0.00000,0.00000,0.00000,0.00000,0.00000,0.00000,0.00000,0.00000,0.00000,0.00000,0.00000,0.00000,0.00000,0.00000,0.00000,0.00000,0.00000,0.00000
4.1333,1,1,0.00,0.00,33.33,-0.04975,0.02166,0.46291,0.46116,0.46116,0.4500,0,1,0.25010,0.04611,0.06899,0.24997,0.04708,0.06776,0.24,0.01,0.46116,-0.22393,0.10622,-0.07868,1.54846,-0.00000,0.16717,-0.21862,0.09627,-0.07488,1.54923,0.00000,-0.17000,12,0.24460,0.04513,0.06876,0.25990,0.09410,0,0.99552,-0.00229,-0.01632,0.09316,virtual,0,255.40,265.89,255.40,265.89,255.40,265.89,255.40,265.89,255.40,265.89,255.40,265.89,255.40,265.89,255.40,265.89,255.40,265.89,255.40,265.89,255.40,265.89,255.40,265.89,255.40,265.89,255.40,265.89,255.40,265.89,255.40,265.89,255.40,265.89,255.40,265.89,255.40,265.89,255.40,265.89,255.40,265.89,0.00000,0.00000,0.00000,0.00000,0.00000,0.00000,0.00000,0.00000,0.00000,0.00000,0.00000,0.00000,0.00000,0.00000,0.00000,0.00000,0.00000,0.00000,0.00000,0.00000,0.00000,0.00000,0.00000,0.00000,0.00000,0.00000,0.00000,0.00000,0.00000,0.00000,0.00000,0.00000,0.00000,0.00000,0.00000,0.00000,0.00000,0.00000,0.00000,0.00000,0.00000,0.00000,0.00000,0.00000,0.00000,0.00000,0.00000,0.00000,0.00000,0.00000,0.00000,0.00000,0.00000,0.00000,0.00000,0.00000,0.00000,0.00000,0.00000,0.00000,0.00000,0.00000,0.00000,0.00000,0.00000,0.00000,0.00000,0.00000,0.00000,0.00000,0.00000,0.00000,0.00000,0.00000,0.00000,0.00000,0.00000,0.00000,0.00000,0.00000,0.00000,0.00000,0.00000,0.00000
4.1667,1,1,0.00,0.00,33.33,-0.05370,0.02149,0.46081,0.45872,0.45872,0.4500,0,1,0.25115,0.05007,0.06916,0.25108,0.05061,0.06942,0.25,0.01,0.45872,-0.23858,0.11318,-0.09936,1.55493,-0.00000,0.16717,-0.23535,0.11364,-0.09863,1.55558,0.00000,-0.17000,12,0.24572,0.04853,0.07036,0.25990,0.09410,0,0.99477,-0.00165,-0.02018,0.10015,virtual,0,250.33,265.76,250.33,265.76,250.33,265.76,250.33,265.76,250.33,265.76,250.33,265.76,250.33,265.76,250.33,265.76,250.33,265.76,250.33,265.76,250.33,265.76,250.33,265.76,250.33,265.76,250.33,265.76,250.33,265.76,250.33,265.76,250.33,265.76,250.33,265.76,250.33,265.76,250.33,265.76,250.33,265.76,0.00000,0.00000,0.00000,0.00000,0.00000,0.00000,0.00000,0.00000,0.00000,0.00000,0.00000,0.00000,0.00000,0.00000,0.00000,0.00000,0.00000,0.00000,0.00000,0.00000,0.00000,0.00000,0.00000,0.00000,0.00000,0.00000,0.00000,0.00000,0.00000,0.00000,0.00000,0.00000,0.00000,0.00000,0.00000,0.00000,0.00000,0.00000,0.00000,0.00000,0.00000,0.00000,0.00000,0.00000,0.00000,0.00000,0.00000,0.00000,0.00000,0.00000,0.00000,0.00000,0.00000,0.00000,0.00000,0.00000,0.00000,0.00000,0.00000,0.00000,0.00000,0.00000,0.00000,0.00000,0.00000,0.00000,0.00000,0.00000,0.00000,0.00000,0.00000,0.00000,0.00000,0.00000,0.00000,0.00000,0.00000,0.00000,0.00000,0.00000,0.00000,0.00000,0.00000,0.00000
4.2000,1,1,0.00,0.00,33.33,-0.05774,0.02140,0.45937,0.45794,0.45794,0.4500,0,1,0.25187,0.05411,0.06925,0.25172,0.05515,0.06809,0.24,0.01,0.45794,-0.25794,0.13892,-0.12381,1.56036,-0.00000,0.16712,-0.25243,0.12928,-0.11974,1.56107,0.00000,-0.17000,12,0.24645,0.05300,0.06907,0.25990,0.09410,0,0.99381,-0.00188,-0.01743,0.10967,virtual,0,245.22,265.78,245.22,265.78,245.22,265.78,245.22,265.78,245.22,265.78,245.22,265.78,245.22,265.78,245.22,265.78,245.22,265.78,245.22,265.78,245.22,265.78,245.22,265.78,245.22,265.78,245.22,265.78,245.22,265.78,245.22,265.78,245.22,265.78,245.22,265.78,245.22,265.78,245.22,265.78,245.22,265.78,0.00000,0.00000,0.00000,0.00000,0.00000,0.00000,0.00000,0.00000,0.00000,0.00000,0.00000,0.00000,0.00000,0.00000,0.00000,0.00000,0.00000,0.00000,0.00000,0.00000,0.00000,0.00000,0.00000,0.00000,0.00000,0.00000,0.00000,0.00000,0.00000,0.00000,0.00000,0.00000,0.00000,0.00000,0.00000,0.00000,0.00000,0.00000,0.00000,0.00000,0.00000,0.00000,0.00000,0.00000,0.00000,0.00000,0.00000,0.00000,0.00000,0.00000,0.00000,0.00000,0.00000,0.00000,0.00000,0.00000,0.00000,0.00000,0.00000,0.00000,0.00000,0.00000,0.00000,0.00000,0.00000,0.00000,0.00000,0.00000,0.00000,0.00000,0.00000,0.00000,0.00000,0.00000,0.00000,0.00000,0.00000,0.00000,0.00000,0.00000,0.00000,0.00000,0.00000,0.00000
4.2333,1,1,0.00,0.00,33.33,-0.06189,0.02129,0.45868,0.45798,0.45798,0.4500,0,1,0.25222,0.05825,0.06936,0.25205,0.05934,0.06976,0.23,0.01,0.45798,-0.27589,0.14169,-0.13919,1.56571,-0.00001,0.16711,-0.27016,0.14262,-0.13805,1.56606,0.00000,-0.17000,12,0.24679,0.05699,0.07060,0.25990,0.09410,0,0.99276,-0.00115,-0.02113,0.11820,virtual,0,240.08,265.64,240.08,265.64,240.08,265.64,240.08,265.64,240.08,265.64,240.08,265.64,240.08,265.64,240.08,265.64,240.08,265.64,240.08,265.64,240.08,265.64,240.08,265.64,240.08,265.64,240.08,265.64,240.08,265.64,240.08,265.64,240.08,265.64,240.08,265.64,240.08,265.64,240.08,265.64,240.08,265.64,0.00000,0.00000,0.00000,0.00000,0.00000,0.00000,0.00000,0.00000,0.00000,0.00000,0.00000,0.00000,0.00000,0.00000,0.00000,0.00000,0.00000,0.00000,0.00000,0.00000,0.00000,0.00000,0.00000,0.00000,0.00000,0.00000,0.00000,0.00000,0.00000,0.00000,0.00000,0.00000,0.00000,0.00000,0.00000,0.00000,0.00000,0.00000,0.00000,0.00000,0.00000,0.00000,0.00000,0.00000,0.00000,0.00000,0.00000,0.00000,0.00000,0.00000,0.00000,0.00000,0.00000,0.00000,0.00000,0.00000,0.00000,0.00000,0.00000,0.00000,0.00000,0.00000,0.00000,0.00000,0.00000,0.00000,0.00000,0.00000,0.00000,0.00000,0.00000,0.00000,0.00000,0.00000,0.00000,0.00000,0.00000,0.00000,0.00000,0.00000,0.00000,0.00000,0.00000,0.00000
4.2667,1,1,0.00,0.00,33.33,-0.06572,0.02115,0.45578,0.45288,0.45288,0.4500,0,1,0.25367,0.06208,0.06950,0.25335,0.06215,0.06790,0.26,0.02,0.45288,-0.28638,0.17542,-0.17139,1.57418,-0.00000,0.16708,-0.28512,0.16494,-0.16899,1.57457,0.00000,-0.17000,12,0.24816,0.05969,0.06878,0.25990,0.09410,0,0.99225,-0.00180,-0.01648,0.12313,virtual,0,234.88,265.71,234.88,265.71,234.88,265.71,234.88,265.71,234.88,265.71,234.88,265.71,234.88,265.71,234.88,265.71,234.88,265.71,234.88,265.71,234.88,265.71,234.88,265.71,234.88,265.71,234.88,265.71,234.88,265.71,234.88,265.71,234.88,265.71,234.88,265.71,234.88,265.71,234.88,265.71,234.88,265.71,0.00000,0.00000,0.00000,0.00000,0.00000,0.00000,0.00000,0.00000,0.00000,0.00000,0.00000,0.00000,0.00000,0.00000,0.00000,0.00000,0.00000,0.00000,0.00000,0.00000,0.00000,0.00000,0.00000,0.00000,0.00000,0.00000,0.00000,0.00000,0.00000,0.00000,0.00000,0.00000,0.00000,0.00000,0.00000,0.00000,0.00000,0.00000,0.00000,0.00000,0.00000,0.00000,0.00000,0.00000,0.00000,0.00000,0.00000,0.00000,0.00000,0.00000,0.00000,0.00000,0.00000,0.00000,0.00000,0.00000,0.00000,0.00000,0.00000,0.00000,0.00000,0.00000,0.00000,0.00000,0.00000,0.00000,0.00000,0.00000,0.00000,0.00000,0.00000,0.00000,0.00000,0.00000,0.00000,0.00000,0.00000,0.00000,0.00000,0.00000,0.00000,0.00000,0.00000,0.00000
4.3000,1,1,0.00,0.00,33.33,-0.06978,0.02099,0.45444,0.45310,0.45310,0.4500,0,1,0.25433,0.06615,0.06966,0.25476,0.06741,0.07013,0.24,0.01,0.45310,-0.30692,0.18529,-0.20021,1.58093,-0.00000,0.16708,-0.30149,0.18279,-0.19416,1.58193,0.00000,-0.17000,12,0.24954,0.06484,0.07097,0.25990,0.09410,0,0.99083,-0.00055,-0.02271,0.13320,virtual,0,229.67,265.48,229.67,265.48,229.67,265.48,229.67,265.48,229.67,265.48,229.67,265.48,229.67,265.48,229.67,265.48,229.67,265.48,229.67,265.48,229.67,265.48,229.67,265.48,229.67,265.48,229.67,265.48,229.67,265.48,229.67,265.48,229.67,265.48,229.67,265.48,229.67,265.48,229.67,265.48,229.67,265.48,0.00000,0.00000,0.00000,0.00000,0.00000,0.00000,0.00000,0.00000,0.00000,0.00000,0.00000,0.00000,0.00000,0.00000,0.00000,0.00000,0.00000,0.00000,0.00000,0.00000,0.00000,0.00000,0.00000,0.00000,0.00000,0.00000,0.00000,0.00000,0.00000,0.00000,0.00000,0.00000,0.00000,0.00000,0.00000,0.00000,0.00000,0.00000,0.00000,0.00000,0.00000,0.00000,0.00000,0.00000,0.00000,0.00000,0.00000,0.00000,0.00000,0.00000,0.00000,0.00000,0.00000,0.00000,0.00000,0.00000,0.00000,0.00000,0.00000,0.00000,0.00000,0.00000,0.00000,0.00000,0.00000,0.00000,0.00000,0.00000,0.00000,0.00000,0.00000,0.00000,0.00000,0.00000,0.00000,0.00000,0.00000,0.00000,0.00000,0.00000,0.00000,0.00000,0.00000,0.00000
4.3333,1,1,0.00,0.00,33.33,-0.07383,0.02092,0.45299,0.45154,0.45154,0.4500,0,1,0.25506,0.07019,0.06973,0.25442,0.07115,0.06904,0.24,0.01,0.45154,-0.32310,0.20681,-0.22233,1.59054,-0.00000,0.16710,-0.31756,0.20136,-0.22002,1.58922,0.00000,-0.17000,12,0.24940,0.06841,0.06986,0.25990,0.09410,0,0.98986,-0.00115,-0.01844,0.14081,virtual,0,224.42,265.59,224.42,265.59,224.42,265.59,224.42,265.59,224.42,265.59,224.42,265.59,224.42,265.59,224.42,265.59,224.42,265.59,224.42,265.59,224.42,265.59,224.42,265.59,224.42,265.59,224.42,265.59,224.42,265.59,224.42,265.59,224.42,265.59,224.42,265.59,224.42,265.59,224.42,265.59,224.42,265.59,0.00000,0.00000,0.00000,0.00000,0.00000,0.00000,0.00000,0.00000,0.00000,0.00000,0.00000,0.00000,0.00000,0.00000,0.00000,0.00000,0.00000,0.00000,0.00000,0.00000,0.00000,0.00000,0.00000,0.00000,0.00000,0.00000,0.00000,0.00000,0.00000,0.00000,0.00000,0.00000,0.00000,0.00000,0.00000,0.00000,0.00000,0.00000,0.00000,0.00000,0.00000,0.00000,0.00000,0.00000,0.00000,0.00000,0.00000,0.00000,0.00000,0.00000,0.00000,0.00000,0.00000,0.00000,0.00000,0.00000,0.00000,0.00000,0.00000,0.00000,0.00000,0.00000,0.00000,0.00000,0.00000,0.00000,0.00000,0.00000,0.00000,0.00000,0.00000,0.00000,0.00000,0.00000,0.00000,0.00000,0.00000,0.00000,0.00000,0.00000,0.00000,0.00000,0.00000,0.00000
4.3667,1,1,0.00,0.00,33.33,-0.07799,0.02084,0.45214,0.45128,0.45128,0.4500,0,1,0.25549,0.07435,0.06981,0.25536,0.07524,0.06855,0.24,0.01,0.45128,-0.33870,0.22857,-0.24882,1.59545,-0.00001,0.16707,-0.33422,0.21857,-0.24429,1.59629,0.00000,-0.17000,12,0.25034,0.07240,0.06936,0.25990,0.09410,0,0.98875,-0.00090,-0.01906,0.14836,virtual,0,219.10,265.49,219.10,265.49,219.10,265.49,219.10,265.49,219.10,265.49,219.10,265.49,219.10,265.49,219.10,265.49,219.10,265.49,219.10,265.49,219.10,265.49,219.10,265.49,219.10,265.49,219.10,265.49,219.10,265.49,219.10,265.49,219.10,265.49,219.10,265.49,219.10,265.49,219.10,265.49,219.10,265.49,0.00000,0.00000,0.00000,0.00000,0.00000,0.00000,0.00000,0.00000,0.00000,0.00000,0.00000,0.00000,0.00000,0.00000,0.00000,0.00000,0.00000,0.00000,0.00000,0.00000,0.00000,0.00000,0.00000,0.00000,0.00000,0.00000,0.00000,0.00000,0.00000,0.00000,0.00000,0.00000,0.00000,0.00000,0.00000,0.00000,0.00000,0.00000,0.00000,0.00000,0.00000,0.00000,0.00000,0.00000,0.00000,0.00000,0.00000,0.00000,0.00000,0.00000,0.00000,0.00000,0.00000,0.00000,0.00000,0.00000,0.00000,0.00000,0.00000,0.00000,0.00000,0.00000,0.00000,0.00000,0.00000,0.00000,0.00000,0.00000,0.00000,0.00000,0.00000,0.00000,0.00000,0.00000,0.00000,0.00000,0.00000,0.00000,0.00000,0.00000,0.00000,0.00000,0.00000,0.00000
4.4000,1,1,0.00,0.00,33.33,-0.08194,0.02061,0.45009,0.44804,0.44804,0.4500,0,1,0.25651,0.07831,0.07003,0.25564,0.07856,0.06827,0.25,0.02,0.44804,-0.35190,0.25060,-0.27801,1.60775,-0.00001,0.16699,-0.34902,0.24109,-0.27731,1.60669,0.00000,-0.17000,12,0.25075,0.07565,0.06909,0.25990,0.09410,0,0.98782,-0.00116,-0.01703,0.15468,virtual,0,213.74,265.22,213.74,265.22,213.74,265.22,213.74,265.22,213.74,265.22,213.74,265.22,213.74,265.22,213.74,265.22,213.74,265.22,213.74,265.22,213.74,265.22,213.74,265.22,213.74,265.22,213.74,265.22,213.74,265.22,213.74,265.22,213.74,265.22,213.74,265.22,213.74,265.22,213.74,265.22,213.74,265.22,0.00000,0.00000,0.00000,0.00000,0.00000,0.00000,0.00000,0.00000,0.00000,0.00000,0.00000,0.00000,0.00000,0.00000,0.00000,0.00000,0.00000,0.00000,0.00000,0.00000,0.00000,0.00000,0.00000,0.00000,0.00000,0.00000,0.00000,0.00000,0.00000,0.00000,0.00000,0.00000,0.00000,0.00000,0.00000,0.00000,0.00000,0.00000,0.00000,0.00000,0.00000,0.00000,0.00000,0.00000,0.00000,0.00000,0.00000,0.00000,0.00000,0.00000,0.00000,0.00000,0.00000,0.00000,0.00000,0.00000,0.00000,0.00000,0.00000,0.00000,0.00000,0.00000,0.00000,0.00000,0.00000,0.00000,0.00000,0.00000,0.00000,0.00000,0.00000,0.00000,0.00000,0.00000,0.00000,0.00000,0.00000,0.00000,0.00000,0.00000,0.00000,0.00000,0.00000,0.00000
4.4333,1,1,0.00,0.00,33.33,-0.08614,0.02034,0.44923,0.44837,0.44837,0.4500,0,1,0.25694,0.08250,0.07031,0.25812,0.08385,0.07148,0.24,0.02,0.44837,-0.36938,0.26587,-0.32180,1.61791,-0.00000,0.16698,-0.36522,0.26060,-0.30677,1.61666,0.00000,-0.17000,12,0.25312,0.08085,0.07221,0.25990,0.09410,0,0.98624,0.00082,-0.02584,0.16327,virtual,0,208.34,264.80,208.34,264.80,208.34,264.80,208.34,264.80,208.34,264.80,208.34,264.80,208.34,264.80,208.34,264.80,208.34,264.80,208.34,264.80,208.34,264.80,208.34,264.80,208.34,264.80,208.34,264.80,208.34,264.80,208.34,264.80,208.34,264.80,208.34,264.80,208.34,264.80,208.34,264.80,208.34,264.80,0.00000,0.00000,0.00000,0.00000,0.00000,0.00000,0.00000,0.00000,0.00000,0.00000,0.00000,0.00000,0.00000,0.00000,0.00000,0.00000,0.00000,0.00000,0.00000,0.00000,0.00000,0.00000,0.00000,0.00000,0.00000,0.00000,0.00000,0.00000,0.00000,0.00000,0.00000,0.00000,0.00000,0.00000,0.00000,0.00000,0.00000,0.00000,0.00000,0.00000,0.00000,0.00000,0.00000,0.00000,0.00000,0.00000,0.00000,0.00000,0.00000,0.00000,0.00000,0.00000,0.00000,0.00000,0.00000,0.00000,0.00000,0.00000,0.00000,0.00000,0.00000,0.00000,0.00000,0.00000,0.00000,0.00000,0.00000,0.00000,0.00000,0.00000,0.00000,0.00000,0.00000,0.00000,0.00000,0.00000,0.00000,0.00000,0.00000,0.00000,0.00000,0.00000,0.00000,0.00000
4.4667,1,1,0.00,0.00,33.33,-0.09033,0.02051,0.44848,0.44773,0.44773,0.4500,0,1,0.25731,0.08669,0.07014,0.25643,0.08729,0.06884,0.25,0.02,0.44773,-0.38567,0.28513,-0.33104,1.62283,-0.00000,0.16701,-0.38132,0.27982,-0.33305,1.62376,0.00000,-0.17000,12,0.25153,0.08412,0.06956,0.25990,0.09410,0,0.98509,-0.00057,-0.01849,0.17102,virtual,0,203.00,265.60,203.00,265.60,203.00,265.60,203.00,265.60,203.00,265.60,203.00,265.60,203.00,265.60,203.00,265.60,203.00,265.60,203.00,265.60,203.00,265.60,203.00,265.60,203.00,265.60,203.00,265.60,203.00,265.60,203.00,265.60,203.00,265.60,203.00,265.60,203.00,265.60,203.00,265.60,203.00,265.60,0.00000,0.00000,0.00000,0.00000,0.00000,0.00000,0.00000,0.00000,0.00000,0.00000,0.00000,0.00000,0.00000,0.00000,0.00000,0.00000,0.00000,0.00000,0.00000,0.00000,0.00000,0.00000,0.00000,0.00000,0.00000,0.00000,0.00000,0.00000,0.00000,0.00000,0.00000,0.00000,0.00000,0.00000,0.00000,0.00000,0.00000,0.00000,0.00000,0.00000,0.00000,0.00000,0.00000,0.00000,0.00000,0.00000,0.00000,0.00000,0.00000,0.00000,0.00000,0.00000,0.00000,0.00000,0.00000,0.00000,0.00000,0.00000,0.00000,0.00000,0.00000,0.00000,0.00000,0.00000,0.00000,0.00000,0.00000,0.00000,0.00000,0.00000,0.00000,0.00000,0.00000,0.00000,0.00000,0.00000,0.00000,0.00000,0.00000,0.00000,0.00000,0.00000,0.00000,0.00000
4.5000,1,1,0.00,0.00,33.33,-0.09224,0.02055,0.44725,0.44601,0.44601,0.4500,0,1,0.25793,0.08860,0.07010,0.25805,0.08875,0.06913,0.15,0.01,0.44601,-0.38883,0.30125,-0.35614,1.62841,0.00000,0.16701,-0.38818,0.29424,-0.35331,1.62966,0.00000,-0.17000,12,0.25307,0.08553,0.06982,0.25990,0.09410,0,0.98481,-0.00016,-0.02017,0.17245,virtual,0,203.00,265.60,203.00,265.60,203.00,265.60,203.00,265.60,203.00,265.60,203.00,265.60,203.00,265.60,203.00,265.60,203.00,265.60,203.00,265.60,203.00,265.60,203.00,265.60,203.00,265.60,203.00,265.60,203.00,265.60,203.00,265.60,203.00,265.60,203.00,265.60,203.00,265.60,203.00,265.60,203.00,265.60,0.00000,0.00000,0.00000,0.00000,0.00000,0.00000,0.00000,0.00000,0.00000,0.00000,0.00000,0.00000,0.00000,0.00000,0.00000,0.00000,0.00000,0.00000,0.00000,0.00000,0.00000,0.00000,0.00000,0.00000,0.00000,0.00000,0.00000,0.00000,0.00000,0.00000,0.00000,0.00000,0.00000,0.00000,0.00000,0.00000,0.00000,0.00000,0.00000,0.00000,0.00000,0.00000,0.00000,0.00000,0.00000,0.00000,0.00000,0.00000,0.00000,0.00000,0.00000,0.00000,0.00000,0.00000,0.00000,0.00000,0.00000,0.00000,0.00000,0.00000,0.00000,0.00000,0.00000,0.00000,0.00000,0.00000,0.00000,0.00000,0.00000,0.00000,0.00000,0.00000,0.00000,0.00000,0.00000,0.00000,0.00000,0.00000,0.00000,0.00000,0.00000,0.00000,0.00000,0.00000
4.5333,1,1,0.00,0.00,33.33,-0.09329,0.02260,0.44598,0.44471,0.44471,0.4500,0,1,0.25856,0.08966,0.06805,0.25790,0.08954,0.06733,0.22,0.00,0.44471,-0.39217,0.30441,-0.34750,1.61843,0.00000,0.16713,-0.39141,0.30277,-0.35123,1.61928,0.00000,-0.17000,12,0.25287,0.08628,0.06791,0.25990,0.09410,0,0.98457,-0.00057,-0.01817,0.17404,virtual,0,202.42,270.71,202.42,270.71,202.42,270.71,202.42,270.71,202.42,270.71,202.42,270.71,202.42,270.71,202.42,270.71,202.42,270.71,202.42,270.71,202.42,270.71,202.42,270.71,202.42,270.71,202.42,270.71,202.42,270.71,202.42,270.71,202.42,270.71,202.42,270.71,202.42,270.71,202.42,270.71,202.42,270.71,0.00000,0.00000,0.00000,0.00000,0.00000,0.00000,0.00000,0.00000,0.00000,0.00000,0.00000,0.00000,0.00000,0.00000,0.00000,0.00000,0.00000,0.00000,0.00000,0.00000,0.00000,0.00000,0.00000,0.00000,0.00000,0.00000,0.00000,0.00000,0.00000,0.00000,0.00000,0.00000,0.00000,0.00000,0.00000,0.00000,0.00000,0.00000,0.00000,0.00000,0.00000,0.00000,0.00000,0.00000,0.00000,0.00000,0.00000,0.00000,0.00000,0.00000,0.00000,0.00000,0.00000,0.00000,0.00000,0.00000,0.00000,0.00000,0.00000,0.00000,0.00000,0.00000,0.00000,0.00000,0.00000,0.00000,0.00000,0.00000,0.00000,0.00000,0.00000,0.00000,0.00000,0.00000,0.00000,0.00000,0.00000,0.00000,0.00000,0.00000,0.00000,0.00000,0.00000,0.00000
4.5667,1,1,0.00,0.00,33.33,-0.09395,0.02565,0.44498,0.44397,0.44397,0.4500,0,1,0.25907,0.09031,0.06500,0.25918,0.09039,0.06431,0.29,0.01,0.44397,-0.39342,0.30857,-0.33066,1.59183,0.00000,0.16716,-0.39322,0.30769,-0.33611,1.59938,0.00000,-0.17000,12,0.25429,0.08720,0.06500,0.25990,0.09410,0,0.98441,0.00016,-0.02144,0.17456,virtual,0,201.89,275.83,201.89,275.83,201.89,275.83,201.89,275.83,201.89,275.83,201.89,275.83,201.89,275.83,201.89,275.83,201.89,275.83,201.89,275.83,201.89,275.83,201.89,275.83,201.89,275.83,201.89,275.83,201.89,275.83,201.89,275.83,201.89,275.83,201.89,275.83,201.89,275.83,201.89,275.83,201.89,275.83,0.00000,0.00000,0.00000,0.00000,0.00000,0.00000,0.00000,0.00000,0.00000,0.00000,0.00000,0.00000,0.00000,0.00000,0.00000,0.00000,0.00000,0.00000,0.00000,0.00000,0.00000,0.00000,0.00000,0.00000,0.00000,0.00000,0.00000,0.00000,0.00000,0.00000,0.00000,0.00000,0.00000,0.00000,0.00000,0.00000,0.00000,0.00000,0.00000,0.00000,0.00000,0.00000,0.00000,0.00000,0.00000,0.00000,0.00000,0.00000,0.00000,0.00000,0.00000,0.00000,0.00000,0.00000,0.00000,0.00000,0.00000,0.00000,0.00000,0.00000,0.00000,0.00000,0.00000,0.00000,0.00000,0.00000,0.00000,0.00000,0.00000,0.00000,0.00000,0.00000,0.00000,0.00000,0.00000,0.00000,0.00000,0.00000,0.00000,0.00000,0.00000,0.00000,0.00000,0.00000
4.6000,1,1,0.00,0.00,33.33,-0.09468,0.02930,0.44555,0.44612,0.44612,0.4500,0,1,0.25878,0.09104,0.06134,0.25836,0.09077,0.06008,0.31,0.02,0.44612,-0.39622,0.30780,-0.29858,1.56506,-0.00000,0.16720,-0.39643,0.30600,-0.30666,1.57178,0.00000,-0.17000,12,0.25352,0.08741,0.06067,0.25990,0.09410,0,0.98430,-0.00048,-0.01852,0.17555,virtual,0,201.48,280.95,201.48,280.95,201.48,280.95,201.48,280.95,201.48,280.95,201.48,280.95,201.48,280.95,201.48,280.95,201.48,280.95,201.48,280.95,201.48,280.95,201.48,280.95,201.48,280.95,201.48,280.95,201.48,280.95,201.48,280.95,201.48,280.95,201.48,280.95,201.48,280.95,201.48,280.95,201.48,280.95,0.00000,0.00000,0.00000,0.00000,0.00000,0.00000,0.00000,0.00000,0.00000,0.00000,0.00000,0.00000,0.00000,0.00000,0.00000,0.00000,0.00000,0.00000,0.00000,0.00000,0.00000,0.00000,0.00000,0.00000,0.00000,0.00000,0.00000,0.00000,0.00000,0.00000,0.00000,0.00000,0.00000,0.00000,0.00000,0.00000,0.00000,0.00000,0.00000,0.00000,0.00000,0.00000,0.00000,0.00000,0.00000,0.00000,0.00000,0.00000,0.00000,0.00000,0.00000,0.00000,0.00000,0.00000,0.00000,0.00000,0.00000,0.00000,0.00000,0.00000,0.00000,0.00000,0.00000,0.00000,0.00000,0.00000,0.00000,0.00000,0.00000,0.00000,0.00000,0.00000,0.00000,0.00000,0.00000,0.00000,0.00000,0.00000,0.00000,0.00000,0.00000,0.00000,0.00000,0.00000
4.6333,1,1,0.00,0.00,33.33,-0.09496,0.03310,0.44462,0.44369,0.44369,0.4500,0,1,0.25925,0.09132,0.05755,0.25837,0.09106,0.05618,0.36,0.01,0.44369,-0.39732,0.31161,-0.27537,1.54004,-0.00000,0.16718,-0.39689,0.30997,-0.28455,1.54562,0.00000,-0.17000,12,0.25355,0.08778,0.05694,0.25990,0.09410,0,0.98420,-0.00055,-0.01811,0.17615,virtual,0,201.02,286.09,201.02,286.09,201.02,286.09,201.02,286.09,201.02,286.09,201.02,286.09,201.02,286.09,201.02,286.09,201.02,286.09,201.02,286.09,201.02,286.09,201.02,286.09,201.02,286.09,201.02,286.09,201.02,286.09,201.02,286.09,201.02,286.09,201.02,286.09,201.02,286.09,201.02,286.09,201.02,286.09,0.00000,0.00000,0.00000,0.00000,0.00000,0.00000,0.00000,0.00000,0.00000,0.00000,0.00000,0.00000,0.00000,0.00000,0.00000,0.00000,0.00000,0.00000,0.00000,0.00000,0.00000,0.00000,0.00000,0.00000,0.00000,0.00000,0.00000,0.00000,0.00000,0.00000,0.00000,0.00000,0.00000,0.00000,0.00000,0.00000,0.00000,0.00000,0.00000,0.00000,0.00000,0.00000,0.00000,0.00000,0.00000,0.00000,0.00000,0.00000,0.00000,0.00000,0.00000,0.00000,0.00000,0.00000,0.00000,0.00000,0.00000,0.00000,0.00000,0.00000,0.00000,0.00000,0.00000,0.00000,0.00000,0.00000,0.00000,0.00000,0.00000,0.00000,0.00000,0.00000,0.00000,0.00000,0.00000,0.00000,0.00000,0.00000,0.00000,0.00000,0.00000,0.00000,0.00000,0.00000
4.6667,1,1,0.00,0.00,33.33,-0.09544,0.03713,0.44489,0.44517,0.44517,0.4500,0,1,0.25911,0.09181,0.05352,0.25875,0.09163,0.05219,0.36,0.02,0.44517,-0.39887,0.31292,-0.24743,1.50768,0.00000,0.16718,-0.39892,0.31078,-0.25595,1.51627,0.00000,-0.17000,12,0.25387,0.08826,0.05283,0.25990,0.09410,0,0.98408,-0.00039,-0.01880,0.17674,virtual,0,200.56,291.24,200.56,291.24,200.56,291.24,200.56,291.24,200.56,291.24,200.56,291.24,200.56,291.24,200.56,291.24,200.56,291.24,200.56,291.24,200.56,291.24,200.56,291.24,200.56,291.24,200.56,291.24,200.56,291.24,200.56,291.24,200.56,291.24,200.56,291.24,200.56,291.24,200.56,291.24,200.56,291.24,0.00000,0.00000,0.00000,0.00000,0.00000,0.00000,0.00000,0.00000,0.00000,0.00000,0.00000,0.00000,0.00000,0.00000,0.00000,0.00000,0.00000,0.00000,0.00000,0.00000,0.00000,0.00000,0.00000,0.00000,0.00000,0.00000,0.00000,0.00000,0.00000,0.00000,0.00000,0.00000,0.00000,0.00000,0.00000,0.00000,0.00000,0.00000,0.00000,0.00000,0.00000,0.00000,0.00000,0.00000,0.00000,0.00000,0.00000,0.00000,0.00000,0.00000,0.00000,0.00000,0.00000,0.00000,0.00000,0.00000,0.00000,0.00000,0.00000,0.00000,0.00000,0.00000,0.00000,0.00000,0.00000,0.00000,0.00000,0.00000,0.00000,0.00000,0.00000,0.00000,0.00000,0.00000,0.00000,0.00000,0.00000,0.00000,0.00000,0.00000,0.00000,0.00000,0.00000,0.00000
4.7000,1,1,0.00,0.00,33.33,-0.09533,0.04096,0.44262,0.44035,0.44035,0.4500,0,1,0.26024,0.09169,0.04968,0.26013,0.09172,0.04893,0.41,0.01,0.44035,-0.39700,0.32665,-0.24330,1.48957,-0.00000,0.16715,-0.39681,0.32117,-0.24286,1.49263,0.00000,-0.17000,12,0.25522,0.08843,0.04961,0.25990,0.09410,0,0.98422,-0.00031,-0.01922,0.17588,virtual,0,200.16,296.39,200.16,296.39,200.16,296.39,200.16,296.39,200.16,296.39,200.16,296.39,200.16,296.39,200.16,296.39,200.16,296.39,200.16,296.39,200.16,296.39,200.16,296.39,200.16,296.39,200.16,296.39,200.16,296.39,200.16,296.39,200.16,296.39,200.16,296.39,200.16,296.39,200.16,296.39,200.16,296.39,0.00000,0.00000,0.00000,0.00000,0.00000,0.00000,0.00000,0.00000,0.00000,0.00000,0.00000,0.00000,0.00000,0.00000,0.00000,0.00000,0.00000,0.00000,0.00000,0.00000,0.00000,0.00000,0.00000,0.00000,0.00000,0.00000,0.00000,0.00000,0.00000,0.00000,0.00000,0.00000,0.00000,0.00000,0.00000,0.00000,0.00000,0.00000,0.00000,0.00000,0.00000,0.00000,0.00000,0.00000,0.00000,0.00000,0.00000,0.00000,0.00000,0.00000,0.00000,0.00000,0.00000,0.00000,0.00000,0.00000,0.00000,0.00000,0.00000,0.00000,0.00000,0.00000,0.00000,0.00000,0.00000,0.00000,0.00000,0.00000,0.00000,0.00000,0.00000,0.00000,0.00000,0.00000,0.00000,0.00000,0.00000,0.00000,0.00000,0.00000,0.00000,0.00000,0.00000,0.00000
4.7333,1,1,0.00,0.00,33.33,-0.09586,0.04514,0.44357,0.44452,0.44452,0.4500,0,1,0.25977,0.09223,0.04550,0.25943,0.09213,0.04508,0.38,0.02,0.44452,-0.39972,0.32244,-0.20843,1.45778,-0.00000,0.16716,-0.39942,0.32183,-0.21271,1.46200,0.00000,-0.17000,12,0.25457,0.08874,0.04553,0.25990,0.09410,0,0.98403,-0.00029,-0.01926,0.17694,virtual,0,199.81,301.50,199.81,301.50,199.81,301.50,199.81,301.50,199.81,301.50,199.81,301.50,199.81,301.50,199.81,301.50,199.81,301.50,199.81,301.50,199.81,301.50,199.81,301.50,199.81,301.50,199.81,301.50,199.81,301.50,199.81,301.50,199.81,301.50,199.81,301.50,199.81,301.50,199.81,301.50,199.81,301.50,0.00000,0.00000,0.00000,0.00000,0.00000,0.00000,0.00000,0.00000,0.00000,0.00000,0.00000,0.00000,0.00000,0.00000,0.00000,0.00000,0.00000,0.00000,0.00000,0.00000,0.00000,0.00000,0.00000,0.00000,0.00000,0.00000,0.00000,0.00000,0.00000,0.00000,0.00000,0.00000,0.00000,0.00000,0.00000,0.00000,0.00000,0.00000,0.00000,0.00000,0.00000,0.00000,0.00000,0.00000,0.00000,0.00000,0.00000,0.00000,0.00000,0.00000,0.00000,0.00000,0.00000,0.00000,0.00000,0.00000,0.00000,0.00000,0.00000,0.00000,0.00000,0.00000,0.00000,0.00000,0.00000,0.00000,0.00000,0.00000,0.00000,0.00000,0.00000,0.00000,0.00000,0.00000,0.00000,0.00000,0.00000,0.00000,0.00000,0.00000,0.00000,0.00000,0.00000,0.00000
4.7667,1,1,0.00,0.00,33.33,-0.09622,0.04926,0.44376,0.44396,0.44396,0.4500,0,1,0.25967,0.09258,0.04138,0.25835,0.09208,0.03913,0.40,0.02,0.44396,-0.40128,0.32626,-0.17024,1.42111,0.00000,0.16718,-0.40099,0.32548,-0.18753,1.43311,0.00000,-0.17000,12,0.25351,0.08872,0.03977,0.25990,0.09410,0,0.98394,-0.00087,-0.01659,0.17771,virtual,0,199.44,306.65,199.44,306.65,199.44,306.65,199.44,306.65,199.44,306.65,199.44,306.65,199.44,306.65,199.44,306.65,199.44,306.65,199.44,306.65,199.44,306.65,199.44,306.65,199.44,306.65,199.44,306.65,199.44,306.65,199.44,306.65,199.44,306.65,199.44,306.65,199.44,306.65,199.44,306.65,199.44,306.65,0.00000,0.00000,0.00000,0.00000,0.00000,0.00000,0.00000,0.00000,0.00000,0.00000,0.00000,0.00000,0.00000,0.00000,0.00000,0.00000,0.00000,0.00000,0.00000,0.00000,0.00000,0.00000,0.00000,0.00000,0.00000,0.00000,0.00000,0.00000,0.00000,0.00000,0.00000,0.00000,0.00000,0.00000,0.00000,0.00000,0.00000,0.00000,0.00000,0.00000,0.00000,0.00000,0.00000,0.00000,0.00000,0.00000,0.00000,0.00000,0.00000,0.00000,0.00000,0.00000,0.00000,0.00000,0.00000,0.00000,0.00000,0.00000,0.00000,0.00000,0.00000,0.00000,0.00000,0.00000,0.00000,0.00000,0.00000,0.00000,0.00000,0.00000,0.00000,0.00000,0.00000,0.00000,0.00000,0.00000,0.00000,0.00000,0.00000,0.00000,0.00000,0.00000,0.00000,0.00000
4.8000,1,1,0.00,0.00,33.33,-0.09658,0.05338,0.44369,0.44362,0.44362,0.4500,0,1,0.25971,0.09295,0.03726,0.26000,0.09309,0.03717,0.41,0.01,0.44362,-0.40249,0.33363,-0.16562,1.40030,0.00000,0.16718,-0.40236,0.33145,-0.16570,1.40527,0.00000,-0.17000,12,0.25513,0.08972,0.03783,0.25990,0.09410,0,0.98378,0.00009,-0.02078,0.17819,virtual,0,198.87,311.84,198.87,311.84,198.87,311.84,198.87,311.84,198.87,311.84,198.87,311.84,198.87,311.84,198.87,311.84,198.87,311.84,198.87,311.84,198.87,311.84,198.87,311.84,198.87,311.84,198.87,311.84,198.87,311.84,198.87,311.84,198.87,311.84,198.87,311.84,198.87,311.84,198.87,311.84,198.87,311.84,0.00000,0.00000,0.00000,0.00000,0.00000,0.00000,0.00000,0.00000,0.00000,0.00000,0.00000,0.00000,0.00000,0.00000,0.00000,0.00000,0.00000,0.00000,0.00000,0.00000,0.00000,0.00000,0.00000,0.00000,0.00000,0.00000,0.00000,0.00000,0.00000,0.00000,0.00000,0.00000,0.00000,0.00000,0.00000,0.00000,0.00000,0.00000,0.00000,0.00000,0.00000,0.00000,0.00000,0.00000,0.00000,0.00000,0.00000,0.00000,0.00000,0.00000,0.00000,0.00000,0.00000,0.00000,0.00000,0.00000,0.00000,0.00000,0.00000,0.00000,0.00000,0.00000,0.00000,0.00000,0.00000,0.00000,0.00000,0.00000,0.00000,0.00000,0.00000,0.00000,0.00000,0.00000,0.00000,0.00000,0.00000,0.00000,0.00000,0.00000,0.00000,0.00000,0.00000,0.00000
4.8333,1,1,0.00,0.00,33.33,-0.09698,0.05757,0.44420,0.44471,0.44471,0.4500,0,1,0.25945,0.09334,0.03308,0.25904,0.09327,0.03221,0.42,0.01,0.44471,-0.40475,0.33797,-0.13526,1.36908,0.00000,0.16720,-0.40426,0.33637,-0.14166,1.37633,0.00000,-0.17000,12,0.25421,0.08989,0.03281,0.25990,0.09410,0,0.98362,-0.00031,-0.01894,0.17923,virtual,0,198.64,316.97,198.64,316.97,198.64,316.97,198.64,316.97,198.64,316.97,198.64,316.97,198.64,316.97,198.64,316.97,198.64,316.97,198.64,316.97,198.64,316.97,198.64,316.97,198.64,316.97,198.64,316.97,198.64,316.97,198.64,316.97,198.64,316.97,198.64,316.97,198.64,316.97,198.64,316.97,198.64,316.97,0.00000,0.00000,0.00000,0.00000,0.00000,0.00000,0.00000,0.00000,0.00000,0.00000,0.00000,0.00000,0.00000,0.00000,0.00000,0.00000,0.00000,0.00000,0.00000,0.00000,0.00000,0.00000,0.00000,0.00000,0.00000,0.00000,0.00000,0.00000,0.00000,0.00000,0.00000,0.00000,0.00000,0.00000,0.00000,0.00000,0.00000,0.00000,0.00000,0.00000,0.00000,0.00000,0.00000,0.00000,0.00000,0.00000,0.00000,0.00000,0.00000,0.00000,0.00000,0.00000,0.00000,0.00000,0.00000,0.00000,0.00000,0.00000,0.00000,0.00000,0.00000,0.00000,0.00000,0.00000,0.00000,0.00000,0.00000,0.00000,0.00000,0.00000,0.00000,0.00000,0.00000,0.00000,0.00000,0.00000,0.00000,0.00000,0.00000,0.00000,0.00000,0.00000,0.00000,0.00000
4.8667,1,1,0.00,0.00,33.33,-0.09716,0.06165,0.44374,0.44328,0.44328,0.4500,0,1,0.25969,0.09352,0.02900,0.25824,0.09293,0.02689,0.44,0.01,0.44328,-0.40474,0.35157,-0.11613,1.34507,-0.00000,0.16719,-0.40465,0.34521,-0.12423,1.35000,0.00000,-0.17000,12,0.25342,0.08959,0.02764,0.25990,0.09410,0,0.98369,-0.00126,-0.01474,0.17925,virtual,0,198.28,322.18,198.28,322.18,198.28,322.18,198.28,322.18,198.28,322.18,198.28,322.18,198.28,322.18,198.28,322.18,198.28,322.18,198.28,322.18,198.28,322.18,198.28,322.18,198.28,322.18,198.28,322.18,198.28,322.18,198.28,322.18,198.28,322.18,198.28,322.18,198.28,322.18,198.28,322.18,198.28,322.18,0.00000,0.00000,0.00000,0.00000,0.00000,0.00000,0.00000,0.00000,0.00000,0.00000,0.00000,0.00000,0.00000,0.00000,0.00000,0.00000,0.00000,0.00000,0.00000,0.00000,0.00000,0.00000,0.00000,0.00000,0.00000,0.00000,0.00000,0.00000,0.00000,0.00000,0.00000,0.00000,0.00000,0.00000,0.00000,0.00000,0.00000,0.00000,0.00000,0.00000,0.00000,0.00000,0.00000,0.00000,0.00000,0.00000,0.00000,0.00000,0.00000,0.00000,0.00000,0.00000,0.00000,0.00000,0.00000,0.00000,0.00000,0.00000,0.00000,0.00000,0.00000,0.00000,0.00000,0.00000,0.00000,0.00000,0.00000,0.00000,0.00000,0.00000,0.00000,0.00000,0.00000,0.00000,0.00000,0.00000,0.00000,0.00000,0.00000,0.00000,0.00000,0.00000,0.00000,0.00000
4.9000,1,1,0.00,0.00,33.33,-0.09771,0.06590,0.44409,0.44445,0.44445,0.4500,0,1,0.25951,0.09407,0.02475,0.25882,0.09373,0.02374,0.45,0.01,0.44445,-0.40688,0.35523,-0.09714,1.31530,-0.00000,0.16719,-0.40696,0.35339,-0.10442,1.32204,0.00000,-0.17000,12,0.25402,0.09033,0.02437,0.25990,0.09410,0,0.98348,-0.00047,-0.01812,0.18009,virtual,0,197.47,327.48,197.47,327.48,197.47,327.48,197.47,327.48,197.47,327.48,197.47,327.48,197.47,327.48,197.47,327.48,197.47,327.48,197.47,327.48,197.47,327.48,197.47,327.48,197.47,327.48,197.47,327.48,197.47,327.48,197.47,327.48,197.47,327.48,197.47,327.48,197.47,327.48,197.47,327.48,197.47,327.48,0.00000,0.00000,0.00000,0.00000,0.00000,0.00000,0.00000,0.00000,0.00000,0.00000,0.00000,0.00000,0.00000,0.00000,0.00000,0.00000,0.00000,0.00000,0.00000,0.00000,0.00000,0.00000,0.00000,0.00000,0.00000,0.00000,0.00000,0.00000,0.00000,0.00000,0.00000,0.00000,0.00000,0.00000,0.00000,0.00000,0.00000,0.00000,0.00000,0.00000,0.00000,0.00000,0.00000,0.00000,0.00000,0.00000,0.00000,0.00000,0.00000,0.00000,0.00000,0.00000,0.00000,0.00000,0.00000,0.00000,0.00000,0.00000,0.00000,0.00000,0.00000,0.00000,0.00000,0.00000,0.00000,0.00000,0.00000,0.00000,0.00000,0.00000,0.00000,0.00000,0.00000,0.00000,0.00000,0.00000,0.00000,0.00000,0.00000,0.00000,0.00000,0.00000,0.00000,0.00000
4.9333,1,1,0.00,0.00,33.33,-0.09799,0.07001,0.44342,0.44274,0.44274,0.4500,0,1,0.25985,0.09435,0.02063,0.25980,0.09443,0.01932,0.47,0.01,0.44274,-0.40792,0.37301,-0.09011,1.28894,-0.00000,0.16720,-0.40755,0.36539,-0.09124,1.29680,0.00000,-0.17000,12,0.25505,0.09109,0.02000,0.25990,0.09410,0,0.98337,-0.00026,-0.01896,0.18064,virtual,0,196.98,332.80,196.98,332.80,196.98,332.80,196.98,332.80,196.98,332.80,196.98,332.80,196.98,332.80,196.98,332.80,196.98,332.80,196.98,332.80,196.98,332.80,196.98,332.80,196.98,332.80,196.98,332.80,196.98,332.80,196.98,332.80,196.98,332.80,196.98,332.80,196.98,332.80,196.98,332.80,196.98,332.80,0.00000,0.00000,0.00000,0.00000,0.00000,0.00000,0.00000,0.00000,0.00000,0.00000,0.00000,0.00000,0.00000,0.00000,0.00000,0.00000,0.00000,0.00000,0.00000,0.00000,0.00000,0.00000,0.00000,0.00000,0.00000,0.00000,0.00000,0.00000,0.00000,0.00000,0.00000,0.00000,0.00000,0.00000,0.00000,0.00000,0.00000,0.00000,0.00000,0.00000,0.00000,0.00000,0.00000,0.00000,0.00000,0.00000,0.00000,0.00000,0.00000,0.00000,0.00000,0.00000,0.00000,0.00000,0.00000,0.00000,0.00000,0.00000,0.00000,0.00000,0.00000,0.00000,0.00000,0.00000,0.00000,0.00000,0.00000,0.00000,0.00000,0.00000,0.00000,0.00000,0.00000,0.00000,0.00000,0.00000,0.00000,0.00000,0.00000,0.00000,0.00000,0.00000,0.00000,0.00000
4.9667,1,1,0.00,0.00,33.33,-0.09769,0.07390,0.44168,0.43994,0.43994,0.4500,0,1,0.26071,0.09405,0.01675,0.26023,0.09389,0.01617,0.48,0.01,0.43994,-0.40516,0.38455,-0.08367,1.27283,0.00000,0.16719,-0.40509,0.38013,-0.08385,1.27461,0.00000,-0.17000,12,0.25536,0.09058,0.01691,0.25990,0.09410,0,0.98363,-0.00052,-0.01792,0.17933,virtual,0,197.32,338.00,197.32,338.00,197.32,338.00,197.32,338.00,197.32,338.00,197.32,338.00,197.32,338.00,197.32,338.00,197.32,338.00,197.32,338.00,197.32,338.00,197.32,338.00,197.32,338.00,197.32,338.00,197.32,338.00,197.32,338.00,197.32,338.00,197.32,338.00,197.32,338.00,197.32,338.00,197.32,338.00,0.00000,0.00000,0.00000,0.00000,0.00000,0.00000,0.00000,0.00000,0.00000,0.00000,0.00000,0.00000,0.00000,0.00000,0.00000,0.00000,0.00000,0.00000,0.00000,0.00000,0.00000,0.00000,0.00000,0.00000,0.00000,0.00000,0.00000,0.00000,0.00000,0.00000,0.00000,0.00000,0.00000,0.00000,0.00000,0.00000,0.00000,0.00000,0.00000,0.00000,0.00000,0.00000,0.00000,0.00000,0.00000,0.00000,0.00000,0.00000,0.00000,0.00000,0.00000,0.00000,0.00000,0.00000,0.00000,0.00000,0.00000,0.00000,0.00000,0.00000,0.00000,0.00000,0.00000,0.00000,0.00000,0.00000,0.00000,0.00000,0.00000,0.00000,0.00000,0.00000,0.00000,0.00000,0.00000,0.00000,0.00000,0.00000,0.00000,0.00000,0.00000,0.00000,0.00000,0.00000
5.0000,1,1,0.00,0.00,33.33,-0.09773,0.07600,0.44169,0.44170,0.44170,0.4500,0,1,0.26071,0.09409,0.01465,0.26021,0.09388,0.01428,0.26,0.00,0.44170,-0.40518,0.38854,-0.07516,1.26002,0.00000,0.16691,-0.40515,0.38706,-0.07709,1.26090,0.00000,-0.17000,12,0.25526,0.09047,0.01502,0.25990,0.09410,0,0.98368,-0.00057,-0.01721,0.17913,virtual,0,197.32,338.00,197.32,338.00,197.32,338.00,197.32,338.00,197.32,338.00,197.32,338.00,197.32,338.00,197.32,338.00,197.32,338.00,197.32,338.00,197.32,338.00,197.32,338.00,197.32,338.00,197.32,338.00,197.32,338.00,197.32,338.00,197.32,338.00,197.32,338.00,197.32,338.00,197.32,338.00,197.32,338.00,0.00000,0.00000,0.00000,0.00000,0.00000,0.00000,0.00000,0.00000,0.00000,0.00000,0.00000,0.00000,0.00000,0.00000,0.00000,0.00000,0.00000,0.00000,0.00000,0.00000,0.00000,0.00000,0.00000,0.00000,0.00000,0.00000,0.00000,0.00000,0.00000,0.00000,0.00000,0.00000,0.00000,0.00000,0.00000,0.00000,0.00000,0.00000,0.00000,0.00000,0.00000,0.00000,0.00000,0.00000,0.00000,0.00000,0.00000,0.00000,0.00000,0.00000,0.00000,0.00000,0.00000,0.00000,0.00000,0.00000,0.00000,0.00000,0.00000,0.00000,0.00000,0.00000,0.00000,0.00000,0.00000,0.00000,0.00000,0.00000,0.00000,0.00000,0.00000,0.00000,0.00000,0.00000,0.00000,0.00000,0.00000,0.00000,0.00000,0.00000,0.00000,0.00000,0.00000,0.00000
5.0333,1,1,0.00,0.00,33.33,-0.09756,0.07690,0.44085,0.44000,0.44000,0.4500,0,1,0.26113,0.09393,0.01375,0.26086,0.09393,0.01360,0.14,0.00,0.44000,-0.40430,0.39346,-0.07733,1.25562,0.00001,0.16632,-0.40388,0.39290,-0.07836,1.25625,0.00000,-0.17000,12,0.25588,0.09050,0.01435,0.25990,0.09410,0,0.98377,-0.00005,-0.01678,0.17864,virtual,0,197.32,338.00,197.32,338.00,197.32,338.00,197.32,338.00,197.32,338.00,197.32,338.00,197.32,338.00,197.32,338.00,197.32,338.00,197.32,338.00,197.32,338.00,197.32,338.00,197.32,338.00,197.32,338.00,197.32,338.00,197.32,338.00,197.32,338.00,197.32,338.00,197.32,338.00,197.32,338.00,197.32,338.00,0.00000,0.00000,0.00000,0.00000,0.00000,0.00000,0.00000,0.00000,0.00000,0.00000,0.00000,0.00000,0.00000,0.00000,0.00000,0.00000,0.00000,0.00000,0.00000,0.00000,0.00000,0.00000,0.00000,0.00000,0.00000,0.00000,0.00000,0.00000,0.00000,0.00000,0.00000,0.00000,0.00000,0.00000,0.00000,0.00000,0.00000,0.00000,0.00000,0.00000,0.00000,0.00000,0.00000,0.00000,0.00000,0.00000,0.00000,0.00000,0.00000,0.00000,0.00000,0.00000,0.00000,0.00000,0.00000,0.00000,0.00000,0.00000,0.00000,0.00000,0.00000,0.00000,0.00000,0.00000,0.00000,0.00000,0.00000,0.00000,0.00000,0.00000,0.00000,0.00000,0.00000,0.00000,0.00000,0.00000,0.00000,0.00000,0.00000,0.00000,0.00000,0.00000,0.00000,0.00000
5.0667,1,1,0.00,0.00,33.33,-0.09734,0.07724,0.43982,0.43880,0.43880,0.5917,0,1,0.26164,0.09371,0.01340,0.26083,0.09388,0.01378,0.78,0.00,0.43880,-0.40414,0.39289,-0.07788,1.25698,0.00001,0.16652,-0.40388,0.39290,-0.07836,1.25625,0.00000,-0.17000,12,0.25597,0.09050,0.01453,0.25990,0.09410,0,0.98381,0.00011,-0.01625,0.17850,virtual,0,197.32,338.00,197.32,338.00,197.32,338.00,197.32,338.00,197.32,338.00,197.32,338.00,197.32,338.00,197.32,338.00,197.32,338.00,197.32,338.00,197.32,338.00,197.32,338.00,197.32,338.00,197.32,338.00,197.32,338.00,197.32,338.00,197.32,338.00,197.32,338.00,197.32,338.00,197.32,338.00,197.32,338.00,0.00000,0.00000,0.00000,0.00000,0.00000,0.00000,0.00000,0.00000,0.00000,0.00000,0.00000,0.00000,0.00000,0.00000,0.00000,0.00000,0.00000,0.00000,0.00000,0.00000,0.00000,0.00000,0.00000,0.00000,0.00000,0.00000,0.00000,0.00000,0.00000,0.00000,0.00000,0.00000,0.00000,0.00000,0.00000,0.00000,0.00000,0.00000,0.00000,0.00000,0.00000,0.00000,0.00000,0.00000,0.00000,0.00000,0.00000,0.00000,0.00000,0.00000,0.00000,0.00000,0.00000,0.00000,0.00000,0.00000,0.00000,0.00000,0.00000,0.00000,0.00000,0.00000,0.00000,0.00000,0.00000,0.00000,0.00000,0.00000,0.00000,0.00000,0.00000,0.00000,0.00000,0.00000,0.00000,0.00000,0.00000,0.00000,0.00000,0.00000,0.00000,0.00000,0.00000,0.00000
5.1000,1,1,0.00,0.00,33.33,-0.09735,0.07751,0.43983,0.43984,0.43984,0.7333,0,1,0.26164,0.09372,0.01314,0.26089,0.09388,0.01379,0.95,0.00,0.43984,-0.40404,0.39296,-0.07803,1.25672,0.00000,0.16655,-0.40388,0.39290,-0.07836,1.25625,0.00000,-0.17000,12,0.25604,0.09051,0.01455,0.25990,0.09410,0,0.98383,0.00020,-0.01602,0.17840,virtual,0,197.32,338.00,197.32,338.00,197.32,338.00,197.32,338.00,197.32,338.00,197.32,338.00,197.32,338.00,197.32,338.00,197.32,338.00,197.32,338.00,197.32,338.00,197.32,338.00,197.32,338.00,197.32,338.00,197.32,338.00,197.32,338.00,197.32,338.00,197.32,338.00,197.32,338.00,197.32,338.00,197.32,338.00,0.00000,0.00000,0.00000,0.00000,0.00000,0.00000,0.00000,0.00000,0.00000,0.00000,0.00000,0.00000,0.00000,0.00000,0.00000,0.00000,0.00000,0.00000,0.00000,0.00000,0.00000,0.00000,0.00000,0.00000,0.00000,0.00000,0.00000,0.00000,0.00000,0.00000,0.00000,0.00000,0.00000,0.00000,0.00000,0.00000,0.00000,0.00000,0.00000,0.00000,0.00000,0.00000,0.00000,0.00000,0.00000,0.00000,0.00000,0.00000,0.00000,0.00000,0.00000,0.00000,0.00000,0.00000,0.00000,0.00000,0.00000,0.00000,0.00000,0.00000,0.00000,0.00000,0.00000,0.00000,0.00000,0.00000,0.00000,0.00000,0.00000,0.00000,0.00000,0.00000,0.00000,0.00000,0.00000,0.00000,0.00000,0.00000,0.00000,0.00000,0.00000,0.00000,0.00000,0.00000
5.1333,1,1,0.00,0.00,33.33,-0.09737,0.07765,0.43991,0.44000,0.44000,0.8750,0,1,0.26164,0.09372,0.01314,0.26093,0.09388,0.01381,0.95,0.00,0.44000,-0.40400,0.39294,-0.07813,1.25664,0.00000,0.16661,-0.40388,0.39290,-0.07836,1.25625,0.00000,-0.17000,12,0.25608,0.09052,0.01458,0.25990,0.09410,0,0.98384,0.00024,-0.01586,0.17833,virtual,1,197.32,338.00,197.32,338.00,197.32,338.00,197.32,338.00,197.32,338.00,197.32,338.00,197.32,338.00,197.32,338.00,197.32,338.00,197.32,338.00,197.32,338.00,197.32,338.00,197.32,338.00,197.32,338.00,197.32,338.00,197.32,338.00,197.32,338.00,197.32,338.00,197.32,338.00,197.32,338.00,197.32,338.00,0.00000,0.00000,0.00000,0.00000,0.00000,0.00000,0.00000,0.00000,0.00000,0.00000,0.00000,0.00000,0.00000,0.00000,0.00000,0.00000,0.00000,0.00000,0.00000,0.00000,0.00000,0.00000,0.00000,0.00000,0.00000,0.00000,0.00000,0.00000,0.00000,0.00000,0.00000,0.00000,0.00000,0.00000,0.00000,0.00000,0.00000,0.00000,0.00000,0.00000,0.00000,0.00000,0.00000,0.00000,0.00000,0.00000,0.00000,0.00000,0.00000,0.00000,0.00000,0.00000,0.00000,0.00000,0.00000,0.00000,0.00000,0.00000,0.00000,0.00000,0.00000,0.00000,0.00000,0.00000,0.00000,0.00000,0.00000,0.00000,0.00000,0.00000,0.00000,0.00000,0.00000,0.00000,0.00000,0.00000,0.00000,0.00000,0.00000,0.00000,0.00000,0.00000,0.00000,0.00000
5.1667,1,1,0.00,0.00,33.33,-0.09732,0.07767,0.43965,0.43939,0.43939,1.0167,0,1,0.26164,0.09372,0.01314,0.26096,0.09389,0.01383,0.95,0.00,0.43939,-0.40396,0.39291,-0.07819,1.25655,0.00000,0.16671,-0.40388,0.39290,-0.07836,1.25625,0.00000,-0.17000,12,0.25612,0.09052,0.01460,0.25990,0.09410,0,0.98386,0.00027,-0.01571,0.17827,virtual,0,197.32,338.00,197.32,338.00,197.32,338.00,197.32,338.00,197.32,338.00,197.32,338.00,197.32,338.00,197.32,338.00,197.32,338.00,197.32,338.00,197.32,338.00,197.32,338.00,197.32,338.00,197.32,338.00,197.32,338.00,197.32,338.00,197.32,338.00,197.32,338.00,197.32,338.00,197.32,338.00,197.32,338.00,0.00000,0.00000,0.00000,0.00000,0.00000,0.00000,0.00000,0.00000,0.00000,0.00000,0.00000,0.00000,0.00000,0.00000,0.00000,0.00000,0.00000,0.00000,0.00000,0.00000,0.00000,0.00000,0.00000,0.00000,0.00000,0.00000,0.00000,0.00000,0.00000,0.00000,0.00000,0.00000,0.00000,0.00000,0.00000,0.00000,0.00000,0.00000,0.00000,0.00000,0.00000,0.00000,0.00000,0.00000,0.00000,0.00000,0.00000,0.00000,0.00000,0.00000,0.00000,0.00000,0.00000,0.00000,0.00000,0.00000,0.00000,0.00000,0.00000,0.00000,0.00000,0.00000,0.00000,0.00000,0.00000,0.00000,0.00000,0.00000,0.00000,0.00000,0.00000,0.00000,0.00000,0.00000,0.00000,0.00000,0.00000,0.00000,0.00000,0.00000,0.00000,0.00000,0.00000,0.00000
5.2000,1,1,0.00,0.00,33.33,-0.09763,0.07795,0.44106,0.44248,0.44248,1.1583,0,1,0.26093,0.09403,0.01286,0.26104,0.09397,0.01310,0.09,0.00,0.44248,-0.40413,0.39424,-0.07457,1.25057,-0.00000,0.16672,-0.40452,0.39442,-0.07358,1.25001,0.00000,-0.17000,12,0.25617,0.09058,0.01397,0.25990,0.09410,0,0.98386,-0.00028,-0.01535,0.17828,virtual,0,197.32,338.00,197.32,338.00,197.32,338.00,197.32,338.00,197.32,338.00,197.32,338.00,197.32,338.00,197.32,338.00,197.32,338.00,197.32,338.00,197.32,338.00,197.32,338.00,197.32,338.00,197.32,338.00,197.32,338.00,197.32,338.00,197.32,338.00,197.32,338.00,197.32,338.00,197.32,338.00,197.32,338.00,0.00000,0.00000,0.00000,0.00000,0.00000,0.00000,0.00000,0.00000,0.00000,0.00000,0.00000,0.00000,0.00000,0.00000,0.00000,0.00000,0.00000,0.00000,0.00000,0.00000,0.00000,0.00000,0.00000,0.00000,0.00000,0.00000,0.00000,0.00000,0.00000,0.00000,0.00000,0.00000,0.00000,0.00000,0.00000,0.00000,0.00000,0.00000,0.00000,0.00000,0.00000,0.00000,0.00000,0.00000,0.00000,0.00000,0.00000,0.00000,0.00000,0.00000,0.00000,0.00000,0.00000,0.00000,0.00000,0.00000,0.00000,0.00000,0.00000,0.00000,0.00000,0.00000,0.00000,0.00000,0.00000,0.00000,0.00000,0.00000,0.00000,0.00000,0.00000,0.00000,0.00000,0.00000,0.00000,0.00000,0.00000,0.00000,0.00000,0.00000,0.00000,0.00000,0.00000,0.00000
5.2333,1,1,0.00,0.00,33.33,-0.10023,0.08005,0.45282,0.46459,0.46459,1.3000,0,0,0.26093,0.09403,0.01286,0.26037,0.09381,0.01264,0.09,0.00,0.46459,-0.40461,0.39467,-0.07202,1.25139,-0.00000,0.21488,-0.40452,0.39442,-0.07358,1.25001,0.00000,1.00000,12,0.25660,0.09078,0.01418,0.25990,0.09410,0,0.98395,-0.00233,-0.00676,0.17832,virtual,1,197.32,338.00,197.32,338.00,197.32,338.00,197.32,338.00,197.32,338.00,197.32,338.00,197.32,338.00,197.32,338.00,197.32,338.00,197.32,338.00,197.32,338.00,197.32,338.00,197.32,338.00,197.32,338.00,197.32,338.00,197.32,338.00,197.32,338.00,197.32,338.00,197.32,338.00,197.32,338.00,197.32,338.00,0.00000,0.00000,0.00000,0.00000,0.00000,0.00000,0.00000,0.00000,0.00000,0.00000,0.00000,0.00000,0.00000,0.00000,0.00000,0.00000,0.00000,0.00000,0.00000,0.00000,0.00000,0.00000,0.00000,0.00000,0.00000,0.00000,0.00000,0.00000,0.00000,0.00000,0.00000,0.00000,0.00000,0.00000,0.00000,0.00000,0.00000,0.00000,0.00000,0.00000,0.00000,0.00000,0.00000,0.00000,0.00000,0.00000,0.00000,0.00000,0.00000,0.00000,0.00000,0.00000,0.00000,0.00000,0.00000,0.00000,0.00000,0.00000,0.00000,0.00000,0.00000,0.00000,0.00000,0.00000,0.00000,0.00000,0.00000,0.00000,0.00000,0.00000,0.00000,0.00000,0.00000,0.00000,0.00000,0.00000,0.00000,0.00000,0.00000,0.00000,0.00000,0.00000,0.00000,0.00000
5.2667,1,1,0.00,0.00,33.33,-0.10169,0.08123,0.45942,0.46602,0.46602,1.3000,0,0,0.26093,0.09403,0.01286,0.26069,0.09392,0.01282,0.09,0.00,0.46602,-0.40452,0.39452,-0.07299,1.25057,0.00000,0.32526,-0.40452,0.39442,-0.07358,1.25001,0.00000,1.00000,12,0.25683,0.09083,0.01442,0.25990,0.09410,0,0.98396,-0.00197,-0.00213,0.17834,virtual,1,197.32,338.00,197.32,338.00,197.32,338.00,197.32,338.00,197.32,338.00,197.32,338.00,197.32,338.00,197.32,338.00,197.32,338.00,197.32,338.00,197.32,338.00,197.32,338.00,197.32,338.00,197.32,338.00,197.32,338.00,197.32,338.00,197.32,338.00,197.32,338.00,197.32,338.00,197.32,338.00,197.32,338.00,0.00000,0.00000,0.00000,0.00000,0.00000,0.00000,0.00000,0.00000,0.00000,0.00000,0.00000,0.00000,0.00000,0.00000,0.00000,0.00000,0.00000,0.00000,0.00000,0.00000,0.00000,0.00000,0.00000,0.00000,0.00000,0.00000,0.00000,0.00000,0.00000,0.00000,0.00000,0.00000,0.00000,0.00000,0.00000,0.00000,0.00000,0.00000,0.00000,0.00000,0.00000,0.00000,0.00000,0.00000,0.00000,0.00000,0.00000,0.00000,0.00000,0.00000,0.00000,0.00000,0.00000,0.00000,0.00000,0.00000,0.00000,0.00000,0.00000,0.00000,0.00000,0.00000,0.00000,0.00000,0.00000,0.00000,0.00000,0.00000,0.00000,0.00000,0.00000,0.00000,0.00000,0.00000,0.00000,0.00000,0.00000,0.00000,0.00000,0.00000,0.00000,0.00000,0.00000,0.00000
5.3000,1,1,0.00,0.00,33.33,-0.10247,0.08185,0.46294,0.46645,0.46645,1.3000,0,0,0.26093,0.09403,0.01286,0.26068,0.09391,0.01275,0.09,0.00,0.46645,-0.40451,0.39487,-0.07303,1.25046,0.00000,0.46520,-0.40452,0.39442,-0.07358,1.25001,0.00000,1.00000,12,0.25689,0.09084,0.01453,0.25990,0.09410,0,0.98397,-0.00142,-0.00154,0.17833,virtual,1,197.32,338.00,197.32,338.00,197.32,338.00,197.32,338.00,197.32,338.00,197.32,338.00,197.32,338.00,197.32,338.00,197.32,338.00,197.32,338.00,197.32,338.00,197.32,338.00,197.32,338.00,197.32,338.00,197.32,338.00,197.32,338.00,197.32,338.00,197.32,338.00,197.32,338.00,197.32,338.00,197.32,338.00,0.00000,0.00000,0.00000,0.00000,0.00000,0.00000,0.00000,0.00000,0.00000,0.00000,0.00000,0.00000,0.00000,0.00000,0.00000,0.00000,0.00000,0.00000,0.00000,0.00000,0.00000,0.00000,0.00000,0.00000,0.00000,0.00000,0.00000,0.00000,0.00000,0.00000,0.00000,0.00000,0.00000,0.00000,0.00000,0.00000,0.00000,0.00000,0.00000,0.00000,0.00000,0.00000,0.00000,0.00000,0.00000,0.00000,0.00000,0.00000,0.00000,0.00000,0.00000,0.00000,0.00000,0.00000,0.00000,0.00000,0.00000,0.00000,0.00000,0.00000,0.00000,0.00000,0.00000,0.00000,0.00000,0.00000,0.00000,0.00000,0.00000,0.00000,0.00000,0.00000,0.00000,0.00000,0.00000,0.00000,0.00000,0.00000,0.00000,0.00000,0.00000,0.00000,0.00000,0.00000
5.3333,1,1,0.00,0.00,33.33,-0.10305,0.08231,0.46555,0.46816,0.46816,1.3000,0,0,0.26093,0.09403,0.01286,0.26070,0.09392,0.01277,0.09,0.00,0.46816,-0.40451,0.39484,-0.07307,1.25039,0.00000,0.59702,-0.40452,0.39442,-0.07358,1.25001,0.00000,1.00000,12,0.25693,0.09085,0.01458,0.25990,0.09410,0,0.98397,-0.00128,-0.00145,0.17831,virtual,1,197.32,338.00,197.32,338.00,197.32,338.00,197.32,338.00,197.32,338.00,197.32,338.00,197.32,338.00,197.32,338.00,197.32,338.00,197.32,338.00,197.32,338.00,197.32,338.00,197.32,338.00,197.32,338.00,197.32,338.00,197.32,338.00,197.32,338.00,197.32,338.00,197.32,338.00,197.32,338.00,197.32,338.00,0.00000,0.00000,0.00000,0.00000,0.00000,0.00000,0.00000,0.00000,0.00000,0.00000,0.00000,0.00000,0.00000,0.00000,0.00000,0.00000,0.00000,0.00000,0.00000,0.00000,0.00000,0.00000,0.00000,0.00000,0.00000,0.00000,0.00000,0.00000,0.00000,0.00000,0.00000,0.00000,0.00000,0.00000,0.00000,0.00000,0.00000,0.00000,0.00000,0.00000,0.00000,0.00000,0.00000,0.00000,0.00000,0.00000,0.00000,0.00000,0.00000,0.00000,0.00000,0.00000,0.00000,0.00000,0.00000,0.00000,0.00000,0.00000,0.00000,0.00000,0.00000,0.00000,0.00000,0.00000,0.00000,0.00000,0.00000,0.00000,0.00000,0.00000,0.00000,0.00000,0.00000,0.00000,0.00000,0.00000,0.00000,0.00000,0.00000,0.00000,0.00000,0.00000,0.00000,0.00000
5.3667,1,1,0.00,0.00,33.33,-0.10285,0.08216,0.46466,0.46378,0.46378,1.3000,0,0,0.26093,0.09403,0.01286,0.26071,0.09393,0.01277,0.09,0.00,0.46378,-0.40452,0.39484,-0.07309,1.25035,0.00000,0.75781,-0.40452,0.39442,-0.07358,1.25001,0.00000,1.00000,12,0.25696,0.09086,0.01462,0.25990,0.09410,0,0.98397,-0.00117,-0.00140,0.17830,virtual,1,197.32,338.00,197.32,338.00,197.32,338.00,197.32,338.00,197.32,338.00,197.32,338.00,197.32,338.00,197.32,338.00,197.32,338.00,197.32,338.00,197.32,338.00,197.32,338.00,197.32,338.00,197.32,338.00,197.32,338.00,197.32,338.00,197.32,338.00,197.32,338.00,197.32,338.00,197.32,338.00,197.32,338.00,0.00000,0.00000,0.00000,0.00000,0.00000,0.00000,0.00000,0.00000,0.00000,0.00000,0.00000,0.00000,0.00000,0.00000,0.00000,0.00000,0.00000,0.00000,0.00000,0.00000,0.00000,0.00000,0.00000,0.00000,0.00000,0.00000,0.00000,0.00000,0.00000,0.00000,0.00000,0.00000,0.00000,0.00000,0.00000,0.00000,0.00000,0.00000,0.00000,0.00000,0.00000,0.00000,0.00000,0.00000,0.00000,0.00000,0.00000,0.00000,0.00000,0.00000,0.00000,0.00000,0.00000,0.00000,0.00000,0.00000,0.00000,0.00000,0.00000,0.00000,0.00000,0.00000,0.00000,0.00000,0.00000,0.00000,0.00000,0.00000,0.00000,0.00000,0.00000,0.00000,0.00000,0.00000,0.00000,0.00000,0.00000,0.00000,0.00000,0.00000,0.00000,0.00000,0.00000,0.00000
5.4000,1,1,0.00,0.00,33.33,-0.10311,0.08236,0.46582,0.46697,0.46697,1.3000,0,0,0.26093,0.09403,0.01286,0.26072,0.09393,0.01277,0.09,0.00,0.46697,-0.40452,0.39486,-0.07310,1.25031,0.00000,0.92244,-0.40452,0.39442,-0.07358,1.25001,0.00000,1.00000,12,0.25700,0.09087,0.01465,0.25990,0.09410,0,0.98398,-0.00108,-0.00133,0.17829,virtual,1,197.32,338.00,197.32,338.00,197.32,338.00,197.32,338.00,197.32,338.00,197.32,338.00,197.32,338.00,197.32,338.00,197.32,338.00,197.32,338.00,197.32,338.00,197.32,338.00,197.32,338.00,197.32,338.00,197.32,338.00,197.32,338.00,197.32,338.00,197.32,338.00,197.32,338.00,197.32,338.00,197.32,338.00,0.00000,0.00000,0.00000,0.00000,0.00000,0.00000,0.00000,0.00000,0.00000,0.00000,0.00000,0.00000,0.00000,0.00000,0.00000,0.00000,0.00000,0.00000,0.00000,0.00000,0.00000,0.00000,0.00000,0.00000,0.00000,0.00000,0.00000,0.00000,0.00000,0.00000,0.00000,0.00000,0.00000,0.00000,0.00000,0.00000,0.00000,0.00000,0.00000,0.00000,0.00000,0.00000,0.00000,0.00000,0.00000,0.00000,0.00000,0.00000,0.00000,0.00000,0.00000,0.00000,0.00000,0.00000,0.00000,0.00000,0.00000,0.00000,0.00000,0.00000,0.00000,0.00000,0.00000,0.00000,0.00000,0.00000,0.00000,0.00000,0.00000,0.00000,0.00000,0.00000,0.00000,0.00000,0.00000,0.00000,0.00000,0.00000,0.00000,0.00000,0.00000,0.00000,0.00000,0.00000
5.4333,1,1,0.00,0.00,33.33,-0.10251,0.08188,0.46310,0.46037,0.46037,1.3000,0,0,0.26093,0.09403,0.01286,0.26072,0.09393,0.01277,0.09,0.00,0.46037,-0.40452,0.39487,-0.07312,1.25027,0.00000,1.03844,-0.40452,0.39442,-0.07358,1.25001,0.00000,1.00000,12,0.25702,0.09088,0.01468,0.25990,0.09410,0,0.98398,-0.00102,-0.00127,0.17829,virtual,1,197.32,338.00,197.32,338.00,197.32,338.00,197.32,338.00,197.32,338.00,197.32,338.00,197.32,338.00,197.32,338.00,197.32,338.00,197.32,338.00,197.32,338.00,197.32,338.00,197.32,338.00,197.32,338.00,197.32,338.00,197.32,338.00,197.32,338.00,197.32,338.00,197.32,338.00,197.32,338.00,197.32,338.00,0.00000,0.00000,0.00000,0.00000,0.00000,0.00000,0.00000,0.00000,0.00000,0.00000,0.00000,0.00000,0.00000,0.00000,0.00000,0.00000,0.00000,0.00000,0.00000,0.00000,0.00000,0.00000,0.00000,0.00000,0.00000,0.00000,0.00000,0.00000,0.00000,0.00000,0.00000,0.00000,0.00000,0.00000,0.00000,0.00000,0.00000,0.00000,0.00000,0.00000,0.00000,0.00000,0.00000,0.00000,0.00000,0.00000,0.00000,0.00000,0.00000,0.00000,0.00000,0.00000,0.00000,0.00000,0.00000,0.00000,0.00000,0.00000,0.00000,0.00000,0.00000,0.00000,0.00000,0.00000,0.00000,0.00000,0.00000,0.00000,0.00000,0.00000,0.00000,0.00000,0.00000,0.00000,0.00000,0.00000,0.00000,0.00000,0.00000,0.00000,0.00000,0.00000,0.00000,0.00000
5.4667,1,1,0.00,0.00,33.33,-0.10229,0.08171,0.46211,0.46112,0.46112,1.3000,0,0,0.26093,0.09403,0.01286,0.26073,0.09394,0.01277,0.09,0.00,0.46112,-0.40452,0.39489,-0.07313,1.25024,0.00000,1.03566,-0.40452,0.39442,-0.07358,1.25001,0.00000,1.00000,12,0.25705,0.09089,0.01470,0.25990,0.09410,0,0.98398,-0.00094,-0.00120,0.17828,virtual,1,197.32,338.00,197.32,338.00,197.32,338.00,197.32,338.00,197.32,338.00,197.32,338.00,197.32,338.00,197.32,338.00,197.32,338.00,197.32,338.00,197.32,338.00,197.32,338.00,197.32,338.00,197.32,338.00,197.32,338.00,197.32,338.00,197.32,338.00,197.32,338.00,197.32,338.00,197.32,338.00,197.32,338.00,0.00000,0.00000,0.00000,0.00000,0.00000,0.00000,0.00000,0.00000,0.00000,0.00000,0.00000,0.00000,0.00000,0.00000,0.00000,0.00000,0.00000,0.00000,0.00000,0.00000,0.00000,0.00000,0.00000,0.00000,0.00000,0.00000,0.00000,0.00000,0.00000,0.00000,0.00000,0.00000,0.00000,0.00000,0.00000,0.00000,0.00000,0.00000,0.00000,0.00000,0.00000,0.00000,0.00000,0.00000,0.00000,0.00000,0.00000,0.00000,0.00000,0.00000,0.00000,0.00000,0.00000,0.00000,0.00000,0.00000,0.00000,0.00000,0.00000,0.00000,0.00000,0.00000,0.00000,0.00000,0.00000,0.00000,0.00000,0.00000,0.00000,0.00000,0.00000,0.00000,0.00000,0.00000,0.00000,0.00000,0.00000,0.00000,0.00000,0.00000,0.00000,0.00000,0.00000,0.00000
5.5000,1,1,0.00,0.00,33.33,-0.10175,0.08128,0.45968,0.45724,0.45724,1.3000,0,0,0.26093,0.09403,0.01286,0.26074,0.09394,0.01277,0.09,0.00,0.45724,-0.40452,0.39490,-0.07315,1.25021,0.00000,0.98365,-0.40452,0.39442,-0.07358,1.25001,0.00000,1.00000,12,0.25707,0.09090,0.01473,0.25990,0.09410,0,0.98398,-0.00087,-0.00114,0.17829,virtual,1,197.32,338.00,197.32,338.00,197.32,338.00,197.32,338.00,197.32,338.00,197.32,338.00,197.32,338.00,197.32,338.00,197.32,338.00,197.32,338.00,197.32,338.00,197.32,338.00,197.32,338.00,197.32,338.00,197.32,338.00,197.32,338.00,197.32,338.00,197.32,338.00,197.32,338.00,197.32,338.00,197.32,338.00,0.00000,0.00000,0.00000,0.00000,0.00000,0.00000,0.00000,0.00000,0.00000,0.00000,0.00000,0.00000,0.00000,0.00000,0.00000,0.00000,0.00000,0.00000,0.00000,0.00000,0.00000,0.00000,0.00000,0.00000,0.00000,0.00000,0.00000,0.00000,0.00000,0.00000,0.00000,0.00000,0.00000,0.00000,0.00000,0.00000,0.00000,0.00000,0.00000,0.00000,0.00000,0.00000,0.00000,0.00000,0.00000,0.00000,0.00000,0.00000,0.00000,0.00000,0.00000,0.00000,0.00000,0.00000,0.00000,0.00000,0.00000,0.00000,0.00000,0.00000,0.00000,0.00000,0.00000,0.00000,0.00000,0.00000,0.00000,0.00000,0.00000,0.00000,0.00000,0.00000,0.00000,0.00000,0.00000,0.00000,0.00000,0.00000,0.00000,0.00000,0.00000,0.00000,0.00000,0.00000
5.5333,1,1,0.00,0.00,33.33,-0.10157,0.08113,0.45884,0.45801,0.45801,1.3000,0,0,0.26093,0.09403,0.01286,0.26074,0.09394,0.01277,0.09,0.00,0.45801,-0.40452,0.39491,-0.07316,1.25019,0.00000,1.00550,-0.40452,0.39442,-0.07358,1.25001,0.00000,1.00000,12,0.25709,0.09090,0.01475,0.25990,0.09410,0,0.98398,-0.00081,-0.00106,0.17827,virtual,1,197.32,338.00,197.32,338.00,197.32,338.00,197.32,338.00,197.32,338.00,197.32,338.00,197.32,338.00,197.32,338.00,197.32,338.00,197.32,338.00,197.32,338.00,197.32,338.00,197.32,338.00,197.32,338.00,197.32,338.00,197.32,338.00,197.32,338.00,197.32,338.00,197.32,338.00,197.32,338.00,197.32,338.00,0.00000,0.00000,0.00000,0.00000,0.00000,0.00000,0.00000,0.00000,0.00000,0.00000,0.00000,0.00000,0.00000,0.00000,0.00000,0.00000,0.00000,0.00000,0.00000,0.00000,0.00000,0.00000,0.00000,0.00000,0.00000,0.00000,0.00000,0.00000,0.00000,0.00000,0.00000,0.00000,0.00000,0.00000,0.00000,0.00000,0.00000,0.00000,0.00000,0.00000,0.00000,0.00000,0.00000,0.00000,0.00000,0.00000,0.00000,0.00000,0.00000,0.00000,0.00000,0.00000,0.00000,0.00000,0.00000,0.00000,0.00000,0.00000,0.00000,0.00000,0.00000,0.00000,0.00000,0.00000,0.00000,0.00000,0.00000,0.00000,0.00000,0.00000,0.00000,0.00000,0.00000,0.00000,0.00000,0.00000,0.00000,0.00000,0.00000,0.00000,0.00000,0.00000,0.00000,0.00000
5.5667,1,1,0.00,0.00,33.33,-0.10123,0.08086,0.45732,0.45579,0.45579,1.3000,0,0,0.26093,0.09403,0.01286,0.26074,0.09394,0.01277,0.09,0.00,0.45579,-0.40452,0.39492,-0.07317,1.25017,0.00000,1.00089,-0.40452,0.39442,-0.07358,1.25001,0.00000,1.00000,12,0.25711,0.09091,0.01477,0.25990,0.09410,0,0.98398,-0.00074,-0.00098,0.17826,virtual,1,197.32,338.00,197.32,338.00,197.32,338.00,197.32,338.00,197.32,338.00,197.32,338.00,197.32,338.00,197.32,338.00,197.32,338.00,197.32,338.00,197.32,338.00,197.32,338.00,197.32,338.00,197.32,338.00,197.32,338.00,197.32,338.00,197.32,338.00,197.32,338.00,197.32,338.00,197.32,338.00,197.32,338.00,0.00000,0.00000,0.00000,0.00000,0.00000,0.00000,0.00000,0.00000,0.00000,0.00000,0.00000,0.00000,0.00000,0.00000,0.00000,0.00000,0.00000,0.00000,0.00000,0.00000,0.00000,0.00000,0.00000,0.00000,0.00000,0.00000,0.00000,0.00000,0.00000,0.00000,0.00000,0.00000,0.00000,0.00000,0.00000,0.00000,0.00000,0.00000,0.00000,0.00000,0.00000,0.00000,0.00000,0.00000,0.00000,0.00000,0.00000,0.00000,0.00000,0.00000,0.00000,0.00000,0.00000,0.00000,0.00000,0.00000,0.00000,0.00000,0.00000,0.00000,0.00000,0.00000,0.00000,0.00000,0.00000,0.00000,0.00000,0.00000,0.00000,0.00000,0.00000,0.00000,0.00000,0.00000,0.00000,0.00000,0.00000,0.00000,0.00000,0.00000,0.00000,0.00000,0.00000,0.00000
5.6000,1,1,0.00,0.00,33.33,-0.10129,0.08091,0.45762,0.45792,0.45792,1.3000,0,0,0.26093,0.09403,0.01286,0.26075,0.09394,0.01276,0.09,0.00,0.45792,-0.40452,0.39494,-0.07318,1.25015,0.00000,1.00001,-0.40452,0.39442,-0.07358,1.25001,0.00000,1.00000,12,0.25713,0.09091,0.01479,0.25990,0.09410,0,0.98399,-0.00068,-0.00089,0.17825,virtual,1,197.32,338.00,197.32,338.00,197.32,338.00,197.32,338.00,197.32,338.00,197.32,338.00,197.32,338.00,197.32,338.00,197.32,338.00,197.32,338.00,197.32,338.00,197.32,338.00,197.32,338.00,197.32,338.00,197.32,338.00,197.32,338.00,197.32,338.00,197.32,338.00,197.32,338.00,197.32,338.00,197.32,338.00,0.00000,0.00000,0.00000,0.00000,0.00000,0.00000,0.00000,0.00000,0.00000,0.00000,0.00000,0.00000,0.00000,0.00000,0.00000,0.00000,0.00000,0.00000,0.00000,0.00000,0.00000,0.00000,0.00000,0.00000,0.00000,0.00000,0.00000,0.00000,0.00000,0.00000,0.00000,0.00000,0.00000,0.00000,0.00000,0.00000,0.00000,0.00000,0.00000,0.00000,0.00000,0.00000,0.00000,0.00000,0.00000,0.00000,0.00000,0.00000,0.00000,0.00000,0.00000,0.00000,0.00000,0.00000,0.00000,0.00000,0.00000,0.00000,0.00000,0.00000,0.00000,0.00000,0.00000,0.00000,0.00000,0.00000,0.00000,0.00000,0.00000,0.00000,0.00000,0.00000,0.00000,0.00000,0.00000,0.00000,0.00000,0.00000,0.00000,0.00000,0.00000,0.00000,0.00000,0.00000
5.6333,1,1,0.00,0.00,33.33,-0.10072,0.08045,0.45501,0.45240,0.45240,1.3000,0,0,0.26093,0.09403,0.01286,0.26075,0.09394,0.01276,0.09,0.00,0.45240,-0.40452,0.39495,-0.07318,1.25013,0.00000,0.99998,-0.40452,0.39442,-0.07358,1.25001,0.00000,1.00000,12,0.25715,0.09092,0.01480,0.25990,0.09410,0,0.98399,-0.00063,-0.00081,0.17822,virtual,0,197.32,338.00,197.32,338.00,197.32,338.00,197.32,338.00,197.32,338.00,197.32,338.00,197.32,338.00,197.32,338.00,197.32,338.00,197.32,338.00,197.32,338.00,197.32,338.00,197.32,338.00,197.32,338.00,197.32,338.00,197.32,338.00,197.32,338.00,197.32,338.00,197.32,338.00,197.32,338.00,197.32,338.00,0.00000,0.00000,0.00000,0.00000,0.00000,0.00000,0.00000,0.00000,0.00000,0.00000,0.00000,0.00000,0.00000,0.00000,0.00000,0.00000,0.00000,0.00000,0.00000,0.00000,0.00000,0.00000,0.00000,0.00000,0.00000,0.00000,0.00000,0.00000,0.00000,0.00000,0.00000,0.00000,0.00000,0.00000,0.00000,0.00000,0.00000,0.00000,0.00000,0.00000,0.00000,0.00000,0.00000,0.00000,0.00000,0.00000,0.00000,0.00000,0.00000,0.00000,0.00000,0.00000,0.00000,0.00000,0.00000,0.00000,0.00000,0.00000,0.00000,0.00000,0.00000,0.00000,0.00000,0.00000,0.00000,0.00000,0.00000,0.00000,0.00000,0.00000,0.00000,0.00000,0.00000,0.00000,0.00000,0.00000,0.00000,0.00000,0.00000,0.00000,0.00000,0.00000,0.00000,0.00000
5.6667,1,1,0.00,0.00,33.33,-0.10022,0.08006,0.45278,0.45056,0.45056,1.3000,0,0,0.26205,0.09354,0.01325,0.26198,0.09358,0.01325,0.06,0.01,0.45056,-0.40113,0.40029,-0.08496,1.25496,0.00001,0.99996,-0.40100,0.40075,-0.08589,1.25583,0.00000,1.00000,12,0.25853,0.09161,0.01526,0.25990,0.09410,0,0.98450,-0.00240,-0.00911,0.17513,virtual,0,197.32,338.00,197.32,338.00,197.32,338.00,197.32,338.00,197.32,338.00,197.32,338.00,197.32,338.00,197.32,338.00,197.32,338.00,197.32,338.00,197.32,338.00,197.32,338.00,197.32,338.00,197.32,338.00,197.32,338.00,197.32,338.00,197.32,338.00,197.32,338.00,197.32,338.00,197.32,338.00,197.32,338.00,0.00000,0.00000,0.00000,0.00000,0.00000,0.00000,0.00000,0.00000,0.00000,0.00000,0.00000,0.00000,0.00000,0.00000,0.00000,0.00000,0.00000,0.00000,0.00000,0.00000,0.00000,0.00000,0.00000,0.00000,0.00000,0.00000,0.00000,0.00000,0.00000,0.00000,0.00000,0.00000,0.00000,0.00000,0.00000,0.00000,0.00000,0.00000,0.00000,0.00000,0.00000,0.00000,0.00000,0.00000,0.00000,0.00000,0.00000,0.00000,0.00000,0.00000,0.00000,0.00000,0.00000,0.00000,0.00000,0.00000,0.00000,0.00000,0.00000,0.00000,0.00000,0.00000,0.00000,0.00000,0.00000,0.00000,0.00000,0.00000,0.00000,0.00000,0.00000,0.00000,0.00000,0.00000,0.00000,0.00000,0.00000,0.00000,0.00000,0.00000,0.00000,0.00000,0.00000,0.00000
5.7000,1,1,0.00,0.00,33.33,-0.09937,0.07938,0.44892,0.44505,0.44505,1.3000,0,0,0.26398,0.09268,0.01394,0.26403,0.09258,0.01303,0.10,0.01,0.44505,-0.39406,0.41932,-0.11297,1.26750,0.00001,0.99999,-0.39475,0.41162,-0.10791,1.26687,0.00000,1.00000,12,0.25910,0.09168,0.01480,0.25990,0.09410,1,0.98458,0.00205,0.00179,0.17493,virtual,0,197.32,338.00,197.32,338.00,197.32,338.00,197.32,338.00,197.32,338.00,197.32,338.00,197.32,338.00,197.32,338.00,197.32,338.00,197.32,338.00,197.32,338.00,197.32,338.00,197.32,338.00,197.32,338.00,197.32,338.00,197.32,338.00,197.32,338.00,197.32,338.00,197.32,338.00,197.32,338.00,197.32,338.00,0.00000,0.00000,0.00000,0.00000,0.00000,0.00000,0.00000,0.00000,0.00000,0.00000,0.00000,0.00000,0.00000,0.00000,0.00000,0.00000,0.00000,0.00000,0.00000,0.00000,0.00000,0.00000,0.00000,0.00000,0.00000,0.00000,0.00000,0.00000,0.00000,0.00000,0.00000,0.00000,0.00000,0.00000,0.00000,0.00000,0.00000,0.00000,0.00000,0.00000,0.00000,0.00000,0.00000,0.00000,0.00000,0.00000,0.00000,0.00000,0.00000,0.00000,0.00000,0.00000,0.00000,0.00000,0.00000,0.00000,0.00000,0.00000,0.00000,0.00000,0.00000,0.00000,0.00000,0.00000,0.00000,0.00000,0.00000,0.00000,0.00000,0.00000,0.00000,0.00000,0.00000,0.00000,0.00000,0.00000,0.00000,0.00000,0.00000,0.00000,0.00000,0.00000,0.00000,0.00000
5.7333,1,1,0.00,0.00,33.33,-0.09899,0.07908,0.44723,0.44555,0.44555,1.3000,0,0,0.26482,0.09231,0.01423,0.26462,0.09201,0.01413,0.05,0.01,0.44555,-0.39096,0.41726,-0.11807,1.27297,0.00000,1.00000,-0.39190,0.41723,-0.11880,1.27226,0.00000,1.00000,12,0.26335,0.09288,0.01492,0.25990,0.09410,1,0.98411,0.00232,0.00345,0.17750,virtual,0,197.32,338.00,197.32,338.00,197.32,338.00,197.32,338.00,197.32,338.00,197.32,338.00,197.32,338.00,197.32,338.00,197.32,338.00,197.32,338.00,197.32,338.00,197.32,338.00,197.32,338.00,197.32,338.00,197.32,338.00,197.32,338.00,197.32,338.00,197.32,338.00,197.32,338.00,197.32,338.00,197.32,338.00,0.00000,0.00000,0.00000,0.00000,0.00000,0.00000,0.00000,0.00000,0.00000,0.00000,0.00000,0.00000,0.00000,0.00000,0.00000,0.00000,0.00000,0.00000,0.00000,0.00000,0.00000,0.00000,0.00000,0.00000,0.00000,0.00000,0.00000,0.00000,0.00000,0.00000,0.00000,0.00000,0.00000,0.00000,0.00000,0.00000,0.00000,0.00000,0.00000,0.00000,0.00000,0.00000,0.00000,0.00000,0.00000,0.00000,0.00000,0.00000,0.00000,0.00000,0.00000,0.00000,0.00000,0.00000,0.00000,0.00000,0.00000,0.00000,0.00000,0.00000,0.00000,0.00000,0.00000,0.00000,0.00000,0.00000,0.00000,0.00000,0.00000,0.00000,0.00000,0.00000,0.00000,0.00000,0.00000,0.00000,0.00000,0.00000,0.00000,0.00000,0.00000,0.00000,0.00000,0.00000
5.7667,1,1,0.00,0.00,33.33,-0.09901,0.07909,0.44731,0.44739,0.44739,1.3000,0,0,0.26478,0.09232,0.01422,0.26472,0.09228,0.01420,0.03,0.01,0.44739,-0.39187,0.41742,-0.11880,1.27254,-0.00000,1.00000,-0.39190,0.41723,-0.11880,1.27226,0.00000,1.00000,12,0.26382,0.09307,0.01475,0.25990,0.09410,1,0.98377,0.00089,-0.00718,0.17931,virtual,0,197.32,338.00,197.32,338.00,197.32,338.00,197.32,338.00,197.32,338.00,197.32,338.00,197.32,338.00,197.32,338.00,197.32,338.00,197.32,338.00,197.32,338.00,197.32,338.00,197.32,338.00,197.32,338.00,197.32,338.00,197.32,338.00,197.32,338.00,197.32,338.00,197.32,338.00,197.32,338.00,197.32,338.00,0.00000,0.00000,0.00000,0.00000,0.00000,0.00000,0.00000,0.00000,0.00000,0.00000,0.00000,0.00000,0.00000,0.00000,0.00000,0.00000,0.00000,0.00000,0.00000,0.00000,0.00000,0.00000,0.00000,0.00000,0.00000,0.00000,0.00000,0.00000,0.00000,0.00000,0.00000,0.00000,0.00000,0.00000,0.00000,0.00000,0.00000,0.00000,0.00000,0.00000,0.00000,0.00000,0.00000,0.00000,0.00000,0.00000,0.00000,0.00000,0.00000,0.00000,0.00000,0.00000,0.00000,0.00000,0.00000,0.00000,0.00000,0.00000,0.00000,0.00000,0.00000,0.00000,0.00000,0.00000,0.00000,0.00000,0.00000,0.00000,0.00000,0.00000,0.00000,0.00000,0.00000,0.00000,0.00000,0.00000,0.00000,0.00000,0.00000,0.00000,0.00000,0.00000,0.00000,0.00000
5.8000,1,1,0.00,0.00,33.33,-0.09881,0.07893,0.44639,0.44547,0.44547,1.3000,0,0,0.26524,0.09212,0.01438,0.26463,0.09227,0.01403,0.52,0.01,0.44547,-0.39195,0.41797,-0.11838,1.27224,-0.00000,1.00000,-0.39190,0.41723,-0.11880,1.27226,0.00000,1.00000,12,0.26401,0.09313,0.01489,0.25990,0.09410,1,0.98376,0.00024,-0.00229,0.17947,virtual,0,197.32,338.00,197.32,338.00,197.32,338.00,197.32,338.00,197.32,338.00,197.32,338.00,197.32,338.00,197.32,338.00,197.32,338.00,197.32,338.00,197.32,338.00,197.32,338.00,197.32,338.00,197.32,338.00,197.32,338.00,197.32,338.00,197.32,338.00,197.32,338.00,197.32,338.00,197.32,338.00,197.32,338.00,0.00000,0.00000,0.00000,0.00000,0.00000,0.00000,0.00000,0.00000,0.00000,0.00000,0.00000,0.00000,0.00000,0.00000,0.00000,0.00000,0.00000,0.00000,0.00000,0.00000,0.00000,0.00000,0.00000,0.00000,0.00000,0.00000,0.00000,0.00000,0.00000,0.00000,0.00000,0.00000,0.00000,0.00000,0.00000,0.00000,0.00000,0.00000,0.00000,0.00000,0.00000,0.00000,0.00000,0.00000,0.00000,0.00000,0.00000,0.00000,0.00000,0.00000,0.00000,0.00000,0.00000,0.00000,0.00000,0.00000,0.00000,0.00000,0.00000,0.00000,0.00000,0.00000,0.00000,0.00000,0.00000,0.00000,0.00000,0.00000,0.00000,0.00000,0.00000,0.00000,0.00000,0.00000,0.00000,0.00000,0.00000,0.00000,0.00000,0.00000,0.00000,0.00000,0.00000,0.00000
5.8333,1,1,0.00,0.00,33.33,-0.09838,0.07859,0.44445,0.44251,0.44251,1.3000,0,0,0.26621,0.09169,0.01473,0.26638,0.09154,0.01425,0.07,0.01,0.44251,-0.38647,0.42968,-0.13823,1.28039,0.00000,1.00000,-0.38747,0.42540,-0.13524,1.28047,0.00000,1.00000,12,0.26406,0.09314,0.01492,0.25990,0.09410,1,0.98376,0.00007,-0.00070,0.17947,virtual,0,197.32,338.00,197.32,338.00,197.32,338.00,197.32,338.00,197.32,338.00,197.32,338.00,197.32,338.00,197.32,338.00,197.32,338.00,197.32,338.00,197.32,338.00,197.32,338.00,197.32,338.00,197.32,338.00,197.32,338.00,197.32,338.00,197.32,338.00,197.32,338.00,197.32,338.00,197.32,338.00,197.32,338.00,0.00000,0.00000,0.00000,0.00000,0.00000,0.00000,0.00000,0.00000,0.00000,0.00000,0.00000,0.00000,0.00000,0.00000,0.00000,0.00000,0.00000,0.00000,0.00000,0.00000,0.00000,0.00000,0.00000,0.00000,0.00000,0.00000,0.00000,0.00000,0.00000,0.00000,0.00000,0.00000,0.00000,0.00000,0.00000,0.00000,0.00000,0.00000,0.00000,0.00000,0.00000,0.00000,0.00000,0.00000,0.00000,0.00000,0.00000,0.00000,0.00000,0.00000,0.00000,0.00000,0.00000,0.00000,0.00000,0.00000,0.00000,0.00000,0.00000,0.00000,0.00000,0.00000,0.00000,0.00000,0.00000,0.00000,0.00000,0.00000,0.00000,0.00000,0.00000,0.00000,0.00000,0.00000,0.00000,0.00000,0.00000,0.00000,0.00000,0.00000,0.00000,0.00000,0.00000,0.00000
5.8667,1,1,0.00,0.00,33.33,-0.09779,0.07811,0.44179,0.43912,0.43912,1.3000,0,0,0.26755,0.09110,0.01520,0.26769,0.09114,0.01542,0.07,0.01,0.43912,-0.38296,0.43284,-0.15184,1.28811,0.00001,1.00000,-0.38320,0.43364,-0.15163,1.28863,0.00000,1.00000,12,0.26407,0.09315,0.01493,0.25990,0.09410,1,0.98376,0.00002,-0.00018,0.17947,virtual,0,197.32,338.00,197.32,338.00,197.32,338.00,197.32,338.00,197.32,338.00,197.32,338.00,197.32,338.00,197.32,338.00,197.32,338.00,197.32,338.00,197.32,338.00,197.32,338.00,197.32,338.00,197.32,338.00,197.32,338.00,197.32,338.00,197.32,338.00,197.32,338.00,197.32,338.00,197.32,338.00,197.32,338.00,0.00000,0.00000,0.00000,0.00000,0.00000,0.00000,0.00000,0.00000,0.00000,0.00000,0.00000,0.00000,0.00000,0.00000,0.00000,0.00000,0.00000,0.00000,0.00000,0.00000,0.00000,0.00000,0.00000,0.00000,0.00000,0.00000,0.00000,0.00000,0.00000,0.00000,0.00000,0.00000,0.00000,0.00000,0.00000,0.00000,0.00000,0.00000,0.00000,0.00000,0.00000,0.00000,0.00000,0.00000,0.00000,0.00000,0.00000,0.00000,0.00000,0.00000,0.00000,0.00000,0.00000,0.00000,0.00000,0.00000,0.00000,0.00000,0.00000,0.00000,0.00000,0.00000,0.00000,0.00000,0.00000,0.00000,0.00000,0.00000,0.00000,0.00000,0.00000,0.00000,0.00000,0.00000,0.00000,0.00000,0.00000,0.00000,0.00000,0.00000,0.00000,0.00000,0.00000,0.00000
5.9000,1,1,0.00,0.00,33.33,-0.09810,0.07836,0.44319,0.44460,0.44460,1.3000,0,0,0.26684,0.09141,0.01495,0.26740,0.09100,0.01506,0.75,0.01,0.44460,-0.38288,0.43431,-0.15158,1.28885,0.00000,1.00000,-0.38320,0.43364,-0.15163,1.28863,0.00000,1.00000,12,0.26407,0.09315,0.01494,0.25990,0.09410,1,0.98376,0.00000,-0.00005,0.17947,virtual,0,197.32,338.00,197.32,338.00,197.32,338.00,197.32,338.00,197.32,338.00,197.32,338.00,197.32,338.00,197.32,338.00,197.32,338.00,197.32,338.00,197.32,338.00,197.32,338.00,197.32,338.00,197.32,338.00,197.32,338.00,197.32,338.00,197.32,338.00,197.32,338.00,197.32,338.00,197.32,338.00,197.32,338.00,0.00000,0.00000,0.00000,0.00000,0.00000,0.00000,0.00000,0.00000,0.00000,0.00000,0.00000,0.00000,0.00000,0.00000,0.00000,0.00000,0.00000,0.00000,0.00000,0.00000,0.00000,0.00000,0.00000,0.00000,0.00000,0.00000,0.00000,0.00000,0.00000,0.00000,0.00000,0.00000,0.00000,0.00000,0.00000,0.00000,0.00000,0.00000,0.00000,0.00000,0.00000,0.00000,0.00000,0.00000,0.00000,0.00000,0.00000,0.00000,0.00000,0.00000,0.00000,0.00000,0.00000,0.00000,0.00000,0.00000,0.00000,0.00000,0.00000,0.00000,0.00000,0.00000,0.00000,0.00000,0.00000,0.00000,0.00000,0.00000,0.00000,0.00000,0.00000,0.00000,0.00000,0.00000,0.00000,0.00000,0.00000,0.00000,0.00000,0.00000,0.00000,0.00000,0.00000,0.00000
5.9333,1,1,0.00,0.00,33.33,-0.09817,0.07842,0.44349,0.44379,0.44379,1.3000,0,0,0.26669,0.09148,0.01489,0.26730,0.09108,0.01499,0.92,0.01,0.44379,-0.38333,0.43436,-0.15118,1.28871,0.00000,1.00000,-0.38320,0.43364,-0.15163,1.28863,0.00000,1.00000,12,0.26408,0.09315,0.01494,0.25990,0.09410,1,0.98376,0.00000,-0.00001,0.17947,virtual,0,197.32,338.00,197.32,338.00,197.32,338.00,197.32,338.00,197.32,338.00,197.32,338.00,197.32,338.00,197.32,338.00,197.32,338.00,197.32,338.00,197.32,338.00,197.32,338.00,197.32,338.00,197.32,338.00,197.32,338.00,197.32,338.00,197.32,338.00,197.32,338.00,197.32,338.00,197.32,338.00,197.32,338.00,0.00000,0.00000,0.00000,0.00000,0.00000,0.00000,0.00000,0.00000,0.00000,0.00000,0.00000,0.00000,0.00000,0.00000,0.00000,0.00000,0.00000,0.00000,0.00000,0.00000,0.00000,0.00000,0.00000,0.00000,0.00000,0.00000,0.00000,0.00000,0.00000,0.00000,0.00000,0.00000,0.00000,0.00000,0.00000,0.00000,0.00000,0.00000,0.00000,0.00000,0.00000,0.00000,0.00000,0.00000,0.00000,0.00000,0.00000,0.00000,0.00000,0.00000,0.00000,0.00000,0.00000,0.00000,0.00000,0.00000,0.00000,0.00000,0.00000,0.00000,0.00000,0.00000,0.00000,0.00000,0.00000,0.00000,0.00000,0.00000,0.00000,0.00000,0.00000,0.00000,0.00000,0.00000,0.00000,0.00000,0.00000,0.00000,0.00000,0.00000,0.00000,0.00000,0.00000,0.00000
5.9667,1,1,0.00,0.00,33.33,-0.09901,0.07909,0.44731,0.45113,0.45113,1.3000,0,0,0.26478,0.09232,0.01422,0.26359,0.09203,0.01344,0.12,0.02,0.45113,-0.39267,0.41448,-0.10871,1.26931,-0.00000,1.00000,-0.39151,0.41854,-0.12037,1.27294,0.00000,1.00000,12,0.26408,0.09315,0.01494,0.25990,0.09410,1,0.98376,0.00000,-0.00000,0.17947,virtual,0,197.32,338.00,197.32,338.00,197.32,338.00,197.32,338.00,197.32,338.00,197.32,338.00,197.32,338.00,197.32,338.00,197.32,338.00,197.32,338.00,197.32,338.00,197.32,338.00,197.32,338.00,197.32,338.00,197.32,338.00,197.32,338.00,197.32,338.00,197.32,338.00,197.32,338.00,197.32,338.00,197.32,338.00,0.00000,0.00000,0.00000,0.00000,0.00000,0.00000,0.00000,0.00000,0.00000,0.00000,0.00000,0.00000,0.00000,0.00000,0.00000,0.00000,0.00000,0.00000,0.00000,0.00000,0.00000,0.00000,0.00000,0.00000,0.00000,0.00000,0.00000,0.00000,0.00000,0.00000,0.00000,0.00000,0.00000,0.00000,0.00000,0.00000,0.00000,0.00000,0.00000,0.00000,0.00000,0.00000,0.00000,0.00000,0.00000,0.00000,0.00000,0.00000,0.00000,0.00000,0.00000,0.00000,0.00000,0.00000,0.00000,0.00000,0.00000,0.00000,0.00000,0.00000,0.00000,0.00000,0.00000,0.00000,0.00000,0.00000,0.00000,0.00000,0.00000,0.00000,0.00000,0.00000,0.00000,0.00000,0.00000,0.00000,0.00000,0.00000,0.00000,0.00000,0.00000,0.00000,0.00000,0.00000
6.0000,1,1,0.00,0.00,33.33,-0.09890,0.07900,0.44681,0.44630,0.44630,1.3000,0,0,0.26504,0.09221,0.01431,0.26541,0.09268,0.01459,0.21,0.02,0.44630,-0.39226,0.41844,-0.12299,1.27203,0.00001,0.99999,-0.39151,0.41854,-0.12037,1.27294,0.00000,1.00000,12,0.26408,0.09315,0.01494,0.25990,0.09410,1,0.98376,0.00000,-0.00000,0.17947,virtual,0,197.32,338.00,197.32,338.00,197.32,338.00,197.32,338.00,197.32,338.00,197.32,338.00,197.32,338.00,197.32,338.00,197.32,338.00,197.32,338.00,197.32,338.00,197.32,338.00,197.32,338.00,197.32,338.00,197.32,338.00,197.32,338.00,197.32,338.00,197.32,338.00,197.32,338.00,197.32,338.00,197.32,338.00,0.00000,0.00000,0.00000,0.00000,0.00000,0.00000,0.00000,0.00000,0.00000,0.00000,0.00000,0.00000,0.00000,0.00000,0.00000,0.00000,0.00000,0.00000,0.00000,0.00000,0.00000,0.00000,0.00000,0.00000,0.00000,0.00000,0.00000,0.00000,0.00000,0.00000,0.00000,0.00000,0.00000,0.00000,0.00000,0.00000,0.00000,0.00000,0.00000,0.00000,0.00000,0.00000,0.00000,0.00000,0.00000,0.00000,0.00000,0.00000,0.00000,0.00000,0.00000,0.00000,0.00000,0.00000,0.00000,0.00000,0.00000,0.00000,0.00000,0.00000,0.00000,0.00000,0.00000,0.00000,0.00000,0.00000,0.00000,0.00000,0.00000,0.00000,0.00000,0.00000,0.00000,0.00000,0.00000,0.00000,0.00000,0.00000,0.00000,0.00000,0.00000,0.00000,0.00000,0.00000
6.0333,1,1,0.00,0.00,33.33,-0.09866,0.07881,0.44572,0.44464,0.44464,1.3000,0,0,0.26558,0.09197,0.01450,0.26451,0.09203,0.01361,0.82,0.02,0.44464,-0.39122,0.42058,-0.11940,1.27309,0.00000,0.99999,-0.39151,0.41854,-0.12037,1.27294,0.00000,1.00000,12,0.26408,0.09315,0.01494,0.25990,0.09410,1,0.98376,0.00000,-0.00000,0.17947,virtual,0,197.32,338.00,197.32,338.00,197.32,338.00,197.32,338.00,197.32,338.00,197.32,338.00,197.32,338.00,197.32,338.00,197.32,338.00,197.32,338.00,197.32,338.00,197.32,338.00,197.32,338.00,197.32,338.00,197.32,338.00,197.32,338.00,197.32,338.00,197.32,338.00,197.32,338.00,197.32,338.00,197.32,338.00,0.00000,0.00000,0.00000,0.00000,0.00000,0.00000,0.00000,0.00000,0.00000,0.00000,0.00000,0.00000,0.00000,0.00000,0.00000,0.00000,0.00000,0.00000,0.00000,0.00000,0.00000,0.00000,0.00000,0.00000,0.00000,0.00000,0.00000,0.00000,0.00000,0.00000,0.00000,0.00000,0.00000,0.00000,0.00000,0.00000,0.00000,0.00000,0.00000,0.00000,0.00000,0.00000,0.00000,0.00000,0.00000,0.00000,0.00000,0.00000,0.00000,0.00000,0.00000,0.00000,0.00000,0.00000,0.00000,0.00000,0.00000,0.00000,0.00000,0.00000,0.00000,0.00000,0.00000,0.00000,0.00000,0.00000,0.00000,0.00000,0.00000,0.00000,0.00000,0.00000,0.00000,0.00000,0.00000,0.00000,0.00000,0.00000,0.00000,0.00000,0.00000,0.00000,0.00000,0.00000
6.0667,1,1,0.00,0.00,33.33,-0.09867,0.07882,0.44575,0.44577,0.44577,1.3000,0,0,0.26556,0.09198,0.01450,0.26478,0.09223,0.01405,0.81,0.02,0.44577,-0.39157,0.41900,-0.12011,1.27292,-0.00000,1.00000,-0.39151,0.41854,-0.12037,1.27294,0.00000,1.00000,12,0.26408,0.09315,0.01494,0.25990,0.09410,1,0.98376,0.00000,-0.00000,0.17947,virtual,0,197.32,338.00,197.32,338.00,197.32,338.00,197.32,338.00,197.32,338.00,197.32,338.00,197.32,338.00,197.32,338.00,197.32,338.00,197.32,338.00,197.32,338.00,197.32,338.00,197.32,338.00,197.32,338.00,197.32,338.00,197.32,338.00,197.32,338.00,197.32,338.00,197.32,338.00,197.32,338.00,197.32,338.00,0.00000,0.00000,0.00000,0.00000,0.00000,0.00000,0.00000,0.00000,0.00000,0.00000,0.00000,0.00000,0.00000,0.00000,0.00000,0.00000,0.00000,0.00000,0.00000,0.00000,0.00000,0.00000,0.00000,0.00000,0.00000,0.00000,0.00000,0.00000,0.00000,0.00000,0.00000,0.00000,0.00000,0.00000,0.00000,0.00000,0.00000,0.00000,0.00000,0.00000,0.00000,0.00000,0.00000,0.00000,0.00000,0.00000,0.00000,0.00000,0.00000,0.00000,0.00000,0.00000,0.00000,0.00000,0.00000,0.00000,0.00000,0.00000,0.00000,0.00000,0.00000,0.00000,0.00000,0.00000,0.00000,0.00000,0.00000,0.00000,0.00000,0.00000,0.00000,0.00000,0.00000,0.00000,0.00000,0.00000,0.00000,0.00000,0.00000,0.00000,0.00000,0.00000,0.00000,0.00000
6.1000,1,1,0.00,0.00,33.33,-0.09842,0.07862,0.44466,0.44356,0.44356,1.3000,0,0,0.26611,0.09174,0.01469,0.26632,0.09191,0.01481,0.06,0.01,0.44356,-0.38798,0.42453,-0.13419,1.27827,0.00001,1.00000,-0.38778,0.42495,-0.13420,1.27991,0.00000,1.00000,12,0.26408,0.09315,0.01494,0.25990,0.09410,1,0.98376,0.00000,-0.00000,0.17947,virtual,0,197.32,338.00,197.32,338.00,197.32,338.00,197.32,338.00,197.32,338.00,197.32,338.00,197.32,338.00,197.32,338.00,197.32,338.00,197.32,338.00,197.32,338.00,197.32,338.00,197.32,338.00,197.32,338.00,197.32,338.00,197.32,338.00,197.32,338.00,197.32,338.00,197.32,338.00,197.32,338.00,197.32,338.00,0.00000,0.00000,0.00000,0.00000,0.00000,0.00000,0.00000,0.00000,0.00000,0.00000,0.00000,0.00000,0.00000,0.00000,0.00000,0.00000,0.00000,0.00000,0.00000,0.00000,0.00000,0.00000,0.00000,0.00000,0.00000,0.00000,0.00000,0.00000,0.00000,0.00000,0.00000,0.00000,0.00000,0.00000,0.00000,0.00000,0.00000,0.00000,0.00000,0.00000,0.00000,0.00000,0.00000,0.00000,0.00000,0.00000,0.00000,0.00000,0.00000,0.00000,0.00000,0.00000,0.00000,0.00000,0.00000,0.00000,0.00000,0.00000,0.00000,0.00000,0.00000,0.00000,0.00000,0.00000,0.00000,0.00000,0.00000,0.00000,0.00000,0.00000,0.00000,0.00000,0.00000,0.00000,0.00000,0.00000,0.00000,0.00000,0.00000,0.00000,0.00000,0.00000,0.00000,0.00000
6.1333,1,1,0.00,0.00,33.33,-0.09838,0.07859,0.44447,0.44428,0.44428,1.3000,0,0,0.26620,0.09170,0.01472,0.26591,0.09159,0.01435,0.16,0.01,0.44428,-0.38740,0.42652,-0.13415,1.28010,0.00000,1.00000,-0.38778,0.42495,-0.13420,1.27991,0.00000,1.00000,12,0.26408,0.09315,0.01494,0.25990,0.09410,1,0.98376,0.00000,-0.00000,0.17947,virtual,0,197.32,338.00,197.32,338.00,197.32,338.00,197.32,338.00,197.32,338.00,197.32,338.00,197.32,338.00,197.32,338.00,197.32,338.00,197.32,338.00,197.32,338.00,197.32,338.00,197.32,338.00,197.32,338.00,197.32,338.00,197.32,338.00,197.32,338.00,197.32,338.00,197.32,338.00,197.32,338.00,197.32,338.00,0.00000,0.00000,0.00000,0.00000,0.00000,0.00000,0.00000,0.00000,0.00000,0.00000,0.00000,0.00000,0.00000,0.00000,0.00000,0.00000,0.00000,0.00000,0.00000,0.00000,0.00000,0.00000,0.00000,0.00000,0.00000,0.00000,0.00000,0.00000,0.00000,0.00000,0.00000,0.00000,0.00000,0.00000,0.00000,0.00000,0.00000,0.00000,0.00000,0.00000,0.00000,0.00000,0.00000,0.00000,0.00000,0.00000,0.00000,0.00000,0.00000,0.00000,0.00000,0.00000,0.00000,0.00000,0.00000,0.00000,0.00000,0.00000,0.00000,0.00000,0.00000,0.00000,0.00000,0.00000,0.00000,0.00000,0.00000,0.00000,0.00000,0.00000,0.00000,0.00000,0.00000,0.00000,0.00000,0.00000,0.00000,0.00000,0.00000,0.00000,0.00000,0.00000,0.00000,0.00000
6.1667,1,1,0.00,0.00,33.33,-0.09932,0.07850,0.44893,0.45340,0.45340,1.3000,0,0,0.26397,0.09264,0.01481,0.26246,0.09193,0.01371,0.16,0.01,0.45340,-0.39407,0.41074,-0.10545,1.27453,-0.00000,1.00000,-0.39407,0.41177,-0.11400,1.27322,0.00000,1.00000,12,0.26408,0.09315,0.01494,0.25990,0.09410,1,0.98376,0.00000,-0.00000,0.17947,virtual,0,197.43,335.85,197.43,335.85,197.43,335.85,197.43,335.85,197.43,335.85,197.43,335.85,197.43,335.85,197.43,335.85,197.43,335.85,197.43,335.85,197.43,335.85,197.43,335.85,197.43,335.85,197.43,335.85,197.43,335.85,197.43,335.85,197.43,335.85,197.43,335.85,197.43,335.85,197.43,335.85,197.43,335.85,0.00000,0.00000,0.00000,0.00000,0.00000,0.00000,0.00000,0.00000,0.00000,0.00000,0.00000,0.00000,0.00000,0.00000,0.00000,0.00000,0.00000,0.00000,0.00000,0.00000,0.00000,0.00000,0.00000,0.00000,0.00000,0.00000,0.00000,0.00000,0.00000,0.00000,0.00000,0.00000,0.00000,0.00000,0.00000,0.00000,0.00000,0.00000,0.00000,0.00000,0.00000,0.00000,0.00000,0.00000,0.00000,0.00000,0.00000,0.00000,0.00000,0.00000,0.00000,0.00000,0.00000,0.00000,0.00000,0.00000,0.00000,0.00000,0.00000,0.00000,0.00000,0.00000,0.00000,0.00000,0.00000,0.00000,0.00000,0.00000,0.00000,0.00000,0.00000,0.00000,0.00000,0.00000,0.00000,0.00000,0.00000,0.00000,0.00000,0.00000,0.00000,0.00000,0.00000,0.00000
6.2000,1,1,0.00,0.00,33.33,-0.09908,0.07789,0.44795,0.44696,0.44696,1.3000,0,0,0.26447,0.09239,0.01542,0.26406,0.09276,0.01485,0.82,0.01,0.44696,-0.39471,0.41091,-0.11362,1.27312,0.00001,1.00000,-0.39407,0.41177,-0.11400,1.27322,0.00000,1.00000,12,0.26408,0.09315,0.01494,0.25990,0.09410,1,0.98376,0.00000,-0.00000,0.17947,virtual,0,197.43,335.85,197.43,335.85,197.43,335.85,197.43,335.85,197.43,335.85,197.43,335.85,197.43,335.85,197.43,335.85,197.43,335.85,197.43,335.85,197.43,335.85,197.43,335.85,197.43,335.85,197.43,335.85,197.43,335.85,197.43,335.85,197.43,335.85,197.43,335.85,197.43,335.85,197.43,335.85,197.43,335.85,0.00000,0.00000,0.00000,0.00000,0.00000,0.00000,0.00000,0.00000,0.00000,0.00000,0.00000,0.00000,0.00000,0.00000,0.00000,0.00000,0.00000,0.00000,0.00000,0.00000,0.00000,0.00000,0.00000,0.00000,0.00000,0.00000,0.00000,0.00000,0.00000,0.00000,0.00000,0.00000,0.00000,0.00000,0.00000,0.00000,0.00000,0.00000,0.00000,0.00000,0.00000,0.00000,0.00000,0.00000,0.00000,0.00000,0.00000,0.00000,0.00000,0.00000,0.00000,0.00000,0.00000,0.00000,0.00000,0.00000,0.00000,0.00000,0.00000,0.00000,0.00000,0.00000,0.00000,0.00000,0.00000,0.00000,0.00000,0.00000,0.00000,0.00000,0.00000,0.00000,0.00000,0.00000,0.00000,0.00000,0.00000,0.00000,0.00000,0.00000,0.00000,0.00000,0.00000,0.00000
6.2333,1,1,0.00,0.00,33.33,-0.09968,0.07604,0.45077,0.45360,0.45360,1.3000,0,0,0.26305,0.09299,0.01727,0.26328,0.09316,0.01760,0.29,0.00,0.45360,-0.39748,0.39776,-0.11433,1.28585,0.00000,1.00000,-0.39704,0.40020,-0.11394,1.28452,0.00000,1.00000,12,0.26408,0.09315,0.01494,0.25990,0.09410,1,0.98376,0.00000,-0.00000,0.17947,virtual,0,197.48,330.65,197.48,330.65,197.48,330.65,197.48,330.65,197.48,330.65,197.48,330.65,197.48,330.65,197.48,330.65,197.48,330.65,197.48,330.65,197.48,330.65,197.48,330.65,197.48,330.65,197.48,330.65,197.48,330.65,197.48,330.65,197.48,330.65,197.48,330.65,197.48,330.65,197.48,330.65,197.48,330.65,0.00000,0.00000,0.00000,0.00000,0.00000,0.00000,0.00000,0.00000,0.00000,0.00000,0.00000,0.00000,0.00000,0.00000,0.00000,0.00000,0.00000,0.00000,0.00000,0.00000,0.00000,0.00000,0.00000,0.00000,0.00000,0.00000,0.00000,0.00000,0.00000,0.00000,0.00000,0.00000,0.00000,0.00000,0.00000,0.00000,0.00000,0.00000,0.00000,0.00000,0.00000,0.00000,0.00000,0.00000,0.00000,0.00000,0.00000,0.00000,0.00000,0.00000,0.00000,0.00000,0.00000,0.00000,0.00000,0.00000,0.00000,0.00000,0.00000,0.00000,0.00000,0.00000,0.00000,0.00000,0.00000,0.00000,0.00000,0.00000,0.00000,0.00000,0.00000,0.00000,0.00000,0.00000,0.00000,0.00000,0.00000,0.00000,0.00000,0.00000,0.00000,0.00000,0.00000,0.00000
6.2667,1,1,0.00,0.00,33.33,-0.09990,0.07297,0.45197,0.45316,0.45316,1.3000,0,0,0.26245,0.09322,0.02035,0.26177,0.09296,0.01995,0.33,0.00,0.45316,-0.39911,0.38924,-0.11993,1.30701,0.00000,0.99999,-0.39891,0.38929,-0.12041,1.30184,0.00000,1.00000,12,0.26408,0.09315,0.01494,0.25990,0.09410,1,0.98376,-0.00000,0.00000,0.17947,virtual,0,197.53,325.48,197.53,325.48,197.53,325.48,197.53,325.48,197.53,325.48,197.53,325.48,197.53,325.48,197.53,325.48,197.53,325.48,197.53,325.48,197.53,325.48,197.53,325.48,197.53,325.48,197.53,325.48,197.53,325.48,197.53,325.48,197.53,325.48,197.53,325.48,197.53,325.48,197.53,325.48,197.53,325.48,0.00000,0.00000,0.00000,0.00000,0.00000,0.00000,0.00000,0.00000,0.00000,0.00000,0.00000,0.00000,0.00000,0.00000,0.00000,0.00000,0.00000,0.00000,0.00000,0.00000,0.00000,0.00000,0.00000,0.00000,0.00000,0.00000,0.00000,0.00000,0.00000,0.00000,0.00000,0.00000,0.00000,0.00000,0.00000,0.00000,0.00000,0.00000,0.00000,0.00000,0.00000,0.00000,0.00000,0.00000,0.00000,0.00000,0.00000,0.00000,0.00000,0.00000,0.00000,0.00000,0.00000,0.00000,0.00000,0.00000,0.00000,0.00000,0.00000,0.00000,0.00000,0.00000,0.00000,0.00000,0.00000,0.00000,0.00000,0.00000,0.00000,0.00000,0.00000,0.00000,0.00000,0.00000,0.00000,0.00000,0.00000,0.00000,0.00000,0.00000,0.00000,0.00000,0.00000,0.00000
6.3000,1,1,0.00,0.00,33.33,-0.10011,0.06938,0.45292,0.45387,0.45387,1.3000,0,0,0.26198,0.09342,0.02393,0.26220,0.09352,0.02462,0.36,0.01,0.45387,-0.40057,0.37494,-0.13303,1.32714,0.00000,0.99999,-0.40046,0.37874,-0.13136,1.32329,0.00000,1.00000,12,0.26408,0.09315,0.01494,0.25990,0.09410,1,0.98376,-0.00000,0.00000,0.17947,virtual,0,197.50,320.36,197.50,320.36,197.50,320.36,197.50,320.36,197.50,320.36,197.50,320.36,197.50,320.36,197.50,320.36,197.50,320.36,197.50,320.36,197.50,320.36,197.50,320.36,197.50,320.36,197.50,320.36,197.50,320.36,197.50,320.36,197.50,320.36,197.50,320.36,197.50,320.36,197.50,320.36,197.50,320.36,0.00000,0.00000,0.00000,0.00000,0.00000,0.00000,0.00000,0.00000,0.00000,0.00000,0.00000,0.00000,0.00000,0.00000,0.00000,0.00000,0.00000,0.00000,0.00000,0.00000,0.00000,0.00000,0.00000,0.00000,0.00000,0.00000,0.00000,0.00000,0.00000,0.00000,0.00000,0.00000,0.00000,0.00000,0.00000,0.00000,0.00000,0.00000,0.00000,0.00000,0.00000,0.00000,0.00000,0.00000,0.00000,0.00000,0.00000,0.00000,0.00000,0.00000,0.00000,0.00000,0.00000,0.00000,0.00000,0.00000,0.00000,0.00000,0.00000,0.00000,0.00000,0.00000,0.00000,0.00000,0.00000,0.00000,0.00000,0.00000,0.00000,0.00000,0.00000,0.00000,0.00000,0.00000,0.00000,0.00000,0.00000,0.00000,0.00000,0.00000,0.00000,0.00000,0.00000,0.00000
6.3333,1,1,0.00,0.00,33.33,-0.10031,0.06557,0.45395,0.45498,0.45498,1.3000,0,0,0.26146,0.09363,0.02774,0.26135,0.09367,0.02795,0.38,0.01,0.45498,-0.40251,0.36733,-0.14701,1.35224,-0.00000,0.99999,-0.40207,0.36808,-0.14402,1.34660,0.00000,1.00000,12,0.26408,0.09315,0.01494,0.25990,0.09410,1,0.98376,-0.00000,0.00000,0.17947,virtual,0,197.55,315.22,197.55,315.22,197.55,315.22,197.55,315.22,197.55,315.22,197.55,315.22,197.55,315.22,197.55,315.22,197.55,315.22,197.55,315.22,197.55,315.22,197.55,315.22,197.55,315.22,197.55,315.22,197.55,315.22,197.55,315.22,197.55,315.22,197.55,315.22,197.55,315.22,197.55,315.22,197.55,315.22,0.00000,0.00000,0.00000,0.00000,0.00000,0.00000,0.00000,0.00000,0.00000,0.00000,0.00000,0.00000,0.00000,0.00000,0.00000,0.00000,0.00000,0.00000,0.00000,0.00000,0.00000,0.00000,0.00000,0.00000,0.00000,0.00000,0.00000,0.00000,0.00000,0.00000,0.00000,0.00000,0.00000,0.00000,0.00000,0.00000,0.00000,0.00000,0.00000,0.00000,0.00000,0.00000,0.00000,0.00000,0.00000,0.00000,0.00000,0.00000,0.00000,0.00000,0.00000,0.00000,0.00000,0.00000,0.00000,0.00000,0.00000,0.00000,0.00000,0.00000,0.00000,0.00000,0.00000,0.00000,0.00000,0.00000,0.00000,0.00000,0.00000,0.00000,0.00000,0.00000,0.00000,0.00000,0.00000,0.00000,0.00000,0.00000,0.00000,0.00000,0.00000,0.00000,0.00000,0.00000
6.3667,1,1,0.00,0.00,33.33,-0.10019,0.06144,0.45348,0.45300,0.45300,1.3000,0,0,0.26170,0.09350,0.03187,0.26180,0.09358,0.03248,0.34,0.01,0.45300,-0.40142,0.36150,-0.17215,1.38168,-0.00000,0.99999,-0.40131,0.36241,-0.16669,1.37483,0.00000,1.00000,12,0.26408,0.09315,0.01494,0.25990,0.09410,1,0.98376,-0.00000,0.00000,0.17947,virtual,0,197.57,310.12,197.57,310.12,197.57,310.12,197.57,310.12,197.57,310.12,197.57,310.12,197.57,310.12,197.57,310.12,197.57,310.12,197.57,310.12,197.57,310.12,197.57,310.12,197.57,310.12,197.57,310.12,197.57,310.12,197.57,310.12,197.57,310.12,197.57,310.12,197.57,310.12,197.57,310.12,197.57,310.12,0.00000,0.00000,0.00000,0.00000,0.00000,0.00000,0.00000,0.00000,0.00000,0.00000,0.00000,0.00000,0.00000,0.00000,0.00000,0.00000,0.00000,0.00000,0.00000,0.00000,0.00000,0.00000,0.00000,0.00000,0.00000,0.00000,0.00000,0.00000,0.00000,0.00000,0.00000,0.00000,0.00000,0.00000,0.00000,0.00000,0.00000,0.00000,0.00000,0.00000,0.00000,0.00000,0.00000,0.00000,0.00000,0.00000,0.00000,0.00000,0.00000,0.00000,0.00000,0.00000,0.00000,0.00000,0.00000,0.00000,0.00000,0.00000,0.00000,0.00000,0.00000,0.00000,0.00000,0.00000,0.00000,0.00000,0.00000,0.00000,0.00000,0.00000,0.00000,0.00000,0.00000,0.00000,0.00000,0.00000,0.00000,0.00000,0.00000,0.00000,0.00000,0.00000,0.00000,0.00000
6.4000,1,1,0.00,0.00,33.33,-0.10052,0.05750,0.45511,0.45674,0.45674,1.3000,0,0,0.26088,0.09383,0.03581,0.26032,0.09351,0.03574,0.38,0.01,0.45674,-0.40356,0.34987,-0.17958,1.40476,-0.00000,0.99999,-0.40376,0.35165,-0.17997,1.39897,0.00000,1.00000,12,0.26408,0.09315,0.01494,0.25990,0.09410,1,0.98376,-0.00000,0.00000,0.17947,virtual,0,197.62,305.00,197.62,305.00,197.62,305.00,197.62,305.00,197.62,305.00,197.62,305.00,197.62,305.00,197.62,305.00,197.62,305.00,197.62,305.00,197.62,305.00,197.62,305.00,197.62,305.00,197.62,305.00,197.62,305.00,197.62,305.00,197.62,305.00,197.62,305.00,197.62,305.00,197.62,305.00,197.62,305.00,0.00000,0.00000,0.00000,0.00000,0.00000,0.00000,0.00000,0.00000,0.00000,0.00000,0.00000,0.00000,0.00000,0.00000,0.00000,0.00000,0.00000,0.00000,0.00000,0.00000,0.00000,0.00000,0.00000,0.00000,0.00000,0.00000,0.00000,0.00000,0.00000,0.00000,0.00000,0.00000,0.00000,0.00000,0.00000,0.00000,0.00000,0.00000,0.00000,0.00000,0.00000,0.00000,0.00000,0.00000,0.00000,0.00000,0.00000,0.00000,0.00000,0.00000,0.00000,0.00000,0.00000,0.00000,0.00000,0.00000,0.00000,0.00000,0.00000,0.00000,0.00000,0.00000,0.00000,0.00000,0.00000,0.00000,0.00000,0.00000,0.00000,0.00000,0.00000,0.00000,0.00000,0.00000,0.00000,0.00000,0.00000,0.00000,0.00000,0.00000,0.00000,0.00000,0.00000,0.00000
6.4333,1,1,0.00,0.00,33.33,-0.10060,0.05339,0.45542,0.45572,0.45572,1.3000,0,0,0.26073,0.09391,0.03992,0.26023,0.09379,0.04012,0.35,0.01,0.45572,-0.40479,0.34434,-0.20402,1.43421,0.00000,0.99999,-0.40439,0.34534,-0.20143,1.42666,0.00000,1.00000,12,0.26408,0.09315,0.01494,0.25990,0.09410,1,0.98376,-0.00000,0.00000,0.17947,virtual,0,197.56,299.93,197.56,299.93,197.56,299.93,197.56,299.93,197.56,299.93,197.56,299.93,197.56,299.93,197.56,299.93,197.56,299.93,197.56,299.93,197.56,299.93,197.56,299.93,197.56,299.93,197.56,299.93,197.56,299.93,197.56,299.93,197.56,299.93,197.56,299.93,197.56,299.93,197.56,299.93,197.56,299.93,0.00000,0.00000,0.00000,0.00000,0.00000,0.00000,0.00000,0.00000,0.00000,0.00000,0.00000,0.00000,0.00000,0.00000,0.00000,0.00000,0.00000,0.00000,0.00000,0.00000,0.00000,0.00000,0.00000,0.00000,0.00000,0.00000,0.00000,0.00000,0.00000,0.00000,0.00000,0.00000,0.00000,0.00000,0.00000,0.00000,0.00000,0.00000,0.00000,0.00000,0.00000,0.00000,0.00000,0.00000,0.00000,0.00000,0.00000,0.00000,0.00000,0.00000,0.00000,0.00000,0.00000,0.00000,0.00000,0.00000,0.00000,0.00000,0.00000,0.00000,0.00000,0.00000,0.00000,0.00000,0.00000,0.00000,0.00000,0.00000,0.00000,0.00000,0.00000,0.00000,0.00000,0.00000,0.00000,0.00000,0.00000,0.00000,0.00000,0.00000,0.00000,0.00000,0.00000,0.00000
6.4667,1,1,0.00,0.00,33.33,-0.10029,0.04909,0.45394,0.45246,0.45246,1.3000,0,0,0.26147,0.09360,0.04422,0.26206,0.09391,0.04576,0.29,0.02,0.45246,-0.40226,0.34541,-0.24684,1.46861,0.00000,1.00000,-0.40213,0.34621,-0.23491,1.45915,0.00000,1.00000,12,0.26408,0.09315,0.01494,0.25990,0.09410,1,0.98376,-0.00000,0.00000,0.17947,virtual,0,197.53,294.86,197.53,294.86,197.53,294.86,197.53,294.86,197.53,294.86,197.53,294.86,197.53,294.86,197.53,294.86,197.53,294.86,197.53,294.86,197.53,294.86,197.53,294.86,197.53,294.86,197.53,294.86,197.53,294.86,197.53,294.86,197.53,294.86,197.53,294.86,197.53,294.86,197.53,294.86,197.53,294.86,0.00000,0.00000,0.00000,0.00000,0.00000,0.00000,0.00000,0.00000,0.00000,0.00000,0.00000,0.00000,0.00000,0.00000,0.00000,0.00000,0.00000,0.00000,0.00000,0.00000,0.00000,0.00000,0.00000,0.00000,0.00000,0.00000,0.00000,0.00000,0.00000,0.00000,0.00000,0.00000,0.00000,0.00000,0.00000,0.00000,0.00000,0.00000,0.00000,0.00000,0.00000,0.00000,0.00000,0.00000,0.00000,0.00000,0.00000,0.00000,0.00000,0.00000,0.00000,0.00000,0.00000,0.00000,0.00000,0.00000,0.00000,0.00000,0.00000,0.00000,0.00000,0.00000,0.00000,0.00000,0.00000,0.00000,0.00000,0.00000,0.00000,0.00000,0.00000,0.00000,0.00000,0.00000,0.00000,0.00000,0.00000,0.00000,0.00000,0.00000,0.00000,0.00000,0.00000,0.00000
6.5000,1,1,0.00,0.00,33.33,-0.10038,0.04498,0.45463,0.45533,0.45533,1.3000,0,0,0.26112,0.09370,0.04833,0.26039,0.09331,0.04808,0.33,0.01,0.45533,-0.40270,0.34177,-0.25951,1.49451,0.00000,0.99999,-0.40294,0.34169,-0.25864,1.48749,0.00000,1.00000,12,0.26408,0.09315,0.01494,0.25990,0.09410,1,0.98376,-0.00000,0.00000,0.17947,virtual,0,197.69,289.75,197.69,289.75,197.69,289.75,197.69,289.75,197.69,289.75,197.69,289.75,197.69,289.75,197.69,289.75,197.69,289.75,197.69,289.75,197.69,289.75,197.69,289.75,197.69,289.75,197.69,289.75,197.69,289.75,197.69,289.75,197.69,289.75,197.69,289.75,197.69,289.75,197.69,289.75,197.69,289.75,0.00000,0.00000,0.00000,0.00000,0.00000,0.00000,0.00000,0.00000,0.00000,0.00000,0.00000,0.00000,0.00000,0.00000,0.00000,0.00000,0.00000,0.00000,0.00000,0.00000,0.00000,0.00000,0.00000,0.00000,0.00000,0.00000,0.00000,0.00000,0.00000,0.00000,0.00000,0.00000,0.00000,0.00000,0.00000,0.00000,0.00000,0.00000,0.00000,0.00000,0.00000,0.00000,0.00000,0.00000,0.00000,0.00000,0.00000,0.00000,0.00000,0.00000,0.00000,0.00000,0.00000,0.00000,0.00000,0.00000,0.00000,0.00000,0.00000,0.00000,0.00000,0.00000,0.00000,0.00000,0.00000,0.00000,0.00000,0.00000,0.00000,0.00000,0.00000,0.00000,0.00000,0.00000,0.00000,0.00000,0.00000,0.00000,0.00000,0.00000,0.00000,0.00000,0.00000,0.00000
6.5333,1,1,0.00,0.00,33.33,-0.10060,0.04088,0.45550,0.45636,0.45636,1.3000,0,0,0.26069,0.09391,0.05243,0.25938,0.09345,0.05169,0.33,0.01,0.45636,-0.40486,0.33724,-0.27985,1.52281,-0.00000,0.99999,-0.40443,0.33727,-0.28247,1.51574,0.00000,1.00000,12,0.26408,0.09315,0.01494,0.25990,0.09410,1,0.98376,-0.00000,0.00000,0.17947,virtual,0,197.56,284.68,197.56,284.68,197.56,284.68,197.56,284.68,197.56,284.68,197.56,284.68,197.56,284.68,197.56,284.68,197.56,284.68,197.56,284.68,197.56,284.68,197.56,284.68,197.56,284.68,197.56,284.68,197.56,284.68,197.56,284.68,197.56,284.68,197.56,284.68,197.56,284.68,197.56,284.68,197.56,284.68,0.00000,0.00000,0.00000,0.00000,0.00000,0.00000,0.00000,0.00000,0.00000,0.00000,0.00000,0.00000,0.00000,0.00000,0.00000,0.00000,0.00000,0.00000,0.00000,0.00000,0.00000,0.00000,0.00000,0.00000,0.00000,0.00000,0.00000,0.00000,0.00000,0.00000,0.00000,0.00000,0.00000,0.00000,0.00000,0.00000,0.00000,0.00000,0.00000,0.00000,0.00000,0.00000,0.00000,0.00000,0.00000,0.00000,0.00000,0.00000,0.00000,0.00000,0.00000,0.00000,0.00000,0.00000,0.00000,0.00000,0.00000,0.00000,0.00000,0.00000,0.00000,0.00000,0.00000,0.00000,0.00000,0.00000,0.00000,0.00000,0.00000,0.00000,0.00000,0.00000,0.00000,0.00000,0.00000,0.00000,0.00000,0.00000,0.00000,0.00000,0.00000,0.00000,0.00000,0.00000
6.5667,1,1,0.00,0.00,33.33,-0.10053,0.03668,0.45469,0.45388,0.45388,1.3000,0,0,0.26109,0.09385,0.05663,0.26214,0.09434,0.05890,0.28,0.02,0.45388,-0.40377,0.33867,-0.33386,1.55774,-0.00000,1.00000,-0.40362,0.33997,-0.31776,1.54820,0.00000,1.00000,12,0.26408,0.09315,0.01494,0.25990,0.09410,1,0.98376,-0.00000,0.00000,0.17947,virtual,0,197.31,279.66,197.31,279.66,197.31,279.66,197.31,279.66,197.31,279.66,197.31,279.66,197.31,279.66,197.31,279.66,197.31,279.66,197.31,279.66,197.31,279.66,197.31,279.66,197.31,279.66,197.31,279.66,197.31,279.66,197.31,279.66,197.31,279.66,197.31,279.66,197.31,279.66,197.31,279.66,197.31,279.66,0.00000,0.00000,0.00000,0.00000,0.00000,0.00000,0.00000,0.00000,0.00000,0.00000,0.00000,0.00000,0.00000,0.00000,0.00000,0.00000,0.00000,0.00000,0.00000,0.00000,0.00000,0.00000,0.00000,0.00000,0.00000,0.00000,0.00000,0.00000,0.00000,0.00000,0.00000,0.00000,0.00000,0.00000,0.00000,0.00000,0.00000,0.00000,0.00000,0.00000,0.00000,0.00000,0.00000,0.00000,0.00000,0.00000,0.00000,0.00000,0.00000,0.00000,0.00000,0.00000,0.00000,0.00000,0.00000,0.00000,0.00000,0.00000,0.00000,0.00000,0.00000,0.00000,0.00000,0.00000,0.00000,0.00000,0.00000,0.00000,0.00000,0.00000,0.00000,0.00000,0.00000,0.00000,0.00000,0.00000,0.00000,0.00000,0.00000,0.00000,0.00000,0.00000,0.00000,0.00000
6.6000,1,1,0.00,0.00,33.33,-0.10058,0.03259,0.45567,0.45664,0.45664,1.3000,0,0,0.26061,0.09389,0.06072,0.25981,0.09352,0.06007,0.31,0.02,0.45664,-0.40444,0.33766,-0.34234,1.58182,-0.00000,1.00000,-0.40452,0.33745,-0.34428,1.57733,0.00000,1.00000,12,0.26408,0.09315,0.01494,0.25990,0.09410,1,0.98376,0.00000,-0.00000,0.17947,virtual,0,197.86,274.59,197.86,274.59,197.86,274.59,197.86,274.59,197.86,274.59,197.86,274.59,197.86,274.59,197.86,274.59,197.86,274.59,197.86,274.59,197.86,274.59,197.86,274.59,197.86,274.59,197.86,274.59,197.86,274.59,197.86,274.59,197.86,274.59,197.86,274.59,197.86,274.59,197.86,274.59,197.86,274.59,0.00000,0.00000,0.00000,0.00000,0.00000,0.00000,0.00000,0.00000,0.00000,0.00000,0.00000,0.00000,0.00000,0.00000,0.00000,0.00000,0.00000,0.00000,0.00000,0.00000,0.00000,0.00000,0.00000,0.00000,0.00000,0.00000,0.00000,0.00000,0.00000,0.00000,0.00000,0.00000,0.00000,0.00000,0.00000,0.00000,0.00000,0.00000,0.00000,0.00000,0.00000,0.00000,0.00000,0.00000,0.00000,0.00000,0.00000,0.00000,0.00000,0.00000,0.00000,0.00000,0.00000,0.00000,0.00000,0.00000,0.00000,0.00000,0.00000,0.00000,0.00000,0.00000,0.00000,0.00000,0.00000,0.00000,0.00000,0.00000,0.00000,0.00000,0.00000,0.00000,0.00000,0.00000,0.00000,0.00000,0.00000,0.00000,0.00000,0.00000,0.00000,0.00000,0.00000,0.00000
6.6333,1,1,0.00,0.00,33.33,-0.10061,0.03055,0.45619,0.45671,0.45671,1.3000,0,0,0.26035,0.09392,0.06276,0.26050,0.09404,0.06290,0.17,0.01,0.45671,-0.40531,0.33629,-0.36070,1.59459,0.00000,1.00000,-0.40508,0.33594,-0.35817,1.59287,0.00000,1.00000,12,0.26408,0.09315,0.01494,0.25990,0.09410,1,0.98376,0.00000,-0.00000,0.17947,virtual,0,197.86,274.59,197.86,274.59,197.86,274.59,197.86,274.59,197.86,274.59,197.86,274.59,197.86,274.59,197.86,274.59,197.86,274.59,197.86,274.59,197.86,274.59,197.86,274.59,197.86,274.59,197.86,274.59,197.86,274.59,197.86,274.59,197.86,274.59,197.86,274.59,197.86,274.59,197.86,274.59,197.86,274.59,0.00000,0.00000,0.00000,0.00000,0.00000,0.00000,0.00000,0.00000,0.00000,0.00000,0.00000,0.00000,0.00000,0.00000,0.00000,0.00000,0.00000,0.00000,0.00000,0.00000,0.00000,0.00000,0.00000,0.00000,0.00000,0.00000,0.00000,0.00000,0.00000,0.00000,0.00000,0.00000,0.00000,0.00000,0.00000,0.00000,0.00000,0.00000,0.00000,0.00000,0.00000,0.00000,0.00000,0.00000,0.00000,0.00000,0.00000,0.00000,0.00000,0.00000,0.00000,0.00000,0.00000,0.00000,0.00000,0.00000,0.00000,0.00000,0.00000,0.00000,0.00000,0.00000,0.00000,0.00000,0.00000,0.00000,0.00000,0.00000,0.00000,0.00000,0.00000,0.00000,0.00000,0.00000,0.00000,0.00000,0.00000,0.00000,0.00000,0.00000,0.00000,0.00000,0.00000,0.00000
6.6667,1,1,0.00,0.00,33.33,-0.10077,0.02957,0.45710,0.45801,0.45801,1.3000,0,0,0.25989,0.09408,0.06375,0.25977,0.09403,0.06315,0.11,0.00,0.45801,-0.40645,0.33437,-0.36006,1.59888,-0.00001,1.00000,-0.40640,0.33274,-0.36124,1.59926,0.00000,1.00000,12,0.26408,0.09315,0.01494,0.25990,0.09410,1,0.98376,0.00000,-0.00000,0.17947,virtual,0,197.86,274.59,197.86,274.59,197.86,274.59,197.86,274.59,197.86,274.59,197.86,274.59,197.86,274.59,197.86,274.59,197.86,274.59,197.86,274.59,197.86,274.59,197.86,274.59,197.86,274.59,197.86,274.59,197.86,274.59,197.86,274.59,197.86,274.59,197.86,274.59,197.86,274.59,197.86,274.59,197.86,274.59,0.00000,0.00000,0.00000,0.00000,0.00000,0.00000,0.00000,0.00000,0.00000,0.00000,0.00000,0.00000,0.00000,0.00000,0.00000,0.00000,0.00000,0.00000,0.00000,0.00000,0.00000,0.00000,0.00000,0.00000,0.00000,0.00000,0.00000,0.00000,0.00000,0.00000,0.00000,0.00000,0.00000,0.00000,0.00000,0.00000,0.00000,0.00000,0.00000,0.00000,0.00000,0.00000,0.00000,0.00000,0.00000,0.00000,0.00000,0.00000,0.00000,0.00000,0.00000,0.00000,0.00000,0.00000,0.00000,0.00000,0.00000,0.00000,0.00000,0.00000,0.00000,0.00000,0.00000,0.00000,0.00000,0.00000,0.00000,0.00000,0.00000,0.00000,0.00000,0.00000,0.00000,0.00000,0.00000,0.00000,0.00000,0.00000,0.00000,0.00000,0.00000,0.00000,0.00000,0.00000
6.7000,1,1,0.00,0.00,33.33,-0.10075,0.02905,0.45712,0.45714,0.45714,1.3000,0,0,0.25988,0.09407,0.06426,0.25987,0.09407,0.06356,0.60,0.00,0.45714,-0.40646,0.33297,-0.36088,1.59942,-0.00000,1.00000,-0.40640,0.33274,-0.36124,1.59926,0.00000,1.00000,12,0.26408,0.09315,0.01494,0.25990,0.09410,1,0.98376,-0.00000,-0.00000,0.17947,virtual,0,197.86,274.59,197.86,274.59,197.86,274.59,197.86,274.59,197.86,274.59,197.86,274.59,197.86,274.59,197.86,274.59,197.86,274.59,197.86,274.59,197.86,274.59,197.86,274.59,197.86,274.59,197.86,274.59,197.86,274.59,197.86,274.59,197.86,274.59,197.86,274.59,197.86,274.59,197.86,274.59,197.86,274.59,0.00000,0.00000,0.00000,0.00000,0.00000,0.00000,0.00000,0.00000,0.00000,0.00000,0.00000,0.00000,0.00000,0.00000,0.00000,0.00000,0.00000,0.00000,0.00000,0.00000,0.00000,0.00000,0.00000,0.00000,0.00000,0.00000,0.00000,0.00000,0.00000,0.00000,0.00000,0.00000,0.00000,0.00000,0.00000,0.00000,0.00000,0.00000,0.00000,0.00000,0.00000,0.00000,0.00000,0.00000,0.00000,0.00000,0.00000,0.00000,0.00000,0.00000,0.00000,0.00000,0.00000,0.00000,0.00000,0.00000,0.00000,0.00000,0.00000,0.00000,0.00000,0.00000,0.00000,0.00000,0.00000,0.00000,0.00000,0.00000,0.00000,0.00000,0.00000,0.00000,0.00000,0.00000,0.00000,0.00000,0.00000,0.00000,0.00000,0.00000,0.00000,0.00000,0.00000,0.00000
6.7333,1,1,0.00,0.00,33.33,-0.10087,0.02883,0.45772,0.45831,0.45831,1.3000,0,0,0.25958,0.09419,0.06449,0.25987,0.09407,0.06348,0.91,0.00,0.45831,-0.40644,0.33335,-0.36082,1.59923,-0.00000,1.00000,-0.40640,0.33274,-0.36124,1.59926,0.00000,1.00000,12,0.26408,0.09315,0.01494,0.25990,0.09410,1,0.98376,-0.00000,-0.00000,0.17947,virtual,0,197.86,274.59,197.86,274.59,197.86,274.59,197.86,274.59,197.86,274.59,197.86,274.59,197.86,274.59,197.86,274.59,197.86,274.59,197.86,274.59,197.86,274.59,197.86,274.59,197.86,274.59,197.86,274.59,197.86,274.59,197.86,274.59,197.86,274.59,197.86,274.59,197.86,274.59,197.86,274.59,197.86,274.59,0.00000,0.00000,0.00000,0.00000,0.00000,0.00000,0.00000,0.00000,0.00000,0.00000,0.00000,0.00000,0.00000,0.00000,0.00000,0.00000,0.00000,0.00000,0.00000,0.00000,0.00000,0.00000,0.00000,0.00000,0.00000,0.00000,0.00000,0.00000,0.00000,0.00000,0.00000,0.00000,0.00000,0.00000,0.00000,0.00000,0.00000,0.00000,0.00000,0.00000,0.00000,0.00000,0.00000,0.00000,0.00000,0.00000,0.00000,0.00000,0.00000,0.00000,0.00000,0.00000,0.00000,0.00000,0.00000,0.00000,0.00000,0.00000,0.00000,0.00000,0.00000,0.00000,0.00000,0.00000,0.00000,0.00000,0.00000,0.00000,0.00000,0.00000,0.00000,0.00000,0.00000,0.00000,0.00000,0.00000,0.00000,0.00000,0.00000,0.00000,0.00000,0.00000,0.00000,0.00000
6.7667,1,1,0.00,0.00,33.33,-0.10083,0.02868,0.45752,0.45732,0.45732,1.3000,0,0,0.25968,0.09414,0.06463,0.25973,0.09417,0.06439,0.08,0.00,0.45732,-0.40706,0.33167,-0.36507,1.60435,0.00000,0.99999,-0.40699,0.33133,-0.36586,1.60527,0.00000,1.00000,12,0.26408,0.09315,0.01494,0.25990,0.09410,1,0.98376,-0.00000,-0.00000,0.17947,virtual,0,197.86,274.59,197.86,274.59,197.86,274.59,197.86,274.59,197.86,274.59,197.86,274.59,197.86,274.59,197.86,274.59,197.86,274.59,197.86,274.59,197.86,274.59,197.86,274.59,197.86,274.59,197.86,274.59,197.86,274.59,197.86,274.59,197.86,274.59,197.86,274.59,197.86,274.59,197.86,274.59,197.86,274.59,0.00000,0.00000,0.00000,0.00000,0.00000,0.00000,0.00000,0.00000,0.00000,0.00000,0.00000,0.00000,0.00000,0.00000,0.00000,0.00000,0.00000,0.00000,0.00000,0.00000,0.00000,0.00000,0.00000,0.00000,0.00000,0.00000,0.00000,0.00000,0.00000,0.00000,0.00000,0.00000,0.00000,0.00000,0.00000,0.00000,0.00000,0.00000,0.00000,0.00000,0.00000,0.00000,0.00000,0.00000,0.00000,0.00000,0.00000,0.00000,0.00000,0.00000,0.00000,0.00000,0.00000,0.00000,0.00000,0.00000,0.00000,0.00000,0.00000,0.00000,0.00000,0.00000,0.00000,0.00000,0.00000,0.00000,0.00000,0.00000,0.00000,0.00000,0.00000,0.00000,0.00000,0.00000,0.00000,0.00000,0.00000,0.00000,0.00000,0.00000,0.00000,0.00000,0.00000,0.00000
6.8000,1,1,0.00,0.00,33.33,-0.10086,0.02863,0.45768,0.45784,0.45784,1.3000,0,0,0.25960,0.09417,0.06468,0.25970,0.09413,0.06448,0.18,0.00,0.45784,-0.40696,0.33163,-0.36572,1.60525,0.00000,1.00000,-0.40699,0.33133,-0.36586,1.60527,0.00000,1.00000,12,0.26408,0.09315,0.01494,0.25990,0.09410,1,0.98376,-0.00000,-0.00000,0.17947,virtual,0,197.86,274.59,197.86,274.59,197.86,274.59,197.86,274.59,197.86,274.59,197.86,274.59,197.86,274.59,197.86,274.59,197.86,274.59,197.86,274.59,197.86,274.59,197.86,274.59,197.86,274.59,197.86,274.59,197.86,274.59,197.86,274.59,197.86,274.59,197.86,274.59,197.86,274.59,197.86,274.59,197.86,274.59,0.00000,0.00000,0.00000,0.00000,0.00000,0.00000,0.00000,0.00000,0.00000,0.00000,0.00000,0.00000,0.00000,0.00000,0.00000,0.00000,0.00000,0.00000,0.00000,0.00000,0.00000,0.00000,0.00000,0.00000,0.00000,0.00000,0.00000,0.00000,0.00000,0.00000,0.00000,0.00000,0.00000,0.00000,0.00000,0.00000,0.00000,0.00000,0.00000,0.00000,0.00000,0.00000,0.00000,0.00000,0.00000,0.00000,0.00000,0.00000,0.00000,0.00000,0.00000,0.00000,0.00000,0.00000,0.00000,0.00000,0.00000,0.00000,0.00000,0.00000,0.00000,0.00000,0.00000,0.00000,0.00000,0.00000,0.00000,0.00000,0.00000,0.00000,0.00000,0.00000,0.00000,0.00000,0.00000,0.00000,0.00000,0.00000,0.00000,0.00000,0.00000,0.00000,0.00000,0.00000
6.8333,1,1,0.00,0.00,33.33,-0.10068,0.02855,0.45688,0.45607,0.45607,1.3000,0,0,0.26000,0.09399,0.06476,0.25963,0.09411,0.06435,0.37,0.00,0.45607,-0.40700,0.33204,-0.36541,1.60530,0.00000,1.00000,-0.40699,0.33133,-0.36586,1.60527,0.00000,1.00000,12,0.26408,0.09315,0.01494,0.25990,0.09410,1,0.98376,-0.00000,-0.00000,0.17947,virtual,0,197.86,274.59,197.86,274.59,197.86,274.59,197.86,274.59,197.86,274.59,197.86,274.59,197.86,274.59,197.86,274.59,197.86,274.59,197.86,274.59,197.86,274.59,197.86,274.59,197.86,274.59,197.86,274.59,197.86,274.59,197.86,274.59,197.86,274.59,197.86,274.59,197.86,274.59,197.86,274.59,197.86,274.59,0.00000,0.00000,0.00000,0.00000,0.00000,0.00000,0.00000,0.00000,0.00000,0.00000,0.00000,0.00000,0.00000,0.00000,0.00000,0.00000,0.00000,0.00000,0.00000,0.00000,0.00000,0.00000,0.00000,0.00000,0.00000,0.00000,0.00000,0.00000,0.00000,0.00000,0.00000,0.00000,0.00000,0.00000,0.00000,0.00000,0.00000,0.00000,0.00000,0.00000,0.00000,0.00000,0.00000,0.00000,0.00000,0.00000,0.00000,0.00000,0.00000,0.00000,0.00000,0.00000,0.00000,0.00000,0.00000,0.00000,0.00000,0.00000,0.00000,0.00000,0.00000,0.00000,0.00000,0.00000,0.00000,0.00000,0.00000,0.00000,0.00000,0.00000,0.00000,0.00000,0.00000,0.00000,0.00000,0.00000,0.00000,0.00000,0.00000,0.00000,0.00000,0.00000,0.00000,0.00000
6.8667,1,1,0.00,0.00,33.33,-0.10059,0.02851,0.45649,0.45610,0.45610,1.3000,0,0,0.26019,0.09391,0.06481,0.25964,0.09412,0.06439,0.58,0.00,0.45610,-0.40699,0.33190,-0.36548,1.60531,-0.00000,1.00000,-0.40699,0.33133,-0.36586,1.60527,0.00000,1.00000,12,0.26408,0.09315,0.01494,0.25990,0.09410,1,0.98376,-0.00000,-0.00000,0.17947,virtual,0,197.86,274.59,197.86,274.59,197.86,274.59,197.86,274.59,197.86,274.59,197.86,274.59,197.86,274.59,197.86,274.59,197.86,274.59,197.86,274.59,197.86,274.59,197.86,274.59,197.86,274.59,197.86,274.59,197.86,274.59,197.86,274.59,197.86,274.59,197.86,274.59,197.86,274.59,197.86,274.59,197.86,274.59,0.00000,0.00000,0.00000,0.00000,0.00000,0.00000,0.00000,0.00000,0.00000,0.00000,0.00000,0.00000,0.00000,0.00000,0.00000,0.00000,0.00000,0.00000,0.00000,0.00000,0.00000,0.00000,0.00000,0.00000,0.00000,0.00000,0.00000,0.00000,0.00000,0.00000,0.00000,0.00000,0.00000,0.00000,0.00000,0.00000,0.00000,0.00000,0.00000,0.00000,0.00000,0.00000,0.00000,0.00000,0.00000,0.00000,0.00000,0.00000,0.00000,0.00000,0.00000,0.00000,0.00000,0.00000,0.00000,0.00000,0.00000,0.00000,0.00000,0.00000,0.00000,0.00000,0.00000,0.00000,0.00000,0.00000,0.00000,0.00000,0.00000,0.00000,0.00000,0.00000,0.00000,0.00000,0.00000,0.00000,0.00000,0.00000,0.00000,0.00000,0.00000,0.00000,0.00000,0.00000
6.9000,1,1,0.00,0.00,33.33,-0.10058,0.02849,0.45642,0.45636,0.45636,1.3000,0,0,0.26023,0.09389,0.06482,0.25965,0.09412,0.06439,0.62,0.00,0.45636,-0.40699,0.33190,-0.36550,1.60528,-0.00000,1.00000,-0.40699,0.33133,-0.36586,1.60527,0.00000,1.00000,12,0.26408,0.09315,0.01494,0.25990,0.09410,1,0.98376,-0.00000,-0.00000,0.17947,virtual,0,197.86,274.59,197.86,274.59,197.86,274.59,197.86,274.59,197.86,274.59,197.86,274.59,197.86,274.59,197.86,274.59,197.86,274.59,197.86,274.59,197.86,274.59,197.86,274.59,197.86,274.59,197.86,274.59,197.86,274.59,197.86,274.59,197.86,274.59,197.86,274.59,197.86,274.59,197.86,274.59,197.86,274.59,0.00000,0.00000,0.00000,0.00000,0.00000,0.00000,0.00000,0.00000,0.00000,0.00000,0.00000,0.00000,0.00000,0.00000,0.00000,0.00000,0.00000,0.00000,0.00000,0.00000,0.00000,0.00000,0.00000,0.00000,0.00000,0.00000,0.00000,0.00000,0.00000,0.00000,0.00000,0.00000,0.00000,0.00000,0.00000,0.00000,0.00000,0.00000,0.00000,0.00000,0.00000,0.00000,0.00000,0.00000,0.00000,0.00000,0.00000,0.00000,0.00000,0.00000,0.00000,0.00000,0.00000,0.00000,0.00000,0.00000,0.00000,0.00000,0.00000,0.00000,0.00000,0.00000,0.00000,0.00000,0.00000,0.00000,0.00000,0.00000,0.00000,0.00000,0.00000,0.00000,0.00000,0.00000,0.00000,0.00000,0.00000,0.00000,0.00000,0.00000,0.00000,0.00000,0.00000,0.00000
6.9333,1,1,0.00,0.00,33.33,-0.10059,0.02849,0.45648,0.45654,0.45654,1.3000,0,0,0.26020,0.09390,0.06482,0.25965,0.09412,0.06439,0.59,0.00,0.45654,-0.40699,0.33191,-0.36550,1.60527,-0.00000,1.00000,-0.40699,0.33133,-0.36586,1.60527,0.00000,1.00000,12,0.26408,0.09315,0.01494,0.25990,0.09410,1,0.98376,-0.00000,-0.00000,0.17947,virtual,0,197.86,274.59,197.86,274.59,197.86,274.59,197.86,274.59,197.86,274.59,197.86,274.59,197.86,274.59,197.86,274.59,197.86,274.59,197.86,274.59,197.86,274.59,197.86,274.59,197.86,274.59,197.86,274.59,197.86,274.59,197.86,274.59,197.86,274.59,197.86,274.59,197.86,274.59,197.86,274.59,197.86,274.59,0.00000,0.00000,0.00000,0.00000,0.00000,0.00000,0.00000,0.00000,0.00000,0.00000,0.00000,0.00000,0.00000,0.00000,0.00000,0.00000,0.00000,0.00000,0.00000,0.00000,0.00000,0.00000,0.00000,0.00000,0.00000,0.00000,0.00000,0.00000,0.00000,0.00000,0.00000,0.00000,0.00000,0.00000,0.00000,0.00000,0.00000,0.00000,0.00000,0.00000,0.00000,0.00000,0.00000,0.00000,0.00000,0.00000,0.00000,0.00000,0.00000,0.00000,0.00000,0.00000,0.00000,0.00000,0.00000,0.00000,0.00000,0.00000,0.00000,0.00000,0.00000,0.00000,0.00000,0.00000,0.00000,0.00000,0.00000,0.00000,0.00000,0.00000,0.00000,0.00000,0.00000,0.00000,0.00000,0.00000,0.00000,0.00000,0.00000,0.00000,0.00000,0.00000,0.00000,0.00000
6.9667,1,1,0.00,0.00,33.33,-0.10037,0.02843,0.45547,0.45447,0.45447,1.3000,0,0,0.26070,0.09368,0.06488,0.26067,0.09378,0.06467,0.05,0.01,0.45447,-0.40404,0.33947,-0.37861,1.60998,0.00001,1.00000,-0.40374,0.33868,-0.37905,1.61102,0.00000,1.00000,12,0.26408,0.09315,0.01494,0.25990,0.09410,1,0.98376,-0.00000,-0.00000,0.17947,virtual,0,197.86,274.59,197.86,274.59,197.86,274.59,197.86,274.59,197.86,274.59,197.86,274.59,197.86,274.59,197.86,274.59,197.86,274.59,197.86,274.59,197.86,274.59,197.86,274.59,197.86,274.59,197.86,274.59,197.86,274.59,197.86,274.59,197.86,274.59,197.86,274.59,197.86,274.59,197.86,274.59,197.86,274.59,0.00000,0.00000,0.00000,0.00000,0.00000,0.00000,0.00000,0.00000,0.00000,0.00000,0.00000,0.00000,0.00000,0.00000,0.00000,0.00000,0.00000,0.00000,0.00000,0.00000,0.00000,0.00000,0.00000,0.00000,0.00000,0.00000,0.00000,0.00000,0.00000,0.00000,0.00000,0.00000,0.00000,0.00000,0.00000,0.00000,0.00000,0.00000,0.00000,0.00000,0.00000,0.00000,0.00000,0.00000,0.00000,0.00000,0.00000,0.00000,0.00000,0.00000,0.00000,0.00000,0.00000,0.00000,0.00000,0.00000,0.00000,0.00000,0.00000,0.00000,0.00000,0.00000,0.00000,0.00000,0.00000,0.00000,0.00000,0.00000,0.00000,0.00000,0.00000,0.00000,0.00000,0.00000,0.00000,0.00000,0.00000,0.00000,0.00000,0.00000,0.00000,0.00000,0.00000,0.00000
7.0000,1,1,0.00,0.00,33.33,-0.10053,0.02847,0.45620,0.45693,0.45693,1.3000,0,0,0.26034,0.09384,0.06484,0.26061,0.09359,0.06460,0.35,0.01,0.45693,-0.40339,0.33994,-0.37889,1.61093,-0.00000,1.00000,-0.40374,0.33868,-0.37905,1.61102,0.00000,1.00000,12,0.26408,0.09315,0.01494,0.25990,0.09410,1,0.98376,0.00000,0.00000,0.17947,virtual,0,197.86,274.59,197.86,274.59,197.86,274.59,197.86,274.59,197.86,274.59,197.86,274.59,197.86,274.59,197.86,274.59,197.86,274.59,197.86,274.59,197.86,274.59,197.86,274.59,197.86,274.59,197.86,274.59,197.86,274.59,197.86,274.59,197.86,274.59,197.86,274.59,197.86,274.59,197.86,274.59,197.86,274.59,0.00000,0.00000,0.00000,0.00000,0.00000,0.00000,0.00000,0.00000,0.00000,0.00000,0.00000,0.00000,0.00000,0.00000,0.00000,0.00000,0.00000,0.00000,0.00000,0.00000,0.00000,0.00000,0.00000,0.00000,0.00000,0.00000,0.00000,0.00000,0.00000,0.00000,0.00000,0.00000,0.00000,0.00000,0.00000,0.00000,0.00000,0.00000,0.00000,0.00000,0.00000,0.00000,0.00000,0.00000,0.00000,0.00000,0.00000,0.00000,0.00000,0.00000,0.00000,0.00000,0.00000,0.00000,0.00000,0.00000,0.00000,0.00000,0.00000,0.00000,0.00000,0.00000,0.00000,0.00000,0.00000,0.00000,0.00000,0.00000,0.00000,0.00000,0.00000,0.00000,0.00000,0.00000,0.00000,0.00000,0.00000,0.00000,0.00000,0.00000,0.00000,0.00000,0.00000,0.00000
7.0333,1,1,0.00,0.00,33.33,-0.10060,0.02849,0.45652,0.45684,0.45684,1.3000,0,0,0.26018,0.09391,0.06482,0.26058,0.09370,0.06476,0.52,0.01,0.45684,-0.40386,0.33913,-0.37885,1.61111,-0.00000,1.00000,-0.40374,0.33868,-0.37905,1.61102,0.00000,1.00000,12,0.26408,0.09315,0.01494,0.25990,0.09410,1,0.98376,0.00000,0.00000,0.17947,virtual,0,197.86,274.59,197.86,274.59,197.86,274.59,197.86,274.59,197.86,274.59,197.86,274.59,197.86,274.59,197.86,274.59,197.86,274.59,197.86,274.59,197.86,274.59,197.86,274.59,197.86,274.59,197.86,274.59,197.86,274.59,197.86,274.59,197.86,274.59,197.86,274.59,197.86,274.59,197.86,274.59,197.86,274.59,0.00000,0.00000,0.00000,0.00000,0.00000,0.00000,0.00000,0.00000,0.00000,0.00000,0.00000,0.00000,0.00000,0.00000,0.00000,0.00000,0.00000,0.00000,0.00000,0.00000,0.00000,0.00000,0.00000,0.00000,0.00000,0.00000,0.00000,0.00000,0.00000,0.00000,0.00000,0.00000,0.00000,0.00000,0.00000,0.00000,0.00000,0.00000,0.00000,0.00000,0.00000,0.00000,0.00000,0.00000,0.00000,0.00000,0.00000,0.00000,0.00000,0.00000,0.00000,0.00000,0.00000,0.00000,0.00000,0.00000,0.00000,0.00000,0.00000,0.00000,0.00000,0.00000,0.00000,0.00000,0.00000,0.00000,0.00000,0.00000,0.00000,0.00000,0.00000,0.00000,0.00000,0.00000,0.00000,0.00000,0.00000,0.00000,0.00000,0.00000,0.00000,0.00000,0.00000,0.00000
7.0667,1,1,0.00,0.00,33.33,-0.10026,0.02840,0.45497,0.45341,0.45341,1.3000,0,0,0.26096,0.09357,0.06492,0.26056,0.09365,0.06469,0.33,0.01,0.45341,-0.40370,0.33930,-0.37863,1.61104,-0.00000,1.00000,-0.40374,0.33868,-0.37905,1.61102,0.00000,1.00000,12,0.26408,0.09315,0.01494,0.25990,0.09410,1,0.98376,0.00000,0.00000,0.17947,virtual,0,197.86,274.59,197.86,274.59,197.86,274.59,197.86,274.59,197.86,274.59,197.86,274.59,197.86,274.59,197.86,274.59,197.86,274.59,197.86,274.59,197.86,274.59,197.86,274.59,197.86,274.59,197.86,274.59,197.86,274.59,197.86,274.59,197.86,274.59,197.86,274.59,197.86,274.59,197.86,274.59,197.86,274.59,0.00000,0.00000,0.00000,0.00000,0.00000,0.00000,0.00000,0.00000,0.00000,0.00000,0.00000,0.00000,0.00000,0.00000,0.00000,0.00000,0.00000,0.00000,0.00000,0.00000,0.00000,0.00000,0.00000,0.00000,0.00000,0.00000,0.00000,0.00000,0.00000,0.00000,0.00000,0.00000,0.00000,0.00000,0.00000,0.00000,0.00000,0.00000,0.00000,0.00000,0.00000,0.00000,0.00000,0.00000,0.00000,0.00000,0.00000,0.00000,0.00000,0.00000,0.00000,0.00000,0.00000,0.00000,0.00000,0.00000,0.00000,0.00000,0.00000,0.00000,0.00000,0.00000,0.00000,0.00000,0.00000,0.00000,0.00000,0.00000,0.00000,0.00000,0.00000,0.00000,0.00000,0.00000,0.00000,0.00000,0.00000,0.00000,0.00000,0.00000,0.00000,0.00000,0.00000,0.00000
7.1000,1,1,0.00,0.00,33.33,-0.10060,0.02849,0.45652,0.45807,0.45807,1.3000,0,0,0.26018,0.09391,0.06482,0.26057,0.09366,0.06471,0.52,0.01,0.45807,-0.40371,0.33925,-0.37867,1.61102,0.00000,1.00000,-0.40374,0.33868,-0.37905,1.61102,0.00000,1.00000,12,0.26408,0.09315,0.01494,0.25990,0.09410,1,0.98376,0.00000,0.00000,0.17947,virtual,0,197.86,274.59,197.86,274.59,197.86,274.59,197.86,274.59,197.86,274.59,197.86,274.59,197.86,274.59,197.86,274.59,197.86,274.59,197.86,274.59,197.86,274.59,197.86,274.59,197.86,274.59,197.86,274.59,197.86,274.59,197.86,274.59,197.86,274.59,197.86,274.59,197.86,274.59,197.86,274.59,197.86,274.59,0.00000,0.00000,0.00000,0.00000,0.00000,0.00000,0.00000,0.00000,0.00000,0.00000,0.00000,0.00000,0.00000,0.00000,0.00000,0.00000,0.00000,0.00000,0.00000,0.00000,0.00000,0.00000,0.00000,0.00000,0.00000,0.00000,0.00000,0.00000,0.00000,0.00000,0.00000,0.00000,0.00000,0.00000,0.00000,0.00000,0.00000,0.00000,0.00000,0.00000,0.00000,0.00000,0.00000,0.00000,0.00000,0.00000,0.00000,0.00000,0.00000,0.00000,0.00000,0.00000,0.00000,0.00000,0.00000,0.00000,0.00000,0.00000,0.00000,0.00000,0.00000,0.00000,0.00000,0.00000,0.00000,0.00000,0.00000,0.00000,0.00000,0.00000,0.00000,0.00000,0.00000,0.00000,0.00000,0.00000,0.00000,0.00000,0.00000,0.00000,0.00000,0.00000,0.00000,0.00000
7.1333,1,1,0.00,0.00,33.33,-0.10024,0.02839,0.45486,0.45321,0.45321,1.3000,0,0,0.26101,0.09355,0.06492,0.26057,0.09366,0.06471,0.39,0.01,0.45321,-0.40373,0.33925,-0.37869,1.61103,0.00000,1.00000,-0.40374,0.33868,-0.37905,1.61102,0.00000,1.00000,12,0.26408,0.09315,0.01494,0.25990,0.09410,1,0.98376,0.00000,0.00000,0.17947,virtual,0,197.86,274.59,197.86,274.59,197.86,274.59,197.86,274.59,197.86,274.59,197.86,274.59,197.86,274.59,197.86,274.59,197.86,274.59,197.86,274.59,197.86,274.59,197.86,274.59,197.86,274.59,197.86,274.59,197.86,274.59,197.86,274.59,197.86,274.59,197.86,274.59,197.86,274.59,197.86,274.59,197.86,274.59,0.00000,0.00000,0.00000,0.00000,0.00000,0.00000,0.00000,0.00000,0.00000,0.00000,0.00000,0.00000,0.00000,0.00000,0.00000,0.00000,0.00000,0.00000,0.00000,0.00000,0.00000,0.00000,0.00000,0.00000,0.00000,0.00000,0.00000,0.00000,0.00000,0.00000,0.00000,0.00000,0.00000,0.00000,0.00000,0.00000,0.00000,0.00000,0.00000,0.00000,0.00000,0.00000,0.00000,0.00000,0.00000,0.00000,0.00000,0.00000,0.00000,0.00000,0.00000,0.00000,0.00000,0.00000,0.00000,0.00000,0.00000,0.00000,0.00000,0.00000,0.00000,0.00000,0.00000,0.00000,0.00000,0.00000,0.00000,0.00000,0.00000,0.00000,0.00000,0.00000,0.00000,0.00000,0.00000,0.00000,0.00000,0.00000,0.00000,0.00000,0.00000,0.00000,0.00000,0.00000
7.1667,1,1,0.00,0.00,33.33,-0.10005,0.02834,0.45403,0.45320,0.45320,1.3000,0,0,0.26142,0.09336,0.06497,0.26057,0.09366,0.06471,0.85,0.01,0.45320,-0.40373,0.33926,-0.37869,1.61103,-0.00000,1.00000,-0.40374,0.33868,-0.37905,1.61102,0.00000,1.00000,12,0.26408,0.09315,0.01494,0.25990,0.09410,1,0.98376,0.00000,0.00000,0.17947,virtual,0,197.86,274.59,197.86,274.59,197.86,274.59,197.86,274.59,197.86,274.59,197.86,274.59,197.86,274.59,197.86,274.59,197.86,274.59,197.86,274.59,197.86,274.59,197.86,274.59,197.86,274.59,197.86,274.59,197.86,274.59,197.86,274.59,197.86,274.59,197.86,274.59,197.86,274.59,197.86,274.59,197.86,274.59,0.00000,0.00000,0.00000,0.00000,0.00000,0.00000,0.00000,0.00000,0.00000,0.00000,0.00000,0.00000,0.00000,0.00000,0.00000,0.00000,0.00000,0.00000,0.00000,0.00000,0.00000,0.00000,0.00000,0.00000,0.00000,0.00000,0.00000,0.00000,0.00000,0.00000,0.00000,0.00000,0.00000,0.00000,0.00000,0.00000,0.00000,0.00000,0.00000,0.00000,0.00000,0.00000,0.00000,0.00000,0.00000,0.00000,0.00000,0.00000,0.00000,0.00000,0.00000,0.00000,0.00000,0.00000,0.00000,0.00000,0.00000,0.00000,0.00000,0.00000,0.00000,0.00000,0.00000,0.00000,0.00000,0.00000,0.00000,0.00000,0.00000,0.00000,0.00000,0.00000,0.00000,0.00000,0.00000,0.00000,0.00000,0.00000,0.00000,0.00000,0.00000,0.00000,0.00000,0.00000
7.2000,1,1,0.00,0.00,33.33,-0.10013,0.02836,0.45437,0.45471,0.45471,1.3000,0,0,0.26125,0.09344,0.06495,0.26057,0.09366,0.06471,0.66,0.01,0.45471,-0.40373,0.33926,-0.37869,1.61103,-0.00000,1.00000,-0.40374,0.33868,-0.37905,1.61102,0.00000,1.00000,12,0.26408,0.09315,0.01494,0.25990,0.09410,1,0.98376,0.00000,0.00000,0.17947,virtual,0,197.86,274.59,197.86,274.59,197.86,274.59,197.86,274.59,197.86,274.59,197.86,274.59,197.86,274.59,197.86,274.59,197.86,274.59,197.86,274.59,197.86,274.59,197.86,274.59,197.86,274.59,197.86,274.59,197.86,274.59,197.86,274.59,197.86,274.59,197.86,274.59,197.86,274.59,197.86,274.59,197.86,274.59,0.00000,0.00000,0.00000,0.00000,0.00000,0.00000,0.00000,0.00000,0.00000,0.00000,0.00000,0.00000,0.00000,0.00000,0.00000,0.00000,0.00000,0.00000,0.00000,0.00000,0.00000,0.00000,0.00000,0.00000,0.00000,0.00000,0.00000,0.00000,0.00000,0.00000,0.00000,0.00000,0.00000,0.00000,0.00000,0.00000,0.00000,0.00000,0.00000,0.00000,0.00000,0.00000,0.00000,0.00000,0.00000,0.00000,0.00000,0.00000,0.00000,0.00000,0.00000,0.00000,0.00000,0.00000,0.00000,0.00000,0.00000,0.00000,0.00000,0.00000,0.00000,0.00000,0.00000,0.00000,0.00000,0.00000,0.00000,0.00000,0.00000,0.00000,0.00000,0.00000,0.00000,0.00000,0.00000,0.00000,0.00000,0.00000,0.00000,0.00000,0.00000,0.00000,0.00000,0.00000
7.2333,1,1,0.00,0.00,33.33,-0.10001,0.02832,0.45383,0.45328,0.45328,1.3000,0,0,0.26152,0.09332,0.06499,0.26057,0.09366,0.06471,0.96,0.01,0.45328,-0.40374,0.33926,-0.37869,1.61103,-0.00000,1.00000,-0.40374,0.33868,-0.37905,1.61102,0.00000,1.00000,12,0.26408,0.09315,0.01494,0.25990,0.09410,1,0.98376,0.00000,0.00000,0.17947,virtual,0,197.86,274.59,197.86,274.59,197.86,274.59,197.86,274.59,197.86,274.59,197.86,274.59,197.86,274.59,197.86,274.59,197.86,274.59,197.86,274.59,197.86,274.59,197.86,274.59,197.86,274.59,197.86,274.59,197.86,274.59,197.86,274.59,197.86,274.59,197.86,274.59,197.86,274.59,197.86,274.59,197.86,274.59,0.00000,0.00000,0.00000,0.00000,0.00000,0.00000,0.00000,0.00000,0.00000,0.00000,0.00000,0.00000,0.00000,0.00000,0.00000,0.00000,0.00000,0.00000,0.00000,0.00000,0.00000,0.00000,0.00000,0.00000,0.00000,0.00000,0.00000,0.00000,0.00000,0.00000,0.00000,0.00000,0.00000,0.00000,0.00000,0.00000,0.00000,0.00000,0.00000,0.00000,0.00000,0.00000,0.00000,0.00000,0.00000,0.00000,0.00000,0.00000,0.00000,0.00000,0.00000,0.00000,0.00000,0.00000,0.00000,0.00000,0.00000,0.00000,0.00000,0.00000,0.00000,0.00000,0.00000,0.00000,0.00000,0.00000,0.00000,0.00000,0.00000,0.00000,0.00000,0.00000,0.00000,0.00000,0.00000,0.00000,0.00000,0.00000,0.00000,0.00000,0.00000,0.00000,0.00000,0.00000
