t_s,engaged,hand_found,detect_ms,ik_ms,loop_ms,hand_x,hand_y,hand_z,depth_len_m,depth_width_m,pinch,gated,gripper_closed,target_x,target_y,target_z,tip_x,tip_y,tip_z,ik_pos_err_mm,ik_dir_err_deg,depth_used_m,q0,q1,q2,q3,q4,q5,ctrl0,ctrl1,ctrl2,ctrl3,ctrl4,ctrl5,layout,cube_x,cube_y,cube_z,goal_x,goal_y,placed_success,cube_qw,cube_qx,cube_qy,cube_qz,handedness,grasp_locked,px0_u,px0_v,px1_u,px1_v,px2_u,px2_v,px3_u,px3_v,px4_u,px4_v,px5_u,px5_v,px6_u,px6_v,px7_u,px7_v,px8_u,px8_v,px9_u,px9_v,px10_u,px10_v,px11_u,px11_v,px12_u,px12_v,px13_u,px13_v,px14_u,px14_v,px15_u,px15_v,px16_u,px16_v,px17_u,px17_v,px18_u,px18_v,px19_u,px19_v,px20_u,px20_v,relz0,relz1,relz2,relz3,relz4,relz5,relz6,relz7,relz8,relz9,relz10,relz11,relz12,relz13,relz14,relz15,relz16,relz17,relz18,relz19,relz20,w0_x,w0_y,w0_z,w1_x,w1_y,w1_z,w2_x,w2_y,w2_z,w3_x,w3_y,w3_z,w4_x,w4_y,w4_z,w5_x,w5_y,w5_z,w6_x,w6_y,w6_z,w7_x,w7_y,w7_z,w8_x,w8_y,w8_z,w9_x,w9_y,w9_z,w10_x,w10_y,w10_z,w11_x,w11_y,w11_z,w12_x,w12_y,w12_z,w13_x,w13_y,w13_z,w14_x,w14_y,w14_z,w15_x,w15_y,w15_z,w16_x,w16_y,w16_z,w17_x,w17_y,w17_z,w18_x,w18_y,w18_z,w19_x,w19_y,w19_z,w20_x,w20_y,w20_z
1140.4108,0,1,14.75,0.00,19.39,-0.04279,0.13584,0.40569,0.76338,0.57789,0.2479,1,0,0.21961,-0.00098,0.06018,0.21954,-0.00098,0.06008,,,0.57789,0.00000,-0.20967,0.34633,1.43401,0.00000,1.00000,0.00000,-0.21000,0.34600,1.43400,0.00000,1.00000,42,0.19760,-0.08830,0.01492,0.19060,0.09130,0,0.97801,-0.00000,0.00000,-0.20858,Left,0,395.18,394.30,375.36,378.64,359.78,358.24,350.07,344.96,344.32,331.81,380.55,319.73,372.76,296.84,357.47,309.07,347.85,324.26,400.18,324.08,399.79,293.47,381.12,311.95,370.77,330.32,417.89,335.67,419.14,310.63,399.33,329.78,388.42,345.89,434.79,352.14,433.03,336.33,416.95,348.96,407.40,360.70,-0.00000,-0.01886,-0.03568,-0.05297,-0.06884,-0.02115,-0.05470,-0.07716,-0.08768,-0.02746,-0.06085,-0.07286,-0.07306,-0.03762,-0.06912,-0.06917,-0.06087,-0.04907,-0.07025,-0.06669,-0.05842,-0.00707,0.07873,0.05144,-0.03211,0.05333,0.03335,-0.04567,0.03356,0.01765,-0.05976,0.01715,-0.00833,-0.06455,-0.00079,-0.02556,-0.02656,-0.00882,0.00885,-0.03524,-0.02680,-0.00955,-0.04845,-0.02251,-0.02106,-0.06304,-0.00384,-0.04153,-0.00278,-0.00546,0.00356,-0.00639,-0.03498,-0.01848,-0.02880,-0.02237,-0.03799,-0.04111,-0.00418,-0.04044,0.01820,0.00363,-0.00555,0.01140,-0.01396,-0.02867,-0.00907,-0.00142,-0.04070,-0.02130,0.01536,-0.03833,0.02726,0.02355,-0.01108,0.02795,0.01101,-0.02918,0.00900,0.01619,-0.04043,-0.00199,0.03183,-0.03636
1140.4360,0,1,16.00,0.00,21.27,-0.04279,0.13584,0.40569,0.76509,0.58150,0.2360,1,0,0.21961,-0.00098,0.06018,0.21953,-0.00098,0.06008,,,0.58150,0.00000,-0.20966,0.34634,1.43401,0.00000,1.00000,0.00000,-0.21000,0.34600,1.43400,0.00000,1.00000,42,0.19760,-0.08830,0.01493,0.19060,0.09130,0,0.97801,-0.00000,0.00000,-0.20858,Left,0,394.70,396.09,374.81,380.54,358.75,360.93,348.97,347.53,344.73,333.73,379.26,321.87,370.74,299.85,356.10,312.91,346.84,328.62,398.68,325.96,397.55,294.90,380.24,313.18,370.36,331.75,416.54,337.19,417.82,311.59,398.76,331.29,387.81,348.06,433.35,353.43,432.27,336.57,416.53,348.91,406.51,361.14,-0.00000,-0.02014,-0.03750,-0.05517,-0.07131,-0.02221,-0.05585,-0.07832,-0.08883,-0.02766,-0.06106,-0.07327,-0.07378,-0.03700,-0.06892,-0.06904,-0.06066,-0.04773,-0.06937,-0.06599,-0.05778,-0.00566,0.07906,0.05133,-0.03166,0.05424,0.03139,-0.04473,0.03523,0.01624,-0.06022,0.01813,-0.00899,-0.06353,-0.00086,-0.02608,-0.02696,-0.00817,0.00868,-0.03573,-0.02498,-0.01115,-0.04892,-0.02053,-0.02280,-0.06244,-0.00096,-0.04155,-0.00328,-0.00552,0.00394,-0.00668,-0.03495,-0.01840,-0.02767,-0.02262,-0.03977,-0.03997,-0.00482,-0.04426,0.01810,0.00305,-0.00537,0.01106,-0.01457,-0.02876,-0.00796,-0.00186,-0.04240,-0.01970,0.01630,-0.03978,0.02788,0.02245,-0.01063,0.02897,0.00956,-0.02866,0.01080,0.01477,-0.04060,-0.00040,0.03117,-0.03751
1140.4598,0,1,15.17,0.00,19.73,-0.04279,0.13584,0.40569,0.77300,0.57918,0.2649,1,0,0.21961,-0.00098,0.06018,0.21953,-0.00098,0.06007,,,0.57918,0.00000,-0.20965,0.34635,1.43401,0.00000,1.00000,0.00000,-0.21000,0.34600,1.43400,0.00000,1.00000,42,0.19760,-0.08830,0.01494,0.19060,0.09130,0,0.97801,-0.00000,0.00000,-0.20858,Left,0,394.27,395.46,374.18,379.28,358.48,359.23,348.89,346.18,344.14,332.97,378.50,321.47,370.83,299.10,356.16,311.45,346.78,326.92,397.74,325.45,397.07,294.46,379.50,312.23,369.55,330.70,415.52,336.44,417.67,310.73,398.96,329.97,388.16,346.69,432.75,352.33,432.07,335.91,416.63,348.37,406.88,360.57,-0.00000,-0.01899,-0.03584,-0.05324,-0.06927,-0.02092,-0.05460,-0.07752,-0.08830,-0.02702,-0.06042,-0.07307,-0.07385,-0.03694,-0.06828,-0.06864,-0.06057,-0.04823,-0.06928,-0.06590,-0.05780,-0.00537,0.07970,0.05137,-0.03091,0.05390,0.03260,-0.04437,0.03469,0.01715,-0.05905,0.01720,-0.00905,-0.06336,-0.00129,-0.02562,-0.02660,-0.00829,0.00846,-0.03521,-0.02585,-0.01034,-0.04810,-0.02116,-0.02289,-0.06212,-0.00182,-0.04285,-0.00297,-0.00555,0.00359,-0.00628,-0.03555,-0.01754,-0.02784,-0.02303,-0.03911,-0.04002,-0.00482,-0.04343,0.01823,0.00334,-0.00520,0.01213,-0.01482,-0.02815,-0.00737,-0.00189,-0.04132,-0.01882,0.01583,-0.04055,0.02730,0.02285,-0.01099,0.02946,0.00981,-0.02879,0.01124,0.01541,-0.04092,-0.00017,0.03196,-0.03873
1140.4837,0,1,14.82,0.00,20.64,-0.04279,0.13584,0.40569,0.77569,0.58309,0.2194,1,0,0.21961,-0.00098,0.06018,0.21953,-0.00098,0.06007,,,0.58309,0.00000,-0.20964,0.34636,1.43401,-0.00000,1.00000,0.00000,-0.21000,0.34600,1.43400,0.00000,1.00000,42,0.19760,-0.08830,0.01494,0.19060,0.09130,0,0.97801,-0.00000,0.00000,-0.20858,Left,0,393.63,393.61,374.35,377.67,358.75,357.96,349.27,344.77,345.21,331.93,378.77,319.88,370.89,296.60,356.13,308.21,346.90,323.87,397.68,323.56,397.76,291.99,380.00,309.15,370.20,327.96,415.29,334.26,417.36,307.95,398.52,326.63,388.55,343.53,432.45,349.90,431.31,332.77,416.55,344.48,408.45,356.55,-0.00000,-0.01918,-0.03619,-0.05380,-0.07010,-0.02004,-0.05380,-0.07716,-0.08806,-0.02585,-0.05942,-0.07251,-0.07321,-0.03554,-0.06595,-0.06619,-0.05790,-0.04672,-0.06640,-0.06251,-0.05403,-0.00531,0.08048,0.05069,-0.03148,0.05412,0.03284,-0.04519,0.03471,0.01688,-0.05896,0.01761,-0.01060,-0.06301,-0.00025,-0.02817,-0.02625,-0.00769,0.00842,-0.03553,-0.02590,-0.00986,-0.04788,-0.02127,-0.02307,-0.06145,-0.00165,-0.04222,-0.00295,-0.00563,0.00354,-0.00519,-0.03594,-0.01713,-0.02748,-0.02314,-0.03870,-0.04014,-0.00510,-0.04346,0.01900,0.00332,-0.00547,0.01202,-0.01574,-0.02778,-0.00789,-0.00311,-0.04194,-0.01932,0.01400,-0.04225,0.02759,0.02261,-0.01085,0.02919,0.00831,-0.02861,0.01188,0.01389,-0.04086,0.00085,0.02899,-0.04005
1140.5157,0,1,14.82,0.00,28.71,-0.04279,0.13584,0.40569,0.76122,0.57882,0.2505,1,0,0.21961,-0.00098,0.06018,0.21953,-0.00098,0.06007,,,0.57882,0.00000,-0.20964,0.34636,1.43401,-0.00000,1.00000,0.00000,-0.21000,0.34600,1.43400,0.00000,1.00000,42,0.19760,-0.08830,0.01494,0.19060,0.09130,0,0.97801,-0.00000,0.00000,-0.20858,Left,0,393.17,389.95,374.65,374.73,358.98,355.20,349.31,341.41,345.11,326.93,378.17,315.94,370.78,293.14,356.35,304.86,347.39,320.55,397.50,318.92,397.51,288.00,379.97,306.01,370.23,324.96,415.13,329.43,417.48,303.37,398.75,322.82,388.52,340.13,431.88,345.30,431.28,328.94,416.06,340.75,406.90,352.92,-0.00000,-0.02051,-0.03776,-0.05546,-0.07159,-0.01925,-0.05298,-0.07643,-0.08736,-0.02411,-0.05733,-0.07008,-0.07048,-0.03313,-0.06356,-0.06350,-0.05491,-0.04379,-0.06393,-0.06041,-0.05201,-0.00433,0.08043,0.05002,-0.03035,0.05450,0.03165,-0.04400,0.03587,0.01612,-0.05858,0.01837,-0.01126,-0.06278,-0.00084,-0.02880,-0.02627,-0.00708,0.00849,-0.03523,-0.02457,-0.01024,-0.04780,-0.02020,-0.02502,-0.06140,0.00014,-0.04472,-0.00300,-0.00554,0.00354,-0.00519,-0.03534,-0.01738,-0.02777,-0.02208,-0.04045,-0.04022,-0.00429,-0.04535,0.01896,0.00282,-0.00525,0.01161,-0.01607,-0.02819,-0.00742,-0.00246,-0.04241,-0.01954,0.01470,-0.04413,0.02727,0.02182,-0.01112,0.02891,0.00856,-0.02893,0.01151,0.01471,-0.04158,-0.00066,0.02970,-0.04073
1140.5468,0,1,14.61,0.00,27.51,-0.04279,0.13584,0.40569,0.76222,0.58895,0.2518,1,0,0.21961,-0.00098,0.06018,0.21953,-0.00098,0.06007,,,0.58895,0.00000,-0.20964,0.34636,1.43401,0.00000,1.00000,0.00000,-0.21000,0.34600,1.43400,0.00000,1.00000,42,0.19760,-0.08830,0.01494,0.19060,0.09130,0,0.97801,-0.00000,0.00000,-0.20858,Left,0,392.84,385.94,373.95,370.60,358.58,350.70,349.82,336.85,346.37,321.92,377.49,312.08,370.51,287.96,355.69,299.37,346.75,315.07,396.50,314.94,397.15,283.56,379.99,301.05,370.82,319.84,414.13,324.79,417.02,298.53,398.90,317.42,389.15,334.42,431.57,339.63,431.14,322.86,417.14,333.45,409.38,344.53,-0.00000,-0.01948,-0.03619,-0.05366,-0.06954,-0.01844,-0.05206,-0.07508,-0.08548,-0.02355,-0.05672,-0.06939,-0.06955,-0.03275,-0.06201,-0.06175,-0.05313,-0.04363,-0.06197,-0.05807,-0.04959,-0.00406,0.08056,0.05005,-0.03034,0.05590,0.03196,-0.04393,0.03649,0.01579,-0.05708,0.01890,-0.01128,-0.06163,-0.00052,-0.03025,-0.02672,-0.00693,0.00789,-0.03532,-0.02534,-0.01000,-0.04775,-0.02098,-0.02530,-0.06200,-0.00136,-0.04647,-0.00315,-0.00555,0.00374,-0.00497,-0.03588,-0.01816,-0.02754,-0.02213,-0.04185,-0.03912,-0.00423,-0.04737,0.01889,0.00235,-0.00504,0.01253,-0.01611,-0.02823,-0.00708,-0.00222,-0.04378,-0.01825,0.01452,-0.04620,0.02808,0.02155,-0.01071,0.02971,0.00749,-0.02819,0.01324,0.01220,-0.04188,0.00182,0.02648,-0.04277
1140.5956,0,1,15.30,0.00,45.13,-0.04279,0.13584,0.40569,0.75651,0.60092,0.2608,1,0,0.21961,-0.00098,0.06018,0.21953,-0.00098,0.06007,,,0.60092,0.00000,-0.20964,0.34636,1.43401,0.00000,1.00000,0.00000,-0.21000,0.34600,1.43400,0.00000,1.00000,42,0.19760,-0.08830,0.01494,0.19060,0.09130,0,0.97801,-0.00000,0.00000,-0.20858,Left,0,392.29,380.94,373.28,365.41,357.45,345.55,348.37,331.17,345.87,316.10,376.70,307.35,370.10,282.95,355.71,294.05,347.53,309.57,395.48,309.96,396.22,278.01,379.48,295.63,371.34,314.29,412.99,319.86,416.28,293.35,398.05,311.90,388.47,328.68,430.04,334.96,430.77,317.91,416.48,328.05,408.33,338.87,-0.00000,-0.01891,-0.03518,-0.05237,-0.06790,-0.01738,-0.05075,-0.07317,-0.08307,-0.02265,-0.05534,-0.06749,-0.06721,-0.03203,-0.06109,-0.06079,-0.05212,-0.04304,-0.06128,-0.05764,-0.04935,-0.00369,0.08095,0.04795,-0.03072,0.05635,0.03143,-0.04433,0.03686,0.01573,-0.05774,0.01798,-0.01068,-0.06118,-0.00094,-0.02903,-0.02657,-0.00697,0.00839,-0.03477,-0.02595,-0.00876,-0.04699,-0.02185,-0.02454,-0.06022,-0.00187,-0.04596,-0.00307,-0.00539,0.00382,-0.00487,-0.03621,-0.01813,-0.02672,-0.02262,-0.04125,-0.03775,-0.00452,-0.04632,0.01868,0.00243,-0.00521,0.01338,-0.01661,-0.02816,-0.00690,-0.00346,-0.04391,-0.01849,0.01378,-0.04584,0.02827,0.02201,-0.01142,0.03056,0.00717,-0.02813,0.01391,0.01153,-0.04222,0.00197,0.02571,-0.04225
1140.6264,0,1,14.11,0.00,27.13,-0.04279,0.13584,0.40569,0.75486,0.59723,0.2550,1,0,0.21961,-0.00098,0.06018,0.21953,-0.00098,0.06007,,,0.59723,-0.00000,-0.20964,0.34636,1.43401,0.00000,1.00000,0.00000,-0.21000,0.34600,1.43400,0.00000,1.00000,42,0.19760,-0.08830,0.01494,0.19060,0.09130,0,0.97801,-0.00000,0.00000,-0.20858,Left,0,392.12,376.90,372.54,361.41,356.57,340.99,347.98,326.15,345.91,310.75,375.71,302.51,370.34,277.36,355.88,287.76,347.33,303.06,394.58,304.88,395.95,272.57,378.91,289.51,370.41,308.23,412.18,314.66,416.04,287.54,397.78,305.57,388.21,322.51,429.35,329.79,429.85,312.72,415.56,322.80,407.60,333.91,-0.00000,-0.01827,-0.03363,-0.04991,-0.06449,-0.01596,-0.04804,-0.06965,-0.07924,-0.02137,-0.05333,-0.06557,-0.06544,-0.03080,-0.05942,-0.05989,-0.05184,-0.04176,-0.06028,-0.05735,-0.04954,-0.00277,0.08270,0.04666,-0.03008,0.05777,0.03084,-0.04425,0.03773,0.01511,-0.05701,0.01829,-0.01122,-0.06023,-0.00135,-0.02951,-0.02636,-0.00655,0.00840,-0.03388,-0.02690,-0.00779,-0.04611,-0.02322,-0.02384,-0.05992,-0.00340,-0.04591,-0.00303,-0.00562,0.00389,-0.00440,-0.03690,-0.01726,-0.02673,-0.02377,-0.04106,-0.03780,-0.00562,-0.04699,0.01888,0.00243,-0.00539,0.01361,-0.01741,-0.02758,-0.00655,-0.00449,-0.04439,-0.01783,0.01259,-0.04783,0.02825,0.02186,-0.01195,0.03033,0.00705,-0.02867,0.01372,0.01171,-0.04303,0.00183,0.02606,-0.04416
1140.6600,0,1,15.68,0.00,29.86,-0.04279,0.13584,0.40569,0.74236,0.58887,0.2636,1,0,0.21961,-0.00098,0.06018,0.21953,-0.00098,0.06007,,,0.58887,-0.00000,-0.20964,0.34636,1.43401,0.00000,1.00000,0.00000,-0.21000,0.34600,1.43400,0.00000,1.00000,42,0.19760,-0.08830,0.01494,0.19060,0.09130,0,0.97801,-0.00000,0.00000,-0.20858,Left,0,391.77,373.56,372.38,358.13,356.08,337.86,347.20,323.23,344.96,307.56,374.65,299.23,368.77,274.49,354.13,284.05,345.22,298.61,393.48,301.19,394.64,268.08,377.87,285.06,369.70,304.01,411.08,310.67,414.38,282.37,396.79,300.53,388.17,317.60,428.20,325.68,428.56,307.60,414.83,317.81,407.68,329.07,-0.00000,-0.01841,-0.03391,-0.05037,-0.06521,-0.01548,-0.04802,-0.07039,-0.08051,-0.02102,-0.05371,-0.06668,-0.06686,-0.03062,-0.05981,-0.06058,-0.05251,-0.04175,-0.06054,-0.05759,-0.04966,-0.00161,0.08215,0.04576,-0.02943,0.05762,0.03045,-0.04366,0.03813,0.01444,-0.05661,0.01884,-0.01141,-0.06035,-0.00066,-0.03012,-0.02619,-0.00566,0.00805,-0.03465,-0.02605,-0.00732,-0.04643,-0.02267,-0.02338,-0.06079,-0.00455,-0.04638,-0.00312,-0.00535,0.00403,-0.00449,-0.03772,-0.01614,-0.02603,-0.02482,-0.03968,-0.03756,-0.00627,-0.04699,0.01864,0.00182,-0.00519,0.01350,-0.01864,-0.02692,-0.00669,-0.00662,-0.04414,-0.01662,0.01104,-0.04839,0.02809,0.02088,-0.01135,0.03063,0.00531,-0.02803,0.01413,0.00961,-0.04290,0.00333,0.02398,-0.04471
1140.6906,0,1,14.44,0.00,27.21,-0.04279,0.13584,0.40569,0.73948,0.59944,0.2765,1,0,0.21961,-0.00098,0.06018,0.21953,-0.00098,0.06007,,,0.59944,-0.00000,-0.20964,0.34636,1.43401,0.00000,1.00000,0.00000,-0.21000,0.34600,1.43400,0.00000,1.00000,42,0.19760,-0.08830,0.01494,0.19060,0.09130,0,0.97801,-0.00000,0.00000,-0.20858,Left,0,391.95,370.83,371.72,354.84,355.08,334.77,346.21,320.32,343.51,304.60,372.97,296.71,366.97,272.53,352.52,281.59,343.91,295.63,391.72,298.09,393.20,264.22,376.96,280.61,369.17,299.73,409.42,306.93,412.68,278.91,394.79,296.92,385.69,314.24,426.69,321.30,426.97,303.73,412.97,314.38,405.31,326.19,-0.00000,-0.01676,-0.03131,-0.04718,-0.06163,-0.01355,-0.04535,-0.06734,-0.07731,-0.01978,-0.05199,-0.06518,-0.06559,-0.02988,-0.05899,-0.06061,-0.05312,-0.04132,-0.05994,-0.05732,-0.04974,0.00029,0.08266,0.04497,-0.02856,0.05851,0.03077,-0.04340,0.03913,0.01453,-0.05667,0.01964,-0.01130,-0.06055,0.00048,-0.03016,-0.02656,-0.00482,0.00887,-0.03499,-0.02489,-0.00683,-0.04673,-0.02165,-0.02341,-0.06125,-0.00336,-0.04740,-0.00297,-0.00521,0.00391,-0.00422,-0.03822,-0.01545,-0.02551,-0.02550,-0.04037,-0.03739,-0.00654,-0.04959,0.01864,0.00141,-0.00575,0.01358,-0.01890,-0.02706,-0.00714,-0.00633,-0.04462,-0.01794,0.01178,-0.04985,0.02820,0.02018,-0.01257,0.03058,0.00468,-0.02883,0.01363,0.00984,-0.04346,0.00182,0.02469,-0.04563
1140.7230,0,1,13.82,0.00,29.21,0.08478,0.08275,0.60516,0.73670,0.60516,0.2781,0,0,0.21961,-0.00098,0.06018,0.21953,-0.00098,0.06007,,,0.60516,-0.00000,-0.20964,0.34636,1.43401,0.00000,1.00000,0.00000,-0.21000,0.34600,1.43400,0.00000,1.00000,42,0.19760,-0.08830,0.01494,0.19060,0.09130,0,0.97801,-0.00000,0.00000,-0.20858,Left,0,392.01,367.95,371.66,352.11,354.65,332.16,345.55,317.27,342.74,300.99,372.05,294.02,365.59,269.18,351.54,278.40,343.78,292.04,390.57,295.16,391.36,260.85,375.15,278.43,367.67,297.46,408.20,303.76,411.99,274.01,394.72,292.63,386.10,310.20,425.41,318.06,426.85,298.66,413.04,309.76,405.09,322.09,-0.00000,-0.01734,-0.03190,-0.04773,-0.06205,-0.01385,-0.04553,-0.06725,-0.07716,-0.01991,-0.05248,-0.06538,-0.06560,-0.02992,-0.05958,-0.06075,-0.05287,-0.04132,-0.06068,-0.05804,-0.05037,0.00162,0.08257,0.04410,-0.02712,0.05957,0.03000,-0.04213,0.03954,0.01487,-0.05585,0.01951,-0.01007,-0.06024,-0.00028,-0.02783,-0.02636,-0.00472,0.00861,-0.03456,-0.02488,-0.00697,-0.04650,-0.02164,-0.02268,-0.05968,-0.00400,-0.04519,-0.00323,-0.00533,0.00391,-0.00549,-0.03822,-0.01578,-0.02628,-0.02462,-0.03900,-0.03734,-0.00624,-0.04582,0.01839,0.00138,-0.00572,0.01395,-0.02035,-0.02655,-0.00614,-0.00763,-0.04403,-0.01635,0.01041,-0.04842,0.02879,0.02012,-0.01197,0.03136,0.00322,-0.02765,0.01493,0.00797,-0.04266,0.00332,0.02321,-0.04412
1140.7541,0,1,13.82,0.00,27.78,0.08516,0.08106,0.60948,0.73074,0.61380,0.2791,0,0,0.21961,-0.00098,0.06018,0.21953,-0.00098,0.06007,,,0.61380,-0.00000,-0.20964,0.34636,1.43401,0.00000,1.00000,0.00000,-0.21000,0.34600,1.43400,0.00000,1.00000,42,0.19760,-0.08830,0.01494,0.19060,0.09130,0,0.97801,-0.00000,0.00000,-0.20858,Left,0,391.55,364.72,370.94,348.63,353.76,327.96,345.07,312.33,343.71,295.84,371.66,289.67,366.14,264.30,352.02,273.55,344.07,287.72,390.06,290.97,390.80,256.99,374.68,274.35,367.50,292.70,407.70,299.47,410.96,270.56,393.80,289.22,385.46,306.33,425.22,313.49,426.83,294.09,413.23,304.64,405.57,316.29,-0.00000,-0.01694,-0.03137,-0.04718,-0.06135,-0.01310,-0.04444,-0.06557,-0.07490,-0.01901,-0.05043,-0.06245,-0.06219,-0.02890,-0.05758,-0.05807,-0.04982,-0.04019,-0.05831,-0.05503,-0.04700,0.00092,0.08410,0.04234,-0.02720,0.06058,0.02838,-0.04267,0.03986,0.01371,-0.05570,0.01939,-0.01067,-0.05920,-0.00071,-0.02818,-0.02642,-0.00476,0.00879,-0.03344,-0.02550,-0.00657,-0.04567,-0.02283,-0.02260,-0.05934,-0.00402,-0.04599,-0.00314,-0.00524,0.00413,-0.00561,-0.03790,-0.01608,-0.02697,-0.02423,-0.03955,-0.03686,-0.00619,-0.04582,0.01864,0.00129,-0.00567,0.01350,-0.02001,-0.02640,-0.00634,-0.00630,-0.04379,-0.01686,0.01128,-0.04830,0.02934,0.02047,-0.01280,0.03192,0.00357,-0.02825,0.01598,0.00789,-0.04362,0.00435,0.02288,-0.04553
1140.7860,0,1,13.84,0.00,28.22,0.08524,0.07809,0.61203,0.73083,0.61458,0.2862,0,0,0.21961,-0.00098,0.06018,0.21953,-0.00098,0.06007,,,0.61458,-0.00000,-0.20964,0.34636,1.43401,0.00000,1.00000,0.00000,-0.21000,0.34600,1.43400,0.00000,1.00000,42,0.19760,-0.08830,0.01494,0.19060,0.09130,0,0.97801,0.00000,0.00000,-0.20858,Left,0,391.01,360.64,370.83,344.37,354.03,323.62,344.94,308.00,343.50,291.18,371.50,285.65,365.77,259.99,351.80,268.89,343.96,283.43,389.88,286.96,391.36,252.34,374.83,269.16,366.99,288.02,407.52,295.65,411.20,266.36,393.83,284.47,385.28,301.68,424.83,309.85,426.18,289.81,412.39,300.23,404.65,312.18,-0.00000,-0.01711,-0.03216,-0.04863,-0.06357,-0.01401,-0.04628,-0.06839,-0.07828,-0.02019,-0.05254,-0.06523,-0.06530,-0.03037,-0.05941,-0.06021,-0.05221,-0.04199,-0.06029,-0.05695,-0.04892,0.00111,0.08464,0.04083,-0.02682,0.06040,0.02765,-0.04248,0.03972,0.01315,-0.05562,0.01891,-0.01092,-0.05931,-0.00158,-0.02822,-0.02615,-0.00488,0.00935,-0.03353,-0.02557,-0.00641,-0.04596,-0.02292,-0.02302,-0.05942,-0.00354,-0.04670,-0.00308,-0.00529,0.00429,-0.00482,-0.03817,-0.01577,-0.02683,-0.02504,-0.04046,-0.03745,-0.00711,-0.04790,0.01884,0.00126,-0.00592,0.01347,-0.02020,-0.02634,-0.00652,-0.00720,-0.04424,-0.01734,0.01025,-0.05008,0.02902,0.02047,-0.01369,0.03102,0.00346,-0.02866,0.01533,0.00750,-0.04392,0.00299,0.02281,-0.04635
1140.8200,0,1,15.43,0.00,29.87,0.08466,0.07394,0.61122,0.73322,0.61041,0.2674,0,0,0.21961,-0.00098,0.06018,0.21953,-0.00098,0.06007,,,0.61041,0.00000,-0.20964,0.34636,1.43401,0.00000,1.00000,0.00000,-0.21000,0.34600,1.43400,0.00000,1.00000,42,0.19760,-0.08830,0.01494,0.19060,0.09130,0,0.97801,0.00000,0.00000,-0.20858,Left,0,391.03,356.40,370.38,340.37,353.63,319.66,345.07,303.47,344.10,286.42,370.53,281.52,365.69,255.54,352.30,264.89,345.17,279.21,389.09,282.63,390.62,247.96,374.74,265.59,367.64,284.21,406.92,291.08,410.88,261.30,394.22,279.67,386.09,296.72,424.19,305.17,425.63,285.71,412.07,296.57,404.53,308.57,-0.00000,-0.01726,-0.03205,-0.04825,-0.06281,-0.01338,-0.04518,-0.06644,-0.07585,-0.01937,-0.05143,-0.06349,-0.06314,-0.02944,-0.05845,-0.05895,-0.05082,-0.04093,-0.05934,-0.05617,-0.04829,0.00154,0.08419,0.04287,-0.02654,0.06056,0.02822,-0.04234,0.03966,0.01318,-0.05444,0.01925,-0.01166,-0.05813,-0.00194,-0.02879,-0.02617,-0.00476,0.00850,-0.03264,-0.02519,-0.00737,-0.04446,-0.02230,-0.02346,-0.05678,-0.00358,-0.04592,-0.00315,-0.00530,0.00413,-0.00482,-0.03811,-0.01631,-0.02600,-0.02415,-0.04039,-0.03545,-0.00637,-0.04596,0.01890,0.00100,-0.00548,0.01431,-0.02058,-0.02578,-0.00498,-0.00752,-0.04384,-0.01528,0.00969,-0.04935,0.02953,0.02022,-0.01257,0.03151,0.00366,-0.02755,0.01595,0.00747,-0.04247,0.00399,0.02333,-0.04484
1140.8506,0,1,14.16,0.00,27.16,0.08450,0.06973,0.61447,0.72504,0.61771,0.2986,0,0,0.21961,-0.00098,0.06018,0.21953,-0.00098,0.06007,,,0.61771,0.00000,-0.20964,0.34636,1.43401,0.00000,1.00000,0.00000,-0.21000,0.34600,1.43400,0.00000,1.00000,42,0.19760,-0.08830,0.01494,0.19060,0.09130,0,0.97801,-0.00000,0.00000,-0.20858,Left,0,390.10,352.33,369.57,336.10,353.19,315.33,345.00,299.24,343.22,282.29,370.11,277.25,365.79,251.20,352.39,259.15,344.88,272.96,388.43,278.19,390.23,243.72,374.56,260.74,367.23,279.40,406.13,286.27,410.14,257.11,393.40,274.88,385.00,291.75,423.55,299.91,424.72,280.85,411.63,291.50,404.57,303.27,-0.00000,-0.01687,-0.03137,-0.04732,-0.06174,-0.01240,-0.04380,-0.06510,-0.07453,-0.01832,-0.05028,-0.06291,-0.06281,-0.02826,-0.05689,-0.05844,-0.05098,-0.03959,-0.05749,-0.05483,-0.04738,-0.00007,0.08557,0.03889,-0.02749,0.06167,0.02568,-0.04265,0.04089,0.01108,-0.05423,0.01978,-0.01316,-0.05853,-0.00075,-0.02957,-0.02634,-0.00442,0.00870,-0.03246,-0.02567,-0.00635,-0.04437,-0.02370,-0.02302,-0.05748,-0.00525,-0.04833,-0.00301,-0.00495,0.00416,-0.00465,-0.03814,-0.01588,-0.02563,-0.02466,-0.04067,-0.03585,-0.00669,-0.04779,0.01858,0.00089,-0.00547,0.01457,-0.02065,-0.02587,-0.00513,-0.00748,-0.04417,-0.01604,0.00962,-0.05086,0.02943,0.01982,-0.01339,0.03161,0.00334,-0.02828,0.01647,0.00742,-0.04369,0.00469,0.02318,-0.04654
1140.8854,0,1,16.66,0.00,30.79,0.08435,0.06610,0.61767,0.71829,0.62088,0.2918,0,0,0.21961,-0.00098,0.06018,0.21953,-0.00098,0.06007,,,0.62088,0.00000,-0.20964,0.34636,1.43401,0.00000,1.00000,0.00000,-0.21000,0.34600,1.43400,0.00000,1.00000,42,0.19760,-0.08830,0.01494,0.19060,0.09130,0,0.97801,-0.00000,0.00000,-0.20858,Left,0,390.10,349.23,369.86,332.59,352.97,312.23,344.25,296.04,342.75,278.58,369.82,274.52,364.49,249.20,350.94,256.56,343.27,270.16,387.84,275.16,389.37,240.10,373.77,256.34,366.44,275.05,405.38,283.14,409.35,253.41,392.47,271.29,384.00,288.74,422.75,296.83,424.93,276.38,411.28,286.35,403.07,298.39,-0.00000,-0.01757,-0.03268,-0.04930,-0.06434,-0.01270,-0.04487,-0.06701,-0.07691,-0.01840,-0.05069,-0.06339,-0.06340,-0.02827,-0.05748,-0.05870,-0.05077,-0.03965,-0.05771,-0.05483,-0.04716,0.00139,0.08504,0.03739,-0.02682,0.06157,0.02477,-0.04253,0.04073,0.01052,-0.05498,0.01976,-0.01287,-0.05884,-0.00144,-0.02900,-0.02637,-0.00420,0.00874,-0.03321,-0.02459,-0.00629,-0.04517,-0.02291,-0.02295,-0.05868,-0.00446,-0.04754,-0.00307,-0.00499,0.00428,-0.00505,-0.03845,-0.01505,-0.02599,-0.02604,-0.03982,-0.03610,-0.00820,-0.04766,0.01860,0.00063,-0.00578,0.01402,-0.02126,-0.02563,-0.00584,-0.00802,-0.04345,-0.01684,0.00940,-0.04963,0.02914,0.01954,-0.01352,0.03226,0.00217,-0.02833,0.01652,0.00536,-0.04442,0.00331,0.02079,-0.04713
1140.9143,0,1,13.35,0.00,25.27,0.08360,0.06242,0.62071,0.72221,0.62375,0.2641,0,0,0.21961,-0.00098,0.06018,0.21953,-0.00098,0.06007,,,0.62375,0.00000,-0.20964,0.34636,1.43401,0.00000,1.00000,0.00000,-0.21000,0.34600,1.43400,0.00000,1.00000,42,0.19760,-0.08830,0.01494,0.19060,0.09130,0,0.97801,-0.00000,0.00000,-0.20858,Left,0,388.65,345.73,368.22,329.62,351.85,308.60,343.91,292.43,342.45,275.45,368.28,270.85,363.62,244.93,350.08,252.47,342.89,266.31,386.18,271.55,388.71,235.91,373.14,252.54,366.50,271.46,403.72,279.58,407.61,249.22,391.38,267.85,384.35,285.60,421.26,293.24,422.50,272.36,409.33,283.39,402.62,296.08,-0.00000,-0.01679,-0.03123,-0.04724,-0.06176,-0.01236,-0.04405,-0.06538,-0.07461,-0.01848,-0.05065,-0.06267,-0.06188,-0.02865,-0.05786,-0.05846,-0.04990,-0.04021,-0.05836,-0.05485,-0.04653,0.00114,0.08549,0.03815,-0.02739,0.06203,0.02484,-0.04257,0.04084,0.00982,-0.05407,0.02012,-0.01385,-0.05746,-0.00055,-0.03084,-0.02686,-0.00403,0.00814,-0.03330,-0.02491,-0.00719,-0.04485,-0.02293,-0.02357,-0.05782,-0.00430,-0.04751,-0.00309,-0.00499,0.00428,-0.00418,-0.03884,-0.01528,-0.02493,-0.02602,-0.04005,-0.03477,-0.00777,-0.04715,0.01881,0.00061,-0.00522,0.01437,-0.02150,-0.02550,-0.00510,-0.00767,-0.04323,-0.01428,0.01030,-0.04816,0.02970,0.01932,-0.01296,0.03224,0.00173,-0.02788,0.01640,0.00620,-0.04352,0.00501,0.02276,-0.04473
1140.9494,0,1,16.15,0.00,31.68,0.08231,0.05790,0.61805,0.71449,0.61538,0.2860,0,0,0.21961,-0.00098,0.06018,0.21953,-0.00098,0.06007,,,0.61538,0.00000,-0.20964,0.34636,1.43401,0.00000,1.00000,0.00000,-0.21000,0.34600,1.43400,0.00000,1.00000,42,0.19760,-0.08830,0.01494,0.19060,0.09130,0,0.97801,-0.00000,0.00000,-0.20858,Left,0,388.98,342.72,368.37,326.17,351.24,305.55,342.56,289.35,341.11,272.01,366.81,267.21,361.98,241.89,348.68,248.88,341.08,262.23,385.09,267.45,387.02,232.56,371.54,249.67,364.42,268.64,403.07,275.00,406.07,245.61,389.79,264.18,382.36,281.69,420.90,287.99,421.48,267.87,409.00,278.28,402.93,290.06,-0.00000,-0.01685,-0.03125,-0.04735,-0.06192,-0.01068,-0.04247,-0.06422,-0.07373,-0.01665,-0.04905,-0.06157,-0.06098,-0.02685,-0.05620,-0.05728,-0.04881,-0.03847,-0.05624,-0.05295,-0.04472,0.00291,0.08558,0.03876,-0.02598,0.06268,0.02553,-0.04177,0.04206,0.01033,-0.05432,0.02129,-0.01349,-0.05830,0.00043,-0.03054,-0.02679,-0.00351,0.00836,-0.03373,-0.02417,-0.00723,-0.04519,-0.02238,-0.02389,-0.05865,-0.00456,-0.04825,-0.00318,-0.00502,0.00421,-0.00513,-0.03821,-0.01602,-0.02576,-0.02475,-0.04121,-0.03587,-0.00600,-0.04782,0.01901,0.00021,-0.00546,0.01347,-0.02123,-0.02652,-0.00598,-0.00674,-0.04451,-0.01553,0.01144,-0.04975,0.02986,0.01864,-0.01262,0.03181,0.00154,-0.02820,0.01671,0.00540,-0.04455,0.00584,0.02114,-0.04688
1140.9937,0,1,13.67,0.00,40.69,0.08258,0.05487,0.62737,0.70901,0.63670,0.3073,0,0,0.21961,-0.00098,0.06018,0.21953,-0.00098,0.06007,,,0.63670,0.00000,-0.20964,0.34636,1.43401,0.00000,1.00000,0.00000,-0.21000,0.34600,1.43400,0.00000,1.00000,42,0.19760,-0.08830,0.01494,0.19060,0.09130,0,0.97801,-0.00000,0.00000,-0.20858,Left,0,389.16,339.65,367.56,323.77,350.15,302.49,341.55,285.34,339.89,267.64,366.16,265.84,360.81,239.49,348.39,244.73,341.96,256.32,383.87,265.18,385.31,229.18,370.61,246.10,364.36,264.65,401.72,271.59,404.31,241.19,388.85,260.19,382.40,277.95,419.73,283.37,419.15,262.77,406.47,273.67,400.66,286.18,-0.00000,-0.01583,-0.02913,-0.04436,-0.05823,-0.00941,-0.03999,-0.06040,-0.06916,-0.01567,-0.04755,-0.05929,-0.05806,-0.02602,-0.05509,-0.05572,-0.04688,-0.03773,-0.05526,-0.05186,-0.04357,0.00326,0.08630,0.03362,-0.02582,0.06400,0.02116,-0.04169,0.04284,0.00773,-0.05458,0.02047,-0.01391,-0.05919,-0.00064,-0.02871,-0.02710,-0.00234,0.00839,-0.03406,-0.02442,-0.00558,-0.04477,-0.02398,-0.02257,-0.05679,-0.00770,-0.04716,-0.00328,-0.00448,0.00469,-0.00599,-0.03863,-0.01541,-0.02540,-0.02559,-0.03983,-0.03465,-0.00646,-0.04612,0.01878,-0.00028,-0.00532,0.01336,-0.02226,-0.02593,-0.00527,-0.00786,-0.04332,-0.01383,0.01074,-0.04776,0.03053,0.01719,-0.01374,0.03161,-0.00025,-0.02876,0.01602,0.00422,-0.04476,0.00550,0.02077,-0.04576
1141.0276,0,1,15.49,0.00,30.19,0.08167,0.05127,0.63257,0.71519,0.63776,0.3059,0,0,0.21961,-0.00098,0.06018,0.21953,-0.00098,0.06007,,,0.63776,0.00000,-0.20964,0.34636,1.43401,0.00000,1.00000,0.00000,-0.21000,0.34600,1.43400,0.00000,1.00000,42,0.19760,-0.08830,0.01494,0.19060,0.09130,0,0.97801,-0.00000,0.00000,-0.20858,Left,0,387.66,336.28,366.07,319.67,349.08,298.91,340.63,282.66,338.39,265.17,363.94,261.45,359.16,234.40,346.81,240.06,339.90,252.59,381.74,261.41,382.90,225.77,368.62,243.11,362.26,261.88,399.68,268.09,402.62,237.26,387.81,256.04,381.19,274.07,417.95,279.95,418.40,258.71,406.40,269.02,400.55,281.35,-0.00000,-0.01534,-0.02904,-0.04480,-0.05919,-0.01063,-0.04180,-0.06254,-0.07138,-0.01722,-0.04931,-0.06092,-0.05982,-0.02786,-0.05667,-0.05702,-0.04826,-0.03987,-0.05716,-0.05369,-0.04550,0.00372,0.08682,0.03568,-0.02526,0.06398,0.02227,-0.04087,0.04364,0.00767,-0.05366,0.02193,-0.01511,-0.05765,0.00140,-0.03157,-0.02757,-0.00266,0.00841,-0.03342,-0.02527,-0.00638,-0.04452,-0.02481,-0.02377,-0.05684,-0.00730,-0.04967,-0.00337,-0.00471,0.00463,-0.00631,-0.03826,-0.01609,-0.02565,-0.02444,-0.04085,-0.03534,-0.00476,-0.04771,0.01878,-0.00001,-0.00516,0.01345,-0.02251,-0.02546,-0.00463,-0.00791,-0.04408,-0.01339,0.01132,-0.04973,0.03097,0.01789,-0.01318,0.03274,-0.00037,-0.02736,0.01778,0.00342,-0.04354,0.00738,0.01983,-0.04583
1141.0585,0,1,14.31,0.00,27.59,0.08059,0.04715,0.63676,0.70799,0.64096,0.2683,0,0,0.21961,-0.00098,0.06018,0.21953,-0.00098,0.06007,,,0.64096,0.00000,-0.20964,0.34636,1.43401,0.00000,1.00000,0.00000,-0.21000,0.34600,1.43400,0.00000,1.00000,42,0.19760,-0.08830,0.01494,0.19060,0.09130,0,0.97801,-0.00000,0.00000,-0.20858,Left,0,386.00,332.41,364.82,316.24,347.66,295.16,338.73,278.24,336.43,260.54,362.74,257.50,356.90,231.56,344.21,236.96,337.52,248.82,380.44,257.02,381.15,221.77,366.29,239.87,360.07,258.99,398.29,263.59,400.48,233.16,384.80,252.34,378.25,270.43,416.29,275.52,415.15,255.26,402.18,266.27,396.10,279.08,-0.00000,-0.01641,-0.03028,-0.04597,-0.06027,-0.01018,-0.04113,-0.06186,-0.07088,-0.01630,-0.04871,-0.06051,-0.05934,-0.02660,-0.05611,-0.05694,-0.04834,-0.03831,-0.05639,-0.05346,-0.04554,0.00411,0.08755,0.03254,-0.02483,0.06493,0.02108,-0.04053,0.04359,0.00718,-0.05390,0.02168,-0.01513,-0.05839,0.00068,-0.03157,-0.02676,-0.00250,0.00953,-0.03433,-0.02395,-0.00506,-0.04561,-0.02370,-0.02200,-0.05805,-0.00705,-0.04731,-0.00307,-0.00460,0.00461,-0.00692,-0.03754,-0.01478,-0.02657,-0.02355,-0.03910,-0.03591,-0.00435,-0.04484,0.01858,-0.00026,-0.00569,0.01256,-0.02215,-0.02596,-0.00618,-0.00735,-0.04332,-0.01500,0.01123,-0.04797,0.03032,0.01763,-0.01507,0.03055,0.00021,-0.02924,0.01457,0.00514,-0.04520,0.00403,0.02228,-0.04643
1141.0923,0,1,15.51,0.00,30.07,0.07883,0.04219,0.63600,0.69300,0.63525,0.3126,0,0,0.21961,-0.00098,0.06018,0.21953,-0.00098,0.06007,,,0.63525,0.00000,-0.20964,0.34636,1.43401,0.00000,1.00000,0.00000,-0.21000,0.34600,1.43400,0.00000,1.00000,42,0.19760,-0.08830,0.01494,0.19060,0.09130,0,0.97801,-0.00000,0.00000,-0.20858,Left,0,386.51,328.28,364.80,311.82,347.12,291.32,338.12,274.40,336.35,256.90,360.39,253.31,354.05,229.49,343.65,233.87,338.82,243.94,378.19,252.26,378.68,217.98,365.91,236.08,360.41,254.90,396.41,258.40,398.39,229.45,384.35,249.65,378.31,268.01,414.73,270.16,413.62,250.14,402.08,262.35,396.76,275.69,-0.00000,-0.01547,-0.02851,-0.04371,-0.05763,-0.00572,-0.03526,-0.05567,-0.06483,-0.01214,-0.04408,-0.05629,-0.05524,-0.02280,-0.05271,-0.05362,-0.04454,-0.03474,-0.05288,-0.04943,-0.04088,0.00654,0.08564,0.03529,-0.02315,0.06447,0.02204,-0.03884,0.04424,0.00726,-0.05298,0.02242,-0.01518,-0.05732,0.00156,-0.03107,-0.02739,-0.00156,0.00850,-0.03455,-0.02216,-0.00740,-0.04436,-0.02184,-0.02454,-0.05397,-0.00719,-0.04918,-0.00359,-0.00436,0.00462,-0.00716,-0.03717,-0.01677,-0.02465,-0.02302,-0.04094,-0.03383,-0.00293,-0.04676,0.01859,-0.00075,-0.00500,0.01317,-0.02155,-0.02670,-0.00444,-0.00630,-0.04403,-0.01235,0.01364,-0.04753,0.03148,0.01656,-0.01292,0.03234,-0.00055,-0.02866,0.01722,0.00514,-0.04489,0.00782,0.02227,-0.04556
1141.1223,0,1,14.22,0.00,25.97,0.07651,0.03762,0.63221,0.68747,0.62842,0.3222,0,0,0.21961,-0.00098,0.06018,0.21953,-0.00098,0.06007,,,0.62842,0.00000,-0.20964,0.34636,1.43401,0.00000,1.00000,0.00000,-0.21000,0.34600,1.43400,0.00000,1.00000,42,0.19760,-0.08830,0.01494,0.19060,0.09130,0,0.97801,-0.00000,0.00000,-0.20858,Left,0,385.85,325.63,363.49,309.23,345.50,288.70,336.80,270.97,334.90,252.64,358.22,249.79,352.17,225.89,342.44,228.49,337.87,237.61,376.13,248.96,376.37,215.15,364.39,234.00,358.98,252.97,394.36,254.86,396.18,225.81,382.57,246.48,376.36,265.46,412.62,266.48,411.37,245.62,399.11,257.95,392.32,272.31,-0.00000,-0.01621,-0.02936,-0.04463,-0.05842,-0.00558,-0.03511,-0.05532,-0.06431,-0.01164,-0.04429,-0.05623,-0.05475,-0.02213,-0.05297,-0.05379,-0.04431,-0.03399,-0.05322,-0.05033,-0.04191,0.00797,0.08715,0.03094,-0.02190,0.06561,0.01840,-0.03786,0.04458,0.00422,-0.05100,0.02239,-0.01759,-0.05599,0.00128,-0.03310,-0.02695,-0.00174,0.00811,-0.03398,-0.02244,-0.00700,-0.04278,-0.02321,-0.02364,-0.05294,-0.01045,-0.04999,-0.00344,-0.00436,0.00474,-0.00700,-0.03671,-0.01657,-0.02394,-0.02142,-0.04076,-0.03275,-0.00180,-0.04608,0.01808,-0.00108,-0.00466,0.01350,-0.02140,-0.02648,-0.00377,-0.00567,-0.04418,-0.01168,0.01376,-0.04687,0.03128,0.01616,-0.01312,0.03195,-0.00136,-0.02845,0.01660,0.00411,-0.04516,0.00592,0.02231,-0.04563
1141.1552,0,1,14.74,0.00,29.67,0.07501,0.03360,0.63455,0.68594,0.63688,0.3188,0,0,0.21961,-0.00098,0.06018,0.21953,-0.00098,0.06007,,,0.63688,0.00000,-0.20964,0.34636,1.43401,0.00000,1.00000,0.00000,-0.21000,0.34600,1.43400,0.00000,1.00000,42,0.19760,-0.08830,0.01494,0.19060,0.09130,0,0.97801,-0.00000,0.00000,-0.20858,Left,0,385.02,322.29,362.01,305.41,344.11,284.87,335.24,266.96,333.40,248.68,356.64,246.72,350.12,223.47,340.03,224.98,334.79,233.05,374.39,245.87,373.95,213.03,363.04,232.32,358.04,251.55,392.66,251.47,393.38,223.90,380.72,244.70,375.03,263.79,411.17,262.34,408.59,241.43,397.13,254.23,391.15,269.16,-0.00000,-0.01507,-0.02771,-0.04269,-0.05638,-0.00425,-0.03341,-0.05347,-0.06240,-0.01065,-0.04297,-0.05463,-0.05300,-0.02141,-0.05194,-0.05244,-0.04274,-0.03345,-0.05186,-0.04828,-0.03950,0.00809,0.08752,0.02835,-0.02183,0.06575,0.01670,-0.03773,0.04467,0.00333,-0.05106,0.02205,-0.01724,-0.05549,0.00072,-0.03243,-0.02719,-0.00149,0.00857,-0.03455,-0.02221,-0.00627,-0.04391,-0.02422,-0.02237,-0.05453,-0.01195,-0.04887,-0.00361,-0.00427,0.00479,-0.00772,-0.03545,-0.01636,-0.02390,-0.02004,-0.03983,-0.03223,-0.00012,-0.04280,0.01816,-0.00122,-0.00484,0.01274,-0.02062,-0.02651,-0.00358,-0.00408,-0.04299,-0.01144,0.01582,-0.04500,0.03156,0.01589,-0.01368,0.03124,-0.00234,-0.02887,0.01612,0.00386,-0.04524,0.00637,0.02247,-0.04499
1141.1866,0,1,14.34,0.00,27.63,0.07253,0.03015,0.63006,0.68884,0.62558,0.3055,0,0,0.21961,-0.00098,0.06018,0.21953,-0.00098,0.06007,,,0.62558,0.00000,-0.20964,0.34636,1.43401,0.00000,1.00000,0.00000,-0.21000,0.34600,1.43400,0.00000,1.00000,42,0.19760,-0.08830,0.01494,0.19060,0.09130,0,0.97801,-0.00000,0.00000,-0.20858,Left,0,384.36,320.39,360.88,303.79,342.63,283.20,333.97,264.91,332.04,246.47,353.86,244.77,348.66,221.53,338.93,223.03,333.19,231.56,371.81,243.99,370.83,212.53,362.01,233.74,358.49,253.54,390.53,249.28,390.07,223.37,379.29,246.11,374.69,265.68,409.76,259.83,406.43,239.83,395.85,254.52,390.41,270.06,-0.00000,-0.01532,-0.02803,-0.04274,-0.05580,-0.00499,-0.03343,-0.05205,-0.05999,-0.01086,-0.04232,-0.05219,-0.04937,-0.02105,-0.05131,-0.04962,-0.03849,-0.03256,-0.05119,-0.04640,-0.03666,0.00893,0.08822,0.02767,-0.02098,0.06591,0.01411,-0.03670,0.04543,0.00136,-0.05025,0.02190,-0.01877,-0.05371,0.00045,-0.03353,-0.02757,-0.00091,0.00769,-0.03383,-0.02250,-0.00777,-0.04292,-0.02417,-0.02354,-0.05375,-0.01118,-0.04975,-0.00393,-0.00441,0.00496,-0.00817,-0.03416,-0.01761,-0.02265,-0.01703,-0.04019,-0.02941,0.00326,-0.04028,0.01828,-0.00145,-0.00416,0.01234,-0.01925,-0.02734,-0.00241,-0.00072,-0.04172,-0.00854,0.01986,-0.04048,0.03219,0.01526,-0.01322,0.03179,-0.00196,-0.02951,0.01717,0.00630,-0.04512,0.00907,0.02593,-0.04183
1141.2188,0,1,14.44,0.00,28.49,0.06998,0.02744,0.62512,0.69750,0.62018,0.3478,0,0,0.21961,-0.00098,0.06018,0.21953,-0.00098,0.06007,,,0.62018,0.00000,-0.20964,0.34636,1.43401,0.00000,1.00000,0.00000,-0.21000,0.34600,1.43400,0.00000,1.00000,42,0.19760,-0.08830,0.01494,0.19060,0.09130,0,0.97801,-0.00000,0.00000,-0.20858,Left,0,382.18,318.37,358.92,301.71,340.76,280.99,331.74,262.93,328.38,244.43,352.27,242.91,346.83,220.60,337.15,221.24,331.18,229.27,370.24,242.45,368.32,212.10,360.03,233.54,357.07,253.11,388.87,247.98,387.33,223.09,376.93,245.51,372.89,264.54,407.73,258.79,403.79,239.56,392.90,254.61,387.33,270.17,-0.00000,-0.01495,-0.02749,-0.04182,-0.05450,-0.00543,-0.03300,-0.05079,-0.05824,-0.01124,-0.04158,-0.05044,-0.04717,-0.02123,-0.05036,-0.04769,-0.03634,-0.03253,-0.05055,-0.04524,-0.03535,0.00892,0.08840,0.02885,-0.02080,0.06520,0.01497,-0.03678,0.04501,0.00272,-0.05103,0.02167,-0.01716,-0.05613,0.00019,-0.03179,-0.02707,-0.00120,0.00764,-0.03382,-0.02242,-0.00800,-0.04272,-0.02435,-0.02366,-0.05440,-0.01180,-0.05069,-0.00388,-0.00440,0.00483,-0.00852,-0.03329,-0.01848,-0.02368,-0.01513,-0.04090,-0.02882,0.00445,-0.03894,0.01812,-0.00152,-0.00429,0.01128,-0.01796,-0.02751,-0.00355,0.00066,-0.04097,-0.00834,0.02018,-0.03873,0.03160,0.01534,-0.01358,0.03040,-0.00078,-0.02990,0.01545,0.00842,-0.04443,0.00774,0.02814,-0.04032
1141.2515,0,1,14.36,0.00,28.71,0.06822,0.02545,0.62591,0.69702,0.62670,0.3237,0,0,0.21961,-0.00098,0.06018,0.21953,-0.00098,0.06007,,,0.62670,0.00000,-0.20964,0.34636,1.43401,0.00000,1.00000,0.00000,-0.21000,0.34600,1.43400,0.00000,1.00000,42,0.19760,-0.08830,0.01494,0.19060,0.09130,0,0.97801,-0.00000,0.00000,-0.20858,Left,0,381.03,317.33,357.45,301.66,339.32,280.07,330.59,261.15,327.73,242.52,350.75,241.79,345.02,219.37,335.65,219.86,330.50,228.58,368.51,241.35,365.63,211.74,357.90,234.66,355.99,253.72,387.24,246.53,384.89,222.85,375.37,246.84,372.43,265.45,406.36,256.75,401.92,237.70,392.00,253.43,387.64,268.50,-0.00000,-0.01475,-0.02665,-0.04034,-0.05220,-0.00404,-0.03086,-0.04690,-0.05289,-0.00956,-0.03914,-0.04635,-0.04153,-0.01932,-0.04847,-0.04420,-0.03134,-0.03035,-0.04834,-0.04203,-0.03111,0.00893,0.08894,0.02718,-0.02048,0.06619,0.01284,-0.03621,0.04539,0.00114,-0.05042,0.02088,-0.01801,-0.05411,-0.00172,-0.03264,-0.02746,-0.00127,0.00741,-0.03414,-0.02267,-0.00816,-0.04292,-0.02497,-0.02388,-0.05338,-0.01184,-0.05111,-0.00412,-0.00442,0.00501,-0.00953,-0.03256,-0.01943,-0.02358,-0.01352,-0.04067,-0.02744,0.00577,-0.03554,0.01827,-0.00146,-0.00394,0.01103,-0.01724,-0.02823,-0.00238,0.00257,-0.04053,-0.00598,0.02236,-0.03544,0.03204,0.01502,-0.01343,0.03083,-0.00145,-0.03016,0.01695,0.00889,-0.04436,0.01062,0.02831,-0.03873
1141.2822,0,1,13.84,0.00,26.74,0.06584,0.02401,0.62133,0.71501,0.61676,0.2922,0,0,0.21961,-0.00098,0.06018,0.21953,-0.00098,0.06007,,,0.61676,0.00000,-0.20964,0.34636,1.43401,0.00000,1.00000,0.00000,-0.21000,0.34600,1.43400,0.00000,1.00000,42,0.19760,-0.08830,0.01494,0.19060,0.09130,0,0.97801,-0.00000,0.00000,-0.20858,Left,0,378.29,316.12,355.04,300.36,337.42,278.65,328.48,260.18,324.67,241.60,349.30,240.25,343.87,217.51,333.57,219.04,327.31,229.27,367.24,240.87,363.73,212.74,355.97,238.14,354.71,256.94,385.86,246.67,382.90,223.32,373.35,248.49,370.98,266.59,404.47,257.48,400.32,238.54,389.84,254.83,385.35,269.50,-0.00000,-0.01560,-0.02811,-0.04200,-0.05367,-0.00648,-0.03332,-0.04812,-0.05311,-0.01132,-0.04051,-0.04573,-0.03977,-0.02046,-0.04932,-0.04268,-0.02859,-0.03100,-0.04919,-0.04192,-0.03040,0.00810,0.08977,0.02948,-0.02143,0.06511,0.01475,-0.03684,0.04477,0.00304,-0.05107,0.01926,-0.01580,-0.05573,-0.00334,-0.03143,-0.02657,-0.00197,0.00746,-0.03402,-0.02422,-0.00785,-0.04337,-0.02520,-0.02383,-0.05510,-0.01115,-0.04851,-0.00407,-0.00447,0.00500,-0.00927,-0.03086,-0.02137,-0.02404,-0.00941,-0.03947,-0.02723,0.00957,-0.02911,0.01843,-0.00096,-0.00386,0.01041,-0.01583,-0.02910,-0.00375,0.00404,-0.03913,-0.00587,0.02320,-0.03048,0.03141,0.01608,-0.01376,0.03001,-0.00025,-0.03085,0.01580,0.01116,-0.04325,0.00954,0.03023,-0.03611
1141.3157,0,1,14.79,0.00,29.54,0.06470,0.02353,0.62397,0.72400,0.62661,0.3017,0,0,0.21961,-0.00098,0.06018,0.21953,-0.00098,0.06007,,,0.62661,0.00000,-0.20964,0.34636,1.43401,0.00000,1.00000,0.00000,-0.21000,0.34600,1.43400,0.00000,1.00000,42,0.19760,-0.08830,0.01494,0.19060,0.09130,0,0.97801,-0.00000,0.00000,-0.20858,Left,0,377.12,315.63,354.23,300.88,336.27,279.30,326.62,260.86,322.61,241.92,349.12,240.12,343.66,216.67,331.77,219.24,324.12,230.29,366.75,241.17,362.04,214.59,354.09,241.27,353.79,258.40,384.89,247.12,380.81,225.12,371.37,251.07,369.94,267.36,403.19,257.93,397.82,240.48,387.74,257.56,384.51,270.69,-0.00000,-0.01572,-0.02869,-0.04298,-0.05501,-0.00709,-0.03495,-0.04999,-0.05497,-0.01184,-0.04073,-0.04484,-0.03828,-0.02109,-0.04981,-0.04159,-0.02665,-0.03179,-0.04950,-0.04105,-0.02883,0.00815,0.08994,0.02879,-0.02135,0.06540,0.01539,-0.03719,0.04516,0.00444,-0.05256,0.01934,-0.01407,-0.05759,-0.00473,-0.02912,-0.02613,-0.00220,0.00873,-0.03387,-0.02564,-0.00542,-0.04536,-0.02668,-0.02158,-0.05840,-0.01206,-0.04708,-0.00399,-0.00469,0.00547,-0.01034,-0.02991,-0.02209,-0.02527,-0.00725,-0.03778,-0.02692,0.01029,-0.02499,0.01831,-0.00053,-0.00469,0.00872,-0.01427,-0.03052,-0.00516,0.00577,-0.03902,-0.00575,0.02384,-0.02747,0.03065,0.01648,-0.01511,0.02821,0.00168,-0.03326,0.01400,0.01440,-0.04423,0.00951,0.03132,-0.03450
1141.3459,0,1,13.70,0.00,26.40,0.06313,0.02332,0.62088,0.71065,0.61779,0.3711,0,0,0.21961,-0.00098,0.06018,0.21953,-0.00098,0.06007,,,0.61779,0.00000,-0.20964,0.34636,1.43401,0.00000,1.00000,0.00000,-0.21000,0.34600,1.43400,0.00000,1.00000,42,0.19760,-0.08830,0.01494,0.19060,0.09130,0,0.97801,-0.00000,0.00000,-0.20858,Left,0,376.44,315.16,352.84,300.69,334.72,278.33,325.54,259.85,322.97,241.29,348.05,240.84,341.20,218.94,330.45,220.28,324.32,229.03,365.46,241.53,359.81,215.60,352.04,242.29,352.53,259.97,383.83,247.58,378.82,226.18,369.56,252.67,369.05,269.21,402.42,258.57,396.55,241.23,386.11,258.62,383.03,272.13,-0.00000,-0.01424,-0.02520,-0.03756,-0.04783,-0.00397,-0.02994,-0.04439,-0.04958,-0.00915,-0.03756,-0.04219,-0.03596,-0.01862,-0.04767,-0.04008,-0.02527,-0.02933,-0.04766,-0.03966,-0.02760,0.00827,0.08747,0.02793,-0.02058,0.06379,0.01507,-0.03637,0.04294,0.00525,-0.05140,0.01762,-0.01161,-0.05492,-0.00594,-0.02609,-0.02611,-0.00228,0.00878,-0.03404,-0.02318,-0.00688,-0.04490,-0.02494,-0.02282,-0.05646,-0.01269,-0.04871,-0.00403,-0.00452,0.00566,-0.01137,-0.02816,-0.02235,-0.02626,-0.00620,-0.03802,-0.02697,0.01172,-0.02543,0.01773,-0.00058,-0.00474,0.00760,-0.01315,-0.03075,-0.00521,0.00745,-0.03873,-0.00489,0.02592,-0.02678,0.02997,0.01619,-0.01523,0.02766,0.00158,-0.03331,0.01323,0.01457,-0.04411,0.00921,0.03203,-0.03350
1141.3815,0,1,16.18,0.00,31.70,0.06186,0.02342,0.61908,0.72212,0.61728,0.3595,0,0,0.21961,-0.00098,0.06018,0.21953,-0.00098,0.06007,,,0.61728,0.00000,-0.20964,0.34636,1.43401,0.00000,1.00000,0.00000,-0.21000,0.34600,1.43400,0.00000,1.00000,42,0.19760,-0.08830,0.01494,0.19060,0.09130,0,0.97801,-0.00000,0.00000,-0.20858,Left,0,374.45,314.92,351.49,300.76,333.78,278.59,324.47,259.91,321.05,241.15,347.48,240.53,341.15,218.81,329.78,220.41,323.06,230.26,365.04,242.07,359.04,217.65,350.89,246.03,351.76,262.30,383.38,248.42,378.00,228.11,368.44,255.25,368.37,270.38,401.63,259.60,395.30,243.07,384.82,261.28,382.42,274.05,-0.00000,-0.01504,-0.02674,-0.03957,-0.05021,-0.00586,-0.03178,-0.04461,-0.04841,-0.01039,-0.03807,-0.03998,-0.03183,-0.01939,-0.04817,-0.03844,-0.02231,-0.02972,-0.04841,-0.03965,-0.02697,0.00783,0.08766,0.02899,-0.02165,0.06389,0.01684,-0.03701,0.04233,0.00678,-0.05267,0.01681,-0.00910,-0.05691,-0.00802,-0.02420,-0.02616,-0.00288,0.00891,-0.03453,-0.02423,-0.00556,-0.04507,-0.02600,-0.02122,-0.05822,-0.01277,-0.04665,-0.00371,-0.00447,0.00577,-0.01169,-0.02698,-0.02361,-0.02674,-0.00299,-0.03616,-0.02738,0.01372,-0.01989,0.01811,-0.00016,-0.00467,0.00710,-0.01189,-0.03174,-0.00608,0.00859,-0.03818,-0.00503,0.02612,-0.02302,0.02966,0.01701,-0.01507,0.02717,0.00288,-0.03439,0.01272,0.01748,-0.04455,0.00910,0.03402,-0.03257
1141.4271,0,1,14.95,0.00,41.78,0.06053,0.02318,0.61242,0.72553,0.60576,0.3577,0,0,0.21961,-0.00098,0.06018,0.21953,-0.00098,0.06007,,,0.60576,0.00000,-0.20964,0.34636,1.43401,0.00000,1.00000,0.00000,-0.21000,0.34600,1.43400,0.00000,1.00000,42,0.19760,-0.08830,0.01494,0.19060,0.09130,0,0.97801,-0.00000,0.00000,-0.20858,Left,0,374.31,314.38,351.34,300.65,332.88,278.62,324.04,260.03,320.40,241.81,346.50,240.45,341.16,217.96,329.39,221.07,322.13,232.41,364.65,242.19,357.82,219.65,350.04,249.56,352.40,264.33,383.36,248.52,376.81,230.59,367.92,258.86,369.22,272.57,402.05,259.42,394.46,244.52,384.67,263.33,383.74,274.61,-0.00000,-0.01451,-0.02573,-0.03811,-0.04809,-0.00643,-0.03156,-0.04256,-0.04503,-0.01087,-0.03692,-0.03654,-0.02723,-0.01976,-0.04749,-0.03573,-0.01870,-0.02997,-0.04758,-0.03749,-0.02417,0.00938,0.08588,0.03265,-0.02055,0.06291,0.01849,-0.03597,0.04165,0.00842,-0.05246,0.01636,-0.00921,-0.05668,-0.00853,-0.02492,-0.02654,-0.00294,0.00845,-0.03386,-0.02424,-0.00601,-0.04514,-0.02595,-0.02205,-0.05869,-0.01070,-0.04768,-0.00394,-0.00458,0.00570,-0.01275,-0.02472,-0.02536,-0.02666,0.00029,-0.03617,-0.02572,0.01559,-0.01610,0.01838,0.00004,-0.00435,0.00611,-0.00958,-0.03319,-0.00549,0.01198,-0.03760,-0.00302,0.02889,-0.02038,0.03005,0.01714,-0.01415,0.02661,0.00397,-0.03453,0.01252,0.02003,-0.04446,0.01080,0.03526,-0.03075
1141.4594,0,1,15.09,0.00,29.17,0.06036,0.02344,0.61096,0.72971,0.60949,0.3813,0,0,0.21961,-0.00098,0.06018,0.21953,-0.00098,0.06007,,,0.60949,0.00000,-0.20964,0.34636,1.43401,0.00000,1.00000,0.00000,-0.21000,0.34600,1.43400,0.00000,1.00000,42,0.19760,-0.08830,0.01494,0.19060,0.09130,0,0.97801,-0.00000,0.00000,-0.20858,Left,0,374.11,314.47,351.59,300.32,333.10,278.51,323.85,259.76,320.83,241.40,347.73,240.99,342.03,218.23,329.72,221.35,322.29,232.75,365.52,243.08,357.79,220.95,350.68,250.99,353.82,264.48,383.97,249.29,376.75,231.61,368.08,259.80,369.61,272.76,402.31,259.91,394.53,244.63,384.36,263.64,383.10,275.05,-0.00000,-0.01433,-0.02635,-0.03969,-0.05061,-0.00759,-0.03354,-0.04489,-0.04756,-0.01212,-0.03789,-0.03661,-0.02718,-0.02117,-0.04866,-0.03584,-0.01857,-0.03163,-0.04909,-0.03854,-0.02520,0.00827,0.08533,0.03297,-0.02100,0.06203,0.01854,-0.03666,0.04062,0.00876,-0.05365,0.01560,-0.00857,-0.05752,-0.00973,-0.02369,-0.02602,-0.00301,0.00862,-0.03345,-0.02409,-0.00582,-0.04553,-0.02659,-0.02231,-0.05913,-0.01057,-0.04784,-0.00386,-0.00449,0.00565,-0.01354,-0.02352,-0.02572,-0.02656,0.00150,-0.03551,-0.02491,0.01566,-0.01416,0.01808,0.00033,-0.00423,0.00489,-0.00907,-0.03331,-0.00578,0.01224,-0.03668,-0.00365,0.02849,-0.01894,0.02971,0.01728,-0.01414,0.02584,0.00414,-0.03453,0.01130,0.02031,-0.04477,0.00913,0.03538,-0.03085
1141.4916,0,1,15.19,0.00,28.47,0.06058,0.02339,0.60987,0.72856,0.60877,0.3912,0,0,0.21961,-0.00098,0.06018,0.21953,-0.00098,0.06007,,,0.60877,0.00000,-0.20964,0.34636,1.43401,0.00000,1.00000,0.00000,-0.21000,0.34600,1.43400,0.00000,1.00000,42,0.19760,-0.08830,0.01494,0.19060,0.09130,0,0.97801,-0.00000,0.00000,-0.20858,Left,0,374.81,314.31,351.92,300.21,333.45,278.33,324.10,259.62,320.99,241.36,348.31,240.68,342.43,218.10,330.21,220.77,323.04,232.53,366.05,242.64,358.69,219.99,351.05,250.05,353.85,264.86,384.58,248.93,377.26,231.66,368.61,259.81,370.35,273.21,403.06,259.72,394.92,244.85,385.08,263.48,384.44,274.51,-0.00000,-0.01408,-0.02564,-0.03861,-0.04925,-0.00605,-0.03196,-0.04355,-0.04618,-0.01067,-0.03721,-0.03665,-0.02690,-0.01980,-0.04747,-0.03519,-0.01768,-0.03029,-0.04746,-0.03694,-0.02328,0.00807,0.08584,0.03231,-0.02146,0.06259,0.01789,-0.03696,0.04092,0.00846,-0.05427,0.01528,-0.00841,-0.05833,-0.01040,-0.02280,-0.02642,-0.00311,0.00825,-0.03412,-0.02457,-0.00560,-0.04597,-0.02721,-0.02196,-0.05941,-0.01115,-0.04767,-0.00384,-0.00446,0.00563,-0.01368,-0.02468,-0.02560,-0.02719,0.00024,-0.03592,-0.02563,0.01580,-0.01565,0.01838,0.00033,-0.00413,0.00495,-0.00926,-0.03328,-0.00610,0.01234,-0.03694,-0.00359,0.02913,-0.01973,0.02965,0.01735,-0.01388,0.02568,0.00428,-0.03437,0.01140,0.02046,-0.04488,0.01001,0.03509,-0.03154
1141.5229,0,1,14.44,0.00,27.77,0.06121,0.02354,0.60944,0.72991,0.60901,0.3565,0,0,0.21961,-0.00098,0.06018,0.21953,-0.00098,0.06007,,,0.60901,0.00000,-0.20964,0.34636,1.43401,0.00000,1.00000,0.00000,-0.21000,0.34600,1.43400,0.00000,1.00000,42,0.19760,-0.08830,0.01494,0.19060,0.09130,0,0.97801,-0.00000,0.00000,-0.20858,Left,0,374.78,314.27,352.70,299.75,334.60,277.87,325.51,259.99,322.41,242.04,349.77,240.78,343.75,217.96,331.01,221.34,323.15,232.75,367.32,242.90,359.86,219.70,351.84,248.91,354.19,264.24,385.53,249.46,378.14,231.54,369.30,259.54,370.79,273.77,403.99,260.42,395.87,245.39,385.82,263.86,384.85,275.30,-0.00000,-0.01409,-0.02640,-0.04020,-0.05184,-0.00728,-0.03395,-0.04689,-0.05061,-0.01238,-0.03955,-0.04077,-0.03264,-0.02181,-0.04980,-0.03856,-0.02193,-0.03255,-0.04946,-0.03903,-0.02568,0.00613,0.08489,0.03429,-0.02245,0.06095,0.01873,-0.03723,0.03966,0.00912,-0.05421,0.01564,-0.00969,-0.05742,-0.00902,-0.02453,-0.02593,-0.00334,0.00884,-0.03341,-0.02440,-0.00601,-0.04622,-0.02636,-0.02198,-0.06018,-0.01050,-0.04690,-0.00368,-0.00456,0.00543,-0.01373,-0.02482,-0.02457,-0.02799,-0.00051,-0.03631,-0.02655,0.01549,-0.01769,0.01798,0.00063,-0.00440,0.00441,-0.00911,-0.03271,-0.00657,0.01238,-0.03731,-0.00459,0.02968,-0.02131,0.02914,0.01765,-0.01446,0.02512,0.00512,-0.03401,0.01058,0.02047,-0.04375,0.00907,0.03499,-0.03138
1141.5564,0,1,15.95,0.00,29.78,0.06195,0.02336,0.60608,0.73468,0.60272,0.3572,0,0,0.21961,-0.00098,0.06018,0.21953,-0.00098,0.06007,,,0.60272,0.00000,-0.20964,0.34636,1.43401,0.00000,1.00000,0.00000,-0.21000,0.34600,1.43400,0.00000,1.00000,42,0.19760,-0.08830,0.01494,0.19060,0.09130,0,0.97801,-0.00000,0.00000,-0.20858,Left,0,375.87,313.53,353.63,298.90,335.62,276.83,327.32,258.85,324.18,241.12,351.02,240.00,345.28,217.15,333.03,220.55,325.45,232.11,368.80,242.56,362.14,219.65,354.18,248.14,355.95,264.26,387.02,249.61,380.39,231.75,371.24,258.70,371.87,273.21,405.51,260.90,398.02,245.62,387.55,263.47,385.50,275.18,-0.00000,-0.01352,-0.02529,-0.03839,-0.04934,-0.00760,-0.03332,-0.04604,-0.04987,-0.01274,-0.03967,-0.04156,-0.03410,-0.02196,-0.04946,-0.03929,-0.02367,-0.03235,-0.04925,-0.03960,-0.02696,0.00530,0.08437,0.03619,-0.02275,0.05996,0.01987,-0.03775,0.03904,0.01008,-0.05376,0.01482,-0.00940,-0.05678,-0.00956,-0.02463,-0.02616,-0.00409,0.00826,-0.03340,-0.02522,-0.00679,-0.04549,-0.02676,-0.02251,-0.05945,-0.01095,-0.04710,-0.00367,-0.00457,0.00539,-0.01283,-0.02469,-0.02503,-0.02733,-0.00084,-0.03698,-0.02645,0.01577,-0.01768,0.01808,0.00101,-0.00428,0.00513,-0.00909,-0.03200,-0.00647,0.01193,-0.03721,-0.00523,0.02935,-0.02139,0.02896,0.01841,-0.01373,0.02576,0.00579,-0.03326,0.01064,0.01988,-0.04315,0.00777,0.03468,-0.03051
1141.5868,0,1,14.66,0.00,27.05,0.06255,0.02294,0.59564,0.72697,0.58521,0.3847,0,0,0.21961,-0.00098,0.06018,0.21953,-0.00098,0.06007,,,0.58521,0.00000,-0.20964,0.34636,1.43401,0.00000,1.00000,0.00000,-0.21000,0.34600,1.43400,0.00000,1.00000,42,0.19760,-0.08830,0.01494,0.19060,0.09130,0,0.97801,-0.00000,0.00000,-0.20858,Left,0,376.51,313.62,354.96,299.01,337.49,277.20,329.21,259.23,326.46,241.43,353.07,239.87,347.44,216.97,335.72,220.24,328.97,232.13,371.26,242.53,364.38,219.97,356.25,248.98,358.30,264.47,389.80,249.63,382.93,233.05,373.83,260.22,374.88,273.86,408.39,261.02,400.53,246.95,390.10,265.06,388.72,275.95,-0.00000,-0.01439,-0.02719,-0.04126,-0.05314,-0.00952,-0.03616,-0.04880,-0.05239,-0.01469,-0.04214,-0.04323,-0.03507,-0.02407,-0.05198,-0.04085,-0.02460,-0.03478,-0.05161,-0.04137,-0.02837,0.00402,0.08263,0.03809,-0.02353,0.05882,0.02020,-0.03744,0.03775,0.01013,-0.05325,0.01504,-0.01074,-0.05668,-0.00897,-0.02546,-0.02590,-0.00401,0.00779,-0.03322,-0.02468,-0.00749,-0.04533,-0.02712,-0.02317,-0.05789,-0.01100,-0.04940,-0.00347,-0.00455,0.00515,-0.01350,-0.02367,-0.02583,-0.02796,0.00039,-0.03744,-0.02598,0.01639,-0.01828,0.01795,0.00107,-0.00360,0.00441,-0.00728,-0.03233,-0.00624,0.01365,-0.03702,-0.00497,0.02977,-0.02089,0.02878,0.01837,-0.01269,0.02485,0.00715,-0.03258,0.01030,0.02161,-0.04211,0.00816,0.03512,-0.02990
1141.6207,0,1,16.27,0.00,30.36,0.06374,0.02306,0.59022,0.72943,0.58479,0.4043,0,0,0.21961,-0.00098,0.06018,0.21953,-0.00098,0.06007,,,0.58479,0.00000,-0.20964,0.34636,1.43401,0.00000,1.00000,0.00000,-0.21000,0.34600,1.43400,0.00000,1.00000,42,0.19760,-0.08830,0.01494,0.19060,0.09130,0,0.97801,-0.00000,0.00000,-0.20858,Left,0,378.18,314.35,356.80,299.62,339.57,278.22,330.84,260.28,327.45,242.21,354.83,240.08,350.02,217.32,338.62,220.18,331.86,232.66,373.12,243.03,366.93,220.52,357.91,249.75,359.27,264.55,391.73,250.29,385.15,234.77,375.61,262.57,376.42,275.96,409.91,262.07,402.48,248.05,391.80,266.34,390.19,277.09,-0.00000,-0.01532,-0.02859,-0.04307,-0.05516,-0.00958,-0.03643,-0.04844,-0.05123,-0.01414,-0.04145,-0.04145,-0.03225,-0.02315,-0.05161,-0.03969,-0.02250,-0.03356,-0.05085,-0.04017,-0.02655,0.00376,0.08326,0.03799,-0.02375,0.05940,0.02034,-0.03752,0.03831,0.00877,-0.05379,0.01522,-0.01163,-0.05774,-0.00962,-0.02672,-0.02581,-0.00398,0.00749,-0.03252,-0.02582,-0.00781,-0.04465,-0.02880,-0.02465,-0.05654,-0.01169,-0.05191,-0.00378,-0.00459,0.00512,-0.01273,-0.02402,-0.02717,-0.02732,-0.00005,-0.03813,-0.02707,0.01563,-0.01844,0.01816,0.00130,-0.00323,0.00494,-0.00663,-0.03358,-0.00606,0.01465,-0.03710,-0.00516,0.03064,-0.01982,0.02912,0.01851,-0.01235,0.02537,0.00714,-0.03316,0.01080,0.02262,-0.04282,0.00820,0.03586,-0.03009
1141.6511,0,1,14.64,0.00,27.10,0.06519,0.02318,0.58906,0.72909,0.58791,0.3629,0,0,0.21961,-0.00098,0.06018,0.21953,-0.00098,0.06007,,,0.58791,0.00000,-0.20964,0.34636,1.43401,0.00000,1.00000,0.00000,-0.21000,0.34600,1.43400,0.00000,1.00000,42,0.19760,-0.08830,0.01494,0.19060,0.09130,0,0.97801,-0.00000,0.00000,-0.20858,Left,0,377.98,314.44,357.06,299.97,339.96,278.21,331.97,260.43,328.74,242.47,356.47,239.42,351.01,216.44,339.18,221.25,332.20,234.44,374.98,242.74,368.12,221.31,359.19,251.23,361.17,265.06,393.36,250.54,386.52,234.71,376.76,262.15,377.70,274.41,411.28,262.72,403.55,249.19,392.63,267.50,391.07,277.56,-0.00000,-0.01530,-0.02889,-0.04365,-0.05591,-0.01052,-0.03761,-0.04983,-0.05298,-0.01537,-0.04222,-0.04201,-0.03333,-0.02468,-0.05234,-0.03992,-0.02321,-0.03549,-0.05225,-0.04131,-0.02796,0.00255,0.08319,0.03872,-0.02461,0.05865,0.02129,-0.03862,0.03774,0.00978,-0.05468,0.01533,-0.01169,-0.05831,-0.00901,-0.02762,-0.02582,-0.00467,0.00805,-0.03311,-0.02559,-0.00781,-0.04535,-0.02746,-0.02463,-0.05798,-0.00949,-0.05054,-0.00350,-0.00482,0.00512,-0.01302,-0.02291,-0.02687,-0.02790,0.00176,-0.03761,-0.02659,0.01593,-0.01684,0.01843,0.00165,-0.00368,0.00432,-0.00679,-0.03368,-0.00651,0.01425,-0.03662,-0.00538,0.02899,-0.01992,0.02849,0.01957,-0.01324,0.02461,0.00855,-0.03352,0.00970,0.02360,-0.04223,0.00719,0.03603,-0.02858
1141.6854,0,1,16.29,0.00,31.04,0.06539,0.02295,0.58347,0.73975,0.57787,0.3364,0,0,0.21961,-0.00098,0.06018,0.21953,-0.00098,0.06007,,,0.57787,0.00000,-0.20964,0.34636,1.43401,0.00000,1.00000,0.00000,-0.21000,0.34600,1.43400,0.00000,1.00000,42,0.19760,-0.08830,0.01494,0.19060,0.09130,0,0.97801,-0.00000,0.00000,-0.20858,Left,0,377.68,314.29,357.12,299.61,340.12,278.58,332.38,261.01,329.96,243.06,356.30,238.73,351.94,216.07,340.51,221.11,334.38,233.13,375.21,242.38,369.93,220.58,360.24,251.04,362.30,263.87,393.73,250.49,388.39,234.40,377.74,262.23,378.47,273.93,411.68,263.03,405.52,248.78,393.98,266.93,391.87,276.75,-0.00000,-0.01722,-0.03143,-0.04660,-0.05896,-0.01071,-0.03797,-0.04957,-0.05234,-0.01475,-0.04203,-0.04122,-0.03186,-0.02362,-0.05231,-0.03952,-0.02214,-0.03415,-0.05151,-0.04062,-0.02710,0.00215,0.08341,0.04218,-0.02440,0.05858,0.02267,-0.03812,0.03809,0.01007,-0.05383,0.01623,-0.01342,-0.05707,-0.00820,-0.03070,-0.02590,-0.00518,0.00711,-0.03234,-0.02587,-0.01013,-0.04433,-0.02717,-0.02654,-0.05550,-0.01039,-0.05174,-0.00368,-0.00476,0.00460,-0.01139,-0.02332,-0.02812,-0.02623,0.00144,-0.03912,-0.02529,0.01479,-0.01715,0.01841,0.00170,-0.00288,0.00619,-0.00707,-0.03378,-0.00491,0.01374,-0.03779,-0.00460,0.02821,-0.01991,0.02926,0.01941,-0.01102,0.02633,0.00815,-0.03165,0.01154,0.02263,-0.04099,0.00843,0.03542,-0.02824
1141.7160,0,1,15.43,0.00,26.53,0.06452,0.02204,0.57722,0.75230,0.57098,0.3607,0,0,0.21961,-0.00098,0.06018,0.21953,-0.00098,0.06007,,,0.57098,0.00000,-0.20964,0.34636,1.43401,0.00000,1.00000,0.00000,-0.21000,0.34600,1.43400,0.00000,1.00000,42,0.19760,-0.08830,0.01494,0.19060,0.09130,0,0.97801,-0.00000,0.00000,-0.20858,Left,0,376.16,312.56,355.91,298.21,339.45,277.46,331.92,260.20,329.73,242.29,354.98,237.54,351.82,214.57,341.34,219.79,334.80,232.64,374.01,241.23,369.16,219.77,359.87,249.76,360.76,263.60,392.77,249.38,388.34,233.61,378.13,261.17,377.79,273.24,411.01,261.85,405.99,248.10,395.26,266.00,392.97,275.30,-0.00000,-0.01735,-0.03170,-0.04675,-0.05899,-0.01219,-0.04001,-0.05235,-0.05541,-0.01592,-0.04389,-0.04390,-0.03499,-0.02430,-0.05277,-0.04050,-0.02345,-0.03431,-0.05117,-0.04035,-0.02689,0.00182,0.08301,0.04515,-0.02468,0.05865,0.02353,-0.03785,0.03849,0.00992,-0.05261,0.01663,-0.01401,-0.05572,-0.00796,-0.03280,-0.02645,-0.00519,0.00558,-0.03171,-0.02572,-0.01217,-0.04239,-0.02688,-0.02922,-0.05421,-0.00933,-0.05540,-0.00382,-0.00472,0.00452,-0.01133,-0.02287,-0.02904,-0.02665,0.00217,-0.04130,-0.02605,0.01564,-0.01986,0.01849,0.00147,-0.00204,0.00705,-0.00638,-0.03355,-0.00402,0.01491,-0.03895,-0.00400,0.02923,-0.02186,0.02952,0.01946,-0.00922,0.02753,0.00829,-0.03017,0.01378,0.02298,-0.04000,0.01084,0.03541,-0.02755
1141.7481,0,1,15.19,0.00,28.01,0.06360,0.02105,0.57349,0.74002,0.56975,0.3630,0,0,0.21961,-0.00098,0.06018,0.21953,-0.00098,0.06007,,,0.56975,0.00000,-0.20964,0.34636,1.43401,0.00000,1.00000,0.00000,-0.21000,0.34600,1.43400,0.00000,1.00000,42,0.19760,-0.08830,0.01494,0.19060,0.09130,0,0.97801,-0.00000,0.00000,-0.20858,Left,0,375.07,311.92,354.51,296.93,338.21,275.64,330.78,258.52,328.96,241.22,354.25,236.34,350.59,213.98,339.87,218.53,333.93,229.72,373.19,240.09,368.73,218.48,358.41,248.08,359.49,260.90,392.05,248.32,387.82,232.07,376.76,259.93,376.78,272.02,410.32,260.90,405.49,246.82,393.92,264.77,391.41,274.44,-0.00000,-0.01744,-0.03161,-0.04658,-0.05879,-0.01107,-0.03856,-0.05072,-0.05389,-0.01486,-0.04242,-0.04208,-0.03308,-0.02343,-0.05228,-0.03966,-0.02228,-0.03368,-0.05102,-0.04012,-0.02652,0.00068,0.08258,0.04443,-0.02527,0.05811,0.02263,-0.03880,0.03770,0.00985,-0.05311,0.01630,-0.01432,-0.05564,-0.00762,-0.03241,-0.02615,-0.00522,0.00579,-0.03165,-0.02508,-0.01247,-0.04306,-0.02652,-0.02970,-0.05363,-0.01043,-0.05500,-0.00394,-0.00463,0.00474,-0.01125,-0.02301,-0.02884,-0.02701,0.00157,-0.04134,-0.02624,0.01463,-0.02081,0.01849,0.00154,-0.00217,0.00685,-0.00648,-0.03388,-0.00452,0.01454,-0.03924,-0.00475,0.02962,-0.02202,0.02977,0.01941,-0.00925,0.02747,0.00856,-0.03067,0.01242,0.02239,-0.04034,0.00961,0.03581,-0.02788
1141.7800,0,1,15.55,0.00,29.03,0.06223,0.01947,0.57002,0.72896,0.56655,0.3945,0,0,0.21961,-0.00098,0.06018,0.21953,-0.00098,0.06007,,,0.56655,0.00000,-0.20964,0.34636,1.43401,0.00000,1.00000,0.00000,-0.21000,0.34600,1.43400,0.00000,1.00000,42,0.19760,-0.08830,0.01494,0.19060,0.09130,0,0.97801,-0.00000,0.00000,-0.20858,Left,0,373.98,310.20,353.50,295.80,337.15,274.51,330.12,257.06,328.22,239.07,352.49,234.28,349.90,211.86,339.97,216.56,333.88,228.11,371.78,238.12,368.15,216.48,358.12,245.58,358.15,259.71,390.61,246.24,386.97,230.40,376.12,258.41,375.11,271.75,408.87,258.68,404.37,244.83,393.07,263.19,389.77,273.56,-0.00000,-0.01896,-0.03371,-0.04884,-0.06108,-0.01208,-0.03980,-0.05262,-0.05614,-0.01508,-0.04377,-0.04489,-0.03648,-0.02283,-0.05253,-0.04106,-0.02396,-0.03228,-0.05031,-0.03996,-0.02639,0.00142,0.08179,0.04351,-0.02501,0.05798,0.02265,-0.03858,0.03785,0.00943,-0.05209,0.01648,-0.01477,-0.05438,-0.00714,-0.03304,-0.02631,-0.00506,0.00557,-0.03096,-0.02510,-0.01304,-0.04159,-0.02604,-0.03057,-0.05240,-0.00996,-0.05757,-0.00401,-0.00467,0.00493,-0.01063,-0.02274,-0.02937,-0.02625,0.00136,-0.04256,-0.02678,0.01528,-0.02411,0.01864,0.00147,-0.00227,0.00761,-0.00596,-0.03444,-0.00423,0.01534,-0.03926,-0.00557,0.03127,-0.02213,0.02948,0.01946,-0.00957,0.02791,0.00865,-0.03138,0.01271,0.02313,-0.04143,0.00918,0.03669,-0.02796
1141.8108,0,1,14.46,0.00,26.78,0.06049,0.01741,0.56450,0.74382,0.55898,0.3810,0,0,0.21961,-0.00098,0.06018,0.21953,-0.00098,0.06007,,,0.55898,0.00000,-0.20964,0.34636,1.43401,0.00000,1.00000,0.00000,-0.21000,0.34600,1.43400,0.00000,1.00000,42,0.19760,-0.08830,0.01494,0.19060,0.09130,0,0.97801,-0.00000,0.00000,-0.20858,Left,0,372.14,307.94,351.86,293.30,335.60,272.21,329.39,254.84,329.16,236.86,350.50,231.91,349.75,209.36,341.30,213.78,335.89,226.37,370.51,235.74,367.92,213.84,358.27,243.22,357.93,258.10,389.77,243.94,387.30,228.04,376.60,255.73,375.13,268.80,408.30,256.60,404.99,242.85,393.68,260.56,389.88,270.26,-0.00000,-0.01776,-0.03136,-0.04540,-0.05653,-0.01158,-0.03823,-0.05001,-0.05282,-0.01489,-0.04286,-0.04334,-0.03442,-0.02278,-0.05138,-0.03970,-0.02267,-0.03226,-0.04951,-0.03905,-0.02555,0.00096,0.08283,0.04610,-0.02535,0.05918,0.02397,-0.03838,0.03865,0.00989,-0.05042,0.01636,-0.01384,-0.05130,-0.00730,-0.03349,-0.02695,-0.00567,0.00423,-0.03031,-0.02617,-0.01357,-0.03841,-0.02692,-0.03108,-0.04924,-0.01042,-0.05735,-0.00401,-0.00453,0.00442,-0.00971,-0.02362,-0.02990,-0.02456,0.00118,-0.04319,-0.02565,0.01576,-0.02241,0.01884,0.00160,-0.00138,0.00890,-0.00650,-0.03359,-0.00227,0.01473,-0.03916,-0.00365,0.03044,-0.02174,0.02999,0.01963,-0.00743,0.03002,0.00830,-0.02919,0.01533,0.02248,-0.03990,0.01070,0.03609,-0.02758
1141.8581,0,1,13.70,0.00,43.84,0.05932,0.01579,0.56611,0.74648,0.56772,0.4307,0,0,0.21961,-0.00098,0.06018,0.21953,-0.00098,0.06007,,,0.56772,0.00000,-0.20964,0.34636,1.43401,0.00000,1.00000,0.00000,-0.21000,0.34600,1.43400,0.00000,1.00000,42,0.19760,-0.08830,0.01494,0.19060,0.09130,0,0.97801,0.00000,-0.00000,-0.20858,Left,0,371.28,306.43,350.92,291.96,334.48,271.57,327.98,253.75,327.67,235.09,348.89,230.76,347.99,208.42,340.11,211.41,334.83,224.13,368.87,234.40,367.44,212.06,358.08,240.93,357.21,255.80,388.20,242.50,386.41,227.22,375.85,254.51,374.13,267.11,406.64,255.08,403.70,241.54,392.89,259.48,389.35,268.90,-0.00000,-0.01939,-0.03439,-0.04957,-0.06189,-0.01296,-0.04089,-0.05359,-0.05666,-0.01571,-0.04460,-0.04532,-0.03614,-0.02325,-0.05251,-0.04099,-0.02378,-0.03253,-0.05009,-0.03959,-0.02590,0.00237,0.08357,0.04484,-0.02498,0.05971,0.02279,-0.03834,0.03965,0.00870,-0.05137,0.01623,-0.01548,-0.05260,-0.00841,-0.03337,-0.02719,-0.00491,0.00413,-0.03073,-0.02694,-0.01266,-0.03899,-0.02884,-0.03092,-0.04892,-0.01197,-0.06054,-0.00404,-0.00443,0.00437,-0.00859,-0.02522,-0.02953,-0.02325,-0.00098,-0.04325,-0.02465,0.01389,-0.02374,0.01903,0.00134,-0.00104,0.01010,-0.00646,-0.03355,-0.00152,0.01463,-0.03919,-0.00291,0.02946,-0.02203,0.03113,0.01932,-0.00731,0.03068,0.00777,-0.02935,0.01658,0.02254,-0.04019,0.01208,0.03584,-0.02792
1141.8908,0,1,14.67,0.00,28.78,0.05735,0.01416,0.56639,0.74942,0.56668,0.4592,0,0,0.21961,-0.00098,0.06018,0.21953,-0.00098,0.06007,,,0.56668,0.00000,-0.20964,0.34636,1.43401,0.00000,1.00000,0.00000,-0.21000,0.34600,1.43400,0.00000,1.00000,42,0.19760,-0.08830,0.01494,0.19060,0.09130,0,0.97801,0.00000,-0.00000,-0.20858,Left,0,368.13,305.09,348.34,289.75,332.65,270.11,325.89,252.83,325.77,234.20,346.04,229.01,346.15,208.96,340.08,208.53,335.34,220.02,366.33,232.69,365.69,210.96,356.57,239.77,354.64,254.76,385.92,240.74,385.10,225.68,374.72,252.00,372.20,264.16,404.46,253.69,402.49,239.97,392.02,257.09,388.09,265.97,-0.00000,-0.02006,-0.03569,-0.05138,-0.06408,-0.01202,-0.03996,-0.05268,-0.05555,-0.01446,-0.04365,-0.04353,-0.03325,-0.02194,-0.05096,-0.03821,-0.02004,-0.03136,-0.04837,-0.03705,-0.02271,0.00191,0.08413,0.04585,-0.02549,0.06020,0.02172,-0.03853,0.04031,0.00644,-0.05143,0.01723,-0.01757,-0.05221,-0.00827,-0.03655,-0.02803,-0.00443,0.00281,-0.03043,-0.02644,-0.01407,-0.03685,-0.03072,-0.03306,-0.04679,-0.01527,-0.06498,-0.00425,-0.00429,0.00424,-0.00871,-0.02544,-0.03036,-0.02292,-0.00090,-0.04469,-0.02537,0.01357,-0.02388,0.01934,0.00104,-0.00018,0.01105,-0.00714,-0.03340,-0.00034,0.01381,-0.03937,-0.00257,0.02763,-0.02276,0.03182,0.01901,-0.00570,0.03224,0.00718,-0.02805,0.01869,0.02161,-0.03936,0.01364,0.03463,-0.02799
1141.9226,0,1,14.20,0.00,28.28,0.05541,0.01245,0.56693,0.75626,0.56747,0.4248,0,0,0.21961,-0.00098,0.06018,0.21953,-0.00098,0.06007,,,0.56747,0.00000,-0.20964,0.34636,1.43401,0.00000,1.00000,0.00000,-0.21000,0.34600,1.43400,0.00000,1.00000,42,0.19760,-0.08830,0.01494,0.19060,0.09130,0,0.97801,0.00000,0.00000,-0.20858,Left,0,366.98,302.81,347.23,289.04,331.01,269.51,324.88,252.22,324.63,233.58,343.17,227.62,343.68,206.52,337.63,209.39,332.93,221.91,364.06,231.15,363.77,209.99,354.94,237.97,352.78,252.43,383.98,239.19,383.62,224.17,373.40,250.04,370.36,261.88,402.93,251.72,401.40,238.72,391.07,255.64,386.55,264.26,-0.00000,-0.02089,-0.03665,-0.05209,-0.06456,-0.01466,-0.04265,-0.05603,-0.05980,-0.01678,-0.04591,-0.04735,-0.03894,-0.02377,-0.05263,-0.04175,-0.02542,-0.03264,-0.04992,-0.03983,-0.02666,0.00243,0.08223,0.04904,-0.02495,0.05984,0.02442,-0.03782,0.04020,0.00854,-0.04967,0.01788,-0.01693,-0.04980,-0.00676,-0.03580,-0.02846,-0.00444,0.00306,-0.03002,-0.02627,-0.01552,-0.03746,-0.02767,-0.03338,-0.04619,-0.01140,-0.06321,-0.00426,-0.00429,0.00384,-0.00860,-0.02437,-0.03090,-0.02180,-0.00049,-0.04451,-0.02530,0.01349,-0.02522,0.01957,0.00125,-0.00018,0.01242,-0.00717,-0.03365,0.00073,0.01309,-0.04020,-0.00220,0.02665,-0.02366,0.03266,0.01899,-0.00523,0.03344,0.00722,-0.02668,0.01983,0.02128,-0.03854,0.01496,0.03353,-0.02775
1141.9543,0,1,13.84,0.00,27.97,0.05307,0.01119,0.56035,0.73900,0.55377,0.4976,0,0,0.21961,-0.00098,0.06018,0.21953,-0.00098,0.06007,,,0.55377,0.00000,-0.20964,0.34636,1.43401,0.00000,1.00000,0.00000,-0.21000,0.34600,1.43400,0.00000,1.00000,42,0.19760,-0.08830,0.01494,0.19060,0.09130,0,0.97801,-0.00000,-0.00000,-0.20858,Left,0,365.77,302.48,345.10,287.91,329.19,268.14,323.52,250.81,323.82,232.42,341.37,227.57,341.44,207.48,336.33,206.93,331.80,217.55,362.26,230.53,361.90,209.00,353.47,236.14,350.29,251.92,382.58,238.27,382.07,223.01,372.12,249.13,368.28,262.80,401.85,250.82,400.68,237.02,389.75,253.89,383.86,263.88,-0.00000,-0.02021,-0.03564,-0.05096,-0.06349,-0.01371,-0.04219,-0.05640,-0.06052,-0.01627,-0.04666,-0.04894,-0.04050,-0.02361,-0.05383,-0.04343,-0.02662,-0.03271,-0.05119,-0.04140,-0.02790,0.00241,0.08184,0.04656,-0.02502,0.05939,0.02200,-0.03793,0.03942,0.00746,-0.04888,0.01715,-0.01697,-0.04928,-0.00756,-0.03377,-0.02797,-0.00350,0.00277,-0.03017,-0.02560,-0.01473,-0.03688,-0.02962,-0.03318,-0.04491,-0.01510,-0.06479,-0.00447,-0.00415,0.00433,-0.00844,-0.02554,-0.03008,-0.02178,-0.00240,-0.04466,-0.02490,0.01328,-0.02721,0.01945,0.00061,-0.00027,0.01207,-0.00779,-0.03267,0.00080,0.01248,-0.03968,-0.00307,0.02801,-0.02356,0.03271,0.01760,-0.00527,0.03394,0.00622,-0.02724,0.01988,0.01936,-0.03884,0.01298,0.03365,-0.02813
1141.9877,0,1,15.00,0.00,30.26,0.05138,0.00992,0.55912,0.73913,0.55788,0.4361,0,0,0.21961,-0.00098,0.06018,0.21953,-0.00098,0.06007,,,0.55788,0.00000,-0.20964,0.34636,1.43401,0.00000,1.00000,0.00000,-0.21000,0.34600,1.43400,0.00000,1.00000,42,0.19760,-0.08830,0.01494,0.19060,0.09130,0,0.97801,-0.00000,0.00000,-0.20858,Left,0,364.14,301.60,343.54,286.81,327.87,267.48,322.04,249.50,322.32,230.56,339.99,225.77,340.81,206.15,335.28,206.15,330.83,218.48,361.10,229.08,361.16,207.58,352.69,236.78,350.39,252.14,381.14,236.83,380.90,222.19,370.79,248.80,367.87,261.54,400.52,249.69,398.96,236.01,388.66,253.17,383.95,262.32,-0.00000,-0.02027,-0.03582,-0.05126,-0.06358,-0.01171,-0.04000,-0.05307,-0.05610,-0.01401,-0.04347,-0.04346,-0.03316,-0.02143,-0.05082,-0.03795,-0.01953,-0.03079,-0.04824,-0.03699,-0.02255,0.00262,0.08266,0.04687,-0.02470,0.06014,0.02253,-0.03779,0.04023,0.00713,-0.04924,0.01725,-0.01639,-0.04878,-0.00942,-0.03589,-0.02853,-0.00400,0.00289,-0.03036,-0.02580,-0.01407,-0.03614,-0.02924,-0.03193,-0.04561,-0.01327,-0.06402,-0.00435,-0.00410,0.00451,-0.00790,-0.02557,-0.03020,-0.02108,-0.00038,-0.04394,-0.02419,0.01463,-0.02327,0.01970,0.00060,-0.00010,0.01252,-0.00756,-0.03274,0.00166,0.01312,-0.03949,-0.00176,0.02745,-0.02210,0.03263,0.01800,-0.00532,0.03422,0.00616,-0.02682,0.02085,0.02011,-0.03865,0.01490,0.03353,-0.02844
1142.0185,0,1,14.27,0.00,27.28,0.04970,0.00861,0.55444,0.73921,0.54977,0.4425,0,0,0.21961,-0.00098,0.06018,0.21953,-0.00098,0.06007,,,0.54977,0.00000,-0.20964,0.34636,1.43401,0.00000,1.00000,0.00000,-0.21000,0.34600,1.43400,0.00000,1.00000,42,0.19760,-0.08830,0.01494,0.19060,0.09130,0,0.97801,-0.00000,0.00000,-0.20858,Left,0,362.77,300.54,342.08,284.84,326.80,265.42,321.45,247.43,322.57,228.84,338.86,224.15,340.29,205.28,335.42,204.57,330.95,217.17,360.26,227.57,360.17,206.55,352.29,234.97,349.44,251.13,380.44,235.56,380.39,220.85,370.65,246.57,367.10,260.08,399.73,248.97,398.53,234.94,387.87,252.11,382.20,262.27,-0.00000,-0.01892,-0.03359,-0.04830,-0.05988,-0.00972,-0.03696,-0.04979,-0.05280,-0.01247,-0.04101,-0.04115,-0.03124,-0.02022,-0.04858,-0.03579,-0.01786,-0.02982,-0.04703,-0.03587,-0.02168,0.00158,0.08214,0.04934,-0.02506,0.05895,0.02389,-0.03774,0.03900,0.00882,-0.04846,0.01633,-0.01559,-0.04680,-0.00995,-0.03593,-0.02848,-0.00426,0.00247,-0.02964,-0.02549,-0.01481,-0.03471,-0.02924,-0.03256,-0.04424,-0.01357,-0.06444,-0.00426,-0.00395,0.00421,-0.00741,-0.02556,-0.02996,-0.02038,-0.00111,-0.04442,-0.02398,0.01446,-0.02489,0.01950,0.00074,0.00032,0.01324,-0.00820,-0.03209,0.00249,0.01153,-0.03970,-0.00159,0.02619,-0.02450,0.03236,0.01805,-0.00477,0.03455,0.00577,-0.02588,0.02111,0.01954,-0.03854,0.01416,0.03406,-0.02980
1142.0522,0,1,15.37,0.00,30.19,0.04870,0.00754,0.55553,0.73671,0.55663,0.4790,0,0,0.21961,-0.00098,0.06018,0.21953,-0.00098,0.06007,,,0.55663,0.00000,-0.20964,0.34636,1.43401,0.00000,1.00000,0.00000,-0.21000,0.34600,1.43400,0.00000,1.00000,42,0.19760,-0.08830,0.01494,0.19060,0.09130,0,0.97801,0.00000,-0.00000,-0.20858,Left,0,363.17,299.49,342.18,284.58,326.38,265.71,320.47,247.30,321.90,228.21,337.40,223.74,339.38,204.58,334.65,203.66,330.09,215.98,358.90,226.93,359.50,205.67,351.91,234.84,349.11,250.94,379.21,234.53,379.90,220.12,370.59,246.95,367.11,260.34,398.78,247.53,398.08,233.53,388.31,251.09,383.18,260.62,-0.00000,-0.02029,-0.03587,-0.05119,-0.06320,-0.01161,-0.04027,-0.05365,-0.05679,-0.01375,-0.04375,-0.04392,-0.03357,-0.02097,-0.05048,-0.03674,-0.01761,-0.03016,-0.04753,-0.03552,-0.02043,0.00375,0.08241,0.04681,-0.02399,0.06014,0.02183,-0.03656,0.04022,0.00763,-0.04802,0.01721,-0.01591,-0.04639,-0.01012,-0.03445,-0.02891,-0.00376,0.00246,-0.02981,-0.02585,-0.01381,-0.03460,-0.03035,-0.03141,-0.04401,-0.01446,-0.06572,-0.00455,-0.00393,0.00426,-0.00693,-0.02591,-0.02922,-0.01927,-0.00125,-0.04381,-0.02236,0.01439,-0.02440,0.01989,0.00031,0.00041,0.01453,-0.00875,-0.03226,0.00422,0.01248,-0.03961,-0.00017,0.02703,-0.02383,0.03325,0.01745,-0.00503,0.03562,0.00516,-0.02556,0.02326,0.01939,-0.03806,0.01703,0.03300,-0.02876
1142.0830,0,1,14.25,0.00,27.05,0.04758,0.00669,0.55093,0.72443,0.54632,0.4484,0,0,0.21961,-0.00098,0.06018,0.21953,-0.00098,0.06007,,,0.54632,0.00000,-0.20964,0.34636,1.43401,0.00000,1.00000,0.00000,-0.21000,0.34600,1.43400,0.00000,1.00000,42,0.19760,-0.08830,0.01494,0.19060,0.09130,0,0.97801,0.00000,-0.00000,-0.20858,Left,0,362.26,299.92,341.87,284.60,326.48,265.35,320.17,246.72,321.53,227.18,337.12,223.34,337.74,205.49,333.58,202.61,330.78,213.39,358.54,226.11,358.79,204.43,351.03,232.79,348.39,248.82,379.01,233.54,378.95,218.82,369.47,245.05,366.08,258.53,398.70,246.72,396.96,232.86,386.80,250.40,381.50,260.58,-0.00000,-0.02079,-0.03672,-0.05252,-0.06514,-0.00993,-0.03694,-0.04929,-0.05224,-0.01225,-0.04172,-0.04199,-0.03169,-0.01971,-0.04868,-0.03519,-0.01640,-0.02925,-0.04666,-0.03516,-0.02053,0.00342,0.08231,0.04712,-0.02364,0.06034,0.02222,-0.03607,0.03985,0.00787,-0.04753,0.01657,-0.01595,-0.04662,-0.01143,-0.03483,-0.02867,-0.00366,0.00278,-0.03055,-0.02486,-0.01383,-0.03489,-0.03033,-0.03095,-0.04236,-0.01604,-0.06326,-0.00432,-0.00376,0.00396,-0.00734,-0.02705,-0.02857,-0.01968,-0.00285,-0.04342,-0.02335,0.01278,-0.02403,0.01923,-0.00006,0.00002,0.01324,-0.00922,-0.03222,0.00282,0.01099,-0.03955,-0.00120,0.02542,-0.02402,0.03222,0.01743,-0.00518,0.03444,0.00557,-0.02614,0.02136,0.01898,-0.03867,0.01561,0.03360,-0.03026
1142.1151,0,1,14.03,0.00,28.51,0.04693,0.00663,0.55374,0.73269,0.55655,0.4245,0,0,0.21961,-0.00098,0.06018,0.21953,-0.00098,0.06007,,,0.55655,0.00000,-0.20964,0.34636,1.43401,0.00000,1.00000,0.00000,-0.21000,0.34600,1.43400,0.00000,1.00000,42,0.19760,-0.08830,0.01494,0.19060,0.09130,0,0.97801,-0.00000,-0.00000,-0.20858,Left,0,360.63,299.50,339.79,284.31,324.78,264.95,319.31,246.67,320.09,227.77,336.66,223.78,338.16,204.83,333.07,202.98,328.66,214.56,357.79,226.95,357.68,205.46,349.96,234.16,347.53,250.70,377.92,234.62,378.01,219.23,368.45,245.50,365.22,259.37,397.50,247.87,396.32,232.98,385.95,250.32,380.44,260.67,-0.00000,-0.01914,-0.03362,-0.04796,-0.05917,-0.01015,-0.03757,-0.05029,-0.05324,-0.01268,-0.04178,-0.04178,-0.03150,-0.02016,-0.04914,-0.03569,-0.01692,-0.02949,-0.04713,-0.03560,-0.02089,0.00159,0.08219,0.04703,-0.02552,0.05983,0.02189,-0.03744,0.03953,0.00723,-0.04829,0.01657,-0.01630,-0.04705,-0.01063,-0.03578,-0.02895,-0.00352,0.00235,-0.03002,-0.02541,-0.01387,-0.03512,-0.03027,-0.03102,-0.04445,-0.01556,-0.06311,-0.00449,-0.00361,0.00445,-0.00753,-0.02620,-0.02908,-0.02020,-0.00131,-0.04246,-0.02338,0.01442,-0.02281,0.01969,0.00010,0.00033,0.01393,-0.00923,-0.03143,0.00308,0.01093,-0.03911,-0.00112,0.02626,-0.02315,0.03291,0.01745,-0.00482,0.03526,0.00453,-0.02561,0.02193,0.01807,-0.03853,0.01518,0.03287,-0.02964
1142.1462,0,1,13.62,0.00,27.16,0.04610,0.00632,0.55265,0.71744,0.55156,0.4779,0,0,0.21961,-0.00098,0.06018,0.21953,-0.00098,0.06007,,,0.55156,0.00000,-0.20964,0.34636,1.43401,0.00000,1.00000,0.00000,-0.21000,0.34600,1.43400,0.00000,1.00000,42,0.19760,-0.08830,0.01494,0.19060,0.09130,0,0.97801,-0.00000,-0.00000,-0.20858,Left,0,360.30,300.17,340.28,285.65,324.49,266.81,318.81,248.69,319.95,229.33,336.05,223.49,336.54,205.48,331.87,203.30,328.44,214.08,357.08,226.14,357.01,205.10,348.95,233.55,346.32,250.00,377.28,233.54,377.26,219.12,367.67,245.57,364.36,259.73,396.69,246.84,395.57,232.57,385.10,250.10,379.49,260.67,-0.00000,-0.02103,-0.03691,-0.05242,-0.06478,-0.01141,-0.03904,-0.05214,-0.05556,-0.01348,-0.04328,-0.04397,-0.03403,-0.02063,-0.05029,-0.03739,-0.01883,-0.02983,-0.04785,-0.03661,-0.02200,0.00307,0.08278,0.04496,-0.02410,0.06098,0.02054,-0.03657,0.04138,0.00591,-0.04794,0.01902,-0.01831,-0.04697,-0.00854,-0.03630,-0.02846,-0.00303,0.00301,-0.03023,-0.02526,-0.01413,-0.03591,-0.03011,-0.03200,-0.04324,-0.01612,-0.06603,-0.00455,-0.00385,0.00451,-0.00761,-0.02635,-0.02897,-0.02029,-0.00226,-0.04378,-0.02396,0.01422,-0.02666,0.01926,0.00008,-0.00004,0.01314,-0.00912,-0.03227,0.00287,0.01134,-0.04009,-0.00143,0.02667,-0.02486,0.03239,0.01697,-0.00585,0.03474,0.00485,-0.02682,0.02119,0.01851,-0.03919,0.01515,0.03316,-0.03014
1142.1779,0,1,13.50,0.00,28.35,0.04504,0.00609,0.55012,0.72689,0.54759,0.4599,0,0,0.21961,-0.00098,0.06018,0.21953,-0.00098,0.06007,,,0.54759,0.00000,-0.20964,0.34636,1.43401,0.00000,1.00000,0.00000,-0.21000,0.34600,1.43400,0.00000,1.00000,42,0.19760,-0.08830,0.01494,0.19060,0.09130,0,0.97801,-0.00000,-0.00000,-0.20858,Left,0,359.37,299.65,340.17,284.78,324.71,266.31,318.79,248.35,320.23,229.25,334.55,223.18,335.63,205.54,331.64,203.20,328.61,214.77,356.09,226.09,356.42,205.15,348.52,233.84,345.67,249.81,376.45,233.66,376.72,219.73,367.42,245.63,364.16,258.84,396.13,247.03,395.33,232.93,385.61,249.91,380.44,259.58,-0.00000,-0.02020,-0.03610,-0.05173,-0.06401,-0.01135,-0.03880,-0.05109,-0.05377,-0.01372,-0.04315,-0.04272,-0.03200,-0.02113,-0.05003,-0.03608,-0.01704,-0.03054,-0.04774,-0.03590,-0.02102,0.00387,0.08162,0.04846,-0.02313,0.05967,0.02213,-0.03523,0.04061,0.00719,-0.04658,0.01885,-0.01779,-0.04493,-0.00888,-0.03697,-0.02868,-0.00306,0.00226,-0.03020,-0.02462,-0.01455,-0.03492,-0.02994,-0.03219,-0.04237,-0.01523,-0.06619,-0.00474,-0.00377,0.00419,-0.00761,-0.02605,-0.02911,-0.01989,-0.00147,-0.04380,-0.02357,0.01396,-0.02520,0.01968,0.00027,0.00048,0.01361,-0.00880,-0.03180,0.00334,0.01099,-0.04012,-0.00088,0.02543,-0.02492,0.03315,0.01678,-0.00415,0.03521,0.00516,-0.02454,0.02265,0.01822,-0.03774,0.01724,0.03178,-0.03042
1142.2167,0,1,20.10,0.00,34.59,0.04524,0.00592,0.55307,0.74671,0.55602,0.4385,0,0,0.21961,-0.00098,0.06018,0.21953,-0.00098,0.06007,,,0.55602,0.00000,-0.20964,0.34636,1.43401,0.00000,1.00000,0.00000,-0.21000,0.34600,1.43400,0.00000,1.00000,42,0.19760,-0.08830,0.01494,0.19060,0.09130,0,0.97801,0.00000,-0.00000,-0.20858,Left,0,360.63,298.13,339.49,283.57,323.71,264.07,318.30,245.22,320.06,226.03,335.70,223.56,337.18,203.56,332.16,203.15,327.72,216.45,356.79,226.68,356.98,205.02,348.90,233.46,346.13,249.71,376.79,234.02,376.85,220.19,367.41,247.17,364.45,260.74,396.53,246.31,395.12,232.83,384.90,250.57,379.73,260.24,-0.00000,-0.01885,-0.03355,-0.04816,-0.05953,-0.01163,-0.04009,-0.05263,-0.05487,-0.01418,-0.04451,-0.04449,-0.03369,-0.02161,-0.05169,-0.03856,-0.01950,-0.03075,-0.04892,-0.03766,-0.02283,0.00287,0.08308,0.04561,-0.02400,0.06007,0.02192,-0.03749,0.03955,0.00823,-0.04797,0.01566,-0.01387,-0.04605,-0.01141,-0.03347,-0.02838,-0.00407,0.00260,-0.03028,-0.02604,-0.01294,-0.03456,-0.02982,-0.02983,-0.04440,-0.01321,-0.06193,-0.00442,-0.00379,0.00448,-0.00738,-0.02572,-0.02897,-0.02033,-0.00060,-0.04284,-0.02356,0.01470,-0.02270,0.01979,0.00051,-0.00004,0.01308,-0.00710,-0.03245,0.00279,0.01381,-0.03883,-0.00052,0.02854,-0.02093,0.03264,0.01726,-0.00563,0.03476,0.00555,-0.02654,0.02197,0.02020,-0.03837,0.01612,0.03361,-0.02939
1142.2589,0,1,14.49,0.00,38.38,0.04537,0.00554,0.55416,0.72887,0.55524,0.4642,0,0,0.21961,-0.00098,0.06018,0.21953,-0.00098,0.06007,,,0.55524,0.00000,-0.20964,0.34636,1.43401,0.00000,1.00000,0.00000,-0.21000,0.34600,1.43400,0.00000,1.00000,42,0.19760,-0.08830,0.01494,0.19060,0.09130,0,0.97801,0.00000,0.00000,-0.20858,Left,0,360.17,298.52,340.06,283.99,324.91,264.78,319.81,246.63,320.70,227.69,335.85,222.90,337.28,203.30,332.18,202.49,327.66,214.89,357.07,225.73,356.75,204.02,348.83,231.65,346.00,248.04,377.23,233.05,377.03,219.37,367.58,245.93,364.32,259.83,396.79,245.58,395.39,231.92,384.93,249.63,379.31,259.92,-0.00000,-0.01916,-0.03388,-0.04859,-0.06017,-0.01053,-0.03878,-0.05221,-0.05538,-0.01329,-0.04334,-0.04461,-0.03505,-0.02097,-0.05084,-0.03882,-0.02073,-0.03045,-0.04834,-0.03736,-0.02294,0.00257,0.08350,0.04278,-0.02458,0.06115,0.01957,-0.03652,0.04043,0.00519,-0.04661,0.01747,-0.01727,-0.04648,-0.00897,-0.03562,-0.02865,-0.00371,0.00280,-0.03011,-0.02612,-0.01313,-0.03501,-0.03042,-0.03113,-0.04470,-0.01430,-0.06533,-0.00439,-0.00393,0.00419,-0.00775,-0.02681,-0.02832,-0.02075,-0.00270,-0.04374,-0.02434,0.01341,-0.02810,0.01931,0.00018,-0.00010,0.01271,-0.00766,-0.03213,0.00260,0.01320,-0.03997,-0.00115,0.02779,-0.02417,0.03245,0.01704,-0.00610,0.03447,0.00505,-0.02724,0.02120,0.01965,-0.03953,0.01493,0.03398,-0.03042
1142.2910,0,1,14.64,0.00,28.24,0.04515,0.00511,0.55336,0.71836,0.55256,0.4592,0,0,0.21961,-0.00098,0.06018,0.21953,-0.00098,0.06007,,,0.55256,0.00000,-0.20964,0.34636,1.43401,0.00000,1.00000,0.00000,-0.21000,0.34600,1.43400,0.00000,1.00000,42,0.19760,-0.08830,0.01494,0.19060,0.09130,0,0.97801,-0.00000,-0.00000,-0.20858,Left,0,360.48,298.73,339.97,283.11,324.28,263.49,318.47,244.70,320.87,225.73,335.05,221.94,336.03,203.81,331.83,201.72,328.23,212.80,356.54,224.74,356.55,203.50,348.87,232.39,346.19,248.69,376.87,232.28,376.74,217.42,367.09,244.04,363.71,257.53,396.44,245.74,394.93,230.93,384.73,248.81,379.35,259.03,-0.00000,-0.01887,-0.03296,-0.04701,-0.05787,-0.00798,-0.03451,-0.04679,-0.04970,-0.01070,-0.03926,-0.03916,-0.02884,-0.01844,-0.04702,-0.03312,-0.01411,-0.02806,-0.04523,-0.03313,-0.01810,0.00359,0.08271,0.04508,-0.02354,0.06066,0.02092,-0.03588,0.03988,0.00820,-0.04736,0.01642,-0.01397,-0.04443,-0.01008,-0.03234,-0.02865,-0.00346,0.00345,-0.02989,-0.02462,-0.01336,-0.03480,-0.02963,-0.03047,-0.04311,-0.01565,-0.06193,-0.00448,-0.00395,0.00451,-0.00761,-0.02583,-0.02926,-0.01966,-0.00148,-0.04283,-0.02323,0.01407,-0.02272,0.01926,0.00017,-0.00032,0.01323,-0.00897,-0.03282,0.00295,0.01142,-0.03988,-0.00121,0.02629,-0.02336,0.03281,0.01750,-0.00609,0.03468,0.00495,-0.02720,0.02128,0.01872,-0.03975,0.01547,0.03335,-0.02976
1142.3229,0,1,14.55,0.00,28.66,0.04490,0.00471,0.55144,0.72692,0.54953,0.4661,0,0,0.21961,-0.00098,0.06018,0.21953,-0.00098,0.06007,,,0.54953,0.00000,-0.20964,0.34636,1.43401,0.00000,1.00000,0.00000,-0.21000,0.34600,1.43400,0.00000,1.00000,42,0.19760,-0.08830,0.01494,0.19060,0.09130,0,0.97801,0.00000,0.00000,-0.20858,Left,0,359.70,297.92,339.39,282.88,323.71,263.42,317.84,245.29,319.30,225.98,335.58,221.95,336.51,203.30,331.48,201.69,327.14,213.52,356.69,224.69,356.55,203.03,348.30,230.92,345.40,247.19,376.84,232.15,376.51,217.96,366.80,244.14,363.47,257.59,396.35,245.00,394.33,231.47,384.46,248.92,379.79,258.62,-0.00000,-0.01939,-0.03448,-0.04957,-0.06163,-0.00982,-0.03793,-0.05116,-0.05421,-0.01267,-0.04242,-0.04315,-0.03308,-0.02059,-0.05018,-0.03785,-0.01956,-0.03034,-0.04789,-0.03669,-0.02213,0.00252,0.08319,0.04439,-0.02476,0.06037,0.02066,-0.03734,0.04028,0.00642,-0.04881,0.01685,-0.01645,-0.04755,-0.00996,-0.03509,-0.02833,-0.00379,0.00293,-0.03057,-0.02539,-0.01349,-0.03521,-0.02982,-0.03135,-0.04498,-0.01438,-0.06469,-0.00414,-0.00389,0.00424,-0.00766,-0.02625,-0.02829,-0.02085,-0.00246,-0.04338,-0.02470,0.01325,-0.02582,0.01950,0.00011,-0.00027,0.01260,-0.00793,-0.03255,0.00196,0.01268,-0.03954,-0.00168,0.02704,-0.02418,0.03181,0.01742,-0.00639,0.03410,0.00571,-0.02747,0.02103,0.02027,-0.03968,0.01599,0.03374,-0.03089
1142.3545,0,1,14.30,0.00,28.23,0.04504,0.00443,0.55361,0.72689,0.55578,0.4502,0,0,0.21961,-0.00098,0.06018,0.21953,-0.00098,0.06007,,,0.55578,0.00000,-0.20964,0.34636,1.43401,0.00000,1.00000,0.00000,-0.21000,0.34600,1.43400,0.00000,1.00000,42,0.19760,-0.08830,0.01494,0.19060,0.09130,0,0.97801,0.00000,0.00000,-0.20858,Left,0,359.93,297.68,339.55,283.94,323.50,263.98,317.37,245.28,318.89,225.67,336.13,221.91,336.70,202.71,331.64,201.16,327.31,213.33,356.63,224.62,355.75,203.18,347.44,230.65,344.66,247.54,376.62,231.98,375.58,217.40,365.84,243.06,362.60,257.47,395.91,244.55,393.92,230.86,383.20,247.66,377.71,258.58,-0.00000,-0.02106,-0.03717,-0.05303,-0.06580,-0.01233,-0.04039,-0.05359,-0.05665,-0.01432,-0.04392,-0.04484,-0.03505,-0.02139,-0.05095,-0.03949,-0.02189,-0.03041,-0.04870,-0.03860,-0.02471,0.00250,0.08354,0.04317,-0.02469,0.06090,0.02002,-0.03768,0.04062,0.00549,-0.04897,0.01778,-0.01761,-0.04747,-0.00922,-0.03545,-0.02815,-0.00349,0.00314,-0.03008,-0.02546,-0.01343,-0.03545,-0.02985,-0.03078,-0.04451,-0.01498,-0.06358,-0.00424,-0.00394,0.00443,-0.00818,-0.02555,-0.02861,-0.02135,-0.00207,-0.04324,-0.02481,0.01432,-0.02497,0.01940,0.00037,-0.00022,0.01222,-0.00819,-0.03236,0.00144,0.01206,-0.03936,-0.00245,0.02708,-0.02349,0.03172,0.01718,-0.00667,0.03366,0.00519,-0.02744,0.02029,0.01912,-0.04011,0.01415,0.03375,-0.03120
1142.3866,0,1,14.50,0.00,28.92,0.04466,0.00422,0.55494,0.72563,0.55626,0.4429,0,0,0.21961,-0.00098,0.06018,0.21953,-0.00098,0.06007,,,0.55626,0.00000,-0.20964,0.34636,1.43401,0.00000,1.00000,0.00000,-0.21000,0.34600,1.43400,0.00000,1.00000,42,0.19760,-0.08830,0.01494,0.19060,0.09130,0,0.97801,0.00000,0.00000,-0.20858,Left,0,359.84,297.98,338.98,283.56,323.12,263.67,317.74,244.78,318.66,225.57,334.31,221.68,334.98,202.69,330.52,201.34,326.68,213.30,355.44,224.33,355.38,202.97,347.94,231.29,345.43,247.11,375.65,231.63,375.50,217.09,366.15,243.07,362.94,255.97,395.39,244.36,393.74,230.52,383.60,247.76,378.38,257.40,-0.00000,-0.01849,-0.03233,-0.04609,-0.05670,-0.00922,-0.03551,-0.04720,-0.04954,-0.01191,-0.04011,-0.03985,-0.02954,-0.01948,-0.04773,-0.03497,-0.01698,-0.02883,-0.04595,-0.03500,-0.02093,0.00350,0.08351,0.04452,-0.02350,0.06142,0.02052,-0.03630,0.04096,0.00621,-0.04741,0.01772,-0.01712,-0.04631,-0.00946,-0.03526,-0.02859,-0.00356,0.00265,-0.03024,-0.02536,-0.01356,-0.03539,-0.02954,-0.03078,-0.04368,-0.01450,-0.06366,-0.00457,-0.00399,0.00444,-0.00751,-0.02583,-0.02899,-0.01958,-0.00167,-0.04314,-0.02246,0.01395,-0.02375,0.01945,0.00031,0.00007,0.01320,-0.00862,-0.03190,0.00312,0.01169,-0.03966,-0.00064,0.02602,-0.02330,0.03298,0.01691,-0.00554,0.03477,0.00508,-0.02638,0.02191,0.01898,-0.03889,0.01591,0.03327,-0.02993
1142.4193,0,1,14.83,0.00,29.45,0.04430,0.00418,0.55345,0.72890,0.55196,0.4462,0,0,0.21961,-0.00098,0.06018,0.21953,-0.00098,0.06007,,,0.55196,0.00000,-0.20964,0.34636,1.43401,0.00000,1.00000,0.00000,-0.21000,0.34600,1.43400,0.00000,1.00000,42,0.19760,-0.08830,0.01494,0.19060,0.09130,0,0.97801,0.00000,0.00000,-0.20858,Left,0,359.35,297.65,337.73,281.79,322.35,262.00,317.31,243.04,319.00,224.37,334.53,221.48,335.63,202.16,330.33,201.93,325.60,215.39,355.76,224.54,355.00,203.07,347.46,231.82,345.08,247.69,375.75,232.07,374.89,216.94,365.93,243.32,363.30,256.70,395.24,245.08,392.87,230.46,382.98,248.16,378.31,258.26,-0.00000,-0.01739,-0.03091,-0.04473,-0.05538,-0.00779,-0.03483,-0.04701,-0.04935,-0.01102,-0.03912,-0.03849,-0.02792,-0.01920,-0.04726,-0.03338,-0.01458,-0.02916,-0.04610,-0.03425,-0.01947,0.00237,0.08276,0.04573,-0.02454,0.06018,0.02164,-0.03648,0.03940,0.00859,-0.04752,0.01563,-0.01346,-0.04528,-0.01060,-0.03261,-0.02847,-0.00386,0.00301,-0.02949,-0.02526,-0.01276,-0.03488,-0.02928,-0.02997,-0.04485,-0.01239,-0.06149,-0.00429,-0.00387,0.00431,-0.00787,-0.02562,-0.02914,-0.01992,-0.00113,-0.04248,-0.02319,0.01376,-0.02225,0.01903,0.00047,-0.00017,0.01285,-0.00870,-0.03192,0.00272,0.01138,-0.03912,-0.00039,0.02651,-0.02246,0.03207,0.01771,-0.00569,0.03383,0.00518,-0.02698,0.02120,0.01925,-0.03989,0.01544,0.03413,-0.02983
1142.4506,0,1,13.99,0.00,27.72,0.04442,0.00427,0.55449,0.73024,0.55554,0.4749,0,0,0.21961,-0.00098,0.06018,0.21953,-0.00098,0.06007,,,0.55554,0.00000,-0.20964,0.34636,1.43401,0.00000,1.00000,0.00000,-0.21000,0.34600,1.43400,0.00000,1.00000,42,0.19760,-0.08830,0.01494,0.19060,0.09130,0,0.97801,0.00000,0.00000,-0.20858,Left,0,359.38,297.86,339.28,283.76,323.20,264.12,317.53,246.17,318.44,227.12,335.29,222.27,335.50,202.44,330.35,202.33,326.05,214.25,356.05,224.74,355.46,203.03,347.75,230.62,345.24,247.17,376.16,232.15,375.59,216.96,366.02,242.84,362.49,256.91,395.30,244.69,393.36,231.05,382.91,248.58,377.62,259.38,-0.00000,-0.02037,-0.03599,-0.05145,-0.06407,-0.01202,-0.04035,-0.05464,-0.05874,-0.01448,-0.04391,-0.04592,-0.03744,-0.02194,-0.05147,-0.04101,-0.02447,-0.03124,-0.04970,-0.04002,-0.02672,0.00199,0.08373,0.04361,-0.02492,0.06118,0.02073,-0.03778,0.04090,0.00556,-0.04872,0.01794,-0.01800,-0.04865,-0.00791,-0.03571,-0.02803,-0.00357,0.00303,-0.03022,-0.02536,-0.01440,-0.03628,-0.02881,-0.03298,-0.04501,-0.01300,-0.06555,-0.00430,-0.00411,0.00429,-0.00795,-0.02607,-0.02866,-0.02058,-0.00264,-0.04394,-0.02398,0.01390,-0.02820,0.01920,0.00033,-0.00033,0.01234,-0.00865,-0.03234,0.00176,0.01163,-0.03997,-0.00202,0.02708,-0.02559,0.03193,0.01735,-0.00647,0.03360,0.00541,-0.02751,0.02044,0.01980,-0.03983,0.01422,0.03477,-0.03015
1142.4829,0,1,14.14,0.00,28.46,0.04420,0.00416,0.55390,0.74496,0.55331,0.4373,0,0,0.21961,-0.00098,0.06018,0.21953,-0.00098,0.06007,,,0.55331,0.00000,-0.20964,0.34636,1.43401,0.00000,1.00000,0.00000,-0.21000,0.34600,1.43400,0.00000,1.00000,42,0.19760,-0.08830,0.01494,0.19060,0.09130,0,0.97801,-0.00000,-0.00000,-0.20858,Left,0,359.17,297.39,338.06,282.86,322.55,264.05,316.84,246.38,317.91,227.72,334.63,222.01,335.11,202.25,329.74,202.52,325.45,215.59,355.61,224.57,355.04,203.05,346.77,231.93,344.39,247.81,375.75,231.87,375.22,216.69,365.65,243.26,362.84,256.77,395.17,244.49,393.12,230.82,383.30,248.14,379.17,257.83,-0.00000,-0.01966,-0.03461,-0.04952,-0.06131,-0.01088,-0.03881,-0.05165,-0.05448,-0.01331,-0.04251,-0.04279,-0.03269,-0.02077,-0.04983,-0.03721,-0.01898,-0.03011,-0.04779,-0.03686,-0.02253,0.00286,0.08307,0.04801,-0.02457,0.06116,0.02231,-0.03683,0.04140,0.00768,-0.04820,0.01905,-0.01717,-0.04789,-0.00736,-0.03603,-0.02842,-0.00322,0.00215,-0.03055,-0.02509,-0.01443,-0.03637,-0.02898,-0.03192,-0.04489,-0.01205,-0.06366,-0.00436,-0.00406,0.00376,-0.00773,-0.02555,-0.02977,-0.02020,-0.00115,-0.04383,-0.02366,0.01426,-0.02400,0.01964,-0.00009,0.00032,0.01326,-0.00912,-0.03228,0.00296,0.01188,-0.03957,-0.00078,0.02619,-0.02386,0.03240,0.01702,-0.00467,0.03442,0.00505,-0.02645,0.02212,0.01914,-0.03943,0.01694,0.03327,-0.02989
1142.5142,0,1,13.77,0.00,27.52,0.04434,0.00467,0.55808,0.73796,0.56225,0.4741,0,0,0.21961,-0.00098,0.06018,0.21953,-0.00098,0.06007,,,0.56225,0.00000,-0.20964,0.34636,1.43401,0.00000,1.00000,0.00000,-0.21000,0.34600,1.43400,0.00000,1.00000,42,0.19760,-0.08830,0.01494,0.19060,0.09130,0,0.97801,0.00000,-0.00000,-0.20858,Left,0,360.22,298.27,338.36,284.26,321.86,264.66,316.72,246.66,317.01,228.44,334.29,223.59,334.67,203.35,329.66,202.63,325.19,213.88,355.05,225.84,354.72,203.62,347.03,230.76,344.33,246.95,375.07,232.88,374.62,218.01,365.32,243.83,362.16,257.20,394.57,244.90,393.13,230.90,383.16,247.82,378.33,257.62,-0.00000,-0.01763,-0.03066,-0.04386,-0.05422,-0.00944,-0.03605,-0.04872,-0.05184,-0.01275,-0.04181,-0.04355,-0.03462,-0.02070,-0.04980,-0.03936,-0.02257,-0.03022,-0.04779,-0.03786,-0.02438,0.00324,0.08354,0.04407,-0.02435,0.06183,0.01966,-0.03736,0.04160,0.00564,-0.04849,0.01882,-0.01798,-0.04881,-0.00653,-0.03426,-0.02848,-0.00294,0.00254,-0.02986,-0.02550,-0.01391,-0.03638,-0.03007,-0.03158,-0.04472,-0.01489,-0.06357,-0.00444,-0.00420,0.00417,-0.00810,-0.02644,-0.02911,-0.02000,-0.00331,-0.04405,-0.02398,0.01257,-0.02639,0.01911,0.00017,0.00003,0.01267,-0.00844,-0.03207,0.00270,0.01212,-0.03988,-0.00123,0.02709,-0.02302,0.03285,0.01669,-0.00526,0.03452,0.00463,-0.02654,0.02175,0.01815,-0.03933,0.01630,0.03255,-0.02903
1142.5480,0,1,15.24,0.00,30.59,0.04412,0.00524,0.55819,0.73308,0.55831,0.4652,0,0,0.21961,-0.00098,0.06018,0.21953,-0.00098,0.06007,,,0.55831,0.00000,-0.20964,0.34636,1.43401,0.00000,1.00000,0.00000,-0.21000,0.34600,1.43400,0.00000,1.00000,42,0.19760,-0.08830,0.01494,0.19060,0.09130,0,0.97801,0.00000,-0.00000,-0.20858,Left,0,358.39,298.91,338.02,284.85,322.30,264.94,316.40,246.83,317.36,227.98,334.72,223.63,334.70,202.86,328.91,203.72,324.45,216.65,355.21,226.36,354.35,203.74,346.09,231.94,343.62,248.54,375.12,233.76,374.32,218.10,364.86,244.76,362.05,258.95,394.43,246.18,392.25,231.51,381.93,249.30,377.19,260.23,-0.00000,-0.01942,-0.03442,-0.04955,-0.06182,-0.01107,-0.03942,-0.05310,-0.05651,-0.01395,-0.04367,-0.04525,-0.03604,-0.02177,-0.05153,-0.04040,-0.02297,-0.03134,-0.04947,-0.03904,-0.02499,0.00203,0.08333,0.04377,-0.02498,0.06104,0.02059,-0.03755,0.04073,0.00605,-0.04887,0.01760,-0.01681,-0.04798,-0.00823,-0.03479,-0.02816,-0.00324,0.00326,-0.03024,-0.02582,-0.01324,-0.03660,-0.02948,-0.03213,-0.04536,-0.01182,-0.06436,-0.00434,-0.00409,0.00448,-0.00852,-0.02655,-0.02895,-0.02156,-0.00247,-0.04432,-0.02475,0.01401,-0.02734,0.01914,0.00043,-0.00038,0.01164,-0.00840,-0.03258,0.00169,0.01251,-0.03979,-0.00170,0.02852,-0.02445,0.03186,0.01768,-0.00641,0.03337,0.00502,-0.02823,0.01998,0.01985,-0.04105,0.01411,0.03492,-0.03064
1142.5807,0,1,16.49,0.00,29.63,0.04377,0.00534,0.55556,0.72350,0.55293,0.4698,0,0,0.21961,-0.00098,0.06018,0.21953,-0.00098,0.06007,,,0.55293,0.00000,-0.20964,0.34636,1.43401,0.00000,1.00000,0.00000,-0.21000,0.34600,1.43400,0.00000,1.00000,42,0.19760,-0.08830,0.01494,0.19060,0.09130,0,0.97801,0.00000,-0.00000,-0.20858,Left,0,359.63,299.50,338.50,285.33,322.04,265.87,316.29,247.58,317.45,228.39,333.66,223.23,334.23,203.52,329.34,202.66,325.23,214.78,354.87,225.79,354.33,204.43,346.87,233.01,344.53,249.44,375.05,233.07,374.03,218.86,364.70,245.52,361.76,259.17,394.45,245.74,392.45,232.30,381.70,250.38,376.00,260.91,-0.00000,-0.01997,-0.03479,-0.04940,-0.06080,-0.01085,-0.03875,-0.05200,-0.05525,-0.01329,-0.04323,-0.04428,-0.03465,-0.02075,-0.05080,-0.03874,-0.02079,-0.03008,-0.04885,-0.03824,-0.02404,0.00422,0.08377,0.04322,-0.02312,0.06191,0.02047,-0.03648,0.04163,0.00538,-0.04776,0.01927,-0.01772,-0.04723,-0.00763,-0.03583,-0.02840,-0.00322,0.00274,-0.03025,-0.02515,-0.01368,-0.03518,-0.02954,-0.03191,-0.04409,-0.01429,-0.06531,-0.00455,-0.00411,0.00457,-0.00774,-0.02586,-0.02958,-0.02011,-0.00163,-0.04408,-0.02264,0.01437,-0.02609,0.01923,-0.00005,-0.00013,0.01239,-0.00819,-0.03270,0.00218,0.01254,-0.03970,-0.00113,0.02753,-0.02385,0.03244,0.01690,-0.00600,0.03413,0.00544,-0.02843,0.02039,0.02000,-0.04104,0.01351,0.03486,-0.03027
1142.6113,0,1,14.89,0.00,27.35,0.04366,0.00558,0.55213,0.73103,0.54870,0.4626,0,0,0.21961,-0.00098,0.06018,0.21953,-0.00098,0.06007,,,0.54870,0.00000,-0.20964,0.34636,1.43401,0.00000,1.00000,0.00000,-0.21000,0.34600,1.43400,0.00000,1.00000,42,0.19760,-0.08830,0.01494,0.19060,0.09130,0,0.97801,-0.00000,-0.00000,-0.20858,Left,0,360.11,299.79,339.45,285.60,322.82,266.86,316.72,248.91,317.15,229.91,334.17,224.32,334.23,204.89,328.92,203.88,324.97,214.83,355.33,226.24,354.51,203.95,346.69,232.67,344.59,248.90,375.49,233.28,374.88,218.64,365.02,245.19,361.80,258.56,394.86,245.70,392.90,232.03,382.30,249.90,376.90,260.30,-0.00000,-0.01987,-0.03432,-0.04864,-0.05993,-0.00977,-0.03654,-0.04884,-0.05178,-0.01230,-0.04163,-0.04259,-0.03292,-0.01986,-0.04987,-0.03877,-0.02135,-0.02919,-0.04787,-0.03801,-0.02442,0.00479,0.08365,0.04453,-0.02256,0.06199,0.02090,-0.03596,0.04182,0.00612,-0.04775,0.01965,-0.01717,-0.04846,-0.00653,-0.03563,-0.02816,-0.00287,0.00253,-0.03077,-0.02450,-0.01400,-0.03611,-0.02915,-0.03169,-0.04509,-0.01457,-0.06377,-0.00424,-0.00415,0.00382,-0.00798,-0.02649,-0.02887,-0.02048,-0.00221,-0.04395,-0.02375,0.01355,-0.02532,0.01900,-0.00019,0.00003,0.01224,-0.00853,-0.03254,0.00207,0.01213,-0.03987,-0.00202,0.02659,-0.02339,0.03203,0.01653,-0.00510,0.03399,0.00470,-0.02682,0.02079,0.01934,-0.03990,0.01422,0.03392,-0.02984
1142.6429,0,1,14.55,0.00,27.57,0.04388,0.00619,0.55426,0.73840,0.55639,0.4503,0,0,0.21961,-0.00098,0.06018,0.21953,-0.00098,0.06007,,,0.55639,0.00000,-0.20964,0.34636,1.43401,0.00000,1.00000,0.00000,-0.21000,0.34600,1.43400,0.00000,1.00000,42,0.19760,-0.08830,0.01494,0.19060,0.09130,0,0.97801,0.00000,-0.00000,-0.20858,Left,0,360.08,300.30,339.21,285.63,323.13,267.22,316.79,248.97,317.69,229.58,334.36,224.74,334.94,204.85,329.31,203.91,325.08,216.58,355.26,227.43,354.45,204.89,346.82,233.44,344.75,249.41,375.21,234.47,374.57,218.74,365.47,245.04,362.89,258.62,394.71,246.95,392.18,232.43,382.21,250.35,377.64,260.96,-0.00000,-0.01924,-0.03451,-0.04982,-0.06198,-0.01016,-0.03776,-0.05031,-0.05304,-0.01288,-0.04163,-0.04135,-0.03097,-0.02065,-0.04912,-0.03545,-0.01684,-0.03037,-0.04775,-0.03621,-0.02168,0.00451,0.08310,0.04655,-0.02322,0.06116,0.02219,-0.03603,0.04198,0.00772,-0.04807,0.01892,-0.01614,-0.04727,-0.00812,-0.03561,-0.02872,-0.00323,0.00284,-0.03080,-0.02569,-0.01290,-0.03559,-0.03009,-0.03108,-0.04515,-0.01360,-0.06408,-0.00395,-0.00389,0.00382,-0.00784,-0.02705,-0.02867,-0.02041,-0.00239,-0.04323,-0.02379,0.01324,-0.02506,0.01924,-0.00032,-0.00009,0.01261,-0.00945,-0.03225,0.00212,0.01091,-0.03972,-0.00060,0.02535,-0.02497,0.03193,0.01714,-0.00577,0.03393,0.00447,-0.02697,0.02057,0.01914,-0.03990,0.01510,0.03404,-0.03085
1142.6909,0,1,14.12,0.00,44.73,0.04439,0.00637,0.55629,0.73136,0.55831,0.4502,0,0,0.21961,-0.00098,0.06018,0.21953,-0.00098,0.06007,,,0.55831,0.00000,-0.20964,0.34636,1.43401,0.00000,1.00000,0.00000,-0.21000,0.34600,1.43400,0.00000,1.00000,42,0.19760,-0.08830,0.01494,0.19060,0.09130,0,0.97801,-0.00000,-0.00000,-0.20858,Left,0,360.35,300.15,339.28,285.61,323.04,266.54,316.42,248.34,317.59,229.01,335.34,224.47,335.03,204.79,329.03,204.08,324.81,216.17,356.05,226.93,354.94,204.16,347.10,232.65,345.28,248.92,375.94,234.19,374.89,219.42,365.36,246.14,362.79,259.60,395.17,246.74,392.72,232.54,382.29,250.51,377.36,260.99,-0.00000,-0.01855,-0.03264,-0.04683,-0.05801,-0.00888,-0.03584,-0.04795,-0.05047,-0.01183,-0.04111,-0.04171,-0.03160,-0.01970,-0.04931,-0.03742,-0.01939,-0.02924,-0.04751,-0.03712,-0.02311,0.00423,0.08400,0.04334,-0.02331,0.06151,0.02099,-0.03717,0.04141,0.00708,-0.04913,0.01816,-0.01529,-0.04855,-0.00859,-0.03433,-0.02841,-0.00377,0.00338,-0.03150,-0.02572,-0.01263,-0.03643,-0.02985,-0.03053,-0.04617,-0.01382,-0.06271,-0.00391,-0.00409,0.00410,-0.00792,-0.02745,-0.02783,-0.02100,-0.00346,-0.04308,-0.02407,0.01259,-0.02498,0.01889,-0.00003,-0.00054,0.01175,-0.00840,-0.03239,0.00145,0.01260,-0.03873,-0.00126,0.02677,-0.02318,0.03132,0.01769,-0.00698,0.03323,0.00480,-0.02825,0.01955,0.01951,-0.04084,0.01381,0.03448,-0.03093
1142.7217,0,1,13.57,0.00,27.62,0.04425,0.00674,0.55360,0.73687,0.55091,0.4608,0,0,0.21961,-0.00098,0.06018,0.21953,-0.00098,0.06007,,,0.55091,0.00000,-0.20964,0.34636,1.43401,0.00000,1.00000,0.00000,-0.21000,0.34600,1.43400,0.00000,1.00000,42,0.19760,-0.08830,0.01494,0.19060,0.09130,0,0.97801,0.00000,-0.00000,-0.20858,Left,0,360.83,301.07,340.06,286.98,323.37,268.50,317.67,250.26,318.60,231.00,334.33,225.46,334.66,206.00,329.70,204.12,325.98,215.43,355.52,227.59,354.81,205.28,347.64,233.99,345.77,250.15,375.73,234.57,375.22,219.98,366.37,246.98,363.78,260.48,395.44,247.09,393.36,233.07,383.49,251.11,378.66,261.31,-0.00000,-0.01938,-0.03400,-0.04841,-0.05964,-0.01038,-0.03745,-0.04954,-0.05210,-0.01307,-0.04253,-0.04265,-0.03223,-0.02070,-0.05041,-0.03748,-0.01885,-0.03014,-0.04826,-0.03711,-0.02261,0.00559,0.08394,0.04603,-0.02224,0.06232,0.02139,-0.03536,0.04278,0.00673,-0.04696,0.02021,-0.01810,-0.04730,-0.00705,-0.03660,-0.02862,-0.00333,0.00228,-0.03136,-0.02587,-0.01397,-0.03546,-0.03094,-0.03135,-0.04437,-0.01530,-0.06497,-0.00400,-0.00380,0.00354,-0.00758,-0.02765,-0.02860,-0.01980,-0.00292,-0.04317,-0.02301,0.01344,-0.02534,0.01897,-0.00067,0.00019,0.01295,-0.00910,-0.03224,0.00280,0.01208,-0.03984,-0.00010,0.02654,-0.02378,0.03208,0.01696,-0.00510,0.03433,0.00478,-0.02666,0.02144,0.01903,-0.03940,0.01610,0.03339,-0.03001
1142.7554,0,1,14.97,0.00,30.33,0.04443,0.00699,0.55443,0.72207,0.55527,0.4239,0,0,0.21961,-0.00098,0.06018,0.21953,-0.00098,0.06007,,,0.55527,0.00000,-0.20964,0.34636,1.43401,0.00000,1.00000,0.00000,-0.21000,0.34600,1.43400,0.00000,1.00000,42,0.19760,-0.08830,0.01494,0.19060,0.09130,0,0.97801,0.00000,0.00000,-0.20858,Left,0,360.04,301.38,339.24,286.83,323.18,266.89,317.08,248.31,318.40,229.24,335.09,225.02,335.87,205.37,329.34,205.77,324.41,218.82,355.98,227.60,355.25,205.76,347.16,234.99,345.31,250.87,375.98,234.80,375.24,219.97,365.62,246.88,363.12,260.06,395.55,247.29,393.00,233.93,382.64,252.07,378.04,262.12,-0.00000,-0.01808,-0.03187,-0.04583,-0.05672,-0.00840,-0.03558,-0.04782,-0.05034,-0.01151,-0.03977,-0.03933,-0.02887,-0.01964,-0.04821,-0.03533,-0.01715,-0.02953,-0.04704,-0.03608,-0.02192,0.00351,0.08388,0.04280,-0.02349,0.06155,0.02082,-0.03665,0.04110,0.00689,-0.04864,0.01766,-0.01467,-0.04709,-0.00887,-0.03376,-0.02827,-0.00344,0.00375,-0.03006,-0.02505,-0.01230,-0.03618,-0.02856,-0.03006,-0.04629,-0.01172,-0.06095,-0.00419,-0.00414,0.00460,-0.00810,-0.02608,-0.02849,-0.02108,-0.00118,-0.04250,-0.02360,0.01480,-0.02353,0.01921,0.00028,-0.00075,0.01144,-0.00814,-0.03245,0.00165,0.01267,-0.03900,-0.00096,0.02782,-0.02252,0.03196,0.01718,-0.00691,0.03330,0.00554,-0.02858,0.01995,0.02093,-0.04067,0.01438,0.03545,-0.03041
1142.7868,0,1,14.51,0.00,27.95,0.04428,0.00703,0.55128,0.71264,0.54813,0.4291,0,0,0.21961,-0.00098,0.06018,0.21953,-0.00098,0.06007,,,0.54813,0.00000,-0.20964,0.34636,1.43401,0.00000,1.00000,0.00000,-0.21000,0.34600,1.43400,0.00000,1.00000,42,0.19760,-0.08830,0.01494,0.19060,0.09130,0,0.97801,0.00000,-0.00000,-0.20858,Left,0,359.76,302.12,339.19,287.70,323.25,268.13,317.53,250.48,318.12,231.99,334.94,224.55,335.37,205.63,329.50,206.27,324.57,219.80,356.26,227.12,355.47,206.15,347.86,235.19,345.61,251.76,376.43,234.53,375.81,220.39,366.19,246.75,363.09,260.30,395.78,247.50,393.68,234.21,383.07,252.17,377.77,262.49,-0.00000,-0.01816,-0.03194,-0.04572,-0.05634,-0.00882,-0.03598,-0.04880,-0.05182,-0.01200,-0.04029,-0.04060,-0.03088,-0.02015,-0.04860,-0.03636,-0.01888,-0.03007,-0.04775,-0.03708,-0.02321,0.00353,0.08356,0.04376,-0.02376,0.06147,0.02066,-0.03620,0.04159,0.00638,-0.04771,0.02033,-0.01684,-0.04743,-0.00602,-0.03598,-0.02847,-0.00322,0.00319,-0.03028,-0.02436,-0.01384,-0.03616,-0.02775,-0.03148,-0.04628,-0.01016,-0.06324,-0.00435,-0.00410,0.00413,-0.00766,-0.02515,-0.02886,-0.02041,-0.00053,-0.04352,-0.02352,0.01527,-0.02601,0.01898,-0.00004,-0.00047,0.01217,-0.00801,-0.03243,0.00246,0.01264,-0.04007,-0.00114,0.02693,-0.02515,0.03181,0.01697,-0.00651,0.03348,0.00560,-0.02804,0.02020,0.02056,-0.04058,0.01414,0.03500,-0.03047
1142.8183,0,1,14.21,0.00,28.06,0.04497,0.00746,0.55637,0.72962,0.56145,0.4125,0,0,0.21961,-0.00098,0.06018,0.21953,-0.00098,0.06007,,,0.56145,0.00000,-0.20964,0.34636,1.43401,0.00000,1.00000,0.00000,-0.21000,0.34600,1.43400,0.00000,1.00000,42,0.19760,-0.08830,0.01494,0.19060,0.09130,0,0.97801,0.00000,-0.00000,-0.20858,Left,0,360.25,301.58,339.63,287.05,323.36,267.54,316.98,249.96,317.87,231.07,336.26,225.54,335.71,204.51,329.14,206.87,324.28,220.71,356.64,228.25,355.76,205.63,347.44,234.64,345.63,250.87,376.49,235.60,375.42,220.06,365.87,247.13,363.55,260.64,395.72,247.96,393.56,233.98,383.40,251.55,379.18,261.33,-0.00000,-0.01905,-0.03396,-0.04919,-0.06145,-0.01031,-0.03865,-0.05224,-0.05561,-0.01333,-0.04291,-0.04437,-0.03505,-0.02131,-0.05070,-0.03931,-0.02173,-0.03108,-0.04836,-0.03757,-0.02336,0.00286,0.08349,0.04415,-0.02472,0.06142,0.02146,-0.03810,0.04130,0.00684,-0.05004,0.01895,-0.01674,-0.04953,-0.00707,-0.03557,-0.02816,-0.00354,0.00306,-0.03107,-0.02568,-0.01372,-0.03796,-0.02772,-0.03152,-0.04707,-0.01010,-0.06184,-0.00437,-0.00425,0.00425,-0.00838,-0.02578,-0.02968,-0.02148,-0.00132,-0.04448,-0.02428,0.01446,-0.02622,0.01934,0.00060,-0.00057,0.01139,-0.00804,-0.03348,0.00114,0.01295,-0.04081,-0.00139,0.02813,-0.02424,0.03200,0.01743,-0.00616,0.03365,0.00526,-0.02806,0.02032,0.02006,-0.04105,0.01538,0.03374,-0.03091
1142.8502,0,1,13.62,0.00,28.52,0.04520,0.00796,0.55658,0.73096,0.55678,0.4619,0,0,0.21961,-0.00098,0.06018,0.21953,-0.00098,0.06007,,,0.55678,0.00000,-0.20964,0.34636,1.43401,0.00000,1.00000,0.00000,-0.21000,0.34600,1.43400,0.00000,1.00000,42,0.19760,-0.08830,0.01494,0.19060,0.09130,0,0.97801,0.00000,-0.00000,-0.20858,Left,0,361.80,302.36,340.92,288.02,323.89,269.05,317.20,250.47,318.43,231.16,335.58,226.61,335.22,206.45,330.06,206.03,326.52,218.20,356.34,228.97,355.48,206.15,348.00,235.61,346.32,252.14,376.44,235.97,375.73,220.46,366.39,247.29,363.85,260.85,395.97,248.24,393.91,233.96,383.78,251.93,379.15,262.24,-0.00000,-0.02017,-0.03540,-0.05059,-0.06262,-0.01013,-0.03777,-0.05066,-0.05371,-0.01249,-0.04200,-0.04252,-0.03240,-0.01999,-0.04959,-0.03719,-0.01896,-0.02938,-0.04717,-0.03616,-0.02187,0.00546,0.08347,0.04463,-0.02232,0.06208,0.02084,-0.03571,0.04182,0.00703,-0.04867,0.01887,-0.01653,-0.04891,-0.00731,-0.03445,-0.02834,-0.00315,0.00285,-0.03098,-0.02515,-0.01366,-0.03629,-0.02936,-0.03120,-0.04431,-0.01337,-0.06322,-0.00432,-0.00413,0.00402,-0.00818,-0.02649,-0.02936,-0.02043,-0.00178,-0.04405,-0.02263,0.01436,-0.02535,0.01901,0.00001,-0.00005,0.01199,-0.00909,-0.03279,0.00237,0.01191,-0.04084,-0.00076,0.02667,-0.02446,0.03232,0.01697,-0.00543,0.03373,0.00478,-0.02721,0.02138,0.01924,-0.04027,0.01560,0.03349,-0.03029
1142.8819,0,1,13.83,0.00,28.61,0.04509,0.00847,0.55421,0.73883,0.55185,0.4740,0,0,0.21961,-0.00098,0.06018,0.21953,-0.00098,0.06007,,,0.55185,0.00000,-0.20964,0.34636,1.43401,0.00000,1.00000,0.00000,-0.21000,0.34600,1.43400,0.00000,1.00000,42,0.19760,-0.08830,0.01494,0.19060,0.09130,0,0.97801,-0.00000,0.00000,-0.20858,Left,0,361.31,302.48,340.29,288.58,323.82,269.45,317.92,251.57,317.86,232.65,335.77,227.74,335.43,207.62,330.03,206.98,325.70,218.15,356.42,229.58,355.26,207.03,347.79,233.94,345.24,250.84,376.46,236.59,375.50,221.08,366.24,246.37,362.95,260.45,395.88,248.69,393.54,234.58,383.29,251.72,378.14,262.74,-0.00000,-0.01917,-0.03359,-0.04805,-0.05968,-0.01047,-0.03780,-0.05143,-0.05527,-0.01338,-0.04257,-0.04505,-0.03687,-0.02112,-0.05049,-0.04101,-0.02507,-0.03053,-0.04890,-0.03987,-0.02707,0.00401,0.08332,0.04563,-0.02354,0.06171,0.02165,-0.03686,0.04146,0.00606,-0.04808,0.01942,-0.01840,-0.05004,-0.00606,-0.03704,-0.02797,-0.00315,0.00235,-0.03090,-0.02463,-0.01524,-0.03651,-0.02826,-0.03323,-0.04595,-0.01347,-0.06586,-0.00416,-0.00429,0.00388,-0.00836,-0.02653,-0.02866,-0.02132,-0.00329,-0.04495,-0.02472,0.01364,-0.02943,0.01895,-0.00016,-0.00010,0.01184,-0.00884,-0.03161,0.00119,0.01130,-0.04053,-0.00244,0.02632,-0.02621,0.03177,0.01665,-0.00511,0.03309,0.00456,-0.02630,0.02027,0.01861,-0.03938,0.01373,0.03379,-0.03062
1142.9155,0,1,14.62,0.00,30.48,0.04504,0.00851,0.55316,0.73015,0.55211,0.4327,0,0,0.21961,-0.00098,0.06018,0.21953,-0.00098,0.06007,,,0.55211,0.00000,-0.20964,0.34636,1.43401,0.00000,1.00000,0.00000,-0.21000,0.34600,1.43400,0.00000,1.00000,42,0.19760,-0.08830,0.01494,0.19060,0.09130,0,0.97801,-0.00000,0.00000,-0.20858,Left,0,360.78,301.92,339.86,287.37,323.23,268.07,316.56,249.92,317.61,230.97,335.97,226.47,335.69,206.76,329.61,206.57,325.14,218.60,356.49,229.12,355.25,207.26,347.29,236.03,345.56,251.80,376.60,236.43,375.49,221.26,365.89,247.84,363.18,261.38,396.04,249.01,393.44,235.01,382.59,252.69,377.30,263.24,-0.00000,-0.01983,-0.03512,-0.05042,-0.06270,-0.01116,-0.03872,-0.05146,-0.05446,-0.01380,-0.04275,-0.04308,-0.03313,-0.02146,-0.05083,-0.03878,-0.02093,-0.03094,-0.04894,-0.03825,-0.02413,0.00326,0.08277,0.04491,-0.02370,0.06044,0.02220,-0.03722,0.04021,0.00745,-0.04947,0.01758,-0.01519,-0.04849,-0.00867,-0.03443,-0.02790,-0.00374,0.00350,-0.03055,-0.02505,-0.01338,-0.03667,-0.02829,-0.03091,-0.04623,-0.01292,-0.06166,-0.00417,-0.00405,0.00445,-0.00866,-0.02535,-0.02898,-0.02137,-0.00119,-0.04280,-0.02435,0.01444,-0.02389,0.01892,0.00050,-0.00063,0.01172,-0.00813,-0.03250,0.00086,0.01190,-0.03941,-0.00208,0.02727,-0.02334,0.03156,0.01745,-0.00651,0.03325,0.00529,-0.02792,0.01944,0.01985,-0.04036,0.01280,0.03439,-0.03048
1142.9467,0,1,14.81,0.00,27.28,0.04495,0.00884,0.55628,0.74779,0.55941,0.4437,0,0,0.21961,-0.00098,0.06018,0.21953,-0.00098,0.06007,,,0.55941,0.00000,-0.20964,0.34636,1.43401,0.00000,1.00000,0.00000,-0.21000,0.34600,1.43400,0.00000,1.00000,42,0.19760,-0.08830,0.01494,0.19060,0.09130,0,0.97801,-0.00000,-0.00000,-0.20858,Left,0,360.64,301.94,339.80,288.39,322.80,269.47,316.27,251.57,316.71,232.77,334.83,227.32,334.71,206.34,328.79,207.75,324.30,220.64,355.65,229.91,354.84,207.37,347.08,236.15,345.12,252.16,375.77,237.07,374.78,221.48,365.73,248.30,363.38,261.62,395.35,249.17,392.70,235.15,383.04,253.24,379.09,263.21,-0.00000,-0.01961,-0.03494,-0.05018,-0.06253,-0.01246,-0.04025,-0.05317,-0.05626,-0.01514,-0.04421,-0.04496,-0.03542,-0.02265,-0.05173,-0.03982,-0.02225,-0.03193,-0.04948,-0.03861,-0.02451,0.00424,0.08279,0.04707,-0.02336,0.06129,0.02243,-0.03712,0.04150,0.00734,-0.04969,0.01924,-0.01691,-0.04954,-0.00673,-0.03568,-0.02843,-0.00320,0.00256,-0.03070,-0.02549,-0.01445,-0.03746,-0.02833,-0.03247,-0.04600,-0.01149,-0.06387,-0.00450,-0.00422,0.00416,-0.00864,-0.02607,-0.02995,-0.02112,-0.00140,-0.04493,-0.02379,0.01455,-0.02686,0.01969,0.00030,0.00003,0.01173,-0.00866,-0.03298,0.00197,0.01247,-0.04070,-0.00088,0.02766,-0.02439,0.03277,0.01713,-0.00502,0.03356,0.00511,-0.02695,0.02093,0.02006,-0.03986,0.01636,0.03411,-0.02980
1142.9797,0,1,14.93,0.00,29.01,0.04481,0.00938,0.55595,0.73793,0.55562,0.4871,0,0,0.21961,-0.00098,0.06018,0.21953,-0.00098,0.06007,,,0.55562,0.00000,-0.20964,0.34636,1.43401,0.00000,1.00000,0.00000,-0.21000,0.34600,1.43400,0.00000,1.00000,42,0.19760,-0.08830,0.01494,0.19060,0.09130,0,0.97801,-0.00000,0.00000,-0.20858,Left,0,360.83,303.05,340.06,289.13,323.11,270.30,316.37,252.87,316.81,234.24,335.18,228.29,334.15,207.44,328.08,208.32,323.68,219.91,355.71,230.56,354.30,207.65,346.50,235.44,344.47,251.10,375.81,237.68,375.00,221.45,365.65,247.45,362.74,260.60,395.23,249.87,393.27,235.13,383.16,252.66,378.56,263.00,-0.00000,-0.01924,-0.03410,-0.04906,-0.06127,-0.01140,-0.03889,-0.05240,-0.05630,-0.01452,-0.04354,-0.04558,-0.03725,-0.02244,-0.05160,-0.04117,-0.02475,-0.03210,-0.04985,-0.03980,-0.02645,0.00400,0.08265,0.04596,-0.02363,0.06097,0.02243,-0.03712,0.04125,0.00786,-0.04935,0.01942,-0.01640,-0.05025,-0.00544,-0.03404,-0.02785,-0.00304,0.00306,-0.03107,-0.02534,-0.01434,-0.03792,-0.02862,-0.03228,-0.04667,-0.01281,-0.06410,-0.00401,-0.00415,0.00397,-0.00912,-0.02671,-0.02914,-0.02186,-0.00298,-0.04469,-0.02474,0.01304,-0.02898,0.01909,-0.00001,-0.00035,0.01148,-0.00939,-0.03204,0.00134,0.01062,-0.04098,-0.00212,0.02566,-0.02644,0.03233,0.01693,-0.00539,0.03351,0.00441,-0.02647,0.02060,0.01824,-0.03955,0.01515,0.03267,-0.03035
1143.0105,0,1,14.21,0.00,27.51,0.04485,0.00934,0.55851,0.74110,0.56107,0.4410,0,0,0.21961,-0.00098,0.06018,0.21953,-0.00098,0.06007,,,0.56107,0.00000,-0.20964,0.34636,1.43401,0.00000,1.00000,0.00000,-0.21000,0.34600,1.43400,0.00000,1.00000,42,0.19760,-0.08830,0.01494,0.19060,0.09130,0,0.97801,0.00000,0.00000,-0.20858,Left,0,360.73,302.39,339.28,288.16,322.62,268.86,316.21,250.84,317.18,232.05,334.95,227.67,334.59,207.40,328.67,207.65,324.47,219.79,355.53,229.91,354.45,207.31,346.25,236.24,344.48,252.28,375.52,236.94,374.27,221.71,364.69,248.41,362.45,261.47,395.03,249.01,392.32,235.16,382.28,252.66,378.40,262.41,-0.00000,-0.01869,-0.03325,-0.04810,-0.06003,-0.00983,-0.03740,-0.04994,-0.05268,-0.01301,-0.04244,-0.04306,-0.03296,-0.02114,-0.05053,-0.03888,-0.02109,-0.03101,-0.04845,-0.03789,-0.02390,0.00483,0.08375,0.04425,-0.02332,0.06157,0.02121,-0.03726,0.04136,0.00665,-0.04972,0.01810,-0.01556,-0.04958,-0.00814,-0.03452,-0.02827,-0.00335,0.00326,-0.03119,-0.02534,-0.01327,-0.03721,-0.02898,-0.03119,-0.04643,-0.01293,-0.06239,-0.00424,-0.00436,0.00431,-0.00861,-0.02656,-0.02897,-0.02155,-0.00172,-0.04395,-0.02436,0.01421,-0.02459,0.01931,0.00029,-0.00040,0.01127,-0.00830,-0.03282,0.00116,0.01256,-0.03964,-0.00133,0.02721,-0.02270,0.03222,0.01718,-0.00597,0.03331,0.00495,-0.02754,0.02036,0.01947,-0.03969,0.01557,0.03343,-0.02949
1143.0441,0,1,15.29,0.00,30.50,0.04486,0.00936,0.55895,0.74232,0.55938,0.4409,0,0,0.21961,-0.00098,0.06018,0.21953,-0.00098,0.06007,,,0.55938,0.00000,-0.20964,0.34636,1.43401,0.00000,1.00000,0.00000,-0.21000,0.34600,1.43400,0.00000,1.00000,42,0.19760,-0.08830,0.01494,0.19060,0.09130,0,0.97801,0.00000,0.00000,-0.20858,Left,0,360.37,302.43,339.51,288.51,322.99,268.91,316.52,250.84,316.72,232.27,335.17,227.58,334.34,206.69,328.26,207.43,324.28,219.91,355.74,230.08,354.46,207.44,346.42,236.32,344.84,252.49,375.80,237.18,374.70,221.74,365.28,248.82,363.00,262.45,395.24,249.27,392.83,234.80,382.59,252.97,378.20,263.53,-0.00000,-0.01882,-0.03319,-0.04771,-0.05940,-0.01034,-0.03758,-0.05014,-0.05298,-0.01324,-0.04228,-0.04301,-0.03321,-0.02100,-0.05053,-0.03897,-0.02124,-0.03042,-0.04842,-0.03784,-0.02372,0.00388,0.08351,0.04518,-0.02345,0.06129,0.02148,-0.03723,0.04103,0.00709,-0.04928,0.01838,-0.01603,-0.04927,-0.00769,-0.03493,-0.02834,-0.00345,0.00291,-0.03124,-0.02533,-0.01385,-0.03761,-0.02859,-0.03181,-0.04609,-0.01186,-0.06286,-0.00428,-0.00416,0.00426,-0.00867,-0.02596,-0.02910,-0.02163,-0.00129,-0.04411,-0.02428,0.01471,-0.02568,0.01919,0.00033,-0.00026,0.01128,-0.00816,-0.03272,0.00149,0.01291,-0.03989,-0.00143,0.02835,-0.02377,0.03204,0.01731,-0.00596,0.03366,0.00464,-0.02764,0.02047,0.01960,-0.04051,0.01499,0.03432,-0.03038
1143.0741,0,1,13.78,0.00,26.72,0.04465,0.00937,0.55774,0.73786,0.55652,0.4500,0,0,0.21961,-0.00098,0.06018,0.21953,-0.00098,0.06007,,,0.55652,0.00000,-0.20964,0.34636,1.43401,0.00000,1.00000,0.00000,-0.21000,0.34600,1.43400,0.00000,1.00000,42,0.19760,-0.08830,0.01494,0.19060,0.09130,0,0.97801,0.00000,-0.00000,-0.20858,Left,0,359.81,302.71,339.34,289.18,322.88,269.77,316.47,252.18,316.47,233.59,335.11,227.31,334.65,206.31,328.24,208.04,323.37,220.96,355.71,229.93,354.07,208.02,346.02,237.08,344.30,253.34,375.63,237.21,374.14,221.97,364.72,248.86,362.52,262.50,395.05,249.49,392.59,235.19,382.23,252.94,377.93,263.24,-0.00000,-0.01939,-0.03440,-0.04952,-0.06170,-0.01154,-0.03922,-0.05226,-0.05545,-0.01433,-0.04333,-0.04434,-0.03504,-0.02202,-0.05102,-0.03951,-0.02217,-0.03150,-0.04887,-0.03828,-0.02439,0.00358,0.08351,0.04492,-0.02390,0.06139,0.02137,-0.03706,0.04157,0.00685,-0.04885,0.01989,-0.01705,-0.04944,-0.00590,-0.03531,-0.02797,-0.00325,0.00298,-0.03065,-0.02560,-0.01363,-0.03717,-0.02811,-0.03201,-0.04642,-0.01149,-0.06348,-0.00439,-0.00427,0.00434,-0.00850,-0.02571,-0.02975,-0.02173,-0.00087,-0.04444,-0.02356,0.01556,-0.02625,0.01941,0.00012,-0.00053,0.01151,-0.00839,-0.03275,0.00116,0.01247,-0.04034,-0.00132,0.02811,-0.02407,0.03231,0.01693,-0.00580,0.03362,0.00495,-0.02821,0.02025,0.01921,-0.04060,0.01476,0.03375,-0.03018
1143.1231,0,1,14.75,0.00,45.86,0.04453,0.00958,0.55677,0.72522,0.55581,0.4537,0,0,0.21961,-0.00098,0.06018,0.21953,-0.00098,0.06007,,,0.55581,0.00000,-0.20964,0.34636,1.43401,0.00000,1.00000,0.00000,-0.21000,0.34600,1.43400,0.00000,1.00000,42,0.19760,-0.08830,0.01494,0.19060,0.09130,0,0.97801,-0.00000,0.00000,-0.20858,Left,0,360.76,303.70,339.76,289.92,322.74,270.41,315.93,252.23,316.46,233.39,334.65,227.93,333.41,207.60,326.88,207.98,322.58,219.72,355.37,230.20,353.84,207.51,345.95,236.98,344.96,252.93,375.57,237.33,373.96,222.06,364.41,249.24,362.55,262.17,395.09,249.65,392.46,235.14,382.12,253.45,378.01,263.70,-0.00000,-0.01956,-0.03377,-0.04797,-0.05921,-0.00972,-0.03671,-0.04906,-0.05196,-0.01232,-0.04148,-0.04211,-0.03217,-0.01996,-0.04977,-0.03805,-0.02018,-0.02935,-0.04749,-0.03690,-0.02285,0.00539,0.08391,0.04237,-0.02276,0.06207,0.01962,-0.03676,0.04208,0.00615,-0.04935,0.01960,-0.01699,-0.04912,-0.00671,-0.03371,-0.02803,-0.00262,0.00310,-0.03172,-0.02493,-0.01274,-0.03843,-0.02893,-0.03063,-0.04686,-0.01327,-0.06209,-0.00447,-0.00428,0.00460,-0.00886,-0.02648,-0.02928,-0.02143,-0.00190,-0.04342,-0.02265,0.01364,-0.02394,0.01951,-0.00010,-0.00054,0.01119,-0.00859,-0.03282,0.00161,0.01220,-0.03991,-0.00096,0.02716,-0.02264,0.03269,0.01675,-0.00616,0.03373,0.00465,-0.02845,0.02029,0.01905,-0.04115,0.01554,0.03342,-0.02993
1143.1551,0,1,15.03,0.00,28.52,0.04425,0.00996,0.55604,0.73192,0.55532,0.4350,0,0,0.21961,-0.00098,0.06018,0.21953,-0.00098,0.06007,,,0.55532,0.00000,-0.20964,0.34636,1.43401,0.00000,1.00000,0.00000,-0.21000,0.34600,1.43400,0.00000,1.00000,42,0.19760,-0.08830,0.01494,0.19060,0.09130,0,0.97801,-0.00000,0.00000,-0.20858,Left,0,360.28,303.75,338.61,288.88,322.16,269.15,316.26,251.80,316.53,233.93,334.22,228.61,333.75,207.61,327.67,209.14,322.93,220.94,354.97,230.84,353.78,207.95,346.04,235.92,343.93,252.67,375.19,238.06,374.03,222.44,364.62,249.55,361.58,263.63,394.72,250.33,392.35,235.83,381.87,253.94,376.79,264.63,-0.00000,-0.01756,-0.03074,-0.04434,-0.05526,-0.00887,-0.03598,-0.04952,-0.05339,-0.01267,-0.04262,-0.04578,-0.03777,-0.02106,-0.05111,-0.04142,-0.02486,-0.03094,-0.04897,-0.03896,-0.02534,0.00312,0.08328,0.04450,-0.02429,0.06126,0.02098,-0.03699,0.04068,0.00704,-0.04844,0.01827,-0.01603,-0.04842,-0.00636,-0.03403,-0.02824,-0.00316,0.00311,-0.03058,-0.02532,-0.01408,-0.03745,-0.02829,-0.03134,-0.04658,-0.01187,-0.06144,-0.00426,-0.00414,0.00422,-0.00891,-0.02651,-0.02862,-0.02142,-0.00288,-0.04395,-0.02430,0.01364,-0.02739,0.01914,0.00028,-0.00043,0.01151,-0.00852,-0.03236,0.00128,0.01233,-0.04017,-0.00215,0.02879,-0.02378,0.03222,0.01719,-0.00577,0.03358,0.00476,-0.02765,0.01994,0.01934,-0.04053,0.01432,0.03451,-0.03011
1143.1874,0,1,15.04,0.00,28.98,0.04424,0.01020,0.55449,0.73755,0.55294,0.4703,0,0,0.21961,-0.00098,0.06018,0.21953,-0.00098,0.06007,,,0.55294,0.00000,-0.20964,0.34636,1.43401,0.00000,1.00000,0.00000,-0.21000,0.34600,1.43400,0.00000,1.00000,42,0.19760,-0.08830,0.01494,0.19060,0.09130,0,0.97801,-0.00000,0.00000,-0.20858,Left,0,360.06,303.60,339.60,289.95,322.58,271.08,315.22,253.61,315.12,234.64,335.17,228.61,334.51,207.74,327.84,208.06,322.87,219.94,355.66,231.11,353.74,208.57,345.80,237.52,344.32,253.78,375.72,238.36,373.80,222.83,364.13,250.00,361.77,263.73,395.09,250.63,392.24,236.17,381.29,254.33,376.36,265.19,-0.00000,-0.02007,-0.03571,-0.05142,-0.06432,-0.01248,-0.04094,-0.05456,-0.05806,-0.01520,-0.04540,-0.04693,-0.03765,-0.02286,-0.05344,-0.04246,-0.02498,-0.03225,-0.05107,-0.04090,-0.02697,0.00429,0.08302,0.04500,-0.02329,0.06119,0.02218,-0.03747,0.04156,0.00711,-0.04991,0.02014,-0.01689,-0.05085,-0.00572,-0.03561,-0.02768,-0.00309,0.00331,-0.03093,-0.02514,-0.01330,-0.03772,-0.02913,-0.03209,-0.04738,-0.01337,-0.06435,-0.00428,-0.00422,0.00432,-0.00929,-0.02588,-0.02968,-0.02262,-0.00127,-0.04465,-0.02449,0.01476,-0.02641,0.01930,0.00015,-0.00070,0.01046,-0.00813,-0.03321,0.00018,0.01293,-0.03996,-0.00289,0.02825,-0.02368,0.03187,0.01729,-0.00633,0.03276,0.00532,-0.02857,0.01879,0.01987,-0.04088,0.01237,0.03433,-0.02998
1143.2183,0,1,13.79,0.00,27.73,0.04421,0.01051,0.55583,0.74629,0.55718,0.4495,0,0,0.21961,-0.00098,0.06018,0.21953,-0.00098,0.06007,,,0.55718,0.00000,-0.20964,0.34636,1.43401,0.00000,1.00000,0.00000,-0.21000,0.34600,1.43400,0.00000,1.00000,42,0.19760,-0.08830,0.01494,0.19060,0.09130,0,0.97801,0.00000,0.00000,-0.20858,Left,0,359.97,303.23,339.22,289.93,322.47,270.87,315.80,253.61,315.61,235.51,334.76,229.09,333.78,207.32,326.71,209.51,321.71,222.41,355.28,231.55,353.79,208.62,345.53,237.16,343.80,254.08,375.21,238.88,373.82,222.54,363.98,248.98,361.28,263.05,394.56,251.09,392.14,236.14,381.61,253.70,377.02,264.63,-0.00000,-0.01877,-0.03326,-0.04790,-0.05979,-0.01193,-0.03951,-0.05287,-0.05648,-0.01500,-0.04429,-0.04623,-0.03764,-0.02275,-0.05208,-0.04191,-0.02544,-0.03211,-0.05025,-0.04060,-0.02732,0.00393,0.08290,0.04506,-0.02382,0.06088,0.02208,-0.03691,0.04106,0.00812,-0.04906,0.01940,-0.01527,-0.05006,-0.00541,-0.03322,-0.02793,-0.00323,0.00355,-0.03112,-0.02572,-0.01341,-0.03875,-0.02842,-0.03077,-0.04818,-0.01123,-0.06136,-0.00419,-0.00432,0.00402,-0.00850,-0.02619,-0.02898,-0.02154,-0.00212,-0.04360,-0.02451,0.01450,-0.02652,0.01925,0.00021,-0.00065,0.01136,-0.00906,-0.03218,0.00097,0.01115,-0.04038,-0.00259,0.02705,-0.02443,0.03201,0.01721,-0.00604,0.03309,0.00464,-0.02725,0.02006,0.01845,-0.04010,0.01451,0.03322,-0.02957
1143.2519,0,1,13.79,0.00,30.43,0.04385,0.01079,0.55501,0.73482,0.55419,0.4118,0,0,0.21961,-0.00098,0.06018,0.21953,-0.00098,0.06007,,,0.55419,0.00000,-0.20964,0.34636,1.43401,0.00000,1.00000,0.00000,-0.21000,0.34600,1.43400,0.00000,1.00000,42,0.19760,-0.08830,0.01494,0.19060,0.09130,0,0.97801,-0.00000,-0.00000,-0.20858,Left,0,359.10,304.13,338.19,289.67,321.86,270.85,314.85,253.76,315.26,235.45,334.09,228.86,333.92,207.48,326.93,209.92,321.62,223.44,354.80,231.68,353.97,208.29,345.81,237.82,343.91,254.33,375.00,239.08,374.34,222.91,365.06,250.72,362.73,264.85,394.48,251.57,392.55,236.18,382.25,254.49,377.73,265.22,-0.00000,-0.01813,-0.03253,-0.04720,-0.05901,-0.01140,-0.03933,-0.05215,-0.05507,-0.01474,-0.04434,-0.04518,-0.03546,-0.02277,-0.05251,-0.04043,-0.02226,-0.03237,-0.05022,-0.03907,-0.02453,0.00308,0.08200,0.04650,-0.02404,0.06043,0.02274,-0.03643,0.04081,0.00809,-0.04919,0.01956,-0.01592,-0.04874,-0.00583,-0.03478,-0.02832,-0.00360,0.00325,-0.03054,-0.02562,-0.01345,-0.03777,-0.02829,-0.03019,-0.04745,-0.01055,-0.06089,-0.00418,-0.00405,0.00407,-0.00807,-0.02664,-0.02940,-0.02090,-0.00206,-0.04309,-0.02359,0.01444,-0.02495,0.01910,0.00026,-0.00041,0.01193,-0.00918,-0.03216,0.00250,0.01184,-0.04008,-0.00067,0.02811,-0.02306,0.03217,0.01713,-0.00537,0.03387,0.00448,-0.02678,0.02094,0.01857,-0.03975,0.01557,0.03345,-0.02911
1143.2836,1,1,13.87,0.53,27.48,0.04364,0.01083,0.55458,0.72591,0.55416,0.4421,0,0,0.22032,-0.00019,0.05910,0.21998,-0.00034,0.05921,0.19,0.00,0.55416,-0.00351,-0.20364,0.34650,1.42892,-0.00001,1.00000,-0.00407,-0.20306,0.34579,1.42806,0.00000,1.00000,42,0.19760,-0.08830,0.01494,0.19060,0.09130,0,0.97801,0.00000,-0.00000,-0.20858,Left,0,359.61,304.85,338.98,290.17,322.74,271.54,315.85,254.37,316.04,236.26,333.38,229.03,332.74,209.16,327.42,208.39,324.03,220.02,354.36,231.29,352.77,208.88,345.39,237.78,343.97,254.19,374.96,238.30,373.37,223.52,364.36,250.35,362.20,263.88,394.84,250.86,392.53,236.11,382.29,254.17,377.77,264.79,-0.00000,-0.01756,-0.03119,-0.04522,-0.05635,-0.00840,-0.03520,-0.04759,-0.05045,-0.01186,-0.04088,-0.04143,-0.03145,-0.02015,-0.04933,-0.03711,-0.01902,-0.03009,-0.04763,-0.03659,-0.02229,0.00495,0.08244,0.04613,-0.02280,0.06101,0.02186,-0.03542,0.04154,0.00733,-0.04789,0.02058,-0.01666,-0.04809,-0.00476,-0.03606,-0.02882,-0.00254,0.00308,-0.03132,-0.02454,-0.01390,-0.03695,-0.02919,-0.03143,-0.04457,-0.01355,-0.06330,-0.00445,-0.00406,0.00420,-0.00899,-0.02650,-0.02872,-0.02089,-0.00181,-0.04308,-0.02337,0.01417,-0.02557,0.01922,-0.00010,-0.00025,0.01146,-0.00874,-0.03179,0.00242,0.01161,-0.04017,-0.00043,0.02728,-0.02481,0.03296,0.01655,-0.00537,0.03433,0.00394,-0.02653,0.02163,0.01809,-0.03981,0.01650,0.03307,-0.03053
1143.3148,1,1,13.68,0.82,27.53,0.04346,0.01084,0.55251,0.73798,0.55043,0.4042,0,0,0.22136,-0.00001,0.05909,0.22108,0.00005,0.05855,0.12,0.00,0.55043,-0.00565,-0.19000,0.33695,1.42746,-0.00000,1.00000,-0.00525,-0.19394,0.33687,1.42781,0.00000,1.00000,42,0.19760,-0.08830,0.01494,0.19060,0.09130,0,0.97801,-0.00000,0.00000,-0.20858,Left,0,359.27,304.29,337.97,290.25,321.33,270.38,314.67,252.83,314.79,234.45,334.50,228.38,334.07,207.07,326.63,209.84,321.30,223.23,354.99,231.36,353.62,209.31,345.10,238.79,343.79,254.13,374.91,239.01,373.72,223.01,363.77,250.17,361.54,263.16,394.19,251.58,391.49,237.40,380.47,255.34,375.86,265.39,-0.00000,-0.01768,-0.03149,-0.04566,-0.05702,-0.01074,-0.03771,-0.04990,-0.05268,-0.01417,-0.04203,-0.04201,-0.03239,-0.02232,-0.05047,-0.03840,-0.02113,-0.03211,-0.04943,-0.03880,-0.02507,0.00335,0.08281,0.04707,-0.02399,0.06038,0.02383,-0.03744,0.04103,0.00877,-0.04943,0.01918,-0.01558,-0.04921,-0.00612,-0.03524,-0.02747,-0.00386,0.00336,-0.03046,-0.02552,-0.01312,-0.03754,-0.02743,-0.03065,-0.04777,-0.01023,-0.06058,-0.00426,-0.00433,0.00453,-0.00859,-0.02482,-0.02995,-0.02186,0.00001,-0.04352,-0.02376,0.01528,-0.02331,0.01916,0.00067,-0.00083,0.01133,-0.00791,-0.03273,0.00073,0.01246,-0.03959,-0.00189,0.02787,-0.02285,0.03149,0.01800,-0.00614,0.03262,0.00597,-0.02816,0.01862,0.02047,-0.04045,0.01250,0.03474,-0.02954
1143.3476,1,1,14.83,0.16,29.46,0.04349,0.01063,0.55211,0.71830,0.55172,0.4419,0,1,0.22136,-0.00001,0.05909,0.22127,-0.00000,0.05908,0.12,0.00,0.55172,-0.00535,-0.19318,0.33666,1.42773,-0.00000,0.94594,-0.00525,-0.19394,0.33687,1.42781,0.00000,-0.17000,42,0.19760,-0.08830,0.01494,0.19060,0.09130,0,0.97801,0.00000,-0.00000,-0.20858,Left,1,359.71,304.92,339.00,291.32,321.98,271.94,315.30,254.32,315.22,235.43,334.46,228.50,333.38,207.97,325.98,209.26,320.72,221.55,355.08,230.74,352.97,208.61,344.45,238.01,343.19,253.70,375.08,237.94,372.94,223.90,363.29,251.42,361.64,264.41,394.34,250.30,391.11,236.75,380.39,255.32,376.26,265.63,-0.00000,-0.01960,-0.03450,-0.04954,-0.06162,-0.01087,-0.03877,-0.05182,-0.05506,-0.01382,-0.04343,-0.04465,-0.03524,-0.02176,-0.05187,-0.04059,-0.02307,-0.03147,-0.04970,-0.03924,-0.02525,0.00485,0.08374,0.04260,-0.02307,0.06191,0.02067,-0.03672,0.04228,0.00603,-0.04893,0.02118,-0.01754,-0.04972,-0.00507,-0.03591,-0.02779,-0.00292,0.00339,-0.03116,-0.02499,-0.01296,-0.03815,-0.02854,-0.03079,-0.04805,-0.01197,-0.06303,-0.00429,-0.00429,0.00458,-0.00878,-0.02577,-0.02921,-0.02229,-0.00130,-0.04362,-0.02414,0.01433,-0.02540,0.01917,0.00001,-0.00084,0.01025,-0.00752,-0.03301,0.00072,0.01341,-0.03983,-0.00166,0.02842,-0.02274,0.03166,0.01681,-0.00669,0.03251,0.00564,-0.02908,0.01875,0.02037,-0.04125,0.01367,0.03450,-0.03001
1143.3786,1,1,14.00,0.47,27.52,0.04347,0.01060,0.55191,0.72738,0.55171,0.4649,0,1,0.22136,-0.00001,0.05909,0.22120,-0.00002,0.05909,0.12,0.00,0.55171,-0.00525,-0.19380,0.33719,1.42783,-0.00000,0.85181,-0.00525,-0.19394,0.33687,1.42781,0.00000,-0.17000,42,0.19760,-0.08830,0.01494,0.19060,0.09130,0,0.97801,0.00000,-0.00000,-0.20858,Left,1,359.92,304.66,339.20,291.53,321.90,272.24,314.81,254.77,313.86,235.98,334.29,228.75,333.03,207.26,325.67,210.03,320.76,222.51,354.86,231.00,352.80,209.17,344.34,238.70,343.07,254.47,374.86,238.21,372.88,223.13,363.20,250.82,361.21,264.33,394.31,250.41,391.12,237.06,380.55,255.47,376.35,265.74,-0.00000,-0.01972,-0.03488,-0.05018,-0.06266,-0.01204,-0.04013,-0.05373,-0.05755,-0.01493,-0.04430,-0.04599,-0.03735,-0.02271,-0.05244,-0.04168,-0.02482,-0.03226,-0.05046,-0.04048,-0.02699,0.00469,0.08336,0.04469,-0.02275,0.06126,0.02218,-0.03693,0.04222,0.00773,-0.04957,0.02104,-0.01699,-0.05144,-0.00431,-0.03447,-0.02746,-0.00297,0.00369,-0.03118,-0.02513,-0.01363,-0.03906,-0.02730,-0.03180,-0.04794,-0.01061,-0.06310,-0.00430,-0.00434,0.00446,-0.00922,-0.02499,-0.02981,-0.02268,-0.00051,-0.04450,-0.02425,0.01551,-0.02671,0.01926,0.00003,-0.00099,0.01053,-0.00807,-0.03305,0.00032,0.01318,-0.04012,-0.00218,0.02879,-0.02414,0.03187,0.01704,-0.00701,0.03221,0.00612,-0.02906,0.01869,0.02068,-0.04083,0.01349,0.03460,-0.02931
1143.4115,1,1,14.54,0.20,29.42,0.04348,0.01085,0.55148,0.73284,0.55105,0.4304,0,1,0.22136,-0.00001,0.05909,0.22117,-0.00003,0.05903,0.12,0.00,0.55105,-0.00523,-0.19350,0.33727,1.42784,0.00000,0.71372,-0.00525,-0.19394,0.33687,1.42781,0.00000,-0.17000,42,0.19760,-0.08830,0.01494,0.19060,0.09130,0,0.97801,0.00000,-0.00000,-0.20858,Left,1,359.16,304.71,338.62,290.80,321.73,271.45,314.51,254.44,314.40,236.24,334.73,229.26,333.12,207.47,325.74,210.57,321.26,223.97,355.10,231.76,353.09,208.62,344.27,237.63,342.89,254.05,375.15,239.01,373.01,223.24,363.14,250.60,361.12,264.58,394.55,251.14,391.49,236.48,380.71,254.88,376.49,265.96,-0.00000,-0.01917,-0.03442,-0.05005,-0.06298,-0.01200,-0.04027,-0.05390,-0.05756,-0.01540,-0.04507,-0.04711,-0.03849,-0.02361,-0.05358,-0.04319,-0.02639,-0.03350,-0.05169,-0.04152,-0.02785,0.00353,0.08297,0.04483,-0.02395,0.06084,0.02224,-0.03712,0.04122,0.00838,-0.05003,0.02020,-0.01598,-0.05095,-0.00418,-0.03398,-0.02743,-0.00328,0.00399,-0.03130,-0.02526,-0.01285,-0.03879,-0.02761,-0.03048,-0.04750,-0.00923,-0.06055,-0.00420,-0.00435,0.00424,-0.00925,-0.02613,-0.02888,-0.02299,-0.00165,-0.04381,-0.02507,0.01470,-0.02659,0.01909,0.00028,-0.00118,0.00988,-0.00839,-0.03265,0.00000,0.01240,-0.04020,-0.00300,0.02860,-0.02411,0.03146,0.01736,-0.00678,0.03222,0.00529,-0.02869,0.01856,0.01946,-0.04098,0.01340,0.03404,-0.03023
1143.4428,1,1,14.26,0.16,28.56,0.04369,0.01095,0.55423,0.73941,0.55698,0.4461,0,1,0.22136,-0.00001,0.05909,0.22117,-0.00002,0.05904,0.12,0.00,0.55698,-0.00524,-0.19355,0.33726,1.42782,0.00000,0.58264,-0.00525,-0.19394,0.33687,1.42781,0.00000,-0.17000,42,0.19760,-0.08830,0.01494,0.19060,0.09130,0,0.97801,0.00000,-0.00000,-0.20858,Left,1,360.06,304.88,339.11,292.03,321.81,272.69,314.96,254.54,314.69,235.49,334.17,229.36,333.78,207.55,326.86,209.75,321.60,223.21,354.97,231.65,353.18,209.27,345.08,238.30,343.27,254.16,374.91,238.63,373.15,223.69,363.84,250.32,361.48,263.43,394.37,250.48,390.96,237.55,380.79,255.55,376.62,265.55,-0.00000,-0.01989,-0.03513,-0.05030,-0.06237,-0.01238,-0.03985,-0.05237,-0.05528,-0.01498,-0.04372,-0.04447,-0.03516,-0.02247,-0.05121,-0.03986,-0.02296,-0.03180,-0.04936,-0.03929,-0.02596,0.00511,0.08397,0.04535,-0.02306,0.06207,0.02206,-0.03656,0.04295,0.00770,-0.04980,0.02071,-0.01645,-0.05102,-0.00514,-0.03452,-0.02790,-0.00279,0.00342,-0.03077,-0.02598,-0.01265,-0.03776,-0.02892,-0.03048,-0.04742,-0.01085,-0.06231,-0.00439,-0.00441,0.00428,-0.00888,-0.02594,-0.02950,-0.02164,-0.00124,-0.04409,-0.02402,0.01452,-0.02535,0.01952,0.00014,-0.00075,0.01112,-0.00824,-0.03278,0.00108,0.01230,-0.04026,-0.00177,0.02756,-0.02413,0.03233,0.01693,-0.00625,0.03242,0.00605,-0.02825,0.01976,0.02093,-0.04064,0.01487,0.03463,-0.03020
1143.4748,1,1,13.94,0.15,29.58,0.04353,0.01126,0.55308,0.73574,0.55193,0.4457,0,1,0.22136,-0.00001,0.05909,0.22118,-0.00002,0.05905,0.12,0.00,0.55193,-0.00525,-0.19357,0.33723,1.42781,-0.00000,0.44543,-0.00525,-0.19394,0.33687,1.42781,0.00000,-0.17000,42,0.19760,-0.08830,0.01494,0.19060,0.09130,0,0.97801,0.00000,-0.00000,-0.20858,Left,1,359.13,304.93,337.93,290.43,321.24,271.22,314.35,254.04,313.94,235.57,334.64,229.47,333.34,207.86,325.97,210.30,320.97,223.29,354.95,232.11,353.15,209.15,344.46,238.36,342.80,254.65,374.83,239.54,373.17,223.39,363.40,250.49,361.24,264.21,394.16,252.01,391.55,236.87,380.83,254.84,376.43,265.56,-0.00000,-0.01877,-0.03381,-0.04929,-0.06200,-0.01139,-0.03972,-0.05336,-0.05704,-0.01497,-0.04491,-0.04681,-0.03806,-0.02339,-0.05337,-0.04244,-0.02529,-0.03351,-0.05155,-0.04108,-0.02720,0.00332,0.08275,0.04578,-0.02411,0.06071,0.02239,-0.03732,0.04071,0.00816,-0.04982,0.01916,-0.01551,-0.05124,-0.00622,-0.03397,-0.02748,-0.00361,0.00356,-0.03098,-0.02531,-0.01333,-0.03850,-0.02808,-0.03115,-0.04819,-0.01085,-0.06166,-0.00423,-0.00434,0.00417,-0.00918,-0.02591,-0.02911,-0.02257,-0.00139,-0.04409,-0.02478,0.01455,-0.02611,0.01896,0.00046,-0.00087,0.01069,-0.00859,-0.03257,0.00056,0.01200,-0.04037,-0.00220,0.02749,-0.02469,0.03150,0.01742,-0.00621,0.03239,0.00499,-0.02775,0.01905,0.01889,-0.03991,0.01372,0.03347,-0.02978
1143.5081,1,1,15.67,0.15,29.72,0.04378,0.01125,0.55605,0.72822,0.55902,0.4269,0,1,0.22136,-0.00001,0.05909,0.22118,-0.00002,0.05905,0.12,0.00,0.55902,-0.00525,-0.19357,0.33722,1.42781,-0.00000,0.28128,-0.00525,-0.19394,0.33687,1.42781,0.00000,-0.17000,42,0.19760,-0.08830,0.01494,0.19060,0.09130,0,0.97801,0.00000,-0.00000,-0.20858,Left,1,359.90,305.17,338.70,291.67,321.54,272.52,314.92,255.21,314.96,236.73,334.42,229.39,332.86,208.44,325.35,210.38,320.24,222.48,354.95,231.47,353.19,208.69,344.72,237.68,343.44,253.91,374.89,238.66,372.99,223.36,363.02,250.69,360.91,264.34,394.18,251.00,390.96,236.90,380.11,255.30,375.81,266.07,-0.00000,-0.01883,-0.03319,-0.04778,-0.05963,-0.01040,-0.03768,-0.05069,-0.05414,-0.01367,-0.04275,-0.04452,-0.03573,-0.02176,-0.05142,-0.04110,-0.02437,-0.03149,-0.04975,-0.03992,-0.02648,0.00458,0.08393,0.04352,-0.02384,0.06208,0.02146,-0.03724,0.04257,0.00687,-0.04994,0.02134,-0.01700,-0.05067,-0.00400,-0.03578,-0.02801,-0.00288,0.00418,-0.03187,-0.02526,-0.01312,-0.03950,-0.02814,-0.03062,-0.04909,-0.01132,-0.06209,-0.00415,-0.00444,0.00433,-0.00882,-0.02681,-0.02836,-0.02177,-0.00247,-0.04365,-0.02436,0.01400,-0.02698,0.01921,0.00008,-0.00119,0.01069,-0.00872,-0.03262,0.00036,0.01209,-0.04065,-0.00260,0.02856,-0.02459,0.03185,0.01714,-0.00693,0.03251,0.00507,-0.02858,0.01877,0.01956,-0.04138,0.01376,0.03437,-0.03078
1143.5553,1,1,14.75,0.15,43.62,0.04367,0.01147,0.55695,0.74583,0.55786,0.4334,0,1,0.22136,-0.00001,0.05909,0.22118,-0.00002,0.05905,0.12,0.00,0.55786,-0.00525,-0.19358,0.33722,1.42781,-0.00000,0.06715,-0.00525,-0.19394,0.33687,1.42781,0.00000,-0.17000,42,0.19760,-0.08830,0.01494,0.19060,0.09130,0,0.97801,-0.00000,0.00000,-0.20858,Left,1,359.47,304.94,338.17,290.63,321.26,271.08,314.43,253.95,314.23,235.78,333.90,229.49,332.91,207.74,325.61,209.66,320.42,222.17,354.42,232.15,352.58,209.43,344.62,238.78,343.58,254.60,374.51,239.58,372.89,223.55,363.44,250.66,361.61,263.79,394.07,251.97,391.39,236.96,380.95,254.71,376.93,264.88,-0.00000,-0.01706,-0.03055,-0.04455,-0.05583,-0.01029,-0.03691,-0.04906,-0.05192,-0.01406,-0.04211,-0.04265,-0.03335,-0.02242,-0.05070,-0.03899,-0.02181,-0.03232,-0.04915,-0.03827,-0.02444,0.00430,0.08283,0.04830,-0.02333,0.06072,0.02414,-0.03707,0.04119,0.00932,-0.04957,0.01952,-0.01505,-0.05012,-0.00565,-0.03482,-0.02818,-0.00377,0.00324,-0.03113,-0.02563,-0.01390,-0.03870,-0.02883,-0.03139,-0.04858,-0.01204,-0.06205,-0.00427,-0.00442,0.00410,-0.00921,-0.02571,-0.02961,-0.02183,-0.00088,-0.04373,-0.02409,0.01476,-0.02478,0.01931,0.00047,-0.00066,0.01090,-0.00859,-0.03227,0.00110,0.01196,-0.03971,-0.00127,0.02762,-0.02390,0.03218,0.01765,-0.00554,0.03305,0.00489,-0.02656,0.01972,0.01868,-0.03929,0.01506,0.03313,-0.02957
1143.5858,1,1,13.43,0.14,27.44,0.04370,0.01129,0.55692,0.74004,0.55688,0.4112,0,1,0.22136,-0.00001,0.05909,0.22118,-0.00002,0.05905,0.12,0.00,0.55688,-0.00525,-0.19358,0.33722,1.42781,-0.00000,-0.10048,-0.00525,-0.19394,0.33687,1.42781,0.00000,-0.17000,42,0.19760,-0.08830,0.01494,0.19060,0.09130,0,0.97801,0.00000,0.00000,-0.20858,Left,1,359.38,304.77,338.63,291.43,321.84,272.36,314.46,255.23,313.10,236.85,334.35,229.34,332.68,207.53,324.90,210.15,319.96,223.30,354.84,231.65,352.52,208.89,343.91,239.21,343.16,254.70,374.78,238.74,372.62,223.45,362.74,251.29,361.17,264.09,394.23,250.80,391.00,236.90,380.31,255.23,376.51,265.14,-0.00000,-0.01847,-0.03279,-0.04741,-0.05913,-0.01136,-0.03914,-0.05145,-0.05418,-0.01474,-0.04386,-0.04400,-0.03401,-0.02300,-0.05254,-0.04054,-0.02279,-0.03294,-0.05100,-0.04047,-0.02659,0.00445,0.08425,0.04437,-0.02312,0.06228,0.02153,-0.03673,0.04277,0.00653,-0.04983,0.02160,-0.01711,-0.05206,-0.00432,-0.03603,-0.02785,-0.00306,0.00366,-0.03186,-0.02550,-0.01242,-0.03956,-0.02876,-0.03035,-0.04906,-0.01087,-0.06131,-0.00439,-0.00457,0.00434,-0.00922,-0.02612,-0.02916,-0.02277,-0.00078,-0.04371,-0.02367,0.01468,-0.02407,0.01927,0.00000,-0.00092,0.01039,-0.00844,-0.03279,0.00072,0.01308,-0.04003,-0.00135,0.02806,-0.02353,0.03193,0.01704,-0.00670,0.03263,0.00542,-0.02889,0.01942,0.02019,-0.04105,0.01442,0.03401,-0.03000
1143.6181,1,1,13.37,0.17,28.67,0.04353,0.01117,0.55511,0.73176,0.55331,0.4308,0,1,0.22136,-0.00001,0.05909,0.22118,-0.00002,0.05905,0.12,0.00,0.55331,-0.00525,-0.19358,0.33722,1.42781,0.00000,-0.20460,-0.00525,-0.19394,0.33687,1.42781,0.00000,-0.17000,42,0.19760,-0.08830,0.01494,0.19060,0.09130,0,0.97801,0.00000,0.00000,-0.20858,Left,1,359.30,304.81,338.32,291.51,320.97,271.93,314.22,254.90,313.66,236.84,334.52,229.12,332.46,207.59,324.09,211.51,319.15,224.33,354.82,231.47,352.50,208.94,343.73,238.34,343.34,254.29,374.57,238.89,372.17,223.81,362.34,250.77,361.17,263.60,393.98,251.07,390.92,236.68,380.40,254.33,376.91,264.19,-0.00000,-0.01854,-0.03275,-0.04731,-0.05903,-0.01072,-0.03836,-0.05180,-0.05567,-0.01427,-0.04368,-0.04581,-0.03743,-0.02263,-0.05201,-0.04189,-0.02555,-0.03268,-0.04996,-0.04005,-0.02686,0.00419,0.08310,0.04525,-0.02351,0.06109,0.02241,-0.03730,0.04197,0.00856,-0.05054,0.02122,-0.01597,-0.05183,-0.00381,-0.03391,-0.02737,-0.00317,0.00397,-0.03183,-0.02483,-0.01323,-0.04041,-0.02657,-0.03090,-0.04966,-0.00860,-0.06066,-0.00427,-0.00449,0.00444,-0.00936,-0.02558,-0.02900,-0.02300,-0.00118,-0.04395,-0.02386,0.01486,-0.02632,0.01908,0.00025,-0.00133,0.00988,-0.00811,-0.03262,-0.00020,0.01256,-0.04042,-0.00218,0.02834,-0.02447,0.03155,0.01719,-0.00684,0.03238,0.00537,-0.02813,0.01855,0.01889,-0.04058,0.01435,0.03250,-0.02987
1143.6498,1,1,13.34,0.15,28.63,0.04325,0.01141,0.55378,0.73831,0.55246,0.4447,0,1,0.22136,-0.00001,0.05909,0.22118,-0.00002,0.05905,0.12,0.00,0.55246,-0.00525,-0.19358,0.33722,1.42781,0.00000,-0.17424,-0.00525,-0.19394,0.33687,1.42781,0.00000,-0.17000,42,0.19760,-0.08830,0.01494,0.19060,0.09130,0,0.97801,0.00000,0.00000,-0.20858,Left,1,359.64,304.91,338.09,291.28,320.79,271.89,313.86,254.78,312.80,236.81,333.70,229.69,331.60,207.93,323.94,210.85,319.01,223.45,354.26,232.17,352.19,209.34,343.66,238.55,342.48,254.69,374.24,239.64,372.22,223.56,362.32,250.87,360.31,264.37,393.71,252.04,390.77,237.27,379.81,255.51,375.38,266.18,-0.00000,-0.01788,-0.03151,-0.04554,-0.05690,-0.01043,-0.03712,-0.04971,-0.05306,-0.01400,-0.04256,-0.04410,-0.03547,-0.02225,-0.05143,-0.04104,-0.02456,-0.03203,-0.05013,-0.04036,-0.02716,0.00455,0.08267,0.04627,-0.02353,0.06052,0.02227,-0.03714,0.04123,0.00811,-0.05015,0.02027,-0.01642,-0.05169,-0.00444,-0.03373,-0.02767,-0.00316,0.00328,-0.03193,-0.02534,-0.01349,-0.04007,-0.02784,-0.03111,-0.04906,-0.01040,-0.06136,-0.00430,-0.00446,0.00423,-0.00908,-0.02595,-0.02913,-0.02239,-0.00164,-0.04417,-0.02389,0.01451,-0.02634,0.01929,0.00025,-0.00072,0.01062,-0.00886,-0.03218,0.00031,0.01196,-0.04053,-0.00224,0.02789,-0.02483,0.03209,0.01724,-0.00600,0.03265,0.00534,-0.02778,0.01881,0.01936,-0.04041,0.01353,0.03383,-0.02976
1143.6833,1,1,13.68,0.15,30.22,0.04301,0.01144,0.55414,0.73984,0.55449,0.4703,0,1,0.22136,-0.00001,0.05909,0.22118,-0.00002,0.05905,0.12,0.00,0.55449,-0.00525,-0.19358,0.33722,1.42781,-0.00000,-0.17110,-0.00525,-0.19394,0.33687,1.42781,0.00000,-0.17000,42,0.19760,-0.08830,0.01494,0.19060,0.09130,0,0.97801,0.00000,0.00000,-0.20858,Left,1,358.73,304.46,336.68,289.67,319.89,270.34,313.31,253.67,312.91,236.11,333.42,229.76,332.02,209.13,325.51,209.26,321.34,220.14,353.81,232.12,351.47,209.72,343.27,238.63,342.31,254.50,374.06,239.35,371.91,224.14,362.50,251.22,360.89,264.28,393.70,251.63,390.74,237.06,379.81,255.05,375.45,265.44,-0.00000,-0.01696,-0.03045,-0.04454,-0.05597,-0.00977,-0.03651,-0.04879,-0.05177,-0.01386,-0.04301,-0.04399,-0.03454,-0.02256,-0.05204,-0.04071,-0.02334,-0.03279,-0.05064,-0.04014,-0.02631,0.00350,0.08262,0.04611,-0.02397,0.06055,0.02242,-0.03751,0.04057,0.00775,-0.05023,0.01942,-0.01573,-0.05132,-0.00525,-0.03461,-0.02805,-0.00354,0.00315,-0.03133,-0.02479,-0.01366,-0.03814,-0.02933,-0.03143,-0.04708,-0.01388,-0.06320,-0.00430,-0.00427,0.00420,-0.00977,-0.02555,-0.02895,-0.02296,-0.00137,-0.04328,-0.02455,0.01448,-0.02528,0.01892,0.00033,-0.00060,0.01053,-0.00816,-0.03187,0.00055,0.01271,-0.03902,-0.00130,0.02789,-0.02286,0.03201,0.01712,-0.00581,0.03277,0.00506,-0.02722,0.01921,0.01928,-0.03929,0.01381,0.03397,-0.02832
1143.7152,1,1,13.60,0.15,28.33,0.04311,0.01152,0.55532,0.74075,0.55649,0.4365,0,1,0.22136,-0.00001,0.05909,0.22118,-0.00002,0.05905,0.12,0.00,0.55649,-0.00525,-0.19358,0.33722,1.42781,-0.00000,-0.16886,-0.00525,-0.19394,0.33687,1.42781,0.00000,-0.17000,42,0.19760,-0.08830,0.01494,0.19060,0.09130,0,0.97801,0.00000,0.00000,-0.20858,Left,1,359.27,304.60,337.95,291.84,320.27,272.09,312.92,253.82,312.29,234.95,333.75,229.71,332.38,207.76,324.41,210.23,318.50,224.11,354.24,232.35,351.71,209.86,343.85,239.49,343.00,255.09,374.19,239.57,372.05,223.39,362.64,250.44,360.74,263.41,393.78,251.54,390.52,237.34,380.04,255.19,375.90,265.18,-0.00000,-0.01916,-0.03398,-0.04881,-0.06070,-0.01302,-0.04077,-0.05304,-0.05572,-0.01581,-0.04430,-0.04417,-0.03438,-0.02345,-0.05230,-0.04013,-0.02273,-0.03284,-0.05089,-0.04057,-0.02702,0.00481,0.08325,0.04486,-0.02315,0.06130,0.02253,-0.03819,0.04128,0.00789,-0.05134,0.01878,-0.01465,-0.05198,-0.00788,-0.03321,-0.02796,-0.00353,0.00345,-0.03182,-0.02570,-0.01270,-0.03971,-0.02805,-0.03056,-0.05048,-0.01073,-0.06102,-0.00428,-0.00429,0.00456,-0.00951,-0.02526,-0.02926,-0.02231,-0.00049,-0.04300,-0.02403,0.01481,-0.02374,0.01963,0.00036,-0.00079,0.01047,-0.00887,-0.03279,0.00052,0.01182,-0.03969,-0.00176,0.02657,-0.02363,0.03190,0.01723,-0.00651,0.03248,0.00472,-0.02799,0.01906,0.01961,-0.04047,0.01372,0.03340,-0.02981
1143.7468,1,1,14.38,0.15,27.86,0.04274,0.01133,0.55530,0.74349,0.55528,0.4686,0,1,0.22136,-0.00001,0.05909,0.22118,-0.00002,0.05905,0.12,0.00,0.55528,-0.00525,-0.19358,0.33722,1.42781,-0.00000,-0.16971,-0.00525,-0.19394,0.33687,1.42781,0.00000,-0.17000,42,0.19760,-0.08830,0.01494,0.19060,0.09130,0,0.97801,-0.00000,-0.00000,-0.20858,Left,1,359.33,304.74,337.52,290.96,319.88,272.16,312.43,254.55,311.85,235.60,332.38,229.49,330.75,208.37,323.98,209.24,319.56,221.00,353.14,231.73,351.17,208.98,343.27,238.99,341.98,255.22,373.44,238.74,371.76,222.68,362.16,250.13,359.73,263.77,393.16,250.89,389.97,236.38,379.50,254.46,375.09,264.87,-0.00000,-0.01887,-0.03341,-0.04814,-0.06000,-0.01082,-0.03786,-0.05009,-0.05299,-0.01396,-0.04298,-0.04343,-0.03360,-0.02196,-0.05154,-0.03971,-0.02195,-0.03164,-0.04971,-0.03917,-0.02524,0.00608,0.08330,0.04734,-0.02250,0.06186,0.02282,-0.03671,0.04276,0.00871,-0.05058,0.02049,-0.01559,-0.05233,-0.00599,-0.03425,-0.02824,-0.00296,0.00328,-0.03215,-0.02543,-0.01309,-0.03943,-0.02928,-0.03112,-0.04832,-0.01297,-0.06341,-0.00437,-0.00435,0.00412,-0.00952,-0.02614,-0.02964,-0.02202,-0.00107,-0.04381,-0.02416,0.01500,-0.02481,0.01923,-0.00007,-0.00067,0.01134,-0.00914,-0.03261,0.00096,0.01194,-0.04022,-0.00175,0.02741,-0.02426,0.03247,0.01699,-0.00585,0.03307,0.00490,-0.02796,0.01970,0.01930,-0.04048,0.01433,0.03361,-0.02966
1143.7802,1,1,15.73,0.15,29.60,0.04212,0.01094,0.55188,0.73107,0.54846,0.4470,0,1,0.22136,-0.00001,0.05909,0.22118,-0.00002,0.05905,0.12,0.00,0.54846,-0.00525,-0.19358,0.33722,1.42781,-0.00000,-0.17009,-0.00525,-0.19394,0.33687,1.42781,0.00000,-0.17000,42,0.19760,-0.08830,0.01494,0.19060,0.09130,0,0.97801,0.00000,0.00000,-0.20858,Left,0,357.78,304.04,336.26,290.29,318.95,270.53,311.53,252.89,311.04,234.10,332.67,228.63,331.57,207.08,323.80,208.87,318.25,221.29,353.29,231.12,350.85,208.99,342.29,238.22,340.84,255.03,373.24,238.55,370.84,223.28,360.82,250.55,358.54,264.64,392.67,250.92,389.26,236.64,378.19,254.71,373.54,265.72,-0.00000,-0.01855,-0.03263,-0.04700,-0.05855,-0.01082,-0.03781,-0.05036,-0.05348,-0.01408,-0.04320,-0.04465,-0.03569,-0.02209,-0.05183,-0.04139,-0.02457,-0.03167,-0.05012,-0.04043,-0.02703,0.00441,0.08327,0.04385,-0.02346,0.06056,0.02220,-0.03812,0.04106,0.00866,-0.05088,0.01914,-0.01407,-0.05216,-0.00655,-0.03284,-0.02741,-0.00370,0.00398,-0.03136,-0.02532,-0.01216,-0.03847,-0.02824,-0.02985,-0.04932,-0.01172,-0.06053,-0.00408,-0.00437,0.00469,-0.00950,-0.02498,-0.02881,-0.02312,-0.00036,-0.04328,-0.02532,0.01613,-0.02540,0.01896,0.00037,-0.00136,0.00992,-0.00730,-0.03251,-0.00089,0.01311,-0.03938,-0.00345,0.02912,-0.02350,0.03115,0.01761,-0.00735,0.03183,0.00563,-0.02922,0.01780,0.02000,-0.04102,0.01169,0.03459,-0.03057
1143.8096,1,1,13.05,0.50,26.32,0.04219,0.01118,0.55486,0.73460,0.55784,0.4623,0,1,0.21987,-0.00008,0.05884,0.21901,-0.00009,0.05829,0.10,0.01,0.55784,-0.00492,-0.20668,0.35622,1.42550,0.00000,-0.16999,-0.00500,-0.20465,0.35077,1.42477,0.00000,-0.17000,42,0.19760,-0.08830,0.01494,0.19060,0.09130,0,0.97801,-0.00000,-0.00000,-0.20858,Left,0,357.78,304.48,336.48,291.15,318.69,271.34,310.84,253.85,309.28,235.03,333.27,229.40,330.93,207.14,321.81,210.94,315.67,224.81,353.37,232.12,350.14,210.16,340.91,239.67,339.94,254.80,373.16,239.40,370.21,223.65,360.33,250.85,358.77,263.73,392.36,251.39,388.51,237.23,377.64,255.18,373.95,265.11,-0.00000,-0.01933,-0.03486,-0.05078,-0.06388,-0.01345,-0.04225,-0.05577,-0.05927,-0.01661,-0.04604,-0.04729,-0.03848,-0.02463,-0.05400,-0.04262,-0.02564,-0.03444,-0.05212,-0.04165,-0.02799,0.00427,0.08309,0.04361,-0.02346,0.06051,0.02155,-0.03886,0.04114,0.00834,-0.05318,0.01959,-0.01485,-0.05535,-0.00641,-0.03143,-0.02742,-0.00310,0.00421,-0.03218,-0.02528,-0.01199,-0.04131,-0.02763,-0.03041,-0.05196,-0.00895,-0.06045,-0.00418,-0.00431,0.00460,-0.01043,-0.02452,-0.02905,-0.02490,0.00017,-0.04337,-0.02564,0.01513,-0.02509,0.01926,0.00026,-0.00139,0.00913,-0.00827,-0.03300,-0.00134,0.01265,-0.03999,-0.00292,0.02759,-0.02450,0.03142,0.01737,-0.00783,0.03134,0.00614,-0.02976,0.01700,0.02051,-0.04145,0.01238,0.03330,-0.02966
1143.8437,1,1,14.64,0.60,31.15,0.04217,0.01144,0.55730,0.73176,0.55974,0.4699,0,1,0.21865,-0.00007,0.05858,0.21880,-0.00006,0.05862,0.10,0.01,0.55974,-0.00512,-0.21459,0.36223,1.42315,0.00000,-0.16999,-0.00507,-0.21489,0.36330,1.42248,0.00000,-0.17000,42,0.19760,-0.08830,0.01494,0.19060,0.09130,0,0.97801,-0.00000,-0.00000,-0.20858,Left,0,358.37,305.37,336.99,292.09,319.12,272.28,311.27,254.62,309.59,235.99,332.59,229.91,329.82,208.00,321.12,210.77,315.68,223.30,352.85,232.13,349.75,209.18,341.03,239.04,340.45,255.36,372.76,239.28,369.59,224.28,359.83,252.48,358.56,266.17,392.19,251.25,388.09,236.91,377.71,255.55,374.49,266.07,-0.00000,-0.01840,-0.03258,-0.04720,-0.05919,-0.01054,-0.03861,-0.05207,-0.05569,-0.01409,-0.04380,-0.04567,-0.03681,-0.02246,-0.05288,-0.04233,-0.02513,-0.03240,-0.05063,-0.04037,-0.02653,0.00542,0.08440,0.04219,-0.02281,0.06178,0.02015,-0.03766,0.04208,0.00746,-0.05209,0.02022,-0.01542,-0.05482,-0.00571,-0.03152,-0.02764,-0.00287,0.00429,-0.03287,-0.02554,-0.01187,-0.04175,-0.02849,-0.02993,-0.05144,-0.01068,-0.06095,-0.00427,-0.00448,0.00466,-0.01016,-0.02629,-0.02863,-0.02406,-0.00127,-0.04376,-0.02462,0.01492,-0.02630,0.01946,0.00009,-0.00150,0.00898,-0.00796,-0.03274,-0.00110,0.01374,-0.04062,-0.00240,0.03003,-0.02427,0.03190,0.01684,-0.00811,0.03144,0.00532,-0.02964,0.01817,0.02017,-0.04143,0.01396,0.03392,-0.03041
1143.8751,1,1,14.28,0.53,27.95,0.04202,0.01178,0.56047,0.72792,0.56364,0.4774,0,1,0.21706,0.00009,0.05824,0.21618,0.00009,0.05784,0.13,0.01,0.56364,-0.00605,-0.23250,0.38607,1.42003,0.00000,-0.17000,-0.00593,-0.22796,0.37930,1.41957,0.00000,-0.17000,42,0.19760,-0.08830,0.01494,0.19060,0.09130,0,0.97801,0.00000,-0.00000,-0.20858,Left,0,357.13,305.94,335.92,292.18,318.56,271.90,310.72,254.34,307.38,235.61,332.65,229.83,329.58,208.27,320.26,210.48,313.95,222.49,352.56,232.39,349.26,210.38,340.33,240.43,339.66,255.59,372.15,239.67,369.35,223.84,359.29,251.56,357.72,264.41,391.31,251.78,387.38,237.05,376.91,255.32,373.61,265.32,-0.00000,-0.01869,-0.03350,-0.04885,-0.06158,-0.01054,-0.03876,-0.05228,-0.05592,-0.01414,-0.04339,-0.04463,-0.03563,-0.02271,-0.05242,-0.04103,-0.02373,-0.03302,-0.05059,-0.03980,-0.02586,0.00421,0.08507,0.04073,-0.02395,0.06196,0.01967,-0.03856,0.04211,0.00621,-0.05301,0.01947,-0.01591,-0.05760,-0.00666,-0.03224,-0.02738,-0.00311,0.00473,-0.03309,-0.02564,-0.01142,-0.04245,-0.02841,-0.03029,-0.05356,-0.01175,-0.06195,-0.00421,-0.00449,0.00502,-0.01007,-0.02568,-0.02865,-0.02438,-0.00028,-0.04302,-0.02531,0.01518,-0.02484,0.01967,0.00010,-0.00176,0.00967,-0.00859,-0.03333,-0.00157,0.01253,-0.03982,-0.00310,0.02810,-0.02435,0.03142,0.01728,-0.00882,0.03124,0.00516,-0.03092,0.01750,0.01980,-0.04211,0.01311,0.03338,-0.03053
1143.9076,1,1,14.59,0.57,28.47,0.04229,0.01219,0.56675,0.73873,0.57303,0.4890,0,1,0.21392,-0.00018,0.05783,0.21264,-0.00013,0.05685,0.30,0.01,0.57303,-0.00490,-0.25715,0.41778,1.41657,0.00000,-0.17000,-0.00469,-0.25339,0.40868,1.41571,0.00000,-0.17000,42,0.19760,-0.08830,0.01494,0.19060,0.09130,0,0.97801,0.00000,-0.00000,-0.20858,Left,0,356.98,305.29,335.59,292.45,317.70,271.43,308.72,253.83,300.91,237.22,333.29,229.80,328.95,206.36,317.98,209.93,311.03,222.65,352.76,232.68,348.29,210.23,338.27,239.81,337.77,255.39,371.86,240.47,368.26,224.19,357.58,251.35,356.24,264.66,390.93,252.66,386.59,238.78,375.42,256.28,371.83,266.30,-0.00000,-0.01934,-0.03458,-0.05024,-0.06339,-0.01320,-0.04164,-0.05559,-0.05989,-0.01680,-0.04670,-0.04879,-0.04070,-0.02523,-0.05516,-0.04483,-0.02859,-0.03544,-0.05359,-0.04409,-0.03131,0.00405,0.08440,0.04266,-0.02427,0.06042,0.02236,-0.03962,0.04132,0.00920,-0.05545,0.01871,-0.01255,-0.06396,-0.00558,-0.02738,-0.02714,-0.00395,0.00546,-0.03367,-0.02725,-0.01010,-0.04414,-0.02920,-0.02765,-0.05659,-0.01179,-0.05721,-0.00385,-0.00450,0.00481,-0.01098,-0.02547,-0.02815,-0.02698,-0.00045,-0.04152,-0.02779,0.01497,-0.02325,0.01953,0.00071,-0.00247,0.00877,-0.00774,-0.03312,-0.00417,0.01277,-0.03900,-0.00525,0.02815,-0.02341,0.03096,0.01869,-0.00941,0.03001,0.00748,-0.03085,0.01489,0.02065,-0.04153,0.01004,0.03367,-0.02952
1143.9544,1,1,13.82,0.14,43.14,0.04228,0.01285,0.56670,0.71786,0.56665,0.6728,0,1,0.21395,-0.00017,0.05718,0.21386,-0.00016,0.05740,0.50,0.01,0.56665,-0.00466,-0.25305,0.40995,1.41597,0.00000,-0.17000,-0.00469,-0.25339,0.40868,1.41571,0.00000,-0.17000,42,0.19760,-0.08830,0.01494,0.19060,0.09130,0,0.97801,0.00000,-0.00000,-0.20858,Left,0,356.58,306.67,334.90,294.09,315.45,271.28,303.08,254.06,292.77,240.37,333.92,230.61,330.91,205.78,319.43,205.40,310.76,215.18,353.00,233.61,347.73,210.37,337.19,240.29,335.94,256.94,372.13,241.51,367.53,224.85,356.77,252.90,355.32,266.99,391.08,253.64,386.04,238.46,374.51,256.60,370.99,267.37,-0.00000,-0.01569,-0.02850,-0.04230,-0.05431,-0.01052,-0.03829,-0.05180,-0.05584,-0.01550,-0.04543,-0.04684,-0.03798,-0.02501,-0.05564,-0.04488,-0.02784,-0.03585,-0.05434,-0.04443,-0.03126,0.00263,0.08473,0.03729,-0.02567,0.06047,0.01894,-0.04253,0.04080,0.00844,-0.06040,0.01865,-0.00812,-0.07133,-0.00379,-0.01796,-0.02671,-0.00370,0.00656,-0.03187,-0.02853,-0.00707,-0.04232,-0.03449,-0.02390,-0.05642,-0.02004,-0.05416,-0.00351,-0.00422,0.00526,-0.01178,-0.02535,-0.02591,-0.02748,-0.00136,-0.03822,-0.02917,0.01647,-0.02035,0.01881,0.00056,-0.00296,0.00778,-0.00801,-0.03290,-0.00477,0.01326,-0.03769,-0.00633,0.03002,-0.02229,0.02981,0.01837,-0.01038,0.02851,0.00623,-0.03175,0.01302,0.02005,-0.04217,0.00837,0.03309,-0.02896
1143.9873,1,1,14.84,0.15,28.87,0.04176,0.01295,0.56219,0.71134,0.55768,0.9060,0,1,0.21395,-0.00017,0.05718,0.21409,-0.00015,0.05757,0.50,0.01,0.55768,-0.00473,-0.25333,0.40907,1.41564,0.00000,-0.17000,-0.00469,-0.25339,0.40868,1.41571,0.00000,-0.17000,42,0.19760,-0.08830,0.01494,0.19060,0.09130,0,0.97801,-0.00000,-0.00000,-0.20858,Left,1,356.75,306.59,334.72,293.34,314.74,270.64,301.23,254.70,288.71,243.16,333.11,231.28,332.74,208.20,322.99,201.22,313.82,204.76,352.36,233.57,347.16,211.77,338.05,241.85,337.38,258.23,371.68,241.03,367.00,226.33,357.38,254.90,356.75,267.79,391.08,252.45,386.12,239.33,375.17,257.60,372.17,266.99,-0.00000,-0.01546,-0.02832,-0.04244,-0.05529,-0.00823,-0.03684,-0.05197,-0.05732,-0.01377,-0.04617,-0.04809,-0.03876,-0.02418,-0.05696,-0.04612,-0.02826,-0.03593,-0.05492,-0.04504,-0.03185,0.00271,0.08431,0.03691,-0.02466,0.06019,0.01799,-0.04237,0.04104,0.00758,-0.06145,0.01895,-0.00701,-0.07539,-0.00171,-0.01368,-0.02636,-0.00332,0.00562,-0.02974,-0.02715,-0.00713,-0.03900,-0.03786,-0.02442,-0.05285,-0.02978,-0.05690,-0.00360,-0.00392,0.00549,-0.01274,-0.02393,-0.02663,-0.02768,-0.00000,-0.03785,-0.02811,0.01736,-0.01866,0.01837,0.00027,-0.00206,0.00643,-0.00566,-0.03346,-0.00433,0.01621,-0.03527,-0.00431,0.03119,-0.02005,0.02992,0.01742,-0.01043,0.02855,0.00622,-0.03151,0.01340,0.02061,-0.04070,0.01006,0.03291,-0.02879
1144.0177,1,1,13.48,0.15,26.90,0.04199,0.01326,0.56440,0.69821,0.56660,1.1575,0,1,0.21395,-0.00017,0.05718,0.21405,-0.00015,0.05752,0.50,0.01,0.56660,-0.00471,-0.25298,0.40905,1.41574,-0.00000,-0.17000,-0.00469,-0.25339,0.40868,1.41571,0.00000,-0.17000,42,0.19760,-0.08830,0.01494,0.19060,0.09130,0,0.97801,-0.00000,-0.00000,-0.20858,Left,0,356.24,306.29,334.79,293.73,314.33,269.96,299.00,254.71,284.00,244.76,334.07,231.58,333.38,209.83,323.52,200.50,313.80,197.16,353.01,233.65,347.14,214.47,337.63,244.66,337.49,258.96,371.96,241.53,367.04,227.60,357.50,255.94,357.82,267.51,391.17,253.32,386.57,240.12,375.26,258.48,372.44,267.74,-0.00000,-0.01512,-0.02690,-0.03982,-0.05208,-0.00847,-0.03355,-0.04694,-0.05308,-0.01418,-0.04488,-0.04615,-0.03750,-0.02433,-0.05707,-0.04628,-0.02897,-0.03567,-0.05482,-0.04467,-0.03175,0.00159,0.08327,0.03439,-0.02466,0.06012,0.01760,-0.04347,0.04035,0.01033,-0.06425,0.01837,0.00217,-0.08225,-0.00144,0.00187,-0.02669,-0.00377,0.00676,-0.02940,-0.02644,-0.00687,-0.03829,-0.03929,-0.02210,-0.05286,-0.03869,-0.05268,-0.00316,-0.00359,0.00571,-0.01393,-0.02211,-0.02650,-0.02883,0.00167,-0.03582,-0.02836,0.01682,-0.01660,0.01798,0.00031,-0.00283,0.00576,-0.00531,-0.03407,-0.00491,0.01584,-0.03605,-0.00306,0.02976,-0.01942,0.02917,0.01767,-0.01118,0.02844,0.00652,-0.03166,0.01331,0.02022,-0.04050,0.01044,0.03235,-0.02794
1144.0513,1,1,14.11,0.85,29.82,0.04271,0.01322,0.57209,0.70007,0.57978,1.2254,0,1,0.21010,-0.00089,0.05722,0.20876,-0.00072,0.05638,0.39,0.01,0.57978,-0.00154,-0.29230,0.45560,1.41238,0.00001,-0.17000,-0.00092,-0.28517,0.44482,1.41140,0.00000,-0.17000,42,0.19760,-0.08830,0.01494,0.19060,0.09130,0,0.97801,-0.00000,-0.00000,-0.20858,Left,0,357.17,305.86,335.22,294.24,314.25,270.78,297.98,255.99,282.39,246.66,333.46,232.66,330.91,210.62,321.88,199.14,313.51,191.13,352.89,233.07,346.31,214.52,338.05,245.28,338.82,260.42,372.26,240.02,366.22,227.01,357.23,255.50,358.15,267.44,391.79,251.39,386.48,239.28,375.26,257.55,372.67,266.93,-0.00000,-0.01608,-0.02771,-0.04018,-0.05224,-0.00904,-0.03110,-0.04304,-0.04965,-0.01426,-0.04423,-0.04624,-0.03837,-0.02349,-0.05535,-0.04538,-0.02890,-0.03395,-0.05217,-0.04232,-0.02993,0.00302,0.08339,0.03494,-0.02395,0.06227,0.01837,-0.04347,0.04226,0.01213,-0.06440,0.02028,0.00489,-0.08443,0.00148,0.00620,-0.02761,-0.00341,0.00704,-0.03166,-0.02563,-0.00786,-0.04006,-0.03914,-0.02029,-0.05330,-0.04497,-0.04894,-0.00320,-0.00361,0.00537,-0.01439,-0.02130,-0.02710,-0.02808,0.00332,-0.03590,-0.02646,0.01939,-0.01693,0.01814,-0.00036,-0.00298,0.00603,-0.00527,-0.03394,-0.00522,0.01644,-0.03737,-0.00185,0.03062,-0.01943,0.03050,0.01683,-0.01088,0.02882,0.00626,-0.03171,0.01390,0.01945,-0.04001,0.01153,0.03231,-0.02751
1144.0836,1,1,14.58,0.22,27.78,0.04274,0.01260,0.57592,0.69903,0.57975,1.3684,0,0,0.21010,-0.00089,0.05722,0.20974,-0.00088,0.05597,0.39,0.01,0.57975,-0.00060,-0.28037,0.44698,1.41122,0.00000,-0.12832,-0.00092,-0.28517,0.44482,1.41140,0.00000,1.00000,42,0.19760,-0.08830,0.01494,0.19060,0.09130,0,0.97801,0.00000,-0.00000,-0.20858,Left,1,356.39,304.15,334.44,293.39,312.91,270.00,295.12,256.10,278.67,248.36,332.41,231.43,328.71,207.85,320.43,193.97,313.69,182.30,352.30,231.73,344.96,213.93,336.99,245.37,338.52,259.79,372.00,239.01,366.01,226.73,356.81,254.89,357.81,265.31,391.38,250.90,387.23,238.34,375.50,256.39,372.46,265.18,-0.00000,-0.01661,-0.02804,-0.04013,-0.05206,-0.01160,-0.03271,-0.04391,-0.05099,-0.01678,-0.04751,-0.04960,-0.04187,-0.02567,-0.05793,-0.04778,-0.03135,-0.03579,-0.05419,-0.04398,-0.03143,0.00435,0.08204,0.03606,-0.02346,0.06126,0.01981,-0.04423,0.04218,0.01465,-0.06650,0.02162,0.00751,-0.08805,0.00359,0.01133,-0.02780,-0.00415,0.00681,-0.03325,-0.02763,-0.00708,-0.03922,-0.04303,-0.01772,-0.05137,-0.05275,-0.04681,-0.00302,-0.00388,0.00550,-0.01498,-0.02061,-0.02802,-0.02910,0.00455,-0.03687,-0.02455,0.01944,-0.01549,0.01871,-0.00041,-0.00330,0.00580,-0.00554,-0.03370,-0.00540,0.01626,-0.03699,-0.00153,0.02924,-0.01771,0.03113,0.01707,-0.01042,0.02969,0.00731,-0.03179,0.01419,0.01884,-0.04015,0.01132,0.03142,-0.02668
1144.1149,1,1,13.92,0.16,28.11,0.04257,0.01152,0.57845,0.70191,0.58098,1.4202,0,0,0.21010,-0.00089,0.05722,0.21014,-0.00080,0.05687,0.39,0.01,0.58098,-0.00102,-0.28640,0.44664,1.41140,0.00000,-0.03968,-0.00092,-0.28517,0.44482,1.41140,0.00000,1.00000,42,0.19760,-0.08830,0.01494,0.19060,0.09130,0,0.97801,0.00000,-0.00000,-0.20858,Left,1,355.98,302.66,333.74,291.64,312.03,269.17,292.83,255.81,275.96,248.52,332.05,229.50,326.76,204.70,318.83,188.52,313.23,175.05,351.92,230.12,343.44,213.76,336.14,245.74,338.37,259.92,371.70,237.59,365.23,227.06,356.50,255.00,357.97,264.92,390.57,249.97,386.39,238.03,374.65,255.74,371.80,264.08,-0.00000,-0.01851,-0.03204,-0.04616,-0.06004,-0.01477,-0.03690,-0.04873,-0.05645,-0.01946,-0.05112,-0.05309,-0.04543,-0.02795,-0.06032,-0.04910,-0.03221,-0.03803,-0.05594,-0.04495,-0.03207,0.00559,0.08128,0.03837,-0.02250,0.06037,0.02103,-0.04456,0.04199,0.01578,-0.06765,0.02311,0.00761,-0.08856,0.00513,0.01031,-0.02786,-0.00386,0.00660,-0.03362,-0.02849,-0.00625,-0.04038,-0.04662,-0.01647,-0.04965,-0.05792,-0.04475,-0.00346,-0.00412,0.00531,-0.01612,-0.01859,-0.02941,-0.02924,0.00741,-0.03834,-0.02346,0.02148,-0.01539,0.01904,-0.00005,-0.00312,0.00560,-0.00403,-0.03448,-0.00434,0.01805,-0.03652,-0.00032,0.02995,-0.01714,0.03104,0.01769,-0.01048,0.02889,0.00799,-0.03063,0.01424,0.01990,-0.03783,0.01176,0.03040,-0.02487
1144.1468,1,1,13.88,0.15,28.47,0.04251,0.01016,0.58585,0.70034,0.59324,1.4452,0,0,0.21010,-0.00089,0.05722,0.21034,-0.00083,0.05695,0.39,0.01,0.59324,-0.00090,-0.28538,0.44511,1.41144,-0.00000,0.09502,-0.00092,-0.28517,0.44482,1.41140,0.00000,1.00000,42,0.19760,-0.08830,0.01494,0.19060,0.09130,0,0.97801,0.00000,-0.00000,-0.20858,Left,1,356.08,301.14,332.34,289.39,310.47,267.46,290.79,254.75,273.65,248.22,330.88,227.98,324.81,202.34,317.55,185.23,313.17,170.61,350.90,228.39,342.51,212.69,335.51,244.18,337.80,257.68,370.79,235.73,364.27,225.79,355.65,253.50,357.12,262.97,389.62,247.90,384.93,237.02,373.11,255.31,370.26,263.48,-0.00000,-0.01893,-0.03309,-0.04787,-0.06248,-0.01582,-0.03802,-0.05006,-0.05820,-0.02071,-0.05254,-0.05474,-0.04747,-0.02937,-0.06172,-0.05060,-0.03411,-0.03972,-0.05760,-0.04654,-0.03380,0.00660,0.08077,0.03966,-0.02248,0.06119,0.02133,-0.04417,0.04268,0.01633,-0.06887,0.02373,0.00936,-0.09072,0.00702,0.01258,-0.02919,-0.00331,0.00631,-0.03414,-0.02823,-0.00642,-0.04117,-0.04711,-0.01537,-0.04894,-0.05964,-0.04232,-0.00367,-0.00398,0.00496,-0.01620,-0.01743,-0.02981,-0.02789,0.00837,-0.03846,-0.02304,0.02158,-0.01532,0.01878,-0.00002,-0.00251,0.00604,-0.00301,-0.03475,-0.00351,0.01888,-0.03750,0.00116,0.03014,-0.01712,0.03178,0.01749,-0.00974,0.02880,0.00833,-0.03011,0.01392,0.02135,-0.03792,0.01216,0.03179,-0.02462
1144.1789,1,1,14.24,0.16,28.26,0.04176,0.00807,0.58409,0.70150,0.58233,1.5058,0,0,0.21010,-0.00089,0.05722,0.21028,-0.00082,0.05684,0.39,0.01,0.58233,-0.00090,-0.28469,0.44520,1.41141,-0.00000,0.22456,-0.00092,-0.28517,0.44482,1.41140,0.00000,1.00000,42,0.19760,-0.08830,0.01494,0.19060,0.09130,0,0.97801,0.00000,-0.00000,-0.20858,Left,1,354.45,298.80,331.19,287.29,309.16,265.30,289.12,253.43,271.73,247.55,330.21,225.22,324.00,199.06,316.70,181.63,312.30,166.48,350.51,225.55,341.32,211.76,334.28,243.52,336.99,256.89,370.58,233.18,363.21,225.14,354.40,252.62,356.17,261.57,389.43,245.66,384.47,235.34,372.36,253.23,369.71,261.04,-0.00000,-0.01889,-0.03311,-0.04799,-0.06276,-0.01725,-0.03986,-0.05245,-0.06122,-0.02257,-0.05546,-0.05845,-0.05193,-0.03155,-0.06428,-0.05305,-0.03673,-0.04227,-0.06012,-0.04870,-0.03582,0.00578,0.08043,0.04155,-0.02240,0.06075,0.02206,-0.04444,0.04331,0.01752,-0.06895,0.02521,0.01062,-0.09126,0.00881,0.01442,-0.02885,-0.00320,0.00661,-0.03363,-0.02806,-0.00702,-0.04086,-0.04736,-0.01645,-0.04848,-0.05982,-0.04288,-0.00377,-0.00420,0.00460,-0.01693,-0.01512,-0.02963,-0.02873,0.01087,-0.03774,-0.02303,0.02314,-0.01399,0.01825,0.00003,-0.00277,0.00478,-0.00099,-0.03467,-0.00458,0.02049,-0.03668,0.00072,0.03077,-0.01621,0.03128,0.01786,-0.00991,0.02811,0.00895,-0.02984,0.01256,0.02165,-0.03713,0.01181,0.03162,-0.02428
1144.2110,1,1,14.48,0.15,28.16,0.04105,0.00556,0.58344,0.69866,0.58279,1.5508,0,0,0.21010,-0.00089,0.05722,0.21031,-0.00082,0.05687,0.39,0.01,0.58279,-0.00091,-0.28490,0.44515,1.41140,0.00000,0.38401,-0.00092,-0.28517,0.44482,1.41140,0.00000,1.00000,42,0.19760,-0.08830,0.01494,0.19060,0.09130,0,0.97801,0.00000,-0.00000,-0.20858,Left,1,353.93,296.60,329.81,285.06,307.93,263.41,287.39,251.61,270.08,246.11,329.34,222.37,323.47,195.63,316.77,177.80,312.48,162.47,349.80,222.50,340.67,210.62,333.73,241.90,336.13,254.33,369.97,230.18,362.48,224.16,354.02,250.99,355.87,258.85,388.77,242.87,383.89,233.93,371.79,251.82,369.07,259.19,-0.00000,-0.01934,-0.03428,-0.04994,-0.06548,-0.01764,-0.04016,-0.05299,-0.06204,-0.02276,-0.05482,-0.05773,-0.05163,-0.03155,-0.06296,-0.05149,-0.03563,-0.04227,-0.05880,-0.04687,-0.03399,0.00615,0.08015,0.04279,-0.02234,0.06033,0.02262,-0.04449,0.04355,0.01856,-0.07007,0.02673,0.01062,-0.09114,0.01084,0.01484,-0.02900,-0.00264,0.00656,-0.03299,-0.02817,-0.00669,-0.04030,-0.04847,-0.01698,-0.04723,-0.06021,-0.04458,-0.00414,-0.00467,0.00468,-0.01705,-0.01338,-0.03004,-0.02840,0.01194,-0.03884,-0.02252,0.02307,-0.01360,0.01910,0.00041,-0.00265,0.00470,-0.00018,-0.03460,-0.00286,0.02230,-0.03465,0.00150,0.03124,-0.01470,0.03158,0.01827,-0.00961,0.02792,0.01036,-0.03044,0.01273,0.02363,-0.03729,0.01199,0.03245,-0.02340
1144.2427,1,1,14.33,0.15,28.62,0.04028,0.00280,0.57921,0.68829,0.57499,1.5933,0,0,0.21010,-0.00089,0.05722,0.21030,-0.00082,0.05686,0.39,0.01,0.57499,-0.00092,-0.28485,0.44517,1.41140,0.00000,0.52441,-0.00092,-0.28517,0.44482,1.41140,0.00000,1.00000,42,0.19760,-0.08830,0.01494,0.19060,0.09130,0,0.97801,0.00000,-0.00000,-0.20858,Left,1,353.83,294.55,329.55,282.61,306.99,261.08,285.78,250.25,268.30,245.70,328.58,219.43,322.90,192.65,316.72,174.69,312.76,158.78,349.43,219.30,340.56,208.80,333.70,239.94,336.09,252.46,369.81,227.08,362.43,222.61,353.65,249.20,355.33,256.98,388.83,239.84,384.01,231.67,371.82,249.56,369.12,256.89,-0.00000,-0.02003,-0.03493,-0.05039,-0.06571,-0.01782,-0.03970,-0.05232,-0.06143,-0.02264,-0.05445,-0.05790,-0.05232,-0.03108,-0.06203,-0.05116,-0.03587,-0.04155,-0.05743,-0.04568,-0.03308,0.00679,0.07982,0.04339,-0.02196,0.06013,0.02266,-0.04502,0.04462,0.01781,-0.07090,0.02897,0.00991,-0.09191,0.01419,0.01352,-0.02894,-0.00257,0.00623,-0.03270,-0.02792,-0.00688,-0.03970,-0.04858,-0.01754,-0.04624,-0.06046,-0.04475,-0.00447,-0.00486,0.00512,-0.01676,-0.01214,-0.03042,-0.02837,0.01374,-0.03946,-0.02227,0.02507,-0.01359,0.01906,0.00038,-0.00271,0.00433,0.00155,-0.03451,-0.00345,0.02391,-0.03454,0.00075,0.03312,-0.01391,0.03166,0.01841,-0.00930,0.02821,0.01174,-0.03105,0.01249,0.02493,-0.03762,0.01193,0.03331,-0.02346
1144.2762,1,1,15.45,0.15,29.94,0.04016,0.00036,0.58238,0.69251,0.58554,1.5978,0,0,0.21010,-0.00089,0.05722,0.21030,-0.00082,0.05686,0.39,0.01,0.58554,-0.00092,-0.28484,0.44518,1.41140,-0.00000,0.69041,-0.00092,-0.28517,0.44482,1.41140,0.00000,1.00000,42,0.19760,-0.08830,0.01494,0.19060,0.09130,0,0.97801,0.00000,-0.00000,-0.20858,Left,1,353.76,292.45,329.26,280.71,307.12,259.42,285.23,248.20,267.48,243.61,328.57,217.39,323.50,189.22,317.41,170.11,313.69,153.33,349.11,217.46,341.54,207.23,334.94,238.69,337.15,250.16,369.53,225.18,363.29,220.28,354.48,246.79,355.82,253.70,388.52,237.68,384.80,229.75,372.37,247.85,369.24,254.69,-0.00000,-0.02049,-0.03621,-0.05252,-0.06864,-0.02051,-0.04499,-0.05900,-0.06863,-0.02480,-0.05761,-0.05984,-0.05337,-0.03293,-0.06465,-0.05272,-0.03663,-0.04317,-0.05981,-0.04789,-0.03498,0.00702,0.07919,0.04457,-0.02158,0.05999,0.02302,-0.04535,0.04482,0.01825,-0.07067,0.02915,0.00966,-0.09252,0.01403,0.01306,-0.02917,-0.00294,0.00586,-0.03201,-0.02850,-0.00726,-0.03882,-0.05006,-0.01728,-0.04544,-0.06297,-0.04412,-0.00457,-0.00503,0.00475,-0.01655,-0.01143,-0.03140,-0.02748,0.01519,-0.03979,-0.02142,0.02483,-0.01237,0.01888,0.00065,-0.00247,0.00487,0.00185,-0.03464,-0.00307,0.02474,-0.03423,0.00111,0.03259,-0.01281,0.03249,0.01881,-0.00815,0.02841,0.01242,-0.02970,0.01265,0.02541,-0.03617,0.01204,0.03416,-0.02150
1144.3065,1,1,13.96,0.14,26.75,0.04048,-0.00243,0.58398,0.68486,0.58559,1.6329,0,0,0.21010,-0.00089,0.05722,0.21030,-0.00082,0.05686,0.39,0.01,0.58559,-0.00092,-0.28485,0.44518,1.41140,-0.00000,0.83368,-0.00092,-0.28517,0.44482,1.41140,0.00000,1.00000,42,0.19760,-0.08830,0.01494,0.19060,0.09130,0,0.97801,-0.00000,-0.00000,-0.20858,Left,1,354.40,290.23,329.99,278.42,307.69,256.79,285.26,245.82,267.58,240.83,329.09,214.16,324.10,186.08,318.29,166.82,314.65,149.78,349.86,214.09,341.82,204.82,335.78,236.53,338.25,248.64,370.44,222.05,363.83,218.09,355.06,244.55,356.40,251.54,389.28,234.78,385.42,226.96,372.96,245.04,370.07,251.80,-0.00000,-0.02010,-0.03519,-0.05077,-0.06621,-0.02032,-0.04520,-0.06021,-0.07065,-0.02450,-0.05763,-0.06070,-0.05494,-0.03245,-0.06402,-0.05249,-0.03677,-0.04248,-0.05884,-0.04699,-0.03419,0.00689,0.07990,0.04400,-0.02148,0.06044,0.02160,-0.04533,0.04573,0.01743,-0.07062,0.02990,0.01064,-0.09338,0.01456,0.01579,-0.02924,-0.00270,0.00582,-0.03138,-0.02818,-0.00746,-0.03798,-0.04987,-0.01762,-0.04441,-0.06342,-0.04395,-0.00479,-0.00513,0.00502,-0.01675,-0.01070,-0.03141,-0.02685,0.01609,-0.04010,-0.02030,0.02596,-0.01268,0.01891,0.00059,-0.00245,0.00513,0.00266,-0.03476,-0.00294,0.02536,-0.03422,0.00157,0.03298,-0.01293,0.03291,0.01876,-0.00814,0.02823,0.01250,-0.02970,0.01253,0.02538,-0.03645,0.01236,0.03424,-0.02193
1144.3403,1,1,15.42,0.15,30.50,0.04124,-0.00510,0.58989,0.68622,0.59579,1.6030,0,0,0.21010,-0.00089,0.05722,0.21030,-0.00082,0.05686,0.39,0.01,0.59579,-0.00092,-0.28485,0.44518,1.41140,-0.00000,0.97740,-0.00092,-0.28517,0.44482,1.41140,0.00000,1.00000,42,0.19760,-0.08830,0.01494,0.19060,0.09130,0,0.97801,-0.00000,-0.00000,-0.20858,Left,1,354.88,288.29,330.92,276.68,308.89,255.11,286.71,244.02,269.43,238.72,329.77,212.32,324.72,183.45,319.27,163.97,315.69,146.56,350.16,212.00,342.33,201.80,336.67,231.97,338.71,242.96,370.75,219.45,364.24,215.67,356.15,241.65,357.60,247.59,389.84,231.75,385.73,224.51,373.88,242.81,371.55,248.94,-0.00000,-0.02025,-0.03522,-0.05067,-0.06594,-0.02065,-0.04592,-0.06108,-0.07164,-0.02487,-0.05846,-0.06215,-0.05691,-0.03286,-0.06448,-0.05331,-0.03802,-0.04303,-0.05938,-0.04792,-0.03554,0.00652,0.08089,0.04269,-0.02205,0.06190,0.02111,-0.04485,0.04641,0.01669,-0.06990,0.03068,0.00881,-0.09250,0.01494,0.01440,-0.02956,-0.00308,0.00576,-0.03129,-0.02872,-0.00629,-0.03751,-0.05094,-0.01552,-0.04418,-0.06459,-0.04197,-0.00457,-0.00515,0.00487,-0.01656,-0.01165,-0.03173,-0.02663,0.01448,-0.04055,-0.02006,0.02297,-0.01435,0.01915,0.00062,-0.00250,0.00533,0.00227,-0.03521,-0.00256,0.02535,-0.03444,0.00234,0.03215,-0.01222,0.03319,0.01873,-0.00819,0.02831,0.01276,-0.02980,0.01334,0.02591,-0.03653,0.01378,0.03479,-0.02094
1144.3861,1,1,13.68,0.14,41.65,0.04139,-0.00669,0.58822,0.70827,0.58655,1.6094,0,0,0.21010,-0.00089,0.05722,0.21030,-0.00082,0.05686,0.39,0.01,0.58655,-0.00092,-0.28485,0.44518,1.41140,-0.00000,1.05161,-0.00092,-0.28517,0.44482,1.41140,0.00000,1.00000,42,0.19760,-0.08830,0.01494,0.19060,0.09130,0,0.97801,-0.00000,-0.00000,-0.20858,Left,1,355.33,286.63,330.94,275.10,308.46,253.56,286.79,241.93,269.36,236.22,330.05,210.92,325.49,181.24,319.96,161.53,316.52,143.91,350.34,211.69,343.26,199.88,337.19,230.59,339.37,242.09,370.66,219.67,365.26,212.98,356.69,239.16,358.00,245.77,389.88,232.04,387.27,221.85,374.82,239.86,371.59,246.62,-0.00000,-0.01906,-0.03373,-0.04907,-0.06421,-0.02085,-0.04618,-0.06099,-0.07116,-0.02533,-0.05868,-0.06121,-0.05517,-0.03347,-0.06555,-0.05373,-0.03785,-0.04351,-0.06064,-0.04889,-0.03613,0.00672,0.08036,0.04628,-0.02184,0.06066,0.02248,-0.04509,0.04577,0.01810,-0.07032,0.02949,0.00961,-0.09279,0.01342,0.01360,-0.02912,-0.00344,0.00517,-0.03129,-0.02989,-0.00640,-0.03741,-0.05151,-0.01557,-0.04399,-0.06527,-0.04214,-0.00450,-0.00529,0.00448,-0.01635,-0.01263,-0.03131,-0.02659,0.01333,-0.04061,-0.02051,0.02278,-0.01349,0.01916,0.00094,-0.00163,0.00537,0.00075,-0.03470,-0.00290,0.02336,-0.03489,0.00140,0.03070,-0.01309,0.03297,0.01910,-0.00691,0.02901,0.01097,-0.02787,0.01314,0.02322,-0.03516,0.01285,0.03275,-0.02157
1144.4194,1,1,14.80,0.16,30.14,0.04155,-0.00790,0.58593,0.70202,0.58364,1.6092,0,0,0.21010,-0.00089,0.05722,0.21030,-0.00082,0.05686,0.39,0.01,0.58364,-0.00092,-0.28485,0.44518,1.41140,-0.00000,0.99292,-0.00092,-0.28517,0.44482,1.41140,0.00000,1.00000,42,0.19760,-0.08830,0.01494,0.19060,0.09130,0,0.97801,-0.00000,-0.00000,-0.20858,Left,1,355.81,285.64,331.39,273.54,309.29,252.06,287.13,240.44,269.63,234.72,330.56,209.82,325.85,179.57,320.62,159.82,317.05,142.22,350.71,210.99,343.93,198.32,337.80,228.63,339.08,241.35,370.91,218.98,366.08,210.48,357.51,236.77,357.86,245.18,390.08,231.31,388.74,219.26,375.76,237.13,370.97,245.14,-0.00000,-0.01960,-0.03458,-0.05036,-0.06600,-0.01991,-0.04472,-0.05956,-0.06978,-0.02422,-0.05825,-0.06188,-0.05635,-0.03220,-0.06487,-0.05390,-0.03815,-0.04209,-0.05994,-0.04880,-0.03615,0.00657,0.08013,0.04457,-0.02227,0.06024,0.02131,-0.04457,0.04563,0.01696,-0.07001,0.02875,0.00940,-0.09193,0.01280,0.01268,-0.02890,-0.00335,0.00510,-0.03142,-0.03024,-0.00591,-0.03679,-0.05198,-0.01502,-0.04383,-0.06569,-0.04234,-0.00451,-0.00517,0.00479,-0.01580,-0.01319,-0.03134,-0.02601,0.01276,-0.04193,-0.02121,0.02326,-0.01624,0.01883,0.00078,-0.00161,0.00599,-0.00040,-0.03492,-0.00259,0.02244,-0.03586,0.00066,0.03161,-0.01547,0.03272,0.01914,-0.00663,0.02993,0.00976,-0.02813,0.01364,0.02149,-0.03732,0.01195,0.03263,-0.02404
1144.4507,1,1,14.24,0.14,27.94,0.04193,-0.00951,0.58597,0.69964,0.58602,1.6250,0,0,0.21010,-0.00089,0.05722,0.21030,-0.00082,0.05686,0.39,0.01,0.58602,-0.00092,-0.28485,0.44518,1.41140,0.00000,0.99649,-0.00092,-0.28517,0.44482,1.41140,0.00000,1.00000,42,0.19760,-0.08830,0.01494,0.19060,0.09130,0,0.97801,-0.00000,-0.00000,-0.20858,Left,1,356.40,284.22,331.73,271.83,309.76,250.22,287.67,238.73,270.72,232.91,331.20,207.40,326.53,177.79,320.92,158.35,317.29,141.14,351.09,208.87,344.60,197.06,338.14,227.73,339.67,239.06,371.23,217.18,367.12,209.34,357.98,235.75,358.51,242.78,390.14,229.74,389.21,218.29,375.98,236.37,371.67,243.63,-0.00000,-0.01968,-0.03460,-0.05028,-0.06563,-0.01937,-0.04419,-0.05850,-0.06820,-0.02331,-0.05614,-0.05825,-0.05189,-0.03115,-0.06299,-0.05115,-0.03511,-0.04100,-0.05829,-0.04692,-0.03426,0.00678,0.08069,0.04444,-0.02185,0.06080,0.02123,-0.04417,0.04583,0.01701,-0.07004,0.02876,0.00994,-0.09167,0.01318,0.01351,-0.02882,-0.00375,0.00493,-0.03113,-0.03042,-0.00634,-0.03649,-0.05179,-0.01606,-0.04373,-0.06497,-0.04411,-0.00455,-0.00532,0.00486,-0.01518,-0.01300,-0.03097,-0.02552,0.01327,-0.04051,-0.02082,0.02259,-0.01339,0.01854,0.00107,-0.00148,0.00646,0.00006,-0.03478,-0.00233,0.02278,-0.03506,0.00093,0.03096,-0.01372,0.03249,0.01962,-0.00674,0.02988,0.01061,-0.02761,0.01350,0.02268,-0.03619,0.01243,0.03291,-0.02266
1144.4843,1,1,15.12,0.15,30.48,0.04244,-0.01163,0.58732,0.69898,0.58867,1.5782,0,0,0.21010,-0.00089,0.05722,0.21030,-0.00082,0.05686,0.39,0.01,0.58867,-0.00092,-0.28485,0.44518,1.41140,-0.00000,0.99852,-0.00092,-0.28517,0.44482,1.41140,0.00000,1.00000,42,0.19760,-0.08830,0.01494,0.19060,0.09130,0,0.97801,0.00000,-0.00000,-0.20858,Left,0,357.13,282.44,332.95,270.72,310.93,249.52,289.10,237.64,271.84,231.66,331.13,205.33,326.82,176.52,321.77,157.15,318.28,139.94,351.30,206.39,344.80,196.07,339.14,226.76,340.80,236.87,371.76,214.39,367.06,208.26,358.22,234.92,358.62,241.21,390.92,226.74,388.84,217.62,376.05,235.91,372.20,242.44,-0.00000,-0.02047,-0.03592,-0.05213,-0.06794,-0.01954,-0.04450,-0.05877,-0.06848,-0.02331,-0.05567,-0.05742,-0.05105,-0.03112,-0.06268,-0.05049,-0.03445,-0.04110,-0.05813,-0.04675,-0.03421,0.00700,0.08120,0.04497,-0.02160,0.06214,0.02148,-0.04365,0.04673,0.01481,-0.06843,0.03013,0.00647,-0.09108,0.01434,0.00873,-0.02913,-0.00393,0.00489,-0.03070,-0.02956,-0.00708,-0.03637,-0.05075,-0.01640,-0.04307,-0.06411,-0.04486,-0.00445,-0.00536,0.00460,-0.01508,-0.01169,-0.03191,-0.02486,0.01489,-0.04048,-0.01998,0.02378,-0.01296,0.01873,0.00075,-0.00133,0.00633,0.00156,-0.03544,-0.00237,0.02484,-0.03510,0.00086,0.03190,-0.01254,0.03301,0.01960,-0.00670,0.02934,0.01182,-0.02784,0.01334,0.02445,-0.03542,0.01290,0.03481,-0.02154
1144.5154,1,1,14.18,0.52,28.01,0.04263,-0.01246,0.58542,0.70416,0.58351,1.5899,0,0,0.21106,-0.00107,0.05805,0.21154,-0.00107,0.05831,0.08,0.00,0.58351,0.00054,-0.28110,0.43114,1.41766,0.00000,0.99984,0.00042,-0.28069,0.43294,1.41847,0.00000,1.00000,42,0.19760,-0.08830,0.01494,0.19060,0.09130,0,0.97801,0.00000,-0.00000,-0.20858,Left,0,356.78,281.86,333.26,270.10,311.32,248.49,289.64,236.66,272.71,230.71,331.56,205.60,327.04,176.22,321.87,156.92,318.70,139.74,351.74,206.90,345.20,195.06,339.09,225.51,340.92,237.00,371.99,215.03,367.48,207.34,358.46,233.83,359.02,241.08,391.23,227.46,389.45,216.68,376.56,234.83,372.52,242.10,-0.00000,-0.02007,-0.03493,-0.05052,-0.06582,-0.01942,-0.04377,-0.05772,-0.06727,-0.02351,-0.05645,-0.05894,-0.05279,-0.03146,-0.06359,-0.05197,-0.03604,-0.04143,-0.05878,-0.04740,-0.03478,0.00690,0.08081,0.04411,-0.02173,0.06130,0.02103,-0.04352,0.04576,0.01605,-0.06907,0.02922,0.00915,-0.09050,0.01301,0.01171,-0.02898,-0.00356,0.00524,-0.03098,-0.02989,-0.00617,-0.03691,-0.05161,-0.01528,-0.04333,-0.06455,-0.04372,-0.00445,-0.00545,0.00483,-0.01575,-0.01271,-0.03095,-0.02587,0.01348,-0.04048,-0.02097,0.02319,-0.01342,0.01854,0.00084,-0.00143,0.00595,0.00055,-0.03511,-0.00276,0.02352,-0.03525,0.00038,0.03183,-0.01381,0.03254,0.01955,-0.00722,0.02930,0.01126,-0.02799,0.01327,0.02345,-0.03653,0.01260,0.03381,-0.02323
1144.5484,1,1,15.49,0.15,29.31,0.04304,-0.01292,0.58402,0.70643,0.58263,1.5640,0,0,0.21175,-0.00149,0.05851,0.21102,-0.00106,0.05790,0.97,0.00,0.58263,0.00049,-0.28009,0.43288,1.41863,-0.00000,1.00009,0.00042,-0.28069,0.43294,1.41847,0.00000,1.00000,42,0.19760,-0.08830,0.01494,0.19060,0.09130,0,0.97801,0.00000,-0.00000,-0.20858,Left,0,357.47,281.99,333.34,270.01,311.06,248.07,290.26,235.49,273.22,229.16,332.31,205.33,327.55,175.83,322.36,156.51,318.96,139.51,352.51,206.98,346.08,193.95,339.73,224.52,341.09,236.76,372.62,215.02,367.85,206.51,358.91,233.36,359.19,241.34,391.82,227.02,390.02,215.13,377.31,233.38,373.22,240.97,-0.00000,-0.01934,-0.03366,-0.04874,-0.06359,-0.01882,-0.04227,-0.05546,-0.06444,-0.02315,-0.05569,-0.05797,-0.05148,-0.03119,-0.06350,-0.05214,-0.03610,-0.04105,-0.05856,-0.04713,-0.03436,0.00611,0.08149,0.04383,-0.02223,0.06152,0.02021,-0.04425,0.04539,0.01559,-0.06891,0.02818,0.00867,-0.09028,0.01144,0.01097,-0.02904,-0.00386,0.00494,-0.03106,-0.03009,-0.00588,-0.03690,-0.05182,-0.01481,-0.04378,-0.06464,-0.04283,-0.00440,-0.00532,0.00467,-0.01529,-0.01353,-0.03063,-0.02574,0.01275,-0.04120,-0.02106,0.02301,-0.01435,0.01861,0.00089,-0.00121,0.00604,0.00005,-0.03546,-0.00260,0.02368,-0.03617,0.00034,0.03237,-0.01506,0.03217,0.01948,-0.00696,0.02947,0.00997,-0.02792,0.01365,0.02235,-0.03691,0.01264,0.03327,-0.02344
1144.5792,1,1,13.94,0.88,27.54,0.04323,-0.01344,0.58107,0.70323,0.57812,1.5619,0,0,0.21323,-0.00168,0.05903,0.21363,-0.00162,0.05864,0.11,0.01,0.57812,0.00367,-0.25599,0.40359,1.42545,0.00001,0.99999,0.00375,-0.26399,0.40873,1.42589,0.00000,1.00000,42,0.19760,-0.08830,0.01494,0.19060,0.09130,0,0.97801,0.00000,-0.00000,-0.20858,Left,0,357.54,281.16,333.76,269.11,311.92,246.77,291.17,234.16,274.36,228.00,332.56,204.45,328.07,175.26,322.83,156.41,319.21,139.50,352.85,206.16,346.72,193.45,340.46,224.28,341.73,236.58,373.01,214.45,368.61,205.93,359.55,232.99,359.74,241.01,392.16,226.83,390.51,215.00,377.58,233.43,373.20,241.17,-0.00000,-0.01937,-0.03321,-0.04770,-0.06193,-0.01814,-0.04143,-0.05463,-0.06370,-0.02235,-0.05510,-0.05787,-0.05171,-0.03026,-0.06289,-0.05195,-0.03610,-0.03993,-0.05775,-0.04660,-0.03394,0.00595,0.08108,0.04411,-0.02242,0.06100,0.02069,-0.04393,0.04486,0.01556,-0.06883,0.02746,0.00821,-0.08981,0.01085,0.01106,-0.02892,-0.00356,0.00480,-0.03112,-0.02993,-0.00650,-0.03700,-0.05145,-0.01605,-0.04375,-0.06368,-0.04442,-0.00447,-0.00518,0.00483,-0.01483,-0.01336,-0.03100,-0.02538,0.01266,-0.04120,-0.02087,0.02312,-0.01459,0.01884,0.00074,-0.00124,0.00604,-0.00019,-0.03549,-0.00198,0.02324,-0.03583,0.00033,0.03240,-0.01499,0.03228,0.01954,-0.00656,0.02965,0.01035,-0.02793,0.01322,0.02262,-0.03712,0.01234,0.03332,-0.02398
1144.6109,1,1,14.05,0.15,28.19,0.04356,-0.01372,0.58134,0.71030,0.58162,1.5255,0,0,0.21309,-0.00200,0.05931,0.21279,-0.00168,0.05897,0.46,0.01,0.58162,0.00404,-0.26527,0.41042,1.42664,0.00000,0.99998,0.00375,-0.26399,0.40873,1.42589,0.00000,1.00000,42,0.19760,-0.08830,0.01494,0.19060,0.09130,0,0.97801,-0.00000,-0.00000,-0.20858,Left,0,358.03,280.87,334.56,268.84,312.85,246.55,292.19,233.54,275.42,227.29,332.80,204.53,328.35,175.73,323.09,156.75,319.69,139.89,352.90,206.39,347.62,192.11,341.37,222.68,342.41,235.05,373.10,214.62,369.25,204.91,360.44,231.76,360.68,239.84,392.25,226.88,390.96,214.36,378.34,232.40,374.33,239.91,-0.00000,-0.01914,-0.03304,-0.04763,-0.06200,-0.01806,-0.04166,-0.05514,-0.06445,-0.02236,-0.05488,-0.05731,-0.05094,-0.03038,-0.06252,-0.05110,-0.03501,-0.04022,-0.05769,-0.04644,-0.03388,0.00613,0.08120,0.04410,-0.02241,0.06080,0.02031,-0.04391,0.04460,0.01499,-0.06770,0.02723,0.00742,-0.08898,0.00996,0.00926,-0.02886,-0.00382,0.00478,-0.03123,-0.02978,-0.00633,-0.03687,-0.05115,-0.01580,-0.04331,-0.06378,-0.04378,-0.00445,-0.00533,0.00467,-0.01402,-0.01458,-0.03079,-0.02469,0.01118,-0.04257,-0.02052,0.02199,-0.01712,0.01901,0.00070,-0.00107,0.00688,-0.00109,-0.03519,-0.00157,0.02219,-0.03664,0.00084,0.03154,-0.01649,0.03259,0.01959,-0.00607,0.03008,0.00982,-0.02750,0.01428,0.02138,-0.03668,0.01290,0.03239,-0.02364
1144.6438,1,1,15.02,0.54,27.71,0.04410,-0.01409,0.58131,0.70194,0.58127,1.5159,0,0,0.21311,-0.00255,0.05968,0.21308,-0.00237,0.05949,0.10,0.00,0.58127,0.00800,-0.26438,0.40572,1.42957,0.00001,0.99999,0.00860,-0.26404,0.40450,1.43032,0.00000,1.00000,42,0.19760,-0.08830,0.01494,0.19060,0.09130,0,0.97801,-0.00000,-0.00000,-0.20858,Left,0,358.79,280.55,335.31,268.13,313.88,245.75,293.38,232.81,276.37,226.77,333.48,203.93,328.99,175.70,323.59,156.94,320.10,140.15,353.62,205.94,348.04,192.38,341.60,223.23,342.67,234.92,373.91,214.22,369.83,204.92,360.77,232.06,360.80,240.10,393.08,226.44,392.09,213.81,379.21,231.92,374.64,239.64,-0.00000,-0.01908,-0.03293,-0.04754,-0.06181,-0.01765,-0.04140,-0.05473,-0.06377,-0.02183,-0.05402,-0.05590,-0.04918,-0.02981,-0.06237,-0.05080,-0.03443,-0.03955,-0.05757,-0.04632,-0.03354,0.00602,0.08101,0.04329,-0.02250,0.06066,0.02018,-0.04368,0.04437,0.01501,-0.06755,0.02656,0.00781,-0.08843,0.00989,0.01064,-0.02891,-0.00382,0.00458,-0.03142,-0.02956,-0.00646,-0.03683,-0.05068,-0.01637,-0.04374,-0.06291,-0.04378,-0.00447,-0.00493,0.00488,-0.01413,-0.01427,-0.03100,-0.02504,0.01234,-0.04170,-0.02067,0.02283,-0.01547,0.01899,0.00065,-0.00124,0.00657,-0.00063,-0.03546,-0.00199,0.02288,-0.03618,0.00059,0.03265,-0.01587,0.03273,0.01950,-0.00644,0.03058,0.00974,-0.02785,0.01418,0.02162,-0.03705,0.01227,0.03307,-0.02390
1144.6742,1,1,13.29,0.51,26.81,0.04498,-0.01448,0.58270,0.70546,0.58409,1.4806,0,0,0.21242,-0.00342,0.06007,0.21256,-0.00344,0.06002,0.14,0.00,0.58409,0.01414,-0.26991,0.40729,1.43299,0.00001,1.00000,0.01363,-0.26980,0.40742,1.43320,0.00000,1.00000,42,0.19760,-0.08830,0.01494,0.19060,0.09130,0,0.97801,0.00000,0.00000,-0.20858,Left,0,359.72,280.20,336.24,267.88,315.10,245.58,295.36,232.04,278.65,225.73,334.53,203.68,330.01,175.67,324.32,157.04,320.86,140.19,354.59,205.65,349.67,191.11,343.26,221.97,344.38,234.08,374.80,213.89,371.25,203.63,362.13,230.61,362.42,238.83,393.90,226.03,393.13,212.67,380.24,230.81,376.03,238.78,-0.00000,-0.01850,-0.03223,-0.04673,-0.06090,-0.01763,-0.04217,-0.05641,-0.06597,-0.02191,-0.05426,-0.05641,-0.04983,-0.02995,-0.06237,-0.05084,-0.03451,-0.03968,-0.05762,-0.04631,-0.03348,0.00577,0.08157,0.04326,-0.02262,0.06091,0.02022,-0.04400,0.04451,0.01479,-0.06637,0.02627,0.00651,-0.08755,0.00948,0.00820,-0.02880,-0.00404,0.00460,-0.03179,-0.02928,-0.00701,-0.03689,-0.04973,-0.01689,-0.04415,-0.06232,-0.04429,-0.00433,-0.00477,0.00468,-0.01337,-0.01513,-0.03001,-0.02444,0.01102,-0.04084,-0.02042,0.02177,-0.01485,0.01921,0.00034,-0.00137,0.00707,-0.00159,-0.03439,-0.00153,0.02118,-0.03593,0.00070,0.03079,-0.01557,0.03295,0.01907,-0.00638,0.03112,0.00887,-0.02707,0.01451,0.02000,-0.03632,0.01315,0.03208,-0.02415
1144.7077,1,1,14.81,0.52,30.27,0.04574,-0.01481,0.58144,0.70289,0.58018,1.4706,0,0,0.21305,-0.00418,0.06040,0.21294,-0.00410,0.06033,0.07,0.00,0.58018,0.01790,-0.26640,0.40147,1.43558,0.00001,1.00000,0.01803,-0.26553,0.40016,1.43612,0.00000,1.00000,42,0.19760,-0.08830,0.01494,0.19060,0.09130,0,0.97801,0.00000,0.00000,-0.20858,Left,0,360.67,279.99,337.64,267.62,316.49,244.36,297.17,230.49,280.26,224.07,335.39,203.21,330.96,175.30,325.29,156.87,321.83,140.17,355.49,205.25,350.90,190.33,344.49,221.13,345.75,233.02,375.69,213.49,372.29,203.10,363.30,229.91,363.60,237.70,394.86,225.71,394.34,212.26,381.84,230.18,377.68,237.80,-0.00000,-0.01832,-0.03116,-0.04484,-0.05812,-0.01570,-0.03875,-0.05151,-0.06024,-0.02025,-0.05220,-0.05423,-0.04745,-0.02857,-0.06097,-0.04971,-0.03352,-0.03857,-0.05648,-0.04536,-0.03274,0.00557,0.08221,0.04182,-0.02251,0.06085,0.01933,-0.04375,0.04419,0.01434,-0.06591,0.02453,0.00589,-0.08786,0.00778,0.00899,-0.02852,-0.00405,0.00470,-0.03171,-0.02967,-0.00636,-0.03693,-0.04987,-0.01630,-0.04442,-0.06265,-0.04330,-0.00423,-0.00472,0.00478,-0.01270,-0.01591,-0.03023,-0.02382,0.01062,-0.04109,-0.01982,0.02133,-0.01578,0.01895,0.00043,-0.00156,0.00745,-0.00127,-0.03500,-0.00147,0.02108,-0.03675,0.00122,0.03067,-0.01689,0.03276,0.01924,-0.00685,0.03128,0.00901,-0.02806,0.01525,0.02014,-0.03724,0.01348,0.03210,-0.02433
1144.7396,1,1,14.80,0.50,28.67,0.04672,-0.01555,0.58201,0.70397,0.58258,1.4591,0,0,0.21276,-0.00517,0.06114,0.21291,-0.00519,0.06108,0.14,0.00,0.58258,0.02420,-0.26759,0.39714,1.44067,0.00001,0.99999,0.02360,-0.26759,0.39726,1.44111,0.00000,1.00000,42,0.19760,-0.08830,0.01494,0.19060,0.09130,0,0.97801,0.00000,-0.00000,-0.20858,Left,0,361.71,278.52,338.23,266.18,317.34,243.67,297.91,230.15,281.12,223.09,336.41,202.10,331.84,174.15,326.10,155.73,322.66,139.14,356.49,204.29,352.01,188.94,345.05,219.75,345.64,232.32,376.60,212.63,372.89,202.89,363.71,230.43,363.67,239.28,395.72,224.95,394.75,212.01,382.07,230.14,377.57,238.24,-0.00000,-0.01943,-0.03338,-0.04808,-0.06236,-0.01726,-0.04108,-0.05447,-0.06345,-0.02157,-0.05440,-0.05699,-0.05026,-0.02967,-0.06301,-0.05195,-0.03535,-0.03951,-0.05797,-0.04681,-0.03379,0.00539,0.08107,0.04313,-0.02257,0.06018,0.02039,-0.04403,0.04399,0.01532,-0.06608,0.02567,0.00593,-0.08689,0.00836,0.00701,-0.02891,-0.00400,0.00508,-0.03170,-0.02965,-0.00581,-0.03720,-0.05027,-0.01653,-0.04415,-0.06246,-0.04458,-0.00431,-0.00475,0.00472,-0.01267,-0.01601,-0.03027,-0.02438,0.01003,-0.04172,-0.02095,0.02148,-0.01659,0.01903,0.00054,-0.00180,0.00682,-0.00077,-0.03572,-0.00167,0.02247,-0.03617,0.00034,0.03291,-0.01575,0.03238,0.01948,-0.00746,0.03095,0.00954,-0.02884,0.01417,0.02092,-0.03779,0.01248,0.03303,-0.02423
1144.7710,1,1,13.98,0.51,28.28,0.04763,-0.01633,0.58164,0.69772,0.58126,1.4703,0,0,0.21295,-0.00607,0.06192,0.21307,-0.00596,0.06182,0.11,0.00,0.58126,0.02856,-0.26682,0.39085,1.44600,0.00002,0.99999,0.02880,-0.26656,0.39042,1.44689,0.00000,1.00000,42,0.19760,-0.08830,0.01494,0.19060,0.09130,0,0.97801,0.00000,-0.00000,-0.20858,Left,0,362.57,278.31,338.93,265.84,317.46,242.48,298.30,228.97,281.73,222.44,337.11,201.25,332.43,173.59,326.72,155.76,323.17,139.28,357.41,203.29,352.94,188.63,346.65,219.21,347.80,231.56,377.60,211.66,373.93,201.75,364.89,228.97,365.10,237.24,396.68,223.97,395.70,211.08,382.85,229.48,378.30,237.53,-0.00000,-0.01834,-0.03079,-0.04395,-0.05671,-0.01544,-0.03791,-0.05064,-0.05949,-0.01999,-0.05162,-0.05425,-0.04803,-0.02826,-0.06036,-0.04962,-0.03386,-0.03820,-0.05620,-0.04546,-0.03311,0.00530,0.08185,0.04165,-0.02286,0.06100,0.01986,-0.04442,0.04392,0.01517,-0.06642,0.02520,0.00717,-0.08772,0.00827,0.00960,-0.02874,-0.00416,0.00515,-0.03169,-0.02937,-0.00679,-0.03711,-0.04910,-0.01708,-0.04474,-0.06167,-0.04451,-0.00411,-0.00475,0.00461,-0.01243,-0.01574,-0.02965,-0.02367,0.01039,-0.04057,-0.01978,0.02167,-0.01620,0.01881,0.00044,-0.00184,0.00737,-0.00097,-0.03506,-0.00155,0.02180,-0.03634,0.00099,0.03156,-0.01613,0.03263,0.01927,-0.00736,0.03138,0.00956,-0.02838,0.01446,0.02092,-0.03743,0.01257,0.03319,-0.02437
1144.8187,1,1,13.92,0.53,44.33,0.04829,-0.01649,0.57753,0.70218,0.57343,1.4367,0,0,0.21500,-0.00674,0.06208,0.21471,-0.00655,0.06180,0.17,0.01,0.57343,0.03169,-0.24875,0.37292,1.44860,0.00001,1.00000,0.03240,-0.25052,0.37220,1.44899,0.00000,1.00000,42,0.19760,-0.08830,0.01494,0.19060,0.09130,0,0.97801,-0.00000,0.00000,-0.20858,Left,0,363.74,278.20,340.21,265.56,319.10,242.42,300.35,228.62,284.03,221.48,338.10,201.59,333.54,174.08,328.10,156.17,324.59,139.57,358.43,203.49,353.99,187.96,347.67,218.08,348.27,231.50,378.57,211.89,375.34,200.90,366.34,227.71,365.86,237.18,397.75,224.37,397.30,210.60,384.57,228.48,379.43,237.03,-0.00000,-0.01865,-0.03107,-0.04417,-0.05689,-0.01489,-0.03699,-0.04995,-0.05911,-0.01933,-0.05136,-0.05512,-0.04959,-0.02742,-0.05980,-0.04993,-0.03461,-0.03715,-0.05546,-0.04522,-0.03319,0.00504,0.08162,0.04291,-0.02317,0.06065,0.01951,-0.04391,0.04400,0.01379,-0.06540,0.02498,0.00463,-0.08635,0.00735,0.00513,-0.02853,-0.00384,0.00451,-0.03147,-0.02916,-0.00707,-0.03665,-0.04887,-0.01764,-0.04402,-0.06132,-0.04489,-0.00425,-0.00472,0.00468,-0.01206,-0.01695,-0.02952,-0.02322,0.00910,-0.04210,-0.02061,0.02129,-0.01869,0.01866,0.00015,-0.00134,0.00804,-0.00200,-0.03482,-0.00100,0.02026,-0.03754,0.00043,0.03148,-0.01826,0.03251,0.01903,-0.00627,0.03194,0.00881,-0.02754,0.01564,0.01922,-0.03787,0.01292,0.03255,-0.02576
1144.8517,1,1,14.20,0.75,29.19,0.04932,-0.01688,0.57784,0.70905,0.57814,1.4504,0,0,0.21485,-0.00776,0.06247,0.21488,-0.00751,0.06228,0.09,0.00,0.57814,0.03710,-0.24927,0.37001,1.45058,0.00000,0.99999,0.03807,-0.25018,0.36974,1.45122,0.00000,1.00000,42,0.19760,-0.08830,0.01494,0.19060,0.09130,0,0.97801,-0.00000,0.00000,-0.20858,Left,0,363.97,276.89,340.86,264.56,319.94,242.02,301.22,228.29,284.70,221.13,339.61,200.92,335.64,172.96,330.14,154.45,326.73,138.05,359.60,203.39,355.54,187.72,348.42,218.25,348.85,230.87,379.54,211.83,376.28,201.05,367.10,228.51,366.96,237.57,398.63,224.15,397.50,210.74,385.08,228.93,380.95,237.00,-0.00000,-0.01904,-0.03280,-0.04730,-0.06150,-0.01741,-0.04087,-0.05383,-0.06240,-0.02176,-0.05401,-0.05599,-0.04888,-0.02985,-0.06279,-0.05136,-0.03461,-0.03960,-0.05781,-0.04636,-0.03320,0.00453,0.08073,0.04336,-0.02315,0.05999,0.02043,-0.04399,0.04337,0.01466,-0.06608,0.02482,0.00522,-0.08665,0.00694,0.00565,-0.02883,-0.00426,0.00492,-0.03095,-0.02973,-0.00632,-0.03655,-0.05045,-0.01634,-0.04361,-0.06253,-0.04464,-0.00405,-0.00463,0.00446,-0.01263,-0.01629,-0.02955,-0.02476,0.00959,-0.04044,-0.02143,0.02073,-0.01551,0.01875,0.00048,-0.00150,0.00672,-0.00154,-0.03508,-0.00196,0.02143,-0.03647,0.00014,0.03153,-0.01549,0.03186,0.01909,-0.00724,0.03073,0.00908,-0.02764,0.01412,0.02062,-0.03679,0.01322,0.03257,-0.02364
1144.8822,1,1,13.39,0.52,26.72,0.05083,-0.01793,0.58213,0.71115,0.58643,1.4315,0,0,0.21270,-0.00928,0.06352,0.21239,-0.00969,0.06317,0.35,0.00,0.58643,0.05016,-0.27054,0.38441,1.45736,0.00000,1.00000,0.04686,-0.26681,0.37996,1.45772,0.00000,1.00000,42,0.19760,-0.08830,0.01494,0.19060,0.09130,0,0.97801,-0.00000,0.00000,-0.20858,Left,0,365.27,276.17,342.17,263.76,321.65,241.11,303.15,227.41,286.81,220.33,340.64,199.34,336.86,172.02,331.89,154.14,328.69,137.89,360.80,201.73,357.41,187.59,350.84,217.46,350.94,229.49,380.86,210.29,378.11,200.57,368.82,227.16,368.09,235.45,399.77,222.80,399.08,210.60,386.50,228.52,381.79,236.10,-0.00000,-0.01885,-0.03206,-0.04595,-0.05945,-0.01550,-0.03746,-0.05002,-0.05879,-0.01973,-0.05075,-0.05359,-0.04773,-0.02765,-0.05883,-0.04833,-0.03305,-0.03732,-0.05476,-0.04429,-0.03225,0.00373,0.08203,0.04365,-0.02428,0.06120,0.02044,-0.04465,0.04434,0.01308,-0.06604,0.02550,0.00193,-0.08669,0.00802,0.00206,-0.02904,-0.00459,0.00423,-0.03123,-0.03019,-0.00751,-0.03602,-0.05014,-0.01820,-0.04329,-0.06234,-0.04743,-0.00415,-0.00488,0.00442,-0.01163,-0.01577,-0.03089,-0.02288,0.01047,-0.04228,-0.02035,0.02169,-0.01789,0.01899,0.00060,-0.00126,0.00842,-0.00100,-0.03557,-0.00114,0.02182,-0.03745,0.00019,0.03180,-0.01671,0.03282,0.01976,-0.00628,0.03197,0.01045,-0.02741,0.01521,0.02171,-0.03717,0.01339,0.03390,-0.02397
1144.9164,1,1,15.14,0.52,30.28,0.05200,-0.01798,0.57975,0.70470,0.57736,1.4345,0,0,0.21389,-0.01045,0.06357,0.21385,-0.01029,0.06325,0.11,0.00,0.57736,0.05313,-0.25578,0.36916,1.45923,0.00001,1.00000,0.05351,-0.25873,0.36961,1.45984,0.00000,1.00000,42,0.19760,-0.08830,0.01494,0.19060,0.09130,0,0.97801,0.00000,-0.00000,-0.20858,Left,0,366.20,276.55,343.69,263.89,323.22,240.63,304.69,226.74,288.54,219.62,342.54,199.97,338.12,172.25,332.96,154.09,329.94,137.44,362.54,202.35,358.34,187.37,351.35,217.17,351.86,229.65,382.49,210.99,379.54,200.08,370.02,226.44,369.75,235.08,401.45,223.56,401.25,209.46,388.39,226.96,383.53,235.01,-0.00000,-0.01874,-0.03172,-0.04531,-0.05854,-0.01667,-0.03957,-0.05287,-0.06207,-0.02088,-0.05282,-0.05593,-0.05019,-0.02874,-0.06115,-0.05078,-0.03527,-0.03822,-0.05637,-0.04567,-0.03333,0.00340,0.08140,0.04240,-0.02410,0.06017,0.01953,-0.04454,0.04309,0.01322,-0.06597,0.02442,0.00410,-0.08605,0.00624,0.00443,-0.02853,-0.00438,0.00460,-0.03159,-0.02955,-0.00747,-0.03634,-0.04963,-0.01808,-0.04330,-0.06223,-0.04531,-0.00428,-0.00485,0.00467,-0.01270,-0.01605,-0.02967,-0.02456,0.00961,-0.04152,-0.02161,0.02111,-0.01806,0.01894,0.00056,-0.00146,0.00715,-0.00180,-0.03495,-0.00191,0.02043,-0.03682,-0.00042,0.03096,-0.01735,0.03215,0.01942,-0.00642,0.03151,0.00911,-0.02741,0.01441,0.01948,-0.03740,0.01251,0.03185,-0.02521
1144.9461,1,1,13.24,0.49,25.77,0.05336,-0.01807,0.58184,0.70631,0.58394,1.4359,0,0,0.21284,-0.01180,0.06366,0.21274,-0.01199,0.06348,0.15,0.00,0.58394,0.06319,-0.26559,0.37713,1.46035,0.00000,1.00000,0.06141,-0.26572,0.37652,1.46005,0.00000,1.00000,42,0.19760,-0.08830,0.01494,0.19060,0.09130,0,0.97801,0.00000,-0.00000,-0.20858,Left,0,367.73,276.53,344.83,263.59,324.62,240.28,306.20,226.16,290.19,218.82,343.45,200.09,339.40,172.44,334.26,153.87,331.39,137.30,363.33,202.52,359.63,186.71,352.67,217.20,353.34,229.95,383.21,211.08,380.65,200.31,371.21,227.53,371.05,236.34,401.93,223.65,401.50,210.43,388.83,228.69,384.54,236.70,-0.00000,-0.01861,-0.03162,-0.04530,-0.05871,-0.01622,-0.03959,-0.05277,-0.06156,-0.02065,-0.05274,-0.05504,-0.04821,-0.02881,-0.06157,-0.05027,-0.03371,-0.03859,-0.05667,-0.04515,-0.03204,0.00435,0.08143,0.04170,-0.02348,0.06034,0.01912,-0.04351,0.04260,0.01412,-0.06523,0.02324,0.00515,-0.08544,0.00544,0.00648,-0.02868,-0.00432,0.00513,-0.03077,-0.02975,-0.00664,-0.03641,-0.05043,-0.01677,-0.04258,-0.06304,-0.04422,-0.00421,-0.00500,0.00454,-0.01246,-0.01687,-0.02899,-0.02369,0.00840,-0.04010,-0.02053,0.01988,-0.01632,0.01909,0.00077,-0.00149,0.00762,-0.00180,-0.03508,-0.00133,0.02066,-0.03690,0.00088,0.03126,-0.01641,0.03198,0.01968,-0.00737,0.03083,0.00944,-0.02794,0.01446,0.02087,-0.03775,0.01375,0.03289,-0.02496
1144.9801,1,1,14.93,0.51,30.28,0.05482,-0.01837,0.58497,0.71710,0.58810,1.4183,0,0,0.21128,-0.01326,0.06397,0.21084,-0.01332,0.06370,0.23,0.00,0.58810,0.07159,-0.28129,0.39084,1.46231,0.00000,0.99999,0.07028,-0.27786,0.38662,1.46211,0.00000,1.00000,42,0.19760,-0.08830,0.01494,0.19060,0.09130,0,0.97801,0.00000,-0.00000,-0.20858,Left,0,368.77,275.38,346.12,262.37,326.18,239.64,307.61,226.01,291.92,218.35,344.58,199.52,340.93,171.78,336.24,153.60,333.78,136.76,364.46,202.18,361.30,186.67,354.94,215.94,355.68,227.94,384.34,211.05,382.32,200.11,372.94,226.37,372.46,234.65,403.05,223.82,403.57,210.50,390.57,228.01,385.43,235.78,-0.00000,-0.01945,-0.03248,-0.04596,-0.05894,-0.01699,-0.04030,-0.05385,-0.06315,-0.02066,-0.05227,-0.05497,-0.04901,-0.02813,-0.06004,-0.04944,-0.03388,-0.03738,-0.05548,-0.04517,-0.03314,0.00396,0.08068,0.04402,-0.02385,0.05974,0.02062,-0.04365,0.04239,0.01441,-0.06517,0.02348,0.00453,-0.08549,0.00561,0.00382,-0.02880,-0.00500,0.00482,-0.03031,-0.03009,-0.00721,-0.03563,-0.05044,-0.01748,-0.04186,-0.06352,-0.04515,-0.00425,-0.00506,0.00424,-0.01172,-0.01669,-0.02968,-0.02236,0.00870,-0.04100,-0.02003,0.01950,-0.01685,0.01860,0.00099,-0.00135,0.00827,-0.00142,-0.03481,-0.00131,0.02046,-0.03674,0.00030,0.03070,-0.01570,0.03245,0.02024,-0.00636,0.03177,0.01007,-0.02612,0.01525,0.02033,-0.03646,0.01339,0.03335,-0.02376
1145.0112,1,1,14.32,0.55,27.58,0.05617,-0.01880,0.58720,0.71117,0.58942,1.3863,0,0,0.21017,-0.01461,0.06439,0.21033,-0.01455,0.06409,0.21,0.00,0.58942,0.07894,-0.28557,0.39214,1.46490,-0.00000,1.00000,0.07864,-0.28695,0.39220,1.46559,0.00000,1.00000,42,0.19760,-0.08830,0.01494,0.19060,0.09130,0,0.97801,0.00000,-0.00000,-0.20858,Left,0,369.80,275.71,347.13,262.64,327.65,239.29,309.81,225.02,294.05,217.45,345.63,198.88,342.68,171.71,338.33,153.20,335.85,136.39,365.45,201.59,362.23,186.04,355.84,215.57,356.09,227.87,385.41,210.36,382.99,199.55,373.87,225.90,373.19,234.10,404.16,223.06,403.96,209.80,391.54,227.60,387.02,235.17,-0.00000,-0.01851,-0.03115,-0.04445,-0.05740,-0.01503,-0.03792,-0.05137,-0.06062,-0.01932,-0.05081,-0.05376,-0.04772,-0.02733,-0.05902,-0.04840,-0.03277,-0.03706,-0.05465,-0.04385,-0.03152,0.00352,0.08189,0.04233,-0.02399,0.06058,0.01890,-0.04378,0.04269,0.01190,-0.06432,0.02348,0.00124,-0.08439,0.00499,0.00062,-0.02910,-0.00492,0.00457,-0.02997,-0.02990,-0.00742,-0.03504,-0.05026,-0.01729,-0.04046,-0.06390,-0.04456,-0.00417,-0.00515,0.00438,-0.01141,-0.01731,-0.02950,-0.02264,0.00795,-0.04183,-0.02013,0.01950,-0.01848,0.01901,0.00071,-0.00100,0.00823,-0.00185,-0.03499,-0.00089,0.02026,-0.03787,0.00089,0.03028,-0.01776,0.03253,0.01987,-0.00654,0.03165,0.00956,-0.02687,0.01505,0.02016,-0.03702,0.01396,0.03305,-0.02507
1145.0440,1,1,15.03,0.65,28.83,0.05744,-0.01877,0.58754,0.71276,0.58787,1.3869,0,0,0.21000,-0.01588,0.06436,0.20991,-0.01601,0.06425,0.11,0.00,0.58787,0.08761,-0.28805,0.39328,1.46631,0.00000,1.00000,0.08617,-0.28838,0.39299,1.46619,0.00000,1.00000,42,0.19760,-0.08830,0.01494,0.19060,0.09130,0,0.97801,0.00000,0.00000,-0.20858,Left,0,370.68,275.67,348.45,262.49,329.17,238.91,311.31,224.69,295.87,217.59,347.31,199.21,344.07,171.57,339.69,153.17,337.47,136.33,366.95,202.08,364.22,185.71,357.13,214.73,357.16,226.93,386.61,210.97,384.83,199.26,375.16,225.45,374.39,233.89,405.17,223.70,405.72,209.53,393.03,227.11,388.29,234.98,-0.00000,-0.01850,-0.03078,-0.04365,-0.05617,-0.01531,-0.03769,-0.05075,-0.05984,-0.01953,-0.05069,-0.05366,-0.04785,-0.02741,-0.05900,-0.04857,-0.03314,-0.03697,-0.05474,-0.04413,-0.03195,0.00289,0.08140,0.04259,-0.02428,0.06006,0.01934,-0.04391,0.04209,0.01247,-0.06437,0.02303,0.00212,-0.08394,0.00488,0.00027,-0.02884,-0.00518,0.00470,-0.02994,-0.03004,-0.00691,-0.03498,-0.05069,-0.01641,-0.04059,-0.06432,-0.04304,-0.00418,-0.00506,0.00444,-0.01140,-0.01747,-0.02905,-0.02298,0.00758,-0.04176,-0.02087,0.01875,-0.01860,0.01874,0.00084,-0.00125,0.00809,-0.00205,-0.03473,-0.00136,0.01980,-0.03796,0.00009,0.03017,-0.01765,0.03187,0.01987,-0.00664,0.03188,0.00954,-0.02645,0.01516,0.01959,-0.03692,0.01372,0.03269,-0.02501
1145.0759,1,1,14.88,0.51,28.69,0.05904,-0.01919,0.58987,0.71572,0.59220,1.3517,0,0,0.20883,-0.01748,0.06478,0.20909,-0.01748,0.06473,0.21,0.00,0.59220,0.09661,-0.29610,0.39760,1.46864,0.00000,1.00000,0.09588,-0.29652,0.39835,1.46900,0.00000,1.00000,42,0.19760,-0.08830,0.01494,0.19060,0.09130,0,0.97801,0.00000,0.00000,-0.20858,Left,0,372.02,275.19,349.99,262.32,330.64,238.27,313.47,223.62,298.39,216.51,348.63,198.73,345.40,171.34,341.03,153.11,339.00,136.38,368.48,201.27,365.82,185.21,358.63,214.24,358.60,227.01,388.11,210.13,386.23,199.67,376.54,225.59,375.82,233.99,406.55,222.93,406.78,210.12,394.19,227.15,389.57,234.42,-0.00000,-0.01830,-0.02979,-0.04174,-0.05329,-0.01539,-0.03785,-0.05102,-0.06014,-0.01952,-0.05110,-0.05433,-0.04846,-0.02725,-0.05890,-0.04893,-0.03368,-0.03663,-0.05434,-0.04425,-0.03242,0.00316,0.08205,0.04329,-0.02433,0.06078,0.01966,-0.04373,0.04248,0.01230,-0.06361,0.02231,0.00124,-0.08306,0.00393,-0.00066,-0.02910,-0.00522,0.00434,-0.03011,-0.03028,-0.00725,-0.03490,-0.05018,-0.01674,-0.04077,-0.06405,-0.04321,-0.00403,-0.00495,0.00443,-0.01113,-0.01786,-0.02962,-0.02280,0.00730,-0.04156,-0.02084,0.01916,-0.01801,0.01883,0.00071,-0.00126,0.00868,-0.00149,-0.03455,-0.00181,0.02009,-0.03750,0.00018,0.03044,-0.01631,0.03217,0.01987,-0.00642,0.03153,0.01028,-0.02656,0.01499,0.02011,-0.03710,0.01349,0.03310,-0.02472
1145.1070,1,1,13.74,0.88,27.62,0.06051,-0.01926,0.59289,0.72342,0.59591,1.3453,0,0,0.20732,-0.01896,0.06485,0.20672,-0.01916,0.06447,0.22,0.00,0.59591,0.10782,-0.31114,0.41351,1.47046,0.00000,1.00000,0.10537,-0.30800,0.40875,1.47012,0.00000,1.00000,42,0.19760,-0.08830,0.01494,0.19060,0.09130,0,0.97801,0.00000,0.00000,-0.20858,Left,0,372.66,274.59,351.20,261.25,332.41,237.85,315.31,223.64,300.62,215.83,350.08,198.55,347.31,171.46,343.19,153.17,341.60,136.63,369.52,201.85,367.84,184.67,360.00,213.50,359.37,226.22,388.93,211.05,388.02,198.68,377.79,224.72,376.53,233.49,407.07,224.07,408.12,210.00,395.29,227.13,390.42,234.77,-0.00000,-0.01869,-0.03119,-0.04415,-0.05673,-0.01600,-0.03915,-0.05277,-0.06199,-0.01996,-0.05146,-0.05432,-0.04817,-0.02762,-0.05931,-0.04879,-0.03312,-0.03697,-0.05489,-0.04447,-0.03232,0.00232,0.08167,0.04289,-0.02514,0.05955,0.01962,-0.04392,0.04158,0.01155,-0.06364,0.02203,0.00002,-0.08234,0.00330,-0.00308,-0.02907,-0.00585,0.00429,-0.02987,-0.03061,-0.00739,-0.03397,-0.05044,-0.01705,-0.03950,-0.06466,-0.04435,-0.00381,-0.00495,0.00431,-0.01048,-0.01851,-0.02908,-0.02302,0.00625,-0.04145,-0.02208,0.01849,-0.01949,0.01894,0.00088,-0.00111,0.00881,-0.00244,-0.03378,-0.00222,0.01878,-0.03758,-0.00086,0.02959,-0.01726,0.03189,0.02020,-0.00635,0.03203,0.01011,-0.02586,0.01495,0.01966,-0.03589,0.01322,0.03272,-0.02405
1145.1390,1,1,13.80,0.91,28.25,0.06232,-0.01934,0.59625,0.72850,0.59961,1.3635,0,0,0.20564,-0.02076,0.06493,0.20561,-0.02096,0.06481,0.25,0.00,0.59961,0.11918,-0.32147,0.42085,1.47167,-0.00000,1.00000,0.11689,-0.32060,0.42008,1.47140,0.00000,1.00000,42,0.19760,-0.08830,0.01494,0.19060,0.09130,0,0.97801,0.00000,0.00000,-0.20858,Left,0,374.22,274.64,352.97,261.33,334.52,237.80,317.97,223.16,303.17,215.37,351.99,198.74,349.53,171.67,345.66,153.24,344.03,136.76,371.14,202.18,368.80,185.22,361.53,214.29,361.49,226.29,390.44,211.09,389.23,199.22,379.33,225.33,378.35,233.75,408.57,223.60,409.45,209.86,396.68,227.29,391.76,234.97,-0.00000,-0.01723,-0.02873,-0.04088,-0.05270,-0.01493,-0.03779,-0.05100,-0.05986,-0.01904,-0.04938,-0.05131,-0.04483,-0.02674,-0.05794,-0.04699,-0.03123,-0.03598,-0.05397,-0.04346,-0.03130,0.00266,0.08209,0.04250,-0.02469,0.05998,0.01870,-0.04309,0.04155,0.01162,-0.06296,0.02175,0.00032,-0.08198,0.00333,-0.00200,-0.02902,-0.00513,0.00444,-0.02917,-0.03029,-0.00696,-0.03350,-0.05096,-0.01714,-0.03856,-0.06468,-0.04445,-0.00406,-0.00506,0.00448,-0.01130,-0.01791,-0.02876,-0.02314,0.00702,-0.04034,-0.02160,0.01809,-0.01741,0.01904,0.00094,-0.00114,0.00830,-0.00194,-0.03401,-0.00192,0.01955,-0.03714,-0.00036,0.03022,-0.01683,0.03177,0.02031,-0.00691,0.03174,0.01001,-0.02679,0.01493,0.02034,-0.03749,0.01313,0.03327,-0.02521
1145.1709,1,1,13.71,0.88,28.63,0.06417,-0.01935,0.59920,0.73059,0.60215,1.3101,0,0,0.20417,-0.02262,0.06494,0.20390,-0.02261,0.06450,0.24,0.00,0.60215,0.13027,-0.33095,0.43174,1.47262,0.00000,1.00000,0.12892,-0.33144,0.42990,1.47240,0.00000,1.00000,42,0.19760,-0.08830,0.01494,0.19060,0.09130,0,0.97801,0.00000,0.00000,-0.20858,Left,0,375.24,274.55,354.12,261.10,336.21,237.64,320.33,222.69,305.22,215.37,353.72,198.54,351.16,171.28,347.36,152.70,345.80,136.33,372.91,202.14,371.37,184.71,363.38,213.62,362.45,226.49,392.02,211.35,391.30,198.97,381.05,225.04,379.41,234.46,410.00,224.28,411.21,209.93,398.36,227.04,393.00,235.17,-0.00000,-0.01775,-0.02993,-0.04281,-0.05543,-0.01513,-0.03742,-0.05006,-0.05849,-0.01941,-0.05009,-0.05205,-0.04522,-0.02726,-0.05894,-0.04824,-0.03228,-0.03663,-0.05482,-0.04427,-0.03193,0.00155,0.08249,0.04230,-0.02552,0.05959,0.01865,-0.04332,0.04124,0.01048,-0.06255,0.02075,-0.00231,-0.08119,0.00242,-0.00655,-0.02904,-0.00612,0.00444,-0.02947,-0.03134,-0.00710,-0.03371,-0.05173,-0.01651,-0.03911,-0.06546,-0.04369,-0.00388,-0.00500,0.00440,-0.01028,-0.01913,-0.02822,-0.02264,0.00566,-0.04075,-0.02229,0.01798,-0.01926,0.01877,0.00129,-0.00107,0.00880,-0.00255,-0.03378,-0.00202,0.01886,-0.03795,-0.00090,0.03065,-0.01854,0.03167,0.02060,-0.00655,0.03160,0.00971,-0.02614,0.01482,0.01995,-0.03669,0.01275,0.03359,-0.02515
1145.2040,1,1,15.23,0.51,29.66,0.06664,-0.01933,0.60470,0.73139,0.61020,1.3210,0,0,0.20142,-0.02508,0.06493,0.20052,-0.02549,0.06419,0.38,0.01,0.61020,0.15037,-0.35473,0.45569,1.47356,0.00000,1.00000,0.14537,-0.35128,0.44881,1.47340,0.00000,1.00000,42,0.19760,-0.08830,0.01494,0.19060,0.09130,0,0.97801,0.00000,0.00000,-0.20858,Left,0,377.09,275.08,355.78,261.33,338.08,237.16,322.38,222.02,307.65,214.57,356.08,199.06,353.43,171.76,349.61,153.06,348.07,136.57,374.96,202.63,373.31,185.58,365.47,214.60,364.91,226.91,393.89,211.52,392.91,199.41,383.13,225.68,382.35,234.54,411.80,223.98,412.55,209.91,400.18,227.29,395.73,235.18,-0.00000,-0.01651,-0.02749,-0.03934,-0.05097,-0.01328,-0.03543,-0.04786,-0.05601,-0.01757,-0.04784,-0.04959,-0.04253,-0.02539,-0.05677,-0.04589,-0.02971,-0.03461,-0.05252,-0.04181,-0.02926,0.00087,0.08303,0.04129,-0.02631,0.05980,0.01736,-0.04354,0.04073,0.01017,-0.06356,0.01988,-0.00126,-0.08217,0.00174,-0.00363,-0.02898,-0.00560,0.00438,-0.02934,-0.03116,-0.00677,-0.03418,-0.05200,-0.01621,-0.03907,-0.06560,-0.04221,-0.00399,-0.00507,0.00438,-0.01047,-0.01824,-0.02852,-0.02315,0.00667,-0.04097,-0.02213,0.01825,-0.01872,0.01927,0.00123,-0.00075,0.00833,-0.00215,-0.03403,-0.00174,0.02002,-0.03752,0.00010,0.03108,-0.01751,0.03195,0.02054,-0.00663,0.03126,0.00992,-0.02642,0.01483,0.02075,-0.03714,0.01343,0.03385,-0.02547
1145.2498,1,1,13.22,0.51,41.99,0.06839,-0.01914,0.60595,0.74129,0.60721,1.2773,0,0,0.20079,-0.02683,0.06473,0.20067,-0.02650,0.06452,0.19,0.00,0.60721,0.15633,-0.35566,0.45434,1.47335,-0.00000,0.99999,0.15710,-0.35566,0.45311,1.47338,0.00000,1.00000,42,0.19760,-0.08830,0.01494,0.19060,0.09130,0,0.97801,-0.00000,0.00000,-0.20858,Left,0,378.56,274.81,357.37,261.24,339.90,237.14,325.26,222.18,310.57,214.11,357.22,199.49,354.60,172.22,351.04,154.12,349.62,137.69,376.26,203.01,375.03,185.45,367.11,213.87,366.07,226.56,395.14,211.89,394.75,199.59,384.77,225.42,383.36,234.44,412.94,224.33,414.36,210.07,402.03,227.22,397.02,235.13,-0.00000,-0.01651,-0.02723,-0.03859,-0.04962,-0.01389,-0.03547,-0.04788,-0.05628,-0.01836,-0.04888,-0.05183,-0.04587,-0.02613,-0.05750,-0.04746,-0.03212,-0.03527,-0.05329,-0.04295,-0.03084,0.00114,0.08319,0.04215,-0.02581,0.06003,0.01827,-0.04276,0.04102,0.00975,-0.06173,0.01957,-0.00290,-0.07993,0.00040,-0.00643,-0.02883,-0.00572,0.00421,-0.02952,-0.03144,-0.00676,-0.03375,-0.05149,-0.01619,-0.03889,-0.06552,-0.04189,-0.00395,-0.00500,0.00437,-0.00979,-0.01906,-0.02828,-0.02247,0.00547,-0.04107,-0.02235,0.01794,-0.02038,0.01899,0.00115,-0.00090,0.00902,-0.00262,-0.03366,-0.00175,0.01893,-0.03801,-0.00013,0.03055,-0.01846,0.03185,0.02021,-0.00642,0.03180,0.00958,-0.02639,0.01579,0.02030,-0.03714,0.01322,0.03363,-0.02534
1145.2828,1,1,13.36,0.53,29.68,0.07040,-0.01896,0.60721,0.73478,0.60846,1.2788,0,0,0.20016,-0.02884,0.06455,0.20013,-0.02886,0.06446,0.20,0.00,0.60846,0.17110,-0.35748,0.45642,1.47259,-0.00001,1.00000,0.16973,-0.35825,0.45660,1.47247,0.00000,1.00000,42,0.19760,-0.08830,0.01494,0.19060,0.09130,0,0.97801,-0.00000,0.00000,-0.20858,Left,0,380.15,275.18,359.23,261.65,341.95,237.57,327.42,222.28,313.00,214.43,359.27,199.35,357.15,172.29,353.91,154.03,352.61,137.66,378.28,203.07,377.09,185.80,369.57,214.43,368.49,227.11,397.19,212.11,396.92,199.69,387.10,225.64,385.25,234.80,414.87,224.79,416.87,210.24,404.30,227.44,398.54,235.62,-0.00000,-0.01627,-0.02694,-0.03842,-0.04960,-0.01324,-0.03522,-0.04805,-0.05670,-0.01787,-0.04834,-0.05106,-0.04495,-0.02590,-0.05749,-0.04728,-0.03177,-0.03531,-0.05388,-0.04362,-0.03144,0.00121,0.08315,0.04117,-0.02601,0.06001,0.01739,-0.04252,0.04065,0.00916,-0.06129,0.01934,-0.00359,-0.07950,0.00079,-0.00735,-0.02885,-0.00602,0.00444,-0.02903,-0.03130,-0.00665,-0.03287,-0.05155,-0.01609,-0.03793,-0.06600,-0.04167,-0.00397,-0.00501,0.00447,-0.00968,-0.01910,-0.02796,-0.02172,0.00571,-0.04072,-0.02182,0.01801,-0.02006,0.01900,0.00126,-0.00098,0.00924,-0.00266,-0.03397,-0.00094,0.01907,-0.03801,0.00008,0.03065,-0.01906,0.03178,0.02060,-0.00648,0.03191,0.00943,-0.02680,0.01570,0.02010,-0.03803,0.01237,0.03377,-0.02604
1145.3156,1,1,13.94,0.54,29.15,0.07313,-0.01898,0.61097,0.73276,0.61473,1.2855,0,0,0.19828,-0.03157,0.06457,0.19784,-0.03176,0.06428,0.32,0.00,0.61473,0.19109,-0.37141,0.47023,1.47337,-0.00000,1.00000,0.18762,-0.36922,0.46696,1.47312,0.00000,1.00000,42,0.19760,-0.08830,0.01494,0.19060,0.09130,0,0.97801,-0.00000,0.00000,-0.20858,Left,0,382.90,275.52,362.04,262.24,344.46,237.78,329.71,222.30,315.85,214.21,361.66,200.01,359.61,172.85,356.56,154.53,355.34,138.06,380.66,203.13,379.45,186.24,371.85,214.29,370.45,227.15,399.53,211.70,399.46,199.91,389.70,225.29,387.66,234.27,417.21,224.00,418.71,210.30,406.61,227.69,401.20,235.82,-0.00000,-0.01705,-0.02734,-0.03806,-0.04850,-0.01290,-0.03395,-0.04630,-0.05477,-0.01694,-0.04764,-0.05103,-0.04522,-0.02436,-0.05592,-0.04645,-0.03145,-0.03319,-0.05188,-0.04214,-0.03029,0.00131,0.08397,0.03978,-0.02604,0.06108,0.01642,-0.04256,0.04139,0.00917,-0.06245,0.01947,-0.00276,-0.08051,0.00070,-0.00535,-0.02887,-0.00562,0.00465,-0.02908,-0.03090,-0.00577,-0.03314,-0.05150,-0.01486,-0.03790,-0.06587,-0.03993,-0.00389,-0.00494,0.00465,-0.00993,-0.01871,-0.02808,-0.02228,0.00579,-0.04123,-0.02267,0.01853,-0.02158,0.01911,0.00098,-0.00113,0.00924,-0.00270,-0.03381,-0.00087,0.01907,-0.03845,-0.00014,0.03076,-0.01960,0.03204,0.01995,-0.00718,0.03175,0.00953,-0.02754,0.01631,0.02099,-0.03877,0.01311,0.03481,-0.02708
1145.3466,1,1,13.80,0.51,27.66,0.07545,-0.01896,0.61189,0.72871,0.61281,1.2581,0,0,0.19782,-0.03389,0.06455,0.19769,-0.03368,0.06442,0.23,0.00,0.61281,0.20292,-0.37027,0.46819,1.47362,-0.00000,1.00000,0.20258,-0.36997,0.46716,1.47360,0.00000,1.00000,42,0.19760,-0.08830,0.01494,0.19060,0.09130,0,0.97801,-0.00000,0.00000,-0.20858,Left,0,384.19,276.32,363.58,262.54,346.89,238.28,333.02,223.15,319.37,214.89,363.60,199.91,361.53,173.20,359.08,155.18,358.26,138.90,382.92,202.92,382.39,186.97,374.95,215.07,373.02,228.38,401.76,211.46,401.83,201.28,391.93,226.83,389.46,236.17,419.21,223.74,420.68,211.81,408.58,228.83,403.00,236.58,-0.00000,-0.01790,-0.02821,-0.03887,-0.04908,-0.01250,-0.03289,-0.04484,-0.05302,-0.01607,-0.04690,-0.05087,-0.04521,-0.02307,-0.05455,-0.04608,-0.03151,-0.03155,-0.04998,-0.04110,-0.02976,-0.00031,0.08424,0.04082,-0.02700,0.06123,0.01514,-0.04284,0.04152,0.00552,-0.06156,0.02070,-0.00939,-0.07878,0.00185,-0.01331,-0.02900,-0.00544,0.00307,-0.02935,-0.03070,-0.00769,-0.03334,-0.05114,-0.01706,-0.03745,-0.06533,-0.04270,-0.00397,-0.00508,0.00441,-0.00887,-0.01847,-0.02902,-0.02113,0.00694,-0.04325,-0.02230,0.02019,-0.02376,0.01911,0.00088,-0.00007,0.00980,-0.00152,-0.03399,-0.00026,0.02099,-0.03879,-0.00051,0.03306,-0.02007,0.03229,0.02004,-0.00528,0.03192,0.01091,-0.02661,0.01612,0.02227,-0.03855,0.01322,0.03566,-0.02750
1145.3785,1,1,13.54,0.54,28.41,0.07778,-0.01793,0.61347,0.74674,0.61504,1.2501,0,0,0.19703,-0.03623,0.06352,0.19662,-0.03618,0.06330,0.26,0.00,0.61504,0.21938,-0.37141,0.47741,1.46748,-0.00000,1.00000,0.21762,-0.37222,0.47597,1.46710,0.00000,1.00000,42,0.19760,-0.08830,0.01494,0.19060,0.09130,0,0.97801,-0.00000,0.00000,-0.20858,Left,0,385.73,276.51,365.37,263.18,349.32,239.24,336.41,223.71,322.96,215.32,365.90,201.38,364.57,174.31,362.26,156.09,361.72,139.72,384.91,205.24,384.65,188.19,376.78,215.85,375.34,227.84,403.53,214.15,404.23,202.06,394.14,227.05,392.21,235.10,420.91,226.53,423.44,212.71,411.18,229.62,405.82,236.95,-0.00000,-0.01752,-0.02858,-0.04006,-0.05108,-0.01418,-0.03572,-0.04829,-0.05676,-0.01811,-0.04819,-0.05103,-0.04511,-0.02547,-0.05610,-0.04604,-0.03100,-0.03440,-0.05200,-0.04168,-0.02970,0.00017,0.08298,0.04259,-0.02694,0.05982,0.01773,-0.04210,0.04021,0.00764,-0.06032,0.01918,-0.00715,-0.07691,0.00074,-0.01233,-0.02918,-0.00581,0.00350,-0.02856,-0.03114,-0.00688,-0.03173,-0.05171,-0.01623,-0.03599,-0.06609,-0.04232,-0.00390,-0.00495,0.00419,-0.00881,-0.01895,-0.02835,-0.02162,0.00593,-0.04075,-0.02247,0.01754,-0.02004,0.01918,0.00106,-0.00044,0.00975,-0.00223,-0.03327,-0.00043,0.01925,-0.03795,0.00005,0.02989,-0.01859,0.03194,0.02044,-0.00547,0.03226,0.01027,-0.02548,0.01632,0.02089,-0.03652,0.01349,0.03351,-0.02491
1145.4118,1,1,14.61,0.52,29.85,0.08032,-0.01740,0.61585,0.74603,0.61823,1.2310,0,0,0.19584,-0.03877,0.06299,0.19541,-0.03966,0.06287,0.27,0.00,0.61823,0.24202,-0.37537,0.48419,1.46389,0.00000,0.99999,0.23436,-0.37653,0.48417,1.46321,0.00000,1.00000,42,0.19760,-0.08830,0.01494,0.19060,0.09130,0,0.97801,0.00000,-0.00000,-0.20858,Left,0,387.65,276.40,367.55,262.56,351.99,238.56,338.87,223.03,325.23,214.75,368.07,201.62,367.11,174.86,365.41,156.96,365.43,140.65,387.17,205.37,387.80,187.98,379.34,215.50,376.97,228.33,405.73,214.23,406.90,202.09,396.51,227.56,393.80,237.13,422.82,226.73,425.95,212.56,413.90,229.25,408.03,237.37,-0.00000,-0.01850,-0.02996,-0.04181,-0.05329,-0.01409,-0.03560,-0.04833,-0.05686,-0.01768,-0.04871,-0.05253,-0.04684,-0.02471,-0.05615,-0.04667,-0.03141,-0.03334,-0.05141,-0.04135,-0.02918,-0.00063,0.08278,0.04232,-0.02748,0.05943,0.01712,-0.04263,0.03973,0.00704,-0.06062,0.01803,-0.00844,-0.07686,-0.00065,-0.01407,-0.02913,-0.00608,0.00320,-0.02839,-0.03112,-0.00721,-0.03131,-0.05175,-0.01677,-0.03461,-0.06580,-0.04254,-0.00398,-0.00487,0.00429,-0.00818,-0.01939,-0.02920,-0.02180,0.00572,-0.04257,-0.02340,0.01829,-0.02291,0.01957,0.00116,-0.00030,0.01019,-0.00263,-0.03327,-0.00066,0.01924,-0.03840,-0.00084,0.03158,-0.01957,0.03211,0.02020,-0.00534,0.03295,0.00969,-0.02577,0.01736,0.02038,-0.03742,0.01343,0.03395,-0.02634
1145.4430,1,1,14.38,0.49,27.34,0.08279,-0.01711,0.61861,0.75167,0.62137,1.2245,0,0,0.19446,-0.04124,0.06270,0.19416,-0.04160,0.06252,0.27,0.00,0.62137,0.25560,-0.38239,0.49299,1.46148,0.00000,0.99999,0.25125,-0.38239,0.49189,1.46134,0.00000,1.00000,42,0.19760,-0.08830,0.01494,0.19060,0.09130,0,0.97801,0.00000,-0.00000,-0.20858,Left,0,389.00,276.02,369.13,262.25,353.77,238.52,340.55,222.89,326.97,214.64,369.59,201.74,369.28,174.97,367.72,157.17,367.95,140.77,388.96,205.62,389.45,188.80,381.15,216.75,379.34,228.54,407.72,214.59,409.16,202.52,398.57,227.52,395.82,235.73,425.01,227.05,428.41,213.43,416.06,229.77,409.98,237.00,-0.00000,-0.01883,-0.03065,-0.04271,-0.05434,-0.01561,-0.03797,-0.05101,-0.05967,-0.01876,-0.04946,-0.05223,-0.04607,-0.02546,-0.05672,-0.04675,-0.03146,-0.03380,-0.05198,-0.04199,-0.03000,-0.00038,0.08237,0.04304,-0.02766,0.05910,0.01763,-0.04277,0.03929,0.00714,-0.06058,0.01709,-0.00941,-0.07718,-0.00112,-0.01442,-0.02955,-0.00630,0.00269,-0.02817,-0.03132,-0.00762,-0.03074,-0.05190,-0.01723,-0.03373,-0.06631,-0.04373,-0.00401,-0.00480,0.00429,-0.00836,-0.01899,-0.02965,-0.02119,0.00601,-0.04163,-0.02222,0.01727,-0.02009,0.02000,0.00138,-0.00005,0.01129,-0.00267,-0.03316,0.00017,0.01846,-0.03775,-0.00032,0.02935,-0.01824,0.03283,0.02047,-0.00491,0.03370,0.01006,-0.02487,0.01843,0.02072,-0.03646,0.01391,0.03324,-0.02523
1145.4761,1,1,15.11,0.53,29.87,0.08546,-0.01743,0.62368,0.75404,0.62875,1.2414,0,0,0.19193,-0.04391,0.06302,0.19183,-0.04431,0.06296,0.40,0.00,0.62875,0.27579,-0.39971,0.50511,1.46403,0.00001,1.00000,0.27103,-0.39669,0.50317,1.46440,0.00000,1.00000,42,0.19760,-0.08830,0.01494,0.19060,0.09130,0,0.97801,0.00000,-0.00000,-0.20858,Left,0,390.46,275.30,370.56,261.86,355.34,237.66,342.27,222.27,329.39,214.46,371.36,201.65,371.40,174.98,370.22,157.42,370.69,141.02,390.76,205.01,391.52,188.31,383.49,215.71,381.38,228.16,409.40,213.74,410.58,202.61,400.20,227.51,397.43,236.10,426.50,226.10,429.39,213.73,417.45,230.05,411.66,237.25,-0.00000,-0.01764,-0.02778,-0.03818,-0.04826,-0.01411,-0.03572,-0.04861,-0.05733,-0.01747,-0.04830,-0.05196,-0.04635,-0.02419,-0.05525,-0.04623,-0.03153,-0.03240,-0.05059,-0.04138,-0.02993,-0.00099,0.08269,0.04283,-0.02828,0.05964,0.01756,-0.04339,0.03953,0.00770,-0.06157,0.01721,-0.00850,-0.07824,-0.00053,-0.01255,-0.02978,-0.00615,0.00266,-0.02824,-0.03118,-0.00753,-0.03040,-0.05179,-0.01681,-0.03328,-0.06625,-0.04211,-0.00395,-0.00479,0.00431,-0.00845,-0.01909,-0.02980,-0.02117,0.00565,-0.04229,-0.02231,0.01769,-0.02152,0.02026,0.00131,-0.00015,0.01117,-0.00246,-0.03312,-0.00009,0.01905,-0.03750,-0.00020,0.03070,-0.01819,0.03282,0.02040,-0.00493,0.03336,0.01060,-0.02526,0.01856,0.02190,-0.03703,0.01378,0.03444,-0.02558
1145.5071,1,1,14.26,0.54,27.49,0.08758,-0.01733,0.62587,0.74396,0.62806,1.2134,0,0,0.19083,-0.04603,0.06292,0.19059,-0.04622,0.06271,0.25,0.00,0.62806,0.28948,-0.40151,0.50829,1.46531,0.00000,1.00000,0.28631,-0.40158,0.50728,1.46513,0.00000,1.00000,42,0.19760,-0.08830,0.01494,0.19060,0.09130,0,0.97801,0.00000,-0.00000,-0.20858,Left,0,392.33,276.46,372.34,262.69,357.55,238.67,344.91,222.79,332.25,214.63,372.90,202.13,372.98,175.69,371.91,157.85,372.40,141.53,392.11,205.46,392.97,188.91,385.05,216.44,382.73,228.65,410.72,213.90,412.11,202.30,402.07,227.33,399.12,236.22,427.75,226.04,431.26,213.66,419.32,229.96,413.08,237.22,-0.00000,-0.01786,-0.02846,-0.03938,-0.04994,-0.01387,-0.03629,-0.04986,-0.05882,-0.01699,-0.04778,-0.05118,-0.04526,-0.02359,-0.05465,-0.04523,-0.03014,-0.03176,-0.05019,-0.04089,-0.02920,-0.00047,0.08342,0.04054,-0.02807,0.06018,0.01526,-0.04218,0.03971,0.00452,-0.05941,0.01742,-0.01191,-0.07550,-0.00072,-0.01709,-0.02965,-0.00532,0.00253,-0.02807,-0.03090,-0.00749,-0.02993,-0.05153,-0.01653,-0.03248,-0.06649,-0.04142,-0.00408,-0.00464,0.00430,-0.00787,-0.01959,-0.02889,-0.02021,0.00570,-0.04239,-0.02174,0.01734,-0.02249,0.02042,0.00092,0.00028,0.01193,-0.00316,-0.03268,0.00111,0.01822,-0.03858,0.00066,0.02988,-0.02002,0.03300,0.01958,-0.00473,0.03390,0.00991,-0.02461,0.01951,0.02093,-0.03722,0.01440,0.03348,-0.02723
1145.5412,1,1,16.19,0.52,29.81,0.08920,-0.01709,0.62705,0.74643,0.62824,1.2359,0,0,0.19024,-0.04765,0.06268,0.19021,-0.04735,0.06261,0.18,0.00,0.62824,0.29697,-0.40236,0.50979,1.46421,0.00000,1.00000,0.29758,-0.40266,0.50954,1.46393,0.00000,1.00000,42,0.19760,-0.08830,0.01494,0.19060,0.09130,0,0.97801,0.00000,-0.00000,-0.20858,Left,0,393.00,276.42,373.53,262.55,359.00,238.86,346.25,223.16,333.04,214.40,374.29,202.37,374.43,175.28,373.54,157.28,374.00,141.05,393.17,205.98,393.93,189.63,385.83,217.19,383.32,229.18,411.61,214.44,413.53,202.99,403.12,227.89,399.57,236.69,428.55,226.47,432.62,213.43,420.73,229.46,414.23,236.76,-0.00000,-0.01830,-0.02965,-0.04143,-0.05285,-0.01454,-0.03669,-0.04969,-0.05813,-0.01752,-0.04849,-0.05164,-0.04551,-0.02399,-0.05541,-0.04605,-0.03090,-0.03201,-0.05049,-0.04109,-0.02925,-0.00142,0.08299,0.04095,-0.02835,0.05950,0.01628,-0.04248,0.03919,0.00487,-0.06006,0.01687,-0.01224,-0.07625,-0.00148,-0.01696,-0.02947,-0.00560,0.00227,-0.02783,-0.03154,-0.00708,-0.02952,-0.05273,-0.01607,-0.03201,-0.06725,-0.04217,-0.00398,-0.00451,0.00437,-0.00850,-0.01844,-0.03020,-0.02111,0.00647,-0.04314,-0.02236,0.01798,-0.02310,0.02036,0.00117,0.00026,0.01170,-0.00295,-0.03323,0.00033,0.01905,-0.03839,-0.00088,0.03077,-0.02036,0.03238,0.01992,-0.00510,0.03363,0.00956,-0.02486,0.01951,0.02127,-0.03738,0.01392,0.03336,-0.02666
1145.5716,1,1,14.81,0.50,27.39,0.09055,-0.01691,0.62659,0.74656,0.62612,1.2258,0,0,0.19047,-0.04899,0.06250,0.19020,-0.04923,0.06246,0.15,0.00,0.62612,0.30830,-0.39755,0.50681,1.46217,0.00001,0.99999,0.30559,-0.39754,0.50609,1.46222,0.00000,1.00000,42,0.19760,-0.08830,0.01494,0.19060,0.09130,0,0.97801,0.00000,-0.00000,-0.20858,Left,0,394.01,276.80,374.68,262.42,360.42,238.57,348.09,223.13,335.36,214.36,375.54,201.92,375.58,175.22,374.68,157.26,375.25,141.00,394.56,205.67,395.88,188.72,387.62,216.54,385.10,228.57,412.97,214.51,415.29,202.78,404.64,228.01,401.25,236.77,429.64,227.08,433.51,214.66,421.53,230.97,415.36,237.96,-0.00000,-0.01838,-0.02952,-0.04094,-0.05193,-0.01423,-0.03610,-0.04889,-0.05732,-0.01734,-0.04797,-0.05089,-0.04463,-0.02397,-0.05491,-0.04513,-0.02985,-0.03224,-0.05042,-0.04092,-0.02914,-0.00169,0.08366,0.04104,-0.02864,0.05965,0.01678,-0.04224,0.03900,0.00498,-0.05923,0.01688,-0.01246,-0.07506,-0.00131,-0.01764,-0.02926,-0.00628,0.00254,-0.02784,-0.03217,-0.00683,-0.02978,-0.05312,-0.01559,-0.03236,-0.06771,-0.04198,-0.00388,-0.00480,0.00427,-0.00783,-0.01958,-0.02962,-0.02034,0.00538,-0.04210,-0.02158,0.01725,-0.02183,0.02016,0.00148,0.00004,0.01208,-0.00309,-0.03280,0.00040,0.01868,-0.03768,-0.00029,0.03065,-0.01888,0.03201,0.02074,-0.00516,0.03327,0.01083,-0.02487,0.01887,0.02236,-0.03687,0.01380,0.03439,-0.02569
1145.6039,1,1,14.76,0.57,28.56,0.09274,-0.01748,0.63050,0.75074,0.63441,1.2235,0,0,0.18852,-0.05119,0.06307,0.18864,-0.05168,0.06301,0.32,0.00,0.63441,0.32601,-0.40617,0.51025,1.46589,-0.00000,1.00000,0.32163,-0.40648,0.51102,1.46629,0.00000,1.00000,42,0.19760,-0.08830,0.01494,0.19060,0.09130,0,0.97801,0.00000,-0.00000,-0.20858,Left,0,395.83,276.12,376.39,262.40,361.99,238.84,349.57,223.14,336.92,214.17,377.01,201.88,377.10,175.27,376.25,157.55,377.17,141.22,396.08,204.92,397.03,189.26,389.13,217.06,387.19,228.28,414.54,213.13,416.09,203.92,405.51,228.86,402.61,236.36,431.27,225.08,434.22,215.99,422.09,232.19,416.17,238.10,-0.00000,-0.01879,-0.03021,-0.04191,-0.05302,-0.01526,-0.03816,-0.05138,-0.06002,-0.01811,-0.04948,-0.05240,-0.04611,-0.02458,-0.05549,-0.04565,-0.03053,-0.03288,-0.05055,-0.04142,-0.03008,-0.00111,0.08352,0.04273,-0.02795,0.06046,0.01775,-0.04239,0.03992,0.00511,-0.05946,0.01796,-0.01352,-0.07569,-0.00060,-0.01904,-0.02942,-0.00580,0.00220,-0.02796,-0.03118,-0.00790,-0.02956,-0.05186,-0.01712,-0.03202,-0.06629,-0.04368,-0.00396,-0.00479,0.00406,-0.00864,-0.01790,-0.03079,-0.02055,0.00760,-0.04272,-0.02146,0.01869,-0.02183,0.02032,0.00121,0.00016,0.01141,-0.00102,-0.03351,-0.00022,0.02099,-0.03732,-0.00058,0.03148,-0.01694,0.03247,0.02032,-0.00489,0.03250,0.01287,-0.02520,0.01788,0.02540,-0.03632,0.01293,0.03596,-0.02436
1145.6514,1,1,14.55,0.51,44.32,0.09459,-0.01751,0.63203,0.75540,0.63356,1.2184,0,0,0.18775,-0.05303,0.06310,0.18784,-0.05274,0.06298,0.21,0.00,0.63356,0.33400,-0.40789,0.51185,1.46730,-0.00000,1.00000,0.33462,-0.40835,0.51166,1.46749,0.00000,1.00000,42,0.19760,-0.08830,0.01494,0.19060,0.09130,0,0.97801,-0.00000,0.00000,-0.20858,Left,0,396.67,275.92,377.22,261.94,363.23,238.46,351.70,222.75,339.33,213.71,378.84,201.86,378.89,175.07,378.34,157.29,379.11,140.98,397.73,205.53,398.95,189.54,390.85,216.83,387.97,228.70,416.01,213.99,417.75,203.28,407.30,228.73,403.83,237.76,432.57,225.99,436.16,214.57,424.16,231.23,417.93,238.34,-0.00000,-0.01835,-0.02974,-0.04141,-0.05262,-0.01501,-0.03764,-0.05143,-0.06048,-0.01816,-0.04937,-0.05330,-0.04786,-0.02471,-0.05600,-0.04647,-0.03137,-0.03289,-0.05121,-0.04159,-0.02964,-0.00274,0.08304,0.04298,-0.02932,0.05985,0.01710,-0.04251,0.03928,0.00468,-0.05878,0.01757,-0.01380,-0.07419,-0.00103,-0.02041,-0.02938,-0.00595,0.00241,-0.02754,-0.03147,-0.00777,-0.02944,-0.05240,-0.01712,-0.03139,-0.06706,-0.04359,-0.00401,-0.00470,0.00417,-0.00811,-0.01836,-0.03007,-0.02039,0.00683,-0.04272,-0.02214,0.01869,-0.02325,0.02015,0.00130,0.00017,0.01129,-0.00201,-0.03339,0.00010,0.02041,-0.03787,-0.00100,0.03270,-0.01843,0.03212,0.02054,-0.00467,0.03289,0.01121,-0.02538,0.01806,0.02317,-0.03753,0.01350,0.03559,-0.02573
1145.6844,1,1,15.01,0.55,29.58,0.09626,-0.01766,0.63497,0.75780,0.63792,1.2219,0,0,0.18628,-0.05471,0.06325,0.18611,-0.05534,0.06315,0.24,0.00,0.63792,0.35321,-0.41493,0.51666,1.46924,-0.00000,1.00000,0.34768,-0.41511,0.51669,1.46925,0.00000,1.00000,42,0.19760,-0.08830,0.01494,0.19060,0.09130,0,0.97801,-0.00000,0.00000,-0.20858,Left,0,397.83,276.25,378.90,262.41,364.64,238.65,352.72,222.47,340.40,213.30,379.49,201.79,379.66,175.27,379.12,157.58,380.12,141.53,398.43,205.26,400.16,189.82,392.38,217.61,390.08,228.81,416.67,213.67,419.24,203.39,408.82,228.44,405.37,236.67,433.03,225.70,436.83,214.93,425.23,231.43,419.23,238.19,-0.00000,-0.01843,-0.02935,-0.04047,-0.05108,-0.01427,-0.03576,-0.04808,-0.05613,-0.01691,-0.04667,-0.04898,-0.04255,-0.02306,-0.05351,-0.04365,-0.02855,-0.03082,-0.04880,-0.03939,-0.02774,-0.00165,0.08474,0.04115,-0.02845,0.06110,0.01631,-0.04204,0.03993,0.00409,-0.05889,0.01718,-0.01408,-0.07485,-0.00166,-0.01879,-0.02918,-0.00611,0.00202,-0.02788,-0.03197,-0.00716,-0.02940,-0.05266,-0.01614,-0.03145,-0.06739,-0.04321,-0.00399,-0.00498,0.00420,-0.00717,-0.01824,-0.03038,-0.01876,0.00716,-0.04245,-0.02025,0.01855,-0.02162,0.02042,0.00143,0.00044,0.01294,-0.00212,-0.03330,0.00146,0.01993,-0.03786,0.00005,0.03151,-0.01815,0.03238,0.02068,-0.00478,0.03350,0.01169,-0.02538,0.01973,0.02418,-0.03755,0.01412,0.03575,-0.02581
1145.7157,1,1,14.56,0.50,26.71,0.09749,-0.01788,0.63291,0.75940,0.63085,1.2034,0,0,0.18731,-0.05594,0.06347,0.18718,-0.05582,0.06318,0.13,0.00,0.63085,0.35373,-0.40123,0.50446,1.47011,0.00000,1.00000,0.35359,-0.40445,0.50498,1.47019,0.00000,1.00000,42,0.19760,-0.08830,0.01494,0.19060,0.09130,0,0.97801,-0.00000,0.00000,-0.20858,Left,0,398.68,275.74,380.11,261.78,366.14,238.59,354.57,222.99,342.52,213.79,381.10,200.73,381.64,174.56,381.54,157.18,382.77,141.13,400.26,204.62,401.95,190.08,393.75,217.39,391.01,228.43,418.55,213.47,421.17,203.96,410.35,228.09,406.51,235.70,435.10,225.92,439.03,215.24,427.15,230.91,420.77,237.11,-0.00000,-0.01989,-0.03191,-0.04398,-0.05538,-0.01521,-0.03675,-0.04935,-0.05771,-0.01755,-0.04841,-0.05218,-0.04667,-0.02346,-0.05432,-0.04568,-0.03139,-0.03113,-0.04912,-0.04044,-0.02931,-0.00239,0.08362,0.04440,-0.02916,0.06013,0.01820,-0.04265,0.04008,0.00372,-0.05887,0.01818,-0.01674,-0.07413,-0.00069,-0.02514,-0.02919,-0.00633,0.00166,-0.02773,-0.03208,-0.00842,-0.02869,-0.05226,-0.01808,-0.03062,-0.06661,-0.04570,-0.00409,-0.00511,0.00412,-0.00718,-0.01746,-0.03156,-0.01948,0.00812,-0.04449,-0.02210,0.01960,-0.02413,0.02007,0.00158,0.00058,0.01263,-0.00108,-0.03379,0.00064,0.02047,-0.03873,-0.00132,0.03133,-0.01929,0.03263,0.02106,-0.00355,0.03390,0.01219,-0.02458,0.01922,0.02412,-0.03646,0.01350,0.03549,-0.02524
1145.7484,1,1,14.91,0.53,29.56,0.09852,-0.01818,0.63083,0.74283,0.62875,1.2215,0,0,0.18835,-0.05697,0.06377,0.18859,-0.05689,0.06394,0.13,0.00,0.62875,0.35696,-0.39169,0.49082,1.47063,0.00001,1.00000,0.35755,-0.39290,0.49264,1.47098,0.00000,1.00000,42,0.19760,-0.08830,0.01494,0.19060,0.09130,0,0.97801,-0.00000,0.00000,-0.20858,Left,0,400.51,276.79,382.00,262.24,368.13,238.69,356.45,222.67,344.37,213.27,381.96,200.76,382.44,174.91,382.32,157.48,383.34,141.69,401.00,204.13,402.71,190.17,395.23,217.53,392.46,228.43,419.40,212.40,422.19,203.78,412.27,227.89,408.44,235.39,435.92,224.44,439.72,214.81,428.49,231.08,422.24,237.36,-0.00000,-0.01971,-0.03099,-0.04225,-0.05289,-0.01349,-0.03457,-0.04694,-0.05516,-0.01544,-0.04553,-0.04905,-0.04344,-0.02108,-0.05113,-0.04242,-0.02831,-0.02852,-0.04624,-0.03770,-0.02675,-0.00170,0.08492,0.04133,-0.02825,0.06162,0.01597,-0.04105,0.04012,0.00226,-0.05724,0.01787,-0.01765,-0.07311,-0.00041,-0.02366,-0.02896,-0.00556,0.00143,-0.02778,-0.03152,-0.00824,-0.02860,-0.05157,-0.01804,-0.03056,-0.06641,-0.04608,-0.00407,-0.00503,0.00410,-0.00646,-0.01760,-0.03130,-0.01807,0.00838,-0.04450,-0.02056,0.01940,-0.02435,0.02036,0.00113,0.00075,0.01376,-0.00118,-0.03371,0.00258,0.02075,-0.03918,0.00056,0.03100,-0.01985,0.03251,0.02020,-0.00380,0.03381,0.01184,-0.02514,0.02052,0.02477,-0.03755,0.01462,0.03572,-0.02669
1145.7791,1,1,14.37,0.53,26.52,0.09948,-0.01790,0.62874,0.75746,0.62665,1.2279,0,0,0.18940,-0.05792,0.06349,0.18923,-0.05788,0.06327,0.19,0.00,0.62665,0.36128,-0.37782,0.48332,1.46796,0.00001,0.99999,0.36089,-0.38150,0.48424,1.46799,0.00000,1.00000,42,0.19760,-0.08830,0.01494,0.19060,0.09130,0,0.97801,-0.00000,0.00000,-0.20858,Left,0,401.43,276.45,382.70,262.08,369.03,238.88,357.82,223.18,345.36,213.72,383.26,201.15,384.10,174.81,384.30,157.19,385.76,141.18,402.27,205.03,404.47,190.06,396.46,217.35,393.68,228.21,420.44,213.63,423.36,204.34,412.86,228.67,409.01,236.42,436.77,225.83,440.96,215.51,429.28,231.38,422.85,237.71,-0.00000,-0.01970,-0.03175,-0.04396,-0.05555,-0.01479,-0.03632,-0.04883,-0.05699,-0.01710,-0.04728,-0.05038,-0.04444,-0.02302,-0.05321,-0.04394,-0.02934,-0.03075,-0.04800,-0.03871,-0.02724,-0.00183,0.08413,0.04348,-0.02837,0.06029,0.01717,-0.04148,0.03971,0.00243,-0.05745,0.01849,-0.01801,-0.07260,-0.00042,-0.02572,-0.02878,-0.00631,0.00123,-0.02736,-0.03205,-0.00830,-0.02779,-0.05212,-0.01789,-0.02932,-0.06693,-0.04559,-0.00401,-0.00520,0.00419,-0.00631,-0.01772,-0.03084,-0.01843,0.00781,-0.04404,-0.02074,0.01915,-0.02347,0.01999,0.00141,0.00094,0.01278,-0.00075,-0.03334,0.00144,0.02103,-0.03829,-0.00062,0.03202,-0.01831,0.03193,0.02072,-0.00336,0.03360,0.01259,-0.02449,0.01883,0.02479,-0.03652,0.01354,0.03583,-0.02569
1145.8118,1,1,14.89,0.53,29.32,0.10133,-0.01793,0.63238,0.76276,0.63601,1.2047,0,0,0.18758,-0.05978,0.06352,0.18765,-0.06010,0.06356,0.24,0.00,0.63601,0.37776,-0.38820,0.49056,1.46792,0.00000,0.99999,0.37463,-0.38859,0.49151,1.46792,0.00000,1.00000,42,0.19760,-0.08830,0.01494,0.19060,0.09130,0,0.97801,-0.00000,0.00000,-0.20858,Left,0,402.03,275.67,383.12,261.53,369.80,237.74,358.54,221.59,346.49,212.00,384.58,201.25,385.42,174.38,385.78,156.87,387.32,140.80,403.51,205.07,406.07,189.01,398.20,215.55,394.64,227.78,421.59,213.73,424.91,202.71,414.64,227.04,410.10,236.24,437.91,226.01,442.61,214.33,431.11,230.18,424.15,237.38,-0.00000,-0.01824,-0.02914,-0.04031,-0.05101,-0.01383,-0.03484,-0.04752,-0.05592,-0.01662,-0.04709,-0.05120,-0.04592,-0.02269,-0.05323,-0.04469,-0.03038,-0.03031,-0.04826,-0.03942,-0.02809,-0.00324,0.08409,0.04315,-0.02964,0.06022,0.01803,-0.04240,0.03907,0.00448,-0.05838,0.01630,-0.01464,-0.07354,-0.00238,-0.02230,-0.02901,-0.00644,0.00189,-0.02722,-0.03225,-0.00721,-0.02792,-0.05242,-0.01659,-0.02937,-0.06734,-0.04321,-0.00402,-0.00490,0.00407,-0.00627,-0.01880,-0.03021,-0.01844,0.00615,-0.04377,-0.02145,0.01827,-0.02527,0.02050,0.00150,0.00048,0.01355,-0.00241,-0.03283,0.00170,0.01940,-0.03860,-0.00068,0.03206,-0.02020,0.03226,0.02118,-0.00413,0.03417,0.01136,-0.02444,0.02022,0.02326,-0.03714,0.01369,0.03569,-0.02646
1145.8434,1,1,14.43,0.52,28.50,0.10338,-0.01880,0.63790,0.76373,0.64342,1.1838,0,0,0.18482,-0.06183,0.06439,0.18412,-0.06217,0.06390,0.43,0.00,0.64342,0.39815,-0.40723,0.50441,1.47514,-0.00000,1.00000,0.39248,-0.40343,0.49931,1.47497,0.00000,1.00000,42,0.19760,-0.08830,0.01494,0.19060,0.09130,0,0.97801,0.00000,-0.00000,-0.20858,Left,0,403.58,274.63,384.56,260.95,371.28,237.70,360.39,221.63,348.37,211.58,385.23,200.33,386.20,173.99,386.71,156.63,388.20,140.52,404.21,203.86,406.96,188.19,399.73,215.49,396.72,226.88,422.34,212.20,426.21,201.88,416.32,226.41,411.92,234.36,438.73,224.23,443.76,213.92,432.67,229.98,425.92,236.14,-0.00000,-0.02020,-0.03239,-0.04451,-0.05596,-0.01520,-0.03655,-0.04893,-0.05711,-0.01728,-0.04800,-0.05144,-0.04556,-0.02293,-0.05352,-0.04438,-0.02975,-0.03041,-0.04821,-0.03932,-0.02808,-0.00228,0.08451,0.04255,-0.02911,0.06117,0.01661,-0.04169,0.04025,0.00176,-0.05736,0.01772,-0.01884,-0.07249,-0.00121,-0.02661,-0.02935,-0.00611,0.00120,-0.02743,-0.03184,-0.00799,-0.02804,-0.05193,-0.01773,-0.02944,-0.06678,-0.04485,-0.00406,-0.00507,0.00402,-0.00566,-0.01850,-0.03086,-0.01730,0.00728,-0.04419,-0.01989,0.01886,-0.02460,0.02049,0.00136,0.00103,0.01453,-0.00188,-0.03323,0.00316,0.02063,-0.03912,0.00082,0.03178,-0.01982,0.03285,0.02104,-0.00347,0.03510,0.01208,-0.02407,0.02195,0.02498,-0.03642,0.01537,0.03589,-0.02498
1145.8749,1,1,13.80,0.88,28.36,0.10436,-0.01860,0.63732,0.76050,0.63674,1.2222,0,0,0.18511,-0.06281,0.06419,0.18493,-0.06250,0.06382,0.11,0.00,0.63674,0.39812,-0.39716,0.49610,1.47506,0.00001,1.00000,0.39882,-0.39970,0.49565,1.47483,0.00000,1.00000,42,0.19760,-0.08830,0.01494,0.19060,0.09130,0,0.97801,-0.00000,-0.00000,-0.20858,Left,0,403.83,274.96,385.10,260.28,372.22,236.08,361.02,220.18,348.79,210.75,386.76,200.74,387.53,173.95,387.84,156.32,389.29,140.45,405.31,204.77,407.57,187.61,399.76,214.90,396.78,227.17,423.23,213.53,426.75,201.06,416.50,225.77,412.33,235.10,439.35,225.91,444.45,212.85,432.94,228.62,425.98,236.13,-0.00000,-0.01778,-0.02795,-0.03842,-0.04847,-0.01271,-0.03355,-0.04580,-0.05376,-0.01548,-0.04535,-0.04849,-0.04244,-0.02165,-0.05209,-0.04297,-0.02811,-0.02933,-0.04751,-0.03852,-0.02702,-0.00329,0.08458,0.03990,-0.02969,0.06043,0.01607,-0.04218,0.03859,0.00394,-0.05803,0.01529,-0.01316,-0.07334,-0.00372,-0.01829,-0.02895,-0.00631,0.00218,-0.02688,-0.03237,-0.00667,-0.02775,-0.05333,-0.01561,-0.02926,-0.06824,-0.04266,-0.00392,-0.00490,0.00422,-0.00678,-0.01941,-0.02972,-0.01883,0.00531,-0.04279,-0.02093,0.01743,-0.02411,0.02043,0.00159,0.00029,0.01379,-0.00363,-0.03257,0.00184,0.01822,-0.03856,0.00002,0.03107,-0.02079,0.03177,0.02104,-0.00491,0.03407,0.01027,-0.02480,0.02029,0.02210,-0.03790,0.01406,0.03462,-0.02709
1145.9077,1,1,14.48,0.53,28.90,0.10546,-0.01885,0.63909,0.76370,0.64087,1.1842,0,0,0.18422,-0.06390,0.06444,0.18434,-0.06383,0.06430,0.15,0.00,0.64087,0.40725,-0.40131,0.49638,1.47617,0.00000,1.00000,0.40712,-0.40242,0.49673,1.47650,0.00000,1.00000,42,0.19760,-0.08830,0.01494,0.19060,0.09130,0,0.97801,-0.00000,-0.00000,-0.20858,Left,0,403.78,274.09,385.03,259.06,372.50,235.60,361.72,219.64,349.67,209.94,387.33,200.09,388.28,173.49,388.56,155.70,390.19,139.91,405.95,204.39,408.39,187.35,399.95,214.98,396.88,226.70,423.87,213.20,427.46,200.72,416.61,225.85,412.09,235.36,439.83,225.67,445.08,213.34,433.01,229.06,425.57,236.35,-0.00000,-0.01831,-0.02994,-0.04207,-0.05369,-0.01407,-0.03593,-0.04849,-0.05648,-0.01696,-0.04725,-0.04967,-0.04297,-0.02335,-0.05421,-0.04410,-0.02841,-0.03135,-0.04985,-0.04042,-0.02843,-0.00397,0.08396,0.04094,-0.03037,0.05952,0.01675,-0.04247,0.03788,0.00293,-0.05746,0.01461,-0.01679,-0.07255,-0.00396,-0.02362,-0.02890,-0.00680,0.00196,-0.02688,-0.03268,-0.00677,-0.02761,-0.05304,-0.01616,-0.02883,-0.06796,-0.04331,-0.00393,-0.00480,0.00414,-0.00603,-0.01974,-0.02956,-0.01859,0.00548,-0.04209,-0.02089,0.01761,-0.02325,0.02060,0.00187,0.00059,0.01424,-0.00369,-0.03233,0.00180,0.01830,-0.03814,-0.00068,0.03139,-0.02045,0.03207,0.02150,-0.00444,0.03431,0.01086,-0.02434,0.02050,0.02247,-0.03696,0.01296,0.03479,-0.02581
1145.9393,1,1,14.47,0.60,28.40,0.10661,-0.01911,0.64204,0.75688,0.64499,1.1610,0,0,0.18274,-0.06505,0.06470,0.18287,-0.06540,0.06481,0.21,0.00,0.64499,0.42006,-0.41078,0.50096,1.47893,-0.00000,1.00000,0.41728,-0.40981,0.50151,1.47913,0.00000,1.00000,42,0.19760,-0.08830,0.01494,0.19060,0.09130,0,0.97801,-0.00000,-0.00000,-0.20858,Left,0,404.66,274.31,385.86,259.64,373.24,235.82,363.07,219.35,351.25,209.11,387.63,200.39,388.87,173.60,389.12,155.71,390.67,139.79,406.19,204.57,408.87,186.57,400.66,214.24,397.59,226.72,424.13,212.89,427.60,200.19,417.20,225.83,412.93,236.33,440.38,224.61,445.80,211.06,434.34,227.01,427.05,235.11,-0.00000,-0.01816,-0.02936,-0.04094,-0.05202,-0.01427,-0.03624,-0.04888,-0.05680,-0.01696,-0.04749,-0.05010,-0.04336,-0.02306,-0.05441,-0.04447,-0.02849,-0.03067,-0.04936,-0.03983,-0.02755,-0.00326,0.08402,0.03913,-0.03016,0.06065,0.01545,-0.04183,0.03801,0.00167,-0.05650,0.01476,-0.01771,-0.07076,-0.00447,-0.02446,-0.02921,-0.00621,0.00195,-0.02667,-0.03205,-0.00670,-0.02765,-0.05286,-0.01635,-0.02882,-0.06800,-0.04333,-0.00398,-0.00457,0.00416,-0.00598,-0.02029,-0.02940,-0.01837,0.00485,-0.04212,-0.02051,0.01749,-0.02442,0.02077,0.00146,0.00047,0.01429,-0.00429,-0.03233,0.00221,0.01854,-0.03865,-0.00028,0.03264,-0.02083,0.03238,0.02070,-0.00478,0.03496,0.00936,-0.02433,0.02162,0.02083,-0.03797,0.01392,0.03353,-0.02661
1145.9727,1,1,15.19,0.53,30.50,0.10727,-0.01952,0.64405,0.75717,0.64605,1.1567,0,0,0.18174,-0.06572,0.06511,0.18195,-0.06557,0.06492,0.18,0.00,0.64605,0.42342,-0.41486,0.50346,1.48244,0.00000,1.00000,0.42409,-0.41559,0.50346,1.48294,0.00000,1.00000,42,0.19760,-0.08830,0.01494,0.19060,0.09130,0,0.97801,-0.00000,0.00000,-0.20858,Left,0,404.39,273.53,386.07,258.94,374.03,235.21,363.87,219.20,351.89,209.00,387.72,199.71,388.97,173.00,389.29,155.10,390.96,139.18,406.25,204.06,408.90,185.68,400.92,213.72,398.28,226.08,424.18,212.62,427.80,199.65,417.68,225.20,413.87,234.88,440.47,224.58,445.76,210.98,434.28,227.11,427.26,234.85,-0.00000,-0.01880,-0.03041,-0.04213,-0.05327,-0.01510,-0.03727,-0.05004,-0.05805,-0.01753,-0.04818,-0.05061,-0.04367,-0.02344,-0.05454,-0.04419,-0.02809,-0.03096,-0.04935,-0.03953,-0.02721,-0.00359,0.08427,0.03769,-0.03014,0.06056,0.01452,-0.04139,0.03801,0.00088,-0.05555,0.01447,-0.01821,-0.07008,-0.00412,-0.02447,-0.02921,-0.00649,0.00175,-0.02682,-0.03204,-0.00699,-0.02756,-0.05288,-0.01733,-0.02859,-0.06764,-0.04509,-0.00401,-0.00457,0.00422,-0.00603,-0.02072,-0.02906,-0.01830,0.00444,-0.04148,-0.01975,0.01685,-0.02381,0.02097,0.00168,0.00058,0.01458,-0.00432,-0.03206,0.00255,0.01824,-0.03799,0.00110,0.03187,-0.02033,0.03254,0.02117,-0.00468,0.03505,0.00933,-0.02448,0.02153,0.02141,-0.03766,0.01420,0.03422,-0.02597
1146.0033,1,1,14.40,0.65,27.17,0.10819,-0.01996,0.64571,0.75727,0.64738,1.1407,0,0,0.18091,-0.06663,0.06555,0.18087,-0.06673,0.06542,0.17,0.00,0.64738,0.43294,-0.41941,0.50360,1.48685,-0.00000,1.00000,0.43153,-0.41924,0.50322,1.48682,0.00000,1.00000,42,0.19760,-0.08830,0.01494,0.19060,0.09130,0,0.97801,-0.00000,0.00000,-0.20858,Left,0,405.13,273.48,386.82,258.47,374.65,234.76,364.30,218.62,352.40,208.33,388.52,199.32,389.77,172.96,389.87,154.89,391.71,139.04,407.08,203.54,410.01,185.27,401.49,212.97,398.69,225.16,425.08,212.09,429.00,199.09,418.24,224.05,414.06,233.58,441.24,224.25,446.68,211.38,434.85,226.88,427.83,234.04,-0.00000,-0.01887,-0.03078,-0.04295,-0.05460,-0.01451,-0.03664,-0.04933,-0.05734,-0.01708,-0.04763,-0.04990,-0.04280,-0.02322,-0.05379,-0.04335,-0.02737,-0.03110,-0.04915,-0.03964,-0.02763,-0.00384,0.08455,0.03855,-0.03023,0.06021,0.01510,-0.04195,0.03767,0.00103,-0.05624,0.01424,-0.01943,-0.07063,-0.00467,-0.02646,-0.02928,-0.00660,0.00181,-0.02674,-0.03224,-0.00651,-0.02785,-0.05299,-0.01641,-0.02878,-0.06803,-0.04294,-0.00391,-0.00462,0.00412,-0.00559,-0.02095,-0.02909,-0.01823,0.00415,-0.04201,-0.02012,0.01656,-0.02440,0.02099,0.00171,0.00060,0.01498,-0.00450,-0.03187,0.00241,0.01754,-0.03831,0.00041,0.03075,-0.02120,0.03253,0.02120,-0.00499,0.03522,0.01024,-0.02413,0.02150,0.02168,-0.03717,0.01412,0.03368,-0.02646
1146.0358,1,1,14.55,0.55,29.39,0.10924,-0.02063,0.64761,0.76160,0.64951,1.1666,0,0,0.17996,-0.06768,0.06622,0.18000,-0.06787,0.06613,0.20,0.00,0.64951,0.44193,-0.42337,0.50178,1.49188,0.00000,1.00000,0.44004,-0.42299,0.50165,1.49214,0.00000,1.00000,42,0.19760,-0.08830,0.01494,0.19060,0.09130,0,0.97801,-0.00000,0.00000,-0.20858,Left,0,405.92,272.59,387.71,257.97,375.18,233.81,364.67,217.75,352.60,207.77,389.15,199.09,390.53,172.21,390.99,154.30,392.72,138.27,407.82,203.08,410.37,185.57,402.20,213.36,399.28,225.75,425.77,211.33,429.69,198.88,419.35,224.16,415.21,233.78,441.89,223.05,447.31,210.64,435.66,226.63,428.31,234.06,-0.00000,-0.01839,-0.02919,-0.04009,-0.05042,-0.01436,-0.03608,-0.04864,-0.05657,-0.01674,-0.04732,-0.05006,-0.04342,-0.02253,-0.05353,-0.04366,-0.02798,-0.02989,-0.04844,-0.03907,-0.02704,-0.00347,0.08439,0.03912,-0.02975,0.06074,0.01519,-0.04176,0.03825,0.00197,-0.05656,0.01426,-0.01687,-0.07145,-0.00423,-0.02243,-0.02936,-0.00643,0.00178,-0.02657,-0.03170,-0.00693,-0.02727,-0.05244,-0.01685,-0.02859,-0.06743,-0.04340,-0.00398,-0.00456,0.00423,-0.00623,-0.01958,-0.02970,-0.01887,0.00597,-0.04159,-0.02073,0.01815,-0.02260,0.02088,0.00146,0.00044,0.01444,-0.00359,-0.03248,0.00250,0.01905,-0.03774,0.00050,0.03226,-0.01957,0.03239,0.02101,-0.00476,0.03476,0.01027,-0.02518,0.02115,0.02265,-0.03815,0.01352,0.03499,-0.02595
1146.0824,1,1,13.64,0.14,43.32,0.10979,-0.02099,0.64698,0.76221,0.64634,1.1454,0,0,0.18028,-0.06824,0.06658,0.18007,-0.06756,0.06603,0.83,0.00,0.64634,0.43995,-0.42273,0.50192,1.49198,-0.00000,1.00000,0.44004,-0.42299,0.50165,1.49214,0.00000,1.00000,42,0.19760,-0.08830,0.01494,0.19060,0.09130,0,0.97801,-0.00000,0.00000,-0.20858,Left,0,406.64,272.81,387.84,257.88,375.81,233.93,365.84,217.81,354.49,207.38,389.41,198.77,390.83,171.96,391.32,154.06,393.27,137.92,408.35,202.63,411.42,184.17,403.23,211.30,400.04,223.95,426.33,211.04,430.42,197.79,419.81,222.66,415.23,232.47,442.39,223.18,447.59,210.87,435.55,226.65,427.77,234.14,-0.00000,-0.01812,-0.02856,-0.03911,-0.04912,-0.01336,-0.03484,-0.04751,-0.05563,-0.01595,-0.04612,-0.04903,-0.04256,-0.02200,-0.05233,-0.04275,-0.02747,-0.02966,-0.04830,-0.03960,-0.02810,-0.00325,0.08497,0.03987,-0.03019,0.06106,0.01544,-0.04148,0.03812,0.00170,-0.05582,0.01461,-0.01849,-0.07031,-0.00430,-0.02569,-0.02930,-0.00668,0.00175,-0.02689,-0.03215,-0.00688,-0.02762,-0.05249,-0.01620,-0.02907,-0.06830,-0.04228,-0.00387,-0.00470,0.00412,-0.00536,-0.02152,-0.02881,-0.01778,0.00351,-0.04220,-0.02007,0.01630,-0.02516,0.02078,0.00150,0.00066,0.01527,-0.00492,-0.03154,0.00262,0.01732,-0.03867,0.00039,0.03087,-0.02163,0.03258,0.02092,-0.00430,0.03459,0.01057,-0.02429,0.02091,0.02253,-0.03787,0.01274,0.03539,-0.02729
1146.1154,1,1,14.21,0.56,29.57,0.11118,-0.02182,0.65008,0.77068,0.65319,1.1665,0,0,0.17873,-0.06962,0.06741,0.17860,-0.07018,0.06733,0.30,0.00,0.65319,0.45911,-0.42584,0.49500,1.50113,0.00000,0.99999,0.45407,-0.42557,0.49538,1.50095,0.00000,1.00000,42,0.19760,-0.08830,0.01494,0.19060,0.09130,0,0.97801,-0.00000,0.00000,-0.20858,Left,0,407.38,271.59,388.63,257.36,376.65,233.65,366.43,217.62,355.24,207.14,390.79,197.61,392.48,170.98,393.01,153.31,395.15,137.31,409.29,201.90,412.38,184.52,404.09,212.08,401.62,223.48,427.02,210.41,430.83,198.59,419.97,223.44,416.27,231.67,443.09,222.38,448.40,210.31,436.58,226.38,429.90,233.31,-0.00000,-0.01866,-0.02961,-0.04057,-0.05088,-0.01456,-0.03645,-0.04881,-0.05647,-0.01670,-0.04657,-0.04848,-0.04136,-0.02239,-0.05275,-0.04262,-0.02701,-0.02973,-0.04779,-0.03835,-0.02642,-0.00333,0.08443,0.04222,-0.02992,0.06058,0.01722,-0.04207,0.03890,0.00259,-0.05633,0.01578,-0.01827,-0.07060,-0.00297,-0.02703,-0.02914,-0.00695,0.00116,-0.02665,-0.03213,-0.00759,-0.02649,-0.05251,-0.01762,-0.02770,-0.06762,-0.04459,-0.00406,-0.00472,0.00416,-0.00564,-0.01997,-0.03060,-0.01847,0.00592,-0.04238,-0.01957,0.01711,-0.02209,0.02055,0.00152,0.00078,0.01439,-0.00261,-0.03258,0.00174,0.01956,-0.03772,0.00048,0.03146,-0.01834,0.03258,0.02168,-0.00352,0.03485,0.01131,-0.02431,0.02066,0.02353,-0.03702,0.01391,0.03566,-0.02530
1146.1470,1,1,14.29,0.51,27.99,0.11181,-0.02219,0.64919,0.77211,0.64829,1.1807,0,0,0.17917,-0.07025,0.06778,0.17922,-0.07023,0.06783,0.06,0.00,0.64829,0.45759,-0.42172,0.48781,1.50359,0.00000,0.99999,0.45754,-0.42062,0.48734,1.50403,0.00000,1.00000,42,0.19760,-0.08830,0.01494,0.19060,0.09130,0,0.97801,-0.00000,0.00000,-0.20858,Left,0,408.10,271.31,389.10,256.67,377.14,232.70,367.47,216.66,355.85,206.94,391.40,197.19,392.92,170.02,393.81,152.22,395.94,136.16,409.88,201.78,413.04,183.60,405.06,210.37,401.96,222.59,427.62,210.54,431.64,198.12,421.12,222.80,416.82,231.94,443.65,222.71,449.29,210.03,437.69,225.52,430.47,232.69,-0.00000,-0.01755,-0.02748,-0.03757,-0.04711,-0.01337,-0.03428,-0.04651,-0.05433,-0.01611,-0.04588,-0.04892,-0.04265,-0.02215,-0.05211,-0.04294,-0.02799,-0.02971,-0.04752,-0.03862,-0.02715,-0.00439,0.08457,0.04146,-0.03089,0.06013,0.01641,-0.04206,0.03790,0.00196,-0.05626,0.01505,-0.01898,-0.07016,-0.00279,-0.02706,-0.02928,-0.00688,0.00110,-0.02658,-0.03303,-0.00706,-0.02685,-0.05377,-0.01621,-0.02760,-0.06908,-0.04271,-0.00391,-0.00478,0.00396,-0.00529,-0.02063,-0.02982,-0.01784,0.00456,-0.04328,-0.01978,0.01663,-0.02486,0.02069,0.00167,0.00101,0.01485,-0.00325,-0.03191,0.00243,0.01917,-0.03824,0.00057,0.03210,-0.01998,0.03235,0.02148,-0.00374,0.03510,0.01108,-0.02341,0.02109,0.02273,-0.03688,0.01421,0.03520,-0.02626
1146.1801,1,1,14.75,0.51,29.26,0.11186,-0.02243,0.64357,0.76437,0.63795,1.1773,0,0,0.18198,-0.07030,0.06802,0.18204,-0.07033,0.06771,0.23,0.01,0.63795,0.45036,-0.39234,0.46304,1.50385,-0.00000,1.00000,0.45091,-0.40005,0.46696,1.50375,0.00000,1.00000,42,0.19760,-0.08830,0.01494,0.19060,0.09130,0,0.97801,-0.00000,-0.00000,-0.20858,Left,0,408.72,271.82,390.02,257.05,377.84,232.67,368.46,216.61,357.45,206.55,392.31,196.78,393.98,170.06,395.02,152.64,397.07,136.68,411.14,200.94,414.37,183.74,406.41,210.71,403.25,222.34,429.01,209.73,433.25,197.81,422.73,222.19,418.43,230.64,444.95,222.26,450.18,210.50,438.66,226.10,431.73,232.86,-0.00000,-0.01772,-0.02740,-0.03718,-0.04633,-0.01279,-0.03338,-0.04551,-0.05344,-0.01553,-0.04472,-0.04777,-0.04190,-0.02168,-0.05103,-0.04196,-0.02759,-0.02942,-0.04700,-0.03826,-0.02718,-0.00425,0.08486,0.04255,-0.03076,0.06055,0.01699,-0.04226,0.03867,0.00188,-0.05599,0.01615,-0.01952,-0.06973,-0.00269,-0.02781,-0.02905,-0.00638,0.00112,-0.02654,-0.03224,-0.00753,-0.02638,-0.05269,-0.01722,-0.02769,-0.06794,-0.04383,-0.00394,-0.00504,0.00405,-0.00532,-0.02011,-0.03008,-0.01764,0.00540,-0.04387,-0.01969,0.01676,-0.02411,0.02054,0.00142,0.00088,0.01501,-0.00321,-0.03194,0.00300,0.01903,-0.03802,0.00090,0.03116,-0.01990,0.03214,0.02133,-0.00325,0.03454,0.01200,-0.02381,0.02051,0.02349,-0.03709,0.01391,0.03551,-0.02610
1146.2115,1,1,14.53,0.55,28.18,0.11358,-0.02301,0.64738,0.78134,0.65119,1.1806,0,0,0.18008,-0.07203,0.06860,0.17997,-0.07232,0.06871,0.25,0.00,0.65119,0.46737,-0.40931,0.47087,1.50697,-0.00001,1.00000,0.46404,-0.40583,0.46921,1.50743,0.00000,1.00000,42,0.19760,-0.08830,0.01494,0.19060,0.09130,0,0.97801,-0.00000,-0.00000,-0.20858,Left,0,409.72,270.70,390.76,256.43,378.84,232.84,369.85,216.20,358.63,206.00,393.49,196.96,395.23,170.23,396.30,152.56,398.36,136.61,412.04,201.15,415.33,184.14,407.26,210.90,403.73,222.26,429.72,209.52,433.50,198.91,423.15,223.42,418.86,231.41,445.76,221.28,450.37,210.75,439.49,226.63,433.35,232.65,-0.00000,-0.01817,-0.02920,-0.04032,-0.05084,-0.01456,-0.03657,-0.04959,-0.05785,-0.01727,-0.04788,-0.05133,-0.04531,-0.02331,-0.05332,-0.04383,-0.02886,-0.03099,-0.04793,-0.03832,-0.02651,-0.00499,0.08479,0.04322,-0.03153,0.06071,0.01768,-0.04279,0.03851,0.00243,-0.05651,0.01571,-0.01910,-0.07052,-0.00286,-0.02736,-0.02926,-0.00640,0.00067,-0.02684,-0.03267,-0.00745,-0.02665,-0.05316,-0.01725,-0.02743,-0.06782,-0.04518,-0.00399,-0.00503,0.00378,-0.00558,-0.01935,-0.03074,-0.01858,0.00621,-0.04368,-0.02092,0.01733,-0.02305,0.02121,0.00158,0.00119,0.01425,-0.00166,-0.03235,0.00189,0.02152,-0.03770,-0.00007,0.03274,-0.01773,0.03243,0.02132,-0.00306,0.03388,0.01218,-0.02337,0.02044,0.02546,-0.03560,0.01468,0.03600,-0.02434
1146.2432,1,1,14.18,0.48,28.30,0.11421,-0.02276,0.64602,0.77977,0.64466,1.1809,0,0,0.18076,-0.07266,0.06836,0.17991,-0.07185,0.06815,0.96,0.00,0.64466,0.46489,-0.40467,0.47059,1.50757,-0.00000,1.00000,0.46404,-0.40583,0.46921,1.50743,0.00000,1.00000,42,0.19760,-0.08830,0.01494,0.19060,0.09130,0,0.97801,-0.00000,-0.00000,-0.20858,Left,0,411.05,270.82,391.73,255.80,379.40,232.33,369.96,216.55,359.47,206.51,394.13,197.09,395.97,170.23,397.27,152.53,399.34,136.66,412.48,201.94,416.07,183.81,408.09,210.46,404.23,222.18,430.09,210.65,434.33,198.04,424.02,222.78,419.32,231.87,445.93,222.68,451.25,210.02,440.32,225.91,433.70,233.14,-0.00000,-0.01724,-0.02728,-0.03746,-0.04711,-0.01360,-0.03537,-0.04856,-0.05690,-0.01647,-0.04634,-0.04984,-0.04404,-0.02261,-0.05272,-0.04363,-0.02879,-0.03020,-0.04800,-0.03863,-0.02678,-0.00415,0.08417,0.04219,-0.03115,0.05970,0.01681,-0.04241,0.03777,0.00160,-0.05641,0.01546,-0.01865,-0.06913,-0.00315,-0.02768,-0.02920,-0.00629,0.00094,-0.02640,-0.03266,-0.00729,-0.02584,-0.05339,-0.01694,-0.02688,-0.06842,-0.04357,-0.00388,-0.00496,0.00410,-0.00515,-0.02036,-0.02978,-0.01808,0.00483,-0.04369,-0.02086,0.01646,-0.02431,0.02079,0.00152,0.00119,0.01460,-0.00328,-0.03193,0.00237,0.01946,-0.03846,0.00021,0.03184,-0.01977,0.03200,0.02116,-0.00320,0.03438,0.01099,-0.02313,0.02085,0.02342,-0.03663,0.01477,0.03513,-0.02562
1146.2751,1,1,13.68,0.56,28.72,0.11525,-0.02267,0.64535,0.77772,0.64468,1.1727,0,0,0.18109,-0.07370,0.06826,0.18111,-0.07362,0.06818,0.21,0.00,0.64468,0.47136,-0.38975,0.45749,1.50465,0.00001,1.00000,0.47124,-0.39322,0.45920,1.50475,0.00000,1.00000,42,0.19760,-0.08830,0.01494,0.19060,0.09130,0,0.97801,-0.00000,-0.00000,-0.20858,Left,0,411.19,270.85,392.19,256.03,380.45,232.77,371.78,216.81,361.28,206.04,395.56,197.21,397.31,170.64,398.73,153.26,400.90,137.27,414.10,201.69,417.25,183.48,409.45,209.92,405.65,222.20,431.70,210.46,435.66,197.55,425.35,222.10,420.38,231.94,447.38,222.75,453.02,209.75,441.77,225.16,434.53,232.72,-0.00000,-0.01821,-0.02901,-0.03992,-0.05023,-0.01410,-0.03534,-0.04845,-0.05700,-0.01690,-0.04666,-0.05068,-0.04544,-0.02296,-0.05264,-0.04368,-0.02917,-0.03065,-0.04834,-0.03933,-0.02785,-0.00586,0.08358,0.04369,-0.03242,0.06003,0.01725,-0.04263,0.03817,0.00056,-0.05616,0.01655,-0.02011,-0.06921,-0.00289,-0.03110,-0.02949,-0.00659,0.00086,-0.02613,-0.03187,-0.00836,-0.02570,-0.05248,-0.01791,-0.02674,-0.06778,-0.04508,-0.00392,-0.00495,0.00379,-0.00493,-0.02074,-0.02985,-0.01766,0.00471,-0.04513,-0.02110,0.01690,-0.02765,0.02048,0.00147,0.00122,0.01458,-0.00398,-0.03194,0.00246,0.01879,-0.03964,-0.00049,0.03220,-0.02181,0.03157,0.02130,-0.00229,0.03457,0.01077,-0.02230,0.02120,0.02220,-0.03722,0.01443,0.03490,-0.02712
1146.3071,1,1,14.07,0.89,28.99,0.11623,-0.02257,0.64730,0.77650,0.64924,1.1402,0,0,0.18012,-0.07468,0.06816,0.18021,-0.07466,0.06814,0.13,0.00,0.64924,0.47976,-0.39417,0.46172,1.50361,0.00001,0.99999,0.47931,-0.39534,0.46256,1.50360,0.00000,1.00000,42,0.19760,-0.08830,0.01494,0.19060,0.09130,0,0.97801,0.00000,0.00000,-0.20858,Left,0,411.52,271.08,392.87,255.97,381.45,232.53,373.32,216.42,362.22,206.07,395.30,197.23,397.56,170.17,399.11,152.45,401.29,136.19,414.03,201.95,418.31,183.33,410.34,210.13,405.90,222.89,431.81,210.73,436.64,197.48,426.25,222.69,420.59,233.22,447.65,223.06,453.53,209.77,442.44,225.63,434.62,233.41,-0.00000,-0.01840,-0.03002,-0.04178,-0.05310,-0.01536,-0.03698,-0.05021,-0.05882,-0.01854,-0.04919,-0.05329,-0.04779,-0.02488,-0.05507,-0.04554,-0.03038,-0.03285,-0.05063,-0.04092,-0.02880,-0.00513,0.08430,0.04176,-0.03219,0.06012,0.01668,-0.04213,0.03746,-0.00006,-0.05467,0.01510,-0.02252,-0.06761,-0.00359,-0.03254,-0.02966,-0.00705,0.00098,-0.02637,-0.03294,-0.00782,-0.02608,-0.05317,-0.01683,-0.02694,-0.06921,-0.04343,-0.00381,-0.00483,0.00375,-0.00403,-0.02123,-0.02950,-0.01679,0.00415,-0.04408,-0.02048,0.01733,-0.02758,0.02105,0.00172,0.00089,0.01569,-0.00405,-0.03154,0.00317,0.01899,-0.03952,0.00004,0.03346,-0.02227,0.03237,0.02143,-0.00310,0.03532,0.01058,-0.02301,0.02185,0.02221,-0.03708,0.01369,0.03502,-0.02659
1146.3396,1,1,15.19,0.15,29.11,0.11663,-0.02215,0.64667,0.77498,0.64604,1.1455,0,0,0.18043,-0.07508,0.06774,0.18005,-0.07461,0.06809,0.71,0.00,0.64604,0.47995,-0.39530,0.46304,1.50366,-0.00000,1.00000,0.47931,-0.39534,0.46256,1.50360,0.00000,1.00000,42,0.19760,-0.08830,0.01494,0.19060,0.09130,0,0.97801,0.00000,0.00000,-0.20858,Left,0,411.44,271.87,393.12,256.68,382.01,232.87,374.00,216.39,362.90,205.97,395.88,197.50,398.22,170.45,399.82,152.67,401.80,136.61,414.43,202.31,418.34,183.85,410.48,210.46,406.15,221.93,432.20,211.28,437.13,198.14,426.97,222.80,421.53,231.95,448.07,223.81,454.31,210.53,443.54,225.88,436.00,232.87,-0.00000,-0.01812,-0.02911,-0.04032,-0.05096,-0.01426,-0.03538,-0.04796,-0.05610,-0.01737,-0.04709,-0.05067,-0.04508,-0.02369,-0.05339,-0.04384,-0.02893,-0.03164,-0.04912,-0.03950,-0.02761,-0.00586,0.08442,0.04206,-0.03291,0.05969,0.01557,-0.04203,0.03714,-0.00142,-0.05497,0.01480,-0.02368,-0.06745,-0.00412,-0.03231,-0.02942,-0.00675,0.00029,-0.02675,-0.03321,-0.00797,-0.02584,-0.05392,-0.01775,-0.02654,-0.06923,-0.04566,-0.00417,-0.00524,0.00418,-0.00415,-0.02093,-0.02962,-0.01680,0.00407,-0.04523,-0.02040,0.01587,-0.02723,0.02124,0.00195,0.00170,0.01598,-0.00402,-0.03161,0.00435,0.01869,-0.03917,0.00054,0.03178,-0.02206,0.03252,0.02152,-0.00207,0.03542,0.01091,-0.02219,0.02274,0.02264,-0.03640,0.01531,0.03412,-0.02615
1146.3718,1,1,15.20,0.50,29.05,0.11833,-0.02259,0.65295,0.77786,0.65924,1.1394,0,0,0.17729,-0.07677,0.06818,0.17677,-0.07753,0.06796,0.35,0.00,0.65924,0.50586,-0.40786,0.47489,1.50469,-0.00000,1.00000,0.49808,-0.40755,0.47384,1.50458,0.00000,1.00000,42,0.19760,-0.08830,0.01494,0.19060,0.09130,0,0.97801,0.00000,0.00000,-0.20858,Left,0,412.55,271.16,394.02,256.67,382.68,233.07,374.34,216.51,363.25,205.96,396.24,197.22,399.07,170.49,400.50,152.81,402.83,136.77,414.91,201.82,419.40,183.68,411.38,210.50,407.43,221.90,432.57,210.46,437.88,197.58,427.48,222.03,422.29,230.73,448.29,222.58,454.68,210.03,443.63,225.75,436.11,232.69,-0.00000,-0.01865,-0.03005,-0.04145,-0.05226,-0.01535,-0.03712,-0.05013,-0.05852,-0.01796,-0.04800,-0.05122,-0.04528,-0.02387,-0.05372,-0.04401,-0.02903,-0.03146,-0.04929,-0.03987,-0.02809,-0.00505,0.08512,0.04125,-0.03217,0.06095,0.01579,-0.04202,0.03844,-0.00046,-0.05464,0.01539,-0.02215,-0.06794,-0.00347,-0.03071,-0.02967,-0.00688,0.00038,-0.02640,-0.03246,-0.00802,-0.02558,-0.05283,-0.01831,-0.02619,-0.06810,-0.04613,-0.00429,-0.00491,0.00415,-0.00387,-0.02050,-0.02974,-0.01667,0.00460,-0.04333,-0.01975,0.01602,-0.02406,0.02127,0.00160,0.00142,0.01649,-0.00374,-0.03137,0.00407,0.01854,-0.03824,0.00094,0.03112,-0.02035,0.03292,0.02172,-0.00237,0.03603,0.01119,-0.02297,0.02276,0.02291,-0.03639,0.01471,0.03478,-0.02499
1146.4039,1,1,14.68,0.66,28.20,0.11885,-0.02252,0.65389,0.77151,0.65483,1.1290,0,0,0.17682,-0.07729,0.06811,0.17673,-0.07712,0.06795,0.10,0.00,0.65483,0.50373,-0.40975,0.47654,1.50507,0.00000,0.99999,0.50383,-0.40961,0.47546,1.50495,0.00000,1.00000,42,0.19760,-0.08830,0.01494,0.19060,0.09130,0,0.97801,0.00000,0.00000,-0.20858,Left,0,412.50,271.54,393.76,256.98,382.73,233.05,374.45,216.17,363.22,205.54,396.32,197.76,398.99,170.74,400.30,152.75,402.57,136.56,414.90,202.35,418.78,183.67,410.89,210.94,407.28,222.41,432.75,210.77,437.60,197.63,427.17,222.80,422.12,231.83,448.72,222.53,455.34,209.41,444.06,225.25,436.17,232.47,-0.00000,-0.01811,-0.02876,-0.03949,-0.04961,-0.01482,-0.03728,-0.05057,-0.05885,-0.01741,-0.04744,-0.05019,-0.04383,-0.02336,-0.05385,-0.04388,-0.02836,-0.03091,-0.04928,-0.03978,-0.02773,-0.00471,0.08468,0.03989,-0.03166,0.06087,0.01459,-0.04116,0.03760,-0.00028,-0.05393,0.01504,-0.02129,-0.06712,-0.00448,-0.02918,-0.02971,-0.00646,0.00068,-0.02620,-0.03161,-0.00766,-0.02556,-0.05262,-0.01780,-0.02606,-0.06795,-0.04537,-0.00445,-0.00480,0.00415,-0.00461,-0.02050,-0.02877,-0.01695,0.00432,-0.04251,-0.01926,0.01539,-0.02319,0.02117,0.00141,0.00126,0.01588,-0.00424,-0.03120,0.00439,0.01888,-0.03749,0.00096,0.03167,-0.02017,0.03293,0.02099,-0.00275,0.03573,0.01014,-0.02306,0.02281,0.02188,-0.03681,0.01463,0.03389,-0.02561
1146.4352,1,1,14.33,0.57,27.88,0.12006,-0.02317,0.66028,0.78055,0.66667,1.1112,0,0,0.17363,-0.07851,0.06876,0.17307,-0.07894,0.06850,0.41,0.00,0.66667,0.52532,-0.43219,0.49167,1.51070,-0.00000,0.99999,0.51935,-0.42715,0.48717,1.51086,0.00000,1.00000,42,0.19760,-0.08830,0.01494,0.19060,0.09130,0,0.97801,0.00000,0.00000,-0.20858,Left,0,411.60,270.12,393.46,255.11,382.56,231.39,374.11,215.50,363.41,205.30,396.37,196.96,399.23,170.26,400.58,152.43,402.76,136.41,415.03,201.57,419.88,183.00,411.79,210.16,407.44,222.00,432.72,210.20,438.00,197.52,427.60,222.56,421.95,231.64,448.43,222.18,455.17,209.26,444.63,224.89,436.98,231.73,-0.00000,-0.01861,-0.02974,-0.04097,-0.05168,-0.01504,-0.03646,-0.04859,-0.05622,-0.01761,-0.04813,-0.05104,-0.04451,-0.02347,-0.05421,-0.04453,-0.02906,-0.03092,-0.04919,-0.03992,-0.02808,-0.00587,0.08454,0.04090,-0.03240,0.06072,0.01486,-0.04273,0.03769,-0.00120,-0.05528,0.01464,-0.02314,-0.06817,-0.00472,-0.03273,-0.03027,-0.00724,0.00051,-0.02621,-0.03253,-0.00790,-0.02582,-0.05328,-0.01781,-0.02640,-0.06869,-0.04463,-0.00430,-0.00491,0.00430,-0.00337,-0.02103,-0.02949,-0.01593,0.00404,-0.04307,-0.01962,0.01587,-0.02383,0.02104,0.00172,0.00126,0.01669,-0.00351,-0.03140,0.00479,0.01918,-0.03775,0.00109,0.03253,-0.02021,0.03301,0.02152,-0.00281,0.03672,0.01068,-0.02287,0.02434,0.02228,-0.03567,0.01556,0.03431,-0.02380
1146.4685,1,1,15.19,0.56,29.88,0.11968,-0.02312,0.65760,0.76863,0.65492,1.1054,0,0,0.17497,-0.07812,0.06871,0.17470,-0.07789,0.06829,0.09,0.00,0.65492,0.51427,-0.41885,0.48164,1.51128,-0.00000,1.00000,0.51515,-0.42104,0.48046,1.51133,0.00000,1.00000,42,0.19760,-0.08830,0.01494,0.19060,0.09130,0,0.97801,0.00000,0.00000,-0.20858,Left,0,411.83,271.31,393.97,256.76,383.00,233.11,374.77,215.77,363.69,204.70,396.06,197.20,399.16,170.78,400.33,152.54,402.78,136.40,414.91,201.59,419.08,182.80,410.61,209.91,407.09,221.76,432.93,210.08,437.78,197.09,426.94,221.59,421.92,230.67,449.03,222.19,455.30,209.09,443.74,224.41,435.89,231.53,-0.00000,-0.01964,-0.03156,-0.04337,-0.05457,-0.01582,-0.03829,-0.05144,-0.05969,-0.01790,-0.04822,-0.05065,-0.04386,-0.02355,-0.05379,-0.04353,-0.02783,-0.03100,-0.04891,-0.03935,-0.02736,-0.00504,0.08541,0.03897,-0.03213,0.06178,0.01397,-0.04136,0.03785,-0.00197,-0.05402,0.01451,-0.02406,-0.06695,-0.00522,-0.03296,-0.03015,-0.00678,0.00067,-0.02643,-0.03205,-0.00775,-0.02601,-0.05300,-0.01722,-0.02645,-0.06898,-0.04501,-0.00413,-0.00487,0.00411,-0.00426,-0.02150,-0.02877,-0.01671,0.00322,-0.04267,-0.01947,0.01538,-0.02451,0.02140,0.00161,0.00152,0.01656,-0.00475,-0.03104,0.00413,0.01762,-0.03858,0.00079,0.03053,-0.02126,0.03313,0.02100,-0.00293,0.03625,0.00992,-0.02234,0.02328,0.02137,-0.03637,0.01474,0.03321,-0.02631
1146.5138,1,1,13.63,0.16,42.03,0.11998,-0.02312,0.65847,0.77428,0.65934,1.1074,0,0,0.17453,-0.07843,0.06871,0.17475,-0.07809,0.06857,0.45,0.00,0.65934,0.51523,-0.42062,0.48125,1.51136,0.00000,1.00000,0.51515,-0.42104,0.48046,1.51133,0.00000,1.00000,42,0.19760,-0.08830,0.01494,0.19060,0.09130,0,0.97801,0.00000,0.00000,-0.20858,Left,0,412.11,270.87,393.52,256.41,382.58,232.27,374.64,215.37,363.41,204.67,396.21,197.55,398.94,170.43,400.10,152.23,402.38,135.97,415.04,201.94,418.79,182.90,410.85,209.85,407.67,220.87,433.00,210.32,437.50,197.18,427.27,221.76,422.82,230.23,449.20,222.13,455.12,209.09,444.05,224.83,436.70,231.95,-0.00000,-0.01879,-0.03009,-0.04136,-0.05208,-0.01580,-0.03781,-0.05032,-0.05815,-0.01823,-0.04794,-0.05025,-0.04364,-0.02405,-0.05427,-0.04399,-0.02846,-0.03154,-0.04968,-0.03997,-0.02791,-0.00494,0.08504,0.03936,-0.03226,0.06145,0.01454,-0.04204,0.03744,-0.00069,-0.05384,0.01431,-0.02207,-0.06764,-0.00540,-0.03017,-0.03001,-0.00720,0.00064,-0.02704,-0.03220,-0.00766,-0.02558,-0.05251,-0.01789,-0.02671,-0.06869,-0.04572,-0.00430,-0.00472,0.00426,-0.00457,-0.02093,-0.02898,-0.01711,0.00391,-0.04213,-0.01921,0.01477,-0.02227,0.02146,0.00164,0.00119,0.01655,-0.00422,-0.03117,0.00422,0.01811,-0.03753,0.00149,0.03066,-0.01962,0.03338,0.02105,-0.00279,0.03634,0.01023,-0.02409,0.02345,0.02209,-0.03751,0.01464,0.03444,-0.02553
1146.5478,1,1,15.04,0.15,30.64,0.11963,-0.02305,0.65648,0.77275,0.65449,1.1106,0,0,0.17553,-0.07807,0.06864,0.17485,-0.07810,0.06866,0.65,0.00,0.65449,0.51499,-0.42074,0.48073,1.51133,0.00000,1.00000,0.51515,-0.42104,0.48046,1.51133,0.00000,1.00000,42,0.19760,-0.08830,0.01494,0.19060,0.09130,0,0.97801,0.00000,0.00000,-0.20858,Left,0,411.88,271.11,393.82,256.61,383.27,232.50,375.43,215.28,363.94,204.41,396.16,197.13,399.16,170.35,400.51,152.22,402.98,136.07,415.04,201.72,419.52,182.70,411.39,209.88,407.90,221.59,432.94,210.34,437.92,197.13,427.48,221.75,422.45,230.83,448.99,222.40,455.53,208.85,444.40,224.27,436.53,231.55,-0.00000,-0.01894,-0.03022,-0.04164,-0.05254,-0.01452,-0.03581,-0.04779,-0.05536,-0.01701,-0.04690,-0.04939,-0.04265,-0.02293,-0.05308,-0.04305,-0.02751,-0.03055,-0.04859,-0.03925,-0.02743,-0.00545,0.08543,0.03926,-0.03212,0.06147,0.01425,-0.04154,0.03745,-0.00155,-0.05316,0.01396,-0.02393,-0.06660,-0.00586,-0.03223,-0.02981,-0.00711,0.00046,-0.02607,-0.03287,-0.00757,-0.02544,-0.05363,-0.01706,-0.02571,-0.06972,-0.04445,-0.00415,-0.00478,0.00404,-0.00313,-0.02188,-0.02916,-0.01565,0.00311,-0.04331,-0.01816,0.01523,-0.02486,0.02121,0.00171,0.00143,0.01711,-0.00473,-0.03111,0.00508,0.01783,-0.03859,0.00153,0.03094,-0.02145,0.03310,0.02145,-0.00273,0.03677,0.01005,-0.02275,0.02421,0.02112,-0.03683,0.01514,0.03352,-0.02586
1146.5784,1,1,14.07,0.14,27.13,0.12028,-0.02303,0.65840,0.77623,0.66032,1.1010,0,0,0.17457,-0.07872,0.06862,0.17481,-0.07812,0.06863,0.67,0.00,0.66032,0.51519,-0.42071,0.48088,1.51133,-0.00000,1.00000,0.51515,-0.42104,0.48046,1.51133,0.00000,1.00000,42,0.19760,-0.08830,0.01494,0.19060,0.09130,0,0.97801,0.00000,0.00000,-0.20858,Left,0,412.64,270.93,394.21,256.11,383.13,232.42,375.11,215.66,364.11,204.63,396.63,197.53,399.31,170.32,400.64,152.28,402.86,136.15,415.51,201.94,420.11,182.54,411.92,209.47,407.70,221.75,433.38,210.49,438.62,197.24,428.10,221.74,422.43,231.42,449.38,222.51,456.70,208.93,445.79,223.64,437.49,230.99,-0.00000,-0.01916,-0.03093,-0.04285,-0.05416,-0.01578,-0.03723,-0.04932,-0.05695,-0.01823,-0.04865,-0.05149,-0.04492,-0.02401,-0.05462,-0.04500,-0.02952,-0.03145,-0.04970,-0.04062,-0.02886,-0.00525,0.08473,0.04068,-0.03238,0.06091,0.01482,-0.04207,0.03770,-0.00162,-0.05436,0.01431,-0.02455,-0.06745,-0.00536,-0.03411,-0.03010,-0.00734,0.00025,-0.02669,-0.03277,-0.00798,-0.02613,-0.05336,-0.01757,-0.02678,-0.06928,-0.04511,-0.00420,-0.00476,0.00402,-0.00347,-0.02152,-0.02934,-0.01619,0.00325,-0.04327,-0.01986,0.01566,-0.02515,0.02120,0.00179,0.00158,0.01715,-0.00426,-0.03136,0.00460,0.01804,-0.03836,0.00043,0.03168,-0.02092,0.03312,0.02149,-0.00239,0.03742,0.01002,-0.02221,0.02507,0.02053,-0.03664,0.01542,0.03316,-0.02562
1146.6119,1,1,14.80,0.54,30.22,0.11978,-0.02300,0.65472,0.76182,0.65104,1.1090,0,0,0.17641,-0.07822,0.06859,0.17604,-0.07820,0.06846,0.16,0.00,0.65104,0.51184,-0.40964,0.47261,1.50949,-0.00001,0.99999,0.51118,-0.41020,0.47161,1.50932,0.00000,1.00000,42,0.19760,-0.08830,0.01494,0.19060,0.09130,0,0.97801,0.00000,0.00000,-0.20858,Left,0,412.66,271.28,394.44,256.14,383.41,231.98,375.06,215.35,364.00,204.80,396.57,196.52,399.92,169.90,401.30,152.07,403.51,135.98,415.46,201.47,420.38,182.51,412.32,209.81,408.16,221.01,433.50,210.37,439.15,197.18,428.71,222.16,423.09,230.79,449.54,222.63,456.67,209.16,445.82,225.00,437.81,232.05,-0.00000,-0.01864,-0.02938,-0.04012,-0.05025,-0.01424,-0.03548,-0.04771,-0.05549,-0.01671,-0.04675,-0.04978,-0.04347,-0.02251,-0.05300,-0.04335,-0.02803,-0.02993,-0.04829,-0.03896,-0.02708,-0.00510,0.08468,0.03915,-0.03217,0.06066,0.01388,-0.04146,0.03719,-0.00175,-0.05359,0.01430,-0.02362,-0.06671,-0.00498,-0.03202,-0.02983,-0.00704,0.00036,-0.02612,-0.03239,-0.00772,-0.02488,-0.05297,-0.01798,-0.02562,-0.06860,-0.04552,-0.00446,-0.00484,0.00440,-0.00296,-0.02153,-0.02880,-0.01521,0.00328,-0.04324,-0.01850,0.01457,-0.02436,0.02118,0.00173,0.00148,0.01776,-0.00432,-0.03098,0.00598,0.01799,-0.03808,0.00179,0.03082,-0.02137,0.03336,0.02144,-0.00233,0.03732,0.01053,-0.02272,0.02510,0.02192,-0.03669,0.01574,0.03400,-0.02528
1146.6438,1,1,14.98,0.52,27.44,0.12001,-0.02292,0.65288,0.76608,0.65104,1.1264,0,0,0.17733,-0.07846,0.06851,0.17729,-0.07841,0.06833,0.12,0.00,0.65104,0.50915,-0.39880,0.46419,1.50730,0.00000,0.99999,0.50944,-0.40190,0.46511,1.50753,0.00000,1.00000,42,0.19760,-0.08830,0.01494,0.19060,0.09130,0,0.97801,0.00000,0.00000,-0.20858,Left,0,413.58,271.55,395.20,256.14,384.16,232.21,375.36,215.91,364.39,205.46,397.52,196.76,400.50,170.09,401.88,151.81,404.17,135.67,416.23,201.64,420.65,183.01,412.45,210.57,408.42,221.79,434.27,210.32,439.38,197.35,428.75,222.69,423.29,231.70,450.26,222.45,456.68,209.31,445.55,225.33,437.80,232.55,-0.00000,-0.01832,-0.02923,-0.04027,-0.05078,-0.01484,-0.03741,-0.05054,-0.05862,-0.01728,-0.04734,-0.04963,-0.04282,-0.02318,-0.05361,-0.04326,-0.02742,-0.03070,-0.04881,-0.03900,-0.02673,-0.00497,0.08532,0.03916,-0.03190,0.06084,0.01412,-0.04149,0.03763,-0.00131,-0.05391,0.01491,-0.02248,-0.06718,-0.00432,-0.03036,-0.02971,-0.00681,0.00075,-0.02606,-0.03209,-0.00748,-0.02526,-0.05310,-0.01746,-0.02586,-0.06844,-0.04466,-0.00430,-0.00488,0.00434,-0.00393,-0.02097,-0.02919,-0.01653,0.00415,-0.04270,-0.01925,0.01521,-0.02337,0.02137,0.00156,0.00119,0.01644,-0.00419,-0.03079,0.00441,0.01859,-0.03770,0.00093,0.03159,-0.02081,0.03302,0.02146,-0.00293,0.03578,0.01036,-0.02316,0.02326,0.02217,-0.03674,0.01477,0.03427,-0.02539
1146.6756,1,1,14.69,0.56,28.29,0.12014,-0.02296,0.65015,0.77470,0.64742,1.1178,0,0,0.17869,-0.07858,0.06855,0.17873,-0.07864,0.06864,0.14,0.00,0.64742,0.50604,-0.38995,0.45440,1.50605,-0.00000,0.99999,0.50610,-0.39114,0.45551,1.50636,0.00000,1.00000,42,0.19760,-0.08830,0.01494,0.19060,0.09130,0,0.97801,-0.00000,-0.00000,-0.20858,Left,0,413.77,270.76,395.47,256.21,384.34,232.75,376.84,216.01,365.63,204.96,398.04,196.23,400.82,169.17,402.60,151.40,405.06,135.16,417.06,201.16,421.59,182.63,413.36,209.25,408.77,221.26,434.93,210.37,440.40,196.88,429.81,221.15,423.79,230.37,450.97,223.07,457.89,209.56,446.64,224.65,437.99,231.69,-0.00000,-0.01964,-0.03172,-0.04374,-0.05512,-0.01610,-0.03758,-0.05047,-0.05890,-0.01874,-0.04943,-0.05347,-0.04803,-0.02470,-0.05524,-0.04635,-0.03177,-0.03239,-0.05094,-0.04221,-0.03084,-0.00603,0.08436,0.04273,-0.03300,0.06014,0.01610,-0.04182,0.03815,-0.00190,-0.05388,0.01507,-0.02567,-0.06686,-0.00387,-0.03603,-0.02990,-0.00731,-0.00010,-0.02631,-0.03317,-0.00873,-0.02540,-0.05319,-0.01856,-0.02581,-0.06870,-0.04681,-0.00420,-0.00497,0.00398,-0.00321,-0.02137,-0.02977,-0.01604,0.00365,-0.04480,-0.02039,0.01595,-0.02786,0.02119,0.00189,0.00172,0.01708,-0.00434,-0.03115,0.00423,0.01787,-0.03942,0.00026,0.03091,-0.02297,0.03291,0.02199,-0.00146,0.03660,0.01078,-0.02126,0.02395,0.02161,-0.03525,0.01462,0.03385,-0.02456
1146.7070,1,1,14.24,0.52,28.19,0.11984,-0.02247,0.64555,0.77240,0.64096,1.1307,0,0,0.18099,-0.07829,0.06806,0.18036,-0.07813,0.06747,0.28,0.00,0.64096,0.49839,-0.37045,0.44528,1.50210,0.00000,0.99999,0.49803,-0.37552,0.44471,1.50153,0.00000,1.00000,42,0.19760,-0.08830,0.01494,0.19060,0.09130,0,0.97801,-0.00000,-0.00000,-0.20858,Left,0,413.75,271.98,395.96,257.50,384.83,233.71,376.83,216.31,365.69,205.10,398.62,197.17,401.56,170.05,402.83,151.99,405.00,135.81,417.58,201.82,421.96,183.39,413.71,210.17,409.64,221.77,435.51,210.75,441.00,197.58,430.48,221.77,425.14,230.78,451.41,223.23,458.30,209.81,447.12,225.07,439.21,232.29,-0.00000,-0.01963,-0.03150,-0.04334,-0.05455,-0.01599,-0.03787,-0.05071,-0.05894,-0.01832,-0.04848,-0.05158,-0.04555,-0.02408,-0.05440,-0.04467,-0.02953,-0.03159,-0.04976,-0.04040,-0.02858,-0.00550,0.08531,0.04168,-0.03218,0.06038,0.01551,-0.04146,0.03781,-0.00126,-0.05418,0.01479,-0.02368,-0.06760,-0.00533,-0.03288,-0.02920,-0.00687,0.00077,-0.02644,-0.03287,-0.00795,-0.02577,-0.05325,-0.01800,-0.02633,-0.06901,-0.04578,-0.00425,-0.00513,0.00417,-0.00371,-0.02072,-0.02917,-0.01649,0.00364,-0.04430,-0.02014,0.01482,-0.02523,0.02145,0.00182,0.00149,0.01651,-0.00432,-0.03103,0.00467,0.01761,-0.03817,0.00058,0.02989,-0.02169,0.03254,0.02163,-0.00231,0.03535,0.01062,-0.02239,0.02314,0.02175,-0.03634,0.01438,0.03364,-0.02572
1146.7399,1,1,14.97,0.57,29.14,0.12157,-0.02231,0.65189,0.77467,0.65822,1.1067,0,0,0.17782,-0.08002,0.06790,0.17663,-0.07999,0.06726,0.31,0.01,0.65822,0.51981,-0.39456,0.46836,1.50042,0.00000,0.99999,0.51450,-0.38937,0.45998,1.50029,0.00000,1.00000,42,0.19760,-0.08830,0.01494,0.19060,0.09130,0,0.97801,-0.00000,-0.00000,-0.20858,Left,0,414.24,271.55,396.32,256.21,385.43,232.51,377.39,216.01,366.39,205.43,399.25,197.71,401.92,170.14,403.07,152.10,405.22,135.67,418.03,202.41,422.40,182.49,414.17,208.79,409.99,221.08,435.78,211.32,441.23,196.75,430.62,220.88,424.89,230.81,451.83,223.79,459.18,209.53,447.91,224.11,439.18,231.72,-0.00000,-0.01895,-0.03025,-0.04164,-0.05249,-0.01566,-0.03685,-0.04896,-0.05673,-0.01811,-0.04844,-0.05176,-0.04569,-0.02383,-0.05439,-0.04532,-0.03032,-0.03118,-0.04992,-0.04156,-0.03033,-0.00615,0.08444,0.04153,-0.03306,0.06028,0.01583,-0.04214,0.03689,-0.00053,-0.05454,0.01400,-0.02387,-0.06752,-0.00486,-0.03382,-0.02992,-0.00765,0.00047,-0.02641,-0.03314,-0.00786,-0.02607,-0.05369,-0.01728,-0.02704,-0.06967,-0.04441,-0.00421,-0.00475,0.00402,-0.00357,-0.02243,-0.02891,-0.01643,0.00195,-0.04288,-0.02077,0.01430,-0.02588,0.02124,0.00212,0.00137,0.01716,-0.00545,-0.03048,0.00435,0.01606,-0.03826,-0.00038,0.03017,-0.02174,0.03311,0.02198,-0.00227,0.03716,0.01009,-0.02158,0.02470,0.01979,-0.03618,0.01446,0.03274,-0.02590
1146.7712,1,1,14.41,0.52,28.05,0.12165,-0.02229,0.64915,0.75342,0.64641,1.0960,0,0,0.17919,-0.08009,0.06788,0.17925,-0.08033,0.06770,0.11,0.00,0.64641,0.51359,-0.37559,0.44853,1.49966,-0.00000,1.00000,0.51264,-0.38043,0.45119,1.49998,0.00000,1.00000,42,0.19760,-0.08830,0.01494,0.19060,0.09130,0,0.97801,-0.00000,-0.00000,-0.20858,Left,0,415.14,272.29,396.50,256.53,385.51,232.62,377.18,215.87,366.44,205.15,399.28,196.92,402.54,170.09,403.85,151.79,406.23,135.80,418.30,201.74,423.26,182.55,414.42,210.46,410.34,222.22,436.45,210.57,441.55,197.78,430.61,223.34,425.33,232.94,452.67,222.96,459.10,209.38,447.73,225.52,439.88,233.39,-0.00000,-0.01980,-0.03201,-0.04425,-0.05594,-0.01555,-0.03761,-0.04979,-0.05720,-0.01771,-0.04841,-0.05047,-0.04292,-0.02342,-0.05477,-0.04427,-0.02777,-0.03082,-0.04963,-0.03976,-0.02712,-0.00537,0.08478,0.03846,-0.03238,0.06064,0.01341,-0.04153,0.03678,-0.00231,-0.05352,0.01388,-0.02453,-0.06618,-0.00546,-0.03369,-0.02974,-0.00746,0.00054,-0.02597,-0.03239,-0.00827,-0.02526,-0.05304,-0.01875,-0.02565,-0.06829,-0.04692,-0.00417,-0.00486,0.00411,-0.00310,-0.02158,-0.02842,-0.01564,0.00313,-0.04190,-0.01924,0.01482,-0.02347,0.02119,0.00209,0.00149,0.01711,-0.00415,-0.03095,0.00482,0.01819,-0.03762,0.00111,0.03179,-0.02032,0.03308,0.02160,-0.00250,0.03655,0.00992,-0.02242,0.02394,0.02166,-0.03638,0.01487,0.03453,-0.02513
1146.8030,1,1,14.22,0.52,27.94,0.12130,-0.02205,0.64429,0.76519,0.63943,1.1182,0,0,0.18162,-0.07974,0.06764,0.18182,-0.07941,0.06746,0.26,0.01,0.63943,0.50100,-0.35887,0.43527,1.49695,-0.00000,1.00000,0.50404,-0.36431,0.43801,1.49700,0.00000,1.00000,42,0.19760,-0.08830,0.01494,0.19060,0.09130,0,0.97801,-0.00000,-0.00000,-0.20858,Left,0,415.22,272.07,396.39,256.72,385.71,232.90,378.29,216.24,367.26,205.75,399.77,196.86,402.81,169.66,404.79,151.66,407.55,135.39,418.91,201.66,423.94,182.19,416.07,209.60,411.88,221.57,437.11,210.91,443.50,196.21,432.89,220.91,426.86,230.22,453.19,223.97,460.52,210.55,449.10,225.83,440.57,232.73,-0.00000,-0.01790,-0.02871,-0.03976,-0.05032,-0.01396,-0.03521,-0.04765,-0.05566,-0.01707,-0.04670,-0.04948,-0.04318,-0.02351,-0.05315,-0.04331,-0.02824,-0.03158,-0.04966,-0.04060,-0.02913,-0.00678,0.08431,0.04249,-0.03344,0.05983,0.01679,-0.04188,0.03681,-0.00062,-0.05332,0.01438,-0.02381,-0.06574,-0.00406,-0.03410,-0.02987,-0.00740,0.00037,-0.02573,-0.03298,-0.00842,-0.02494,-0.05323,-0.01836,-0.02502,-0.06875,-0.04548,-0.00409,-0.00498,0.00383,-0.00253,-0.02234,-0.02878,-0.01473,0.00266,-0.04363,-0.01858,0.01454,-0.02540,0.02144,0.00218,0.00165,0.01829,-0.00585,-0.03014,0.00606,0.01636,-0.03875,0.00168,0.02925,-0.02304,0.03250,0.02230,-0.00175,0.03691,0.01071,-0.02057,0.02498,0.02152,-0.03456,0.01522,0.03323,-0.02435
1146.8362,1,1,15.25,0.66,29.18,0.12057,-0.02149,0.63725,0.75737,0.63020,1.1132,0,0,0.18514,-0.07902,0.06708,0.18465,-0.07868,0.06645,0.40,0.01,0.63020,0.48889,-0.33376,0.41955,1.49199,-0.00000,0.99999,0.49032,-0.34125,0.42069,1.49123,0.00000,1.00000,42,0.19760,-0.08830,0.01494,0.19060,0.09130,0,0.97801,0.00000,0.00000,-0.20858,Left,0,415.51,273.56,397.52,259.38,386.69,236.07,379.53,217.90,368.19,205.99,400.41,197.77,403.48,171.22,405.09,152.52,407.35,136.33,419.51,202.21,424.01,183.45,415.63,210.63,411.12,221.66,437.75,210.98,442.94,198.31,432.37,223.12,426.54,231.98,453.85,223.47,460.45,210.90,449.36,226.94,441.38,233.99,-0.00000,-0.02165,-0.03597,-0.05020,-0.06385,-0.01788,-0.04078,-0.05399,-0.06232,-0.02004,-0.05098,-0.05375,-0.04706,-0.02581,-0.05699,-0.04643,-0.03042,-0.03357,-0.05227,-0.04227,-0.02974,-0.00586,0.08488,0.04205,-0.03211,0.06069,0.01539,-0.04086,0.03821,-0.00249,-0.05222,0.01588,-0.02563,-0.06498,-0.00527,-0.03616,-0.02919,-0.00648,0.00028,-0.02618,-0.03211,-0.00859,-0.02521,-0.05261,-0.01930,-0.02546,-0.06788,-0.04848,-0.00434,-0.00501,0.00393,-0.00333,-0.02108,-0.02857,-0.01615,0.00343,-0.04427,-0.02024,0.01404,-0.02588,0.02107,0.00152,0.00167,0.01615,-0.00393,-0.03114,0.00483,0.01835,-0.03897,0.00028,0.03040,-0.02222,0.03239,0.02090,-0.00190,0.03531,0.01088,-0.02267,0.02294,0.02293,-0.03643,0.01450,0.03433,-0.02609
1146.8675,1,1,14.35,0.51,27.96,0.12115,-0.02096,0.63911,0.75536,0.64097,1.0687,0,0,0.18421,-0.07959,0.06655,0.18413,-0.07935,0.06653,0.10,0.00,0.64097,0.49394,-0.34382,0.42873,1.48651,0.00001,0.99999,0.49462,-0.34325,0.42760,1.48649,0.00000,1.00000,42,0.19760,-0.08830,0.01494,0.19060,0.09130,0,0.97801,0.00000,0.00000,-0.20858,Left,0,414.98,273.53,396.79,258.74,386.26,234.42,378.61,217.14,367.56,206.35,399.91,198.32,402.74,171.31,404.02,153.05,406.57,136.88,419.41,202.98,424.44,183.20,416.05,210.99,412.00,222.99,437.79,212.06,443.40,198.84,432.41,223.74,426.61,232.70,454.19,224.77,461.56,211.34,450.08,226.69,441.41,233.79,-0.00000,-0.01992,-0.03207,-0.04408,-0.05556,-0.01720,-0.03990,-0.05266,-0.06063,-0.01968,-0.05086,-0.05325,-0.04615,-0.02568,-0.05708,-0.04695,-0.03104,-0.03343,-0.05243,-0.04321,-0.03131,-0.00641,0.08424,0.04063,-0.03323,0.06057,0.01510,-0.04198,0.03692,-0.00161,-0.05272,0.01403,-0.02439,-0.06547,-0.00600,-0.03433,-0.03007,-0.00765,0.00036,-0.02647,-0.03255,-0.00848,-0.02622,-0.05275,-0.01838,-0.02658,-0.06833,-0.04746,-0.00413,-0.00488,0.00412,-0.00284,-0.02184,-0.02872,-0.01532,0.00245,-0.04211,-0.01858,0.01397,-0.02311,0.02121,0.00209,0.00155,0.01798,-0.00430,-0.03011,0.00503,0.01743,-0.03754,0.00071,0.02988,-0.02042,0.03316,0.02189,-0.00192,0.03704,0.01050,-0.02143,0.02483,0.02087,-0.03525,0.01495,0.03325,-0.02409
1146.8998,1,1,14.47,0.55,28.90,0.12040,-0.02061,0.63459,0.74135,0.63006,1.0835,0,0,0.18647,-0.07884,0.06620,0.18614,-0.07861,0.06562,0.24,0.00,0.63006,0.48432,-0.32515,0.41790,1.48295,0.00000,0.99999,0.48537,-0.33025,0.41772,1.48325,0.00000,1.00000,42,0.19760,-0.08830,0.01494,0.19060,0.09130,0,0.97801,-0.00000,-0.00000,-0.20858,Left,0,414.96,274.53,397.30,259.12,386.59,234.73,378.92,217.16,367.54,206.47,399.84,197.48,403.20,171.37,404.57,153.00,406.98,136.92,419.42,202.44,424.34,183.62,415.58,211.96,411.70,223.72,437.89,211.72,443.68,198.67,432.27,223.92,426.35,233.19,454.14,224.72,461.43,211.39,449.48,227.02,440.50,234.43,-0.00000,-0.02063,-0.03323,-0.04570,-0.05757,-0.01614,-0.03851,-0.05121,-0.05917,-0.01830,-0.04893,-0.05091,-0.04353,-0.02419,-0.05557,-0.04522,-0.02909,-0.03192,-0.05107,-0.04173,-0.02962,-0.00610,0.08562,0.03798,-0.03278,0.06134,0.01368,-0.04125,0.03736,-0.00267,-0.05232,0.01399,-0.02522,-0.06527,-0.00585,-0.03393,-0.02947,-0.00751,0.00099,-0.02632,-0.03232,-0.00830,-0.02561,-0.05253,-0.01836,-0.02585,-0.06796,-0.04759,-0.00416,-0.00492,0.00433,-0.00315,-0.02165,-0.02836,-0.01563,0.00300,-0.04198,-0.01858,0.01490,-0.02389,0.02115,0.00221,0.00123,0.01784,-0.00468,-0.03059,0.00482,0.01714,-0.03808,0.00037,0.03047,-0.02174,0.03296,0.02177,-0.00275,0.03661,0.01047,-0.02264,0.02432,0.02155,-0.03648,0.01385,0.03411,-0.02560
1146.9472,1,1,14.33,0.52,44.34,0.12166,-0.02029,0.63942,0.75330,0.64425,1.0727,0,0,0.18406,-0.08010,0.06588,0.18461,-0.07982,0.06593,0.21,0.01,0.64425,0.49508,-0.33956,0.42932,1.48050,-0.00000,1.00000,0.49702,-0.34108,0.43135,1.48062,0.00000,1.00000,42,0.19760,-0.08830,0.01494,0.19060,0.09130,0,0.97801,-0.00000,-0.00000,-0.20858,Left,0,416.09,273.98,397.64,258.26,386.84,234.14,378.43,217.40,367.39,206.50,400.34,198.73,403.40,171.30,404.70,152.87,407.10,136.30,419.77,203.47,424.87,183.26,416.45,210.57,412.15,222.79,438.12,212.53,443.98,198.22,432.87,222.76,426.73,232.27,454.44,225.37,461.56,211.69,449.80,226.72,440.77,234.11,-0.00000,-0.01940,-0.03126,-0.04308,-0.05435,-0.01634,-0.03872,-0.05160,-0.05974,-0.01875,-0.04931,-0.05185,-0.04508,-0.02463,-0.05511,-0.04509,-0.02950,-0.03226,-0.05068,-0.04159,-0.02990,-0.00608,0.08445,0.03887,-0.03324,0.06003,0.01404,-0.04207,0.03656,-0.00212,-0.05409,0.01353,-0.02459,-0.06661,-0.00609,-0.03402,-0.03007,-0.00765,0.00064,-0.02661,-0.03290,-0.00784,-0.02603,-0.05340,-0.01783,-0.02658,-0.06867,-0.04572,-0.00414,-0.00499,0.00416,-0.00291,-0.02237,-0.02832,-0.01554,0.00180,-0.04200,-0.01931,0.01404,-0.02413,0.02160,0.00242,0.00146,0.01798,-0.00532,-0.03000,0.00487,0.01615,-0.03760,0.00017,0.02954,-0.02100,0.03339,0.02197,-0.00237,0.03698,0.01040,-0.02203,0.02451,0.02107,-0.03624,0.01396,0.03348,-0.02565
1146.9793,1,1,14.66,0.24,28.63,0.12173,-0.02004,0.63837,0.75022,0.63733,1.1115,0,0,0.18458,-0.08018,0.06563,0.18410,-0.07988,0.06568,0.48,0.01,0.63733,0.49685,-0.34038,0.43175,1.48080,-0.00000,1.00000,0.49702,-0.34108,0.43135,1.48062,0.00000,1.00000,42,0.19760,-0.08830,0.01494,0.19060,0.09130,0,0.97801,-0.00000,-0.00000,-0.20858,Left,0,415.89,274.37,397.45,258.40,386.59,234.45,378.56,217.77,367.83,207.03,400.85,198.35,403.95,171.10,405.53,152.57,407.95,136.36,420.01,203.22,425.29,183.13,416.75,210.93,412.35,223.05,438.31,212.48,444.43,198.42,433.52,223.62,427.59,233.42,454.58,225.50,462.74,211.29,451.31,226.33,442.58,233.74,-0.00000,-0.01974,-0.03218,-0.04486,-0.05693,-0.01565,-0.03742,-0.04941,-0.05680,-0.01817,-0.04872,-0.05078,-0.04331,-0.02422,-0.05518,-0.04482,-0.02854,-0.03203,-0.05057,-0.04114,-0.02895,-0.00651,0.08464,0.03963,-0.03281,0.06040,0.01520,-0.04183,0.03656,-0.00125,-0.05332,0.01411,-0.02432,-0.06599,-0.00502,-0.03404,-0.02944,-0.00808,0.00085,-0.02547,-0.03324,-0.00785,-0.02500,-0.05359,-0.01756,-0.02535,-0.06933,-0.04555,-0.00400,-0.00492,0.00390,-0.00264,-0.02266,-0.02831,-0.01509,0.00187,-0.04215,-0.01878,0.01413,-0.02421,0.02089,0.00244,0.00125,0.01797,-0.00534,-0.03042,0.00552,0.01698,-0.03793,0.00090,0.03037,-0.02117,0.03270,0.02222,-0.00269,0.03731,0.01042,-0.02158,0.02570,0.02042,-0.03552,0.01526,0.03285,-0.02441
1147.0107,1,1,14.36,0.16,27.52,0.12214,-0.01997,0.63851,0.75354,0.63865,1.0866,0,0,0.18451,-0.08059,0.06556,0.18412,-0.07995,0.06574,0.74,0.01,0.63865,0.49719,-0.34087,0.43186,1.48057,-0.00000,1.00000,0.49702,-0.34108,0.43135,1.48062,0.00000,1.00000,42,0.19760,-0.08830,0.01494,0.19060,0.09130,0,0.97801,-0.00000,-0.00000,-0.20858,Left,0,416.39,274.08,397.53,258.63,386.73,233.89,379.00,216.75,367.68,206.37,401.06,198.21,404.17,170.58,405.70,152.17,408.06,135.89,420.33,203.41,425.56,183.88,416.96,211.65,412.36,223.15,438.72,212.64,444.59,198.84,433.77,224.14,427.75,233.23,455.27,225.32,463.04,211.24,451.95,226.74,443.25,233.94,-0.00000,-0.01912,-0.03072,-0.04237,-0.05341,-0.01624,-0.03803,-0.05008,-0.05761,-0.01885,-0.04886,-0.05087,-0.04383,-0.02485,-0.05552,-0.04512,-0.02924,-0.03251,-0.05108,-0.04146,-0.02935,-0.00590,0.08382,0.04117,-0.03292,0.06009,0.01598,-0.04195,0.03610,-0.00106,-0.05302,0.01317,-0.02386,-0.06621,-0.00600,-0.03361,-0.02981,-0.00820,0.00042,-0.02594,-0.03314,-0.00871,-0.02523,-0.05319,-0.01816,-0.02595,-0.06901,-0.04656,-0.00396,-0.00489,0.00392,-0.00286,-0.02140,-0.02933,-0.01537,0.00327,-0.04187,-0.01972,0.01441,-0.02300,0.02095,0.00233,0.00145,0.01792,-0.00417,-0.03055,0.00488,0.01770,-0.03766,0.00068,0.03037,-0.01988,0.03302,0.02220,-0.00198,0.03710,0.01033,-0.02162,0.02541,0.02092,-0.03558,0.01525,0.03328,-0.02406
1147.0441,1,1,14.95,0.56,29.53,0.12296,-0.02002,0.64128,0.76397,0.64404,1.0913,0,0,0.18313,-0.08140,0.06561,0.18296,-0.08163,0.06557,0.15,0.00,0.64404,0.50942,-0.34283,0.43489,1.47919,-0.00000,1.00000,0.50683,-0.34323,0.43494,1.47910,0.00000,1.00000,42,0.19760,-0.08830,0.01494,0.19060,0.09130,0,0.97801,-0.00000,-0.00000,-0.20858,Left,0,416.86,273.93,398.15,259.23,387.02,235.08,379.80,217.24,368.46,206.12,401.33,198.98,404.15,171.02,405.45,152.70,407.47,136.20,420.62,203.58,425.35,183.66,417.44,211.08,413.25,222.99,438.74,212.40,444.31,198.97,433.82,223.78,427.97,232.93,455.05,224.71,462.10,211.00,450.92,226.50,442.17,233.90,-0.00000,-0.02027,-0.03265,-0.04489,-0.05656,-0.01768,-0.03946,-0.05143,-0.05904,-0.01993,-0.05076,-0.05351,-0.04689,-0.02554,-0.05689,-0.04731,-0.03188,-0.03287,-0.05187,-0.04293,-0.03130,-0.00636,0.08476,0.04107,-0.03323,0.06072,0.01483,-0.04217,0.03733,-0.00196,-0.05366,0.01426,-0.02441,-0.06666,-0.00629,-0.03356,-0.02970,-0.00742,-0.00012,-0.02668,-0.03312,-0.00805,-0.02576,-0.05353,-0.01768,-0.02663,-0.06911,-0.04612,-0.00427,-0.00502,0.00412,-0.00272,-0.02187,-0.02900,-0.01528,0.00252,-0.04346,-0.01872,0.01429,-0.02442,0.02118,0.00200,0.00172,0.01759,-0.00437,-0.03078,0.00524,0.01772,-0.03783,0.00046,0.03038,-0.02002,0.03317,0.02149,-0.00131,0.03668,0.01045,-0.02182,0.02435,0.02129,-0.03590,0.01437,0.03365,-0.02432
1147.0756,1,1,15.23,0.15,27.47,0.12270,-0.01939,0.63981,0.75151,0.63834,1.0595,0,0,0.18386,-0.08114,0.06498,0.18306,-0.08133,0.06551,0.93,0.00,0.63834,0.50756,-0.34302,0.43550,1.47902,-0.00001,1.00000,0.50683,-0.34323,0.43494,1.47910,0.00000,1.00000,42,0.19760,-0.08830,0.01494,0.19060,0.09130,0,0.97801,0.00000,0.00000,-0.20858,Left,0,416.43,275.20,397.76,259.95,387.46,235.76,380.28,217.58,368.53,206.02,400.70,199.52,403.77,171.86,405.21,153.03,407.75,136.37,420.19,204.35,425.12,183.39,416.65,211.16,412.44,223.45,438.81,213.39,444.54,198.14,433.62,223.53,427.65,234.04,455.40,226.11,463.37,210.84,451.81,226.10,442.83,234.36,-0.00000,-0.02011,-0.03303,-0.04613,-0.05874,-0.01720,-0.04023,-0.05349,-0.06177,-0.01974,-0.05054,-0.05298,-0.04609,-0.02578,-0.05701,-0.04628,-0.02988,-0.03361,-0.05241,-0.04251,-0.03000,-0.00620,0.08490,0.03834,-0.03361,0.06048,0.01278,-0.04141,0.03664,-0.00396,-0.05216,0.01307,-0.02619,-0.06528,-0.00771,-0.03523,-0.03007,-0.00746,0.00041,-0.02649,-0.03296,-0.00819,-0.02591,-0.05334,-0.01824,-0.02591,-0.06952,-0.04694,-0.00424,-0.00494,0.00399,-0.00276,-0.02289,-0.02766,-0.01524,0.00133,-0.04270,-0.01905,0.01359,-0.02586,0.02152,0.00218,0.00168,0.01796,-0.00623,-0.02976,0.00526,0.01573,-0.03855,0.00078,0.02997,-0.02251,0.03365,0.02153,-0.00195,0.03760,0.00891,-0.02072,0.02571,0.01864,-0.03577,0.01554,0.03230,-0.02543
1147.1079,1,1,15.15,0.54,28.99,0.12263,-0.01964,0.63795,0.74032,0.63610,1.0396,0,0,0.18479,-0.08108,0.06523,0.18453,-0.08095,0.06497,0.19,0.00,0.63610,0.50125,-0.33058,0.42791,1.47611,-0.00001,0.99999,0.50161,-0.33304,0.42766,1.47612,0.00000,1.00000,42,0.19760,-0.08830,0.01494,0.19060,0.09130,0,0.97801,0.00000,0.00000,-0.20858,Left,0,416.21,274.61,398.33,260.04,387.90,235.73,379.70,217.72,368.43,205.37,401.11,198.21,404.46,171.78,405.55,153.16,407.90,136.71,420.94,203.02,426.09,183.49,417.14,212.20,413.23,223.40,439.65,212.26,444.94,199.32,433.42,225.06,427.86,233.57,456.08,225.26,462.71,212.24,450.74,228.54,442.34,235.63,-0.00000,-0.02200,-0.03599,-0.04967,-0.06272,-0.01843,-0.04237,-0.05591,-0.06429,-0.02020,-0.05157,-0.05348,-0.04598,-0.02577,-0.05759,-0.04625,-0.02944,-0.03332,-0.05232,-0.04189,-0.02897,-0.00587,0.08449,0.03857,-0.03274,0.06058,0.01391,-0.04174,0.03741,-0.00307,-0.05296,0.01408,-0.02523,-0.06541,-0.00715,-0.03499,-0.03026,-0.00748,0.00080,-0.02674,-0.03223,-0.00823,-0.02583,-0.05238,-0.01927,-0.02653,-0.06747,-0.04885,-0.00418,-0.00502,0.00441,-0.00288,-0.02186,-0.02880,-0.01560,0.00317,-0.04257,-0.01835,0.01439,-0.02340,0.02158,0.00218,0.00128,0.01732,-0.00397,-0.03125,0.00446,0.01844,-0.03716,0.00085,0.03062,-0.02020,0.03353,0.02185,-0.00279,0.03631,0.01095,-0.02352,0.02332,0.02301,-0.03698,0.01358,0.03506,-0.02517
1147.1397,1,1,14.75,0.16,27.86,0.12250,-0.01978,0.63694,0.75601,0.63592,1.0640,0,0,0.18530,-0.08094,0.06537,0.18470,-0.08103,0.06528,0.67,0.00,0.63592,0.50118,-0.33235,0.42747,1.47591,-0.00000,1.00000,0.50161,-0.33304,0.42766,1.47612,0.00000,1.00000,42,0.19760,-0.08830,0.01494,0.19060,0.09130,0,0.97801,0.00000,0.00000,-0.20858,Left,0,416.08,273.97,398.12,258.90,387.59,235.56,380.10,218.37,369.31,206.36,401.21,198.07,404.42,171.10,405.99,152.31,408.63,136.21,420.74,203.17,425.85,183.41,416.91,211.82,413.19,223.27,439.30,212.45,444.91,198.86,433.50,224.12,427.77,233.38,455.90,225.54,463.42,211.56,451.59,226.60,442.66,233.90,-0.00000,-0.02215,-0.03693,-0.05160,-0.06557,-0.01891,-0.04202,-0.05446,-0.06195,-0.02059,-0.05122,-0.05208,-0.04380,-0.02613,-0.05709,-0.04541,-0.02842,-0.03374,-0.05220,-0.04211,-0.02952,-0.00626,0.08407,0.04148,-0.03303,0.06017,0.01543,-0.04156,0.03690,-0.00278,-0.05226,0.01481,-0.02745,-0.06439,-0.00556,-0.03942,-0.02989,-0.00831,0.00010,-0.02601,-0.03281,-0.00890,-0.02543,-0.05314,-0.01958,-0.02543,-0.06849,-0.04963,-0.00403,-0.00510,0.00392,-0.00258,-0.02181,-0.02917,-0.01531,0.00323,-0.04213,-0.01857,0.01487,-0.02356,0.02124,0.00261,0.00192,0.01793,-0.00438,-0.03050,0.00490,0.01754,-0.03786,0.00049,0.03037,-0.02076,0.03329,0.02229,-0.00156,0.03734,0.01054,-0.02102,0.02544,0.02091,-0.03463,0.01458,0.03309,-0.02418
1147.1723,1,1,15.12,0.54,29.00,0.12210,-0.01965,0.63297,0.74369,0.62901,1.0487,0,0,0.18728,-0.08055,0.06524,0.18690,-0.08054,0.06464,0.24,0.01,0.62901,0.49237,-0.31077,0.41167,1.47489,-0.00000,1.00000,0.49207,-0.31676,0.41238,1.47507,0.00000,1.00000,42,0.19760,-0.08830,0.01494,0.19060,0.09130,0,0.97801,0.00000,0.00000,-0.20858,Left,0,416.99,275.02,398.66,259.54,388.23,234.81,380.29,216.87,369.20,205.70,401.50,198.13,404.65,171.30,406.08,152.69,408.85,136.25,421.16,203.12,425.99,183.30,417.35,211.86,413.65,223.83,439.89,212.36,445.30,198.18,434.06,223.71,428.42,233.13,456.67,225.36,463.62,211.35,451.62,227.29,442.82,234.97,-0.00000,-0.02077,-0.03343,-0.04586,-0.05773,-0.01698,-0.04019,-0.05349,-0.06180,-0.01901,-0.04972,-0.05144,-0.04392,-0.02481,-0.05591,-0.04480,-0.02826,-0.03252,-0.05154,-0.04173,-0.02934,-0.00620,0.08524,0.03903,-0.03310,0.06074,0.01363,-0.04132,0.03669,-0.00298,-0.05183,0.01331,-0.02578,-0.06457,-0.00724,-0.03585,-0.02976,-0.00766,0.00041,-0.02657,-0.03223,-0.00865,-0.02574,-0.05242,-0.01887,-0.02550,-0.06810,-0.04732,-0.00426,-0.00490,0.00427,-0.00301,-0.02213,-0.02857,-0.01554,0.00269,-0.04228,-0.01791,0.01466,-0.02422,0.02160,0.00215,0.00166,0.01801,-0.00533,-0.03011,0.00498,0.01660,-0.03798,0.00092,0.02987,-0.02195,0.03348,0.02184,-0.00190,0.03679,0.00982,-0.02216,0.02468,0.02099,-0.03675,0.01445,0.03422,-0.02624
1147.2037,1,1,15.19,0.15,27.51,0.12241,-0.01928,0.63214,0.73777,0.63131,1.0549,0,0,0.18769,-0.08086,0.06487,0.18717,-0.08052,0.06536,0.85,0.01,0.63131,0.49150,-0.31608,0.41174,1.47511,0.00000,1.00000,0.49207,-0.31676,0.41238,1.47507,0.00000,1.00000,42,0.19760,-0.08830,0.01494,0.19060,0.09130,0,0.97801,0.00000,0.00000,-0.20858,Left,0,417.27,275.55,398.56,259.82,388.22,235.20,380.74,217.52,369.73,205.61,402.18,198.59,405.44,171.21,406.87,152.36,409.55,135.94,421.72,203.80,426.81,183.28,417.92,211.69,414.02,223.83,440.42,213.10,445.93,198.62,434.45,224.35,428.71,234.13,457.15,226.00,464.42,211.50,452.44,227.03,443.56,234.69,-0.00000,-0.02081,-0.03384,-0.04682,-0.05916,-0.01704,-0.03990,-0.05262,-0.06041,-0.01917,-0.05007,-0.05180,-0.04410,-0.02500,-0.05648,-0.04548,-0.02876,-0.03271,-0.05169,-0.04184,-0.02931,-0.00666,0.08456,0.03829,-0.03375,0.06044,0.01349,-0.04198,0.03613,-0.00340,-0.05231,0.01313,-0.02603,-0.06491,-0.00734,-0.03647,-0.03009,-0.00783,0.00032,-0.02628,-0.03261,-0.00819,-0.02544,-0.05294,-0.01857,-0.02549,-0.06878,-0.04740,-0.00414,-0.00477,0.00408,-0.00284,-0.02230,-0.02820,-0.01552,0.00245,-0.04114,-0.01870,0.01418,-0.02336,0.02138,0.00231,0.00162,0.01806,-0.00502,-0.03038,0.00446,0.01676,-0.03787,0.00064,0.03011,-0.02076,0.03324,0.02180,-0.00228,0.03715,0.00946,-0.02159,0.02458,0.02021,-0.03562,0.01454,0.03295,-0.02498
1147.2353,1,1,14.67,0.16,28.21,0.12296,-0.01964,0.63319,0.74395,0.63424,1.0512,0,0,0.18717,-0.08141,0.06523,0.18700,-0.08056,0.06530,0.85,0.01,0.63424,0.49221,-0.31679,0.41282,1.47504,0.00000,1.00000,0.49207,-0.31676,0.41238,1.47507,0.00000,1.00000,42,0.19760,-0.08830,0.01494,0.19060,0.09130,0,0.97801,0.00000,0.00000,-0.20858,Left,0,417.92,274.54,399.87,259.29,389.22,235.31,381.02,217.81,369.83,205.85,402.18,197.56,405.69,170.85,407.13,152.10,410.05,135.94,421.86,202.98,427.19,183.52,417.91,212.15,414.38,223.13,440.54,212.31,446.33,199.02,434.49,224.43,428.91,232.99,457.15,225.24,464.47,211.62,452.33,227.51,443.55,234.76,-0.00000,-0.02254,-0.03714,-0.05144,-0.06508,-0.01901,-0.04252,-0.05523,-0.06284,-0.02038,-0.05123,-0.05199,-0.04361,-0.02569,-0.05725,-0.04555,-0.02846,-0.03304,-0.05198,-0.04168,-0.02886,-0.00502,0.08438,0.03989,-0.03226,0.06008,0.01435,-0.04108,0.03703,-0.00274,-0.05234,0.01466,-0.02597,-0.06495,-0.00599,-0.03648,-0.03013,-0.00782,0.00022,-0.02641,-0.03230,-0.00842,-0.02527,-0.05254,-0.01955,-0.02535,-0.06721,-0.04931,-0.00428,-0.00496,0.00422,-0.00269,-0.02152,-0.02923,-0.01582,0.00361,-0.04249,-0.01830,0.01428,-0.02332,0.02128,0.00229,0.00168,0.01763,-0.00393,-0.03060,0.00460,0.01803,-0.03733,0.00082,0.03020,-0.02070,0.03369,0.02185,-0.00206,0.03703,0.01058,-0.02252,0.02440,0.02213,-0.03605,0.01398,0.03437,-0.02495
1147.2682,1,1,14.87,0.82,29.76,0.12320,-0.01952,0.63091,0.73953,0.62863,1.0846,0,0,0.18831,-0.08164,0.06511,0.18796,-0.08139,0.06473,0.18,0.00,0.62863,0.49385,-0.30137,0.40223,1.47338,0.00000,1.00000,0.49400,-0.30396,0.40138,1.47330,0.00000,1.00000,42,0.19760,-0.08830,0.01494,0.19060,0.09130,0,0.97801,0.00000,0.00000,-0.20858,Left,0,419.37,274.86,400.47,259.16,389.15,234.75,381.14,217.32,370.15,205.48,403.38,198.05,406.54,170.54,408.25,151.69,411.00,135.41,422.64,203.40,428.16,183.65,419.15,211.56,414.86,222.74,441.10,212.64,447.27,198.42,435.91,223.58,429.83,232.44,457.65,225.55,464.92,211.84,453.06,227.87,444.22,235.27,-0.00000,-0.02127,-0.03498,-0.04867,-0.06175,-0.01716,-0.03950,-0.05179,-0.05932,-0.01942,-0.05021,-0.05203,-0.04439,-0.02538,-0.05653,-0.04551,-0.02904,-0.03327,-0.05208,-0.04193,-0.02928,-0.00591,0.08416,0.03854,-0.03257,0.05952,0.01404,-0.04148,0.03633,-0.00210,-0.05301,0.01380,-0.02370,-0.06524,-0.00651,-0.03360,-0.02951,-0.00776,0.00067,-0.02582,-0.03267,-0.00690,-0.02466,-0.05347,-0.01758,-0.02482,-0.06830,-0.04593,-0.00433,-0.00493,0.00433,-0.00262,-0.02155,-0.02821,-0.01571,0.00303,-0.04249,-0.01863,0.01383,-0.02339,0.02103,0.00244,0.00141,0.01743,-0.00479,-0.03055,0.00519,0.01733,-0.03754,0.00071,0.02985,-0.02199,0.03265,0.02202,-0.00265,0.03661,0.01089,-0.02298,0.02388,0.02241,-0.03652,0.01366,0.03439,-0.02561
1147.3000,1,1,15.16,0.52,27.95,0.12267,-0.01938,0.62501,0.74236,0.61912,1.0609,0,0,0.19126,-0.08112,0.06497,0.19125,-0.08101,0.06459,0.29,0.01,0.61912,0.48287,-0.27754,0.38036,1.47158,0.00000,1.00000,0.48408,-0.28431,0.38329,1.47169,0.00000,1.00000,42,0.19760,-0.08830,0.01494,0.19060,0.09130,0,0.97801,-0.00000,-0.00000,-0.20858,Left,0,418.10,274.58,399.73,259.28,389.19,235.24,382.78,217.59,372.13,205.17,403.96,197.61,407.10,170.34,409.06,151.63,411.93,135.54,423.63,202.99,428.13,182.84,419.12,211.82,415.28,224.62,442.24,212.65,447.47,198.34,435.79,224.61,430.00,234.94,458.81,225.99,466.13,211.41,453.90,227.52,444.96,235.60,-0.00000,-0.02111,-0.03494,-0.04894,-0.06235,-0.01702,-0.03948,-0.05174,-0.05923,-0.01973,-0.05135,-0.05344,-0.04572,-0.02615,-0.05851,-0.04752,-0.03055,-0.03442,-0.05394,-0.04384,-0.03096,-0.00744,0.08337,0.04144,-0.03388,0.05944,0.01568,-0.04189,0.03628,-0.00199,-0.05197,0.01433,-0.02546,-0.06323,-0.00685,-0.03728,-0.02994,-0.00790,0.00050,-0.02541,-0.03247,-0.00856,-0.02486,-0.05341,-0.01956,-0.02453,-0.06780,-0.04927,-0.00398,-0.00508,0.00382,-0.00335,-0.02178,-0.02798,-0.01596,0.00303,-0.04194,-0.01893,0.01523,-0.02457,0.02114,0.00253,0.00126,0.01652,-0.00480,-0.03089,0.00410,0.01781,-0.03813,-0.00006,0.03151,-0.02228,0.03201,0.02232,-0.00227,0.03636,0.01039,-0.02135,0.02343,0.02130,-0.03530,0.01406,0.03379,-0.02439
1147.3481,1,1,15.05,0.51,44.27,0.12481,-0.01931,0.63244,0.74944,0.63986,1.0699,0,0,0.18755,-0.08325,0.06490,0.18692,-0.08233,0.06427,0.35,0.01,0.63986,0.50161,-0.30478,0.40886,1.47040,-0.00000,1.00000,0.50279,-0.30038,0.40114,1.47015,0.00000,1.00000,42,0.19760,-0.08830,0.01494,0.19060,0.09130,0,0.97801,-0.00000,-0.00000,-0.20858,Left,0,419.69,275.12,401.19,259.57,390.87,235.19,383.20,216.88,371.86,205.56,404.55,198.61,407.40,170.76,409.18,151.90,412.27,135.51,424.04,203.76,429.45,183.56,420.48,211.31,416.34,223.09,442.53,213.09,448.58,199.28,437.05,224.66,431.15,234.48,458.97,226.11,466.89,211.88,454.70,227.55,445.35,235.58,-0.00000,-0.02046,-0.03341,-0.04642,-0.05891,-0.01713,-0.04006,-0.05279,-0.06050,-0.01930,-0.04996,-0.05165,-0.04402,-0.02508,-0.05645,-0.04543,-0.02870,-0.03268,-0.05149,-0.04143,-0.02874,-0.00697,0.08488,0.03935,-0.03384,0.06045,0.01362,-0.04188,0.03642,-0.00258,-0.05299,0.01314,-0.02514,-0.06543,-0.00730,-0.03449,-0.03003,-0.00789,0.00043,-0.02641,-0.03348,-0.00770,-0.02565,-0.05454,-0.01729,-0.02507,-0.06975,-0.04645,-0.00427,-0.00508,0.00405,-0.00241,-0.02213,-0.02849,-0.01527,0.00211,-0.04273,-0.01865,0.01359,-0.02425,0.02151,0.00252,0.00184,0.01829,-0.00473,-0.03035,0.00549,0.01759,-0.03801,0.00044,0.03084,-0.02101,0.03356,0.02220,-0.00199,0.03736,0.01050,-0.02142,0.02501,0.02113,-0.03639,0.01431,0.03419,-0.02529
1147.3797,1,1,14.78,0.53,27.92,0.12555,-0.01943,0.63350,0.74933,0.63456,1.0611,0,0,0.18702,-0.08400,0.06502,0.18675,-0.08435,0.06497,0.11,0.00,0.63456,0.51251,-0.30286,0.40215,1.47150,0.00000,0.99999,0.50936,-0.30218,0.40143,1.47155,0.00000,1.00000,42,0.19760,-0.08830,0.01494,0.19060,0.09130,0,0.97801,0.00000,0.00000,-0.20858,Left,0,419.91,275.08,401.13,260.16,390.60,235.63,383.21,217.76,372.17,205.73,404.29,198.33,407.57,170.73,409.71,152.28,412.96,135.61,424.27,203.30,429.46,183.19,420.84,211.30,416.70,223.13,443.11,212.50,448.95,198.66,437.70,224.27,431.81,233.67,460.00,225.43,467.54,211.54,455.55,227.70,446.41,235.56,-0.00000,-0.02137,-0.03423,-0.04683,-0.05879,-0.01750,-0.04052,-0.05372,-0.06197,-0.01935,-0.05052,-0.05331,-0.04655,-0.02487,-0.05669,-0.04643,-0.03035,-0.03224,-0.05176,-0.04224,-0.02993,-0.00663,0.08459,0.04144,-0.03372,0.06109,0.01453,-0.04209,0.03753,-0.00328,-0.05272,0.01418,-0.02679,-0.06531,-0.00627,-0.03725,-0.03062,-0.00770,-0.00064,-0.02642,-0.03271,-0.00960,-0.02484,-0.05260,-0.02011,-0.02474,-0.06843,-0.04967,-0.00404,-0.00502,0.00385,-0.00234,-0.02185,-0.02942,-0.01494,0.00285,-0.04354,-0.01880,0.01448,-0.02543,0.02174,0.00205,0.00233,0.01885,-0.00459,-0.03031,0.00528,0.01765,-0.03847,0.00103,0.03062,-0.02125,0.03378,0.02203,-0.00070,0.03807,0.01046,-0.02105,0.02561,0.02187,-0.03632,0.01514,0.03496,-0.02492
1147.4112,1,1,14.37,0.16,27.42,0.12554,-0.01917,0.63163,0.74481,0.62977,1.0595,0,0,0.18795,-0.08399,0.06476,0.18706,-0.08391,0.06494,0.89,0.00,0.62977,0.50937,-0.30194,0.40148,1.47162,-0.00000,1.00000,0.50936,-0.30218,0.40143,1.47155,0.00000,1.00000,42,0.19760,-0.08830,0.01494,0.19060,0.09130,0,0.97801,0.00000,0.00000,-0.20858,Left,0,419.69,275.60,401.89,260.35,391.62,236.40,384.64,218.01,373.24,205.45,404.98,198.45,408.06,170.91,410.03,152.02,413.01,135.68,424.52,203.59,429.82,183.73,421.24,211.50,416.79,222.79,443.21,212.97,449.47,198.79,438.48,223.80,431.98,233.11,460.00,226.17,468.02,211.69,456.62,227.03,447.23,234.43,-0.00000,-0.02293,-0.03796,-0.05291,-0.06718,-0.01831,-0.04105,-0.05369,-0.06157,-0.02001,-0.05125,-0.05373,-0.04670,-0.02555,-0.05714,-0.04658,-0.03038,-0.03317,-0.05218,-0.04252,-0.03024,-0.00673,0.08465,0.04074,-0.03367,0.06056,0.01417,-0.04137,0.03720,-0.00436,-0.05174,0.01386,-0.02818,-0.06460,-0.00735,-0.03915,-0.03028,-0.00762,-0.00049,-0.02627,-0.03334,-0.00861,-0.02494,-0.05370,-0.01932,-0.02487,-0.06917,-0.04919,-0.00407,-0.00507,0.00399,-0.00194,-0.02213,-0.02916,-0.01480,0.00273,-0.04398,-0.01902,0.01371,-0.02639,0.02130,0.00218,0.00216,0.01864,-0.00480,-0.03047,0.00592,0.01706,-0.03903,0.00079,0.02941,-0.02319,0.03314,0.02201,-0.00124,0.03787,0.01050,-0.02103,0.02590,0.02076,-0.03615,0.01535,0.03274,-0.02562
1147.4429,1,1,14.16,0.49,27.62,0.12465,-0.01932,0.62531,0.73368,0.61899,1.0530,0,0,0.19111,-0.08310,0.06491,0.19177,-0.08247,0.06470,0.35,0.01,0.61899,0.48891,-0.26932,0.37162,1.47094,-0.00000,1.00000,0.49485,-0.27774,0.37735,1.47102,0.00000,1.00000,42,0.19760,-0.08830,0.01494,0.19060,0.09130,0,0.97801,0.00000,0.00000,-0.20858,Left,0,420.02,275.17,402.11,260.28,391.48,236.36,384.03,218.31,373.07,205.64,404.84,197.25,408.17,170.23,410.47,151.52,413.94,135.50,424.86,202.49,430.31,182.83,421.15,211.62,416.89,223.55,443.77,212.14,449.99,198.26,438.39,224.21,432.14,234.07,460.62,225.78,468.17,212.28,455.76,228.31,446.09,236.07,-0.00000,-0.02376,-0.03914,-0.05413,-0.06831,-0.01916,-0.04300,-0.05634,-0.06447,-0.02050,-0.05271,-0.05482,-0.04709,-0.02585,-0.05856,-0.04740,-0.03035,-0.03334,-0.05341,-0.04359,-0.03082,-0.00636,0.08446,0.04031,-0.03319,0.06062,0.01388,-0.04134,0.03766,-0.00469,-0.05190,0.01474,-0.02873,-0.06426,-0.00699,-0.03995,-0.02999,-0.00790,-0.00031,-0.02640,-0.03274,-0.00926,-0.02458,-0.05245,-0.02045,-0.02404,-0.06764,-0.05146,-0.00409,-0.00494,0.00425,-0.00227,-0.02204,-0.02894,-0.01545,0.00295,-0.04363,-0.01890,0.01487,-0.02555,0.02133,0.00226,0.00223,0.01840,-0.00465,-0.03038,0.00513,0.01757,-0.03848,0.00026,0.03090,-0.02278,0.03320,0.02214,-0.00102,0.03712,0.01143,-0.02199,0.02441,0.02243,-0.03644,0.01313,0.03539,-0.02537
1147.4755,1,1,14.89,0.16,29.41,0.12518,-0.01945,0.62711,0.74815,0.62891,1.0591,0,0,0.19021,-0.08363,0.06504,0.19020,-0.08302,0.06477,0.78,0.01,0.62891,0.49600,-0.27979,0.38139,1.47109,0.00000,1.00000,0.49485,-0.27774,0.37735,1.47102,0.00000,1.00000,42,0.19760,-0.08830,0.01494,0.19060,0.09130,0,0.97801,0.00000,0.00000,-0.20858,Left,0,419.52,274.80,401.24,259.61,390.51,235.37,383.67,217.55,373.01,205.77,405.19,197.65,408.66,170.19,410.66,151.54,413.93,135.08,425.02,203.13,430.75,184.06,421.52,212.97,417.51,224.04,443.76,212.56,449.77,199.76,437.76,226.13,432.03,235.08,460.46,225.61,467.48,212.40,455.25,229.29,446.64,236.70,-0.00000,-0.02253,-0.03678,-0.05064,-0.06380,-0.01946,-0.04353,-0.05687,-0.06492,-0.02099,-0.05273,-0.05450,-0.04682,-0.02637,-0.05909,-0.04789,-0.03091,-0.03368,-0.05335,-0.04296,-0.02991,-0.00764,0.08392,0.04243,-0.03383,0.05978,0.01424,-0.04218,0.03683,-0.00257,-0.05268,0.01440,-0.02676,-0.06437,-0.00643,-0.03681,-0.03032,-0.00780,-0.00023,-0.02576,-0.03241,-0.00935,-0.02480,-0.05332,-0.02058,-0.02425,-0.06766,-0.05031,-0.00434,-0.00515,0.00409,-0.00289,-0.02049,-0.02924,-0.01557,0.00454,-0.04289,-0.01865,0.01475,-0.02199,0.02130,0.00254,0.00199,0.01711,-0.00293,-0.03116,0.00499,0.02004,-0.03675,0.00003,0.03205,-0.01945,0.03301,0.02266,-0.00131,0.03601,0.01206,-0.02250,0.02299,0.02392,-0.03592,0.01382,0.03590,-0.02356
1147.5068,1,1,14.38,0.16,27.20,0.12492,-0.01933,0.62451,0.74240,0.62191,1.0557,0,0,0.19151,-0.08336,0.06492,0.19061,-0.08310,0.06485,0.76,0.01,0.62191,0.49527,-0.27727,0.37835,1.47094,0.00000,1.00000,0.49485,-0.27774,0.37735,1.47102,0.00000,1.00000,42,0.19760,-0.08830,0.01494,0.19060,0.09130,0,0.97801,-0.00000,-0.00000,-0.20858,Left,0,419.79,275.07,401.27,259.56,391.05,235.31,383.94,217.31,372.95,206.07,405.25,197.50,408.68,170.31,410.65,151.47,414.22,135.34,425.19,203.07,430.48,183.34,420.90,212.42,417.34,223.64,444.17,212.70,450.14,199.03,437.86,224.95,432.14,233.92,461.05,226.04,468.96,212.35,456.14,228.25,446.97,235.56,-0.00000,-0.02241,-0.03686,-0.05112,-0.06473,-0.01888,-0.04301,-0.05617,-0.06403,-0.02048,-0.05190,-0.05259,-0.04400,-0.02610,-0.05823,-0.04625,-0.02879,-0.03380,-0.05327,-0.04304,-0.03018,-0.00735,0.08385,0.04191,-0.03384,0.05988,0.01517,-0.04132,0.03594,-0.00151,-0.05165,0.01344,-0.02563,-0.06370,-0.00624,-0.03714,-0.03020,-0.00829,-0.00003,-0.02610,-0.03209,-0.00939,-0.02482,-0.05283,-0.02038,-0.02416,-0.06757,-0.05082,-0.00411,-0.00502,0.00390,-0.00301,-0.02132,-0.02888,-0.01589,0.00360,-0.04140,-0.01838,0.01406,-0.02130,0.02126,0.00255,0.00206,0.01782,-0.00409,-0.03001,0.00477,0.01803,-0.03719,0.00035,0.03020,-0.01997,0.03298,0.02256,-0.00117,0.03729,0.01101,-0.02047,0.02464,0.02180,-0.03427,0.01419,0.03412,-0.02355
1147.5400,1,1,15.55,0.16,29.81,0.12549,-0.01937,0.62672,0.74304,0.62892,1.0554,0,0,0.19041,-0.08394,0.06496,0.19077,-0.08308,0.06499,0.91,0.01,0.62892,0.49471,-0.27727,0.37743,1.47107,0.00000,1.00000,0.49485,-0.27774,0.37735,1.47102,0.00000,1.00000,42,0.19760,-0.08830,0.01494,0.19060,0.09130,0,0.97801,-0.00000,-0.00000,-0.20858,Left,0,419.84,275.31,401.76,259.61,391.17,235.42,383.57,217.66,372.80,206.51,405.37,197.49,408.77,170.41,410.89,151.61,414.36,135.52,425.27,202.99,430.51,183.82,421.18,212.24,417.16,223.56,444.12,212.64,450.22,199.02,438.59,224.15,432.92,233.28,460.88,226.06,468.88,212.33,456.70,227.75,447.70,235.08,-0.00000,-0.02205,-0.03594,-0.04957,-0.06245,-0.01838,-0.04245,-0.05607,-0.06433,-0.01984,-0.05109,-0.05256,-0.04478,-0.02525,-0.05706,-0.04586,-0.02909,-0.03268,-0.05212,-0.04237,-0.02986,-0.00746,0.08441,0.04195,-0.03401,0.06014,0.01406,-0.04216,0.03700,-0.00351,-0.05294,0.01417,-0.02811,-0.06489,-0.00614,-0.03888,-0.03045,-0.00788,-0.00048,-0.02634,-0.03274,-0.00983,-0.02484,-0.05295,-0.02018,-0.02413,-0.06772,-0.05051,-0.00418,-0.00507,0.00407,-0.00289,-0.02135,-0.02916,-0.01584,0.00347,-0.04262,-0.01933,0.01439,-0.02310,0.02139,0.00242,0.00243,0.01850,-0.00418,-0.02993,0.00511,0.01729,-0.03774,0.00061,0.02966,-0.02059,0.03361,0.02236,-0.00062,0.03753,0.01125,-0.02057,0.02542,0.02150,-0.03511,0.01535,0.03402,-0.02441
1147.5716,1,1,14.74,0.52,28.38,0.12511,-0.01950,0.62339,0.73551,0.62007,1.0675,0,0,0.19207,-0.08356,0.06509,0.19187,-0.08349,0.06495,0.12,0.00,0.62007,0.49378,-0.26633,0.36695,1.47125,0.00000,0.99999,0.49370,-0.26710,0.36631,1.47152,0.00000,1.00000,42,0.19760,-0.08830,0.01494,0.19060,0.09130,0,0.97801,-0.00000,0.00000,-0.20858,Left,0,420.32,275.31,402.21,260.07,391.64,235.08,384.36,217.17,373.08,206.33,405.42,197.07,408.93,169.98,411.13,151.61,414.57,135.46,425.67,202.38,430.80,184.22,421.48,212.89,417.33,224.29,444.63,212.08,450.26,200.22,438.29,225.71,432.24,234.16,461.45,225.44,468.54,212.39,456.23,228.89,447.22,236.13,-0.00000,-0.02145,-0.03454,-0.04732,-0.05948,-0.01761,-0.04049,-0.05333,-0.06130,-0.01948,-0.05060,-0.05258,-0.04519,-0.02511,-0.05706,-0.04649,-0.03027,-0.03258,-0.05182,-0.04177,-0.02919,-0.00681,0.08471,0.04086,-0.03339,0.06060,0.01471,-0.04167,0.03678,-0.00204,-0.05203,0.01383,-0.02534,-0.06457,-0.00615,-0.03464,-0.03015,-0.00826,-0.00010,-0.02670,-0.03263,-0.00969,-0.02416,-0.05199,-0.02078,-0.02429,-0.06729,-0.05095,-0.00405,-0.00500,0.00399,-0.00259,-0.02049,-0.02946,-0.01546,0.00426,-0.04253,-0.01904,0.01491,-0.02257,0.02122,0.00233,0.00173,0.01778,-0.00292,-0.03069,0.00475,0.01896,-0.03745,0.00029,0.03081,-0.01978,0.03317,0.02217,-0.00126,0.03692,0.01139,-0.02256,0.02402,0.02318,-0.03590,0.01351,0.03525,-0.02394
1147.6039,1,1,14.69,0.70,29.29,0.12438,-0.01923,0.61900,0.73217,0.61460,1.0656,0,0,0.19427,-0.08282,0.06482,0.19450,-0.08261,0.06446,0.23,0.00,0.61460,0.48233,-0.24691,0.35126,1.46958,0.00000,0.99999,0.48465,-0.25379,0.35482,1.46969,0.00000,1.00000,42,0.19760,-0.08830,0.01494,0.19060,0.09130,0,0.97801,0.00000,0.00000,-0.20858,Left,0,420.47,276.13,402.39,261.09,391.93,237.07,385.13,218.57,374.19,206.53,405.28,197.87,408.82,170.74,411.07,152.17,414.12,135.99,425.60,202.84,431.09,183.92,422.26,212.66,417.59,224.34,444.72,212.24,450.43,200.57,438.89,226.71,432.37,235.96,461.42,225.45,468.79,212.98,456.69,229.73,447.32,237.16,-0.00000,-0.02319,-0.03792,-0.05219,-0.06572,-0.01941,-0.04320,-0.05672,-0.06511,-0.02099,-0.05339,-0.05599,-0.04872,-0.02638,-0.05917,-0.04831,-0.03153,-0.03382,-0.05369,-0.04364,-0.03079,-0.00691,0.08426,0.04192,-0.03321,0.06020,0.01468,-0.04073,0.03731,-0.00282,-0.05108,0.01517,-0.02689,-0.06312,-0.00549,-0.03733,-0.02993,-0.00722,-0.00000,-0.02623,-0.03191,-0.00938,-0.02489,-0.05228,-0.02065,-0.02425,-0.06682,-0.05120,-0.00428,-0.00505,0.00400,-0.00232,-0.02090,-0.02879,-0.01497,0.00375,-0.04373,-0.01879,0.01487,-0.02548,0.02137,0.00217,0.00194,0.01734,-0.00304,-0.03053,0.00566,0.01977,-0.03760,0.00020,0.03205,-0.02148,0.03311,0.02171,-0.00107,0.03639,0.01154,-0.02221,0.02379,0.02343,-0.03611,0.01350,0.03540,-0.02510
1147.6358,1,1,14.79,0.49,28.65,0.12581,-0.01870,0.62514,0.73453,0.63129,1.0544,0,0,0.19119,-0.08426,0.06429,0.18943,-0.08413,0.06342,0.24,0.01,0.63129,0.50378,-0.27381,0.38517,1.46596,0.00001,0.99999,0.49827,-0.26845,0.37445,1.46493,0.00000,1.00000,42,0.19760,-0.08830,0.01494,0.19060,0.09130,0,0.97801,0.00000,0.00000,-0.20858,Left,0,421.01,277.09,402.68,261.69,392.05,237.32,384.76,218.97,373.77,207.03,405.90,199.19,409.11,171.95,411.19,153.40,414.23,137.00,425.77,204.08,431.65,184.26,423.33,212.59,418.66,223.94,444.62,213.37,450.88,200.53,440.08,226.20,433.85,235.34,461.30,226.50,469.31,212.80,458.06,228.91,449.13,236.36,-0.00000,-0.02265,-0.03714,-0.05138,-0.06493,-0.01908,-0.04338,-0.05725,-0.06581,-0.02086,-0.05316,-0.05601,-0.04900,-0.02646,-0.05926,-0.04881,-0.03226,-0.03404,-0.05372,-0.04384,-0.03116,-0.00750,0.08482,0.03997,-0.03392,0.06076,0.01276,-0.04178,0.03751,-0.00470,-0.05263,0.01437,-0.02843,-0.06491,-0.00631,-0.03808,-0.03025,-0.00740,-0.00015,-0.02623,-0.03250,-0.00938,-0.02555,-0.05298,-0.02000,-0.02493,-0.06769,-0.04969,-0.00421,-0.00515,0.00398,-0.00203,-0.02155,-0.02890,-0.01397,0.00288,-0.04367,-0.01855,0.01376,-0.02510,0.02157,0.00233,0.00219,0.01827,-0.00381,-0.03079,0.00632,0.01860,-0.03802,0.00093,0.03088,-0.02109,0.03358,0.02213,-0.00133,0.03737,0.01091,-0.02127,0.02585,0.02191,-0.03619,0.01594,0.03428,-0.02469
1147.6680,1,1,14.57,0.52,28.42,0.12614,-0.01826,0.62666,0.73937,0.62817,1.0701,0,0,0.19044,-0.08458,0.06385,0.19051,-0.08463,0.06379,0.07,0.00,0.62817,0.50328,-0.27216,0.38135,1.46199,0.00000,0.99999,0.50287,-0.27324,0.38197,1.46212,0.00000,1.00000,42,0.19760,-0.08830,0.01494,0.19060,0.09130,0,0.97801,0.00000,0.00000,-0.20858,Left,0,420.75,276.70,402.77,261.63,392.31,237.70,384.91,219.69,373.56,207.12,405.75,199.29,409.62,171.62,411.80,152.90,414.86,136.52,425.65,204.50,431.42,184.47,422.71,213.28,418.40,224.97,444.48,213.90,450.75,201.26,439.52,227.45,433.29,236.78,461.28,227.00,469.10,213.49,457.46,230.00,448.27,237.55,-0.00000,-0.02373,-0.03913,-0.05416,-0.06846,-0.01963,-0.04284,-0.05527,-0.06284,-0.02098,-0.05334,-0.05562,-0.04794,-0.02616,-0.05913,-0.04817,-0.03113,-0.03340,-0.05294,-0.04275,-0.02981,-0.00676,0.08417,0.04068,-0.03324,0.06061,0.01408,-0.04142,0.03728,-0.00358,-0.05243,0.01447,-0.02763,-0.06462,-0.00649,-0.03831,-0.03027,-0.00772,0.00003,-0.02553,-0.03292,-0.00866,-0.02423,-0.05371,-0.01995,-0.02372,-0.06852,-0.05029,-0.00410,-0.00512,0.00409,-0.00201,-0.02169,-0.02921,-0.01452,0.00304,-0.04326,-0.01852,0.01463,-0.02457,0.02147,0.00242,0.00203,0.01826,-0.00338,-0.03130,0.00616,0.01938,-0.03806,0.00093,0.03210,-0.02077,0.03331,0.02232,-0.00160,0.03757,0.01123,-0.02221,0.02529,0.02319,-0.03640,0.01464,0.03528,-0.02440
1147.6999,1,1,14.94,0.15,27.82,0.12617,-0.01762,0.62646,0.73193,0.62626,1.0496,0,0,0.19054,-0.08461,0.06321,0.19049,-0.08449,0.06378,0.64,0.00,0.62626,0.50266,-0.27294,0.38216,1.46191,0.00000,1.00000,0.50287,-0.27324,0.38197,1.46212,0.00000,1.00000,42,0.19760,-0.08830,0.01494,0.19060,0.09130,0,0.97801,0.00000,0.00000,-0.20858,Left,0,420.52,277.73,401.91,262.26,391.64,237.43,384.88,219.10,374.00,207.42,405.88,199.92,409.52,172.51,411.58,153.88,414.38,137.49,425.83,205.12,431.56,184.90,422.99,213.49,418.38,225.25,444.71,214.51,451.12,201.02,439.78,227.02,433.23,236.19,461.51,227.54,469.55,214.00,457.72,230.05,448.26,237.16,-0.00000,-0.02189,-0.03519,-0.04817,-0.06049,-0.01839,-0.04193,-0.05530,-0.06358,-0.02034,-0.05229,-0.05483,-0.04758,-0.02603,-0.05853,-0.04805,-0.03156,-0.03364,-0.05342,-0.04384,-0.03141,-0.00790,0.08437,0.03912,-0.03431,0.06041,0.01226,-0.04199,0.03657,-0.00429,-0.05227,0.01389,-0.02707,-0.06401,-0.00686,-0.03635,-0.03047,-0.00747,-0.00015,-0.02601,-0.03228,-0.00881,-0.02512,-0.05309,-0.01936,-0.02482,-0.06795,-0.04892,-0.00420,-0.00508,0.00407,-0.00240,-0.02160,-0.02863,-0.01456,0.00260,-0.04346,-0.01842,0.01380,-0.02465,0.02152,0.00222,0.00216,0.01826,-0.00413,-0.03051,0.00618,0.01843,-0.03813,0.00065,0.03074,-0.02129,0.03331,0.02176,-0.00137,0.03730,0.01091,-0.02156,0.02518,0.02197,-0.03625,0.01480,0.03397,-0.02497
1147.7307,1,1,14.08,0.51,27.84,0.12547,-0.01735,0.62287,0.73669,0.61928,1.0495,0,0,0.19233,-0.08392,0.06295,0.19169,-0.08383,0.06275,0.25,0.00,0.61928,0.49598,-0.26205,0.37896,1.45709,0.00000,0.99999,0.49528,-0.26289,0.37738,1.45627,0.00000,1.00000,42,0.19760,-0.08830,0.01494,0.19060,0.09130,0,0.97801,0.00000,0.00000,-0.20858,Left,0,420.29,277.28,402.14,262.01,392.04,237.14,385.39,219.12,374.03,207.92,405.78,199.23,409.56,171.94,411.88,153.60,415.19,137.32,425.89,204.67,431.49,185.28,422.27,213.80,417.58,225.47,444.75,214.45,450.99,201.38,439.32,226.93,432.76,235.79,461.67,227.92,469.69,214.60,457.43,230.48,447.55,237.71,-0.00000,-0.02283,-0.03693,-0.05057,-0.06350,-0.01925,-0.04273,-0.05600,-0.06433,-0.02103,-0.05348,-0.05631,-0.04924,-0.02663,-0.05955,-0.04949,-0.03335,-0.03424,-0.05447,-0.04528,-0.03315,-0.00764,0.08458,0.04047,-0.03377,0.06047,0.01398,-0.04154,0.03650,-0.00359,-0.05133,0.01377,-0.02751,-0.06367,-0.00655,-0.03734,-0.03010,-0.00824,-0.00036,-0.02587,-0.03260,-0.00991,-0.02438,-0.05211,-0.02050,-0.02409,-0.06720,-0.05083,-0.00392,-0.00501,0.00399,-0.00207,-0.02116,-0.02935,-0.01530,0.00326,-0.04383,-0.01929,0.01459,-0.02545,0.02144,0.00238,0.00211,0.01826,-0.00374,-0.03048,0.00523,0.01847,-0.03838,0.00003,0.03061,-0.02158,0.03316,0.02216,-0.00116,0.03745,0.01145,-0.02175,0.02508,0.02246,-0.03598,0.01334,0.03513,-0.02474
1147.7790,1,1,14.66,0.15,44.75,0.12563,-0.01711,0.62169,0.74467,0.62052,1.0589,0,0,0.19292,-0.08408,0.06270,0.19199,-0.08387,0.06295,0.89,0.00,0.62052,0.49541,-0.26252,0.37809,1.45642,0.00000,1.00000,0.49528,-0.26289,0.37738,1.45627,0.00000,1.00000,42,0.19760,-0.08830,0.01494,0.19060,0.09130,0,0.97801,-0.00000,-0.00000,-0.20858,Left,0,421.17,277.54,402.92,262.47,392.32,238.20,385.70,219.89,374.83,207.96,406.43,199.84,409.89,172.63,412.04,154.17,415.06,138.00,426.58,204.90,431.65,185.63,422.74,213.83,418.43,225.20,445.45,214.47,451.00,201.97,439.57,227.07,433.54,235.55,462.16,227.93,469.57,215.21,457.43,230.87,448.21,237.78,-0.00000,-0.02257,-0.03658,-0.05014,-0.06289,-0.01917,-0.04292,-0.05627,-0.06454,-0.02082,-0.05257,-0.05473,-0.04743,-0.02637,-0.05856,-0.04806,-0.03189,-0.03395,-0.05358,-0.04419,-0.03210,-0.00705,0.08463,0.04294,-0.03356,0.06053,0.01517,-0.04174,0.03741,-0.00247,-0.05202,0.01472,-0.02715,-0.06414,-0.00631,-0.03750,-0.03006,-0.00744,-0.00033,-0.02650,-0.03259,-0.00958,-0.02472,-0.05280,-0.02012,-0.02467,-0.06754,-0.05039,-0.00402,-0.00511,0.00401,-0.00307,-0.02141,-0.02941,-0.01578,0.00313,-0.04376,-0.01908,0.01394,-0.02377,0.02159,0.00222,0.00221,0.01758,-0.00379,-0.03047,0.00502,0.01838,-0.03730,0.00018,0.03012,-0.01982,0.03328,0.02205,-0.00070,0.03663,0.01189,-0.02133,0.02411,0.02279,-0.03523,0.01379,0.03457,-0.02406
1147.8108,1,1,13.69,0.86,28.49,0.12595,-0.01652,0.62283,0.74078,0.62396,1.0552,0,0,0.19235,-0.08440,0.06211,0.19209,-0.08418,0.06223,0.16,0.00,0.62396,0.49672,-0.25961,0.38053,1.45134,0.00000,1.00000,0.49693,-0.25949,0.38050,1.44979,0.00000,1.00000,42,0.19760,-0.08830,0.01494,0.19060,0.09130,0,0.97801,-0.00000,-0.00000,-0.20858,Left,0,421.20,278.45,403.09,263.17,392.66,239.49,386.03,220.89,375.07,208.33,406.58,200.48,410.33,173.24,412.62,154.19,415.82,138.11,426.28,205.90,432.19,186.05,423.04,214.60,418.37,225.41,445.07,215.51,451.57,202.25,440.02,227.65,433.23,236.33,461.69,228.90,470.16,215.28,458.30,231.14,448.64,238.27,-0.00000,-0.02437,-0.04081,-0.05693,-0.07228,-0.02073,-0.04474,-0.05779,-0.06570,-0.02206,-0.05398,-0.05534,-0.04724,-0.02744,-0.05972,-0.04802,-0.03092,-0.03508,-0.05442,-0.04406,-0.03120,-0.00711,0.08430,0.04205,-0.03365,0.06031,0.01441,-0.04112,0.03681,-0.00424,-0.05142,0.01444,-0.02892,-0.06301,-0.00686,-0.04036,-0.02996,-0.00812,-0.00051,-0.02574,-0.03281,-0.00961,-0.02422,-0.05322,-0.02036,-0.02376,-0.06821,-0.05138,-0.00405,-0.00506,0.00394,-0.00188,-0.02159,-0.02914,-0.01468,0.00298,-0.04336,-0.01922,0.01355,-0.02448,0.02111,0.00244,0.00247,0.01822,-0.00401,-0.03059,0.00580,0.01803,-0.03830,-0.00018,0.02997,-0.02143,0.03290,0.02224,-0.00069,0.03739,0.01131,-0.02076,0.02528,0.02223,-0.03510,0.01429,0.03401,-0.02421
1147.8436,1,1,14.82,0.51,28.89,0.12652,-0.01594,0.62423,0.74819,0.62564,1.0486,0,0,0.19165,-0.08497,0.06154,0.19141,-0.08486,0.06131,0.09,0.00,0.62564,0.50197,-0.26024,0.38792,1.44529,0.00001,1.00000,0.50148,-0.26133,0.38711,1.44506,0.00000,1.00000,42,0.19760,-0.08830,0.01494,0.19060,0.09130,0,0.97801,-0.00000,-0.00000,-0.20858,Left,0,421.21,278.46,403.12,263.45,392.89,239.93,386.21,221.18,375.13,208.40,407.19,200.75,411.14,173.67,413.10,154.52,416.27,138.38,426.84,206.56,432.32,186.57,422.68,215.04,418.89,225.38,445.52,216.34,451.86,202.63,439.80,228.00,433.83,236.57,462.20,229.83,470.52,215.94,458.34,231.53,449.12,238.79,-0.00000,-0.02517,-0.04178,-0.05792,-0.07320,-0.02118,-0.04555,-0.05854,-0.06621,-0.02197,-0.05335,-0.05394,-0.04536,-0.02699,-0.05934,-0.04722,-0.02970,-0.03435,-0.05394,-0.04356,-0.03055,-0.00716,0.08415,0.04277,-0.03373,0.05984,0.01499,-0.04146,0.03672,-0.00337,-0.05210,0.01432,-0.02808,-0.06363,-0.00741,-0.03948,-0.02999,-0.00833,-0.00059,-0.02564,-0.03298,-0.00866,-0.02404,-0.05350,-0.01954,-0.02380,-0.06839,-0.05037,-0.00414,-0.00513,0.00408,-0.00239,-0.02165,-0.02954,-0.01565,0.00297,-0.04384,-0.01865,0.01323,-0.02374,0.02131,0.00273,0.00254,0.01781,-0.00390,-0.03070,0.00524,0.01834,-0.03798,-0.00008,0.03013,-0.02089,0.03316,0.02240,-0.00068,0.03715,0.01159,-0.02098,0.02458,0.02244,-0.03520,0.01379,0.03451,-0.02458
1147.8750,1,1,14.28,0.56,27.81,0.12637,-0.01534,0.62254,0.73641,0.62086,1.0422,0,0,0.19249,-0.08482,0.06093,0.19216,-0.08473,0.06087,0.15,0.00,0.62086,0.49926,-0.25578,0.38686,1.44112,0.00001,0.99999,0.49897,-0.25581,0.38581,1.44079,0.00000,1.00000,42,0.19760,-0.08830,0.01494,0.19060,0.09130,0,0.97801,-0.00000,0.00000,-0.20858,Left,0,421.44,279.81,403.01,264.48,392.63,239.78,385.83,221.15,375.15,208.94,406.69,201.36,410.56,174.01,412.83,155.36,416.39,139.14,426.82,206.79,432.81,187.38,423.58,216.50,419.43,227.86,445.83,216.44,452.15,203.69,440.30,229.45,434.20,238.23,462.63,229.85,470.68,216.19,458.32,232.43,448.86,239.89,-0.00000,-0.02309,-0.03755,-0.05158,-0.06483,-0.01914,-0.04315,-0.05636,-0.06437,-0.02057,-0.05226,-0.05360,-0.04553,-0.02603,-0.05849,-0.04709,-0.03003,-0.03357,-0.05323,-0.04306,-0.03021,-0.00760,0.08454,0.04185,-0.03400,0.06009,0.01420,-0.04205,0.03687,-0.00344,-0.05201,0.01410,-0.02789,-0.06313,-0.00741,-0.03851,-0.03011,-0.00780,-0.00021,-0.02604,-0.03288,-0.00978,-0.02438,-0.05306,-0.02048,-0.02355,-0.06788,-0.05073,-0.00421,-0.00499,0.00397,-0.00224,-0.02119,-0.02948,-0.01448,0.00347,-0.04348,-0.01819,0.01455,-0.02346,0.02153,0.00248,0.00226,0.01831,-0.00354,-0.03070,0.00592,0.01859,-0.03743,0.00041,0.03071,-0.02024,0.03350,0.02220,-0.00072,0.03726,0.01141,-0.02157,0.02466,0.02248,-0.03554,0.01406,0.03476,-0.02443
1147.9081,1,1,15.22,0.54,29.56,0.12624,-0.01410,0.62027,0.72366,0.61800,1.0558,0,0,0.19363,-0.08468,0.05969,0.19318,-0.08455,0.05960,0.26,0.00,0.61800,0.49557,-0.24611,0.38663,1.43294,-0.00001,1.00000,0.49529,-0.24742,0.38602,1.43219,0.00000,1.00000,42,0.19760,-0.08830,0.01494,0.19060,0.09130,0,0.97801,-0.00000,0.00000,-0.20858,Left,0,421.80,282.35,403.74,266.14,393.63,241.08,386.58,222.21,375.45,210.12,407.72,202.95,411.32,175.96,413.12,156.91,416.05,140.85,427.19,208.33,432.86,188.25,423.89,217.02,420.09,227.44,445.99,217.74,452.18,204.27,440.87,229.62,435.23,237.84,462.77,230.94,470.81,216.77,459.02,232.79,450.22,240.09,-0.00000,-0.02278,-0.03735,-0.05181,-0.06550,-0.01756,-0.04121,-0.05379,-0.06126,-0.01918,-0.05001,-0.05054,-0.04183,-0.02496,-0.05651,-0.04449,-0.02717,-0.03292,-0.05187,-0.04144,-0.02853,-0.00801,0.08570,0.03783,-0.03405,0.06016,0.01151,-0.04145,0.03616,-0.00548,-0.05151,0.01318,-0.02785,-0.06330,-0.00787,-0.03722,-0.02934,-0.00760,-0.00009,-0.02577,-0.03267,-0.00875,-0.02441,-0.05301,-0.01992,-0.02394,-0.06772,-0.04963,-0.00413,-0.00510,0.00419,-0.00196,-0.02180,-0.02861,-0.01423,0.00272,-0.04284,-0.01764,0.01305,-0.02310,0.02123,0.00244,0.00224,0.01793,-0.00429,-0.03008,0.00607,0.01729,-0.03762,0.00091,0.02894,-0.02113,0.03285,0.02192,-0.00148,0.03702,0.01072,-0.02166,0.02518,0.02179,-0.03618,0.01509,0.03342,-0.02557
1147.9390,1,1,14.46,0.54,27.99,0.12673,-0.01303,0.62206,0.73946,0.62385,1.0298,0,0,0.19273,-0.08518,0.05862,0.19247,-0.08491,0.05808,0.13,0.00,0.62385,0.49929,-0.24837,0.40018,1.42179,0.00001,1.00000,0.49956,-0.25003,0.39727,1.42363,0.00000,1.00000,42,0.19760,-0.08830,0.01494,0.19060,0.09130,0,0.97801,-0.00000,0.00000,-0.20858,Left,0,421.87,281.58,403.03,265.15,393.01,240.60,386.28,222.76,376.02,211.28,407.32,204.16,411.46,176.69,413.51,158.66,416.47,142.52,427.21,209.59,432.72,188.42,424.20,216.70,419.89,229.32,445.92,219.18,451.96,204.84,440.96,230.31,434.73,240.36,462.84,232.40,471.23,217.73,459.65,232.99,450.05,240.99,-0.00000,-0.02204,-0.03567,-0.04900,-0.06160,-0.01880,-0.04221,-0.05525,-0.06322,-0.02053,-0.05257,-0.05511,-0.04774,-0.02598,-0.05847,-0.04832,-0.03185,-0.03334,-0.05290,-0.04362,-0.03140,-0.00778,0.08372,0.04132,-0.03449,0.05952,0.01344,-0.04204,0.03570,-0.00353,-0.05216,0.01312,-0.02717,-0.06312,-0.00733,-0.03798,-0.03018,-0.00782,-0.00071,-0.02530,-0.03199,-0.01005,-0.02423,-0.05213,-0.02102,-0.02385,-0.06673,-0.04994,-0.00411,-0.00495,0.00391,-0.00222,-0.02221,-0.02911,-0.01478,0.00178,-0.04322,-0.01892,0.01349,-0.02458,0.02136,0.00259,0.00242,0.01819,-0.00450,-0.03011,0.00600,0.01732,-0.03763,0.00069,0.03060,-0.01995,0.03315,0.02227,-0.00033,0.03809,0.01030,-0.02013,0.02632,0.02036,-0.03498,0.01511,0.03304,-0.02401
1147.9718,1,1,15.00,0.52,29.87,0.12575,-0.01174,0.61507,0.74105,0.60807,1.0494,0,0,0.19623,-0.08420,0.05733,0.19576,-0.08390,0.05657,0.44,0.01,0.60807,0.48547,-0.22012,0.38260,1.41548,0.00001,0.99999,0.48655,-0.22888,0.38439,1.41520,0.00000,1.00000,42,0.19760,-0.08830,0.01494,0.19060,0.09130,0,0.97801,0.00000,0.00000,-0.20858,Left,0,422.37,283.09,403.99,267.82,393.75,244.47,388.16,225.49,377.55,212.52,407.78,205.24,411.52,177.94,414.09,159.02,417.71,143.31,427.83,210.50,432.78,189.72,423.88,218.45,419.85,230.54,446.88,220.08,452.29,206.01,441.03,231.41,434.77,241.42,463.78,233.45,471.96,218.71,460.24,233.71,450.84,241.39,-0.00000,-0.02411,-0.04076,-0.05731,-0.07307,-0.02043,-0.04416,-0.05684,-0.06445,-0.02204,-0.05390,-0.05514,-0.04673,-0.02765,-0.05972,-0.04789,-0.03043,-0.03554,-0.05467,-0.04443,-0.03151,-0.00742,0.08402,0.04315,-0.03395,0.05979,0.01554,-0.04088,0.03676,-0.00388,-0.05003,0.01418,-0.02858,-0.06135,-0.00749,-0.04128,-0.02961,-0.00781,-0.00050,-0.02576,-0.03269,-0.00977,-0.02372,-0.05257,-0.02058,-0.02261,-0.06759,-0.05124,-0.00395,-0.00487,0.00367,-0.00216,-0.02238,-0.02873,-0.01463,0.00224,-0.04369,-0.01905,0.01437,-0.02615,0.02107,0.00237,0.00252,0.01787,-0.00475,-0.03041,0.00538,0.01682,-0.03898,-0.00029,0.03016,-0.02236,0.03242,0.02193,-0.00028,0.03752,0.00982,-0.01993,0.02561,0.01985,-0.03503,0.01455,0.03202,-0.02525
1148.0030,1,1,14.12,0.53,27.53,0.12607,-0.01069,0.61409,0.72650,0.61311,1.0492,0,0,0.19672,-0.08451,0.05628,0.19700,-0.08447,0.05657,0.24,0.00,0.61311,0.48507,-0.22078,0.38401,1.40560,0.00002,0.99999,0.48603,-0.22124,0.38510,1.40693,0.00000,1.00000,42,0.19760,-0.08830,0.01494,0.19060,0.09130,0,0.97801,0.00000,0.00000,-0.20858,Left,0,422.69,284.91,404.72,269.90,394.84,245.75,388.57,226.51,377.61,213.80,408.27,206.08,412.20,179.25,414.53,160.46,417.83,144.40,428.45,211.06,434.37,191.31,425.60,220.24,421.37,231.44,447.54,220.50,453.65,208.51,442.27,233.78,435.99,242.09,464.31,233.85,472.57,220.58,460.80,236.31,451.47,243.20,-0.00000,-0.02463,-0.04084,-0.05663,-0.07162,-0.02040,-0.04467,-0.05793,-0.06601,-0.02169,-0.05388,-0.05551,-0.04737,-0.02710,-0.05943,-0.04804,-0.03097,-0.03482,-0.05394,-0.04368,-0.03083,-0.00750,0.08485,0.04045,-0.03365,0.06050,0.01356,-0.04094,0.03763,-0.00428,-0.05049,0.01492,-0.02869,-0.06185,-0.00691,-0.03903,-0.02973,-0.00735,-0.00032,-0.02583,-0.03237,-0.00941,-0.02414,-0.05248,-0.02003,-0.02349,-0.06732,-0.05119,-0.00408,-0.00511,0.00407,-0.00175,-0.02146,-0.02936,-0.01386,0.00298,-0.04406,-0.01760,0.01394,-0.02473,0.02126,0.00221,0.00221,0.01808,-0.00320,-0.03069,0.00607,0.01867,-0.03829,0.00065,0.03007,-0.02131,0.03311,0.02159,-0.00099,0.03722,0.01131,-0.02157,0.02527,0.02234,-0.03603,0.01471,0.03360,-0.02540
1148.0365,1,1,15.65,0.54,30.15,0.12675,-0.00941,0.61562,0.72946,0.61715,1.0487,0,0,0.19596,-0.08520,0.05500,0.19510,-0.08457,0.05436,0.17,0.00,0.61715,0.49052,-0.22086,0.39995,1.39814,0.00001,1.00000,0.49099,-0.22207,0.39590,1.39704,0.00000,1.00000,42,0.19760,-0.08830,0.01494,0.19060,0.09130,0,0.97801,0.00000,0.00000,-0.20858,Left,0,422.55,285.92,404.10,270.40,394.33,245.34,388.52,226.22,377.69,214.37,409.04,206.98,412.93,179.78,415.47,161.54,418.76,145.71,428.88,212.45,435.39,191.93,426.49,220.86,421.77,232.55,447.53,222.30,454.45,209.03,442.92,234.94,436.29,243.96,464.23,235.88,472.71,222.10,460.98,238.18,451.34,245.47,-0.00000,-0.02272,-0.03653,-0.04991,-0.06253,-0.01821,-0.04091,-0.05311,-0.06054,-0.01999,-0.05186,-0.05405,-0.04622,-0.02555,-0.05838,-0.04801,-0.03135,-0.03305,-0.05318,-0.04369,-0.03118,-0.00889,0.08444,0.04114,-0.03463,0.06048,0.01387,-0.04168,0.03617,-0.00359,-0.05090,0.01327,-0.02718,-0.06232,-0.00774,-0.03770,-0.02960,-0.00817,-0.00067,-0.02516,-0.03293,-0.00972,-0.02341,-0.05309,-0.01994,-0.02331,-0.06785,-0.05029,-0.00408,-0.00508,0.00399,-0.00108,-0.02227,-0.02940,-0.01344,0.00204,-0.04446,-0.01785,0.01348,-0.02492,0.02078,0.00248,0.00235,0.01891,-0.00365,-0.03075,0.00674,0.01880,-0.03864,0.00053,0.03088,-0.02115,0.03262,0.02249,-0.00036,0.03733,0.01180,-0.02132,0.02546,0.02258,-0.03640,0.01444,0.03462,-0.02492
1148.0683,1,1,14.66,0.55,27.88,0.12651,-0.00832,0.61261,0.72143,0.60959,1.0558,0,0,0.19746,-0.08496,0.05391,0.19730,-0.08509,0.05369,0.27,0.00,0.60959,0.48732,-0.20911,0.39335,1.38723,0.00000,0.99999,0.48656,-0.21136,0.39261,1.38952,0.00000,1.00000,42,0.19760,-0.08830,0.01494,0.19060,0.09130,0,0.97801,0.00000,0.00000,-0.20858,Left,0,422.65,287.26,404.54,270.65,394.40,245.41,387.47,227.41,377.18,216.23,409.02,207.56,413.51,180.97,415.93,163.12,419.40,147.30,429.34,213.10,435.67,193.45,426.00,222.73,421.42,234.11,448.25,222.87,454.61,211.26,442.33,237.37,436.01,245.69,464.79,236.30,472.28,223.58,460.22,240.38,451.56,247.39,-0.00000,-0.02278,-0.03641,-0.04952,-0.06194,-0.01805,-0.04112,-0.05366,-0.06135,-0.01978,-0.05198,-0.05415,-0.04617,-0.02540,-0.05840,-0.04795,-0.03113,-0.03297,-0.05284,-0.04296,-0.03016,-0.00875,0.08448,0.04077,-0.03412,0.05956,0.01355,-0.04212,0.03609,-0.00273,-0.05190,0.01368,-0.02570,-0.06264,-0.00669,-0.03572,-0.02967,-0.00782,-0.00013,-0.02482,-0.03219,-0.01015,-0.02338,-0.05196,-0.02129,-0.02254,-0.06563,-0.05076,-0.00409,-0.00510,0.00405,-0.00157,-0.02119,-0.02912,-0.01410,0.00278,-0.04381,-0.01851,0.01393,-0.02448,0.02093,0.00258,0.00206,0.01757,-0.00254,-0.03055,0.00572,0.01946,-0.03746,0.00028,0.03138,-0.02022,0.03247,0.02217,-0.00107,0.03638,0.01213,-0.02270,0.02391,0.02399,-0.03636,0.01407,0.03543,-0.02475
1148.1006,1,1,14.76,0.55,29.24,0.12605,-0.00654,0.60942,0.73569,0.60622,1.0478,0,0,0.19906,-0.08450,0.05213,0.19901,-0.08425,0.05167,0.37,0.00,0.60622,0.47882,-0.19440,0.39308,1.37459,-0.00000,1.00000,0.48032,-0.19941,0.39303,1.37717,0.00000,1.00000,42,0.19760,-0.08830,0.01494,0.19060,0.09130,0,0.97801,-0.00000,-0.00000,-0.20858,Left,0,422.66,288.97,405.06,272.27,395.11,248.06,388.87,229.93,378.67,218.01,409.21,209.45,413.40,182.74,416.27,164.48,420.28,149.04,429.20,215.43,435.22,195.73,425.73,224.50,421.48,235.77,448.20,225.38,454.92,212.06,442.80,237.17,436.28,245.87,464.86,239.05,473.51,225.49,461.28,240.91,451.91,247.68,-0.00000,-0.02186,-0.03620,-0.05050,-0.06399,-0.01773,-0.04084,-0.05335,-0.06086,-0.01994,-0.05072,-0.05173,-0.04350,-0.02608,-0.05717,-0.04560,-0.02877,-0.03430,-0.05283,-0.04258,-0.02996,-0.00842,0.08362,0.04482,-0.03421,0.05871,0.01689,-0.04086,0.03545,-0.00170,-0.05058,0.01396,-0.02588,-0.06148,-0.00695,-0.03877,-0.02932,-0.00826,-0.00010,-0.02512,-0.03240,-0.01048,-0.02303,-0.05211,-0.02116,-0.02191,-0.06615,-0.05092,-0.00410,-0.00524,0.00373,-0.00162,-0.02190,-0.02852,-0.01463,0.00271,-0.04321,-0.01853,0.01340,-0.02375,0.02088,0.00254,0.00226,0.01790,-0.00404,-0.02980,0.00595,0.01757,-0.03788,0.00016,0.02913,-0.02141,0.03236,0.02255,-0.00014,0.03687,0.01159,-0.01981,0.02531,0.02170,-0.03379,0.01454,0.03292,-0.02407
1148.1318,1,1,14.89,0.49,28.11,0.12631,-0.00509,0.60978,0.72794,0.61015,1.0439,0,0,0.19888,-0.08475,0.05068,0.19872,-0.08451,0.05072,0.23,0.00,0.61015,0.48081,-0.19557,0.40156,1.36628,0.00000,1.00000,0.48152,-0.19664,0.40164,1.36585,0.00000,1.00000,42,0.19760,-0.08830,0.01494,0.19060,0.09130,0,0.97801,-0.00000,-0.00000,-0.20858,Left,0,422.94,290.42,405.02,274.18,394.78,249.75,388.59,231.35,378.19,219.57,409.18,210.78,413.44,184.48,416.29,166.51,420.00,150.99,429.43,216.36,436.25,197.35,427.09,226.34,422.28,236.85,448.41,226.16,455.82,214.03,443.86,239.25,436.56,247.04,464.90,239.69,474.03,226.94,462.29,242.57,452.57,248.70,-0.00000,-0.02367,-0.03883,-0.05364,-0.06763,-0.01918,-0.04268,-0.05542,-0.06319,-0.02074,-0.05265,-0.05444,-0.04650,-0.02634,-0.05899,-0.04846,-0.03198,-0.03406,-0.05382,-0.04434,-0.03205,-0.00905,0.08449,0.04209,-0.03436,0.05978,0.01359,-0.04143,0.03668,-0.00471,-0.05105,0.01438,-0.02880,-0.06214,-0.00688,-0.03950,-0.02962,-0.00790,-0.00077,-0.02497,-0.03226,-0.01079,-0.02357,-0.05209,-0.02126,-0.02216,-0.06573,-0.05145,-0.00408,-0.00526,0.00395,-0.00060,-0.02095,-0.02941,-0.01259,0.00314,-0.04443,-0.01795,0.01376,-0.02553,0.02086,0.00253,0.00284,0.01899,-0.00315,-0.03022,0.00710,0.01816,-0.03832,0.00006,0.02911,-0.02159,0.03265,0.02205,0.00006,0.03767,0.01198,-0.02042,0.02669,0.02292,-0.03468,0.01508,0.03352,-0.02441
1148.1649,1,1,14.68,0.55,29.60,0.12589,-0.00365,0.60552,0.72359,0.60126,1.0621,0,0,0.20101,-0.08434,0.04924,0.20053,-0.08412,0.04831,0.37,0.00,0.60126,0.47433,-0.17478,0.39750,1.35326,0.00000,1.00000,0.47465,-0.18129,0.39584,1.35620,0.00000,1.00000,42,0.19760,-0.08830,0.01494,0.19060,0.09130,0,0.97801,-0.00000,-0.00000,-0.20858,Left,0,423.01,291.88,405.31,275.75,395.77,251.75,389.40,233.46,379.00,221.43,409.82,212.02,414.30,185.95,417.08,167.62,421.02,152.27,430.24,217.62,436.69,198.68,426.76,228.19,422.12,239.32,449.41,227.41,455.98,215.32,443.36,241.34,436.49,250.14,465.85,240.92,473.70,228.54,461.15,244.88,451.73,251.77,-0.00000,-0.02388,-0.03938,-0.05450,-0.06884,-0.01889,-0.04293,-0.05608,-0.06396,-0.02015,-0.05230,-0.05356,-0.04500,-0.02555,-0.05841,-0.04697,-0.02958,-0.03312,-0.05310,-0.04310,-0.03019,-0.00909,0.08450,0.04198,-0.03454,0.05953,0.01448,-0.04138,0.03668,-0.00371,-0.05095,0.01485,-0.02781,-0.06136,-0.00647,-0.03914,-0.02936,-0.00763,-0.00027,-0.02518,-0.03218,-0.01017,-0.02312,-0.05176,-0.02182,-0.02142,-0.06569,-0.05230,-0.00405,-0.00505,0.00398,-0.00115,-0.02115,-0.02898,-0.01382,0.00315,-0.04402,-0.01868,0.01457,-0.02530,0.02104,0.00247,0.00235,0.01779,-0.00349,-0.03031,0.00590,0.01845,-0.03813,-0.00058,0.03050,-0.02180,0.03237,0.02179,-0.00074,0.03647,0.01194,-0.02207,0.02393,0.02363,-0.03582,0.01280,0.03459,-0.02567
1148.2112,1,1,14.48,0.51,42.43,0.12558,-0.00200,0.60297,0.71785,0.60041,1.0377,0,0,0.20228,-0.08403,0.04759,0.20189,-0.08402,0.04776,0.35,0.00,0.60041,0.47044,-0.16970,0.39662,1.34479,-0.00001,1.00000,0.46985,-0.16996,0.39626,1.34449,0.00000,1.00000,42,0.19760,-0.08830,0.01494,0.19060,0.09130,0,0.97801,0.00000,0.00000,-0.20858,Left,0,422.60,293.69,404.83,277.39,395.73,252.40,389.49,234.10,379.14,222.90,409.40,213.67,414.00,187.63,417.04,169.59,421.43,153.85,430.23,219.06,436.25,199.83,426.76,229.04,422.47,240.81,449.62,229.06,455.68,217.23,443.50,242.78,437.16,251.29,466.35,242.93,474.13,230.25,461.82,246.19,452.74,252.90,-0.00000,-0.02245,-0.03609,-0.04929,-0.06177,-0.01763,-0.04159,-0.05519,-0.06364,-0.01945,-0.05178,-0.05416,-0.04651,-0.02525,-0.05793,-0.04738,-0.03074,-0.03307,-0.05288,-0.04327,-0.03080,-0.00984,0.08460,0.04091,-0.03515,0.05977,0.01357,-0.04145,0.03599,-0.00417,-0.05034,0.01367,-0.02764,-0.06084,-0.00710,-0.03851,-0.02985,-0.00764,-0.00016,-0.02552,-0.03191,-0.01100,-0.02331,-0.05150,-0.02197,-0.02111,-0.06567,-0.05158,-0.00410,-0.00511,0.00407,-0.00130,-0.02189,-0.02817,-0.01391,0.00207,-0.04337,-0.01793,0.01389,-0.02542,0.02144,0.00248,0.00245,0.01851,-0.00359,-0.02983,0.00622,0.01786,-0.03795,0.00068,0.02962,-0.02182,0.03284,0.02201,-0.00065,0.03698,0.01153,-0.02113,0.02525,0.02285,-0.03550,0.01461,0.03406,-0.02583
1148.2464,1,1,15.89,0.55,31.94,0.12655,-0.00055,0.60657,0.72565,0.61018,1.0678,0,0,0.20048,-0.08499,0.04614,0.19924,-0.08410,0.04504,0.18,0.01,0.61018,0.47751,-0.17409,0.42114,1.33265,0.00000,0.99999,0.47805,-0.17556,0.41422,1.33226,0.00000,1.00000,42,0.19760,-0.08830,0.01494,0.19060,0.09130,0,0.97801,0.00000,0.00000,-0.20858,Left,0,423.17,294.38,405.44,278.68,395.95,254.93,390.34,236.45,379.57,224.53,410.22,215.33,414.31,188.85,417.33,170.58,421.31,155.05,430.63,220.44,437.12,201.46,427.54,230.60,422.86,241.70,449.50,230.16,456.13,218.55,443.92,243.84,436.97,252.30,465.59,243.74,473.99,231.61,461.88,247.39,452.35,254.14,-0.00000,-0.02477,-0.04128,-0.05740,-0.07283,-0.02059,-0.04480,-0.05793,-0.06589,-0.02200,-0.05499,-0.05718,-0.04920,-0.02746,-0.06093,-0.05019,-0.03323,-0.03511,-0.05530,-0.04542,-0.03256,-0.00966,0.08462,0.04141,-0.03487,0.06015,0.01486,-0.04198,0.03714,-0.00409,-0.05045,0.01497,-0.02849,-0.06206,-0.00649,-0.03926,-0.02934,-0.00809,-0.00041,-0.02550,-0.03258,-0.01045,-0.02295,-0.05170,-0.02068,-0.02216,-0.06649,-0.05186,-0.00370,-0.00495,0.00387,-0.00066,-0.02115,-0.02963,-0.01376,0.00322,-0.04370,-0.01831,0.01447,-0.02467,0.02101,0.00242,0.00208,0.01864,-0.00267,-0.03083,0.00544,0.01885,-0.03826,-0.00067,0.03001,-0.02027,0.03227,0.02187,-0.00076,0.03700,0.01238,-0.02290,0.02492,0.02357,-0.03660,0.01278,0.03494,-0.02487
1148.2751,1,1,14.26,0.86,25.16,0.12710,0.00091,0.60835,0.73002,0.61013,1.0291,0,0,0.19959,-0.08554,0.04468,0.19928,-0.08571,0.04446,0.18,0.01,0.61013,0.48523,-0.17818,0.43068,1.31830,-0.00000,1.00000,0.48323,-0.17771,0.42745,1.32115,0.00000,1.00000,42,0.19760,-0.08830,0.01494,0.19060,0.09130,0,0.97801,0.00000,0.00000,-0.20858,Left,0,423.54,295.39,404.97,279.23,395.32,255.41,389.90,237.24,379.64,225.74,409.91,216.05,414.30,190.33,417.43,172.15,421.68,156.67,430.43,221.69,436.83,202.30,427.35,231.62,423.30,242.37,449.64,231.83,455.96,220.11,443.74,245.56,437.46,253.67,466.27,245.85,474.70,232.95,462.45,248.46,453.16,254.99,-0.00000,-0.02436,-0.04052,-0.05636,-0.07144,-0.01995,-0.04461,-0.05804,-0.06613,-0.02155,-0.05395,-0.05546,-0.04709,-0.02733,-0.06046,-0.04915,-0.03180,-0.03535,-0.05511,-0.04484,-0.03178,-0.00924,0.08354,0.04390,-0.03492,0.05903,0.01510,-0.04188,0.03619,-0.00365,-0.05050,0.01468,-0.02904,-0.06075,-0.00684,-0.04071,-0.02996,-0.00834,-0.00072,-0.02521,-0.03229,-0.01141,-0.02322,-0.05220,-0.02206,-0.02113,-0.06589,-0.05326,-0.00417,-0.00521,0.00386,-0.00102,-0.02171,-0.02952,-0.01343,0.00247,-0.04374,-0.01748,0.01315,-0.02364,0.02127,0.00291,0.00271,0.01845,-0.00302,-0.03040,0.00632,0.01844,-0.03748,0.00027,0.02960,-0.01963,0.03312,0.02239,0.00021,0.03747,0.01201,-0.02062,0.02553,0.02258,-0.03458,0.01426,0.03409,-0.02380
1148.3069,1,1,14.10,0.51,28.70,0.12788,0.00230,0.61095,0.73203,0.61356,1.0529,0,0,0.19829,-0.08633,0.04329,0.19742,-0.08562,0.04270,0.17,0.01,0.61356,0.48964,-0.17997,0.44532,1.31231,0.00000,1.00000,0.49026,-0.18150,0.44214,1.31026,0.00000,1.00000,42,0.19760,-0.08830,0.01494,0.19060,0.09130,0,0.97801,0.00000,-0.00000,-0.20858,Left,0,423.73,296.35,405.39,280.25,395.91,255.57,389.85,237.38,379.59,226.67,410.51,217.23,414.94,191.11,418.07,173.18,422.11,157.64,430.79,222.93,437.00,203.29,428.02,232.18,423.53,243.57,449.80,233.08,456.37,220.29,444.86,245.68,438.26,254.54,466.34,247.09,475.12,233.41,463.29,248.76,453.53,255.73,-0.00000,-0.02213,-0.03589,-0.04947,-0.06240,-0.01736,-0.04057,-0.05337,-0.06118,-0.01925,-0.05042,-0.05208,-0.04415,-0.02506,-0.05705,-0.04627,-0.02954,-0.03286,-0.05235,-0.04273,-0.03026,-0.00959,0.08415,0.04233,-0.03540,0.05960,0.01503,-0.04215,0.03596,-0.00359,-0.05098,0.01373,-0.02851,-0.06199,-0.00670,-0.03971,-0.02980,-0.00847,-0.00046,-0.02483,-0.03307,-0.01060,-0.02276,-0.05230,-0.02070,-0.02113,-0.06704,-0.05141,-0.00384,-0.00507,0.00364,-0.00072,-0.02208,-0.02945,-0.01278,0.00181,-0.04373,-0.01787,0.01359,-0.02582,0.02136,0.00294,0.00250,0.01959,-0.00409,-0.02996,0.00663,0.01721,-0.03859,0.00063,0.02944,-0.02116,0.03303,0.02259,-0.00008,0.03804,0.01146,-0.02030,0.02683,0.02167,-0.03524,0.01478,0.03365,-0.02476
1148.3401,1,1,14.95,0.52,29.91,0.12811,0.00376,0.61216,0.73193,0.61336,1.0319,0,0,0.19769,-0.08656,0.04183,0.19755,-0.08656,0.04147,0.18,0.00,0.61336,0.49387,-0.18185,0.45724,1.29545,0.00001,1.00000,0.49327,-0.18251,0.45406,1.29932,0.00000,1.00000,42,0.19760,-0.08830,0.01494,0.19060,0.09130,0,0.97801,-0.00000,0.00000,-0.20858,Left,0,423.27,297.69,404.65,281.67,395.49,257.40,390.05,239.07,379.85,228.02,410.17,218.62,414.68,192.61,417.94,174.52,422.04,159.00,430.53,224.22,437.25,203.97,428.65,233.04,424.48,244.34,449.68,234.42,456.85,221.21,445.40,246.46,438.91,254.89,466.23,248.64,475.07,235.17,463.22,250.52,453.81,257.12,-0.00000,-0.02237,-0.03702,-0.05150,-0.06538,-0.01805,-0.04185,-0.05519,-0.06338,-0.02033,-0.05167,-0.05325,-0.04525,-0.02657,-0.05822,-0.04686,-0.02994,-0.03492,-0.05386,-0.04361,-0.03088,-0.00992,0.08321,0.04447,-0.03561,0.05871,0.01594,-0.04211,0.03577,-0.00313,-0.05094,0.01417,-0.02841,-0.06081,-0.00664,-0.04111,-0.03014,-0.00814,-0.00057,-0.02476,-0.03257,-0.01113,-0.02333,-0.05248,-0.02167,-0.02097,-0.06636,-0.05210,-0.00417,-0.00518,0.00372,-0.00067,-0.02224,-0.02919,-0.01222,0.00159,-0.04396,-0.01693,0.01275,-0.02482,0.02137,0.00310,0.00285,0.01941,-0.00413,-0.02970,0.00765,0.01704,-0.03818,0.00149,0.02866,-0.02096,0.03317,0.02256,0.00045,0.03780,0.01185,-0.01952,0.02651,0.02221,-0.03441,0.01539,0.03354,-0.02429
1148.3718,1,1,15.14,0.51,28.14,0.12782,0.00482,0.60993,0.72560,0.60771,1.0354,0,0,0.19880,-0.08626,0.04077,0.19824,-0.08622,0.04077,0.25,0.00,0.60771,0.49040,-0.17429,0.45443,1.29247,0.00001,0.99999,0.48944,-0.17398,0.45284,1.29193,0.00000,1.00000,42,0.19760,-0.08830,0.01494,0.19060,0.09130,0,0.97801,-0.00000,0.00000,-0.20858,Left,0,422.75,298.45,404.79,282.40,395.60,257.97,389.82,239.95,379.63,228.57,410.78,218.73,415.17,193.22,418.06,175.16,422.08,160.03,431.09,224.76,437.15,205.47,427.43,235.20,423.82,246.01,450.19,235.23,457.04,221.84,444.68,247.37,438.66,255.63,466.73,249.66,474.86,235.81,462.45,251.75,453.53,258.58,-0.00000,-0.02292,-0.03788,-0.05263,-0.06679,-0.01773,-0.04101,-0.05347,-0.06099,-0.01961,-0.05048,-0.05111,-0.04241,-0.02563,-0.05755,-0.04566,-0.02834,-0.03376,-0.05323,-0.04282,-0.02986,-0.01065,0.08415,0.04124,-0.03576,0.05912,0.01422,-0.04251,0.03591,-0.00391,-0.05113,0.01363,-0.02858,-0.06131,-0.00749,-0.03937,-0.02987,-0.00842,-0.00013,-0.02473,-0.03311,-0.01051,-0.02299,-0.05289,-0.02144,-0.02105,-0.06646,-0.05236,-0.00396,-0.00523,0.00396,-0.00111,-0.02199,-0.02930,-0.01335,0.00203,-0.04336,-0.01708,0.01336,-0.02452,0.02114,0.00328,0.00237,0.01921,-0.00441,-0.03019,0.00657,0.01669,-0.03843,0.00103,0.02826,-0.02223,0.03278,0.02300,-0.00097,0.03743,0.01174,-0.02174,0.02561,0.02289,-0.03611,0.01471,0.03451,-0.02514
1148.4046,1,1,15.41,0.52,29.13,0.12784,0.00564,0.60964,0.71527,0.60935,1.0296,0,0,0.19895,-0.08629,0.03995,0.19873,-0.08612,0.03984,0.16,0.00,0.60935,0.48865,-0.16928,0.45626,1.28540,0.00001,1.00000,0.48896,-0.17037,0.45569,1.28550,0.00000,1.00000,42,0.19760,-0.08830,0.01494,0.19060,0.09130,0,0.97801,-0.00000,0.00000,-0.20858,Left,0,423.26,299.90,405.43,284.64,396.59,259.76,391.13,241.12,380.38,229.66,410.21,219.58,414.45,193.98,417.79,176.17,421.94,160.55,430.95,224.99,437.14,206.13,427.95,235.51,423.59,246.52,450.26,235.27,456.97,223.15,444.66,248.41,437.80,256.15,466.86,249.62,474.98,237.08,462.42,252.98,452.55,259.24,-0.00000,-0.02269,-0.03673,-0.05031,-0.06328,-0.01760,-0.04127,-0.05477,-0.06322,-0.01948,-0.05107,-0.05328,-0.04579,-0.02539,-0.05761,-0.04715,-0.03091,-0.03334,-0.05321,-0.04375,-0.03153,-0.00992,0.08499,0.04001,-0.03543,0.06051,0.01361,-0.04147,0.03698,-0.00475,-0.04930,0.01415,-0.02915,-0.06022,-0.00656,-0.03913,-0.03011,-0.00793,-0.00010,-0.02533,-0.03261,-0.01046,-0.02336,-0.05222,-0.02117,-0.02140,-0.06639,-0.05256,-0.00410,-0.00510,0.00405,-0.00068,-0.02212,-0.02936,-0.01310,0.00201,-0.04368,-0.01710,0.01305,-0.02507,0.02159,0.00281,0.00225,0.01976,-0.00370,-0.03046,0.00692,0.01781,-0.03859,0.00098,0.02847,-0.02188,0.03341,0.02261,-0.00115,0.03760,0.01203,-0.02218,0.02587,0.02332,-0.03643,0.01395,0.03486,-0.02516
1148.4353,1,1,14.07,0.73,26.94,0.12723,0.00618,0.60610,0.71844,0.60255,1.0333,0,0,0.20072,-0.08568,0.03941,0.20033,-0.08541,0.03898,0.23,0.00,0.60255,0.48113,-0.15568,0.44808,1.28196,-0.00000,1.00000,0.48190,-0.15906,0.44753,1.28227,0.00000,1.00000,42,0.19760,-0.08830,0.01494,0.19060,0.09130,0,0.97801,-0.00000,0.00000,-0.20858,Left,0,422.99,299.57,405.56,283.85,396.47,259.94,390.47,241.40,379.35,229.68,410.52,219.71,414.78,194.53,417.83,176.47,422.28,161.27,431.24,225.39,437.24,206.74,427.25,236.12,423.36,246.84,450.54,235.87,456.96,223.63,444.21,248.94,437.90,257.26,467.08,250.38,474.92,237.58,461.90,253.25,452.34,260.00,-0.00000,-0.02451,-0.04125,-0.05772,-0.07355,-0.01934,-0.04365,-0.05701,-0.06512,-0.02091,-0.05294,-0.05434,-0.04604,-0.02671,-0.05958,-0.04794,-0.03056,-0.03476,-0.05458,-0.04416,-0.03102,-0.00983,0.08410,0.04127,-0.03519,0.05929,0.01474,-0.04164,0.03675,-0.00416,-0.05039,0.01412,-0.02966,-0.06127,-0.00719,-0.03965,-0.02963,-0.00841,-0.00021,-0.02519,-0.03300,-0.01068,-0.02301,-0.05197,-0.02191,-0.02106,-0.06551,-0.05398,-0.00393,-0.00504,0.00415,-0.00097,-0.02200,-0.02975,-0.01378,0.00208,-0.04366,-0.01744,0.01372,-0.02531,0.02124,0.00319,0.00217,0.01910,-0.00394,-0.03091,0.00577,0.01755,-0.03783,-0.00013,0.02935,-0.02116,0.03290,0.02294,-0.00112,0.03692,0.01262,-0.02320,0.02408,0.02356,-0.03747,0.01245,0.03535,-0.02577
1148.4701,1,1,16.87,0.71,31.40,0.12810,0.00712,0.61060,0.72431,0.61511,1.0356,0,0,0.19847,-0.08655,0.03847,0.19707,-0.08559,0.03731,0.14,0.01,0.61511,0.49041,-0.16757,0.47313,1.27481,-0.00000,1.00000,0.49070,-0.16838,0.46566,1.27364,0.00000,1.00000,42,0.19760,-0.08830,0.01494,0.19060,0.09130,0,0.97801,-0.00000,0.00000,-0.20858,Left,0,422.71,300.20,404.78,283.93,395.65,259.76,389.22,242.11,379.24,230.67,410.42,220.87,414.63,195.11,417.63,177.16,421.75,161.68,431.03,226.50,437.59,207.30,427.78,236.32,423.57,247.22,450.29,237.01,457.37,224.73,444.76,249.72,438.46,257.68,466.63,251.71,474.96,239.24,461.99,254.48,452.68,260.65,-0.00000,-0.02282,-0.03760,-0.05212,-0.06606,-0.01803,-0.04208,-0.05558,-0.06388,-0.01983,-0.05137,-0.05291,-0.04485,-0.02574,-0.05735,-0.04592,-0.02899,-0.03383,-0.05284,-0.04285,-0.03025,-0.01066,0.08368,0.04174,-0.03584,0.05880,0.01469,-0.04305,0.03597,-0.00301,-0.05202,0.01380,-0.02845,-0.06224,-0.00665,-0.03922,-0.03040,-0.00855,0.00006,-0.02490,-0.03327,-0.01087,-0.02366,-0.05293,-0.02124,-0.02165,-0.06669,-0.05253,-0.00388,-0.00530,0.00392,-0.00091,-0.02205,-0.02970,-0.01321,0.00160,-0.04333,-0.01792,0.01314,-0.02480,0.02127,0.00336,0.00219,0.01947,-0.00353,-0.02993,0.00638,0.01729,-0.03778,0.00081,0.02871,-0.02041,0.03327,0.02320,-0.00119,0.03738,0.01303,-0.02178,0.02497,0.02342,-0.03560,0.01403,0.03497,-0.02435
1148.4996,1,1,14.69,0.53,26.02,0.12841,0.00803,0.61293,0.72364,0.61526,1.0416,0,0,0.19730,-0.08685,0.03756,0.19728,-0.08715,0.03779,0.09,0.01,0.61526,0.49745,-0.17562,0.47894,1.26587,0.00000,0.99999,0.49557,-0.17402,0.47848,1.26642,0.00000,1.00000,42,0.19760,-0.08830,0.01494,0.19060,0.09130,0,0.97801,-0.00000,0.00000,-0.20858,Left,0,422.69,301.28,404.42,285.21,395.74,261.15,389.94,242.72,379.11,231.32,410.23,221.84,414.69,195.89,417.77,177.99,421.82,162.37,430.73,227.41,437.23,207.90,427.81,236.75,423.26,247.93,449.88,237.72,456.45,225.75,444.04,251.02,437.22,259.47,466.24,251.99,474.64,239.27,462.00,254.91,452.20,261.61,-0.00000,-0.02292,-0.03793,-0.05277,-0.06709,-0.01779,-0.04159,-0.05501,-0.06330,-0.01962,-0.05149,-0.05388,-0.04631,-0.02539,-0.05763,-0.04698,-0.03026,-0.03323,-0.05252,-0.04260,-0.02987,-0.01077,0.08374,0.04219,-0.03640,0.05890,0.01504,-0.04284,0.03594,-0.00355,-0.05087,0.01370,-0.02897,-0.06178,-0.00724,-0.03960,-0.03003,-0.00848,-0.00050,-0.02515,-0.03340,-0.01059,-0.02279,-0.05271,-0.02133,-0.02132,-0.06719,-0.05290,-0.00394,-0.00512,0.00387,-0.00052,-0.02237,-0.03004,-0.01310,0.00147,-0.04483,-0.01751,0.01295,-0.02641,0.02160,0.00318,0.00231,0.01954,-0.00348,-0.03035,0.00611,0.01802,-0.03853,-0.00027,0.02969,-0.02138,0.03320,0.02295,-0.00037,0.03760,0.01252,-0.02183,0.02510,0.02317,-0.03658,0.01303,0.03489,-0.02539
1148.5332,1,1,15.08,0.57,29.76,0.12752,0.00870,0.60976,0.72222,0.60659,1.0196,0,0,0.19889,-0.08596,0.03689,0.19824,-0.08585,0.03666,0.21,0.00,0.60659,0.48864,-0.16500,0.47588,1.26292,0.00001,0.99999,0.48802,-0.16567,0.47404,1.26240,0.00000,1.00000,42,0.19760,-0.08830,0.01494,0.19060,0.09130,0,0.97801,-0.00000,0.00000,-0.20858,Left,0,422.33,301.95,404.25,286.07,395.06,262.20,389.12,243.64,378.92,232.18,409.66,222.21,414.42,197.40,417.27,179.53,421.44,164.44,430.47,227.85,436.43,209.08,426.72,238.49,422.89,249.38,449.85,238.21,456.02,226.13,443.56,251.42,437.24,259.74,466.19,252.63,473.60,239.90,460.73,255.77,451.47,262.45,-0.00000,-0.02385,-0.03978,-0.05543,-0.07052,-0.01858,-0.04286,-0.05626,-0.06439,-0.01992,-0.05111,-0.05186,-0.04319,-0.02550,-0.05738,-0.04545,-0.02804,-0.03332,-0.05248,-0.04206,-0.02907,-0.01014,0.08389,0.04245,-0.03577,0.05892,0.01505,-0.04219,0.03623,-0.00318,-0.05073,0.01405,-0.02866,-0.06129,-0.00740,-0.03981,-0.02980,-0.00836,-0.00016,-0.02513,-0.03238,-0.01081,-0.02315,-0.05137,-0.02202,-0.02090,-0.06492,-0.05366,-0.00403,-0.00504,0.00386,-0.00089,-0.02192,-0.02927,-0.01294,0.00186,-0.04334,-0.01723,0.01329,-0.02528,0.02142,0.00316,0.00254,0.01935,-0.00385,-0.02999,0.00621,0.01684,-0.03763,0.00019,0.02862,-0.02137,0.03324,0.02267,-0.00031,0.03678,0.01215,-0.02178,0.02432,0.02332,-0.03583,0.01289,0.03500,-0.02520
1148.5639,1,1,15.31,0.51,26.98,0.12774,0.00966,0.61237,0.72879,0.61499,1.0394,0,0,0.19758,-0.08619,0.03593,0.19693,-0.08567,0.03526,0.09,0.01,0.61499,0.49115,-0.16908,0.49085,1.25430,0.00001,1.00000,0.49168,-0.17092,0.48759,1.25421,0.00000,1.00000,42,0.19760,-0.08830,0.01494,0.19060,0.09130,0,0.97801,-0.00000,0.00000,-0.20858,Left,0,422.24,302.33,404.28,287.21,395.34,262.26,389.08,243.84,378.20,232.91,409.77,223.28,414.03,197.81,416.84,180.07,420.80,164.66,429.97,229.10,436.19,210.29,426.46,239.23,422.39,249.45,449.05,239.48,455.36,227.61,442.92,252.47,436.75,259.47,465.63,253.65,473.87,240.79,461.41,256.27,452.17,262.30,-0.00000,-0.02241,-0.03679,-0.05097,-0.06461,-0.01803,-0.04195,-0.05524,-0.06345,-0.02001,-0.05126,-0.05263,-0.04463,-0.02602,-0.05772,-0.04643,-0.02971,-0.03412,-0.05316,-0.04299,-0.03038,-0.00975,0.08393,0.04116,-0.03535,0.05936,0.01454,-0.04221,0.03597,-0.00336,-0.05083,0.01326,-0.02765,-0.06214,-0.00745,-0.03758,-0.02992,-0.00858,-0.00006,-0.02522,-0.03295,-0.01023,-0.02330,-0.05262,-0.02092,-0.02161,-0.06672,-0.05248,-0.00400,-0.00531,0.00403,-0.00129,-0.02146,-0.03023,-0.01381,0.00240,-0.04363,-0.01737,0.01268,-0.02409,0.02140,0.00318,0.00209,0.01889,-0.00302,-0.03086,0.00574,0.01820,-0.03782,0.00037,0.02860,-0.02037,0.03310,0.02310,-0.00119,0.03733,0.01249,-0.02194,0.02531,0.02312,-0.03576,0.01411,0.03453,-0.02415
1148.5952,1,1,14.30,0.54,27.44,0.12693,0.01050,0.60876,0.71765,0.60514,1.0463,0,0,0.19939,-0.08538,0.03509,0.19915,-0.08519,0.03500,0.26,0.00,0.60514,0.48304,-0.15914,0.48255,1.24867,0.00001,0.99999,0.48389,-0.16033,0.48184,1.24924,0.00000,1.00000,42,0.19760,-0.08830,0.01494,0.19060,0.09130,0,0.97801,-0.00000,-0.00000,-0.20858,Left,0,422.27,304.04,404.25,288.34,394.88,263.39,388.52,244.81,377.88,233.33,409.87,223.94,414.13,198.59,416.75,180.70,420.54,165.37,430.31,229.57,436.33,210.91,426.34,239.94,422.08,250.90,449.39,239.98,455.32,228.28,442.69,253.42,436.36,261.52,465.74,254.39,473.27,241.79,460.22,257.53,450.54,264.25,-0.00000,-0.02340,-0.03853,-0.05345,-0.06781,-0.01761,-0.04162,-0.05513,-0.06342,-0.01949,-0.05124,-0.05306,-0.04505,-0.02555,-0.05790,-0.04683,-0.02990,-0.03381,-0.05341,-0.04327,-0.03037,-0.01035,0.08450,0.04063,-0.03573,0.05927,0.01437,-0.04250,0.03620,-0.00362,-0.05120,0.01350,-0.02822,-0.06230,-0.00790,-0.03806,-0.02937,-0.00848,0.00011,-0.02505,-0.03328,-0.00997,-0.02323,-0.05219,-0.02068,-0.02193,-0.06666,-0.05229,-0.00381,-0.00504,0.00394,-0.00127,-0.02165,-0.03001,-0.01402,0.00222,-0.04385,-0.01770,0.01355,-0.02503,0.02123,0.00317,0.00200,0.01838,-0.00316,-0.03069,0.00473,0.01791,-0.03820,-0.00067,0.02930,-0.02084,0.03265,0.02281,-0.00126,0.03620,0.01286,-0.02321,0.02309,0.02358,-0.03743,0.01173,0.03572,-0.02618
1148.6435,1,1,14.78,0.51,44.87,0.12656,0.01116,0.60771,0.71860,0.60665,1.0503,0,0,0.19991,-0.08501,0.03443,0.19969,-0.08503,0.03450,0.16,0.00,0.60665,0.48090,-0.15540,0.48249,1.24429,-0.00000,1.00000,0.48046,-0.15549,0.48214,1.24415,0.00000,1.00000,42,0.19760,-0.08830,0.01494,0.19060,0.09130,0,0.97801,-0.00000,-0.00000,-0.20858,Left,0,422.27,304.49,404.71,288.24,395.67,263.18,388.95,245.18,378.24,233.90,409.99,224.34,414.11,198.95,416.54,181.20,420.29,165.93,430.15,230.05,436.15,211.47,426.37,240.62,422.52,251.44,448.96,240.42,455.34,228.90,442.68,254.14,436.62,261.94,465.10,254.67,472.59,242.80,459.55,258.67,450.20,265.07,-0.00000,-0.02260,-0.03639,-0.04987,-0.06274,-0.01641,-0.03955,-0.05209,-0.05967,-0.01788,-0.04902,-0.05025,-0.04180,-0.02350,-0.05556,-0.04477,-0.02802,-0.03117,-0.05090,-0.04153,-0.02922,-0.00972,0.08497,0.03991,-0.03487,0.05949,0.01453,-0.04175,0.03581,-0.00295,-0.05084,0.01317,-0.02710,-0.06218,-0.00781,-0.03699,-0.02912,-0.00832,-0.00006,-0.02519,-0.03314,-0.00977,-0.02300,-0.05212,-0.02102,-0.02215,-0.06606,-0.05233,-0.00397,-0.00501,0.00400,-0.00085,-0.02178,-0.02945,-0.01383,0.00219,-0.04307,-0.01731,0.01285,-0.02384,0.02103,0.00313,0.00195,0.01881,-0.00319,-0.03051,0.00536,0.01800,-0.03744,0.00003,0.02921,-0.02003,0.03226,0.02284,-0.00162,0.03632,0.01288,-0.02328,0.02350,0.02459,-0.03704,0.01192,0.03580,-0.02567
1148.6769,1,1,14.98,0.68,30.43,0.12657,0.01240,0.60844,0.72922,0.60917,1.0415,0,0,0.19955,-0.08501,0.03319,0.19924,-0.08485,0.03321,0.17,0.00,0.60917,0.48119,-0.15429,0.49113,1.23597,0.00000,1.00000,0.48111,-0.15495,0.49098,1.23482,0.00000,1.00000,42,0.19760,-0.08830,0.01494,0.19060,0.09130,0,0.97801,-0.00000,-0.00000,-0.20858,Left,0,421.68,305.31,403.78,288.45,394.77,262.97,388.31,244.76,377.40,234.18,410.05,225.74,414.18,199.66,416.63,181.88,420.24,166.53,430.11,231.82,436.29,212.69,426.56,241.61,422.46,252.34,448.89,242.40,455.60,229.73,443.15,254.79,436.87,262.68,465.06,256.75,473.47,243.58,460.70,258.75,451.17,265.00,-0.00000,-0.02052,-0.03306,-0.04565,-0.05767,-0.01556,-0.03835,-0.05065,-0.05816,-0.01794,-0.04847,-0.04945,-0.04120,-0.02426,-0.05583,-0.04500,-0.02847,-0.03245,-0.05189,-0.04261,-0.03059,-0.01146,0.08489,0.04027,-0.03625,0.05863,0.01427,-0.04309,0.03475,-0.00279,-0.05182,0.01174,-0.02666,-0.06299,-0.00898,-0.03615,-0.02916,-0.00890,0.00017,-0.02518,-0.03391,-0.00952,-0.02308,-0.05289,-0.02028,-0.02213,-0.06697,-0.05003,-0.00398,-0.00517,0.00414,-0.00047,-0.02244,-0.02846,-0.01311,0.00127,-0.04242,-0.01694,0.01254,-0.02344,0.02117,0.00347,0.00197,0.01934,-0.00410,-0.02975,0.00621,0.01655,-0.03718,0.00039,0.02844,-0.02066,0.03239,0.02314,-0.00148,0.03728,0.01245,-0.02194,0.02505,0.02248,-0.03568,0.01316,0.03383,-0.02520
1148.7070,1,1,14.78,0.15,26.18,0.12638,0.01262,0.60723,0.72098,0.60602,1.0254,0,0,0.20015,-0.08483,0.03297,0.19932,-0.08488,0.03314,0.78,0.00,0.60602,0.48113,-0.15449,0.49196,1.23449,0.00000,1.00000,0.48111,-0.15495,0.49098,1.23482,0.00000,1.00000,42,0.19760,-0.08830,0.01494,0.19060,0.09130,0,0.97801,-0.00000,-0.00000,-0.20858,Left,0,421.47,305.04,403.98,288.63,395.22,263.55,388.42,245.81,377.90,235.26,409.94,224.97,414.21,200.15,416.56,182.80,420.33,167.74,430.46,230.79,435.89,212.51,425.58,242.20,422.26,253.26,449.45,241.57,455.20,230.02,442.01,255.49,436.50,263.21,465.78,256.36,472.47,244.57,458.93,260.37,450.08,266.55,-0.00000,-0.02129,-0.03397,-0.04640,-0.05825,-0.01542,-0.03849,-0.05109,-0.05875,-0.01724,-0.04770,-0.04827,-0.03955,-0.02318,-0.05454,-0.04315,-0.02622,-0.03107,-0.05012,-0.04030,-0.02786,-0.01049,0.08412,0.04189,-0.03531,0.05890,0.01521,-0.04234,0.03538,-0.00159,-0.05130,0.01299,-0.02600,-0.06264,-0.00778,-0.03627,-0.02967,-0.00871,0.00002,-0.02518,-0.03257,-0.01105,-0.02317,-0.05157,-0.02221,-0.02230,-0.06466,-0.05345,-0.00400,-0.00531,0.00413,-0.00166,-0.02194,-0.02935,-0.01473,0.00220,-0.04282,-0.01694,0.01328,-0.02245,0.02107,0.00345,0.00192,0.01809,-0.00336,-0.02995,0.00501,0.01794,-0.03694,0.00059,0.02897,-0.01934,0.03266,0.02324,-0.00109,0.03550,0.01328,-0.02258,0.02270,0.02441,-0.03570,0.01210,0.03573,-0.02467
1148.7395,1,1,14.40,0.52,28.79,0.12574,0.01313,0.60476,0.71674,0.60230,1.0369,0,0,0.20138,-0.08419,0.03247,0.20102,-0.08394,0.03211,0.27,0.00,0.60230,0.47224,-0.13982,0.48379,1.23029,0.00001,0.99999,0.47307,-0.14350,0.48392,1.23033,0.00000,1.00000,42,0.19760,-0.08830,0.01494,0.19060,0.09130,0,0.97801,-0.00000,-0.00000,-0.20858,Left,0,421.62,305.96,404.06,289.57,394.93,265.59,388.52,247.75,378.00,236.18,409.64,225.76,414.17,200.93,416.56,183.17,420.29,168.32,429.95,231.74,435.70,213.35,425.24,243.15,421.95,253.75,449.04,242.33,454.81,230.90,441.60,256.33,435.86,264.21,465.37,256.92,472.80,244.59,459.51,260.04,450.58,266.26,-0.00000,-0.02335,-0.03910,-0.05471,-0.06967,-0.01795,-0.04202,-0.05490,-0.06258,-0.01956,-0.05070,-0.05085,-0.04166,-0.02550,-0.05721,-0.04482,-0.02709,-0.03368,-0.05257,-0.04199,-0.02893,-0.01020,0.08403,0.04076,-0.03521,0.05863,0.01497,-0.04205,0.03571,-0.00249,-0.05052,0.01373,-0.02757,-0.06152,-0.00723,-0.03855,-0.02912,-0.00881,0.00034,-0.02497,-0.03274,-0.00994,-0.02294,-0.05188,-0.02134,-0.02179,-0.06529,-0.05358,-0.00397,-0.00508,0.00406,-0.00170,-0.02175,-0.02928,-0.01499,0.00285,-0.04186,-0.01717,0.01358,-0.02212,0.02099,0.00349,0.00174,0.01813,-0.00289,-0.03045,0.00454,0.01816,-0.03733,-0.00026,0.02947,-0.01998,0.03239,0.02323,-0.00168,0.03611,0.01268,-0.02257,0.02315,0.02344,-0.03545,0.01246,0.03472,-0.02454
1148.7714,1,1,14.91,0.16,28.23,0.12597,0.01353,0.60593,0.72047,0.60710,1.0359,0,0,0.20080,-0.08442,0.03206,0.20122,-0.08411,0.03250,0.74,0.00,0.60710,0.47258,-0.14235,0.48375,1.23007,0.00000,0.99999,0.47307,-0.14350,0.48392,1.23033,0.00000,1.00000,42,0.19760,-0.08830,0.01494,0.19060,0.09130,0,0.97801,0.00000,0.00000,-0.20858,Left,0,421.74,305.69,403.83,289.11,394.73,264.59,387.82,247.04,377.31,236.33,409.65,226.13,414.11,201.25,416.53,183.97,420.16,168.83,430.20,231.82,435.70,213.57,425.42,243.01,421.66,254.02,449.20,242.56,455.25,230.86,442.18,256.04,436.24,263.83,465.28,257.43,472.58,245.51,459.23,261.04,450.16,267.22,-0.00000,-0.02176,-0.03544,-0.04885,-0.06171,-0.01678,-0.04036,-0.05367,-0.06194,-0.01877,-0.04966,-0.05096,-0.04292,-0.02481,-0.05619,-0.04491,-0.02822,-0.03287,-0.05207,-0.04224,-0.02979,-0.00979,0.08317,0.04253,-0.03498,0.05811,0.01628,-0.04232,0.03527,-0.00060,-0.05177,0.01298,-0.02538,-0.06276,-0.00742,-0.03576,-0.02959,-0.00875,0.00052,-0.02485,-0.03247,-0.01087,-0.02315,-0.05143,-0.02223,-0.02229,-0.06471,-0.05380,-0.00399,-0.00531,0.00409,-0.00191,-0.02178,-0.02926,-0.01497,0.00215,-0.04228,-0.01781,0.01313,-0.02229,0.02087,0.00350,0.00147,0.01804,-0.00332,-0.03006,0.00487,0.01775,-0.03639,0.00025,0.02883,-0.01915,0.03253,0.02327,-0.00164,0.03566,0.01325,-0.02299,0.02270,0.02397,-0.03584,0.01208,0.03544,-0.02439
1148.8029,1,1,14.19,0.52,27.86,0.12594,0.01431,0.60571,0.72514,0.60549,1.0417,0,0,0.20091,-0.08439,0.03128,0.20039,-0.08413,0.03101,0.18,0.00,0.60549,0.47475,-0.14136,0.49406,1.22109,0.00000,1.00000,0.47457,-0.14223,0.49199,1.22109,0.00000,1.00000,42,0.19760,-0.08830,0.01494,0.19060,0.09130,0,0.97801,0.00000,0.00000,-0.20858,Left,0,421.87,306.69,403.89,290.10,394.65,266.20,388.36,248.44,378.21,237.20,409.85,227.46,413.99,202.71,416.29,184.94,419.97,169.95,430.08,233.23,435.71,214.75,425.12,243.99,421.57,254.22,449.15,243.65,454.72,232.86,441.24,258.29,435.47,265.98,465.38,258.02,472.54,246.23,459.00,262.09,450.02,268.48,-0.00000,-0.02337,-0.03912,-0.05471,-0.06970,-0.01850,-0.04302,-0.05628,-0.06413,-0.02017,-0.05155,-0.05207,-0.04316,-0.02609,-0.05834,-0.04621,-0.02850,-0.03422,-0.05344,-0.04272,-0.02943,-0.01014,0.08342,0.04209,-0.03519,0.05769,0.01546,-0.04251,0.03504,-0.00134,-0.05092,0.01330,-0.02581,-0.06196,-0.00728,-0.03643,-0.02921,-0.00850,0.00040,-0.02503,-0.03241,-0.01012,-0.02341,-0.05178,-0.02180,-0.02212,-0.06498,-0.05334,-0.00404,-0.00522,0.00390,-0.00203,-0.02138,-0.02933,-0.01526,0.00286,-0.04233,-0.01836,0.01295,-0.02296,0.02107,0.00349,0.00167,0.01721,-0.00211,-0.03067,0.00379,0.01894,-0.03712,-0.00116,0.02987,-0.01970,0.03237,0.02312,-0.00157,0.03548,0.01315,-0.02321,0.02207,0.02441,-0.03607,0.01151,0.03553,-0.02485
1148.8367,1,1,15.37,0.87,30.33,0.12604,0.01555,0.60580,0.72328,0.60589,1.0334,0,0,0.20087,-0.08448,0.03004,0.20076,-0.08445,0.03020,0.20,0.00,0.60589,0.47537,-0.13873,0.49774,1.21203,0.00000,1.00000,0.47521,-0.13905,0.49802,1.21187,0.00000,1.00000,42,0.19760,-0.08830,0.01494,0.19060,0.09130,0,0.97801,0.00000,0.00000,-0.20858,Left,0,422.05,308.35,404.06,291.66,394.95,266.13,387.77,248.15,377.35,237.56,409.95,228.87,414.31,203.57,416.59,185.72,420.38,170.51,430.22,234.77,435.78,215.63,425.29,244.88,421.84,256.03,449.20,245.24,455.06,232.86,441.76,258.25,436.12,266.42,465.49,259.56,472.69,246.74,459.14,262.10,450.02,268.68,-0.00000,-0.02117,-0.03383,-0.04632,-0.05828,-0.01592,-0.03989,-0.05318,-0.06113,-0.01782,-0.04868,-0.04931,-0.04052,-0.02389,-0.05587,-0.04458,-0.02738,-0.03187,-0.05137,-0.04154,-0.02890,-0.01054,0.08502,0.03846,-0.03543,0.05880,0.01382,-0.04266,0.03493,-0.00223,-0.05174,0.01139,-0.02464,-0.06256,-0.00926,-0.03381,-0.02915,-0.00867,0.00108,-0.02502,-0.03288,-0.00896,-0.02326,-0.05225,-0.02008,-0.02184,-0.06611,-0.04965,-0.00408,-0.00509,0.00424,-0.00210,-0.02210,-0.02851,-0.01531,0.00161,-0.04119,-0.01784,0.01254,-0.02119,0.02128,0.00343,0.00137,0.01775,-0.00371,-0.03013,0.00418,0.01704,-0.03639,-0.00029,0.02881,-0.01915,0.03250,0.02290,-0.00274,0.03565,0.01220,-0.02357,0.02265,0.02293,-0.03661,0.01159,0.03475,-0.02566
1148.8673,1,1,14.19,0.48,27.41,0.12626,0.01704,0.60711,0.73218,0.60842,1.0271,0,0,0.20021,-0.08471,0.02855,0.19949,-0.08433,0.02782,0.21,0.00,0.60842,0.47797,-0.13755,0.51476,1.19717,0.00000,1.00000,0.47779,-0.13871,0.50924,1.20033,0.00000,1.00000,42,0.19760,-0.08830,0.01494,0.19060,0.09130,0,0.97801,0.00000,0.00000,-0.20858,Left,0,421.99,309.46,404.17,292.86,395.04,267.80,388.74,249.63,377.97,238.40,409.86,230.66,414.02,205.20,416.40,187.77,419.93,172.48,430.19,236.31,435.95,216.58,426.01,245.37,421.86,256.90,449.02,246.78,455.11,234.28,442.30,259.39,435.89,267.94,465.07,261.18,473.00,248.43,460.21,263.53,450.99,269.99,-0.00000,-0.02092,-0.03423,-0.04766,-0.06061,-0.01600,-0.03929,-0.05234,-0.06041,-0.01875,-0.05015,-0.05216,-0.04441,-0.02537,-0.05719,-0.04650,-0.02989,-0.03390,-0.05277,-0.04283,-0.03031,-0.01068,0.08424,0.04121,-0.03585,0.05827,0.01520,-0.04264,0.03438,-0.00206,-0.05149,0.01138,-0.02556,-0.06282,-0.00958,-0.03535,-0.02915,-0.00884,0.00054,-0.02541,-0.03325,-0.00960,-0.02369,-0.05245,-0.02104,-0.02283,-0.06623,-0.05116,-0.00399,-0.00531,0.00394,-0.00152,-0.02281,-0.02822,-0.01492,0.00076,-0.04242,-0.01787,0.01223,-0.02304,0.02159,0.00351,0.00167,0.01794,-0.00419,-0.02981,0.00492,0.01690,-0.03735,-0.00038,0.02876,-0.02087,0.03227,0.02305,-0.00194,0.03628,0.01231,-0.02180,0.02391,0.02257,-0.03505,0.01301,0.03379,-0.02494
1148.9012,1,1,15.54,0.60,29.94,0.12600,0.01759,0.60444,0.72245,0.60178,1.0345,0,0,0.20154,-0.08444,0.02800,0.20132,-0.08455,0.02810,0.22,0.00,0.60178,0.47445,-0.12837,0.50282,1.19652,-0.00001,1.00000,0.47365,-0.12872,0.50268,1.19679,0.00000,1.00000,42,0.19760,-0.08830,0.01494,0.19060,0.09130,0,0.97801,-0.00000,-0.00000,-0.20858,Left,0,421.66,309.26,403.77,293.32,394.56,268.85,388.40,251.27,377.90,240.57,410.42,230.01,414.83,205.61,417.15,188.23,421.10,173.65,430.84,236.05,436.25,217.96,425.35,247.10,422.00,257.57,449.85,246.80,455.29,235.58,441.98,260.50,436.70,267.99,466.24,261.40,472.97,249.33,459.62,264.64,451.16,270.72,-0.00000,-0.02282,-0.03773,-0.05243,-0.06657,-0.01772,-0.04138,-0.05407,-0.06168,-0.01950,-0.05055,-0.05109,-0.04223,-0.02550,-0.05729,-0.04567,-0.02851,-0.03363,-0.05257,-0.04234,-0.02958,-0.01079,0.08306,0.04181,-0.03571,0.05797,0.01603,-0.04318,0.03502,-0.00147,-0.05135,0.01276,-0.02624,-0.06230,-0.00795,-0.03658,-0.02943,-0.00902,0.00022,-0.02474,-0.03290,-0.01061,-0.02268,-0.05148,-0.02230,-0.02193,-0.06481,-0.05420,-0.00377,-0.00511,0.00404,-0.00199,-0.02165,-0.02965,-0.01562,0.00261,-0.04185,-0.01826,0.01276,-0.02124,0.02071,0.00346,0.00146,0.01762,-0.00245,-0.03037,0.00362,0.01810,-0.03661,-0.00026,0.02880,-0.01872,0.03210,0.02328,-0.00194,0.03566,0.01336,-0.02315,0.02198,0.02378,-0.03584,0.01175,0.03484,-0.02441
1148.9320,1,1,14.81,0.50,27.43,0.12657,0.01922,0.60602,0.72607,0.60760,1.0527,0,0,0.20076,-0.08501,0.02638,0.19985,-0.08445,0.02568,0.24,0.00,0.60760,0.47767,-0.12546,0.51816,1.18361,-0.00000,1.00000,0.47779,-0.12729,0.51361,1.18456,0.00000,1.00000,42,0.19760,-0.08830,0.01494,0.19060,0.09130,0,0.97801,-0.00000,-0.00000,-0.20858,Left,0,422.53,311.73,404.63,295.00,395.55,270.24,388.54,252.81,378.45,241.87,410.71,232.28,414.92,206.92,417.56,189.07,421.54,173.92,430.78,238.34,436.43,218.99,426.01,248.00,422.32,259.34,449.81,249.04,455.64,236.15,442.37,261.26,436.63,269.86,466.05,263.68,473.14,250.34,459.73,265.64,451.14,272.53,-0.00000,-0.02006,-0.03309,-0.04626,-0.05906,-0.01561,-0.03979,-0.05371,-0.06222,-0.01831,-0.04917,-0.05051,-0.04245,-0.02499,-0.05624,-0.04471,-0.02771,-0.03355,-0.05249,-0.04220,-0.02937,-0.01076,0.08407,0.04052,-0.03596,0.05781,0.01525,-0.04329,0.03502,-0.00149,-0.05224,0.01271,-0.02464,-0.06256,-0.00835,-0.03470,-0.02945,-0.00866,0.00118,-0.02505,-0.03357,-0.00958,-0.02318,-0.05282,-0.02118,-0.02112,-0.06663,-0.05138,-0.00402,-0.00534,0.00417,-0.00178,-0.02281,-0.02845,-0.01531,0.00100,-0.04198,-0.01802,0.01245,-0.02248,0.02149,0.00357,0.00130,0.01782,-0.00438,-0.02970,0.00413,0.01595,-0.03723,-0.00023,0.02824,-0.02065,0.03260,0.02298,-0.00246,0.03608,0.01208,-0.02270,0.02281,0.02195,-0.03573,0.01295,0.03401,-0.02557
1148.9667,1,1,15.94,0.72,31.66,0.12722,0.02019,0.60659,0.72925,0.60716,1.0311,0,0,0.20047,-0.08567,0.02540,0.20032,-0.08568,0.02539,0.19,0.00,0.60716,0.48245,-0.12311,0.51830,1.17583,0.00001,1.00000,0.48172,-0.12369,0.51763,1.17688,0.00000,1.00000,42,0.19760,-0.08830,0.01494,0.19060,0.09130,0,0.97801,-0.00000,-0.00000,-0.20858,Left,0,422.50,311.81,404.83,295.29,395.78,271.25,389.51,253.71,379.24,242.28,411.65,233.05,415.77,208.11,418.17,190.50,421.95,175.54,431.88,238.75,437.14,220.61,426.42,249.90,423.04,261.07,450.74,249.24,456.31,237.32,442.78,262.50,437.28,271.00,466.90,263.73,473.44,251.70,459.74,266.97,451.24,273.46,-0.00000,-0.02147,-0.03579,-0.05026,-0.06424,-0.01635,-0.03992,-0.05281,-0.06057,-0.01858,-0.04946,-0.05023,-0.04161,-0.02489,-0.05640,-0.04471,-0.02750,-0.03322,-0.05198,-0.04169,-0.02882,-0.01124,0.08352,0.04234,-0.03586,0.05771,0.01610,-0.04335,0.03487,-0.00109,-0.05223,0.01275,-0.02524,-0.06312,-0.00871,-0.03619,-0.02935,-0.00908,0.00041,-0.02510,-0.03252,-0.01006,-0.02307,-0.05173,-0.02192,-0.02230,-0.06497,-0.05242,-0.00392,-0.00526,0.00419,-0.00216,-0.02173,-0.02910,-0.01605,0.00300,-0.04249,-0.01825,0.01366,-0.02195,0.02080,0.00344,0.00134,0.01685,-0.00308,-0.03045,0.00385,0.01790,-0.03723,-0.00060,0.02940,-0.02041,0.03186,0.02316,-0.00210,0.03536,0.01332,-0.02330,0.02160,0.02350,-0.03594,0.01116,0.03472,-0.02522
1148.9963,1,1,15.33,0.55,26.25,0.12764,0.02143,0.60758,0.72584,0.60857,1.0202,0,0,0.19998,-0.08608,0.02416,0.19993,-0.08595,0.02431,0.20,0.00,0.60857,0.48476,-0.12109,0.52461,1.16787,0.00001,1.00000,0.48503,-0.12175,0.52526,1.16734,0.00000,1.00000,42,0.19760,-0.08830,0.01494,0.19060,0.09130,0,0.97801,0.00000,-0.00000,-0.20858,Left,0,422.74,313.32,404.92,296.69,396.07,272.82,390.13,254.81,379.72,243.53,411.26,233.78,415.76,209.53,418.16,192.20,422.11,177.11,431.63,239.77,437.40,220.94,426.63,250.22,423.14,261.61,450.63,250.70,456.97,237.88,443.30,262.89,437.26,271.84,466.88,265.71,474.36,252.68,460.71,267.56,451.75,274.27,-0.00000,-0.02201,-0.03678,-0.05156,-0.06582,-0.01655,-0.04029,-0.05375,-0.06210,-0.01867,-0.04926,-0.05043,-0.04229,-0.02489,-0.05614,-0.04467,-0.02769,-0.03315,-0.05186,-0.04166,-0.02894,-0.01122,0.08410,0.04086,-0.03649,0.05841,0.01497,-0.04301,0.03501,-0.00292,-0.05103,0.01248,-0.02736,-0.06215,-0.00867,-0.03859,-0.02960,-0.00925,0.00037,-0.02483,-0.03309,-0.01064,-0.02323,-0.05201,-0.02195,-0.02143,-0.06594,-0.05352,-0.00390,-0.00538,0.00407,-0.00118,-0.02308,-0.02889,-0.01469,0.00111,-0.04271,-0.01778,0.01323,-0.02448,0.02119,0.00385,0.00194,0.01893,-0.00446,-0.02977,0.00485,0.01604,-0.03863,-0.00036,0.02824,-0.02244,0.03266,0.02361,-0.00137,0.03669,0.01208,-0.02161,0.02363,0.02205,-0.03582,0.01241,0.03396,-0.02634
1149.0446,1,1,15.98,0.15,44.59,0.12754,0.02195,0.60654,0.71957,0.60550,1.0489,0,0,0.20050,-0.08599,0.02365,0.19982,-0.08595,0.02423,0.89,0.00,0.60550,0.48504,-0.12127,0.52541,1.16754,0.00000,1.00000,0.48503,-0.12175,0.52526,1.16734,0.00000,1.00000,42,0.19760,-0.08830,0.01494,0.19060,0.09130,0,0.97801,0.00000,0.00000,-0.20858,Left,0,422.86,313.36,404.96,296.58,395.65,272.85,388.99,255.73,378.79,245.16,411.23,233.61,416.15,209.50,418.76,192.55,422.49,177.77,431.64,239.60,437.74,221.09,427.32,250.38,423.48,261.23,450.64,250.57,456.79,239.31,443.70,264.27,437.67,272.14,466.93,265.63,474.28,253.38,461.08,268.41,452.03,274.54,-0.00000,-0.02266,-0.03741,-0.05201,-0.06604,-0.01649,-0.03925,-0.05158,-0.05914,-0.01820,-0.04880,-0.04988,-0.04139,-0.02403,-0.05548,-0.04455,-0.02774,-0.03190,-0.05062,-0.04074,-0.02820,-0.01081,0.08288,0.04238,-0.03577,0.05780,0.01579,-0.04298,0.03517,-0.00212,-0.05198,0.01349,-0.02783,-0.06295,-0.00618,-0.03924,-0.02936,-0.00925,-0.00013,-0.02434,-0.03301,-0.01138,-0.02234,-0.05127,-0.02290,-0.02111,-0.06471,-0.05486,-0.00393,-0.00532,0.00400,-0.00071,-0.02246,-0.02989,-0.01382,0.00173,-0.04344,-0.01792,0.01322,-0.02462,0.02069,0.00376,0.00203,0.01888,-0.00281,-0.03037,0.00503,0.01769,-0.03770,-0.00013,0.02926,-0.02026,0.03257,0.02378,-0.00082,0.03675,0.01339,-0.02199,0.02360,0.02357,-0.03581,0.01231,0.03505,-0.02506
1149.0755,1,1,14.72,0.51,26.47,0.12774,0.02305,0.60644,0.72997,0.60634,1.0266,0,0,0.20054,-0.08618,0.02254,0.20012,-0.08595,0.02233,0.32,0.00,0.60634,0.48427,-0.11069,0.52849,1.15563,-0.00000,1.00000,0.48435,-0.11309,0.52764,1.15626,0.00000,1.00000,42,0.19760,-0.08830,0.01494,0.19060,0.09130,0,0.97801,0.00000,-0.00000,-0.20858,Left,0,422.93,314.27,405.33,297.24,396.43,273.87,390.13,256.26,379.56,245.86,411.49,235.54,416.29,210.42,418.73,192.87,422.44,178.05,431.98,241.56,437.71,222.35,426.93,251.64,423.30,263.01,451.03,252.27,457.02,239.89,443.41,265.10,437.16,274.14,467.27,266.78,475.05,253.91,461.72,268.44,452.55,274.97,-0.00000,-0.02310,-0.03868,-0.05429,-0.06931,-0.01772,-0.04101,-0.05335,-0.06069,-0.01937,-0.05048,-0.05115,-0.04224,-0.02513,-0.05706,-0.04553,-0.02806,-0.03299,-0.05163,-0.04128,-0.02831,-0.01052,0.08333,0.04133,-0.03606,0.05781,0.01502,-0.04242,0.03435,-0.00252,-0.05134,0.01215,-0.02703,-0.06177,-0.00787,-0.03880,-0.02968,-0.00941,0.00020,-0.02463,-0.03327,-0.01041,-0.02280,-0.05241,-0.02142,-0.02172,-0.06593,-0.05227,-0.00380,-0.00535,0.00389,-0.00151,-0.02263,-0.02844,-0.01496,0.00156,-0.04180,-0.01848,0.01301,-0.02242,0.02077,0.00382,0.00186,0.01792,-0.00364,-0.03003,0.00429,0.01720,-0.03825,-0.00104,0.02933,-0.02075,0.03217,0.02323,-0.00117,0.03656,0.01231,-0.02120,0.02369,0.02193,-0.03497,0.01220,0.03313,-0.02487
1149.1080,1,1,14.37,0.54,28.48,0.12797,0.02398,0.60705,0.72354,0.60766,1.0297,0,0,0.20024,-0.08642,0.02161,0.20005,-0.08624,0.02166,0.18,0.00,0.60766,0.48584,-0.10938,0.53250,1.14911,-0.00000,1.00000,0.48609,-0.11020,0.53271,1.14832,0.00000,1.00000,42,0.19760,-0.08830,0.01494,0.19060,0.09130,0,0.97801,0.00000,-0.00000,-0.20858,Left,0,422.81,315.51,405.46,298.99,396.59,275.51,390.06,257.50,379.68,245.71,411.66,235.95,416.59,211.52,419.17,193.93,423.09,179.22,431.94,241.95,438.00,223.22,427.27,252.32,423.56,262.82,451.05,252.66,457.68,240.43,444.49,264.90,438.36,272.98,467.24,267.53,475.15,254.71,462.04,269.41,453.11,275.73,-0.00000,-0.02327,-0.03953,-0.05584,-0.07157,-0.01747,-0.04137,-0.05436,-0.06218,-0.01927,-0.05021,-0.05091,-0.04220,-0.02534,-0.05658,-0.04453,-0.02715,-0.03367,-0.05217,-0.04166,-0.02869,-0.01118,0.08373,0.04082,-0.03607,0.05827,0.01431,-0.04273,0.03554,-0.00380,-0.05151,0.01270,-0.02861,-0.06241,-0.00859,-0.03953,-0.02944,-0.00909,0.00030,-0.02417,-0.03331,-0.01052,-0.02276,-0.05233,-0.02194,-0.02076,-0.06578,-0.05379,-0.00385,-0.00541,0.00391,-0.00112,-0.02256,-0.02927,-0.01421,0.00150,-0.04317,-0.01855,0.01288,-0.02536,0.02076,0.00385,0.00207,0.01895,-0.00381,-0.03026,0.00524,0.01638,-0.03877,-0.00007,0.02774,-0.02306,0.03253,0.02362,-0.00141,0.03680,0.01254,-0.02187,0.02438,0.02253,-0.03612,0.01327,0.03382,-0.02638
1149.1393,1,1,14.34,0.54,27.27,0.12746,0.02444,0.60528,0.71377,0.60351,1.0387,0,0,0.20112,-0.08591,0.02115,0.20086,-0.08582,0.02109,0.16,0.00,0.60351,0.48177,-0.10361,0.53062,1.14488,-0.00000,1.00000,0.48182,-0.10416,0.52986,1.14507,0.00000,1.00000,42,0.19760,-0.08830,0.01494,0.19060,0.09130,0,0.97801,0.00000,-0.00000,-0.20858,Left,0,421.93,315.83,404.87,299.33,396.16,275.80,389.78,258.12,379.55,246.66,411.48,235.66,416.46,212.08,419.30,194.72,423.46,180.11,431.86,241.74,438.27,223.19,427.20,252.80,423.24,263.23,450.82,252.90,457.42,240.92,443.80,265.55,437.30,273.08,466.86,268.24,474.93,255.54,461.58,270.32,452.14,276.27,-0.00000,-0.02419,-0.04080,-0.05729,-0.07318,-0.01786,-0.04203,-0.05522,-0.06321,-0.01954,-0.05135,-0.05252,-0.04384,-0.02557,-0.05793,-0.04651,-0.02925,-0.03385,-0.05317,-0.04298,-0.03007,-0.01153,0.08319,0.04084,-0.03622,0.05812,0.01486,-0.04274,0.03532,-0.00334,-0.05126,0.01327,-0.02773,-0.06178,-0.00802,-0.03848,-0.02915,-0.00961,0.00039,-0.02370,-0.03295,-0.01058,-0.02194,-0.05167,-0.02185,-0.02009,-0.06539,-0.05436,-0.00380,-0.00550,0.00419,-0.00039,-0.02312,-0.02955,-0.01382,0.00115,-0.04311,-0.01764,0.01268,-0.02448,0.02032,0.00388,0.00170,0.01896,-0.00349,-0.03040,0.00491,0.01678,-0.03834,-0.00065,0.02755,-0.02182,0.03223,0.02391,-0.00133,0.03653,0.01338,-0.02248,0.02371,0.02284,-0.03618,0.01173,0.03435,-0.02580
1149.1706,1,1,14.14,0.15,27.65,0.12785,0.02496,0.60594,0.71611,0.60659,1.0231,0,0,0.20080,-0.08630,0.02063,0.20103,-0.08584,0.02117,0.78,0.00,0.60659,0.48144,-0.10350,0.52992,1.14473,-0.00000,1.00000,0.48182,-0.10416,0.52986,1.14507,0.00000,1.00000,42,0.19760,-0.08830,0.01494,0.19060,0.09130,0,0.97801,-0.00000,0.00000,-0.20858,Left,0,422.95,315.90,405.42,299.29,396.67,276.21,389.72,258.70,379.30,247.52,411.65,236.03,416.65,212.46,418.96,195.25,422.89,180.81,432.22,242.28,438.00,223.86,427.03,253.63,423.77,264.47,451.46,253.50,457.64,241.11,444.20,265.90,438.50,274.07,467.60,268.68,475.28,256.36,461.81,270.88,453.26,276.80,-0.00000,-0.02324,-0.03931,-0.05525,-0.07058,-0.01762,-0.04209,-0.05584,-0.06423,-0.01890,-0.04995,-0.05052,-0.04174,-0.02448,-0.05555,-0.04328,-0.02577,-0.03230,-0.05066,-0.04029,-0.02747,-0.01104,0.08294,0.04113,-0.03596,0.05768,0.01500,-0.04268,0.03501,-0.00312,-0.05155,0.01274,-0.02793,-0.06231,-0.00762,-0.03899,-0.02975,-0.00948,0.00010,-0.02409,-0.03253,-0.01129,-0.02288,-0.05146,-0.02324,-0.02079,-0.06460,-0.05604,-0.00391,-0.00515,0.00396,-0.00132,-0.02243,-0.02969,-0.01454,0.00160,-0.04240,-0.01822,0.01313,-0.02441,0.02086,0.00394,0.00213,0.01920,-0.00380,-0.02997,0.00518,0.01616,-0.03792,0.00027,0.02744,-0.02188,0.03270,0.02407,-0.00148,0.03703,0.01290,-0.02116,0.02441,0.02247,-0.03507,0.01350,0.03363,-0.02521
1149.2034,1,1,14.40,0.55,29.30,0.12706,0.02542,0.60252,0.72074,0.59909,1.0117,0,0,0.20251,-0.08550,0.02017,0.20181,-0.08534,0.02002,0.28,0.00,0.59909,0.47706,-0.09219,0.52602,1.14025,-0.00000,0.99999,0.47647,-0.09324,0.52459,1.13941,0.00000,1.00000,42,0.19760,-0.08830,0.01494,0.19060,0.09130,0,0.97801,-0.00000,0.00000,-0.20858,Left,0,421.95,316.29,405.14,300.17,396.65,276.95,390.47,258.87,379.96,247.04,411.42,236.79,416.40,212.86,418.81,195.28,422.94,180.82,432.02,243.04,437.62,224.48,426.34,254.22,423.29,264.97,451.25,254.18,457.14,242.24,443.47,266.90,437.92,274.94,467.46,269.43,475.12,256.83,461.66,271.13,452.96,277.10,-0.00000,-0.02435,-0.04140,-0.05832,-0.07456,-0.01871,-0.04315,-0.05630,-0.06415,-0.02006,-0.05107,-0.05096,-0.04161,-0.02587,-0.05718,-0.04445,-0.02656,-0.03407,-0.05230,-0.04147,-0.02830,-0.01125,0.08285,0.04161,-0.03599,0.05760,0.01535,-0.04215,0.03517,-0.00282,-0.05065,0.01294,-0.02839,-0.06082,-0.00857,-0.04020,-0.02946,-0.00964,0.00038,-0.02434,-0.03282,-0.01093,-0.02270,-0.05187,-0.02275,-0.02065,-0.06496,-0.05561,-0.00376,-0.00538,0.00412,-0.00152,-0.02249,-0.02939,-0.01489,0.00170,-0.04203,-0.01790,0.01322,-0.02279,0.02066,0.00393,0.00184,0.01839,-0.00339,-0.03038,0.00459,0.01668,-0.03740,-0.00025,0.02813,-0.02079,0.03209,0.02388,-0.00147,0.03658,0.01327,-0.02164,0.02362,0.02246,-0.03535,0.01299,0.03360,-0.02536
1149.2351,1,1,14.11,0.48,28.59,0.12754,0.02577,0.60441,0.70848,0.60629,1.0092,0,0,0.20156,-0.08598,0.01982,0.20150,-0.08585,0.01966,0.07,0.00,0.60629,0.48030,-0.09376,0.53083,1.13504,0.00000,0.99999,0.48047,-0.09512,0.53096,1.13501,0.00000,1.00000,42,0.19760,-0.08830,0.01494,0.19060,0.09130,0,0.97801,-0.00000,0.00000,-0.20858,Left,0,422.85,317.28,405.69,301.45,396.88,278.64,390.44,260.23,380.01,248.57,411.17,237.02,416.05,213.93,418.55,196.76,422.91,182.41,432.03,242.82,437.76,224.68,426.76,254.02,423.68,264.07,451.43,253.67,457.30,242.31,443.88,266.72,438.23,274.17,467.67,268.64,475.08,256.96,461.81,271.67,453.15,277.38,0.00000,-0.02594,-0.04420,-0.06197,-0.07898,-0.02024,-0.04583,-0.06011,-0.06872,-0.02097,-0.05297,-0.05385,-0.04509,-0.02622,-0.05834,-0.04609,-0.02842,-0.03398,-0.05297,-0.04238,-0.02924,-0.01026,0.08323,0.04070,-0.03542,0.05874,0.01379,-0.04180,0.03630,-0.00451,-0.05013,0.01407,-0.02968,-0.06122,-0.00732,-0.04056,-0.02982,-0.00899,-0.00013,-0.02442,-0.03192,-0.01185,-0.02295,-0.05046,-0.02317,-0.02040,-0.06379,-0.05647,-0.00391,-0.00517,0.00404,-0.00108,-0.02231,-0.02989,-0.01439,0.00166,-0.04278,-0.01799,0.01247,-0.02469,0.02056,0.00346,0.00237,0.01910,-0.00311,-0.03049,0.00501,0.01675,-0.03832,0.00015,0.02704,-0.02095,0.03316,0.02341,-0.00081,0.03684,0.01299,-0.02170,0.02403,0.02277,-0.03575,0.01334,0.03414,-0.02501
1149.2686,1,1,15.13,0.57,29.65,0.12782,0.02619,0.60681,0.71141,0.60921,1.0272,0,0,0.20036,-0.08626,0.01940,0.20014,-0.08599,0.01911,0.07,0.00,0.60921,0.48444,-0.09936,0.54156,1.13129,0.00002,0.99999,0.48482,-0.10077,0.54112,1.13051,0.00000,1.00000,42,0.19760,-0.08830,0.01494,0.19060,0.09130,0,0.97801,-0.00000,0.00000,-0.20858,Left,0,422.35,316.83,405.16,300.80,395.97,277.49,388.85,259.72,379.10,248.11,411.20,237.27,416.17,213.48,419.00,196.07,422.94,181.62,431.48,243.34,437.23,225.13,426.56,254.88,422.94,264.57,450.64,254.29,457.19,242.49,444.23,267.61,438.13,274.88,467.03,269.33,474.98,257.25,461.76,272.63,452.42,278.36,-0.00000,-0.02479,-0.04183,-0.05861,-0.07466,-0.01876,-0.04290,-0.05544,-0.06282,-0.01972,-0.05129,-0.05130,-0.04176,-0.02507,-0.05759,-0.04519,-0.02716,-0.03273,-0.05238,-0.04196,-0.02877,-0.01058,0.08286,0.03961,-0.03536,0.05837,0.01407,-0.04282,0.03544,-0.00369,-0.05158,0.01327,-0.02808,-0.06188,-0.00770,-0.03902,-0.02972,-0.00946,0.00031,-0.02396,-0.03272,-0.01032,-0.02197,-0.05126,-0.02178,-0.02005,-0.06506,-0.05464,-0.00390,-0.00518,0.00441,-0.00093,-0.02247,-0.02970,-0.01395,0.00196,-0.04225,-0.01802,0.01304,-0.02369,0.02034,0.00363,0.00194,0.01971,-0.00318,-0.03076,0.00588,0.01724,-0.03788,0.00057,0.02816,-0.02137,0.03278,0.02367,-0.00155,0.03737,0.01346,-0.02279,0.02449,0.02390,-0.03587,0.01253,0.03518,-0.02427
1149.2989,1,1,13.95,0.52,26.42,0.12695,0.02661,0.60340,0.72189,0.59998,1.0388,0,0,0.20207,-0.08540,0.01898,0.20172,-0.08523,0.01885,0.19,0.00,0.59998,0.47674,-0.09136,0.53467,1.12902,0.00001,1.00000,0.47720,-0.09203,0.53349,1.12929,0.00000,1.00000,42,0.19760,-0.08830,0.01494,0.19060,0.09130,0,0.97801,-0.00000,0.00000,-0.20858,Left,0,421.81,317.12,404.42,300.56,395.97,277.79,390.39,260.20,379.63,249.07,411.11,237.74,416.33,213.92,419.03,196.42,423.46,182.00,431.68,244.20,437.35,226.18,425.98,256.01,422.90,266.52,450.84,255.36,457.16,243.45,443.14,268.20,437.23,276.51,466.94,270.42,474.88,258.03,461.15,272.38,452.16,278.59,-0.00000,-0.02316,-0.03943,-0.05561,-0.07120,-0.01852,-0.04290,-0.05610,-0.06392,-0.01986,-0.05013,-0.04964,-0.04031,-0.02549,-0.05670,-0.04420,-0.02653,-0.03328,-0.05205,-0.04164,-0.02869,-0.01129,0.08240,0.04237,-0.03605,0.05724,0.01618,-0.04218,0.03485,-0.00176,-0.04993,0.01309,-0.02710,-0.06127,-0.00753,-0.03819,-0.02925,-0.00965,0.00019,-0.02401,-0.03285,-0.01133,-0.02195,-0.05116,-0.02318,-0.01970,-0.06449,-0.05604,-0.00381,-0.00515,0.00410,-0.00112,-0.02226,-0.02952,-0.01512,0.00247,-0.04171,-0.01819,0.01371,-0.02235,0.02051,0.00386,0.00188,0.01877,-0.00311,-0.02992,0.00443,0.01665,-0.03734,-0.00066,0.02804,-0.02040,0.03233,0.02367,-0.00115,0.03649,0.01305,-0.02133,0.02344,0.02224,-0.03469,0.01237,0.03370,-0.02485
1149.3334,1,1,15.74,0.55,31.09,0.12779,0.02710,0.60687,0.71743,0.61034,1.0235,0,0,0.20033,-0.08624,0.01849,0.20027,-0.08589,0.01827,0.11,0.00,0.61034,0.48361,-0.09627,0.54481,1.12461,0.00001,0.99999,0.48454,-0.09800,0.54518,1.12370,0.00000,1.00000,42,0.19760,-0.08830,0.01494,0.19060,0.09130,0,0.97801,-0.00000,-0.00000,-0.20858,Left,0,422.22,317.55,404.23,301.38,395.72,277.54,389.72,259.96,379.49,249.08,411.27,238.32,416.62,214.80,419.42,197.81,423.70,183.19,431.94,244.38,438.14,227.07,427.13,256.16,423.44,266.64,451.19,255.18,457.21,244.59,443.58,269.46,437.81,277.19,467.45,269.82,474.69,258.49,460.89,273.76,451.97,279.72,-0.00000,-0.02203,-0.03672,-0.05131,-0.06535,-0.01665,-0.04124,-0.05528,-0.06379,-0.01834,-0.04944,-0.05056,-0.04229,-0.02419,-0.05595,-0.04438,-0.02722,-0.03206,-0.05087,-0.04041,-0.02742,-0.01180,0.08232,0.04151,-0.03666,0.05736,0.01455,-0.04346,0.03458,-0.00284,-0.05157,0.01277,-0.02798,-0.06223,-0.00772,-0.03815,-0.03003,-0.00903,-0.00024,-0.02413,-0.03215,-0.01194,-0.02226,-0.05067,-0.02369,-0.01976,-0.06379,-0.05612,-0.00401,-0.00526,0.00414,-0.00127,-0.02119,-0.02983,-0.01435,0.00259,-0.04214,-0.01796,0.01345,-0.02321,0.02104,0.00376,0.00222,0.01869,-0.00217,-0.03006,0.00464,0.01813,-0.03710,-0.00012,0.02915,-0.01966,0.03301,0.02348,-0.00089,0.03647,0.01366,-0.02213,0.02284,0.02417,-0.03539,0.01217,0.03523,-0.02458
1149.3629,1,1,14.53,0.14,26.14,0.12794,0.02742,0.60716,0.71608,0.60744,1.0424,0,0,0.20019,-0.08639,0.01817,0.20015,-0.08618,0.01833,0.45,0.00,0.60744,0.48530,-0.09774,0.54615,1.12354,0.00000,0.99999,0.48454,-0.09800,0.54518,1.12370,0.00000,1.00000,42,0.19760,-0.08830,0.01494,0.19060,0.09130,0,0.97801,-0.00000,-0.00000,-0.20858,Left,0,422.85,318.43,405.41,301.80,396.48,278.61,389.85,261.16,379.50,250.35,411.58,238.30,416.71,215.08,419.26,197.98,423.08,183.57,431.82,244.50,437.97,226.67,427.03,256.55,423.75,266.20,450.91,255.33,457.20,244.59,443.71,269.79,438.04,276.92,467.21,270.02,474.49,258.45,461.26,273.70,452.76,279.32,-0.00000,-0.02495,-0.04169,-0.05801,-0.07362,-0.01836,-0.04244,-0.05501,-0.06232,-0.01897,-0.04975,-0.04937,-0.03961,-0.02412,-0.05604,-0.04386,-0.02598,-0.03157,-0.05041,-0.03994,-0.02681,-0.01082,0.08360,0.04019,-0.03558,0.05845,0.01422,-0.04231,0.03545,-0.00369,-0.05075,0.01357,-0.02864,-0.06140,-0.00655,-0.03884,-0.02926,-0.00954,0.00000,-0.02382,-0.03254,-0.01118,-0.02207,-0.05104,-0.02298,-0.02004,-0.06454,-0.05548,-0.00386,-0.00533,0.00413,-0.00064,-0.02175,-0.03029,-0.01379,0.00280,-0.04217,-0.01743,0.01312,-0.02209,0.02049,0.00385,0.00213,0.01914,-0.00217,-0.03103,0.00519,0.01841,-0.03791,0.00023,0.02869,-0.01956,0.03247,0.02381,-0.00121,0.03666,0.01356,-0.02248,0.02379,0.02446,-0.03589,0.01310,0.03507,-0.02437
1149.3960,1,1,14.90,0.16,29.92,0.12800,0.02786,0.60706,0.72339,0.60696,1.0370,0,0,0.20024,-0.08645,0.01773,0.20036,-0.08610,0.01843,0.83,0.00,0.60696,0.48442,-0.09776,0.54538,1.12367,-0.00000,1.00000,0.48454,-0.09800,0.54518,1.12370,0.00000,1.00000,42,0.19760,-0.08830,0.01494,0.19060,0.09130,0,0.97801,-0.00000,-0.00000,-0.20858,Left,0,422.82,318.17,404.86,302.19,396.11,278.61,390.06,261.23,380.15,250.30,411.54,239.13,416.34,215.39,419.17,198.00,423.51,183.58,431.91,245.00,437.73,226.41,426.88,256.24,423.68,266.61,451.05,255.89,457.29,244.27,443.90,269.21,438.43,276.72,467.41,270.97,474.88,258.55,461.63,273.62,453.20,279.67,-0.00000,-0.02272,-0.03810,-0.05336,-0.06806,-0.01768,-0.04164,-0.05428,-0.06171,-0.01932,-0.04981,-0.04941,-0.03986,-0.02524,-0.05663,-0.04429,-0.02662,-0.03327,-0.05190,-0.04132,-0.02830,-0.01122,0.08285,0.04172,-0.03572,0.05826,0.01554,-0.04266,0.03509,-0.00193,-0.05080,0.01328,-0.02678,-0.06101,-0.00682,-0.03767,-0.02977,-0.00932,0.00016,-0.02404,-0.03221,-0.01144,-0.02236,-0.05155,-0.02339,-0.01992,-0.06444,-0.05570,-0.00391,-0.00539,0.00404,-0.00145,-0.02235,-0.02945,-0.01425,0.00175,-0.04151,-0.01722,0.01251,-0.02132,0.02066,0.00381,0.00197,0.01898,-0.00317,-0.03026,0.00578,0.01730,-0.03686,0.00096,0.02800,-0.01959,0.03231,0.02390,-0.00157,0.03694,0.01298,-0.02147,0.02450,0.02323,-0.03471,0.01381,0.03429,-0.02371
1149.4275,1,1,14.59,0.51,27.61,0.12783,0.02834,0.60595,0.71936,0.60484,1.0177,0,0,0.20079,-0.08627,0.01725,0.20048,-0.08609,0.01744,0.23,0.00,0.60484,0.48405,-0.09236,0.54718,1.11728,0.00000,1.00000,0.48414,-0.09202,0.54692,1.11591,0.00000,1.00000,42,0.19760,-0.08830,0.01494,0.19060,0.09130,0,0.97801,-0.00000,-0.00000,-0.20858,Left,0,422.33,318.84,405.51,302.80,397.28,279.37,390.88,261.28,380.23,250.13,411.60,239.41,416.78,215.90,419.04,198.68,422.96,184.30,432.17,245.47,438.07,226.64,427.18,255.68,423.91,266.25,451.31,256.59,457.50,244.66,444.15,268.76,438.48,276.54,467.47,271.79,475.23,259.53,461.81,273.71,452.88,279.72,-0.00000,-0.02303,-0.03861,-0.05407,-0.06891,-0.01715,-0.04075,-0.05348,-0.06117,-0.01875,-0.04915,-0.04941,-0.04039,-0.02459,-0.05550,-0.04370,-0.02652,-0.03264,-0.05126,-0.04134,-0.02882,-0.01147,0.08324,0.04066,-0.03607,0.05812,0.01465,-0.04208,0.03518,-0.00279,-0.05038,0.01261,-0.02839,-0.06098,-0.00770,-0.03909,-0.02957,-0.00952,0.00032,-0.02399,-0.03302,-0.01052,-0.02263,-0.05197,-0.02191,-0.02099,-0.06523,-0.05447,-0.00375,-0.00523,0.00401,-0.00101,-0.02337,-0.02905,-0.01409,0.00042,-0.04227,-0.01736,0.01208,-0.02419,0.02052,0.00395,0.00194,0.01918,-0.00375,-0.02974,0.00539,0.01592,-0.03811,0.00037,0.02700,-0.02227,0.03245,0.02389,-0.00178,0.03690,0.01326,-0.02139,0.02406,0.02257,-0.03572,0.01311,0.03383,-0.02616
1149.4769,1,1,16.09,0.16,45.58,0.12780,0.02867,0.60580,0.71659,0.60565,1.0258,0,0,0.20087,-0.08624,0.01692,0.20057,-0.08616,0.01736,0.55,0.00,0.60565,0.48415,-0.09181,0.54728,1.11606,-0.00000,1.00000,0.48414,-0.09202,0.54692,1.11591,0.00000,1.00000,42,0.19760,-0.08830,0.01494,0.19060,0.09130,0,0.97801,0.00000,0.00000,-0.20858,Left,0,422.43,319.10,405.06,302.82,396.62,279.34,390.75,261.85,380.58,250.91,411.55,239.72,416.69,216.52,419.50,199.86,423.77,185.61,432.14,245.57,438.52,227.06,427.16,256.09,423.36,266.12,451.19,256.56,457.67,245.08,443.92,269.43,437.90,276.62,467.32,271.69,475.47,259.71,462.04,274.13,452.86,279.69,-0.00000,-0.02428,-0.04053,-0.05654,-0.07185,-0.01768,-0.04143,-0.05408,-0.06168,-0.01905,-0.05035,-0.05110,-0.04220,-0.02481,-0.05680,-0.04538,-0.02815,-0.03286,-0.05189,-0.04196,-0.02934,-0.01184,0.08324,0.04036,-0.03609,0.05845,0.01441,-0.04258,0.03535,-0.00377,-0.05033,0.01294,-0.02926,-0.06089,-0.00723,-0.03968,-0.02935,-0.00964,-0.00000,-0.02367,-0.03257,-0.01169,-0.02181,-0.05077,-0.02280,-0.01951,-0.06415,-0.05516,-0.00378,-0.00515,0.00409,-0.00039,-0.02291,-0.02955,-0.01337,0.00075,-0.04199,-0.01794,0.01207,-0.02376,0.02020,0.00365,0.00210,0.01972,-0.00322,-0.03058,0.00557,0.01636,-0.03772,-0.00011,0.02723,-0.02029,0.03244,0.02372,-0.00135,0.03755,0.01336,-0.02186,0.02459,0.02266,-0.03536,0.01298,0.03404,-0.02446
1149.5072,1,1,14.77,0.15,26.50,0.12790,0.02881,0.60572,0.72576,0.60565,1.0094,0,0,0.20090,-0.08635,0.01678,0.20060,-0.08618,0.01734,0.70,0.00,0.60565,0.48415,-0.09158,0.54719,1.11587,-0.00000,1.00000,0.48414,-0.09202,0.54692,1.11591,0.00000,1.00000,42,0.19760,-0.08830,0.01494,0.19060,0.09130,0,0.97801,0.00000,0.00000,-0.20858,Left,0,422.76,318.50,405.56,303.11,396.87,280.94,391.35,262.81,380.92,250.83,411.45,239.89,416.56,216.98,419.12,200.10,423.44,185.87,432.26,245.79,438.08,228.03,426.81,257.23,423.53,267.15,451.52,256.65,457.64,245.27,443.76,269.57,437.66,276.89,467.74,271.62,475.01,260.30,461.42,275.00,452.38,280.59,0.00000,-0.02605,-0.04461,-0.06269,-0.08004,-0.02076,-0.04577,-0.05939,-0.06760,-0.02160,-0.05318,-0.05374,-0.04495,-0.02694,-0.05891,-0.04674,-0.02931,-0.03476,-0.05367,-0.04322,-0.03033,-0.01037,0.08221,0.04299,-0.03558,0.05805,0.01608,-0.04237,0.03595,-0.00273,-0.05000,0.01423,-0.02872,-0.06094,-0.00753,-0.04089,-0.02964,-0.00937,-0.00008,-0.02431,-0.03192,-0.01181,-0.02262,-0.05037,-0.02354,-0.01995,-0.06353,-0.05716,-0.00392,-0.00533,0.00408,-0.00118,-0.02236,-0.03022,-0.01454,0.00194,-0.04269,-0.01819,0.01299,-0.02401,0.02041,0.00362,0.00208,0.01871,-0.00283,-0.03051,0.00461,0.01691,-0.03771,-0.00077,0.02734,-0.02059,0.03283,0.02353,-0.00055,0.03661,0.01369,-0.02180,0.02328,0.02344,-0.03461,0.01222,0.03449,-0.02423
1149.5393,1,1,14.43,0.16,28.93,0.12850,0.02944,0.60938,0.70454,0.61303,0.9871,0,0,0.20090,-0.08635,0.01678,0.20058,-0.08617,0.01733,0.70,0.00,0.61303,0.48414,-0.09159,0.54722,1.11593,0.00000,1.00000,0.48414,-0.09202,0.54692,1.11591,0.00000,1.00000,42,0.19760,-0.08830,0.01494,0.19060,0.09130,0,0.97801,0.00000,0.00000,-0.20858,Left,1,421.38,319.97,404.14,303.13,395.98,278.43,389.53,261.09,380.02,251.41,411.05,240.19,416.24,217.46,418.92,200.53,423.09,186.26,431.90,246.18,437.47,228.05,426.46,257.15,423.40,267.61,451.39,257.20,457.04,245.71,443.69,270.17,438.76,277.58,467.90,272.37,474.85,260.47,461.07,275.26,452.54,281.08,-0.00000,-0.02166,-0.03537,-0.04897,-0.06208,-0.01507,-0.03891,-0.05220,-0.06022,-0.01685,-0.04702,-0.04710,-0.03796,-0.02296,-0.05353,-0.04137,-0.02392,-0.03123,-0.04939,-0.03899,-0.02618,-0.01243,0.08307,0.03774,-0.03676,0.05796,0.01188,-0.04387,0.03393,-0.00413,-0.05132,0.01223,-0.02730,-0.06030,-0.00740,-0.03780,-0.03063,-0.00923,0.00081,-0.02416,-0.03162,-0.01123,-0.02258,-0.05065,-0.02256,-0.01985,-0.06405,-0.05330,-0.00422,-0.00533,0.00466,-0.00165,-0.02266,-0.02901,-0.01476,0.00082,-0.04188,-0.01806,0.01231,-0.02276,0.02057,0.00374,0.00161,0.01878,-0.00309,-0.02977,0.00559,0.01667,-0.03730,0.00179,0.02772,-0.02050,0.03377,0.02338,-0.00220,0.03698,0.01345,-0.02285,0.02359,0.02299,-0.03544,0.01299,0.03487,-0.02478
1149.5721,1,1,15.41,0.16,29.30,0.12923,0.02949,0.61162,0.72205,0.61385,1.0167,0,0,0.20090,-0.08635,0.01678,0.20058,-0.08617,0.01733,0.70,0.00,0.61385,0.48414,-0.09162,0.54724,1.11592,-0.00000,1.00000,0.48414,-0.09202,0.54692,1.11591,0.00000,1.00000,42,0.19760,-0.08830,0.01494,0.19060,0.09130,0,0.97801,0.00000,0.00000,-0.20858,Left,0,423.46,319.76,405.68,304.13,396.74,280.80,391.17,262.78,380.74,251.23,411.82,240.47,416.49,217.60,419.35,201.14,423.42,186.98,432.34,246.00,438.32,228.47,427.42,258.06,423.62,268.31,451.43,256.41,457.70,246.02,444.01,271.22,437.64,278.65,467.69,270.74,475.09,260.12,461.76,275.48,452.62,280.96,-0.00000,-0.02354,-0.03926,-0.05457,-0.06918,-0.01795,-0.04165,-0.05431,-0.06184,-0.01913,-0.04987,-0.05024,-0.04124,-0.02457,-0.05664,-0.04522,-0.02801,-0.03208,-0.05127,-0.04130,-0.02859,-0.01094,0.08418,0.04035,-0.03583,0.05996,0.01435,-0.04232,0.03651,-0.00372,-0.05006,0.01380,-0.02840,-0.06157,-0.00724,-0.03894,-0.02960,-0.00925,-0.00011,-0.02434,-0.03147,-0.01199,-0.02261,-0.04957,-0.02385,-0.02042,-0.06310,-0.05645,-0.00398,-0.00524,0.00399,-0.00075,-0.02199,-0.02957,-0.01377,0.00286,-0.04170,-0.01792,0.01310,-0.02219,0.02044,0.00340,0.00212,0.01949,-0.00226,-0.03123,0.00551,0.01902,-0.03735,-0.00006,0.02918,-0.01925,0.03268,0.02350,-0.00159,0.03720,0.01347,-0.02222,0.02456,0.02440,-0.03579,0.01279,0.03542,-0.02375
1149.6029,1,1,14.12,0.16,27.64,0.12863,0.02966,0.60942,0.71119,0.60722,0.9986,0,0,0.20090,-0.08635,0.01678,0.20058,-0.08617,0.01734,0.70,0.00,0.60722,0.48414,-0.09163,0.54725,1.11591,-0.00000,1.00000,0.48414,-0.09202,0.54692,1.11591,0.00000,1.00000,42,0.19760,-0.08830,0.01494,0.19060,0.09130,0,0.97801,0.00000,0.00000,-0.20858,Left,1,422.41,320.35,404.96,304.16,396.24,281.25,390.41,263.51,380.53,252.05,411.20,240.85,415.90,218.67,418.57,202.04,422.58,188.33,431.95,246.34,437.94,228.71,427.22,258.23,423.59,268.18,451.25,256.91,457.25,247.01,444.21,271.46,438.15,278.68,467.52,271.66,475.45,260.34,462.45,274.83,453.16,280.46,-0.00000,-0.02461,-0.04150,-0.05816,-0.07404,-0.01778,-0.04181,-0.05449,-0.06189,-0.01884,-0.04985,-0.04988,-0.04033,-0.02441,-0.05623,-0.04446,-0.02689,-0.03231,-0.05106,-0.04095,-0.02809,-0.01139,0.08314,0.04067,-0.03601,0.05879,0.01342,-0.04263,0.03588,-0.00477,-0.04987,0.01408,-0.02971,-0.06063,-0.00720,-0.04105,-0.02973,-0.00927,-0.00048,-0.02419,-0.03138,-0.01280,-0.02241,-0.04909,-0.02448,-0.02046,-0.06238,-0.05759,-0.00390,-0.00509,0.00423,-0.00033,-0.02224,-0.03012,-0.01303,0.00230,-0.04295,-0.01756,0.01334,-0.02393,0.02007,0.00324,0.00234,0.01943,-0.00194,-0.03057,0.00613,0.01794,-0.03782,0.00049,0.02838,-0.02018,0.03278,0.02295,-0.00039,0.03764,0.01333,-0.02145,0.02488,0.02239,-0.03506,0.01325,0.03426,-0.02438
1149.6367,1,1,16.02,0.26,30.14,0.12814,0.03071,0.60879,0.71201,0.60817,0.9648,0,0,0.20090,-0.08635,0.01678,0.20058,-0.08617,0.01734,0.70,0.00,0.60817,0.48414,-0.09163,0.54725,1.11591,-0.00000,1.00000,0.48414,-0.09202,0.54692,1.11591,0.00000,1.00000,42,0.19760,-0.08830,0.01494,0.19060,0.09130,0,0.97801,0.00000,-0.00000,-0.20858,Left,1,421.64,321.74,404.52,304.94,395.85,281.34,389.92,263.24,380.30,252.02,410.78,241.98,415.70,219.75,418.47,203.08,422.78,189.51,431.36,248.16,437.92,229.72,426.85,259.16,423.31,268.90,450.70,258.98,457.71,247.13,444.20,271.67,437.93,279.09,467.15,273.87,475.77,261.38,462.48,275.99,452.98,281.84,0.00000,-0.02494,-0.04196,-0.05868,-0.07466,-0.01799,-0.04228,-0.05513,-0.06258,-0.01897,-0.05012,-0.04989,-0.04012,-0.02455,-0.05671,-0.04451,-0.02655,-0.03250,-0.05160,-0.04122,-0.02812,-0.01180,0.08326,0.03933,-0.03627,0.05831,0.01294,-0.04304,0.03442,-0.00512,-0.05037,0.01222,-0.02884,-0.05944,-0.00878,-0.04078,-0.03005,-0.00941,-0.00023,-0.02422,-0.03140,-0.01194,-0.02242,-0.04956,-0.02434,-0.01979,-0.06242,-0.05666,-0.00409,-0.00511,0.00435,-0.00048,-0.02278,-0.02925,-0.01357,0.00139,-0.04209,-0.01795,0.01204,-0.02293,0.02030,0.00372,0.00229,0.01970,-0.00320,-0.03007,0.00625,0.01651,-0.03783,0.00047,0.02719,-0.02132,0.03304,0.02329,-0.00099,0.03854,0.01275,-0.02104,0.02570,0.02221,-0.03447,0.01328,0.03345,-0.02445
1149.6670,1,1,14.25,0.14,26.97,0.12799,0.03071,0.60780,0.71003,0.60680,0.9721,0,0,0.20090,-0.08635,0.01678,0.20058,-0.08617,0.01734,0.70,0.00,0.60680,0.48414,-0.09163,0.54725,1.11591,-0.00000,1.00000,0.48414,-0.09202,0.54692,1.11591,0.00000,1.00000,42,0.19760,-0.08830,0.01494,0.19060,0.09130,0,0.97801,0.00000,-0.00000,-0.20858,Left,1,422.35,321.08,404.62,305.27,396.06,282.02,390.81,264.07,381.26,251.98,410.81,241.94,415.41,220.43,418.15,204.46,422.41,191.14,431.82,247.27,437.56,229.99,426.45,259.31,423.18,269.07,451.22,257.67,457.39,247.24,443.76,271.67,437.98,278.84,467.68,272.29,475.31,261.25,461.71,275.90,452.45,281.48,-0.00000,-0.02516,-0.04222,-0.05878,-0.07453,-0.01900,-0.04323,-0.05600,-0.06338,-0.01950,-0.05012,-0.04979,-0.04021,-0.02455,-0.05636,-0.04449,-0.02693,-0.03191,-0.05087,-0.04084,-0.02801,-0.01064,0.08283,0.04073,-0.03574,0.05929,0.01425,-0.04246,0.03592,-0.00374,-0.04940,0.01374,-0.02801,-0.06038,-0.00835,-0.03879,-0.02971,-0.00930,-0.00025,-0.02460,-0.03032,-0.01366,-0.02281,-0.04727,-0.02516,-0.02052,-0.06056,-0.05859,-0.00397,-0.00496,0.00418,-0.00135,-0.02201,-0.03017,-0.01413,0.00258,-0.04189,-0.01816,0.01285,-0.02288,0.01988,0.00325,0.00202,0.01918,-0.00229,-0.03104,0.00529,0.01750,-0.03745,0.00019,0.02762,-0.01873,0.03322,0.02265,-0.00103,0.03763,0.01334,-0.02224,0.02458,0.02302,-0.03552,0.01255,0.03499,-0.02442
1149.7002,1,1,15.20,0.16,29.86,0.12794,0.03163,0.60870,0.71948,0.60961,0.9359,0,0,0.20090,-0.08635,0.01678,0.20058,-0.08617,0.01734,0.70,0.00,0.60961,0.48414,-0.09163,0.54725,1.11591,-0.00000,1.00000,0.48414,-0.09202,0.54692,1.11591,0.00000,1.00000,42,0.19760,-0.08830,0.01494,0.19060,0.09130,0,0.97801,0.00000,-0.00000,-0.20858,Left,1,421.86,322.39,404.51,306.75,395.84,284.62,391.78,265.77,383.07,251.73,410.65,243.57,415.08,222.38,417.89,205.86,422.30,192.68,431.24,249.02,437.43,230.18,426.25,260.01,423.07,269.20,450.62,259.22,457.61,247.38,443.94,272.36,437.71,279.87,467.00,273.77,475.46,261.32,462.25,276.26,452.87,282.39,0.00000,-0.02760,-0.04754,-0.06683,-0.08514,-0.02165,-0.04739,-0.06071,-0.06813,-0.02177,-0.05296,-0.05197,-0.04163,-0.02669,-0.05910,-0.04572,-0.02690,-0.03422,-0.05334,-0.04209,-0.02819,-0.01072,0.08307,0.04116,-0.03591,0.05954,0.01378,-0.04202,0.03632,-0.00496,-0.04792,0.01393,-0.03025,-0.05802,-0.01026,-0.04264,-0.02984,-0.00907,-0.00055,-0.02451,-0.03048,-0.01329,-0.02284,-0.04805,-0.02550,-0.02003,-0.06081,-0.06086,-0.00394,-0.00521,0.00402,-0.00088,-0.02341,-0.02979,-0.01363,0.00134,-0.04255,-0.01787,0.01171,-0.02356,0.02004,0.00327,0.00244,0.01965,-0.00367,-0.03044,0.00596,0.01644,-0.03859,-0.00023,0.02721,-0.02079,0.03294,0.02259,-0.00016,0.03808,0.01192,-0.02111,0.02526,0.02162,-0.03527,0.01312,0.03392,-0.02488
1149.7305,1,1,14.20,0.14,26.74,0.12686,0.03164,0.60568,0.72264,0.60266,0.9276,0,0,0.20090,-0.08635,0.01678,0.20058,-0.08617,0.01734,0.70,0.00,0.60266,0.48414,-0.09163,0.54725,1.11591,-0.00000,1.00000,0.48414,-0.09202,0.54692,1.11591,0.00000,1.00000,42,0.19760,-0.08830,0.01494,0.19060,0.09130,0,0.97801,0.00000,0.00000,-0.20858,Left,1,420.99,320.99,403.63,305.02,394.91,282.21,391.40,264.13,383.24,251.36,410.13,242.85,414.70,221.79,417.68,205.78,421.47,192.63,430.75,248.47,436.41,230.48,425.61,259.82,421.64,270.04,449.96,259.10,456.49,247.58,443.08,272.80,436.32,280.99,466.55,274.15,474.54,262.50,461.30,277.51,451.18,283.68,0.00000,-0.02477,-0.04190,-0.05836,-0.07398,-0.01977,-0.04412,-0.05720,-0.06478,-0.02078,-0.05125,-0.05102,-0.04168,-0.02617,-0.05845,-0.04638,-0.02867,-0.03375,-0.05353,-0.04329,-0.03021,-0.01172,0.08175,0.04332,-0.03625,0.05862,0.01467,-0.04281,0.03539,-0.00448,-0.04780,0.01380,-0.03063,-0.05671,-0.00860,-0.04388,-0.02985,-0.00886,-0.00110,-0.02463,-0.02994,-0.01456,-0.02256,-0.04715,-0.02643,-0.02056,-0.05999,-0.06083,-0.00416,-0.00498,0.00431,-0.00134,-0.02246,-0.02975,-0.01479,0.00210,-0.04281,-0.01911,0.01387,-0.02364,0.02009,0.00301,0.00246,0.01909,-0.00316,-0.03052,0.00573,0.01790,-0.03804,-0.00088,0.02977,-0.02075,0.03278,0.02271,0.00050,0.03801,0.01332,-0.02095,0.02470,0.02282,-0.03419,0.01226,0.03540,-0.02295
1149.7660,1,1,15.74,0.16,31.90,0.12650,0.03176,0.60420,0.71372,0.60272,0.9496,0,0,0.20090,-0.08635,0.01678,0.20058,-0.08617,0.01734,0.70,0.00,0.60272,0.48414,-0.09163,0.54725,1.11591,-0.00000,1.00000,0.48414,-0.09202,0.54692,1.11591,0.00000,1.00000,42,0.19760,-0.08830,0.01494,0.19060,0.09130,0,0.97801,0.00000,-0.00000,-0.20858,Left,1,422.21,322.81,404.38,307.65,395.28,285.19,391.81,266.58,383.67,252.91,409.82,243.58,414.33,222.70,417.51,206.53,421.75,193.21,430.74,248.52,436.39,230.62,425.72,260.43,422.38,269.75,450.33,258.51,456.83,248.26,443.60,273.63,437.40,281.03,466.94,273.11,475.22,261.75,462.34,277.00,452.87,282.92,0.00000,-0.02672,-0.04522,-0.06297,-0.07968,-0.02009,-0.04515,-0.05842,-0.06598,-0.02046,-0.05135,-0.05106,-0.04137,-0.02553,-0.05826,-0.04582,-0.02757,-0.03304,-0.05266,-0.04189,-0.02825,-0.00955,0.08342,0.04190,-0.03530,0.06019,0.01411,-0.04214,0.03749,-0.00551,-0.04767,0.01590,-0.03182,-0.05637,-0.00779,-0.04458,-0.02993,-0.00804,-0.00115,-0.02479,-0.03005,-0.01438,-0.02243,-0.04707,-0.02694,-0.01993,-0.06040,-0.06234,-0.00425,-0.00509,0.00435,-0.00090,-0.02254,-0.03034,-0.01412,0.00254,-0.04368,-0.01798,0.01267,-0.02317,0.02069,0.00276,0.00230,0.01926,-0.00311,-0.03088,0.00663,0.01843,-0.03822,0.00056,0.02889,-0.01975,0.03341,0.02158,0.00000,0.03861,0.01259,-0.02118,0.02567,0.02249,-0.03478,0.01429,0.03438,-0.02345
1149.7957,1,1,15.32,0.15,26.07,0.12654,0.03212,0.60540,0.72718,0.60661,0.9313,0,0,0.20090,-0.08635,0.01678,0.20058,-0.08617,0.01734,0.70,0.00,0.60661,0.48414,-0.09163,0.54725,1.11591,-0.00000,1.00000,0.48414,-0.09202,0.54692,1.11591,0.00000,1.00000,42,0.19760,-0.08830,0.01494,0.19060,0.09130,0,0.97801,0.00000,-0.00000,-0.20858,Left,1,420.48,321.85,402.93,305.53,393.78,283.01,390.02,265.22,383.17,251.82,410.14,243.76,414.25,222.56,417.27,206.76,421.24,193.74,430.93,248.91,436.26,230.72,425.27,260.29,421.73,269.46,450.15,259.40,456.68,248.37,443.08,273.49,436.81,280.85,466.57,274.53,474.58,263.43,461.33,278.19,451.78,283.81,0.00000,-0.02667,-0.04479,-0.06217,-0.07850,-0.02030,-0.04480,-0.05751,-0.06473,-0.02067,-0.05145,-0.05114,-0.04150,-0.02570,-0.05844,-0.04634,-0.02837,-0.03315,-0.05307,-0.04284,-0.02959,-0.01192,0.08231,0.04445,-0.03625,0.05929,0.01517,-0.04315,0.03578,-0.00363,-0.04877,0.01394,-0.02986,-0.05747,-0.00884,-0.04335,-0.02993,-0.00915,-0.00096,-0.02442,-0.03004,-0.01435,-0.02275,-0.04757,-0.02667,-0.02070,-0.06015,-0.06093,-0.00395,-0.00512,0.00399,-0.00194,-0.02278,-0.03054,-0.01444,0.00194,-0.04320,-0.01880,0.01252,-0.02237,0.01954,0.00324,0.00254,0.01939,-0.00253,-0.03104,0.00595,0.01795,-0.03776,-0.00048,0.02914,-0.01881,0.03259,0.02305,0.00070,0.03799,0.01393,-0.02086,0.02506,0.02341,-0.03405,0.01256,0.03597,-0.02241
1149.8277,1,1,14.96,0.18,27.83,0.12630,0.03235,0.60448,0.71390,0.60356,0.9407,0,0,0.20090,-0.08635,0.01678,0.20058,-0.08617,0.01734,0.70,0.00,0.60356,0.48414,-0.09163,0.54725,1.11591,-0.00000,1.00000,0.48414,-0.09202,0.54692,1.11591,0.00000,1.00000,42,0.19760,-0.08830,0.01494,0.19060,0.09130,0,0.97801,0.00000,-0.00000,-0.20858,Left,1,421.65,323.17,403.35,307.01,393.94,283.59,390.06,265.43,382.93,252.84,409.71,243.94,413.71,223.16,416.62,207.33,420.51,194.45,430.55,249.12,435.57,231.87,425.07,261.03,421.78,270.24,450.08,259.31,456.46,248.25,443.45,272.55,437.16,279.64,466.81,274.03,475.03,262.55,462.07,276.95,452.32,282.42,-0.00000,-0.02449,-0.04075,-0.05639,-0.07106,-0.01773,-0.04163,-0.05442,-0.06179,-0.01844,-0.04778,-0.04716,-0.03776,-0.02375,-0.05499,-0.04311,-0.02581,-0.03133,-0.05057,-0.04071,-0.02804,-0.01090,0.08335,0.04156,-0.03584,0.05993,0.01466,-0.04362,0.03560,-0.00375,-0.04891,0.01418,-0.02849,-0.05751,-0.00857,-0.04069,-0.02964,-0.00878,-0.00077,-0.02511,-0.02984,-0.01426,-0.02336,-0.04653,-0.02643,-0.02108,-0.05998,-0.06071,-0.00428,-0.00496,0.00434,-0.00167,-0.02247,-0.02997,-0.01523,0.00235,-0.04233,-0.01874,0.01244,-0.02175,0.02029,0.00303,0.00202,0.01944,-0.00356,-0.03044,0.00643,0.01708,-0.03757,0.00035,0.02700,-0.01968,0.03350,0.02208,-0.00037,0.03855,0.01260,-0.02137,0.02589,0.02154,-0.03427,0.01340,0.03358,-0.02363
1149.8593,1,1,14.74,0.16,28.05,0.12525,0.03230,0.60000,0.70928,0.59552,0.9282,0,0,0.20090,-0.08635,0.01678,0.20058,-0.08617,0.01734,0.70,0.00,0.59552,0.48414,-0.09163,0.54725,1.11591,-0.00000,1.00000,0.48414,-0.09202,0.54692,1.11591,0.00000,1.00000,42,0.19760,-0.08830,0.01494,0.19060,0.09130,0,0.97801,0.00000,-0.00000,-0.20858,Left,1,421.05,323.32,403.16,307.29,394.14,284.63,391.19,266.57,384.08,253.09,409.63,243.81,413.92,223.98,416.69,208.23,420.71,195.54,430.69,249.08,436.14,232.06,424.79,261.00,421.16,269.39,450.10,259.46,456.50,249.35,442.90,273.68,436.67,280.16,466.51,274.40,474.58,263.53,461.44,278.05,451.98,283.29,0.00000,-0.02662,-0.04455,-0.06164,-0.07756,-0.01956,-0.04459,-0.05791,-0.06542,-0.01979,-0.05045,-0.05005,-0.04036,-0.02486,-0.05727,-0.04529,-0.02754,-0.03241,-0.05218,-0.04216,-0.02912,-0.01124,0.08282,0.04223,-0.03571,0.05932,0.01450,-0.04280,0.03616,-0.00498,-0.04731,0.01474,-0.03078,-0.05609,-0.00864,-0.04250,-0.02932,-0.00853,-0.00139,-0.02454,-0.02953,-0.01508,-0.02266,-0.04594,-0.02783,-0.02092,-0.05838,-0.06339,-0.00405,-0.00483,0.00425,-0.00098,-0.02249,-0.03033,-0.01473,0.00188,-0.04303,-0.01873,0.01159,-0.02267,0.02004,0.00283,0.00233,0.01919,-0.00305,-0.03036,0.00612,0.01728,-0.03696,-0.00033,0.02658,-0.01848,0.03307,0.02180,0.00035,0.03802,0.01316,-0.02102,0.02510,0.02204,-0.03392,0.01335,0.03397,-0.02285
1149.9090,1,1,15.54,0.15,46.31,0.12579,0.03285,0.60335,0.72306,0.60669,0.9135,0,0,0.20090,-0.08635,0.01678,0.20058,-0.08617,0.01734,0.70,0.00,0.60669,0.48414,-0.09163,0.54725,1.11591,-0.00000,1.00000,0.48414,-0.09202,0.54692,1.11591,0.00000,1.00000,42,0.19760,-0.08830,0.01494,0.19060,0.09130,0,0.97801,0.00000,-0.00000,-0.20858,Left,1,421.27,322.92,403.94,307.35,394.44,285.44,390.85,267.01,383.45,252.78,409.87,244.84,413.66,224.02,416.47,207.81,420.29,195.36,430.36,249.89,436.03,231.82,425.14,261.13,421.59,270.34,449.55,260.08,456.12,249.15,443.00,273.79,436.68,281.15,466.03,274.88,474.20,263.75,461.28,278.04,451.53,283.55,0.00000,-0.02627,-0.04516,-0.06348,-0.08068,-0.02039,-0.04482,-0.05721,-0.06405,-0.02098,-0.05113,-0.04996,-0.03970,-0.02622,-0.05827,-0.04566,-0.02750,-0.03386,-0.05328,-0.04286,-0.02956,-0.01011,0.08251,0.04316,-0.03492,0.05958,0.01547,-0.04216,0.03669,-0.00409,-0.04797,0.01446,-0.03006,-0.05681,-0.00941,-0.04444,-0.02957,-0.00898,-0.00059,-0.02519,-0.03019,-0.01401,-0.02346,-0.04715,-0.02614,-0.02184,-0.05976,-0.06171,-0.00409,-0.00499,0.00411,-0.00115,-0.02288,-0.02950,-0.01407,0.00179,-0.04202,-0.01882,0.01245,-0.02221,0.01943,0.00293,0.00220,0.01944,-0.00285,-0.03080,0.00618,0.01776,-0.03772,-0.00007,0.02831,-0.01967,0.03272,0.02232,-0.00014,0.03804,0.01309,-0.02099,0.02524,0.02243,-0.03383,0.01287,0.03444,-0.02271
1149.9392,1,1,14.73,0.15,26.28,0.12513,0.03289,0.60190,0.71743,0.60045,0.9139,0,0,0.20090,-0.08635,0.01678,0.20058,-0.08617,0.01734,0.70,0.00,0.60045,0.48414,-0.09163,0.54725,1.11591,-0.00000,1.00000,0.48414,-0.09202,0.54692,1.11591,0.00000,1.00000,42,0.19760,-0.08830,0.01494,0.19060,0.09130,0,0.97801,0.00000,-0.00000,-0.20858,Left,1,421.15,323.17,403.97,308.22,394.57,286.44,391.13,267.63,383.89,253.17,408.94,244.86,412.85,224.37,415.53,208.43,419.26,196.01,429.59,249.84,434.83,232.65,423.91,262.40,420.61,270.76,449.05,259.77,455.33,249.32,441.93,274.38,435.54,281.29,465.73,274.31,473.72,263.23,460.41,278.70,450.36,284.73,0.00000,-0.02730,-0.04687,-0.06567,-0.08338,-0.02157,-0.04713,-0.06038,-0.06769,-0.02184,-0.05267,-0.05166,-0.04159,-0.02689,-0.05981,-0.04683,-0.02842,-0.03444,-0.05474,-0.04386,-0.03010,-0.00903,0.08237,0.04293,-0.03403,0.06003,0.01534,-0.04114,0.03705,-0.00420,-0.04643,0.01526,-0.03004,-0.05525,-0.00879,-0.04391,-0.02948,-0.00817,-0.00047,-0.02487,-0.02891,-0.01414,-0.02343,-0.04619,-0.02705,-0.02117,-0.05846,-0.06349,-0.00426,-0.00496,0.00446,-0.00174,-0.02181,-0.03068,-0.01465,0.00327,-0.04283,-0.01903,0.01248,-0.02282,0.01984,0.00261,0.00216,0.01902,-0.00267,-0.03151,0.00597,0.01785,-0.03837,-0.00077,0.02779,-0.02029,0.03304,0.02174,-0.00013,0.03783,0.01268,-0.02219,0.02497,0.02287,-0.03532,0.01199,0.03522,-0.02318
1149.9711,1,1,14.18,0.16,28.35,0.12488,0.03350,0.60229,0.72214,0.60269,0.8782,0,0,0.20090,-0.08635,0.01678,0.20058,-0.08617,0.01734,0.70,0.00,0.60269,0.48414,-0.09163,0.54725,1.11591,-0.00000,1.00000,0.48414,-0.09202,0.54692,1.11591,0.00000,1.00000,42,0.19760,-0.08830,0.01494,0.19060,0.09130,0,0.97801,0.00000,0.00000,-0.20858,Left,1,420.14,323.83,402.83,308.09,393.79,286.17,391.24,267.72,384.58,253.12,408.95,245.92,412.16,225.99,414.51,210.37,418.31,197.94,429.54,250.76,434.21,232.53,424.12,261.27,420.89,270.94,448.87,260.78,454.88,248.56,442.24,272.59,435.94,280.80,465.57,275.52,473.69,263.00,460.99,277.09,451.09,283.67,0.00000,-0.02580,-0.04420,-0.06203,-0.07885,-0.01975,-0.04423,-0.05753,-0.06521,-0.02054,-0.05063,-0.05080,-0.04187,-0.02588,-0.05754,-0.04570,-0.02834,-0.03362,-0.05315,-0.04322,-0.03036,-0.01069,0.08236,0.04389,-0.03539,0.05924,0.01535,-0.04167,0.03642,-0.00409,-0.04637,0.01438,-0.03016,-0.05529,-0.00976,-0.04485,-0.02959,-0.00826,-0.00086,-0.02560,-0.02860,-0.01518,-0.02461,-0.04544,-0.02833,-0.02314,-0.05785,-0.06421,-0.00419,-0.00470,0.00402,-0.00206,-0.02318,-0.03022,-0.01503,0.00159,-0.04318,-0.01945,0.01157,-0.02414,0.01982,0.00261,0.00239,0.01916,-0.00407,-0.03073,0.00594,0.01554,-0.03828,-0.00055,0.02697,-0.02030,0.03296,0.02193,0.00029,0.03851,0.01153,-0.02078,0.02566,0.01999,-0.03513,0.01331,0.03375,-0.02494
1150.0032,1,1,14.27,0.16,28.03,0.12327,0.03302,0.59745,0.70498,0.59260,0.8520,0,0,0.20090,-0.08635,0.01678,0.20058,-0.08617,0.01734,0.70,0.00,0.59260,0.48414,-0.09163,0.54725,1.11591,-0.00000,1.00000,0.48414,-0.09202,0.54692,1.11591,0.00000,1.00000,42,0.19760,-0.08830,0.01494,0.19060,0.09130,0,0.97801,0.00000,-0.00000,-0.20858,Left,1,418.78,323.80,402.03,307.78,392.91,286.50,391.07,268.44,386.45,253.33,407.97,244.43,411.49,228.08,413.61,213.35,416.97,202.21,428.94,249.50,434.08,233.36,423.01,262.35,419.14,270.81,448.45,259.60,454.37,250.42,440.94,274.86,434.12,281.99,464.76,274.86,472.69,264.00,459.76,278.71,449.93,284.50,-0.00000,-0.02564,-0.04360,-0.06089,-0.07695,-0.01737,-0.04111,-0.05360,-0.06057,-0.01800,-0.04676,-0.04550,-0.03543,-0.02345,-0.05427,-0.04156,-0.02360,-0.03138,-0.05039,-0.04005,-0.02682,-0.01112,0.08176,0.04407,-0.03546,0.05886,0.01574,-0.04145,0.03603,-0.00283,-0.04531,0.01520,-0.02872,-0.05193,-0.00920,-0.04305,-0.02929,-0.00768,-0.00078,-0.02480,-0.02648,-0.01629,-0.02439,-0.04289,-0.03124,-0.02309,-0.05264,-0.06999,-0.00436,-0.00468,0.00431,-0.00085,-0.02268,-0.03089,-0.01507,0.00209,-0.04446,-0.01936,0.01179,-0.02589,0.01980,0.00248,0.00217,0.01944,-0.00322,-0.03076,0.00667,0.01737,-0.03808,-0.00065,0.02743,-0.02111,0.03305,0.02163,-0.00030,0.03845,0.01240,-0.02121,0.02602,0.02135,-0.03390,0.01333,0.03373,-0.02312
1150.0350,1,1,14.18,0.15,27.94,0.12192,0.03276,0.59365,0.70116,0.58986,0.8105,0,0,0.20090,-0.08635,0.01678,0.20058,-0.08617,0.01734,0.70,0.00,0.58986,0.48414,-0.09163,0.54725,1.11591,-0.00000,1.00000,0.48414,-0.09202,0.54692,1.11591,0.00000,1.00000,42,0.19760,-0.08830,0.01494,0.19060,0.09130,0,0.97801,0.00000,-0.00000,-0.20858,Left,1,418.81,323.90,402.13,308.61,393.24,287.44,391.77,268.33,387.97,252.13,406.91,245.51,410.02,230.29,412.17,215.40,415.85,205.44,427.96,249.94,432.84,234.23,423.14,263.02,420.12,271.78,448.00,259.22,453.57,250.77,441.44,274.36,434.88,281.59,464.83,274.09,472.38,264.02,460.07,278.02,450.23,283.70,0.00000,-0.02502,-0.04324,-0.06067,-0.07672,-0.01822,-0.04395,-0.05796,-0.06552,-0.01856,-0.04711,-0.04502,-0.03445,-0.02381,-0.05353,-0.03977,-0.02143,-0.03161,-0.05008,-0.03961,-0.02633,-0.01017,0.08216,0.04190,-0.03432,0.05888,0.01629,-0.04087,0.03660,-0.00155,-0.04343,0.01481,-0.02495,-0.04938,-0.01239,-0.03805,-0.02958,-0.00627,-0.00011,-0.02668,-0.02547,-0.01550,-0.02564,-0.04129,-0.03088,-0.02376,-0.05037,-0.06976,-0.00460,-0.00414,0.00436,-0.00074,-0.02270,-0.03000,-0.01454,0.00181,-0.04241,-0.01714,0.01151,-0.02320,0.02068,0.00119,0.00125,0.01968,-0.00380,-0.02933,0.00770,0.01605,-0.03676,0.00090,0.02615,-0.02073,0.03391,0.02006,-0.00117,0.03938,0.01244,-0.02176,0.02698,0.02042,-0.03357,0.01466,0.03244,-0.02361
1150.0679,1,1,14.95,0.15,29.42,0.12039,0.03289,0.58782,0.70284,0.58198,0.6747,0,0,0.20090,-0.08635,0.01678,0.20058,-0.08617,0.01734,0.70,0.00,0.58198,0.48414,-0.09163,0.54725,1.11591,-0.00000,1.00000,0.48414,-0.09202,0.54692,1.11591,0.00000,1.00000,42,0.19760,-0.08830,0.01494,0.19060,0.09130,0,0.97801,0.00000,-0.00000,-0.20858,Left,0,418.51,324.35,401.43,308.65,392.46,287.32,392.85,268.67,393.29,250.78,406.99,246.34,409.45,232.74,410.23,219.62,411.55,213.27,428.18,250.77,433.02,234.33,423.85,261.98,420.19,272.35,447.80,260.18,453.13,250.31,441.32,273.32,434.32,281.39,464.51,275.63,471.61,263.78,459.48,277.39,449.23,283.74,-0.00000,-0.02196,-0.03809,-0.05393,-0.06809,-0.01281,-0.03837,-0.05291,-0.06033,-0.01496,-0.04388,-0.04366,-0.03415,-0.02199,-0.05193,-0.03930,-0.02153,-0.03124,-0.04990,-0.03945,-0.02595,-0.01176,0.08252,0.04108,-0.03520,0.05873,0.01709,-0.04140,0.03563,-0.00031,-0.04329,0.01344,-0.02220,-0.04389,-0.01614,-0.03726,-0.02929,-0.00594,0.00100,-0.02766,-0.02539,-0.01547,-0.02757,-0.03933,-0.03100,-0.02884,-0.04517,-0.06921,-0.00468,-0.00384,0.00436,-0.00061,-0.02434,-0.02903,-0.01407,-0.00078,-0.04056,-0.01826,0.01017,-0.02083,0.02027,0.00117,0.00070,0.01974,-0.00571,-0.02923,0.00767,0.01258,-0.03673,0.00006,0.02352,-0.01937,0.03343,0.01956,-0.00183,0.03970,0.01015,-0.02200,0.02726,0.01788,-0.03377,0.01452,0.03002,-0.02501
1150.0987,1,1,14.17,0.49,27.80,0.11906,0.03184,0.58327,0.72218,0.57872,0.5740,0,0,0.20318,-0.08502,0.01783,0.20379,-0.08453,0.01771,0.18,0.01,0.57872,0.46830,-0.07692,0.52738,1.12035,-0.00001,1.00000,0.47283,-0.08114,0.53078,1.12104,0.00000,1.00000,42,0.19760,-0.08830,0.01494,0.19060,0.09130,0,0.97801,0.00000,-0.00000,-0.20858,Left,0,418.68,322.10,403.20,306.74,393.36,287.46,392.29,268.48,396.02,249.99,406.32,243.83,408.32,227.85,410.20,220.13,411.20,226.98,427.50,249.18,432.00,234.00,422.95,261.62,418.25,271.73,446.86,258.54,452.20,250.02,441.29,272.21,434.46,279.47,464.41,273.83,470.88,263.80,459.48,277.85,449.24,283.17,-0.00000,-0.02426,-0.04347,-0.06192,-0.07701,-0.01554,-0.04506,-0.05996,-0.06529,-0.01578,-0.04463,-0.04214,-0.03136,-0.02176,-0.05055,-0.03416,-0.01478,-0.03047,-0.04839,-0.03614,-0.02148,-0.00809,0.08111,0.04691,-0.03175,0.05868,0.02091,-0.03893,0.03683,0.00388,-0.04302,0.01604,-0.01937,-0.03963,-0.01562,-0.03747,-0.02933,-0.00613,0.00115,-0.02794,-0.02778,-0.01445,-0.02595,-0.03688,-0.03141,-0.02799,-0.02941,-0.07225,-0.00509,-0.00456,0.00433,-0.00075,-0.02269,-0.03054,-0.01316,0.00065,-0.03982,-0.01899,0.01068,-0.01765,0.02036,0.00113,0.00042,0.02033,-0.00447,-0.03066,0.00862,0.01306,-0.03766,0.00109,0.02074,-0.01820,0.03378,0.01981,-0.00100,0.04027,0.01236,-0.02299,0.02793,0.02052,-0.03389,0.01573,0.03088,-0.02390
1150.1324,1,1,15.40,0.16,30.44,0.11766,0.03156,0.57912,0.70658,0.57497,0.5325,0,1,0.20318,-0.08502,0.01783,0.20299,-0.08494,0.01771,0.18,0.01,0.57497,0.47223,-0.07970,0.53052,1.12114,0.00000,0.94599,0.47283,-0.08114,0.53078,1.12104,0.00000,-0.17000,42,0.19773,-0.08871,0.01480,0.19060,0.09130,0,0.97858,-0.00495,-0.00191,-0.20581,Left,1,417.87,323.15,401.51,305.99,391.83,285.22,392.16,265.64,397.06,246.90,405.30,244.06,408.05,229.75,409.44,219.67,410.62,223.99,426.92,249.65,431.53,233.57,422.37,261.36,418.61,272.76,446.48,259.22,451.39,249.90,439.81,272.66,433.35,280.81,463.79,274.70,470.22,263.33,457.83,278.29,447.20,284.93,-0.00000,-0.02196,-0.03883,-0.05514,-0.06824,-0.01158,-0.04064,-0.05585,-0.06147,-0.01284,-0.04266,-0.04095,-0.02999,-0.01966,-0.04974,-0.03381,-0.01396,-0.02892,-0.04749,-0.03494,-0.01974,-0.00925,0.08272,0.04084,-0.03262,0.05760,0.01571,-0.03767,0.03458,0.00319,-0.04303,0.01112,-0.01727,-0.03755,-0.01847,-0.03408,-0.02949,-0.00539,0.00281,-0.02646,-0.02568,-0.01215,-0.02661,-0.03830,-0.02934,-0.02863,-0.03191,-0.06680,-0.00524,-0.00436,0.00458,-0.00122,-0.02344,-0.02803,-0.01288,0.00007,-0.03784,-0.01810,0.00962,-0.01424,0.02014,0.00204,0.00044,0.01979,-0.00440,-0.03099,0.00877,0.01327,-0.03573,0.00081,0.02191,-0.01627,0.03370,0.02015,-0.00414,0.03906,0.01079,-0.02430,0.02721,0.02093,-0.03488,0.01440,0.03221,-0.02496
1150.1625,1,1,14.13,0.14,26.14,0.11694,0.03075,0.57742,0.70559,0.57572,0.4793,0,1,0.20318,-0.08502,0.01783,0.20288,-0.08510,0.01780,0.18,0.01,0.57572,0.47324,-0.08094,0.53125,1.12109,0.00000,0.85188,0.47283,-0.08114,0.53078,1.12104,0.00000,-0.17000,42,0.19779,-0.08894,0.01486,0.19060,0.09130,0,0.97880,-0.00224,-0.00080,-0.20480,Left,1,417.47,321.87,401.47,305.52,392.31,284.54,393.76,264.21,399.65,244.95,404.80,242.48,407.76,226.39,409.88,219.44,410.33,228.36,426.91,248.26,430.76,233.21,421.82,262.06,418.26,273.12,446.25,258.04,450.71,250.09,438.84,273.70,432.89,281.22,463.99,273.41,469.07,264.33,456.74,279.90,446.64,285.51,-0.00000,-0.02431,-0.04195,-0.05848,-0.07108,-0.01356,-0.04349,-0.05744,-0.06144,-0.01324,-0.04361,-0.04093,-0.02921,-0.01886,-0.04987,-0.03289,-0.01219,-0.02711,-0.04703,-0.03482,-0.01952,-0.00892,0.08211,0.04206,-0.03167,0.05917,0.01624,-0.03753,0.03541,0.00190,-0.04034,0.01231,-0.02032,-0.03334,-0.01747,-0.03615,-0.03004,-0.00571,0.00132,-0.02667,-0.02673,-0.01352,-0.02579,-0.03631,-0.03109,-0.02775,-0.02597,-0.06781,-0.00546,-0.00448,0.00441,-0.00089,-0.02159,-0.02947,-0.01266,0.00273,-0.03730,-0.01729,0.01214,-0.01081,0.02011,0.00180,0.00107,0.01984,-0.00226,-0.03269,0.00860,0.01651,-0.03602,0.00097,0.02383,-0.01413,0.03402,0.02064,-0.00239,0.03892,0.01267,-0.02482,0.02543,0.02388,-0.03483,0.01419,0.03456,-0.02261
1150.1976,1,1,15.49,0.15,31.96,0.11596,0.03004,0.57508,0.70768,0.57275,0.4703,0,1,0.20318,-0.08502,0.01783,0.20294,-0.08504,0.01780,0.18,0.01,0.57275,0.47278,-0.08080,0.53107,1.12106,0.00000,0.71381,0.47283,-0.08114,0.53078,1.12104,0.00000,-0.17000,42,0.19780,-0.08899,0.01492,0.19060,0.09130,0,0.97880,-0.00056,-0.00020,-0.20480,Left,1,415.85,321.19,399.91,302.84,392.45,281.28,395.12,261.19,401.54,242.62,404.69,242.18,407.94,226.89,408.73,219.19,408.54,226.62,426.33,247.80,429.98,231.84,421.55,260.98,418.37,273.62,445.76,257.45,450.39,247.85,439.28,271.20,433.73,280.34,463.77,273.34,469.27,261.73,456.97,277.13,447.10,283.82,-0.00000,-0.01915,-0.03392,-0.04836,-0.05948,-0.00805,-0.03550,-0.04883,-0.05292,-0.00978,-0.03741,-0.03430,-0.02286,-0.01690,-0.04514,-0.02823,-0.00839,-0.02626,-0.04353,-0.03055,-0.01554,-0.01115,0.08243,0.04185,-0.03321,0.05747,0.01628,-0.03646,0.03391,0.00371,-0.03911,0.00944,-0.01700,-0.03113,-0.01948,-0.03558,-0.02973,-0.00652,0.00244,-0.02626,-0.02614,-0.01248,-0.02662,-0.03631,-0.03012,-0.03072,-0.02693,-0.06717,-0.00538,-0.00445,0.00473,-0.00138,-0.02269,-0.02811,-0.01317,0.00216,-0.03764,-0.01707,0.01266,-0.01399,0.02014,0.00233,0.00033,0.01942,-0.00400,-0.03097,0.00933,0.01451,-0.03605,0.00252,0.02435,-0.01802,0.03343,0.02047,-0.00438,0.03900,0.01099,-0.02421,0.02666,0.02180,-0.03447,0.01531,0.03435,-0.02525
1150.2271,1,1,14.67,0.16,25.42,0.11650,0.03013,0.57844,0.71501,0.58181,0.4925,0,1,0.20318,-0.08502,0.01783,0.20293,-0.08505,0.01780,0.18,0.01,0.58181,0.47289,-0.08080,0.53111,1.12104,-0.00000,0.58273,0.47283,-0.08114,0.53078,1.12104,0.00000,-0.17000,42,0.19780,-0.08900,0.01493,0.19060,0.09130,0,0.97880,-0.00017,-0.00006,-0.20480,Left,1,416.63,321.97,400.97,305.33,392.57,284.00,394.18,263.15,400.99,243.86,404.37,242.73,407.73,227.33,408.33,219.20,407.63,227.99,426.44,248.40,430.03,232.99,421.18,262.17,418.01,273.86,446.04,257.76,450.27,249.11,439.21,271.89,433.96,279.44,463.99,273.10,469.05,263.39,456.91,278.79,447.25,284.39,-0.00000,-0.02320,-0.04059,-0.05679,-0.06904,-0.01272,-0.04220,-0.05536,-0.05877,-0.01245,-0.04090,-0.03609,-0.02326,-0.01817,-0.04687,-0.02803,-0.00690,-0.02663,-0.04472,-0.03160,-0.01627,-0.00906,0.08361,0.04201,-0.03195,0.05852,0.01457,-0.03693,0.03584,0.00183,-0.04106,0.01134,-0.01946,-0.03137,-0.01913,-0.03653,-0.03039,-0.00562,0.00154,-0.02686,-0.02661,-0.01316,-0.02714,-0.03727,-0.03118,-0.03145,-0.02623,-0.07038,-0.00554,-0.00454,0.00481,-0.00127,-0.02236,-0.02833,-0.01319,0.00229,-0.03816,-0.01694,0.01179,-0.01272,0.02111,0.00199,0.00126,0.01974,-0.00380,-0.03120,0.00972,0.01455,-0.03596,0.00318,0.02195,-0.01601,0.03486,0.01981,-0.00375,0.03934,0.01190,-0.02413,0.02700,0.02335,-0.03392,0.01622,0.03447,-0.02435
1150.2590,1,1,14.30,0.16,27.87,0.11668,0.03047,0.58025,0.71624,0.58205,0.4625,0,1,0.20318,-0.08502,0.01783,0.20293,-0.08505,0.01779,0.18,0.01,0.58205,0.47286,-0.08077,0.53112,1.12105,0.00000,0.44552,0.47283,-0.08114,0.53078,1.12104,0.00000,-0.17000,42,0.19780,-0.08901,0.01494,0.19060,0.09130,0,0.97880,-0.00005,-0.00002,-0.20480,Left,1,416.41,322.20,400.42,304.63,392.45,283.62,394.74,263.42,401.38,244.74,404.39,243.41,407.40,227.96,408.42,219.99,408.42,228.20,426.27,248.96,430.25,232.30,421.64,261.01,418.20,272.89,445.71,258.27,450.50,248.37,439.81,271.31,434.45,279.44,463.59,273.81,469.41,261.99,457.92,277.25,448.45,283.35,-0.00000,-0.02092,-0.03698,-0.05236,-0.06409,-0.01011,-0.03863,-0.05197,-0.05572,-0.01080,-0.03886,-0.03503,-0.02289,-0.01712,-0.04535,-0.02726,-0.00652,-0.02591,-0.04300,-0.02948,-0.01397,-0.00994,0.08357,0.04157,-0.03231,0.05822,0.01602,-0.03684,0.03535,0.00263,-0.03937,0.01080,-0.01824,-0.03083,-0.01854,-0.03586,-0.03015,-0.00577,0.00209,-0.02698,-0.02652,-0.01190,-0.02676,-0.03686,-0.03004,-0.03023,-0.02746,-0.06691,-0.00551,-0.00437,0.00458,-0.00035,-0.02380,-0.02808,-0.01227,0.00069,-0.03737,-0.01658,0.01018,-0.01197,0.02087,0.00177,0.00054,0.02038,-0.00482,-0.03064,0.01038,0.01333,-0.03531,0.00400,0.02163,-0.01612,0.03450,0.02008,-0.00375,0.04012,0.01040,-0.02343,0.02841,0.02072,-0.03289,0.01720,0.03244,-0.02297
1150.2916,1,1,14.98,0.15,29.07,0.11714,0.03031,0.58268,0.71982,0.58511,0.4308,0,1,0.20318,-0.08502,0.01783,0.20293,-0.08504,0.01779,0.18,0.01,0.58511,0.47284,-0.08076,0.53111,1.12105,-0.00000,0.28137,0.47283,-0.08114,0.53078,1.12104,0.00000,-0.17000,42,0.19780,-0.08901,0.01494,0.19060,0.09130,0,0.97880,-0.00001,-0.00000,-0.20480,Left,1,417.14,320.89,401.22,304.19,392.62,281.78,395.65,260.93,402.47,242.13,404.76,242.72,408.64,226.97,410.30,219.46,410.33,227.14,426.30,248.27,430.86,231.91,422.23,260.17,418.99,272.02,445.56,257.92,450.62,248.50,439.33,271.52,433.79,279.32,463.27,273.03,468.96,263.20,456.68,278.44,446.78,284.14,-0.00000,-0.02290,-0.03911,-0.05423,-0.06583,-0.01244,-0.04074,-0.05375,-0.05735,-0.01243,-0.04123,-0.03811,-0.02631,-0.01814,-0.04776,-0.03187,-0.01236,-0.02631,-0.04521,-0.03368,-0.01939,-0.00966,0.08311,0.04102,-0.03284,0.05897,0.01422,-0.03718,0.03456,0.00067,-0.03898,0.00986,-0.02096,-0.02971,-0.01869,-0.03881,-0.02989,-0.00664,0.00095,-0.02549,-0.02666,-0.01428,-0.02493,-0.03603,-0.03186,-0.02846,-0.02629,-0.06777,-0.00527,-0.00458,0.00458,-0.00035,-0.02304,-0.02850,-0.01243,0.00161,-0.03854,-0.01703,0.01131,-0.01383,0.02012,0.00240,0.00130,0.02005,-0.00281,-0.03176,0.00854,0.01549,-0.03634,0.00183,0.02459,-0.01573,0.03389,0.02087,-0.00271,0.03902,0.01275,-0.02355,0.02651,0.02382,-0.03349,0.01483,0.03531,-0.02236
1150.3409,1,1,15.07,0.17,45.42,0.11757,0.03048,0.58534,0.70912,0.58801,0.4822,0,1,0.20318,-0.08502,0.01783,0.20259,-0.08487,0.01754,0.18,0.01,0.58801,0.47282,-0.08014,0.53217,1.12162,0.00001,0.14730,0.47283,-0.08114,0.53078,1.12104,0.00000,-0.17000,42,0.19473,-0.08721,0.01477,0.19060,0.09130,0,0.97965,0.00178,0.00724,-0.20059,Left,1,416.26,321.61,400.88,304.03,393.39,283.27,395.20,262.79,401.98,244.40,404.06,243.05,407.39,228.63,408.48,219.18,409.05,225.92,426.20,248.55,429.89,232.45,421.67,261.28,418.71,273.05,445.73,257.79,450.29,248.13,439.49,271.14,434.15,279.42,463.87,273.42,469.33,261.84,457.42,277.33,447.68,283.81,-0.00000,-0.02158,-0.03813,-0.05371,-0.06562,-0.01140,-0.04014,-0.05379,-0.05806,-0.01161,-0.03984,-0.03578,-0.02368,-0.01742,-0.04612,-0.02750,-0.00645,-0.02570,-0.04327,-0.02949,-0.01383,-0.00935,0.08272,0.04106,-0.03235,0.05784,0.01446,-0.03617,0.03465,0.00230,-0.03932,0.01037,-0.01787,-0.03056,-0.01919,-0.03505,-0.03098,-0.00545,0.00176,-0.02719,-0.02549,-0.01188,-0.02685,-0.03729,-0.02984,-0.02982,-0.02886,-0.06797,-0.00578,-0.00435,0.00493,-0.00110,-0.02372,-0.02747,-0.01267,0.00048,-0.03704,-0.01651,0.00974,-0.01246,0.02137,0.00191,0.00111,0.02038,-0.00500,-0.03057,0.01026,0.01266,-0.03568,0.00343,0.02096,-0.01641,0.03537,0.01974,-0.00355,0.04024,0.01033,-0.02332,0.02806,0.02081,-0.03353,0.01681,0.03303,-0.02404
1150.3714,1,1,14.30,0.15,27.35,0.11695,0.02969,0.58288,0.70715,0.58042,0.4762,0,1,0.20318,-0.08502,0.01783,0.20297,-0.08504,0.01783,0.18,0.01,0.58042,0.47274,-0.08094,0.53099,1.12111,0.00002,0.16682,0.47283,-0.08114,0.53078,1.12104,0.00000,-0.17000,42,0.19557,-0.08768,0.01507,0.19060,0.09130,0,0.97877,0.00058,0.00498,-0.20491,Left,1,416.47,320.90,401.23,304.48,392.49,283.68,394.54,263.58,401.21,244.56,404.41,241.51,408.62,227.02,410.17,219.30,409.76,227.84,426.15,246.99,430.46,231.89,422.08,260.07,418.17,271.70,445.39,256.47,449.89,248.25,439.09,271.11,433.23,278.76,462.98,272.09,468.05,263.09,455.76,278.74,445.37,284.49,-0.00000,-0.02369,-0.04179,-0.05866,-0.07179,-0.01340,-0.04321,-0.05759,-0.06201,-0.01339,-0.04255,-0.03959,-0.02810,-0.01928,-0.04826,-0.03107,-0.01113,-0.02793,-0.04662,-0.03445,-0.01978,-0.00850,0.08275,0.04190,-0.03156,0.05871,0.01613,-0.03677,0.03608,0.00215,-0.03982,0.01291,-0.02072,-0.03087,-0.01677,-0.03861,-0.02989,-0.00616,0.00151,-0.02557,-0.02604,-0.01426,-0.02479,-0.03552,-0.03253,-0.02862,-0.02527,-0.07037,-0.00532,-0.00469,0.00463,-0.00031,-0.02313,-0.02867,-0.01192,0.00136,-0.03896,-0.01729,0.01114,-0.01548,0.02011,0.00180,0.00094,0.01981,-0.00304,-0.03150,0.00908,0.01529,-0.03671,0.00215,0.02303,-0.01633,0.03382,0.02047,-0.00300,0.03881,0.01290,-0.02411,0.02591,0.02393,-0.03353,0.01382,0.03526,-0.02306
1150.4035,1,1,14.48,0.16,29.07,0.11561,0.02910,0.57663,0.71519,0.57038,0.4858,0,1,0.20318,-0.08502,0.01783,0.20289,-0.08500,0.01776,0.18,0.01,0.57038,0.47275,-0.08068,0.53125,1.12112,0.00002,0.17252,0.47283,-0.08114,0.53078,1.12104,0.00000,-0.17000,42,0.19570,-0.08776,0.01502,0.19060,0.09130,0,0.97837,0.00025,0.00436,-0.20681,Left,1,415.78,320.17,400.63,303.36,392.65,282.33,395.12,262.18,401.56,243.42,404.21,241.58,407.66,226.80,409.15,219.10,409.69,226.80,426.11,247.27,429.51,231.35,421.51,260.07,418.95,272.48,445.57,256.89,450.13,247.26,439.32,269.99,434.12,278.64,463.49,272.68,468.92,261.65,457.13,276.60,447.72,282.93,-0.00000,-0.02151,-0.03762,-0.05283,-0.06457,-0.01066,-0.03758,-0.05002,-0.05364,-0.01116,-0.03829,-0.03464,-0.02297,-0.01720,-0.04500,-0.02809,-0.00848,-0.02568,-0.04308,-0.03071,-0.01622,-0.01020,0.08242,0.04303,-0.03246,0.05785,0.01694,-0.03692,0.03510,0.00288,-0.03873,0.01105,-0.01885,-0.03071,-0.01841,-0.03683,-0.02969,-0.00582,0.00150,-0.02644,-0.02621,-0.01365,-0.02611,-0.03568,-0.03167,-0.02860,-0.02732,-0.06902,-0.00535,-0.00426,0.00444,-0.00072,-0.02321,-0.02868,-0.01260,0.00152,-0.03817,-0.01616,0.01159,-0.01430,0.02032,0.00182,0.00097,0.02030,-0.00405,-0.03081,0.00916,0.01340,-0.03619,0.00312,0.02235,-0.01781,0.03396,0.02019,-0.00269,0.03949,0.01122,-0.02285,0.02716,0.02148,-0.03267,0.01627,0.03333,-0.02377
1150.4355,1,1,13.99,0.46,28.16,0.11603,0.02932,0.57963,0.71523,0.58262,0.4955,0,1,0.20318,-0.08502,0.01783,0.20292,-0.08502,0.01778,0.18,0.01,0.58262,0.47277,-0.08073,0.53113,1.12110,0.00001,0.17257,0.47283,-0.08114,0.53078,1.12104,0.00000,-0.17000,42,0.19573,-0.08779,0.01504,0.19060,0.09130,0,0.97812,-0.00002,0.00350,-0.20802,Left,1,416.40,320.41,400.48,303.14,392.42,281.81,395.37,261.23,401.96,242.35,403.75,242.25,407.93,227.29,410.06,218.78,410.35,226.07,425.65,247.86,430.23,231.73,422.29,259.44,418.05,271.68,445.02,257.25,450.18,247.65,439.71,269.91,433.63,278.41,463.06,272.74,468.93,261.42,457.29,276.34,447.14,282.59,-0.00000,-0.02033,-0.03576,-0.05037,-0.06146,-0.00971,-0.03777,-0.05167,-0.05610,-0.01069,-0.03880,-0.03639,-0.02551,-0.01709,-0.04518,-0.02853,-0.00903,-0.02585,-0.04309,-0.03034,-0.01554,-0.00973,0.08286,0.04062,-0.03257,0.05802,0.01582,-0.03650,0.03488,0.00257,-0.03857,0.00935,-0.01766,-0.03037,-0.01989,-0.03436,-0.03045,-0.00590,0.00167,-0.02623,-0.02682,-0.01222,-0.02437,-0.03735,-0.03057,-0.02757,-0.02886,-0.06780,-0.00551,-0.00435,0.00479,0.00037,-0.02405,-0.02816,-0.01142,-0.00011,-0.03738,-0.01696,0.01020,-0.01426,0.02078,0.00187,0.00084,0.02075,-0.00441,-0.03046,0.01049,0.01276,-0.03599,0.00355,0.02170,-0.01720,0.03454,0.01987,-0.00341,0.04078,0.01087,-0.02328,0.02801,0.02131,-0.03299,0.01634,0.03286,-0.02382
1150.4670,1,1,13.92,0.14,28.17,0.11532,0.02899,0.57764,0.70749,0.57566,0.4561,0,1,0.20318,-0.08502,0.01783,0.20293,-0.08503,0.01779,0.18,0.01,0.57566,0.47279,-0.08075,0.53112,1.12106,0.00001,0.17211,0.47283,-0.08114,0.53078,1.12104,0.00000,-0.17000,42,0.19571,-0.08779,0.01505,0.19060,0.09130,0,0.97785,-0.00029,0.00260,-0.20931,Left,1,415.34,320.43,400.15,303.36,392.16,282.33,394.43,262.60,401.06,243.88,403.46,241.37,407.72,226.63,409.18,219.29,409.09,228.35,425.43,247.01,430.41,230.51,422.24,258.31,417.91,271.51,444.91,256.66,450.08,246.95,439.41,269.28,433.11,278.37,462.66,272.50,468.47,261.34,456.74,276.15,446.56,282.70,-0.00000,-0.02121,-0.03753,-0.05303,-0.06494,-0.01072,-0.03965,-0.05425,-0.05892,-0.01183,-0.04077,-0.03898,-0.02828,-0.01849,-0.04651,-0.02996,-0.01049,-0.02769,-0.04485,-0.03219,-0.01736,-0.01008,0.08251,0.04181,-0.03284,0.05755,0.01633,-0.03706,0.03500,0.00231,-0.03970,0.01181,-0.01968,-0.03080,-0.01784,-0.03738,-0.02997,-0.00609,0.00189,-0.02552,-0.02626,-0.01349,-0.02510,-0.03566,-0.03129,-0.02875,-0.02483,-0.06821,-0.00545,-0.00444,0.00484,0.00015,-0.02372,-0.02802,-0.01184,0.00000,-0.03871,-0.01718,0.01143,-0.01736,0.02060,0.00204,0.00057,0.02057,-0.00459,-0.03049,0.00990,0.01278,-0.03686,0.00206,0.02230,-0.01937,0.03408,0.02016,-0.00400,0.04013,0.01138,-0.02328,0.02788,0.02125,-0.03334,0.01571,0.03308,-0.02490
1150.5002,1,1,15.14,0.16,29.86,0.11685,0.02951,0.58493,0.71108,0.59221,0.4355,0,1,0.20318,-0.08502,0.01783,0.20293,-0.08503,0.01778,0.18,0.01,0.59221,0.47281,-0.08074,0.53113,1.12106,0.00001,0.17193,0.47283,-0.08114,0.53078,1.12104,0.00000,-0.17000,42,0.19569,-0.08778,0.01505,0.19060,0.09130,0,0.97760,-0.00050,0.00190,-0.21044,Left,1,416.34,320.99,400.27,303.23,392.20,281.83,394.06,260.94,400.91,242.05,403.93,242.18,407.95,227.12,408.00,219.07,406.86,227.53,425.69,247.82,429.73,231.41,421.05,259.98,418.20,272.13,444.86,257.08,449.49,247.16,438.35,270.28,433.49,278.98,463.16,272.41,468.14,260.96,455.79,276.70,446.05,283.34,-0.00000,-0.02088,-0.03692,-0.05214,-0.06351,-0.01060,-0.03987,-0.05323,-0.05670,-0.01092,-0.03873,-0.03408,-0.02146,-0.01697,-0.04534,-0.02635,-0.00493,-0.02548,-0.04319,-0.02961,-0.01392,-0.00929,0.08371,0.03919,-0.03244,0.05849,0.01332,-0.03685,0.03508,0.00184,-0.04062,0.00964,-0.01828,-0.03082,-0.01984,-0.03602,-0.03073,-0.00611,0.00212,-0.02649,-0.02642,-0.01165,-0.02621,-0.03622,-0.02935,-0.03133,-0.02621,-0.06630,-0.00556,-0.00440,0.00490,-0.00035,-0.02342,-0.02706,-0.01223,0.00098,-0.03650,-0.01669,0.01073,-0.01165,0.02100,0.00201,0.00087,0.02013,-0.00440,-0.03120,0.00982,0.01363,-0.03624,0.00314,0.02273,-0.01567,0.03498,0.02009,-0.00458,0.04035,0.01078,-0.02462,0.02681,0.02193,-0.03485,0.01548,0.03428,-0.02473
1150.5308,1,1,13.93,0.14,27.54,0.11673,0.02885,0.58437,0.71331,0.58382,0.4450,0,1,0.20318,-0.08502,0.01783,0.20292,-0.08503,0.01778,0.18,0.01,0.58382,0.47281,-0.08073,0.53114,1.12106,0.00000,0.17178,0.47283,-0.08114,0.53078,1.12104,0.00000,-0.17000,42,0.19568,-0.08778,0.01505,0.19060,0.09130,0,0.97737,-0.00072,0.00124,-0.21153,Left,1,416.39,320.03,400.44,302.88,392.04,281.94,394.14,261.71,400.72,243.30,403.71,241.12,407.23,225.68,408.82,218.49,408.89,227.18,425.52,246.38,429.34,230.76,421.03,258.99,417.97,269.98,445.06,255.59,449.44,247.44,438.71,269.99,433.46,277.03,462.87,270.70,468.04,261.61,456.36,276.41,447.00,281.42,-0.00000,-0.02249,-0.03937,-0.05536,-0.06761,-0.01202,-0.04025,-0.05284,-0.05606,-0.01208,-0.03996,-0.03602,-0.02387,-0.01787,-0.04597,-0.02899,-0.00917,-0.02627,-0.04361,-0.03132,-0.01674,-0.00868,0.08286,0.04266,-0.03196,0.05924,0.01582,-0.03647,0.03608,0.00137,-0.03878,0.01228,-0.02095,-0.03001,-0.01666,-0.03917,-0.03026,-0.00602,0.00061,-0.02640,-0.02613,-0.01426,-0.02550,-0.03531,-0.03180,-0.02875,-0.02550,-0.06887,-0.00553,-0.00459,0.00440,-0.00056,-0.02293,-0.02861,-0.01188,0.00139,-0.03787,-0.01628,0.01032,-0.01304,0.02006,0.00175,0.00131,0.02018,-0.00315,-0.03102,0.00941,0.01483,-0.03583,0.00346,0.02295,-0.01583,0.03431,0.02009,-0.00136,0.03969,0.01202,-0.02250,0.02696,0.02260,-0.03263,0.01685,0.03359,-0.02250
1150.5642,1,1,15.46,0.15,29.63,0.11615,0.02869,0.58283,0.70317,0.58129,0.4655,0,1,0.20318,-0.08502,0.01783,0.20292,-0.08503,0.01778,0.18,0.01,0.58129,0.47282,-0.08073,0.53115,1.12105,0.00000,0.17160,0.47283,-0.08114,0.53078,1.12104,0.00000,-0.17000,42,0.19566,-0.08777,0.01505,0.19060,0.09130,0,0.97710,-0.00098,0.00050,-0.21277,Left,0,415.58,320.39,399.90,303.06,391.93,281.63,394.61,261.30,401.44,242.31,403.11,241.67,405.86,227.22,408.05,218.29,410.06,225.04,425.07,246.87,429.13,230.88,421.01,259.40,418.17,271.62,444.64,255.96,449.29,246.54,438.45,269.38,433.02,277.94,462.54,271.15,468.19,260.24,456.24,275.38,446.43,281.81,-0.00000,-0.02147,-0.03781,-0.05337,-0.06551,-0.01065,-0.03914,-0.05308,-0.05767,-0.01149,-0.04030,-0.03762,-0.02635,-0.01794,-0.04675,-0.02969,-0.00974,-0.02693,-0.04472,-0.03205,-0.01718,-0.00945,0.08342,0.03890,-0.03243,0.05853,0.01382,-0.03694,0.03536,0.00021,-0.03906,0.01055,-0.02021,-0.03045,-0.01865,-0.03787,-0.03026,-0.00564,0.00176,-0.02698,-0.02582,-0.01311,-0.02588,-0.03636,-0.03144,-0.02723,-0.02802,-0.06870,-0.00537,-0.00420,0.00497,-0.00053,-0.02295,-0.02786,-0.01225,0.00145,-0.03759,-0.01625,0.01193,-0.01387,0.02065,0.00196,0.00092,0.02031,-0.00396,-0.03090,0.00941,0.01379,-0.03587,0.00327,0.02286,-0.01722,0.03423,0.01972,-0.00436,0.04002,0.01078,-0.02390,0.02731,0.02139,-0.03352,0.01615,0.03327,-0.02419
1150.5947,1,1,14.32,0.15,26.59,0.11629,0.02821,0.58421,0.71415,0.58559,0.4653,0,1,0.20249,-0.08516,0.01832,0.20292,-0.08503,0.01778,0.69,0.01,0.58559,0.47283,-0.08072,0.53115,1.12105,0.00000,0.17145,0.47283,-0.08114,0.53078,1.12104,0.00000,-0.17000,42,0.19564,-0.08777,0.01505,0.19060,0.09130,0,0.97687,-0.00122,-0.00011,-0.21382,Left,0,416.27,319.10,400.14,301.85,391.67,281.37,394.24,261.48,399.99,242.89,402.91,240.56,406.93,225.89,409.28,217.84,409.68,226.27,425.00,245.96,429.49,229.64,421.70,257.76,417.70,270.34,444.33,255.14,448.79,245.89,438.62,268.80,433.15,277.46,462.49,270.43,467.76,259.96,456.37,275.11,446.68,281.06,-0.00000,-0.02133,-0.03780,-0.05330,-0.06506,-0.01174,-0.04083,-0.05486,-0.05910,-0.01238,-0.04173,-0.03899,-0.02744,-0.01856,-0.04756,-0.03012,-0.00970,-0.02720,-0.04503,-0.03209,-0.01688,-0.00839,0.08262,0.04268,-0.03161,0.05902,0.01666,-0.03636,0.03643,0.00236,-0.03892,0.01278,-0.01875,-0.03162,-0.01698,-0.03680,-0.03077,-0.00586,0.00147,-0.02647,-0.02597,-0.01355,-0.02481,-0.03525,-0.03070,-0.02804,-0.02617,-0.06805,-0.00560,-0.00416,0.00432,-0.00040,-0.02366,-0.02851,-0.01147,0.00061,-0.03734,-0.01728,0.01050,-0.01274,0.02041,0.00121,0.00093,0.02046,-0.00409,-0.03075,0.00968,0.01390,-0.03624,0.00294,0.02258,-0.01531,0.03469,0.01985,-0.00220,0.04022,0.01132,-0.02271,0.02715,0.02136,-0.03268,0.01686,0.03303,-0.02207
1150.6299,1,1,15.61,0.54,31.94,0.11665,0.02803,0.58707,0.71206,0.58993,0.4785,0,1,0.20106,-0.08552,0.01850,0.20115,-0.08536,0.01824,0.26,0.00,0.58993,0.47881,-0.09400,0.54263,1.12281,0.00003,0.17121,0.47927,-0.09377,0.54197,1.12268,0.00000,-0.17000,42,0.19396,-0.08792,0.01535,0.19060,0.09130,0,0.97609,-0.00108,-0.00057,-0.21738,Left,0,415.12,319.22,400.23,302.10,392.55,281.81,393.86,261.60,399.56,242.69,402.92,240.15,406.56,226.09,407.89,217.47,408.96,224.82,425.06,245.67,429.18,229.36,420.97,258.21,418.11,270.34,444.31,255.00,448.84,245.66,437.80,268.83,432.56,277.47,462.28,270.76,467.39,260.01,455.24,275.48,445.44,281.99,-0.00000,-0.02271,-0.04001,-0.05604,-0.06831,-0.01277,-0.04161,-0.05548,-0.06001,-0.01263,-0.04091,-0.03710,-0.02519,-0.01814,-0.04644,-0.02785,-0.00701,-0.02628,-0.04398,-0.03063,-0.01527,-0.00903,0.08269,0.04329,-0.03173,0.05815,0.01552,-0.03597,0.03616,0.00259,-0.03955,0.01250,-0.01956,-0.03198,-0.01781,-0.03709,-0.03095,-0.00563,0.00183,-0.02631,-0.02506,-0.01310,-0.02618,-0.03579,-0.03143,-0.02827,-0.02694,-0.06965,-0.00564,-0.00437,0.00456,-0.00057,-0.02400,-0.02830,-0.01213,0.00059,-0.03817,-0.01587,0.01054,-0.01431,0.02091,0.00160,0.00105,0.02032,-0.00428,-0.03101,0.00932,0.01350,-0.03658,0.00263,0.02235,-0.01712,0.03512,0.02016,-0.00304,0.03978,0.01152,-0.02293,0.02680,0.02134,-0.03305,0.01559,0.03420,-0.02356
1150.6595,1,1,14.32,0.15,26.46,0.11645,0.02752,0.58640,0.71143,0.58573,0.4122,0,1,0.20139,-0.08531,0.01900,0.20101,-0.08549,0.01821,0.75,0.00,0.58573,0.47979,-0.09408,0.54299,1.12275,0.00001,0.17108,0.47927,-0.09377,0.54197,1.12268,0.00000,-0.17000,42,0.19370,-0.08810,0.01537,0.19060,0.09130,0,0.97569,-0.00128,-0.00108,-0.21916,Left,0,415.18,318.58,399.51,301.42,391.62,279.86,394.25,259.38,399.83,240.78,403.22,239.64,406.77,224.81,408.29,217.06,408.03,225.46,425.11,244.94,429.37,228.56,421.37,256.21,417.52,269.02,444.24,254.44,449.08,244.58,438.15,267.51,432.08,276.65,462.22,270.22,467.41,259.48,455.45,274.73,445.27,281.26,-0.00000,-0.01991,-0.03472,-0.04875,-0.05913,-0.00935,-0.03711,-0.05007,-0.05359,-0.01047,-0.03813,-0.03474,-0.02297,-0.01702,-0.04518,-0.02788,-0.00760,-0.02588,-0.04350,-0.03076,-0.01566,-0.01018,0.08394,0.04029,-0.03272,0.05912,0.01576,-0.03709,0.03586,0.00210,-0.03936,0.01037,-0.01838,-0.03159,-0.01895,-0.03677,-0.03035,-0.00633,0.00252,-0.02667,-0.02671,-0.01196,-0.02586,-0.03592,-0.02904,-0.02957,-0.02652,-0.06464,-0.00563,-0.00442,0.00462,-0.00029,-0.02415,-0.02687,-0.01132,-0.00053,-0.03626,-0.01693,0.01000,-0.01310,0.02039,0.00174,0.00014,0.02059,-0.00458,-0.03040,0.00940,0.01305,-0.03625,0.00228,0.02343,-0.01660,0.03428,0.02043,-0.00382,0.03999,0.01114,-0.02383,0.02708,0.02190,-0.03363,0.01529,0.03438,-0.02355
1150.6928,1,1,14.55,0.59,29.88,0.11591,0.02666,0.58416,0.72194,0.58192,0.4656,0,1,0.20252,-0.08478,0.01986,0.20284,-0.08518,0.01997,0.17,0.01,0.58192,0.47372,-0.09267,0.52752,1.13328,0.00000,0.17094,0.47303,-0.09203,0.52855,1.13418,0.00000,-0.17000,42,0.19544,-0.08783,0.01708,0.19060,0.09130,0,0.97606,-0.00193,-0.00325,-0.21746,Left,0,415.80,317.50,399.67,300.72,391.10,279.75,393.88,259.74,399.92,241.16,402.90,238.54,406.88,223.54,408.66,216.63,408.76,225.15,424.74,244.18,429.02,228.64,420.62,256.21,416.96,267.60,444.12,253.65,448.84,244.50,438.01,266.86,432.43,274.89,461.88,269.00,467.41,258.57,455.50,273.43,445.66,279.39,-0.00000,-0.02211,-0.03850,-0.05386,-0.06558,-0.01189,-0.03973,-0.05271,-0.05633,-0.01203,-0.03924,-0.03564,-0.02407,-0.01783,-0.04558,-0.02906,-0.00970,-0.02615,-0.04385,-0.03190,-0.01752,-0.00904,0.08352,0.04307,-0.03252,0.05875,0.01668,-0.03723,0.03611,0.00208,-0.03914,0.01204,-0.02020,-0.03112,-0.01704,-0.03793,-0.02984,-0.00626,0.00096,-0.02588,-0.02709,-0.01447,-0.02490,-0.03537,-0.03200,-0.02818,-0.02579,-0.06904,-0.00539,-0.00451,0.00442,-0.00016,-0.02339,-0.02923,-0.01175,0.00059,-0.03876,-0.01723,0.01025,-0.01528,0.02019,0.00198,0.00126,0.02092,-0.00365,-0.03084,0.00912,0.01338,-0.03695,0.00292,0.02246,-0.01605,0.03451,0.02035,-0.00208,0.04013,0.01172,-0.02301,0.02765,0.02201,-0.03334,0.01624,0.03383,-0.02360
1150.7395,1,1,13.87,0.47,43.55,0.11487,0.02579,0.58108,0.70057,0.57800,0.4713,0,1,0.20405,-0.08374,0.02073,0.20384,-0.08412,0.02056,0.13,0.00,0.57800,0.46618,-0.08862,0.51797,1.14087,0.00000,0.17076,0.46439,-0.08826,0.51665,1.14232,0.00000,-0.17000,42,0.19642,-0.08677,0.01755,0.19060,0.09130,0,0.97659,-0.00181,-0.00247,-0.21507,Left,0,414.14,317.51,398.85,299.98,390.69,278.99,393.47,258.76,399.65,239.92,402.15,237.53,406.41,223.93,407.70,215.56,408.18,222.52,424.26,243.18,428.30,227.48,419.74,255.78,416.50,268.09,443.54,252.65,448.02,243.55,436.82,266.60,431.54,275.60,461.65,268.59,466.85,257.57,454.44,272.90,444.30,279.57,-0.00000,-0.02117,-0.03742,-0.05272,-0.06446,-0.01062,-0.03769,-0.05046,-0.05444,-0.01127,-0.03826,-0.03451,-0.02292,-0.01739,-0.04481,-0.02729,-0.00736,-0.02601,-0.04345,-0.03085,-0.01615,-0.00952,0.08355,0.04021,-0.03223,0.05801,0.01428,-0.03627,0.03547,0.00209,-0.03932,0.01121,-0.01968,-0.03088,-0.01791,-0.03657,-0.02992,-0.00619,0.00221,-0.02544,-0.02590,-0.01302,-0.02521,-0.03598,-0.03073,-0.02806,-0.02749,-0.06801,-0.00539,-0.00438,0.00495,-0.00067,-0.02405,-0.02782,-0.01268,0.00034,-0.03832,-0.01693,0.01117,-0.01626,0.02062,0.00203,0.00073,0.01990,-0.00427,-0.03116,0.00912,0.01350,-0.03669,0.00211,0.02304,-0.01737,0.03447,0.02044,-0.00443,0.03932,0.01169,-0.02421,0.02677,0.02176,-0.03376,0.01482,0.03429,-0.02436
1150.7737,1,1,15.85,0.15,30.95,0.11462,0.02510,0.58186,0.69704,0.58264,0.4571,0,1,0.20367,-0.08349,0.02143,0.20401,-0.08381,0.02063,0.90,0.00,0.58264,0.46426,-0.08818,0.51685,1.14205,0.00000,0.17062,0.46439,-0.08826,0.51665,1.14232,0.00000,-0.17000,42,0.19671,-0.08648,0.01770,0.19060,0.09130,0,0.97659,-0.00205,-0.00312,-0.21509,Left,0,414.22,316.67,398.32,298.38,390.93,277.09,393.42,256.44,399.59,237.78,401.64,237.20,404.94,222.76,407.13,214.03,408.21,221.42,423.88,242.38,428.44,225.30,420.52,253.06,416.07,267.15,443.02,251.81,447.65,241.07,436.81,263.92,430.26,274.67,461.26,268.03,466.71,255.73,454.56,270.46,443.41,278.13,-0.00000,-0.01981,-0.03462,-0.04868,-0.05906,-0.00837,-0.03481,-0.04750,-0.05155,-0.00970,-0.03747,-0.03483,-0.02364,-0.01629,-0.04423,-0.02679,-0.00649,-0.02521,-0.04284,-0.03003,-0.01493,-0.00981,0.08307,0.03965,-0.03292,0.05910,0.01542,-0.03598,0.03527,0.00287,-0.03879,0.01002,-0.01610,-0.03054,-0.01966,-0.03439,-0.03093,-0.00628,0.00312,-0.02713,-0.02622,-0.01124,-0.02528,-0.03669,-0.02878,-0.02806,-0.02838,-0.06534,-0.00578,-0.00434,0.00473,0.00013,-0.02519,-0.02663,-0.01148,-0.00179,-0.03660,-0.01772,0.00992,-0.01528,0.02049,0.00178,-0.00008,0.02085,-0.00619,-0.03060,0.00986,0.01080,-0.03747,0.00108,0.02251,-0.01895,0.03407,0.02008,-0.00445,0.04089,0.00980,-0.02367,0.02732,0.01925,-0.03457,0.01454,0.03246,-0.02576
1150.8035,1,1,13.97,0.51,26.23,0.11346,0.02355,0.57742,0.70167,0.57298,0.4885,0,1,0.20589,-0.08232,0.02297,0.20614,-0.08174,0.02326,0.26,0.01,0.57298,0.44919,-0.08619,0.49339,1.16553,-0.00000,0.17054,0.45336,-0.08645,0.49789,1.15922,0.00000,-0.17000,42,0.19886,-0.08455,0.02038,0.19060,0.09130,0,0.97797,-0.00197,-0.00267,-0.20872,Left,0,413.67,314.38,398.50,296.67,390.51,276.29,392.87,256.43,399.00,238.14,401.50,235.03,404.54,221.40,406.98,212.52,408.54,219.53,423.83,240.40,427.94,223.63,420.05,251.98,416.22,265.43,442.98,250.08,447.76,239.77,437.27,262.41,431.45,271.87,461.11,266.54,466.48,255.10,454.98,269.42,444.80,275.75,-0.00000,-0.02160,-0.03767,-0.05266,-0.06393,-0.01055,-0.03693,-0.04934,-0.05340,-0.01132,-0.03937,-0.03641,-0.02491,-0.01748,-0.04549,-0.02805,-0.00787,-0.02614,-0.04365,-0.03104,-0.01624,-0.00934,0.08201,0.04322,-0.03173,0.05818,0.01774,-0.03552,0.03544,0.00471,-0.03844,0.01187,-0.01623,-0.03054,-0.01748,-0.03449,-0.03029,-0.00615,0.00267,-0.02726,-0.02557,-0.01196,-0.02563,-0.03635,-0.02938,-0.02764,-0.02860,-0.06654,-0.00556,-0.00417,0.00451,-0.00016,-0.02501,-0.02740,-0.01217,-0.00146,-0.03706,-0.01753,0.00985,-0.01438,0.02021,0.00158,0.00026,0.02049,-0.00588,-0.03042,0.01001,0.01127,-0.03662,0.00209,0.02149,-0.01821,0.03399,0.02016,-0.00329,0.04018,0.01049,-0.02311,0.02749,0.01966,-0.03317,0.01553,0.03168,-0.02450
1150.8373,1,1,15.18,0.67,30.10,0.11246,0.02145,0.57344,0.70892,0.56946,0.4875,0,1,0.20788,-0.08132,0.02507,0.20826,-0.08181,0.02516,0.23,0.01,0.56946,0.44462,-0.08303,0.47528,1.17507,-0.00000,0.17043,0.44380,-0.08219,0.47615,1.17668,0.00000,-0.17000,42,0.20082,-0.08465,0.02214,0.19060,0.09130,0,0.97818,-0.00274,-0.00554,-0.20768,Left,0,414.14,311.83,397.70,294.48,389.50,273.41,392.51,253.08,398.24,234.62,401.39,232.85,404.78,218.33,407.26,210.35,407.84,218.86,423.47,238.15,427.98,221.58,419.91,249.65,415.70,262.50,442.57,247.69,447.15,237.86,436.69,261.10,431.14,270.25,460.84,263.62,466.34,252.41,454.88,267.43,444.94,273.72,-0.00000,-0.02166,-0.03701,-0.05117,-0.06150,-0.01061,-0.03755,-0.04953,-0.05260,-0.01106,-0.03934,-0.03585,-0.02369,-0.01705,-0.04595,-0.02856,-0.00795,-0.02545,-0.04396,-0.03161,-0.01660,-0.00896,0.08252,0.04233,-0.03211,0.05925,0.01721,-0.03658,0.03559,0.00369,-0.03823,0.01182,-0.01637,-0.03164,-0.01796,-0.03465,-0.02965,-0.00640,0.00206,-0.02715,-0.02685,-0.01217,-0.02466,-0.03629,-0.02940,-0.02788,-0.02715,-0.06667,-0.00560,-0.00460,0.00461,0.00035,-0.02450,-0.02862,-0.01181,-0.00091,-0.03792,-0.01709,0.01013,-0.01306,0.02047,0.00158,0.00036,0.02034,-0.00526,-0.03138,0.00953,0.01300,-0.03679,0.00216,0.02276,-0.01523,0.03359,0.02020,-0.00267,0.04043,0.01107,-0.02400,0.02749,0.02086,-0.03435,0.01582,0.03264,-0.02404
1150.8704,1,1,14.91,0.77,28.95,0.11164,0.01972,0.57152,0.69466,0.56959,0.4552,0,1,0.20884,-0.08051,0.02680,0.20861,-0.08019,0.02682,0.22,0.01,0.56959,0.43603,-0.08217,0.46053,1.19598,-0.00000,0.17023,0.43751,-0.08268,0.46313,1.19026,0.00000,-0.17000,42,0.20139,-0.08320,0.02387,0.19060,0.09130,0,0.97889,-0.00216,-0.00300,-0.20435,Left,0,412.91,311.20,397.37,293.17,389.60,271.45,391.57,251.26,397.34,233.09,400.76,231.10,404.13,217.16,406.15,207.97,406.92,215.05,422.82,236.42,427.09,219.08,419.11,247.14,415.24,261.47,442.08,246.14,446.27,235.22,435.73,258.28,430.16,268.54,460.67,262.70,465.99,250.14,454.08,264.71,443.71,271.94,-0.00000,-0.02004,-0.03437,-0.04789,-0.05780,-0.00776,-0.03377,-0.04594,-0.04957,-0.00902,-0.03703,-0.03406,-0.02214,-0.01567,-0.04365,-0.02611,-0.00541,-0.02469,-0.04223,-0.02952,-0.01439,-0.00986,0.08243,0.04231,-0.03212,0.05856,0.01747,-0.03602,0.03508,0.00436,-0.03890,0.01097,-0.01675,-0.03082,-0.01808,-0.03573,-0.03024,-0.00653,0.00276,-0.02689,-0.02580,-0.01187,-0.02530,-0.03639,-0.02872,-0.02816,-0.02887,-0.06541,-0.00560,-0.00413,0.00451,-0.00054,-0.02516,-0.02732,-0.01241,-0.00184,-0.03660,-0.01747,0.01020,-0.01397,0.02025,0.00151,0.00008,0.01994,-0.00596,-0.03053,0.00882,0.01135,-0.03690,0.00144,0.02232,-0.01708,0.03370,0.02022,-0.00362,0.04014,0.01008,-0.02328,0.02696,0.01921,-0.03416,0.01507,0.03186,-0.02569
1150.9002,1,1,14.44,0.60,26.47,0.11055,0.01770,0.56841,0.68848,0.56530,0.4843,0,1,0.21039,-0.07942,0.02883,0.21126,-0.07943,0.02918,0.23,0.01,0.56530,0.42654,-0.08087,0.44124,1.20675,-0.00000,0.17001,0.42893,-0.08086,0.44519,1.20634,0.00000,-0.17000,42,0.20397,-0.08255,0.02609,0.19060,0.09130,0,0.97963,-0.00318,-0.00724,-0.20068,Left,0,413.67,308.54,397.66,290.80,389.03,270.24,390.62,249.51,396.32,230.74,399.47,229.28,403.20,215.23,406.06,205.75,407.28,213.07,421.87,234.55,426.55,216.51,419.10,244.53,414.19,258.93,441.35,244.06,445.89,232.72,435.72,256.34,429.22,267.51,460.23,260.39,465.68,247.66,454.15,262.54,443.15,270.08,-0.00000,-0.02213,-0.03844,-0.05346,-0.06467,-0.01192,-0.03972,-0.05298,-0.05714,-0.01234,-0.04192,-0.03962,-0.02809,-0.01810,-0.04772,-0.03024,-0.00928,-0.02626,-0.04494,-0.03216,-0.01673,-0.00757,0.08138,0.03969,-0.03079,0.05793,0.01470,-0.03451,0.03503,0.00345,-0.03874,0.01079,-0.01562,-0.03199,-0.01858,-0.03286,-0.03054,-0.00585,0.00311,-0.02699,-0.02567,-0.01077,-0.02465,-0.03737,-0.02747,-0.02691,-0.02897,-0.06454,-0.00566,-0.00416,0.00461,-0.00065,-0.02571,-0.02685,-0.01217,-0.00280,-0.03702,-0.01817,0.00888,-0.01405,0.02059,0.00121,0.00014,0.01972,-0.00711,-0.03078,0.01002,0.01098,-0.03711,0.00115,0.02200,-0.01781,0.03399,0.01940,-0.00367,0.04039,0.00959,-0.02327,0.02735,0.01861,-0.03423,0.01536,0.03136,-0.02452
1150.9338,1,1,15.42,0.55,30.31,0.11079,0.01531,0.57251,0.69470,0.57661,0.4788,0,1,0.20834,-0.07966,0.03121,0.20805,-0.07929,0.03108,0.52,0.00,0.57661,0.43296,-0.10163,0.44940,1.22644,0.00000,0.16993,0.43371,-0.09932,0.44943,1.22072,0.00000,-0.17000,42,0.20084,-0.08221,0.02811,0.19060,0.09130,0,0.97891,-0.00257,-0.00421,-0.20424,Left,0,411.82,306.70,395.45,287.55,387.93,266.31,389.76,245.53,395.75,227.11,399.63,225.76,403.11,212.35,404.69,202.96,405.61,210.22,421.88,231.13,426.01,214.12,417.61,242.38,413.21,257.21,440.86,240.90,445.48,229.99,434.20,253.14,428.01,264.50,459.46,257.66,464.17,245.19,452.05,259.60,441.58,267.42,-0.00000,-0.01991,-0.03430,-0.04788,-0.05763,-0.00696,-0.03303,-0.04555,-0.04945,-0.00811,-0.03584,-0.03285,-0.02097,-0.01463,-0.04237,-0.02418,-0.00298,-0.02356,-0.04101,-0.02795,-0.01237,-0.01023,0.08375,0.04088,-0.03267,0.05911,0.01543,-0.03609,0.03479,0.00471,-0.03979,0.01012,-0.01463,-0.03267,-0.01944,-0.03281,-0.03077,-0.00701,0.00346,-0.02700,-0.02618,-0.01090,-0.02556,-0.03774,-0.02740,-0.02867,-0.02917,-0.06490,-0.00548,-0.00453,0.00463,-0.00093,-0.02609,-0.02633,-0.01264,-0.00261,-0.03651,-0.01871,0.01080,-0.01393,0.02036,0.00192,-0.00012,0.02008,-0.00694,-0.03022,0.00904,0.01012,-0.03752,0.00010,0.02265,-0.01822,0.03373,0.02054,-0.00395,0.03973,0.01032,-0.02335,0.02630,0.01863,-0.03446,0.01479,0.03241,-0.02704
1150.9637,1,1,14.28,0.48,25.98,0.10950,0.01254,0.56749,0.70990,0.56248,0.4270,0,1,0.21085,-0.07837,0.03398,0.21116,-0.07799,0.03431,0.30,0.01,0.56248,0.41983,-0.09318,0.41496,1.25055,-0.00000,0.16980,0.42299,-0.09457,0.42127,1.24390,0.00000,-0.17000,42,0.20389,-0.08108,0.03128,0.19060,0.09130,0,0.98000,-0.00290,-0.00575,-0.19889,Left,0,413.13,302.72,395.05,284.79,386.06,263.12,389.72,242.38,395.58,224.09,399.51,223.55,402.86,208.45,404.89,200.48,404.21,208.84,421.42,228.73,425.37,210.65,417.23,238.41,412.61,252.07,440.32,238.53,444.64,227.18,433.92,250.74,427.96,261.16,458.77,254.62,464.36,241.95,452.90,256.62,442.60,263.71,-0.00000,-0.02040,-0.03414,-0.04702,-0.05616,-0.00833,-0.03443,-0.04591,-0.04832,-0.00899,-0.03644,-0.03295,-0.02056,-0.01512,-0.04438,-0.02823,-0.00784,-0.02333,-0.04212,-0.03039,-0.01550,-0.00874,0.08256,0.04282,-0.03225,0.05828,0.01690,-0.03797,0.03476,0.00251,-0.03910,0.01074,-0.01857,-0.03216,-0.01782,-0.03704,-0.02893,-0.00689,0.00114,-0.02695,-0.02788,-0.01286,-0.02417,-0.03591,-0.02902,-0.02941,-0.02751,-0.06423,-0.00514,-0.00466,0.00444,0.00027,-0.02546,-0.02853,-0.01233,-0.00240,-0.03796,-0.01825,0.00935,-0.01255,0.01990,0.00172,0.00038,0.01981,-0.00564,-0.03096,0.00809,0.01199,-0.03700,0.00023,0.02319,-0.01461,0.03329,0.02012,-0.00181,0.04050,0.01023,-0.02376,0.02704,0.01919,-0.03515,0.01446,0.03132,-0.02473
1150.9977,1,1,15.75,0.55,30.73,0.10852,0.00967,0.56716,0.69119,0.56683,0.4391,0,1,0.21102,-0.07738,0.03685,0.21054,-0.07723,0.03594,0.42,0.01,0.56683,0.41746,-0.10064,0.41057,1.26530,-0.00000,0.16971,0.41759,-0.10208,0.40837,1.26442,0.00000,-0.17000,42,0.20334,-0.08040,0.03281,0.19060,0.09130,0,0.98005,-0.00279,-0.00494,-0.19869,Left,0,412.01,300.67,395.10,282.50,386.22,260.66,388.48,240.17,393.81,221.66,397.85,220.51,400.88,206.69,403.57,198.58,404.81,205.89,419.68,225.42,424.54,207.07,416.99,235.48,412.56,250.09,438.82,235.07,443.75,223.96,433.10,248.30,426.81,259.48,457.38,251.53,463.09,238.88,451.30,254.23,440.57,261.90,-0.00000,-0.02009,-0.03379,-0.04672,-0.05618,-0.00695,-0.03355,-0.04643,-0.05017,-0.00842,-0.03744,-0.03578,-0.02415,-0.01528,-0.04554,-0.03021,-0.00996,-0.02421,-0.04330,-0.03139,-0.01620,-0.00775,0.08294,0.04007,-0.03068,0.05895,0.01571,-0.03556,0.03498,0.00333,-0.03872,0.01038,-0.01699,-0.03256,-0.01787,-0.03441,-0.02939,-0.00683,0.00308,-0.02673,-0.02598,-0.01194,-0.02456,-0.03534,-0.02804,-0.02706,-0.02745,-0.06245,-0.00536,-0.00438,0.00448,-0.00023,-0.02573,-0.02725,-0.01159,-0.00264,-0.03709,-0.01737,0.00955,-0.01321,0.01932,0.00165,-0.00016,0.01961,-0.00564,-0.03147,0.00880,0.01262,-0.03692,0.00019,0.02431,-0.01575,0.03321,0.02045,-0.00397,0.03999,0.01039,-0.02491,0.02655,0.01976,-0.03586,0.01399,0.03297,-0.02485
1151.0278,1,1,14.48,0.52,26.58,0.10812,0.00705,0.56902,0.69459,0.57088,0.4204,0,1,0.21009,-0.07699,0.03947,0.20981,-0.07683,0.03913,0.47,0.00,0.57088,0.41711,-0.11527,0.40262,1.28747,0.00000,0.16954,0.41731,-0.11573,0.40389,1.28260,0.00000,-0.17000,42,0.20229,-0.07981,0.03591,0.19060,0.09130,0,0.97996,-0.00280,-0.00481,-0.19913,Left,0,412.02,298.25,394.42,280.15,385.14,258.78,386.98,238.09,393.76,219.81,396.74,218.64,399.76,203.95,402.38,195.21,403.92,202.06,418.73,223.36,423.15,204.71,415.74,232.76,411.59,247.44,438.28,232.62,443.00,220.54,432.65,244.60,426.36,256.02,457.18,248.64,462.67,235.67,450.80,251.07,439.75,259.35,-0.00000,-0.02051,-0.03549,-0.04986,-0.06083,-0.00870,-0.03510,-0.04766,-0.05143,-0.01014,-0.03858,-0.03645,-0.02491,-0.01690,-0.04591,-0.02982,-0.00968,-0.02588,-0.04418,-0.03201,-0.01699,-0.00692,0.08259,0.04129,-0.03060,0.05870,0.01641,-0.03564,0.03501,0.00422,-0.03881,0.01044,-0.01602,-0.03073,-0.01709,-0.03498,-0.03009,-0.00658,0.00273,-0.02683,-0.02622,-0.01111,-0.02522,-0.03603,-0.02690,-0.02732,-0.02884,-0.06152,-0.00535,-0.00413,0.00449,-0.00041,-0.02588,-0.02625,-0.01135,-0.00304,-0.03594,-0.01720,0.00937,-0.01265,0.01973,0.00168,0.00020,0.02033,-0.00707,-0.03030,0.00932,0.01097,-0.03648,0.00157,0.02303,-0.01677,0.03393,0.01972,-0.00367,0.04025,0.00911,-0.02331,0.02723,0.01857,-0.03446,0.01451,0.03265,-0.02465
1151.0624,1,1,15.29,0.57,30.86,0.10734,0.00393,0.56797,0.68497,0.56691,0.4115,0,1,0.21061,-0.07621,0.04259,0.21057,-0.07637,0.04252,0.42,0.01,0.56691,0.41322,-0.11944,0.38151,1.31162,-0.00000,0.16937,0.41269,-0.12143,0.38624,1.30587,0.00000,-0.17000,42,0.20317,-0.07963,0.03924,0.19060,0.09130,0,0.98005,-0.00308,-0.00589,-0.19863,Left,0,410.89,295.88,394.35,277.55,385.76,255.46,387.91,233.62,394.19,215.15,395.96,214.52,398.64,200.27,401.27,191.93,403.40,198.63,418.63,219.37,422.74,202.03,415.22,230.76,411.67,243.95,438.39,228.93,443.10,218.30,432.26,242.46,426.32,252.43,457.05,245.26,462.13,233.48,450.13,249.10,439.67,256.44,-0.00000,-0.02080,-0.03532,-0.04899,-0.05911,-0.00834,-0.03432,-0.04642,-0.05021,-0.00944,-0.03729,-0.03421,-0.02231,-0.01596,-0.04477,-0.02751,-0.00686,-0.02481,-0.04330,-0.03071,-0.01544,-0.00765,0.08378,0.04011,-0.03071,0.06013,0.01580,-0.03473,0.03546,0.00360,-0.03703,0.01023,-0.01579,-0.03053,-0.01801,-0.03367,-0.03009,-0.00687,0.00352,-0.02733,-0.02596,-0.01151,-0.02512,-0.03519,-0.02591,-0.02690,-0.02844,-0.06024,-0.00544,-0.00419,0.00423,-0.00111,-0.02409,-0.02677,-0.01159,-0.00115,-0.03525,-0.01672,0.01002,-0.01075,0.01955,0.00158,-0.00029,0.02014,-0.00558,-0.03102,0.00885,0.01163,-0.03650,0.00165,0.02270,-0.01486,0.03410,0.01994,-0.00380,0.03977,0.01083,-0.02438,0.02657,0.02036,-0.03479,0.01547,0.03397,-0.02411
1151.0923,1,1,14.75,0.51,25.98,0.10667,0.00106,0.56536,0.68453,0.56276,0.3843,0,1,0.21192,-0.07554,0.04546,0.21207,-0.07539,0.04571,0.31,0.01,0.56276,0.40527,-0.11974,0.35782,1.33351,-0.00000,0.16933,0.40672,-0.11984,0.36208,1.32838,0.00000,-0.17000,42,0.20467,-0.07882,0.04254,0.19060,0.09130,0,0.98062,-0.00334,-0.00733,-0.19575,Left,0,411.64,292.42,394.38,274.74,385.17,252.86,387.32,231.64,393.89,212.71,396.47,212.65,399.33,197.38,401.84,189.71,402.62,197.72,418.58,217.25,422.97,198.23,415.26,226.80,410.68,241.80,438.20,226.57,442.00,215.09,431.87,239.75,426.02,251.45,457.07,242.25,462.20,229.35,450.71,244.77,440.30,253.05,-0.00000,-0.02211,-0.03730,-0.05159,-0.06219,-0.01010,-0.03736,-0.04994,-0.05336,-0.01084,-0.04093,-0.03954,-0.02793,-0.01703,-0.04765,-0.03190,-0.01134,-0.02551,-0.04498,-0.03316,-0.01791,-0.00693,0.08264,0.03819,-0.03080,0.05937,0.01409,-0.03610,0.03576,0.00082,-0.03816,0.01118,-0.01852,-0.03072,-0.01704,-0.03665,-0.02988,-0.00653,0.00233,-0.02724,-0.02613,-0.01187,-0.02466,-0.03523,-0.02720,-0.02846,-0.02652,-0.06110,-0.00532,-0.00431,0.00459,-0.00032,-0.02454,-0.02746,-0.01198,-0.00184,-0.03692,-0.01773,0.01090,-0.01173,0.01947,0.00118,-0.00011,0.01929,-0.00591,-0.03183,0.00816,0.01296,-0.03699,0.00060,0.02508,-0.01519,0.03313,0.01960,-0.00362,0.04011,0.00948,-0.02518,0.02594,0.01879,-0.03734,0.01442,0.03266,-0.02485
1151.1243,1,1,14.24,0.51,28.17,0.10596,-0.00197,0.56270,0.68894,0.56004,0.4026,0,1,0.21324,-0.07482,0.04849,0.21342,-0.07477,0.04915,0.31,0.01,0.56004,0.39950,-0.11730,0.32923,1.35924,-0.00001,0.16929,0.40052,-0.11700,0.33598,1.35163,0.00000,-0.17000,42,0.20592,-0.07846,0.04603,0.19060,0.09130,0,0.98092,-0.00355,-0.00819,-0.19423,Left,0,411.95,288.78,393.43,271.04,383.94,247.63,387.16,226.11,392.95,207.67,396.27,209.13,398.92,192.90,400.90,186.19,401.55,193.25,418.14,213.95,422.75,194.70,415.01,223.45,410.75,238.66,437.70,223.79,442.38,210.99,431.40,236.19,425.17,248.43,456.74,239.58,461.78,225.88,449.54,241.79,438.86,250.54,-0.00000,-0.01925,-0.03150,-0.04311,-0.05167,-0.00802,-0.03414,-0.04686,-0.05065,-0.00976,-0.03863,-0.03748,-0.02646,-0.01662,-0.04716,-0.03293,-0.01346,-0.02531,-0.04527,-0.03421,-0.01956,-0.00802,0.08274,0.03812,-0.03163,0.05920,0.01376,-0.03583,0.03439,0.00166,-0.03792,0.00854,-0.01785,-0.03147,-0.01810,-0.03488,-0.02963,-0.00696,0.00275,-0.02679,-0.02663,-0.01234,-0.02556,-0.03541,-0.02787,-0.02926,-0.02750,-0.06068,-0.00507,-0.00424,0.00443,-0.00095,-0.02464,-0.02734,-0.01198,-0.00148,-0.03665,-0.01814,0.01061,-0.01186,0.01906,0.00189,-0.00004,0.01951,-0.00566,-0.03174,0.00745,0.01269,-0.03730,-0.00060,0.02617,-0.01531,0.03274,0.02038,-0.00371,0.03949,0.00996,-0.02483,0.02524,0.01981,-0.03720,0.01320,0.03379,-0.02482
1151.1725,1,1,14.58,0.47,44.98,0.10544,-0.00511,0.56307,0.68695,0.56344,0.3673,0,1,0.21306,-0.07430,0.05164,0.21322,-0.07447,0.05093,0.41,0.01,0.56344,0.39844,-0.12221,0.32130,1.37229,-0.00000,0.16904,0.39813,-0.12369,0.32037,1.37401,0.00000,-0.17000,42,0.20569,-0.07806,0.04771,0.19060,0.09130,0,0.98084,-0.00345,-0.00789,-0.19460,Left,0,410.27,285.78,392.98,268.40,383.88,245.15,386.70,223.68,393.01,205.07,395.82,205.81,398.85,189.55,400.18,183.92,400.24,191.79,417.32,210.79,421.57,191.86,413.98,220.84,410.31,235.52,436.95,220.61,441.20,208.60,430.34,234.03,424.48,246.14,455.66,236.40,460.77,223.16,448.66,239.16,438.29,248.01,-0.00000,-0.02055,-0.03408,-0.04696,-0.05665,-0.00882,-0.03510,-0.04751,-0.05092,-0.01007,-0.03851,-0.03713,-0.02591,-0.01655,-0.04707,-0.03315,-0.01375,-0.02496,-0.04478,-0.03371,-0.01892,-0.00830,0.08276,0.03773,-0.03200,0.05945,0.01382,-0.03602,0.03433,0.00058,-0.03754,0.00932,-0.01960,-0.03016,-0.01757,-0.03693,-0.02934,-0.00733,0.00252,-0.02645,-0.02670,-0.01292,-0.02592,-0.03477,-0.02809,-0.03008,-0.02622,-0.06049,-0.00514,-0.00434,0.00428,-0.00115,-0.02459,-0.02729,-0.01247,-0.00127,-0.03664,-0.01773,0.01129,-0.01177,0.01897,0.00212,0.00010,0.01927,-0.00532,-0.03170,0.00763,0.01397,-0.03654,-0.00041,0.02737,-0.01433,0.03264,0.02078,-0.00349,0.03924,0.01010,-0.02460,0.02519,0.01999,-0.03663,0.01383,0.03460,-0.02452
1151.2043,1,1,14.41,0.54,27.95,0.10523,-0.00782,0.56585,0.68415,0.56862,0.4086,0,1,0.21167,-0.07409,0.05434,0.21129,-0.07394,0.05473,0.47,0.00,0.56862,0.39981,-0.14359,0.31625,1.39894,0.00001,0.16891,0.39967,-0.13805,0.31610,1.39272,0.00000,-0.17000,42,0.20370,-0.07747,0.05127,0.19060,0.09130,0,0.98060,-0.00340,-0.00725,-0.19586,Left,0,410.60,284.45,392.83,266.22,383.41,243.34,385.13,221.95,390.95,203.12,394.33,203.64,396.97,188.31,398.98,181.00,399.69,188.38,416.17,208.46,421.09,189.78,413.76,217.86,409.25,232.74,435.99,218.00,441.36,204.99,430.63,229.52,423.50,241.94,454.72,234.15,459.91,220.89,447.79,236.48,436.61,245.47,-0.00000,-0.02034,-0.03410,-0.04712,-0.05679,-0.00848,-0.03436,-0.04655,-0.04996,-0.00984,-0.03769,-0.03586,-0.02461,-0.01641,-0.04569,-0.03092,-0.01151,-0.02503,-0.04411,-0.03268,-0.01796,-0.00669,0.08331,0.03846,-0.03108,0.05938,0.01413,-0.03482,0.03490,0.00222,-0.03843,0.00914,-0.01755,-0.03131,-0.01791,-0.03473,-0.02990,-0.00656,0.00326,-0.02673,-0.02671,-0.01172,-0.02628,-0.03586,-0.02759,-0.02902,-0.02734,-0.06138,-0.00526,-0.00439,0.00452,-0.00086,-0.02542,-0.02690,-0.01145,-0.00267,-0.03681,-0.01782,0.01020,-0.01431,0.01954,0.00215,-0.00006,0.02015,-0.00686,-0.03092,0.00904,0.01103,-0.03720,0.00028,0.02495,-0.01703,0.03375,0.02001,-0.00447,0.03966,0.00963,-0.02461,0.02597,0.01994,-0.03619,0.01385,0.03483,-0.02585
1151.2366,1,1,14.51,0.67,28.35,0.10366,-0.01096,0.56209,0.67591,0.55833,0.4043,0,1,0.21355,-0.07252,0.05748,0.21338,-0.07236,0.05688,0.32,0.01,0.55833,0.38781,-0.12842,0.28323,1.42144,0.00000,0.16866,0.38898,-0.13377,0.28719,1.41717,0.00000,-0.17000,42,0.20594,-0.07614,0.05351,0.19060,0.09130,0,0.98156,-0.00292,-0.00584,-0.19106,Left,0,409.05,281.15,391.50,262.23,382.56,239.05,384.22,217.36,388.87,197.64,393.15,199.50,395.95,184.41,397.62,177.87,397.85,186.07,415.24,204.48,419.85,186.24,412.65,215.33,408.12,230.50,435.11,214.31,439.82,202.36,429.12,227.81,422.34,240.34,454.15,230.59,458.77,217.51,446.81,233.63,436.01,242.49,-0.00000,-0.01911,-0.03182,-0.04389,-0.05252,-0.00695,-0.03311,-0.04566,-0.04922,-0.00880,-0.03724,-0.03587,-0.02482,-0.01579,-0.04550,-0.03004,-0.01000,-0.02475,-0.04416,-0.03220,-0.01690,-0.00691,0.08309,0.03826,-0.03068,0.05899,0.01461,-0.03461,0.03371,0.00286,-0.03785,0.00836,-0.01603,-0.03281,-0.01931,-0.03309,-0.02956,-0.00681,0.00388,-0.02672,-0.02610,-0.01231,-0.02634,-0.03460,-0.02801,-0.03019,-0.02561,-0.06013,-0.00511,-0.00435,0.00436,-0.00136,-0.02388,-0.02727,-0.01195,-0.00127,-0.03703,-0.01873,0.01167,-0.01392,0.01936,0.00223,-0.00019,0.01957,-0.00570,-0.03185,0.00840,0.01283,-0.03688,-0.00054,0.02600,-0.01734,0.03319,0.02047,-0.00474,0.03892,0.01001,-0.02579,0.02544,0.02068,-0.03729,0.01336,0.03481,-0.02621
1151.2689,1,1,14.40,0.61,29.29,0.10233,-0.01399,0.55934,0.68366,0.55659,0.4474,0,1,0.21493,-0.07120,0.06051,0.21600,-0.07107,0.06159,0.30,0.01,0.55659,0.37640,-0.12982,0.25063,1.44513,-0.00000,0.16855,0.37970,-0.12983,0.26017,1.44026,0.00000,-0.17000,42,0.20843,-0.07490,0.05797,0.19060,0.09130,0,0.98246,-0.00367,-0.01015,-0.18615,Left,0,409.50,278.03,392.13,260.42,382.29,238.38,383.56,216.82,388.04,197.17,392.11,197.50,393.61,183.02,397.35,174.55,400.53,180.19,414.07,201.83,418.75,183.92,411.98,213.09,408.33,227.04,434.16,211.11,438.62,200.20,428.55,225.33,422.48,236.87,453.12,226.81,457.93,214.23,446.31,230.27,436.00,238.79,-0.00000,-0.02232,-0.03709,-0.05064,-0.06081,-0.01114,-0.03731,-0.04908,-0.05240,-0.01147,-0.04031,-0.03758,-0.02538,-0.01715,-0.04809,-0.03289,-0.01273,-0.02495,-0.04520,-0.03378,-0.01881,-0.00413,0.08270,0.04020,-0.02858,0.05934,0.01520,-0.03373,0.03533,0.00176,-0.03672,0.01060,-0.01944,-0.03249,-0.01791,-0.03630,-0.02920,-0.00584,0.00256,-0.02788,-0.02531,-0.01297,-0.02557,-0.03590,-0.02950,-0.02525,-0.02897,-0.06369,-0.00527,-0.00431,0.00422,-0.00080,-0.02397,-0.02841,-0.01133,-0.00114,-0.03770,-0.01655,0.01074,-0.01246,0.01997,0.00160,0.00040,0.01937,-0.00573,-0.03159,0.00907,0.01305,-0.03566,0.00070,0.02551,-0.01440,0.03369,0.01933,-0.00305,0.03897,0.00932,-0.02440,0.02604,0.01990,-0.03523,0.01456,0.03388,-0.02351
1151.3007,1,1,14.89,0.47,27.58,0.10125,-0.01620,0.55708,0.66065,0.55481,0.4267,0,1,0.21606,-0.07012,0.06273,0.21554,-0.06998,0.06255,0.22,0.01,0.55481,0.37194,-0.12648,0.23903,1.46153,-0.00000,0.16852,0.37213,-0.12603,0.23896,1.45771,0.00000,-0.17000,42,0.20798,-0.07409,0.05900,0.19060,0.09130,0,0.98267,-0.00295,-0.00679,-0.18523,Left,0,408.68,276.91,391.18,258.78,381.90,235.40,383.10,213.26,388.27,193.30,391.36,195.91,393.34,180.99,396.06,172.24,398.05,178.39,413.59,200.23,416.98,181.43,410.53,210.39,407.08,225.75,433.60,209.49,437.26,197.13,427.37,222.46,421.61,235.04,453.12,225.44,457.41,211.52,445.71,227.79,435.24,237.21,-0.00000,-0.02075,-0.03382,-0.04601,-0.05477,-0.00696,-0.03228,-0.04414,-0.04759,-0.00793,-0.03652,-0.03486,-0.02331,-0.01421,-0.04461,-0.02903,-0.00855,-0.02258,-0.04229,-0.03031,-0.01493,-0.00481,0.08308,0.03317,-0.02898,0.06016,0.01032,-0.03407,0.03441,-0.00074,-0.03686,0.00981,-0.01889,-0.03155,-0.01927,-0.03441,-0.02963,-0.00590,0.00335,-0.02779,-0.02503,-0.01116,-0.02585,-0.03576,-0.02709,-0.02745,-0.02927,-0.06159,-0.00539,-0.00408,0.00503,-0.00174,-0.02475,-0.02638,-0.01295,-0.00233,-0.03579,-0.01702,0.01068,-0.01232,0.01993,0.00117,-0.00014,0.01919,-0.00723,-0.03170,0.00852,0.01155,-0.03671,0.00004,0.02464,-0.01668,0.03371,0.01889,-0.00497,0.03958,0.00836,-0.02626,0.02607,0.01844,-0.03797,0.01403,0.03323,-0.02670
1151.3317,1,1,14.20,0.49,27.53,0.10009,-0.01927,0.55526,0.65598,0.55343,0.4191,0,1,0.21697,-0.06896,0.06579,0.21657,-0.06885,0.06615,0.30,0.01,0.55343,0.36446,-0.12390,0.20954,1.48829,-0.00000,0.16843,0.36471,-0.12372,0.21423,1.48011,0.00000,-0.17000,42,0.20909,-0.07306,0.06279,0.19060,0.09130,0,0.98321,-0.00294,-0.00765,-0.18231,Left,0,409.39,273.88,391.59,255.17,381.47,232.34,382.24,209.82,387.50,189.83,389.81,191.25,392.96,176.08,397.73,167.64,401.62,174.51,412.24,195.80,417.43,176.91,411.95,206.50,408.13,221.96,432.32,205.41,437.64,193.66,428.30,219.58,421.64,232.32,451.59,221.86,456.69,209.05,445.60,225.70,434.90,234.55,-0.00000,-0.02233,-0.03626,-0.04887,-0.05782,-0.00820,-0.03510,-0.04840,-0.05269,-0.00867,-0.03936,-0.03884,-0.02759,-0.01449,-0.04684,-0.03166,-0.01090,-0.02245,-0.04365,-0.03170,-0.01588,-0.00319,0.08340,0.03467,-0.02722,0.06008,0.01075,-0.03198,0.03526,-0.00055,-0.03615,0.00995,-0.01992,-0.03120,-0.01879,-0.03474,-0.02950,-0.00613,0.00296,-0.02669,-0.02552,-0.01122,-0.02348,-0.03580,-0.02722,-0.02297,-0.02827,-0.06072,-0.00542,-0.00396,0.00446,-0.00085,-0.02514,-0.02647,-0.01058,-0.00229,-0.03577,-0.01567,0.01093,-0.01165,0.01949,0.00146,0.00039,0.01993,-0.00679,-0.03126,0.00969,0.01236,-0.03565,0.00094,0.02536,-0.01451,0.03404,0.01949,-0.00376,0.03872,0.00938,-0.02494,0.02617,0.02021,-0.03622,0.01442,0.03469,-0.02435
1151.3651,1,1,15.39,0.56,29.68,0.09877,-0.02156,0.55209,0.65106,0.54892,0.4098,0,1,0.21855,-0.06764,0.06808,0.21983,-0.06768,0.06882,0.21,0.01,0.54892,0.35275,-0.11552,0.18137,1.49821,-0.00000,0.16831,0.35545,-0.11650,0.18858,1.49853,0.00000,-0.17000,42,0.21242,-0.07195,0.06538,0.19060,0.09130,0,0.98411,-0.00372,-0.01299,-0.17706,Left,0,407.24,271.52,388.85,252.69,379.71,229.24,382.27,207.19,387.21,187.85,389.68,189.95,392.51,174.58,395.78,166.06,399.03,171.70,411.84,194.48,416.21,175.26,409.79,204.19,406.37,219.82,431.85,203.88,436.58,191.32,426.33,217.22,420.21,230.17,451.41,219.76,456.02,206.01,444.29,222.98,433.96,232.58,-0.00000,-0.01945,-0.03206,-0.04416,-0.05316,-0.00681,-0.03392,-0.04802,-0.05288,-0.00901,-0.03939,-0.03959,-0.02917,-0.01634,-0.04808,-0.03366,-0.01368,-0.02559,-0.04576,-0.03372,-0.01817,-0.00625,0.08353,0.02925,-0.03034,0.05910,0.00727,-0.03425,0.03456,-0.00435,-0.03561,0.00894,-0.02225,-0.03138,-0.01822,-0.03577,-0.02901,-0.00564,0.00273,-0.02691,-0.02547,-0.01155,-0.02435,-0.03506,-0.02757,-0.02478,-0.02940,-0.06038,-0.00529,-0.00382,0.00500,-0.00169,-0.02529,-0.02522,-0.01203,-0.00220,-0.03528,-0.01610,0.01134,-0.01350,0.01945,0.00133,-0.00009,0.01975,-0.00602,-0.03064,0.00776,0.01293,-0.03597,0.00082,0.02709,-0.01626,0.03372,0.01918,-0.00496,0.03889,0.00929,-0.02568,0.02539,0.01974,-0.03659,0.01445,0.03492,-0.02565
1151.3955,1,1,14.22,0.53,26.64,0.09856,-0.02342,0.55379,0.65732,0.55549,0.4388,0,1,0.21770,-0.06742,0.06995,0.21704,-0.06722,0.06959,0.26,0.00,0.55549,0.35557,-0.12259,0.18234,1.51676,-0.00000,0.16823,0.35537,-0.12322,0.18248,1.51149,0.00000,-0.17000,42,0.20965,-0.07142,0.06615,0.19060,0.09130,0,0.98385,-0.00258,-0.00708,-0.17885,Left,0,405.84,270.80,388.96,251.71,379.93,228.59,380.68,206.43,385.01,186.24,390.08,188.45,392.94,173.97,394.59,164.87,395.71,170.28,412.07,193.15,415.64,174.42,408.48,203.49,405.23,217.81,431.76,202.49,436.00,189.71,425.27,214.90,419.47,226.96,450.88,218.94,454.90,205.13,442.97,221.55,433.01,230.75,-0.00000,-0.02047,-0.03417,-0.04722,-0.05700,-0.00659,-0.03212,-0.04395,-0.04738,-0.00779,-0.03523,-0.03233,-0.02027,-0.01436,-0.04381,-0.02722,-0.00647,-0.02310,-0.04203,-0.02932,-0.01370,-0.00657,0.08401,0.03317,-0.02971,0.05933,0.01031,-0.03404,0.03524,-0.00007,-0.03815,0.00941,-0.01942,-0.03382,-0.01851,-0.03369,-0.02902,-0.00556,0.00346,-0.02705,-0.02556,-0.01022,-0.02536,-0.03553,-0.02590,-0.02812,-0.03036,-0.06056,-0.00504,-0.00395,0.00496,-0.00216,-0.02559,-0.02595,-0.01340,-0.00222,-0.03522,-0.01695,0.01012,-0.01180,0.01969,0.00118,-0.00030,0.01888,-0.00646,-0.03079,0.00700,0.01149,-0.03606,0.00030,0.02476,-0.01524,0.03380,0.01932,-0.00558,0.03799,0.00980,-0.02628,0.02431,0.01982,-0.03659,0.01395,0.03529,-0.02629
1151.4293,1,1,15.39,0.60,30.59,0.09872,-0.02551,0.55498,0.66679,0.55618,0.3901,0,1,0.21711,-0.06759,0.07203,0.21760,-0.06776,0.07209,0.26,0.00,0.55618,0.35721,-0.12921,0.17190,1.52472,0.00000,0.16801,0.35713,-0.12793,0.17229,1.52636,0.00000,-0.17000,42,0.20991,-0.07186,0.06828,0.19060,0.09130,0,0.98353,-0.00309,-0.01067,-0.18038,Left,0,407.42,267.94,388.80,249.76,378.95,225.74,380.64,203.17,384.29,182.50,390.53,187.02,394.01,170.48,394.42,163.78,392.93,170.60,412.22,191.21,416.45,170.27,408.62,199.55,404.86,215.15,431.60,200.36,435.33,187.47,424.30,214.24,418.95,227.04,450.94,215.99,454.53,202.07,442.47,219.43,432.85,228.95,-0.00000,-0.01932,-0.03096,-0.04202,-0.04982,-0.00489,-0.03022,-0.04164,-0.04416,-0.00632,-0.03476,-0.03331,-0.02140,-0.01296,-0.04431,-0.03010,-0.00971,-0.02133,-0.04142,-0.02983,-0.01435,-0.00619,0.08444,0.03110,-0.02996,0.06027,0.00857,-0.03514,0.03515,-0.00177,-0.03907,0.00815,-0.01921,-0.03516,-0.02026,-0.03449,-0.02895,-0.00611,0.00304,-0.02670,-0.02609,-0.01128,-0.02657,-0.03469,-0.02695,-0.03310,-0.02756,-0.05960,-0.00495,-0.00420,0.00475,-0.00176,-0.02627,-0.02599,-0.01320,-0.00322,-0.03681,-0.01876,0.00928,-0.01339,0.01892,0.00151,-0.00003,0.01780,-0.00595,-0.03220,0.00631,0.01428,-0.03668,-0.00091,0.02775,-0.01470,0.03263,0.01959,-0.00521,0.03738,0.00898,-0.02752,0.02364,0.02097,-0.04008,0.01316,0.03582,-0.02750
1151.4601,1,1,14.56,0.54,26.80,0.09751,-0.02695,0.55147,0.65362,0.54795,0.3982,0,1,0.21886,-0.06637,0.07347,0.21824,-0.06597,0.07255,0.14,0.01,0.54795,0.34723,-0.11164,0.14799,1.54396,0.00000,0.16800,0.34865,-0.11883,0.15059,1.53887,0.00000,-0.17000,42,0.21066,-0.07027,0.06883,0.19060,0.09130,0,0.98432,-0.00194,-0.00470,-0.17629,Left,0,405.93,267.66,388.03,248.72,378.34,223.91,379.57,201.47,383.86,181.24,389.16,185.43,392.77,169.38,392.35,162.39,390.91,166.86,411.11,189.64,415.41,169.64,407.36,198.82,403.87,214.70,430.89,198.97,434.87,186.21,423.25,212.47,417.35,225.01,449.92,214.71,453.82,200.29,441.30,217.35,431.34,226.94,-0.00000,-0.01883,-0.02944,-0.03960,-0.04668,-0.00343,-0.02772,-0.03935,-0.04276,-0.00516,-0.03302,-0.03215,-0.02109,-0.01206,-0.04251,-0.02917,-0.00984,-0.02072,-0.04019,-0.02910,-0.01437,-0.00598,0.08556,0.02716,-0.03029,0.06067,0.00711,-0.03512,0.03524,-0.00297,-0.03892,0.00763,-0.01923,-0.03403,-0.01950,-0.03352,-0.02842,-0.00551,0.00344,-0.02645,-0.02605,-0.01082,-0.02688,-0.03430,-0.02633,-0.03323,-0.02976,-0.05799,-0.00485,-0.00411,0.00570,-0.00150,-0.02678,-0.02533,-0.01358,-0.00321,-0.03632,-0.01759,0.01054,-0.01477,0.01920,0.00139,-0.00072,0.01811,-0.00565,-0.03121,0.00568,0.01338,-0.03688,-0.00080,0.02806,-0.01610,0.03259,0.01927,-0.00706,0.03743,0.00873,-0.02783,0.02351,0.01951,-0.03934,0.01246,0.03476,-0.02819
1151.4930,1,1,14.44,0.60,29.08,0.09699,-0.02847,0.55027,0.66149,0.54907,0.3731,0,1,0.21946,-0.06586,0.07500,0.21959,-0.06596,0.07481,0.13,0.01,0.54907,0.34480,-0.11455,0.13531,1.54934,-0.00000,0.16799,0.34480,-0.11480,0.13499,1.55048,0.00000,-0.17000,42,0.21198,-0.07033,0.07085,0.19060,0.09130,0,0.98436,-0.00271,-0.00953,-0.17588,Left,0,406.69,265.44,388.17,246.97,378.01,222.87,379.10,200.43,383.32,179.67,389.50,184.06,392.58,167.11,391.74,160.53,390.16,166.61,410.71,188.48,414.58,168.01,406.26,197.37,403.37,213.18,430.42,197.73,433.76,184.73,422.60,211.46,417.88,224.62,449.62,212.90,453.33,198.39,440.90,215.36,431.58,225.40,-0.00000,-0.02065,-0.03378,-0.04646,-0.05597,-0.00715,-0.03371,-0.04596,-0.04908,-0.00829,-0.03764,-0.03662,-0.02511,-0.01481,-0.04633,-0.03261,-0.01271,-0.02325,-0.04345,-0.03246,-0.01751,-0.00581,0.08512,0.02766,-0.03039,0.05996,0.00715,-0.03605,0.03505,-0.00436,-0.03931,0.00815,-0.02215,-0.03466,-0.01938,-0.03718,-0.02815,-0.00594,0.00284,-0.02714,-0.02684,-0.01168,-0.02749,-0.03474,-0.02791,-0.03374,-0.02806,-0.06023,-0.00478,-0.00410,0.00534,-0.00189,-0.02585,-0.02625,-0.01444,-0.00249,-0.03725,-0.01794,0.01142,-0.01445,0.01928,0.00145,-0.00016,0.01730,-0.00568,-0.03151,0.00520,0.01409,-0.03646,-0.00068,0.02883,-0.01555,0.03221,0.01928,-0.00636,0.03751,0.00858,-0.02752,0.02319,0.01969,-0.03970,0.01292,0.03482,-0.02821
1151.5240,1,1,14.57,0.58,27.17,0.09675,-0.02978,0.55037,0.66312,0.55047,0.3871,0,1,0.21941,-0.06562,0.07630,0.21945,-0.06557,0.07650,0.14,0.00,0.55047,0.34316,-0.11523,0.12351,1.56274,-0.00000,0.16792,0.34355,-0.11529,0.12590,1.56012,0.00000,-0.17000,42,0.21195,-0.06996,0.07264,0.19060,0.09130,0,0.98442,-0.00263,-0.00972,-0.17552,Left,0,406.27,264.29,387.73,245.69,377.87,220.65,379.00,197.69,383.00,176.70,389.33,182.83,392.48,165.72,390.68,159.04,387.99,164.25,410.61,187.30,414.14,166.52,405.69,196.16,402.85,211.36,430.31,196.76,433.79,182.59,421.89,210.04,416.60,223.15,449.37,212.29,452.74,197.70,439.77,215.18,430.07,225.19,-0.00000,-0.02028,-0.03238,-0.04400,-0.05265,-0.00634,-0.03208,-0.04381,-0.04678,-0.00758,-0.03588,-0.03436,-0.02278,-0.01415,-0.04516,-0.03093,-0.01084,-0.02261,-0.04293,-0.03172,-0.01664,-0.00623,0.08568,0.02657,-0.03061,0.06032,0.00685,-0.03592,0.03431,-0.00345,-0.03909,0.00669,-0.01997,-0.03496,-0.02102,-0.03358,-0.02787,-0.00628,0.00364,-0.02651,-0.02700,-0.01043,-0.02841,-0.03534,-0.02635,-0.03567,-0.02960,-0.05781,-0.00472,-0.00414,0.00553,-0.00285,-0.02618,-0.02601,-0.01519,-0.00276,-0.03644,-0.01839,0.01096,-0.01375,0.01923,0.00178,-0.00058,0.01715,-0.00641,-0.03183,0.00440,0.01347,-0.03681,-0.00189,0.02862,-0.01593,0.03217,0.01990,-0.00733,0.03646,0.00910,-0.02886,0.02218,0.02062,-0.04077,0.01116,0.03585,-0.02853
1151.5571,1,1,15.27,0.52,29.96,0.09637,-0.03113,0.55066,0.65520,0.55094,0.3987,0,1,0.21927,-0.06524,0.07766,0.21906,-0.06519,0.07711,0.16,0.00,0.55094,0.34197,-0.11624,0.11992,1.56960,-0.00000,0.16785,0.34197,-0.11707,0.11794,1.56987,0.00000,-0.17000,42,0.21166,-0.06963,0.07316,0.19060,0.09130,0,0.98443,-0.00242,-0.00882,-0.17553,Left,0,405.50,264.02,387.46,245.47,377.71,221.32,378.18,198.34,381.37,176.88,388.09,181.14,391.34,165.22,390.40,157.32,388.39,163.50,410.13,185.58,413.56,165.55,405.79,194.64,402.21,209.99,430.01,194.87,433.41,181.35,422.21,207.85,416.21,220.99,449.12,210.98,452.57,196.54,440.18,213.79,429.92,223.91,-0.00000,-0.02100,-0.03413,-0.04654,-0.05552,-0.00649,-0.03194,-0.04325,-0.04594,-0.00740,-0.03509,-0.03291,-0.02109,-0.01372,-0.04392,-0.02851,-0.00809,-0.02210,-0.04209,-0.03034,-0.01504,-0.00506,0.08562,0.02972,-0.02972,0.06085,0.00822,-0.03472,0.03551,-0.00178,-0.03900,0.00872,-0.01989,-0.03548,-0.02021,-0.03381,-0.02856,-0.00590,0.00336,-0.02703,-0.02644,-0.01044,-0.02785,-0.03513,-0.02585,-0.03414,-0.02919,-0.05916,-0.00486,-0.00402,0.00539,-0.00259,-0.02643,-0.02591,-0.01421,-0.00320,-0.03647,-0.01802,0.01004,-0.01480,0.01925,0.00143,-0.00029,0.01821,-0.00656,-0.03154,0.00542,0.01229,-0.03713,-0.00148,0.02672,-0.01666,0.03316,0.01953,-0.00672,0.03685,0.00914,-0.02793,0.02363,0.02008,-0.03954,0.01225,0.03595,-0.02842
1151.6037,1,1,14.45,0.48,43.15,0.09640,-0.03243,0.55097,0.65425,0.55129,0.3750,0,1,0.21911,-0.06527,0.07895,0.21911,-0.06525,0.07850,0.14,0.00,0.55129,0.34217,-0.11716,0.11074,1.57830,-0.00000,0.16770,0.34226,-0.11790,0.10921,1.57943,0.00000,-0.17000,42,0.21156,-0.06961,0.07455,0.19060,0.09130,0,0.98428,-0.00237,-0.00971,-0.17631,Left,0,405.74,261.99,387.33,242.93,377.86,218.29,378.72,195.06,382.65,173.79,388.57,179.97,391.85,163.49,390.75,155.84,388.12,161.29,410.47,184.53,413.85,163.59,406.20,192.87,402.37,208.82,430.47,194.02,433.92,178.76,422.82,206.07,416.41,220.48,449.51,209.99,453.21,194.64,440.86,211.66,430.31,222.32,-0.00000,-0.02099,-0.03368,-0.04574,-0.05455,-0.00635,-0.03096,-0.04167,-0.04402,-0.00711,-0.03483,-0.03306,-0.02127,-0.01313,-0.04387,-0.02933,-0.00900,-0.02106,-0.04168,-0.03062,-0.01551,-0.00709,0.08531,0.02558,-0.03108,0.05965,0.00464,-0.03564,0.03420,-0.00488,-0.03936,0.00664,-0.02076,-0.03464,-0.02187,-0.03409,-0.02878,-0.00609,0.00365,-0.02686,-0.02656,-0.01051,-0.02886,-0.03617,-0.02613,-0.03564,-0.02998,-0.05807,-0.00489,-0.00398,0.00520,-0.00295,-0.02625,-0.02498,-0.01413,-0.00366,-0.03617,-0.01893,0.00973,-0.01363,0.01924,0.00176,-0.00015,0.01833,-0.00819,-0.03132,0.00616,0.01151,-0.03677,-0.00181,0.02732,-0.01779,0.03271,0.01984,-0.00690,0.03709,0.00825,-0.02740,0.02402,0.01933,-0.04048,0.01267,0.03511,-0.02905
1151.6363,1,1,14.33,0.56,29.27,0.09660,-0.03326,0.55031,0.64719,0.54964,0.3709,0,1,0.21944,-0.06546,0.07979,0.21974,-0.06559,0.08008,0.06,0.00,0.54964,0.34274,-0.11534,0.09728,1.58631,-0.00000,0.16765,0.34261,-0.11470,0.09900,1.58642,0.00000,-0.17000,42,0.21218,-0.06994,0.07601,0.19060,0.09130,0,0.98413,-0.00262,-0.01175,-0.17706,Left,0,406.40,262.16,388.13,243.03,378.52,217.68,379.27,194.15,382.63,171.96,389.20,179.58,392.06,163.03,390.40,154.84,387.86,159.30,411.01,183.90,414.26,162.11,406.18,191.64,403.17,207.85,431.13,193.29,434.45,176.90,422.78,204.19,417.05,218.45,450.27,209.13,453.27,192.99,440.81,210.03,431.37,220.79,-0.00000,-0.02077,-0.03327,-0.04533,-0.05432,-0.00473,-0.02976,-0.04125,-0.04424,-0.00583,-0.03393,-0.03264,-0.02105,-0.01233,-0.04308,-0.02839,-0.00787,-0.02078,-0.04088,-0.02940,-0.01405,-0.00646,0.08596,0.02243,-0.03134,0.05998,0.00336,-0.03583,0.03393,-0.00535,-0.03999,0.00576,-0.02107,-0.03622,-0.02304,-0.03283,-0.02840,-0.00607,0.00410,-0.02756,-0.02669,-0.00960,-0.02917,-0.03618,-0.02515,-0.03629,-0.03109,-0.05645,-0.00453,-0.00406,0.00589,-0.00315,-0.02749,-0.02406,-0.01554,-0.00463,-0.03555,-0.01832,0.00973,-0.01386,0.01965,0.00178,-0.00075,0.01745,-0.00859,-0.03153,0.00507,0.01086,-0.03680,-0.00181,0.02648,-0.01798,0.03238,0.01978,-0.00866,0.03690,0.00783,-0.02925,0.02303,0.01835,-0.04150,0.01246,0.03402,-0.03021
1151.6685,1,1,14.36,0.16,28.95,0.09652,-0.03407,0.54975,0.63764,0.54919,0.4002,0,1,0.21972,-0.06538,0.08000,0.21935,-0.06541,0.07956,0.39,0.00,0.54919,0.34255,-0.11395,0.09925,1.58676,0.00000,0.16764,0.34261,-0.11470,0.09900,1.58642,0.00000,-0.17000,42,0.21187,-0.06980,0.07553,0.19060,0.09130,0,0.98406,-0.00227,-0.00974,-0.17753,Left,0,405.27,262.93,387.58,242.29,378.78,217.02,379.65,193.27,383.24,171.18,389.21,178.21,391.76,162.74,390.73,153.93,389.53,157.86,411.26,182.53,414.78,161.95,406.44,191.89,403.07,207.66,430.93,191.93,434.41,177.31,422.55,204.54,416.84,218.02,449.95,208.43,452.80,193.21,440.16,210.72,430.52,220.83,-0.00000,-0.01971,-0.03137,-0.04281,-0.05110,-0.00116,-0.02515,-0.03611,-0.03914,-0.00280,-0.03036,-0.02840,-0.01640,-0.00997,-0.03972,-0.02373,-0.00268,-0.01925,-0.03838,-0.02610,-0.01049,-0.00695,0.08692,0.02394,-0.03079,0.06131,0.00554,-0.03486,0.03467,-0.00350,-0.03878,0.00607,-0.01897,-0.03525,-0.02331,-0.03179,-0.02828,-0.00619,0.00450,-0.02722,-0.02631,-0.00859,-0.02815,-0.03597,-0.02383,-0.03414,-0.03215,-0.05717,-0.00478,-0.00404,0.00599,-0.00256,-0.02725,-0.02444,-0.01479,-0.00409,-0.03497,-0.01782,0.00983,-0.01341,0.01934,0.00161,-0.00121,0.01808,-0.00775,-0.03139,0.00504,0.01151,-0.03707,-0.00175,0.02684,-0.01716,0.03220,0.01999,-0.00871,0.03611,0.00907,-0.02986,0.02276,0.01974,-0.04136,0.01190,0.03530,-0.03014
1151.7001,1,1,14.26,0.55,28.62,0.09517,-0.03459,0.54164,0.64934,0.53353,0.3614,0,1,0.22378,-0.06404,0.08000,0.22372,-0.06309,0.07888,0.32,0.02,0.53353,0.32385,-0.07703,0.06226,1.59238,-0.00000,0.16753,0.32899,-0.08568,0.06374,1.59247,0.00000,-0.17000,42,0.21637,-0.06763,0.07489,0.19060,0.09130,0,0.98563,-0.00168,-0.00743,-0.16874,Left,0,405.80,261.43,387.76,241.77,378.06,216.88,379.43,193.58,383.06,171.49,388.93,177.04,392.94,160.21,391.79,153.60,388.99,159.51,411.13,181.43,414.81,161.19,406.46,191.52,402.87,207.60,431.30,190.93,434.90,176.56,423.37,204.02,417.40,217.70,450.20,206.81,453.15,192.43,440.78,210.05,431.30,220.14,-0.00000,-0.02215,-0.03530,-0.04774,-0.05680,-0.00567,-0.03167,-0.04367,-0.04684,-0.00623,-0.03549,-0.03462,-0.02322,-0.01243,-0.04426,-0.03010,-0.00990,-0.02069,-0.04168,-0.03064,-0.01552,-0.00648,0.08672,0.02922,-0.03074,0.06058,0.00756,-0.03570,0.03545,-0.00407,-0.03885,0.00790,-0.02202,-0.03516,-0.02155,-0.03587,-0.02788,-0.00601,0.00274,-0.02652,-0.02657,-0.01238,-0.02752,-0.03391,-0.02794,-0.03466,-0.02807,-0.05865,-0.00466,-0.00415,0.00549,-0.00218,-0.02546,-0.02612,-0.01465,-0.00185,-0.03745,-0.01832,0.01179,-0.01402,0.01960,0.00173,0.00000,0.01764,-0.00663,-0.03104,0.00521,0.01290,-0.03687,-0.00140,0.02768,-0.01695,0.03171,0.01987,-0.00610,0.03570,0.00919,-0.02820,0.02237,0.02082,-0.04000,0.01188,0.03580,-0.02878
1151.7324,1,1,14.98,0.15,28.95,0.09526,-0.03477,0.54121,0.65209,0.54078,0.3825,0,1,0.22399,-0.06413,0.08000,0.22268,-0.06372,0.07902,0.53,0.02,0.54078,0.32860,-0.08345,0.06853,1.59282,0.00001,0.16745,0.32899,-0.08568,0.06374,1.59247,0.00000,-0.17000,42,0.21520,-0.06805,0.07502,0.19060,0.09130,0,0.98520,-0.00159,-0.00711,-0.17126,Left,0,406.82,261.56,388.36,242.05,378.13,217.43,378.91,194.04,382.40,172.16,389.20,177.27,392.79,160.15,391.09,153.29,387.91,159.78,411.31,182.15,414.65,162.12,406.10,192.91,403.29,207.95,431.14,191.88,434.61,177.61,422.63,204.80,417.60,217.27,450.14,208.07,453.09,193.87,440.46,211.17,431.41,220.36,-0.00000,-0.02195,-0.03550,-0.04838,-0.05773,-0.00594,-0.03195,-0.04338,-0.04602,-0.00657,-0.03491,-0.03233,-0.02000,-0.01294,-0.04349,-0.02745,-0.00652,-0.02156,-0.04161,-0.02976,-0.01441,-0.00477,0.08593,0.03093,-0.02917,0.06080,0.00990,-0.03466,0.03528,-0.00137,-0.03874,0.00773,-0.01925,-0.03501,-0.02096,-0.03417,-0.02822,-0.00609,0.00332,-0.02657,-0.02698,-0.01073,-0.02807,-0.03500,-0.02625,-0.03553,-0.02849,-0.05850,-0.00466,-0.00408,0.00535,-0.00253,-0.02542,-0.02680,-0.01490,-0.00126,-0.03581,-0.01780,0.01178,-0.01091,0.01902,0.00176,-0.00020,0.01760,-0.00593,-0.03200,0.00472,0.01290,-0.03635,-0.00106,0.02657,-0.01439,0.03207,0.02045,-0.00661,0.03595,0.00936,-0.02794,0.02217,0.02098,-0.03901,0.01228,0.03552,-0.02739
1151.7632,1,1,14.02,0.45,27.35,0.09496,-0.03486,0.54158,0.64337,0.54195,0.3915,0,1,0.22381,-0.06383,0.08000,0.22364,-0.06423,0.08004,0.42,0.02,0.54195,0.32947,-0.08389,0.06209,1.59228,0.00000,0.16744,0.32899,-0.08568,0.06374,1.59247,0.00000,-0.17000,42,0.21598,-0.06859,0.07573,0.19060,0.09130,0,0.98498,-0.00201,-0.01009,-0.17239,Left,0,404.91,261.56,387.56,240.85,378.68,216.69,379.02,193.28,382.00,171.35,388.37,177.60,391.78,161.35,390.71,153.19,388.60,158.54,410.55,182.24,413.70,161.67,405.66,192.01,402.42,207.40,430.56,191.73,434.22,176.68,422.65,203.78,416.83,217.50,449.71,208.16,453.15,192.94,440.79,210.02,431.12,220.21,-0.00000,-0.02188,-0.03556,-0.04879,-0.05865,-0.00489,-0.02988,-0.04072,-0.04327,-0.00551,-0.03336,-0.03087,-0.01856,-0.01176,-0.04201,-0.02584,-0.00467,-0.02025,-0.04006,-0.02799,-0.01238,-0.00612,0.08592,0.02623,-0.03040,0.06026,0.00550,-0.03482,0.03492,-0.00460,-0.03878,0.00694,-0.02077,-0.03531,-0.02300,-0.03445,-0.02854,-0.00603,0.00330,-0.02664,-0.02666,-0.01019,-0.02759,-0.03584,-0.02592,-0.03456,-0.03026,-0.05964,-0.00477,-0.00408,0.00575,-0.00253,-0.02668,-0.02562,-0.01473,-0.00330,-0.03642,-0.01794,0.01011,-0.01342,0.01943,0.00161,-0.00021,0.01853,-0.00794,-0.03104,0.00556,0.01099,-0.03761,-0.00154,0.02630,-0.01754,0.03244,0.01989,-0.00669,0.03700,0.00885,-0.02812,0.02358,0.01931,-0.04021,0.01288,0.03495,-0.02919
1151.7964,1,1,15.15,0.15,30.32,0.09444,-0.03508,0.54156,0.64887,0.54154,0.3837,0,1,0.22382,-0.06331,0.08000,0.22349,-0.06406,0.08007,0.84,0.02,0.54154,0.32891,-0.08540,0.06352,1.59253,0.00000,0.16743,0.32899,-0.08568,0.06374,1.59247,0.00000,-0.17000,42,0.21601,-0.06849,0.07587,0.19060,0.09130,0,0.98493,-0.00202,-0.01052,-0.17260,Left,0,403.92,260.52,386.35,241.17,376.93,216.33,377.67,192.98,380.71,170.43,388.02,177.42,391.67,159.84,390.02,153.09,386.88,159.52,409.81,182.06,413.39,160.99,404.68,191.67,401.27,207.54,429.83,191.65,433.28,176.97,421.42,204.57,415.70,217.98,449.06,207.75,452.29,192.65,439.55,210.41,429.92,220.60,-0.00000,-0.02198,-0.03585,-0.04914,-0.05902,-0.00693,-0.03332,-0.04472,-0.04715,-0.00769,-0.03635,-0.03402,-0.02163,-0.01410,-0.04529,-0.02966,-0.00864,-0.02265,-0.04302,-0.03102,-0.01536,-0.00662,0.08527,0.02728,-0.03084,0.05974,0.00720,-0.03534,0.03436,-0.00264,-0.03944,0.00646,-0.01898,-0.03531,-0.02245,-0.03282,-0.02824,-0.00629,0.00365,-0.02653,-0.02732,-0.01000,-0.02783,-0.03579,-0.02528,-0.03560,-0.02846,-0.05766,-0.00470,-0.00426,0.00569,-0.00242,-0.02592,-0.02595,-0.01489,-0.00252,-0.03621,-0.01846,0.01165,-0.01310,0.01913,0.00196,-0.00058,0.01757,-0.00651,-0.03196,0.00491,0.01289,-0.03742,-0.00178,0.02794,-0.01651,0.03189,0.02009,-0.00752,0.03650,0.00927,-0.02914,0.02297,0.02106,-0.04033,0.01237,0.03594,-0.02813
1151.8275,1,1,14.25,0.52,26.95,0.09390,-0.03519,0.54317,0.64972,0.54479,0.3770,0,1,0.22301,-0.06277,0.08000,0.22281,-0.06261,0.07974,0.10,0.00,0.54479,0.32297,-0.09245,0.07379,1.59142,-0.00001,0.16741,0.32378,-0.09237,0.07218,1.59105,0.00000,-0.17000,42,0.21525,-0.06726,0.07532,0.19060,0.09130,0,0.98530,-0.00166,-0.00882,-0.17062,Left,0,403.62,260.17,385.62,241.22,375.40,216.25,375.70,192.49,378.16,170.11,386.89,177.84,391.08,160.54,389.01,153.27,385.14,158.79,408.41,182.38,412.10,161.27,403.64,190.89,400.22,206.48,428.46,192.04,432.24,176.92,420.44,204.34,414.47,217.51,447.50,207.94,450.44,192.55,437.94,210.48,428.75,220.56,-0.00000,-0.02201,-0.03551,-0.04818,-0.05756,-0.00783,-0.03460,-0.04646,-0.04912,-0.00843,-0.03779,-0.03629,-0.02440,-0.01452,-0.04667,-0.03232,-0.01185,-0.02255,-0.04379,-0.03256,-0.01722,-0.00634,0.08531,0.02365,-0.03096,0.05947,0.00505,-0.03568,0.03402,-0.00520,-0.04051,0.00540,-0.02025,-0.03695,-0.02341,-0.03401,-0.02839,-0.00667,0.00318,-0.02610,-0.02723,-0.01077,-0.02749,-0.03612,-0.02606,-0.03622,-0.02916,-0.05840,-0.00452,-0.00423,0.00563,-0.00230,-0.02599,-0.02562,-0.01441,-0.00340,-0.03605,-0.01869,0.01098,-0.01443,0.01888,0.00201,-0.00034,0.01735,-0.00664,-0.03157,0.00491,0.01262,-0.03748,-0.00193,0.02791,-0.01610,0.03162,0.01998,-0.00746,0.03662,0.00876,-0.02859,0.02268,0.02107,-0.03994,0.01269,0.03563,-0.02763
1151.8615,1,1,15.55,0.67,30.65,0.09288,-0.03542,0.54449,0.64249,0.54581,0.3658,0,1,0.22235,-0.06175,0.08000,0.22209,-0.06157,0.07976,0.10,0.00,0.54581,0.31903,-0.10161,0.08400,1.59015,-0.00001,0.16738,0.31979,-0.10058,0.08155,1.58990,0.00000,-0.17000,42,0.21453,-0.06632,0.07522,0.19060,0.09130,0,0.98553,-0.00156,-0.00868,-0.16927,Left,0,400.74,260.38,383.05,240.84,373.90,214.96,374.40,191.44,376.75,169.43,385.03,177.41,388.94,161.47,386.60,153.51,382.87,158.55,407.04,181.80,410.34,161.05,401.55,191.12,398.15,207.48,427.13,191.50,429.88,177.26,417.90,204.67,412.58,218.02,446.46,207.87,448.27,192.62,436.11,210.20,428.01,219.85,-0.00000,-0.01986,-0.03171,-0.04312,-0.05142,-0.00427,-0.03049,-0.04246,-0.04534,-0.00594,-0.03522,-0.03388,-0.02183,-0.01304,-0.04444,-0.02936,-0.00835,-0.02203,-0.04166,-0.02933,-0.01338,-0.00739,0.08561,0.02201,-0.03159,0.05991,0.00407,-0.03586,0.03364,-0.00513,-0.04093,0.00487,-0.01953,-0.03709,-0.02428,-0.03315,-0.02878,-0.00652,0.00442,-0.02673,-0.02640,-0.00987,-0.02856,-0.03602,-0.02499,-0.03746,-0.02973,-0.05724,-0.00466,-0.00433,0.00606,-0.00334,-0.02628,-0.02463,-0.01582,-0.00386,-0.03529,-0.01950,0.01126,-0.01404,0.01910,0.00194,-0.00111,0.01627,-0.00672,-0.03166,0.00418,0.01280,-0.03744,-0.00214,0.02832,-0.01671,0.03193,0.01990,-0.00882,0.03587,0.00877,-0.02966,0.02201,0.02079,-0.04017,0.01343,0.03481,-0.02815
1151.8921,1,1,14.76,0.51,26.73,0.09130,-0.03537,0.54388,0.63643,0.54326,0.3725,0,1,0.22266,-0.06017,0.07995,0.22254,-0.06029,0.07982,0.11,0.00,0.54326,0.31205,-0.10272,0.08483,1.58950,-0.00000,0.16735,0.31182,-0.10296,0.08432,1.58946,0.00000,-0.17000,42,0.21500,-0.06516,0.07528,0.19060,0.09130,0,0.98601,-0.00157,-0.00939,-0.16643,Left,0,400.01,261.43,381.91,242.03,371.91,216.77,371.77,193.09,374.88,171.01,383.05,177.80,386.70,162.12,384.76,153.53,381.97,158.56,404.96,181.99,408.39,161.16,399.39,191.88,396.44,207.95,425.16,191.21,428.18,176.88,416.38,204.78,411.60,218.54,444.56,207.37,446.82,192.39,434.13,210.52,425.60,220.91,-0.00000,-0.02155,-0.03492,-0.04752,-0.05673,-0.00621,-0.03322,-0.04512,-0.04787,-0.00701,-0.03634,-0.03358,-0.02052,-0.01351,-0.04511,-0.02853,-0.00653,-0.02216,-0.04254,-0.02997,-0.01374,-0.00527,0.08536,0.02465,-0.03002,0.05998,0.00586,-0.03513,0.03508,-0.00456,-0.04065,0.00630,-0.02071,-0.03603,-0.02285,-0.03557,-0.02874,-0.00574,0.00377,-0.02693,-0.02595,-0.01073,-0.02800,-0.03543,-0.02653,-0.03549,-0.02970,-0.05952,-0.00476,-0.00409,0.00588,-0.00271,-0.02607,-0.02570,-0.01495,-0.00287,-0.03543,-0.01891,0.01145,-0.01329,0.01898,0.00161,-0.00071,0.01675,-0.00640,-0.03169,0.00458,0.01258,-0.03683,-0.00079,0.02799,-0.01551,0.03216,0.01921,-0.00820,0.03644,0.00837,-0.02894,0.02225,0.02056,-0.03970,0.01301,0.03524,-0.02797
1151.9255,1,1,15.28,0.52,30.27,0.08901,-0.03534,0.54034,0.64702,0.53680,0.3918,0,1,0.22443,-0.05787,0.07992,0.22453,-0.05714,0.07961,0.19,0.00,0.53680,0.29349,-0.09316,0.07559,1.59015,-0.00000,0.16731,0.29807,-0.09533,0.07558,1.59048,0.00000,-0.17000,42,0.21697,-0.06207,0.07498,0.19060,0.09130,0,0.98748,-0.00135,-0.00884,-0.15752,Left,0,398.36,260.51,380.47,240.99,370.08,216.57,369.48,193.30,372.02,170.84,380.89,177.19,384.02,160.87,382.17,152.19,379.40,157.76,402.72,181.65,405.97,160.44,397.36,190.46,393.94,206.37,423.02,191.04,426.15,175.84,414.80,202.93,409.44,216.60,442.63,207.29,445.23,191.57,432.79,208.88,423.57,219.36,-0.00000,-0.02169,-0.03621,-0.05033,-0.06123,-0.00638,-0.03314,-0.04515,-0.04800,-0.00744,-0.03621,-0.03379,-0.02119,-0.01418,-0.04496,-0.02899,-0.00770,-0.02311,-0.04289,-0.03064,-0.01482,-0.00443,0.08481,0.02887,-0.02957,0.05902,0.00845,-0.03485,0.03453,-0.00213,-0.04139,0.00665,-0.01948,-0.03755,-0.02261,-0.03372,-0.02839,-0.00575,0.00362,-0.02759,-0.02684,-0.01031,-0.02898,-0.03658,-0.02592,-0.03598,-0.02946,-0.05882,-0.00464,-0.00442,0.00566,-0.00320,-0.02637,-0.02609,-0.01535,-0.00376,-0.03656,-0.01938,0.01105,-0.01382,0.01929,0.00194,-0.00027,0.01656,-0.00748,-0.03153,0.00501,0.01145,-0.03663,-0.00154,0.02670,-0.01538,0.03227,0.01938,-0.00708,0.03644,0.00823,-0.02846,0.02282,0.02019,-0.03965,0.01298,0.03475,-0.02853
1151.9571,1,1,15.32,0.50,28.18,0.08633,-0.03564,0.53587,0.65504,0.53140,0.3860,0,1,0.22666,-0.05520,0.08000,0.22690,-0.05498,0.07973,0.23,0.01,0.53140,0.27945,-0.07990,0.05972,1.59184,0.00000,0.16725,0.28178,-0.08370,0.06175,1.59264,0.00000,-0.17000,42,0.21941,-0.06017,0.07505,0.19060,0.09130,0,0.98843,-0.00128,-0.00938,-0.15136,Left,0,395.62,258.88,377.26,239.12,366.80,214.24,367.05,191.70,369.03,169.89,379.21,176.42,382.26,159.69,379.47,152.22,375.49,157.72,400.57,180.69,403.73,159.29,394.59,188.86,391.19,205.56,420.74,190.30,423.41,175.55,411.75,203.07,406.53,217.48,440.15,206.26,442.51,190.44,429.94,207.56,421.10,218.40,-0.00000,-0.02045,-0.03361,-0.04656,-0.05656,-0.00631,-0.03331,-0.04580,-0.04870,-0.00816,-0.03810,-0.03727,-0.02530,-0.01545,-0.04766,-0.03416,-0.01379,-0.02457,-0.04505,-0.03380,-0.01832,-0.00636,0.08525,0.02830,-0.03098,0.05893,0.00788,-0.03664,0.03436,-0.00343,-0.04216,0.00633,-0.02086,-0.03847,-0.02162,-0.03542,-0.02785,-0.00613,0.00308,-0.02706,-0.02715,-0.01146,-0.02963,-0.03596,-0.02691,-0.03864,-0.02870,-0.05952,-0.00424,-0.00444,0.00544,-0.00320,-0.02640,-0.02664,-0.01649,-0.00411,-0.03782,-0.02048,0.01179,-0.01628,0.01899,0.00196,-0.00047,0.01556,-0.00662,-0.03159,0.00330,0.01330,-0.03755,-0.00261,0.02972,-0.01597,0.03112,0.01941,-0.00712,0.03590,0.00826,-0.02873,0.02139,0.02026,-0.04049,0.01253,0.03523,-0.02909
1151.9882,1,1,14.49,0.53,27.95,0.08413,-0.03601,0.53593,0.66207,0.53599,0.4313,0,1,0.22663,-0.05300,0.08000,0.22678,-0.05246,0.07993,0.15,0.00,0.53599,0.26718,-0.08722,0.06656,1.59207,-0.00000,0.16723,0.27078,-0.08779,0.06690,1.59173,0.00000,-0.17000,42,0.21942,-0.05773,0.07510,0.19060,0.09130,0,0.98931,-0.00118,-0.00905,-0.14555,Left,0,393.59,258.00,374.81,239.01,363.56,213.38,363.10,190.54,364.82,168.94,376.43,176.78,379.97,159.19,377.47,152.46,374.33,157.21,397.83,180.88,401.43,158.84,391.66,189.18,388.97,206.03,418.04,190.34,421.26,174.66,408.72,202.18,404.19,216.03,437.71,205.91,440.09,189.86,427.08,206.76,419.11,217.20,-0.00000,-0.01925,-0.03076,-0.04202,-0.05040,-0.00601,-0.03215,-0.04390,-0.04668,-0.00817,-0.03790,-0.03665,-0.02457,-0.01560,-0.04750,-0.03392,-0.01369,-0.02473,-0.04474,-0.03357,-0.01842,-0.00620,0.08468,0.02934,-0.03058,0.05885,0.00845,-0.03707,0.03484,-0.00188,-0.04398,0.00565,-0.01784,-0.04018,-0.02253,-0.03219,-0.02825,-0.00625,0.00306,-0.02681,-0.02705,-0.01212,-0.02882,-0.03556,-0.02758,-0.03760,-0.02848,-0.05974,-0.00433,-0.00445,0.00558,-0.00334,-0.02621,-0.02654,-0.01701,-0.00345,-0.03809,-0.02026,0.01243,-0.01599,0.01888,0.00181,-0.00060,0.01527,-0.00681,-0.03141,0.00281,0.01306,-0.03791,-0.00186,0.02949,-0.01565,0.03123,0.01946,-0.00720,0.03616,0.00819,-0.02836,0.02153,0.01981,-0.04011,0.01350,0.03470,-0.02800
1152.0358,1,1,14.03,0.49,43.62,0.08195,-0.03667,0.53991,0.65640,0.54389,0.4076,0,1,0.22464,-0.05082,0.08000,0.22283,-0.05054,0.07840,0.25,0.01,0.54389,0.26291,-0.11119,0.10399,1.58904,0.00000,0.16716,0.26256,-0.10830,0.09080,1.58847,0.00000,-0.17000,42,0.21554,-0.05580,0.07356,0.19060,0.09130,0,0.98960,-0.00048,-0.00349,-0.14378,Left,0,390.69,258.38,372.29,239.80,361.53,214.78,360.37,191.32,361.69,169.07,372.09,176.56,374.85,160.37,373.08,151.71,371.67,155.19,394.21,180.28,397.15,158.42,388.43,189.41,386.34,205.58,414.73,189.29,417.32,174.31,405.71,202.22,401.70,215.32,434.77,205.31,436.34,189.58,423.78,207.85,415.99,218.34,-0.00000,-0.01928,-0.03121,-0.04267,-0.05119,-0.00543,-0.03098,-0.04205,-0.04483,-0.00750,-0.03635,-0.03350,-0.02049,-0.01486,-0.04583,-0.02938,-0.00767,-0.02412,-0.04386,-0.03115,-0.01510,-0.00391,0.08517,0.02891,-0.02869,0.05968,0.00880,-0.03514,0.03565,-0.00114,-0.04275,0.00643,-0.01752,-0.03938,-0.02282,-0.03179,-0.02905,-0.00542,0.00392,-0.02814,-0.02588,-0.01010,-0.02993,-0.03579,-0.02543,-0.03601,-0.03063,-0.05802,-0.00481,-0.00447,0.00575,-0.00379,-0.02644,-0.02552,-0.01626,-0.00370,-0.03570,-0.01840,0.01114,-0.01362,0.01953,0.00154,-0.00076,0.01597,-0.00738,-0.03115,0.00435,0.01244,-0.03660,0.00010,0.02765,-0.01471,0.03271,0.01944,-0.00817,0.03640,0.00825,-0.02885,0.02270,0.02096,-0.03977,0.01485,0.03564,-0.02693
1152.0688,1,1,14.61,0.57,29.59,0.07901,-0.03759,0.53520,0.66291,0.53049,0.4111,0,1,0.22700,-0.04788,0.08000,0.22774,-0.04677,0.07946,0.24,0.01,0.53049,0.23765,-0.08949,0.07249,1.59023,0.00000,0.16699,0.24516,-0.09782,0.07779,1.59073,0.00000,-0.17000,42,0.22052,-0.05222,0.07464,0.19060,0.09130,0,0.99126,-0.00077,-0.00814,-0.13167,Left,0,388.42,256.08,369.72,237.94,358.33,212.84,357.47,190.84,358.71,169.20,371.01,174.24,373.49,156.99,370.37,150.97,367.10,156.03,392.56,177.99,395.27,156.22,385.43,185.97,382.56,203.36,412.99,187.48,414.92,172.84,402.43,201.01,397.69,215.87,432.39,203.00,432.95,188.19,419.91,206.08,412.09,217.38,-0.00000,-0.02083,-0.03377,-0.04613,-0.05568,-0.00812,-0.03527,-0.04817,-0.05166,-0.00992,-0.04058,-0.04071,-0.02945,-0.01703,-0.05000,-0.03785,-0.01827,-0.02584,-0.04697,-0.03656,-0.02161,-0.00504,0.08519,0.03197,-0.03005,0.05926,0.01228,-0.03737,0.03554,-0.00004,-0.04382,0.00825,-0.01881,-0.04158,-0.01865,-0.03338,-0.02777,-0.00570,0.00383,-0.02771,-0.02641,-0.01211,-0.03093,-0.03381,-0.02763,-0.03880,-0.02698,-0.05857,-0.00405,-0.00449,0.00540,-0.00425,-0.02533,-0.02714,-0.01815,-0.00370,-0.03812,-0.02168,0.01335,-0.01879,0.01918,0.00190,-0.00111,0.01395,-0.00586,-0.03179,0.00118,0.01463,-0.03669,-0.00353,0.03134,-0.01614,0.03071,0.01970,-0.00815,0.03404,0.00917,-0.03046,0.01926,0.02248,-0.04131,0.01095,0.03693,-0.02829
1152.0998,1,1,14.23,0.52,27.56,0.07602,-0.03839,0.53421,0.65367,0.53322,0.4355,0,1,0.22749,-0.04488,0.08000,0.22731,-0.04480,0.07990,0.20,0.00,0.53322,0.22830,-0.09897,0.08004,1.59077,-0.00000,0.16696,0.22956,-0.09882,0.07924,1.59039,0.00000,-0.17000,42,0.22023,-0.05044,0.07503,0.19060,0.09130,0,0.99179,-0.00075,-0.00874,-0.12761,Left,0,386.27,255.84,367.21,237.40,356.06,211.69,355.33,188.84,355.45,167.22,366.27,173.54,367.71,157.87,367.64,149.83,368.11,152.68,388.31,177.59,390.89,156.32,382.32,187.22,380.69,203.69,409.39,186.89,411.77,171.44,400.09,199.40,396.00,213.25,429.27,202.51,430.82,187.28,417.95,204.93,410.24,215.69,-0.00000,-0.02072,-0.03315,-0.04497,-0.05412,-0.00760,-0.03337,-0.04549,-0.04919,-0.00924,-0.03940,-0.03847,-0.02664,-0.01612,-0.04861,-0.03473,-0.01429,-0.02482,-0.04588,-0.03477,-0.01952,-0.00273,0.08435,0.03144,-0.02850,0.05896,0.01150,-0.03523,0.03487,-0.00024,-0.04155,0.00666,-0.01805,-0.04028,-0.02137,-0.03146,-0.02876,-0.00514,0.00345,-0.02903,-0.02528,-0.01193,-0.02981,-0.03433,-0.02697,-0.03339,-0.03008,-0.05831,-0.00457,-0.00418,0.00536,-0.00449,-0.02514,-0.02657,-0.01722,-0.00258,-0.03643,-0.01886,0.01325,-0.01430,0.01949,0.00156,-0.00083,0.01564,-0.00687,-0.03123,0.00303,0.01285,-0.03665,-0.00059,0.02887,-0.01553,0.03241,0.01922,-0.00728,0.03645,0.00872,-0.02864,0.02170,0.02099,-0.03953,0.01386,0.03539,-0.02686
1152.1328,1,1,14.08,0.89,29.66,0.07346,-0.03922,0.53406,0.64339,0.53390,0.4180,0,1,0.22757,-0.04233,0.08000,0.22779,-0.04155,0.08003,0.18,0.00,0.53390,0.21137,-0.10282,0.08349,1.58999,-0.00001,0.16689,0.21647,-0.10287,0.08393,1.58978,0.00000,-0.17000,42,0.22067,-0.04736,0.07506,0.19060,0.09130,0,0.99276,-0.00057,-0.00919,-0.11980,Left,0,383.00,255.48,363.91,236.97,352.68,211.09,351.62,189.07,351.16,167.59,364.25,173.13,364.28,157.58,362.10,149.79,361.15,152.39,386.31,176.52,388.59,154.17,379.65,184.43,377.68,201.52,407.24,185.64,408.57,170.53,396.78,198.45,392.83,212.57,427.25,201.28,427.45,185.52,415.04,203.40,408.11,214.66,-0.00000,-0.01873,-0.02955,-0.04006,-0.04812,-0.00456,-0.02910,-0.04059,-0.04400,-0.00741,-0.03671,-0.03612,-0.02439,-0.01535,-0.04712,-0.03389,-0.01381,-0.02491,-0.04510,-0.03380,-0.01849,-0.00399,0.08477,0.02812,-0.02932,0.05970,0.00924,-0.03640,0.03554,-0.00173,-0.04381,0.00739,-0.01858,-0.04273,-0.02061,-0.03093,-0.02879,-0.00483,0.00404,-0.03018,-0.02465,-0.01109,-0.03285,-0.03367,-0.02624,-0.03846,-0.02929,-0.05698,-0.00448,-0.00422,0.00588,-0.00473,-0.02655,-0.02582,-0.01831,-0.00446,-0.03637,-0.02005,0.01182,-0.01675,0.01932,0.00110,-0.00135,0.01436,-0.00712,-0.03109,0.00219,0.01294,-0.03682,-0.00125,0.02903,-0.01610,0.03207,0.01861,-0.00879,0.03542,0.00780,-0.03003,0.02074,0.02079,-0.04119,0.01422,0.03534,-0.02824
1152.1640,1,1,14.47,0.52,27.44,0.07109,-0.03971,0.53517,0.65851,0.53629,0.3933,0,1,0.22701,-0.03995,0.08000,0.22661,-0.03982,0.07963,0.18,0.00,0.53629,0.20385,-0.11246,0.09695,1.58893,-0.00001,0.16687,0.20497,-0.11164,0.09395,1.58857,0.00000,-0.17000,42,0.21944,-0.04586,0.07455,0.19060,0.09130,0,0.99312,-0.00032,-0.00742,-0.11686,Left,0,382.23,254.86,361.45,236.78,349.13,210.00,348.48,187.58,348.96,166.25,361.51,173.99,363.04,156.05,360.14,149.97,357.27,153.14,383.14,176.94,385.93,153.92,376.61,184.02,374.11,202.40,404.07,185.95,405.58,169.95,393.58,198.31,389.57,212.85,424.12,200.56,424.16,184.64,411.49,202.89,404.89,214.06,-0.00000,-0.01785,-0.02839,-0.03867,-0.04658,-0.00684,-0.03434,-0.04869,-0.05363,-0.01021,-0.04259,-0.04485,-0.03506,-0.01840,-0.05214,-0.04094,-0.02201,-0.02795,-0.04895,-0.03833,-0.02347,-0.00403,0.08512,0.02999,-0.02895,0.05936,0.01089,-0.03728,0.03546,-0.00031,-0.04436,0.00654,-0.01784,-0.04181,-0.02060,-0.03122,-0.02859,-0.00483,0.00384,-0.02894,-0.02516,-0.01283,-0.03242,-0.03293,-0.02771,-0.03964,-0.02724,-0.05614,-0.00451,-0.00421,0.00567,-0.00501,-0.02585,-0.02522,-0.01891,-0.00407,-0.03646,-0.02148,0.01339,-0.01656,0.01951,0.00138,-0.00127,0.01331,-0.00699,-0.03083,0.00104,0.01369,-0.03580,-0.00159,0.03057,-0.01499,0.03162,0.01837,-0.00912,0.03442,0.00683,-0.02962,0.01967,0.02020,-0.04008,0.01337,0.03489,-0.02720
1152.1960,1,1,14.82,0.50,27.95,0.06866,-0.04007,0.53454,0.66525,0.53390,0.4572,0,1,0.22733,-0.03753,0.08000,0.22741,-0.03678,0.07991,0.17,0.00,0.53390,0.18753,-0.11394,0.09672,1.58840,-0.00000,0.16686,0.19231,-0.11379,0.09607,1.58854,0.00000,-0.17000,42,0.22034,-0.04292,0.07481,0.19060,0.09130,0,0.99401,-0.00031,-0.00870,-0.10897,Left,0,379.36,253.33,358.19,234.94,345.44,207.69,343.84,184.91,342.72,163.44,360.15,173.17,361.45,153.93,355.25,148.56,349.46,152.31,381.23,176.64,382.87,152.57,372.55,182.67,370.46,200.91,401.70,186.08,402.23,169.06,389.61,197.74,386.17,212.79,421.37,200.93,420.63,183.49,407.84,201.66,401.91,213.55,-0.00000,-0.01656,-0.02636,-0.03642,-0.04440,-0.00482,-0.03184,-0.04555,-0.04968,-0.00880,-0.03981,-0.04111,-0.03057,-0.01767,-0.05066,-0.03905,-0.01958,-0.02780,-0.04776,-0.03651,-0.02114,-0.00559,0.08484,0.02815,-0.03047,0.05868,0.01017,-0.03876,0.03343,0.00122,-0.04717,0.00417,-0.01362,-0.04640,-0.02338,-0.02512,-0.02764,-0.00645,0.00516,-0.02840,-0.02636,-0.01081,-0.03443,-0.03451,-0.02574,-0.04557,-0.02767,-0.05440,-0.00389,-0.00443,0.00565,-0.00636,-0.02623,-0.02509,-0.02076,-0.00503,-0.03636,-0.02364,0.01236,-0.01704,0.01878,0.00214,-0.00182,0.01159,-0.00717,-0.03177,-0.00076,0.01332,-0.03622,-0.00411,0.03085,-0.01558,0.02950,0.01969,-0.01047,0.03214,0.00677,-0.03061,0.01763,0.02017,-0.04056,0.01150,0.03455,-0.02770
1152.2294,1,1,15.50,0.57,26.92,0.06608,-0.04056,0.53681,0.66537,0.53909,0.4746,0,1,0.22619,-0.03495,0.08000,0.22547,-0.03515,0.07928,0.22,0.01,0.53909,0.18098,-0.12705,0.11550,1.58741,-0.00000,0.16685,0.18021,-0.12688,0.11102,1.58676,0.00000,-0.17000,42,0.21845,-0.04143,0.07412,0.19060,0.09130,0,0.99432,-0.00001,-0.00620,-0.10630,Left,0,376.61,253.73,354.92,235.95,342.55,207.62,341.44,184.10,339.41,162.51,356.13,173.16,357.63,154.28,351.92,148.48,346.02,151.52,377.49,176.43,379.30,152.47,369.47,181.85,367.26,199.57,398.18,185.61,398.71,168.23,386.61,196.33,383.23,210.88,418.04,200.05,417.13,182.86,404.39,200.93,398.38,212.58,-0.00000,-0.01624,-0.02533,-0.03480,-0.04223,-0.00268,-0.02925,-0.04348,-0.04826,-0.00676,-0.03714,-0.03928,-0.02969,-0.01578,-0.04801,-0.03712,-0.01863,-0.02613,-0.04608,-0.03555,-0.02099,-0.00524,0.08597,0.02588,-0.03079,0.05980,0.00896,-0.03818,0.03439,-0.00052,-0.04633,0.00430,-0.01571,-0.04547,-0.02353,-0.02541,-0.02810,-0.00569,0.00519,-0.02833,-0.02629,-0.01096,-0.03461,-0.03439,-0.02618,-0.04507,-0.02798,-0.05624,-0.00406,-0.00464,0.00588,-0.00579,-0.02657,-0.02480,-0.01990,-0.00578,-0.03653,-0.02273,0.01100,-0.01892,0.01917,0.00186,-0.00197,0.01269,-0.00780,-0.03136,0.00014,0.01236,-0.03670,-0.00282,0.02984,-0.01673,0.03047,0.01928,-0.01082,0.03295,0.00684,-0.03074,0.01864,0.02026,-0.04140,0.01287,0.03454,-0.02851
1152.2595,1,1,14.15,0.50,26.53,0.06350,-0.04140,0.53646,0.65452,0.53610,0.4910,0,1,0.22637,-0.03237,0.08000,0.22643,-0.03168,0.07997,0.18,0.00,0.53610,0.16214,-0.13073,0.11488,1.58670,-0.00000,0.16683,0.16672,-0.13021,0.11426,1.58676,0.00000,-0.17000,42,0.21949,-0.03803,0.07458,0.19060,0.09130,0,0.99525,-0.00004,-0.00816,-0.09702,Left,0,373.56,252.86,352.02,234.96,338.49,206.69,336.25,183.75,334.84,162.17,354.05,172.01,354.23,153.19,347.40,147.71,340.60,150.66,375.31,174.67,375.70,151.36,365.95,181.48,364.07,199.63,396.04,183.73,394.98,166.71,382.95,195.90,380.05,211.11,415.94,198.34,413.63,181.73,400.74,200.29,395.16,212.12,-0.00000,-0.01653,-0.02611,-0.03614,-0.04419,-0.00280,-0.03015,-0.04534,-0.05085,-0.00707,-0.03752,-0.03991,-0.03071,-0.01642,-0.04901,-0.03797,-0.01940,-0.02715,-0.04735,-0.03664,-0.02196,-0.00552,0.08559,0.02732,-0.03054,0.05994,0.01064,-0.03957,0.03446,0.00102,-0.04869,0.00509,-0.01428,-0.04828,-0.02238,-0.02417,-0.02787,-0.00564,0.00569,-0.02932,-0.02521,-0.01099,-0.03649,-0.03278,-0.02599,-0.04857,-0.02701,-0.05578,-0.00395,-0.00426,0.00600,-0.00724,-0.02565,-0.02499,-0.02180,-0.00435,-0.03664,-0.02353,0.01276,-0.01942,0.01892,0.00160,-0.00242,0.01081,-0.00748,-0.03203,-0.00147,0.01374,-0.03682,-0.00366,0.03117,-0.01690,0.02974,0.01890,-0.01196,0.03109,0.00698,-0.03214,0.01621,0.02079,-0.04185,0.01095,0.03522,-0.02850
1152.2935,1,1,15.69,0.54,30.27,0.06089,-0.04173,0.53870,0.65819,0.54095,0.4992,0,1,0.22524,-0.02975,0.08000,0.22429,-0.03000,0.07902,0.23,0.01,0.54095,0.15515,-0.14258,0.13432,1.58587,0.00000,0.16681,0.15407,-0.14279,0.12841,1.58528,0.00000,-0.17000,42,0.21741,-0.03648,0.07361,0.19060,0.09130,0,0.99556,0.00028,-0.00474,-0.09404,Left,0,370.39,252.96,348.68,235.94,335.36,206.15,332.85,182.30,330.14,160.74,351.72,172.40,351.73,152.83,344.69,147.66,338.13,150.72,372.07,175.55,371.71,151.79,361.19,180.81,359.37,198.88,392.33,184.71,391.07,166.12,378.73,194.50,375.98,210.26,412.01,198.95,409.59,181.27,396.43,199.57,391.03,212.24,-0.00000,-0.01697,-0.02677,-0.03693,-0.04511,-0.00375,-0.03083,-0.04585,-0.05128,-0.00779,-0.03790,-0.04054,-0.03184,-0.01684,-0.04899,-0.03841,-0.02045,-0.02734,-0.04771,-0.03758,-0.02342,-0.00671,0.08541,0.02544,-0.03171,0.05896,0.01007,-0.04033,0.03271,0.00109,-0.04926,0.00339,-0.01274,-0.04973,-0.02427,-0.02181,-0.02746,-0.00592,0.00623,-0.02888,-0.02593,-0.01132,-0.03575,-0.03332,-0.02614,-0.04747,-0.02710,-0.05370,-0.00376,-0.00436,0.00575,-0.00744,-0.02579,-0.02406,-0.02257,-0.00537,-0.03593,-0.02533,0.01164,-0.01955,0.01877,0.00189,-0.00267,0.01049,-0.00852,-0.03187,-0.00240,0.01154,-0.03694,-0.00509,0.02974,-0.01759,0.02874,0.01919,-0.01235,0.03074,0.00625,-0.03196,0.01540,0.01938,-0.04176,0.01042,0.03442,-0.02879
1152.3243,1,1,14.48,0.53,26.94,0.05779,-0.04188,0.53960,0.65638,0.54050,0.5028,0,1,0.22479,-0.02665,0.08000,0.22491,-0.02611,0.08017,0.24,0.00,0.54050,0.13420,-0.15294,0.13768,1.58484,-0.00000,0.16676,0.13834,-0.15114,0.13728,1.58472,0.00000,-0.17000,42,0.21828,-0.03267,0.07477,0.19060,0.09130,0,0.99646,0.00020,-0.00899,-0.08362,Left,0,367.11,252.10,345.64,234.89,332.16,205.34,328.99,181.69,325.28,161.14,348.16,173.03,346.72,153.58,339.24,147.90,332.85,151.15,368.06,175.95,367.30,151.76,357.26,182.07,356.70,199.74,388.51,184.79,387.19,165.13,374.82,194.06,372.63,209.71,408.54,198.63,406.35,180.41,393.05,198.45,387.83,210.97,-0.00000,-0.01564,-0.02528,-0.03574,-0.04446,-0.00385,-0.03079,-0.04485,-0.04958,-0.00843,-0.03808,-0.03908,-0.02922,-0.01792,-0.04999,-0.03817,-0.01939,-0.02873,-0.04901,-0.03843,-0.02403,-0.00610,0.08459,0.02268,-0.03082,0.05840,0.00776,-0.03969,0.03244,-0.00042,-0.04901,0.00253,-0.01239,-0.05105,-0.02474,-0.02016,-0.02704,-0.00584,0.00602,-0.03055,-0.02569,-0.01082,-0.03763,-0.03298,-0.02539,-0.04929,-0.02683,-0.05220,-0.00379,-0.00400,0.00591,-0.00832,-0.02563,-0.02448,-0.02301,-0.00391,-0.03519,-0.02358,0.01286,-0.01595,0.01874,0.00154,-0.00254,0.01043,-0.00946,-0.03168,-0.00279,0.01124,-0.03669,-0.00438,0.02945,-0.01690,0.02920,0.01862,-0.01211,0.03122,0.00571,-0.03179,0.01592,0.01823,-0.04270,0.01024,0.03381,-0.02950
1152.3572,1,1,15.24,0.55,29.70,0.05483,-0.04261,0.54318,0.66858,0.54676,0.5132,0,1,0.22301,-0.02369,0.08000,0.22206,-0.02365,0.07920,0.29,0.01,0.54676,0.12309,-0.17132,0.16394,1.58373,0.00000,0.16666,0.12389,-0.16913,0.15706,1.58301,0.00000,-0.17000,42,0.21539,-0.03035,0.07381,0.19060,0.09130,0,0.99689,0.00052,-0.00558,-0.07858,Left,0,364.02,250.92,342.33,234.86,328.10,205.72,325.07,182.06,321.91,160.64,344.37,172.55,343.66,152.14,335.30,147.18,327.59,150.21,364.53,175.19,363.42,150.65,353.09,181.52,352.41,199.60,384.95,183.93,383.26,163.61,370.65,193.53,368.63,209.33,405.03,197.71,401.63,179.91,388.77,198.68,384.65,210.83,-0.00000,-0.01556,-0.02531,-0.03581,-0.04468,-0.00436,-0.03194,-0.04675,-0.05198,-0.00917,-0.03905,-0.04035,-0.03079,-0.01890,-0.05089,-0.03889,-0.02005,-0.02992,-0.04996,-0.03916,-0.02469,-0.00600,0.08542,0.02386,-0.03111,0.05988,0.00826,-0.04049,0.03443,0.00029,-0.05018,0.00391,-0.01193,-0.05167,-0.02435,-0.01956,-0.02772,-0.00538,0.00620,-0.03034,-0.02596,-0.01030,-0.03797,-0.03315,-0.02501,-0.05172,-0.02698,-0.05270,-0.00384,-0.00416,0.00605,-0.00936,-0.02632,-0.02399,-0.02452,-0.00412,-0.03536,-0.02462,0.01349,-0.01692,0.01880,0.00150,-0.00276,0.00979,-0.00988,-0.03185,-0.00362,0.01176,-0.03724,-0.00501,0.03036,-0.01792,0.02941,0.01882,-0.01248,0.03040,0.00606,-0.03221,0.01506,0.01923,-0.04219,0.01099,0.03412,-0.02842
1152.3887,1,1,15.12,0.56,27.61,0.05155,-0.04319,0.54255,0.66952,0.54192,0.5165,0,1,0.22332,-0.02041,0.08000,0.22339,-0.02074,0.08013,0.24,0.00,0.54192,0.10663,-0.17193,0.15831,1.58318,0.00000,0.16663,0.10623,-0.17127,0.15859,1.58349,0.00000,-0.17000,42,0.21672,-0.02739,0.07463,0.19060,0.09130,0,0.99749,0.00050,-0.00896,-0.07020,Left,0,360.56,250.94,338.94,234.83,324.85,205.09,321.51,181.60,317.74,161.13,341.26,171.53,339.93,152.10,330.86,147.42,322.60,151.77,361.29,174.32,359.11,150.77,348.77,182.18,348.85,199.18,381.82,182.92,378.89,163.94,366.44,193.90,365.20,208.91,401.89,196.47,398.15,179.19,385.03,198.38,381.05,210.55,-0.00000,-0.01529,-0.02424,-0.03400,-0.04189,-0.00249,-0.02924,-0.04241,-0.04621,-0.00692,-0.03528,-0.03458,-0.02360,-0.01651,-0.04791,-0.03485,-0.01533,-0.02744,-0.04760,-0.03655,-0.02176,-0.00523,0.08629,0.02518,-0.03027,0.06019,0.00893,-0.04024,0.03454,0.00105,-0.04957,0.00432,-0.01033,-0.05156,-0.02406,-0.01911,-0.02745,-0.00536,0.00626,-0.03064,-0.02489,-0.01061,-0.03866,-0.03174,-0.02535,-0.05315,-0.02411,-0.05218,-0.00382,-0.00422,0.00588,-0.00955,-0.02475,-0.02496,-0.02471,-0.00192,-0.03530,-0.02481,0.01400,-0.01426,0.01882,0.00132,-0.00277,0.00863,-0.00845,-0.03282,-0.00430,0.01299,-0.03717,-0.00489,0.03059,-0.01619,0.02903,0.01858,-0.01235,0.03000,0.00613,-0.03329,0.01402,0.02009,-0.04361,0.01044,0.03550,-0.02942
1152.4370,1,1,15.11,0.52,45.01,0.04906,-0.04400,0.55025,0.66226,0.55795,0.5481,0,1,0.21947,-0.01793,0.08000,0.21741,-0.01861,0.07819,0.43,0.02,0.55795,0.09838,-0.20881,0.21023,1.58068,0.00000,0.16660,0.09466,-0.20388,0.19445,1.58048,0.00000,-0.17000,42,0.21092,-0.02549,0.07274,0.19060,0.09130,0,0.99775,0.00083,-0.00288,-0.06691,Left,0,358.37,251.29,336.35,235.68,321.86,205.21,318.40,180.96,313.78,160.38,338.64,172.19,336.14,152.25,326.35,147.12,317.70,150.33,358.06,174.75,355.60,150.62,345.47,181.81,345.76,199.06,378.22,183.03,375.14,163.25,363.00,193.48,362.25,208.96,398.05,196.16,394.19,178.07,381.12,197.56,377.50,210.40,-0.00000,-0.01278,-0.02035,-0.02919,-0.03660,-0.00087,-0.02720,-0.04112,-0.04586,-0.00648,-0.03447,-0.03460,-0.02455,-0.01690,-0.04785,-0.03522,-0.01627,-0.02847,-0.04843,-0.03741,-0.02285,-0.00580,0.08664,0.01813,-0.03032,0.06048,0.00509,-0.04012,0.03515,-0.00120,-0.04948,0.00401,-0.00984,-0.05160,-0.02451,-0.01643,-0.02746,-0.00477,0.00736,-0.03103,-0.02504,-0.00860,-0.03986,-0.03240,-0.02351,-0.05469,-0.02526,-0.05163,-0.00393,-0.00407,0.00664,-0.00972,-0.02506,-0.02352,-0.02475,-0.00290,-0.03392,-0.02458,0.01379,-0.01478,0.01863,0.00110,-0.00352,0.00849,-0.00936,-0.03223,-0.00446,0.01227,-0.03714,-0.00432,0.03080,-0.01726,0.02884,0.01782,-0.01450,0.02962,0.00521,-0.03470,0.01350,0.01898,-0.04545,0.01057,0.03514,-0.03103
1152.4676,1,1,14.16,0.52,26.60,0.04701,-0.04516,0.55959,0.67103,0.56893,0.5330,0,1,0.21480,-0.01588,0.08000,0.21341,-0.01523,0.07622,0.55,0.02,0.56893,0.08142,-0.22892,0.24449,1.57926,0.00000,0.16655,0.08544,-0.24482,0.23689,1.57903,0.00000,-0.17000,42,0.20684,-0.02210,0.07086,0.19060,0.09130,0,0.99828,0.00108,0.00361,-0.05843,Left,0,355.83,250.50,333.73,235.85,318.74,204.76,315.30,180.86,310.61,160.86,336.78,171.97,333.17,150.72,322.07,146.88,312.44,150.94,355.83,174.15,351.91,150.20,342.16,180.74,342.90,198.26,375.50,182.42,371.15,162.68,359.30,191.99,358.89,206.93,395.06,195.36,390.03,177.89,377.33,196.91,374.02,209.27,-0.00000,-0.01164,-0.01842,-0.02686,-0.03403,0.00072,-0.02486,-0.03880,-0.04373,-0.00543,-0.03281,-0.03408,-0.02524,-0.01623,-0.04629,-0.03513,-0.01764,-0.02807,-0.04676,-0.03612,-0.02229,-0.00564,0.08694,0.02052,-0.03016,0.06068,0.00810,-0.04075,0.03499,0.00205,-0.05102,0.00474,-0.00675,-0.05359,-0.02304,-0.01478,-0.02699,-0.00503,0.00870,-0.03183,-0.02503,-0.00712,-0.04184,-0.03174,-0.02204,-0.05791,-0.02352,-0.04886,-0.00366,-0.00439,0.00638,-0.01108,-0.02451,-0.02286,-0.02607,-0.00250,-0.03371,-0.02535,0.01400,-0.01484,0.01842,0.00129,-0.00449,0.00662,-0.00909,-0.03298,-0.00610,0.01245,-0.03727,-0.00531,0.03018,-0.01815,0.02784,0.01829,-0.01587,0.02755,0.00560,-0.03601,0.01154,0.01980,-0.04660,0.00859,0.03540,-0.03239
1152.5003,1,1,14.44,0.53,29.53,0.04377,-0.04573,0.56342,0.66904,0.56724,0.5312,0,1,0.21289,-0.01263,0.08000,0.21152,-0.01186,0.07948,0.38,0.01,0.56724,0.06291,-0.27631,0.26896,1.58047,-0.00000,0.16643,0.06847,-0.26539,0.25595,1.58037,0.00000,-0.17000,42,0.20534,-0.01894,0.07412,0.19060,0.09130,0,0.99873,0.00103,-0.00791,-0.04965,Left,0,351.92,250.29,330.02,235.06,314.84,205.42,310.18,182.21,305.47,162.41,332.63,171.61,330.26,150.45,318.66,146.89,307.74,151.37,351.50,174.15,347.67,150.43,337.93,180.93,338.47,198.25,371.10,182.40,366.90,163.29,355.14,192.72,354.62,207.32,390.83,195.31,386.15,177.48,373.33,197.00,369.81,209.26,-0.00000,-0.01193,-0.01947,-0.02853,-0.03608,-0.00010,-0.02654,-0.04084,-0.04574,-0.00611,-0.03423,-0.03563,-0.02670,-0.01686,-0.04740,-0.03625,-0.01855,-0.02863,-0.04719,-0.03620,-0.02203,-0.00488,0.08659,0.01936,-0.02958,0.06019,0.00816,-0.04046,0.03564,0.00176,-0.05128,0.00598,-0.00639,-0.05417,-0.02174,-0.01520,-0.02685,-0.00522,0.00860,-0.03087,-0.02553,-0.00682,-0.04077,-0.03193,-0.02186,-0.05866,-0.02325,-0.04904,-0.00379,-0.00440,0.00649,-0.01041,-0.02453,-0.02300,-0.02599,-0.00234,-0.03284,-0.02578,0.01342,-0.01277,0.01852,0.00113,-0.00466,0.00680,-0.00879,-0.03298,-0.00609,0.01268,-0.03626,-0.00554,0.02986,-0.01637,0.02794,0.01813,-0.01567,0.02810,0.00532,-0.03566,0.01166,0.01949,-0.04563,0.00910,0.03490,-0.03095
1152.5317,1,1,14.28,0.52,27.97,0.04075,-0.04631,0.56915,0.65130,0.57489,0.5815,0,1,0.21002,-0.00962,0.08000,0.20982,-0.00957,0.07959,0.43,0.01,0.57489,0.05017,-0.29293,0.28418,1.58131,-0.00000,0.16638,0.05212,-0.29126,0.28131,1.58093,0.00000,-0.17000,42,0.20368,-0.01673,0.07414,0.19060,0.09130,0,0.99902,0.00117,-0.00785,-0.04356,Left,0,349.34,250.26,326.16,235.63,310.56,202.81,306.19,178.43,300.20,159.58,329.33,172.48,326.14,150.93,314.03,148.10,303.17,152.91,348.17,174.19,343.37,150.14,333.71,180.44,334.72,198.51,367.74,182.24,361.96,163.54,350.74,193.37,351.11,208.98,387.36,194.85,380.58,177.71,368.31,197.48,365.93,210.31,-0.00000,-0.01030,-0.01533,-0.02214,-0.02785,0.00218,-0.02276,-0.03636,-0.04110,-0.00430,-0.03153,-0.03337,-0.02486,-0.01526,-0.04529,-0.03490,-0.01781,-0.02705,-0.04576,-0.03535,-0.02164,-0.00571,0.08522,0.01428,-0.03043,0.05938,0.00502,-0.04174,0.03299,0.00058,-0.05243,0.00200,-0.00550,-0.05664,-0.02448,-0.01029,-0.02700,-0.00483,0.00896,-0.03147,-0.02463,-0.00710,-0.04189,-0.03048,-0.02188,-0.05962,-0.02185,-0.04759,-0.00351,-0.00383,0.00671,-0.01153,-0.02500,-0.02255,-0.02666,-0.00328,-0.03282,-0.02609,0.01386,-0.01569,0.01827,0.00111,-0.00486,0.00576,-0.00867,-0.03295,-0.00701,0.01266,-0.03665,-0.00531,0.03118,-0.01757,0.02796,0.01713,-0.01672,0.02663,0.00513,-0.03658,0.01020,0.01929,-0.04641,0.00837,0.03545,-0.03212
1152.5637,1,1,14.28,0.51,28.50,0.03627,-0.04593,0.56301,0.65093,0.55687,0.6165,0,1,0.21309,-0.00513,0.07962,0.21328,-0.00524,0.07848,0.43,0.01,0.55687,0.02442,-0.25587,0.25578,1.57937,-0.00000,0.16635,0.02564,-0.27127,0.26226,1.57967,0.00000,-0.17000,42,0.20719,-0.01238,0.07309,0.19060,0.09130,0,0.99953,0.00135,-0.00453,-0.03035,Left,0,345.06,250.63,322.75,236.05,307.02,204.37,302.20,180.18,295.44,161.91,323.18,172.64,320.34,152.17,309.20,148.66,298.44,152.46,342.98,173.99,338.23,150.41,329.28,180.16,329.71,198.18,363.27,181.77,357.88,163.81,347.04,193.43,346.58,208.78,383.65,194.28,377.58,177.31,365.19,197.06,361.61,209.79,-0.00000,-0.01153,-0.01724,-0.02439,-0.03032,0.00118,-0.02485,-0.03962,-0.04521,-0.00507,-0.03378,-0.03669,-0.02871,-0.01595,-0.04739,-0.03766,-0.02063,-0.02775,-0.04731,-0.03725,-0.02360,-0.00379,0.08567,0.01568,-0.02863,0.06041,0.00538,-0.03964,0.03490,0.00024,-0.05014,0.00421,-0.00583,-0.05547,-0.02212,-0.01046,-0.02705,-0.00408,0.00875,-0.03149,-0.02373,-0.00804,-0.04150,-0.02969,-0.02348,-0.05836,-0.02156,-0.05014,-0.00386,-0.00391,0.00656,-0.01152,-0.02464,-0.02299,-0.02630,-0.00295,-0.03430,-0.02643,0.01418,-0.01787,0.01861,0.00051,-0.00450,0.00582,-0.00830,-0.03304,-0.00632,0.01311,-0.03689,-0.00532,0.03095,-0.01791,0.02888,0.01649,-0.01601,0.02750,0.00466,-0.03639,0.01141,0.01903,-0.04636,0.00886,0.03522,-0.03253
1152.5961,1,1,14.68,0.52,28.59,0.03245,-0.04611,0.56260,0.64821,0.56219,0.6370,0,1,0.21330,-0.00132,0.07980,0.21319,0.00072,0.08008,0.32,0.00,0.56219,-0.00973,-0.27067,0.25936,1.58042,0.00000,0.16639,0.00370,-0.26820,0.25873,1.58025,0.00000,-0.17000,42,0.20761,-0.00672,0.07478,0.19060,0.09130,0,0.99985,0.00167,-0.01029,-0.01377,Left,0,342.58,250.48,319.77,236.21,303.38,204.58,297.25,180.18,289.81,161.34,320.07,172.58,316.02,152.74,304.06,148.85,293.29,151.86,339.35,173.75,333.40,150.54,325.02,181.21,326.98,198.37,359.43,181.32,353.16,163.01,342.82,193.56,343.69,208.43,379.72,193.68,372.49,177.15,360.39,197.69,358.00,210.32,-0.00000,-0.01112,-0.01649,-0.02330,-0.02899,0.00181,-0.02371,-0.03782,-0.04313,-0.00445,-0.03210,-0.03368,-0.02506,-0.01536,-0.04624,-0.03525,-0.01769,-0.02720,-0.04681,-0.03641,-0.02267,-0.00215,0.08560,0.01584,-0.02737,0.06074,0.00688,-0.03929,0.03526,0.00205,-0.05120,0.00439,-0.00328,-0.05792,-0.02249,-0.00717,-0.02666,-0.00403,0.00943,-0.03213,-0.02278,-0.00659,-0.04275,-0.02950,-0.02159,-0.06007,-0.02208,-0.04800,-0.00376,-0.00371,0.00650,-0.01316,-0.02377,-0.02260,-0.02728,-0.00213,-0.03240,-0.02539,0.01410,-0.01512,0.01830,0.00061,-0.00498,0.00491,-0.00870,-0.03292,-0.00712,0.01329,-0.03600,-0.00473,0.03083,-0.01720,0.02824,0.01668,-0.01656,0.02596,0.00504,-0.03660,0.01055,0.02022,-0.04615,0.00868,0.03591,-0.03156
1152.6277,1,1,14.26,0.53,28.61,0.02819,-0.04635,0.56218,0.65277,0.56175,0.6288,0,1,0.21351,0.00294,0.08000,0.21320,0.00261,0.07969,0.35,0.00,0.56175,-0.02061,-0.26559,0.25693,1.58145,0.00000,0.16635,-0.02049,-0.26609,0.25533,1.58153,0.00000,-0.17000,42,0.20759,-0.00490,0.07450,0.19060,0.09130,0,0.99992,0.00181,-0.00886,-0.00860,Left,0,337.19,250.25,315.28,236.15,298.97,204.56,293.02,180.82,284.79,162.04,315.58,172.37,310.93,152.91,298.65,148.94,287.59,151.66,334.80,173.41,328.91,150.76,320.37,181.08,322.02,197.96,354.97,180.96,348.69,162.64,338.50,192.49,339.64,206.95,375.55,193.13,368.61,176.43,356.93,196.01,355.10,207.91,-0.00000,-0.01120,-0.01735,-0.02528,-0.03230,0.00197,-0.02385,-0.03878,-0.04480,-0.00471,-0.03237,-0.03461,-0.02667,-0.01608,-0.04647,-0.03561,-0.01840,-0.02848,-0.04692,-0.03601,-0.02222,-0.00273,0.08613,0.01739,-0.02773,0.06106,0.00704,-0.03966,0.03596,0.00145,-0.05159,0.00573,-0.00430,-0.05924,-0.02148,-0.00820,-0.02679,-0.00401,0.00910,-0.03274,-0.02235,-0.00724,-0.04371,-0.02827,-0.02222,-0.06128,-0.02144,-0.04859,-0.00389,-0.00377,0.00669,-0.01321,-0.02354,-0.02276,-0.02777,-0.00139,-0.03325,-0.02577,0.01465,-0.01495,0.01841,0.00045,-0.00469,0.00518,-0.00856,-0.03298,-0.00708,0.01301,-0.03648,-0.00405,0.02986,-0.01759,0.02861,0.01660,-0.01624,0.02644,0.00481,-0.03585,0.01117,0.01842,-0.04500,0.01009,0.03376,-0.03174
1152.6603,1,1,14.57,0.51,28.82,0.02455,-0.04708,0.56330,0.64587,0.56442,0.6688,0,1,0.21295,0.00659,0.08000,0.21285,0.00674,0.07982,0.31,0.00,0.56442,-0.04434,-0.26870,0.25906,1.58161,-0.00000,0.16637,-0.04165,-0.26952,0.25882,1.58152,0.00000,-0.17000,42,0.20739,-0.00082,0.07448,0.19060,0.09130,0,0.99995,0.00197,-0.00871,0.00331,Left,0,334.29,248.77,312.19,235.57,295.08,203.41,288.57,178.94,279.96,159.96,313.24,171.94,307.76,151.19,294.31,147.53,282.60,150.33,331.73,172.69,324.30,149.51,315.85,180.61,318.82,197.50,351.49,180.04,343.90,161.74,333.88,191.83,336.22,206.00,371.86,191.86,364.06,175.38,352.32,195.01,351.04,206.81,-0.00000,-0.01045,-0.01622,-0.02410,-0.03119,0.00203,-0.02334,-0.03736,-0.04283,-0.00476,-0.03231,-0.03409,-0.02587,-0.01616,-0.04653,-0.03575,-0.01865,-0.02851,-0.04692,-0.03641,-0.02301,-0.00214,0.08428,0.01741,-0.02718,0.06007,0.00846,-0.04029,0.03478,0.00391,-0.05305,0.00517,-0.00108,-0.06067,-0.02251,-0.00431,-0.02608,-0.00398,0.00959,-0.03311,-0.02229,-0.00652,-0.04459,-0.02791,-0.02095,-0.06355,-0.02160,-0.04637,-0.00353,-0.00375,0.00648,-0.01478,-0.02328,-0.02262,-0.02943,-0.00071,-0.03258,-0.02561,0.01502,-0.01269,0.01777,0.00039,-0.00524,0.00362,-0.00821,-0.03340,-0.00877,0.01385,-0.03625,-0.00429,0.02975,-0.01700,0.02753,0.01624,-0.01672,0.02505,0.00471,-0.03588,0.00909,0.01817,-0.04536,0.00837,0.03288,-0.03246
1152.6914,1,1,14.05,0.51,27.93,0.02115,-0.04833,0.56865,0.63363,0.57400,0.6877,0,1,0.21027,0.00999,0.08000,0.20883,0.01095,0.07897,0.40,0.01,0.57400,-0.07005,-0.29463,0.29004,1.58173,-0.00000,0.16639,-0.06189,-0.28960,0.27924,1.58131,0.00000,-0.17000,42,0.20353,0.00315,0.07366,0.19060,0.09130,0,0.99986,0.00206,-0.00615,0.01562,Left,0,331.10,248.37,308.52,235.19,291.42,201.63,284.47,177.12,274.95,158.81,309.85,171.11,303.89,150.11,290.22,146.78,277.87,149.52,328.39,171.46,320.67,148.19,311.98,179.45,314.03,197.53,348.11,178.84,339.77,160.82,329.87,191.21,331.76,206.13,368.24,190.87,359.10,175.12,347.53,195.45,346.31,207.57,-0.00000,-0.00927,-0.01347,-0.01987,-0.02562,0.00426,-0.02033,-0.03431,-0.03999,-0.00308,-0.03082,-0.03341,-0.02562,-0.01491,-0.04530,-0.03521,-0.01853,-0.02758,-0.04624,-0.03616,-0.02308,-0.00273,0.08435,0.01167,-0.02741,0.05959,0.00502,-0.04081,0.03401,0.00169,-0.05391,0.00398,-0.00056,-0.06218,-0.02316,-0.00235,-0.02639,-0.00406,0.01044,-0.03345,-0.02214,-0.00593,-0.04529,-0.02753,-0.02057,-0.06491,-0.02126,-0.04612,-0.00351,-0.00349,0.00693,-0.01448,-0.02344,-0.02166,-0.02940,-0.00139,-0.03216,-0.02718,0.01572,-0.01467,0.01784,0.00044,-0.00578,0.00281,-0.00842,-0.03317,-0.00943,0.01384,-0.03632,-0.00471,0.03037,-0.01902,0.02702,0.01576,-0.01836,0.02371,0.00493,-0.03748,0.00819,0.01934,-0.04560,0.00730,0.03398,-0.03250
1152.7254,1,1,15.49,0.55,31.00,0.01813,-0.04968,0.56909,0.63320,0.56954,0.6630,0,1,0.21005,0.01300,0.08000,0.21027,0.01347,0.08016,0.27,0.00,0.56954,-0.08409,-0.29101,0.27841,1.58189,0.00000,0.16638,-0.07996,-0.29130,0.27993,1.58217,0.00000,-0.17000,42,0.20500,0.00561,0.07482,0.19060,0.09130,0,0.99969,0.00245,-0.01031,0.02253,Left,0,328.46,247.53,306.20,234.45,287.92,201.30,280.39,176.68,271.27,158.05,307.59,168.84,300.50,148.22,286.26,145.44,273.88,149.48,325.99,169.41,316.65,146.97,308.24,179.14,311.49,196.34,345.64,176.86,335.43,159.89,326.01,191.06,329.13,205.31,365.85,189.02,355.32,174.74,343.97,195.24,343.70,206.58,-0.00000,-0.00976,-0.01496,-0.02221,-0.02852,0.00221,-0.02328,-0.03713,-0.04247,-0.00493,-0.03251,-0.03376,-0.02520,-0.01668,-0.04665,-0.03519,-0.01789,-0.02943,-0.04774,-0.03724,-0.02401,-0.00208,0.08490,0.01678,-0.02610,0.05999,0.00931,-0.04046,0.03522,0.00498,-0.05364,0.00569,0.00026,-0.06136,-0.02147,-0.00355,-0.02579,-0.00434,0.01089,-0.03349,-0.02162,-0.00542,-0.04579,-0.02679,-0.01976,-0.06563,-0.01929,-0.04529,-0.00336,-0.00381,0.00670,-0.01576,-0.02215,-0.02218,-0.03049,0.00020,-0.03109,-0.02653,0.01629,-0.01201,0.01743,0.00067,-0.00628,0.00101,-0.00691,-0.03359,-0.01085,0.01574,-0.03481,-0.00477,0.03128,-0.01686,0.02620,0.01667,-0.01860,0.02204,0.00652,-0.03799,0.00641,0.02109,-0.04553,0.00712,0.03470,-0.03184
1152.7555,1,1,14.31,0.52,26.53,0.01544,-0.05091,0.57397,0.62976,0.57884,0.6971,0,1,0.20761,0.01570,0.08000,0.20649,0.01616,0.07931,0.34,0.01,0.57884,-0.10192,-0.31425,0.30634,1.58270,0.00000,0.16646,-0.09684,-0.30883,0.29741,1.58234,0.00000,-0.17000,42,0.20144,0.00820,0.07398,0.19060,0.09130,0,0.99948,0.00237,-0.00745,0.03120,Left,0,325.95,247.86,303.49,234.28,285.06,200.97,277.23,176.24,267.04,157.76,305.27,168.73,297.89,147.73,283.30,144.59,270.45,148.33,323.37,169.19,313.32,146.60,305.07,179.43,309.02,195.85,343.08,176.33,332.09,158.71,323.26,190.23,327.43,204.03,363.34,188.26,352.34,173.36,341.62,194.15,342.66,205.44,-0.00000,-0.00844,-0.01348,-0.02116,-0.02822,0.00397,-0.02102,-0.03444,-0.03968,-0.00401,-0.03081,-0.03133,-0.02244,-0.01660,-0.04596,-0.03367,-0.01610,-0.03019,-0.04834,-0.03740,-0.02399,-0.00228,0.08559,0.01230,-0.02661,0.06024,0.00548,-0.04039,0.03546,0.00248,-0.05442,0.00566,0.00062,-0.06286,-0.02220,-0.00063,-0.02571,-0.00402,0.01152,-0.03353,-0.02171,-0.00455,-0.04594,-0.02757,-0.01917,-0.06628,-0.02004,-0.04506,-0.00336,-0.00369,0.00699,-0.01610,-0.02225,-0.02147,-0.03026,0.00064,-0.03062,-0.02592,0.01581,-0.01067,0.01746,0.00063,-0.00642,0.00079,-0.00768,-0.03361,-0.01004,0.01486,-0.03517,-0.00341,0.03003,-0.01771,0.02649,0.01618,-0.01950,0.02199,0.00585,-0.03787,0.00721,0.02009,-0.04526,0.00898,0.03382,-0.03225
1152.7887,1,1,15.00,0.54,29.85,0.01293,-0.05240,0.57566,0.62287,0.57735,0.6913,0,1,0.20677,0.01821,0.08000,0.20680,0.01825,0.07989,0.25,0.00,0.57735,-0.11401,-0.31467,0.30274,1.58299,0.00000,0.16646,-0.11237,-0.31488,0.30252,1.58319,0.00000,-0.17000,42,0.20175,0.01013,0.07441,0.19060,0.09130,0,0.99928,0.00262,-0.00896,0.03679,Left,0,323.39,246.46,300.89,232.58,282.32,199.74,273.98,175.38,264.03,156.45,303.15,166.94,295.48,146.85,280.23,143.98,267.04,147.13,321.33,167.21,310.87,145.25,302.41,178.01,306.57,194.99,340.94,174.44,329.23,158.22,320.56,189.98,325.44,204.35,361.19,186.30,348.96,173.03,338.26,194.19,339.83,205.77,-0.00000,-0.00866,-0.01421,-0.02239,-0.02993,0.00402,-0.02202,-0.03678,-0.04300,-0.00416,-0.03217,-0.03409,-0.02613,-0.01700,-0.04743,-0.03649,-0.01960,-0.03081,-0.04966,-0.03972,-0.02688,-0.00248,0.08500,0.01613,-0.02653,0.05945,0.00910,-0.04117,0.03573,0.00507,-0.05530,0.00661,0.00123,-0.06373,-0.02112,-0.00128,-0.02575,-0.00390,0.01145,-0.03369,-0.02022,-0.00484,-0.04664,-0.02614,-0.01953,-0.06725,-0.01890,-0.04515,-0.00333,-0.00360,0.00687,-0.01671,-0.02108,-0.02187,-0.03070,0.00183,-0.03017,-0.02678,0.01685,-0.01077,0.01729,0.00068,-0.00691,-0.00021,-0.00607,-0.03345,-0.01022,0.01678,-0.03311,-0.00323,0.03204,-0.01680,0.02613,0.01659,-0.01939,0.02092,0.00698,-0.03726,0.00576,0.02150,-0.04426,0.00804,0.03536,-0.03112
1152.8198,1,1,14.38,0.49,27.92,0.01051,-0.05349,0.58107,0.63894,0.58648,0.6974,0,1,0.20406,0.02063,0.08000,0.20282,0.02090,0.07909,0.36,0.01,0.58648,-0.13267,-0.33946,0.33126,1.58426,-0.00000,0.16649,-0.12840,-0.33442,0.32145,1.58390,0.00000,-0.17000,42,0.19803,0.01281,0.07363,0.19060,0.09130,0,0.99890,0.00252,-0.00646,0.04627,Left,0,320.73,245.67,298.88,231.73,280.36,198.85,271.02,174.47,260.34,155.64,301.10,166.70,293.14,145.55,277.90,142.84,264.88,146.36,319.01,167.39,308.10,144.39,299.28,176.79,303.30,193.80,338.55,174.99,327.02,156.47,317.54,187.91,321.82,202.56,358.83,187.32,347.00,172.33,335.49,192.82,336.23,204.65,-0.00000,-0.00885,-0.01445,-0.02260,-0.03010,0.00307,-0.02237,-0.03657,-0.04249,-0.00491,-0.03241,-0.03423,-0.02644,-0.01739,-0.04739,-0.03616,-0.01925,-0.03082,-0.04971,-0.03970,-0.02686,-0.00252,0.08579,0.01597,-0.02673,0.05979,0.00863,-0.04085,0.03533,0.00583,-0.05634,0.00561,0.00353,-0.06548,-0.02245,0.00196,-0.02597,-0.00474,0.01199,-0.03394,-0.02190,-0.00442,-0.04678,-0.02752,-0.01820,-0.06748,-0.02076,-0.04320,-0.00339,-0.00400,0.00671,-0.01735,-0.02252,-0.02105,-0.03131,-0.00001,-0.02985,-0.02763,0.01530,-0.01016,0.01730,0.00122,-0.00693,0.00010,-0.00812,-0.03297,-0.01112,0.01405,-0.03453,-0.00450,0.02976,-0.01760,0.02632,0.01740,-0.01937,0.02107,0.00649,-0.03691,0.00594,0.02008,-0.04417,0.00753,0.03394,-0.03204
1152.8701,1,1,15.33,0.56,46.77,0.00802,-0.05487,0.58496,0.62866,0.58885,0.6752,0,1,0.20212,0.02311,0.08000,0.20213,0.02253,0.07960,0.33,0.01,0.58885,-0.14303,-0.34781,0.33536,1.58521,0.00000,0.16639,-0.14488,-0.34866,0.33425,1.58530,0.00000,-0.17000,42,0.19738,0.01436,0.07411,0.19060,0.09130,0,0.99866,0.00284,-0.00808,0.05111,Left,0,319.55,244.64,296.98,231.05,277.50,198.24,268.26,173.40,257.59,154.58,298.02,165.63,289.71,144.89,274.48,142.29,261.59,145.88,316.35,166.01,305.42,143.46,296.80,176.56,301.00,193.13,336.02,173.44,324.13,155.94,314.93,187.61,319.38,201.70,356.09,185.61,343.51,170.82,332.43,191.62,333.50,203.15,-0.00000,-0.00942,-0.01551,-0.02404,-0.03191,0.00271,-0.02288,-0.03657,-0.04198,-0.00508,-0.03247,-0.03333,-0.02475,-0.01752,-0.04775,-0.03585,-0.01842,-0.03092,-0.04945,-0.03866,-0.02532,-0.00095,0.08518,0.01412,-0.02647,0.06042,0.00736,-0.04105,0.03571,0.00369,-0.05723,0.00572,0.00117,-0.06601,-0.02250,-0.00027,-0.02666,-0.00419,0.01148,-0.03478,-0.02155,-0.00498,-0.04779,-0.02680,-0.01867,-0.06841,-0.01975,-0.04418,-0.00332,-0.00375,0.00682,-0.01694,-0.02239,-0.02185,-0.03185,0.00064,-0.03010,-0.02739,0.01600,-0.00934,0.01770,0.00083,-0.00653,0.00036,-0.00755,-0.03364,-0.01149,0.01562,-0.03514,-0.00386,0.03107,-0.01684,0.02708,0.01671,-0.01906,0.02107,0.00593,-0.03777,0.00541,0.02053,-0.04559,0.00748,0.03457,-0.03248
1152.8997,1,1,14.20,0.80,26.23,0.00561,-0.05632,0.58906,0.62975,0.59316,0.6322,0,1,0.20007,0.02552,0.08000,0.19936,0.02633,0.07963,0.33,0.01,0.59316,-0.16862,-0.36688,0.35240,1.58699,0.00000,0.16641,-0.16127,-0.36305,0.34725,1.58669,0.00000,-0.17000,42,0.19489,0.01808,0.07405,0.19060,0.09130,0,0.99793,0.00299,-0.00802,0.06379,Left,0,317.69,244.05,295.17,231.38,275.51,197.96,266.44,173.21,255.75,154.29,295.88,164.41,286.77,142.69,271.13,140.65,258.41,145.12,313.97,164.80,302.59,141.96,294.38,175.56,299.06,192.38,333.66,172.27,321.26,154.82,312.55,187.04,317.62,200.97,353.80,184.51,341.24,169.73,330.50,190.90,332.17,202.45,-0.00000,-0.00908,-0.01459,-0.02269,-0.03006,0.00337,-0.02305,-0.03745,-0.04308,-0.00460,-0.03245,-0.03358,-0.02494,-0.01735,-0.04776,-0.03575,-0.01807,-0.03107,-0.04974,-0.03883,-0.02523,-0.00038,0.08592,0.01567,-0.02528,0.06120,0.00883,-0.04046,0.03622,0.00516,-0.05591,0.00702,0.00096,-0.06536,-0.02092,-0.00112,-0.02632,-0.00451,0.01196,-0.03504,-0.02177,-0.00413,-0.04851,-0.02677,-0.01763,-0.06848,-0.01912,-0.04244,-0.00331,-0.00376,0.00692,-0.01766,-0.02247,-0.02181,-0.03181,0.00100,-0.02981,-0.02640,0.01662,-0.00946,0.01747,0.00076,-0.00690,-0.00016,-0.00714,-0.03380,-0.01129,0.01584,-0.03483,-0.00324,0.03085,-0.01649,0.02682,0.01689,-0.02001,0.02070,0.00649,-0.03856,0.00559,0.02079,-0.04572,0.00815,0.03494,-0.03281
1152.9323,1,1,14.37,0.51,28.91,0.00359,-0.05731,0.59370,0.63918,0.59834,0.7022,0,1,0.19775,0.02754,0.08000,0.19785,0.02704,0.07981,0.33,0.01,0.59834,-0.17449,-0.38027,0.36306,1.58854,0.00000,0.16641,-0.17606,-0.37970,0.36223,1.58837,0.00000,-0.17000,42,0.19346,0.01881,0.07416,0.19060,0.09130,0,0.99773,0.00313,-0.00837,0.06668,Left,0,315.70,243.11,293.26,230.02,273.48,197.11,263.83,172.24,253.01,153.32,295.04,164.60,285.41,142.30,269.93,140.08,257.00,144.23,312.82,165.12,301.68,141.03,292.78,172.80,296.18,190.34,331.98,172.52,320.01,153.77,310.91,185.23,315.00,200.16,351.76,184.61,339.48,168.92,328.67,189.74,329.67,201.97,-0.00000,-0.00922,-0.01508,-0.02341,-0.03125,0.00219,-0.02396,-0.03888,-0.04507,-0.00579,-0.03384,-0.03621,-0.02867,-0.01827,-0.04889,-0.03809,-0.02118,-0.03164,-0.05074,-0.04045,-0.02727,-0.00146,0.08590,0.01346,-0.02632,0.06013,0.00796,-0.04135,0.03547,0.00525,-0.05743,0.00583,0.00316,-0.06724,-0.02140,0.00306,-0.02570,-0.00466,0.01214,-0.03508,-0.02206,-0.00305,-0.04877,-0.02742,-0.01693,-0.06881,-0.01971,-0.04247,-0.00310,-0.00386,0.00695,-0.01719,-0.02304,-0.02093,-0.03243,-0.00099,-0.03013,-0.02876,0.01449,-0.01220,0.01726,0.00088,-0.00706,-0.00037,-0.00783,-0.03316,-0.01203,0.01456,-0.03477,-0.00536,0.03008,-0.01825,0.02597,0.01719,-0.02057,0.02009,0.00583,-0.03840,0.00534,0.02010,-0.04582,0.00662,0.03435,-0.03334
1152.9639,1,1,14.65,0.49,28.03,0.00156,-0.05818,0.59574,0.63324,0.59777,0.6413,0,1,0.19673,0.02957,0.08000,0.19653,0.03028,0.07997,0.24,0.00,0.59777,-0.19581,-0.38710,0.36795,1.59000,-0.00001,0.16637,-0.18986,-0.38613,0.36730,1.58967,0.00000,-0.17000,42,0.19234,0.02191,0.07429,0.19060,0.09130,0,0.99699,0.00332,-0.00843,0.07698,Left,0,314.42,243.13,291.55,229.49,271.71,197.14,261.87,172.34,250.46,153.08,292.65,163.57,283.82,142.18,267.93,139.92,254.64,144.02,310.63,164.22,299.59,140.31,290.83,173.81,295.03,190.61,330.09,171.59,317.43,153.28,308.92,185.46,314.06,199.51,349.99,183.73,336.64,168.11,326.46,189.80,328.73,201.77,-0.00000,-0.00980,-0.01683,-0.02647,-0.03558,0.00285,-0.02377,-0.03828,-0.04404,-0.00527,-0.03352,-0.03474,-0.02602,-0.01819,-0.04918,-0.03712,-0.01924,-0.03212,-0.05128,-0.04011,-0.02625,0.00005,0.08622,0.01270,-0.02547,0.06053,0.00752,-0.04058,0.03607,0.00417,-0.05764,0.00683,0.00046,-0.06712,-0.02094,-0.00130,-0.02621,-0.00459,0.01217,-0.03485,-0.02172,-0.00337,-0.04857,-0.02732,-0.01712,-0.06946,-0.01936,-0.04325,-0.00306,-0.00380,0.00695,-0.01712,-0.02314,-0.02091,-0.03241,0.00003,-0.02954,-0.02780,0.01481,-0.00995,0.01743,0.00088,-0.00702,-0.00071,-0.00781,-0.03355,-0.01147,0.01516,-0.03492,-0.00370,0.03001,-0.01789,0.02628,0.01709,-0.02057,0.02013,0.00614,-0.03836,0.00560,0.02113,-0.04518,0.00811,0.03472,-0.03224
1152.9969,1,1,15.13,0.52,29.65,-0.00078,-0.05872,0.59369,0.63250,0.59164,0.6126,0,1,0.19775,0.03191,0.08000,0.19746,0.03145,0.07968,0.23,0.00,0.59164,-0.20178,-0.37389,0.35818,1.58912,-0.00000,0.16627,-0.20305,-0.37520,0.35674,1.58919,0.00000,-0.17000,42,0.19313,0.02293,0.07394,0.19060,0.09130,0,0.99680,0.00327,-0.00687,0.07954,Left,0,313.00,242.94,289.96,229.94,269.75,197.20,259.85,172.41,248.12,153.61,289.10,163.03,280.24,140.67,264.51,139.47,251.55,144.73,307.69,163.28,296.81,139.36,288.61,172.97,292.68,190.70,327.62,170.54,315.20,152.96,306.73,185.25,311.25,199.66,348.03,182.61,335.18,167.96,324.65,189.55,325.80,201.35,-0.00000,-0.01053,-0.01738,-0.02650,-0.03475,0.00176,-0.02505,-0.03955,-0.04516,-0.00588,-0.03470,-0.03646,-0.02795,-0.01827,-0.04921,-0.03756,-0.01986,-0.03171,-0.05051,-0.03955,-0.02581,0.00152,0.08669,0.01605,-0.02409,0.06125,0.00942,-0.03921,0.03702,0.00533,-0.05625,0.00735,0.00005,-0.06592,-0.01941,-0.00264,-0.02671,-0.00416,0.01197,-0.03509,-0.02197,-0.00358,-0.04859,-0.02687,-0.01777,-0.06835,-0.01761,-0.04314,-0.00333,-0.00382,0.00685,-0.01670,-0.02350,-0.02156,-0.03146,-0.00008,-0.02995,-0.02699,0.01570,-0.01061,0.01785,0.00074,-0.00705,-0.00006,-0.00714,-0.03387,-0.01103,0.01567,-0.03473,-0.00351,0.03104,-0.01721,0.02725,0.01714,-0.02011,0.02125,0.00625,-0.03866,0.00651,0.02141,-0.04548,0.00809,0.03523,-0.03217
1153.0283,1,1,14.70,0.51,27.62,-0.00269,-0.05887,0.59291,0.62805,0.59213,0.6550,0,1,0.19814,0.03382,0.08000,0.19807,0.03431,0.07995,0.19,0.00,0.59213,-0.21824,-0.36650,0.34976,1.58805,0.00000,0.16629,-0.21421,-0.36823,0.35062,1.58836,0.00000,-0.17000,42,0.19384,0.02576,0.07413,0.19060,0.09130,0,0.99610,0.00351,-0.00780,0.08778,Left,0,310.97,243.38,287.81,229.55,267.60,195.88,257.41,171.00,244.98,152.84,288.36,163.21,278.22,141.73,262.87,139.55,250.71,143.84,306.49,163.50,294.48,139.31,286.28,172.96,291.04,190.02,326.30,170.76,312.92,152.14,304.39,184.51,309.53,198.65,346.36,182.97,332.77,167.72,322.65,189.18,324.92,201.00,-0.00000,-0.00900,-0.01488,-0.02352,-0.03175,0.00376,-0.02206,-0.03607,-0.04163,-0.00479,-0.03289,-0.03410,-0.02528,-0.01802,-0.04885,-0.03681,-0.01888,-0.03221,-0.05121,-0.04002,-0.02612,0.00020,0.08681,0.01098,-0.02510,0.06035,0.00609,-0.04059,0.03578,0.00210,-0.05750,0.00617,-0.00006,-0.06835,-0.02029,-0.00055,-0.02625,-0.00415,0.01203,-0.03564,-0.02101,-0.00346,-0.04899,-0.02625,-0.01772,-0.06787,-0.01785,-0.04335,-0.00322,-0.00370,0.00711,-0.01715,-0.02254,-0.02095,-0.03206,0.00038,-0.02982,-0.02743,0.01579,-0.01132,0.01767,0.00050,-0.00681,-0.00084,-0.00784,-0.03320,-0.01204,0.01483,-0.03514,-0.00422,0.03007,-0.01897,0.02636,0.01668,-0.02087,0.01991,0.00578,-0.03901,0.00564,0.02144,-0.04640,0.00830,0.03512,-0.03310
1153.0599,1,1,14.42,0.51,27.85,-0.00459,-0.05941,0.59502,0.62712,0.59714,0.6643,0,1,0.19708,0.03572,0.08000,0.19709,0.03572,0.07990,0.20,0.00,0.59714,-0.22803,-0.37178,0.35485,1.58851,0.00000,0.16633,-0.22683,-0.37262,0.35510,1.58835,0.00000,-0.17000,42,0.19310,0.02704,0.07404,0.19060,0.09130,0,0.99571,0.00356,-0.00754,0.09213,Left,0,309.46,243.41,286.44,230.20,265.82,196.45,255.46,171.09,243.08,152.87,286.57,162.71,276.71,140.46,260.94,139.29,248.55,144.55,304.84,163.07,292.70,139.36,284.49,173.42,289.32,190.24,324.56,170.29,311.28,152.35,302.86,185.10,308.05,199.46,344.42,182.26,330.93,166.71,320.53,188.68,322.37,200.96,-0.00000,-0.00972,-0.01601,-0.02479,-0.03287,0.00216,-0.02422,-0.03811,-0.04341,-0.00582,-0.03385,-0.03460,-0.02569,-0.01855,-0.04987,-0.03767,-0.01964,-0.03223,-0.05183,-0.04072,-0.02680,0.00071,0.08698,0.01314,-0.02486,0.06090,0.00766,-0.04020,0.03615,0.00416,-0.05773,0.00650,0.00107,-0.06818,-0.01997,0.00029,-0.02627,-0.00428,0.01194,-0.03526,-0.02119,-0.00349,-0.04881,-0.02602,-0.01789,-0.06804,-0.01671,-0.04329,-0.00328,-0.00379,0.00704,-0.01672,-0.02235,-0.02133,-0.03189,0.00098,-0.02966,-0.02714,0.01585,-0.01051,0.01760,0.00066,-0.00700,-0.00065,-0.00719,-0.03364,-0.01122,0.01579,-0.03474,-0.00357,0.03098,-0.01760,0.02679,0.01693,-0.02065,0.02022,0.00536,-0.03882,0.00592,0.02084,-0.04610,0.00766,0.03535,-0.03234
1153.0929,1,1,15.28,0.55,29.53,-0.00641,-0.06005,0.59295,0.62168,0.59087,0.6066,0,1,0.19812,0.03754,0.08000,0.19775,0.03746,0.07973,0.19,0.00,0.59087,-0.23752,-0.36094,0.34627,1.58771,-0.00000,0.16632,-0.23661,-0.36168,0.34465,1.58776,0.00000,-0.17000,42,0.19380,0.02865,0.07393,0.19060,0.09130,0,0.99530,0.00361,-0.00703,0.09648,Left,0,307.48,243.22,284.04,228.70,264.24,195.40,253.61,170.82,240.61,153.03,284.74,160.75,274.42,140.38,258.24,139.06,245.39,144.07,303.20,161.33,290.87,139.01,282.48,173.51,287.39,189.57,323.07,168.81,309.54,152.15,301.00,184.78,306.40,198.17,342.94,181.23,329.10,167.07,319.02,188.52,321.46,199.73,-0.00000,-0.01073,-0.01797,-0.02781,-0.03675,0.00379,-0.02385,-0.03840,-0.04369,-0.00404,-0.03303,-0.03362,-0.02399,-0.01709,-0.04879,-0.03596,-0.01712,-0.03135,-0.05023,-0.03853,-0.02406,0.00097,0.08784,0.01285,-0.02425,0.06117,0.00712,-0.03989,0.03680,0.00291,-0.05679,0.00779,-0.00143,-0.06789,-0.01832,-0.00333,-0.02601,-0.00418,0.01194,-0.03558,-0.02055,-0.00405,-0.04981,-0.02465,-0.01825,-0.06894,-0.01566,-0.04313,-0.00328,-0.00387,0.00718,-0.01688,-0.02172,-0.02199,-0.03229,0.00238,-0.03008,-0.02711,0.01646,-0.00970,0.01770,0.00062,-0.00684,-0.00055,-0.00596,-0.03419,-0.01153,0.01698,-0.03507,-0.00292,0.03100,-0.01783,0.02692,0.01697,-0.02089,0.01987,0.00671,-0.03990,0.00541,0.02236,-0.04679,0.00845,0.03591,-0.03324
1153.1236,1,1,14.12,0.53,27.23,-0.00779,-0.06067,0.59191,0.61409,0.59087,0.6340,0,1,0.19864,0.03892,0.08000,0.19865,0.03908,0.07985,0.15,0.00,0.59087,-0.24580,-0.35153,0.33693,1.58661,0.00000,0.16632,-0.24419,-0.35424,0.33802,1.58697,0.00000,-0.17000,42,0.19465,0.03014,0.07394,0.19060,0.09130,0,0.99492,0.00374,-0.00731,0.10030,Left,0,306.89,242.67,283.80,229.46,262.74,195.79,252.24,170.51,239.34,152.41,283.75,160.41,272.73,139.81,256.26,138.65,243.25,143.77,302.34,160.78,288.86,138.82,280.94,173.49,286.35,189.04,322.17,168.19,307.62,151.85,299.43,184.73,305.06,197.94,341.86,180.50,326.92,166.79,316.69,188.88,318.95,200.33,-0.00000,-0.01039,-0.01723,-0.02653,-0.03498,0.00250,-0.02457,-0.03837,-0.04340,-0.00534,-0.03340,-0.03316,-0.02353,-0.01825,-0.04963,-0.03644,-0.01789,-0.03229,-0.05174,-0.04027,-0.02618,0.00139,0.08695,0.01210,-0.02405,0.06100,0.00713,-0.03990,0.03679,0.00285,-0.05745,0.00816,-0.00077,-0.06852,-0.01814,-0.00160,-0.02604,-0.00396,0.01210,-0.03616,-0.01991,-0.00359,-0.05007,-0.02449,-0.01789,-0.06996,-0.01517,-0.04302,-0.00317,-0.00367,0.00716,-0.01728,-0.02094,-0.02158,-0.03244,0.00288,-0.02887,-0.02700,0.01641,-0.00817,0.01751,0.00034,-0.00711,-0.00132,-0.00578,-0.03421,-0.01195,0.01716,-0.03435,-0.00352,0.03095,-0.01670,0.02640,0.01682,-0.02128,0.01918,0.00683,-0.03999,0.00427,0.02276,-0.04682,0.00709,0.03617,-0.03262
1153.1580,1,1,15.58,0.52,30.77,-0.00927,-0.06095,0.58996,0.61262,0.58801,0.6336,0,1,0.19962,0.04040,0.08000,0.19956,0.04019,0.08008,0.17,0.00,0.58801,-0.25094,-0.34365,0.32820,1.58591,-0.00000,0.16634,-0.25149,-0.34332,0.32795,1.58610,0.00000,-0.17000,42,0.19566,0.03111,0.07401,0.19060,0.09130,0,0.99471,0.00383,-0.00761,0.10238,Left,0,304.90,242.06,281.88,228.37,261.47,194.65,250.42,169.97,237.32,152.11,282.05,160.64,271.34,140.04,254.97,138.77,241.53,143.05,300.69,160.80,287.70,138.00,280.01,172.66,284.89,189.30,320.72,167.99,306.25,151.13,298.35,184.28,303.74,197.94,340.98,179.99,325.93,166.37,316.15,188.42,318.67,199.66,-0.00000,-0.01016,-0.01687,-0.02605,-0.03453,0.00295,-0.02457,-0.03941,-0.04517,-0.00504,-0.03440,-0.03575,-0.02677,-0.01795,-0.04978,-0.03744,-0.01907,-0.03192,-0.05099,-0.03961,-0.02548,0.00108,0.08587,0.01274,-0.02439,0.06098,0.00726,-0.04034,0.03650,0.00308,-0.05797,0.00784,-0.00116,-0.06910,-0.01825,-0.00186,-0.02648,-0.00366,0.01169,-0.03630,-0.01939,-0.00460,-0.05057,-0.02341,-0.01866,-0.07057,-0.01512,-0.04341,-0.00336,-0.00379,0.00722,-0.01757,-0.02180,-0.02176,-0.03293,0.00235,-0.03004,-0.02713,0.01650,-0.00928,0.01756,0.00016,-0.00690,-0.00110,-0.00616,-0.03432,-0.01181,0.01767,-0.03505,-0.00295,0.03166,-0.01758,0.02710,0.01649,-0.02077,0.01972,0.00685,-0.03949,0.00502,0.02254,-0.04625,0.00808,0.03579,-0.03234
1153.1877,1,1,14.39,0.51,25.98,-0.01057,-0.06120,0.58759,0.60995,0.58521,0.6459,0,1,0.20080,0.04170,0.08000,0.20077,0.04183,0.07961,0.17,0.00,0.58521,-0.25862,-0.32532,0.31450,1.58483,-0.00000,0.16634,-0.25737,-0.33079,0.31635,1.58515,0.00000,-0.17000,42,0.19704,0.03262,0.07355,0.19060,0.09130,0,0.99437,0.00364,-0.00588,0.10577,Left,0,303.72,241.61,280.92,228.37,259.83,194.16,248.83,168.64,235.66,150.49,280.91,159.57,270.50,138.74,254.10,138.05,240.83,142.74,299.65,160.14,286.38,137.89,278.43,173.47,283.80,189.41,319.75,167.64,305.02,150.28,296.70,184.01,302.40,197.66,339.78,180.00,324.15,166.23,314.39,188.80,317.52,200.31,-0.00000,-0.01058,-0.01754,-0.02683,-0.03529,0.00187,-0.02565,-0.03954,-0.04456,-0.00596,-0.03507,-0.03498,-0.02516,-0.01883,-0.05121,-0.03780,-0.01874,-0.03275,-0.05295,-0.04156,-0.02727,0.00057,0.08579,0.01420,-0.02452,0.06033,0.00867,-0.04036,0.03624,0.00394,-0.05829,0.00719,0.00086,-0.06930,-0.01934,-0.00019,-0.02648,-0.00405,0.01184,-0.03591,-0.01957,-0.00476,-0.04946,-0.02333,-0.01828,-0.06972,-0.01475,-0.04243,-0.00321,-0.00362,0.00708,-0.01728,-0.02074,-0.02192,-0.03272,0.00372,-0.02929,-0.02680,0.01737,-0.00779,0.01759,0.00030,-0.00691,-0.00110,-0.00619,-0.03404,-0.01182,0.01756,-0.03466,-0.00295,0.03132,-0.01727,0.02685,0.01672,-0.02063,0.01942,0.00722,-0.03936,0.00500,0.02333,-0.04601,0.00851,0.03647,-0.03179
1153.2212,1,1,15.05,0.54,30.04,-0.01127,-0.06241,0.59158,0.60473,0.59558,0.7045,0,1,0.19880,0.04241,0.08000,0.19772,0.04213,0.07916,0.19,0.01,0.59558,-0.26516,-0.34759,0.33817,1.58543,-0.00001,0.16639,-0.26434,-0.34364,0.32941,1.58511,0.00000,-0.17000,42,0.19411,0.03281,0.07314,0.19060,0.09130,0,0.99406,0.00357,-0.00502,0.10864,Left,0,303.58,241.49,280.62,228.59,259.21,193.74,247.68,168.65,234.43,150.84,281.30,158.86,269.78,138.47,252.94,137.66,239.67,142.45,299.95,158.99,285.22,137.38,277.33,172.50,283.13,188.30,319.84,166.27,303.84,150.26,296.07,183.51,302.45,196.33,339.61,178.37,323.08,165.87,313.42,188.40,316.82,199.35,-0.00000,-0.00942,-0.01518,-0.02340,-0.03089,0.00344,-0.02323,-0.03703,-0.04236,-0.00472,-0.03311,-0.03337,-0.02410,-0.01784,-0.04939,-0.03661,-0.01839,-0.03197,-0.05179,-0.04097,-0.02738,0.00074,0.08617,0.01129,-0.02462,0.06114,0.00724,-0.04113,0.03648,0.00444,-0.05934,0.00828,0.00313,-0.07108,-0.01821,0.00556,-0.02599,-0.00367,0.01272,-0.03645,-0.01895,-0.00327,-0.05084,-0.02293,-0.01658,-0.07074,-0.01434,-0.04083,-0.00314,-0.00377,0.00750,-0.01838,-0.02059,-0.02123,-0.03411,0.00365,-0.02860,-0.02729,0.01750,-0.00779,0.01782,0.00013,-0.00759,-0.00222,-0.00539,-0.03400,-0.01258,0.01816,-0.03415,-0.00322,0.03128,-0.01671,0.02646,0.01649,-0.02204,0.01793,0.00779,-0.04085,0.00336,0.02380,-0.04707,0.00729,0.03665,-0.03307
1153.2518,0,1,14.49,0.00,26.80,-0.01243,-0.06261,0.59009,0.61479,0.58859,0.6461,0,1,0.19880,0.04241,0.08000,0.19889,0.04238,0.07987,,,0.58859,-0.26477,-0.34395,0.32999,1.58489,0.00000,0.16641,-0.26434,-0.34364,0.32941,1.58511,0.00000,-0.17000,42,0.19515,0.03313,0.07373,0.19060,0.09130,0,0.99404,0.00397,-0.00736,0.10870,Left,0,302.18,240.75,279.37,227.94,258.41,194.05,247.33,169.03,234.04,150.89,279.08,158.74,268.35,137.41,251.92,137.23,238.52,142.46,298.12,159.30,284.62,137.27,277.20,172.14,282.18,188.94,318.26,166.70,303.49,149.65,295.83,182.97,301.16,197.18,338.42,178.73,323.02,164.55,313.32,186.91,315.79,198.67,-0.00000,-0.01056,-0.01753,-0.02662,-0.03487,0.00028,-0.02757,-0.04218,-0.04776,-0.00731,-0.03678,-0.03783,-0.02908,-0.01972,-0.05196,-0.03950,-0.02130,-0.03311,-0.05317,-0.04223,-0.02840,0.00134,0.08606,0.01605,-0.02468,0.06103,0.00925,-0.04050,0.03656,0.00559,-0.05826,0.00810,0.00129,-0.06934,-0.01818,0.00116,-0.02667,-0.00381,0.01168,-0.03650,-0.01972,-0.00415,-0.05035,-0.02363,-0.01763,-0.07030,-0.01456,-0.04164,-0.00341,-0.00386,0.00739,-0.01737,-0.02114,-0.02192,-0.03267,0.00363,-0.02911,-0.02651,0.01745,-0.00737,0.01829,0.00022,-0.00706,-0.00061,-0.00598,-0.03395,-0.01101,0.01774,-0.03434,-0.00271,0.03221,-0.01635,0.02770,0.01702,-0.02044,0.01998,0.00685,-0.03938,0.00525,0.02196,-0.04620,0.00840,0.03585,-0.03203
1153.3005,0,1,15.30,0.00,44.95,-0.01254,-0.06283,0.58943,0.60809,0.58878,0.6897,0,1,0.19880,0.04241,0.08000,0.19889,0.04231,0.07982,,,0.58878,-0.26437,-0.34348,0.32988,1.58503,0.00000,0.16647,-0.26434,-0.34364,0.32941,1.58511,0.00000,-0.17000,42,0.19523,0.03308,0.07373,0.19060,0.09130,0,0.99407,0.00402,-0.00739,0.10845,Left,0,302.65,240.39,279.39,227.47,258.22,193.12,247.15,167.63,233.54,150.05,280.70,158.58,268.81,137.20,251.93,136.47,238.56,141.72,299.28,159.16,284.63,136.56,276.85,171.09,282.41,187.11,319.08,166.55,303.34,148.76,295.54,181.67,301.25,195.39,338.78,178.62,322.69,164.69,313.10,187.01,316.01,198.76,-0.00000,-0.00984,-0.01636,-0.02536,-0.03378,0.00222,-0.02457,-0.03850,-0.04387,-0.00587,-0.03407,-0.03454,-0.02557,-0.01882,-0.05035,-0.03767,-0.01958,-0.03277,-0.05308,-0.04234,-0.02873,0.00055,0.08550,0.01032,-0.02560,0.06009,0.00577,-0.04107,0.03562,0.00332,-0.05903,0.00693,0.00090,-0.07105,-0.01892,0.00356,-0.02581,-0.00390,0.01209,-0.03670,-0.01985,-0.00300,-0.05072,-0.02380,-0.01629,-0.07111,-0.01508,-0.04129,-0.00283,-0.00360,0.00765,-0.01803,-0.02146,-0.02140,-0.03344,0.00306,-0.02847,-0.02754,0.01657,-0.00822,0.01788,0.00030,-0.00733,-0.00177,-0.00608,-0.03400,-0.01255,0.01662,-0.03478,-0.00421,0.03092,-0.01747,0.02641,0.01678,-0.02114,0.01841,0.00702,-0.04033,0.00351,0.02224,-0.04765,0.00699,0.03594,-0.03370
1153.3315,0,1,14.74,0.00,27.74,-0.01267,-0.06320,0.58820,0.61069,0.58696,0.6645,0,1,0.19880,0.04241,0.08000,0.19888,0.04231,0.07980,,,0.58696,-0.26439,-0.34322,0.32976,1.58513,-0.00000,0.16649,-0.26434,-0.34364,0.32941,1.58511,0.00000,-0.17000,42,0.19524,0.03308,0.07371,0.19060,0.09130,0,0.99407,0.00406,-0.00740,0.10841,Left,0,302.46,239.90,279.71,227.45,258.51,193.49,247.35,168.02,233.76,149.92,280.29,157.92,268.75,136.80,251.78,136.64,238.40,142.05,299.00,158.36,284.05,136.22,276.40,171.46,282.38,186.77,318.96,165.81,302.67,149.23,295.28,182.49,301.73,195.03,338.83,177.87,322.42,164.98,313.03,187.37,316.48,198.15,-0.00000,-0.01081,-0.01822,-0.02791,-0.03670,0.00081,-0.02649,-0.03982,-0.04458,-0.00692,-0.03529,-0.03474,-0.02495,-0.01966,-0.05127,-0.03779,-0.01919,-0.03350,-0.05339,-0.04227,-0.02849,0.00109,0.08568,0.01428,-0.02445,0.06034,0.00814,-0.04047,0.03653,0.00460,-0.05878,0.00848,0.00088,-0.07025,-0.01807,0.00183,-0.02592,-0.00366,0.01219,-0.03644,-0.01923,-0.00379,-0.05110,-0.02319,-0.01759,-0.07103,-0.01357,-0.04145,-0.00313,-0.00386,0.00730,-0.01818,-0.02090,-0.02164,-0.03401,0.00380,-0.02889,-0.02713,0.01647,-0.00701,0.01792,0.00024,-0.00722,-0.00235,-0.00515,-0.03428,-0.01207,0.01842,-0.03393,-0.00298,0.03135,-0.01611,0.02666,0.01702,-0.02094,0.01841,0.00802,-0.03985,0.00376,0.02357,-0.04602,0.00796,0.03603,-0.03185
1153.3638,0,1,15.31,0.00,28.61,-0.01279,-0.06299,0.58386,0.60766,0.57951,0.6792,0,1,0.19880,0.04241,0.08000,0.19888,0.04231,0.07981,,,0.57951,-0.26436,-0.34328,0.32977,1.58513,-0.00000,0.16650,-0.26434,-0.34364,0.32941,1.58511,0.00000,-0.17000,42,0.19524,0.03308,0.07372,0.19060,0.09130,0,0.99407,0.00411,-0.00751,0.10837,Left,0,302.35,240.21,279.50,227.45,258.41,192.82,246.91,167.36,233.26,149.30,279.54,157.86,268.67,136.77,252.40,136.09,239.54,141.25,298.66,158.31,284.87,136.20,276.87,170.89,281.90,187.54,318.84,165.66,303.79,148.73,295.80,181.83,301.00,196.10,338.88,177.69,323.22,163.92,313.22,186.54,315.37,198.75,-0.00000,-0.01123,-0.01801,-0.02687,-0.03487,0.00163,-0.02559,-0.03975,-0.04520,-0.00567,-0.03450,-0.03534,-0.02649,-0.01800,-0.05025,-0.03786,-0.01967,-0.03142,-0.05216,-0.04166,-0.02805,0.00108,0.08583,0.01295,-0.02453,0.06067,0.00695,-0.04041,0.03617,0.00376,-0.05875,0.00758,0.00038,-0.07038,-0.01916,0.00190,-0.02604,-0.00341,0.01192,-0.03607,-0.01949,-0.00402,-0.04998,-0.02336,-0.01756,-0.06921,-0.01461,-0.04229,-0.00323,-0.00378,0.00747,-0.01739,-0.02115,-0.02146,-0.03316,0.00323,-0.02921,-0.02732,0.01712,-0.00851,0.01799,0.00016,-0.00707,-0.00124,-0.00580,-0.03406,-0.01143,0.01762,-0.03457,-0.00379,0.03183,-0.01700,0.02699,0.01659,-0.02075,0.01915,0.00703,-0.04008,0.00451,0.02248,-0.04716,0.00708,0.03647,-0.03286
1153.3951,0,1,14.89,0.00,21.55,-0.01249,-0.06328,0.58473,0.61084,0.58560,0.6806,0,1,0.19880,0.04241,0.08000,0.19888,0.04231,0.07981,,,0.58560,-0.26435,-0.34329,0.32980,1.58512,0.00000,0.16651,-0.26434,-0.34364,0.32941,1.58511,0.00000,-0.17000,42,0.19524,0.03308,0.07371,0.19060,0.09130,0,0.99408,0.00416,-0.00759,0.10833,Left,0,302.91,240.04,280.07,227.48,259.05,192.90,247.90,167.44,234.25,149.59,280.80,157.75,269.20,136.23,252.27,136.02,238.93,142.02,299.56,158.19,284.56,135.89,276.84,170.69,282.68,186.42,319.57,165.61,303.38,148.88,295.87,181.67,302.21,194.30,339.45,177.57,323.24,164.53,313.58,186.88,316.75,197.81,-0.00000,-0.01003,-0.01644,-0.02520,-0.03319,0.00170,-0.02520,-0.03878,-0.04380,-0.00621,-0.03441,-0.03449,-0.02519,-0.01902,-0.05027,-0.03739,-0.01929,-0.03288,-0.05278,-0.04195,-0.02837,0.00096,0.08614,0.01310,-0.02504,0.06057,0.00798,-0.04055,0.03617,0.00470,-0.05870,0.00772,0.00138,-0.07076,-0.01835,0.00356,-0.02578,-0.00383,0.01229,-0.03667,-0.01983,-0.00315,-0.05104,-0.02341,-0.01649,-0.07095,-0.01406,-0.04075,-0.00312,-0.00387,0.00736,-0.01821,-0.02116,-0.02154,-0.03362,0.00334,-0.02854,-0.02747,0.01652,-0.00750,0.01804,0.00033,-0.00743,-0.00220,-0.00535,-0.03426,-0.01249,0.01743,-0.03424,-0.00338,0.03068,-0.01625,0.02668,0.01688,-0.02085,0.01827,0.00767,-0.04020,0.00377,0.02327,-0.04665,0.00760,0.03605,-0.03287
1153.4274,0,1,14.74,0.00,28.29,-0.01215,-0.06334,0.58599,0.61222,0.58726,0.6360,0,1,0.19880,0.04241,0.08000,0.19888,0.04231,0.07981,,,0.58726,-0.26434,-0.34330,0.32981,1.58511,-0.00000,0.16651,-0.26434,-0.34364,0.32941,1.58511,0.00000,-0.17000,42,0.19524,0.03308,0.07371,0.19060,0.09130,0,0.99408,0.00421,-0.00768,0.10830,Left,0,303.78,239.78,280.65,227.27,259.82,193.13,248.94,167.73,235.67,149.81,281.23,158.18,269.71,136.02,252.81,135.92,239.54,142.23,299.97,158.63,286.37,135.03,277.89,169.28,282.61,186.55,319.79,166.06,304.83,147.97,296.52,180.73,301.68,194.90,339.55,178.19,324.28,163.91,314.31,186.05,316.70,197.72,-0.00000,-0.01050,-0.01712,-0.02590,-0.03395,0.00052,-0.02661,-0.04084,-0.04628,-0.00722,-0.03618,-0.03741,-0.02863,-0.01970,-0.05127,-0.03909,-0.02113,-0.03319,-0.05336,-0.04263,-0.02890,0.00119,0.08567,0.01185,-0.02519,0.06046,0.00632,-0.04023,0.03594,0.00372,-0.05833,0.00738,-0.00074,-0.06987,-0.01839,0.00059,-0.02592,-0.00386,0.01197,-0.03664,-0.02055,-0.00303,-0.05112,-0.02438,-0.01624,-0.07088,-0.01475,-0.04079,-0.00311,-0.00384,0.00730,-0.01738,-0.02248,-0.02115,-0.03322,0.00145,-0.02914,-0.02784,0.01586,-0.00933,0.01810,0.00027,-0.00715,-0.00155,-0.00682,-0.03394,-0.01231,0.01593,-0.03522,-0.00452,0.03066,-0.01733,0.02680,0.01677,-0.02064,0.01892,0.00700,-0.03973,0.00419,0.02180,-0.04687,0.00748,0.03547,-0.03296
1153.4594,0,1,14.82,0.00,27.94,-0.01115,-0.06381,0.58535,0.61629,0.58471,0.6549,0,1,0.19880,0.04241,0.08000,0.19888,0.04230,0.07981,,,0.58471,-0.26434,-0.34330,0.32981,1.58511,-0.00000,0.16652,-0.26434,-0.34364,0.32941,1.58511,0.00000,-0.17000,42,0.19524,0.03308,0.07371,0.19060,0.09130,0,0.99408,0.00426,-0.00776,0.10827,Left,0,304.53,238.92,281.67,226.32,261.65,192.07,251.00,166.49,237.31,148.55,282.55,157.11,271.38,135.14,255.07,135.05,242.45,140.96,301.61,157.50,288.33,133.70,279.43,166.97,283.42,184.79,321.56,164.88,306.70,147.65,298.11,180.67,302.70,195.57,341.61,176.91,326.26,163.67,316.07,185.93,318.00,197.74,-0.00000,-0.01069,-0.01727,-0.02603,-0.03415,0.00226,-0.02507,-0.04024,-0.04632,-0.00561,-0.03538,-0.03831,-0.03041,-0.01823,-0.05092,-0.04008,-0.02241,-0.03180,-0.05236,-0.04212,-0.02849,-0.00020,0.08645,0.01294,-0.02651,0.06101,0.00731,-0.04045,0.03566,0.00414,-0.05802,0.00696,-0.00150,-0.07082,-0.01825,0.00151,-0.02579,-0.00381,0.01239,-0.03616,-0.02076,-0.00291,-0.05105,-0.02432,-0.01588,-0.06935,-0.01515,-0.04139,-0.00288,-0.00389,0.00687,-0.01720,-0.02270,-0.02143,-0.03289,0.00060,-0.02946,-0.02905,0.01583,-0.01262,0.01842,0.00017,-0.00732,-0.00108,-0.00579,-0.03420,-0.01247,0.01717,-0.03518,-0.00586,0.03271,-0.01769,0.02693,0.01724,-0.02072,0.01878,0.00774,-0.04017,0.00454,0.02304,-0.04722,0.00691,0.03662,-0.03359
1153.4907,0,1,14.17,0.00,27.99,-0.00963,-0.06328,0.57779,0.60340,0.57023,0.6315,0,1,0.19880,0.04241,0.08000,0.19888,0.04230,0.07981,,,0.57023,-0.26434,-0.34330,0.32981,1.58511,-0.00000,0.16652,-0.26434,-0.34364,0.32941,1.58511,0.00000,-0.17000,42,0.19524,0.03308,0.07371,0.19060,0.09130,0,0.99408,0.00430,-0.00784,0.10824,Left,0,307.02,239.79,283.36,226.29,263.13,191.45,253.00,165.65,239.66,147.78,283.93,156.93,273.20,135.50,257.61,134.51,245.37,140.28,302.88,157.31,289.86,133.46,281.67,167.26,285.91,185.29,323.21,164.53,308.45,147.43,300.57,180.72,305.26,196.06,343.59,176.46,328.30,162.38,318.53,185.12,320.60,197.71,-0.00000,-0.00954,-0.01541,-0.02367,-0.03136,0.00306,-0.02350,-0.03761,-0.04295,-0.00510,-0.03418,-0.03584,-0.02704,-0.01797,-0.05030,-0.03880,-0.02080,-0.03169,-0.05260,-0.04231,-0.02861,-0.00001,0.08619,0.00795,-0.02593,0.06025,0.00299,-0.03956,0.03505,0.00016,-0.05692,0.00586,-0.00409,-0.06912,-0.01947,-0.00195,-0.02570,-0.00334,0.01203,-0.03596,-0.02045,-0.00370,-0.04980,-0.02474,-0.01702,-0.06743,-0.01527,-0.04248,-0.00318,-0.00365,0.00725,-0.01678,-0.02278,-0.02101,-0.03143,0.00067,-0.02904,-0.02772,0.01616,-0.01184,0.01825,0.00008,-0.00701,-0.00092,-0.00633,-0.03377,-0.01151,0.01642,-0.03524,-0.00465,0.03299,-0.01820,0.02652,0.01623,-0.02054,0.01921,0.00624,-0.04002,0.00558,0.02214,-0.04745,0.00836,0.03620,-0.03402
1153.5237,0,1,15.16,0.00,29.48,-0.00763,-0.06282,0.57506,0.61974,0.57233,0.6499,0,1,0.19880,0.04241,0.08000,0.19888,0.04230,0.07981,,,0.57233,-0.26434,-0.34330,0.32981,1.58511,-0.00000,0.16653,-0.26434,-0.34364,0.32941,1.58511,0.00000,-0.17000,42,0.19524,0.03308,0.07371,0.19060,0.09130,0,0.99409,0.00436,-0.00792,0.10821,Left,0,309.02,239.91,285.65,226.09,265.38,192.25,255.36,166.49,242.24,148.28,286.69,156.98,276.04,134.15,259.97,133.79,247.56,140.17,305.54,158.05,292.45,133.85,284.16,167.72,288.79,185.05,325.60,165.52,311.40,147.38,302.92,180.56,307.48,195.54,345.91,177.55,331.78,162.94,321.32,185.05,322.79,197.25,-0.00000,-0.01034,-0.01710,-0.02619,-0.03448,0.00175,-0.02548,-0.03980,-0.04502,-0.00604,-0.03521,-0.03680,-0.02805,-0.01859,-0.05080,-0.03892,-0.02069,-0.03208,-0.05251,-0.04187,-0.02796,-0.00035,0.08741,0.01285,-0.02620,0.06071,0.00649,-0.04020,0.03560,0.00347,-0.05757,0.00659,-0.00131,-0.07035,-0.01932,0.00115,-0.02524,-0.00410,0.01209,-0.03564,-0.02200,-0.00286,-0.05036,-0.02626,-0.01593,-0.06814,-0.01599,-0.04073,-0.00302,-0.00398,0.00681,-0.01687,-0.02235,-0.02201,-0.03234,0.00149,-0.02958,-0.02809,0.01647,-0.01072,0.01837,0.00048,-0.00697,-0.00119,-0.00615,-0.03399,-0.01181,0.01658,-0.03546,-0.00614,0.03264,-0.01712,0.02662,0.01736,-0.02019,0.01940,0.00716,-0.04012,0.00551,0.02286,-0.04801,0.00751,0.03666,-0.03437
1153.5545,0,1,14.25,0.00,27.78,-0.00561,-0.06166,0.56919,0.62200,0.56333,0.6407,0,1,0.19880,0.04241,0.08000,0.19888,0.04230,0.07981,,,0.56333,-0.26434,-0.34330,0.32981,1.58511,-0.00000,0.16653,-0.26434,-0.34364,0.32941,1.58511,0.00000,-0.17000,42,0.19524,0.03308,0.07370,0.19060,0.09130,0,0.99409,0.00440,-0.00800,0.10818,Left,0,311.70,240.08,288.02,226.62,267.48,192.98,257.94,166.98,245.73,148.54,288.13,158.22,278.11,135.27,262.93,133.64,251.14,139.33,307.07,159.14,295.14,134.07,286.86,167.10,290.91,185.67,327.32,166.53,314.52,147.54,305.89,179.99,309.90,195.65,348.08,178.41,335.25,162.61,324.34,184.48,324.95,197.52,-0.00000,-0.00986,-0.01603,-0.02444,-0.03221,0.00162,-0.02485,-0.03939,-0.04506,-0.00625,-0.03555,-0.03814,-0.03003,-0.01860,-0.05098,-0.04029,-0.02277,-0.03176,-0.05276,-0.04278,-0.02927,0.00047,0.08683,0.01247,-0.02585,0.06050,0.00522,-0.03935,0.03528,0.00265,-0.05644,0.00548,-0.00243,-0.06867,-0.02029,-0.00057,-0.02542,-0.00371,0.01184,-0.03553,-0.02242,-0.00298,-0.04952,-0.02788,-0.01609,-0.06654,-0.01834,-0.04166,-0.00314,-0.00390,0.00668,-0.01643,-0.02373,-0.02134,-0.03116,-0.00068,-0.03006,-0.02787,0.01546,-0.01270,0.01831,0.00032,-0.00653,-0.00008,-0.00780,-0.03310,-0.01083,0.01428,-0.03575,-0.00561,0.03127,-0.01832,0.02695,0.01672,-0.01937,0.02044,0.00536,-0.03890,0.00689,0.02047,-0.04747,0.00772,0.03529,-0.03439
1153.5875,0,1,14.83,0.00,24.65,-0.00260,-0.06168,0.57472,0.62763,0.58025,0.6914,0,1,0.19880,0.04241,0.08000,0.19888,0.04230,0.07981,,,0.58025,-0.26434,-0.34330,0.32981,1.58511,-0.00000,0.16653,-0.26434,-0.34364,0.32941,1.58511,0.00000,-0.17000,42,0.19524,0.03308,0.07370,0.19060,0.09130,0,0.99409,0.00446,-0.00808,0.10815,Left,0,315.67,240.68,291.53,225.18,271.97,191.92,261.95,166.11,249.28,147.10,292.86,158.47,284.29,135.13,267.97,132.78,254.43,137.87,311.24,159.62,299.97,134.81,291.03,167.13,294.37,185.23,330.94,167.15,318.62,148.35,309.97,180.65,313.87,196.52,351.30,179.43,338.66,164.07,327.92,185.43,328.77,197.95,-0.00000,-0.01091,-0.01828,-0.02806,-0.03699,0.00316,-0.02415,-0.03971,-0.04589,-0.00453,-0.03400,-0.03728,-0.02959,-0.01701,-0.04901,-0.03810,-0.02033,-0.03055,-0.05032,-0.03979,-0.02594,-0.00090,0.08782,0.01113,-0.02717,0.06089,0.00494,-0.04107,0.03459,0.00370,-0.05710,0.00464,-0.00062,-0.07076,-0.02230,0.00316,-0.02500,-0.00519,0.01190,-0.03446,-0.02503,-0.00243,-0.04915,-0.02980,-0.01421,-0.06857,-0.02171,-0.04172,-0.00277,-0.00397,0.00663,-0.01624,-0.02492,-0.02159,-0.03224,-0.00129,-0.03031,-0.02915,0.01525,-0.01358,0.01828,0.00115,-0.00676,0.00038,-0.00796,-0.03281,-0.01137,0.01459,-0.03622,-0.00668,0.03140,-0.01871,0.02724,0.01765,-0.01931,0.01952,0.00684,-0.03868,0.00618,0.02086,-0.04612,0.00748,0.03531,-0.03459
1153.6189,0,1,14.16,0.00,27.86,0.00193,-0.06129,0.57504,0.63066,0.57535,0.5933,0,1,0.19880,0.04241,0.08000,0.19888,0.04230,0.07981,,,0.57535,-0.26434,-0.34330,0.32981,1.58511,-0.00000,0.16653,-0.26434,-0.34364,0.32941,1.58511,0.00000,-0.17000,42,0.19524,0.03308,0.07370,0.19060,0.09130,0,0.99409,0.00450,-0.00815,0.10813,Left,0,322.35,240.12,297.51,223.96,277.80,191.96,267.49,166.86,256.79,146.60,298.26,158.53,290.04,135.15,273.67,132.79,260.40,137.57,316.74,160.23,307.04,135.23,298.62,166.86,301.98,184.71,336.48,167.88,325.67,149.57,316.85,180.71,320.25,196.21,357.26,179.89,345.66,164.04,334.76,184.47,334.94,196.92,-0.00000,-0.01082,-0.01878,-0.02914,-0.03842,0.00218,-0.02484,-0.04018,-0.04617,-0.00530,-0.03515,-0.03895,-0.03143,-0.01729,-0.04888,-0.03872,-0.02136,-0.03025,-0.04873,-0.03812,-0.02426,-0.00008,0.08640,0.01561,-0.02621,0.05984,0.00779,-0.04010,0.03486,0.00591,-0.05686,0.00496,-0.00032,-0.06847,-0.02273,-0.00057,-0.02539,-0.00556,0.01122,-0.03445,-0.02565,-0.00316,-0.04889,-0.03084,-0.01389,-0.06796,-0.02243,-0.03921,-0.00291,-0.00420,0.00625,-0.01568,-0.02451,-0.02172,-0.03052,-0.00164,-0.03037,-0.02720,0.01427,-0.01241,0.01751,0.00175,-0.00632,0.00102,-0.00681,-0.03264,-0.00993,0.01499,-0.03614,-0.00489,0.03087,-0.01799,0.02773,0.01820,-0.01805,0.02079,0.00717,-0.03679,0.00745,0.02073,-0.04511,0.00876,0.03479,-0.03462
1153.6527,0,1,15.57,0.00,30.74,0.00802,-0.06030,0.56664,0.61636,0.55824,0.6219,0,1,0.19880,0.04241,0.08000,0.19888,0.04230,0.07981,,,0.55824,-0.26434,-0.34330,0.32981,1.58511,-0.00000,0.16653,-0.26434,-0.34364,0.32941,1.58511,0.00000,-0.17000,42,0.19524,0.03308,0.07370,0.19060,0.09130,0,0.99410,0.00455,-0.00823,0.10810,Left,0,330.16,238.94,305.45,222.23,285.88,190.60,275.52,165.94,266.54,145.38,305.75,158.49,298.81,136.41,283.10,132.43,268.89,134.96,324.43,160.10,316.42,134.32,307.53,162.58,308.91,179.78,344.31,167.87,335.51,149.26,325.78,179.11,327.48,194.44,365.36,180.18,354.95,163.77,344.00,183.97,343.53,196.64,-0.00000,-0.01066,-0.01789,-0.02754,-0.03630,0.00315,-0.02382,-0.04013,-0.04696,-0.00458,-0.03456,-0.03985,-0.03345,-0.01675,-0.04896,-0.04024,-0.02356,-0.02974,-0.04807,-0.03739,-0.02345,-0.00101,0.08431,0.01237,-0.02711,0.05847,0.00590,-0.03971,0.03329,0.00357,-0.05580,0.00380,-0.00110,-0.06577,-0.02293,-0.00127,-0.02532,-0.00479,0.01062,-0.03385,-0.02444,-0.00334,-0.04661,-0.03019,-0.01551,-0.06802,-0.02471,-0.04090,-0.00261,-0.00339,0.00640,-0.01407,-0.02592,-0.02059,-0.02990,-0.00477,-0.03111,-0.02866,0.00924,-0.01680,0.01670,0.00121,-0.00586,0.00291,-0.00674,-0.03262,-0.00924,0.01435,-0.03708,-0.00575,0.02950,-0.02027,0.02734,0.01762,-0.01777,0.02210,0.00634,-0.03585,0.00850,0.02048,-0.04448,0.00800,0.03371,-0.03429
1153.6838,0,1,14.42,0.00,26.88,0.01611,-0.05928,0.55572,0.62045,0.54481,0.7170,0,1,0.19880,0.04241,0.08000,0.19888,0.04230,0.07981,,,0.54481,-0.26434,-0.34330,0.32981,1.58511,-0.00000,0.16653,-0.26434,-0.34364,0.32941,1.58511,0.00000,-0.17000,42,0.19524,0.03308,0.07370,0.19060,0.09130,0,0.99410,0.00460,-0.00829,0.10807,Left,0,339.18,237.25,315.66,221.72,295.81,190.03,286.50,164.86,278.39,144.67,316.24,157.99,309.35,138.02,295.82,132.12,282.45,132.14,335.73,159.61,329.62,133.10,320.48,159.63,318.82,179.50,355.76,167.78,348.46,147.71,337.89,175.97,336.83,193.29,376.18,180.96,367.77,162.68,356.11,181.98,353.44,196.39,-0.00000,-0.01094,-0.01738,-0.02600,-0.03418,0.00313,-0.02258,-0.03982,-0.04796,-0.00462,-0.03536,-0.04320,-0.03828,-0.01645,-0.04957,-0.04315,-0.02756,-0.02892,-0.04848,-0.03880,-0.02525,-0.00231,0.08336,0.01065,-0.02777,0.05695,0.00472,-0.04191,0.03223,0.00330,-0.05559,0.00390,0.00184,-0.06619,-0.02392,0.00160,-0.02514,-0.00489,0.01058,-0.03372,-0.02268,-0.00358,-0.04587,-0.03029,-0.01774,-0.06675,-0.02712,-0.04353,-0.00302,-0.00355,0.00686,-0.01315,-0.02691,-0.02016,-0.02986,-0.00730,-0.03337,-0.03125,0.00828,-0.02079,0.01652,0.00088,-0.00606,0.00313,-0.00799,-0.03207,-0.01004,0.01135,-0.03781,-0.00929,0.02788,-0.02382,0.02654,0.01795,-0.01750,0.02270,0.00549,-0.03548,0.00808,0.01734,-0.04534,0.00506,0.03225,-0.03566
1153.7319,0,1,14.85,0.00,44.81,0.02693,-0.05942,0.55637,0.62236,0.55701,0.8181,0,1,0.19880,0.04241,0.08000,0.19888,0.04230,0.07981,,,0.55701,-0.26434,-0.34330,0.32981,1.58511,-0.00000,0.16654,-0.26434,-0.34364,0.32941,1.58511,0.00000,-0.17000,42,0.19524,0.03308,0.07369,0.19060,0.09130,0,0.99410,0.00467,-0.00840,0.10804,Left,0,350.99,237.31,327.67,221.24,307.91,189.03,297.65,163.13,290.46,141.71,330.30,158.44,324.50,137.16,310.37,131.48,296.08,131.82,349.30,159.86,342.72,132.47,333.72,158.09,332.64,177.08,368.71,167.71,362.15,147.42,352.07,175.29,351.45,191.72,388.56,180.35,381.50,161.81,371.31,180.92,369.94,194.21,-0.00000,-0.01190,-0.01845,-0.02707,-0.03504,0.00426,-0.02132,-0.03841,-0.04637,-0.00297,-0.03359,-0.04223,-0.03783,-0.01442,-0.04764,-0.04207,-0.02692,-0.02655,-0.04605,-0.03675,-0.02345,-0.00383,0.08354,0.00290,-0.02865,0.05669,-0.00032,-0.04400,0.03166,0.00189,-0.05819,0.00179,0.00608,-0.06875,-0.02794,0.00987,-0.02460,-0.00455,0.01135,-0.03277,-0.02383,-0.00221,-0.04483,-0.03066,-0.01616,-0.06726,-0.02866,-0.04128,-0.00253,-0.00335,0.00670,-0.01324,-0.02763,-0.01928,-0.03002,-0.00889,-0.03455,-0.03113,0.00591,-0.02346,0.01614,0.00081,-0.00636,0.00340,-0.00844,-0.03223,-0.00930,0.01065,-0.03883,-0.00751,0.02582,-0.02581,0.02555,0.01682,-0.01934,0.02313,0.00365,-0.03681,0.00992,0.01596,-0.04649,0.00893,0.02962,-0.03747
1153.7626,0,1,14.16,0.00,26.79,0.03700,-0.05842,0.54370,0.61677,0.53102,0.5839,0,1,0.19880,0.04241,0.08000,0.19888,0.04230,0.07981,,,0.53102,-0.26434,-0.34330,0.32981,1.58511,-0.00000,0.16654,-0.26434,-0.34364,0.32941,1.58511,0.00000,-0.17000,42,0.19524,0.03308,0.07369,0.19060,0.09130,0,0.99410,0.00472,-0.00846,0.10801,Left,0,364.52,236.27,340.48,220.53,321.35,190.33,314.09,166.58,309.38,147.43,339.44,155.83,333.78,135.23,321.43,131.14,309.27,134.60,360.40,158.55,358.39,132.54,349.45,158.07,346.43,177.63,380.71,167.70,378.91,147.07,367.70,173.54,364.02,189.64,400.58,181.99,396.69,163.42,385.54,182.50,381.24,195.91,-0.00000,-0.01188,-0.01924,-0.02797,-0.03595,0.00005,-0.02707,-0.04614,-0.05478,-0.00721,-0.03801,-0.04699,-0.04288,-0.01853,-0.05065,-0.04507,-0.03062,-0.03049,-0.04915,-0.03891,-0.02516,-0.00030,0.08227,0.01828,-0.02712,0.05668,0.00777,-0.04099,0.03278,0.00474,-0.05329,0.00578,-0.00192,-0.06015,-0.01983,-0.00748,-0.02681,-0.00477,0.00865,-0.03348,-0.02379,-0.00569,-0.04508,-0.02998,-0.01978,-0.06528,-0.02434,-0.04404,-0.00324,-0.00342,0.00604,-0.01018,-0.02683,-0.02078,-0.02597,-0.00799,-0.03394,-0.02934,0.00681,-0.01928,0.01664,0.00101,-0.00447,0.00792,-0.00865,-0.03023,-0.00531,0.00864,-0.03737,-0.00637,0.02372,-0.02220,0.02788,0.01810,-0.01473,0.02721,0.00547,-0.03173,0.01270,0.01744,-0.04136,0.00988,0.03154,-0.03077
1153.7954,0,1,14.93,0.00,28.90,0.04911,-0.05489,0.52786,0.58709,0.51202,0.6160,0,1,0.19880,0.04241,0.08000,0.19888,0.04230,0.07981,,,0.51202,-0.26434,-0.34330,0.32981,1.58511,-0.00000,0.16653,-0.26434,-0.34364,0.32941,1.58511,0.00000,-0.17000,42,0.19524,0.03308,0.07369,0.19060,0.09130,0,0.99410,0.00476,-0.00852,0.10799,Left,0,380.63,239.90,356.82,223.41,337.56,191.94,329.74,167.24,326.63,147.92,356.83,162.49,352.86,143.43,341.74,135.32,329.39,134.44,378.03,162.82,379.09,128.36,367.60,144.14,360.96,162.40,398.06,171.18,395.97,148.62,384.54,173.64,381.00,189.43,417.76,185.63,413.08,167.21,403.43,184.36,401.13,196.27,-0.00000,-0.01173,-0.01660,-0.02357,-0.03010,0.00411,-0.02224,-0.04102,-0.05013,-0.00491,-0.03901,-0.05197,-0.04870,-0.01767,-0.05166,-0.04775,-0.03224,-0.03127,-0.05009,-0.04017,-0.02562,-0.00055,0.07856,0.00398,-0.02772,0.05336,-0.00120,-0.04173,0.02826,-0.00160,-0.05525,0.00079,-0.00580,-0.05986,-0.02169,-0.00480,-0.02542,-0.00109,0.00827,-0.03189,-0.02061,-0.00175,-0.04198,-0.02973,-0.01563,-0.06072,-0.02878,-0.04119,-0.00301,-0.00304,0.00721,-0.00738,-0.03357,-0.01422,-0.02416,-0.02466,-0.03390,-0.03146,-0.01172,-0.03226,0.01743,-0.00032,-0.00506,0.00913,-0.01055,-0.03009,-0.00438,0.00361,-0.03852,-0.00540,0.01874,-0.02550,0.02674,0.01450,-0.01746,0.02707,0.00401,-0.03307,0.01395,0.01569,-0.04296,0.01322,0.02515,-0.03390
1153.8271,0,1,14.68,0.00,28.04,0.06243,-0.05166,0.51299,0.58411,0.49812,0.7867,0,1,0.19880,0.04241,0.08000,0.19888,0.04230,0.07981,,,0.49812,-0.26434,-0.34330,0.32981,1.58511,-0.00000,0.16653,-0.26434,-0.34364,0.32941,1.58511,0.00000,-0.17000,42,0.19524,0.03308,0.07369,0.19060,0.09130,0,0.99411,0.00481,-0.00859,0.10797,Left,0,395.59,243.85,370.44,224.15,353.37,189.96,348.50,163.24,343.82,142.86,376.58,160.24,375.99,140.01,364.85,134.94,352.93,136.53,396.89,163.80,399.82,133.89,389.11,157.65,383.75,177.54,416.63,173.88,417.51,152.04,405.07,176.80,399.86,193.13,435.80,188.81,433.32,169.22,422.44,185.74,418.11,198.04,-0.00000,-0.01144,-0.01787,-0.02641,-0.03424,0.00359,-0.02328,-0.04196,-0.05048,-0.00481,-0.03788,-0.04818,-0.04371,-0.01727,-0.05072,-0.04646,-0.03166,-0.03039,-0.04831,-0.03831,-0.02435,-0.00827,0.08125,0.00233,-0.03213,0.05176,-0.00381,-0.04368,0.02572,-0.00413,-0.05530,-0.00247,-0.00709,-0.06073,-0.02808,-0.00322,-0.02454,-0.00487,0.00734,-0.02787,-0.02465,-0.00629,-0.03866,-0.03183,-0.02024,-0.05727,-0.02816,-0.04958,-0.00245,-0.00282,0.00655,-0.00549,-0.02824,-0.01989,-0.02170,-0.01382,-0.03646,-0.02714,0.00174,-0.02677,0.01592,0.00158,-0.00379,0.01087,-0.00877,-0.02960,-0.00386,0.00619,-0.04053,-0.00682,0.02141,-0.02721,0.02494,0.01700,-0.01644,0.02605,0.00549,-0.03117,0.01210,0.01625,-0.04145,0.00939,0.02761,-0.03330
1153.8599,0,1,15.41,0.00,29.51,0.07618,-0.04813,0.50631,0.57385,0.49963,0.7518,0,1,0.19880,0.04241,0.08000,0.19888,0.04230,0.07981,,,0.49963,-0.26434,-0.34330,0.32981,1.58511,-0.00000,0.16653,-0.26434,-0.34364,0.32941,1.58511,0.00000,-0.17000,42,0.19524,0.03308,0.07369,0.19060,0.09130,0,0.99411,0.00485,-0.00865,0.10794,Left,0,411.24,248.02,385.51,227.86,369.43,194.34,365.89,167.59,365.07,147.28,391.10,165.69,392.34,146.65,386.76,137.95,380.78,137.06,412.36,168.16,417.33,134.97,407.56,153.20,401.34,173.73,432.38,177.65,434.59,153.86,422.56,176.99,416.61,195.14,451.70,193.13,450.57,173.02,439.13,188.22,433.16,201.81,-0.00000,-0.01276,-0.01821,-0.02566,-0.03216,0.00604,-0.01868,-0.03669,-0.04550,-0.00171,-0.03519,-0.04749,-0.04386,-0.01345,-0.04756,-0.04513,-0.03075,-0.02600,-0.04561,-0.03763,-0.02448,-0.00709,0.07954,0.00110,-0.03221,0.05113,-0.00698,-0.04261,0.02603,-0.00662,-0.05286,-0.00383,-0.00966,-0.05386,-0.02893,-0.00795,-0.02571,-0.00365,0.00593,-0.02559,-0.02373,-0.00560,-0.03210,-0.03457,-0.02143,-0.04346,-0.03182,-0.05172,-0.00335,-0.00287,0.00669,-0.00360,-0.03271,-0.01623,-0.01710,-0.02281,-0.03661,-0.02483,-0.00751,-0.03503,0.01675,0.00177,-0.00306,0.01260,-0.01193,-0.02746,-0.00037,0.00068,-0.04007,-0.00504,0.01827,-0.03180,0.02699,0.01656,-0.01433,0.02877,0.00401,-0.02857,0.01533,0.01350,-0.04087,0.01122,0.02597,-0.03443
1153.8910,0,1,14.71,0.00,27.12,0.08850,-0.04387,0.49941,0.57741,0.49250,0.7094,0,1,0.19880,0.04241,0.08000,0.19888,0.04230,0.07981,,,0.49250,-0.26434,-0.34330,0.32981,1.58511,-0.00000,0.16653,-0.26434,-0.34364,0.32941,1.58511,0.00000,-0.17000,42,0.19524,0.03308,0.07368,0.19060,0.09130,0,0.99411,0.00491,-0.00871,0.10792,Left,0,423.81,254.29,400.62,232.61,386.80,199.58,384.55,172.29,383.35,150.38,404.82,170.20,405.57,151.41,402.26,141.35,397.96,140.56,426.32,172.72,432.77,139.68,424.82,160.82,418.34,182.81,446.53,182.12,450.70,160.11,439.69,184.23,432.52,201.77,465.80,197.73,467.28,177.01,456.61,192.94,449.53,206.32,-0.00000,-0.01072,-0.01589,-0.02341,-0.02983,0.00752,-0.01781,-0.03584,-0.04424,-0.00143,-0.03564,-0.04695,-0.04211,-0.01434,-0.04878,-0.04445,-0.02861,-0.02795,-0.04677,-0.03678,-0.02220,-0.00891,0.08126,-0.00221,-0.03190,0.05221,-0.01158,-0.04021,0.02606,-0.01277,-0.04735,-0.00326,-0.01615,-0.04920,-0.03031,-0.01336,-0.02543,-0.00488,0.00413,-0.02638,-0.02413,-0.00733,-0.03081,-0.03508,-0.02226,-0.04082,-0.03287,-0.05462,-0.00348,-0.00311,0.00682,-0.00186,-0.03229,-0.01758,-0.01497,-0.02010,-0.03867,-0.02016,-0.00311,-0.03424,0.01690,0.00126,-0.00198,0.01499,-0.01026,-0.02851,0.00232,0.00474,-0.04091,-0.00318,0.02115,-0.02934,0.02730,0.01660,-0.01298,0.03096,0.00439,-0.02801,0.01860,0.01421,-0.04135,0.01328,0.02763,-0.03390
1153.9234,0,1,14.75,0.00,28.74,0.10193,-0.04097,0.50463,0.59101,0.50986,0.5502,0,1,0.19880,0.04241,0.08000,0.19888,0.04230,0.07981,,,0.50986,-0.26434,-0.34330,0.32981,1.58511,-0.00000,0.16653,-0.26434,-0.34364,0.32941,1.58511,0.00000,-0.17000,42,0.19524,0.03308,0.07368,0.19060,0.09130,0,0.99411,0.00495,-0.00877,0.10790,Left,0,436.13,257.42,412.55,234.10,399.89,203.65,400.32,177.54,402.81,156.89,415.83,173.35,415.81,153.78,413.97,145.29,411.37,148.83,438.02,176.20,445.67,141.61,439.51,159.35,433.36,181.87,458.51,185.43,463.50,163.34,452.57,186.81,444.97,205.29,478.60,200.71,480.05,180.83,469.56,195.89,462.19,209.28,-0.00000,-0.00906,-0.01432,-0.02255,-0.02934,0.01008,-0.01517,-0.03295,-0.04045,0.00079,-0.03276,-0.04554,-0.04179,-0.01234,-0.04507,-0.04123,-0.02590,-0.02613,-0.04299,-0.03283,-0.01830,-0.00876,0.08254,-0.00301,-0.03275,0.05322,-0.01352,-0.04048,0.02794,-0.01483,-0.04434,-0.00165,-0.01876,-0.04224,-0.02627,-0.01918,-0.02704,-0.00469,0.00354,-0.02860,-0.02600,-0.00668,-0.03117,-0.03474,-0.02312,-0.03937,-0.02850,-0.05364,-0.00371,-0.00337,0.00695,0.00030,-0.03566,-0.01659,-0.01297,-0.02454,-0.04050,-0.01778,-0.00548,-0.03914,0.01832,0.00122,-0.00157,0.01668,-0.01119,-0.02917,0.00260,0.00462,-0.04236,-0.00247,0.02237,-0.03206,0.02981,0.01746,-0.01211,0.03314,0.00456,-0.02982,0.02011,0.01448,-0.04529,0.01457,0.02890,-0.03830
1153.9554,0,1,14.90,0.00,28.77,0.11499,-0.03754,0.51234,0.61374,0.52004,0.5050,0,1,0.19880,0.04241,0.08000,0.19888,0.04230,0.07981,,,0.52004,-0.26434,-0.34330,0.32981,1.58511,-0.00000,0.16653,-0.26434,-0.34364,0.32941,1.58511,0.00000,-0.17000,42,0.19524,0.03309,0.07368,0.19060,0.09130,0,0.99411,0.00499,-0.00882,0.10788,Left,0,444.31,261.84,422.28,238.69,410.58,210.01,412.32,185.33,415.66,162.95,429.47,178.58,432.14,157.75,428.00,149.60,421.94,152.74,450.06,181.40,456.85,147.61,450.55,161.88,443.82,181.93,469.75,190.59,475.99,166.38,465.40,187.87,457.10,206.76,488.78,205.80,491.26,184.99,481.12,199.13,473.56,213.50,-0.00000,-0.01264,-0.02202,-0.03360,-0.04377,0.00170,-0.02523,-0.04482,-0.05344,-0.00608,-0.03807,-0.05130,-0.04981,-0.01771,-0.04954,-0.04803,-0.03573,-0.03024,-0.04820,-0.04053,-0.02832,-0.01376,0.08441,0.01262,-0.03581,0.05533,-0.00361,-0.04265,0.03070,-0.01021,-0.04455,0.00190,-0.02077,-0.04404,-0.02335,-0.02596,-0.02644,-0.00507,0.00282,-0.02566,-0.02599,-0.00961,-0.02994,-0.03447,-0.02588,-0.04100,-0.02889,-0.05622,-0.00329,-0.00399,0.00553,0.00023,-0.03540,-0.01687,-0.01342,-0.02574,-0.04231,-0.01990,-0.00864,-0.04645,0.01788,0.00126,-0.00096,0.01819,-0.01321,-0.02658,0.00394,0.00126,-0.04269,-0.00282,0.01945,-0.03930,0.02870,0.01880,-0.00898,0.03299,0.00408,-0.02552,0.02047,0.01258,-0.04165,0.01541,0.02822,-0.03876
1153.9875,0,1,15.03,0.00,29.13,0.12665,-0.03485,0.52090,0.59808,0.52947,0.4669,0,1,0.19880,0.04241,0.08000,0.19888,0.04230,0.07981,,,0.52947,-0.26434,-0.34330,0.32981,1.58511,-0.00000,0.16653,-0.26434,-0.34364,0.32941,1.58511,0.00000,-0.17000,42,0.19524,0.03309,0.07368,0.19060,0.09130,0,0.99411,0.00504,-0.00888,0.10786,Left,0,453.26,264.91,431.26,240.53,420.19,211.28,422.83,186.74,429.34,166.19,436.78,180.63,440.07,160.40,440.43,152.73,437.75,157.84,458.15,183.85,467.05,151.19,462.52,166.30,455.09,187.17,478.27,193.43,486.18,171.47,476.91,193.10,468.01,211.36,497.43,208.90,502.80,188.84,494.08,202.70,486.19,215.68,-0.00000,-0.01057,-0.01838,-0.02886,-0.03782,0.00532,-0.02061,-0.03913,-0.04679,-0.00303,-0.03445,-0.04716,-0.04490,-0.01516,-0.04655,-0.04421,-0.03106,-0.02802,-0.04528,-0.03667,-0.02359,-0.01274,0.08308,0.00885,-0.03501,0.05525,-0.00778,-0.04092,0.02937,-0.01373,-0.04167,0.00087,-0.02229,-0.03667,-0.02362,-0.02799,-0.02773,-0.00637,0.00151,-0.02494,-0.02599,-0.01113,-0.02550,-0.03419,-0.02730,-0.03364,-0.02702,-0.05749,-0.00399,-0.00404,0.00563,0.00191,-0.03478,-0.01717,-0.00861,-0.02487,-0.04200,-0.01600,-0.00662,-0.04401,0.01835,0.00184,0.00005,0.02071,-0.01189,-0.02737,0.00826,0.00352,-0.04310,0.00045,0.02213,-0.03683,0.03023,0.01913,-0.00727,0.03718,0.00498,-0.02464,0.02629,0.01322,-0.04128,0.02010,0.02815,-0.03772
1154.0198,0,1,14.86,0.00,29.09,0.13724,-0.03228,0.52644,0.60364,0.53199,0.4823,0,1,0.19880,0.04241,0.08000,0.19888,0.04230,0.07981,,,0.53199,-0.26434,-0.34330,0.32981,1.58511,-0.00000,0.16653,-0.26434,-0.34364,0.32941,1.58511,0.00000,-0.17000,42,0.19524,0.03309,0.07368,0.19060,0.09130,0,0.99412,0.00509,-0.00893,0.10784,Left,0,462.02,267.37,440.39,243.41,430.38,215.23,434.61,190.56,439.97,169.30,446.76,183.42,450.13,162.91,451.55,155.36,449.47,161.16,467.98,186.71,476.99,154.88,473.26,169.04,465.63,188.37,487.67,196.15,497.10,175.41,487.53,197.44,476.84,215.64,505.71,211.51,511.65,192.70,501.83,207.47,491.45,221.19,-0.00000,-0.01196,-0.02064,-0.03183,-0.04153,0.00457,-0.02187,-0.04080,-0.04846,-0.00300,-0.03403,-0.04706,-0.04540,-0.01456,-0.04657,-0.04519,-0.03273,-0.02690,-0.04562,-0.03798,-0.02533,-0.01514,0.08342,0.01157,-0.03561,0.05508,-0.00554,-0.04028,0.02978,-0.01365,-0.03904,0.00148,-0.02271,-0.03560,-0.02305,-0.02860,-0.02704,-0.00658,0.00123,-0.02365,-0.02639,-0.01215,-0.02381,-0.03440,-0.02842,-0.03082,-0.02622,-0.05828,-0.00402,-0.00370,0.00476,0.00318,-0.03478,-0.01682,-0.00692,-0.02494,-0.04139,-0.01491,-0.00814,-0.04261,0.01751,0.00163,0.00047,0.02202,-0.01096,-0.02656,0.00967,0.00475,-0.04060,0.00046,0.02195,-0.03288,0.02959,0.01923,-0.00613,0.03662,0.00587,-0.02405,0.02548,0.01490,-0.04056,0.01681,0.03085,-0.03672
1154.0517,0,1,14.22,0.00,28.59,0.14762,-0.03035,0.53285,0.61433,0.53926,0.4592,0,1,0.19880,0.04241,0.08000,0.19888,0.04230,0.07981,,,0.53926,-0.26434,-0.34330,0.32981,1.58511,-0.00000,0.16653,-0.26434,-0.34364,0.32941,1.58511,0.00000,-0.17000,42,0.19524,0.03309,0.07367,0.19060,0.09130,0,0.99412,0.00514,-0.00898,0.10782,Left,0,469.96,268.77,449.49,244.96,439.33,218.22,442.73,194.10,449.30,172.71,455.14,184.76,457.72,164.24,461.89,157.84,463.06,166.18,476.50,188.68,484.75,158.43,481.70,174.90,475.27,193.47,496.12,198.24,504.75,178.85,495.75,201.16,486.06,217.95,514.21,213.51,519.95,196.09,510.66,210.81,501.05,222.82,-0.00000,-0.01475,-0.02563,-0.03852,-0.04941,0.00207,-0.02479,-0.04241,-0.04875,-0.00403,-0.03495,-0.04567,-0.04216,-0.01456,-0.04625,-0.04257,-0.02869,-0.02622,-0.04436,-0.03576,-0.02247,-0.01351,0.08298,0.02091,-0.03484,0.05543,-0.00116,-0.03980,0.03085,-0.01174,-0.03993,0.00305,-0.02397,-0.03538,-0.02285,-0.03244,-0.02765,-0.00662,-0.00052,-0.02398,-0.02657,-0.01432,-0.02218,-0.03405,-0.03117,-0.02583,-0.02302,-0.06019,-0.00443,-0.00406,0.00439,0.00249,-0.03317,-0.01956,-0.00678,-0.02053,-0.04298,-0.01413,-0.00540,-0.03818,0.01769,0.00174,0.00154,0.02118,-0.00895,-0.02780,0.01026,0.00734,-0.04105,0.00093,0.02349,-0.03008,0.03041,0.02001,-0.00284,0.03729,0.00742,-0.02272,0.02615,0.01686,-0.04026,0.01809,0.03205,-0.03496
1154.0836,0,1,14.72,0.00,28.65,0.15750,-0.02827,0.53882,0.61554,0.54479,0.4809,0,1,0.19880,0.04241,0.08000,0.19888,0.04230,0.07981,,,0.54479,-0.26434,-0.34330,0.32981,1.58511,-0.00000,0.16653,-0.26434,-0.34364,0.32941,1.58511,0.00000,-0.17000,42,0.19524,0.03309,0.07367,0.19060,0.09130,0,0.99412,0.00518,-0.00903,0.10780,Left,0,476.44,270.61,456.78,246.61,448.01,219.04,452.22,194.73,458.55,173.71,463.82,187.32,467.37,167.87,471.03,160.19,470.91,166.20,484.74,191.41,493.73,161.80,490.95,176.36,483.96,193.61,504.27,201.03,513.93,181.20,505.11,202.32,494.73,218.65,522.20,216.41,529.37,198.73,519.86,212.77,509.32,224.69,-0.00000,-0.01312,-0.02252,-0.03406,-0.04394,0.00335,-0.02186,-0.03900,-0.04548,-0.00305,-0.03231,-0.04302,-0.04014,-0.01354,-0.04389,-0.04096,-0.02813,-0.02499,-0.04276,-0.03482,-0.02229,-0.01613,0.08324,0.01456,-0.03643,0.05515,-0.00556,-0.04050,0.02932,-0.01429,-0.03790,0.00084,-0.02414,-0.03398,-0.02490,-0.03106,-0.02746,-0.00713,-0.00025,-0.02301,-0.02676,-0.01369,-0.02171,-0.03544,-0.03059,-0.02650,-0.02636,-0.06093,-0.00436,-0.00386,0.00479,0.00298,-0.03405,-0.01884,-0.00643,-0.02240,-0.04296,-0.01376,-0.00778,-0.04121,0.01747,0.00196,0.00133,0.02224,-0.00974,-0.02622,0.01123,0.00590,-0.04091,0.00154,0.02188,-0.03306,0.03040,0.02028,-0.00337,0.03810,0.00710,-0.02274,0.02744,0.01542,-0.03995,0.01864,0.03137,-0.03545
1154.1307,0,1,14.30,0.00,43.34,0.16899,-0.02660,0.54840,0.61821,0.55798,0.4288,0,1,0.19880,0.04241,0.08000,0.19888,0.04230,0.07981,,,0.55798,-0.26434,-0.34330,0.32981,1.58511,-0.00000,0.16653,-0.26434,-0.34364,0.32941,1.58511,0.00000,-0.17000,42,0.19524,0.03309,0.07367,0.19060,0.09130,0,0.99412,0.00524,-0.00910,0.10777,Left,0,486.67,272.89,466.10,249.33,457.03,222.32,463.06,198.61,470.29,178.80,472.75,189.34,474.66,168.44,480.32,161.20,481.98,169.53,493.32,193.36,501.45,164.33,500.08,178.40,493.75,195.79,512.79,202.76,521.59,183.69,514.28,203.60,505.00,219.99,530.81,217.85,538.02,200.74,529.58,213.32,519.83,224.88,-0.00000,-0.01066,-0.01897,-0.02967,-0.03852,0.00423,-0.01889,-0.03378,-0.03850,-0.00250,-0.02859,-0.03728,-0.03363,-0.01300,-0.04025,-0.03661,-0.02414,-0.02437,-0.04023,-0.03224,-0.02008,-0.01418,0.08367,0.01783,-0.03560,0.05696,-0.00293,-0.03981,0.03130,-0.01239,-0.03565,0.00313,-0.02496,-0.03085,-0.02184,-0.03378,-0.02790,-0.00669,-0.00043,-0.02313,-0.02833,-0.01209,-0.02091,-0.03735,-0.02985,-0.02275,-0.02603,-0.06017,-0.00487,-0.00387,0.00468,0.00255,-0.03430,-0.01991,-0.00441,-0.02229,-0.04193,-0.01185,-0.00720,-0.04019,0.01772,0.00205,0.00133,0.02299,-0.01001,-0.02699,0.01312,0.00484,-0.04050,0.00399,0.02174,-0.03126,0.03125,0.02045,-0.00282,0.03933,0.00678,-0.02243,0.02962,0.01434,-0.03988,0.02123,0.03013,-0.03425
1154.1630,0,1,14.33,0.00,28.95,0.18082,-0.02455,0.55843,0.62730,0.56846,0.4061,0,1,0.19880,0.04241,0.08000,0.19888,0.04230,0.07981,,,0.56846,-0.26434,-0.34330,0.32981,1.58511,-0.00000,0.16653,-0.26434,-0.34364,0.32941,1.58511,0.00000,-0.17000,42,0.19524,0.03309,0.07367,0.19060,0.09130,0,0.99412,0.00529,-0.00915,0.10775,Left,0,495.13,276.04,473.86,254.23,464.81,227.37,473.90,204.05,483.29,185.41,481.67,193.13,484.53,172.78,489.31,165.50,490.81,173.08,502.33,196.43,511.41,168.12,509.32,184.07,503.48,201.47,521.25,205.15,530.90,187.49,522.76,209.48,513.65,225.53,538.80,219.52,545.95,202.94,537.60,217.37,528.53,228.63,-0.00000,-0.01423,-0.02415,-0.03581,-0.04566,0.00208,-0.02395,-0.04167,-0.04834,-0.00353,-0.03328,-0.04396,-0.04090,-0.01337,-0.04394,-0.04058,-0.02738,-0.02438,-0.04201,-0.03377,-0.02094,-0.01525,0.08508,0.01433,-0.03602,0.05801,-0.00574,-0.03988,0.03300,-0.01582,-0.03419,0.00497,-0.02801,-0.02648,-0.01892,-0.03595,-0.02809,-0.00659,-0.00039,-0.02326,-0.02742,-0.01256,-0.02078,-0.03685,-0.02989,-0.02344,-0.02663,-0.06082,-0.00447,-0.00426,0.00490,0.00332,-0.03333,-0.02012,-0.00360,-0.02071,-0.04232,-0.01065,-0.00503,-0.03631,0.01747,0.00167,0.00135,0.02269,-0.00912,-0.02745,0.01326,0.00794,-0.03951,0.00415,0.02382,-0.02799,0.03078,0.01970,-0.00346,0.03876,0.00609,-0.02330,0.02875,0.01570,-0.03970,0.02066,0.03042,-0.03253
1154.1949,0,1,14.79,0.00,28.38,0.19151,-0.02175,0.56546,0.62698,0.57249,0.3445,0,1,0.19880,0.04241,0.08000,0.19888,0.04230,0.07981,,,0.57249,-0.26434,-0.34330,0.32981,1.58511,-0.00000,0.16653,-0.26434,-0.34364,0.32941,1.58511,0.00000,-0.17000,42,0.19524,0.03309,0.07367,0.19060,0.09130,0,0.99412,0.00533,-0.00919,0.10774,Left,0,501.48,278.95,481.48,256.72,473.47,230.08,481.22,206.53,489.80,186.50,489.75,196.40,491.91,175.41,497.92,168.01,499.45,176.53,510.53,200.18,519.52,172.18,517.25,188.83,510.22,206.15,529.69,209.16,538.37,191.24,531.20,212.97,522.34,228.82,547.35,223.57,554.04,206.77,546.87,220.53,538.36,231.60,-0.00000,-0.01472,-0.02614,-0.03913,-0.04992,-0.00149,-0.02703,-0.04249,-0.04729,-0.00686,-0.03630,-0.04503,-0.04060,-0.01629,-0.04586,-0.04037,-0.02606,-0.02693,-0.04399,-0.03491,-0.02154,-0.01601,0.08383,0.01874,-0.03707,0.05726,-0.00367,-0.04003,0.03206,-0.01557,-0.03470,0.00420,-0.03032,-0.02805,-0.02088,-0.04008,-0.02853,-0.00667,-0.00125,-0.02390,-0.02797,-0.01371,-0.02058,-0.03750,-0.03073,-0.02293,-0.02628,-0.06148,-0.00486,-0.00401,0.00444,0.00312,-0.03269,-0.02087,-0.00439,-0.01926,-0.04239,-0.01182,-0.00365,-0.03552,0.01812,0.00189,0.00195,0.02257,-0.00881,-0.02767,0.01312,0.00821,-0.03970,0.00491,0.02384,-0.02799,0.03161,0.01994,-0.00173,0.03876,0.00632,-0.02189,0.02968,0.01536,-0.03876,0.02282,0.03034,-0.03288
1154.2276,0,1,15.12,0.00,29.24,0.19704,-0.01875,0.55998,0.64074,0.55449,0.3681,0,1,0.19880,0.04241,0.08000,0.19888,0.04230,0.07981,,,0.55449,-0.26434,-0.34330,0.32981,1.58511,-0.00000,0.16653,-0.26434,-0.34364,0.32941,1.58511,0.00000,-0.17000,42,0.19524,0.03309,0.07366,0.19060,0.09130,0,0.99412,0.00538,-0.00924,0.10772,Left,0,506.95,281.64,488.63,259.82,480.52,234.73,487.29,212.05,496.65,191.57,496.44,198.49,499.22,179.05,505.17,172.86,507.13,181.15,517.58,202.24,525.99,174.99,522.71,193.17,516.16,210.10,536.85,211.81,544.62,196.36,535.26,218.55,526.06,233.20,554.57,227.11,560.06,212.54,550.86,226.74,541.62,236.71,-0.00000,-0.01763,-0.03064,-0.04470,-0.05647,-0.00208,-0.02908,-0.04606,-0.05204,-0.00623,-0.03610,-0.04465,-0.04001,-0.01502,-0.04571,-0.04052,-0.02616,-0.02523,-0.04266,-0.03362,-0.02023,-0.01664,0.08400,0.02877,-0.03694,0.05768,0.00383,-0.03997,0.03334,-0.01050,-0.03574,0.00594,-0.02913,-0.02958,-0.01904,-0.03981,-0.02743,-0.00766,-0.00077,-0.02366,-0.02764,-0.01494,-0.02045,-0.03451,-0.03117,-0.02249,-0.02494,-0.06182,-0.00429,-0.00439,0.00404,0.00266,-0.03237,-0.02282,-0.00570,-0.01760,-0.04375,-0.01176,-0.00228,-0.03567,0.01784,0.00206,0.00156,0.02116,-0.00621,-0.02997,0.00974,0.01131,-0.04081,0.00131,0.02561,-0.02757,0.03063,0.02115,-0.00191,0.03640,0.00959,-0.02393,0.02592,0.01921,-0.04007,0.01783,0.03371,-0.03353
1154.2646,0,1,20.06,0.00,32.58,0.20073,-0.01617,0.55489,0.65490,0.54981,0.3489,0,1,0.19880,0.04241,0.08000,0.19888,0.04230,0.07981,,,0.54981,-0.26434,-0.34330,0.32981,1.58511,-0.00000,0.16652,-0.26434,-0.34364,0.32941,1.58511,0.00000,-0.17000,42,0.19524,0.03309,0.07366,0.19060,0.09130,0,0.99413,0.00543,-0.00929,0.10770,Left,0,510.38,284.65,493.54,264.20,485.07,240.73,491.10,219.18,498.67,199.11,500.10,200.16,504.86,181.59,512.08,178.05,514.92,188.25,521.60,204.25,531.63,179.16,526.02,201.87,518.43,217.95,540.77,213.54,550.29,199.90,540.25,223.68,531.00,236.81,557.57,228.93,565.13,216.02,555.23,231.75,545.72,240.49,-0.00000,-0.02142,-0.03615,-0.05087,-0.06254,-0.00698,-0.03510,-0.05083,-0.05556,-0.00957,-0.04129,-0.04749,-0.04035,-0.01717,-0.04962,-0.04261,-0.02659,-0.02656,-0.04546,-0.03592,-0.02178,-0.01509,0.08485,0.03633,-0.03619,0.05937,0.00910,-0.03853,0.03650,-0.00807,-0.03550,0.01147,-0.03042,-0.03030,-0.01404,-0.04540,-0.02707,-0.00675,-0.00153,-0.02174,-0.02660,-0.01636,-0.01735,-0.03249,-0.03240,-0.01897,-0.02109,-0.06319,-0.00446,-0.00463,0.00349,0.00366,-0.03015,-0.02454,-0.00532,-0.01227,-0.04458,-0.01282,0.00198,-0.03377,0.01757,0.00172,0.00204,0.02231,-0.00569,-0.02980,0.01067,0.01259,-0.04080,0.00218,0.02594,-0.02653,0.03063,0.02031,0.00040,0.03721,0.01058,-0.02197,0.02662,0.02140,-0.03869,0.01731,0.03517,-0.03054
1154.2916,0,1,14.91,0.00,23.64,0.20395,-0.01303,0.55351,0.65345,0.55213,0.3000,0,1,0.19880,0.04241,0.08000,0.19888,0.04230,0.07981,,,0.55213,-0.26434,-0.34330,0.32981,1.58511,-0.00000,0.16652,-0.26434,-0.34364,0.32941,1.58511,0.00000,-0.17000,42,0.19524,0.03309,0.07366,0.19060,0.09130,0,0.99413,0.00548,-0.00933,0.10768,Left,0,512.23,287.73,495.44,268.29,486.93,244.08,493.81,221.61,502.06,200.28,502.23,204.25,508.39,185.69,514.82,182.81,516.56,192.58,523.73,208.21,534.64,183.00,529.36,205.87,521.57,221.91,542.54,217.46,551.82,204.13,541.87,228.63,532.28,241.27,559.03,232.70,566.50,219.45,556.81,236.20,546.96,245.08,-0.00000,-0.02296,-0.03842,-0.05355,-0.06560,-0.00753,-0.03710,-0.05464,-0.06072,-0.00970,-0.04269,-0.05082,-0.04512,-0.01702,-0.05065,-0.04404,-0.02817,-0.02623,-0.04550,-0.03553,-0.02113,-0.01620,0.08487,0.03213,-0.03652,0.05983,0.00568,-0.03747,0.03639,-0.00985,-0.03512,0.00924,-0.03004,-0.02796,-0.01720,-0.04255,-0.02745,-0.00633,-0.00108,-0.02042,-0.02547,-0.01605,-0.01660,-0.03099,-0.03155,-0.01947,-0.01979,-0.05933,-0.00445,-0.00467,0.00358,0.00442,-0.02924,-0.02355,-0.00332,-0.01186,-0.04360,-0.01114,0.00163,-0.03079,0.01738,0.00178,0.00196,0.02250,-0.00515,-0.03026,0.01153,0.01388,-0.03923,0.00237,0.02683,-0.02394,0.02992,0.02037,-0.00084,0.03679,0.01066,-0.02278,0.02667,0.02252,-0.03873,0.01693,0.03610,-0.02777
1154.3226,0,1,14.31,0.00,19.49,0.20637,-0.01011,0.55376,0.65630,0.55400,0.3499,0,1,0.19880,0.04241,0.08000,0.19888,0.04230,0.07981,,,0.55400,-0.26434,-0.34330,0.32981,1.58511,-0.00000,0.16652,-0.26434,-0.34364,0.32941,1.58511,0.00000,-0.17000,42,0.19525,0.03309,0.07366,0.19060,0.09130,0,0.99413,0.00552,-0.00937,0.10767,Left,0,512.93,290.03,496.18,270.78,488.08,246.56,494.82,223.74,503.22,202.52,503.24,207.23,509.64,188.94,516.00,183.66,517.60,192.09,524.59,211.23,534.65,186.86,529.12,208.99,521.37,224.33,543.53,220.32,552.44,206.78,542.50,229.64,532.79,241.64,560.14,235.26,567.64,222.84,557.45,238.44,546.97,246.90,-0.00000,-0.02464,-0.04098,-0.05663,-0.06910,-0.00928,-0.03832,-0.05533,-0.06132,-0.01036,-0.04273,-0.05009,-0.04434,-0.01669,-0.04940,-0.04243,-0.02710,-0.02517,-0.04433,-0.03500,-0.02145,-0.01613,0.08495,0.03142,-0.03682,0.05987,0.00554,-0.03801,0.03607,-0.01107,-0.03548,0.00905,-0.03066,-0.02854,-0.01805,-0.04335,-0.02768,-0.00628,-0.00166,-0.02066,-0.02581,-0.01592,-0.01598,-0.03296,-0.03133,-0.01951,-0.02299,-0.06300,-0.00431,-0.00449,0.00388,0.00379,-0.02878,-0.02402,-0.00469,-0.01152,-0.04404,-0.01246,0.00163,-0.03182,0.01784,0.00138,0.00230,0.02269,-0.00572,-0.02931,0.01091,0.01278,-0.03967,0.00168,0.02505,-0.02573,0.03002,0.01996,-0.00035,0.03720,0.01076,-0.02192,0.02697,0.02225,-0.03766,0.01585,0.03581,-0.02806
1154.3560,0,1,15.44,0.00,30.22,0.21083,-0.00812,0.56191,0.65249,0.57007,0.3217,0,1,0.19880,0.04241,0.08000,0.19888,0.04230,0.07981,,,0.57007,-0.26434,-0.34330,0.32981,1.58511,-0.00000,0.16652,-0.26434,-0.34364,0.32941,1.58511,0.00000,-0.17000,42,0.19525,0.03309,0.07366,0.19060,0.09130,0,0.99413,0.00557,-0.00941,0.10765,Left,0,512.72,290.79,495.37,270.76,488.10,245.83,496.38,223.73,505.16,203.03,504.49,208.31,509.44,190.04,515.04,184.69,517.53,192.01,525.24,212.52,535.24,189.09,528.87,210.78,521.63,225.14,543.83,221.80,552.55,207.36,541.85,230.60,532.35,242.90,560.33,236.81,568.26,223.63,557.40,239.40,546.55,248.29,-0.00000,-0.02356,-0.03920,-0.05454,-0.06713,-0.00829,-0.03657,-0.05328,-0.05951,-0.00990,-0.04199,-0.04956,-0.04431,-0.01665,-0.04960,-0.04302,-0.02803,-0.02542,-0.04559,-0.03690,-0.02368,-0.01795,0.08511,0.02692,-0.03871,0.05949,0.00325,-0.04005,0.03443,-0.01392,-0.03522,0.00760,-0.03258,-0.02768,-0.01888,-0.04566,-0.02811,-0.00760,-0.00184,-0.02204,-0.02671,-0.01673,-0.01758,-0.03324,-0.03247,-0.01985,-0.02521,-0.06379,-0.00422,-0.00436,0.00426,0.00430,-0.02802,-0.02424,-0.00469,-0.01126,-0.04314,-0.01414,0.00187,-0.03139,0.01816,0.00227,0.00231,0.02237,-0.00546,-0.02960,0.01023,0.01228,-0.03954,0.00030,0.02523,-0.02457,0.02980,0.02074,-0.00078,0.03875,0.01068,-0.02323,0.02705,0.02128,-0.03800,0.01494,0.03504,-0.02818
1154.3868,0,1,14.44,0.00,27.54,0.21345,-0.00671,0.56715,0.64629,0.57239,0.3460,0,1,0.19880,0.04241,0.08000,0.19888,0.04230,0.07981,,,0.57239,-0.26434,-0.34330,0.32981,1.58511,-0.00000,0.16652,-0.26434,-0.34364,0.32941,1.58511,0.00000,-0.17000,42,0.19525,0.03309,0.07365,0.19060,0.09130,0,0.99413,0.00561,-0.00945,0.10764,Left,0,511.53,292.08,495.33,271.75,488.70,245.50,496.90,223.09,506.15,202.11,505.32,208.88,509.52,191.52,514.45,185.61,517.60,190.21,525.49,213.07,535.21,190.67,527.86,212.09,520.93,225.96,543.92,222.61,552.89,208.32,541.12,231.83,531.42,244.42,559.85,237.71,567.57,225.20,555.91,240.44,545.04,249.28,-0.00000,-0.02315,-0.03813,-0.05297,-0.06556,-0.00600,-0.03347,-0.05092,-0.05827,-0.00758,-0.03921,-0.04759,-0.04295,-0.01424,-0.04724,-0.04184,-0.02736,-0.02285,-0.04351,-0.03587,-0.02314,-0.01975,0.08625,0.02058,-0.03980,0.05958,-0.00070,-0.04105,0.03333,-0.01618,-0.03584,0.00573,-0.03423,-0.02793,-0.02058,-0.04494,-0.02753,-0.00781,-0.00103,-0.02231,-0.02624,-0.01697,-0.01938,-0.03341,-0.03303,-0.02032,-0.02747,-0.06444,-0.00413,-0.00463,0.00478,0.00376,-0.02720,-0.02392,-0.00665,-0.01117,-0.04362,-0.01512,0.00225,-0.03397,0.01832,0.00274,0.00187,0.02182,-0.00498,-0.03006,0.00888,0.01325,-0.03947,-0.00108,0.02688,-0.02483,0.02921,0.02108,-0.00295,0.03748,0.01182,-0.02583,0.02521,0.02273,-0.04009,0.01388,0.03577,-0.02969
1154.4196,0,1,14.57,0.00,28.94,0.21645,-0.00614,0.57516,0.66248,0.58317,0.2998,0,1,0.19880,0.04241,0.08000,0.19888,0.04230,0.07981,,,0.58317,-0.26434,-0.34330,0.32981,1.58511,-0.00000,0.16652,-0.26434,-0.34364,0.32941,1.58511,0.00000,-0.17000,42,0.19525,0.03309,0.07365,0.19060,0.09130,0,0.99413,0.00565,-0.00948,0.10762,Left,0,511.78,291.17,494.82,271.68,487.14,246.59,495.06,224.66,503.68,204.33,504.34,209.04,509.64,191.08,515.40,186.89,517.25,194.25,524.67,213.19,534.71,189.85,527.71,213.00,519.98,227.78,543.00,222.52,551.51,208.72,540.94,233.00,531.71,245.70,559.06,237.59,567.27,224.58,556.55,240.37,546.04,249.21,-0.00000,-0.02366,-0.03899,-0.05387,-0.06593,-0.00886,-0.03715,-0.05362,-0.05956,-0.01003,-0.04227,-0.04962,-0.04374,-0.01621,-0.04981,-0.04349,-0.02795,-0.02426,-0.04507,-0.03670,-0.02320,-0.01810,0.08521,0.03023,-0.03879,0.05988,0.00520,-0.04076,0.03502,-0.01158,-0.03591,0.00816,-0.03314,-0.02822,-0.01804,-0.04656,-0.02814,-0.00766,-0.00254,-0.02157,-0.02634,-0.01850,-0.01681,-0.03167,-0.03376,-0.02003,-0.02442,-0.06303,-0.00430,-0.00443,0.00381,0.00474,-0.02725,-0.02595,-0.00540,-0.00964,-0.04338,-0.01531,0.00315,-0.02820,0.01823,0.00245,0.00227,0.02223,-0.00441,-0.03053,0.00964,0.01410,-0.04001,0.00030,0.02661,-0.02213,0.03003,0.02107,0.00009,0.03831,0.01080,-0.02295,0.02642,0.02130,-0.03811,0.01500,0.03449,-0.02664
1154.4512,0,1,14.23,0.00,28.46,0.21838,-0.00577,0.58224,0.65750,0.58932,0.3584,0,1,0.19880,0.04241,0.08000,0.19888,0.04230,0.07981,,,0.58932,-0.26434,-0.34330,0.32981,1.58511,-0.00000,0.16652,-0.26434,-0.34364,0.32941,1.58511,0.00000,-0.17000,42,0.19525,0.03309,0.07365,0.19060,0.09130,0,0.99413,0.00569,-0.00952,0.10761,Left,0,511.50,291.24,494.83,272.97,486.81,247.56,493.28,224.47,502.08,203.51,502.49,210.36,507.00,192.68,512.98,185.94,516.02,191.84,522.91,213.76,533.32,189.83,527.47,210.93,520.23,225.85,541.47,222.51,550.50,208.83,540.25,232.94,530.58,246.20,557.64,236.78,565.60,224.24,555.20,240.44,544.39,250.10,-0.00000,-0.02510,-0.04126,-0.05669,-0.06951,-0.00989,-0.03839,-0.05549,-0.06194,-0.01035,-0.04333,-0.05178,-0.04649,-0.01580,-0.05038,-0.04507,-0.02988,-0.02312,-0.04490,-0.03722,-0.02397,-0.01652,0.08538,0.02485,-0.03796,0.06074,0.00166,-0.04045,0.03542,-0.01403,-0.03695,0.00704,-0.03272,-0.02884,-0.01865,-0.04442,-0.02872,-0.00675,-0.00200,-0.02286,-0.02585,-0.01601,-0.01807,-0.03350,-0.03200,-0.01976,-0.02683,-0.06426,-0.00441,-0.00443,0.00440,0.00466,-0.02819,-0.02394,-0.00418,-0.01258,-0.04314,-0.01358,0.00071,-0.03197,0.01853,0.00196,0.00211,0.02295,-0.00475,-0.03037,0.01067,0.01407,-0.03881,0.00091,0.02744,-0.02228,0.03054,0.02001,-0.00199,0.03909,0.01053,-0.02518,0.02692,0.02227,-0.04028,0.01544,0.03601,-0.02830
1154.4838,0,1,15.01,0.00,29.19,0.21730,-0.00479,0.58084,0.65220,0.57944,0.4012,0,1,0.19880,0.04241,0.08000,0.19888,0.04230,0.07981,,,0.57944,-0.26434,-0.34330,0.32981,1.58511,-0.00000,0.16652,-0.26434,-0.34364,0.32941,1.58511,0.00000,-0.17000,42,0.19525,0.03309,0.07365,0.19060,0.09130,0,0.99413,0.00574,-0.00955,0.10759,Left,0,511.31,293.20,494.26,273.29,486.78,247.24,493.89,224.01,502.14,202.89,502.26,211.45,506.07,193.28,511.62,186.84,514.96,192.24,522.45,215.32,532.45,191.87,525.97,213.81,519.00,227.83,540.94,223.91,549.33,209.13,539.12,233.01,530.37,245.56,557.13,237.90,564.41,224.03,554.26,240.10,544.71,249.39,-0.00000,-0.02402,-0.03863,-0.05284,-0.06460,-0.00585,-0.03229,-0.04803,-0.05391,-0.00647,-0.03730,-0.04462,-0.03887,-0.01222,-0.04509,-0.03914,-0.02394,-0.01991,-0.04026,-0.03208,-0.01885,-0.01679,0.08684,0.01469,-0.03782,0.06043,-0.00676,-0.03949,0.03403,-0.01931,-0.03607,0.00500,-0.03323,-0.02877,-0.02207,-0.04214,-0.02795,-0.00686,-0.00161,-0.02278,-0.02691,-0.01543,-0.01876,-0.03468,-0.03229,-0.02026,-0.02790,-0.06551,-0.00426,-0.00438,0.00519,0.00426,-0.02789,-0.02475,-0.00544,-0.01101,-0.04460,-0.01434,0.00224,-0.03203,0.01846,0.00232,0.00231,0.02177,-0.00595,-0.03072,0.01034,0.01275,-0.04112,0.00099,0.02601,-0.02466,0.03000,0.01948,-0.00325,0.03808,0.00874,-0.02631,0.02652,0.02112,-0.04156,0.01641,0.03464,-0.03034
1154.5157,0,1,14.84,0.00,28.73,0.21581,-0.00428,0.57898,0.64393,0.57712,0.3448,0,1,0.19880,0.04241,0.08000,0.19888,0.04230,0.07981,,,0.57712,-0.26434,-0.34330,0.32981,1.58511,-0.00000,0.16652,-0.26434,-0.34364,0.32941,1.58511,0.00000,-0.17000,42,0.19525,0.03309,0.07365,0.19060,0.09130,0,0.99413,0.00578,-0.00959,0.10758,Left,0,509.43,292.65,492.64,272.16,485.84,246.34,494.09,224.62,502.88,205.29,501.75,211.31,506.32,194.89,511.59,188.14,514.59,192.22,521.67,215.05,531.03,192.22,524.62,212.93,517.91,227.22,540.02,224.05,548.19,209.20,537.96,231.97,529.23,244.63,556.25,238.81,563.73,225.14,552.96,240.32,542.80,249.57,-0.00000,-0.02089,-0.03427,-0.04786,-0.05940,-0.00451,-0.03095,-0.04773,-0.05466,-0.00674,-0.03762,-0.04571,-0.04088,-0.01375,-0.04571,-0.04003,-0.02549,-0.02250,-0.04224,-0.03409,-0.02115,-0.01768,0.08482,0.01980,-0.03822,0.05880,-0.00095,-0.04002,0.03290,-0.01602,-0.03487,0.00592,-0.03229,-0.02726,-0.01946,-0.04413,-0.02788,-0.00741,-0.00119,-0.02216,-0.02487,-0.01733,-0.01806,-0.03235,-0.03287,-0.02007,-0.02730,-0.06329,-0.00421,-0.00419,0.00481,0.00397,-0.02766,-0.02379,-0.00610,-0.01192,-0.04274,-0.01520,0.00156,-0.03172,0.01807,0.00237,0.00178,0.02124,-0.00628,-0.02966,0.00944,0.01175,-0.03960,0.00011,0.02522,-0.02434,0.02939,0.02013,-0.00241,0.03790,0.00945,-0.02470,0.02584,0.01968,-0.03909,0.01448,0.03319,-0.02838
1154.5630,0,1,14.02,0.00,44.17,0.21404,-0.00483,0.57547,0.64813,0.57196,0.2541,0,1,0.19880,0.04241,0.08000,0.19888,0.04230,0.07981,,,0.57196,-0.26434,-0.34330,0.32981,1.58511,-0.00000,0.16652,-0.26434,-0.34364,0.32941,1.58511,0.00000,-0.17000,42,0.19525,0.03309,0.07364,0.19060,0.09130,0,0.99413,0.00585,-0.00964,0.10756,Left,0,509.33,292.13,493.13,272.35,485.88,247.35,494.04,225.14,502.93,204.74,500.97,208.92,506.83,192.18,511.49,189.36,512.34,196.53,521.70,213.02,531.73,190.33,525.58,213.72,518.74,228.60,540.28,222.33,548.94,208.36,538.75,232.80,529.63,245.47,556.25,237.54,564.16,224.55,553.95,240.64,543.62,249.43,-0.00000,-0.02367,-0.03794,-0.05159,-0.06246,-0.00595,-0.03196,-0.04724,-0.05280,-0.00660,-0.03612,-0.04271,-0.03679,-0.01234,-0.04379,-0.03738,-0.02226,-0.01999,-0.03951,-0.03103,-0.01775,-0.01707,0.08566,0.02575,-0.03775,0.06025,0.00255,-0.03917,0.03539,-0.01317,-0.03417,0.00815,-0.03245,-0.02657,-0.01806,-0.04485,-0.02745,-0.00769,-0.00179,-0.02168,-0.02507,-0.01769,-0.01773,-0.02985,-0.03292,-0.02157,-0.02209,-0.05985,-0.00435,-0.00461,0.00438,0.00469,-0.02716,-0.02534,-0.00484,-0.00967,-0.04417,-0.01339,0.00463,-0.02964,0.01791,0.00247,0.00205,0.02188,-0.00507,-0.03085,0.01100,0.01409,-0.04071,0.00116,0.02719,-0.02408,0.02993,0.02118,-0.00075,0.03814,0.01074,-0.02434,0.02736,0.02219,-0.03953,0.01512,0.03521,-0.02879
1154.5949,0,1,14.60,0.00,28.37,0.21388,-0.00503,0.57709,0.65065,0.57872,0.3316,0,1,0.19880,0.04241,0.08000,0.19888,0.04230,0.07981,,,0.57872,-0.26434,-0.34330,0.32981,1.58511,-0.00000,0.16652,-0.26434,-0.34364,0.32941,1.58511,0.00000,-0.17000,42,0.19525,0.03309,0.07364,0.19060,0.09130,0,0.99414,0.00589,-0.00967,0.10754,Left,0,508.93,291.89,492.63,271.72,485.61,246.78,493.71,224.91,501.91,204.55,499.92,209.63,504.65,192.99,510.08,187.67,512.94,192.18,520.38,213.45,530.76,190.33,524.80,211.81,517.92,226.09,539.07,222.60,547.39,208.52,537.32,232.25,528.42,245.39,555.10,237.42,562.67,223.99,552.55,240.06,542.62,249.98,-0.00000,-0.02344,-0.03780,-0.05159,-0.06307,-0.00713,-0.03337,-0.04965,-0.05621,-0.00797,-0.03840,-0.04618,-0.04111,-0.01365,-0.04639,-0.04132,-0.02678,-0.02111,-0.04190,-0.03418,-0.02115,-0.01687,0.08558,0.02480,-0.03785,0.05997,0.00164,-0.03866,0.03474,-0.01443,-0.03375,0.00749,-0.03287,-0.02713,-0.01810,-0.04383,-0.02825,-0.00726,-0.00234,-0.02265,-0.02472,-0.01770,-0.01784,-0.03140,-0.03239,-0.01972,-0.02593,-0.06231,-0.00430,-0.00433,0.00436,0.00454,-0.02728,-0.02443,-0.00399,-0.01152,-0.04347,-0.01337,0.00203,-0.03254,0.01853,0.00225,0.00245,0.02241,-0.00545,-0.02979,0.01081,0.01313,-0.03947,0.00098,0.02696,-0.02315,0.03007,0.02028,-0.00068,0.03850,0.00996,-0.02442,0.02743,0.02171,-0.04030,0.01626,0.03584,-0.02872
1154.6266,0,1,14.36,0.00,28.17,0.21217,-0.00565,0.57420,0.64372,0.57131,0.2709,0,1,0.19880,0.04241,0.08000,0.19888,0.04230,0.07981,,,0.57131,-0.26434,-0.34330,0.32981,1.58511,-0.00000,0.16652,-0.26434,-0.34364,0.32941,1.58511,0.00000,-0.17000,42,0.19525,0.03310,0.07364,0.19060,0.09130,0,0.99414,0.00594,-0.00970,0.10753,Left,0,507.24,291.49,491.88,271.92,485.29,246.38,492.70,224.03,500.79,203.09,499.84,207.90,504.87,192.30,510.28,187.36,512.94,192.61,520.32,212.16,530.95,189.82,524.11,212.65,517.15,226.88,538.78,221.52,547.42,209.01,536.28,233.58,526.97,245.53,554.69,236.50,562.22,224.93,551.22,241.13,540.59,249.35,-0.00000,-0.02441,-0.03913,-0.05316,-0.06460,-0.00680,-0.03390,-0.05006,-0.05626,-0.00738,-0.03950,-0.04708,-0.04106,-0.01309,-0.04692,-0.04108,-0.02548,-0.02070,-0.04152,-0.03345,-0.01997,-0.01742,0.08642,0.02184,-0.03755,0.06088,0.00066,-0.03817,0.03495,-0.01524,-0.03357,0.00739,-0.03309,-0.02708,-0.01914,-0.04496,-0.02744,-0.00774,-0.00102,-0.02179,-0.02489,-0.01614,-0.01778,-0.03109,-0.03054,-0.01955,-0.02573,-0.05903,-0.00425,-0.00439,0.00449,0.00478,-0.02696,-0.02390,-0.00447,-0.01023,-0.04167,-0.01339,0.00359,-0.02869,0.01767,0.00246,0.00174,0.02211,-0.00394,-0.03065,0.00942,0.01512,-0.03866,0.00025,0.02805,-0.02089,0.02957,0.02080,-0.00214,0.03725,0.01186,-0.02594,0.02603,0.02411,-0.04063,0.01401,0.03675,-0.02857
1154.6593,0,1,14.66,0.00,29.06,0.21133,-0.00619,0.57352,0.66243,0.57283,0.3165,0,1,0.19880,0.04241,0.08000,0.19888,0.04230,0.07981,,,0.57283,-0.26434,-0.34330,0.32981,1.58511,-0.00000,0.16652,-0.26434,-0.34364,0.32941,1.58511,0.00000,-0.17000,42,0.19525,0.03310,0.07364,0.19060,0.09130,0,0.99414,0.00598,-0.00973,0.10752,Left,0,506.53,290.64,490.98,270.80,484.12,246.46,492.16,224.90,500.24,204.45,499.38,207.88,503.88,191.97,508.32,187.19,510.51,191.61,519.95,211.81,529.71,190.54,522.44,214.95,515.88,228.10,538.39,221.04,545.99,208.91,535.15,233.67,526.68,244.68,554.10,236.11,561.13,224.06,550.52,240.71,540.85,248.73,-0.00000,-0.02379,-0.03846,-0.05232,-0.06353,-0.00751,-0.03311,-0.04786,-0.05366,-0.00811,-0.03796,-0.04349,-0.03702,-0.01372,-0.04595,-0.03866,-0.02310,-0.02121,-0.04115,-0.03231,-0.01891,-0.01714,0.08554,0.03309,-0.03775,0.06001,0.00687,-0.03870,0.03623,-0.01115,-0.03440,0.00934,-0.03339,-0.02755,-0.01664,-0.04630,-0.02757,-0.00705,-0.00267,-0.02237,-0.02436,-0.01911,-0.01852,-0.03076,-0.03410,-0.02126,-0.02493,-0.06355,-0.00417,-0.00464,0.00423,0.00436,-0.02548,-0.02751,-0.00532,-0.00676,-0.04432,-0.01372,0.00562,-0.02722,0.01847,0.00217,0.00248,0.02129,-0.00359,-0.03127,0.00991,0.01554,-0.03913,0.00026,0.02777,-0.01995,0.02959,0.02078,0.00020,0.03721,0.01196,-0.02418,0.02593,0.02364,-0.03934,0.01491,0.03611,-0.02665
1154.6908,0,1,14.06,0.00,28.04,0.21131,-0.00619,0.57534,0.65862,0.57715,0.2688,0,1,0.19880,0.04241,0.08000,0.19888,0.04230,0.07981,,,0.57715,-0.26434,-0.34330,0.32981,1.58511,-0.00000,0.16652,-0.26434,-0.34364,0.32941,1.58511,0.00000,-0.17000,42,0.19525,0.03310,0.07364,0.19060,0.09130,0,0.99414,0.00603,-0.00976,0.10750,Left,0,507.09,290.52,491.64,271.25,484.61,246.24,491.12,223.86,499.11,203.10,498.04,208.92,503.50,191.75,509.57,186.33,511.59,192.57,518.56,212.70,528.69,188.84,523.22,211.20,516.49,226.17,537.23,221.72,545.18,208.48,535.26,232.76,526.35,245.40,553.58,236.37,561.38,224.06,550.78,240.09,539.94,249.06,-0.00000,-0.02456,-0.03967,-0.05402,-0.06553,-0.00852,-0.03591,-0.05174,-0.05740,-0.00889,-0.04097,-0.04854,-0.04262,-0.01425,-0.04812,-0.04228,-0.02678,-0.02147,-0.04258,-0.03461,-0.02126,-0.01621,0.08583,0.02542,-0.03726,0.06099,0.00149,-0.03792,0.03587,-0.01420,-0.03440,0.00773,-0.03377,-0.02722,-0.01886,-0.04641,-0.02818,-0.00702,-0.00201,-0.02197,-0.02514,-0.01621,-0.01681,-0.03224,-0.03104,-0.01996,-0.02509,-0.06088,-0.00455,-0.00450,0.00444,0.00444,-0.02792,-0.02343,-0.00426,-0.01146,-0.04202,-0.01292,0.00217,-0.02872,0.01809,0.00204,0.00221,0.02156,-0.00455,-0.03017,0.01057,0.01481,-0.03870,0.00069,0.02803,-0.02102,0.03023,0.02034,-0.00080,0.03831,0.01079,-0.02449,0.02695,0.02274,-0.04029,0.01507,0.03612,-0.02824
1154.7235,0,1,14.88,0.00,28.86,0.20900,-0.00627,0.57013,0.65471,0.56493,0.3010,0,1,0.19880,0.04241,0.08000,0.19888,0.04230,0.07981,,,0.56493,-0.26434,-0.34330,0.32981,1.58511,-0.00000,0.16651,-0.26434,-0.34364,0.32941,1.58511,0.00000,-0.17000,42,0.19525,0.03310,0.07364,0.19060,0.09130,0,0.99414,0.00607,-0.00979,0.10749,Left,0,505.47,290.57,490.47,270.98,483.44,246.62,490.61,224.57,498.72,203.72,498.25,207.85,503.44,191.82,508.01,186.43,510.57,190.84,518.88,212.27,528.45,189.61,520.99,214.06,514.82,228.19,537.48,221.57,545.33,208.07,533.94,232.84,525.39,244.99,553.87,236.59,561.14,223.04,549.84,239.50,539.36,248.48,-0.00000,-0.02530,-0.04101,-0.05583,-0.06794,-0.00865,-0.03576,-0.05146,-0.05756,-0.00882,-0.04064,-0.04691,-0.04025,-0.01421,-0.04800,-0.04088,-0.02470,-0.02160,-0.04244,-0.03368,-0.01995,-0.01712,0.08546,0.02799,-0.03751,0.06004,0.00420,-0.03875,0.03506,-0.01213,-0.03458,0.00815,-0.03211,-0.02784,-0.01868,-0.04514,-0.02753,-0.00762,-0.00148,-0.02194,-0.02497,-0.01689,-0.01773,-0.03177,-0.03136,-0.02030,-0.02733,-0.06054,-0.00428,-0.00447,0.00444,0.00424,-0.02718,-0.02556,-0.00602,-0.00872,-0.04228,-0.01378,0.00446,-0.02572,0.01794,0.00209,0.00173,0.02145,-0.00469,-0.03093,0.00902,0.01399,-0.03852,-0.00024,0.02689,-0.02033,0.02965,0.02069,-0.00127,0.03762,0.01073,-0.02490,0.02566,0.02152,-0.03968,0.01379,0.03529,-0.02740
1154.7546,0,1,14.07,0.00,28.02,0.20858,-0.00662,0.57003,0.65853,0.56992,0.2979,0,1,0.19880,0.04241,0.08000,0.19888,0.04230,0.07981,,,0.56992,-0.26434,-0.34330,0.32981,1.58511,-0.00000,0.16651,-0.26434,-0.34364,0.32941,1.58511,0.00000,-0.17000,42,0.19525,0.03310,0.07363,0.19060,0.09130,0,0.99414,0.00611,-0.00982,0.10748,Left,0,505.57,289.67,489.97,270.80,482.57,246.20,489.43,224.20,497.33,203.11,497.73,207.14,503.09,191.26,508.11,185.89,509.86,191.49,518.59,211.72,528.28,189.17,520.43,213.33,513.16,227.81,537.11,221.22,544.51,208.23,533.53,232.84,524.80,244.91,553.20,236.38,560.58,223.82,549.39,240.20,538.70,248.63,-0.00000,-0.02650,-0.04276,-0.05767,-0.06947,-0.01107,-0.03813,-0.05279,-0.05788,-0.01059,-0.04256,-0.04802,-0.04061,-0.01534,-0.04912,-0.04153,-0.02504,-0.02216,-0.04342,-0.03489,-0.02122,-0.01611,0.08527,0.02999,-0.03711,0.05961,0.00459,-0.03933,0.03544,-0.01207,-0.03574,0.00850,-0.03342,-0.02928,-0.01855,-0.04624,-0.02789,-0.00697,-0.00246,-0.02212,-0.02540,-0.01762,-0.01781,-0.03221,-0.03241,-0.02079,-0.02646,-0.06155,-0.00449,-0.00432,0.00436,0.00463,-0.02727,-0.02642,-0.00639,-0.00895,-0.04300,-0.01521,0.00393,-0.02473,0.01862,0.00210,0.00237,0.02136,-0.00413,-0.03106,0.00907,0.01440,-0.03885,-0.00015,0.02680,-0.01970,0.03046,0.02037,-0.00016,0.03776,0.01115,-0.02432,0.02568,0.02234,-0.03912,0.01356,0.03555,-0.02717
1154.7880,0,1,15.07,0.00,29.46,0.20826,-0.00713,0.57038,0.64907,0.57073,0.3022,0,1,0.19880,0.04241,0.08000,0.19888,0.04230,0.07981,,,0.57073,-0.26434,-0.34330,0.32981,1.58511,-0.00000,0.16651,-0.26434,-0.34364,0.32941,1.58511,0.00000,-0.17000,42,0.19525,0.03310,0.07363,0.19060,0.09130,0,0.99414,0.00615,-0.00984,0.10747,Left,0,505.46,288.88,490.16,269.92,483.33,245.11,490.02,222.70,497.66,201.55,497.12,207.01,502.11,191.07,507.34,185.62,509.79,189.96,517.96,211.13,527.90,188.21,520.67,211.63,513.96,225.88,536.55,220.43,544.39,207.64,532.80,232.96,523.63,245.47,552.61,235.47,559.67,223.17,548.13,240.50,537.16,249.80,-0.00000,-0.02570,-0.04092,-0.05485,-0.06612,-0.01001,-0.03691,-0.05214,-0.05778,-0.00975,-0.04181,-0.04834,-0.04164,-0.01454,-0.04944,-0.04305,-0.02686,-0.02115,-0.04361,-0.03553,-0.02179,-0.01632,0.08507,0.02408,-0.03690,0.05952,0.00157,-0.03824,0.03432,-0.01361,-0.03461,0.00688,-0.03253,-0.02792,-0.01986,-0.04397,-0.02783,-0.00734,-0.00128,-0.02263,-0.02494,-0.01605,-0.01791,-0.03224,-0.03067,-0.02067,-0.02728,-0.06037,-0.00443,-0.00431,0.00474,0.00436,-0.02759,-0.02400,-0.00596,-0.01059,-0.04164,-0.01413,0.00248,-0.02746,0.01833,0.00219,0.00160,0.02123,-0.00407,-0.03070,0.00876,0.01526,-0.03824,-0.00111,0.02828,-0.02033,0.03010,0.02037,-0.00224,0.03732,0.01164,-0.02664,0.02508,0.02431,-0.04155,0.01233,0.03767,-0.02873
1154.8193,0,1,14.44,0.00,27.77,0.21013,-0.00757,0.57630,0.66312,0.58223,0.2844,0,1,0.19880,0.04241,0.08000,0.19888,0.04230,0.07981,,,0.58223,-0.26434,-0.34330,0.32981,1.58511,-0.00000,0.16651,-0.26434,-0.34364,0.32941,1.58511,0.00000,-0.17000,42,0.19525,0.03310,0.07363,0.19060,0.09130,0,0.99414,0.00619,-0.00987,0.10746,Left,0,504.78,287.87,489.19,268.64,482.10,244.22,489.11,222.53,497.46,202.15,497.44,207.49,502.21,191.02,507.88,185.57,510.34,191.48,517.90,211.20,527.41,187.33,521.29,209.57,514.75,224.98,536.38,220.29,543.69,206.71,532.96,230.77,523.92,244.09,552.61,235.04,559.92,222.15,548.85,237.46,537.77,246.59,-0.00000,-0.02448,-0.04019,-0.05518,-0.06750,-0.01071,-0.03844,-0.05424,-0.05986,-0.01120,-0.04343,-0.05046,-0.04421,-0.01658,-0.05060,-0.04478,-0.02923,-0.02377,-0.04468,-0.03677,-0.02352,-0.01761,0.08470,0.02720,-0.03800,0.05946,0.00261,-0.03977,0.03487,-0.01328,-0.03568,0.00768,-0.03369,-0.02816,-0.01803,-0.04596,-0.02823,-0.00728,-0.00237,-0.02246,-0.02516,-0.01774,-0.01791,-0.03163,-0.03215,-0.02017,-0.02522,-0.06092,-0.00438,-0.00442,0.00393,0.00426,-0.02796,-0.02429,-0.00493,-0.01177,-0.04171,-0.01337,0.00236,-0.02697,0.01823,0.00221,0.00226,0.02110,-0.00493,-0.02986,0.00887,0.01393,-0.03761,-0.00079,0.02759,-0.01927,0.03039,0.02023,-0.00047,0.03824,0.01048,-0.02379,0.02579,0.02118,-0.03882,0.01385,0.03484,-0.02729
1154.8515,0,1,14.39,0.00,29.04,0.20883,-0.00798,0.57354,0.65726,0.57079,0.3015,0,1,0.19880,0.04241,0.08000,0.19888,0.04230,0.07981,,,0.57079,-0.26434,-0.34330,0.32981,1.58511,-0.00000,0.16651,-0.26434,-0.34364,0.32941,1.58511,0.00000,-0.17000,42,0.19525,0.03310,0.07363,0.19060,0.09130,0,0.99414,0.00624,-0.00990,0.10745,Left,0,505.11,287.83,489.43,269.01,481.94,244.43,488.94,222.26,497.86,201.35,496.59,206.88,501.71,189.61,507.04,185.41,509.75,190.53,517.18,210.66,526.63,187.34,519.70,210.74,513.85,225.11,535.93,219.70,543.16,206.14,531.82,231.28,524.09,243.66,552.73,234.21,559.52,221.08,548.06,237.89,538.28,246.95,-0.00000,-0.02549,-0.04078,-0.05503,-0.06664,-0.00961,-0.03691,-0.05260,-0.05849,-0.00928,-0.04101,-0.04781,-0.04163,-0.01407,-0.04858,-0.04273,-0.02711,-0.02068,-0.04215,-0.03409,-0.02070,-0.01631,0.08507,0.02513,-0.03728,0.06013,0.00215,-0.03858,0.03501,-0.01288,-0.03515,0.00789,-0.03187,-0.02721,-0.01826,-0.04383,-0.02812,-0.00727,-0.00171,-0.02264,-0.02485,-0.01702,-0.01779,-0.03122,-0.03144,-0.02007,-0.02534,-0.06041,-0.00433,-0.00446,0.00461,0.00339,-0.02681,-0.02537,-0.00627,-0.00970,-0.04205,-0.01435,0.00338,-0.02731,0.01833,0.00213,0.00183,0.02008,-0.00433,-0.03150,0.00862,0.01514,-0.03877,-0.00066,0.02817,-0.01959,0.03003,0.02019,-0.00149,0.03760,0.01031,-0.02570,0.02494,0.02246,-0.04088,0.01417,0.03589,-0.02781
1154.8831,0,1,14.43,0.00,28.15,0.20814,-0.00851,0.57211,0.65800,0.57067,0.3131,0,1,0.19880,0.04241,0.08000,0.19888,0.04230,0.07981,,,0.57067,-0.26434,-0.34330,0.32981,1.58511,-0.00000,0.16651,-0.26434,-0.34364,0.32941,1.58511,0.00000,-0.17000,42,0.19525,0.03310,0.07363,0.19060,0.09130,0,0.99414,0.00628,-0.00992,0.10744,Left,0,504.30,287.52,488.75,268.40,481.38,243.81,488.53,221.62,496.92,200.39,497.04,205.52,501.79,189.30,506.42,184.32,508.66,189.57,517.54,209.81,526.21,187.63,518.25,211.32,511.79,225.17,536.15,219.22,543.31,205.67,531.47,230.02,522.82,241.94,552.37,234.05,558.82,221.72,547.10,237.41,536.88,245.56,-0.00000,-0.02734,-0.04426,-0.05997,-0.07288,-0.01119,-0.03977,-0.05656,-0.06307,-0.01034,-0.04264,-0.04934,-0.04307,-0.01496,-0.04908,-0.04262,-0.02692,-0.02174,-0.04314,-0.03532,-0.02218,-0.01736,0.08538,0.02754,-0.03786,0.05933,0.00279,-0.04020,0.03445,-0.01310,-0.03583,0.00808,-0.03352,-0.02889,-0.01890,-0.04520,-0.02786,-0.00728,-0.00230,-0.02237,-0.02485,-0.01896,-0.01891,-0.03103,-0.03420,-0.02113,-0.02543,-0.06251,-0.00424,-0.00436,0.00443,0.00346,-0.02657,-0.02691,-0.00808,-0.00824,-0.04430,-0.01627,0.00439,-0.02746,0.01836,0.00235,0.00229,0.02025,-0.00407,-0.03143,0.00728,0.01456,-0.03946,-0.00214,0.02689,-0.02145,0.02994,0.02036,-0.00055,0.03687,0.01137,-0.02514,0.02405,0.02215,-0.03961,0.01236,0.03502,-0.02761
1154.9146,0,1,14.22,0.00,28.13,0.20780,-0.00883,0.57246,0.64781,0.57282,0.3092,0,1,0.19880,0.04241,0.08000,0.19888,0.04230,0.07981,,,0.57282,-0.26434,-0.34330,0.32981,1.58511,-0.00000,0.16651,-0.26434,-0.34364,0.32941,1.58511,0.00000,-0.17000,42,0.19525,0.03310,0.07362,0.19060,0.09130,0,0.99414,0.00632,-0.00994,0.10743,Left,0,504.22,287.73,488.23,268.47,481.26,242.97,488.34,220.56,496.60,199.36,496.02,205.26,501.02,189.54,506.29,183.90,509.02,188.20,516.62,209.50,525.78,187.61,518.27,211.04,511.71,225.49,535.27,219.04,542.36,205.83,530.90,230.60,522.26,243.23,551.60,234.23,558.45,221.77,546.20,237.98,534.93,247.01,-0.00000,-0.02519,-0.04049,-0.05475,-0.06637,-0.00925,-0.03629,-0.05209,-0.05829,-0.00920,-0.04064,-0.04690,-0.04049,-0.01430,-0.04809,-0.04145,-0.02574,-0.02133,-0.04316,-0.03540,-0.02230,-0.01674,0.08523,0.02495,-0.03764,0.05917,0.00200,-0.03981,0.03377,-0.01336,-0.03516,0.00681,-0.03268,-0.02761,-0.01993,-0.04489,-0.02791,-0.00789,-0.00144,-0.02221,-0.02505,-0.01766,-0.01789,-0.03159,-0.03256,-0.01976,-0.02721,-0.06181,-0.00443,-0.00428,0.00480,0.00417,-0.02679,-0.02564,-0.00694,-0.00905,-0.04221,-0.01519,0.00437,-0.02614,0.01856,0.00248,0.00173,0.02065,-0.00397,-0.03080,0.00810,0.01441,-0.03854,-0.00129,0.02788,-0.01999,0.03025,0.02061,-0.00160,0.03740,0.01177,-0.02581,0.02405,0.02223,-0.03979,0.01174,0.03620,-0.02770
1154.9476,0,1,14.90,0.00,28.91,0.20717,-0.00948,0.57136,0.64533,0.57025,0.2714,0,1,0.19880,0.04241,0.08000,0.19888,0.04230,0.07981,,,0.57025,-0.26434,-0.34330,0.32981,1.58511,-0.00000,0.16651,-0.26434,-0.34364,0.32941,1.58511,0.00000,-0.17000,42,0.19525,0.03310,0.07362,0.19060,0.09130,0,0.99414,0.00637,-0.00997,0.10742,Left,0,504.24,286.97,488.58,267.89,481.33,243.33,488.07,220.94,496.43,199.52,495.47,204.77,500.18,188.59,505.56,184.40,508.77,190.11,516.33,208.71,525.37,186.62,518.52,210.19,512.61,224.42,535.47,217.81,542.53,205.12,531.53,230.33,523.10,243.08,552.18,232.50,559.03,220.01,547.32,236.75,536.50,246.03,-0.00000,-0.02717,-0.04362,-0.05882,-0.07125,-0.01064,-0.03922,-0.05616,-0.06276,-0.00969,-0.04215,-0.04949,-0.04365,-0.01413,-0.04897,-0.04294,-0.02726,-0.02062,-0.04254,-0.03460,-0.02121,-0.01651,0.08485,0.02531,-0.03728,0.05987,0.00293,-0.03902,0.03492,-0.01308,-0.03488,0.00789,-0.03330,-0.02798,-0.01897,-0.04569,-0.02824,-0.00728,-0.00147,-0.02327,-0.02442,-0.01779,-0.01881,-0.02970,-0.03244,-0.02032,-0.02400,-0.06075,-0.00435,-0.00413,0.00438,0.00350,-0.02596,-0.02613,-0.00686,-0.00803,-0.04251,-0.01477,0.00486,-0.02630,0.01847,0.00203,0.00174,0.02082,-0.00351,-0.03142,0.00864,0.01566,-0.03880,-0.00040,0.02827,-0.02016,0.03065,0.02012,-0.00152,0.03783,0.01074,-0.02576,0.02470,0.02265,-0.04049,0.01278,0.03606,-0.02814
1154.9951,0,1,14.77,0.00,43.93,0.20590,-0.01008,0.56872,0.64146,0.56608,0.3021,0,1,0.19880,0.04241,0.08000,0.19888,0.04230,0.07981,,,0.56608,-0.26434,-0.34330,0.32981,1.58511,-0.00000,0.16651,-0.26434,-0.34364,0.32941,1.58511,0.00000,-0.17000,42,0.19525,0.03310,0.07362,0.19060,0.09130,0,0.99414,0.00643,-0.01000,0.10740,Left,0,502.93,286.58,487.84,267.30,480.80,242.95,487.48,220.98,495.87,199.83,495.79,203.35,501.06,188.76,506.15,183.17,508.68,187.44,516.59,207.84,525.27,185.26,517.79,208.45,511.74,222.75,535.20,217.28,542.42,204.20,530.72,229.12,521.99,241.64,551.33,232.65,558.32,220.12,546.27,236.36,535.12,245.06,-0.00000,-0.02571,-0.04114,-0.05542,-0.06694,-0.00903,-0.03514,-0.04992,-0.05544,-0.00877,-0.03966,-0.04551,-0.03856,-0.01365,-0.04695,-0.03991,-0.02364,-0.02053,-0.04137,-0.03298,-0.01935,-0.01641,0.08546,0.02322,-0.03721,0.05980,0.00085,-0.03903,0.03483,-0.01335,-0.03521,0.00867,-0.03212,-0.02829,-0.01843,-0.04410,-0.02780,-0.00747,-0.00106,-0.02197,-0.02441,-0.01597,-0.01782,-0.03134,-0.03000,-0.01986,-0.02763,-0.05892,-0.00432,-0.00434,0.00469,0.00371,-0.02778,-0.02401,-0.00713,-0.01085,-0.04113,-0.01448,0.00257,-0.02684,0.01776,0.00207,0.00153,0.02069,-0.00440,-0.03057,0.00792,0.01438,-0.03816,-0.00081,0.02702,-0.02088,0.02993,0.02042,-0.00225,0.03716,0.01109,-0.02619,0.02446,0.02232,-0.04088,0.01185,0.03543,-0.02930
1155.0279,1,1,14.55,0.51,29.44,0.20616,-0.00991,0.57082,0.64121,0.57293,0.2989,0,1,0.19881,0.04363,0.08000,0.19875,0.04338,0.07988,0.11,0.00,0.57293,-0.27078,-0.34202,0.32813,1.58547,-0.00000,0.16651,-0.27154,-0.34208,0.32737,1.58549,-0.00000,-0.17000,42,0.19518,0.03409,0.07368,0.19060,0.09130,0,0.99381,0.00651,-0.01002,0.11043,Left,0,502.52,287.40,486.92,267.89,480.23,242.18,487.34,219.25,496.01,197.78,495.12,204.59,499.11,187.80,504.27,181.62,507.11,185.56,515.59,208.81,524.61,184.95,517.47,206.67,511.25,220.39,534.31,218.39,541.15,204.00,529.68,228.43,521.45,240.87,550.93,233.73,557.77,219.65,545.94,235.27,535.34,244.15,-0.00000,-0.02502,-0.03968,-0.05355,-0.06474,-0.00735,-0.03347,-0.04871,-0.05458,-0.00725,-0.03845,-0.04554,-0.03957,-0.01223,-0.04570,-0.03945,-0.02368,-0.01914,-0.03991,-0.03186,-0.01854,-0.01736,0.08547,0.02118,-0.03792,0.05887,-0.00087,-0.03937,0.03349,-0.01525,-0.03517,0.00591,-0.03355,-0.02723,-0.02026,-0.04434,-0.02825,-0.00779,-0.00154,-0.02307,-0.02628,-0.01566,-0.01911,-0.03355,-0.03033,-0.02046,-0.02887,-0.06042,-0.00427,-0.00431,0.00497,0.00411,-0.02846,-0.02424,-0.00682,-0.01269,-0.04199,-0.01409,0.00036,-0.02891,0.01859,0.00263,0.00190,0.02023,-0.00497,-0.03049,0.00775,0.01319,-0.03859,-0.00045,0.02635,-0.02080,0.03034,0.02054,-0.00263,0.03761,0.01019,-0.02614,0.02460,0.02072,-0.04101,0.01357,0.03453,-0.02987
1155.0596,1,1,14.07,0.54,27.44,0.20457,-0.01034,0.56802,0.64832,0.56521,0.2946,0,1,0.20022,0.04523,0.08000,0.20025,0.04545,0.07958,0.19,0.01,0.56521,-0.28033,-0.32116,0.31079,1.58467,0.00000,0.16650,-0.27855,-0.32791,0.31368,1.58493,-0.00000,-0.17000,42,0.19674,0.03613,0.07345,0.19060,0.09130,0,0.99329,0.00640,-0.00884,0.11517,Left,0,502.14,285.92,486.87,266.51,479.83,242.73,486.53,220.90,494.38,199.68,493.77,203.56,497.92,187.16,503.15,181.15,505.96,186.17,514.91,207.89,523.83,184.20,516.35,207.61,510.21,221.82,533.78,217.26,540.44,204.10,528.65,229.45,520.42,241.70,550.59,232.56,557.43,219.06,545.51,235.53,534.80,244.23,-0.00000,-0.02605,-0.04168,-0.05616,-0.06757,-0.00984,-0.03673,-0.05128,-0.05639,-0.00955,-0.04215,-0.04811,-0.04087,-0.01448,-0.04948,-0.04198,-0.02499,-0.02140,-0.04309,-0.03436,-0.02037,-0.01530,0.08433,0.02825,-0.03684,0.05912,0.00359,-0.03770,0.03473,-0.01115,-0.03496,0.00859,-0.03150,-0.02812,-0.01807,-0.04436,-0.02832,-0.00716,-0.00122,-0.02316,-0.02530,-0.01543,-0.01912,-0.03331,-0.02945,-0.02098,-0.02766,-0.05934,-0.00441,-0.00440,0.00456,0.00341,-0.02802,-0.02474,-0.00688,-0.01102,-0.04159,-0.01445,0.00150,-0.02676,0.01836,0.00222,0.00183,0.02018,-0.00458,-0.03104,0.00800,0.01422,-0.03860,-0.00123,0.02692,-0.02007,0.03069,0.02024,-0.00151,0.03745,0.01021,-0.02520,0.02486,0.02103,-0.04006,0.01306,0.03452,-0.02833
1155.0921,1,1,14.47,0.55,28.57,0.20538,-0.01051,0.57212,0.65718,0.57622,0.3187,0,1,0.19816,0.04442,0.08000,0.19687,0.04419,0.07907,0.19,0.01,0.57622,-0.27863,-0.34955,0.34061,1.58531,0.00000,0.16653,-0.27788,-0.34406,0.33000,1.58497,-0.00000,-0.17000,42,0.19336,0.03500,0.07295,0.19060,0.09130,0,0.99335,0.00627,-0.00782,0.11469,Left,0,501.26,285.37,486.10,265.94,479.22,241.61,485.89,219.43,494.44,198.45,493.83,204.33,497.91,187.37,503.10,181.17,506.14,185.45,514.30,208.30,523.75,183.83,516.43,204.20,509.96,218.27,532.90,217.76,539.81,203.45,527.63,227.71,518.75,241.10,549.33,232.87,556.29,218.88,544.17,234.52,533.13,244.45,-0.00000,-0.02508,-0.04054,-0.05548,-0.06788,-0.00862,-0.03598,-0.05236,-0.05869,-0.00879,-0.04106,-0.04923,-0.04387,-0.01399,-0.04846,-0.04312,-0.02760,-0.02107,-0.04247,-0.03472,-0.02135,-0.01709,0.08501,0.02465,-0.03797,0.05895,0.00134,-0.03954,0.03413,-0.01411,-0.03549,0.00724,-0.03418,-0.02791,-0.01814,-0.04527,-0.02825,-0.00763,-0.00174,-0.02319,-0.02574,-0.01639,-0.01905,-0.03340,-0.03085,-0.02025,-0.02819,-0.06163,-0.00414,-0.00452,0.00452,0.00381,-0.02848,-0.02396,-0.00632,-0.01407,-0.04273,-0.01437,-0.00092,-0.03175,0.01861,0.00251,0.00195,0.02017,-0.00498,-0.03060,0.00719,0.01348,-0.03848,-0.00264,0.02728,-0.02105,0.03021,0.02051,-0.00187,0.03782,0.01051,-0.02564,0.02431,0.02109,-0.04106,0.01289,0.03537,-0.02963
1155.1237,1,1,14.11,0.97,28.32,0.20434,-0.01061,0.57034,0.64787,0.56856,0.2655,0,1,0.19905,0.04546,0.08000,0.19949,0.04548,0.07986,0.10,0.00,0.56856,-0.28174,-0.33009,0.31723,1.58512,-0.00000,0.16650,-0.28198,-0.33637,0.32183,1.58528,-0.00000,-0.17000,42,0.19601,0.03606,0.07366,0.19060,0.09130,0,0.99323,0.00664,-0.00970,0.11557,Left,0,500.05,286.00,485.05,266.32,478.65,241.56,485.23,219.24,493.67,197.85,493.60,203.61,497.15,186.68,501.37,180.88,503.69,186.31,514.44,207.71,523.28,183.92,514.94,206.69,508.74,221.43,533.14,217.41,539.52,202.92,526.76,227.19,518.32,239.66,549.74,233.08,555.35,219.15,542.81,234.54,532.28,243.15,-0.00000,-0.02477,-0.03967,-0.05387,-0.06519,-0.00705,-0.03386,-0.04904,-0.05455,-0.00721,-0.03867,-0.04486,-0.03813,-0.01268,-0.04581,-0.03858,-0.02236,-0.02017,-0.04041,-0.03200,-0.01863,-0.01751,0.08528,0.02424,-0.03806,0.05906,0.00132,-0.03940,0.03368,-0.01338,-0.03624,0.00699,-0.03270,-0.02805,-0.01955,-0.04492,-0.02822,-0.00794,-0.00100,-0.02365,-0.02619,-0.01579,-0.02076,-0.03351,-0.02992,-0.02251,-0.02739,-0.05927,-0.00422,-0.00477,0.00493,0.00324,-0.02822,-0.02479,-0.00784,-0.01177,-0.04204,-0.01457,0.00190,-0.02690,0.01855,0.00281,0.00159,0.01942,-0.00529,-0.03082,0.00663,0.01281,-0.03880,-0.00242,0.02586,-0.02089,0.03018,0.02064,-0.00270,0.03650,0.01085,-0.02634,0.02281,0.02093,-0.04080,0.01169,0.03455,-0.03021
1155.1571,1,1,15.12,0.53,29.20,0.20247,-0.01088,0.56709,0.64138,0.56384,0.2914,0,1,0.20068,0.04733,0.08000,0.20029,0.04714,0.07975,0.22,0.01,0.56384,-0.28991,-0.31847,0.30717,1.58436,0.00000,0.16653,-0.28974,-0.31937,0.30560,1.58446,-0.00000,-0.17000,42,0.19683,0.03762,0.07348,0.19060,0.09130,0,0.99277,0.00661,-0.00905,0.11950,Left,0,499.36,285.96,484.38,266.40,477.63,241.83,484.32,219.90,492.05,198.35,492.51,202.92,497.39,186.16,502.67,181.31,505.40,186.99,513.31,207.07,522.46,183.24,514.45,205.98,507.93,220.66,532.16,216.81,539.36,202.85,526.88,227.74,518.01,240.93,548.55,232.39,555.75,218.96,543.13,234.72,532.04,243.87,-0.00000,-0.02708,-0.04347,-0.05867,-0.07096,-0.01163,-0.03983,-0.05590,-0.06183,-0.01103,-0.04388,-0.05101,-0.04475,-0.01569,-0.05102,-0.04520,-0.02931,-0.02236,-0.04468,-0.03708,-0.02373,-0.01780,0.08531,0.02377,-0.03816,0.05918,0.00035,-0.03945,0.03445,-0.01535,-0.03554,0.00844,-0.03546,-0.02836,-0.01792,-0.04676,-0.02803,-0.00773,-0.00201,-0.02259,-0.02557,-0.01735,-0.01835,-0.03188,-0.03181,-0.02046,-0.02601,-0.06174,-0.00425,-0.00439,0.00468,0.00381,-0.02798,-0.02419,-0.00722,-0.01187,-0.04212,-0.01479,0.00128,-0.02902,0.01848,0.00241,0.00220,0.02061,-0.00493,-0.03020,0.00735,0.01344,-0.03852,-0.00200,0.02667,-0.02114,0.02992,0.02036,-0.00188,0.03771,0.01070,-0.02524,0.02424,0.02108,-0.04066,0.01221,0.03483,-0.02931
1155.1883,1,1,14.77,0.51,27.58,0.20227,-0.01084,0.56925,0.65656,0.57140,0.2670,0,1,0.19960,0.04753,0.07996,0.19965,0.04763,0.07982,0.08,0.00,0.57140,-0.29380,-0.32432,0.31222,1.58385,-0.00000,0.16653,-0.29299,-0.32571,0.31280,1.58376,-0.00000,-0.17000,42,0.19634,0.03809,0.07357,0.19060,0.09130,0,0.99254,0.00680,-0.00979,0.12131,Left,0,498.31,284.70,482.99,265.30,476.56,240.40,483.74,218.60,491.98,197.71,491.79,203.71,495.99,184.70,500.66,180.89,502.75,187.68,511.95,207.81,521.30,182.25,513.68,204.18,507.48,219.68,530.63,217.82,537.84,201.59,525.29,225.76,516.74,240.10,547.35,233.59,554.34,217.88,542.21,232.69,531.92,242.91,-0.00000,-0.02398,-0.03888,-0.05332,-0.06509,-0.01007,-0.03745,-0.05290,-0.05817,-0.01068,-0.04195,-0.04863,-0.04239,-0.01620,-0.04996,-0.04464,-0.02939,-0.02342,-0.04446,-0.03688,-0.02381,-0.01812,0.08441,0.02475,-0.03864,0.05770,0.00196,-0.03936,0.03309,-0.01302,-0.03525,0.00670,-0.03256,-0.02709,-0.01835,-0.04441,-0.02816,-0.00831,-0.00104,-0.02274,-0.02724,-0.01628,-0.01896,-0.03323,-0.03024,-0.02161,-0.02555,-0.05924,-0.00398,-0.00474,0.00454,0.00367,-0.02893,-0.02390,-0.00686,-0.01373,-0.04205,-0.01395,0.00034,-0.02989,0.01839,0.00307,0.00149,0.01998,-0.00634,-0.02966,0.00706,0.01179,-0.03867,-0.00234,0.02630,-0.02220,0.02977,0.02121,-0.00279,0.03759,0.01003,-0.02462,0.02447,0.01899,-0.04000,0.01356,0.03373,-0.02957
1155.2210,1,1,15.17,0.54,29.41,0.20247,-0.01157,0.57189,0.66071,0.57452,0.3073,0,1,0.19828,0.04733,0.08000,0.19767,0.04718,0.07946,0.14,0.00,0.57452,-0.29462,-0.33879,0.32803,1.58478,-0.00000,0.16654,-0.29431,-0.33659,0.32293,1.58452,-0.00000,-0.17000,42,0.19439,0.03769,0.07325,0.19060,0.09130,0,0.99249,0.00666,-0.00879,0.12187,Left,0,498.64,283.89,482.93,264.76,475.96,240.26,482.73,218.38,490.81,197.59,490.70,202.56,494.61,184.25,499.55,179.63,502.46,186.32,511.08,206.59,519.38,181.30,512.26,201.87,506.67,216.77,530.04,216.20,536.74,201.12,524.19,225.40,515.61,239.69,547.13,231.44,553.63,217.29,540.89,232.47,530.09,242.44,-0.00000,-0.02472,-0.04011,-0.05489,-0.06695,-0.01008,-0.03749,-0.05315,-0.05859,-0.01014,-0.04159,-0.04883,-0.04301,-0.01516,-0.04930,-0.04462,-0.02973,-0.02196,-0.04364,-0.03684,-0.02424,-0.01620,0.08503,0.02696,-0.03790,0.05896,0.00278,-0.03930,0.03462,-0.01321,-0.03552,0.00793,-0.03439,-0.02796,-0.01709,-0.04677,-0.02859,-0.00758,-0.00228,-0.02366,-0.02683,-0.01726,-0.01959,-0.03349,-0.03197,-0.02090,-0.02562,-0.06366,-0.00418,-0.00474,0.00438,0.00275,-0.02930,-0.02408,-0.00753,-0.01463,-0.04325,-0.01446,-0.00118,-0.03297,0.01881,0.00242,0.00231,0.02001,-0.00559,-0.02980,0.00682,0.01286,-0.03821,-0.00268,0.02756,-0.02148,0.03067,0.02078,-0.00104,0.03792,0.01027,-0.02437,0.02382,0.02022,-0.04028,0.01250,0.03518,-0.02923
1155.2524,1,1,14.48,0.49,26.03,0.20261,-0.01138,0.57491,0.64808,0.57793,0.2806,0,1,0.19677,0.04719,0.07981,0.19686,0.04716,0.07967,0.15,0.01,0.57793,-0.29597,-0.34878,0.33586,1.58451,-0.00000,0.16651,-0.29611,-0.34940,0.33606,1.58423,-0.00000,-0.17000,42,0.19361,0.03766,0.07344,0.19060,0.09130,0,0.99240,0.00691,-0.00994,0.12248,Left,0,497.31,285.11,482.17,265.18,475.70,239.99,481.83,217.23,489.69,195.80,490.04,203.71,493.45,185.12,498.40,179.36,501.39,185.62,510.18,207.62,518.96,181.61,512.10,202.28,506.44,217.85,528.91,217.30,536.08,201.00,524.06,225.11,515.53,239.45,545.78,232.62,552.87,217.14,540.53,232.11,529.51,242.37,-0.00000,-0.02426,-0.03934,-0.05423,-0.06643,-0.00767,-0.03588,-0.05257,-0.05867,-0.00838,-0.04120,-0.04970,-0.04440,-0.01418,-0.04857,-0.04321,-0.02768,-0.02185,-0.04298,-0.03532,-0.02210,-0.01753,0.08540,0.01697,-0.03857,0.05870,-0.00439,-0.03951,0.03290,-0.01857,-0.03604,0.00540,-0.03582,-0.02835,-0.02068,-0.04544,-0.02868,-0.00757,-0.00152,-0.02341,-0.02701,-0.01582,-0.02005,-0.03445,-0.03046,-0.02120,-0.02701,-0.06113,-0.00432,-0.00468,0.00483,0.00328,-0.02975,-0.02290,-0.00685,-0.01512,-0.04232,-0.01329,-0.00154,-0.03175,0.01853,0.00246,0.00187,0.02067,-0.00623,-0.02994,0.00757,0.01174,-0.03921,-0.00160,0.02629,-0.02254,0.03060,0.02020,-0.00314,0.03842,0.00938,-0.02586,0.02457,0.01923,-0.04232,0.01382,0.03434,-0.03111
1155.2854,1,1,15.24,0.52,30.01,0.20044,-0.01166,0.57085,0.65709,0.56679,0.2821,0,1,0.19880,0.04936,0.08000,0.19922,0.04971,0.07991,0.22,0.01,0.56679,-0.30637,-0.32228,0.30958,1.58473,-0.00000,0.16649,-0.30451,-0.32996,0.31559,1.58503,-0.00000,-0.17000,42,0.19600,0.04007,0.07363,0.19060,0.09130,0,0.99178,0.00694,-0.00956,0.12742,Left,0,496.80,284.54,481.48,264.51,474.00,239.90,480.12,217.71,488.75,196.74,489.45,202.25,493.00,184.57,497.16,179.45,499.25,185.48,509.72,206.52,518.43,181.71,510.88,204.25,504.94,219.89,528.33,216.42,534.81,201.29,522.67,225.40,514.44,238.73,545.12,231.89,551.56,216.99,539.47,231.91,529.16,240.99,-0.00000,-0.02476,-0.04008,-0.05487,-0.06680,-0.00803,-0.03515,-0.05052,-0.05595,-0.00824,-0.04028,-0.04722,-0.04081,-0.01368,-0.04773,-0.04241,-0.02705,-0.02095,-0.04171,-0.03437,-0.02159,-0.01676,0.08558,0.02569,-0.03762,0.05852,0.00203,-0.03975,0.03404,-0.01331,-0.03691,0.00693,-0.03307,-0.02864,-0.01837,-0.04517,-0.02804,-0.00756,-0.00177,-0.02334,-0.02663,-0.01658,-0.01982,-0.03340,-0.03122,-0.02261,-0.02625,-0.06042,-0.00414,-0.00487,0.00451,0.00329,-0.02869,-0.02509,-0.00754,-0.01216,-0.04280,-0.01443,0.00140,-0.02740,0.01840,0.00258,0.00172,0.01943,-0.00532,-0.03081,0.00648,0.01279,-0.03932,-0.00223,0.02630,-0.02143,0.02992,0.02075,-0.00196,0.03731,0.01034,-0.02516,0.02352,0.01992,-0.04075,0.01332,0.03345,-0.02968
1155.3164,1,1,14.73,0.51,26.93,0.19918,-0.01163,0.57053,0.64723,0.57020,0.2921,0,1,0.19896,0.05062,0.07997,0.19886,0.05050,0.07993,0.13,0.00,0.57020,-0.31151,-0.32388,0.31101,1.58442,-0.00001,0.16651,-0.31143,-0.32429,0.31079,1.58426,-0.00000,-0.17000,42,0.19578,0.04065,0.07366,0.19060,0.09130,0,0.99153,0.00705,-0.00980,0.12934,Left,0,494.94,285.05,479.66,265.13,472.85,239.87,479.15,217.52,487.85,196.53,487.93,203.17,490.74,185.93,495.43,178.71,497.96,184.64,508.21,206.93,516.87,181.66,509.37,201.51,503.02,216.83,527.02,216.56,533.70,201.27,521.53,224.51,512.83,238.69,543.83,231.89,550.65,216.91,538.60,231.04,527.90,241.04,-0.00000,-0.02444,-0.03962,-0.05454,-0.06670,-0.00755,-0.03505,-0.05089,-0.05627,-0.00797,-0.04017,-0.04746,-0.04104,-0.01361,-0.04770,-0.04250,-0.02692,-0.02112,-0.04218,-0.03502,-0.02203,-0.01685,0.08545,0.02127,-0.03820,0.05852,-0.00085,-0.03996,0.03322,-0.01617,-0.03629,0.00626,-0.03472,-0.02770,-0.01908,-0.04631,-0.02843,-0.00741,-0.00173,-0.02410,-0.02662,-0.01591,-0.02047,-0.03491,-0.03064,-0.02267,-0.02770,-0.06234,-0.00416,-0.00467,0.00458,0.00312,-0.02918,-0.02318,-0.00723,-0.01550,-0.04233,-0.01447,-0.00234,-0.03082,0.01857,0.00244,0.00180,0.02004,-0.00600,-0.02980,0.00710,0.01158,-0.03836,-0.00237,0.02569,-0.02182,0.03007,0.02013,-0.00268,0.03817,0.00953,-0.02484,0.02434,0.01838,-0.04085,0.01369,0.03308,-0.03025
1155.3486,1,1,14.54,0.55,28.67,0.19963,-0.01194,0.57486,0.66174,0.57920,0.2819,0,1,0.19679,0.05017,0.08000,0.19588,0.04994,0.07935,0.21,0.01,0.57920,-0.31382,-0.34620,0.33563,1.58486,-0.00000,0.16652,-0.31326,-0.34115,0.32742,1.58464,-0.00000,-0.17000,42,0.19280,0.04015,0.07302,0.19060,0.09130,0,0.99136,0.00680,-0.00814,0.13071,Left,0,494.75,284.92,479.39,264.80,472.16,239.99,478.61,217.50,486.87,196.43,487.28,202.42,490.94,184.41,495.69,179.75,497.72,186.40,507.35,206.31,515.75,181.14,509.08,202.41,502.99,217.53,525.82,216.10,532.57,200.80,520.96,224.19,512.11,237.84,542.09,231.67,548.67,216.75,536.88,231.56,526.19,241.42,-0.00000,-0.02392,-0.03869,-0.05297,-0.06442,-0.00785,-0.03416,-0.04929,-0.05462,-0.00826,-0.03847,-0.04546,-0.03978,-0.01365,-0.04647,-0.04163,-0.02714,-0.02081,-0.04165,-0.03471,-0.02231,-0.01755,0.08687,0.02482,-0.03821,0.05960,0.00090,-0.04010,0.03466,-0.01499,-0.03606,0.00735,-0.03530,-0.02805,-0.01840,-0.04681,-0.02806,-0.00775,-0.00220,-0.02305,-0.02725,-0.01746,-0.01913,-0.03339,-0.03219,-0.02136,-0.02581,-0.06216,-0.00419,-0.00499,0.00433,0.00374,-0.02956,-0.02391,-0.00640,-0.01427,-0.04305,-0.01364,-0.00055,-0.03031,0.01856,0.00264,0.00210,0.02059,-0.00629,-0.02929,0.00773,0.01159,-0.03885,-0.00179,0.02584,-0.02306,0.03017,0.02094,-0.00133,0.03767,0.00988,-0.02408,0.02464,0.01952,-0.04033,0.01359,0.03438,-0.02940
1155.3961,1,1,14.59,0.54,43.73,0.19667,-0.01189,0.56888,0.65009,0.56289,0.2626,0,1,0.19979,0.05313,0.07995,0.20046,0.05283,0.07902,0.33,0.01,0.56289,-0.32170,-0.29525,0.29013,1.58370,-0.00000,0.16646,-0.32389,-0.31292,0.29964,1.58389,-0.00000,-0.17000,42,0.19740,0.04298,0.07274,0.19060,0.09130,0,0.99087,0.00651,-0.00607,0.13456,Left,0,492.75,285.01,477.71,264.61,471.00,240.64,476.54,218.37,484.48,197.71,486.21,202.15,489.53,185.54,493.08,178.39,494.25,185.12,506.74,206.54,514.58,181.88,505.93,206.15,499.98,221.71,525.51,216.11,531.25,200.29,519.16,224.48,511.62,237.53,542.53,231.88,548.23,215.85,536.02,231.55,526.09,241.34,-0.00000,-0.02386,-0.03895,-0.05356,-0.06492,-0.00678,-0.03275,-0.04546,-0.04882,-0.00727,-0.03800,-0.04118,-0.03188,-0.01314,-0.04571,-0.03599,-0.01802,-0.02104,-0.04103,-0.03145,-0.01717,-0.01598,0.08507,0.02745,-0.03762,0.05818,0.00370,-0.03924,0.03413,-0.01125,-0.03754,0.00762,-0.03106,-0.02920,-0.01912,-0.04547,-0.02832,-0.00724,-0.00092,-0.02410,-0.02648,-0.01534,-0.02081,-0.03441,-0.02960,-0.02467,-0.02682,-0.05991,-0.00400,-0.00476,0.00446,0.00276,-0.02866,-0.02460,-0.00868,-0.01078,-0.04138,-0.01545,0.00233,-0.02371,0.01866,0.00239,0.00151,0.01953,-0.00680,-0.03053,0.00641,0.01082,-0.04003,-0.00169,0.02423,-0.02250,0.03022,0.02020,-0.00240,0.03734,0.00912,-0.02490,0.02350,0.01878,-0.04124,0.01326,0.03375,-0.03099
1155.4285,1,1,14.59,0.55,28.42,0.19439,-0.01177,0.56451,0.64684,0.56015,0.2778,0,1,0.20197,0.05541,0.07983,0.20144,0.05546,0.07993,0.31,0.01,0.56015,-0.33438,-0.29002,0.27904,1.58209,0.00000,0.16651,-0.33255,-0.28864,0.27735,1.58193,-0.00000,-0.17000,42,0.19853,0.04556,0.07359,0.19060,0.09130,0,0.98996,0.00729,-0.00960,0.14087,Left,0,491.84,285.11,477.04,265.06,470.20,240.27,475.80,217.84,483.90,196.20,485.68,202.31,489.45,186.34,493.42,178.33,495.17,183.66,506.09,206.63,513.75,181.88,504.69,204.60,498.60,220.57,524.95,216.38,530.15,200.91,517.28,224.41,509.34,238.45,541.85,231.92,547.39,215.92,534.94,229.93,524.98,239.87,-0.00000,-0.02482,-0.04068,-0.05593,-0.06817,-0.00911,-0.03548,-0.04883,-0.05264,-0.00912,-0.04049,-0.04459,-0.03578,-0.01441,-0.04774,-0.04008,-0.02307,-0.02163,-0.04206,-0.03396,-0.02051,-0.01698,0.08593,0.02221,-0.03801,0.05842,0.00039,-0.03991,0.03382,-0.01395,-0.03751,0.00649,-0.03314,-0.02921,-0.02014,-0.04528,-0.02804,-0.00758,-0.00073,-0.02350,-0.02670,-0.01453,-0.01989,-0.03529,-0.02880,-0.02335,-0.02890,-0.05966,-0.00394,-0.00456,0.00467,0.00261,-0.02919,-0.02354,-0.00974,-0.01293,-0.04035,-0.01623,0.00136,-0.02522,0.01839,0.00241,0.00097,0.01858,-0.00671,-0.02990,0.00502,0.01071,-0.03827,-0.00317,0.02497,-0.02205,0.02979,0.02007,-0.00401,0.03712,0.00853,-0.02532,0.02308,0.01713,-0.04065,0.01258,0.03175,-0.03098
1155.4601,1,1,14.75,0.51,27.61,0.19223,-0.01215,0.56194,0.64417,0.55937,0.3045,0,1,0.20325,0.05757,0.08000,0.20312,0.05780,0.07940,0.22,0.01,0.55937,-0.34393,-0.26399,0.25728,1.58213,-0.00000,0.16651,-0.34178,-0.27132,0.25975,1.58224,-0.00000,-0.17000,42,0.20030,0.04785,0.07307,0.19060,0.09130,0,0.98930,0.00696,-0.00750,0.14550,Left,0,491.53,283.97,476.64,264.69,469.00,240.99,474.17,218.66,482.31,197.45,483.24,201.34,487.39,185.87,492.00,178.01,493.89,183.64,504.22,205.59,512.55,180.82,504.20,203.76,497.91,219.04,522.94,215.43,529.31,199.95,516.94,224.25,508.45,237.09,539.72,231.60,545.97,216.90,533.40,232.42,522.42,241.44,-0.00000,-0.02612,-0.04216,-0.05693,-0.06829,-0.01121,-0.03798,-0.05123,-0.05519,-0.01079,-0.04311,-0.04726,-0.03858,-0.01561,-0.04986,-0.04117,-0.02361,-0.02249,-0.04442,-0.03614,-0.02249,-0.01434,0.08485,0.02559,-0.03613,0.05815,0.00229,-0.03808,0.03469,-0.01167,-0.03681,0.00780,-0.03123,-0.02846,-0.01832,-0.04316,-0.02831,-0.00683,-0.00101,-0.02365,-0.02593,-0.01397,-0.01934,-0.03520,-0.02801,-0.02230,-0.02888,-0.05859,-0.00427,-0.00444,0.00459,0.00294,-0.02945,-0.02297,-0.00800,-0.01342,-0.03974,-0.01489,-0.00058,-0.02432,0.01847,0.00217,0.00145,0.01996,-0.00681,-0.03025,0.00690,0.01048,-0.03848,-0.00203,0.02369,-0.02141,0.03050,0.01999,-0.00281,0.03786,0.00980,-0.02503,0.02360,0.01973,-0.04051,0.01218,0.03345,-0.02969
1155.4927,1,1,15.13,0.15,29.33,0.19174,-0.01242,0.56298,0.64996,0.56403,0.2853,0,1,0.20273,0.05805,0.08000,0.20296,0.05746,0.08023,0.77,0.01,0.56403,-0.34238,-0.27350,0.26088,1.58257,0.00000,0.16652,-0.34178,-0.27132,0.25975,1.58224,-0.00000,-0.17000,42,0.20027,0.04765,0.07393,0.19060,0.09130,0,0.98934,0.00757,-0.01034,0.14505,Left,0,490.88,284.06,475.30,264.27,467.93,239.50,473.39,216.67,481.22,195.25,483.11,201.49,486.48,184.99,490.28,177.49,491.79,183.34,503.73,205.76,511.70,180.95,503.19,204.11,496.69,220.22,522.56,215.43,528.04,199.68,515.99,223.78,507.89,237.33,539.46,230.89,545.48,215.07,533.50,230.29,523.30,240.06,-0.00000,-0.02476,-0.03997,-0.05444,-0.06580,-0.00872,-0.03492,-0.04813,-0.05190,-0.00882,-0.04042,-0.04487,-0.03631,-0.01416,-0.04763,-0.03966,-0.02251,-0.02145,-0.04257,-0.03436,-0.02075,-0.01547,0.08572,0.02371,-0.03732,0.05852,0.00013,-0.03976,0.03427,-0.01382,-0.03771,0.00661,-0.03248,-0.02958,-0.02004,-0.04425,-0.02841,-0.00677,-0.00155,-0.02395,-0.02637,-0.01575,-0.02089,-0.03486,-0.03018,-0.02403,-0.02827,-0.05981,-0.00426,-0.00466,0.00464,0.00279,-0.02911,-0.02445,-0.00858,-0.01204,-0.04179,-0.01613,0.00177,-0.02479,0.01853,0.00223,0.00181,0.01942,-0.00653,-0.03056,0.00613,0.01091,-0.03937,-0.00246,0.02496,-0.02168,0.03058,0.01977,-0.00243,0.03779,0.00878,-0.02466,0.02410,0.01844,-0.04071,0.01392,0.03286,-0.02996
1155.5252,1,1,14.98,0.56,28.33,0.19138,-0.01304,0.56445,0.64707,0.56591,0.2846,0,1,0.20200,0.05842,0.08000,0.20189,0.05833,0.07973,0.12,0.00,0.56591,-0.34920,-0.27618,0.26696,1.58186,-0.00001,0.16648,-0.34887,-0.27698,0.26615,1.58167,-0.00000,-0.17000,42,0.19926,0.04838,0.07341,0.19060,0.09130,0,0.98891,0.00734,-0.00881,0.14805,Left,0,490.20,283.70,474.82,263.90,467.02,240.08,472.34,217.85,480.14,196.52,481.70,200.08,485.20,184.07,489.82,177.50,491.81,183.77,502.71,204.60,510.37,180.58,502.27,203.70,495.78,218.99,521.86,214.47,527.19,199.66,515.18,224.16,506.68,237.46,538.91,230.25,544.59,214.91,532.28,230.38,521.52,239.82,-0.00000,-0.02585,-0.04187,-0.05677,-0.06838,-0.01088,-0.03705,-0.05005,-0.05384,-0.01050,-0.04214,-0.04671,-0.03856,-0.01529,-0.04902,-0.04108,-0.02414,-0.02206,-0.04358,-0.03542,-0.02187,-0.01489,0.08539,0.02750,-0.03704,0.05881,0.00345,-0.03942,0.03461,-0.01146,-0.03715,0.00839,-0.03244,-0.02900,-0.01798,-0.04524,-0.02870,-0.00731,-0.00116,-0.02399,-0.02642,-0.01586,-0.02024,-0.03429,-0.03022,-0.02247,-0.02728,-0.06021,-0.00430,-0.00459,0.00441,0.00267,-0.02901,-0.02466,-0.00809,-0.01195,-0.04104,-0.01577,0.00139,-0.02450,0.01881,0.00234,0.00159,0.02001,-0.00613,-0.03073,0.00674,0.01128,-0.03873,-0.00242,0.02524,-0.02110,0.03123,0.02040,-0.00207,0.03816,0.00904,-0.02475,0.02402,0.01863,-0.04047,0.01303,0.03334,-0.02964
1155.5551,1,1,14.08,0.16,26.96,0.19052,-0.01319,0.56424,0.65066,0.56404,0.2735,0,1,0.20210,0.05928,0.08000,0.20197,0.05841,0.07988,0.94,0.00,0.56404,-0.34950,-0.27700,0.26679,1.58158,0.00000,0.16646,-0.34887,-0.27698,0.26615,1.58167,-0.00000,-0.17000,42,0.19921,0.04858,0.07352,0.19060,0.09130,0,0.98881,0.00749,-0.00942,0.14868,Left,0,488.90,283.77,473.76,264.43,466.53,239.45,471.52,217.04,479.47,195.94,481.48,200.74,484.87,184.21,488.17,177.43,489.49,182.38,502.18,204.87,510.04,179.90,501.72,203.61,495.93,219.34,521.07,214.72,526.74,199.15,514.55,223.66,506.85,236.67,538.22,230.39,543.88,215.32,531.80,230.30,521.94,239.20,-0.00000,-0.02439,-0.03938,-0.05363,-0.06478,-0.00882,-0.03505,-0.04845,-0.05269,-0.00926,-0.04130,-0.04634,-0.03831,-0.01480,-0.04834,-0.04059,-0.02367,-0.02223,-0.04284,-0.03459,-0.02114,-0.01593,0.08601,0.02582,-0.03731,0.05913,0.00311,-0.04022,0.03441,-0.01151,-0.03792,0.00736,-0.03210,-0.02976,-0.01870,-0.04466,-0.02833,-0.00738,-0.00097,-0.02422,-0.02673,-0.01527,-0.02151,-0.03435,-0.02934,-0.02453,-0.02899,-0.05823,-0.00418,-0.00474,0.00459,0.00263,-0.02942,-0.02417,-0.00883,-0.01258,-0.04096,-0.01529,0.00162,-0.02437,0.01862,0.00248,0.00117,0.01909,-0.00646,-0.03046,0.00613,0.01119,-0.03885,-0.00173,0.02516,-0.02104,0.03058,0.02040,-0.00289,0.03754,0.00955,-0.02548,0.02353,0.01871,-0.04043,0.01371,0.03257,-0.02979
1155.5887,1,1,14.90,0.67,30.20,0.19063,-0.01297,0.56817,0.64566,0.57210,0.2649,0,1,0.20014,0.05916,0.07978,0.19950,0.05865,0.07897,0.17,0.01,0.57210,-0.35573,-0.28959,0.28526,1.58081,-0.00000,0.16648,-0.35654,-0.28944,0.28012,1.58021,-0.00000,-0.17000,42,0.19684,0.04872,0.07254,0.19060,0.09130,0,0.98841,0.00697,-0.00650,0.15150,Left,0,487.88,284.46,472.46,264.56,465.54,238.87,470.71,215.78,478.49,194.39,479.91,202.34,483.56,185.22,488.11,177.77,489.66,183.53,500.27,205.91,508.21,179.89,501.26,200.90,495.11,216.38,519.35,215.22,525.69,198.66,513.82,223.07,504.91,237.47,536.59,230.33,543.09,214.64,530.84,229.46,519.70,239.43,-0.00000,-0.02364,-0.03871,-0.05349,-0.06539,-0.00861,-0.03541,-0.04958,-0.05393,-0.00934,-0.04100,-0.04704,-0.04000,-0.01499,-0.04872,-0.04175,-0.02531,-0.02243,-0.04370,-0.03576,-0.02235,-0.01625,0.08594,0.01909,-0.03787,0.05878,-0.00289,-0.03955,0.03370,-0.01699,-0.03731,0.00541,-0.03492,-0.02831,-0.02036,-0.04547,-0.02876,-0.00676,-0.00121,-0.02344,-0.02636,-0.01517,-0.02031,-0.03478,-0.02983,-0.02284,-0.02747,-0.06025,-0.00424,-0.00479,0.00476,0.00275,-0.02994,-0.02231,-0.00753,-0.01515,-0.04159,-0.01391,-0.00185,-0.02956,0.01869,0.00221,0.00172,0.02026,-0.00732,-0.02988,0.00688,0.01064,-0.03926,-0.00182,0.02554,-0.02295,0.03087,0.01960,-0.00403,0.03845,0.00848,-0.02536,0.02446,0.01824,-0.04173,0.01421,0.03283,-0.03139
1155.6199,1,1,14.10,0.94,27.89,0.18760,-0.01314,0.56265,0.63506,0.55713,0.3175,0,1,0.20290,0.06219,0.07995,0.20265,0.06264,0.07885,0.31,0.01,0.55713,-0.37083,-0.24890,0.24617,1.58161,-0.00000,0.16645,-0.36727,-0.26148,0.25030,1.58177,-0.00000,-0.17000,42,0.20001,0.05269,0.07238,0.19060,0.09130,0,0.98722,0.00678,-0.00517,0.15915,Left,0,486.31,284.21,471.44,263.80,464.06,239.73,468.96,217.42,476.80,196.64,477.93,200.70,481.12,185.41,485.33,177.02,487.08,181.85,499.32,204.60,507.12,180.26,498.73,203.35,492.20,218.74,518.57,214.13,524.31,199.45,511.96,223.85,503.52,236.81,535.97,230.12,541.39,215.16,528.77,230.54,517.97,239.58,-0.00000,-0.02402,-0.03853,-0.05222,-0.06263,-0.00801,-0.03327,-0.04564,-0.04924,-0.00847,-0.03985,-0.04389,-0.03524,-0.01400,-0.04730,-0.03859,-0.02122,-0.02148,-0.04244,-0.03382,-0.02014,-0.01400,0.08439,0.02733,-0.03629,0.05842,0.00367,-0.03841,0.03434,-0.01111,-0.03741,0.00738,-0.03118,-0.02845,-0.01819,-0.04415,-0.02883,-0.00653,-0.00107,-0.02454,-0.02548,-0.01530,-0.02123,-0.03493,-0.02999,-0.02436,-0.02889,-0.06147,-0.00425,-0.00471,0.00473,0.00219,-0.02930,-0.02412,-0.00878,-0.01268,-0.04161,-0.01557,0.00018,-0.02635,0.01869,0.00203,0.00155,0.01955,-0.00655,-0.03061,0.00662,0.01132,-0.03947,-0.00216,0.02453,-0.02198,0.03106,0.01969,-0.00279,0.03776,0.00941,-0.02489,0.02293,0.01929,-0.04081,0.01268,0.03307,-0.03064
1155.6525,1,1,14.74,0.53,29.20,0.18728,-0.01305,0.56516,0.63990,0.56766,0.2902,0,1,0.20165,0.06252,0.07986,0.20082,0.06208,0.07905,0.09,0.00,0.56766,-0.37160,-0.26847,0.26420,1.58083,0.00000,0.16653,-0.37187,-0.26760,0.25797,1.58048,-0.00000,-0.17000,42,0.19824,0.05207,0.07254,0.19060,0.09130,0,0.98717,0.00705,-0.00618,0.15941,Left,0,485.55,284.21,469.76,264.38,462.68,238.84,467.48,216.08,475.12,194.60,477.53,201.82,481.04,185.95,484.39,177.22,485.99,180.61,498.14,205.52,506.07,180.02,497.59,202.25,491.56,218.14,517.12,214.95,522.38,199.01,509.81,223.67,501.76,237.51,534.33,230.24,539.54,214.29,526.94,229.74,516.79,239.76,-0.00000,-0.02346,-0.03773,-0.05147,-0.06241,-0.00801,-0.03411,-0.04756,-0.05183,-0.00876,-0.04103,-0.04624,-0.03816,-0.01448,-0.04896,-0.04174,-0.02480,-0.02192,-0.04367,-0.03576,-0.02227,-0.01583,0.08559,0.01898,-0.03770,0.05864,-0.00146,-0.04012,0.03360,-0.01547,-0.03834,0.00533,-0.03321,-0.02946,-0.02050,-0.04438,-0.02852,-0.00685,-0.00030,-0.02405,-0.02602,-0.01374,-0.02110,-0.03575,-0.02848,-0.02438,-0.03098,-0.05924,-0.00413,-0.00460,0.00505,0.00243,-0.02999,-0.02260,-0.00896,-0.01447,-0.04038,-0.01515,-0.00066,-0.02575,0.01878,0.00214,0.00084,0.01908,-0.00711,-0.03028,0.00556,0.01115,-0.03849,-0.00239,0.02560,-0.02140,0.03059,0.01982,-0.00531,0.03743,0.00853,-0.02664,0.02279,0.01840,-0.04218,0.01284,0.03285,-0.03086
1155.6839,1,1,14.40,0.52,27.99,0.18557,-0.01318,0.56342,0.64357,0.56169,0.2993,0,1,0.20251,0.06423,0.07999,0.20199,0.06403,0.07948,0.15,0.00,0.56169,-0.37955,-0.25558,0.24847,1.58168,-0.00000,0.16648,-0.37901,-0.25669,0.24577,1.58164,-0.00000,-0.17000,42,0.19962,0.05400,0.07290,0.19060,0.09130,0,0.98654,0.00728,-0.00699,0.16319,Left,0,484.71,283.69,469.04,263.83,461.66,239.03,466.19,215.83,473.42,194.20,475.68,201.44,479.11,185.54,482.63,177.04,483.79,182.07,496.87,205.24,504.18,180.39,495.48,204.55,489.33,220.69,516.11,214.40,520.90,199.31,508.82,224.15,501.42,237.62,533.74,229.59,538.32,213.96,526.54,229.44,517.48,238.88,-0.00000,-0.02459,-0.03932,-0.05314,-0.06368,-0.00872,-0.03452,-0.04652,-0.04952,-0.00858,-0.04058,-0.04405,-0.03454,-0.01361,-0.04771,-0.03864,-0.02048,-0.02054,-0.04156,-0.03277,-0.01877,-0.01479,0.08526,0.02291,-0.03688,0.05866,-0.00002,-0.03884,0.03405,-0.01256,-0.03807,0.00560,-0.03053,-0.02977,-0.02191,-0.04150,-0.02886,-0.00602,-0.00057,-0.02448,-0.02564,-0.01405,-0.02167,-0.03550,-0.02860,-0.02519,-0.02879,-0.05925,-0.00434,-0.00452,0.00480,0.00167,-0.02885,-0.02433,-0.00956,-0.01141,-0.04059,-0.01637,0.00212,-0.02255,0.01883,0.00202,0.00120,0.01898,-0.00638,-0.03093,0.00618,0.01166,-0.03918,-0.00175,0.02552,-0.02048,0.03135,0.01924,-0.00392,0.03738,0.00802,-0.02551,0.02352,0.01833,-0.04091,0.01483,0.03246,-0.03020
1155.7169,1,1,15.02,0.57,29.27,0.18445,-0.01333,0.56364,0.64703,0.56385,0.3526,0,1,0.20241,0.06535,0.08000,0.20199,0.06505,0.07981,0.10,0.00,0.56385,-0.38499,-0.25526,0.24591,1.58170,-0.00000,0.16644,-0.38518,-0.25336,0.24257,1.58156,-0.00000,-0.17000,42,0.19964,0.05490,0.07323,0.19060,0.09130,0,0.98613,0.00759,-0.00802,0.16562,Left,0,483.44,282.67,466.99,263.27,459.33,238.13,463.93,216.39,470.51,195.66,475.69,201.43,479.81,184.33,481.69,177.14,481.53,180.93,495.89,205.09,503.74,178.92,495.00,199.42,488.22,215.49,514.52,214.63,520.48,197.53,507.67,222.04,498.88,237.23,531.50,229.88,537.29,213.89,524.17,229.20,513.01,240.19,-0.00000,-0.02186,-0.03552,-0.04885,-0.05957,-0.00872,-0.03508,-0.04955,-0.05450,-0.01052,-0.04280,-0.04936,-0.04264,-0.01693,-0.05139,-0.04550,-0.02962,-0.02488,-0.04726,-0.04004,-0.02702,-0.01654,0.08458,0.02218,-0.03805,0.05790,0.00156,-0.04141,0.03355,-0.01183,-0.03981,0.00672,-0.03033,-0.03236,-0.01804,-0.04174,-0.02802,-0.00690,-0.00020,-0.02340,-0.02611,-0.01440,-0.02163,-0.03459,-0.02893,-0.02692,-0.03037,-0.05971,-0.00392,-0.00456,0.00465,0.00210,-0.03019,-0.02197,-0.00954,-0.01651,-0.04075,-0.01734,-0.00289,-0.03049,0.01840,0.00220,0.00056,0.01897,-0.00776,-0.02924,0.00495,0.01041,-0.03824,-0.00362,0.02557,-0.02205,0.02962,0.01983,-0.00503,0.03687,0.00879,-0.02660,0.02175,0.01816,-0.04182,0.01056,0.03301,-0.03034
1155.7477,1,1,14.17,0.52,27.01,0.18418,-0.01328,0.56772,0.65178,0.57179,0.3457,0,1,0.20037,0.06562,0.07995,0.19986,0.06552,0.07942,0.18,0.01,0.57179,-0.39205,-0.26854,0.26172,1.58093,-0.00001,0.16644,-0.39094,-0.26730,0.25754,1.58065,-0.00000,-0.17000,42,0.19764,0.05526,0.07281,0.19060,0.09130,0,0.98560,0.00741,-0.00697,0.16881,Left,0,481.95,282.87,466.11,263.56,458.24,238.48,461.97,216.25,468.78,195.79,473.31,202.32,476.42,184.91,480.17,177.22,481.58,181.55,493.45,205.63,500.25,179.00,492.86,198.41,486.58,214.09,512.54,214.95,518.06,197.37,505.98,221.01,497.13,235.84,530.13,230.14,536.14,213.40,523.61,228.09,512.70,238.85,-0.00000,-0.02180,-0.03564,-0.04935,-0.06042,-0.00836,-0.03393,-0.04782,-0.05242,-0.01003,-0.04121,-0.04775,-0.04137,-0.01625,-0.04986,-0.04417,-0.02871,-0.02398,-0.04551,-0.03819,-0.02529,-0.01488,0.08478,0.02223,-0.03728,0.05845,0.00076,-0.04054,0.03363,-0.01336,-0.03981,0.00625,-0.03148,-0.03194,-0.01878,-0.04320,-0.02896,-0.00604,-0.00054,-0.02440,-0.02638,-0.01449,-0.02175,-0.03530,-0.02939,-0.02453,-0.02986,-0.06141,-0.00420,-0.00469,0.00448,0.00102,-0.03104,-0.02154,-0.00927,-0.01738,-0.04198,-0.01664,-0.00422,-0.03346,0.01898,0.00186,0.00124,0.01964,-0.00860,-0.02940,0.00555,0.00912,-0.03945,-0.00297,0.02430,-0.02518,0.03102,0.01941,-0.00425,0.03842,0.00740,-0.02498,0.02398,0.01636,-0.04152,0.01376,0.03169,-0.03162
1155.7805,1,1,14.34,0.51,28.54,0.18270,-0.01384,0.56766,0.65036,0.56760,0.3088,0,1,0.20040,0.06710,0.08000,0.20030,0.06720,0.07996,0.11,0.00,0.56760,-0.39996,-0.26379,0.25332,1.58127,-0.00000,0.16643,-0.39862,-0.26371,0.25289,1.58158,-0.00000,-0.17000,42,0.19809,0.05677,0.07326,0.19060,0.09130,0,0.98495,0.00784,-0.00847,0.17244,Left,0,481.30,282.48,464.89,263.63,456.64,238.55,460.26,216.14,466.91,195.47,471.51,201.02,474.49,184.71,477.66,176.90,478.94,181.23,491.99,204.33,498.95,179.43,490.78,202.01,485.02,217.89,511.14,213.46,516.28,197.61,504.22,222.59,496.55,236.20,528.88,228.42,533.35,212.97,521.32,229.13,512.17,239.12,-0.00000,-0.02240,-0.03613,-0.04934,-0.05975,-0.00786,-0.03407,-0.04770,-0.05201,-0.00917,-0.04158,-0.04710,-0.03936,-0.01531,-0.04989,-0.04268,-0.02585,-0.02303,-0.04495,-0.03673,-0.02299,-0.01357,0.08514,0.02504,-0.03609,0.05911,0.00282,-0.03975,0.03496,-0.01133,-0.04030,0.00747,-0.03078,-0.03170,-0.01801,-0.04323,-0.02895,-0.00562,-0.00052,-0.02472,-0.02509,-0.01435,-0.02259,-0.03456,-0.02923,-0.02534,-0.02850,-0.05915,-0.00435,-0.00467,0.00467,0.00085,-0.02883,-0.02343,-0.00983,-0.01264,-0.04103,-0.01613,0.00026,-0.02644,0.01913,0.00180,0.00101,0.01871,-0.00687,-0.03081,0.00544,0.01160,-0.03955,-0.00196,0.02587,-0.02150,0.03117,0.01900,-0.00475,0.03744,0.00856,-0.02666,0.02297,0.01950,-0.04224,0.01452,0.03345,-0.03089
1155.8284,1,1,14.67,0.54,43.93,0.18125,-0.01346,0.56854,0.64396,0.56943,0.3123,0,1,0.19995,0.06855,0.07962,0.19996,0.06827,0.07963,0.13,0.00,0.56943,-0.40636,-0.26274,0.25474,1.57907,0.00000,0.16643,-0.40717,-0.26254,0.25430,1.57905,-0.00000,-0.17000,42,0.19788,0.05801,0.07288,0.19060,0.09130,0,0.98432,0.00787,-0.00820,0.17605,Left,0,479.23,283.13,463.25,263.95,455.49,238.40,458.73,215.43,464.87,194.29,469.55,202.18,472.42,185.96,475.49,177.01,477.11,180.58,490.25,205.88,497.19,180.31,488.81,202.56,483.24,218.18,509.19,215.00,515.14,198.01,502.84,223.12,494.87,236.95,526.80,230.16,532.68,213.62,519.82,229.80,508.97,240.28,-0.00000,-0.02143,-0.03444,-0.04719,-0.05716,-0.00719,-0.03288,-0.04580,-0.04981,-0.00914,-0.04116,-0.04596,-0.03788,-0.01581,-0.04989,-0.04095,-0.02317,-0.02413,-0.04580,-0.03668,-0.02249,-0.01357,0.08463,0.01994,-0.03587,0.05837,-0.00019,-0.03940,0.03350,-0.01265,-0.03956,0.00505,-0.02889,-0.03148,-0.02180,-0.04052,-0.02893,-0.00616,0.00059,-0.02458,-0.02566,-0.01204,-0.02263,-0.03615,-0.02679,-0.02556,-0.03104,-0.05777,-0.00444,-0.00433,0.00507,0.00100,-0.02950,-0.02164,-0.01022,-0.01415,-0.03924,-0.01599,-0.00134,-0.02604,0.01873,0.00175,0.00063,0.01972,-0.00810,-0.02981,0.00617,0.00995,-0.03874,-0.00174,0.02456,-0.02194,0.03105,0.01922,-0.00613,0.03834,0.00800,-0.02708,0.02365,0.01839,-0.04279,0.01297,0.03317,-0.03081
1155.8610,1,1,15.26,0.51,29.13,0.17925,-0.01343,0.56729,0.64325,0.56604,0.3590,0,1,0.20058,0.07055,0.07960,0.20051,0.07069,0.07929,0.18,0.00,0.56604,-0.41776,-0.24750,0.24196,1.57863,0.00001,0.16642,-0.41618,-0.25155,0.24343,1.57884,-0.00000,-0.17000,42,0.19845,0.06035,0.07242,0.19060,0.09130,0,0.98331,0.00763,-0.00673,0.18164,Left,0,478.07,282.74,462.22,263.91,454.14,239.01,456.93,216.93,462.52,196.23,468.06,201.69,471.34,185.52,474.44,177.09,475.75,180.81,488.58,205.26,495.74,180.44,486.98,201.83,480.55,217.06,507.77,214.65,513.42,198.20,501.12,222.43,492.83,236.06,525.35,230.02,530.83,214.08,518.15,229.30,507.74,239.24,-0.00000,-0.02236,-0.03607,-0.04926,-0.05966,-0.00906,-0.03525,-0.04888,-0.05326,-0.01052,-0.04280,-0.04808,-0.04033,-0.01674,-0.05078,-0.04337,-0.02663,-0.02462,-0.04639,-0.03833,-0.02481,-0.01263,0.08412,0.02326,-0.03524,0.05782,0.00185,-0.03892,0.03378,-0.01118,-0.04013,0.00651,-0.02988,-0.03316,-0.01894,-0.04146,-0.02872,-0.00591,0.00029,-0.02415,-0.02577,-0.01344,-0.02262,-0.03608,-0.02826,-0.02516,-0.03071,-0.06007,-0.00440,-0.00436,0.00493,0.00072,-0.02958,-0.02261,-0.01058,-0.01486,-0.04088,-0.01758,-0.00192,-0.02913,0.01869,0.00186,0.00083,0.01908,-0.00789,-0.02971,0.00587,0.00995,-0.03900,-0.00247,0.02414,-0.02299,0.03134,0.01899,-0.00538,0.03775,0.00842,-0.02646,0.02317,0.01797,-0.04195,0.01324,0.03236,-0.03117
1155.8923,1,1,14.66,0.51,27.91,0.17810,-0.01313,0.56872,0.64603,0.57015,0.3607,0,1,0.19986,0.07170,0.07930,0.19992,0.07166,0.07930,0.11,0.00,0.57015,-0.42414,-0.25111,0.24567,1.57678,-0.00000,0.16641,-0.42384,-0.25233,0.24671,1.57644,-0.00000,-0.17000,42,0.19801,0.06126,0.07231,0.19060,0.09130,0,0.98276,0.00781,-0.00716,0.18459,Left,0,476.53,283.11,459.90,263.59,452.02,238.31,455.34,216.59,460.99,196.44,466.85,202.72,470.07,186.69,472.43,178.55,473.18,180.84,487.13,206.04,494.28,180.70,485.80,201.50,479.31,217.50,506.07,215.29,512.12,197.98,499.65,222.18,491.09,236.77,523.47,230.44,529.18,213.84,516.67,229.14,506.37,240.05,-0.00000,-0.02011,-0.03227,-0.04439,-0.05414,-0.00599,-0.03097,-0.04499,-0.05009,-0.00849,-0.04037,-0.04727,-0.04081,-0.01540,-0.04917,-0.04317,-0.02726,-0.02371,-0.04510,-0.03729,-0.02396,-0.01445,0.08458,0.02022,-0.03687,0.05798,0.00024,-0.04049,0.03349,-0.01233,-0.04060,0.00575,-0.02898,-0.03364,-0.01931,-0.03995,-0.02883,-0.00576,0.00044,-0.02442,-0.02509,-0.01373,-0.02278,-0.03478,-0.02800,-0.02642,-0.03148,-0.05857,-0.00432,-0.00425,0.00507,0.00096,-0.03000,-0.02158,-0.01013,-0.01579,-0.04080,-0.01737,-0.00201,-0.03159,0.01864,0.00158,0.00049,0.02000,-0.00859,-0.02934,0.00567,0.00908,-0.03945,-0.00253,0.02463,-0.02424,0.03086,0.01878,-0.00594,0.03835,0.00780,-0.02702,0.02384,0.01726,-0.04300,0.01380,0.03233,-0.03217
1155.9255,1,1,15.47,0.51,29.80,0.17579,-0.01287,0.56506,0.64548,0.56139,0.3641,0,1,0.20170,0.07401,0.07904,0.20197,0.07438,0.07867,0.27,0.01,0.56139,-0.43323,-0.22251,0.22132,1.57480,-0.00000,0.16637,-0.43153,-0.23175,0.22728,1.57513,-0.00000,-0.17000,42,0.20011,0.06395,0.07167,0.19060,0.09130,0,0.98191,0.00757,-0.00590,0.18911,Left,0,475.16,283.42,458.87,263.60,450.73,238.84,453.80,217.64,459.37,197.10,466.20,202.32,469.34,186.63,471.21,178.71,471.43,181.35,486.35,205.96,492.40,181.47,483.34,203.98,477.12,220.19,505.45,215.36,509.62,198.58,497.52,222.96,490.11,237.36,523.19,230.67,527.64,213.77,515.00,229.22,505.27,240.24,-0.00000,-0.02121,-0.03410,-0.04664,-0.05660,-0.00680,-0.03164,-0.04489,-0.04938,-0.00856,-0.03984,-0.04495,-0.03719,-0.01505,-0.04881,-0.04204,-0.02565,-0.02301,-0.04454,-0.03654,-0.02311,-0.01472,0.08437,0.02307,-0.03676,0.05748,0.00264,-0.04072,0.03364,-0.01037,-0.04130,0.00663,-0.02829,-0.03486,-0.01895,-0.04003,-0.02841,-0.00612,0.00051,-0.02473,-0.02506,-0.01457,-0.02348,-0.03447,-0.02876,-0.02765,-0.03054,-0.05913,-0.00415,-0.00431,0.00480,-0.00027,-0.02877,-0.02388,-0.01178,-0.01298,-0.04036,-0.01924,0.00073,-0.02731,0.01862,0.00173,0.00028,0.01816,-0.00769,-0.03046,0.00426,0.00980,-0.03909,-0.00327,0.02473,-0.02227,0.03069,0.01896,-0.00544,0.03732,0.00742,-0.02722,0.02246,0.01704,-0.04300,0.01274,0.03255,-0.03202
1155.9562,1,1,14.64,0.57,27.44,0.17400,-0.01240,0.56300,0.65064,0.56094,0.3603,0,1,0.20272,0.07580,0.07857,0.20240,0.07578,0.07856,0.23,0.00,0.56094,-0.43931,-0.21685,0.21657,1.57193,0.00000,0.16632,-0.43817,-0.21699,0.21575,1.57195,-0.00000,-0.17000,42,0.20057,0.06507,0.07142,0.19060,0.09130,0,0.98144,0.00778,-0.00635,0.19152,Left,0,474.55,283.64,457.63,264.15,449.64,238.79,452.65,217.40,457.93,197.13,465.24,203.16,469.00,186.80,469.46,179.71,468.30,183.23,485.29,206.68,491.51,181.74,481.52,204.43,475.60,220.36,504.09,216.11,508.70,198.82,495.69,222.88,488.49,236.41,521.65,231.44,525.72,214.90,512.82,230.24,503.60,240.38,-0.00000,-0.01951,-0.03116,-0.04274,-0.05177,-0.00501,-0.03053,-0.04409,-0.04849,-0.00745,-0.03848,-0.04309,-0.03501,-0.01465,-0.04781,-0.04046,-0.02389,-0.02326,-0.04413,-0.03575,-0.02222,-0.01446,0.08451,0.02280,-0.03675,0.05793,0.00312,-0.04080,0.03345,-0.00907,-0.04185,0.00617,-0.02667,-0.03541,-0.01974,-0.03756,-0.02810,-0.00594,0.00085,-0.02433,-0.02572,-0.01346,-0.02418,-0.03453,-0.02751,-0.02979,-0.02986,-0.05745,-0.00403,-0.00436,0.00506,-0.00022,-0.02951,-0.02334,-0.01304,-0.01354,-0.03949,-0.01955,0.00012,-0.02629,0.01864,0.00191,0.00006,0.01790,-0.00828,-0.03005,0.00336,0.00878,-0.03962,-0.00397,0.02344,-0.02223,0.03032,0.01888,-0.00621,0.03655,0.00796,-0.02774,0.02149,0.01762,-0.04289,0.01203,0.03214,-0.03181
1155.9892,1,1,15.09,0.52,29.62,0.17346,-0.01154,0.56528,0.65181,0.56757,0.3471,0,1,0.20158,0.07634,0.07770,0.20119,0.07604,0.07717,0.09,0.00,0.56757,-0.44349,-0.22016,0.22993,1.56594,-0.00000,0.16635,-0.44362,-0.22254,0.22840,1.56503,-0.00000,-0.17000,42,0.19960,0.06528,0.07012,0.19060,0.09130,0,0.98111,0.00733,-0.00434,0.19327,Left,0,473.07,284.42,456.49,265.27,448.68,238.98,451.45,216.62,456.83,195.83,464.14,204.98,467.50,187.30,467.55,180.17,465.83,184.25,483.94,208.27,490.13,181.41,480.99,201.83,474.97,218.44,502.73,217.61,507.34,198.89,494.62,222.84,486.77,237.91,520.37,232.61,524.48,214.94,511.85,230.01,502.15,241.32,-0.00000,-0.01911,-0.03071,-0.04261,-0.05218,-0.00478,-0.03063,-0.04485,-0.04946,-0.00757,-0.03889,-0.04537,-0.03859,-0.01490,-0.04815,-0.04209,-0.02615,-0.02354,-0.04438,-0.03648,-0.02315,-0.01542,0.08450,0.01616,-0.03713,0.05731,-0.00151,-0.04109,0.03198,-0.01233,-0.04215,0.00360,-0.02744,-0.03509,-0.02187,-0.03656,-0.02825,-0.00624,0.00128,-0.02458,-0.02667,-0.01245,-0.02504,-0.03541,-0.02678,-0.03146,-0.03001,-0.05696,-0.00396,-0.00457,0.00524,0.00010,-0.03120,-0.02127,-0.01259,-0.01752,-0.03994,-0.01866,-0.00293,-0.03050,0.01864,0.00213,-0.00035,0.01780,-0.00960,-0.02915,0.00327,0.00800,-0.03928,-0.00412,0.02381,-0.02412,0.03018,0.01871,-0.00764,0.03639,0.00693,-0.02807,0.02156,0.01652,-0.04327,0.01201,0.03161,-0.03253
1156.0203,1,1,14.60,0.54,27.23,0.16991,-0.01211,0.55786,0.65139,0.55044,0.3446,0,1,0.20529,0.07989,0.07828,0.20470,0.08016,0.07764,0.38,0.02,0.55044,-0.45551,-0.17886,0.18361,1.56984,-0.00001,0.16612,-0.45237,-0.18376,0.18363,1.57061,-0.00000,-0.17000,42,0.20334,0.06937,0.07065,0.19060,0.09130,0,0.97994,0.00768,-0.00538,0.19906,Left,0,472.47,283.59,455.97,264.09,447.05,239.47,449.38,217.93,454.81,197.52,461.70,202.08,465.07,187.90,466.27,180.91,465.37,183.71,482.41,205.41,488.46,182.23,479.21,206.12,473.36,221.06,501.78,214.76,506.26,199.58,493.45,224.69,485.50,237.79,519.19,230.28,523.22,215.93,509.80,232.20,499.38,242.02,-0.00000,-0.02235,-0.03570,-0.04841,-0.05846,-0.00762,-0.03310,-0.04647,-0.05105,-0.00886,-0.04001,-0.04450,-0.03647,-0.01499,-0.04951,-0.04245,-0.02597,-0.02262,-0.04508,-0.03710,-0.02363,-0.01255,0.08395,0.03062,-0.03474,0.05814,0.00772,-0.03903,0.03431,-0.00619,-0.04112,0.00744,-0.02662,-0.03521,-0.01850,-0.03959,-0.02807,-0.00570,0.00014,-0.02475,-0.02330,-0.01623,-0.02449,-0.03232,-0.02969,-0.02975,-0.02812,-0.05851,-0.00428,-0.00450,0.00440,-0.00047,-0.02746,-0.02527,-0.01252,-0.01062,-0.04081,-0.01905,0.00185,-0.02457,0.01835,0.00155,0.00075,0.01747,-0.00654,-0.03079,0.00406,0.01148,-0.03891,-0.00380,0.02507,-0.02016,0.03050,0.01873,-0.00395,0.03595,0.00931,-0.02645,0.02101,0.02031,-0.04119,0.01080,0.03463,-0.02990
1156.0523,1,1,14.38,0.55,28.68,0.16964,-0.01163,0.56070,0.65812,0.56353,0.3611,0,1,0.20388,0.08016,0.07780,0.20408,0.08019,0.07682,0.07,0.00,0.56353,-0.45713,-0.17945,0.19006,1.56713,0.00000,0.16617,-0.45711,-0.19014,0.19458,1.56643,-0.00000,-0.17000,42,0.20257,0.06933,0.06981,0.19060,0.09130,0,0.97977,0.00723,-0.00352,0.19996,Left,0,472.22,284.16,455.14,265.50,446.46,240.39,448.49,218.54,453.04,197.94,460.95,204.62,464.39,188.08,464.93,180.44,463.83,183.88,481.25,207.75,487.00,181.85,477.90,204.03,472.52,220.33,500.26,216.84,504.86,199.97,492.33,224.98,485.46,238.90,518.22,231.77,522.50,215.72,509.99,231.69,500.98,241.97,-0.00000,-0.02012,-0.03188,-0.04343,-0.05243,-0.00558,-0.03159,-0.04547,-0.04993,-0.00786,-0.04008,-0.04581,-0.03810,-0.01485,-0.04912,-0.04220,-0.02537,-0.02323,-0.04465,-0.03638,-0.02267,-0.01197,0.08455,0.02370,-0.03513,0.05897,0.00359,-0.03942,0.03418,-0.00889,-0.04183,0.00601,-0.02726,-0.03665,-0.01942,-0.03874,-0.02838,-0.00568,0.00074,-0.02499,-0.02530,-0.01344,-0.02539,-0.03484,-0.02779,-0.03107,-0.03094,-0.05817,-0.00425,-0.00449,0.00472,-0.00116,-0.03010,-0.02315,-0.01311,-0.01491,-0.03985,-0.01922,-0.00157,-0.02808,0.01874,0.00166,0.00008,0.01794,-0.00790,-0.03092,0.00348,0.01054,-0.03896,-0.00307,0.02528,-0.02082,0.03068,0.01914,-0.00615,0.03694,0.00793,-0.02760,0.02214,0.01885,-0.04313,0.01346,0.03312,-0.03127
1156.0850,1,1,14.64,0.53,28.87,0.16926,-0.01111,0.56361,0.65131,0.56652,0.3612,0,1,0.20242,0.08054,0.07728,0.19994,0.07930,0.07555,0.10,0.01,0.56652,-0.46286,-0.20772,0.22856,1.56232,0.00000,0.16624,-0.46245,-0.19987,0.20877,1.56200,-0.00000,-0.17000,42,0.19849,0.06825,0.06857,0.19060,0.09130,0,0.97930,0.00641,-0.00021,0.20234,Left,0,471.22,284.58,453.54,265.70,445.05,240.39,447.65,218.75,452.08,198.61,459.22,205.19,462.33,188.32,463.44,180.73,462.97,183.18,479.81,208.35,486.58,181.60,478.08,201.94,471.78,218.35,498.96,217.52,503.98,200.24,491.39,224.82,483.26,239.56,516.89,232.54,521.28,215.62,508.79,231.16,498.87,242.06,-0.00000,-0.01962,-0.03128,-0.04297,-0.05238,-0.00588,-0.03170,-0.04641,-0.05173,-0.00875,-0.04117,-0.04854,-0.04218,-0.01606,-0.05017,-0.04446,-0.02849,-0.02468,-0.04564,-0.03754,-0.02406,-0.01262,0.08399,0.02063,-0.03572,0.05804,0.00183,-0.03979,0.03326,-0.01085,-0.04129,0.00534,-0.02819,-0.03519,-0.01927,-0.03882,-0.02876,-0.00590,0.00108,-0.02516,-0.02595,-0.01294,-0.02526,-0.03535,-0.02748,-0.02991,-0.03137,-0.05834,-0.00433,-0.00439,0.00496,0.00027,-0.03128,-0.02146,-0.01143,-0.01783,-0.04030,-0.01840,-0.00357,-0.03253,0.01883,0.00173,-0.00013,0.01860,-0.00863,-0.02980,0.00412,0.00947,-0.03903,-0.00359,0.02558,-0.02312,0.03107,0.01889,-0.00673,0.03761,0.00713,-0.02744,0.02268,0.01727,-0.04261,0.01320,0.03252,-0.03156
1156.1164,1,1,14.63,0.52,27.75,0.16808,-0.01060,0.56329,0.64548,0.56297,0.3687,0,1,0.20258,0.08172,0.07676,0.20274,0.08196,0.07624,0.12,0.00,0.56297,-0.46904,-0.18804,0.20371,1.55857,-0.00000,0.16626,-0.46786,-0.19551,0.20741,1.55888,-0.00000,-0.17000,42,0.20138,0.07066,0.06912,0.19060,0.09130,0,0.97876,0.00750,-0.00398,0.20482,Left,0,469.81,285.73,453.31,265.67,445.19,239.57,447.44,217.00,452.04,196.01,458.73,205.01,461.12,189.23,462.84,180.12,463.79,181.21,478.85,208.69,484.69,183.64,475.25,206.55,469.86,221.60,498.20,217.95,502.98,200.54,490.19,225.44,482.95,239.03,516.02,232.97,520.31,216.24,507.59,231.87,498.57,242.03,-0.00000,-0.02180,-0.03492,-0.04779,-0.05839,-0.00688,-0.03262,-0.04632,-0.05111,-0.00863,-0.04054,-0.04521,-0.03691,-0.01526,-0.04943,-0.04146,-0.02411,-0.02350,-0.04460,-0.03571,-0.02172,-0.01263,0.08471,0.01825,-0.03552,0.05791,-0.00059,-0.03872,0.03220,-0.01238,-0.04045,0.00321,-0.02791,-0.03490,-0.02308,-0.03770,-0.02829,-0.00616,0.00130,-0.02535,-0.02551,-0.01339,-0.02467,-0.03583,-0.02805,-0.02805,-0.03280,-0.05840,-0.00436,-0.00430,0.00529,-0.00068,-0.02923,-0.02321,-0.01351,-0.01323,-0.03991,-0.01950,0.00036,-0.02680,0.01856,0.00193,0.00010,0.01771,-0.00808,-0.03077,0.00368,0.00956,-0.03922,-0.00373,0.02503,-0.02199,0.03082,0.01900,-0.00682,0.03703,0.00746,-0.02812,0.02198,0.01788,-0.04295,0.01374,0.03247,-0.03162
1156.1491,1,1,14.88,0.56,29.70,0.16577,-0.01038,0.55837,0.63074,0.55344,0.3440,0,1,0.20504,0.08403,0.07654,0.20546,0.08416,0.07636,0.31,0.01,0.55344,-0.47295,-0.16179,0.17523,1.55838,-0.00001,0.16630,-0.47308,-0.16943,0.18106,1.55898,-0.00000,-0.17000,42,0.20433,0.07280,0.06914,0.19060,0.09130,0,0.97840,0.00783,-0.00517,0.20651,Left,0,469.02,285.32,451.69,264.73,443.48,239.46,446.21,218.06,451.51,197.77,457.14,205.15,460.47,189.89,461.93,180.83,461.73,182.25,478.27,208.27,483.88,182.05,475.54,202.56,469.49,219.92,497.95,217.50,501.67,200.05,489.17,224.79,480.95,240.86,516.08,232.89,519.30,215.77,506.60,230.97,496.63,242.58,-0.00000,-0.01968,-0.03158,-0.04365,-0.05354,-0.00469,-0.03108,-0.04685,-0.05301,-0.00772,-0.04107,-0.04901,-0.04279,-0.01531,-0.05014,-0.04411,-0.02761,-0.02430,-0.04581,-0.03757,-0.02377,-0.01279,0.08326,0.01643,-0.03571,0.05717,-0.00187,-0.03975,0.03212,-0.01303,-0.04073,0.00444,-0.02932,-0.03449,-0.02020,-0.04008,-0.02910,-0.00605,0.00127,-0.02563,-0.02446,-0.01296,-0.02476,-0.03471,-0.02734,-0.02990,-0.03221,-0.05840,-0.00416,-0.00395,0.00565,-0.00080,-0.03088,-0.02079,-0.01327,-0.01721,-0.03958,-0.01930,-0.00232,-0.03224,0.01878,0.00148,-0.00033,0.01764,-0.00893,-0.02986,0.00335,0.00901,-0.03894,-0.00440,0.02625,-0.02479,0.03050,0.01841,-0.00773,0.03683,0.00683,-0.02865,0.02146,0.01626,-0.04381,0.01178,0.03151,-0.03312
1156.1801,1,1,14.50,0.55,26.47,0.16433,-0.01069,0.55652,0.64173,0.55467,0.3662,0,1,0.20596,0.08547,0.07685,0.20611,0.08568,0.07692,0.15,0.01,0.55467,-0.47859,-0.15330,0.16211,1.56107,-0.00001,0.16613,-0.47767,-0.15527,0.16425,1.56170,-0.00000,-0.17000,42,0.20528,0.07417,0.06967,0.19060,0.09130,0,0.97793,0.00838,-0.00676,0.20867,Left,0,467.41,284.80,450.59,264.34,442.44,239.29,444.81,218.13,448.91,197.67,456.92,204.23,460.32,188.62,459.87,181.00,458.14,183.14,477.48,207.42,482.75,181.95,473.04,204.92,467.68,221.29,496.97,216.64,500.43,199.38,487.48,224.94,480.66,239.50,515.04,231.96,517.74,214.71,505.18,230.81,497.04,241.64,-0.00000,-0.01935,-0.03132,-0.04355,-0.05365,-0.00409,-0.03088,-0.04601,-0.05142,-0.00722,-0.03976,-0.04576,-0.03820,-0.01517,-0.04956,-0.04230,-0.02515,-0.02453,-0.04523,-0.03605,-0.02178,-0.01339,0.08425,0.02082,-0.03588,0.05758,0.00241,-0.03957,0.03310,-0.00928,-0.04191,0.00504,-0.02697,-0.03671,-0.01985,-0.03820,-0.02815,-0.00599,0.00208,-0.02525,-0.02481,-0.01310,-0.02652,-0.03405,-0.02802,-0.03295,-0.03035,-0.05900,-0.00404,-0.00429,0.00547,-0.00159,-0.02988,-0.02308,-0.01459,-0.01393,-0.03985,-0.02041,-0.00010,-0.02909,0.01876,0.00175,-0.00073,0.01665,-0.00825,-0.03078,0.00235,0.00999,-0.03892,-0.00430,0.02587,-0.02264,0.03033,0.01905,-0.00825,0.03544,0.00723,-0.02908,0.02062,0.01769,-0.04348,0.01277,0.03221,-0.03219
1156.2128,1,1,14.97,0.59,29.50,0.16314,-0.01057,0.55746,0.64112,0.55839,0.3548,0,1,0.20550,0.08666,0.07673,0.20533,0.08646,0.07646,0.10,0.00,0.55839,-0.48416,-0.15203,0.16388,1.56115,-0.00001,0.16613,-0.48427,-0.15322,0.16313,1.56087,-0.00000,-0.17000,42,0.20457,0.07482,0.06909,0.19060,0.09130,0,0.97740,0.00786,-0.00466,0.21118,Left,0,466.63,284.59,449.62,264.29,441.18,239.04,443.26,217.51,447.28,197.16,454.64,205.07,457.82,188.48,458.25,180.38,457.55,182.27,475.21,208.26,481.49,181.62,472.41,202.89,466.80,219.44,494.56,217.49,499.47,199.33,486.79,224.38,479.27,239.31,512.67,232.71,517.20,215.33,504.26,231.02,494.35,242.00,-0.00000,-0.01912,-0.03047,-0.04208,-0.05141,-0.00440,-0.03068,-0.04571,-0.05130,-0.00758,-0.04030,-0.04708,-0.04024,-0.01536,-0.04984,-0.04306,-0.02633,-0.02452,-0.04580,-0.03719,-0.02336,-0.01217,0.08314,0.01916,-0.03523,0.05682,0.00055,-0.03898,0.03229,-0.01053,-0.04142,0.00394,-0.02768,-0.03596,-0.02072,-0.03800,-0.02843,-0.00579,0.00171,-0.02527,-0.02545,-0.01273,-0.02596,-0.03542,-0.02739,-0.03111,-0.03176,-0.05755,-0.00424,-0.00426,0.00528,-0.00062,-0.03102,-0.02150,-0.01293,-0.01671,-0.03921,-0.01912,-0.00310,-0.03027,0.01874,0.00179,-0.00045,0.01797,-0.00909,-0.02999,0.00373,0.00890,-0.03853,-0.00357,0.02514,-0.02221,0.03065,0.01894,-0.00786,0.03732,0.00697,-0.02820,0.02242,0.01686,-0.04296,0.01260,0.03173,-0.03138
1156.2602,1,1,13.97,0.52,44.01,0.15960,-0.01089,0.54964,0.62369,0.54182,0.3512,0,1,0.20940,0.09020,0.07705,0.20975,0.09003,0.07511,0.40,0.02,0.54182,-0.48987,-0.09210,0.10699,1.56653,-0.00000,0.16597,-0.49121,-0.11222,0.11523,1.56743,-0.00000,-0.17000,42,0.20883,0.07836,0.06780,0.19060,0.09130,0,0.97675,0.00679,-0.00046,0.21427,Left,0,465.24,285.54,448.74,264.54,440.34,240.27,442.09,218.86,446.06,198.12,452.53,203.22,455.46,189.20,456.62,179.63,456.30,181.51,474.16,206.45,479.34,181.60,470.29,205.64,465.15,222.13,493.86,215.64,497.70,199.51,485.17,225.11,478.58,238.43,512.46,231.86,515.62,215.08,503.26,231.53,494.73,241.28,-0.00000,-0.01863,-0.02940,-0.04028,-0.04850,-0.00174,-0.02663,-0.03955,-0.04387,-0.00509,-0.03735,-0.04151,-0.03245,-0.01334,-0.04693,-0.03676,-0.01794,-0.02317,-0.04317,-0.03267,-0.01773,-0.00981,0.08353,0.02355,-0.03291,0.05811,0.00481,-0.03656,0.03410,-0.00617,-0.04009,0.00627,-0.02409,-0.03441,-0.01937,-0.03665,-0.02849,-0.00553,0.00286,-0.02599,-0.02397,-0.01068,-0.02546,-0.03464,-0.02450,-0.03051,-0.03231,-0.05502,-0.00431,-0.00404,0.00558,-0.00192,-0.02980,-0.02234,-0.01363,-0.01321,-0.03713,-0.01899,-0.00021,-0.02337,0.01848,0.00146,-0.00109,0.01728,-0.00807,-0.03123,0.00377,0.00943,-0.03853,-0.00266,0.02404,-0.02012,0.03073,0.01861,-0.00839,0.03649,0.00766,-0.02899,0.02194,0.01797,-0.04251,0.01381,0.03164,-0.03118
1156.2932,1,1,14.80,0.55,29.63,0.15870,-0.01143,0.55014,0.62683,0.55065,0.3555,0,1,0.20915,0.09110,0.07759,0.20926,0.09101,0.07791,0.07,0.00,0.55065,-0.49556,-0.10960,0.10703,1.57071,-0.00001,0.16606,-0.49594,-0.10680,0.10609,1.57144,-0.00000,-0.17000,42,0.20878,0.07935,0.07050,0.19060,0.09130,0,0.97617,0.00890,-0.00753,0.21670,Left,0,465.61,285.19,448.32,264.43,439.11,239.37,440.48,217.86,444.48,197.35,451.89,202.94,454.18,188.25,455.06,180.29,455.55,181.35,473.03,205.88,478.77,180.81,469.62,204.95,464.64,221.44,492.71,214.99,496.81,198.88,484.48,225.44,477.82,239.47,510.89,230.75,514.16,214.31,501.61,231.85,492.69,242.47,-0.00000,-0.01899,-0.02972,-0.04047,-0.04894,-0.00239,-0.02764,-0.04157,-0.04674,-0.00563,-0.03832,-0.04374,-0.03549,-0.01365,-0.04875,-0.04078,-0.02293,-0.02301,-0.04452,-0.03491,-0.02019,-0.00976,0.08452,0.02081,-0.03328,0.05843,0.00238,-0.03766,0.03410,-0.00864,-0.04125,0.00609,-0.02574,-0.03593,-0.01885,-0.03754,-0.02835,-0.00563,0.00257,-0.02656,-0.02376,-0.01230,-0.02639,-0.03334,-0.02643,-0.03082,-0.03125,-0.05627,-0.00423,-0.00412,0.00568,-0.00146,-0.02957,-0.02243,-0.01347,-0.01320,-0.03845,-0.01945,0.00028,-0.02602,0.01864,0.00150,-0.00086,0.01724,-0.00772,-0.03102,0.00391,0.01098,-0.03856,-0.00270,0.02647,-0.02067,0.03070,0.01877,-0.00826,0.03628,0.00761,-0.02976,0.02173,0.01926,-0.04397,0.01284,0.03349,-0.03161
1156.3240,1,1,14.47,0.60,27.30,0.15904,-0.01154,0.55459,0.63919,0.55903,0.3843,0,1,0.20693,0.09076,0.07770,0.20630,0.09059,0.07760,0.20,0.01,0.55903,-0.50102,-0.12910,0.13059,1.57033,-0.00001,0.16602,-0.49989,-0.12344,0.12454,1.56984,-0.00000,-0.17000,42,0.20582,0.07866,0.07004,0.19060,0.09130,0,0.97570,0.00820,-0.00500,0.21891,Left,0,464.86,284.98,447.73,264.42,438.27,239.50,439.67,217.70,443.36,196.88,451.32,203.40,453.36,188.48,455.36,180.52,456.99,181.11,472.25,206.60,478.08,181.14,469.72,204.31,464.68,220.05,491.86,215.81,496.70,198.82,484.15,225.04,476.44,239.47,509.81,231.45,513.01,214.90,500.36,232.33,490.89,243.55,-0.00000,-0.02004,-0.03199,-0.04379,-0.05343,-0.00556,-0.03067,-0.04458,-0.05000,-0.00851,-0.04072,-0.04663,-0.03938,-0.01600,-0.05096,-0.04362,-0.02657,-0.02481,-0.04677,-0.03766,-0.02341,-0.01086,0.08441,0.02211,-0.03403,0.05824,0.00267,-0.03808,0.03324,-0.00891,-0.04120,0.00523,-0.02626,-0.03693,-0.01975,-0.03740,-0.02832,-0.00636,0.00243,-0.02623,-0.02444,-0.01330,-0.02572,-0.03421,-0.02786,-0.02876,-0.03160,-0.05802,-0.00419,-0.00452,0.00513,-0.00097,-0.02994,-0.02241,-0.01270,-0.01417,-0.03942,-0.01891,-0.00015,-0.02777,0.01848,0.00196,-0.00065,0.01766,-0.00809,-0.03062,0.00393,0.01063,-0.03867,-0.00368,0.02673,-0.02098,0.03075,0.01997,-0.00747,0.03602,0.00802,-0.02876,0.02170,0.01965,-0.04273,0.01228,0.03488,-0.03037
1156.3562,1,1,14.58,0.16,29.11,0.15855,-0.01121,0.55484,0.63457,0.55509,0.3671,0,1,0.20680,0.09125,0.07737,0.20722,0.09089,0.07759,0.59,0.01,0.55509,-0.50006,-0.12264,0.12366,1.56950,-0.00000,0.16536,-0.49989,-0.12344,0.12454,1.56984,-0.00000,-0.17000,42,0.20652,0.07895,0.06991,0.19060,0.09130,0,0.97581,0.00832,-0.00540,0.21842,Left,0,464.58,285.64,447.12,264.46,437.73,239.21,439.17,217.63,442.61,196.79,451.26,203.97,453.23,189.45,453.81,180.42,454.13,180.66,472.12,207.23,477.67,181.49,468.16,205.39,463.39,222.36,491.56,216.53,495.56,199.04,482.74,225.05,476.56,239.38,509.60,232.31,512.29,214.93,499.75,232.05,491.60,243.16,-0.00000,-0.01794,-0.02879,-0.04010,-0.04942,-0.00183,-0.02753,-0.04205,-0.04760,-0.00598,-0.03905,-0.04471,-0.03665,-0.01485,-0.04966,-0.04104,-0.02285,-0.02503,-0.04587,-0.03558,-0.02050,-0.01030,0.08430,0.02073,-0.03391,0.05816,0.00307,-0.03804,0.03289,-0.00713,-0.04186,0.00459,-0.02362,-0.03738,-0.02072,-0.03534,-0.02796,-0.00651,0.00361,-0.02675,-0.02401,-0.01149,-0.02694,-0.03392,-0.02567,-0.03194,-0.03287,-0.05512,-0.00386,-0.00434,0.00537,-0.00182,-0.03007,-0.02168,-0.01464,-0.01378,-0.03713,-0.02013,0.00066,-0.02463,0.01824,0.00198,-0.00146,0.01626,-0.00813,-0.03127,0.00190,0.01017,-0.03868,-0.00366,0.02595,-0.02022,0.03005,0.01975,-0.00918,0.03516,0.00760,-0.03017,0.02054,0.01871,-0.04339,0.01236,0.03353,-0.03126
1156.3884,1,1,14.66,0.56,28.79,0.15655,-0.01101,0.54992,0.63279,0.54500,0.3029,0,1,0.20926,0.09325,0.07718,0.20974,0.09330,0.07693,0.29,0.01,0.54500,-0.50475,-0.09142,0.09350,1.56985,0.00000,0.16565,-0.50540,-0.09923,0.09960,1.57024,-0.00000,-0.17000,42,0.20929,0.08136,0.06927,0.19060,0.09130,0,0.97537,0.00817,-0.00486,0.22036,Left,0,464.18,286.87,447.29,266.79,437.65,242.00,438.44,219.23,442.46,198.12,449.80,203.41,452.68,189.22,453.01,180.95,452.75,183.74,471.46,206.73,477.27,181.98,467.61,208.03,463.24,223.97,491.18,215.89,495.69,199.37,482.72,226.02,476.36,239.22,509.26,232.07,511.92,215.44,499.54,233.31,491.34,243.60,-0.00000,-0.02014,-0.03179,-0.04324,-0.05192,-0.00317,-0.02778,-0.03929,-0.04255,-0.00581,-0.03692,-0.03899,-0.02855,-0.01353,-0.04686,-0.03527,-0.01561,-0.02289,-0.04337,-0.03229,-0.01683,-0.00874,0.08531,0.02434,-0.03221,0.05987,0.00508,-0.03627,0.03487,-0.00583,-0.04068,0.00674,-0.02359,-0.03518,-0.02033,-0.03619,-0.02799,-0.00581,0.00330,-0.02632,-0.02422,-0.01089,-0.02599,-0.03393,-0.02420,-0.03118,-0.03032,-0.05264,-0.00431,-0.00443,0.00517,-0.00110,-0.02949,-0.02212,-0.01328,-0.01155,-0.03622,-0.01798,0.00225,-0.01919,0.01806,0.00164,-0.00099,0.01758,-0.00849,-0.03121,0.00415,0.00964,-0.03860,-0.00203,0.02459,-0.01901,0.03082,0.01925,-0.00798,0.03601,0.00769,-0.02889,0.02187,0.01942,-0.04217,0.01349,0.03389,-0.03036
1156.4210,1,1,14.48,0.78,29.33,0.15460,-0.01104,0.54459,0.62444,0.53926,0.3288,0,1,0.21193,0.09519,0.07720,0.21194,0.09529,0.07548,0.30,0.01,0.53926,-0.50816,-0.05444,0.06120,1.57374,-0.00001,0.16505,-0.50767,-0.07071,0.06715,1.57410,-0.00000,-0.17000,42,0.21161,0.08326,0.06782,0.19060,0.09130,0,0.97517,0.00717,-0.00130,0.22134,Left,0,462.75,287.34,446.02,265.60,436.53,240.56,437.73,219.00,441.48,198.02,450.35,202.42,453.38,189.54,452.56,182.32,450.82,183.75,471.61,205.84,477.57,182.58,467.20,209.24,462.07,224.76,491.16,215.44,495.67,199.42,482.22,226.40,475.20,239.76,508.63,232.09,511.27,216.57,498.37,234.23,489.72,244.27,-0.00000,-0.01927,-0.03066,-0.04223,-0.05143,-0.00179,-0.02700,-0.04030,-0.04504,-0.00522,-0.03653,-0.03969,-0.03022,-0.01376,-0.04775,-0.03774,-0.01907,-0.02382,-0.04476,-0.03429,-0.01918,-0.01104,0.08542,0.02525,-0.03357,0.05895,0.00597,-0.03757,0.03434,-0.00602,-0.04153,0.00712,-0.02400,-0.03669,-0.01920,-0.03641,-0.02730,-0.00623,0.00335,-0.02592,-0.02295,-0.01317,-0.02679,-0.03161,-0.02674,-0.03400,-0.02927,-0.05455,-0.00384,-0.00449,0.00537,-0.00119,-0.02804,-0.02355,-0.01452,-0.00961,-0.03799,-0.02020,0.00410,-0.02111,0.01798,0.00190,-0.00118,0.01646,-0.00747,-0.03153,0.00287,0.01127,-0.03877,-0.00414,0.02619,-0.01977,0.02964,0.01983,-0.00793,0.03418,0.00918,-0.02945,0.01984,0.02080,-0.04251,0.01081,0.03485,-0.03052
1156.4541,1,1,15.24,1.13,29.08,0.15249,-0.01058,0.53995,0.61579,0.53532,0.2922,0,1,0.21425,0.09730,0.07674,0.21455,0.09738,0.07703,0.31,0.01,0.53532,-0.51095,-0.04121,0.03523,1.57480,-0.00000,0.16426,-0.51118,-0.04390,0.03930,1.57518,-0.00000,-0.17000,42,0.21425,0.08519,0.06926,0.19060,0.09130,0,0.97502,0.00869,-0.00660,0.22186,Left,0,461.46,288.63,445.08,266.98,436.19,242.26,437.25,219.71,442.00,198.99,448.24,203.34,450.89,190.62,451.83,181.28,452.28,184.37,470.29,206.75,475.92,182.96,465.92,209.83,461.20,226.57,490.17,215.96,494.46,199.74,481.53,226.55,475.10,240.43,508.36,232.95,510.95,216.40,498.71,234.08,490.67,244.52,-0.00000,-0.01866,-0.02991,-0.04148,-0.05024,0.00031,-0.02462,-0.03680,-0.04045,-0.00332,-0.03485,-0.03664,-0.02564,-0.01221,-0.04533,-0.03201,-0.01109,-0.02284,-0.04255,-0.03011,-0.01368,-0.00897,0.08507,0.02458,-0.03238,0.05937,0.00498,-0.03572,0.03446,-0.00590,-0.04038,0.00665,-0.02284,-0.03377,-0.02069,-0.03694,-0.02811,-0.00569,0.00363,-0.02683,-0.02313,-0.01103,-0.02578,-0.03310,-0.02487,-0.03066,-0.02985,-0.05320,-0.00445,-0.00433,0.00562,-0.00107,-0.02941,-0.02169,-0.01389,-0.01033,-0.03597,-0.01876,0.00348,-0.01910,0.01812,0.00163,-0.00128,0.01732,-0.00839,-0.03101,0.00409,0.00949,-0.03881,-0.00172,0.02491,-0.02034,0.03063,0.01895,-0.00783,0.03574,0.00762,-0.02874,0.02168,0.01868,-0.04174,0.01364,0.03325,-0.03130
1156.4843,1,1,14.38,0.52,26.39,0.15207,-0.00991,0.54044,0.62498,0.54092,0.2738,0,1,0.21401,0.09773,0.07607,0.21373,0.09763,0.07571,0.09,0.00,0.54092,-0.51400,-0.03979,0.04294,1.57073,-0.00000,0.16399,-0.51365,-0.04192,0.04249,1.57025,-0.00000,-0.17000,42,0.21341,0.08523,0.06795,0.19060,0.09130,0,0.97481,0.00787,-0.00343,0.22289,Left,0,461.83,289.21,445.45,267.31,435.76,242.77,436.38,220.76,440.83,199.64,448.26,205.04,450.53,191.53,450.27,183.89,449.86,185.63,469.84,207.78,475.75,182.83,465.70,209.00,461.16,225.29,489.57,217.02,493.67,200.50,480.59,227.67,474.29,241.58,507.36,233.62,509.39,217.62,496.96,235.43,489.01,245.79,-0.00000,-0.01841,-0.02957,-0.04119,-0.05031,-0.00045,-0.02586,-0.03922,-0.04396,-0.00446,-0.03686,-0.04064,-0.03114,-0.01351,-0.04790,-0.03716,-0.01762,-0.02404,-0.04457,-0.03331,-0.01752,-0.00957,0.08541,0.02545,-0.03256,0.05952,0.00679,-0.03621,0.03431,-0.00490,-0.04119,0.00636,-0.02284,-0.03522,-0.01981,-0.03622,-0.02759,-0.00640,0.00390,-0.02739,-0.02293,-0.01155,-0.02723,-0.03202,-0.02436,-0.03306,-0.02944,-0.05072,-0.00405,-0.00447,0.00537,-0.00127,-0.02975,-0.02123,-0.01398,-0.01220,-0.03610,-0.01858,0.00156,-0.02030,0.01799,0.00185,-0.00154,0.01644,-0.00863,-0.03087,0.00335,0.00997,-0.03833,-0.00244,0.02549,-0.01975,0.02975,0.01940,-0.00841,0.03444,0.00828,-0.02891,0.02049,0.01985,-0.04185,0.01233,0.03417,-0.03087
1156.5173,1,1,15.05,0.56,28.98,0.15120,-0.00976,0.53915,0.62954,0.53786,0.2695,0,1,0.21465,0.09860,0.07593,0.21437,0.09843,0.07579,0.11,0.00,0.53786,-0.51591,-0.03417,0.03586,1.57022,-0.00000,0.16376,-0.51584,-0.03362,0.03391,1.57044,-0.00000,-0.17000,42,0.21414,0.08607,0.06797,0.19060,0.09130,0,0.97461,0.00830,-0.00444,0.22372,Left,0,460.38,289.58,444.57,267.83,434.59,243.25,434.98,221.06,439.39,199.60,448.28,204.61,452.03,191.64,450.53,185.50,447.90,189.73,469.77,207.25,475.72,183.63,465.61,210.86,460.96,227.00,489.29,216.22,493.41,200.93,480.38,227.97,474.22,241.35,506.86,232.79,508.83,218.28,496.29,236.03,488.45,245.76,-0.00000,-0.01892,-0.03059,-0.04269,-0.05202,-0.00005,-0.02614,-0.03966,-0.04402,-0.00367,-0.03453,-0.03710,-0.02719,-0.01267,-0.04574,-0.03447,-0.01520,-0.02334,-0.04271,-0.03116,-0.01560,-0.01091,0.08664,0.02661,-0.03287,0.06039,0.00634,-0.03679,0.03568,-0.00534,-0.04272,0.00784,-0.02321,-0.03744,-0.01942,-0.03681,-0.02713,-0.00600,0.00381,-0.02604,-0.02207,-0.01235,-0.02701,-0.02989,-0.02624,-0.03548,-0.02455,-0.05290,-0.00393,-0.00478,0.00534,-0.00114,-0.02828,-0.02266,-0.01425,-0.00936,-0.03836,-0.01891,0.00432,-0.02148,0.01786,0.00169,-0.00121,0.01606,-0.00777,-0.03157,0.00336,0.01150,-0.03975,-0.00237,0.02639,-0.02119,0.02944,0.01918,-0.00824,0.03348,0.00936,-0.02934,0.02049,0.02173,-0.04241,0.01200,0.03563,-0.03168
1156.5479,1,1,14.35,0.49,26.72,0.15053,-0.00939,0.53806,0.62920,0.53696,0.3084,0,1,0.21520,0.09927,0.07555,0.21508,0.09927,0.07531,0.11,0.00,0.53696,-0.51778,-0.02475,0.02827,1.56866,0.00000,0.16328,-0.51741,-0.02655,0.02826,1.56904,-0.00000,-0.17000,42,0.21477,0.08684,0.06739,0.19060,0.09130,0,0.97444,0.00831,-0.00406,0.22447,Left,0,461.40,289.83,444.74,268.20,434.21,243.55,434.68,221.18,438.96,200.24,447.49,205.46,450.63,192.32,449.65,186.04,447.38,189.47,468.98,208.04,474.60,184.54,464.87,211.60,460.47,226.72,488.91,216.97,492.42,201.49,479.67,228.62,473.60,241.77,506.70,233.21,508.40,218.88,495.76,237.03,487.78,246.98,-0.00000,-0.02004,-0.03251,-0.04505,-0.05489,-0.00293,-0.02843,-0.04120,-0.04532,-0.00581,-0.03576,-0.03755,-0.02752,-0.01391,-0.04700,-0.03570,-0.01663,-0.02364,-0.04397,-0.03271,-0.01729,-0.00979,0.08551,0.02869,-0.03261,0.06013,0.00793,-0.03654,0.03539,-0.00471,-0.04188,0.00741,-0.02234,-0.03666,-0.01924,-0.03564,-0.02736,-0.00580,0.00295,-0.02668,-0.02207,-0.01415,-0.02694,-0.02958,-0.02813,-0.03466,-0.02510,-0.05417,-0.00417,-0.00447,0.00490,-0.00124,-0.02773,-0.02439,-0.01400,-0.00868,-0.03902,-0.01900,0.00405,-0.02093,0.01806,0.00158,-0.00066,0.01596,-0.00771,-0.03226,0.00327,0.01128,-0.03991,-0.00243,0.02610,-0.02003,0.03012,0.01900,-0.00674,0.03416,0.00902,-0.02857,0.02041,0.02173,-0.04211,0.01219,0.03603,-0.03018
1156.5812,1,1,14.95,0.54,29.58,0.15098,-0.00891,0.54189,0.63299,0.54572,0.3142,0,1,0.21328,0.09882,0.07507,0.21208,0.09819,0.07439,0.12,0.01,0.54572,-0.52052,-0.04623,0.06002,1.56308,0.00000,0.16309,-0.52011,-0.04153,0.05030,1.56220,-0.00000,-0.17000,42,0.21181,0.08571,0.06644,0.19060,0.09130,0,0.97412,0.00775,-0.00143,0.22589,Left,0,460.54,289.39,444.13,267.49,433.68,244.14,433.88,223.05,437.71,202.47,447.18,206.50,449.61,193.12,448.07,186.39,446.09,188.95,468.28,208.92,473.86,184.16,463.87,209.78,459.40,225.69,487.66,217.91,491.84,201.23,479.07,227.64,473.26,241.04,505.27,234.45,507.67,218.06,495.34,235.77,487.70,246.10,-0.00000,-0.01727,-0.02817,-0.03969,-0.04885,-0.00021,-0.02499,-0.03788,-0.04226,-0.00474,-0.03536,-0.03839,-0.02893,-0.01421,-0.04708,-0.03648,-0.01768,-0.02510,-0.04434,-0.03269,-0.01708,-0.00943,0.08475,0.02810,-0.03225,0.05920,0.00839,-0.03715,0.03512,-0.00352,-0.04275,0.00838,-0.02137,-0.03749,-0.01749,-0.03583,-0.02744,-0.00609,0.00367,-0.02739,-0.02222,-0.01261,-0.02812,-0.03037,-0.02635,-0.03615,-0.02719,-0.05320,-0.00393,-0.00451,0.00514,-0.00165,-0.02974,-0.02219,-0.01495,-0.01192,-0.03818,-0.01939,0.00129,-0.02235,0.01792,0.00155,-0.00150,0.01616,-0.00894,-0.03104,0.00289,0.00994,-0.03887,-0.00230,0.02467,-0.02100,0.02962,0.01922,-0.00782,0.03433,0.00797,-0.02876,0.02060,0.01922,-0.04180,0.01225,0.03397,-0.03066
1156.6119,1,1,14.68,0.16,26.81,0.15066,-0.00882,0.54279,0.62525,0.54369,0.3216,0,1,0.21283,0.09913,0.07499,0.21365,0.09904,0.07538,0.63,0.01,0.54369,-0.52031,-0.04245,0.04895,1.56169,0.00000,0.16247,-0.52011,-0.04153,0.05030,1.56220,-0.00000,-0.17000,42,0.21336,0.08659,0.06733,0.19060,0.09130,0,0.97411,0.00928,-0.00585,0.22579,Left,0,459.91,289.71,443.72,267.74,433.34,243.47,433.65,221.48,437.54,200.09,446.65,206.09,448.71,193.08,447.92,185.19,446.97,187.38,467.60,208.63,472.79,184.06,463.28,210.46,459.29,226.77,487.19,217.44,491.14,200.62,478.82,227.74,473.06,241.75,505.02,233.61,507.64,217.00,495.36,234.89,487.38,245.57,-0.00000,-0.01889,-0.03062,-0.04272,-0.05242,-0.00099,-0.02592,-0.03861,-0.04278,-0.00462,-0.03561,-0.03821,-0.02819,-0.01336,-0.04706,-0.03607,-0.01666,-0.02364,-0.04373,-0.03220,-0.01647,-0.00965,0.08567,0.02352,-0.03216,0.05950,0.00490,-0.03663,0.03461,-0.00551,-0.04199,0.00688,-0.02179,-0.03724,-0.01979,-0.03490,-0.02735,-0.00594,0.00375,-0.02726,-0.02206,-0.01204,-0.02745,-0.03087,-0.02589,-0.03450,-0.02828,-0.05320,-0.00387,-0.00419,0.00524,-0.00182,-0.02883,-0.02249,-0.01459,-0.01059,-0.03737,-0.01915,0.00268,-0.02048,0.01789,0.00150,-0.00147,0.01591,-0.00890,-0.03123,0.00339,0.01037,-0.03860,-0.00184,0.02523,-0.02046,0.02964,0.01866,-0.00864,0.03435,0.00718,-0.02948,0.02101,0.01889,-0.04251,0.01255,0.03360,-0.03130
1156.6449,1,1,15.23,0.16,29.44,0.15062,-0.00932,0.54322,0.62577,0.54364,0.3060,0,1,0.21262,0.09917,0.07548,0.21329,0.09877,0.07473,0.96,0.01,0.54364,-0.52005,-0.04017,0.05070,1.56217,-0.00000,0.16230,-0.52011,-0.04153,0.05030,1.56220,-0.00000,-0.17000,42,0.21314,0.08637,0.06670,0.19060,0.09130,0,0.97412,0.00897,-0.00392,0.22581,Left,0,460.00,288.99,442.98,267.16,433.19,241.87,434.17,219.75,438.54,198.80,446.99,205.51,448.63,192.05,447.15,185.43,445.99,188.38,467.92,207.46,472.57,182.87,462.10,208.05,458.08,224.10,487.48,216.16,489.92,200.88,476.67,228.05,471.18,241.74,505.23,231.84,506.11,217.40,493.59,235.01,486.65,244.80,-0.00000,-0.01933,-0.03073,-0.04273,-0.05243,0.00062,-0.02645,-0.04160,-0.04704,-0.00295,-0.03586,-0.04107,-0.03238,-0.01191,-0.04712,-0.03856,-0.02009,-0.02243,-0.04294,-0.03271,-0.01755,-0.01047,0.08640,0.02185,-0.03319,0.06008,0.00402,-0.03808,0.03477,-0.00714,-0.04262,0.00681,-0.02346,-0.03749,-0.01918,-0.03536,-0.02725,-0.00586,0.00346,-0.02817,-0.02203,-0.01265,-0.02882,-0.02968,-0.02665,-0.03585,-0.02535,-0.05345,-0.00371,-0.00438,0.00552,-0.00265,-0.02828,-0.02239,-0.01663,-0.01141,-0.03872,-0.02085,0.00213,-0.02361,0.01817,0.00149,-0.00148,0.01430,-0.00727,-0.03186,0.00056,0.01227,-0.03904,-0.00454,0.02720,-0.02061,0.02910,0.01850,-0.00922,0.03270,0.00859,-0.03086,0.01828,0.02114,-0.04408,0.01126,0.03452,-0.03277
1156.6925,1,1,14.64,0.53,43.57,0.15012,-0.00918,0.54368,0.62612,0.54415,0.3486,0,1,0.21238,0.09968,0.07535,0.21241,0.09952,0.07509,0.10,0.00,0.54415,-0.52550,-0.04451,0.05319,1.56332,0.00000,0.16198,-0.52586,-0.04533,0.05269,1.56346,-0.00000,-0.17000,42,0.21225,0.08714,0.06694,0.19060,0.09130,0,0.97339,0.00940,-0.00390,0.22891,Left,0,458.81,288.96,441.90,267.11,432.20,242.15,433.05,220.51,436.33,199.65,445.74,206.31,447.51,192.24,446.18,184.29,444.61,186.18,466.83,208.46,471.52,183.16,461.55,207.74,457.16,223.85,486.49,217.13,489.98,199.73,476.82,226.02,470.40,240.03,504.13,233.06,506.04,215.98,493.27,233.75,485.29,244.91,-0.00000,-0.01727,-0.02769,-0.03891,-0.04807,0.00065,-0.02460,-0.03840,-0.04327,-0.00375,-0.03452,-0.03842,-0.02955,-0.01316,-0.04674,-0.03724,-0.01895,-0.02392,-0.04407,-0.03311,-0.01780,-0.01032,0.08515,0.02288,-0.03323,0.05946,0.00458,-0.03763,0.03434,-0.00623,-0.04258,0.00657,-0.02166,-0.03779,-0.01961,-0.03362,-0.02752,-0.00559,0.00367,-0.02773,-0.02235,-0.01288,-0.02862,-0.03122,-0.02675,-0.03609,-0.02803,-0.05385,-0.00389,-0.00430,0.00536,-0.00240,-0.02932,-0.02196,-0.01540,-0.01251,-0.03822,-0.02057,0.00073,-0.02406,0.01791,0.00119,-0.00142,0.01564,-0.00929,-0.03095,0.00202,0.00897,-0.03935,-0.00404,0.02460,-0.02206,0.02960,0.01800,-0.00883,0.03398,0.00658,-0.02966,0.01961,0.01869,-0.04317,0.01135,0.03390,-0.03208
1156.7250,1,1,15.11,0.61,28.54,0.14965,-0.01005,0.54415,0.63890,0.54463,0.3059,0,1,0.21215,0.10015,0.07622,0.21223,0.10018,0.07615,0.08,0.00,0.54463,-0.52879,-0.04499,0.04604,1.56937,0.00000,0.16205,-0.52869,-0.04495,0.04597,1.56973,-0.00000,-0.17000,42,0.21220,0.08768,0.06786,0.19060,0.09130,0,0.97305,0.00988,-0.00462,0.23032,Left,0,458.36,286.48,441.92,265.20,431.88,240.81,431.98,218.65,436.06,197.80,444.81,204.71,447.32,190.42,446.11,183.46,444.06,187.61,466.06,206.74,470.37,181.87,460.43,207.70,456.05,224.20,485.83,215.35,488.18,199.46,475.67,226.04,469.99,239.72,504.02,231.13,505.41,214.89,493.29,232.37,485.85,242.69,-0.00000,-0.01888,-0.03022,-0.04199,-0.05123,-0.00101,-0.02745,-0.04098,-0.04506,-0.00422,-0.03580,-0.03895,-0.02918,-0.01272,-0.04698,-0.03711,-0.01821,-0.02267,-0.04277,-0.03191,-0.01657,-0.00934,0.08540,0.02598,-0.03257,0.05968,0.00613,-0.03733,0.03476,-0.00474,-0.04293,0.00649,-0.02194,-0.03757,-0.01961,-0.03556,-0.02783,-0.00551,0.00337,-0.02761,-0.02263,-0.01246,-0.02808,-0.03114,-0.02725,-0.03613,-0.02560,-0.05405,-0.00396,-0.00445,0.00535,-0.00280,-0.02887,-0.02308,-0.01613,-0.01070,-0.03841,-0.02122,0.00225,-0.02139,0.01851,0.00144,-0.00124,0.01480,-0.00830,-0.03187,0.00179,0.01072,-0.03932,-0.00401,0.02576,-0.02150,0.03005,0.01848,-0.00821,0.03405,0.00684,-0.02914,0.01979,0.01899,-0.04285,0.01215,0.03327,-0.03186
1156.7558,1,1,14.30,0.51,27.10,0.14910,-0.01076,0.54473,0.64064,0.54530,0.2896,0,1,0.21186,0.10070,0.07693,0.21195,0.10084,0.07697,0.08,0.00,0.54530,-0.53234,-0.04443,0.03938,1.57508,-0.00000,0.16196,-0.53176,-0.04450,0.04012,1.57513,-0.00000,-0.17000,42,0.21199,0.08822,0.06854,0.19060,0.09130,0,0.97266,0.01020,-0.00476,0.23196,Left,0,458.73,285.95,441.53,264.84,431.04,241.36,431.48,220.16,435.12,199.74,443.52,204.36,445.65,190.24,444.46,183.32,442.93,185.71,464.93,206.19,469.86,181.20,460.88,207.13,456.71,224.12,484.78,214.69,488.39,197.75,476.17,224.88,469.93,239.19,503.01,230.54,505.23,213.87,492.96,232.25,484.65,243.44,-0.00000,-0.01781,-0.02872,-0.04010,-0.04924,-0.00091,-0.02670,-0.04085,-0.04602,-0.00500,-0.03694,-0.04133,-0.03264,-0.01402,-0.04846,-0.03906,-0.02062,-0.02434,-0.04501,-0.03407,-0.01867,-0.00826,0.08502,0.02834,-0.03202,0.06031,0.00821,-0.03657,0.03565,-0.00409,-0.04167,0.00837,-0.02252,-0.03721,-0.01784,-0.03692,-0.02808,-0.00526,0.00314,-0.02823,-0.02173,-0.01337,-0.02862,-0.02995,-0.02683,-0.03604,-0.02764,-0.05259,-0.00417,-0.00433,0.00489,-0.00234,-0.02940,-0.02268,-0.01425,-0.01099,-0.03764,-0.01930,0.00225,-0.02108,0.01842,0.00093,-0.00122,0.01669,-0.00943,-0.03115,0.00356,0.00979,-0.03889,-0.00213,0.02539,-0.02082,0.03056,0.01808,-0.00707,0.03539,0.00624,-0.02845,0.02167,0.01837,-0.04223,0.01251,0.03361,-0.03072
1156.7887,1,1,15.34,0.16,29.58,0.14820,-0.01097,0.54416,0.62297,0.54359,0.3131,0,1,0.21214,0.10160,0.07714,0.21181,0.10068,0.07674,0.99,0.00,0.54359,-0.53202,-0.04387,0.04027,1.57535,-0.00000,0.16192,-0.53176,-0.04450,0.04012,1.57513,-0.00000,-0.17000,42,0.21186,0.08813,0.06836,0.19060,0.09130,0,0.97261,0.01021,-0.00394,0.23218,Left,0,457.95,286.59,441.22,264.56,431.02,240.12,430.67,217.98,434.23,197.05,442.61,204.32,444.71,190.79,443.64,182.43,442.30,184.61,464.06,206.51,468.86,181.65,460.08,207.48,456.23,223.75,483.99,214.90,487.46,198.30,475.58,225.33,469.71,239.01,502.35,230.67,504.23,213.34,492.40,232.05,484.52,243.20,-0.00000,-0.01680,-0.02715,-0.03821,-0.04706,0.00079,-0.02443,-0.03745,-0.04175,-0.00374,-0.03504,-0.03810,-0.02847,-0.01322,-0.04697,-0.03564,-0.01608,-0.02407,-0.04399,-0.03182,-0.01573,-0.00794,0.08495,0.02027,-0.03143,0.05975,0.00307,-0.03574,0.03420,-0.00670,-0.04133,0.00587,-0.02136,-0.03649,-0.02094,-0.03361,-0.02792,-0.00530,0.00416,-0.02779,-0.02188,-0.01092,-0.02801,-0.03128,-0.02450,-0.03529,-0.02876,-0.05203,-0.00414,-0.00406,0.00571,-0.00229,-0.02913,-0.02160,-0.01420,-0.01118,-0.03594,-0.01868,0.00197,-0.02075,0.01797,0.00099,-0.00168,0.01626,-0.00908,-0.03120,0.00374,0.00959,-0.03898,-0.00165,0.02498,-0.02096,0.03026,0.01773,-0.00948,0.03496,0.00591,-0.03018,0.02148,0.01838,-0.04334,0.01359,0.03344,-0.03133
1156.8206,1,1,14.39,0.87,28.46,0.14942,-0.01199,0.55069,0.63481,0.55722,0.3447,0,1,0.20888,0.10038,0.07815,0.20798,0.09986,0.07727,0.35,0.01,0.55722,-0.53833,-0.07046,0.06676,1.57977,-0.00000,0.16182,-0.53777,-0.06611,0.05746,1.57959,-0.00000,-0.17000,42,0.20827,0.08729,0.06893,0.19060,0.09130,0,0.97190,0.01004,-0.00246,0.23515,Left,0,457.07,284.89,440.12,264.00,430.04,239.61,430.31,218.07,433.24,196.94,442.82,203.02,444.05,189.35,443.63,182.22,443.63,183.26,464.03,204.87,468.18,179.95,458.55,204.70,454.44,220.80,483.61,213.40,486.15,197.70,473.44,225.01,467.34,239.02,501.62,229.18,503.11,213.01,490.55,231.57,482.36,242.64,-0.00000,-0.01865,-0.02922,-0.04015,-0.04892,-0.00065,-0.02557,-0.03931,-0.04456,-0.00446,-0.03643,-0.04156,-0.03342,-0.01319,-0.04802,-0.03944,-0.02137,-0.02328,-0.04439,-0.03406,-0.01897,-0.00888,0.08613,0.02166,-0.03234,0.06052,0.00390,-0.03760,0.03537,-0.00667,-0.04231,0.00742,-0.02260,-0.03868,-0.01874,-0.03476,-0.02814,-0.00571,0.00392,-0.02809,-0.02235,-0.01174,-0.02807,-0.03102,-0.02591,-0.03409,-0.02893,-0.05406,-0.00389,-0.00432,0.00563,-0.00260,-0.02968,-0.02179,-0.01593,-0.01267,-0.03858,-0.02039,0.00092,-0.02523,0.01852,0.00119,-0.00183,0.01545,-0.00835,-0.03138,0.00164,0.01152,-0.03856,-0.00416,0.02700,-0.02131,0.03020,0.01881,-0.00949,0.03451,0.00743,-0.03104,0.01999,0.01955,-0.04412,0.01113,0.03465,-0.03167
1156.8534,1,1,14.67,0.58,29.80,0.14838,-0.01262,0.54885,0.62349,0.54700,0.3428,0,1,0.20980,0.10142,0.07878,0.21028,0.10171,0.07811,0.06,0.01,0.54700,-0.54038,-0.04882,0.03576,1.58592,-0.00000,0.16149,-0.54019,-0.05699,0.04067,1.58700,-0.00000,-0.17000,42,0.21051,0.08916,0.06975,0.19060,0.09130,0,0.97159,0.01084,-0.00398,0.23637,Left,0,456.51,285.43,439.73,263.65,429.69,238.98,429.56,217.20,432.56,196.08,441.89,202.49,443.34,190.16,442.92,181.87,442.97,182.30,463.29,204.35,467.54,180.23,458.05,205.15,454.25,220.87,483.24,212.53,485.54,197.42,473.11,224.37,467.58,237.95,501.58,228.08,502.76,212.08,490.47,230.38,482.96,241.19,-0.00000,-0.01690,-0.02666,-0.03717,-0.04561,0.00189,-0.02253,-0.03575,-0.04072,-0.00260,-0.03380,-0.03790,-0.02909,-0.01201,-0.04582,-0.03589,-0.01714,-0.02280,-0.04269,-0.03140,-0.01587,-0.00863,0.08596,0.02074,-0.03192,0.06080,0.00375,-0.03651,0.03502,-0.00643,-0.04179,0.00703,-0.02184,-0.03816,-0.02002,-0.03407,-0.02783,-0.00551,0.00417,-0.02818,-0.02130,-0.01149,-0.02778,-0.03063,-0.02495,-0.03374,-0.02951,-0.05339,-0.00414,-0.00421,0.00568,-0.00283,-0.02904,-0.02160,-0.01540,-0.01189,-0.03717,-0.01936,0.00144,-0.02399,0.01843,0.00101,-0.00183,0.01537,-0.00852,-0.03122,0.00253,0.01069,-0.03881,-0.00293,0.02611,-0.02053,0.03032,0.01787,-0.00932,0.03460,0.00654,-0.03069,0.02062,0.01879,-0.04400,0.01272,0.03381,-0.03231
1156.8837,1,1,14.50,0.15,26.01,0.14818,-0.01339,0.54943,0.62198,0.55001,0.3469,0,1,0.20951,0.10162,0.07955,0.20946,0.10120,0.07866,0.87,0.01,0.55001,-0.54029,-0.05824,0.04270,1.58761,0.00000,0.16150,-0.54019,-0.05699,0.04067,1.58700,-0.00000,-0.17000,42,0.20967,0.08867,0.07022,0.19060,0.09130,0,0.97153,0.01103,-0.00396,0.23663,Left,0,456.66,285.49,439.17,264.39,428.66,239.24,428.52,217.29,431.46,196.21,441.78,201.99,443.29,189.73,442.10,182.13,441.13,182.92,463.01,203.50,466.99,180.13,457.57,205.36,453.44,221.29,482.95,211.35,485.25,197.13,472.64,224.18,466.43,238.10,501.21,226.34,502.04,211.94,489.47,230.52,481.49,241.48,-0.00000,-0.01880,-0.02982,-0.04120,-0.05052,0.00015,-0.02551,-0.04015,-0.04592,-0.00342,-0.03517,-0.04025,-0.03220,-0.01210,-0.04674,-0.03856,-0.02093,-0.02222,-0.04292,-0.03286,-0.01815,-0.00863,0.08653,0.02113,-0.03246,0.06150,0.00446,-0.03755,0.03616,-0.00629,-0.04288,0.00841,-0.02256,-0.03916,-0.01814,-0.03452,-0.02784,-0.00491,0.00431,-0.02811,-0.02067,-0.01225,-0.02881,-0.02905,-0.02635,-0.03575,-0.02688,-0.05454,-0.00398,-0.00436,0.00580,-0.00304,-0.02785,-0.02224,-0.01588,-0.01045,-0.03803,-0.02049,0.00332,-0.02463,0.01862,0.00081,-0.00193,0.01495,-0.00778,-0.03155,0.00193,0.01208,-0.03842,-0.00417,0.02771,-0.02084,0.03005,0.01754,-0.01007,0.03395,0.00714,-0.03133,0.01949,0.02030,-0.04397,0.01138,0.03515,-0.03211
1156.9162,1,1,14.21,0.55,29.38,0.14699,-0.01328,0.54883,0.61934,0.54824,0.3119,0,1,0.20981,0.10281,0.07945,0.21000,0.10297,0.07907,0.08,0.01,0.54824,-0.54648,-0.04605,0.02548,1.59246,-0.00000,0.16149,-0.54597,-0.05009,0.02767,1.59311,-0.00000,-0.17000,42,0.21035,0.09035,0.07067,0.19060,0.09130,0,0.97082,0.01145,-0.00438,0.23950,Left,0,455.49,286.18,437.94,264.75,427.85,240.38,427.73,218.73,431.06,198.41,439.24,203.28,440.83,190.36,439.98,182.16,438.55,184.54,461.12,204.48,464.89,180.31,456.59,204.57,452.34,220.90,481.25,212.14,483.91,197.15,472.51,223.66,466.33,237.50,499.84,227.29,500.96,212.16,489.13,230.78,480.99,241.70,-0.00000,-0.01719,-0.02728,-0.03795,-0.04622,0.00130,-0.02408,-0.03798,-0.04301,-0.00301,-0.03479,-0.03977,-0.03166,-0.01224,-0.04575,-0.03594,-0.01767,-0.02296,-0.04274,-0.03159,-0.01634,-0.00725,0.08577,0.02145,-0.03150,0.06172,0.00366,-0.03606,0.03597,-0.00721,-0.04164,0.00877,-0.02263,-0.03682,-0.01789,-0.03515,-0.02867,-0.00404,0.00391,-0.02839,-0.02074,-0.01179,-0.02896,-0.03017,-0.02540,-0.03580,-0.02695,-0.05307,-0.00452,-0.00432,0.00564,-0.00336,-0.02916,-0.02085,-0.01448,-0.01246,-0.03708,-0.01947,0.00093,-0.02460,0.01841,0.00043,-0.00153,0.01620,-0.00921,-0.03074,0.00428,0.00972,-0.03894,-0.00159,0.02497,-0.02139,0.03107,0.01652,-0.00897,0.03520,0.00567,-0.03000,0.02116,0.01879,-0.04327,0.01361,0.03386,-0.03194
1156.9490,1,1,15.30,0.16,29.14,0.14646,-0.01348,0.54865,0.61765,0.54847,0.3446,0,1,0.20990,0.10333,0.07964,0.20972,0.10278,0.07916,0.64,0.01,0.54847,-0.54641,-0.04844,0.02758,1.59320,-0.00000,0.16149,-0.54597,-0.05009,0.02767,1.59311,-0.00000,-0.17000,42,0.20999,0.09022,0.07060,0.19060,0.09130,0,0.97073,0.01143,-0.00354,0.23987,Left,0,453.96,285.08,436.37,263.41,427.10,236.43,427.48,214.12,431.16,193.72,440.61,202.61,442.21,189.03,440.02,182.40,437.65,184.34,461.72,204.14,465.33,180.15,455.11,204.63,450.39,220.48,481.61,212.19,483.31,196.98,470.27,223.87,463.66,238.02,499.52,226.92,499.71,212.61,486.85,231.01,478.77,241.97,-0.00000,-0.01775,-0.02803,-0.03908,-0.04831,0.00071,-0.02611,-0.04169,-0.04765,-0.00342,-0.03610,-0.04215,-0.03458,-0.01262,-0.04798,-0.04069,-0.02343,-0.02312,-0.04432,-0.03459,-0.01993,-0.01175,0.08566,0.01532,-0.03472,0.06019,0.00053,-0.03906,0.03344,-0.00916,-0.04297,0.00533,-0.02225,-0.03815,-0.01982,-0.03178,-0.02755,-0.00514,0.00478,-0.02763,-0.02122,-0.01162,-0.02954,-0.02915,-0.02572,-0.03799,-0.02526,-0.05282,-0.00358,-0.00410,0.00604,-0.00358,-0.02753,-0.02128,-0.01766,-0.01135,-0.03726,-0.02273,0.00264,-0.02421,0.01829,0.00109,-0.00213,0.01401,-0.00819,-0.03152,0.00020,0.01177,-0.03843,-0.00668,0.02756,-0.02140,0.02893,0.01773,-0.01147,0.03249,0.00740,-0.03271,0.01698,0.02014,-0.04524,0.00914,0.03509,-0.03228
1156.9799,1,1,14.27,0.55,27.47,0.14558,-0.01336,0.54757,0.61953,0.54648,0.3301,0,1,0.21044,0.10422,0.07952,0.21051,0.10429,0.07913,0.11,0.01,0.54648,-0.55079,-0.03507,0.01212,1.59558,-0.00001,0.16149,-0.55042,-0.03924,0.01397,1.59596,-0.00000,-0.17000,42,0.21093,0.09153,0.07055,0.19060,0.09130,0,0.97030,0.01164,-0.00344,0.24160,Left,0,453.85,285.76,436.16,263.74,426.08,238.52,425.86,216.86,429.25,196.21,440.15,202.96,442.26,189.12,439.52,181.58,436.01,185.20,460.92,204.37,463.89,179.80,453.81,203.94,449.64,220.75,480.37,212.33,481.44,197.26,468.89,223.89,463.56,238.23,498.44,227.43,498.18,212.29,485.95,230.54,479.15,241.46,-0.00000,-0.01700,-0.02729,-0.03844,-0.04730,0.00224,-0.02502,-0.04050,-0.04588,-0.00209,-0.03470,-0.04034,-0.03230,-0.01163,-0.04605,-0.03728,-0.01915,-0.02260,-0.04281,-0.03225,-0.01709,-0.00953,0.08633,0.01576,-0.03283,0.06090,0.00070,-0.03817,0.03503,-0.00860,-0.04387,0.00738,-0.02286,-0.03885,-0.01868,-0.03371,-0.02734,-0.00458,0.00469,-0.02688,-0.02178,-0.01054,-0.02931,-0.03087,-0.02453,-0.03853,-0.02618,-0.05286,-0.00388,-0.00431,0.00615,-0.00425,-0.02901,-0.02040,-0.01739,-0.01311,-0.03654,-0.02184,0.00107,-0.02534,0.01777,0.00074,-0.00227,0.01348,-0.00839,-0.03142,0.00053,0.01073,-0.03894,-0.00428,0.02665,-0.02158,0.02884,0.01688,-0.01171,0.03240,0.00649,-0.03254,0.01754,0.01928,-0.04514,0.01144,0.03394,-0.03318
1157.0142,1,1,15.88,0.53,30.87,0.14567,-0.01335,0.55162,0.62561,0.55568,0.3804,0,1,0.20841,0.10412,0.07951,0.20748,0.10345,0.07870,0.15,0.01,0.55568,-0.55517,-0.05559,0.03892,1.59395,-0.00001,0.16149,-0.55524,-0.05297,0.03094,1.59296,-0.00000,-0.17000,42,0.20806,0.09047,0.07018,0.19060,0.09130,0,0.96990,0.01105,-0.00111,0.24325,Left,0,453.36,284.80,434.98,261.84,425.38,235.45,425.38,212.86,427.95,191.67,438.93,202.54,440.06,188.60,438.60,180.72,436.96,182.13,459.42,204.69,463.10,179.89,453.26,205.17,449.08,221.60,478.83,213.07,480.65,196.53,468.19,223.41,462.35,237.97,496.44,228.37,496.68,211.18,484.72,229.50,477.70,241.10,-0.00000,-0.01620,-0.02500,-0.03473,-0.04253,0.00310,-0.02094,-0.03354,-0.03771,-0.00108,-0.03184,-0.03576,-0.02672,-0.01017,-0.04418,-0.03515,-0.01677,-0.02042,-0.04086,-0.03028,-0.01507,-0.00985,0.08588,0.01534,-0.03315,0.05974,0.00020,-0.03798,0.03320,-0.00875,-0.04318,0.00340,-0.01937,-0.03907,-0.02390,-0.02941,-0.02760,-0.00552,0.00453,-0.02762,-0.02264,-0.01124,-0.02866,-0.03198,-0.02536,-0.03635,-0.02860,-0.05283,-0.00379,-0.00412,0.00604,-0.00330,-0.02848,-0.02202,-0.01722,-0.01102,-0.03675,-0.02205,0.00212,-0.02072,0.01807,0.00132,-0.00199,0.01407,-0.00864,-0.03140,0.00063,0.01060,-0.03839,-0.00483,0.02691,-0.02055,0.02887,0.01818,-0.01108,0.03247,0.00590,-0.03133,0.01774,0.01858,-0.04469,0.01129,0.03447,-0.03218
1157.0438,1,1,14.15,0.50,25.96,0.14457,-0.01444,0.54985,0.61284,0.54808,0.2736,0,1,0.20930,0.10523,0.08000,0.20966,0.10556,0.07916,0.07,0.01,0.54808,-0.55838,-0.03344,0.00983,1.59775,-0.00001,0.16140,-0.55781,-0.04277,0.01483,1.59861,-0.00000,-0.17000,42,0.21030,0.09252,0.07065,0.19060,0.09130,0,0.96952,0.01179,-0.00292,0.24472,Left,0,452.39,283.24,436.03,262.26,425.07,238.28,424.25,216.33,427.23,195.12,437.11,200.49,437.26,188.12,436.46,180.58,436.46,183.62,459.04,202.16,461.23,179.12,451.83,204.44,448.61,220.27,479.26,210.15,480.09,196.14,467.66,223.27,461.72,237.32,497.56,225.44,497.65,211.75,484.74,230.48,475.96,241.62,-0.00000,-0.02029,-0.03302,-0.04597,-0.05643,-0.00274,-0.02918,-0.04296,-0.04782,-0.00597,-0.03833,-0.04253,-0.03393,-0.01444,-0.04938,-0.03931,-0.02066,-0.02459,-0.04600,-0.03542,-0.02032,-0.00699,0.08432,0.02247,-0.03113,0.06040,0.00464,-0.03643,0.03526,-0.00655,-0.04258,0.00896,-0.02199,-0.03880,-0.01780,-0.03615,-0.02841,-0.00478,0.00464,-0.02929,-0.02029,-0.01185,-0.02996,-0.02835,-0.02556,-0.03617,-0.02455,-0.05229,-0.00424,-0.00400,0.00564,-0.00456,-0.02686,-0.02208,-0.01776,-0.00875,-0.03696,-0.02189,0.00373,-0.02191,0.01813,0.00080,-0.00190,0.01403,-0.00724,-0.03208,0.00081,0.01238,-0.03824,-0.00492,0.02719,-0.02038,0.03045,0.01757,-0.01015,0.03348,0.00761,-0.03118,0.01832,0.02070,-0.04396,0.00972,0.03578,-0.03125
1157.0923,1,1,14.70,0.16,45.13,0.14384,-0.01431,0.54908,0.62608,0.54831,0.3597,0,1,0.20968,0.10596,0.07987,0.20922,0.10517,0.07975,0.91,0.01,0.54831,-0.55787,-0.04138,0.01502,1.59829,-0.00000,0.16140,-0.55781,-0.04277,0.01483,1.59861,-0.00000,-0.17000,42,0.20980,0.09212,0.07114,0.19060,0.09130,0,0.96951,0.01216,-0.00361,0.24473,Left,0,451.65,283.55,434.08,261.94,424.23,235.63,423.52,213.34,425.54,191.89,438.36,201.34,440.90,186.86,437.16,179.95,433.11,182.72,458.78,203.74,461.64,178.97,450.88,204.25,447.10,220.76,478.19,212.23,479.43,195.99,466.26,223.13,460.82,237.64,496.31,227.43,496.35,210.87,483.31,229.41,475.67,240.88,-0.00000,-0.01647,-0.02625,-0.03685,-0.04537,0.00132,-0.02515,-0.03937,-0.04402,-0.00309,-0.03475,-0.03883,-0.02994,-0.01259,-0.04712,-0.03775,-0.01921,-0.02333,-0.04413,-0.03338,-0.01807,-0.00986,0.08574,0.01502,-0.03327,0.06033,0.00195,-0.03774,0.03332,-0.00679,-0.04340,0.00485,-0.01805,-0.04009,-0.02232,-0.02883,-0.02698,-0.00577,0.00610,-0.02651,-0.02279,-0.00978,-0.02914,-0.03107,-0.02301,-0.03988,-0.02773,-0.05079,-0.00349,-0.00411,0.00614,-0.00446,-0.02862,-0.02094,-0.01906,-0.01138,-0.03510,-0.02346,0.00249,-0.02215,0.01764,0.00121,-0.00285,0.01324,-0.00841,-0.03149,-0.00068,0.01120,-0.03825,-0.00626,0.02714,-0.02113,0.02801,0.01826,-0.01267,0.03163,0.00613,-0.03283,0.01662,0.01912,-0.04529,0.00876,0.03453,-0.03255
1157.1244,1,1,14.72,0.53,28.19,0.14407,-0.01471,0.55329,0.63823,0.55749,0.3823,0,1,0.20758,0.10573,0.08000,0.20711,0.10553,0.07959,0.13,0.00,0.55749,-0.56509,-0.05302,0.02961,1.59727,-0.00000,0.16141,-0.56419,-0.05188,0.02588,1.59689,-0.00000,-0.17000,42,0.20787,0.09234,0.07085,0.19060,0.09130,0,0.96872,0.01180,-0.00217,0.24786,Left,0,452.34,282.56,433.74,260.84,423.56,234.86,423.08,212.93,425.55,192.35,436.44,201.14,437.86,186.66,436.42,179.13,434.57,181.40,457.13,203.24,460.57,178.33,450.91,202.50,446.64,219.01,476.78,211.54,478.26,195.22,465.81,221.55,459.82,236.13,494.69,226.44,494.63,210.20,482.32,228.35,474.92,239.98,-0.00000,-0.01778,-0.02791,-0.03860,-0.04733,0.00011,-0.02588,-0.04031,-0.04538,-0.00351,-0.03542,-0.04073,-0.03270,-0.01214,-0.04709,-0.03952,-0.02211,-0.02199,-0.04354,-0.03401,-0.01943,-0.00782,0.08631,0.01800,-0.03240,0.06057,0.00264,-0.03773,0.03375,-0.00692,-0.04328,0.00489,-0.01986,-0.03934,-0.02149,-0.03026,-0.02775,-0.00568,0.00486,-0.02799,-0.02284,-0.01098,-0.02927,-0.03181,-0.02528,-0.03739,-0.02845,-0.05358,-0.00378,-0.00429,0.00578,-0.00415,-0.02882,-0.02165,-0.01742,-0.01222,-0.03677,-0.02292,0.00139,-0.02265,0.01843,0.00135,-0.00220,0.01397,-0.00871,-0.03200,0.00033,0.01067,-0.03858,-0.00554,0.02665,-0.02075,0.02927,0.01823,-0.01119,0.03260,0.00616,-0.03203,0.01742,0.01943,-0.04522,0.01013,0.03505,-0.03231
1157.1572,1,1,15.27,0.53,29.19,0.14421,-0.01453,0.55817,0.63483,0.56306,0.4267,0,1,0.20514,0.10559,0.07982,0.20411,0.10488,0.07904,0.20,0.01,0.56306,-0.57045,-0.07418,0.05781,1.59348,-0.00001,0.16142,-0.57021,-0.07023,0.04882,1.59239,-0.00000,-0.17000,42,0.20512,0.09152,0.07040,0.19060,0.09130,0,0.96819,0.01147,-0.00087,0.24995,Left,0,450.68,282.39,432.64,259.45,422.76,234.01,421.60,212.13,424.20,191.73,436.02,202.53,437.29,188.03,435.12,179.45,432.85,180.70,456.01,204.39,458.98,178.41,449.44,201.78,445.53,218.18,474.93,212.53,475.97,195.56,464.27,221.15,459.55,234.89,492.81,227.57,492.68,210.19,481.11,227.62,474.78,238.70,-0.00000,-0.01438,-0.02209,-0.03117,-0.03832,0.00529,-0.01904,-0.03229,-0.03680,0.00007,-0.03145,-0.03658,-0.02813,-0.00998,-0.04359,-0.03498,-0.01685,-0.02114,-0.04077,-0.03030,-0.01529,-0.00832,0.08510,0.01305,-0.03216,0.05954,-0.00117,-0.03762,0.03293,-0.00885,-0.04446,0.00280,-0.01835,-0.04021,-0.02343,-0.02731,-0.02748,-0.00560,0.00506,-0.02792,-0.02321,-0.00906,-0.02894,-0.03338,-0.02351,-0.03789,-0.03055,-0.05315,-0.00358,-0.00407,0.00637,-0.00470,-0.03007,-0.02029,-0.01784,-0.01441,-0.03639,-0.02297,-0.00052,-0.02406,0.01776,0.00134,-0.00226,0.01302,-0.00956,-0.03140,0.00014,0.00912,-0.03907,-0.00477,0.02519,-0.02182,0.02852,0.01791,-0.01188,0.03246,0.00546,-0.03227,0.01743,0.01810,-0.04628,0.01165,0.03338,-0.03361
1157.1877,1,1,14.20,0.51,27.10,0.14484,-0.01512,0.56349,0.64281,0.56881,0.3979,0,1,0.20248,0.10495,0.08000,0.20136,0.10441,0.07899,0.27,0.01,0.56881,-0.57611,-0.09605,0.08298,1.59078,-0.00001,0.16142,-0.57493,-0.09243,0.07321,1.59020,-0.00000,-0.17000,42,0.20240,0.09079,0.07036,0.19060,0.09130,0,0.96760,0.01127,-0.00004,0.25222,Left,0,451.40,280.05,431.76,259.10,421.70,231.87,421.45,208.88,424.72,189.69,434.74,201.11,434.97,184.26,433.65,176.89,432.81,180.37,455.22,203.55,458.37,176.66,448.88,199.29,444.74,217.11,474.61,212.12,475.59,194.36,463.45,220.43,457.83,235.80,492.80,226.63,492.14,209.35,480.23,227.02,473.17,239.15,-0.00000,-0.01583,-0.02430,-0.03365,-0.04116,0.00055,-0.02561,-0.04004,-0.04487,-0.00391,-0.03714,-0.04376,-0.03620,-0.01299,-0.04827,-0.04107,-0.02350,-0.02309,-0.04489,-0.03577,-0.02128,-0.00760,0.08440,0.01207,-0.03228,0.05897,-0.00187,-0.03867,0.03135,-0.00871,-0.04329,0.00185,-0.01757,-0.03883,-0.02334,-0.02653,-0.02833,-0.00621,0.00518,-0.02873,-0.02472,-0.00875,-0.03045,-0.03402,-0.02293,-0.03740,-0.02912,-0.05173,-0.00386,-0.00416,0.00624,-0.00436,-0.03022,-0.02007,-0.01824,-0.01459,-0.03633,-0.02326,-0.00026,-0.02296,0.01811,0.00169,-0.00253,0.01333,-0.00928,-0.03185,-0.00080,0.01041,-0.03847,-0.00579,0.02726,-0.02066,0.02931,0.01861,-0.01203,0.03244,0.00619,-0.03229,0.01699,0.01813,-0.04588,0.01081,0.03423,-0.03215
1157.2220,1,1,16.07,0.56,31.14,0.14561,-0.01525,0.57082,0.64496,0.57815,0.4231,0,1,0.19881,0.10419,0.08000,0.19767,0.10327,0.07907,0.36,0.01,0.57815,-0.58165,-0.12899,0.11905,1.58731,-0.00000,0.16144,-0.58181,-0.12246,0.10719,1.58633,-0.00000,-0.17000,42,0.19887,0.08955,0.07045,0.19060,0.09130,0,0.96697,0.01127,0.00014,0.25464,Left,0,449.43,280.55,430.87,258.63,420.93,232.59,419.95,210.52,421.05,189.96,434.44,201.49,434.92,185.02,432.22,176.95,430.08,177.74,454.31,203.95,457.82,176.40,447.65,199.40,443.35,217.13,472.98,212.59,474.57,193.70,461.94,219.53,456.47,234.86,490.44,227.74,490.30,209.09,478.24,226.66,471.42,239.03,-0.00000,-0.01377,-0.02114,-0.02998,-0.03722,0.00452,-0.02001,-0.03406,-0.03917,-0.00125,-0.03370,-0.04014,-0.03243,-0.01157,-0.04609,-0.03837,-0.02044,-0.02283,-0.04347,-0.03335,-0.01830,-0.00830,0.08520,0.00964,-0.03290,0.05956,-0.00315,-0.03862,0.03258,-0.00991,-0.04509,0.00203,-0.01849,-0.04222,-0.02469,-0.02643,-0.02784,-0.00605,0.00590,-0.02802,-0.02504,-0.00815,-0.03049,-0.03494,-0.02283,-0.03899,-0.03254,-0.05238,-0.00361,-0.00393,0.00673,-0.00439,-0.03172,-0.01928,-0.01826,-0.01685,-0.03581,-0.02417,-0.00052,-0.02606,0.01756,0.00169,-0.00272,0.01330,-0.01055,-0.03121,-0.00086,0.00826,-0.03922,-0.00674,0.02653,-0.02345,0.02854,0.01892,-0.01310,0.03214,0.00527,-0.03339,0.01660,0.01725,-0.04672,0.00938,0.03374,-0.03324
1157.2524,1,1,14.51,0.56,27.02,0.14494,-0.01550,0.57306,0.64124,0.57530,0.3348,0,1,0.19769,0.10485,0.08000,0.19779,0.10518,0.07998,0.12,0.00,0.57530,-0.58968,-0.12875,0.11267,1.58615,-0.00000,0.16140,-0.58809,-0.12939,0.11361,1.58663,-0.00000,-0.17000,42,0.19907,0.09135,0.07106,0.19060,0.09130,0,0.96596,0.01232,-0.00276,0.25838,Left,0,449.29,281.16,430.42,258.98,420.44,232.65,420.25,209.79,422.29,188.98,432.46,200.50,432.63,184.46,432.41,176.62,433.42,178.03,452.46,203.32,456.52,176.49,446.97,200.55,444.03,216.49,471.63,212.01,473.30,194.01,461.12,219.91,456.56,233.89,489.19,227.10,488.93,209.35,477.24,226.65,471.29,238.13,-0.00000,-0.01480,-0.02278,-0.03207,-0.03951,0.00337,-0.02012,-0.03205,-0.03576,-0.00150,-0.03213,-0.03614,-0.02697,-0.01105,-0.04432,-0.03530,-0.01690,-0.02167,-0.04191,-0.03175,-0.01677,-0.00700,0.08597,0.01221,-0.03126,0.05992,-0.00203,-0.03671,0.03260,-0.01049,-0.04193,0.00217,-0.02042,-0.03786,-0.02479,-0.02984,-0.02797,-0.00673,0.00489,-0.02799,-0.02483,-0.00831,-0.02803,-0.03479,-0.02269,-0.03278,-0.03178,-0.04982,-0.00382,-0.00391,0.00625,-0.00351,-0.03050,-0.02025,-0.01633,-0.01421,-0.03481,-0.02009,0.00008,-0.01938,0.01767,0.00197,-0.00214,0.01422,-0.00951,-0.03118,0.00055,0.00917,-0.03764,-0.00352,0.02606,-0.01928,0.02921,0.01954,-0.01151,0.03313,0.00640,-0.03164,0.01793,0.01837,-0.04540,0.01163,0.03463,-0.03121
1157.2862,1,1,15.53,0.69,30.42,0.14361,-0.01648,0.56926,0.63820,0.56547,0.4324,0,1,0.19959,0.10619,0.08000,0.19975,0.10633,0.07915,0.18,0.01,0.56547,-0.58902,-0.10189,0.08858,1.58867,-0.00000,0.16124,-0.58882,-0.11135,0.09268,1.58931,-0.00000,-0.17000,42,0.20114,0.09270,0.07028,0.19060,0.09130,0,0.96598,0.01180,-0.00109,0.25834,Left,0,449.35,279.73,430.03,257.48,419.58,230.57,418.68,207.35,419.93,185.87,433.01,197.82,432.49,182.62,430.95,173.32,431.45,173.81,453.04,201.28,456.20,175.68,445.91,202.27,443.16,218.96,472.17,210.20,473.37,192.27,460.95,218.85,456.65,233.10,489.67,225.41,488.86,207.53,476.90,225.45,470.92,237.52,-0.00000,-0.01605,-0.02533,-0.03574,-0.04445,0.00257,-0.02240,-0.03544,-0.03979,-0.00216,-0.03385,-0.03673,-0.02647,-0.01202,-0.04651,-0.03607,-0.01654,-0.02313,-0.04428,-0.03349,-0.01802,-0.00706,0.08633,0.01117,-0.03078,0.05873,-0.00120,-0.03743,0.03174,-0.00911,-0.04305,0.00186,-0.01674,-0.04162,-0.02649,-0.02622,-0.02697,-0.00675,0.00633,-0.02825,-0.02472,-0.00764,-0.02994,-0.03528,-0.02262,-0.03538,-0.03289,-0.05255,-0.00354,-0.00391,0.00654,-0.00347,-0.02884,-0.02066,-0.01868,-0.01037,-0.03419,-0.02202,0.00477,-0.01669,0.01796,0.00207,-0.00273,0.01280,-0.00909,-0.03117,-0.00028,0.01091,-0.03655,-0.00491,0.02670,-0.02005,0.02824,0.01989,-0.01306,0.03064,0.00682,-0.03317,0.01648,0.01903,-0.04502,0.00987,0.03496,-0.03183
1157.3157,1,1,14.82,0.14,25.45,0.14319,-0.01738,0.57026,0.63671,0.57125,0.3840,0,1,0.19910,0.10660,0.08000,0.19931,0.10596,0.08028,0.63,0.01,0.57125,-0.58868,-0.11378,0.09393,1.58991,-0.00000,0.16121,-0.58882,-0.11135,0.09268,1.58931,-0.00000,-0.17000,42,0.20079,0.09236,0.07139,0.19060,0.09130,0,0.96601,0.01269,-0.00351,0.25817,Left,0,448.25,279.60,429.73,257.36,419.15,230.86,418.13,207.45,420.87,185.83,431.76,197.70,431.90,183.33,431.11,174.46,432.40,174.95,452.24,200.61,456.28,175.15,445.70,200.39,442.43,216.59,471.49,209.21,473.26,192.20,460.38,218.87,455.43,233.01,488.94,224.24,488.98,207.07,476.64,224.77,469.75,236.28,-0.00000,-0.01818,-0.02790,-0.03849,-0.04710,0.00273,-0.02248,-0.03599,-0.04072,-0.00088,-0.03332,-0.03776,-0.02844,-0.00984,-0.04504,-0.03582,-0.01673,-0.02021,-0.04169,-0.03169,-0.01654,-0.00680,0.08668,0.01214,-0.03123,0.06029,-0.00183,-0.03759,0.03276,-0.00991,-0.04337,0.00243,-0.01946,-0.04002,-0.02541,-0.02893,-0.02775,-0.00631,0.00539,-0.02834,-0.02368,-0.00866,-0.02913,-0.03413,-0.02320,-0.03408,-0.03213,-0.05222,-0.00358,-0.00394,0.00646,-0.00323,-0.02934,-0.02069,-0.01788,-0.01190,-0.03569,-0.02181,0.00273,-0.02005,0.01798,0.00175,-0.00219,0.01401,-0.00863,-0.03184,-0.00014,0.01114,-0.03832,-0.00518,0.02716,-0.02045,0.02925,0.01948,-0.01215,0.03256,0.00704,-0.03295,0.01744,0.01906,-0.04646,0.01029,0.03460,-0.03321
1157.3487,1,1,14.50,0.54,29.69,0.14360,-0.01743,0.57518,0.64489,0.58010,0.4145,0,1,0.19664,0.10620,0.08000,0.19572,0.10546,0.07912,0.23,0.01,0.58010,-0.59703,-0.13253,0.12256,1.58745,0.00000,0.16128,-0.59686,-0.12968,0.11434,1.58631,-0.00000,-0.17000,42,0.19725,0.09168,0.07030,0.19060,0.09130,0,0.96502,0.01138,0.00046,0.26191,Left,0,447.89,278.82,428.80,255.50,418.78,229.00,417.91,205.81,420.26,184.98,431.36,199.05,430.95,183.22,430.09,174.06,431.07,175.03,451.18,202.13,455.53,174.69,445.51,198.82,442.03,215.59,470.07,210.78,471.99,191.77,459.77,217.29,455.05,231.76,487.47,225.71,487.28,207.26,475.63,224.29,469.50,236.26,-0.00000,-0.01513,-0.02354,-0.03342,-0.04157,0.00444,-0.01990,-0.03268,-0.03682,-0.00056,-0.03252,-0.03693,-0.02756,-0.01046,-0.04458,-0.03545,-0.01658,-0.02152,-0.04194,-0.03165,-0.01647,-0.00772,0.08536,0.00691,-0.03186,0.05824,-0.00570,-0.03792,0.03057,-0.01205,-0.04358,-0.00040,-0.01877,-0.03954,-0.02813,-0.02632,-0.02771,-0.00700,0.00537,-0.02865,-0.02518,-0.00793,-0.02971,-0.03614,-0.02283,-0.03522,-0.03285,-0.05250,-0.00351,-0.00385,0.00665,-0.00322,-0.03096,-0.01961,-0.01736,-0.01462,-0.03533,-0.02159,0.00044,-0.02009,0.01777,0.00224,-0.00219,0.01378,-0.01032,-0.03116,0.00019,0.00870,-0.03817,-0.00474,0.02547,-0.02126,0.02885,0.01953,-0.01264,0.03236,0.00608,-0.03196,0.01760,0.01746,-0.04548,0.01129,0.03368,-0.03243
1157.3813,1,1,15.86,0.51,28.85,0.14356,-0.01758,0.57943,0.64648,0.58367,0.3777,0,1,0.19451,0.10624,0.08000,0.19469,0.10632,0.08037,0.20,0.01,0.58367,-0.60384,-0.14777,0.13070,1.58551,-0.00000,0.16127,-0.60350,-0.14501,0.13101,1.58492,-0.00000,-0.17000,42,0.19640,0.09253,0.07143,0.19060,0.09130,0,0.96412,0.01295,-0.00369,0.26513,Left,0,447.38,278.21,427.83,255.45,418.07,229.48,417.77,206.42,419.74,185.82,429.36,199.22,427.97,183.39,428.77,173.38,431.65,174.06,449.64,202.07,454.14,174.56,444.83,198.01,440.92,215.40,468.69,210.67,470.51,191.64,458.66,217.28,453.31,232.53,486.36,225.61,486.06,207.41,474.57,224.08,467.70,236.06,-0.00000,-0.01626,-0.02539,-0.03575,-0.04416,0.00199,-0.02313,-0.03660,-0.04131,-0.00277,-0.03634,-0.04211,-0.03361,-0.01230,-0.04703,-0.03783,-0.01886,-0.02312,-0.04403,-0.03394,-0.01880,-0.00622,0.08498,0.00858,-0.03102,0.05842,-0.00560,-0.03703,0.03092,-0.01279,-0.04223,0.00026,-0.02110,-0.03879,-0.02733,-0.02956,-0.02853,-0.00670,0.00488,-0.02955,-0.02526,-0.00795,-0.02981,-0.03714,-0.02309,-0.03258,-0.03376,-0.05289,-0.00398,-0.00382,0.00662,-0.00350,-0.03150,-0.01947,-0.01659,-0.01547,-0.03557,-0.02142,0.00010,-0.02118,0.01813,0.00208,-0.00193,0.01416,-0.01043,-0.03101,0.00064,0.00830,-0.03798,-0.00488,0.02615,-0.02086,0.02994,0.01939,-0.01174,0.03328,0.00601,-0.03180,0.01837,0.01692,-0.04560,0.01136,0.03333,-0.03232
1157.4119,1,1,14.62,0.49,27.00,0.14365,-0.01795,0.58140,0.64701,0.58337,0.4228,0,1,0.19353,0.10615,0.08000,0.19310,0.10594,0.07933,0.10,0.00,0.58337,-0.60703,-0.15216,0.14259,1.58473,-0.00000,0.16128,-0.60640,-0.15312,0.13943,1.58456,-0.00000,-0.17000,42,0.19480,0.09208,0.07034,0.19060,0.09130,0,0.96374,0.01181,-0.00030,0.26656,Left,0,447.72,278.31,428.59,256.03,418.18,229.38,417.10,206.31,418.61,185.40,430.26,198.33,428.64,183.06,428.14,173.67,429.61,174.04,449.86,201.41,453.67,175.10,444.46,199.50,441.35,215.60,468.76,210.10,470.17,191.82,458.48,217.23,453.95,231.17,486.25,224.85,485.53,207.64,473.97,224.25,467.71,235.53,-0.00000,-0.01536,-0.02395,-0.03391,-0.04210,0.00359,-0.02007,-0.03248,-0.03665,-0.00120,-0.03229,-0.03644,-0.02729,-0.01081,-0.04420,-0.03533,-0.01707,-0.02159,-0.04186,-0.03220,-0.01766,-0.00661,0.08593,0.01033,-0.03093,0.05905,-0.00351,-0.03734,0.03144,-0.01157,-0.04296,0.00090,-0.01949,-0.04085,-0.02673,-0.02742,-0.02768,-0.00648,0.00519,-0.02954,-0.02493,-0.00829,-0.03109,-0.03579,-0.02377,-0.03519,-0.03328,-0.05359,-0.00371,-0.00373,0.00623,-0.00381,-0.02972,-0.02093,-0.01745,-0.01277,-0.03566,-0.02190,0.00204,-0.01907,0.01793,0.00206,-0.00184,0.01362,-0.00909,-0.03150,0.00007,0.00978,-0.03788,-0.00473,0.02616,-0.02000,0.02948,0.01984,-0.01190,0.03220,0.00690,-0.03243,0.01715,0.01884,-0.04598,0.01087,0.03475,-0.03232
1157.4456,1,1,15.80,0.55,29.92,0.14242,-0.01843,0.57977,0.63916,0.57814,0.4154,0,1,0.19434,0.10738,0.08000,0.19446,0.10751,0.07977,0.11,0.00,0.57814,-0.60972,-0.13900,0.12532,1.58557,-0.00000,0.16127,-0.60933,-0.14285,0.12755,1.58601,-0.00000,-0.17000,42,0.19623,0.09367,0.07079,0.19060,0.09130,0,0.96336,0.01257,-0.00215,0.26792,Left,0,446.37,278.04,427.64,255.86,417.81,229.48,416.89,206.37,417.78,185.45,428.11,196.90,427.80,181.91,427.76,172.15,429.53,172.43,448.90,200.28,453.50,174.11,443.84,199.28,440.24,216.27,467.79,209.31,470.17,192.33,457.88,218.30,453.11,232.09,485.61,224.80,485.66,207.77,473.98,224.80,467.22,235.65,-0.00000,-0.01491,-0.02228,-0.03075,-0.03711,0.00435,-0.01938,-0.03169,-0.03583,-0.00065,-0.03300,-0.03719,-0.02758,-0.01044,-0.04429,-0.03401,-0.01453,-0.02147,-0.04181,-0.03128,-0.01601,-0.00544,0.08579,0.01222,-0.03013,0.05956,-0.00211,-0.03529,0.03178,-0.00932,-0.04106,0.00131,-0.01733,-0.03922,-0.02617,-0.02632,-0.02827,-0.00677,0.00563,-0.02892,-0.02500,-0.00707,-0.02928,-0.03607,-0.02186,-0.03381,-0.03481,-0.05207,-0.00398,-0.00374,0.00649,-0.00267,-0.03063,-0.01989,-0.01633,-0.01292,-0.03453,-0.02093,0.00196,-0.01855,0.01800,0.00205,-0.00207,0.01534,-0.00848,-0.03176,0.00148,0.01061,-0.03799,-0.00364,0.02665,-0.01911,0.03020,0.02018,-0.01168,0.03336,0.00770,-0.03190,0.01858,0.01904,-0.04483,0.01152,0.03478,-0.03133
1157.4768,1,1,15.16,0.54,27.71,0.14176,-0.01818,0.57806,0.64670,0.57636,0.4130,0,1,0.19519,0.10804,0.07975,0.19492,0.10788,0.07959,0.12,0.00,0.57636,-0.60993,-0.13337,0.12045,1.58520,0.00001,0.16128,-0.60976,-0.13361,0.11915,1.58520,-0.00000,-0.17000,42,0.19659,0.09401,0.07049,0.19060,0.09130,0,0.96329,0.01241,-0.00151,0.26819,Left,0,446.56,278.11,427.28,256.32,417.22,230.05,417.01,206.65,417.79,185.58,429.02,198.12,428.53,182.14,427.28,172.43,427.65,174.07,449.23,201.51,453.73,174.83,443.60,200.98,440.67,217.58,467.96,210.41,469.16,192.49,456.98,218.78,453.52,231.99,485.70,225.61,484.91,208.39,473.44,225.38,468.14,235.79,-0.00000,-0.01618,-0.02523,-0.03541,-0.04342,0.00218,-0.02245,-0.03409,-0.03716,-0.00248,-0.03483,-0.03746,-0.02651,-0.01217,-0.04578,-0.03405,-0.01364,-0.02326,-0.04304,-0.03165,-0.01585,-0.00689,0.08578,0.01042,-0.03091,0.05876,-0.00416,-0.03685,0.03165,-0.01178,-0.04186,0.00080,-0.01974,-0.04029,-0.02723,-0.02803,-0.02784,-0.00687,0.00462,-0.02927,-0.02597,-0.00761,-0.03044,-0.03689,-0.02325,-0.03644,-0.03365,-0.05403,-0.00390,-0.00351,0.00640,-0.00321,-0.03026,-0.02130,-0.01742,-0.01168,-0.03536,-0.02104,0.00335,-0.01680,0.01786,0.00216,-0.00143,0.01369,-0.00845,-0.03175,-0.00050,0.01014,-0.03797,-0.00391,0.02609,-0.01872,0.02981,0.01998,-0.01106,0.03235,0.00744,-0.03161,0.01753,0.01905,-0.04443,0.01188,0.03436,-0.03066
1157.5253,1,1,15.56,0.54,45.33,0.14211,-0.01865,0.58016,0.64836,0.58225,0.3865,0,1,0.19415,0.10769,0.08000,0.19423,0.10765,0.07974,0.10,0.00,0.58225,-0.61105,-0.13989,0.12649,1.58536,0.00000,0.16131,-0.61135,-0.14106,0.12638,1.58553,-0.00000,-0.17000,42,0.19594,0.09379,0.07050,0.19060,0.09130,0,0.96312,0.01246,-0.00142,0.26878,Left,0,446.49,277.36,427.37,255.68,417.24,229.42,416.06,206.61,416.76,185.96,428.80,197.46,427.68,181.86,426.85,172.95,427.88,174.60,449.07,200.43,452.70,174.00,443.08,198.82,440.19,215.51,467.98,209.26,469.61,191.12,457.53,217.07,453.14,230.90,485.64,224.54,485.35,207.07,473.65,224.33,467.32,235.53,-0.00000,-0.01532,-0.02342,-0.03263,-0.03983,0.00288,-0.02136,-0.03354,-0.03725,-0.00196,-0.03403,-0.03786,-0.02820,-0.01164,-0.04556,-0.03545,-0.01625,-0.02252,-0.04328,-0.03295,-0.01784,-0.00612,0.08597,0.01284,-0.03088,0.05981,-0.00138,-0.03660,0.03243,-0.00908,-0.04259,0.00188,-0.01729,-0.04032,-0.02586,-0.02653,-0.02838,-0.00648,0.00547,-0.02971,-0.02505,-0.00740,-0.03068,-0.03546,-0.02199,-0.03600,-0.03240,-0.05086,-0.00384,-0.00381,0.00635,-0.00352,-0.03053,-0.01978,-0.01716,-0.01325,-0.03410,-0.02144,0.00155,-0.01775,0.01792,0.00193,-0.00222,0.01452,-0.00954,-0.03156,0.00074,0.00933,-0.03790,-0.00386,0.02579,-0.01964,0.02980,0.01981,-0.01182,0.03317,0.00663,-0.03191,0.01799,0.01843,-0.04499,0.01163,0.03447,-0.03154
1157.5547,1,1,14.26,0.15,25.51,0.14198,-0.01860,0.58019,0.64649,0.58022,0.4065,0,1,0.19413,0.10782,0.07996,0.19417,0.10771,0.07985,0.14,0.00,0.58022,-0.61145,-0.14061,0.12651,1.58561,0.00000,0.16131,-0.61135,-0.14106,0.12638,1.58553,-0.00000,-0.17000,42,0.19596,0.09389,0.07062,0.19060,0.09130,0,0.96305,0.01264,-0.00176,0.26902,Left,0,445.90,277.77,426.90,255.50,416.84,228.43,416.41,205.45,418.02,184.56,429.47,197.75,427.98,182.51,427.09,173.07,428.34,173.43,448.97,201.08,452.89,174.48,442.93,198.85,439.71,215.47,467.83,209.95,469.22,191.48,456.91,217.30,452.50,231.63,485.34,224.83,484.45,207.18,472.64,223.98,466.69,235.50,-0.00000,-0.01404,-0.02214,-0.03190,-0.04018,0.00402,-0.01982,-0.03237,-0.03656,-0.00162,-0.03350,-0.03819,-0.02908,-0.01188,-0.04568,-0.03676,-0.01818,-0.02317,-0.04349,-0.03344,-0.01847,-0.00804,0.08557,0.01099,-0.03185,0.05838,-0.00182,-0.03773,0.03093,-0.00974,-0.04220,0.00025,-0.01842,-0.03955,-0.02715,-0.02712,-0.02740,-0.00723,0.00580,-0.02928,-0.02481,-0.00756,-0.03064,-0.03556,-0.02288,-0.03524,-0.03312,-0.05249,-0.00356,-0.00371,0.00624,-0.00370,-0.02973,-0.01990,-0.01801,-0.01320,-0.03461,-0.02207,0.00206,-0.01909,0.01765,0.00228,-0.00235,0.01312,-0.00905,-0.03156,-0.00059,0.00976,-0.03714,-0.00529,0.02653,-0.01965,0.02854,0.02034,-0.01249,0.03177,0.00692,-0.03264,0.01646,0.01859,-0.04571,0.01015,0.03440,-0.03225
1157.5883,1,1,15.52,0.16,29.93,0.14161,-0.01873,0.58013,0.64794,0.58008,0.3844,0,1,0.19416,0.10819,0.08000,0.19415,0.10766,0.07980,0.48,0.00,0.58008,-0.61132,-0.14064,0.12686,1.58553,-0.00000,0.16130,-0.61135,-0.14106,0.12638,1.58553,-0.00000,-0.17000,42,0.19594,0.09385,0.07058,0.19060,0.09130,0,0.96305,0.01271,-0.00173,0.26901,Left,0,445.85,277.34,427.18,255.70,416.54,229.61,415.65,206.69,417.31,186.02,428.05,197.64,427.42,182.31,427.06,173.12,428.36,174.05,448.35,200.77,452.66,174.21,442.98,200.19,440.00,216.94,467.38,209.50,469.23,191.35,457.22,217.73,453.03,231.35,485.16,224.68,484.94,206.74,473.51,224.28,467.55,235.39,-0.00000,-0.01509,-0.02323,-0.03248,-0.03969,0.00260,-0.02096,-0.03204,-0.03518,-0.00231,-0.03402,-0.03670,-0.02614,-0.01200,-0.04581,-0.03474,-0.01484,-0.02285,-0.04335,-0.03236,-0.01682,-0.00550,0.08547,0.01334,-0.03035,0.05926,-0.00099,-0.03601,0.03200,-0.00801,-0.04227,0.00123,-0.01644,-0.03925,-0.02617,-0.02630,-0.02812,-0.00645,0.00564,-0.02951,-0.02473,-0.00688,-0.02983,-0.03567,-0.02188,-0.03500,-0.03310,-0.05038,-0.00390,-0.00379,0.00631,-0.00326,-0.03053,-0.02010,-0.01685,-0.01194,-0.03364,-0.02086,0.00265,-0.01553,0.01815,0.00203,-0.00226,0.01430,-0.00931,-0.03184,0.00065,0.00982,-0.03754,-0.00322,0.02618,-0.01840,0.02989,0.01988,-0.01214,0.03315,0.00639,-0.03194,0.01833,0.01855,-0.04486,0.01232,0.03441,-0.03110
1157.6186,1,1,13.95,0.14,26.73,0.14144,-0.01881,0.57992,0.64262,0.57970,0.3943,0,1,0.19427,0.10836,0.08000,0.19417,0.10768,0.07982,0.65,0.00,0.57970,-0.61133,-0.14066,0.12675,1.58553,-0.00000,0.16129,-0.61135,-0.14106,0.12638,1.58553,-0.00000,-0.17000,42,0.19595,0.09386,0.07059,0.19060,0.09130,0,0.96304,0.01281,-0.00184,0.26906,Left,0,445.02,278.30,426.17,256.10,416.58,229.53,416.03,206.54,416.83,185.56,428.87,197.21,427.67,182.16,426.47,172.54,427.19,174.42,448.91,200.36,452.13,174.09,441.85,199.59,438.70,216.06,467.52,209.16,468.86,190.58,456.68,216.75,452.42,230.87,484.98,224.63,484.26,206.98,472.41,224.27,466.00,235.63,-0.00000,-0.01621,-0.02489,-0.03472,-0.04240,0.00361,-0.02017,-0.03154,-0.03467,-0.00083,-0.03156,-0.03364,-0.02280,-0.01045,-0.04332,-0.03146,-0.01131,-0.02156,-0.04207,-0.03127,-0.01587,-0.00723,0.08666,0.00883,-0.03134,0.06000,-0.00480,-0.03662,0.03224,-0.01192,-0.04196,0.00184,-0.01958,-0.03980,-0.02668,-0.02713,-0.02773,-0.00644,0.00569,-0.02887,-0.02523,-0.00680,-0.03044,-0.03623,-0.02170,-0.03565,-0.03279,-0.05181,-0.00370,-0.00374,0.00668,-0.00358,-0.03064,-0.01972,-0.01794,-0.01289,-0.03372,-0.02207,0.00200,-0.01677,0.01780,0.00194,-0.00211,0.01429,-0.01009,-0.03157,0.00046,0.00887,-0.03823,-0.00441,0.02547,-0.01987,0.02933,0.01969,-0.01239,0.03204,0.00681,-0.03322,0.01718,0.01873,-0.04669,0.01048,0.03508,-0.03292
1157.6535,1,1,15.44,0.53,31.33,0.14187,-0.01851,0.58261,0.65119,0.58530,0.4053,0,1,0.19292,0.10793,0.07970,0.19284,0.10768,0.07935,0.09,0.00,0.58530,-0.61543,-0.14754,0.13752,1.58365,-0.00001,0.16128,-0.61589,-0.14891,0.13687,1.58292,-0.00000,-0.17000,42,0.19480,0.09374,0.07006,0.19060,0.09130,0,0.96262,0.01248,-0.00066,0.27057,Left,0,445.95,277.80,426.52,255.57,416.55,229.01,415.56,205.83,417.03,185.39,428.46,198.69,427.69,181.63,426.43,172.51,426.62,173.65,448.31,201.57,452.01,173.35,442.51,197.72,439.44,215.05,466.81,210.33,468.24,190.68,456.52,216.82,452.22,231.24,484.25,225.36,483.88,206.97,472.41,224.43,466.30,236.11,-0.00000,-0.01451,-0.02215,-0.03118,-0.03825,0.00385,-0.02064,-0.03341,-0.03766,-0.00159,-0.03459,-0.03962,-0.03063,-0.01174,-0.04610,-0.03624,-0.01696,-0.02302,-0.04376,-0.03324,-0.01793,-0.00642,0.08585,0.00728,-0.03095,0.05897,-0.00593,-0.03709,0.03184,-0.01202,-0.04287,0.00038,-0.01859,-0.03992,-0.02687,-0.02585,-0.02807,-0.00630,0.00530,-0.02928,-0.02592,-0.00659,-0.03033,-0.03707,-0.02185,-0.03630,-0.03399,-0.05108,-0.00394,-0.00372,0.00673,-0.00336,-0.03195,-0.01889,-0.01721,-0.01525,-0.03488,-0.02119,-0.00021,-0.01985,0.01795,0.00185,-0.00219,0.01382,-0.01085,-0.03114,0.00028,0.00809,-0.03835,-0.00382,0.02540,-0.02133,0.02933,0.01912,-0.01264,0.03266,0.00556,-0.03259,0.01794,0.01766,-0.04630,0.01163,0.03391,-0.03247
1157.6837,1,1,14.53,0.14,27.03,0.14162,-0.01834,0.58259,0.65325,0.58257,0.4137,0,1,0.19293,0.10818,0.07952,0.19285,0.10790,0.07955,0.32,0.00,0.58257,-0.61632,-0.14900,0.13782,1.58288,0.00000,0.16129,-0.61589,-0.14891,0.13687,1.58292,-0.00000,-0.17000,42,0.19472,0.09398,0.07017,0.19060,0.09130,0,0.96242,0.01280,-0.00144,0.27127,Left,0,445.63,277.69,426.37,255.67,416.08,228.86,415.25,205.38,416.13,183.93,428.27,198.65,427.25,182.09,425.88,173.52,427.16,174.56,447.87,201.83,452.07,173.71,441.88,199.24,439.30,216.18,466.65,210.48,468.09,191.15,455.78,217.69,451.89,232.36,484.09,224.98,483.38,206.95,471.61,223.85,465.83,235.40,-0.00000,-0.01617,-0.02515,-0.03553,-0.04409,0.00291,-0.02170,-0.03417,-0.03799,-0.00168,-0.03390,-0.03772,-0.02770,-0.01126,-0.04559,-0.03587,-0.01641,-0.02209,-0.04236,-0.03200,-0.01675,-0.00733,0.08579,0.00783,-0.03126,0.05850,-0.00561,-0.03786,0.03109,-0.01241,-0.04288,0.00002,-0.01890,-0.04089,-0.02907,-0.02638,-0.02754,-0.00662,0.00534,-0.02888,-0.02545,-0.00777,-0.03090,-0.03591,-0.02342,-0.03536,-0.03250,-0.05241,-0.00380,-0.00358,0.00659,-0.00356,-0.03067,-0.02038,-0.01791,-0.01345,-0.03570,-0.02166,0.00213,-0.01849,0.01772,0.00216,-0.00194,0.01319,-0.00949,-0.03160,-0.00041,0.00966,-0.03789,-0.00468,0.02705,-0.01962,0.02911,0.01962,-0.01230,0.03197,0.00633,-0.03254,0.01669,0.01794,-0.04612,0.01088,0.03422,-0.03253
1157.7180,1,1,15.22,0.60,30.87,0.14105,-0.01814,0.58028,0.65141,0.57798,0.3758,0,1,0.19408,0.10874,0.07933,0.19382,0.10855,0.07899,0.14,0.00,0.57798,-0.61615,-0.13676,0.12854,1.58155,0.00000,0.16128,-0.61619,-0.13838,0.12738,1.58172,-0.00000,-0.17000,42,0.19563,0.09456,0.06950,0.19060,0.09130,0,0.96244,0.01249,-0.00037,0.27121,Left,0,445.57,278.22,426.09,255.92,415.95,229.15,415.44,205.86,416.42,184.74,428.68,198.31,428.37,181.59,426.20,172.66,426.25,174.39,448.19,201.64,451.93,173.88,441.34,200.23,439.00,217.38,466.78,210.44,467.85,191.13,455.61,218.09,452.60,232.36,484.38,225.31,483.14,207.32,471.82,224.73,467.22,235.80,-0.00000,-0.01527,-0.02365,-0.03345,-0.04134,0.00406,-0.02073,-0.03290,-0.03623,-0.00083,-0.03314,-0.03614,-0.02530,-0.01079,-0.04482,-0.03364,-0.01320,-0.02202,-0.04213,-0.03101,-0.01517,-0.00740,0.08636,0.00818,-0.03121,0.05881,-0.00493,-0.03779,0.03156,-0.01185,-0.04273,0.00021,-0.01902,-0.04093,-0.02826,-0.02737,-0.02721,-0.00703,0.00545,-0.02839,-0.02604,-0.00715,-0.03049,-0.03636,-0.02240,-0.03659,-0.03321,-0.05072,-0.00361,-0.00361,0.00661,-0.00393,-0.03085,-0.02022,-0.01863,-0.01268,-0.03408,-0.02193,0.00300,-0.01625,0.01752,0.00228,-0.00209,0.01271,-0.00934,-0.03166,-0.00137,0.00968,-0.03778,-0.00393,0.02684,-0.01922,0.02866,0.01995,-0.01238,0.03128,0.00652,-0.03270,0.01639,0.01857,-0.04549,0.01165,0.03447,-0.03167
1157.7490,1,1,15.23,0.59,27.38,0.14138,-0.01800,0.58370,0.65504,0.58711,0.3517,0,1,0.19238,0.10842,0.07918,0.19169,0.10791,0.07849,0.12,0.01,0.58711,-0.61998,-0.15189,0.14848,1.57922,-0.00000,0.16129,-0.61975,-0.15019,0.14230,1.57880,-0.00000,-0.17000,42,0.19369,0.09381,0.06902,0.19060,0.09130,0,0.96206,0.01211,0.00084,0.27258,Left,0,445.41,278.69,425.91,256.21,416.16,230.12,415.82,206.69,416.99,185.64,427.11,199.08,425.79,183.07,425.51,173.58,427.72,174.42,447.12,201.89,451.63,173.62,441.97,197.82,438.91,214.84,465.81,210.53,467.75,191.54,455.56,217.50,451.19,231.66,483.44,225.55,483.07,207.92,471.48,224.65,465.40,235.58,-0.00000,-0.01618,-0.02431,-0.03383,-0.04128,0.00485,-0.02005,-0.03326,-0.03770,0.00018,-0.03323,-0.03831,-0.02887,-0.00960,-0.04414,-0.03436,-0.01474,-0.02079,-0.04104,-0.03076,-0.01549,-0.00624,0.08695,0.01010,-0.03072,0.05969,-0.00524,-0.03660,0.03233,-0.01296,-0.04156,0.00087,-0.02171,-0.03932,-0.02779,-0.02993,-0.02831,-0.00642,0.00459,-0.02976,-0.02558,-0.00767,-0.03041,-0.03666,-0.02287,-0.03392,-0.03389,-0.05164,-0.00424,-0.00374,0.00653,-0.00312,-0.03216,-0.01924,-0.01637,-0.01579,-0.03541,-0.02079,-0.00063,-0.01993,0.01810,0.00195,-0.00158,0.01453,-0.01021,-0.03099,0.00084,0.00806,-0.03828,-0.00390,0.02527,-0.02027,0.03024,0.01957,-0.01097,0.03325,0.00633,-0.03185,0.01823,0.01759,-0.04596,0.01207,0.03351,-0.03240
1157.7806,1,1,14.77,0.56,27.73,0.14209,-0.01791,0.58625,0.65776,0.58881,0.3628,0,1,0.19110,0.10771,0.07910,0.19089,0.10765,0.07906,0.14,0.01,0.58881,-0.62131,-0.16535,0.15908,1.57727,-0.00000,0.16126,-0.62083,-0.16272,0.15653,1.57709,-0.00000,-0.17000,42,0.19288,0.09362,0.06947,0.19060,0.09130,0,0.96179,0.01293,-0.00122,0.27347,Left,0,445.25,278.51,426.16,256.11,416.41,229.60,415.33,206.73,416.70,186.13,428.33,199.22,426.13,182.46,424.92,174.16,426.52,176.31,447.78,202.08,451.35,174.29,441.46,199.24,438.89,216.03,466.57,210.76,467.40,191.61,455.37,217.48,451.80,231.53,484.17,225.50,483.03,207.78,471.54,224.39,466.39,235.42,-0.00000,-0.01432,-0.02270,-0.03291,-0.04140,0.00459,-0.02012,-0.03297,-0.03691,-0.00088,-0.03277,-0.03682,-0.02706,-0.01125,-0.04472,-0.03511,-0.01602,-0.02279,-0.04237,-0.03193,-0.01676,-0.00712,0.08655,0.01270,-0.03134,0.05937,-0.00234,-0.03787,0.03188,-0.01058,-0.04330,0.00107,-0.01947,-0.04088,-0.02751,-0.02861,-0.02804,-0.00696,0.00523,-0.02995,-0.02585,-0.00797,-0.03196,-0.03576,-0.02333,-0.03627,-0.03124,-0.05165,-0.00380,-0.00391,0.00623,-0.00422,-0.03090,-0.02034,-0.01843,-0.01374,-0.03543,-0.02211,0.00152,-0.01819,0.01772,0.00231,-0.00200,0.01263,-0.00961,-0.03163,-0.00117,0.00934,-0.03791,-0.00461,0.02606,-0.01936,0.02935,0.01995,-0.01155,0.03173,0.00707,-0.03250,0.01648,0.01826,-0.04588,0.01115,0.03443,-0.03157
1157.8131,1,1,14.80,0.55,28.79,0.14319,-0.01756,0.59031,0.65345,0.59436,0.3709,0,1,0.18907,0.10661,0.07875,0.18820,0.10594,0.07806,0.20,0.01,0.59436,-0.62230,-0.18622,0.18814,1.57415,0.00000,0.16127,-0.62233,-0.18218,0.18006,1.57309,-0.00000,-0.17000,42,0.19019,0.09187,0.06840,0.19060,0.09130,0,0.96167,0.01186,0.00188,0.27394,Left,0,446.06,278.90,426.34,256.58,416.72,229.93,416.38,206.85,417.72,186.59,428.19,200.46,425.62,183.90,425.51,174.55,427.73,176.06,447.80,203.10,452.05,174.83,442.99,198.31,439.86,215.90,466.58,211.47,468.22,192.28,456.65,218.01,452.27,233.07,484.15,225.85,483.61,207.86,472.34,224.60,466.40,236.56,-0.00000,-0.01458,-0.02301,-0.03316,-0.04159,0.00380,-0.02172,-0.03572,-0.04046,-0.00179,-0.03539,-0.04152,-0.03300,-0.01213,-0.04694,-0.03848,-0.01977,-0.02358,-0.04429,-0.03442,-0.01935,-0.00761,0.08552,0.00487,-0.03209,0.05856,-0.00891,-0.03781,0.03091,-0.01567,-0.04240,0.00016,-0.02237,-0.03960,-0.02787,-0.02867,-0.02830,-0.00642,0.00488,-0.03037,-0.02530,-0.00785,-0.03182,-0.03634,-0.02330,-0.03491,-0.03225,-0.05225,-0.00406,-0.00378,0.00650,-0.00347,-0.03148,-0.01922,-0.01688,-0.01559,-0.03596,-0.02105,0.00046,-0.02117,0.01801,0.00200,-0.00166,0.01400,-0.01041,-0.03128,0.00010,0.00869,-0.03855,-0.00423,0.02648,-0.02079,0.03013,0.01888,-0.01209,0.03284,0.00568,-0.03252,0.01779,0.01720,-0.04680,0.01205,0.03396,-0.03289
1157.8440,1,1,14.57,0.55,27.89,0.14192,-0.01713,0.58224,0.64256,0.57418,0.4579,0,1,0.19310,0.10788,0.07832,0.19090,0.10631,0.07483,0.35,0.01,0.57418,-0.61543,-0.14038,0.16176,1.57322,-0.00000,0.16110,-0.61579,-0.15195,0.14907,1.57344,-0.00000,-0.17000,42,0.19264,0.09226,0.06536,0.19060,0.09130,0,0.96253,0.00899,0.01018,0.27083,Left,0,446.64,279.30,426.76,256.71,416.46,229.07,415.97,205.20,416.20,183.95,429.90,199.18,428.08,183.00,426.40,173.79,426.80,174.89,449.28,202.78,452.60,175.57,442.56,201.12,439.61,217.90,467.84,211.66,468.57,192.61,456.57,218.84,452.80,233.21,485.20,226.44,483.84,208.81,472.23,225.60,466.60,236.82,-0.00000,-0.01404,-0.02225,-0.03239,-0.04099,0.00539,-0.01908,-0.03198,-0.03610,-0.00042,-0.03213,-0.03596,-0.02606,-0.01116,-0.04490,-0.03492,-0.01553,-0.02308,-0.04294,-0.03222,-0.01682,-0.00811,0.08524,0.00294,-0.03187,0.05763,-0.00817,-0.03784,0.03000,-0.01441,-0.04281,-0.00132,-0.01879,-0.04237,-0.03010,-0.02488,-0.02676,-0.00680,0.00604,-0.02894,-0.02606,-0.00652,-0.03139,-0.03663,-0.02231,-0.03678,-0.03348,-0.05339,-0.00336,-0.00332,0.00688,-0.00418,-0.03014,-0.02013,-0.01885,-0.01255,-0.03491,-0.02291,0.00309,-0.01855,0.01716,0.00218,-0.00220,0.01227,-0.00886,-0.03173,-0.00128,0.00997,-0.03887,-0.00524,0.02666,-0.02082,0.02805,0.01954,-0.01351,0.03047,0.00699,-0.03377,0.01540,0.01855,-0.04663,0.00974,0.03425,-0.03346
1157.8783,1,1,16.98,0.16,31.29,0.14230,-0.01695,0.58169,0.65104,0.58113,0.4198,0,1,0.19338,0.10750,0.07814,0.19259,0.10746,0.07719,0.71,0.01,0.58113,-0.61521,-0.14437,0.14969,1.57322,0.00000,0.16110,-0.61579,-0.15195,0.14907,1.57344,-0.00000,-0.17000,42,0.19439,0.09329,0.06753,0.19060,0.09130,0,0.96263,0.01170,0.00279,0.27056,Left,0,446.07,278.80,426.94,257.05,417.17,230.47,416.59,207.58,416.94,187.01,429.99,199.97,428.49,183.41,426.11,175.09,425.78,176.98,449.69,203.11,453.24,175.98,442.57,201.91,439.70,218.79,468.53,211.81,469.45,193.05,456.82,219.74,453.06,234.39,486.12,226.36,485.16,208.94,473.04,225.97,467.31,237.37,-0.00000,-0.01669,-0.02638,-0.03725,-0.04622,0.00102,-0.02498,-0.03840,-0.04252,-0.00336,-0.03614,-0.03995,-0.02994,-0.01279,-0.04743,-0.03734,-0.01767,-0.02353,-0.04419,-0.03367,-0.01821,-0.00868,0.08517,0.00956,-0.03251,0.05839,-0.00483,-0.03838,0.03105,-0.01266,-0.04347,0.00071,-0.02026,-0.04184,-0.02760,-0.02758,-0.02792,-0.00696,0.00454,-0.03010,-0.02532,-0.00963,-0.03262,-0.03498,-0.02524,-0.03922,-0.03098,-0.05454,-0.00367,-0.00365,0.00638,-0.00385,-0.02997,-0.02159,-0.01908,-0.01194,-0.03622,-0.02295,0.00350,-0.01815,0.01807,0.00216,-0.00136,0.01330,-0.00932,-0.03201,-0.00122,0.01017,-0.03860,-0.00556,0.02726,-0.01968,0.02935,0.01944,-0.01134,0.03199,0.00660,-0.03193,0.01627,0.01845,-0.04572,0.01039,0.03447,-0.03193
1157.9089,1,1,15.17,0.53,27.19,0.14202,-0.01607,0.57866,0.64809,0.57563,0.4160,0,1,0.19490,0.10777,0.07726,0.19499,0.10776,0.07721,0.26,0.00,0.57563,-0.60918,-0.13485,0.13975,1.56705,0.00001,0.16113,-0.60991,-0.13874,0.14254,1.56694,-0.00000,-0.17000,42,0.19657,0.09374,0.06740,0.19060,0.09130,0,0.96326,0.01257,0.00041,0.26827,Left,0,446.84,279.76,428.13,257.58,417.76,230.21,416.78,206.53,417.81,185.16,430.85,201.41,430.50,184.72,427.42,176.59,425.61,178.41,449.99,204.63,453.58,176.55,443.34,201.64,440.42,219.17,468.61,213.31,469.42,193.48,457.19,220.04,453.32,235.27,486.14,227.78,485.12,209.50,473.31,226.69,467.64,238.60,-0.00000,-0.01601,-0.02494,-0.03523,-0.04376,0.00305,-0.02276,-0.03646,-0.04080,-0.00161,-0.03443,-0.03912,-0.02966,-0.01132,-0.04641,-0.03735,-0.01812,-0.02222,-0.04334,-0.03335,-0.01818,-0.00864,0.08431,0.00382,-0.03240,0.05734,-0.00803,-0.03848,0.02937,-0.01384,-0.04369,-0.00171,-0.01898,-0.04101,-0.03044,-0.02553,-0.02715,-0.00642,0.00535,-0.02845,-0.02530,-0.00825,-0.03151,-0.03514,-0.02360,-0.03976,-0.03159,-0.05194,-0.00348,-0.00340,0.00693,-0.00414,-0.03081,-0.02051,-0.01875,-0.01372,-0.03563,-0.02273,0.00205,-0.01993,0.01730,0.00198,-0.00213,0.01255,-0.00976,-0.03175,-0.00156,0.00923,-0.03918,-0.00568,0.02714,-0.02151,0.02816,0.01900,-0.01311,0.03123,0.00592,-0.03301,0.01578,0.01764,-0.04663,0.01005,0.03392,-0.03319
1157.9576,1,1,15.45,0.52,45.23,0.14263,-0.01545,0.57985,0.64900,0.58105,0.4324,0,1,0.19430,0.10716,0.07664,0.19435,0.10727,0.07652,0.04,0.00,0.58105,-0.60899,-0.14229,0.15303,1.56104,0.00000,0.16116,-0.60879,-0.14431,0.15417,1.56103,-0.00000,-0.17000,42,0.19622,0.09332,0.06663,0.19060,0.09130,0,0.96333,0.01276,0.00030,0.26801,Left,0,446.76,280.18,428.09,257.95,418.26,230.90,417.78,207.65,419.09,186.64,431.57,201.92,431.48,185.62,428.59,177.45,426.56,179.20,450.36,205.09,453.72,177.39,443.57,200.17,439.84,216.88,468.70,213.78,469.77,193.51,457.51,218.84,452.59,234.33,485.81,228.27,484.87,210.34,473.00,226.76,466.67,238.99,-0.00000,-0.01653,-0.02615,-0.03708,-0.04623,0.00176,-0.02424,-0.03885,-0.04396,-0.00273,-0.03514,-0.04130,-0.03358,-0.01209,-0.04642,-0.03874,-0.02104,-0.02274,-0.04378,-0.03475,-0.02050,-0.00949,0.08415,0.00378,-0.03274,0.05680,-0.00769,-0.03833,0.02970,-0.01416,-0.04353,-0.00114,-0.01996,-0.04114,-0.02870,-0.02608,-0.02676,-0.00643,0.00571,-0.02747,-0.02511,-0.00813,-0.03124,-0.03540,-0.02386,-0.03917,-0.03122,-0.05323,-0.00359,-0.00363,0.00668,-0.00444,-0.03070,-0.01972,-0.01941,-0.01574,-0.03618,-0.02457,-0.00081,-0.02358,0.01707,0.00218,-0.00228,0.01226,-0.01052,-0.03119,-0.00219,0.00784,-0.03833,-0.00725,0.02549,-0.02251,0.02779,0.01914,-0.01343,0.03052,0.00616,-0.03316,0.01507,0.01759,-0.04712,0.00867,0.03406,-0.03356
1157.9871,1,1,14.10,0.15,25.63,0.14302,-0.01479,0.58019,0.65079,0.58053,0.4263,0,1,0.19413,0.10678,0.07598,0.19411,0.10704,0.07643,0.81,0.00,0.58053,-0.60872,-0.14381,0.15524,1.56133,0.00000,0.16112,-0.60879,-0.14431,0.15417,1.56103,-0.00000,-0.17000,42,0.19594,0.09303,0.06641,0.19060,0.09130,0,0.96337,0.01247,0.00128,0.26787,Left,0,446.57,280.70,427.88,258.42,418.62,231.04,417.97,207.77,418.36,186.83,431.37,202.31,430.16,185.78,429.44,178.02,429.85,181.12,450.79,205.61,454.73,178.08,444.75,200.93,440.34,219.24,469.33,214.56,470.70,194.64,458.27,219.54,452.79,235.70,486.51,229.34,485.58,210.70,473.85,226.65,467.37,239.18,-0.00000,-0.01528,-0.02345,-0.03330,-0.04148,0.00463,-0.02083,-0.03562,-0.04076,-0.00021,-0.03265,-0.03956,-0.03201,-0.00993,-0.04389,-0.03659,-0.01890,-0.02081,-0.04122,-0.03205,-0.01757,-0.01012,0.08458,0.00559,-0.03331,0.05679,-0.00713,-0.03880,0.02923,-0.01379,-0.04316,-0.00151,-0.01895,-0.04141,-0.02988,-0.02495,-0.02737,-0.00697,0.00522,-0.02862,-0.02554,-0.00896,-0.03032,-0.03460,-0.02433,-0.03554,-0.02960,-0.05173,-0.00362,-0.00348,0.00677,-0.00311,-0.03063,-0.02009,-0.01787,-0.01479,-0.03662,-0.02368,0.00117,-0.02212,0.01778,0.00207,-0.00194,0.01343,-0.01017,-0.03149,-0.00111,0.00778,-0.03893,-0.00734,0.02593,-0.02211,0.02848,0.01948,-0.01262,0.03141,0.00585,-0.03263,0.01605,0.01627,-0.04684,0.00928,0.03387,-0.03410
1158.0205,1,1,14.89,0.54,29.71,0.14414,-0.01389,0.58361,0.65153,0.58703,0.3937,0,1,0.19242,0.10566,0.07507,0.19241,0.10564,0.07483,0.09,0.01,0.58703,-0.60779,-0.16938,0.19494,1.54268,0.00000,0.16111,-0.60791,-0.16453,0.18780,1.54777,-0.00000,-0.17000,42,0.19415,0.09160,0.06478,0.19060,0.09130,0,0.96346,0.01317,-0.00055,0.26753,Left,0,447.72,281.92,429.18,259.04,419.32,232.06,418.33,208.88,420.28,188.20,431.15,203.84,429.60,188.00,428.49,179.28,429.17,180.40,450.74,206.93,455.66,179.19,445.77,201.31,441.60,218.91,469.45,215.70,471.33,196.51,458.77,221.26,453.45,236.44,486.72,230.33,486.21,212.45,474.32,228.64,467.77,240.55,-0.00000,-0.01475,-0.02278,-0.03249,-0.04059,0.00509,-0.02022,-0.03508,-0.04065,-0.00017,-0.03345,-0.04085,-0.03349,-0.01020,-0.04480,-0.03779,-0.02013,-0.02132,-0.04169,-0.03246,-0.01796,-0.00873,0.08442,0.00464,-0.03237,0.05685,-0.00784,-0.03849,0.02895,-0.01396,-0.04349,-0.00194,-0.01975,-0.03970,-0.03012,-0.02626,-0.02776,-0.00705,0.00537,-0.02948,-0.02498,-0.00844,-0.03154,-0.03527,-0.02377,-0.03678,-0.03200,-0.05169,-0.00381,-0.00365,0.00658,-0.00295,-0.03125,-0.01886,-0.01700,-0.01652,-0.03619,-0.02245,-0.00088,-0.02353,0.01780,0.00233,-0.00212,0.01353,-0.01001,-0.03117,-0.00079,0.00802,-0.03880,-0.00624,0.02570,-0.02226,0.02905,0.01924,-0.01288,0.03217,0.00644,-0.03289,0.01646,0.01749,-0.04704,0.01009,0.03374,-0.03437
1158.0518,1,1,14.01,0.49,27.52,0.14367,-0.01271,0.58043,0.64515,0.57725,0.4336,0,1,0.19401,0.10612,0.07390,0.19323,0.10568,0.07231,0.24,0.00,0.57725,-0.60546,-0.14413,0.18532,1.54101,0.00000,0.16101,-0.60523,-0.15361,0.18355,1.54082,-0.00000,-0.17000,42,0.19492,0.09166,0.06236,0.19060,0.09130,0,0.96378,0.01106,0.00581,0.26642,Left,0,447.66,284.15,428.96,261.33,419.27,233.72,418.91,209.97,419.69,188.72,431.85,204.92,431.37,189.60,429.17,180.83,428.26,182.82,451.25,207.94,455.76,180.76,445.78,204.81,442.17,222.81,469.69,216.48,470.93,197.89,458.98,223.73,454.96,239.03,487.06,231.11,485.98,212.73,474.73,229.58,469.36,241.62,-0.00000,-0.01432,-0.02218,-0.03192,-0.04005,0.00648,-0.01902,-0.03349,-0.03842,0.00091,-0.03188,-0.03787,-0.02929,-0.00965,-0.04376,-0.03488,-0.01598,-0.02143,-0.04114,-0.03062,-0.01527,-0.00961,0.08484,-0.00079,-0.03219,0.05711,-0.01162,-0.03761,0.02950,-0.01651,-0.04230,-0.00185,-0.02030,-0.04000,-0.03106,-0.02544,-0.02687,-0.00658,0.00592,-0.02807,-0.02453,-0.00763,-0.03107,-0.03474,-0.02330,-0.03795,-0.03086,-0.05296,-0.00374,-0.00342,0.00713,-0.00324,-0.03050,-0.01881,-0.01738,-0.01457,-0.03536,-0.02165,0.00166,-0.02188,0.01711,0.00219,-0.00233,0.01281,-0.00963,-0.03130,-0.00091,0.00901,-0.03883,-0.00495,0.02666,-0.02232,0.02790,0.01892,-0.01408,0.03061,0.00573,-0.03336,0.01598,0.01689,-0.04714,0.01122,0.03311,-0.03441
1158.0856,1,1,15.53,0.61,29.90,0.14347,-0.01229,0.57879,0.64493,0.57715,0.3868,0,1,0.19483,0.10632,0.07348,0.19455,0.10607,0.07350,0.14,0.00,0.57715,-0.60317,-0.14751,0.18103,1.53799,0.00000,0.16104,-0.60357,-0.14620,0.17919,1.53777,-0.00000,-0.17000,42,0.19618,0.09200,0.06340,0.19060,0.09130,0,0.96406,0.01262,0.00144,0.26539,Left,0,447.72,284.00,429.50,260.92,419.73,235.10,418.50,212.10,419.82,191.13,431.26,203.89,429.90,188.92,428.77,181.16,429.89,183.63,451.40,207.36,456.02,181.38,445.64,207.61,442.51,224.35,470.15,216.28,471.76,198.42,459.04,223.79,454.94,237.72,487.41,231.50,487.25,214.20,475.16,230.59,468.96,241.78,-0.00000,-0.01712,-0.02642,-0.03685,-0.04504,0.00401,-0.02031,-0.03263,-0.03640,0.00011,-0.03153,-0.03476,-0.02450,-0.00915,-0.04278,-0.03262,-0.01328,-0.01989,-0.04002,-0.02983,-0.01487,-0.00702,0.08506,0.01417,-0.03085,0.05782,-0.00155,-0.03675,0.03087,-0.00916,-0.04314,0.00015,-0.01689,-0.04001,-0.02871,-0.02651,-0.02779,-0.00695,0.00478,-0.02968,-0.02476,-0.00993,-0.03079,-0.03401,-0.02487,-0.03631,-0.02957,-0.05142,-0.00393,-0.00382,0.00639,-0.00282,-0.02946,-0.02220,-0.01748,-0.01073,-0.03681,-0.02123,0.00357,-0.01608,0.01784,0.00243,-0.00160,0.01368,-0.00886,-0.03203,-0.00040,0.00975,-0.03899,-0.00467,0.02596,-0.01985,0.02941,0.02007,-0.01084,0.03230,0.00734,-0.03131,0.01684,0.01873,-0.04513,0.01052,0.03472,-0.03217
1158.1155,1,1,14.27,0.51,26.33,0.14425,-0.01160,0.57936,0.64046,0.57993,0.4200,0,1,0.19454,0.10554,0.07279,0.19419,0.10526,0.07233,0.05,0.00,0.57993,-0.60073,-0.15008,0.19222,1.53225,0.00000,0.16107,-0.60108,-0.15102,0.18990,1.53199,-0.00000,-0.17000,42,0.19578,0.09119,0.06215,0.19060,0.09130,0,0.96438,0.01204,0.00339,0.26423,Left,0,448.12,284.49,429.56,261.46,419.93,234.86,418.86,212.10,419.77,191.15,433.23,205.32,431.89,190.32,429.57,181.77,428.65,183.75,452.57,208.55,456.85,182.52,446.16,207.25,442.41,224.03,471.02,217.31,472.22,199.33,459.71,224.91,455.57,239.33,488.13,232.17,487.34,214.66,475.47,230.89,469.64,242.23,-0.00000,-0.01524,-0.02398,-0.03447,-0.04319,0.00503,-0.02021,-0.03382,-0.03820,-0.00008,-0.03206,-0.03651,-0.02709,-0.01033,-0.04410,-0.03472,-0.01571,-0.02187,-0.04165,-0.03128,-0.01609,-0.00963,0.08406,0.00371,-0.03300,0.05668,-0.00827,-0.03867,0.02940,-0.01462,-0.04454,-0.00119,-0.01981,-0.04191,-0.02955,-0.02624,-0.02710,-0.00675,0.00531,-0.02938,-0.02494,-0.00845,-0.03189,-0.03495,-0.02404,-0.03929,-0.03087,-0.05294,-0.00354,-0.00357,0.00686,-0.00363,-0.02974,-0.02091,-0.01859,-0.01241,-0.03593,-0.02325,0.00269,-0.01876,0.01760,0.00241,-0.00188,0.01286,-0.00901,-0.03191,-0.00148,0.00971,-0.03921,-0.00566,0.02650,-0.02049,0.02836,0.01929,-0.01298,0.03104,0.00665,-0.03282,0.01550,0.01817,-0.04664,0.00981,0.03365,-0.03398
1158.1486,1,1,14.37,0.16,29.59,0.14469,-0.01124,0.58001,0.65052,0.58066,0.3426,0,1,0.19422,0.10511,0.07243,0.19439,0.10544,0.07259,0.68,0.00,0.58066,-0.60090,-0.15066,0.19111,1.53189,0.00000,0.16108,-0.60108,-0.15102,0.18990,1.53199,-0.00000,-0.17000,42,0.19608,0.09136,0.06227,0.19060,0.09130,0,0.96437,0.01246,0.00242,0.26426,Left,0,448.10,284.95,429.78,262.03,419.97,236.87,419.25,213.80,420.53,192.83,432.26,204.92,430.65,189.57,430.08,182.46,431.65,185.60,452.58,208.28,457.41,182.74,447.01,207.77,443.49,224.02,471.27,217.21,473.44,199.46,460.45,224.47,455.91,238.54,488.37,232.69,488.07,215.41,476.02,231.60,469.73,242.88,-0.00000,-0.01547,-0.02406,-0.03409,-0.04202,0.00520,-0.01815,-0.02999,-0.03358,0.00064,-0.02955,-0.03289,-0.02327,-0.00900,-0.04117,-0.03091,-0.01203,-0.02001,-0.03937,-0.02898,-0.01409,-0.00787,0.08588,0.01361,-0.03151,0.05869,-0.00081,-0.03718,0.03141,-0.00916,-0.04299,0.00115,-0.01748,-0.03968,-0.02769,-0.02713,-0.02768,-0.00753,0.00499,-0.02984,-0.02532,-0.00873,-0.03022,-0.03354,-0.02268,-0.03505,-0.02956,-0.04903,-0.00375,-0.00387,0.00630,-0.00207,-0.02980,-0.02146,-0.01662,-0.01166,-0.03615,-0.02038,0.00252,-0.01680,0.01798,0.00251,-0.00194,0.01500,-0.00908,-0.03168,0.00045,0.00908,-0.03925,-0.00417,0.02523,-0.01927,0.02954,0.02018,-0.01114,0.03235,0.00761,-0.03155,0.01725,0.01871,-0.04560,0.01041,0.03491,-0.03318
1158.1801,1,1,14.65,0.52,27.58,0.14639,-0.00996,0.58515,0.64739,0.59028,0.4126,0,1,0.19165,0.10341,0.07115,0.19232,0.10386,0.07109,0.19,0.02,0.59028,-0.60018,-0.18214,0.23641,1.51138,0.00000,0.16109,-0.60028,-0.18023,0.23409,1.51725,-0.00000,-0.17000,42,0.19397,0.08978,0.06072,0.19060,0.09130,0,0.96442,0.01358,-0.00063,0.26404,Left,0,449.49,286.71,430.59,263.71,420.99,236.28,419.92,212.81,420.99,191.66,433.35,207.89,431.64,192.90,430.89,183.99,432.29,184.84,452.70,210.94,457.39,184.02,447.41,207.74,443.77,225.05,471.33,219.56,473.20,200.56,460.95,225.62,456.25,240.74,488.44,234.15,488.22,215.96,476.27,232.10,469.78,244.23,-0.00000,-0.01442,-0.02230,-0.03213,-0.04048,0.00677,-0.01781,-0.03190,-0.03705,0.00135,-0.03070,-0.03644,-0.02800,-0.00905,-0.04300,-0.03489,-0.01664,-0.02061,-0.04077,-0.03115,-0.01643,-0.00892,0.08459,-0.00045,-0.03230,0.05681,-0.01129,-0.03848,0.02890,-0.01682,-0.04347,-0.00252,-0.02080,-0.04069,-0.03181,-0.02610,-0.02746,-0.00703,0.00544,-0.02896,-0.02475,-0.00864,-0.03063,-0.03466,-0.02382,-0.03491,-0.03188,-0.05229,-0.00369,-0.00352,0.00699,-0.00261,-0.03035,-0.01974,-0.01669,-0.01440,-0.03573,-0.02154,0.00137,-0.02069,0.01749,0.00234,-0.00204,0.01389,-0.00986,-0.03123,-0.00026,0.00814,-0.03916,-0.00469,0.02561,-0.02175,0.02910,0.01881,-0.01346,0.03215,0.00567,-0.03348,0.01684,0.01668,-0.04771,0.01019,0.03313,-0.03494
1158.2119,1,1,14.98,0.15,28.02,0.14633,-0.00918,0.58361,0.64392,0.58206,0.3946,0,1,0.19242,0.10347,0.07037,0.18981,0.10216,0.06818,0.95,0.02,0.58206,-0.60029,-0.17446,0.24790,1.51643,-0.00000,0.16084,-0.60028,-0.18023,0.23409,1.51725,-0.00000,-0.17000,42,0.19143,0.08805,0.05807,0.19060,0.09130,0,0.96444,0.00996,0.01014,0.26392,Left,0,448.76,287.35,430.19,265.17,420.71,238.11,420.09,214.89,421.38,193.96,433.36,207.32,431.35,192.25,430.48,183.51,431.74,186.07,453.08,210.87,457.27,185.22,446.74,210.17,443.39,226.47,471.92,219.77,473.37,201.31,460.78,226.90,456.57,240.97,489.26,234.70,488.58,217.23,476.73,233.57,471.00,244.75,-0.00000,-0.01519,-0.02406,-0.03456,-0.04322,0.00397,-0.02013,-0.03216,-0.03563,-0.00110,-0.03200,-0.03515,-0.02517,-0.01119,-0.04384,-0.03323,-0.01397,-0.02262,-0.04230,-0.03174,-0.01661,-0.00886,0.08536,0.00708,-0.03265,0.05818,-0.00587,-0.03775,0.03031,-0.01323,-0.04268,-0.00079,-0.01973,-0.04059,-0.02880,-0.02701,-0.02759,-0.00702,0.00520,-0.02967,-0.02537,-0.00805,-0.03112,-0.03544,-0.02322,-0.03581,-0.03098,-0.05227,-0.00369,-0.00348,0.00641,-0.00358,-0.02951,-0.02118,-0.01817,-0.01168,-0.03551,-0.02204,0.00313,-0.01798,0.01776,0.00243,-0.00174,0.01396,-0.00900,-0.03182,-0.00062,0.00949,-0.03906,-0.00434,0.02610,-0.02020,0.02939,0.01986,-0.01220,0.03198,0.00692,-0.03230,0.01720,0.01842,-0.04546,0.01131,0.03430,-0.03253
1158.2449,1,1,15.05,0.64,29.23,0.14761,-0.00802,0.58731,0.64796,0.59101,0.4109,0,1,0.19057,0.10219,0.06921,0.19035,0.10204,0.06875,0.07,0.01,0.59101,-0.59806,-0.19704,0.26882,1.49931,-0.00000,0.16071,-0.59823,-0.19487,0.26275,1.50311,-0.00000,-0.17000,42,0.19198,0.08802,0.05848,0.19060,0.09130,0,0.96467,0.01312,0.00119,0.26312,Left,0,449.64,287.66,431.00,265.78,421.38,238.86,420.58,215.73,421.45,195.12,433.88,209.12,431.66,192.61,431.23,184.93,432.67,187.88,453.38,212.69,457.60,185.96,447.35,209.61,443.51,226.65,472.04,221.81,474.14,202.35,461.35,227.23,456.09,242.57,489.20,236.55,489.38,218.77,477.16,234.24,470.15,246.11,-0.00000,-0.01643,-0.02593,-0.03681,-0.04586,0.00190,-0.02340,-0.03725,-0.04189,-0.00257,-0.03433,-0.03952,-0.03118,-0.01200,-0.04572,-0.03762,-0.01981,-0.02272,-0.04325,-0.03424,-0.02008,-0.00864,0.08388,0.00930,-0.03271,0.05677,-0.00425,-0.03813,0.02911,-0.01165,-0.04328,-0.00110,-0.01861,-0.04121,-0.02820,-0.02575,-0.02790,-0.00740,0.00496,-0.02967,-0.02565,-0.00953,-0.03120,-0.03500,-0.02435,-0.03550,-0.03012,-0.05213,-0.00365,-0.00368,0.00625,-0.00338,-0.02970,-0.02137,-0.01821,-0.01317,-0.03664,-0.02270,0.00196,-0.02026,0.01796,0.00261,-0.00177,0.01429,-0.00950,-0.03147,-0.00066,0.00898,-0.03873,-0.00607,0.02622,-0.02102,0.02948,0.02021,-0.01179,0.03237,0.00692,-0.03117,0.01692,0.01723,-0.04491,0.00966,0.03356,-0.03219
1158.2762,1,1,14.82,0.54,27.59,0.14734,-0.00744,0.58459,0.63861,0.58187,0.3979,0,1,0.19193,0.10246,0.06862,0.19222,0.10266,0.06872,0.18,0.00,0.58187,-0.59517,-0.18186,0.25325,1.49887,0.00000,0.16066,-0.59532,-0.18531,0.25670,1.49937,-0.00000,-0.17000,42,0.19380,0.08881,0.05848,0.19060,0.09130,0,0.96494,0.01353,0.00014,0.26211,Left,0,450.10,288.53,431.23,266.48,421.13,240.22,420.49,217.03,422.45,196.37,433.90,209.07,432.02,194.21,430.78,185.56,431.12,188.34,454.01,212.23,458.14,186.82,447.69,211.08,443.64,228.34,472.58,221.19,474.26,203.53,461.46,228.96,456.57,243.34,489.83,236.35,489.04,219.31,477.27,235.78,470.94,247.00,-0.00000,-0.01547,-0.02369,-0.03330,-0.04088,0.00484,-0.01946,-0.03224,-0.03632,0.00006,-0.03185,-0.03662,-0.02772,-0.00976,-0.04337,-0.03395,-0.01524,-0.02086,-0.04133,-0.03158,-0.01690,-0.00801,0.08433,0.00720,-0.03199,0.05773,-0.00605,-0.03765,0.03061,-0.01229,-0.04321,-0.00008,-0.01889,-0.04028,-0.02764,-0.02671,-0.02777,-0.00658,0.00534,-0.02980,-0.02459,-0.00812,-0.03155,-0.03461,-0.02357,-0.03716,-0.03019,-0.05239,-0.00380,-0.00360,0.00666,-0.00343,-0.02940,-0.02092,-0.01797,-0.01228,-0.03606,-0.02272,0.00274,-0.01984,0.01773,0.00233,-0.00196,0.01386,-0.00854,-0.03226,-0.00062,0.00971,-0.03961,-0.00537,0.02633,-0.02128,0.02940,0.01954,-0.01246,0.03180,0.00721,-0.03272,0.01650,0.01853,-0.04648,0.01052,0.03405,-0.03380
1158.3105,1,1,16.36,0.57,30.60,0.14713,-0.00621,0.58300,0.63875,0.58142,0.4110,0,1,0.19272,0.10267,0.06740,0.19235,0.10242,0.06761,0.22,0.00,0.58142,-0.59367,-0.17940,0.25877,1.49257,0.00000,0.16076,-0.59376,-0.17832,0.25808,1.49104,-0.00000,-0.17000,42,0.19394,0.08853,0.05737,0.19060,0.09130,0,0.96516,0.01331,0.00111,0.26133,Left,0,449.08,290.51,430.55,267.74,421.69,240.64,421.69,217.65,422.53,197.08,434.84,210.85,433.65,196.20,431.69,186.85,431.12,189.31,454.10,214.08,458.12,188.46,447.67,212.78,444.17,229.55,472.55,222.90,474.46,203.94,461.84,229.24,457.38,243.88,489.73,237.91,489.41,220.08,477.42,236.14,471.33,247.67,-0.00000,-0.01539,-0.02401,-0.03426,-0.04262,0.00487,-0.01975,-0.03276,-0.03683,-0.00011,-0.03122,-0.03530,-0.02608,-0.01019,-0.04292,-0.03291,-0.01407,-0.02169,-0.04144,-0.03122,-0.01636,-0.01009,0.08439,0.00178,-0.03362,0.05725,-0.00981,-0.03824,0.02954,-0.01617,-0.04257,-0.00149,-0.02173,-0.04047,-0.02925,-0.02731,-0.02728,-0.00683,0.00503,-0.02885,-0.02494,-0.00861,-0.03109,-0.03499,-0.02432,-0.03760,-0.03083,-0.05349,-0.00356,-0.00350,0.00680,-0.00334,-0.02978,-0.02074,-0.01783,-0.01274,-0.03539,-0.02226,0.00276,-0.01992,0.01741,0.00246,-0.00170,0.01417,-0.00992,-0.03168,-0.00073,0.00824,-0.03965,-0.00489,0.02541,-0.02186,0.02869,0.01917,-0.01266,0.03185,0.00608,-0.03270,0.01648,0.01729,-0.04642,0.01028,0.03320,-0.03352
1158.3414,1,1,15.43,0.57,27.40,0.14656,-0.00525,0.57993,0.64292,0.57685,0.4300,0,1,0.19426,0.10324,0.06644,0.19410,0.10308,0.06579,0.26,0.00,0.57685,-0.59135,-0.15919,0.25047,1.48346,0.00000,0.16086,-0.59169,-0.16473,0.25065,1.48482,-0.00000,-0.17000,42,0.19541,0.08904,0.05535,0.19060,0.09130,0,0.96546,0.01266,0.00309,0.26024,Left,0,450.81,290.70,431.94,268.45,421.62,242.28,420.59,218.88,421.92,197.59,433.84,211.34,432.50,195.72,431.37,187.34,432.28,189.72,453.88,214.82,457.94,188.96,447.67,214.15,444.71,230.59,472.73,223.80,474.88,204.81,462.05,229.95,457.38,244.16,490.11,238.74,490.24,221.31,478.05,237.09,471.35,248.22,-0.00000,-0.01752,-0.02709,-0.03762,-0.04588,0.00200,-0.02204,-0.03403,-0.03775,-0.00166,-0.03247,-0.03564,-0.02609,-0.01052,-0.04344,-0.03339,-0.01470,-0.02087,-0.04105,-0.03139,-0.01705,-0.00666,0.08427,0.01071,-0.03112,0.05742,-0.00417,-0.03716,0.03005,-0.01111,-0.04331,-0.00045,-0.01807,-0.04121,-0.02896,-0.02561,-0.02779,-0.00669,0.00442,-0.02934,-0.02524,-0.01018,-0.03120,-0.03521,-0.02528,-0.03570,-0.03059,-0.05302,-0.00401,-0.00368,0.00648,-0.00327,-0.02946,-0.02266,-0.01785,-0.01127,-0.03731,-0.02140,0.00281,-0.01757,0.01802,0.00225,-0.00133,0.01424,-0.00944,-0.03178,0.00011,0.00871,-0.03942,-0.00480,0.02513,-0.02086,0.02981,0.01952,-0.01106,0.03242,0.00660,-0.03095,0.01752,0.01725,-0.04464,0.01075,0.03336,-0.03247
1158.3903,1,1,15.80,0.57,44.93,0.14646,-0.00458,0.57855,0.64481,0.57716,0.4332,0,1,0.19495,0.10333,0.06576,0.19465,0.10321,0.06567,0.16,0.00,0.57716,-0.59026,-0.15763,0.24994,1.48015,0.00000,0.16085,-0.59004,-0.15820,0.24912,1.47986,-0.00000,-0.17000,42,0.19619,0.08927,0.05531,0.19060,0.09130,0,0.96560,0.01339,0.00140,0.25968,Left,0,449.96,290.85,431.12,268.63,421.93,241.26,421.93,218.56,422.58,198.03,435.29,211.96,435.05,196.29,432.60,188.48,431.26,190.52,454.40,215.42,458.36,189.68,448.32,213.75,444.36,230.39,473.01,224.30,475.14,204.85,462.49,230.44,457.12,245.80,490.13,238.72,489.66,221.80,477.39,237.53,470.72,248.94,-0.00000,-0.01605,-0.02558,-0.03641,-0.04553,0.00162,-0.02439,-0.03918,-0.04440,-0.00292,-0.03464,-0.04010,-0.03220,-0.01235,-0.04590,-0.03807,-0.02065,-0.02302,-0.04324,-0.03418,-0.02015,-0.01016,0.08386,0.00906,-0.03340,0.05669,-0.00408,-0.03827,0.02933,-0.01212,-0.04268,-0.00066,-0.01985,-0.04175,-0.02811,-0.02713,-0.02669,-0.00699,0.00503,-0.02768,-0.02477,-0.01061,-0.03137,-0.03398,-0.02568,-0.03839,-0.02964,-0.05441,-0.00348,-0.00376,0.00639,-0.00384,-0.02886,-0.02192,-0.01911,-0.01194,-0.03722,-0.02329,0.00330,-0.02160,0.01741,0.00250,-0.00172,0.01325,-0.00939,-0.03121,-0.00110,0.01011,-0.03820,-0.00637,0.02712,-0.02079,0.02828,0.01997,-0.01196,0.03016,0.00734,-0.03197,0.01533,0.01827,-0.04461,0.00836,0.03385,-0.03190
1158.4193,1,1,13.82,0.53,25.35,0.14680,-0.00374,0.58020,0.64687,0.58184,0.3687,0,1,0.19413,0.10299,0.06492,0.19346,0.10256,0.06434,0.04,0.01,0.58184,-0.59096,-0.16419,0.26652,1.47335,0.00000,0.16088,-0.59082,-0.16420,0.26230,1.47278,-0.00000,-0.17000,42,0.19487,0.08853,0.05375,0.19060,0.09130,0,0.96552,0.01255,0.00412,0.26000,Left,0,449.50,291.32,431.61,268.90,422.28,243.04,421.56,220.41,423.12,199.80,434.38,213.24,433.70,197.39,432.05,189.09,431.34,191.74,453.89,216.43,457.66,190.05,448.02,212.69,443.98,229.39,472.77,225.21,474.64,206.24,462.25,230.99,456.30,246.55,490.29,240.00,490.46,222.46,478.02,237.83,470.08,249.88,-0.00000,-0.01784,-0.02812,-0.03934,-0.04835,0.00007,-0.02555,-0.03951,-0.04421,-0.00347,-0.03505,-0.04037,-0.03242,-0.01201,-0.04542,-0.03743,-0.01995,-0.02201,-0.04274,-0.03417,-0.02039,-0.00875,0.08353,0.00857,-0.03277,0.05664,-0.00526,-0.03792,0.02942,-0.01334,-0.04294,-0.00091,-0.02174,-0.03968,-0.02797,-0.03031,-0.02791,-0.00680,0.00446,-0.02877,-0.02537,-0.00973,-0.03094,-0.03579,-0.02496,-0.03727,-0.03056,-0.05403,-0.00386,-0.00387,0.00658,-0.00385,-0.03051,-0.02106,-0.01817,-0.01491,-0.03703,-0.02308,-0.00001,-0.02325,0.01781,0.00243,-0.00150,0.01401,-0.01007,-0.03086,-0.00041,0.00822,-0.03876,-0.00633,0.02590,-0.02218,0.02943,0.01959,-0.01133,0.03265,0.00633,-0.03132,0.01704,0.01700,-0.04581,0.00907,0.03353,-0.03344
1158.4535,1,1,15.40,0.55,30.14,0.14625,-0.00273,0.57896,0.64013,0.57771,0.3749,0,1,0.19475,0.10355,0.06391,0.19448,0.10338,0.06402,0.18,0.00,0.57771,-0.59151,-0.15866,0.26334,1.46672,0.00001,0.16079,-0.59146,-0.15779,0.26226,1.46632,-0.00000,-0.17000,42,0.19590,0.08932,0.05323,0.19060,0.09130,0,0.96543,0.01309,0.00282,0.26033,Left,0,449.24,292.51,430.91,269.68,422.05,242.97,421.53,219.53,422.67,199.42,433.75,213.67,431.88,198.16,431.09,189.02,432.19,192.42,453.60,217.30,457.88,190.97,447.87,215.67,444.93,232.30,472.36,226.46,474.34,207.51,461.83,232.76,457.68,246.99,489.93,241.84,489.61,224.38,477.65,240.35,471.62,251.35,-0.00000,-0.01549,-0.02408,-0.03386,-0.04134,0.00255,-0.02117,-0.03223,-0.03499,-0.00195,-0.03241,-0.03462,-0.02417,-0.01135,-0.04320,-0.03115,-0.01124,-0.02221,-0.04148,-0.03052,-0.01532,-0.00864,0.08332,0.00411,-0.03271,0.05617,-0.00835,-0.03715,0.02843,-0.01426,-0.04201,-0.00275,-0.01963,-0.03881,-0.03033,-0.02611,-0.02792,-0.00691,0.00496,-0.02964,-0.02581,-0.00771,-0.03091,-0.03655,-0.02259,-0.03558,-0.03109,-0.05044,-0.00383,-0.00352,0.00681,-0.00331,-0.03041,-0.02010,-0.01696,-0.01335,-0.03396,-0.02054,0.00167,-0.01707,0.01773,0.00271,-0.00176,0.01456,-0.00977,-0.03135,0.00023,0.00810,-0.03870,-0.00360,0.02544,-0.02033,0.02943,0.01975,-0.01214,0.03288,0.00719,-0.03203,0.01755,0.01820,-0.04559,0.01162,0.03386,-0.03236
1158.4841,1,1,14.08,0.83,26.71,0.14669,-0.00167,0.58070,0.65120,0.58244,0.3824,0,1,0.19388,0.10311,0.06286,0.19327,0.10273,0.06194,0.06,0.01,0.58244,-0.59224,-0.16297,0.28305,1.45581,0.00000,0.16080,-0.59208,-0.16433,0.27764,1.45760,-0.00000,-0.17000,42,0.19470,0.08866,0.05108,0.19060,0.09130,0,0.96533,0.01229,0.00539,0.26067,Left,0,449.73,293.33,431.60,270.96,422.13,244.80,421.60,221.85,423.18,201.13,434.35,215.30,433.34,199.48,431.68,190.88,430.96,193.47,453.80,218.67,458.32,191.89,448.64,214.44,444.32,230.80,472.53,227.51,474.86,207.92,462.26,232.64,456.17,247.76,489.68,242.23,489.81,224.69,477.78,240.43,470.45,252.27,-0.00000,-0.01818,-0.02872,-0.04016,-0.04951,0.00029,-0.02510,-0.03887,-0.04347,-0.00321,-0.03482,-0.04033,-0.03243,-0.01171,-0.04521,-0.03716,-0.01962,-0.02168,-0.04251,-0.03378,-0.01988,-0.00926,0.08397,0.00670,-0.03326,0.05653,-0.00673,-0.03857,0.02930,-0.01443,-0.04289,-0.00151,-0.02167,-0.03987,-0.02856,-0.02904,-0.02756,-0.00718,0.00436,-0.02883,-0.02553,-0.00957,-0.03116,-0.03576,-0.02479,-0.03774,-0.03065,-0.05359,-0.00373,-0.00371,0.00656,-0.00321,-0.03050,-0.02084,-0.01720,-0.01515,-0.03670,-0.02244,-0.00022,-0.02297,0.01786,0.00256,-0.00142,0.01441,-0.01026,-0.03112,-0.00068,0.00765,-0.03902,-0.00657,0.02533,-0.02261,0.02906,0.01977,-0.01143,0.03225,0.00656,-0.03183,0.01698,0.01767,-0.04571,0.00956,0.03398,-0.03297
1158.5174,1,1,14.61,0.56,29.71,0.14775,-0.00075,0.58460,0.65730,0.58851,0.4104,0,1,0.19192,0.10205,0.06194,0.19077,0.10129,0.06087,0.11,0.01,0.58851,-0.59336,-0.18455,0.31372,1.44844,0.00000,0.16082,-0.59318,-0.18160,0.30358,1.44900,-0.00000,-0.17000,42,0.19214,0.08715,0.04998,0.19060,0.09130,0,0.96519,0.01195,0.00664,0.26120,Left,0,448.86,294.39,430.36,272.14,421.45,244.41,421.15,221.38,422.12,200.98,434.98,216.12,434.10,200.46,431.43,192.44,430.36,194.03,454.16,219.36,458.49,192.61,447.93,216.24,444.44,233.05,472.69,228.21,474.27,209.49,461.32,234.88,456.87,249.74,490.04,242.73,489.67,225.00,477.48,240.80,471.54,252.20,-0.00000,-0.01534,-0.02360,-0.03325,-0.04116,0.00346,-0.02111,-0.03455,-0.03906,-0.00114,-0.03250,-0.03758,-0.02903,-0.01052,-0.04370,-0.03542,-0.01735,-0.02112,-0.04065,-0.03109,-0.01662,-0.01094,0.08512,0.00596,-0.03443,0.05760,-0.00581,-0.03963,0.02921,-0.01256,-0.04403,-0.00232,-0.01871,-0.04168,-0.03001,-0.02529,-0.02750,-0.00730,0.00546,-0.02902,-0.02549,-0.00896,-0.03199,-0.03500,-0.02382,-0.03914,-0.03124,-0.05179,-0.00353,-0.00377,0.00672,-0.00355,-0.03048,-0.02080,-0.01852,-0.01439,-0.03634,-0.02276,0.00137,-0.02195,0.01784,0.00263,-0.00214,0.01325,-0.00933,-0.03150,-0.00186,0.00945,-0.03918,-0.00603,0.02713,-0.02123,0.02852,0.01995,-0.01284,0.03142,0.00661,-0.03289,0.01613,0.01776,-0.04638,0.01016,0.03372,-0.03359
1158.5486,1,1,14.89,0.53,27.68,0.14807,0.00012,0.58572,0.65117,0.58683,0.3599,0,1,0.19137,0.10173,0.06107,0.19133,0.10172,0.06097,0.03,0.00,0.58683,-0.59361,-0.18625,0.31526,1.44295,0.00001,0.16080,-0.59352,-0.18747,0.31561,1.44274,-0.00000,-0.17000,42,0.19268,0.08757,0.04995,0.19060,0.09130,0,0.96513,0.01265,0.00482,0.26140,Left,0,450.16,294.83,430.48,272.33,421.85,245.46,423.06,222.83,425.54,203.63,434.43,216.83,432.98,200.76,431.32,192.42,430.41,194.96,453.80,220.12,457.71,194.44,447.97,217.49,443.94,233.42,472.51,229.04,474.31,209.84,461.85,234.56,456.52,248.83,489.84,243.82,489.46,227.12,477.40,242.68,470.77,253.56,-0.00000,-0.01614,-0.02490,-0.03468,-0.04237,0.00151,-0.02320,-0.03641,-0.04071,-0.00246,-0.03306,-0.03765,-0.02942,-0.01120,-0.04346,-0.03453,-0.01686,-0.02129,-0.04116,-0.03193,-0.01793,-0.00944,0.08366,0.00826,-0.03367,0.05690,-0.00681,-0.03851,0.02871,-0.01432,-0.04174,-0.00153,-0.02175,-0.03758,-0.02833,-0.02936,-0.02824,-0.00683,0.00371,-0.02927,-0.02547,-0.01053,-0.03179,-0.03580,-0.02593,-0.03816,-0.03108,-0.05268,-0.00402,-0.00402,0.00626,-0.00396,-0.02973,-0.02204,-0.01794,-0.01324,-0.03744,-0.02265,0.00072,-0.02069,0.01793,0.00259,-0.00105,0.01396,-0.01006,-0.03161,-0.00061,0.00845,-0.03986,-0.00531,0.02541,-0.02164,0.02979,0.01937,-0.01054,0.03239,0.00729,-0.03125,0.01673,0.01857,-0.04521,0.01037,0.03404,-0.03159
1158.5795,1,1,14.29,0.54,27.26,0.14824,0.00113,0.58479,0.65271,0.58386,0.4368,0,1,0.19183,0.10156,0.06006,0.19171,0.10147,0.05996,0.14,0.00,0.58386,-0.59131,-0.18400,0.32039,1.43555,0.00001,0.16077,-0.59150,-0.18508,0.32005,1.43585,-0.00000,-0.17000,42,0.19317,0.08744,0.04906,0.19060,0.09130,0,0.96541,0.01277,0.00474,0.26040,Left,0,450.09,295.62,431.10,273.47,421.95,246.45,421.84,224.04,422.11,203.88,435.74,218.29,435.06,202.55,431.95,194.61,430.10,196.10,455.00,221.31,458.49,194.31,447.83,216.87,443.92,233.46,473.24,230.16,474.90,210.24,461.68,235.04,456.72,250.03,490.37,244.79,489.58,227.25,477.70,242.52,472.04,253.66,-0.00000,-0.01574,-0.02366,-0.03283,-0.04039,0.00387,-0.02132,-0.03636,-0.04205,-0.00065,-0.03194,-0.03821,-0.03083,-0.01006,-0.04309,-0.03562,-0.01832,-0.02076,-0.04044,-0.03143,-0.01744,-0.01015,0.08383,0.00354,-0.03408,0.05671,-0.00852,-0.03933,0.02887,-0.01464,-0.04465,-0.00185,-0.02020,-0.04352,-0.02864,-0.02602,-0.02738,-0.00667,0.00495,-0.02926,-0.02511,-0.00983,-0.03255,-0.03428,-0.02543,-0.04032,-0.03091,-0.05368,-0.00353,-0.00355,0.00704,-0.00431,-0.03110,-0.02048,-0.01955,-0.01551,-0.03740,-0.02483,-0.00035,-0.02520,0.01785,0.00221,-0.00173,0.01306,-0.01060,-0.03084,-0.00221,0.00756,-0.03991,-0.00733,0.02544,-0.02415,0.02850,0.01913,-0.01247,0.03078,0.00587,-0.03215,0.01574,0.01678,-0.04549,0.00977,0.03222,-0.03368
1158.6139,1,1,15.90,0.53,31.23,0.14782,0.00181,0.58340,0.65351,0.58200,0.4105,0,1,0.19253,0.10198,0.05938,0.19215,0.10169,0.05931,0.17,0.00,0.58200,-0.59097,-0.17801,0.31885,1.43197,0.00001,0.15993,-0.59117,-0.17784,0.31743,1.43119,-0.00000,-0.17000,42,0.19346,0.08749,0.04840,0.19060,0.09130,0,0.96543,0.01220,0.00580,0.26033,Left,0,449.79,296.08,431.23,274.39,422.06,247.10,421.92,223.84,423.75,203.70,434.95,218.46,434.14,202.24,431.23,194.17,429.49,196.57,454.24,221.66,458.34,194.75,447.83,217.73,444.00,234.12,472.79,230.53,474.89,210.81,461.69,235.57,456.29,250.31,490.07,245.12,490.42,227.36,477.92,243.09,470.96,254.63,-0.00000,-0.01737,-0.02679,-0.03712,-0.04549,0.00082,-0.02459,-0.03842,-0.04303,-0.00282,-0.03412,-0.03908,-0.03078,-0.01143,-0.04463,-0.03626,-0.01851,-0.02143,-0.04184,-0.03281,-0.01875,-0.00944,0.08384,0.00671,-0.03352,0.05680,-0.00609,-0.03879,0.02885,-0.01241,-0.04342,-0.00217,-0.01916,-0.03964,-0.02880,-0.02556,-0.02756,-0.00675,0.00482,-0.02894,-0.02553,-0.00939,-0.03213,-0.03532,-0.02458,-0.03953,-0.03044,-0.05190,-0.00376,-0.00389,0.00681,-0.00380,-0.03070,-0.02091,-0.01837,-0.01485,-0.03700,-0.02320,0.00013,-0.02272,0.01780,0.00261,-0.00171,0.01352,-0.01058,-0.03144,-0.00143,0.00759,-0.03971,-0.00685,0.02530,-0.02244,0.02871,0.01936,-0.01211,0.03197,0.00643,-0.03228,0.01635,0.01763,-0.04646,0.00940,0.03328,-0.03377
1158.6429,1,1,14.18,0.15,25.33,0.14764,0.00221,0.58258,0.64497,0.58177,0.4241,0,1,0.19293,0.10216,0.05898,0.19239,0.10191,0.05934,0.76,0.00,0.58177,-0.59125,-0.17702,0.31768,1.43086,0.00000,0.15991,-0.59117,-0.17784,0.31743,1.43119,-0.00000,-0.17000,42,0.19385,0.08781,0.04835,0.19060,0.09130,0,0.96539,0.01252,0.00503,0.26048,Left,0,449.16,297.08,430.67,274.87,421.77,246.88,421.67,223.63,422.58,202.89,435.37,218.27,434.16,203.42,432.08,194.78,431.13,195.49,454.60,221.53,458.70,195.51,448.31,218.57,443.99,234.62,473.11,230.42,475.04,211.26,462.01,236.20,456.31,250.97,490.21,245.17,490.08,227.44,477.45,243.42,470.07,255.26,-0.00000,-0.01616,-0.02482,-0.03466,-0.04285,0.00302,-0.02170,-0.03594,-0.04132,-0.00133,-0.03231,-0.03777,-0.03001,-0.01057,-0.04388,-0.03596,-0.01856,-0.02110,-0.04180,-0.03285,-0.01887,-0.01091,0.08405,0.00218,-0.03433,0.05681,-0.00900,-0.03907,0.02850,-0.01570,-0.04347,-0.00229,-0.02122,-0.04101,-0.02975,-0.02679,-0.02737,-0.00692,0.00515,-0.02868,-0.02469,-0.00990,-0.03152,-0.03444,-0.02498,-0.03820,-0.03158,-0.05377,-0.00349,-0.00365,0.00700,-0.00326,-0.02999,-0.02085,-0.01825,-0.01425,-0.03688,-0.02347,0.00064,-0.02361,0.01773,0.00243,-0.00182,0.01351,-0.00998,-0.03133,-0.00126,0.00852,-0.03967,-0.00697,0.02557,-0.02292,0.02833,0.01910,-0.01304,0.03127,0.00636,-0.03333,0.01571,0.01765,-0.04695,0.00808,0.03378,-0.03437
1158.6777,1,1,15.89,0.54,31.83,0.14728,0.00266,0.58235,0.64503,0.58211,0.4029,0,1,0.19305,0.10252,0.05852,0.19275,0.10230,0.05857,0.18,0.00,0.58211,-0.59192,-0.17106,0.31706,1.42616,0.00000,0.16048,-0.59193,-0.17085,0.31628,1.42535,-0.00000,-0.17000,42,0.19429,0.08823,0.04760,0.19060,0.09130,0,0.96530,0.01258,0.00510,0.26080,Left,0,449.09,297.48,430.37,274.97,421.62,247.57,421.51,224.23,423.07,203.47,434.32,218.85,433.86,203.60,431.81,194.84,430.81,196.68,453.80,222.08,458.44,195.63,447.94,219.22,444.23,235.49,472.48,230.86,474.66,211.78,461.68,237.22,456.74,251.66,489.78,245.58,490.29,227.76,478.09,243.99,471.63,255.42,-0.00000,-0.01635,-0.02529,-0.03545,-0.04370,0.00261,-0.02277,-0.03640,-0.04086,-0.00165,-0.03330,-0.03787,-0.02896,-0.01090,-0.04414,-0.03456,-0.01579,-0.02155,-0.04168,-0.03169,-0.01684,-0.01006,0.08399,0.00479,-0.03407,0.05684,-0.00779,-0.03887,0.02875,-0.01414,-0.04335,-0.00268,-0.02031,-0.03936,-0.02975,-0.02619,-0.02785,-0.00680,0.00449,-0.02890,-0.02502,-0.00953,-0.03092,-0.03502,-0.02452,-0.03758,-0.03092,-0.05216,-0.00369,-0.00367,0.00683,-0.00313,-0.03039,-0.02094,-0.01768,-0.01402,-0.03670,-0.02199,0.00087,-0.02171,0.01794,0.00237,-0.00151,0.01413,-0.00984,-0.03160,-0.00075,0.00857,-0.03972,-0.00530,0.02622,-0.02194,0.02900,0.01921,-0.01201,0.03276,0.00638,-0.03220,0.01729,0.01770,-0.04600,0.01092,0.03356,-0.03329
1158.7073,1,1,14.42,0.15,25.90,0.14721,0.00289,0.58190,0.65156,0.58145,0.3669,0,1,0.19328,0.10259,0.05830,0.19289,0.10239,0.05847,0.50,0.00,0.58145,-0.59190,-0.16991,0.31661,1.42515,-0.00000,0.16056,-0.59193,-0.17085,0.31628,1.42535,-0.00000,-0.17000,42,0.19441,0.08832,0.04742,0.19060,0.09130,0,0.96529,0.01267,0.00494,0.26084,Left,0,449.38,297.68,431.08,275.23,421.81,249.16,421.76,226.28,423.82,206.07,434.39,218.62,432.56,203.73,430.55,195.10,430.87,197.53,454.16,222.13,458.42,196.57,447.45,221.94,444.31,237.98,473.11,230.91,474.83,212.37,461.27,237.82,456.48,252.13,490.23,245.49,489.68,228.96,477.16,244.93,471.06,256.16,-0.00000,-0.01931,-0.03055,-0.04242,-0.05202,-0.00048,-0.02614,-0.03930,-0.04346,-0.00335,-0.03482,-0.03793,-0.02811,-0.01155,-0.04491,-0.03456,-0.01546,-0.02144,-0.04180,-0.03194,-0.01725,-0.00861,0.08471,0.01312,-0.03314,0.05744,-0.00231,-0.03860,0.03011,-0.01100,-0.04317,-0.00048,-0.02066,-0.04002,-0.02788,-0.03000,-0.02787,-0.00693,0.00412,-0.02998,-0.02476,-0.01071,-0.03257,-0.03487,-0.02606,-0.03777,-0.02961,-0.05369,-0.00384,-0.00390,0.00631,-0.00348,-0.02929,-0.02297,-0.01861,-0.01101,-0.03743,-0.02231,0.00367,-0.01876,0.01831,0.00260,-0.00121,0.01339,-0.00928,-0.03209,-0.00151,0.00945,-0.03926,-0.00593,0.02640,-0.02078,0.02958,0.01974,-0.01051,0.03161,0.00737,-0.03148,0.01614,0.01889,-0.04513,0.01003,0.03499,-0.03221
1158.7424,1,1,15.77,0.53,31.19,0.14840,0.00339,0.58650,0.66231,0.59111,0.4542,0,1,0.19097,0.10140,0.05780,0.18989,0.10063,0.05718,0.13,0.01,0.59111,-0.59306,-0.19221,0.34936,1.41933,0.00000,0.16066,-0.59313,-0.18788,0.34110,1.41776,-0.00000,-0.17000,42,0.19143,0.08653,0.04604,0.19060,0.09130,0,0.96515,0.01187,0.00749,0.26133,Left,0,449.00,297.47,430.30,275.21,421.61,248.10,421.56,225.88,421.21,205.80,435.65,219.75,435.76,203.82,431.88,196.57,428.65,198.28,454.54,222.97,458.40,196.95,447.52,220.07,443.49,235.94,472.67,231.79,474.26,213.18,461.02,237.74,456.01,251.92,489.47,246.23,488.83,229.95,476.55,245.55,470.51,256.40,-0.00000,-0.01602,-0.02472,-0.03438,-0.04230,0.00163,-0.02355,-0.03796,-0.04313,-0.00249,-0.03302,-0.03825,-0.03053,-0.01139,-0.04389,-0.03637,-0.01953,-0.02157,-0.04119,-0.03236,-0.01874,-0.01130,0.08498,0.00944,-0.03500,0.05768,-0.00365,-0.03994,0.02991,-0.01120,-0.04507,-0.00098,-0.01828,-0.04383,-0.02782,-0.02533,-0.02747,-0.00651,0.00517,-0.02844,-0.02538,-0.01029,-0.03269,-0.03440,-0.02580,-0.04194,-0.03008,-0.05424,-0.00351,-0.00390,0.00673,-0.00398,-0.02996,-0.02183,-0.01983,-0.01363,-0.03809,-0.02505,0.00094,-0.02453,0.01786,0.00232,-0.00187,0.01257,-0.00931,-0.03133,-0.00266,0.00952,-0.03956,-0.00745,0.02667,-0.02279,0.02819,0.01956,-0.01256,0.03027,0.00747,-0.03282,0.01486,0.01942,-0.04571,0.00864,0.03458,-0.03299
1158.7881,1,1,14.12,0.82,42.38,0.14880,0.00410,0.58892,0.66007,0.59134,0.4022,0,1,0.18977,0.10100,0.05709,0.18982,0.10092,0.05699,0.07,0.01,0.59134,-0.59458,-0.19729,0.35642,1.41281,0.00000,0.16084,-0.59497,-0.19827,0.35697,1.41221,-0.00000,-0.17000,42,0.19137,0.08682,0.04555,0.19060,0.09130,0,0.96493,0.01250,0.00598,0.26215,Left,0,449.28,297.88,430.81,276.40,421.84,249.87,421.74,227.32,422.81,207.32,434.42,221.11,433.59,205.08,430.83,196.65,429.05,198.62,453.83,224.02,457.86,197.29,447.38,218.86,443.22,235.13,472.30,232.64,474.18,213.94,460.86,237.99,455.31,252.54,489.40,246.91,489.41,229.60,476.98,244.89,470.17,256.36,-0.00000,-0.01672,-0.02570,-0.03554,-0.04340,0.00074,-0.02486,-0.03932,-0.04440,-0.00305,-0.03456,-0.04054,-0.03311,-0.01159,-0.04463,-0.03718,-0.02011,-0.02146,-0.04153,-0.03281,-0.01904,-0.00931,0.08405,0.00603,-0.03375,0.05685,-0.00681,-0.03904,0.02942,-0.01377,-0.04384,-0.00126,-0.02080,-0.04079,-0.02772,-0.02741,-0.02809,-0.00631,0.00465,-0.02954,-0.02538,-0.00936,-0.03259,-0.03552,-0.02501,-0.04019,-0.03112,-0.05324,-0.00379,-0.00391,0.00670,-0.00341,-0.03109,-0.02066,-0.01840,-0.01617,-0.03787,-0.02353,-0.00161,-0.02526,0.01821,0.00212,-0.00167,0.01350,-0.01011,-0.03130,-0.00171,0.00812,-0.03950,-0.00696,0.02522,-0.02286,0.02922,0.01870,-0.01234,0.03214,0.00600,-0.03233,0.01621,0.01724,-0.04614,0.00926,0.03285,-0.03357
1158.8201,1,1,15.30,0.16,28.98,0.14820,0.00471,0.58788,0.65239,0.58684,0.3822,0,1,0.19028,0.10160,0.05647,0.18975,0.10098,0.05698,0.95,0.01,0.58684,-0.59509,-0.19792,0.35720,1.41231,0.00000,0.16113,-0.59497,-0.19827,0.35697,1.41221,-0.00000,-0.17000,42,0.19139,0.08693,0.04558,0.19060,0.09130,0,0.96485,0.01267,0.00570,0.26242,Left,0,448.37,299.05,430.09,276.89,421.49,250.25,421.14,227.86,421.79,207.59,433.98,221.07,433.39,205.61,430.51,197.08,429.04,199.38,453.53,224.18,457.44,197.54,446.57,220.85,443.11,237.54,471.94,233.03,473.46,214.48,459.94,239.26,455.45,253.47,489.22,247.84,489.28,230.50,476.94,245.89,470.94,256.62,-0.00000,-0.01610,-0.02453,-0.03411,-0.04156,0.00322,-0.02232,-0.03640,-0.04117,-0.00106,-0.03305,-0.03817,-0.02970,-0.01035,-0.04331,-0.03394,-0.01541,-0.02110,-0.04022,-0.03016,-0.01550,-0.00912,0.08441,0.00697,-0.03361,0.05753,-0.00609,-0.03856,0.02964,-0.01314,-0.04418,-0.00138,-0.02047,-0.04157,-0.02859,-0.02795,-0.02819,-0.00641,0.00476,-0.02929,-0.02515,-0.00920,-0.03205,-0.03516,-0.02485,-0.03970,-0.03106,-0.05260,-0.00372,-0.00376,0.00685,-0.00393,-0.03127,-0.02087,-0.01881,-0.01491,-0.03670,-0.02345,0.00026,-0.02321,0.01805,0.00221,-0.00177,0.01310,-0.00982,-0.03154,-0.00224,0.00839,-0.03949,-0.00639,0.02575,-0.02220,0.02911,0.01920,-0.01212,0.03223,0.00634,-0.03210,0.01632,0.01716,-0.04538,0.01021,0.03208,-0.03299
1158.8527,1,1,14.14,0.52,29.10,0.14889,0.00530,0.59209,0.66182,0.59630,0.3729,0,1,0.18818,0.10090,0.05589,0.18697,0.09989,0.05472,0.08,0.01,0.59630,-0.59878,-0.20888,0.38467,1.40438,-0.00000,0.16117,-0.59927,-0.20900,0.37665,1.40328,-0.00000,-0.17000,42,0.18858,0.08558,0.04319,0.19060,0.09130,0,0.96449,0.01107,0.01045,0.26367,Left,0,447.95,299.79,429.77,278.13,421.27,251.08,420.99,228.64,422.29,208.49,433.53,222.01,432.63,205.89,430.66,197.72,430.36,200.05,452.95,224.82,457.43,197.77,446.96,220.06,443.28,236.63,471.68,233.31,473.46,215.11,460.20,239.81,455.21,254.39,489.07,247.41,489.42,230.30,476.94,245.78,470.37,257.11,-0.00000,-0.01645,-0.02558,-0.03582,-0.04412,0.00123,-0.02447,-0.03862,-0.04339,-0.00283,-0.03491,-0.04061,-0.03255,-0.01167,-0.04505,-0.03720,-0.01953,-0.02183,-0.04160,-0.03247,-0.01828,-0.00972,0.08535,0.00802,-0.03406,0.05812,-0.00506,-0.03922,0.03053,-0.01279,-0.04373,-0.00047,-0.02111,-0.04032,-0.02752,-0.02860,-0.02832,-0.00655,0.00484,-0.02920,-0.02547,-0.00952,-0.03187,-0.03509,-0.02470,-0.03777,-0.02988,-0.05285,-0.00383,-0.00417,0.00651,-0.00318,-0.03092,-0.02069,-0.01783,-0.01556,-0.03734,-0.02233,-0.00058,-0.02419,0.01833,0.00230,-0.00189,0.01363,-0.00951,-0.03115,-0.00162,0.00925,-0.03885,-0.00609,0.02657,-0.02135,0.02963,0.01926,-0.01226,0.03251,0.00634,-0.03212,0.01679,0.01748,-0.04573,0.01051,0.03325,-0.03291
1158.8846,1,1,14.54,0.17,28.07,0.14922,0.00601,0.59215,0.65829,0.59221,0.3990,0,1,0.18815,0.10058,0.05517,0.18855,0.10116,0.05628,0.80,0.01,0.59221,-0.59966,-0.21010,0.37534,1.40250,-0.00000,0.16090,-0.59927,-0.20900,0.37665,1.40328,-0.00000,-0.17000,42,0.19017,0.08694,0.04465,0.19060,0.09130,0,0.96432,0.01334,0.00407,0.26436,Left,0,448.56,299.96,430.20,278.30,421.01,251.04,420.75,228.33,422.04,208.35,435.05,222.52,434.56,206.46,430.90,198.41,428.69,200.10,454.18,225.69,458.15,198.62,446.87,222.63,443.37,239.55,472.48,234.49,473.46,215.63,459.99,241.19,455.67,255.80,489.55,248.84,488.43,231.45,476.20,248.02,470.76,259.52,-0.00000,-0.01641,-0.02563,-0.03583,-0.04417,0.00084,-0.02534,-0.03977,-0.04480,-0.00341,-0.03602,-0.04122,-0.03276,-0.01252,-0.04674,-0.03807,-0.01976,-0.02289,-0.04337,-0.03375,-0.01919,-0.01083,0.08421,0.00748,-0.03442,0.05702,-0.00473,-0.04002,0.02950,-0.01076,-0.04521,-0.00162,-0.01770,-0.04229,-0.02830,-0.02560,-0.02751,-0.00689,0.00559,-0.02876,-0.02520,-0.00842,-0.03251,-0.03518,-0.02375,-0.04091,-0.03062,-0.05126,-0.00363,-0.00396,0.00673,-0.00407,-0.03052,-0.02063,-0.01989,-0.01411,-0.03573,-0.02416,0.00129,-0.02085,0.01776,0.00254,-0.00243,0.01171,-0.00935,-0.03170,-0.00342,0.00957,-0.03851,-0.00716,0.02713,-0.02105,0.02835,0.01967,-0.01326,0.03028,0.00659,-0.03322,0.01443,0.01842,-0.04599,0.00905,0.03434,-0.03247
1158.9162,1,1,14.93,0.48,28.21,0.14930,0.00685,0.59239,0.66043,0.59262,0.3605,0,1,0.18803,0.10050,0.05434,0.18691,0.09972,0.05320,0.16,0.00,0.59262,-0.59816,-0.20998,0.39730,1.39156,0.00000,0.16090,-0.59831,-0.21127,0.38978,1.39237,-0.00000,-0.17000,42,0.18843,0.08545,0.04158,0.19060,0.09130,0,0.96451,0.01152,0.00959,0.26363,Left,0,448.12,301.49,430.52,279.76,421.25,253.30,420.50,230.94,421.86,210.06,434.78,223.43,434.07,207.36,430.41,199.18,428.25,200.72,453.96,226.22,458.03,198.59,447.10,221.71,443.75,238.40,472.30,235.05,473.54,215.73,460.14,241.25,455.89,255.75,489.37,249.77,488.49,232.45,476.39,248.61,471.08,259.67,-0.00000,-0.01575,-0.02505,-0.03570,-0.04457,0.00281,-0.02312,-0.03790,-0.04328,-0.00215,-0.03417,-0.03992,-0.03194,-0.01196,-0.04519,-0.03632,-0.01801,-0.02311,-0.04242,-0.03223,-0.01740,-0.00976,0.08541,0.01167,-0.03405,0.05829,-0.00110,-0.03956,0.03122,-0.00934,-0.04534,-0.00026,-0.01884,-0.04223,-0.02737,-0.02772,-0.02761,-0.00677,0.00572,-0.02910,-0.02540,-0.00837,-0.03295,-0.03482,-0.02329,-0.04111,-0.03131,-0.05072,-0.00352,-0.00419,0.00655,-0.00370,-0.03191,-0.02023,-0.01884,-0.01633,-0.03625,-0.02279,-0.00083,-0.02422,0.01800,0.00235,-0.00268,0.01237,-0.01015,-0.03160,-0.00318,0.00867,-0.03875,-0.00622,0.02629,-0.02171,0.02846,0.01987,-0.01289,0.03054,0.00673,-0.03322,0.01512,0.01837,-0.04595,0.00980,0.03375,-0.03297
1158.9477,1,1,14.16,0.49,27.75,0.14816,0.00767,0.58844,0.65610,0.58449,0.3448,0,1,0.19000,0.10163,0.05352,0.19015,0.10173,0.05311,0.32,0.01,0.58449,-0.59726,-0.18285,0.37011,1.38745,0.00000,0.16086,-0.59735,-0.19252,0.37588,1.38734,-0.00000,-0.17000,42,0.19169,0.08746,0.04152,0.19060,0.09130,0,0.96464,0.01225,0.00775,0.26318,Left,0,447.55,302.16,429.61,279.78,420.96,252.92,420.88,230.28,422.98,210.06,434.43,223.85,434.12,207.48,430.96,199.23,429.24,201.61,453.77,227.02,458.30,199.16,446.92,222.13,443.10,239.06,472.09,236.13,473.48,217.02,459.85,242.54,455.38,257.23,489.28,251.06,488.44,233.74,476.18,249.95,470.65,260.94,-0.00000,-0.01609,-0.02552,-0.03625,-0.04499,0.00192,-0.02470,-0.03936,-0.04433,-0.00289,-0.03635,-0.04230,-0.03396,-0.01255,-0.04669,-0.03747,-0.01853,-0.02357,-0.04318,-0.03277,-0.01756,-0.01109,0.08473,0.01050,-0.03445,0.05713,-0.00298,-0.03937,0.02942,-0.01010,-0.04422,-0.00170,-0.01894,-0.04038,-0.02839,-0.02708,-0.02745,-0.00715,0.00543,-0.02862,-0.02599,-0.00786,-0.03165,-0.03601,-0.02259,-0.03936,-0.03113,-0.04915,-0.00361,-0.00411,0.00633,-0.00348,-0.03181,-0.01969,-0.01869,-0.01640,-0.03592,-0.02288,-0.00129,-0.02220,0.01783,0.00258,-0.00232,0.01255,-0.00986,-0.03152,-0.00272,0.00882,-0.03857,-0.00646,0.02616,-0.02112,0.02837,0.01987,-0.01253,0.03066,0.00709,-0.03251,0.01536,0.01852,-0.04524,0.00970,0.03380,-0.03248
1158.9799,1,1,14.46,0.51,28.51,0.14882,0.00852,0.59070,0.65428,0.59295,0.3843,0,1,0.18888,0.10098,0.05267,0.18813,0.10048,0.05246,0.04,0.01,0.59295,-0.59783,-0.20506,0.39834,1.37940,0.00000,0.16086,-0.59776,-0.19998,0.39134,1.37954,-0.00000,-0.17000,42,0.18979,0.08625,0.04092,0.19060,0.09130,0,0.96457,0.01271,0.00658,0.26343,Left,0,447.61,302.51,429.19,278.97,420.95,251.66,421.05,229.27,422.85,209.35,435.42,224.86,435.45,208.52,431.52,200.76,428.72,202.73,454.20,227.95,458.11,199.90,446.63,222.65,442.82,239.91,472.23,236.87,473.18,217.68,459.29,242.87,454.64,257.59,489.14,251.64,488.65,233.39,476.40,249.38,470.91,260.50,-0.00000,-0.01402,-0.02190,-0.03162,-0.03963,0.00520,-0.02161,-0.03730,-0.04293,-0.00037,-0.03394,-0.04098,-0.03341,-0.01074,-0.04502,-0.03694,-0.01858,-0.02227,-0.04121,-0.03080,-0.01567,-0.01251,0.08398,0.00438,-0.03554,0.05617,-0.00700,-0.04027,0.02822,-0.01243,-0.04516,-0.00329,-0.01816,-0.04153,-0.02996,-0.02481,-0.02734,-0.00712,0.00575,-0.02823,-0.02547,-0.00813,-0.03179,-0.03524,-0.02301,-0.04128,-0.03070,-0.04947,-0.00359,-0.00390,0.00670,-0.00424,-0.03150,-0.01939,-0.02010,-0.01642,-0.03608,-0.02443,-0.00138,-0.02326,0.01756,0.00258,-0.00252,0.01164,-0.01008,-0.03161,-0.00400,0.00862,-0.03926,-0.00800,0.02610,-0.02238,0.02770,0.01945,-0.01395,0.03013,0.00594,-0.03333,0.01462,0.01731,-0.04612,0.00891,0.03244,-0.03311
1159.0116,1,1,13.87,0.84,27.73,0.14928,0.00945,0.59222,0.66243,0.59375,0.4255,0,1,0.18811,0.10052,0.05174,0.18804,0.10049,0.05167,0.04,0.01,0.59375,-0.59816,-0.20531,0.40454,1.37287,-0.00000,0.16079,-0.59807,-0.20641,0.40494,1.37235,-0.00000,-0.17000,42,0.18974,0.08630,0.04020,0.19060,0.09130,0,0.96452,0.01297,0.00615,0.26360,Left,0,447.85,303.33,429.35,280.62,420.61,252.88,420.51,230.30,422.02,210.31,435.75,225.82,436.52,208.64,432.06,200.95,428.28,203.65,454.23,229.13,457.70,201.34,446.38,224.38,442.64,242.37,472.10,237.94,473.04,217.89,459.55,242.89,454.97,258.95,488.92,252.22,487.78,233.76,475.36,250.05,469.68,262.62,-0.00000,-0.01528,-0.02424,-0.03455,-0.04311,0.00232,-0.02462,-0.04022,-0.04570,-0.00240,-0.03484,-0.04104,-0.03350,-0.01199,-0.04587,-0.03813,-0.02057,-0.02279,-0.04305,-0.03384,-0.01967,-0.01264,0.08456,0.00240,-0.03582,0.05634,-0.00840,-0.04073,0.02860,-0.01338,-0.04602,-0.00294,-0.01893,-0.04268,-0.03006,-0.02491,-0.02712,-0.00669,0.00564,-0.02736,-0.02615,-0.00844,-0.03130,-0.03588,-0.02416,-0.04171,-0.02994,-0.05195,-0.00350,-0.00386,0.00689,-0.00427,-0.03140,-0.01963,-0.02044,-0.01572,-0.03613,-0.02504,0.00064,-0.02464,0.01770,0.00239,-0.00245,0.01147,-0.01085,-0.03082,-0.00380,0.00761,-0.03892,-0.00820,0.02655,-0.02353,0.02758,0.01896,-0.01422,0.02959,0.00530,-0.03336,0.01364,0.01685,-0.04641,0.00786,0.03352,-0.03398
1159.0455,1,1,15.91,0.52,30.22,0.14818,0.00991,0.58919,0.64877,0.58616,0.4081,0,1,0.18963,0.10162,0.05128,0.18960,0.10160,0.05092,0.23,0.01,0.58616,-0.59842,-0.18591,0.38980,1.36969,0.00000,0.16097,-0.59835,-0.19166,0.39228,1.37009,-0.00000,-0.17000,42,0.19118,0.08733,0.03943,0.19060,0.09130,0,0.96449,0.01268,0.00710,0.26373,Left,0,447.77,304.42,429.88,281.75,420.91,254.14,420.19,230.88,421.54,209.99,434.16,225.72,433.90,211.23,431.22,202.18,429.96,203.38,453.29,228.89,457.17,202.24,446.14,226.48,442.98,242.90,471.59,237.62,472.74,219.00,459.42,244.59,455.20,258.78,488.63,252.40,488.04,234.83,475.82,251.18,470.28,262.20,-0.00000,-0.01639,-0.02472,-0.03423,-0.04182,0.00450,-0.02059,-0.03410,-0.03861,0.00046,-0.03105,-0.03509,-0.02564,-0.00877,-0.04254,-0.03279,-0.01363,-0.01939,-0.03942,-0.02921,-0.01424,-0.00980,0.08456,0.00166,-0.03342,0.05702,-0.00986,-0.03893,0.02927,-0.01554,-0.04473,-0.00310,-0.02000,-0.04119,-0.03152,-0.02606,-0.02764,-0.00663,0.00509,-0.02831,-0.02478,-0.00864,-0.03079,-0.03534,-0.02433,-0.03854,-0.03173,-0.05211,-0.00364,-0.00370,0.00722,-0.00388,-0.03105,-0.02084,-0.01915,-0.01397,-0.03636,-0.02316,0.00054,-0.02069,0.01750,0.00220,-0.00211,0.01181,-0.00944,-0.03219,-0.00281,0.00936,-0.03963,-0.00636,0.02666,-0.02179,0.02819,0.01905,-0.01332,0.03102,0.00654,-0.03399,0.01513,0.01820,-0.04756,0.00947,0.03337,-0.03423
1159.0761,1,1,15.14,0.16,27.41,0.14792,0.01029,0.58971,0.65034,0.59023,0.3822,0,1,0.18937,0.10187,0.05090,0.18968,0.10165,0.05163,0.65,0.01,0.59023,-0.59836,-0.19188,0.39117,1.36995,0.00000,0.16108,-0.59835,-0.19166,0.39228,1.37009,-0.00000,-0.17000,42,0.19139,0.08746,0.03995,0.19060,0.09130,0,0.96450,0.01342,0.00521,0.26371,Left,0,447.63,304.07,428.99,281.98,420.46,254.66,420.46,232.06,422.92,212.49,433.00,226.11,432.05,210.40,430.16,201.96,429.35,204.44,452.73,229.07,457.09,202.56,446.68,225.20,442.44,241.78,471.35,238.01,472.93,219.60,459.70,244.56,454.20,258.74,488.60,252.85,488.16,236.17,475.83,252.16,469.16,263.00,-0.00000,-0.01684,-0.02592,-0.03596,-0.04399,0.00160,-0.02495,-0.04007,-0.04550,-0.00248,-0.03538,-0.04184,-0.03432,-0.01147,-0.04545,-0.03730,-0.01948,-0.02184,-0.04210,-0.03275,-0.01844,-0.01035,0.08395,0.00764,-0.03455,0.05683,-0.00624,-0.03947,0.02920,-0.01316,-0.04366,-0.00195,-0.02055,-0.03951,-0.02824,-0.02770,-0.02838,-0.00658,0.00428,-0.02940,-0.02529,-0.00963,-0.03162,-0.03544,-0.02507,-0.03843,-0.02993,-0.05273,-0.00398,-0.00401,0.00661,-0.00348,-0.03083,-0.02075,-0.01838,-0.01475,-0.03754,-0.02313,-0.00042,-0.02344,0.01828,0.00241,-0.00166,0.01345,-0.00929,-0.03160,-0.00192,0.00917,-0.03956,-0.00662,0.02620,-0.02230,0.02974,0.01954,-0.01174,0.03212,0.00738,-0.03219,0.01616,0.01865,-0.04586,0.01000,0.03398,-0.03293
1159.1104,1,1,16.18,0.53,31.27,0.14829,0.01118,0.59182,0.65287,0.59393,0.3708,0,1,0.18831,0.10151,0.05001,0.18702,0.10043,0.04882,0.10,0.01,0.59393,-0.60112,-0.19638,0.41596,1.36163,-0.00000,0.16101,-0.60169,-0.19802,0.40894,1.35999,-0.00000,-0.17000,42,0.18878,0.08605,0.03712,0.19060,0.09130,0,0.96425,0.01150,0.01094,0.26453,Left,0,447.13,304.96,428.60,282.74,420.70,255.33,420.99,233.04,422.67,213.59,433.53,227.66,432.36,211.80,429.68,203.25,428.66,205.03,452.98,230.35,457.17,202.85,446.32,224.59,442.36,241.72,471.36,239.26,472.45,220.32,458.95,245.32,454.25,260.04,488.65,254.10,487.48,237.43,475.03,253.20,469.11,264.08,-0.00000,-0.01446,-0.02240,-0.03192,-0.03967,0.00377,-0.02270,-0.03850,-0.04455,-0.00172,-0.03503,-0.04255,-0.03569,-0.01186,-0.04536,-0.03713,-0.01920,-0.02327,-0.04252,-0.03266,-0.01806,-0.01089,0.08392,0.00738,-0.03489,0.05701,-0.00510,-0.03942,0.02864,-0.01173,-0.04349,-0.00234,-0.01985,-0.04040,-0.02804,-0.02707,-0.02817,-0.00687,0.00541,-0.02970,-0.02513,-0.00851,-0.03259,-0.03512,-0.02337,-0.03988,-0.03115,-0.05115,-0.00359,-0.00392,0.00638,-0.00416,-0.03181,-0.01919,-0.01889,-0.01717,-0.03612,-0.02331,-0.00168,-0.02550,0.01808,0.00247,-0.00239,0.01281,-0.01003,-0.03127,-0.00323,0.00858,-0.03924,-0.00670,0.02615,-0.02268,0.02889,0.01962,-0.01285,0.03082,0.00733,-0.03272,0.01480,0.01831,-0.04541,0.00933,0.03326,-0.03246
1159.1404,1,1,15.16,0.15,26.26,0.14860,0.01191,0.59223,0.65565,0.59264,0.4174,0,1,0.18811,0.10120,0.04928,0.18868,0.10177,0.05044,0.88,0.01,0.59264,-0.60201,-0.19875,0.40735,1.35913,-0.00000,0.16024,-0.60169,-0.19802,0.40894,1.35999,-0.00000,-0.17000,42,0.19031,0.08737,0.03860,0.19060,0.09130,0,0.96409,0.01393,0.00409,0.26519,Left,0,446.78,305.57,428.83,282.32,420.84,254.59,420.84,232.46,422.23,212.91,435.23,227.68,434.95,211.85,431.22,203.77,428.64,205.38,453.93,230.99,457.68,203.68,446.53,225.40,442.58,242.30,471.86,240.07,472.87,221.13,459.09,245.59,454.01,260.57,488.52,254.77,487.74,237.16,475.16,252.67,469.10,264.07,-0.00000,-0.01521,-0.02392,-0.03423,-0.04291,0.00363,-0.02367,-0.04035,-0.04680,-0.00150,-0.03497,-0.04293,-0.03642,-0.01150,-0.04574,-0.03884,-0.02160,-0.02275,-0.04222,-0.03285,-0.01857,-0.01271,0.08416,0.00514,-0.03579,0.05627,-0.00665,-0.04040,0.02822,-0.01267,-0.04499,-0.00313,-0.01909,-0.04232,-0.02987,-0.02551,-0.02724,-0.00707,0.00569,-0.02793,-0.02548,-0.00896,-0.03196,-0.03534,-0.02445,-0.04123,-0.03114,-0.05214,-0.00344,-0.00397,0.00668,-0.00438,-0.03137,-0.01961,-0.02018,-0.01665,-0.03734,-0.02497,-0.00160,-0.02709,0.01750,0.00267,-0.00252,0.01161,-0.00984,-0.03146,-0.00437,0.00843,-0.03956,-0.00891,0.02624,-0.02391,0.02739,0.01976,-0.01387,0.02950,0.00684,-0.03354,0.01311,0.01763,-0.04666,0.00749,0.03283,-0.03409
1159.1725,1,1,14.90,0.58,29.18,0.14836,0.01292,0.59157,0.66156,0.59091,0.3815,0,1,0.18844,0.10143,0.04827,0.18758,0.10086,0.04783,0.24,0.00,0.59091,-0.60129,-0.19519,0.42258,1.34905,0.00000,0.16033,-0.60127,-0.19595,0.41903,1.34778,-0.00000,-0.17000,42,0.18937,0.08657,0.03605,0.19060,0.09130,0,0.96418,0.01280,0.00767,0.26483,Left,0,447.04,306.92,429.04,285.03,421.09,256.89,420.94,233.76,422.32,213.56,434.35,229.22,434.37,212.93,431.35,204.33,429.51,206.78,453.25,232.41,457.16,205.01,446.40,228.45,443.37,245.72,471.50,241.20,472.89,221.87,459.46,246.84,455.12,261.40,488.56,255.59,488.10,237.69,475.78,253.79,470.28,265.25,-0.00000,-0.01515,-0.02356,-0.03339,-0.04139,0.00357,-0.02263,-0.03737,-0.04241,-0.00111,-0.03291,-0.03824,-0.03001,-0.01072,-0.04386,-0.03487,-0.01663,-0.02160,-0.04089,-0.03083,-0.01624,-0.01117,0.08480,0.00303,-0.03491,0.05707,-0.00833,-0.03940,0.02907,-0.01446,-0.04433,-0.00317,-0.02033,-0.04031,-0.03060,-0.02675,-0.02767,-0.00658,0.00513,-0.02811,-0.02585,-0.00844,-0.03094,-0.03575,-0.02423,-0.03910,-0.03072,-0.05124,-0.00367,-0.00404,0.00687,-0.00364,-0.03127,-0.01999,-0.01847,-0.01500,-0.03590,-0.02224,0.00068,-0.02220,0.01802,0.00233,-0.00220,0.01257,-0.01032,-0.03139,-0.00273,0.00808,-0.03942,-0.00609,0.02615,-0.02263,0.02825,0.01899,-0.01359,0.03136,0.00610,-0.03300,0.01531,0.01764,-0.04645,0.00995,0.03309,-0.03352
1159.2203,1,1,14.02,1.01,44.44,0.14797,0.01358,0.58995,0.65360,0.58833,0.3573,0,1,0.18925,0.10183,0.04761,0.18881,0.10156,0.04762,0.20,0.00,0.58833,-0.60068,-0.18769,0.41659,1.34390,0.00000,0.16043,-0.60056,-0.18734,0.41536,1.34275,-0.00000,-0.17000,42,0.19069,0.08734,0.03576,0.19060,0.09130,0,0.96425,0.01353,0.00579,0.26458,Left,0,447.25,307.52,429.32,284.41,421.18,257.97,420.80,235.82,422.38,216.24,433.40,229.00,432.51,213.59,430.44,204.71,429.63,206.77,453.32,232.32,457.42,205.68,446.82,229.24,443.16,246.09,471.90,241.46,473.30,222.87,460.00,247.76,455.50,261.65,489.27,256.76,488.64,239.29,476.35,255.20,470.54,265.89,-0.00000,-0.01461,-0.02250,-0.03170,-0.03883,0.00384,-0.02078,-0.03396,-0.03832,-0.00113,-0.03247,-0.03700,-0.02823,-0.01084,-0.04328,-0.03310,-0.01423,-0.02181,-0.04066,-0.02988,-0.01484,-0.00963,0.08429,0.01336,-0.03387,0.05700,-0.00138,-0.03877,0.02941,-0.00867,-0.04354,-0.00166,-0.01752,-0.03976,-0.02833,-0.02694,-0.02843,-0.00701,0.00495,-0.02970,-0.02536,-0.00891,-0.03174,-0.03603,-0.02376,-0.03872,-0.03149,-0.05036,-0.00400,-0.00423,0.00642,-0.00369,-0.03111,-0.02101,-0.01869,-0.01443,-0.03614,-0.02239,-0.00005,-0.01984,0.01833,0.00276,-0.00214,0.01283,-0.00942,-0.03178,-0.00181,0.00890,-0.03918,-0.00558,0.02571,-0.02042,0.02966,0.02027,-0.01138,0.03159,0.00721,-0.03203,0.01597,0.01851,-0.04492,0.01024,0.03364,-0.03187
1159.2531,1,1,15.36,0.66,29.06,0.14750,0.01394,0.58629,0.65179,0.58262,0.3843,0,1,0.19108,0.10230,0.04725,0.19061,0.10214,0.04658,0.24,0.01,0.58262,-0.59771,-0.16567,0.40080,1.34120,0.00001,0.16047,-0.59720,-0.17202,0.40183,1.34089,-0.00000,-0.17000,42,0.19217,0.08792,0.03474,0.19060,0.09130,0,0.96452,0.01293,0.00773,0.26357,Left,0,447.62,307.74,429.36,284.48,421.17,257.28,421.41,234.95,423.71,215.63,434.75,228.93,433.99,213.64,430.91,205.54,429.22,207.76,454.41,232.50,457.93,206.36,446.26,230.34,442.50,247.23,472.81,241.83,473.71,223.40,459.62,248.60,455.08,262.93,489.77,256.99,488.66,239.75,476.05,256.00,470.44,267.04,-0.00000,-0.01558,-0.02383,-0.03324,-0.04065,0.00354,-0.02213,-0.03634,-0.04120,-0.00090,-0.03291,-0.03788,-0.02928,-0.01031,-0.04384,-0.03438,-0.01561,-0.02102,-0.04068,-0.03034,-0.01531,-0.01114,0.08430,0.00997,-0.03485,0.05655,-0.00411,-0.03976,0.02847,-0.01063,-0.04420,-0.00253,-0.01859,-0.03997,-0.02928,-0.02674,-0.02783,-0.00714,0.00488,-0.02892,-0.02541,-0.00976,-0.03222,-0.03547,-0.02503,-0.03992,-0.03057,-0.05165,-0.00377,-0.00417,0.00673,-0.00405,-0.03036,-0.02141,-0.02025,-0.01347,-0.03688,-0.02455,0.00120,-0.02086,0.01804,0.00286,-0.00199,0.01183,-0.00919,-0.03186,-0.00314,0.00941,-0.03937,-0.00739,0.02646,-0.02148,0.02855,0.02016,-0.01213,0.03018,0.00754,-0.03282,0.01428,0.01900,-0.04570,0.00895,0.03423,-0.03235
1159.2839,1,1,14.13,0.48,27.17,0.14823,0.01475,0.58825,0.66172,0.59021,0.3609,0,1,0.19010,0.10157,0.04644,0.18887,0.10067,0.04563,0.04,0.01,0.59021,-0.59637,-0.18166,0.42490,1.33434,0.00000,0.16055,-0.59672,-0.17899,0.41628,1.33360,-0.00000,-0.17000,42,0.19048,0.08642,0.03372,0.19060,0.09130,0,0.96473,0.01271,0.00861,0.26280,Left,0,447.65,308.43,429.93,286.28,421.39,259.61,421.35,237.11,422.88,216.61,435.34,230.44,434.06,215.26,431.16,206.24,430.01,207.98,454.31,233.84,457.53,207.62,446.46,232.14,443.78,248.46,472.68,242.76,473.49,223.61,459.90,248.88,455.77,263.20,489.46,257.63,488.30,240.13,475.93,256.35,470.71,267.71,-0.00000,-0.01703,-0.02715,-0.03831,-0.04759,0.00153,-0.02420,-0.03797,-0.04251,-0.00241,-0.03356,-0.03734,-0.02814,-0.01144,-0.04467,-0.03460,-0.01569,-0.02190,-0.04178,-0.03144,-0.01653,-0.01066,0.08500,0.01157,-0.03469,0.05698,-0.00200,-0.03953,0.02966,-0.00982,-0.04508,-0.00188,-0.01927,-0.04142,-0.02948,-0.02858,-0.02755,-0.00683,0.00518,-0.02959,-0.02551,-0.00950,-0.03247,-0.03562,-0.02521,-0.03960,-0.03124,-0.05171,-0.00360,-0.00400,0.00659,-0.00427,-0.03056,-0.02159,-0.01992,-0.01289,-0.03659,-0.02329,0.00224,-0.02038,0.01822,0.00253,-0.00209,0.01174,-0.01002,-0.03155,-0.00334,0.00842,-0.03888,-0.00702,0.02643,-0.02155,0.02839,0.02000,-0.01245,0.03029,0.00676,-0.03263,0.01451,0.01848,-0.04539,0.00913,0.03416,-0.03281
1159.3175,1,1,14.89,0.55,30.35,0.14863,0.01551,0.59031,0.65656,0.59238,0.3632,0,1,0.18907,0.10117,0.04568,0.18919,0.10119,0.04578,0.04,0.01,0.59238,-0.59778,-0.18633,0.42928,1.32777,0.00000,0.16057,-0.59797,-0.18672,0.43032,1.32729,-0.00000,-0.17000,42,0.19080,0.08689,0.03364,0.19060,0.09130,0,0.96456,0.01370,0.00600,0.26343,Left,0,447.89,308.75,430.01,286.29,421.90,259.85,421.67,237.28,423.39,217.32,433.76,231.24,432.50,215.97,431.19,206.99,431.39,209.10,453.62,234.41,458.17,208.00,447.63,230.08,443.77,246.41,472.37,243.38,473.79,225.19,460.44,249.57,455.62,263.69,489.54,258.32,488.86,241.31,476.65,256.91,470.78,267.88,-0.00000,-0.01620,-0.02520,-0.03530,-0.04340,0.00214,-0.02327,-0.03728,-0.04207,-0.00208,-0.03390,-0.03954,-0.03157,-0.01106,-0.04402,-0.03503,-0.01676,-0.02138,-0.04066,-0.03056,-0.01577,-0.00955,0.08397,0.01095,-0.03421,0.05638,-0.00321,-0.03889,0.02878,-0.01041,-0.04378,-0.00246,-0.01951,-0.04032,-0.02904,-0.02797,-0.02839,-0.00702,0.00474,-0.03034,-0.02561,-0.00923,-0.03169,-0.03575,-0.02426,-0.03736,-0.03115,-0.05177,-0.00398,-0.00408,0.00653,-0.00309,-0.03121,-0.02075,-0.01812,-0.01549,-0.03732,-0.02232,-0.00088,-0.02302,0.01875,0.00262,-0.00188,0.01319,-0.00948,-0.03151,-0.00177,0.00871,-0.03938,-0.00596,0.02573,-0.02163,0.02999,0.01973,-0.01165,0.03200,0.00707,-0.03239,0.01629,0.01812,-0.04544,0.01047,0.03349,-0.03305
1159.3475,1,1,14.47,0.16,26.86,0.14902,0.01583,0.59096,0.65624,0.59161,0.3785,0,1,0.18874,0.10078,0.04536,0.18899,0.10112,0.04554,0.63,0.01,0.59161,-0.59810,-0.18645,0.43110,1.32703,0.00000,0.16059,-0.59797,-0.18672,0.43032,1.32729,-0.00000,-0.17000,42,0.19071,0.08693,0.03343,0.19060,0.09130,0,0.96450,0.01380,0.00593,0.26367,Left,0,448.21,309.31,429.94,286.68,421.62,259.96,421.82,237.74,423.54,218.00,434.40,230.87,433.17,215.82,430.54,207.28,429.24,209.08,454.25,234.12,458.19,208.34,447.26,231.50,443.44,247.65,472.98,243.21,474.20,225.30,460.56,250.54,455.72,264.64,490.00,258.17,488.92,241.56,476.79,257.61,471.29,268.33,-0.00000,-0.01580,-0.02463,-0.03455,-0.04258,0.00232,-0.02299,-0.03694,-0.04175,-0.00214,-0.03360,-0.03873,-0.03054,-0.01137,-0.04439,-0.03515,-0.01675,-0.02189,-0.04117,-0.03085,-0.01595,-0.01059,0.08484,0.00994,-0.03490,0.05713,-0.00353,-0.03952,0.02931,-0.01100,-0.04402,-0.00183,-0.01991,-0.04037,-0.02829,-0.02774,-0.02817,-0.00708,0.00518,-0.03002,-0.02522,-0.00942,-0.03333,-0.03528,-0.02487,-0.04018,-0.03084,-0.05263,-0.00373,-0.00414,0.00659,-0.00383,-0.03031,-0.02125,-0.01915,-0.01406,-0.03726,-0.02334,0.00069,-0.02332,0.01855,0.00274,-0.00207,0.01286,-0.00899,-0.03189,-0.00254,0.00982,-0.03935,-0.00664,0.02706,-0.02209,0.02942,0.02015,-0.01250,0.03100,0.00758,-0.03307,0.01546,0.01942,-0.04579,0.01015,0.03416,-0.03282
1159.3795,1,1,14.71,0.16,29.03,0.14861,0.01608,0.58890,0.65031,0.58684,0.4029,0,1,0.18977,0.10119,0.04511,0.18901,0.10110,0.04557,0.89,0.01,0.58684,-0.59794,-0.18634,0.43074,1.32735,0.00000,0.16059,-0.59797,-0.18672,0.43032,1.32729,-0.00000,-0.17000,42,0.19071,0.08689,0.03343,0.19060,0.09130,0,0.96452,0.01390,0.00583,0.26358,Left,0,447.87,310.25,430.15,287.46,421.95,260.89,421.30,238.48,421.88,218.18,434.24,230.97,433.12,216.71,431.09,207.72,430.69,209.33,454.39,234.20,458.03,208.70,447.10,231.65,443.47,247.51,473.13,243.20,473.76,226.50,460.15,251.13,455.41,264.79,490.25,258.45,489.07,242.25,476.32,258.11,469.98,268.77,-0.00000,-0.01619,-0.02448,-0.03376,-0.04090,0.00361,-0.02058,-0.03354,-0.03793,-0.00048,-0.03112,-0.03557,-0.02698,-0.00951,-0.04206,-0.03269,-0.01440,-0.01995,-0.03931,-0.02940,-0.01489,-0.00997,0.08531,0.00965,-0.03413,0.05780,-0.00399,-0.03884,0.02989,-0.01135,-0.04445,-0.00140,-0.01893,-0.04179,-0.02914,-0.02719,-0.02841,-0.00659,0.00508,-0.03010,-0.02517,-0.00932,-0.03213,-0.03534,-0.02486,-0.03852,-0.03150,-0.05350,-0.00392,-0.00400,0.00669,-0.00370,-0.03063,-0.02123,-0.01922,-0.01416,-0.03737,-0.02367,-0.00028,-0.02332,0.01867,0.00238,-0.00197,0.01266,-0.00849,-0.03190,-0.00260,0.00983,-0.03974,-0.00688,0.02653,-0.02184,0.02961,0.01981,-0.01227,0.03137,0.00773,-0.03333,0.01522,0.01966,-0.04676,0.00898,0.03467,-0.03402
1159.4125,1,1,14.97,0.54,29.49,0.14861,0.01672,0.58931,0.65198,0.58971,0.3473,0,1,0.18957,0.10119,0.04447,0.18935,0.10108,0.04469,0.19,0.00,0.58971,-0.59679,-0.18261,0.43354,1.32065,-0.00000,0.16057,-0.59670,-0.18242,0.43387,1.31936,-0.00000,-0.17000,42,0.19112,0.08695,0.03273,0.19060,0.09130,0,0.96465,0.01427,0.00497,0.26309,Left,0,447.56,309.60,429.84,287.47,422.04,260.95,422.11,238.97,423.82,219.40,434.39,232.24,432.81,216.10,431.38,207.32,431.37,210.79,454.01,235.50,458.16,208.28,447.59,230.34,443.68,247.40,472.56,244.65,473.90,226.17,460.65,250.66,455.72,264.93,489.83,259.59,489.43,242.31,477.23,257.95,471.07,268.88,-0.00000,-0.01661,-0.02640,-0.03732,-0.04621,0.00054,-0.02648,-0.04150,-0.04652,-0.00391,-0.03721,-0.04343,-0.03548,-0.01321,-0.04702,-0.03817,-0.01979,-0.02391,-0.04342,-0.03325,-0.01834,-0.01056,0.08310,0.00925,-0.03484,0.05570,-0.00493,-0.03923,0.02840,-0.01245,-0.04375,-0.00147,-0.02138,-0.03968,-0.02776,-0.02908,-0.02846,-0.00675,0.00435,-0.03034,-0.02583,-0.00932,-0.03200,-0.03614,-0.02450,-0.03803,-0.02952,-0.05179,-0.00395,-0.00409,0.00653,-0.00351,-0.03136,-0.02057,-0.01856,-0.01577,-0.03757,-0.02275,-0.00115,-0.02355,0.01849,0.00255,-0.00182,0.01304,-0.00928,-0.03174,-0.00209,0.00907,-0.03977,-0.00663,0.02604,-0.02161,0.02968,0.01952,-0.01159,0.03214,0.00715,-0.03225,0.01613,0.01813,-0.04586,0.01016,0.03332,-0.03257
1159.4442,1,1,14.74,0.54,28.66,0.14862,0.01743,0.58751,0.65293,0.58572,0.3858,0,1,0.19047,0.10118,0.04376,0.19017,0.10095,0.04353,0.19,0.00,0.58572,-0.59369,-0.17328,0.43230,1.31409,0.00000,0.16050,-0.59400,-0.17490,0.43137,1.31430,-0.00000,-0.17000,42,0.19164,0.08670,0.03155,0.19060,0.09130,0,0.96504,0.01396,0.00607,0.26167,Left,0,447.79,310.76,430.04,287.77,421.99,260.57,422.01,238.65,422.90,218.73,436.13,232.69,435.38,217.40,431.83,208.75,429.75,209.39,455.32,236.18,458.71,209.18,446.92,233.00,443.49,249.83,473.56,245.48,474.22,225.99,459.98,251.13,455.65,265.57,490.39,260.67,489.38,242.87,476.50,258.66,470.92,269.68,-0.00000,-0.01503,-0.02327,-0.03292,-0.04089,0.00377,-0.02205,-0.03697,-0.04257,-0.00129,-0.03355,-0.03911,-0.03098,-0.01126,-0.04501,-0.03603,-0.01757,-0.02247,-0.04211,-0.03189,-0.01708,-0.01244,0.08399,0.00740,-0.03579,0.05608,-0.00481,-0.04024,0.02834,-0.01146,-0.04541,-0.00281,-0.01869,-0.04282,-0.02962,-0.02649,-0.02736,-0.00693,0.00587,-0.02916,-0.02513,-0.00895,-0.03265,-0.03544,-0.02455,-0.04098,-0.03272,-0.05112,-0.00355,-0.00386,0.00681,-0.00459,-0.03108,-0.02054,-0.02049,-0.01478,-0.03609,-0.02493,0.00039,-0.02249,0.01805,0.00257,-0.00249,0.01136,-0.01006,-0.03176,-0.00426,0.00812,-0.03883,-0.00819,0.02588,-0.02214,0.02805,0.01989,-0.01344,0.03013,0.00690,-0.03351,0.01388,0.01793,-0.04611,0.00829,0.03311,-0.03314
1159.4771,1,1,14.92,0.54,29.08,0.14910,0.01814,0.58971,0.65501,0.59191,0.3798,0,1,0.18937,0.10070,0.04305,0.18882,0.10024,0.04241,0.03,0.01,0.59191,-0.59456,-0.17985,0.44751,1.30855,0.00000,0.16057,-0.59490,-0.18203,0.44522,1.30770,-0.00000,-0.17000,42,0.19044,0.08597,0.03040,0.19060,0.09130,0,0.96498,0.01347,0.00780,0.26188,Left,0,448.04,311.72,430.61,288.92,422.16,262.06,421.60,239.49,422.33,218.49,435.07,233.40,434.71,217.37,432.47,208.35,431.10,210.53,454.45,236.72,458.65,209.51,447.51,231.45,443.48,248.02,472.92,245.76,474.35,226.63,460.28,251.12,454.92,265.93,489.87,260.64,489.59,242.84,476.87,258.37,470.53,269.89,-0.00000,-0.01684,-0.02644,-0.03711,-0.04581,0.00127,-0.02489,-0.03950,-0.04449,-0.00282,-0.03505,-0.04086,-0.03297,-0.01181,-0.04561,-0.03725,-0.01920,-0.02216,-0.04223,-0.03256,-0.01794,-0.01039,0.08468,0.00484,-0.03468,0.05630,-0.00732,-0.03953,0.02877,-0.01413,-0.04505,-0.00239,-0.02127,-0.04190,-0.03003,-0.02811,-0.02800,-0.00665,0.00523,-0.02891,-0.02632,-0.00906,-0.03156,-0.03661,-0.02490,-0.03895,-0.03196,-0.05268,-0.00367,-0.00400,0.00680,-0.00339,-0.03173,-0.02014,-0.01878,-0.01664,-0.03762,-0.02357,-0.00220,-0.02545,0.01846,0.00251,-0.00219,0.01270,-0.01024,-0.03132,-0.00311,0.00769,-0.03966,-0.00799,0.02515,-0.02359,0.02898,0.01933,-0.01345,0.03125,0.00618,-0.03309,0.01518,0.01716,-0.04675,0.00907,0.03265,-0.03460
1159.5075,1,1,14.42,0.16,26.86,0.14899,0.01823,0.59005,0.65056,0.59039,0.3466,0,1,0.18920,0.10081,0.04296,0.18930,0.10067,0.04298,0.25,0.01,0.59039,-0.59506,-0.18213,0.44599,1.30743,0.00001,0.16059,-0.59490,-0.18203,0.44522,1.30770,-0.00000,-0.17000,42,0.19088,0.08638,0.03075,0.19060,0.09130,0,0.96489,0.01422,0.00574,0.26221,Left,0,447.11,311.31,429.81,288.21,422.05,261.51,422.04,239.75,423.32,220.30,434.40,232.47,432.95,216.55,430.68,208.20,430.05,210.91,454.29,235.98,458.41,209.11,447.02,231.58,443.26,247.58,473.00,245.40,474.42,226.66,459.92,251.35,454.60,265.24,490.04,260.83,489.62,243.61,476.35,259.37,469.64,270.29,-0.00000,-0.01568,-0.02460,-0.03471,-0.04281,0.00123,-0.02459,-0.03855,-0.04323,-0.00354,-0.03573,-0.04109,-0.03296,-0.01304,-0.04654,-0.03742,-0.01910,-0.02381,-0.04379,-0.03371,-0.01889,-0.01129,0.08427,0.01079,-0.03519,0.05649,-0.00335,-0.03947,0.02883,-0.01056,-0.04383,-0.00172,-0.01973,-0.04046,-0.02788,-0.02815,-0.02818,-0.00734,0.00522,-0.03003,-0.02630,-0.00896,-0.03248,-0.03616,-0.02411,-0.03932,-0.03073,-0.05100,-0.00382,-0.00413,0.00642,-0.00362,-0.03158,-0.02043,-0.01942,-0.01547,-0.03709,-0.02363,-0.00196,-0.02310,0.01827,0.00281,-0.00225,0.01288,-0.00939,-0.03180,-0.00327,0.00842,-0.03964,-0.00802,0.02499,-0.02234,0.02963,0.02040,-0.01251,0.03140,0.00790,-0.03307,0.01485,0.01875,-0.04618,0.00830,0.03403,-0.03311
1159.5419,1,1,16.06,0.54,31.39,0.14867,0.01823,0.58721,0.65457,0.58437,0.3899,0,1,0.19062,0.10113,0.04296,0.19048,0.10110,0.04289,0.14,0.00,0.58437,-0.59338,-0.17141,0.43533,1.30750,0.00001,0.16061,-0.59321,-0.17234,0.43520,1.30786,-0.00000,-0.17000,42,0.19197,0.08679,0.03055,0.19060,0.09130,0,0.96509,0.01429,0.00585,0.26147,Left,0,446.85,311.76,430.04,288.24,422.05,261.61,421.53,240.17,423.00,220.05,436.67,232.63,436.05,217.86,432.12,209.42,429.55,211.45,455.75,236.07,459.25,209.57,446.93,233.63,443.77,249.83,473.85,245.33,474.39,226.90,459.90,251.83,456.23,265.51,490.41,260.68,489.71,243.42,476.81,259.07,471.81,269.67,-0.00000,-0.01631,-0.02571,-0.03653,-0.04544,0.00391,-0.02257,-0.03734,-0.04237,-0.00069,-0.03269,-0.03727,-0.02824,-0.01060,-0.04405,-0.03430,-0.01529,-0.02199,-0.04095,-0.03018,-0.01496,-0.01246,0.08526,0.01145,-0.03580,0.05672,-0.00258,-0.04086,0.02974,-0.00980,-0.04649,-0.00101,-0.01891,-0.04348,-0.02807,-0.02745,-0.02730,-0.00674,0.00518,-0.02919,-0.02505,-0.00969,-0.03253,-0.03480,-0.02557,-0.04198,-0.03037,-0.05222,-0.00352,-0.00416,0.00663,-0.00421,-0.03092,-0.02176,-0.02122,-0.01384,-0.03798,-0.02492,0.00023,-0.02267,0.01785,0.00253,-0.00242,0.01053,-0.00896,-0.03230,-0.00485,0.00950,-0.03962,-0.00796,0.02613,-0.02201,0.02790,0.02010,-0.01265,0.02992,0.00778,-0.03365,0.01345,0.01858,-0.04664,0.00866,0.03369,-0.03385
1159.5722,1,1,14.76,0.53,26.59,0.14793,0.01818,0.58454,0.65155,0.58186,0.3745,0,1,0.19196,0.10187,0.04300,0.19219,0.10198,0.04282,0.16,0.01,0.58186,-0.59216,-0.15416,0.41733,1.30885,0.00000,0.16063,-0.59244,-0.15970,0.42128,1.30912,-0.00000,-0.17000,42,0.19379,0.08772,0.03040,0.19060,0.09130,0,0.96526,0.01429,0.00603,0.26083,Left,0,447.64,311.94,430.01,288.99,421.95,261.74,422.26,239.55,424.13,219.55,435.01,232.45,435.58,217.32,433.02,209.27,430.92,210.99,454.63,236.04,458.46,210.52,447.30,234.16,443.77,249.56,473.37,245.37,474.26,227.59,460.46,252.68,455.70,266.53,490.34,260.59,489.56,243.93,476.53,259.77,470.15,270.52,-0.00000,-0.01630,-0.02521,-0.03497,-0.04268,0.00104,-0.02385,-0.03678,-0.04087,-0.00276,-0.03286,-0.03622,-0.02720,-0.01144,-0.04445,-0.03541,-0.01741,-0.02135,-0.04157,-0.03203,-0.01777,-0.01092,0.08474,0.01299,-0.03488,0.05695,-0.00160,-0.03913,0.02930,-0.00991,-0.04374,-0.00164,-0.01908,-0.03944,-0.02853,-0.02834,-0.02796,-0.00695,0.00471,-0.02801,-0.02546,-0.01071,-0.03074,-0.03540,-0.02610,-0.03865,-0.03112,-0.05259,-0.00377,-0.00435,0.00644,-0.00353,-0.02981,-0.02254,-0.01890,-0.01329,-0.03750,-0.02317,0.00008,-0.02179,0.01822,0.00275,-0.00173,0.01221,-0.00862,-0.03189,-0.00255,0.00979,-0.03874,-0.00666,0.02672,-0.02061,0.02898,0.02014,-0.01176,0.03119,0.00785,-0.03239,0.01483,0.01943,-0.04567,0.00853,0.03453,-0.03276
1159.6052,1,1,15.13,0.60,29.80,0.14902,0.01890,0.58947,0.65722,0.59440,0.4216,0,1,0.18949,0.10077,0.04229,0.18898,0.10042,0.04191,0.16,0.01,0.59440,-0.59489,-0.18014,0.45186,1.30205,0.00000,0.16067,-0.59475,-0.17804,0.44768,1.30134,-0.00000,-0.17000,42,0.19067,0.08611,0.02951,0.19060,0.09130,0,0.96494,0.01414,0.00672,0.26199,Left,0,447.86,311.94,429.88,289.15,422.37,261.57,422.41,239.24,422.93,219.43,434.81,233.98,434.24,218.25,432.02,209.82,431.11,211.21,454.36,237.42,458.72,210.72,447.83,232.98,443.96,249.56,472.94,246.60,474.97,227.65,460.98,252.09,455.41,266.80,489.94,261.51,490.30,244.14,477.31,259.35,470.36,270.66,-0.00000,-0.01574,-0.02404,-0.03351,-0.04116,0.00221,-0.02295,-0.03713,-0.04221,-0.00216,-0.03362,-0.03946,-0.03188,-0.01123,-0.04432,-0.03634,-0.01880,-0.02155,-0.04126,-0.03197,-0.01780,-0.01123,0.08430,0.00791,-0.03538,0.05626,-0.00593,-0.03931,0.02812,-0.01238,-0.04369,-0.00331,-0.02006,-0.04122,-0.03019,-0.02621,-0.02817,-0.00699,0.00483,-0.02910,-0.02604,-0.01019,-0.03210,-0.03628,-0.02575,-0.03832,-0.03188,-0.05387,-0.00400,-0.00410,0.00672,-0.00330,-0.03133,-0.02070,-0.01870,-0.01564,-0.03807,-0.02319,-0.00089,-0.02544,0.01859,0.00281,-0.00173,0.01345,-0.00982,-0.03099,-0.00178,0.00814,-0.03963,-0.00743,0.02599,-0.02335,0.02968,0.02005,-0.01221,0.03194,0.00711,-0.03227,0.01596,0.01743,-0.04604,0.00941,0.03313,-0.03381
1159.6530,1,1,15.16,0.50,44.65,0.14710,0.01895,0.58219,0.64255,0.57491,0.3675,0,1,0.19313,0.10270,0.04224,0.19041,0.10091,0.03866,0.36,0.01,0.57491,-0.59276,-0.13105,0.42203,1.30526,-0.00000,0.16020,-0.59266,-0.14789,0.41361,1.30483,-0.00000,-0.17000,42,0.19185,0.08652,0.02643,0.19060,0.09130,0,0.96518,0.01087,0.01664,0.26083,Left,0,447.06,313.44,429.71,290.52,421.71,263.75,422.20,240.85,422.91,219.85,434.68,233.06,434.80,219.04,431.93,209.84,430.39,211.46,454.64,236.86,458.82,211.24,446.93,236.50,443.84,252.13,473.26,246.27,474.61,228.25,460.17,253.37,455.99,266.88,490.17,261.98,489.58,245.00,476.76,260.55,471.27,270.84,-0.00000,-0.01785,-0.02793,-0.03882,-0.04751,0.00183,-0.02315,-0.03581,-0.03968,-0.00178,-0.03229,-0.03457,-0.02418,-0.01070,-0.04317,-0.03168,-0.01189,-0.02127,-0.04023,-0.02913,-0.01378,-0.01092,0.08495,0.01148,-0.03480,0.05719,-0.00277,-0.03839,0.02957,-0.01038,-0.04345,-0.00157,-0.01893,-0.04037,-0.02961,-0.02768,-0.02771,-0.00683,0.00511,-0.02836,-0.02476,-0.00952,-0.03100,-0.03515,-0.02462,-0.03866,-0.03165,-0.05139,-0.00368,-0.00384,0.00670,-0.00308,-0.03025,-0.02204,-0.01864,-0.01215,-0.03632,-0.02249,0.00170,-0.01913,0.01802,0.00255,-0.00190,0.01321,-0.00874,-0.03184,-0.00218,0.00911,-0.03902,-0.00631,0.02587,-0.02108,0.02871,0.02038,-0.01192,0.03135,0.00834,-0.03229,0.01565,0.01883,-0.04508,0.00981,0.03335,-0.03269
1159.6841,1,1,15.14,0.16,27.04,0.14714,0.01958,0.58253,0.64857,0.58287,0.3991,0,1,0.19296,0.10266,0.04161,0.19318,0.10276,0.04174,0.84,0.01,0.58287,-0.59268,-0.13843,0.40826,1.30443,0.00000,0.16032,-0.59266,-0.14789,0.41361,1.30483,-0.00000,-0.17000,42,0.19474,0.08848,0.02935,0.19060,0.09130,0,0.96519,0.01456,0.00602,0.26108,Left,0,446.86,313.75,429.48,290.86,421.91,263.21,421.16,240.45,421.97,219.97,435.14,234.60,434.80,219.44,431.74,210.70,429.81,213.06,454.69,237.93,458.44,211.45,446.93,235.27,443.51,252.21,473.00,247.19,474.09,229.05,460.13,254.00,455.76,267.85,490.08,262.61,489.78,245.10,477.14,260.80,471.39,271.31,-0.00000,-0.01571,-0.02376,-0.03312,-0.04040,0.00490,-0.02091,-0.03498,-0.03958,0.00044,-0.03172,-0.03660,-0.02771,-0.00921,-0.04264,-0.03297,-0.01397,-0.02024,-0.03926,-0.02872,-0.01367,-0.01139,0.08484,0.00513,-0.03490,0.05685,-0.00729,-0.03921,0.02865,-0.01296,-0.04513,-0.00289,-0.01904,-0.04211,-0.03110,-0.02567,-0.02789,-0.00647,0.00524,-0.02881,-0.02545,-0.00889,-0.03157,-0.03563,-0.02445,-0.03958,-0.03092,-0.05143,-0.00379,-0.00402,0.00706,-0.00343,-0.03117,-0.02086,-0.01932,-0.01422,-0.03717,-0.02333,0.00014,-0.02227,0.01818,0.00239,-0.00216,0.01254,-0.00923,-0.03175,-0.00260,0.00889,-0.04013,-0.00660,0.02580,-0.02276,0.02865,0.01935,-0.01329,0.03125,0.00704,-0.03362,0.01558,0.01799,-0.04710,0.01017,0.03272,-0.03505
1159.7158,1,1,14.50,0.53,28.25,0.14771,0.02013,0.58534,0.64462,0.58816,0.3786,0,1,0.19155,0.10209,0.04105,0.19055,0.10142,0.04086,0.07,0.01,0.58816,-0.59462,-0.16371,0.44243,1.29390,0.00000,0.16048,-0.59446,-0.15619,0.43260,1.29452,-0.00000,-0.17000,42,0.19216,0.08710,0.02834,0.19060,0.09130,0,0.96496,0.01470,0.00572,0.26194,Left,0,446.83,314.23,429.37,291.16,422.05,263.17,421.48,240.56,422.30,220.50,434.78,234.78,434.77,219.75,431.94,211.17,430.13,213.22,454.41,238.14,458.63,211.68,447.24,235.06,443.58,251.68,472.83,247.48,474.22,229.06,460.15,254.18,455.29,268.11,489.78,262.83,488.95,246.03,476.09,262.35,470.02,273.06,-0.00000,-0.01517,-0.02314,-0.03241,-0.03975,0.00420,-0.02178,-0.03622,-0.04118,-0.00065,-0.03282,-0.03809,-0.02970,-0.01047,-0.04409,-0.03479,-0.01621,-0.02156,-0.04135,-0.03112,-0.01625,-0.01194,0.08451,0.00802,-0.03549,0.05675,-0.00510,-0.03952,0.02856,-0.01166,-0.04464,-0.00281,-0.01898,-0.04123,-0.03008,-0.02615,-0.02807,-0.00689,0.00518,-0.02849,-0.02532,-0.00930,-0.03145,-0.03539,-0.02436,-0.03915,-0.03065,-0.05086,-0.00388,-0.00405,0.00684,-0.00344,-0.03074,-0.02080,-0.01911,-0.01459,-0.03658,-0.02320,-0.00043,-0.02184,0.01829,0.00277,-0.00213,0.01259,-0.00907,-0.03175,-0.00249,0.00916,-0.03971,-0.00705,0.02603,-0.02198,0.02893,0.01994,-0.01278,0.03076,0.00788,-0.03342,0.01478,0.01954,-0.04650,0.00882,0.03451,-0.03351
1159.7494,1,1,15.50,0.52,30.44,0.14704,0.02040,0.58292,0.65161,0.58049,0.3634,0,1,0.19276,0.10276,0.04079,0.19281,0.10284,0.04001,0.17,0.00,0.58049,-0.59412,-0.13533,0.41793,1.29303,-0.00000,0.16040,-0.59396,-0.14541,0.42257,1.29357,-0.00000,-0.17000,42,0.19436,0.08855,0.02749,0.19060,0.09130,0,0.96500,0.01451,0.00656,0.26178,Left,0,448.08,314.61,430.01,291.80,421.59,265.37,421.15,242.85,422.51,222.93,433.79,234.73,433.93,219.26,431.80,210.75,430.71,213.46,454.09,238.38,458.43,212.33,447.30,237.15,443.69,254.00,472.76,247.71,474.09,230.13,460.28,254.99,455.75,268.38,490.06,263.25,489.64,246.14,477.00,262.36,470.98,272.96,-0.00000,-0.01586,-0.02412,-0.03315,-0.03975,0.00246,-0.02190,-0.03404,-0.03759,-0.00161,-0.03271,-0.03575,-0.02592,-0.01064,-0.04344,-0.03286,-0.01374,-0.02097,-0.04038,-0.02977,-0.01483,-0.00928,0.08497,0.01579,-0.03347,0.05746,-0.00008,-0.03856,0.03044,-0.00746,-0.04399,-0.00038,-0.01693,-0.04006,-0.02784,-0.02695,-0.02835,-0.00670,0.00476,-0.02849,-0.02573,-0.00926,-0.03063,-0.03598,-0.02432,-0.03766,-0.03117,-0.05060,-0.00412,-0.00428,0.00635,-0.00312,-0.03043,-0.02218,-0.01801,-0.01272,-0.03641,-0.02220,0.00115,-0.01805,0.01835,0.00259,-0.00196,0.01321,-0.00843,-0.03185,-0.00163,0.00934,-0.03895,-0.00576,0.02545,-0.02017,0.02984,0.02017,-0.01125,0.03208,0.00793,-0.03182,0.01638,0.01911,-0.04473,0.01024,0.03426,-0.03179
1159.7795,1,1,14.33,0.52,25.99,0.14670,0.02099,0.58133,0.65629,0.57975,0.3654,0,1,0.19356,0.10310,0.04020,0.19325,0.10286,0.04013,0.18,0.00,0.57975,-0.59292,-0.13645,0.41854,1.29046,0.00001,0.16045,-0.59311,-0.13697,0.41773,1.29001,-0.00000,-0.17000,42,0.19474,0.08853,0.02741,0.19060,0.09130,0,0.96514,0.01474,0.00607,0.26126,Left,0,447.82,314.96,430.34,292.43,421.56,266.43,420.84,244.07,422.52,223.94,434.21,236.09,433.04,220.74,430.83,211.75,429.89,213.91,454.24,239.51,457.80,213.25,447.11,237.78,443.47,254.77,472.97,248.72,473.65,230.86,460.38,255.95,455.87,269.81,490.38,263.87,489.45,247.12,477.08,262.97,471.07,273.54,-0.00000,-0.01728,-0.02732,-0.03828,-0.04699,0.00107,-0.02459,-0.03813,-0.04260,-0.00296,-0.03541,-0.03995,-0.03096,-0.01205,-0.04571,-0.03597,-0.01715,-0.02258,-0.04222,-0.03202,-0.01727,-0.00958,0.08483,0.01438,-0.03392,0.05731,-0.00080,-0.03925,0.02999,-0.00958,-0.04484,-0.00073,-0.01956,-0.04160,-0.02789,-0.02908,-0.02811,-0.00673,0.00453,-0.02979,-0.02560,-0.00985,-0.03252,-0.03608,-0.02537,-0.03900,-0.03129,-0.05264,-0.00394,-0.00428,0.00633,-0.00384,-0.03046,-0.02227,-0.01898,-0.01303,-0.03750,-0.02332,0.00200,-0.02041,0.01862,0.00264,-0.00165,0.01241,-0.00877,-0.03211,-0.00239,0.00958,-0.03922,-0.00647,0.02622,-0.02074,0.02958,0.02015,-0.01116,0.03155,0.00768,-0.03186,0.01593,0.01910,-0.04486,0.00999,0.03403,-0.03215
1159.8117,1,1,14.81,0.15,29.03,0.14688,0.02158,0.58268,0.64928,0.58402,0.3831,0,1,0.19289,0.10291,0.03961,0.19343,0.10302,0.04028,0.93,0.00,0.58402,-0.59309,-0.13678,0.41791,1.28986,0.00000,0.16045,-0.59311,-0.13697,0.41773,1.29001,-0.00000,-0.17000,42,0.19509,0.08877,0.02759,0.19060,0.09130,0,0.96512,0.01526,0.00478,0.26131,Left,0,447.20,315.97,429.14,293.34,421.46,266.52,421.43,244.10,422.12,224.81,433.68,236.21,432.73,220.92,430.67,212.40,430.15,215.44,454.00,239.62,457.67,214.06,446.63,238.48,443.62,254.37,472.76,248.96,473.67,231.70,459.72,256.51,455.55,269.66,490.21,264.44,489.02,248.61,476.11,264.36,470.08,274.40,-0.00000,-0.01581,-0.02389,-0.03279,-0.03923,0.00200,-0.02224,-0.03417,-0.03767,-0.00205,-0.03237,-0.03523,-0.02570,-0.01100,-0.04296,-0.03206,-0.01317,-0.02137,-0.04066,-0.03043,-0.01590,-0.01034,0.08512,0.01301,-0.03445,0.05781,-0.00180,-0.03879,0.02972,-0.01001,-0.04359,-0.00080,-0.01902,-0.04076,-0.02779,-0.02722,-0.02869,-0.00661,0.00444,-0.02961,-0.02598,-0.00980,-0.03212,-0.03575,-0.02524,-0.03788,-0.03051,-0.05242,-0.00410,-0.00420,0.00631,-0.00348,-0.03037,-0.02210,-0.01822,-0.01291,-0.03652,-0.02198,0.00106,-0.02002,0.01880,0.00272,-0.00170,0.01335,-0.00875,-0.03164,-0.00190,0.00916,-0.03923,-0.00560,0.02535,-0.02052,0.03025,0.02007,-0.01128,0.03216,0.00848,-0.03193,0.01601,0.01986,-0.04513,0.00999,0.03457,-0.03202
1159.8447,1,1,15.30,0.52,29.64,0.14739,0.02224,0.58478,0.65125,0.58687,0.4000,0,1,0.19184,0.10241,0.03894,0.19095,0.10182,0.03830,0.05,0.01,0.58687,-0.59521,-0.15064,0.44774,1.27767,0.00000,0.16048,-0.59500,-0.14797,0.44000,1.27892,-0.00000,-0.17000,42,0.19261,0.08751,0.02553,0.19060,0.09130,0,0.96487,0.01466,0.00666,0.26223,Left,0,447.81,315.92,429.60,292.95,421.67,265.92,421.63,243.69,422.95,224.16,433.84,237.00,432.46,221.63,430.73,212.94,430.64,215.22,454.01,240.38,458.10,214.50,446.94,237.83,442.96,254.50,472.80,249.73,474.13,231.45,460.23,255.98,455.12,270.00,489.95,265.14,489.12,248.23,476.45,264.00,470.31,274.86,-0.00000,-0.01608,-0.02460,-0.03407,-0.04150,0.00200,-0.02335,-0.03721,-0.04202,-0.00232,-0.03424,-0.03937,-0.03115,-0.01151,-0.04471,-0.03558,-0.01743,-0.02202,-0.04190,-0.03211,-0.01766,-0.01001,0.08462,0.01114,-0.03447,0.05682,-0.00285,-0.03907,0.02881,-0.00989,-0.04382,-0.00230,-0.01867,-0.04053,-0.02908,-0.02638,-0.02842,-0.00685,0.00495,-0.03011,-0.02592,-0.00965,-0.03229,-0.03595,-0.02525,-0.03783,-0.03084,-0.05277,-0.00398,-0.00413,0.00657,-0.00339,-0.03062,-0.02133,-0.01889,-0.01384,-0.03729,-0.02366,0.00054,-0.02267,0.01888,0.00285,-0.00198,0.01335,-0.00938,-0.03168,-0.00222,0.00820,-0.03982,-0.00683,0.02519,-0.02268,0.02990,0.02004,-0.01216,0.03185,0.00765,-0.03262,0.01595,0.01896,-0.04565,0.00999,0.03384,-0.03303
1159.8762,1,1,14.56,0.52,27.65,0.14823,0.02293,0.58866,0.64878,0.59255,0.4007,0,1,0.18989,0.10157,0.03826,0.18853,0.10068,0.03716,0.13,0.01,0.59255,-0.59750,-0.16584,0.47261,1.27144,-0.00000,0.16049,-0.59714,-0.16317,0.46244,1.27169,-0.00000,-0.17000,42,0.19017,0.08635,0.02443,0.19060,0.09130,0,0.96457,0.01423,0.00823,0.26331,Left,0,447.89,315.96,429.86,293.75,421.68,266.29,421.36,243.53,421.82,223.75,433.56,238.08,432.55,222.33,430.97,213.67,430.85,215.04,453.56,241.15,457.56,214.61,447.04,236.58,443.02,252.81,472.43,250.19,473.64,231.65,460.25,256.60,454.92,270.80,489.75,265.05,488.69,248.73,476.14,264.78,469.76,275.53,-0.00000,-0.01546,-0.02379,-0.03319,-0.04081,0.00152,-0.02403,-0.03865,-0.04409,-0.00323,-0.03544,-0.04174,-0.03445,-0.01256,-0.04582,-0.03729,-0.01950,-0.02314,-0.04284,-0.03304,-0.01859,-0.01044,0.08370,0.00720,-0.03479,0.05631,-0.00526,-0.03915,0.02798,-0.01251,-0.04397,-0.00276,-0.02016,-0.04155,-0.02904,-0.02651,-0.02858,-0.00687,0.00499,-0.02982,-0.02541,-0.00979,-0.03236,-0.03540,-0.02507,-0.03781,-0.03109,-0.05286,-0.00390,-0.00388,0.00665,-0.00375,-0.03074,-0.02069,-0.01884,-0.01546,-0.03805,-0.02336,-0.00087,-0.02626,0.01868,0.00260,-0.00190,0.01310,-0.00937,-0.03134,-0.00218,0.00901,-0.03969,-0.00705,0.02600,-0.02294,0.02996,0.01962,-0.01264,0.03156,0.00770,-0.03292,0.01576,0.01928,-0.04600,0.00942,0.03424,-0.03283
1159.9086,1,1,15.02,0.51,29.08,0.14685,0.02300,0.58344,0.64487,0.57821,0.3922,0,1,0.19251,0.10295,0.03818,0.19237,0.10295,0.03717,0.27,0.01,0.57821,-0.59598,-0.12971,0.43340,1.27342,-0.00000,0.16037,-0.59566,-0.14174,0.43813,1.27424,-0.00000,-0.17000,42,0.19402,0.08872,0.02444,0.19060,0.09130,0,0.96473,0.01470,0.00705,0.26274,Left,0,447.02,316.88,429.82,294.34,421.51,267.51,421.15,245.12,422.26,224.57,433.84,237.33,433.46,223.19,430.52,214.06,429.17,214.94,453.86,240.82,458.29,214.79,446.87,238.83,443.37,255.03,472.59,250.09,474.05,232.51,460.16,257.66,455.96,271.07,489.87,265.50,489.78,248.50,477.18,264.37,471.43,274.72,-0.00000,-0.01582,-0.02474,-0.03480,-0.04289,0.00275,-0.02235,-0.03601,-0.04087,-0.00200,-0.03379,-0.03818,-0.02923,-0.01165,-0.04455,-0.03418,-0.01509,-0.02271,-0.04144,-0.03038,-0.01514,-0.01058,0.08461,0.00997,-0.03423,0.05730,-0.00269,-0.03847,0.02934,-0.00957,-0.04365,-0.00145,-0.01807,-0.04082,-0.02843,-0.02643,-0.02772,-0.00708,0.00566,-0.02936,-0.02451,-0.00850,-0.03225,-0.03500,-0.02364,-0.03952,-0.03206,-0.05180,-0.00367,-0.00391,0.00669,-0.00352,-0.03066,-0.02084,-0.01901,-0.01383,-0.03618,-0.02266,0.00065,-0.02225,0.01827,0.00253,-0.00230,0.01299,-0.00864,-0.03164,-0.00221,0.00933,-0.03862,-0.00576,0.02574,-0.02141,0.02887,0.01997,-0.01293,0.03178,0.00789,-0.03273,0.01629,0.01875,-0.04500,0.01038,0.03316,-0.03288
1159.9397,1,1,14.59,0.51,28.15,0.14809,0.02390,0.58774,0.65607,0.59203,0.4268,0,1,0.19036,0.10171,0.03729,0.19184,0.10269,0.03774,0.10,0.01,0.59203,-0.59643,-0.15039,0.45262,1.26387,0.00000,0.16054,-0.59645,-0.15718,0.46326,1.26489,-0.00000,-0.17000,42,0.19345,0.08838,0.02492,0.19060,0.09130,0,0.96466,0.01640,0.00234,0.26298,Left,0,447.18,317.06,429.08,293.58,421.78,265.81,421.88,244.23,422.18,224.98,434.89,238.60,434.06,222.48,430.98,214.27,428.82,216.45,454.30,242.14,457.89,215.15,446.70,237.58,442.84,254.44,472.79,251.53,474.07,232.26,459.70,256.70,454.41,271.34,489.89,266.74,490.00,248.77,476.68,263.84,469.84,275.11,-0.00000,-0.01365,-0.02091,-0.02972,-0.03670,0.00363,-0.02186,-0.03634,-0.04141,-0.00167,-0.03330,-0.03928,-0.03181,-0.01156,-0.04438,-0.03609,-0.01844,-0.02255,-0.04163,-0.03184,-0.01746,-0.01230,0.08453,0.00839,-0.03590,0.05623,-0.00470,-0.04019,0.02804,-0.01130,-0.04436,-0.00320,-0.01852,-0.04206,-0.02951,-0.02508,-0.02796,-0.00701,0.00519,-0.02939,-0.02667,-0.01012,-0.03297,-0.03612,-0.02587,-0.04090,-0.03141,-0.05316,-0.00383,-0.00413,0.00669,-0.00407,-0.03158,-0.02130,-0.02008,-0.01555,-0.03835,-0.02447,-0.00086,-0.02565,0.01851,0.00272,-0.00213,0.01270,-0.00993,-0.03135,-0.00365,0.00771,-0.04025,-0.00819,0.02535,-0.02421,0.02943,0.01991,-0.01315,0.03161,0.00693,-0.03262,0.01530,0.01732,-0.04575,0.00852,0.03309,-0.03375
1159.9723,1,1,14.91,0.16,29.33,0.14848,0.02416,0.58908,0.65441,0.59042,0.3985,0,1,0.18968,0.10132,0.03703,0.18911,0.10085,0.03571,0.89,0.01,0.59042,-0.59649,-0.15360,0.47032,1.26447,-0.00000,0.16050,-0.59645,-0.15718,0.46326,1.26489,-0.00000,-0.17000,42,0.19079,0.08661,0.02309,0.19060,0.09130,0,0.96467,0.01437,0.00844,0.26292,Left,0,446.79,316.76,429.08,294.27,421.43,267.46,421.52,245.53,421.98,225.34,434.81,238.60,434.31,222.90,431.52,214.45,429.55,215.55,454.33,241.90,457.88,215.27,446.75,237.34,442.68,253.23,472.91,251.13,474.05,232.31,459.89,256.76,454.28,271.05,489.87,266.22,489.48,249.20,476.30,264.52,469.42,275.48,-0.00000,-0.01653,-0.02619,-0.03693,-0.04594,0.00053,-0.02535,-0.04029,-0.04591,-0.00385,-0.03549,-0.04160,-0.03442,-0.01297,-0.04622,-0.03840,-0.02121,-0.02342,-0.04315,-0.03384,-0.01982,-0.01193,0.08431,0.01003,-0.03606,0.05648,-0.00336,-0.04004,0.02901,-0.01117,-0.04461,-0.00183,-0.02087,-0.04250,-0.02827,-0.02835,-0.02811,-0.00675,0.00514,-0.02908,-0.02603,-0.01001,-0.03257,-0.03569,-0.02553,-0.04002,-0.03204,-0.05411,-0.00363,-0.00408,0.00660,-0.00387,-0.03129,-0.02097,-0.01958,-0.01580,-0.03818,-0.02445,-0.00159,-0.02697,0.01863,0.00254,-0.00208,0.01299,-0.00982,-0.03097,-0.00302,0.00805,-0.03944,-0.00808,0.02524,-0.02387,0.02921,0.01980,-0.01268,0.03126,0.00727,-0.03285,0.01523,0.01803,-0.04586,0.00822,0.03314,-0.03351
1160.0042,1,1,15.02,0.15,28.25,0.14806,0.02433,0.58684,0.65574,0.58460,0.3984,0,1,0.19080,0.10174,0.03686,0.19042,0.10174,0.03740,0.53,0.01,0.58460,-0.59649,-0.15921,0.46433,1.26473,-0.00000,0.16049,-0.59645,-0.15718,0.46326,1.26489,-0.00000,-0.17000,42,0.19217,0.08754,0.02465,0.19060,0.09130,0,0.96465,0.01629,0.00304,0.26301,Left,0,448.28,316.93,430.02,293.95,421.45,267.88,420.89,246.04,422.24,226.15,434.22,238.83,433.94,223.22,431.27,214.95,429.48,216.97,454.26,242.21,457.74,215.87,446.80,239.96,443.34,256.61,472.95,251.44,474.11,232.62,460.16,257.66,455.32,271.71,490.17,266.69,489.87,249.96,476.99,265.64,470.70,276.16,-0.00000,-0.01683,-0.02590,-0.03573,-0.04337,0.00094,-0.02545,-0.04017,-0.04544,-0.00297,-0.03544,-0.04080,-0.03276,-0.01185,-0.04582,-0.03677,-0.01853,-0.02208,-0.04232,-0.03262,-0.01821,-0.00950,0.08415,0.01262,-0.03391,0.05641,-0.00260,-0.03949,0.02921,-0.00950,-0.04525,-0.00134,-0.01900,-0.04254,-0.02850,-0.02715,-0.02839,-0.00659,0.00439,-0.02933,-0.02550,-0.01076,-0.03255,-0.03533,-0.02621,-0.04006,-0.03130,-0.05314,-0.00396,-0.00413,0.00635,-0.00414,-0.03084,-0.02231,-0.01924,-0.01361,-0.03824,-0.02343,0.00057,-0.02295,0.01884,0.00246,-0.00172,0.01305,-0.00974,-0.03150,-0.00253,0.00816,-0.03994,-0.00679,0.02504,-0.02297,0.03001,0.01961,-0.01139,0.03223,0.00732,-0.03195,0.01633,0.01826,-0.04545,0.01023,0.03330,-0.03328
1160.0376,1,1,15.44,0.60,29.70,0.14891,0.02496,0.58963,0.65177,0.59243,0.4252,0,1,0.18941,0.10089,0.03623,0.18841,0.10023,0.03536,0.04,0.01,0.59243,-0.59579,-0.16413,0.48459,1.25803,0.00000,0.16054,-0.59577,-0.16599,0.48036,1.25654,-0.00000,-0.17000,42,0.19009,0.08599,0.02257,0.19060,0.09130,0,0.96475,0.01490,0.00740,0.26264,Left,0,447.38,317.66,429.23,295.14,421.40,266.28,421.22,244.13,421.66,224.79,435.50,239.50,434.29,223.97,431.05,215.41,429.36,215.81,454.74,242.77,458.63,215.27,447.21,237.13,443.03,254.14,472.98,252.27,474.21,232.57,460.08,257.19,454.83,271.89,490.00,267.53,489.26,249.99,476.50,265.31,470.30,276.30,-0.00000,-0.01285,-0.01975,-0.02858,-0.03617,0.00502,-0.02026,-0.03569,-0.04194,-0.00142,-0.03372,-0.04103,-0.03426,-0.01231,-0.04539,-0.03775,-0.02041,-0.02425,-0.04333,-0.03358,-0.01922,-0.01309,0.08409,0.00553,-0.03640,0.05626,-0.00463,-0.04048,0.02709,-0.01059,-0.04493,-0.00409,-0.01753,-0.04292,-0.02952,-0.02295,-0.02726,-0.00762,0.00653,-0.02941,-0.02550,-0.00810,-0.03301,-0.03529,-0.02307,-0.04032,-0.03247,-0.05052,-0.00336,-0.00385,0.00680,-0.00394,-0.03199,-0.01915,-0.01987,-0.01726,-0.03621,-0.02433,-0.00148,-0.02651,0.01829,0.00290,-0.00293,0.01259,-0.01032,-0.03124,-0.00359,0.00745,-0.03933,-0.00858,0.02540,-0.02417,0.02809,0.02036,-0.01453,0.03046,0.00722,-0.03383,0.01449,0.01770,-0.04604,0.00798,0.03273,-0.03378
1160.0844,1,1,14.55,0.50,43.52,0.14745,0.02485,0.58497,0.64573,0.58031,0.4079,0,1,0.19174,0.10235,0.03634,0.19199,0.10254,0.03639,0.25,0.01,0.58031,-0.59528,-0.14113,0.45245,1.25927,-0.00000,0.16037,-0.59524,-0.14553,0.45652,1.25965,-0.00000,-0.17000,42,0.19365,0.08831,0.02363,0.19060,0.09130,0,0.96480,0.01656,0.00289,0.26246,Left,0,447.90,318.04,430.04,296.19,420.58,269.07,418.52,246.14,419.46,225.26,433.15,239.32,432.55,223.60,430.37,214.85,428.80,217.70,453.26,242.48,457.33,215.74,446.52,237.98,442.34,254.31,472.50,251.61,473.64,233.37,460.19,258.42,455.14,272.56,490.33,266.68,489.46,249.85,476.84,265.76,470.64,276.47,-0.00000,-0.01756,-0.02769,-0.03861,-0.04739,-0.00022,-0.02719,-0.04214,-0.04721,-0.00407,-0.03670,-0.04255,-0.03469,-0.01283,-0.04687,-0.03807,-0.01979,-0.02297,-0.04300,-0.03305,-0.01829,-0.00899,0.08390,0.01217,-0.03383,0.05656,-0.00113,-0.03913,0.02894,-0.00911,-0.04643,-0.00189,-0.01810,-0.04331,-0.02879,-0.02641,-0.02864,-0.00631,0.00511,-0.02968,-0.02555,-0.00970,-0.03243,-0.03521,-0.02493,-0.03978,-0.02970,-0.05323,-0.00391,-0.00402,0.00647,-0.00368,-0.03090,-0.02154,-0.01877,-0.01530,-0.03833,-0.02382,-0.00100,-0.02608,0.01911,0.00232,-0.00216,0.01298,-0.00924,-0.03195,-0.00219,0.00906,-0.04004,-0.00654,0.02588,-0.02204,0.03003,0.01923,-0.01251,0.03196,0.00719,-0.03269,0.01645,0.01893,-0.04561,0.01023,0.03358,-0.03317
1160.1164,1,1,14.76,0.52,28.26,0.14705,0.02559,0.58214,0.66733,0.57931,0.6398,0,1,0.19315,0.10275,0.03560,0.19295,0.10260,0.03533,0.26,0.00,0.57931,-0.59263,-0.12770,0.44566,1.25558,0.00001,0.16047,-0.59287,-0.13183,0.44685,1.25570,-0.00000,-0.17000,42,0.19439,0.08828,0.02247,0.19060,0.09130,0,0.96512,0.01589,0.00497,0.26128,Left,0,447.23,320.06,428.60,297.96,417.78,270.77,412.53,249.13,408.23,228.45,435.91,240.13,433.76,223.81,428.00,215.17,424.02,214.87,454.89,243.87,456.40,216.98,443.76,241.10,440.41,257.37,473.19,253.38,472.19,234.57,457.63,259.87,454.00,273.85,490.30,268.51,487.67,251.95,474.57,267.01,469.96,276.97,-0.00000,-0.01728,-0.02765,-0.03942,-0.04968,0.00257,-0.02281,-0.03754,-0.04335,-0.00210,-0.03358,-0.03878,-0.03058,-0.01194,-0.04473,-0.03616,-0.01815,-0.02334,-0.04145,-0.03152,-0.01728,-0.01268,0.08684,0.01640,-0.03680,0.05837,0.00312,-0.04330,0.03092,-0.00474,-0.05404,-0.00082,-0.01298,-0.05950,-0.02916,-0.01629,-0.02674,-0.00712,0.00684,-0.03021,-0.02694,-0.00867,-0.03592,-0.03681,-0.02413,-0.04622,-0.03473,-0.05469,-0.00294,-0.00422,0.00573,-0.00630,-0.03067,-0.02349,-0.02319,-0.01383,-0.03924,-0.02789,0.00192,-0.02857,0.01870,0.00255,-0.00288,0.01004,-0.00941,-0.03355,-0.00692,0.00931,-0.04075,-0.01022,0.02599,-0.02424,0.02735,0.02101,-0.01302,0.02758,0.00820,-0.03458,0.01225,0.02002,-0.04685,0.00740,0.03344,-0.03365
1160.1481,1,1,14.63,0.51,28.38,0.14983,0.02789,0.59232,0.67413,0.60251,0.7905,0,1,0.18806,0.09997,0.03330,0.18923,0.10058,0.03276,0.26,0.02,0.60251,-0.59487,-0.16721,0.50921,1.22351,0.00000,0.16059,-0.59541,-0.17010,0.50877,1.23256,-0.00000,-0.17000,42,0.19094,0.08631,0.01986,0.19060,0.09130,0,0.96485,0.01734,0.00101,0.26221,Left,0,447.86,321.23,429.00,300.97,416.26,271.85,408.68,250.57,400.79,232.40,437.52,242.98,436.30,223.40,429.97,211.29,424.10,202.11,455.40,246.80,456.06,218.44,442.87,241.04,438.00,257.63,472.37,256.54,472.42,234.58,457.69,259.90,453.45,275.65,488.82,271.31,487.93,253.51,473.89,268.38,467.80,279.89,-0.00000,-0.01447,-0.02267,-0.03234,-0.04147,-0.00045,-0.02308,-0.03772,-0.04584,-0.00665,-0.03785,-0.04437,-0.03860,-0.01691,-0.05006,-0.04298,-0.02683,-0.02831,-0.04831,-0.03998,-0.02744,-0.01455,0.08572,0.01381,-0.03803,0.05761,0.00325,-0.04682,0.03071,-0.00345,-0.05787,-0.00010,-0.00790,-0.06699,-0.02547,-0.00805,-0.02563,-0.00806,0.00813,-0.02823,-0.02926,-0.00581,-0.03422,-0.04220,-0.01845,-0.04649,-0.04981,-0.04709,-0.00239,-0.00415,0.00633,-0.00648,-0.03183,-0.02123,-0.02464,-0.01650,-0.03719,-0.03125,-0.00007,-0.02990,0.01819,0.00253,-0.00404,0.00987,-0.01179,-0.03192,-0.00699,0.00697,-0.03907,-0.01166,0.02601,-0.02476,0.02600,0.02165,-0.01447,0.02733,0.00734,-0.03384,0.01126,0.01684,-0.04557,0.00401,0.03197,-0.03332
1160.1803,1,1,14.90,0.15,29.22,0.15214,0.02912,0.60285,0.68798,0.61338,0.9784,0,1,0.18806,0.09997,0.03330,0.18407,0.09727,0.02986,0.26,0.02,0.61338,-0.59570,-0.17026,0.53250,1.23420,0.00000,0.16067,-0.59541,-0.17010,0.50877,1.23256,-0.00000,-0.17000,42,0.18562,0.08292,0.01704,0.19060,0.09130,0,0.96474,0.01232,0.01587,0.26245,Left,1,447.82,320.21,427.39,300.88,413.13,270.84,403.77,250.74,393.90,235.75,436.80,242.44,436.58,220.20,430.74,206.83,425.52,195.71,454.30,246.45,455.39,217.78,441.85,240.43,436.35,257.55,471.14,256.63,471.24,235.88,456.71,260.83,452.40,276.28,487.71,271.40,487.17,253.29,474.03,267.39,468.67,278.12,-0.00000,-0.01179,-0.01766,-0.02513,-0.03256,-0.00117,-0.02059,-0.03196,-0.03848,-0.00795,-0.03814,-0.04348,-0.03679,-0.01806,-0.04993,-0.04339,-0.02775,-0.02891,-0.04777,-0.03997,-0.02814,-0.01426,0.08525,0.02283,-0.03750,0.05846,0.00951,-0.04829,0.03145,0.00524,-0.06155,0.00149,0.00090,-0.07330,-0.02193,0.00172,-0.02605,-0.00942,0.00854,-0.02644,-0.03189,-0.00478,-0.03280,-0.04705,-0.01451,-0.04309,-0.05676,-0.04182,-0.00235,-0.00421,0.00551,-0.00711,-0.03156,-0.02173,-0.02396,-0.01709,-0.03753,-0.03157,0.00041,-0.02964,0.01729,0.00319,-0.00386,0.01035,-0.01116,-0.03179,-0.00623,0.00784,-0.03856,-0.01084,0.02714,-0.02364,0.02596,0.02271,-0.01299,0.02773,0.00780,-0.03106,0.01324,0.01559,-0.04250,0.00593,0.03073,-0.03044
1160.2113,1,1,14.23,0.16,27.21,0.15232,0.02990,0.60457,0.67780,0.60628,1.1343,0,1,0.18806,0.09997,0.03330,0.18944,0.10082,0.03437,0.26,0.02,0.60628,-0.59534,-0.17226,0.50232,1.23279,-0.00000,0.16057,-0.59541,-0.17010,0.50877,1.23256,-0.00000,-0.17000,42,0.19127,0.08669,0.02148,0.19060,0.09130,0,0.96474,0.01806,-0.00043,0.26257,Left,0,448.33,321.30,426.87,301.77,411.34,271.39,399.39,251.52,387.97,237.67,435.85,242.92,433.97,218.69,429.23,203.04,426.26,189.28,453.64,246.74,454.17,218.21,440.76,241.70,435.47,259.25,471.02,257.13,471.28,236.21,457.03,260.49,452.90,275.12,488.22,272.17,488.38,254.01,474.75,267.57,468.92,277.75,-0.00000,-0.01268,-0.01884,-0.02642,-0.03399,-0.00232,-0.02056,-0.03121,-0.03824,-0.00906,-0.03989,-0.04556,-0.03923,-0.01901,-0.05057,-0.04383,-0.02852,-0.02989,-0.04850,-0.04092,-0.02965,-0.01239,0.08444,0.02426,-0.03632,0.05793,0.01056,-0.04964,0.03097,0.00827,-0.06525,0.00212,0.00528,-0.07906,-0.02041,0.00897,-0.02598,-0.00976,0.00865,-0.02779,-0.03316,-0.00300,-0.03333,-0.05049,-0.01209,-0.04038,-0.06405,-0.03729,-0.00252,-0.00455,0.00580,-0.00793,-0.03160,-0.02214,-0.02494,-0.01573,-0.03888,-0.03032,0.00226,-0.02915,0.01800,0.00355,-0.00425,0.00968,-0.01140,-0.03196,-0.00530,0.00765,-0.03836,-0.00936,0.02553,-0.02451,0.02674,0.02289,-0.01280,0.02818,0.00882,-0.03036,0.01331,0.01467,-0.04147,0.00577,0.02975,-0.03073
1160.2442,1,1,15.08,0.15,29.70,0.15180,0.02983,0.60253,0.67561,0.60049,1.2535,0,1,0.18908,0.10048,0.03337,0.18749,0.09952,0.03237,0.97,0.02,0.60049,-0.59543,-0.16826,0.51230,1.23297,0.00000,0.16060,-0.59541,-0.17010,0.50877,1.23256,-0.00000,-0.17000,42,0.18923,0.08531,0.01962,0.19060,0.09130,0,0.96478,0.01590,0.00601,0.26251,Left,0,448.30,320.36,427.06,301.40,411.05,270.72,397.74,251.41,384.47,239.70,435.64,242.12,435.01,215.45,431.43,198.52,429.28,183.86,453.89,246.17,453.63,218.96,440.62,243.44,435.84,260.22,471.51,256.76,471.09,236.89,457.51,261.99,453.89,275.62,488.88,271.88,489.29,254.66,475.96,269.01,470.49,278.63,-0.00000,-0.01236,-0.01829,-0.02561,-0.03313,-0.00435,-0.02171,-0.03129,-0.03785,-0.01114,-0.04178,-0.04692,-0.04051,-0.02083,-0.05258,-0.04559,-0.03034,-0.03132,-0.05037,-0.04270,-0.03149,-0.01054,0.08295,0.02868,-0.03503,0.05704,0.01386,-0.04984,0.03086,0.01225,-0.06718,0.00232,0.00880,-0.08202,-0.01854,0.01365,-0.02678,-0.00924,0.00792,-0.02680,-0.03509,-0.00245,-0.03090,-0.05306,-0.01084,-0.03590,-0.06716,-0.03503,-0.00277,-0.00445,0.00576,-0.00885,-0.02979,-0.02358,-0.02495,-0.01207,-0.03935,-0.02942,0.00484,-0.02761,0.01764,0.00399,-0.00364,0.00948,-0.00932,-0.03264,-0.00519,0.00979,-0.03872,-0.00787,0.02710,-0.02370,0.02738,0.02317,-0.01162,0.02883,0.00998,-0.03005,0.01402,0.01738,-0.04088,0.00763,0.03066,-0.02950
1160.2756,1,1,14.61,0.15,28.25,0.15349,0.02969,0.60869,0.68754,0.61485,1.2672,0,0,0.18908,0.10048,0.03337,0.18825,0.10004,0.03311,0.97,0.02,0.61485,-0.59542,-0.17008,0.50896,1.23234,0.00000,0.20991,-0.59541,-0.17010,0.50877,1.23256,-0.00000,1.00000,42,0.19198,0.08704,0.01961,0.19060,0.09130,0,0.96371,0.02155,-0.00492,0.26605,Left,1,448.61,319.90,427.21,302.09,410.17,271.43,395.61,252.06,381.69,240.64,435.76,241.38,434.71,212.73,431.40,194.22,429.39,178.17,454.07,245.41,452.56,218.91,440.37,244.25,436.34,261.40,471.89,255.85,470.42,236.76,457.24,262.51,453.95,276.43,489.09,270.71,487.71,254.70,474.33,269.51,469.44,279.04,-0.00000,-0.01327,-0.02006,-0.02798,-0.03611,-0.00708,-0.02537,-0.03564,-0.04284,-0.01332,-0.04447,-0.04952,-0.04337,-0.02243,-0.05419,-0.04653,-0.03121,-0.03248,-0.05145,-0.04355,-0.03238,-0.01015,0.08364,0.03228,-0.03472,0.05836,0.01638,-0.05047,0.03266,0.01383,-0.06882,0.00441,0.00959,-0.08438,-0.01670,0.01325,-0.02753,-0.00975,0.00828,-0.02628,-0.03619,-0.00139,-0.03078,-0.05585,-0.00798,-0.03581,-0.07161,-0.03084,-0.00260,-0.00474,0.00551,-0.01009,-0.02825,-0.02516,-0.02594,-0.00931,-0.03957,-0.02931,0.00770,-0.02610,0.01810,0.00403,-0.00377,0.00820,-0.00805,-0.03327,-0.00598,0.01230,-0.03846,-0.00727,0.02936,-0.02185,0.02740,0.02373,-0.01221,0.02675,0.01131,-0.03020,0.01153,0.01911,-0.04028,0.00678,0.03339,-0.02774
1160.3142,1,1,21.35,0.16,35.52,0.15302,0.02922,0.60771,0.68743,0.60674,1.3935,0,0,0.18908,0.10048,0.03337,0.18822,0.10001,0.03309,0.97,0.02,0.60674,-0.59541,-0.16991,0.50891,1.23256,0.00000,0.33985,-0.59541,-0.17010,0.50877,1.23256,-0.00000,1.00000,42,0.19449,0.08924,0.01410,0.19060,0.09130,0,0.96208,0.00233,0.00998,0.27259,Left,1,447.21,319.57,425.96,301.44,408.21,270.33,392.76,251.12,378.02,241.09,435.69,239.62,435.83,209.92,433.19,190.58,432.00,174.00,453.68,244.67,452.83,218.78,440.55,246.52,437.21,263.51,471.59,255.93,470.79,236.85,457.65,263.87,454.97,277.54,488.59,271.52,488.36,254.44,474.34,269.89,469.31,279.42,-0.00000,-0.01252,-0.01920,-0.02731,-0.03571,-0.00707,-0.02516,-0.03463,-0.04135,-0.01364,-0.04418,-0.04718,-0.03961,-0.02310,-0.05421,-0.04425,-0.02753,-0.03354,-0.05187,-0.04252,-0.03046,-0.01142,0.08365,0.03287,-0.03544,0.05781,0.01656,-0.05155,0.03271,0.01622,-0.07078,0.00460,0.01582,-0.08855,-0.01739,0.02201,-0.02713,-0.01053,0.00833,-0.02449,-0.03783,-0.00063,-0.02812,-0.05790,-0.00663,-0.03283,-0.07335,-0.02941,-0.00241,-0.00488,0.00506,-0.00895,-0.02749,-0.02653,-0.02543,-0.00632,-0.03984,-0.02790,0.01150,-0.02312,0.01774,0.00427,-0.00353,0.00875,-0.00704,-0.03335,-0.00582,0.01326,-0.03990,-0.00573,0.03058,-0.02071,0.02733,0.02439,-0.01138,0.02713,0.01153,-0.02934,0.01154,0.01888,-0.03912,0.00704,0.03406,-0.02693
1160.3396,1,1,15.04,0.16,21.95,0.15273,0.02857,0.60761,0.68114,0.60750,1.4885,0,0,0.18908,0.10048,0.03337,0.18816,0.09997,0.03302,0.97,0.02,0.60750,-0.59541,-0.16970,0.50921,1.23253,0.00000,0.44031,-0.59541,-0.17010,0.50877,1.23256,-0.00000,1.00000,42,0.19431,0.08924,0.01464,0.19060,0.09130,0,0.96212,0.00038,0.00383,0.27261,Left,1,446.99,319.93,425.76,301.77,407.87,271.68,391.00,252.48,375.55,241.00,435.62,238.61,435.97,206.87,433.84,186.02,433.56,168.38,453.44,243.76,451.61,219.03,439.57,247.73,437.54,263.95,471.26,254.86,469.06,236.60,456.29,264.00,455.08,277.01,488.08,270.23,486.38,254.01,472.68,270.12,469.18,279.34,-0.00000,-0.01498,-0.02462,-0.03559,-0.04661,-0.01070,-0.03116,-0.04190,-0.04930,-0.01670,-0.04906,-0.05183,-0.04400,-0.02591,-0.05811,-0.04682,-0.02926,-0.03647,-0.05521,-0.04503,-0.03229,-0.01090,0.08406,0.03347,-0.03483,0.05733,0.01788,-0.05176,0.03456,0.01691,-0.07175,0.00675,0.01802,-0.08942,-0.01636,0.02694,-0.02693,-0.00979,0.00828,-0.02417,-0.03850,0.00099,-0.02698,-0.06008,-0.00527,-0.03093,-0.07650,-0.02735,-0.00235,-0.00504,0.00500,-0.00953,-0.02569,-0.02737,-0.02636,-0.00313,-0.03980,-0.02670,0.01411,-0.02079,0.01802,0.00391,-0.00364,0.00713,-0.00561,-0.03417,-0.00736,0.01519,-0.03863,-0.00469,0.03159,-0.01926,0.02717,0.02436,-0.01208,0.02583,0.01240,-0.03034,0.00916,0.02048,-0.03903,0.00708,0.03471,-0.02678
1160.3705,1,1,14.05,0.15,27.58,0.15136,0.02767,0.60321,0.69034,0.59881,1.5353,0,0,0.18908,0.10048,0.03337,0.18817,0.09998,0.03303,0.97,0.02,0.59881,-0.59541,-0.16970,0.50911,1.23255,-0.00000,0.57098,-0.59541,-0.17010,0.50877,1.23256,-0.00000,1.00000,42,0.19423,0.08923,0.01485,0.19060,0.09130,0,0.96212,0.00010,0.00109,0.27262,Left,1,446.91,319.48,425.49,300.77,407.68,271.35,390.50,252.76,375.01,241.30,435.71,237.55,436.04,204.27,434.05,182.95,434.13,164.65,453.25,242.98,451.38,219.11,439.35,247.62,436.69,264.27,470.80,254.21,469.33,236.13,456.75,263.25,454.97,276.74,487.51,269.66,486.01,253.52,472.39,269.47,468.44,278.72,-0.00000,-0.01581,-0.02645,-0.03832,-0.05002,-0.01251,-0.03404,-0.04602,-0.05444,-0.01854,-0.05245,-0.05651,-0.04992,-0.02780,-0.06086,-0.04984,-0.03268,-0.03853,-0.05746,-0.04723,-0.03460,-0.01177,0.08462,0.03598,-0.03499,0.05689,0.01892,-0.05167,0.03541,0.01693,-0.07150,0.00828,0.01595,-0.08951,-0.01401,0.02341,-0.02616,-0.00971,0.00787,-0.02408,-0.03899,0.00107,-0.02675,-0.06094,-0.00609,-0.03024,-0.07813,-0.02752,-0.00239,-0.00527,0.00477,-0.00977,-0.02365,-0.02778,-0.02645,-0.00109,-0.04025,-0.02768,0.01624,-0.02204,0.01842,0.00412,-0.00323,0.00708,-0.00453,-0.03438,-0.00733,0.01616,-0.03804,-0.00568,0.03269,-0.02015,0.02645,0.02494,-0.01130,0.02527,0.01289,-0.02963,0.00869,0.02129,-0.03820,0.00645,0.03536,-0.02658
1160.4040,1,1,15.07,0.16,30.06,0.14860,0.02711,0.59404,0.68407,0.58488,1.5666,0,0,0.18908,0.10048,0.03337,0.18817,0.09998,0.03304,0.97,0.02,0.58488,-0.59541,-0.16972,0.50910,1.23257,-0.00000,0.73109,-0.59541,-0.17010,0.50877,1.23256,-0.00000,1.00000,42,0.19420,0.08922,0.01492,0.19060,0.09130,0,0.96212,0.00003,0.00027,0.27262,Left,1,445.94,320.64,424.40,301.15,405.97,271.43,388.80,252.58,373.22,240.75,435.07,237.36,435.38,203.94,433.47,182.58,433.61,164.28,452.70,243.23,451.12,218.94,438.70,247.88,436.21,264.33,470.25,254.59,468.74,236.55,455.56,264.31,453.72,277.92,487.03,269.93,485.59,253.20,471.84,269.69,468.10,279.26,-0.00000,-0.01599,-0.02703,-0.03960,-0.05204,-0.01165,-0.03340,-0.04542,-0.05386,-0.01831,-0.05344,-0.05793,-0.05133,-0.02834,-0.06281,-0.05171,-0.03416,-0.03986,-0.05928,-0.04853,-0.03544,-0.01205,0.08537,0.03439,-0.03490,0.05728,0.01785,-0.05207,0.03610,0.01676,-0.07285,0.00893,0.01888,-0.08966,-0.01462,0.02653,-0.02617,-0.00956,0.00814,-0.02446,-0.03891,0.00163,-0.02673,-0.06038,-0.00589,-0.03038,-0.07671,-0.02739,-0.00265,-0.00552,0.00528,-0.00981,-0.02299,-0.02720,-0.02686,-0.00112,-0.04087,-0.02782,0.01611,-0.02160,0.01802,0.00399,-0.00330,0.00569,-0.00452,-0.03502,-0.00842,0.01688,-0.03863,-0.00672,0.03394,-0.02014,0.02517,0.02437,-0.01187,0.02509,0.01292,-0.03128,0.00740,0.02191,-0.04038,0.00574,0.03572,-0.02809
1160.4363,1,1,14.73,0.21,28.73,0.14724,0.02641,0.58991,0.67766,0.58578,1.5765,0,0,0.18908,0.10048,0.03337,0.18817,0.09998,0.03304,0.97,0.02,0.58578,-0.59541,-0.16973,0.50911,1.23257,-0.00000,0.89538,-0.59541,-0.17010,0.50877,1.23256,-0.00000,1.00000,42,0.19420,0.08922,0.01493,0.19060,0.09130,0,0.96212,0.00001,0.00007,0.27262,Left,1,445.96,320.32,423.85,300.64,405.30,270.77,388.02,252.34,372.81,241.22,434.43,236.85,434.71,203.25,433.21,181.76,433.99,163.25,452.44,242.26,450.72,219.20,438.64,247.44,436.17,263.74,470.20,253.45,468.75,236.04,455.98,262.77,454.47,275.72,487.10,268.78,485.51,252.86,472.13,268.70,468.83,277.45,-0.00000,-0.01531,-0.02568,-0.03749,-0.04913,-0.01128,-0.03273,-0.04496,-0.05368,-0.01778,-0.05236,-0.05714,-0.05113,-0.02756,-0.06079,-0.05004,-0.03323,-0.03882,-0.05708,-0.04659,-0.03403,-0.01244,0.08521,0.03520,-0.03548,0.05700,0.01827,-0.05208,0.03585,0.01732,-0.07243,0.00913,0.01779,-0.09012,-0.01313,0.02614,-0.02616,-0.00936,0.00796,-0.02430,-0.03843,0.00104,-0.02643,-0.06029,-0.00637,-0.02952,-0.07675,-0.02688,-0.00258,-0.00515,0.00501,-0.00948,-0.02207,-0.02762,-0.02588,-0.00031,-0.04042,-0.02713,0.01719,-0.02240,0.01830,0.00383,-0.00323,0.00679,-0.00403,-0.03421,-0.00712,0.01652,-0.03794,-0.00597,0.03313,-0.02026,0.02609,0.02428,-0.01141,0.02544,0.01307,-0.02996,0.00889,0.02175,-0.03843,0.00715,0.03534,-0.02722
1160.4834,1,1,14.79,0.17,43.34,0.14571,0.02596,0.58546,0.68553,0.58101,1.6042,0,0,0.18908,0.10048,0.03337,0.18817,0.09998,0.03304,0.97,0.02,0.58101,-0.59541,-0.16974,0.50911,1.23257,-0.00000,1.04690,-0.59541,-0.17010,0.50877,1.23256,-0.00000,1.00000,42,0.19419,0.08922,0.01494,0.19060,0.09130,0,0.96212,0.00000,0.00001,0.27262,Left,1,445.64,319.91,423.83,300.81,405.25,271.32,387.27,252.48,371.61,241.00,433.67,236.61,434.55,202.76,433.51,181.10,434.70,162.51,451.81,242.27,450.24,218.87,438.11,247.84,435.84,263.77,469.80,253.68,468.75,236.29,455.72,263.30,453.95,275.88,486.82,269.16,486.18,252.73,472.35,268.83,468.30,277.75,-0.00000,-0.01672,-0.02821,-0.04101,-0.05362,-0.01325,-0.03558,-0.04813,-0.05699,-0.01938,-0.05468,-0.05911,-0.05276,-0.02891,-0.06318,-0.05188,-0.03448,-0.04003,-0.05918,-0.04835,-0.03537,-0.01146,0.08512,0.03679,-0.03486,0.05720,0.01856,-0.05198,0.03638,0.01729,-0.07295,0.00943,0.01745,-0.09100,-0.01322,0.02577,-0.02649,-0.00954,0.00739,-0.02438,-0.03874,0.00073,-0.02598,-0.06088,-0.00684,-0.02850,-0.07768,-0.02830,-0.00269,-0.00538,0.00497,-0.00975,-0.02222,-0.02815,-0.02598,0.00003,-0.04130,-0.02721,0.01654,-0.02212,0.01842,0.00389,-0.00280,0.00689,-0.00377,-0.03471,-0.00726,0.01690,-0.03840,-0.00595,0.03304,-0.01991,0.02626,0.02464,-0.01043,0.02616,0.01322,-0.02970,0.00919,0.02197,-0.03910,0.00687,0.03550,-0.02727
1160.5148,1,1,14.56,0.15,27.95,0.14497,0.02557,0.58435,0.68365,0.58324,1.6114,0,0,0.18908,0.10048,0.03337,0.18817,0.09998,0.03304,0.97,0.02,0.58324,-0.59541,-0.16974,0.50911,1.23257,-0.00000,1.02366,-0.59541,-0.17010,0.50877,1.23256,-0.00000,1.00000,42,0.19419,0.08922,0.01494,0.19060,0.09130,0,0.96212,0.00000,0.00000,0.27262,Left,1,445.46,319.52,423.57,300.01,404.49,270.57,386.10,252.18,370.70,240.90,433.06,236.18,434.27,202.25,433.48,180.52,435.09,161.82,451.23,241.87,449.53,218.63,437.48,247.19,435.14,263.58,469.26,253.29,468.03,235.90,454.97,262.75,453.08,275.78,486.30,268.76,485.45,252.17,471.61,268.07,467.65,277.16,-0.00000,-0.01627,-0.02747,-0.04001,-0.05237,-0.01293,-0.03536,-0.04835,-0.05753,-0.01916,-0.05474,-0.05982,-0.05394,-0.02869,-0.06290,-0.05203,-0.03491,-0.03977,-0.05872,-0.04805,-0.03517,-0.01106,0.08479,0.03682,-0.03489,0.05698,0.01888,-0.05212,0.03620,0.01747,-0.07383,0.00967,0.01848,-0.09150,-0.01286,0.02668,-0.02659,-0.00972,0.00755,-0.02423,-0.03863,0.00049,-0.02548,-0.06055,-0.00689,-0.02772,-0.07733,-0.02788,-0.00262,-0.00541,0.00494,-0.01008,-0.02197,-0.02810,-0.02627,-0.00011,-0.04144,-0.02768,0.01704,-0.02265,0.01831,0.00389,-0.00287,0.00640,-0.00400,-0.03461,-0.00744,0.01683,-0.03799,-0.00652,0.03318,-0.01956,0.02644,0.02466,-0.01033,0.02625,0.01317,-0.02937,0.00897,0.02140,-0.03877,0.00669,0.03529,-0.02676
1160.5483,1,1,15.38,0.17,30.00,0.14489,0.02552,0.58599,0.67946,0.58763,1.5847,0,0,0.18908,0.10048,0.03337,0.18817,0.09998,0.03304,0.97,0.02,0.58763,-0.59541,-0.16974,0.50911,1.23257,-0.00000,0.99058,-0.59541,-0.17010,0.50877,1.23256,-0.00000,1.00000,42,0.19419,0.08922,0.01494,0.19060,0.09130,0,0.96212,0.00000,0.00000,0.27262,Left,1,445.18,320.09,423.52,301.22,404.88,271.89,386.87,252.91,370.75,241.12,432.60,236.39,433.61,202.43,432.99,180.51,434.43,161.67,450.74,241.92,449.03,218.93,437.35,247.68,434.91,264.05,468.72,253.17,467.34,236.04,454.33,263.19,452.24,276.29,485.71,268.57,484.58,252.28,470.44,268.83,465.86,278.32,-0.00000,-0.01665,-0.02852,-0.04181,-0.05499,-0.01305,-0.03571,-0.04896,-0.05829,-0.01940,-0.05480,-0.05984,-0.05405,-0.02913,-0.06348,-0.05249,-0.03537,-0.04045,-0.05963,-0.04871,-0.03566,-0.01046,0.08538,0.03548,-0.03435,0.05768,0.01814,-0.05126,0.03701,0.01571,-0.07245,0.01049,0.01624,-0.09013,-0.01232,0.02392,-0.02679,-0.00974,0.00759,-0.02450,-0.03842,0.00057,-0.02527,-0.06019,-0.00656,-0.02784,-0.07770,-0.02833,-0.00255,-0.00548,0.00527,-0.01003,-0.02149,-0.02785,-0.02564,0.00012,-0.04110,-0.02732,0.01755,-0.02360,0.01812,0.00380,-0.00298,0.00611,-0.00359,-0.03487,-0.00747,0.01754,-0.03863,-0.00639,0.03378,-0.02068,0.02630,0.02460,-0.01075,0.02602,0.01349,-0.03091,0.00826,0.02249,-0.04098,0.00532,0.03654,-0.02823
1160.5793,1,1,14.76,0.16,27.51,0.14381,0.02526,0.58326,0.69112,0.58053,1.6216,0,0,0.18908,0.10048,0.03337,0.18817,0.09998,0.03304,0.97,0.02,0.58053,-0.59541,-0.16974,0.50911,1.23257,-0.00000,0.99931,-0.59541,-0.17010,0.50877,1.23256,-0.00000,1.00000,42,0.19419,0.08922,0.01494,0.19060,0.09130,0,0.96212,0.00000,0.00000,0.27262,Left,1,445.13,318.77,423.05,300.04,404.08,271.07,385.76,252.43,369.88,241.34,432.25,236.01,433.48,201.89,433.05,180.14,434.71,161.60,450.38,241.95,448.82,218.60,436.92,247.17,434.31,263.21,468.31,253.51,467.60,235.52,454.56,262.37,452.06,275.23,485.28,269.13,485.33,252.58,471.40,268.44,466.49,277.44,-0.00000,-0.01667,-0.02844,-0.04160,-0.05464,-0.01382,-0.03587,-0.04822,-0.05693,-0.01992,-0.05472,-0.05889,-0.05256,-0.02933,-0.06321,-0.05184,-0.03455,-0.04031,-0.05949,-0.04881,-0.03595,-0.00993,0.08437,0.03830,-0.03442,0.05678,0.01999,-0.05159,0.03632,0.01731,-0.07330,0.01015,0.01735,-0.09129,-0.01198,0.02412,-0.02682,-0.00990,0.00696,-0.02436,-0.03882,0.00032,-0.02481,-0.06051,-0.00691,-0.02716,-0.07778,-0.02912,-0.00254,-0.00533,0.00488,-0.00962,-0.02166,-0.02826,-0.02564,0.00011,-0.04134,-0.02796,0.01715,-0.02310,0.01795,0.00378,-0.00249,0.00693,-0.00381,-0.03435,-0.00721,0.01672,-0.03877,-0.00665,0.03286,-0.02034,0.02636,0.02463,-0.00942,0.02701,0.01355,-0.02886,0.00957,0.02195,-0.03890,0.00608,0.03575,-0.02680
1160.6120,1,1,15.34,0.16,28.80,0.14410,0.02472,0.58554,0.68426,0.58782,1.6126,0,0,0.18908,0.10048,0.03337,0.18817,0.09998,0.03304,0.97,0.02,0.58782,-0.59541,-0.16974,0.50911,1.23257,0.00000,1.00019,-0.59541,-0.17010,0.50877,1.23256,-0.00000,1.00000,42,0.19419,0.08922,0.01494,0.19060,0.09130,0,0.96212,0.00000,0.00000,0.27262,Left,1,444.82,318.28,423.01,299.70,403.97,270.82,385.72,252.34,370.02,241.09,432.09,235.03,433.74,201.03,433.19,178.84,434.44,159.94,450.32,240.75,448.33,218.69,436.49,247.96,434.48,263.53,468.35,252.16,466.98,235.31,453.39,262.28,451.33,274.31,485.14,267.73,484.44,252.44,469.90,268.40,465.32,276.88,-0.00000,-0.01631,-0.02750,-0.04011,-0.05255,-0.01314,-0.03596,-0.04917,-0.05846,-0.01923,-0.05458,-0.05906,-0.05296,-0.02871,-0.06274,-0.05138,-0.03417,-0.03979,-0.05882,-0.04806,-0.03516,-0.00967,0.08486,0.03732,-0.03410,0.05752,0.02016,-0.05147,0.03747,0.01719,-0.07311,0.01109,0.01658,-0.09112,-0.01088,0.02337,-0.02695,-0.00992,0.00762,-0.02416,-0.03895,0.00066,-0.02428,-0.06066,-0.00631,-0.02744,-0.07860,-0.02880,-0.00252,-0.00525,0.00511,-0.01032,-0.02084,-0.02874,-0.02637,0.00152,-0.04076,-0.02736,0.01839,-0.02131,0.01801,0.00378,-0.00312,0.00616,-0.00307,-0.03477,-0.00859,0.01747,-0.03851,-0.00707,0.03293,-0.01960,0.02636,0.02476,-0.01038,0.02618,0.01456,-0.03039,0.00786,0.02313,-0.04017,0.00513,0.03660,-0.02736
1160.6435,1,1,14.92,0.16,27.33,0.14449,0.02447,0.58782,0.67833,0.59010,1.6367,0,0,0.18908,0.10048,0.03337,0.18817,0.09998,0.03304,0.97,0.02,0.59010,-0.59541,-0.16974,0.50911,1.23257,-0.00000,1.00008,-0.59541,-0.17010,0.50877,1.23256,-0.00000,1.00000,42,0.19419,0.08922,0.01494,0.19060,0.09130,0,0.96212,0.00000,0.00000,0.27262,Left,1,444.50,318.83,422.69,299.75,403.85,270.62,385.34,252.30,369.73,241.08,432.39,234.91,434.02,200.37,433.54,177.89,435.12,158.85,450.25,240.74,447.88,218.39,435.78,247.67,434.06,263.00,468.21,251.96,466.56,234.78,453.04,261.94,451.50,273.95,485.04,267.29,484.23,251.18,469.93,267.36,466.10,275.95,-0.00000,-0.01563,-0.02684,-0.03977,-0.05258,-0.01235,-0.03579,-0.04956,-0.05910,-0.01890,-0.05467,-0.05932,-0.05322,-0.02888,-0.06299,-0.05121,-0.03361,-0.04047,-0.05901,-0.04753,-0.03410,-0.01039,0.08541,0.03533,-0.03431,0.05741,0.01801,-0.05148,0.03773,0.01687,-0.07367,0.01123,0.01810,-0.09097,-0.01054,0.02644,-0.02696,-0.00955,0.00791,-0.02378,-0.03879,0.00140,-0.02374,-0.06093,-0.00530,-0.02670,-0.07892,-0.02639,-0.00258,-0.00531,0.00545,-0.01071,-0.02086,-0.02851,-0.02683,0.00173,-0.04135,-0.02752,0.01816,-0.02174,0.01797,0.00372,-0.00328,0.00556,-0.00332,-0.03493,-0.00866,0.01751,-0.03891,-0.00642,0.03329,-0.02013,0.02608,0.02438,-0.01121,0.02596,0.01381,-0.03095,0.00772,0.02247,-0.04056,0.00626,0.03591,-0.02798
1160.6754,1,1,14.89,0.16,28.80,0.14397,0.02401,0.58723,0.68680,0.58664,1.6558,0,0,0.18908,0.10048,0.03337,0.18817,0.09998,0.03304,0.97,0.02,0.58664,-0.59541,-0.16974,0.50911,1.23257,-0.00000,0.99999,-0.59541,-0.17010,0.50877,1.23256,-0.00000,1.00000,42,0.19419,0.08922,0.01494,0.19060,0.09130,0,0.96212,0.00000,0.00000,0.27262,Left,0,443.65,318.10,422.18,299.26,402.92,269.94,384.43,251.33,368.72,240.19,431.84,234.25,434.00,199.51,433.87,177.36,435.63,158.52,449.85,240.29,447.37,217.94,435.60,247.08,433.91,262.70,467.71,251.67,466.02,234.45,452.91,261.57,451.35,273.84,484.63,267.01,483.46,250.77,469.31,267.22,465.34,276.13,-0.00000,-0.01656,-0.02820,-0.04119,-0.05403,-0.01417,-0.03686,-0.04988,-0.05902,-0.02015,-0.05563,-0.06004,-0.05385,-0.02944,-0.06357,-0.05194,-0.03448,-0.04033,-0.05918,-0.04793,-0.03466,-0.01058,0.08569,0.03666,-0.03441,0.05794,0.01899,-0.05184,0.03767,0.01705,-0.07377,0.01107,0.01836,-0.09135,-0.01104,0.02633,-0.02679,-0.01000,0.00748,-0.02342,-0.03892,0.00090,-0.02314,-0.06084,-0.00619,-0.02592,-0.07885,-0.02820,-0.00247,-0.00539,0.00515,-0.01072,-0.02061,-0.02886,-0.02671,0.00176,-0.04141,-0.02790,0.01803,-0.02132,0.01786,0.00373,-0.00298,0.00544,-0.00302,-0.03507,-0.00842,0.01807,-0.03834,-0.00672,0.03360,-0.01893,0.02605,0.02479,-0.01046,0.02588,0.01393,-0.03072,0.00771,0.02299,-0.04060,0.00529,0.03676,-0.02713
1160.7084,1,1,15.46,0.52,29.42,0.14364,0.02366,0.58742,0.68930,0.58760,1.6284,0,0,0.18899,0.10081,0.03373,0.18913,0.10087,0.03386,0.04,0.00,0.58760,-0.59648,-0.16488,0.49783,1.23599,-0.00000,0.99998,-0.59659,-0.16379,0.49751,1.23700,-0.00000,1.00000,42,0.19419,0.08922,0.01494,0.19060,0.09130,0,0.96212,0.00000,0.00000,0.27262,Left,0,443.80,317.36,422.43,299.10,403.23,270.23,384.51,251.55,368.61,240.32,431.33,234.25,433.12,199.05,433.08,176.60,435.17,157.40,449.32,240.13,447.47,217.22,435.70,246.31,433.52,263.00,467.19,251.46,465.99,233.93,452.96,261.04,451.13,274.02,484.25,266.71,483.59,250.42,469.53,266.55,465.30,275.48,-0.00000,-0.01692,-0.02915,-0.04271,-0.05615,-0.01517,-0.03859,-0.05227,-0.06183,-0.02117,-0.05768,-0.06269,-0.05669,-0.03046,-0.06499,-0.05355,-0.03606,-0.04138,-0.06022,-0.04903,-0.03578,-0.01003,0.08490,0.03804,-0.03419,0.05727,0.02004,-0.05124,0.03766,0.01692,-0.07278,0.01109,0.01674,-0.09035,-0.01090,0.02330,-0.02694,-0.01002,0.00710,-0.02378,-0.03896,0.00071,-0.02350,-0.06101,-0.00608,-0.02596,-0.07949,-0.02803,-0.00262,-0.00529,0.00512,-0.01032,-0.02062,-0.02904,-0.02617,0.00142,-0.04134,-0.02771,0.01862,-0.02221,0.01802,0.00378,-0.00284,0.00603,-0.00299,-0.03466,-0.00826,0.01795,-0.03808,-0.00646,0.03392,-0.01935,0.02621,0.02488,-0.00990,0.02627,0.01368,-0.02978,0.00836,0.02237,-0.03962,0.00591,0.03627,-0.02653
1160.7395,1,1,14.66,0.53,27.67,0.14307,0.02293,0.58647,0.67906,0.58552,1.6323,0,0,0.18946,0.10138,0.03446,0.18986,0.10167,0.03462,0.04,0.00,0.58552,-0.59790,-0.15839,0.48504,1.24190,-0.00000,0.99999,-0.59771,-0.15930,0.48732,1.24270,-0.00000,1.00000,42,0.19419,0.08922,0.01494,0.19060,0.09130,0,0.96212,0.00000,0.00000,0.27262,Left,0,443.88,316.92,422.33,298.38,403.37,269.67,384.43,251.18,367.81,240.26,430.77,233.09,432.89,198.30,433.28,175.93,435.13,156.85,448.96,238.90,446.51,216.88,435.48,245.73,433.54,261.84,466.95,250.33,465.43,233.59,452.34,260.74,449.95,273.64,483.92,265.85,483.28,250.20,468.92,266.65,463.89,275.86,-0.00000,-0.01710,-0.02912,-0.04249,-0.05576,-0.01433,-0.03752,-0.05121,-0.06079,-0.02024,-0.05646,-0.06179,-0.05619,-0.02948,-0.06439,-0.05353,-0.03640,-0.04032,-0.05990,-0.04915,-0.03609,-0.00910,0.08496,0.03625,-0.03316,0.05718,0.01914,-0.05053,0.03751,0.01636,-0.07272,0.01152,0.01584,-0.09046,-0.00993,0.02259,-0.02711,-0.00967,0.00755,-0.02339,-0.03886,0.00112,-0.02292,-0.06114,-0.00540,-0.02517,-0.07920,-0.02772,-0.00266,-0.00543,0.00522,-0.01052,-0.02020,-0.02869,-0.02591,0.00154,-0.04167,-0.02694,0.01809,-0.02318,0.01805,0.00389,-0.00311,0.00577,-0.00284,-0.03498,-0.00811,0.01847,-0.03879,-0.00667,0.03441,-0.02075,0.02616,0.02465,-0.01074,0.02613,0.01403,-0.03096,0.00822,0.02359,-0.04090,0.00510,0.03728,-0.02767
1160.7713,1,1,14.53,0.15,28.00,0.14271,0.02240,0.58671,0.68511,0.58695,1.6542,0,0,0.18935,0.10174,0.03499,0.18933,0.10128,0.03423,0.69,0.00,0.58695,-0.59778,-0.15825,0.48753,1.24289,0.00000,1.00000,-0.59771,-0.15930,0.48732,1.24270,-0.00000,1.00000,42,0.19419,0.08922,0.01494,0.19060,0.09130,1,0.96212,0.00000,0.00000,0.27262,Left,0,442.83,316.34,421.53,297.87,402.48,269.14,383.59,250.61,367.40,239.54,430.63,232.60,433.27,197.74,433.73,175.28,435.73,156.28,448.66,238.68,445.91,216.73,434.60,246.29,433.60,261.89,466.53,250.12,464.54,233.58,451.47,261.11,450.39,273.14,483.45,265.52,482.59,249.68,468.18,266.19,464.24,274.82,-0.00000,-0.01633,-0.02825,-0.04180,-0.05525,-0.01398,-0.03795,-0.05194,-0.06150,-0.02031,-0.05671,-0.06119,-0.05484,-0.03007,-0.06488,-0.05292,-0.03501,-0.04144,-0.06030,-0.04857,-0.03487,-0.00933,0.08521,0.03688,-0.03339,0.05741,0.01932,-0.05074,0.03795,0.01655,-0.07331,0.01173,0.01735,-0.09087,-0.01015,0.02412,-0.02694,-0.00993,0.00771,-0.02273,-0.03873,0.00135,-0.02212,-0.06119,-0.00543,-0.02473,-0.07940,-0.02802,-0.00256,-0.00550,0.00537,-0.01119,-0.02001,-0.02915,-0.02690,0.00226,-0.04103,-0.02713,0.01806,-0.02046,0.01767,0.00382,-0.00317,0.00465,-0.00222,-0.03500,-0.00907,0.01920,-0.03766,-0.00647,0.03441,-0.01793,0.02583,0.02502,-0.01069,0.02551,0.01440,-0.03098,0.00707,0.02347,-0.04063,0.00527,0.03685,-0.02641
1160.8030,1,1,14.15,0.50,28.50,0.14306,0.02190,0.58885,0.67310,0.59099,1.6633,0,0,0.18828,0.10139,0.03549,0.18853,0.10151,0.03547,0.25,0.00,0.59099,-0.60131,-0.16933,0.49010,1.24873,-0.00001,1.00000,-0.60125,-0.16837,0.49033,1.24886,-0.00000,1.00000,42,0.19419,0.08922,0.01494,0.19060,0.09130,1,0.96212,0.00000,0.00000,0.27262,Left,0,443.17,316.81,421.56,297.36,402.36,268.11,383.06,249.88,367.17,239.32,430.73,231.96,433.31,197.33,433.76,174.78,435.71,155.76,448.68,237.83,445.34,216.67,434.18,246.14,432.95,262.27,466.54,249.18,464.12,232.96,451.30,260.07,450.19,272.47,483.37,264.60,481.99,249.18,467.83,265.39,464.14,273.94,-0.00000,-0.01567,-0.02689,-0.03975,-0.05248,-0.01232,-0.03580,-0.04994,-0.05975,-0.01853,-0.05466,-0.05966,-0.05378,-0.02815,-0.06198,-0.05051,-0.03313,-0.03940,-0.05748,-0.04627,-0.03307,-0.00972,0.08584,0.03496,-0.03370,0.05760,0.01823,-0.05092,0.03784,0.01663,-0.07368,0.01136,0.01892,-0.09081,-0.00990,0.02733,-0.02681,-0.00991,0.00812,-0.02275,-0.03850,0.00156,-0.02207,-0.06049,-0.00526,-0.02452,-0.07899,-0.02650,-0.00267,-0.00542,0.00553,-0.01108,-0.01962,-0.02906,-0.02678,0.00286,-0.04115,-0.02726,0.01940,-0.02070,0.01769,0.00368,-0.00345,0.00494,-0.00253,-0.03506,-0.00877,0.01886,-0.03791,-0.00617,0.03462,-0.01916,0.02588,0.02484,-0.01131,0.02535,0.01418,-0.03131,0.00723,0.02307,-0.04081,0.00557,0.03645,-0.02730
1160.8357,1,1,14.63,0.54,28.88,0.14359,0.02150,0.59185,0.68492,0.59486,1.6636,0,0,0.18677,0.10086,0.03589,0.18607,0.10044,0.03534,0.26,0.00,0.59486,-0.60417,-0.18556,0.50793,1.25151,-0.00001,1.00000,-0.60364,-0.18214,0.50184,1.25118,-0.00000,1.00000,42,0.19419,0.08922,0.01494,0.19060,0.09130,1,0.96212,0.00000,0.00000,0.27262,Left,0,443.10,315.86,421.18,297.31,402.28,268.62,383.25,249.86,367.07,238.69,430.49,232.04,433.24,197.00,433.65,174.16,435.85,154.73,448.32,237.93,445.36,215.81,433.66,244.38,431.74,260.08,466.14,248.88,463.83,232.37,451.16,259.22,449.86,271.45,483.39,263.60,481.79,247.48,468.23,263.89,464.82,272.64,-0.00000,-0.01661,-0.02909,-0.04311,-0.05709,-0.01500,-0.03955,-0.05443,-0.06461,-0.02116,-0.05818,-0.06383,-0.05827,-0.03062,-0.06545,-0.05433,-0.03694,-0.04171,-0.06033,-0.04892,-0.03540,-0.00980,0.08576,0.03619,-0.03406,0.05796,0.01815,-0.05130,0.03839,0.01620,-0.07370,0.01193,0.01735,-0.09173,-0.01001,0.02590,-0.02694,-0.00962,0.00749,-0.02285,-0.03853,0.00147,-0.02249,-0.06115,-0.00472,-0.02437,-0.07975,-0.02602,-0.00262,-0.00538,0.00525,-0.01156,-0.01999,-0.02970,-0.02737,0.00229,-0.04239,-0.02858,0.01825,-0.02300,0.01807,0.00354,-0.00297,0.00495,-0.00234,-0.03519,-0.00891,0.01922,-0.03844,-0.00684,0.03451,-0.01953,0.02664,0.02462,-0.01061,0.02556,0.01363,-0.03057,0.00821,0.02295,-0.04049,0.00623,0.03661,-0.02714
1160.8679,1,1,14.77,0.50,28.46,0.14246,0.02045,0.58807,0.67742,0.58430,1.6903,0,0,0.18866,0.10199,0.03694,0.18896,0.10226,0.03621,0.07,0.01,0.58430,-0.60337,-0.15829,0.47208,1.26052,-0.00000,1.00000,-0.60313,-0.16874,0.47816,1.26121,-0.00000,1.00000,42,0.19419,0.08922,0.01494,0.19060,0.09130,1,0.96212,-0.00000,-0.00000,0.27262,Left,0,442.44,314.83,421.11,296.30,401.57,267.33,382.52,248.87,366.17,237.99,430.04,230.37,432.83,195.88,433.29,173.48,435.24,154.60,448.32,236.33,444.95,215.84,433.35,245.15,431.97,260.56,466.25,247.63,463.65,232.22,450.73,259.35,449.55,271.26,483.21,262.81,481.43,247.52,467.30,264.42,463.53,273.26,-0.00000,-0.01670,-0.02857,-0.04189,-0.05516,-0.01404,-0.03726,-0.05095,-0.06045,-0.02002,-0.05625,-0.06121,-0.05534,-0.02939,-0.06429,-0.05311,-0.03584,-0.04033,-0.05966,-0.04846,-0.03510,-0.00936,0.08558,0.03606,-0.03361,0.05805,0.01885,-0.05116,0.03850,0.01655,-0.07422,0.01230,0.01784,-0.09172,-0.00909,0.02638,-0.02691,-0.00955,0.00767,-0.02302,-0.03850,0.00111,-0.02227,-0.06052,-0.00586,-0.02485,-0.07844,-0.02875,-0.00251,-0.00530,0.00523,-0.01169,-0.01893,-0.02986,-0.02766,0.00371,-0.04161,-0.02829,0.01939,-0.02061,0.01790,0.00354,-0.00315,0.00460,-0.00161,-0.03594,-0.00957,0.01978,-0.03836,-0.00694,0.03472,-0.01841,0.02596,0.02457,-0.01109,0.02529,0.01435,-0.03199,0.00679,0.02432,-0.04199,0.00517,0.03759,-0.02755
1160.9159,1,1,15.20,0.18,44.79,0.14225,0.02029,0.58915,0.67826,0.59022,1.6896,0,0,0.18813,0.10220,0.03710,0.18864,0.10199,0.03679,0.56,0.01,0.59022,-0.60312,-0.16723,0.47753,1.26092,-0.00000,1.00000,-0.60313,-0.16874,0.47816,1.26121,-0.00000,1.00000,42,0.19419,0.08922,0.01494,0.19060,0.09130,1,0.96212,-0.00000,-0.00000,0.27262,Left,0,441.95,315.46,420.90,296.50,401.64,267.32,382.97,248.72,366.73,237.76,429.86,231.06,432.44,195.79,433.07,173.29,435.15,154.12,447.70,236.94,444.63,214.83,433.56,243.85,432.01,260.81,465.30,247.99,463.00,230.85,450.41,258.17,448.89,271.85,482.12,263.02,480.73,246.11,466.94,263.17,462.98,273.21,-0.00000,-0.01624,-0.02778,-0.04091,-0.05410,-0.01276,-0.03548,-0.04917,-0.05876,-0.01906,-0.05532,-0.06104,-0.05557,-0.02865,-0.06336,-0.05252,-0.03531,-0.03980,-0.05901,-0.04782,-0.03439,-0.00984,0.08628,0.03391,-0.03373,0.05833,0.01702,-0.05051,0.03817,0.01595,-0.07313,0.01180,0.01844,-0.09061,-0.00992,0.02739,-0.02651,-0.00957,0.00796,-0.02275,-0.03844,0.00193,-0.02207,-0.06088,-0.00476,-0.02444,-0.07965,-0.02652,-0.00253,-0.00548,0.00547,-0.01123,-0.01989,-0.02858,-0.02710,0.00276,-0.04103,-0.02754,0.01937,-0.02163,0.01780,0.00354,-0.00344,0.00471,-0.00289,-0.03537,-0.00914,0.01899,-0.03837,-0.00667,0.03544,-0.02017,0.02551,0.02457,-0.01164,0.02515,0.01294,-0.03225,0.00736,0.02279,-0.04276,0.00535,0.03737,-0.02898
1160.9469,1,1,14.79,0.14,27.69,0.14194,0.02004,0.58905,0.68895,0.58895,1.6560,0,0,0.18818,0.10251,0.03735,0.18848,0.10188,0.03678,0.82,0.01,0.58895,-0.60314,-0.16819,0.47858,1.26132,-0.00000,1.00000,-0.60313,-0.16874,0.47816,1.26121,-0.00000,1.00000,42,0.19419,0.08922,0.01494,0.19060,0.09130,1,0.96212,-0.00000,-0.00000,0.27262,Left,0,441.83,314.66,420.53,296.16,401.23,266.95,382.82,248.30,366.69,237.66,429.52,230.74,432.40,195.55,433.20,173.02,435.36,153.90,447.57,236.77,444.49,214.48,432.97,243.08,430.79,259.90,465.28,247.95,463.01,231.26,450.36,258.25,448.50,271.55,482.27,263.02,480.81,246.83,467.23,263.35,463.30,272.75,-0.00000,-0.01619,-0.02774,-0.04081,-0.05389,-0.01389,-0.03675,-0.05040,-0.05994,-0.02020,-0.05666,-0.06232,-0.05678,-0.02970,-0.06431,-0.05355,-0.03644,-0.04073,-0.05964,-0.04860,-0.03536,-0.00966,0.08582,0.03712,-0.03391,0.05781,0.01927,-0.05087,0.03826,0.01627,-0.07348,0.01167,0.01666,-0.09028,-0.00981,0.02400,-0.02681,-0.00986,0.00755,-0.02273,-0.03909,0.00166,-0.02228,-0.06169,-0.00475,-0.02404,-0.07997,-0.02632,-0.00258,-0.00562,0.00529,-0.01146,-0.02012,-0.02956,-0.02738,0.00188,-0.04228,-0.02885,0.01898,-0.02322,0.01796,0.00393,-0.00307,0.00454,-0.00264,-0.03538,-0.00912,0.01926,-0.03825,-0.00742,0.03579,-0.01995,0.02590,0.02502,-0.01042,0.02532,0.01388,-0.03084,0.00777,0.02364,-0.04085,0.00539,0.03740,-0.02716
1160.9804,1,1,15.36,0.56,29.79,0.14245,0.01969,0.59185,0.68667,0.59466,1.6736,0,0,0.18677,0.10200,0.03770,0.18666,0.10196,0.03749,0.27,0.00,0.59466,-0.60927,-0.18308,0.48897,1.26513,-0.00001,1.00000,-0.60862,-0.18106,0.48674,1.26518,-0.00000,1.00000,42,0.19419,0.08922,0.01494,0.19060,0.09130,1,0.96212,-0.00000,-0.00000,0.27262,Left,0,441.56,313.87,420.46,295.90,401.24,266.66,382.54,248.03,366.48,237.90,429.61,230.13,432.38,195.10,433.03,172.59,435.39,153.56,447.56,236.15,444.66,213.96,432.99,243.01,431.35,259.39,465.27,247.40,462.94,230.60,450.10,257.84,448.81,270.49,482.22,262.54,480.76,246.28,466.91,262.96,463.37,271.99,-0.00000,-0.01631,-0.02800,-0.04115,-0.05433,-0.01433,-0.03756,-0.05125,-0.06075,-0.02045,-0.05648,-0.06126,-0.05516,-0.02981,-0.06405,-0.05254,-0.03503,-0.04075,-0.05921,-0.04761,-0.03408,-0.00976,0.08578,0.03588,-0.03413,0.05779,0.01878,-0.05124,0.03808,0.01670,-0.07401,0.01202,0.01816,-0.09120,-0.00901,0.02606,-0.02704,-0.00985,0.00782,-0.02285,-0.03875,0.00159,-0.02226,-0.06129,-0.00544,-0.02409,-0.07920,-0.02759,-0.00257,-0.00554,0.00529,-0.01142,-0.01993,-0.02904,-0.02764,0.00230,-0.04125,-0.02857,0.01861,-0.02125,0.01817,0.00382,-0.00314,0.00448,-0.00249,-0.03504,-0.00929,0.01915,-0.03764,-0.00713,0.03500,-0.01841,0.02614,0.02497,-0.01097,0.02543,0.01405,-0.03092,0.00740,0.02349,-0.04039,0.00565,0.03719,-0.02640
1161.0116,1,1,14.53,0.52,27.51,0.14169,0.01963,0.58949,0.67269,0.58713,1.6742,0,0,0.18795,0.10276,0.03776,0.18777,0.10273,0.03761,0.09,0.00,0.58713,-0.60923,-0.17131,0.47555,1.26723,-0.00001,1.00000,-0.60878,-0.17203,0.47483,1.26792,-0.00000,1.00000,42,0.19419,0.08922,0.01494,0.19060,0.09130,1,0.96212,-0.00000,-0.00000,0.27262,Left,0,441.48,315.23,420.15,296.13,400.97,266.72,382.57,248.11,366.46,237.55,429.45,230.49,432.11,195.54,432.95,172.80,435.03,153.54,447.31,236.39,444.38,214.00,433.12,242.63,431.04,259.50,465.02,247.55,462.69,230.32,449.91,257.52,447.91,271.03,481.97,262.69,480.25,246.33,466.46,263.07,462.41,272.56,-0.00000,-0.01563,-0.02691,-0.03988,-0.05293,-0.01249,-0.03583,-0.05011,-0.06007,-0.01908,-0.05567,-0.06155,-0.05615,-0.02894,-0.06371,-0.05305,-0.03593,-0.04033,-0.05939,-0.04839,-0.03515,-0.01010,0.08602,0.03356,-0.03407,0.05780,0.01687,-0.05046,0.03787,0.01544,-0.07293,0.01161,0.01803,-0.08993,-0.00969,0.02644,-0.02677,-0.00958,0.00797,-0.02265,-0.03841,0.00212,-0.02172,-0.06089,-0.00429,-0.02382,-0.07943,-0.02554,-0.00258,-0.00544,0.00555,-0.01120,-0.02030,-0.02805,-0.02699,0.00164,-0.04110,-0.02781,0.01838,-0.02259,0.01783,0.00364,-0.00336,0.00460,-0.00318,-0.03481,-0.00923,0.01832,-0.03855,-0.00691,0.03492,-0.02096,0.02545,0.02437,-0.01150,0.02497,0.01331,-0.03144,0.00725,0.02275,-0.04134,0.00518,0.03668,-0.02820
1161.0435,1,1,15.03,0.16,28.55,0.14142,0.01924,0.58869,0.68356,0.58788,1.6539,0,0,0.18836,0.10303,0.03815,0.18788,0.10267,0.03767,0.65,0.00,0.58788,-0.60865,-0.17078,0.47449,1.26794,-0.00000,1.00000,-0.60878,-0.17203,0.47483,1.26792,-0.00000,1.00000,42,0.19419,0.08922,0.01494,0.19060,0.09130,1,0.96212,0.00000,0.00000,0.27262,Left,0,441.27,313.80,419.90,294.94,401.08,266.34,382.66,248.00,366.54,236.98,429.39,229.72,432.40,194.79,433.44,172.29,435.74,153.25,447.50,235.87,444.45,214.45,433.01,243.14,431.06,259.63,465.22,247.18,463.03,231.03,449.92,258.11,447.81,271.43,482.03,262.34,480.72,246.67,466.83,263.05,462.79,272.35,-0.00000,-0.01697,-0.02923,-0.04298,-0.05665,-0.01441,-0.03784,-0.05205,-0.06188,-0.02039,-0.05739,-0.06340,-0.05805,-0.02962,-0.06463,-0.05393,-0.03672,-0.04047,-0.05950,-0.04842,-0.03501,-0.01044,0.08542,0.03647,-0.03453,0.05749,0.01850,-0.05124,0.03820,0.01493,-0.07361,0.01221,0.01472,-0.09057,-0.00960,0.02151,-0.02687,-0.00976,0.00748,-0.02250,-0.03890,0.00137,-0.02192,-0.06154,-0.00558,-0.02356,-0.07948,-0.02779,-0.00252,-0.00545,0.00524,-0.01140,-0.01943,-0.02979,-0.02741,0.00266,-0.04211,-0.02861,0.01923,-0.02250,0.01807,0.00381,-0.00302,0.00474,-0.00219,-0.03541,-0.00923,0.01955,-0.03811,-0.00796,0.03589,-0.01929,0.02594,0.02493,-0.01049,0.02560,0.01445,-0.03097,0.00778,0.02393,-0.04106,0.00543,0.03754,-0.02738
1161.0759,1,1,15.41,0.15,28.44,0.14148,0.01910,0.58957,0.68270,0.59044,1.6639,0,0,0.18792,0.10297,0.03829,0.18783,0.10268,0.03774,0.54,0.00,0.59044,-0.60884,-0.17169,0.47500,1.26796,0.00000,1.00000,-0.60878,-0.17203,0.47483,1.26792,-0.00000,1.00000,42,0.19419,0.08922,0.01494,0.19060,0.09130,1,0.96212,0.00000,0.00000,0.27262,Left,0,441.52,314.23,420.13,295.49,400.83,266.27,382.46,247.86,366.44,237.20,429.08,229.96,431.68,195.02,432.63,172.59,434.99,153.57,447.07,235.80,444.11,213.83,432.89,242.74,431.04,259.29,464.84,246.92,462.42,230.60,449.92,258.01,448.24,271.28,481.81,262.05,480.02,245.82,466.50,262.62,462.75,272.05,-0.00000,-0.01579,-0.02722,-0.04032,-0.05355,-0.01325,-0.03641,-0.05024,-0.05979,-0.01972,-0.05618,-0.06182,-0.05625,-0.02939,-0.06412,-0.05328,-0.03603,-0.04055,-0.05929,-0.04789,-0.03436,-0.01003,0.08627,0.03511,-0.03393,0.05804,0.01811,-0.05102,0.03813,0.01585,-0.07335,0.01200,0.01721,-0.09026,-0.00955,0.02450,-0.02700,-0.00981,0.00772,-0.02310,-0.03871,0.00159,-0.02200,-0.06104,-0.00539,-0.02383,-0.07920,-0.02753,-0.00261,-0.00560,0.00540,-0.01124,-0.01986,-0.02915,-0.02734,0.00230,-0.04190,-0.02821,0.01884,-0.02252,0.01813,0.00382,-0.00319,0.00453,-0.00241,-0.03530,-0.00922,0.01960,-0.03833,-0.00694,0.03607,-0.01953,0.02580,0.02455,-0.01115,0.02515,0.01364,-0.03155,0.00761,0.02371,-0.04123,0.00564,0.03743,-0.02758
1161.1077,1,1,14.94,0.53,28.28,0.14206,0.01952,0.59270,0.68648,0.59584,1.6914,0,0,0.18635,0.10239,0.03787,0.18589,0.10201,0.03744,0.16,0.00,0.59584,-0.61194,-0.18490,0.49109,1.26729,-0.00001,0.99999,-0.61196,-0.18309,0.48694,1.26703,-0.00000,1.00000,42,0.19419,0.08922,0.01494,0.19060,0.09130,1,0.96212,0.00000,0.00000,0.27262,Left,0,440.58,314.69,420.19,296.08,400.81,266.53,382.22,247.94,366.33,237.44,429.50,230.69,432.28,195.22,432.92,172.74,435.22,153.62,447.12,236.75,443.89,213.45,432.66,243.00,431.80,259.82,464.65,247.83,462.24,230.05,449.48,257.93,448.66,271.26,481.54,262.80,479.89,245.77,465.86,263.04,462.43,272.75,-0.00000,-0.01537,-0.02639,-0.03906,-0.05180,-0.01323,-0.03647,-0.05020,-0.05965,-0.01976,-0.05613,-0.06106,-0.05488,-0.02950,-0.06432,-0.05284,-0.03508,-0.04070,-0.05964,-0.04801,-0.03430,-0.01023,0.08644,0.03480,-0.03408,0.05805,0.01811,-0.05084,0.03805,0.01697,-0.07378,0.01147,0.02001,-0.09057,-0.00987,0.02875,-0.02655,-0.00994,0.00837,-0.02255,-0.03902,0.00242,-0.02184,-0.06164,-0.00472,-0.02398,-0.07991,-0.02627,-0.00250,-0.00558,0.00555,-0.01178,-0.02061,-0.02825,-0.02777,0.00199,-0.04026,-0.02790,0.01884,-0.02046,0.01786,0.00386,-0.00358,0.00387,-0.00291,-0.03498,-0.00986,0.01899,-0.03764,-0.00709,0.03571,-0.01876,0.02539,0.02504,-0.01166,0.02480,0.01374,-0.03181,0.00665,0.02349,-0.04148,0.00487,0.03767,-0.02763
1161.1398,1,1,14.91,0.51,28.58,0.14252,0.01999,0.59522,0.67856,0.59773,1.6775,0,0,0.18509,0.10193,0.03740,0.18476,0.10176,0.03716,0.10,0.01,0.59773,-0.61444,-0.19443,0.50328,1.26381,0.00000,0.99999,-0.61397,-0.19341,0.50098,1.26333,-0.00000,1.00000,42,0.19419,0.08922,0.01494,0.19060,0.09130,1,0.96212,0.00000,0.00000,0.27262,Left,0,441.01,315.96,420.16,297.16,401.31,267.20,382.46,248.23,366.40,237.15,429.31,231.18,431.87,195.93,432.50,173.51,434.73,154.40,446.90,236.99,443.73,213.92,432.37,243.61,431.26,260.18,464.46,247.94,462.23,230.68,449.47,258.44,448.45,271.47,481.28,262.79,480.22,245.67,466.43,262.71,462.98,272.23,-0.00000,-0.01541,-0.02645,-0.03923,-0.05209,-0.01244,-0.03561,-0.04909,-0.05834,-0.01885,-0.05484,-0.05950,-0.05318,-0.02856,-0.06315,-0.05157,-0.03375,-0.03976,-0.05853,-0.04694,-0.03327,-0.01020,0.08701,0.03355,-0.03366,0.05864,0.01684,-0.05039,0.03817,0.01606,-0.07263,0.01134,0.01900,-0.08993,-0.01066,0.02824,-0.02635,-0.00973,0.00835,-0.02240,-0.03844,0.00223,-0.02180,-0.06114,-0.00493,-0.02373,-0.07948,-0.02645,-0.00259,-0.00548,0.00551,-0.01136,-0.02057,-0.02823,-0.02727,0.00192,-0.04047,-0.02709,0.01853,-0.02036,0.01795,0.00359,-0.00349,0.00465,-0.00309,-0.03485,-0.00887,0.01886,-0.03772,-0.00629,0.03507,-0.01922,0.02575,0.02449,-0.01209,0.02521,0.01285,-0.03168,0.00801,0.02238,-0.04091,0.00604,0.03664,-0.02764
1161.1711,1,1,14.55,0.15,27.93,0.14251,0.01988,0.59564,0.68676,0.59607,1.6753,0,0,0.18488,0.10194,0.03751,0.18503,0.10187,0.03722,0.34,0.01,0.59607,-0.61409,-0.19345,0.50190,1.26324,0.00000,0.99999,-0.61397,-0.19341,0.50098,1.26333,-0.00000,1.00000,42,0.19419,0.08922,0.01494,0.19060,0.09130,1,0.96212,-0.00000,-0.00000,0.27262,Left,0,441.54,314.54,419.71,295.34,400.66,266.32,381.62,247.91,365.43,237.06,428.78,230.77,431.81,195.84,432.41,173.49,434.66,154.43,446.69,236.72,443.81,214.73,432.37,244.06,431.05,260.37,464.33,247.64,462.07,231.25,449.46,258.65,448.37,271.53,481.17,262.26,479.50,246.26,465.99,263.06,462.73,272.22,-0.00000,-0.01592,-0.02746,-0.04060,-0.05375,-0.01317,-0.03613,-0.04954,-0.05877,-0.01926,-0.05530,-0.06010,-0.05397,-0.02863,-0.06292,-0.05144,-0.03383,-0.03954,-0.05785,-0.04631,-0.03275,-0.00958,0.08592,0.03622,-0.03369,0.05806,0.01809,-0.05103,0.03790,0.01637,-0.07390,0.01130,0.01770,-0.09145,-0.01060,0.02659,-0.02660,-0.00957,0.00768,-0.02230,-0.03859,0.00121,-0.02202,-0.06111,-0.00555,-0.02388,-0.07899,-0.02715,-0.00254,-0.00537,0.00532,-0.01116,-0.01989,-0.02973,-0.02728,0.00278,-0.04159,-0.02791,0.01937,-0.02127,0.01791,0.00360,-0.00301,0.00480,-0.00218,-0.03543,-0.00870,0.01991,-0.03778,-0.00687,0.03588,-0.01818,0.02636,0.02478,-0.01067,0.02516,0.01378,-0.03129,0.00775,0.02357,-0.04088,0.00580,0.03740,-0.02684
1161.2031,1,1,14.38,0.16,28.57,0.14253,0.01973,0.59694,0.69002,0.59823,1.6864,0,0,0.18423,0.10192,0.03766,0.18511,0.10190,0.03725,0.99,0.01,0.59823,-0.61394,-0.19298,0.50120,1.26331,0.00000,1.00000,-0.61397,-0.19341,0.50098,1.26333,-0.00000,1.00000,42,0.19419,0.08922,0.01494,0.19060,0.09130,1,0.96212,-0.00000,-0.00000,0.27262,Left,0,440.39,313.86,419.16,295.73,400.03,266.84,381.42,248.33,365.45,237.39,428.67,230.25,431.91,195.31,432.85,172.51,435.21,153.46,446.31,236.51,443.06,214.77,431.51,244.48,430.40,259.89,464.06,247.60,461.57,231.05,448.55,258.94,447.68,271.07,480.93,262.48,479.50,246.50,465.38,263.59,462.18,272.44,-0.00000,-0.01497,-0.02621,-0.03923,-0.05231,-0.01363,-0.03771,-0.05211,-0.06185,-0.02012,-0.05622,-0.06075,-0.05456,-0.02981,-0.06422,-0.05210,-0.03418,-0.04098,-0.05966,-0.04766,-0.03370,-0.00982,0.08589,0.03586,-0.03405,0.05784,0.01852,-0.05115,0.03840,0.01641,-0.07392,0.01218,0.01823,-0.09113,-0.00939,0.02637,-0.02704,-0.00974,0.00779,-0.02226,-0.03871,0.00177,-0.02109,-0.06144,-0.00523,-0.02303,-0.07958,-0.02770,-0.00260,-0.00551,0.00548,-0.01207,-0.01928,-0.02957,-0.02811,0.00352,-0.04093,-0.02820,0.01905,-0.02000,0.01798,0.00381,-0.00323,0.00405,-0.00185,-0.03522,-0.00997,0.01990,-0.03760,-0.00696,0.03531,-0.01759,0.02611,0.02506,-0.01105,0.02530,0.01431,-0.03149,0.00687,0.02397,-0.04120,0.00566,0.03731,-0.02692
1161.2370,1,1,16.04,0.49,29.93,0.14247,0.02003,0.59766,0.68750,0.59838,1.6672,0,0,0.18387,0.10198,0.03736,0.18394,0.10184,0.03713,0.12,0.00,0.59838,-0.61749,-0.20035,0.50970,1.26279,-0.00001,1.00000,-0.61802,-0.20158,0.50993,1.26251,-0.00000,1.00000,42,0.19419,0.08922,0.01494,0.19060,0.09130,1,0.96212,-0.00000,-0.00000,0.27262,Left,0,439.74,314.85,418.84,296.32,399.66,267.04,381.53,248.41,365.69,237.52,428.81,230.96,431.62,195.87,432.38,173.21,434.38,154.19,446.37,237.09,443.17,214.30,431.56,243.21,429.76,259.65,463.87,248.14,461.27,230.84,448.44,258.47,446.85,271.82,480.74,263.12,478.48,246.85,464.70,263.91,461.11,273.41,-0.00000,-0.01562,-0.02716,-0.04040,-0.05376,-0.01336,-0.03640,-0.05008,-0.05950,-0.01992,-0.05599,-0.06124,-0.05543,-0.02966,-0.06409,-0.05282,-0.03539,-0.04090,-0.05968,-0.04821,-0.03465,-0.01101,0.08635,0.03420,-0.03470,0.05797,0.01847,-0.05147,0.03772,0.01604,-0.07384,0.01164,0.01802,-0.09058,-0.01003,0.02556,-0.02678,-0.01010,0.00830,-0.02259,-0.03890,0.00254,-0.02152,-0.06145,-0.00474,-0.02387,-0.07984,-0.02703,-0.00243,-0.00570,0.00548,-0.01150,-0.02036,-0.02853,-0.02796,0.00181,-0.04092,-0.02893,0.01843,-0.02220,0.01798,0.00400,-0.00364,0.00395,-0.00259,-0.03515,-0.00997,0.01930,-0.03789,-0.00770,0.03596,-0.01954,0.02530,0.02497,-0.01188,0.02469,0.01387,-0.03220,0.00647,0.02394,-0.04177,0.00448,0.03787,-0.02810
1161.2685,1,1,15.20,0.61,27.97,0.14185,0.02007,0.59580,0.67978,0.59394,1.6707,0,0,0.18480,0.10260,0.03732,0.18460,0.10253,0.03728,0.10,0.00,0.59394,-0.61852,-0.19390,0.50190,1.26328,-0.00000,1.00000,-0.61818,-0.19374,0.50101,1.26347,-0.00000,1.00000,42,0.19419,0.08922,0.01494,0.19060,0.09130,1,0.96212,0.00000,0.00000,0.27262,Left,0,439.35,315.79,418.58,296.80,399.65,267.07,381.42,248.14,365.37,237.25,428.47,230.64,431.05,196.02,431.67,173.62,433.75,154.83,446.32,236.61,442.96,214.86,431.17,244.54,430.03,260.52,463.96,247.80,460.66,231.71,447.59,259.40,446.79,271.93,480.84,262.97,478.53,247.01,464.44,264.16,461.09,273.39,-0.00000,-0.01564,-0.02698,-0.04015,-0.05341,-0.01186,-0.03431,-0.04729,-0.05629,-0.01842,-0.05414,-0.05886,-0.05259,-0.02833,-0.06278,-0.05140,-0.03383,-0.03976,-0.05842,-0.04679,-0.03310,-0.01075,0.08706,0.03434,-0.03460,0.05851,0.01787,-0.05157,0.03767,0.01629,-0.07354,0.01127,0.01850,-0.09086,-0.01058,0.02681,-0.02664,-0.00995,0.00820,-0.02288,-0.03874,0.00166,-0.02209,-0.06108,-0.00599,-0.02462,-0.07892,-0.02870,-0.00239,-0.00566,0.00542,-0.01177,-0.01970,-0.02872,-0.02831,0.00293,-0.04067,-0.02828,0.01905,-0.02015,0.01802,0.00387,-0.00351,0.00359,-0.00189,-0.03570,-0.01042,0.02017,-0.03788,-0.00746,0.03582,-0.01849,0.02543,0.02506,-0.01212,0.02454,0.01429,-0.03265,0.00595,0.02429,-0.04227,0.00466,0.03800,-0.02859
1161.2992,1,1,14.27,0.53,24.92,0.14099,0.02041,0.59283,0.68202,0.58986,1.6657,0,0,0.18629,0.10346,0.03698,0.18627,0.10344,0.03658,0.22,0.01,0.58986,-0.61723,-0.17236,0.48435,1.26221,0.00000,1.00000,-0.61735,-0.17940,0.48783,1.26228,-0.00000,1.00000,42,0.19419,0.08922,0.01494,0.19060,0.09130,1,0.96212,0.00000,0.00000,0.27262,Left,0,440.02,315.83,418.79,296.76,399.78,267.55,381.61,248.86,365.67,238.00,428.24,231.58,430.86,196.38,431.51,174.18,433.52,155.25,446.13,237.57,442.95,215.31,431.64,244.62,430.10,261.55,463.61,248.72,461.25,232.25,448.42,260.15,446.69,273.82,480.36,263.78,479.40,247.05,465.67,263.99,461.67,273.68,-0.00000,-0.01606,-0.02742,-0.04043,-0.05348,-0.01261,-0.03487,-0.04778,-0.05674,-0.01887,-0.05494,-0.06010,-0.05410,-0.02839,-0.06335,-0.05233,-0.03475,-0.03938,-0.05846,-0.04709,-0.03346,-0.01015,0.08608,0.03499,-0.03417,0.05808,0.01723,-0.05068,0.03771,0.01527,-0.07298,0.01137,0.01694,-0.08996,-0.01055,0.02440,-0.02651,-0.00984,0.00786,-0.02253,-0.03867,0.00173,-0.02216,-0.06124,-0.00593,-0.02426,-0.07943,-0.02788,-0.00260,-0.00556,0.00543,-0.01109,-0.01988,-0.02856,-0.02690,0.00229,-0.04123,-0.02782,0.01923,-0.02187,0.01786,0.00386,-0.00313,0.00464,-0.00241,-0.03559,-0.00876,0.01990,-0.03826,-0.00733,0.03697,-0.01946,0.02532,0.02478,-0.01125,0.02559,0.01343,-0.03168,0.00815,0.02319,-0.04163,0.00542,0.03724,-0.02791
1161.3476,1,1,14.40,0.53,45.13,0.14056,0.02098,0.59121,0.67769,0.58959,1.6785,0,0,0.18709,0.10389,0.03641,0.18693,0.10381,0.03647,0.20,0.00,0.58959,-0.61679,-0.16949,0.48242,1.25837,0.00000,1.00000,-0.61670,-0.16999,0.48228,1.25847,-0.00000,1.00000,42,0.19419,0.08922,0.01494,0.19060,0.09130,1,0.96212,0.00000,-0.00000,0.27262,Left,0,439.90,316.99,418.73,297.57,399.43,267.87,381.12,249.07,365.25,238.70,428.26,232.20,431.21,197.22,432.14,174.60,434.21,155.52,446.10,238.25,443.43,215.85,431.89,244.36,429.77,260.70,463.74,249.41,461.32,232.54,448.37,259.80,446.68,272.97,480.65,264.48,478.69,248.74,464.80,265.17,461.08,274.20,-0.00000,-0.01460,-0.02500,-0.03723,-0.04950,-0.01158,-0.03427,-0.04794,-0.05747,-0.01836,-0.05447,-0.06009,-0.05455,-0.02829,-0.06239,-0.05165,-0.03461,-0.03966,-0.05812,-0.04723,-0.03416,-0.01095,0.08633,0.03410,-0.03460,0.05763,0.01750,-0.05109,0.03736,0.01558,-0.07374,0.01067,0.01860,-0.09043,-0.01052,0.02754,-0.02670,-0.00990,0.00793,-0.02244,-0.03901,0.00229,-0.02141,-0.06156,-0.00438,-0.02355,-0.07974,-0.02543,-0.00259,-0.00554,0.00555,-0.01096,-0.02027,-0.02884,-0.02679,0.00160,-0.04174,-0.02839,0.01867,-0.02311,0.01792,0.00396,-0.00326,0.00432,-0.00283,-0.03487,-0.00934,0.01876,-0.03817,-0.00759,0.03557,-0.01993,0.02553,0.02467,-0.01109,0.02484,0.01415,-0.03123,0.00703,0.02384,-0.04132,0.00483,0.03709,-0.02829
1161.3786,1,1,14.04,0.53,27.03,0.14105,0.02159,0.59385,0.68362,0.59650,1.6822,0,0,0.18577,0.10341,0.03580,0.18478,0.10269,0.03501,0.05,0.01,0.59650,-0.61867,-0.17873,0.50292,1.25286,-0.00000,1.00000,-0.61853,-0.17812,0.49676,1.25226,-0.00000,1.00000,42,0.19419,0.08922,0.01494,0.19060,0.09130,1,0.96212,0.00000,-0.00000,0.27262,Left,0,439.83,317.22,418.81,298.08,399.72,268.60,381.34,249.88,365.28,238.61,428.24,232.56,431.41,197.73,432.31,175.39,434.62,156.44,445.93,238.72,443.11,216.43,431.38,245.45,429.71,261.76,463.40,249.84,461.49,233.15,448.49,260.35,447.08,273.18,480.15,264.82,479.02,248.85,465.03,265.81,461.30,275.08,-0.00000,-0.01573,-0.02690,-0.03969,-0.05244,-0.01246,-0.03514,-0.04869,-0.05812,-0.01881,-0.05508,-0.06059,-0.05496,-0.02842,-0.06300,-0.05206,-0.03489,-0.03953,-0.05837,-0.04715,-0.03385,-0.01047,0.08694,0.03380,-0.03441,0.05828,0.01720,-0.05127,0.03825,0.01556,-0.07382,0.01126,0.01845,-0.09076,-0.01082,0.02758,-0.02674,-0.01004,0.00792,-0.02235,-0.03897,0.00217,-0.02121,-0.06134,-0.00483,-0.02342,-0.07981,-0.02673,-0.00246,-0.00564,0.00554,-0.01120,-0.02022,-0.02896,-0.02741,0.00198,-0.04177,-0.02842,0.01865,-0.02258,0.01775,0.00383,-0.00344,0.00459,-0.00240,-0.03551,-0.00943,0.01920,-0.03875,-0.00703,0.03541,-0.02008,0.02547,0.02492,-0.01156,0.02559,0.01426,-0.03221,0.00728,0.02412,-0.04265,0.00526,0.03782,-0.02877
1161.4121,1,1,14.79,0.56,30.06,0.14166,0.02223,0.59642,0.69313,0.59899,1.6692,0,0,0.18449,0.10279,0.03516,0.18430,0.10263,0.03505,0.07,0.01,0.59899,-0.61994,-0.18846,0.51328,1.24771,0.00000,0.99999,-0.61992,-0.18819,0.51253,1.24657,-0.00000,1.00000,42,0.19419,0.08922,0.01494,0.19060,0.09130,1,0.96212,0.00000,-0.00000,0.27262,Left,0,440.03,316.84,418.69,298.36,399.64,269.38,381.49,250.33,365.47,238.63,428.40,233.42,431.81,198.09,432.81,175.57,434.93,156.56,446.03,239.70,443.38,216.86,431.71,245.71,429.80,261.81,463.46,250.63,461.07,234.05,448.32,261.78,447.01,274.43,480.36,265.21,478.62,249.57,464.99,266.70,461.59,275.62,-0.00000,-0.01552,-0.02725,-0.04068,-0.05407,-0.01383,-0.03726,-0.05108,-0.06048,-0.02054,-0.05734,-0.06272,-0.05676,-0.03037,-0.06524,-0.05382,-0.03612,-0.04169,-0.06040,-0.04859,-0.03471,-0.01072,0.08592,0.03585,-0.03464,0.05774,0.01849,-0.05143,0.03781,0.01572,-0.07385,0.01094,0.01753,-0.09076,-0.01133,0.02550,-0.02693,-0.00992,0.00768,-0.02225,-0.03930,0.00236,-0.02105,-0.06216,-0.00481,-0.02318,-0.08047,-0.02672,-0.00262,-0.00558,0.00546,-0.01133,-0.02048,-0.02926,-0.02745,0.00182,-0.04175,-0.02862,0.01828,-0.02218,0.01796,0.00388,-0.00316,0.00408,-0.00191,-0.03567,-0.00965,0.02025,-0.03840,-0.00742,0.03645,-0.01876,0.02578,0.02482,-0.01097,0.02525,0.01460,-0.03151,0.00713,0.02499,-0.04142,0.00533,0.03834,-0.02728
1161.4435,1,1,14.88,0.54,27.97,0.14091,0.02271,0.59391,0.67826,0.59141,1.6683,0,0,0.18574,0.10354,0.03468,0.18532,0.10323,0.03417,0.20,0.00,0.59141,-0.61938,-0.17293,0.50346,1.24448,0.00000,1.00000,-0.61942,-0.17693,0.50307,1.24459,-0.00000,1.00000,42,0.19419,0.08922,0.01494,0.19060,0.09130,1,0.96212,0.00000,-0.00000,0.27262,Left,0,439.23,318.01,418.04,298.46,399.17,268.64,381.06,249.94,365.36,238.48,428.44,233.44,431.64,198.33,432.53,175.81,434.66,156.89,445.89,239.86,443.24,217.00,431.56,246.13,429.97,262.50,463.29,251.17,461.14,234.19,448.01,261.99,446.64,275.07,479.94,266.22,479.21,249.64,465.19,266.27,461.52,275.40,-0.00000,-0.01422,-0.02442,-0.03655,-0.04864,-0.01133,-0.03435,-0.04798,-0.05724,-0.01825,-0.05443,-0.05965,-0.05366,-0.02833,-0.06296,-0.05179,-0.03420,-0.03975,-0.05854,-0.04710,-0.03345,-0.01079,0.08569,0.03464,-0.03454,0.05723,0.01760,-0.05128,0.03708,0.01574,-0.07366,0.01017,0.01888,-0.09012,-0.01227,0.02708,-0.02669,-0.01001,0.00792,-0.02183,-0.03884,0.00237,-0.02056,-0.06135,-0.00462,-0.02301,-0.07948,-0.02573,-0.00249,-0.00537,0.00549,-0.01102,-0.02033,-0.02848,-0.02703,0.00171,-0.04087,-0.02805,0.01820,-0.02159,0.01762,0.00390,-0.00336,0.00413,-0.00229,-0.03524,-0.00968,0.01912,-0.03818,-0.00713,0.03585,-0.01859,0.02497,0.02465,-0.01140,0.02550,0.01379,-0.03153,0.00715,0.02326,-0.04168,0.00527,0.03691,-0.02792
1161.4764,1,1,15.42,0.59,29.44,0.14106,0.02369,0.59490,0.68599,0.59589,1.6205,0,0,0.18525,0.10339,0.03370,0.18515,0.10329,0.03367,0.12,0.00,0.59589,-0.62015,-0.17601,0.51084,1.23753,0.00000,0.99999,-0.62024,-0.17766,0.51163,1.23688,-0.00000,1.00000,42,0.19419,0.08922,0.01494,0.19060,0.09130,1,0.96212,0.00000,-0.00000,0.27262,Left,0,438.87,318.44,418.44,299.74,400.10,269.99,382.29,250.62,366.51,238.37,428.51,234.92,431.26,199.60,431.79,177.22,433.65,158.31,445.97,241.30,443.22,217.66,431.33,246.40,429.31,263.08,463.28,252.52,460.99,234.57,447.99,262.08,446.36,275.45,480.08,267.53,478.85,250.43,465.07,267.11,461.36,276.56,-0.00000,-0.01568,-0.02749,-0.04101,-0.05454,-0.01407,-0.03723,-0.05073,-0.05995,-0.02069,-0.05696,-0.06186,-0.05573,-0.03045,-0.06505,-0.05339,-0.03564,-0.04169,-0.06035,-0.04851,-0.03473,-0.01146,0.08547,0.03451,-0.03493,0.05663,0.01735,-0.05104,0.03672,0.01489,-0.07249,0.00970,0.01739,-0.08884,-0.01331,0.02513,-0.02665,-0.01008,0.00788,-0.02234,-0.03877,0.00223,-0.02165,-0.06152,-0.00542,-0.02408,-0.07955,-0.02701,-0.00264,-0.00551,0.00557,-0.01123,-0.02076,-0.02818,-0.02742,0.00081,-0.04051,-0.02899,0.01758,-0.02220,0.01761,0.00403,-0.00336,0.00390,-0.00272,-0.03490,-0.00971,0.01851,-0.03772,-0.00758,0.03518,-0.01967,0.02536,0.02495,-0.01138,0.02538,0.01386,-0.03133,0.00751,0.02308,-0.04098,0.00547,0.03668,-0.02753
1161.5078,1,1,15.03,0.52,28.31,0.14034,0.02383,0.59284,0.69025,0.59079,1.6140,0,0,0.18628,0.10411,0.03356,0.18612,0.10400,0.03345,0.16,0.00,0.59079,-0.62024,-0.16601,0.50195,1.23591,0.00000,0.99999,-0.62023,-0.16736,0.50176,1.23632,-0.00000,1.00000,42,0.19419,0.08922,0.01494,0.19060,0.09130,1,0.96212,0.00000,0.00000,0.27262,Left,0,439.28,318.12,418.12,299.47,399.77,269.72,382.47,250.23,367.13,237.44,427.60,234.53,430.77,199.70,431.74,177.58,433.80,158.94,445.39,240.81,442.46,219.06,430.84,247.71,428.51,264.24,462.88,252.05,460.43,236.32,447.74,263.71,445.70,276.68,479.81,266.96,478.79,250.76,465.50,267.17,461.65,276.15,-0.00000,-0.01629,-0.02787,-0.04106,-0.05421,-0.01369,-0.03609,-0.04890,-0.05768,-0.01984,-0.05595,-0.06094,-0.05481,-0.02920,-0.06402,-0.05298,-0.03548,-0.04005,-0.05880,-0.04737,-0.03375,-0.01015,0.08605,0.03532,-0.03412,0.05746,0.01729,-0.05120,0.03698,0.01511,-0.07267,0.00968,0.01629,-0.08886,-0.01404,0.02378,-0.02685,-0.01005,0.00733,-0.02261,-0.03913,0.00190,-0.02162,-0.06154,-0.00534,-0.02351,-0.07979,-0.02710,-0.00257,-0.00547,0.00541,-0.01142,-0.01993,-0.02907,-0.02787,0.00230,-0.04164,-0.02946,0.01915,-0.02240,0.01795,0.00396,-0.00297,0.00402,-0.00146,-0.03603,-0.00971,0.02041,-0.03848,-0.00788,0.03696,-0.01872,0.02553,0.02475,-0.01106,0.02559,0.01404,-0.03186,0.00773,0.02374,-0.04135,0.00563,0.03688,-0.02766
1161.5391,1,1,14.65,0.17,28.15,0.14024,0.02416,0.59374,0.69061,0.59464,1.5951,0,0,0.18583,0.10421,0.03323,0.18620,0.10406,0.03359,0.59,0.00,0.59464,-0.62027,-0.16634,0.50128,1.23625,-0.00000,1.00000,-0.62023,-0.16736,0.50176,1.23632,-0.00000,1.00000,42,0.19419,0.08922,0.01494,0.19060,0.09130,1,0.96212,0.00000,0.00000,0.27262,Left,0,438.02,318.43,417.14,299.58,399.19,269.55,383.18,250.01,368.61,236.91,428.05,234.60,430.96,200.37,431.56,178.61,433.41,160.41,445.44,241.14,442.54,219.15,430.07,247.98,427.90,263.52,462.50,252.45,460.04,236.22,446.88,263.87,445.45,276.25,479.09,267.46,477.52,250.94,464.26,267.92,461.36,276.92,-0.00000,-0.01504,-0.02576,-0.03835,-0.05100,-0.01155,-0.03292,-0.04478,-0.05289,-0.01830,-0.05325,-0.05758,-0.05109,-0.02822,-0.06234,-0.05094,-0.03338,-0.03953,-0.05827,-0.04671,-0.03301,-0.01190,0.08643,0.03423,-0.03538,0.05744,0.01678,-0.05165,0.03697,0.01462,-0.07223,0.00953,0.01620,-0.08774,-0.01462,0.02298,-0.02646,-0.01000,0.00791,-0.02205,-0.03930,0.00249,-0.02130,-0.06150,-0.00529,-0.02333,-0.07892,-0.02710,-0.00248,-0.00552,0.00562,-0.01106,-0.02045,-0.02895,-0.02789,0.00156,-0.04146,-0.02987,0.01808,-0.02184,0.01734,0.00402,-0.00329,0.00364,-0.00161,-0.03599,-0.01017,0.02011,-0.03808,-0.00806,0.03675,-0.01797,0.02494,0.02501,-0.01142,0.02501,0.01437,-0.03275,0.00687,0.02414,-0.04187,0.00535,0.03778,-0.02739
1161.5720,1,1,14.89,0.66,29.61,0.13992,0.02456,0.59412,0.69573,0.59449,1.5798,0,0,0.18564,0.10454,0.03283,0.18563,0.10434,0.03291,0.12,0.00,0.59449,-0.62335,-0.16644,0.50661,1.23155,-0.00001,1.00000,-0.62393,-0.16701,0.50723,1.23062,-0.00000,1.00000,42,0.19419,0.08922,0.01494,0.19060,0.09130,1,0.96212,0.00000,0.00000,0.27262,Left,0,438.66,318.19,417.32,299.64,399.70,270.06,383.22,250.04,368.85,236.27,427.46,235.57,430.46,200.75,430.78,178.98,432.34,160.70,444.62,241.85,441.19,219.20,429.35,247.18,426.93,263.88,461.65,252.98,458.99,236.48,446.36,263.58,444.33,276.86,478.34,267.81,476.97,251.09,463.91,267.41,460.37,276.86,-0.00000,-0.01583,-0.02700,-0.03978,-0.05252,-0.01305,-0.03476,-0.04687,-0.05519,-0.01918,-0.05463,-0.05929,-0.05302,-0.02849,-0.06298,-0.05206,-0.03470,-0.03922,-0.05829,-0.04739,-0.03414,-0.01067,0.08573,0.03447,-0.03441,0.05675,0.01648,-0.05072,0.03629,0.01474,-0.07115,0.00872,0.01578,-0.08630,-0.01609,0.02234,-0.02642,-0.00972,0.00770,-0.02186,-0.03924,0.00243,-0.02160,-0.06176,-0.00538,-0.02345,-0.07963,-0.02693,-0.00265,-0.00558,0.00557,-0.01154,-0.02067,-0.02821,-0.02800,0.00062,-0.04118,-0.03001,0.01799,-0.02283,0.01740,0.00419,-0.00313,0.00368,-0.00199,-0.03577,-0.00972,0.01963,-0.03811,-0.00794,0.03661,-0.01937,0.02478,0.02485,-0.01119,0.02483,0.01368,-0.03197,0.00730,0.02311,-0.04122,0.00550,0.03654,-0.02761
1161.6034,1,1,14.78,0.23,27.50,0.13938,0.02509,0.59506,0.69922,0.59600,1.5653,0,0,0.18517,0.10508,0.03230,0.18546,0.10442,0.03276,0.98,0.00,0.59600,-0.62426,-0.16661,0.50792,1.23057,-0.00000,1.00000,-0.62393,-0.16701,0.50723,1.23062,-0.00000,1.00000,42,0.19419,0.08922,0.01494,0.19060,0.09130,1,0.96212,-0.00000,-0.00000,0.27262,Left,0,437.16,318.46,416.34,300.15,398.84,270.14,383.00,250.19,368.85,236.21,426.42,236.06,429.37,201.22,429.66,179.52,431.16,161.29,443.69,242.46,440.54,219.57,428.62,247.82,426.37,264.03,460.80,253.64,458.21,236.57,445.57,263.58,443.86,276.31,477.48,268.45,476.27,251.10,463.40,267.39,460.34,276.61,-0.00000,-0.01525,-0.02589,-0.03824,-0.05064,-0.01292,-0.03443,-0.04612,-0.05408,-0.01934,-0.05404,-0.05792,-0.05127,-0.02893,-0.06264,-0.05104,-0.03350,-0.03993,-0.05856,-0.04724,-0.03384,-0.01110,0.08634,0.03349,-0.03483,0.05702,0.01587,-0.05100,0.03660,0.01419,-0.07128,0.00858,0.01601,-0.08622,-0.01628,0.02277,-0.02663,-0.00973,0.00770,-0.02234,-0.03950,0.00293,-0.02149,-0.06215,-0.00486,-0.02375,-0.07984,-0.02641,-0.00264,-0.00541,0.00576,-0.01109,-0.02115,-0.02810,-0.02775,0.00080,-0.04090,-0.02959,0.01779,-0.02205,0.01757,0.00400,-0.00316,0.00398,-0.00237,-0.03548,-0.00953,0.01887,-0.03784,-0.00755,0.03614,-0.01904,0.02506,0.02482,-0.01138,0.02549,0.01323,-0.03204,0.00788,0.02283,-0.04135,0.00608,0.03624,-0.02775
1161.6363,1,1,14.49,0.54,29.43,0.13900,0.02531,0.59560,0.69863,0.59614,1.5214,0,0,0.18490,0.10545,0.03208,0.18493,0.10512,0.03216,0.15,0.00,0.59614,-0.62917,-0.16543,0.51131,1.22582,-0.00001,1.00000,-0.63024,-0.16576,0.51161,1.22498,-0.00000,1.00000,42,0.19419,0.08922,0.01494,0.19060,0.09130,1,0.96212,-0.00000,-0.00000,0.27262,Left,0,436.92,318.83,415.96,300.41,398.78,269.97,383.77,249.74,370.21,235.20,426.21,236.24,428.69,202.01,428.75,180.71,430.02,162.64,443.52,242.28,440.12,219.54,428.09,247.67,425.93,264.08,460.52,253.33,457.49,237.73,444.75,264.73,443.35,277.05,477.28,268.00,475.98,251.40,463.24,267.46,460.37,276.19,-0.00000,-0.01575,-0.02608,-0.03801,-0.04980,-0.01206,-0.03291,-0.04396,-0.05146,-0.01823,-0.05308,-0.05720,-0.05033,-0.02764,-0.06173,-0.05091,-0.03353,-0.03846,-0.05693,-0.04597,-0.03273,-0.01108,0.08666,0.03412,-0.03470,0.05764,0.01582,-0.05077,0.03675,0.01425,-0.07000,0.00843,0.01524,-0.08459,-0.01715,0.02147,-0.02640,-0.00980,0.00765,-0.02225,-0.03917,0.00249,-0.02224,-0.06145,-0.00529,-0.02478,-0.07874,-0.02665,-0.00257,-0.00552,0.00566,-0.01154,-0.02137,-0.02840,-0.02838,0.00058,-0.04112,-0.02994,0.01776,-0.02173,0.01740,0.00394,-0.00323,0.00341,-0.00134,-0.03597,-0.01010,0.02020,-0.03791,-0.00797,0.03703,-0.01802,0.02491,0.02477,-0.01122,0.02513,0.01385,-0.03218,0.00743,0.02310,-0.04108,0.00627,0.03619,-0.02737
1161.6677,1,1,14.78,0.51,27.45,0.13858,0.02595,0.59646,0.69878,0.59733,1.4345,0,0,0.18447,0.10587,0.03144,0.18413,0.10573,0.03128,0.11,0.00,0.59733,-0.63450,-0.16384,0.51641,1.22038,-0.00001,1.00000,-0.63377,-0.16477,0.51563,1.21997,-0.00000,1.00000,42,0.19419,0.08922,0.01494,0.19060,0.09130,1,0.96212,-0.00000,-0.00000,0.27262,Left,0,437.03,319.70,415.83,300.97,399.21,270.24,385.58,248.94,372.98,233.31,425.44,237.24,428.13,202.97,428.61,181.61,430.11,163.31,442.65,243.22,439.68,220.40,428.17,248.24,425.80,264.65,459.59,254.21,457.38,238.02,445.01,264.67,443.25,277.00,476.28,268.98,475.33,252.14,462.59,268.53,459.27,277.57,-0.00000,-0.01541,-0.02529,-0.03674,-0.04805,-0.01139,-0.03182,-0.04279,-0.05031,-0.01755,-0.05146,-0.05551,-0.04891,-0.02688,-0.06003,-0.04906,-0.03196,-0.03762,-0.05589,-0.04490,-0.03176,-0.01077,0.08692,0.03225,-0.03452,0.05770,0.01427,-0.05014,0.03576,0.01185,-0.06790,0.00718,0.01112,-0.08173,-0.01963,0.01569,-0.02646,-0.00968,0.00729,-0.02235,-0.03900,0.00286,-0.02200,-0.06145,-0.00427,-0.02407,-0.07974,-0.02491,-0.00271,-0.00567,0.00562,-0.01114,-0.02137,-0.02836,-0.02717,0.00052,-0.04214,-0.02857,0.01783,-0.02362,0.01768,0.00408,-0.00302,0.00469,-0.00221,-0.03562,-0.00892,0.01948,-0.03851,-0.00706,0.03635,-0.01967,0.02517,0.02470,-0.01072,0.02558,0.01373,-0.03194,0.00814,0.02338,-0.04147,0.00640,0.03654,-0.02767
1161.6996,1,1,14.78,0.16,28.06,0.13838,0.02656,0.59607,0.70468,0.59567,1.4012,0,0,0.18467,0.10607,0.03083,0.18434,0.10580,0.03141,0.78,0.00,0.59567,-0.63411,-0.16446,0.51620,1.21967,-0.00000,1.00000,-0.63377,-0.16477,0.51563,1.21997,-0.00000,1.00000,42,0.19419,0.08922,0.01494,0.19060,0.09130,1,0.96212,0.00000,0.00000,0.27262,Left,0,436.77,319.56,415.33,300.54,398.89,269.96,386.50,249.12,374.45,233.85,425.99,237.84,428.12,203.39,428.39,182.31,429.26,164.41,443.25,244.14,439.00,221.61,427.82,249.40,425.41,266.53,460.10,255.14,456.50,238.96,444.06,266.41,442.01,279.91,476.76,269.71,474.60,252.50,462.03,269.36,458.95,279.03,-0.00000,-0.01313,-0.02169,-0.03222,-0.04288,-0.01019,-0.03021,-0.04104,-0.04833,-0.01726,-0.05124,-0.05563,-0.04925,-0.02724,-0.06099,-0.05039,-0.03322,-0.03828,-0.05690,-0.04575,-0.03228,-0.01162,0.08623,0.03265,-0.03504,0.05691,0.01473,-0.05008,0.03492,0.01222,-0.06734,0.00686,0.01119,-0.07992,-0.01966,0.01387,-0.02620,-0.01007,0.00789,-0.02233,-0.03923,0.00256,-0.02243,-0.06151,-0.00496,-0.02522,-0.07912,-0.02638,-0.00261,-0.00574,0.00577,-0.01252,-0.02091,-0.02788,-0.02853,0.00049,-0.04058,-0.02945,0.01823,-0.02149,0.01719,0.00435,-0.00358,0.00271,-0.00168,-0.03575,-0.01058,0.02046,-0.03784,-0.00875,0.03861,-0.01809,0.02436,0.02487,-0.01142,0.02403,0.01386,-0.03265,0.00628,0.02381,-0.04139,0.00538,0.03724,-0.02732
1161.7319,1,1,14.87,0.55,29.00,0.13760,0.02747,0.59351,0.69914,0.59095,1.3243,0,0,0.18595,0.10685,0.02992,0.18502,0.10615,0.02908,0.40,0.00,0.59095,-0.63344,-0.14137,0.50872,1.21189,0.00000,0.99999,-0.63358,-0.14809,0.50774,1.21109,-0.00000,1.00000,42,0.19419,0.08922,0.01494,0.19060,0.09130,1,0.96212,0.00000,0.00000,0.27262,Left,0,436.53,320.36,415.35,301.39,399.35,271.64,387.35,250.29,375.92,233.50,425.74,239.63,428.10,207.28,427.32,187.38,427.55,170.15,442.95,245.69,439.10,222.29,427.38,249.90,424.88,266.52,459.79,256.50,456.44,240.40,444.12,267.76,442.39,280.81,476.63,270.87,474.42,253.88,462.49,270.29,460.11,279.39,-0.00000,-0.01522,-0.02565,-0.03777,-0.04979,-0.01177,-0.03259,-0.04358,-0.05087,-0.01833,-0.05229,-0.05624,-0.04946,-0.02807,-0.06196,-0.05092,-0.03337,-0.03911,-0.05742,-0.04603,-0.03247,-0.01146,0.08544,0.03046,-0.03500,0.05644,0.01300,-0.04954,0.03391,0.00931,-0.06650,0.00564,0.00700,-0.07851,-0.02157,0.00943,-0.02611,-0.00935,0.00718,-0.02266,-0.03792,0.00192,-0.02393,-0.05946,-0.00681,-0.02688,-0.07570,-0.02947,-0.00268,-0.00539,0.00580,-0.01213,-0.02197,-0.02771,-0.02875,-0.00149,-0.04067,-0.03011,0.01590,-0.02326,0.01788,0.00411,-0.00296,0.00370,-0.00248,-0.03563,-0.00994,0.01959,-0.03800,-0.00841,0.03727,-0.01876,0.02473,0.02423,-0.01126,0.02434,0.01290,-0.03209,0.00731,0.02336,-0.04113,0.00682,0.03559,-0.02718
1161.7798,1,1,14.74,0.55,43.97,0.13795,0.02869,0.59565,0.71234,0.59780,1.2704,0,0,0.18487,0.10650,0.02870,0.18485,0.10638,0.02886,0.15,0.01,0.59780,-0.63504,-0.14998,0.52041,1.20175,0.00000,1.00000,-0.63538,-0.15125,0.52213,1.20002,-0.00000,1.00000,42,0.19419,0.08922,0.01494,0.19060,0.09130,1,0.96212,0.00000,0.00000,0.27262,Left,0,436.68,320.64,415.48,302.24,399.51,272.38,388.35,250.69,376.86,234.32,425.59,241.13,427.14,209.38,425.82,189.92,425.53,173.17,442.88,247.02,439.98,222.55,427.73,249.95,424.46,267.03,459.63,257.79,456.64,240.52,443.86,267.50,441.47,281.03,476.34,272.12,473.70,254.49,461.94,271.03,459.55,280.66,-0.00000,-0.01513,-0.02508,-0.03640,-0.04761,-0.01142,-0.03100,-0.04086,-0.04739,-0.01771,-0.05061,-0.05403,-0.04677,-0.02710,-0.06081,-0.05038,-0.03307,-0.03760,-0.05648,-0.04575,-0.03254,-0.01143,0.08547,0.03223,-0.03528,0.05696,0.01430,-0.04969,0.03395,0.01039,-0.06554,0.00490,0.00751,-0.07867,-0.02245,0.00882,-0.02619,-0.00955,0.00721,-0.02365,-0.03788,0.00140,-0.02526,-0.05873,-0.00659,-0.02908,-0.07492,-0.02896,-0.00267,-0.00522,0.00555,-0.01109,-0.02369,-0.02706,-0.02826,-0.00267,-0.04014,-0.03009,0.01537,-0.02257,0.01786,0.00408,-0.00301,0.00453,-0.00335,-0.03519,-0.00980,0.01837,-0.03805,-0.00875,0.03624,-0.01962,0.02517,0.02437,-0.01083,0.02442,0.01261,-0.03151,0.00789,0.02190,-0.03995,0.00692,0.03519,-0.02659
1161.8115,1,1,14.66,0.50,28.22,0.13811,0.02968,0.59632,0.70202,0.59698,1.1912,0,0,0.18454,0.10634,0.02771,0.18391,0.10586,0.02729,0.13,0.00,0.59698,-0.63583,-0.15008,0.53254,1.19294,-0.00000,1.00000,-0.63586,-0.15148,0.53022,1.19210,-0.00000,1.00000,42,0.19419,0.08922,0.01494,0.19060,0.09130,1,0.96212,0.00000,0.00000,0.27262,Left,0,436.46,321.89,415.77,302.63,400.29,272.26,389.10,250.68,378.31,234.06,425.65,241.80,427.22,212.50,424.94,194.46,423.62,178.82,443.05,247.49,439.90,223.39,427.44,251.18,424.62,267.20,460.00,258.31,456.54,241.75,443.94,268.43,442.45,280.94,476.72,272.85,473.76,255.87,461.67,271.98,459.49,281.01,-0.00000,-0.01443,-0.02399,-0.03502,-0.04577,-0.00946,-0.02906,-0.03892,-0.04538,-0.01611,-0.04775,-0.05048,-0.04301,-0.02602,-0.05852,-0.04742,-0.03005,-0.03712,-0.05484,-0.04358,-0.03031,-0.01181,0.08539,0.03188,-0.03510,0.05681,0.01389,-0.04922,0.03292,0.01033,-0.06451,0.00348,0.00678,-0.07742,-0.02428,0.00824,-0.02610,-0.00930,0.00751,-0.02363,-0.03617,-0.00011,-0.02591,-0.05629,-0.00879,-0.03142,-0.07068,-0.03187,-0.00256,-0.00502,0.00561,-0.01130,-0.02448,-0.02702,-0.02882,-0.00301,-0.03932,-0.02989,0.01375,-0.01991,0.01759,0.00380,-0.00333,0.00446,-0.00327,-0.03495,-0.00932,0.01815,-0.03726,-0.00763,0.03472,-0.01791,0.02555,0.02419,-0.01131,0.02395,0.01266,-0.03182,0.00751,0.02148,-0.04002,0.00700,0.03477,-0.02604
1161.8439,1,1,14.79,0.52,29.23,0.13907,0.03028,0.60037,0.72092,0.60442,1.0111,0,0,0.18251,0.10538,0.02711,0.18201,0.10500,0.02689,0.13,0.01,0.60442,-0.63830,-0.17142,0.55904,1.18360,-0.00000,1.00000,-0.63810,-0.16613,0.55224,1.18484,-0.00000,1.00000,42,0.19419,0.08922,0.01494,0.19060,0.09130,1,0.96212,0.00000,0.00000,0.27262,Left,0,437.37,321.29,416.86,302.32,401.79,273.59,391.87,251.97,382.40,234.43,425.45,242.17,427.63,214.99,423.63,199.55,419.61,186.22,442.96,247.50,440.32,224.10,427.85,250.79,423.89,266.09,459.85,258.03,456.94,241.42,444.69,267.43,442.43,280.25,476.44,272.61,473.70,257.00,461.50,272.35,458.40,281.44,-0.00000,-0.01510,-0.02503,-0.03622,-0.04663,-0.00787,-0.02754,-0.03774,-0.04402,-0.01374,-0.04419,-0.04723,-0.04014,-0.02309,-0.05428,-0.04385,-0.02714,-0.03377,-0.05147,-0.04146,-0.02897,-0.01155,0.08604,0.03503,-0.03452,0.05712,0.01650,-0.04823,0.03365,0.00986,-0.06185,0.00443,0.00013,-0.07365,-0.02393,-0.00326,-0.02589,-0.00931,0.00747,-0.02353,-0.03603,-0.00235,-0.02816,-0.05379,-0.01256,-0.03618,-0.06481,-0.03807,-0.00272,-0.00511,0.00541,-0.01006,-0.02555,-0.02699,-0.02855,-0.00550,-0.04021,-0.03111,0.01169,-0.02140,0.01763,0.00404,-0.00319,0.00613,-0.00512,-0.03363,-0.00794,0.01645,-0.03723,-0.00823,0.03299,-0.01998,0.02630,0.02434,-0.01089,0.02436,0.01270,-0.03111,0.00922,0.02177,-0.03922,0.00665,0.03536,-0.02636
1161.8753,1,1,14.85,0.15,27.79,0.13837,0.03033,0.59866,0.71227,0.59695,0.8580,0,0,0.18251,0.10538,0.02711,0.18294,0.10568,0.02721,0.13,0.01,0.59695,-0.63823,-0.16561,0.55050,1.18414,-0.00000,1.00000,-0.63810,-0.16613,0.55224,1.18484,-0.00000,1.00000,42,0.19419,0.08922,0.01494,0.19060,0.09130,1,0.96212,0.00000,0.00000,0.27262,Left,1,436.03,320.88,415.32,302.41,401.13,273.47,394.15,251.03,386.21,232.40,424.77,242.60,427.24,218.37,421.58,205.49,414.55,196.13,442.53,247.56,439.82,224.70,427.23,251.27,423.15,266.50,459.50,257.84,455.99,240.39,444.03,265.64,442.15,277.90,476.29,272.19,472.41,256.62,460.93,271.41,458.79,280.08,-0.00000,-0.01375,-0.02319,-0.03413,-0.04415,-0.00480,-0.02561,-0.03688,-0.04297,-0.01123,-0.04074,-0.04338,-0.03591,-0.02147,-0.05132,-0.04053,-0.02382,-0.03302,-0.04972,-0.03931,-0.02660,-0.01325,0.08652,0.02984,-0.03667,0.05818,0.01366,-0.04732,0.03207,0.00562,-0.05937,0.00149,-0.00358,-0.07054,-0.02688,-0.00658,-0.02569,-0.00948,0.00725,-0.02490,-0.03385,-0.00433,-0.02978,-0.04834,-0.01581,-0.04268,-0.05634,-0.04359,-0.00233,-0.00422,0.00546,-0.00945,-0.02653,-0.02604,-0.02844,-0.00582,-0.03771,-0.03210,0.01125,-0.01967,0.01796,0.00312,-0.00286,0.00745,-0.00736,-0.03298,-0.00778,0.01306,-0.03727,-0.00816,0.02922,-0.02030,0.02596,0.02320,-0.01168,0.02451,0.01049,-0.03143,0.01036,0.02022,-0.04027,0.00775,0.03352,-0.02787
1161.9081,1,1,15.04,0.16,29.60,0.13766,0.03055,0.60080,0.71375,0.60295,0.8797,0,0,0.18251,0.10538,0.02711,0.18249,0.10530,0.02685,0.13,0.01,0.60295,-0.63806,-0.16520,0.55258,1.18491,0.00000,1.00000,-0.63810,-0.16613,0.55224,1.18484,-0.00000,1.00000,42,0.19419,0.08922,0.01494,0.19060,0.09130,1,0.96212,0.00000,-0.00000,0.27262,Left,1,434.34,320.15,413.99,302.54,399.44,273.97,391.69,252.22,385.04,233.15,423.13,243.21,426.53,219.76,420.97,207.07,414.12,199.06,440.49,247.91,438.05,224.26,424.69,249.87,420.62,265.16,457.32,257.93,454.45,239.65,441.41,265.70,439.13,279.03,474.16,272.25,471.47,256.16,459.39,271.30,456.21,280.71,-0.00000,-0.01384,-0.02315,-0.03403,-0.04408,-0.00409,-0.02569,-0.03707,-0.04246,-0.00982,-0.03888,-0.04085,-0.03251,-0.01956,-0.05006,-0.03936,-0.02187,-0.03048,-0.04826,-0.03818,-0.02496,-0.01270,0.08562,0.02815,-0.03611,0.05846,0.01283,-0.04663,0.03146,0.00654,-0.06003,0.00171,-0.00120,-0.06827,-0.02696,-0.00442,-0.02571,-0.00909,0.00810,-0.02351,-0.03246,-0.00382,-0.02850,-0.04829,-0.01635,-0.04110,-0.05437,-0.04525,-0.00227,-0.00436,0.00553,-0.01010,-0.02757,-0.02437,-0.02879,-0.00851,-0.03670,-0.03313,0.00794,-0.02014,0.01795,0.00336,-0.00319,0.00744,-0.00877,-0.03336,-0.00716,0.01254,-0.03641,-0.01001,0.02915,-0.01902,0.02559,0.02289,-0.01253,0.02556,0.00962,-0.03267,0.01168,0.02011,-0.04232,0.00687,0.03344,-0.02869
1161.9389,1,1,14.35,0.15,26.80,0.13571,0.02992,0.60116,0.71343,0.60153,0.8696,0,0,0.18251,0.10538,0.02711,0.18254,0.10534,0.02694,0.13,0.01,0.60153,-0.63806,-0.16581,0.55260,1.18482,0.00000,1.00000,-0.63810,-0.16613,0.55224,1.18484,-0.00000,1.00000,42,0.19419,0.08922,0.01494,0.19060,0.09130,1,0.96212,0.00000,-0.00000,0.27262,Left,1,431.32,318.48,411.02,301.89,396.85,273.40,389.24,251.75,382.67,232.82,420.68,242.08,423.87,218.89,418.08,206.46,410.99,199.18,438.01,246.56,435.09,224.46,421.58,249.37,417.57,264.26,454.78,256.65,451.82,239.09,438.56,264.24,436.18,277.61,471.44,271.12,468.40,255.17,455.89,270.21,452.35,280.16,-0.00000,-0.01284,-0.02169,-0.03220,-0.04204,-0.00348,-0.02464,-0.03604,-0.04142,-0.00931,-0.03694,-0.03918,-0.03171,-0.01902,-0.04830,-0.03814,-0.02163,-0.02980,-0.04693,-0.03699,-0.02413,-0.01306,0.08471,0.02952,-0.03645,0.05786,0.01496,-0.04696,0.03137,0.00780,-0.05970,0.00169,-0.00095,-0.06724,-0.02630,-0.00613,-0.02558,-0.00882,0.00850,-0.02380,-0.03230,-0.00409,-0.02840,-0.04767,-0.01792,-0.04155,-0.05329,-0.04685,-0.00221,-0.00445,0.00554,-0.01065,-0.02680,-0.02449,-0.02886,-0.00777,-0.03597,-0.03336,0.00766,-0.02022,0.01741,0.00352,-0.00363,0.00730,-0.00806,-0.03395,-0.00783,0.01216,-0.03591,-0.01009,0.02845,-0.01886,0.02500,0.02318,-0.01262,0.02548,0.00974,-0.03311,0.01054,0.02040,-0.04282,0.00513,0.03347,-0.02893
1161.9715,1,1,14.82,0.16,29.13,0.13235,0.02904,0.59741,0.70825,0.59365,0.8890,0,0,0.18251,0.10538,0.02711,0.18253,0.10534,0.02693,0.13,0.01,0.59365,-0.63808,-0.16578,0.55262,1.18487,-0.00000,1.00000,-0.63810,-0.16613,0.55224,1.18484,-0.00000,1.00000,42,0.19419,0.08922,0.01494,0.19060,0.09130,1,0.96212,0.00000,-0.00000,0.27262,Left,1,428.19,317.71,408.12,301.49,393.89,272.93,385.80,251.29,379.20,232.23,418.02,241.52,421.07,217.96,414.70,205.96,406.47,199.62,435.18,245.80,431.20,223.64,418.24,248.77,414.52,264.37,451.99,255.95,448.34,237.89,435.32,263.08,433.01,276.79,468.78,270.52,465.59,254.46,453.39,269.05,450.11,278.80,-0.00000,-0.01363,-0.02263,-0.03307,-0.04265,-0.00384,-0.02653,-0.03944,-0.04553,-0.00925,-0.03762,-0.04064,-0.03374,-0.01873,-0.04859,-0.03883,-0.02252,-0.02937,-0.04698,-0.03741,-0.02475,-0.01281,0.08407,0.03015,-0.03632,0.05765,0.01553,-0.04742,0.03134,0.00856,-0.05987,0.00218,0.00007,-0.06792,-0.02588,-0.00433,-0.02548,-0.00834,0.00830,-0.02387,-0.03206,-0.00429,-0.02857,-0.04715,-0.01779,-0.04304,-0.05239,-0.04649,-0.00231,-0.00433,0.00571,-0.01182,-0.02694,-0.02445,-0.02973,-0.00797,-0.03473,-0.03351,0.00827,-0.01886,0.01741,0.00325,-0.00376,0.00700,-0.00847,-0.03336,-0.00861,0.01112,-0.03538,-0.01062,0.02774,-0.01813,0.02484,0.02273,-0.01228,0.02525,0.00923,-0.03299,0.01046,0.01914,-0.04237,0.00540,0.03191,-0.02887
1162.0038,1,1,14.98,0.16,28.99,0.12974,0.02891,0.59961,0.71622,0.60182,0.8313,0,0,0.18251,0.10538,0.02711,0.18253,0.10535,0.02694,0.13,0.01,0.60182,-0.63810,-0.16581,0.55259,1.18485,-0.00000,1.00000,-0.63810,-0.16613,0.55224,1.18484,-0.00000,1.00000,42,0.19419,0.08922,0.01494,0.19060,0.09130,1,0.96212,0.00000,-0.00000,0.27262,Left,1,425.48,317.20,405.15,300.74,390.26,272.71,381.93,252.17,375.99,233.50,414.68,242.14,416.72,218.29,409.72,206.86,401.14,201.49,431.67,246.51,428.10,222.90,415.38,246.94,411.32,263.60,448.34,256.32,444.87,237.22,432.30,261.73,429.99,276.20,465.29,270.32,461.50,253.86,449.85,268.21,446.98,278.45,-0.00000,-0.01404,-0.02337,-0.03393,-0.04355,-0.00494,-0.02836,-0.04204,-0.04845,-0.01040,-0.04013,-0.04459,-0.03836,-0.01990,-0.05040,-0.04186,-0.02616,-0.03055,-0.04877,-0.04006,-0.02788,-0.01272,0.08371,0.02965,-0.03657,0.05640,0.01528,-0.04820,0.03125,0.00789,-0.06160,0.00262,-0.00175,-0.06916,-0.02405,-0.00669,-0.02578,-0.00770,0.00840,-0.02498,-0.03195,-0.00385,-0.03127,-0.04706,-0.01718,-0.04541,-0.05053,-0.04502,-0.00250,-0.00422,0.00574,-0.01121,-0.02729,-0.02433,-0.02900,-0.00933,-0.03500,-0.03424,0.00814,-0.02112,0.01779,0.00317,-0.00387,0.00710,-0.00889,-0.03266,-0.00817,0.00984,-0.03494,-0.01082,0.02780,-0.01921,0.02534,0.02214,-0.01289,0.02540,0.00809,-0.03282,0.01065,0.01841,-0.04192,0.00604,0.03170,-0.02904
1162.0352,1,1,14.24,0.15,27.87,0.12593,0.02884,0.59869,0.72067,0.59778,0.7318,0,0,0.18251,0.10538,0.02711,0.18253,0.10535,0.02694,0.13,0.01,0.59778,-0.63810,-0.16579,0.55258,1.18484,-0.00000,1.00000,-0.63810,-0.16613,0.55224,1.18484,-0.00000,1.00000,42,0.19419,0.08922,0.01494,0.19060,0.09130,1,0.96212,0.00000,-0.00000,0.27262,Left,0,422.61,317.42,402.64,301.76,386.95,274.80,378.50,253.49,373.74,233.56,410.19,242.04,412.72,217.55,404.50,208.27,394.67,207.67,427.29,246.82,424.74,222.11,411.66,245.63,407.24,262.54,444.29,256.63,441.49,236.94,428.59,261.29,425.70,276.03,461.76,270.49,457.91,253.88,446.16,268.74,443.02,279.40,-0.00000,-0.01585,-0.02738,-0.03981,-0.05086,-0.00775,-0.03472,-0.05031,-0.05656,-0.01241,-0.04309,-0.04734,-0.04048,-0.02155,-0.05254,-0.04369,-0.02750,-0.03203,-0.05084,-0.04209,-0.02946,-0.01103,0.08446,0.02901,-0.03557,0.05648,0.01508,-0.04683,0.03231,0.00727,-0.06089,0.00329,-0.00418,-0.06624,-0.02317,-0.00962,-0.02593,-0.00740,0.00874,-0.02513,-0.03278,-0.00347,-0.03268,-0.04564,-0.01787,-0.04816,-0.04420,-0.04693,-0.00247,-0.00410,0.00557,-0.01040,-0.02787,-0.02353,-0.02809,-0.01051,-0.03450,-0.03447,0.00686,-0.02214,0.01787,0.00315,-0.00385,0.00769,-0.00918,-0.03229,-0.00802,0.00904,-0.03592,-0.01131,0.02658,-0.02069,0.02566,0.02217,-0.01359,0.02591,0.00797,-0.03292,0.01115,0.01947,-0.04255,0.00701,0.03216,-0.02961
1162.0685,1,1,14.57,0.97,29.70,0.12071,0.02830,0.59143,0.72886,0.58417,0.6757,0,0,0.18615,0.11060,0.02765,0.18370,0.10912,0.02534,0.49,0.02,0.58417,-0.65098,-0.11374,0.50687,1.19437,-0.00001,1.00000,-0.64888,-0.12319,0.49873,1.19490,-0.00000,1.00000,42,0.19419,0.08922,0.01494,0.19060,0.09130,1,0.96212,0.00000,-0.00000,0.27262,Left,0,419.20,317.42,399.65,301.44,383.75,276.36,375.77,255.19,371.70,234.81,405.75,241.65,407.30,217.74,398.71,210.28,389.57,211.92,423.54,246.33,420.68,221.68,408.52,245.49,405.32,261.76,440.90,256.12,437.93,236.95,425.30,260.87,422.67,275.18,458.46,270.17,454.08,253.88,441.74,268.83,437.82,279.64,-0.00000,-0.01862,-0.03241,-0.04662,-0.05903,-0.00986,-0.03770,-0.05364,-0.05973,-0.01341,-0.04317,-0.04698,-0.04002,-0.02174,-0.05181,-0.04259,-0.02651,-0.03172,-0.04961,-0.04032,-0.02747,-0.00865,0.08467,0.03326,-0.03392,0.05647,0.01729,-0.04517,0.03339,0.00751,-0.06039,0.00529,-0.00848,-0.06577,-0.02078,-0.01656,-0.02569,-0.00695,0.00743,-0.02689,-0.03237,-0.00575,-0.03470,-0.04281,-0.02166,-0.04971,-0.03833,-0.05199,-0.00277,-0.00458,0.00548,-0.00922,-0.02804,-0.02369,-0.02761,-0.00980,-0.03587,-0.03248,0.00655,-0.02266,0.01846,0.00272,-0.00315,0.00772,-0.00869,-0.03167,-0.00721,0.00910,-0.03657,-0.01049,0.02563,-0.02138,0.02678,0.02211,-0.01235,0.02598,0.00875,-0.03194,0.01069,0.02055,-0.04213,0.00627,0.03313,-0.03060
1162.0991,1,1,14.66,0.14,27.25,0.11694,0.02855,0.59203,0.73166,0.59263,0.6745,0,1,0.18615,0.11060,0.02765,0.18636,0.11083,0.02709,0.49,0.02,0.59263,-0.64959,-0.10888,0.48868,1.19523,0.00001,0.95826,-0.64888,-0.12319,0.49873,1.19490,-0.00000,-0.17000,42,0.19419,0.08922,0.01494,0.19060,0.09130,1,0.96212,-0.00000,0.00000,0.27262,Left,1,415.76,317.57,395.00,301.44,378.76,276.10,370.34,255.60,366.11,236.16,401.65,242.92,402.20,219.06,392.55,214.65,383.18,218.36,419.68,247.16,416.98,222.73,404.38,247.00,401.10,264.16,437.24,256.61,433.43,238.78,420.92,263.44,418.80,278.26,454.85,270.37,449.74,254.34,437.63,270.03,434.29,281.07,-0.00000,-0.01680,-0.02931,-0.04240,-0.05360,-0.00899,-0.03678,-0.05227,-0.05795,-0.01331,-0.04377,-0.04822,-0.04156,-0.02214,-0.05282,-0.04428,-0.02838,-0.03236,-0.05045,-0.04127,-0.02839,-0.00896,0.08311,0.03552,-0.03393,0.05486,0.01745,-0.04619,0.03293,0.00998,-0.06268,0.00543,-0.00579,-0.06711,-0.01992,-0.01361,-0.02665,-0.00652,0.00768,-0.02734,-0.03059,-0.00715,-0.03704,-0.03988,-0.02273,-0.05186,-0.03123,-0.05238,-0.00317,-0.00478,0.00540,-0.00930,-0.02692,-0.02405,-0.02748,-0.00879,-0.03750,-0.03227,0.00806,-0.02378,0.01854,0.00278,-0.00349,0.00689,-0.00757,-0.03213,-0.00707,0.01094,-0.03684,-0.01009,0.02863,-0.02109,0.02716,0.02174,-0.01243,0.02585,0.00909,-0.03163,0.01037,0.02043,-0.04021,0.00714,0.03332,-0.02772
1162.1318,1,1,14.98,0.16,29.17,0.11204,0.02898,0.58656,0.72014,0.58109,0.6670,0,1,0.18615,0.11060,0.02765,0.18583,0.11021,0.02781,0.49,0.02,0.58109,-0.64867,-0.12269,0.49874,1.19505,0.00000,0.85192,-0.64888,-0.12319,0.49873,1.19490,-0.00000,-0.17000,42,0.19419,0.08922,0.01494,0.19060,0.09130,1,0.96212,-0.00000,0.00000,0.27262,Left,1,412.31,318.99,391.01,302.60,374.30,276.84,365.64,256.51,361.38,237.39,397.92,243.23,396.93,219.46,386.58,216.81,377.03,222.51,415.99,247.92,413.07,224.25,400.15,248.65,396.92,264.39,433.66,257.85,429.90,239.19,416.91,263.73,414.58,277.73,451.15,272.24,445.83,256.23,433.15,271.78,429.43,282.23,-0.00000,-0.01538,-0.02707,-0.03964,-0.05031,-0.00742,-0.03374,-0.04784,-0.05282,-0.01209,-0.03998,-0.04326,-0.03672,-0.02115,-0.04983,-0.04057,-0.02515,-0.03151,-0.04892,-0.03959,-0.02704,-0.00835,0.08240,0.03549,-0.03343,0.05447,0.01818,-0.04609,0.03183,0.00996,-0.06218,0.00565,-0.00467,-0.06681,-0.02036,-0.01218,-0.02585,-0.00687,0.00824,-0.02811,-0.03084,-0.00690,-0.03847,-0.03861,-0.02259,-0.05329,-0.02825,-0.05157,-0.00310,-0.00498,0.00572,-0.00926,-0.02642,-0.02475,-0.02741,-0.00815,-0.03799,-0.03152,0.00794,-0.02363,0.01866,0.00319,-0.00367,0.00688,-0.00841,-0.03227,-0.00711,0.00967,-0.03749,-0.01075,0.02635,-0.02212,0.02667,0.02223,-0.01259,0.02491,0.00977,-0.03249,0.00934,0.02096,-0.04164,0.00523,0.03354,-0.02831
1162.1784,1,1,14.18,0.15,43.38,0.10779,0.02989,0.58227,0.71985,0.57797,0.6668,0,1,0.18615,0.11060,0.02765,0.18583,0.11025,0.02781,0.49,0.02,0.57797,-0.64885,-0.12251,0.49861,1.19497,-0.00000,0.67110,-0.64888,-0.12319,0.49873,1.19490,-0.00000,-0.17000,42,0.19419,0.08922,0.01494,0.19060,0.09130,1,0.96212,0.00000,0.00000,0.27262,Left,1,409.59,321.44,388.12,305.30,370.85,279.77,361.78,259.73,356.56,240.94,394.55,245.02,392.62,221.19,382.33,219.05,373.19,225.72,412.85,249.33,408.83,225.70,395.85,252.16,392.98,268.89,430.84,258.92,425.95,241.12,413.10,266.92,411.24,281.28,448.58,272.99,442.13,257.37,430.01,273.59,427.15,283.97,-0.00000,-0.01645,-0.02926,-0.04291,-0.05458,-0.00889,-0.03618,-0.05024,-0.05489,-0.01360,-0.04320,-0.04636,-0.03901,-0.02282,-0.05303,-0.04342,-0.02718,-0.03343,-0.05157,-0.04195,-0.02890,-0.00721,0.08410,0.03494,-0.03225,0.05601,0.01750,-0.04571,0.03386,0.00924,-0.06317,0.00710,-0.00578,-0.06963,-0.01920,-0.01286,-0.02595,-0.00675,0.00794,-0.02927,-0.03087,-0.00777,-0.03965,-0.03753,-0.02261,-0.05417,-0.02656,-0.05155,-0.00306,-0.00474,0.00532,-0.01018,-0.02656,-0.02533,-0.02856,-0.00637,-0.03790,-0.03201,0.01092,-0.02144,0.01854,0.00254,-0.00358,0.00610,-0.00805,-0.03246,-0.00804,0.01102,-0.03783,-0.01046,0.02796,-0.02141,0.02721,0.02137,-0.01227,0.02457,0.00965,-0.03260,0.00929,0.02073,-0.04121,0.00650,0.03381,-0.02764
1162.2117,1,1,15.43,0.15,30.07,0.10438,0.03171,0.58227,0.74176,0.58227,0.5822,0,1,0.18615,0.11060,0.02765,0.18579,0.11022,0.02780,0.49,0.02,0.58227,-0.64885,-0.12292,0.49910,1.19487,-0.00000,0.51473,-0.64888,-0.12319,0.49873,1.19490,-0.00000,-0.17000,42,0.19419,0.08922,0.01494,0.19060,0.09130,1,0.96212,0.00000,0.00000,0.27262,Left,1,407.22,322.90,384.97,307.05,367.50,281.96,358.97,262.33,353.15,244.01,391.29,247.72,387.99,221.60,376.13,223.03,366.64,232.41,409.55,252.01,405.33,228.18,392.99,255.27,390.78,272.37,427.33,261.63,421.83,244.17,410.16,270.36,409.16,284.49,445.15,275.37,438.47,260.50,426.90,276.77,424.44,286.42,-0.00000,-0.01465,-0.02716,-0.04082,-0.05257,-0.01051,-0.03813,-0.05263,-0.05766,-0.01609,-0.04545,-0.04900,-0.04254,-0.02579,-0.05479,-0.04519,-0.02977,-0.03672,-0.05358,-0.04362,-0.03090,-0.00630,0.08281,0.04153,-0.03128,0.05512,0.02231,-0.04521,0.03349,0.01287,-0.06216,0.00781,-0.00373,-0.06909,-0.01788,-0.01386,-0.02623,-0.00694,0.00749,-0.03054,-0.03048,-0.00872,-0.04174,-0.03461,-0.02316,-0.05732,-0.02072,-0.04885,-0.00319,-0.00466,0.00476,-0.01014,-0.02571,-0.02622,-0.02806,-0.00393,-0.03876,-0.03104,0.01302,-0.02105,0.01856,0.00260,-0.00369,0.00583,-0.00619,-0.03238,-0.00788,0.01283,-0.03814,-0.00874,0.02969,-0.02029,0.02762,0.02148,-0.01091,0.02462,0.01078,-0.03081,0.00925,0.02122,-0.03940,0.00697,0.03396,-0.02635
1162.2430,1,1,14.77,0.14,27.94,0.10096,0.03344,0.57920,0.72065,0.57613,0.5903,0,1,0.18615,0.11060,0.02765,0.18579,0.11023,0.02779,0.49,0.02,0.57613,-0.64887,-0.12279,0.49902,1.19489,-0.00000,0.37562,-0.64888,-0.12319,0.49873,1.19490,-0.00000,-0.17000,42,0.19419,0.08922,0.01494,0.19060,0.09130,1,0.96212,0.00000,0.00000,0.27262,Left,1,404.98,326.00,382.64,309.60,365.63,284.65,357.12,265.76,350.50,247.67,388.63,250.03,384.21,224.45,372.60,226.24,364.46,236.08,407.18,253.65,402.36,229.71,388.76,257.36,386.09,274.77,425.27,262.89,418.94,247.09,406.65,274.37,405.62,288.60,443.14,276.56,436.15,262.52,424.71,279.85,422.84,289.56,-0.00000,-0.01377,-0.02590,-0.03962,-0.05161,-0.00854,-0.03667,-0.05150,-0.05663,-0.01517,-0.04550,-0.04966,-0.04310,-0.02598,-0.05632,-0.04692,-0.03107,-0.03792,-0.05525,-0.04476,-0.03143,-0.00567,0.08303,0.03962,-0.03052,0.05605,0.02250,-0.04510,0.03442,0.01321,-0.06083,0.00911,-0.00244,-0.06933,-0.01646,-0.01305,-0.02564,-0.00621,0.00823,-0.03142,-0.02983,-0.00858,-0.04202,-0.03239,-0.02290,-0.05636,-0.01903,-0.04782,-0.00299,-0.00435,0.00476,-0.01100,-0.02655,-0.02568,-0.03016,-0.00413,-0.03848,-0.03320,0.01345,-0.02364,0.01829,0.00195,-0.00427,0.00502,-0.00512,-0.03254,-0.00980,0.01455,-0.03789,-0.00943,0.03077,-0.02080,0.02787,0.02044,-0.01169,0.02450,0.01071,-0.03150,0.00878,0.02155,-0.03893,0.00762,0.03427,-0.02618
1162.2758,1,1,15.03,0.15,31.07,0.09812,0.03527,0.57659,0.72128,0.57397,0.5988,0,1,0.18615,0.11060,0.02765,0.18578,0.11022,0.02779,0.49,0.02,0.57397,-0.64888,-0.12280,0.49906,1.19490,0.00000,0.21032,-0.64888,-0.12319,0.49873,1.19490,-0.00000,-0.17000,42,0.19419,0.08922,0.01494,0.19060,0.09130,1,0.96212,0.00000,0.00000,0.27262,Left,1,403.44,328.35,381.50,312.18,364.27,288.28,355.27,269.28,348.64,250.87,386.17,251.83,381.50,227.49,370.69,228.99,363.10,238.84,405.23,255.29,400.45,231.91,387.35,260.24,384.72,277.34,423.67,264.78,417.90,248.28,405.42,275.51,403.90,289.58,441.50,278.88,434.43,265.03,422.52,282.46,419.91,292.26,-0.00000,-0.01577,-0.02939,-0.04417,-0.05710,-0.01034,-0.03883,-0.05372,-0.05894,-0.01615,-0.04664,-0.05022,-0.04331,-0.02638,-0.05734,-0.04761,-0.03156,-0.03791,-0.05641,-0.04648,-0.03341,-0.00477,0.08379,0.04002,-0.03044,0.05676,0.02289,-0.04437,0.03567,0.01192,-0.06079,0.01046,-0.00477,-0.06937,-0.01469,-0.01556,-0.02601,-0.00582,0.00816,-0.03203,-0.02938,-0.00843,-0.04285,-0.03258,-0.02414,-0.05597,-0.01848,-0.05112,-0.00311,-0.00452,0.00475,-0.01093,-0.02646,-0.02602,-0.02935,-0.00400,-0.03874,-0.03240,0.01363,-0.02360,0.01883,0.00209,-0.00390,0.00594,-0.00652,-0.03257,-0.00887,0.01364,-0.03741,-0.00931,0.02944,-0.02246,0.02829,0.02098,-0.01187,0.02469,0.01058,-0.03141,0.00904,0.02241,-0.03924,0.00637,0.03552,-0.02564
