t_s,engaged,hand_found,detect_ms,ik_ms,loop_ms,hand_x,hand_y,hand_z,depth_len_m,depth_width_m,pinch,gated,gripper_closed,target_x,target_y,target_z,tip_x,tip_y,tip_z,ik_pos_err_mm,ik_dir_err_deg,depth_used_m,q0,q1,q2,q3,q4,q5,ctrl0,ctrl1,ctrl2,ctrl3,ctrl4,ctrl5,layout,cube_x,cube_y,cube_z,goal_x,goal_y,placed_success,cube_qw,cube_qx,cube_qy,cube_qz,handedness,grasp_locked,px0_u,px0_v,px1_u,px1_v,px2_u,px2_v,px3_u,px3_v,px4_u,px4_v,px5_u,px5_v,px6_u,px6_v,px7_u,px7_v,px8_u,px8_v,px9_u,px9_v,px10_u,px10_v,px11_u,px11_v,px12_u,px12_v,px13_u,px13_v,px14_u,px14_v,px15_u,px15_v,px16_u,px16_v,px17_u,px17_v,px18_u,px18_v,px19_u,px19_v,px20_u,px20_v,relz0,relz1,relz2,relz3,relz4,relz5,relz6,relz7,relz8,relz9,relz10,relz11,relz12,relz13,relz14,relz15,relz16,relz17,relz18,relz19,relz20,w0_x,w0_y,w0_z,w1_x,w1_y,w1_z,w2_x,w2_y,w2_z,w3_x,w3_y,w3_z,w4_x,w4_y,w4_z,w5_x,w5_y,w5_z,w6_x,w6_y,w6_z,w7_x,w7_y,w7_z,w8_x,w8_y,w8_z,w9_x,w9_y,w9_z,w10_x,w10_y,w10_z,w11_x,w11_y,w11_z,w12_x,w12_y,w12_z,w13_x,w13_y,w13_z,w14_x,w14_y,w14_z,w15_x,w15_y,w15_z,w16_x,w16_y,w16_z,w17_x,w17_y,w17_z,w18_x,w18_y,w18_z,w19_x,w19_y,w19_z,w20_x,w20_y,w20_z,marker_found,marker_x,marker_y,marker_z,marker_tilt_deg,base_x,base_y,base_z,base_qw,base_qx,base_qy,base_qz
3479.4447,0,1,16.01,0.00,22.97,0.13578,-0.09651,0.60643,0.66618,0.59986,0.6538,0,0,0.21961,-0.00098,0.06018,0.21954,-0.00098,0.06008,,,0.59986,0.00000,-0.20968,0.34632,1.43401,-0.00000,1.00000,0.00000,-0.21000,0.34600,1.43400,0.00000,1.00000,16,0.18300,-0.04970,0.01491,0.18360,0.09820,0,0.99122,0.00000,-0.00000,-0.13221,Left,0,436.22,208.78,417.15,188.47,408.43,155.28,408.84,127.26,410.28,103.37,428.54,125.38,431.96,96.77,432.03,77.85,433.51,62.24,446.32,130.86,447.72,104.56,436.21,132.54,434.10,147.90,463.57,141.04,463.99,121.07,451.02,148.36,448.19,161.93,480.00,155.50,481.87,135.73,469.07,152.09,463.65,163.28,-0.00000,-0.01696,-0.02490,-0.03433,-0.04270,-0.00079,-0.01846,-0.02644,-0.03105,-0.00476,-0.03383,-0.03530,-0.02588,-0.01277,-0.04439,-0.03262,-0.01380,-0.02240,-0.04113,-0.03034,-0.01627,-0.01650,0.08918,0.00124,-0.03876,0.05927,-0.00880,-0.04429,0.02968,-0.01474,-0.04559,-0.00474,-0.01721,-0.04276,-0.03648,-0.01799,-0.02656,-0.00911,0.00521,-0.02233,-0.03641,0.00012,-0.02116,-0.05512,-0.00937,-0.02367,-0.07110,-0.03274,-0.00297,-0.00410,0.00703,-0.00430,-0.02685,-0.02606,-0.02065,-0.00466,-0.04103,-0.02219,0.01113,-0.02237,0.01802,0.00383,-0.00169,0.01167,-0.00649,-0.03477,-0.00366,0.01515,-0.04057,-0.00394,0.03262,-0.02105,0.02656,0.02244,-0.01346,0.02983,0.00775,-0.03444,0.01460,0.02035,-0.04710,0.00816,0.03503,-0.03257,0,,,,,0.18360,0.09820,0.01991,0.97000,-0.00000,-0.00000,0.24311
3479.4697,0,1,14.58,0.00,20.55,0.13878,-0.09531,0.60202,0.65849,0.59761,0.6662,0,0,0.21961,-0.00098,0.06018,0.21954,-0.00098,0.06008,,,0.59761,0.00000,-0.20967,0.34634,1.43401,0.00000,1.00000,0.00000,-0.21000,0.34600,1.43400,0.00000,1.00000,16,0.18300,-0.04970,0.01493,0.18360,0.09820,0,0.99122,0.00000,-0.00000,-0.13221,Left,0,437.01,208.99,417.64,188.53,408.15,155.55,408.03,127.30,409.61,103.22,429.48,125.97,432.58,97.28,432.01,78.65,433.23,63.17,446.90,131.50,447.83,105.06,435.85,133.78,434.24,149.60,463.88,141.48,464.24,121.09,450.57,148.86,447.88,163.02,480.21,155.68,482.07,135.76,468.49,152.58,462.53,164.62,-0.00000,-0.01660,-0.02428,-0.03359,-0.04187,-0.00004,-0.01720,-0.02459,-0.02883,-0.00402,-0.03305,-0.03411,-0.02429,-0.01206,-0.04433,-0.03271,-0.01368,-0.02163,-0.04150,-0.03125,-0.01726,-0.01625,0.08796,0.00132,-0.03833,0.05839,-0.00864,-0.04421,0.02901,-0.01356,-0.04642,-0.00553,-0.01507,-0.04338,-0.03698,-0.01556,-0.02600,-0.00922,0.00533,-0.02228,-0.03584,0.00001,-0.02111,-0.05446,-0.00984,-0.02412,-0.07022,-0.03310,-0.00292,-0.00370,0.00721,-0.00503,-0.02646,-0.02595,-0.02122,-0.00385,-0.04020,-0.02276,0.01256,-0.02098,0.01740,0.00369,-0.00171,0.01084,-0.00654,-0.03502,-0.00439,0.01506,-0.04027,-0.00515,0.03315,-0.02110,0.02564,0.02240,-0.01344,0.02919,0.00750,-0.03474,0.01356,0.02010,-0.04794,0.00600,0.03517,-0.03348,0,,,,,0.18360,0.09820,0.01993,0.97000,-0.00000,-0.00000,0.24311
3479.4946,0,1,15.11,0.00,20.50,0.14085,-0.09434,0.60159,0.66209,0.60116,0.6684,0,0,0.21961,-0.00098,0.06018,0.21953,-0.00098,0.06007,,,0.60116,0.00000,-0.20965,0.34635,1.43401,0.00000,1.00000,0.00000,-0.21000,0.34600,1.43400,0.00000,1.00000,16,0.18300,-0.04970,0.01493,0.18360,0.09820,0,0.99122,0.00000,-0.00000,-0.13221,Left,0,437.33,209.75,418.62,189.78,409.57,156.33,408.83,128.00,410.14,104.13,429.76,126.46,432.89,98.06,432.26,79.30,433.62,63.75,447.30,132.47,449.09,106.01,436.86,134.84,435.36,150.04,464.28,143.06,465.63,122.61,451.38,150.02,448.67,163.20,480.16,157.78,482.57,137.99,468.73,154.72,462.95,166.26,-0.00000,-0.01659,-0.02432,-0.03350,-0.04170,-0.00146,-0.01913,-0.02673,-0.03106,-0.00541,-0.03415,-0.03461,-0.02451,-0.01334,-0.04500,-0.03256,-0.01327,-0.02282,-0.04181,-0.03074,-0.01643,-0.01630,0.08810,0.00264,-0.03821,0.05881,-0.00748,-0.04400,0.02906,-0.01252,-0.04616,-0.00559,-0.01448,-0.04286,-0.03733,-0.01440,-0.02596,-0.00970,0.00544,-0.02232,-0.03619,0.00016,-0.02154,-0.05522,-0.01009,-0.02417,-0.07114,-0.03333,-0.00315,-0.00395,0.00698,-0.00430,-0.02707,-0.02544,-0.02064,-0.00474,-0.03953,-0.02105,0.01157,-0.01967,0.01735,0.00402,-0.00180,0.01153,-0.00657,-0.03521,-0.00372,0.01484,-0.03974,-0.00429,0.03213,-0.02015,0.02610,0.02334,-0.01304,0.02949,0.00835,-0.03410,0.01332,0.02064,-0.04700,0.00663,0.03558,-0.03278,0,,,,,0.18360,0.09820,0.01993,0.97000,-0.00000,-0.00000,0.24311
3479.5258,0,1,15.57,0.00,26.32,0.14162,-0.09335,0.59950,0.65877,0.59742,0.6610,0,0,0.21961,-0.00098,0.06018,0.21953,-0.00098,0.06007,,,0.59742,0.00000,-0.20964,0.34636,1.43401,-0.00000,1.00000,0.00000,-0.21000,0.34600,1.43400,0.00000,1.00000,16,0.18300,-0.04970,0.01494,0.18360,0.09820,0,0.99122,0.00000,-0.00000,-0.13221,Left,0,436.94,210.70,418.47,189.52,409.62,156.57,408.85,128.83,410.74,104.85,430.22,126.82,433.53,98.70,433.09,79.94,434.43,64.58,447.82,132.85,449.76,107.34,437.39,135.59,435.16,150.73,464.78,143.28,466.21,123.89,452.06,151.02,448.84,164.41,480.72,157.90,483.51,138.50,469.63,154.88,463.17,166.41,-0.00000,-0.01753,-0.02589,-0.03568,-0.04429,-0.00078,-0.01873,-0.02690,-0.03151,-0.00425,-0.03332,-0.03446,-0.02476,-0.01192,-0.04378,-0.03202,-0.01303,-0.02126,-0.04030,-0.02966,-0.01551,-0.01727,0.08818,0.00094,-0.03877,0.05858,-0.00917,-0.04450,0.02896,-0.01417,-0.04680,-0.00519,-0.01564,-0.04255,-0.03701,-0.01566,-0.02601,-0.00969,0.00541,-0.02202,-0.03574,-0.00009,-0.02096,-0.05461,-0.01019,-0.02369,-0.07037,-0.03343,-0.00298,-0.00394,0.00723,-0.00414,-0.02614,-0.02507,-0.02039,-0.00436,-0.03984,-0.02168,0.01178,-0.02125,0.01745,0.00396,-0.00170,0.01197,-0.00621,-0.03507,-0.00324,0.01518,-0.03994,-0.00480,0.03242,-0.02131,0.02558,0.02304,-0.01340,0.03003,0.00867,-0.03474,0.01407,0.02087,-0.04823,0.00638,0.03504,-0.03451,0,,,,,0.18360,0.09820,0.01994,0.97000,-0.00000,-0.00000,0.24311
3479.5571,0,1,15.10,0.00,27.90,0.14269,-0.09239,0.60010,0.65558,0.60069,0.6543,0,0,0.21961,-0.00098,0.06018,0.21953,-0.00098,0.06007,,,0.60069,0.00000,-0.20964,0.34636,1.43401,-0.00000,1.00000,0.00000,-0.21000,0.34600,1.43400,0.00000,1.00000,16,0.18300,-0.04970,0.01494,0.18360,0.09820,0,0.99122,0.00000,-0.00000,-0.13221,Left,0,438.49,212.93,419.63,191.78,410.49,158.88,409.49,130.72,411.48,106.12,430.43,128.18,433.70,99.88,433.55,80.79,434.84,65.35,448.14,134.06,450.97,108.07,439.07,135.74,436.51,150.58,465.15,144.32,467.53,124.90,453.38,151.73,449.47,164.74,481.07,158.68,484.46,140.10,470.68,156.26,463.70,167.25,-0.00000,-0.01934,-0.02851,-0.03879,-0.04766,-0.00132,-0.01900,-0.02678,-0.03115,-0.00401,-0.03302,-0.03416,-0.02433,-0.01109,-0.04321,-0.03205,-0.01336,-0.01997,-0.03953,-0.02970,-0.01606,-0.01643,0.08863,-0.00259,-0.03820,0.05908,-0.01190,-0.04388,0.02991,-0.01646,-0.04610,-0.00463,-0.01809,-0.04255,-0.03666,-0.01698,-0.02592,-0.00940,0.00518,-0.02191,-0.03594,0.00039,-0.02096,-0.05479,-0.00926,-0.02343,-0.07093,-0.03174,-0.00326,-0.00392,0.00716,-0.00277,-0.02693,-0.02427,-0.01864,-0.00562,-0.04025,-0.02027,0.01049,-0.02399,0.01714,0.00389,-0.00153,0.01312,-0.00596,-0.03534,-0.00236,0.01519,-0.04082,-0.00422,0.03198,-0.02312,0.02617,0.02294,-0.01343,0.03079,0.00865,-0.03514,0.01464,0.02100,-0.04902,0.00684,0.03503,-0.03558,0,,,,,0.18360,0.09820,0.01994,0.97000,-0.00000,-0.00000,0.24311
3479.6082,0,1,16.78,0.00,47.19,0.14449,-0.09192,0.60268,0.65842,0.60526,0.6549,0,0,0.21961,-0.00098,0.06018,0.21953,-0.00098,0.06007,,,0.60526,0.00000,-0.20964,0.34636,1.43401,0.00000,1.00000,0.00000,-0.21000,0.34600,1.43400,0.00000,1.00000,16,0.18300,-0.04970,0.01494,0.18360,0.09820,0,0.99122,0.00000,-0.00000,-0.13221,Left,0,438.69,212.94,420.11,191.72,411.35,158.15,410.77,130.32,412.49,106.38,432.55,128.55,436.03,100.39,435.18,81.84,435.98,66.56,449.85,134.88,451.66,109.96,439.23,138.18,437.43,152.73,466.54,145.30,468.04,126.00,453.80,153.08,451.16,165.73,482.20,159.64,484.84,140.39,471.05,157.12,465.44,168.41,-0.00000,-0.01655,-0.02403,-0.03307,-0.04093,0.00029,-0.01766,-0.02606,-0.03082,-0.00358,-0.03284,-0.03453,-0.02528,-0.01158,-0.04348,-0.03186,-0.01305,-0.02115,-0.03982,-0.02876,-0.01439,-0.01776,0.08805,-0.00434,-0.03864,0.05813,-0.01291,-0.04488,0.02880,-0.01650,-0.04701,-0.00526,-0.01612,-0.04340,-0.03703,-0.01446,-0.02584,-0.00945,0.00568,-0.02151,-0.03541,0.00064,-0.02093,-0.05436,-0.00992,-0.02450,-0.06980,-0.03246,-0.00301,-0.00368,0.00764,-0.00459,-0.02563,-0.02504,-0.02124,-0.00334,-0.04023,-0.02189,0.01197,-0.02136,0.01705,0.00378,-0.00208,0.01138,-0.00550,-0.03581,-0.00398,0.01581,-0.04077,-0.00449,0.03261,-0.02221,0.02561,0.02278,-0.01449,0.02944,0.00882,-0.03573,0.01311,0.02115,-0.04901,0.00641,0.03531,-0.03492,0,,,,,0.18360,0.09820,0.01994,0.97000,-0.00000,-0.00000,0.24311
3479.6376,0,1,14.83,0.00,25.15,0.14526,-0.09070,0.60171,0.66176,0.60074,0.6722,0,0,0.21961,-0.00098,0.06018,0.21953,-0.00098,0.06007,,,0.60074,0.00000,-0.20964,0.34636,1.43401,0.00000,1.00000,0.00000,-0.21000,0.34600,1.43400,0.00000,1.00000,16,0.18300,-0.04970,0.01494,0.18360,0.09820,0,0.99122,0.00000,-0.00000,-0.13221,Left,0,439.70,214.57,421.34,194.10,412.49,161.18,411.73,133.66,413.49,109.34,432.98,129.48,436.62,101.21,436.23,82.55,437.27,67.45,450.67,135.73,453.48,110.49,440.97,138.33,438.15,153.52,467.35,146.41,469.02,128.14,454.73,154.83,451.34,167.15,482.92,161.05,485.57,142.80,471.75,159.29,465.63,169.78,-0.00000,-0.01940,-0.02838,-0.03820,-0.04656,-0.00222,-0.01976,-0.02728,-0.03137,-0.00485,-0.03428,-0.03558,-0.02560,-0.01177,-0.04380,-0.03271,-0.01401,-0.02044,-0.03944,-0.02919,-0.01526,-0.01698,0.08959,0.00675,-0.03812,0.05999,-0.00465,-0.04422,0.03101,-0.01068,-0.04674,-0.00292,-0.01483,-0.04312,-0.03511,-0.01643,-0.02572,-0.01010,0.00538,-0.02145,-0.03627,-0.00019,-0.02102,-0.05487,-0.00975,-0.02394,-0.07027,-0.03220,-0.00316,-0.00444,0.00672,-0.00285,-0.02621,-0.02578,-0.01984,-0.00458,-0.04079,-0.02168,0.01134,-0.02181,0.01710,0.00410,-0.00187,0.01139,-0.00474,-0.03623,-0.00375,0.01658,-0.04028,-0.00528,0.03275,-0.02042,0.02539,0.02401,-0.01266,0.02911,0.01005,-0.03520,0.01221,0.02270,-0.04793,0.00576,0.03651,-0.03361,0,,,,,0.18360,0.09820,0.01994,0.97000,-0.00000,-0.00000,0.24311
3479.6696,0,1,15.20,0.00,27.45,0.14638,-0.08917,0.60155,0.66126,0.60139,0.6499,0,0,0.21961,-0.00098,0.06018,0.21953,-0.00098,0.06007,,,0.60139,-0.00000,-0.20964,0.34636,1.43401,0.00000,1.00000,0.00000,-0.21000,0.34600,1.43400,0.00000,1.00000,16,0.18300,-0.04970,0.01494,0.18360,0.09820,0,0.99122,0.00000,-0.00000,-0.13221,Left,0,440.27,216.35,421.95,194.35,413.35,161.88,413.02,134.56,415.50,109.88,434.47,131.29,437.61,103.02,437.35,83.90,438.88,68.56,452.03,137.63,455.03,112.25,442.48,139.64,439.30,155.17,468.68,148.20,470.64,129.81,456.44,156.04,452.65,169.25,484.21,162.63,487.20,143.62,473.69,159.55,467.28,170.89,-0.00000,-0.01958,-0.02941,-0.04049,-0.05020,-0.00149,-0.01939,-0.02752,-0.03210,-0.00442,-0.03448,-0.03669,-0.02735,-0.01177,-0.04439,-0.03408,-0.01578,-0.02092,-0.04014,-0.03040,-0.01684,-0.01879,0.08938,0.00181,-0.03952,0.05883,-0.00917,-0.04518,0.03035,-0.01443,-0.04716,-0.00406,-0.01767,-0.04245,-0.03655,-0.01799,-0.02583,-0.00969,0.00537,-0.02147,-0.03628,0.00002,-0.02122,-0.05551,-0.01041,-0.02356,-0.07030,-0.03290,-0.00311,-0.00414,0.00696,-0.00264,-0.02628,-0.02530,-0.01961,-0.00486,-0.04141,-0.02211,0.01104,-0.02346,0.01721,0.00408,-0.00182,0.01184,-0.00515,-0.03574,-0.00301,0.01593,-0.04031,-0.00537,0.03303,-0.02249,0.02522,0.02365,-0.01335,0.02970,0.00923,-0.03480,0.01347,0.02090,-0.04787,0.00646,0.03525,-0.03422,0,,,,,0.18360,0.09820,0.01994,0.97000,-0.00000,-0.00000,0.24311
3479.7077,0,1,20.56,0.00,33.29,0.14870,-0.08820,0.60559,0.66979,0.60963,0.6430,0,0,0.21961,-0.00098,0.06018,0.21953,-0.00098,0.06007,,,0.60963,-0.00000,-0.20964,0.34636,1.43401,0.00000,1.00000,0.00000,-0.21000,0.34600,1.43400,0.00000,1.00000,16,0.18300,-0.04970,0.01494,0.18360,0.09820,0,0.99122,0.00000,-0.00000,-0.13221,Left,0,440.99,216.91,422.86,195.53,414.82,162.73,414.46,135.24,416.52,111.04,436.23,132.76,439.52,104.19,438.99,85.23,440.13,69.94,453.68,139.26,456.71,114.15,443.59,141.95,441.12,156.56,470.16,149.98,471.92,132.11,457.08,158.72,454.02,171.29,485.50,164.54,488.63,146.13,474.94,161.99,469.32,172.73,-0.00000,-0.01870,-0.02800,-0.03858,-0.04778,-0.00238,-0.02058,-0.02835,-0.03251,-0.00555,-0.03524,-0.03649,-0.02665,-0.01297,-0.04549,-0.03422,-0.01534,-0.02207,-0.04096,-0.03038,-0.01624,-0.01936,0.08932,0.00618,-0.03982,0.05879,-0.00619,-0.04566,0.03008,-0.01233,-0.04737,-0.00462,-0.01633,-0.04270,-0.03737,-0.01743,-0.02610,-0.01041,0.00500,-0.02170,-0.03674,-0.00026,-0.02128,-0.05645,-0.01074,-0.02425,-0.07098,-0.03320,-0.00316,-0.00437,0.00689,-0.00285,-0.02611,-0.02576,-0.02039,-0.00427,-0.04132,-0.02153,0.01105,-0.02094,0.01740,0.00443,-0.00164,0.01143,-0.00428,-0.03581,-0.00370,0.01731,-0.03935,-0.00508,0.03412,-0.02038,0.02536,0.02433,-0.01241,0.02977,0.01051,-0.03370,0.01332,0.02197,-0.04615,0.00698,0.03612,-0.03243,0,,,,,0.18360,0.09820,0.01994,0.97000,-0.00000,-0.00000,0.24311
3479.7331,0,1,15.23,0.00,21.09,0.14841,-0.08623,0.60038,0.66369,0.59517,0.6423,0,0,0.21961,-0.00098,0.06018,0.21953,-0.00098,0.06007,,,0.59517,-0.00000,-0.20964,0.34636,1.43401,0.00000,1.00000,0.00000,-0.21000,0.34600,1.43400,0.00000,1.00000,16,0.18300,-0.04970,0.01494,0.18360,0.09820,0,0.99122,0.00000,-0.00000,-0.13221,Left,0,442.32,217.83,424.15,196.88,415.94,164.28,416.09,136.41,418.37,112.26,436.06,133.60,440.08,105.88,440.26,87.35,442.09,72.47,453.78,140.16,456.95,115.88,444.34,144.50,442.35,158.97,470.78,150.82,473.19,132.87,458.69,159.50,455.83,171.43,486.72,165.24,490.08,147.49,476.58,163.19,471.19,172.92,-0.00000,-0.01842,-0.02743,-0.03759,-0.04638,-0.00231,-0.02053,-0.02841,-0.03268,-0.00518,-0.03437,-0.03488,-0.02465,-0.01233,-0.04390,-0.03186,-0.01279,-0.02123,-0.03932,-0.02847,-0.01439,-0.01814,0.08862,0.00719,-0.03906,0.05886,-0.00597,-0.04443,0.02973,-0.01269,-0.04576,-0.00438,-0.01772,-0.04150,-0.03671,-0.01915,-0.02633,-0.00987,0.00407,-0.02172,-0.03564,-0.00141,-0.02043,-0.05491,-0.01241,-0.02240,-0.06908,-0.03599,-0.00341,-0.00422,0.00670,-0.00331,-0.02512,-0.02629,-0.02004,-0.00267,-0.04073,-0.02067,0.01243,-0.01962,0.01789,0.00427,-0.00097,0.01246,-0.00473,-0.03564,-0.00243,0.01699,-0.03934,-0.00378,0.03274,-0.01959,0.02609,0.02380,-0.01115,0.03069,0.01003,-0.03253,0.01485,0.02229,-0.04543,0.00851,0.03470,-0.03197,0,,,,,0.18360,0.09820,0.01994,0.97000,-0.00000,-0.00000,0.24311
3479.7695,0,1,19.11,0.00,31.85,0.15070,-0.08544,0.60469,0.66906,0.60899,0.6700,0,0,0.21961,-0.00098,0.06018,0.21953,-0.00098,0.06007,,,0.60899,-0.00000,-0.20964,0.34636,1.43401,0.00000,1.00000,0.00000,-0.21000,0.34600,1.43400,0.00000,1.00000,16,0.18300,-0.04970,0.01494,0.18360,0.09820,0,0.99122,0.00000,-0.00000,-0.13221,Left,0,443.82,218.18,425.08,197.66,416.58,165.61,417.05,138.00,419.22,113.87,437.90,135.13,441.90,107.28,442.30,88.66,444.48,73.46,455.35,141.77,459.34,117.01,446.55,144.06,443.36,158.41,471.84,152.58,474.55,135.09,460.16,161.04,456.59,172.76,487.24,167.14,490.99,149.07,477.28,165.13,470.84,175.34,-0.00000,-0.01967,-0.02920,-0.03954,-0.04851,-0.00429,-0.02278,-0.03096,-0.03546,-0.00686,-0.03727,-0.03922,-0.02980,-0.01355,-0.04632,-0.03552,-0.01702,-0.02198,-0.04129,-0.03107,-0.01720,-0.01854,0.08771,0.00380,-0.03948,0.05763,-0.00806,-0.04502,0.02911,-0.01362,-0.04722,-0.00481,-0.01677,-0.04289,-0.03677,-0.01698,-0.02629,-0.01015,0.00458,-0.02104,-0.03620,0.00002,-0.01997,-0.05581,-0.01051,-0.02164,-0.07060,-0.03367,-0.00319,-0.00425,0.00672,-0.00206,-0.02583,-0.02547,-0.01920,-0.00447,-0.04143,-0.02175,0.01052,-0.02237,0.01747,0.00429,-0.00129,0.01212,-0.00444,-0.03554,-0.00276,0.01699,-0.03971,-0.00499,0.03277,-0.02073,0.02588,0.02417,-0.01207,0.03049,0.01046,-0.03312,0.01382,0.02237,-0.04644,0.00630,0.03558,-0.03225,0,,,,,0.18360,0.09820,0.01994,0.97000,-0.00000,-0.00000,0.24311
3479.8007,0,1,17.74,0.00,26.05,0.15121,-0.08339,0.60040,0.66488,0.59612,0.6740,0,0,0.21961,-0.00098,0.06018,0.21953,-0.00098,0.06007,,,0.59612,-0.00000,-0.20964,0.34636,1.43401,0.00000,1.00000,0.00000,-0.21000,0.34600,1.43400,0.00000,1.00000,16,0.18300,-0.04970,0.01494,0.18360,0.09820,0,0.99122,0.00000,-0.00000,-0.13221,Left,0,445.01,220.22,426.62,199.75,418.53,167.03,419.30,139.54,421.36,115.22,439.68,136.19,443.76,109.34,444.18,90.60,446.08,75.65,457.38,142.92,461.23,119.17,448.10,146.01,444.85,159.69,473.93,153.96,476.27,137.63,461.81,163.39,458.67,174.54,489.31,168.58,492.39,151.57,478.74,167.63,473.03,177.42,-0.00000,-0.02113,-0.03084,-0.04104,-0.04972,-0.00398,-0.02241,-0.03056,-0.03499,-0.00587,-0.03562,-0.03723,-0.02762,-0.01222,-0.04492,-0.03447,-0.01620,-0.02045,-0.04010,-0.03040,-0.01684,-0.01880,0.08838,0.00830,-0.03929,0.05879,-0.00403,-0.04439,0.02983,-0.01120,-0.04618,-0.00439,-0.01558,-0.04268,-0.03717,-0.01693,-0.02575,-0.01047,0.00447,-0.02069,-0.03609,-0.00113,-0.02001,-0.05508,-0.01135,-0.02204,-0.07012,-0.03522,-0.00307,-0.00417,0.00608,-0.00236,-0.02534,-0.02619,-0.01956,-0.00418,-0.04077,-0.02210,0.01006,-0.02192,0.01682,0.00422,-0.00138,0.01174,-0.00329,-0.03575,-0.00392,0.01762,-0.03977,-0.00486,0.03266,-0.01964,0.02542,0.02417,-0.01117,0.02933,0.01117,-0.03339,0.01260,0.02371,-0.04659,0.00635,0.03708,-0.03262,0,,,,,0.18360,0.09820,0.01994,0.97000,-0.00000,-0.00000,0.24311
3479.8285,0,1,15.08,0.00,23.17,0.15251,-0.08083,0.59835,0.66635,0.59629,0.6782,0,0,0.21961,-0.00098,0.06018,0.21953,-0.00098,0.06007,,,0.59629,-0.00000,-0.20964,0.34636,1.43401,0.00000,1.00000,0.00000,-0.21000,0.34600,1.43400,0.00000,1.00000,16,0.18300,-0.04970,0.01494,0.18360,0.09820,0,0.99122,0.00000,-0.00000,-0.13221,Left,0,446.30,222.45,428.13,202.11,420.09,168.79,421.07,141.15,423.20,117.52,441.86,139.23,445.80,111.87,446.51,92.64,448.58,77.23,459.41,145.85,463.07,122.55,449.91,149.89,447.25,163.28,475.99,156.90,478.79,139.29,463.99,165.20,461.12,176.74,491.30,171.77,494.53,154.53,480.90,170.16,475.78,179.98,-0.00000,-0.01934,-0.02823,-0.03802,-0.04652,-0.00368,-0.02208,-0.03027,-0.03490,-0.00630,-0.03510,-0.03580,-0.02616,-0.01320,-0.04512,-0.03367,-0.01519,-0.02187,-0.04127,-0.03114,-0.01748,-0.02019,0.08782,0.00581,-0.04040,0.05808,-0.00614,-0.04523,0.02844,-0.01255,-0.04637,-0.00561,-0.01580,-0.04328,-0.03833,-0.01598,-0.02560,-0.01061,0.00476,-0.02064,-0.03610,-0.00064,-0.01985,-0.05582,-0.01025,-0.02154,-0.07145,-0.03316,-0.00305,-0.00403,0.00623,-0.00313,-0.02464,-0.02632,-0.01985,-0.00320,-0.04013,-0.02183,0.01133,-0.02079,0.01675,0.00436,-0.00145,0.01189,-0.00405,-0.03562,-0.00371,0.01635,-0.04026,-0.00471,0.03229,-0.02046,0.02534,0.02404,-0.01135,0.02938,0.01104,-0.03350,0.01323,0.02275,-0.04653,0.00707,0.03620,-0.03311,0,,,,,0.18360,0.09820,0.01994,0.97000,-0.00000,-0.00000,0.24311
3479.8628,0,1,16.52,0.00,30.76,0.15242,-0.07745,0.59078,0.66432,0.58321,0.6933,0,0,0.21961,-0.00098,0.06018,0.21953,-0.00098,0.06007,,,0.58321,0.00000,-0.20964,0.34636,1.43401,0.00000,1.00000,0.00000,-0.21000,0.34600,1.43400,0.00000,1.00000,16,0.18300,-0.04970,0.01494,0.18360,0.09820,0,0.99122,0.00000,-0.00000,-0.13221,Left,0,448.82,225.04,430.65,204.19,422.82,171.44,423.60,144.21,426.11,120.49,443.15,141.29,447.87,114.10,449.28,95.15,451.55,79.90,461.06,148.15,466.22,124.79,453.49,151.42,449.68,164.70,477.72,159.35,481.29,143.06,467.26,168.65,463.73,179.48,493.09,174.24,497.28,157.36,484.60,173.30,479.34,182.62,-0.00000,-0.02085,-0.03063,-0.04080,-0.04950,-0.00521,-0.02350,-0.03137,-0.03556,-0.00708,-0.03612,-0.03691,-0.02693,-0.01327,-0.04532,-0.03426,-0.01576,-0.02129,-0.04047,-0.03030,-0.01651,-0.01894,0.08768,0.00927,-0.03953,0.05817,-0.00433,-0.04412,0.02924,-0.01154,-0.04526,-0.00443,-0.01628,-0.04201,-0.03708,-0.01729,-0.02549,-0.01037,0.00373,-0.02011,-0.03624,-0.00172,-0.01839,-0.05539,-0.01098,-0.02014,-0.07122,-0.03345,-0.00317,-0.00424,0.00588,-0.00094,-0.02541,-0.02597,-0.01756,-0.00443,-0.04032,-0.02011,0.00941,-0.02138,0.01714,0.00413,-0.00092,0.01330,-0.00363,-0.03498,-0.00201,0.01693,-0.03982,-0.00331,0.03243,-0.01978,0.02542,0.02421,-0.00957,0.03059,0.01192,-0.03166,0.01527,0.02335,-0.04498,0.00940,0.03625,-0.03080,0,,,,,0.18360,0.09820,0.01994,0.97000,-0.00000,-0.00000,0.24311
3479.8961,0,1,17.56,0.00,28.85,0.15225,-0.07304,0.58070,0.66060,0.57063,0.6934,0,0,0.21961,-0.00098,0.06018,0.21953,-0.00098,0.06007,,,0.57063,0.00000,-0.20964,0.34636,1.43401,0.00000,1.00000,0.00000,-0.21000,0.34600,1.43400,0.00000,1.00000,16,0.18300,-0.04970,0.01494,0.18360,0.09820,0,0.99122,0.00000,0.00000,-0.13221,Left,0,452.66,228.35,433.41,207.23,425.40,174.89,426.36,147.53,428.87,123.63,445.67,144.92,451.22,117.63,453.53,98.81,456.10,83.77,463.73,151.88,470.34,127.64,458.67,154.61,454.01,168.93,480.51,163.23,485.76,146.88,472.58,172.39,467.83,184.00,496.03,178.30,501.51,161.65,489.01,177.95,482.30,187.83,-0.00000,-0.02027,-0.03042,-0.04104,-0.05029,-0.00572,-0.02391,-0.03171,-0.03591,-0.00833,-0.03799,-0.03919,-0.02934,-0.01505,-0.04749,-0.03683,-0.01862,-0.02347,-0.04316,-0.03328,-0.01969,-0.01801,0.08597,0.01437,-0.03851,0.05638,-0.00066,-0.04307,0.02859,-0.00784,-0.04471,-0.00493,-0.01368,-0.04212,-0.03725,-0.01792,-0.02528,-0.01021,0.00372,-0.01930,-0.03595,-0.00165,-0.01677,-0.05488,-0.01061,-0.01844,-0.06997,-0.03305,-0.00310,-0.00448,0.00552,-0.00002,-0.02542,-0.02543,-0.01535,-0.00449,-0.03942,-0.01891,0.00929,-0.02083,0.01668,0.00401,-0.00107,0.01400,-0.00323,-0.03358,-0.00006,0.01646,-0.03890,-0.00185,0.03216,-0.01958,0.02519,0.02398,-0.00867,0.03087,0.01281,-0.03005,0.01595,0.02374,-0.04339,0.01013,0.03703,-0.02969,0,,,,,0.18360,0.09820,0.01994,0.97000,0.00000,0.00000,0.24311
3479.9244,0,1,15.08,0.00,23.47,0.15328,-0.06818,0.57172,0.66538,0.56273,0.7415,0,0,0.21961,-0.00098,0.06018,0.21953,-0.00098,0.06007,,,0.56273,0.00000,-0.20964,0.34636,1.43401,0.00000,1.00000,0.00000,-0.21000,0.34600,1.43400,0.00000,1.00000,16,0.18300,-0.04970,0.01494,0.18360,0.09820,0,0.99122,0.00000,0.00000,-0.13221,Left,0,457.62,232.82,437.91,211.94,429.32,179.43,430.65,151.82,433.43,128.06,449.62,149.09,455.50,121.51,459.17,102.57,463.00,87.87,467.75,156.10,475.13,132.60,464.09,158.32,458.81,171.69,484.62,167.54,490.41,152.66,477.95,176.94,473.00,186.78,500.30,182.64,505.87,167.66,493.80,183.44,487.19,191.57,-0.00000,-0.02228,-0.03279,-0.04333,-0.05231,-0.00656,-0.02461,-0.03264,-0.03715,-0.00830,-0.03829,-0.04043,-0.03140,-0.01435,-0.04655,-0.03703,-0.02007,-0.02233,-0.04184,-0.03289,-0.02034,-0.01818,0.08609,0.01683,-0.03800,0.05591,-0.00074,-0.04335,0.02893,-0.00887,-0.04503,-0.00477,-0.01477,-0.04258,-0.03696,-0.01929,-0.02546,-0.00990,0.00265,-0.01899,-0.03646,-0.00189,-0.01555,-0.05625,-0.01103,-0.01603,-0.07103,-0.03438,-0.00311,-0.00486,0.00529,0.00001,-0.02486,-0.02646,-0.01465,-0.00429,-0.04239,-0.01913,0.00764,-0.02299,0.01652,0.00406,-0.00022,0.01399,-0.00180,-0.03399,0.00037,0.01743,-0.03931,-0.00113,0.03051,-0.01957,0.02510,0.02400,-0.00740,0.03100,0.01427,-0.02911,0.01621,0.02607,-0.04244,0.01082,0.03710,-0.02897,0,,,,,0.18360,0.09820,0.01994,0.97000,0.00000,0.00000,0.24311
3479.9583,0,1,15.29,0.00,29.39,0.15546,-0.06242,0.56323,0.63904,0.55474,0.7439,0,0,0.21961,-0.00098,0.06018,0.21953,-0.00098,0.06007,,,0.55474,0.00000,-0.20964,0.34636,1.43401,0.00000,1.00000,0.00000,-0.21000,0.34600,1.43400,0.00000,1.00000,16,0.18300,-0.04970,0.01494,0.18360,0.09820,0,0.99122,0.00000,0.00000,-0.13221,Left,0,462.44,239.84,443.23,216.74,434.94,183.16,436.54,155.08,440.49,131.13,455.05,154.46,461.18,127.36,465.55,108.75,470.13,94.20,473.25,161.49,481.16,137.07,471.30,161.67,465.50,176.02,490.48,173.03,496.31,158.17,484.62,182.42,478.81,193.31,506.35,188.13,510.93,173.29,499.93,189.17,493.74,197.64,-0.00000,-0.02121,-0.03057,-0.04024,-0.04845,-0.00342,-0.02135,-0.03009,-0.03507,-0.00575,-0.03711,-0.04184,-0.03408,-0.01224,-0.04537,-0.03760,-0.02119,-0.02049,-0.03999,-0.03143,-0.01892,-0.01940,0.08519,0.00752,-0.03866,0.05411,-0.00849,-0.04308,0.02631,-0.01359,-0.04502,-0.00730,-0.01663,-0.04127,-0.03877,-0.01672,-0.02568,-0.00912,0.00251,-0.01828,-0.03606,-0.00236,-0.01547,-0.05656,-0.01296,-0.01401,-0.06961,-0.03655,-0.00315,-0.00451,0.00578,0.00012,-0.02533,-0.02645,-0.01384,-0.00629,-0.04349,-0.01916,0.00678,-0.02707,0.01678,0.00436,0.00002,0.01372,-0.00174,-0.03416,0.00142,0.01786,-0.03957,-0.00224,0.03152,-0.02125,0.02511,0.02368,-0.00830,0.03007,0.01356,-0.03036,0.01564,0.02681,-0.04442,0.01139,0.03753,-0.02998,0,,,,,0.18360,0.09820,0.01994,0.97000,0.00000,0.00000,0.24311
3479.9893,0,1,15.72,0.00,26.24,0.16066,-0.05616,0.56104,0.63274,0.55885,0.7447,0,0,0.21961,-0.00098,0.06018,0.21953,-0.00098,0.06007,,,0.55885,0.00000,-0.20964,0.34636,1.43401,0.00000,1.00000,0.00000,-0.21000,0.34600,1.43400,0.00000,1.00000,16,0.18300,-0.04970,0.01494,0.18360,0.09820,0,0.99122,0.00000,0.00000,-0.13221,Left,0,469.65,247.48,450.54,223.97,442.65,188.20,444.13,158.05,450.28,134.48,462.57,161.47,470.08,132.93,475.70,113.75,480.95,99.55,480.22,168.73,491.05,144.38,480.43,167.29,472.93,180.58,497.29,179.98,505.57,165.10,493.34,187.60,486.21,197.93,512.74,194.91,519.33,180.32,508.66,194.91,502.07,203.11,-0.00000,-0.02032,-0.02883,-0.03836,-0.04645,-0.00075,-0.01817,-0.02652,-0.03094,-0.00308,-0.03368,-0.03834,-0.03043,-0.00959,-0.04131,-0.03397,-0.01799,-0.01787,-0.03620,-0.02792,-0.01560,-0.02045,0.08402,-0.00609,-0.03928,0.05212,-0.01787,-0.04368,0.02317,-0.02193,-0.04414,-0.01184,-0.02109,-0.03797,-0.04141,-0.01711,-0.02545,-0.00945,0.00108,-0.01678,-0.03711,-0.00069,-0.01227,-0.05764,-0.01194,-0.01028,-0.07137,-0.03674,-0.00295,-0.00406,0.00669,0.00268,-0.02485,-0.02625,-0.01139,-0.00709,-0.04347,-0.01935,0.00553,-0.02904,0.01636,0.00438,0.00068,0.01574,-0.00197,-0.03283,0.00263,0.01611,-0.03999,-0.00234,0.02936,-0.02387,0.02495,0.02320,-0.00836,0.03167,0.01320,-0.02925,0.01712,0.02583,-0.04429,0.01155,0.03562,-0.02984,0,,,,,0.18360,0.09820,0.01994,0.97000,0.00000,0.00000,0.24311
3480.0409,0,1,19.16,0.00,47.42,0.16567,-0.04975,0.54962,0.64460,0.53821,0.7688,0,0,0.21961,-0.00098,0.06018,0.21953,-0.00098,0.06007,,,0.53821,0.00000,-0.20964,0.34636,1.43401,0.00000,1.00000,0.00000,-0.21000,0.34600,1.43400,0.00000,1.00000,16,0.18300,-0.04970,0.01494,0.18360,0.09820,0,0.99122,0.00000,0.00000,-0.13221,Left,0,477.29,251.62,459.34,229.04,452.16,192.73,454.91,161.95,462.28,139.07,474.02,164.07,483.07,137.90,490.06,119.78,496.69,107.88,492.44,173.07,504.08,151.16,492.33,175.37,485.24,187.82,509.86,185.96,518.45,173.44,505.60,194.91,498.78,203.08,525.23,202.13,531.85,189.36,520.52,203.60,514.11,210.31,-0.00000,-0.02019,-0.02935,-0.03932,-0.04798,-0.00289,-0.02035,-0.02832,-0.03227,-0.00514,-0.03359,-0.03503,-0.02546,-0.01167,-0.04121,-0.03138,-0.01479,-0.02012,-0.03637,-0.02647,-0.01373,-0.02238,0.08378,0.02442,-0.04019,0.05247,0.00501,-0.04440,0.02268,-0.00439,-0.04468,-0.00993,-0.01386,-0.03678,-0.03846,-0.01725,-0.02462,-0.01115,0.00030,-0.01494,-0.03697,-0.00273,-0.00961,-0.05621,-0.01424,-0.00644,-0.06684,-0.04055,-0.00281,-0.00504,0.00484,0.00300,-0.02227,-0.02875,-0.01158,-0.00385,-0.04258,-0.01735,0.00693,-0.02110,0.01630,0.00591,0.00085,0.01602,0.00026,-0.03316,0.00325,0.01887,-0.03716,-0.00182,0.02865,-0.01502,0.02414,0.02673,-0.00491,0.03036,0.01816,-0.02607,0.01663,0.03025,-0.03913,0.01039,0.03734,-0.02315,0,,,,,0.18360,0.09820,0.01994,0.97000,0.00000,0.00000,0.24311
3480.0741,0,1,20.60,0.00,29.27,0.17617,-0.04320,0.54991,0.61806,0.55019,0.7069,0,0,0.21961,-0.00098,0.06018,0.21953,-0.00098,0.06007,,,0.55019,0.00000,-0.20964,0.34636,1.43401,0.00000,1.00000,0.00000,-0.21000,0.34600,1.43400,0.00000,1.00000,16,0.18300,-0.04970,0.01494,0.18360,0.09820,0,0.99122,0.00000,0.00000,-0.13221,Left,0,487.63,258.80,471.61,236.20,466.36,199.78,472.56,170.03,481.59,149.00,486.85,170.97,496.87,146.21,506.74,129.49,515.72,119.28,505.64,180.58,516.29,159.51,503.51,180.77,495.30,193.51,522.40,194.05,528.32,182.88,514.71,201.89,508.16,208.90,537.71,211.00,539.62,199.99,527.71,212.18,521.63,217.64,-0.00000,-0.02121,-0.03094,-0.04062,-0.04857,-0.00525,-0.02625,-0.03788,-0.04401,-0.00716,-0.03910,-0.04389,-0.03632,-0.01348,-0.04477,-0.03705,-0.02168,-0.02186,-0.03863,-0.02961,-0.01737,-0.02591,0.08161,0.01040,-0.04160,0.04930,-0.00570,-0.04421,0.01897,-0.01578,-0.04015,-0.01142,-0.02330,-0.03114,-0.03824,-0.02357,-0.02489,-0.01352,0.00024,-0.01416,-0.03658,-0.00419,-0.00669,-0.05421,-0.01581,-0.00152,-0.06645,-0.04330,-0.00261,-0.00467,0.00552,0.00218,-0.02332,-0.02796,-0.01460,-0.00660,-0.04374,-0.02035,0.00495,-0.02576,0.01611,0.00657,0.00110,0.01335,0.00174,-0.03275,-0.00280,0.01971,-0.03740,-0.00596,0.02863,-0.01705,0.02401,0.02770,-0.00589,0.02543,0.02006,-0.02565,0.00953,0.02994,-0.03616,0.00366,0.03764,-0.02188,0,,,,,0.18360,0.09820,0.01994,0.97000,0.00000,0.00000,0.24311
3480.1020,0,1,16.29,0.00,23.55,0.18863,-0.03436,0.54694,0.63596,0.54397,0.7736,0,0,0.21961,-0.00098,0.06018,0.21953,-0.00098,0.06007,,,0.54397,0.00000,-0.20964,0.34636,1.43401,0.00000,1.00000,0.00000,-0.21000,0.34600,1.43400,0.00000,1.00000,16,0.18300,-0.04970,0.01494,0.18360,0.09820,0,0.99122,0.00000,0.00000,-0.13221,Left,0,503.00,268.84,489.08,246.81,483.36,211.57,489.21,181.61,500.59,160.36,506.57,182.10,516.51,157.56,526.62,141.05,534.55,133.70,523.91,192.06,533.94,172.20,521.91,190.30,512.87,201.47,538.96,205.29,545.43,193.15,533.23,210.55,525.58,218.43,552.04,221.64,554.56,209.95,543.71,222.03,537.19,228.82,-0.00000,-0.02716,-0.04046,-0.05259,-0.06249,-0.00865,-0.02905,-0.04015,-0.04551,-0.00658,-0.03545,-0.03916,-0.03170,-0.00950,-0.03992,-0.03256,-0.01775,-0.01485,-0.03286,-0.02501,-0.01329,-0.02709,0.08204,0.01950,-0.04090,0.04977,0.00041,-0.04438,0.01941,-0.00873,-0.04078,-0.01048,-0.01900,-0.03000,-0.03755,-0.02194,-0.02268,-0.01295,-0.00160,-0.01174,-0.03625,-0.00581,-0.00382,-0.05326,-0.01774,0.00018,-0.06243,-0.04567,-0.00253,-0.00473,0.00509,0.00260,-0.02127,-0.02685,-0.01398,-0.00677,-0.04092,-0.02104,0.00237,-0.02198,0.01523,0.00648,0.00184,0.01256,0.00131,-0.03049,-0.00168,0.01776,-0.03385,-0.00764,0.02684,-0.01459,0.02098,0.02690,-0.00327,0.02273,0.01916,-0.02322,0.00819,0.03046,-0.03254,0.00151,0.03787,-0.01860,0,,,,,0.18360,0.09820,0.01994,0.97000,0.00000,0.00000,0.24311
3480.1360,0,1,18.09,0.00,29.96,0.19772,-0.02198,0.53537,0.60575,0.52381,0.7695,0,0,0.21961,-0.00098,0.06018,0.21953,-0.00098,0.06007,,,0.52381,0.00000,-0.20964,0.34636,1.43401,0.00000,1.00000,0.00000,-0.21000,0.34600,1.43400,0.00000,1.00000,16,0.18300,-0.04970,0.01494,0.18360,0.09820,0,0.99122,0.00000,0.00000,-0.13221,Left,0,521.70,287.49,508.16,265.17,504.83,227.86,512.90,198.14,524.31,179.15,520.33,199.05,528.84,177.04,543.52,163.29,553.76,158.70,537.04,206.89,547.99,185.04,544.81,201.36,538.21,214.26,551.52,219.47,559.73,204.67,552.87,221.15,545.14,231.09,563.61,236.33,567.95,223.77,560.08,233.90,552.51,241.07,-0.00000,-0.02151,-0.03073,-0.03992,-0.04719,0.00121,-0.01851,-0.03238,-0.03962,0.00166,-0.02375,-0.03239,-0.02979,-0.00244,-0.02964,-0.02696,-0.01641,-0.00838,-0.02391,-0.01810,-0.00872,-0.02157,0.08304,0.01521,-0.03308,0.05119,-0.00076,-0.03397,0.02018,-0.00676,-0.02764,-0.00919,-0.01762,-0.01602,-0.03260,-0.01747,-0.01984,-0.01164,0.00010,-0.00975,-0.03178,-0.00653,0.00192,-0.04533,-0.01814,0.01002,-0.05246,-0.04302,-0.00308,-0.00408,0.00479,0.00642,-0.02322,-0.02290,-0.00051,-0.01027,-0.03791,-0.00650,0.00153,-0.02410,0.01350,0.00500,0.00053,0.01631,-0.00242,-0.02824,0.00772,0.01159,-0.03540,-0.00062,0.02394,-0.02116,0.01951,0.02491,-0.00536,0.02362,0.01769,-0.02258,0.01420,0.02593,-0.03280,0.00751,0.03329,-0.02423,0,,,,,0.18360,0.09820,0.01994,0.97000,0.00000,0.00000,0.24311
3480.1673,0,1,16.72,0.00,27.37,0.19772,-0.02198,0.53537,0.63822,0.78689,0.6381,1,0,0.21961,-0.00098,0.06018,0.21953,-0.00098,0.06007,,,0.63822,0.00000,-0.20964,0.34636,1.43401,0.00000,1.00000,0.00000,-0.21000,0.34600,1.43400,0.00000,1.00000,16,0.18300,-0.04970,0.01494,0.18360,0.09820,0,0.99122,0.00000,0.00000,-0.13221,Right,0,540.56,300.00,565.82,287.73,581.06,254.99,579.50,228.84,565.46,214.81,558.84,216.74,562.08,191.74,575.24,180.87,586.62,179.60,544.93,219.39,549.02,189.23,563.33,195.07,570.65,207.42,532.59,226.87,544.00,203.37,558.18,218.76,561.25,235.88,521.52,239.11,535.27,219.73,549.31,230.53,553.10,245.88,0.00000,-0.00876,-0.01315,-0.02008,-0.02732,0.00146,-0.01340,-0.02531,-0.03147,-0.00307,-0.01891,-0.02735,-0.02911,-0.00996,-0.03040,-0.03222,-0.02761,-0.01739,-0.03317,-0.03154,-0.02620,-0.00459,0.08795,0.02047,0.02115,0.06110,0.02046,0.03761,0.03485,0.01547,0.03904,0.00975,-0.00324,0.01926,-0.00626,-0.02142,0.01524,-0.00509,0.01864,0.02166,-0.02600,0.00890,0.03205,-0.03792,0.00190,0.04271,-0.03788,-0.01947,-0.00137,-0.00401,0.00728,0.00721,-0.02857,-0.01406,0.01950,-0.02659,-0.02948,0.02885,-0.01707,-0.03082,-0.01135,0.00109,-0.01120,0.00157,-0.01236,-0.03124,0.01605,-0.00049,-0.03751,0.01889,0.01797,-0.03023,-0.02018,0.01839,-0.02619,-0.00897,0.00482,-0.03649,0.00824,0.01154,-0.04273,0.01164,0.02724,-0.04049,0,,,,,0.18360,0.09820,0.01994,0.97000,0.00000,0.00000,0.24311
3480.2012,0,1,18.83,0.00,29.62,0.23078,0.00039,0.57703,0.61868,0.82771,0.4618,0,0,0.21961,-0.00098,0.06018,0.21953,-0.00098,0.06007,,,0.61868,0.00000,-0.20964,0.34636,1.43401,0.00000,1.00000,0.00000,-0.21000,0.34600,1.43400,0.00000,1.00000,16,0.18300,-0.04970,0.01494,0.18360,0.09820,0,0.99122,0.00000,0.00000,-0.13221,Right,0,558.09,319.20,576.89,301.14,589.43,269.50,590.88,246.60,588.21,229.91,570.82,235.99,576.05,213.24,587.42,204.60,598.26,202.29,560.37,238.85,566.64,215.23,583.33,221.01,594.18,231.77,550.78,247.11,561.30,228.52,577.80,241.79,584.77,257.13,541.74,260.81,554.68,248.34,568.58,258.60,573.83,272.55,-0.00000,0.00056,-0.00003,-0.00396,-0.00818,0.00427,-0.00802,-0.01852,-0.02499,-0.00351,-0.01661,-0.02415,-0.02729,-0.01253,-0.03012,-0.03103,-0.02782,-0.02133,-0.03511,-0.03312,-0.02865,-0.00426,0.08306,0.02912,0.01564,0.05680,0.03267,0.03170,0.02800,0.02717,0.03470,0.00637,0.00533,0.02896,-0.01234,-0.01636,0.01135,-0.00633,0.01960,0.02206,-0.02407,0.00709,0.02958,-0.03463,-0.00148,0.04012,-0.03607,-0.01906,-0.00151,-0.00333,0.00503,0.01068,-0.02475,-0.01288,0.02657,-0.02246,-0.02214,0.03553,-0.01451,-0.02385,-0.01027,0.00264,-0.01241,0.00641,-0.00971,-0.02910,0.02254,0.00193,-0.03323,0.02842,0.01757,-0.02560,-0.01524,0.02018,-0.02340,-0.00196,0.01057,-0.03258,0.01604,0.01697,-0.03759,0.01589,0.02973,-0.03003,0,,,,,0.18360,0.09820,0.01994,0.97000,0.00000,0.00000,0.24311
3480.2323,0,1,17.70,0.00,26.89,0.25447,0.02167,0.59854,0.62005,1.38094,0.4630,0,0,0.21961,-0.00098,0.06018,0.21953,-0.00098,0.06007,,,0.62005,0.00000,-0.20964,0.34636,1.43401,0.00000,1.00000,0.00000,-0.21000,0.34600,1.43400,0.00000,1.00000,16,0.18300,-0.04970,0.01494,0.18360,0.09820,0,0.99122,0.00000,0.00000,-0.13221,Right,0,556.17,339.57,576.88,319.61,590.80,291.98,597.90,273.62,603.24,260.21,580.20,255.26,599.86,233.76,616.82,235.41,626.11,243.19,573.24,256.65,597.75,245.17,608.57,260.51,608.25,272.88,568.57,264.05,595.92,262.77,602.33,280.86,597.94,293.07,565.05,276.41,586.97,277.09,593.51,291.20,590.58,302.04,-0.00000,0.00851,0.00948,0.00498,0.00081,0.01425,0.00107,-0.00953,-0.01499,0.00294,-0.00711,-0.01244,-0.01450,-0.00958,-0.02119,-0.01870,-0.01455,-0.02183,-0.02676,-0.02008,-0.01335,-0.02435,0.08649,0.02165,-0.00114,0.05965,0.03690,0.01558,0.03330,0.04158,0.02596,0.01380,0.03128,0.02632,-0.00394,0.01258,0.00642,-0.00674,0.02613,0.02788,-0.02032,0.01692,0.04104,-0.02368,0.01438,0.05333,-0.01687,0.01053,-0.00228,-0.00411,0.00504,0.02189,-0.01612,-0.00681,0.03568,-0.00264,-0.00221,0.03347,0.00772,0.01009,-0.00630,0.00282,-0.01727,0.01955,0.00315,-0.02583,0.03035,0.02145,-0.01429,0.02218,0.03559,0.00090,-0.01000,0.02009,-0.03056,0.01074,0.01999,-0.03222,0.02274,0.03124,-0.02246,0.01401,0.04435,-0.01318,0,,,,,0.18360,0.09820,0.01994,0.97000,0.00000,0.00000,0.24311
3480.2617,0,0,15.70,0.00,25.04,0.25447,0.02167,0.59854,,,,0,0,0.21961,-0.00098,0.06018,0.21953,-0.00098,0.06007,,,nan,0.00000,-0.20964,0.34636,1.43401,0.00000,1.00000,0.00000,-0.21000,0.34600,1.43400,0.00000,1.00000,16,0.18300,-0.04970,0.01494,0.18360,0.09820,0,0.99122,0.00000,0.00000,-0.13221,,0,,,,,,,,,,,,,,,,,,,,,,,,,,,,,,,,,,,,,,,,,,,,,,,,,,,,,,,,,,,,,,,,,,,,,,,,,,,,,,,,,,,,,,,,,,,,,,,,,,,,,,,,,,,,,,,,,,,,,,,,,,,,,,,0,,,,,0.18360,0.09820,0.01994,0.97000,0.00000,0.00000,0.24311
3480.3139,0,0,36.23,0.00,48.18,0.25447,0.02167,0.59854,,,,0,0,0.21961,-0.00098,0.06018,0.21953,-0.00098,0.06007,,,nan,0.00000,-0.20964,0.34636,1.43401,0.00000,1.00000,0.00000,-0.21000,0.34600,1.43400,0.00000,1.00000,16,0.18300,-0.04970,0.01494,0.18360,0.09820,0,0.99122,0.00000,0.00000,-0.13221,,0,,,,,,,,,,,,,,,,,,,,,,,,,,,,,,,,,,,,,,,,,,,,,,,,,,,,,,,,,,,,,,,,,,,,,,,,,,,,,,,,,,,,,,,,,,,,,,,,,,,,,,,,,,,,,,,,,,,,,,,,,,,,,,,0,,,,,0.18360,0.09820,0.01994,0.97000,0.00000,0.00000,0.24311
3480.3550,0,0,31.88,0.00,37.72,0.25447,0.02167,0.59854,,,,0,0,0.21961,-0.00098,0.06018,0.21953,-0.00098,0.06007,,,nan,0.00000,-0.20964,0.34636,1.43401,0.00000,1.00000,0.00000,-0.21000,0.34600,1.43400,0.00000,1.00000,16,0.18300,-0.04970,0.01494,0.18360,0.09820,0,0.99122,0.00000,0.00000,-0.13221,,0,,,,,,,,,,,,,,,,,,,,,,,,,,,,,,,,,,,,,,,,,,,,,,,,,,,,,,,,,,,,,,,,,,,,,,,,,,,,,,,,,,,,,,,,,,,,,,,,,,,,,,,,,,,,,,,,,,,,,,,,,,,,,,,0,,,,,0.18360,0.09820,0.01994,0.97000,0.00000,0.00000,0.24311
3480.3979,0,0,33.96,0.00,39.50,0.25447,0.02167,0.59854,,,,0,0,0.21961,-0.00098,0.06018,0.21953,-0.00098,0.06007,,,nan,0.00000,-0.20964,0.34636,1.43401,0.00000,1.00000,0.00000,-0.21000,0.34600,1.43400,0.00000,1.00000,16,0.18300,-0.04970,0.01494,0.18360,0.09820,0,0.99122,0.00000,0.00000,-0.13221,,0,,,,,,,,,,,,,,,,,,,,,,,,,,,,,,,,,,,,,,,,,,,,,,,,,,,,,,,,,,,,,,,,,,,,,,,,,,,,,,,,,,,,,,,,,,,,,,,,,,,,,,,,,,,,,,,,,,,,,,,,,,,,,,,0,,,,,0.18360,0.09820,0.01994,0.97000,0.00000,0.00000,0.24311
3480.4495,0,0,39.17,0.00,47.45,0.25447,0.02167,0.59854,,,,0,0,0.21961,-0.00098,0.06018,0.21953,-0.00098,0.06007,,,nan,0.00000,-0.20964,0.34636,1.43401,0.00000,1.00000,0.00000,-0.21000,0.34600,1.43400,0.00000,1.00000,16,0.18300,-0.04970,0.01494,0.18360,0.09820,0,0.99122,0.00000,0.00000,-0.13221,,0,,,,,,,,,,,,,,,,,,,,,,,,,,,,,,,,,,,,,,,,,,,,,,,,,,,,,,,,,,,,,,,,,,,,,,,,,,,,,,,,,,,,,,,,,,,,,,,,,,,,,,,,,,,,,,,,,,,,,,,,,,,,,,,0,,,,,0.18360,0.09820,0.01994,0.97000,0.00000,0.00000,0.24311
3480.4838,0,0,23.18,0.00,29.52,0.25447,0.02167,0.59854,,,,0,0,0.21961,-0.00098,0.06018,0.21953,-0.00098,0.06007,,,nan,0.00000,-0.20964,0.34636,1.43401,0.00000,1.00000,0.00000,-0.21000,0.34600,1.43400,0.00000,1.00000,16,0.18300,-0.04970,0.01494,0.18360,0.09820,0,0.99122,0.00000,0.00000,-0.13221,,0,,,,,,,,,,,,,,,,,,,,,,,,,,,,,,,,,,,,,,,,,,,,,,,,,,,,,,,,,,,,,,,,,,,,,,,,,,,,,,,,,,,,,,,,,,,,,,,,,,,,,,,,,,,,,,,,,,,,,,,,,,,,,,,0,,,,,0.18360,0.09820,0.01994,0.97000,0.00000,0.00000,0.24311
3480.5175,0,0,22.85,0.00,29.31,0.25447,0.02167,0.59854,,,,0,0,0.21961,-0.00098,0.06018,0.21953,-0.00098,0.06007,,,nan,0.00000,-0.20964,0.34636,1.43401,0.00000,1.00000,0.00000,-0.21000,0.34600,1.43400,0.00000,1.00000,16,0.18300,-0.04970,0.01494,0.18360,0.09820,0,0.99122,0.00000,0.00000,-0.13221,,0,,,,,,,,,,,,,,,,,,,,,,,,,,,,,,,,,,,,,,,,,,,,,,,,,,,,,,,,,,,,,,,,,,,,,,,,,,,,,,,,,,,,,,,,,,,,,,,,,,,,,,,,,,,,,,,,,,,,,,,,,,,,,,,0,,,,,0.18360,0.09820,0.01994,0.97000,0.00000,0.00000,0.24311
3480.5597,0,0,28.85,0.00,38.62,0.25447,0.02167,0.59854,,,,0,0,0.21961,-0.00098,0.06018,0.21953,-0.00098,0.06007,,,nan,0.00000,-0.20964,0.34636,1.43401,0.00000,1.00000,0.00000,-0.21000,0.34600,1.43400,0.00000,1.00000,16,0.18300,-0.04970,0.01494,0.18360,0.09820,0,0.99122,0.00000,0.00000,-0.13221,,0,,,,,,,,,,,,,,,,,,,,,,,,,,,,,,,,,,,,,,,,,,,,,,,,,,,,,,,,,,,,,,,,,,,,,,,,,,,,,,,,,,,,,,,,,,,,,,,,,,,,,,,,,,,,,,,,,,,,,,,,,,,,,,,0,,,,,0.18360,0.09820,0.01994,0.97000,0.00000,0.00000,0.24311
3480.5906,0,0,20.80,0.00,27.21,0.25447,0.02167,0.59854,,,,0,0,0.21961,-0.00098,0.06018,0.21953,-0.00098,0.06007,,,nan,0.00000,-0.20964,0.34636,1.43401,0.00000,1.00000,0.00000,-0.21000,0.34600,1.43400,0.00000,1.00000,16,0.18300,-0.04970,0.01494,0.18360,0.09820,0,0.99122,0.00000,0.00000,-0.13221,,0,,,,,,,,,,,,,,,,,,,,,,,,,,,,,,,,,,,,,,,,,,,,,,,,,,,,,,,,,,,,,,,,,,,,,,,,,,,,,,,,,,,,,,,,,,,,,,,,,,,,,,,,,,,,,,,,,,,,,,,,,,,,,,,0,,,,,0.18360,0.09820,0.01994,0.97000,0.00000,0.00000,0.24311
3480.6234,0,0,23.29,0.00,28.82,0.25447,0.02167,0.59854,,,,0,0,0.21961,-0.00098,0.06018,0.21953,-0.00098,0.06007,,,nan,0.00000,-0.20964,0.34636,1.43401,0.00000,1.00000,0.00000,-0.21000,0.34600,1.43400,0.00000,1.00000,16,0.18300,-0.04970,0.01494,0.18360,0.09820,0,0.99122,0.00000,0.00000,-0.13221,,0,,,,,,,,,,,,,,,,,,,,,,,,,,,,,,,,,,,,,,,,,,,,,,,,,,,,,,,,,,,,,,,,,,,,,,,,,,,,,,,,,,,,,,,,,,,,,,,,,,,,,,,,,,,,,,,,,,,,,,,,,,,,,,,0,,,,,0.18360,0.09820,0.01994,0.97000,0.00000,0.00000,0.24311
3480.6521,0,0,18.76,0.00,24.80,0.25447,0.02167,0.59854,,,,0,0,0.21961,-0.00098,0.06018,0.21953,-0.00098,0.06007,,,nan,0.00000,-0.20964,0.34636,1.43401,0.00000,1.00000,0.00000,-0.21000,0.34600,1.43400,0.00000,1.00000,16,0.18300,-0.04970,0.01494,0.18360,0.09820,0,0.99122,0.00000,0.00000,-0.13221,,0,,,,,,,,,,,,,,,,,,,,,,,,,,,,,,,,,,,,,,,,,,,,,,,,,,,,,,,,,,,,,,,,,,,,,,,,,,,,,,,,,,,,,,,,,,,,,,,,,,,,,,,,,,,,,,,,,,,,,,,,,,,,,,,0,,,,,0.18360,0.09820,0.01994,0.97000,0.00000,0.00000,0.24311
3480.6794,0,0,18.73,0.00,24.15,0.25447,0.02167,0.59854,,,,0,0,0.21961,-0.00098,0.06018,0.21953,-0.00098,0.06007,,,nan,0.00000,-0.20964,0.34636,1.43401,0.00000,1.00000,0.00000,-0.21000,0.34600,1.43400,0.00000,1.00000,16,0.18300,-0.04970,0.01494,0.18360,0.09820,0,0.99122,0.00000,0.00000,-0.13221,,0,,,,,,,,,,,,,,,,,,,,,,,,,,,,,,,,,,,,,,,,,,,,,,,,,,,,,,,,,,,,,,,,,,,,,,,,,,,,,,,,,,,,,,,,,,,,,,,,,,,,,,,,,,,,,,,,,,,,,,,,,,,,,,,0,,,,,0.18360,0.09820,0.01994,0.97000,0.00000,0.00000,0.24311
3480.7092,0,0,18.86,0.00,25.42,0.25447,0.02167,0.59854,,,,0,0,0.21961,-0.00098,0.06018,0.21953,-0.00098,0.06007,,,nan,0.00000,-0.20964,0.34636,1.43401,0.00000,1.00000,0.00000,-0.21000,0.34600,1.43400,0.00000,1.00000,16,0.18300,-0.04970,0.01494,0.18360,0.09820,0,0.99122,0.00000,0.00000,-0.13221,,0,,,,,,,,,,,,,,,,,,,,,,,,,,,,,,,,,,,,,,,,,,,,,,,,,,,,,,,,,,,,,,,,,,,,,,,,,,,,,,,,,,,,,,,,,,,,,,,,,,,,,,,,,,,,,,,,,,,,,,,,,,,,,,,0,,,,,0.18360,0.09820,0.01994,0.97000,0.00000,0.00000,0.24311
3480.7374,0,0,17.58,0.00,24.14,0.25447,0.02167,0.59854,,,,0,0,0.21961,-0.00098,0.06018,0.21953,-0.00098,0.06007,,,nan,0.00000,-0.20964,0.34636,1.43401,0.00000,1.00000,0.00000,-0.21000,0.34600,1.43400,0.00000,1.00000,16,0.18300,-0.04970,0.01494,0.18360,0.09820,0,0.99122,0.00000,0.00000,-0.13221,,0,,,,,,,,,,,,,,,,,,,,,,,,,,,,,,,,,,,,,,,,,,,,,,,,,,,,,,,,,,,,,,,,,,,,,,,,,,,,,,,,,,,,,,,,,,,,,,,,,,,,,,,,,,,,,,,,,,,,,,,,,,,,,,,0,,,,,0.18360,0.09820,0.01994,0.97000,0.00000,0.00000,0.24311
3480.7649,0,0,17.83,0.00,23.53,0.25447,0.02167,0.59854,,,,0,0,0.21961,-0.00098,0.06018,0.21953,-0.00098,0.06007,,,nan,0.00000,-0.20964,0.34636,1.43401,0.00000,1.00000,0.00000,-0.21000,0.34600,1.43400,0.00000,1.00000,16,0.18300,-0.04970,0.01494,0.18360,0.09820,0,0.99122,0.00000,0.00000,-0.13221,,0,,,,,,,,,,,,,,,,,,,,,,,,,,,,,,,,,,,,,,,,,,,,,,,,,,,,,,,,,,,,,,,,,,,,,,,,,,,,,,,,,,,,,,,,,,,,,,,,,,,,,,,,,,,,,,,,,,,,,,,,,,,,,,,0,,,,,0.18360,0.09820,0.01994,0.97000,0.00000,0.00000,0.24311
3480.7974,0,0,22.74,0.00,28.98,0.25447,0.02167,0.59854,,,,0,0,0.21961,-0.00098,0.06018,0.21953,-0.00098,0.06007,,,nan,0.00000,-0.20964,0.34636,1.43401,0.00000,1.00000,0.00000,-0.21000,0.34600,1.43400,0.00000,1.00000,16,0.18300,-0.04970,0.01494,0.18360,0.09820,0,0.99122,0.00000,0.00000,-0.13221,,0,,,,,,,,,,,,,,,,,,,,,,,,,,,,,,,,,,,,,,,,,,,,,,,,,,,,,,,,,,,,,,,,,,,,,,,,,,,,,,,,,,,,,,,,,,,,,,,,,,,,,,,,,,,,,,,,,,,,,,,,,,,,,,,0,,,,,0.18360,0.09820,0.01994,0.97000,0.00000,0.00000,0.24311
3480.8242,0,0,16.87,0.00,22.99,0.25447,0.02167,0.59854,,,,0,0,0.21961,-0.00098,0.06018,0.21953,-0.00098,0.06007,,,nan,0.00000,-0.20964,0.34636,1.43401,0.00000,1.00000,0.00000,-0.21000,0.34600,1.43400,0.00000,1.00000,16,0.18300,-0.04970,0.01494,0.18360,0.09820,0,0.99122,0.00000,0.00000,-0.13221,,0,,,,,,,,,,,,,,,,,,,,,,,,,,,,,,,,,,,,,,,,,,,,,,,,,,,,,,,,,,,,,,,,,,,,,,,,,,,,,,,,,,,,,,,,,,,,,,,,,,,,,,,,,,,,,,,,,,,,,,,,,,,,,,,0,,,,,0.18360,0.09820,0.01994,0.97000,0.00000,0.00000,0.24311
3480.8783,0,0,23.29,0.00,50.49,0.25447,0.02167,0.59854,,,,0,0,0.21961,-0.00098,0.06018,0.21953,-0.00098,0.06007,,,nan,0.00000,-0.20964,0.34636,1.43401,0.00000,1.00000,0.00000,-0.21000,0.34600,1.43400,0.00000,1.00000,16,0.18300,-0.04970,0.01494,0.18360,0.09820,0,0.99122,-0.00000,-0.00000,-0.13221,,0,,,,,,,,,,,,,,,,,,,,,,,,,,,,,,,,,,,,,,,,,,,,,,,,,,,,,,,,,,,,,,,,,,,,,,,,,,,,,,,,,,,,,,,,,,,,,,,,,,,,,,,,,,,,,,,,,,,,,,,,,,,,,,,0,,,,,0.18360,0.09820,0.01994,0.97000,0.00000,0.00000,0.24311
3480.9126,0,0,24.55,0.00,30.31,0.25447,0.02167,0.59854,,,,0,0,0.21961,-0.00098,0.06018,0.21953,-0.00098,0.06007,,,nan,0.00000,-0.20964,0.34636,1.43401,0.00000,1.00000,0.00000,-0.21000,0.34600,1.43400,0.00000,1.00000,16,0.18300,-0.04970,0.01494,0.18360,0.09820,0,0.99122,-0.00000,-0.00000,-0.13221,,0,,,,,,,,,,,,,,,,,,,,,,,,,,,,,,,,,,,,,,,,,,,,,,,,,,,,,,,,,,,,,,,,,,,,,,,,,,,,,,,,,,,,,,,,,,,,,,,,,,,,,,,,,,,,,,,,,,,,,,,,,,,,,,,0,,,,,0.18360,0.09820,0.01994,0.97000,0.00000,0.00000,0.24311
3480.9388,0,0,16.79,0.00,22.28,0.25447,0.02167,0.59854,,,,0,0,0.21961,-0.00098,0.06018,0.21953,-0.00098,0.06007,,,nan,0.00000,-0.20964,0.34636,1.43401,0.00000,1.00000,0.00000,-0.21000,0.34600,1.43400,0.00000,1.00000,16,0.18300,-0.04970,0.01494,0.18360,0.09820,0,0.99122,-0.00000,-0.00000,-0.13221,,0,,,,,,,,,,,,,,,,,,,,,,,,,,,,,,,,,,,,,,,,,,,,,,,,,,,,,,,,,,,,,,,,,,,,,,,,,,,,,,,,,,,,,,,,,,,,,,,,,,,,,,,,,,,,,,,,,,,,,,,,,,,,,,,0,,,,,0.18360,0.09820,0.01994,0.97000,0.00000,0.00000,0.24311
3480.9679,0,0,17.22,0.00,25.35,0.25447,0.02167,0.59854,,,,0,0,0.21961,-0.00098,0.06018,0.21953,-0.00098,0.06007,,,nan,0.00000,-0.20964,0.34636,1.43401,0.00000,1.00000,0.00000,-0.21000,0.34600,1.43400,0.00000,1.00000,16,0.18300,-0.04970,0.01494,0.18360,0.09820,0,0.99122,-0.00000,-0.00000,-0.13221,,0,,,,,,,,,,,,,,,,,,,,,,,,,,,,,,,,,,,,,,,,,,,,,,,,,,,,,,,,,,,,,,,,,,,,,,,,,,,,,,,,,,,,,,,,,,,,,,,,,,,,,,,,,,,,,,,,,,,,,,,,,,,,,,,0,,,,,0.18360,0.09820,0.01994,0.97000,0.00000,0.00000,0.24311
3481.0003,0,0,17.55,0.00,28.19,0.25447,0.02167,0.59854,,,,0,0,0.21961,-0.00098,0.06018,0.21953,-0.00098,0.06007,,,nan,0.00000,-0.20964,0.34636,1.43401,0.00000,1.00000,0.00000,-0.21000,0.34600,1.43400,0.00000,1.00000,16,0.18300,-0.04970,0.01494,0.18360,0.09820,0,0.99122,-0.00000,-0.00000,-0.13221,,0,,,,,,,,,,,,,,,,,,,,,,,,,,,,,,,,,,,,,,,,,,,,,,,,,,,,,,,,,,,,,,,,,,,,,,,,,,,,,,,,,,,,,,,,,,,,,,,,,,,,,,,,,,,,,,,,,,,,,,,,,,,,,,,0,,,,,0.18360,0.09820,0.01994,0.97000,0.00000,0.00000,0.24311
3481.0316,0,0,18.06,0.00,27.60,0.25447,0.02167,0.59854,,,,0,0,0.21961,-0.00098,0.06018,0.21953,-0.00098,0.06007,,,nan,0.00000,-0.20964,0.34636,1.43401,0.00000,1.00000,0.00000,-0.21000,0.34600,1.43400,0.00000,1.00000,16,0.18300,-0.04970,0.01494,0.18360,0.09820,0,0.99122,-0.00000,0.00000,-0.13221,,0,,,,,,,,,,,,,,,,,,,,,,,,,,,,,,,,,,,,,,,,,,,,,,,,,,,,,,,,,,,,,,,,,,,,,,,,,,,,,,,,,,,,,,,,,,,,,,,,,,,,,,,,,,,,,,,,,,,,,,,,,,,,,,,0,,,,,0.18360,0.09820,0.01994,0.97000,0.00000,0.00000,0.24311
3481.0674,0,0,20.75,0.00,31.17,0.25447,0.02167,0.59854,,,,0,0,0.21961,-0.00098,0.06018,0.21953,-0.00098,0.06007,,,nan,0.00000,-0.20964,0.34636,1.43401,0.00000,1.00000,0.00000,-0.21000,0.34600,1.43400,0.00000,1.00000,16,0.18300,-0.04970,0.01494,0.18360,0.09820,0,0.99122,-0.00000,0.00000,-0.13221,,0,,,,,,,,,,,,,,,,,,,,,,,,,,,,,,,,,,,,,,,,,,,,,,,,,,,,,,,,,,,,,,,,,,,,,,,,,,,,,,,,,,,,,,,,,,,,,,,,,,,,,,,,,,,,,,,,,,,,,,,,,,,,,,,0,,,,,0.18360,0.09820,0.01994,0.97000,0.00000,0.00000,0.24311
3481.1090,0,0,30.57,0.00,37.48,0.25447,0.02167,0.59854,,,,0,0,0.21961,-0.00098,0.06018,0.21953,-0.00098,0.06007,,,nan,0.00000,-0.20964,0.34636,1.43401,0.00000,1.00000,0.00000,-0.21000,0.34600,1.43400,0.00000,1.00000,16,0.18300,-0.04970,0.01494,0.18360,0.09820,0,0.99122,0.00000,-0.00000,-0.13221,,0,,,,,,,,,,,,,,,,,,,,,,,,,,,,,,,,,,,,,,,,,,,,,,,,,,,,,,,,,,,,,,,,,,,,,,,,,,,,,,,,,,,,,,,,,,,,,,,,,,,,,,,,,,,,,,,,,,,,,,,,,,,,,,,0,,,,,0.18360,0.09820,0.01994,0.97000,0.00000,0.00000,0.24311
3481.1559,0,0,35.70,0.00,42.34,0.25447,0.02167,0.59854,,,,0,0,0.21961,-0.00098,0.06018,0.21953,-0.00098,0.06007,,,nan,0.00000,-0.20964,0.34636,1.43401,0.00000,1.00000,0.00000,-0.21000,0.34600,1.43400,0.00000,1.00000,16,0.18300,-0.04970,0.01494,0.18360,0.09820,0,0.99122,-0.00000,-0.00000,-0.13221,,0,,,,,,,,,,,,,,,,,,,,,,,,,,,,,,,,,,,,,,,,,,,,,,,,,,,,,,,,,,,,,,,,,,,,,,,,,,,,,,,,,,,,,,,,,,,,,,,,,,,,,,,,,,,,,,,,,,,,,,,,,,,,,,,0,,,,,0.18360,0.09820,0.01994,0.97000,0.00000,0.00000,0.24311
3481.1967,0,0,30.42,0.00,36.08,0.25447,0.02167,0.59854,,,,0,0,0.21961,-0.00098,0.06018,0.21953,-0.00098,0.06007,,,nan,0.00000,-0.20964,0.34636,1.43401,0.00000,1.00000,0.00000,-0.21000,0.34600,1.43400,0.00000,1.00000,16,0.18300,-0.04970,0.01494,0.18360,0.09820,0,0.99122,0.00000,0.00000,-0.13221,,0,,,,,,,,,,,,,,,,,,,,,,,,,,,,,,,,,,,,,,,,,,,,,,,,,,,,,,,,,,,,,,,,,,,,,,,,,,,,,,,,,,,,,,,,,,,,,,,,,,,,,,,,,,,,,,,,,,,,,,,,,,,,,,,0,,,,,0.18360,0.09820,0.01994,0.97000,-0.00000,-0.00000,0.24311
3481.2453,0,0,38.78,0.00,44.50,0.25447,0.02167,0.59854,,,,0,0,0.21961,-0.00098,0.06018,0.21953,-0.00098,0.06007,,,nan,0.00000,-0.20964,0.34636,1.43401,0.00000,1.00000,0.00000,-0.21000,0.34600,1.43400,0.00000,1.00000,16,0.18300,-0.04970,0.01494,0.18360,0.09820,0,0.99122,-0.00000,0.00000,-0.13221,,0,,,,,,,,,,,,,,,,,,,,,,,,,,,,,,,,,,,,,,,,,,,,,,,,,,,,,,,,,,,,,,,,,,,,,,,,,,,,,,,,,,,,,,,,,,,,,,,,,,,,,,,,,,,,,,,,,,,,,,,,,,,,,,,0,,,,,0.18360,0.09820,0.01994,0.97000,-0.00000,-0.00000,0.24311
3481.2884,0,0,33.06,0.00,39.55,0.25447,0.02167,0.59854,,,,0,0,0.21961,-0.00098,0.06018,0.21953,-0.00098,0.06007,,,nan,0.00000,-0.20964,0.34636,1.43401,0.00000,1.00000,0.00000,-0.21000,0.34600,1.43400,0.00000,1.00000,16,0.18300,-0.04970,0.01494,0.18360,0.09820,0,0.99122,-0.00000,-0.00000,-0.13221,,0,,,,,,,,,,,,,,,,,,,,,,,,,,,,,,,,,,,,,,,,,,,,,,,,,,,,,,,,,,,,,,,,,,,,,,,,,,,,,,,,,,,,,,,,,,,,,,,,,,,,,,,,,,,,,,,,,,,,,,,,,,,,,,,0,,,,,0.18360,0.09820,0.01994,0.97000,-0.00000,-0.00000,0.24311
3481.3312,0,0,32.18,0.00,38.13,0.25447,0.02167,0.59854,,,,0,0,0.21961,-0.00098,0.06018,0.21953,-0.00098,0.06007,,,nan,0.00000,-0.20964,0.34636,1.43401,0.00000,1.00000,0.00000,-0.21000,0.34600,1.43400,0.00000,1.00000,16,0.18300,-0.04970,0.01494,0.18360,0.09820,0,0.99122,-0.00000,-0.00000,-0.13221,,0,,,,,,,,,,,,,,,,,,,,,,,,,,,,,,,,,,,,,,,,,,,,,,,,,,,,,,,,,,,,,,,,,,,,,,,,,,,,,,,,,,,,,,,,,,,,,,,,,,,,,,,,,,,,,,,,,,,,,,,,,,,,,,,0,,,,,0.18360,0.09820,0.01994,0.97000,-0.00000,0.00000,0.24311
3481.3720,0,0,30.35,0.00,36.14,0.25447,0.02167,0.59854,,,,0,0,0.21961,-0.00098,0.06018,0.21953,-0.00098,0.06007,,,nan,0.00000,-0.20964,0.34636,1.43401,0.00000,1.00000,0.00000,-0.21000,0.34600,1.43400,0.00000,1.00000,16,0.18300,-0.04970,0.01494,0.18360,0.09820,0,0.99122,-0.00000,-0.00000,-0.13221,,0,,,,,,,,,,,,,,,,,,,,,,,,,,,,,,,,,,,,,,,,,,,,,,,,,,,,,,,,,,,,,,,,,,,,,,,,,,,,,,,,,,,,,,,,,,,,,,,,,,,,,,,,,,,,,,,,,,,,,,,,,,,,,,,0,,,,,0.18360,0.09820,0.01994,0.97000,-0.00000,0.00000,0.24311
3481.4194,0,0,36.40,0.00,43.27,0.25447,0.02167,0.59854,,,,0,0,0.21961,-0.00098,0.06018,0.21953,-0.00098,0.06007,,,nan,0.00000,-0.20964,0.34636,1.43401,0.00000,1.00000,0.00000,-0.21000,0.34600,1.43400,0.00000,1.00000,16,0.18300,-0.04970,0.01494,0.18360,0.09820,0,0.99122,-0.00000,0.00000,-0.13221,,0,,,,,,,,,,,,,,,,,,,,,,,,,,,,,,,,,,,,,,,,,,,,,,,,,,,,,,,,,,,,,,,,,,,,,,,,,,,,,,,,,,,,,,,,,,,,,,,,,,,,,,,,,,,,,,,,,,,,,,,,,,,,,,,0,,,,,0.18360,0.09820,0.01994,0.97000,-0.00000,-0.00000,0.24311
3481.4670,0,0,37.74,0.00,43.72,0.25447,0.02167,0.59854,,,,0,0,0.21961,-0.00098,0.06018,0.21953,-0.00098,0.06007,,,nan,0.00000,-0.20964,0.34636,1.43401,0.00000,1.00000,0.00000,-0.21000,0.34600,1.43400,0.00000,1.00000,16,0.18300,-0.04970,0.01494,0.18360,0.09820,0,0.99122,0.00000,-0.00000,-0.13221,,0,,,,,,,,,,,,,,,,,,,,,,,,,,,,,,,,,,,,,,,,,,,,,,,,,,,,,,,,,,,,,,,,,,,,,,,,,,,,,,,,,,,,,,,,,,,,,,,,,,,,,,,,,,,,,,,,,,,,,,,,,,,,,,,0,,,,,0.18360,0.09820,0.01994,0.97000,-0.00000,-0.00000,0.24311
3481.5150,0,0,37.17,0.00,43.75,0.25447,0.02167,0.59854,,,,0,0,0.21961,-0.00098,0.06018,0.21953,-0.00098,0.06007,,,nan,0.00000,-0.20964,0.34636,1.43401,0.00000,1.00000,0.00000,-0.21000,0.34600,1.43400,0.00000,1.00000,16,0.18300,-0.04970,0.01494,0.18360,0.09820,0,0.99122,0.00000,-0.00000,-0.13221,,0,,,,,,,,,,,,,,,,,,,,,,,,,,,,,,,,,,,,,,,,,,,,,,,,,,,,,,,,,,,,,,,,,,,,,,,,,,,,,,,,,,,,,,,,,,,,,,,,,,,,,,,,,,,,,,,,,,,,,,,,,,,,,,,0,,,,,0.18360,0.09820,0.01994,0.97000,-0.00000,0.00000,0.24311
3481.5464,0,0,21.29,0.00,26.88,0.25447,0.02167,0.59854,,,,0,0,0.21961,-0.00098,0.06018,0.21953,-0.00098,0.06007,,,nan,0.00000,-0.20964,0.34636,1.43401,0.00000,1.00000,0.00000,-0.21000,0.34600,1.43400,0.00000,1.00000,16,0.18300,-0.04970,0.01494,0.18360,0.09820,0,0.99122,-0.00000,0.00000,-0.13221,,0,,,,,,,,,,,,,,,,,,,,,,,,,,,,,,,,,,,,,,,,,,,,,,,,,,,,,,,,,,,,,,,,,,,,,,,,,,,,,,,,,,,,,,,,,,,,,,,,,,,,,,,,,,,,,,,,,,,,,,,,,,,,,,,0,,,,,0.18360,0.09820,0.01994,0.97000,-0.00000,0.00000,0.24311
3481.5885,0,0,31.97,0.00,38.44,0.25447,0.02167,0.59854,,,,0,0,0.21961,-0.00098,0.06018,0.21953,-0.00098,0.06007,,,nan,0.00000,-0.20964,0.34636,1.43401,0.00000,1.00000,0.00000,-0.21000,0.34600,1.43400,0.00000,1.00000,16,0.18300,-0.04970,0.01494,0.18360,0.09820,0,0.99122,-0.00000,0.00000,-0.13221,,0,,,,,,,,,,,,,,,,,,,,,,,,,,,,,,,,,,,,,,,,,,,,,,,,,,,,,,,,,,,,,,,,,,,,,,,,,,,,,,,,,,,,,,,,,,,,,,,,,,,,,,,,,,,,,,,,,,,,,,,,,,,,,,,0,,,,,0.18360,0.09820,0.01994,0.97000,0.00000,-0.00000,0.24311
3481.6345,0,0,34.17,0.00,41.29,0.25447,0.02167,0.59854,,,,0,0,0.21961,-0.00098,0.06018,0.21953,-0.00098,0.06007,,,nan,0.00000,-0.20964,0.34636,1.43401,0.00000,1.00000,0.00000,-0.21000,0.34600,1.43400,0.00000,1.00000,16,0.18300,-0.04970,0.01494,0.18360,0.09820,0,0.99122,-0.00000,-0.00000,-0.13221,,0,,,,,,,,,,,,,,,,,,,,,,,,,,,,,,,,,,,,,,,,,,,,,,,,,,,,,,,,,,,,,,,,,,,,,,,,,,,,,,,,,,,,,,,,,,,,,,,,,,,,,,,,,,,,,,,,,,,,,,,,,,,,,,,0,,,,,0.18360,0.09820,0.01994,0.97000,0.00000,0.00000,0.24311
3481.6776,0,0,33.22,0.00,38.81,0.25447,0.02167,0.59854,,,,0,0,0.21961,-0.00098,0.06018,0.21953,-0.00098,0.06007,,,nan,0.00000,-0.20964,0.34636,1.43401,0.00000,1.00000,0.00000,-0.21000,0.34600,1.43400,0.00000,1.00000,16,0.18300,-0.04970,0.01494,0.18360,0.09820,0,0.99122,-0.00000,-0.00000,-0.13221,,0,,,,,,,,,,,,,,,,,,,,,,,,,,,,,,,,,,,,,,,,,,,,,,,,,,,,,,,,,,,,,,,,,,,,,,,,,,,,,,,,,,,,,,,,,,,,,,,,,,,,,,,,,,,,,,,,,,,,,,,,,,,,,,,0,,,,,0.18360,0.09820,0.01994,0.97000,0.00000,-0.00000,0.24311
3481.7181,0,0,29.72,0.00,36.58,0.25447,0.02167,0.59854,,,,0,0,0.21961,-0.00098,0.06018,0.21953,-0.00098,0.06007,,,nan,0.00000,-0.20964,0.34636,1.43401,0.00000,1.00000,0.00000,-0.21000,0.34600,1.43400,0.00000,1.00000,16,0.18300,-0.04970,0.01494,0.18360,0.09820,0,0.99122,0.00000,0.00000,-0.13221,,0,,,,,,,,,,,,,,,,,,,,,,,,,,,,,,,,,,,,,,,,,,,,,,,,,,,,,,,,,,,,,,,,,,,,,,,,,,,,,,,,,,,,,,,,,,,,,,,,,,,,,,,,,,,,,,,,,,,,,,,,,,,,,,,0,,,,,0.18360,0.09820,0.01994,0.97000,-0.00000,-0.00000,0.24311
3481.7592,0,0,30.63,0.00,36.39,0.25447,0.02167,0.59854,,,,0,0,0.21961,-0.00098,0.06018,0.21953,-0.00098,0.06007,,,nan,0.00000,-0.20964,0.34636,1.43401,0.00000,1.00000,0.00000,-0.21000,0.34600,1.43400,0.00000,1.00000,16,0.18300,-0.04970,0.01494,0.18360,0.09820,0,0.99122,0.00000,0.00000,-0.13221,,0,,,,,,,,,,,,,,,,,,,,,,,,,,,,,,,,,,,,,,,,,,,,,,,,,,,,,,,,,,,,,,,,,,,,,,,,,,,,,,,,,,,,,,,,,,,,,,,,,,,,,,,,,,,,,,,,,,,,,,,,,,,,,,,0,,,,,0.18360,0.09820,0.01994,0.97000,-0.00000,-0.00000,0.24311
3481.8043,0,0,35.05,0.00,41.47,0.25447,0.02167,0.59854,,,,0,0,0.21961,-0.00098,0.06018,0.21953,-0.00098,0.06007,,,nan,0.00000,-0.20964,0.34636,1.43401,0.00000,1.00000,0.00000,-0.21000,0.34600,1.43400,0.00000,1.00000,16,0.18300,-0.04970,0.01494,0.18360,0.09820,0,0.99122,-0.00000,0.00000,-0.13221,,0,,,,,,,,,,,,,,,,,,,,,,,,,,,,,,,,,,,,,,,,,,,,,,,,,,,,,,,,,,,,,,,,,,,,,,,,,,,,,,,,,,,,,,,,,,,,,,,,,,,,,,,,,,,,,,,,,,,,,,,,,,,,,,,0,,,,,0.18360,0.09820,0.01994,0.97000,-0.00000,-0.00000,0.24311
3481.8465,0,0,33.23,0.00,39.07,0.25447,0.02167,0.59854,,,,0,0,0.21961,-0.00098,0.06018,0.21953,-0.00098,0.06007,,,nan,0.00000,-0.20964,0.34636,1.43401,0.00000,1.00000,0.00000,-0.21000,0.34600,1.43400,0.00000,1.00000,16,0.18300,-0.04970,0.01494,0.18360,0.09820,0,0.99122,0.00000,-0.00000,-0.13221,,0,,,,,,,,,,,,,,,,,,,,,,,,,,,,,,,,,,,,,,,,,,,,,,,,,,,,,,,,,,,,,,,,,,,,,,,,,,,,,,,,,,,,,,,,,,,,,,,,,,,,,,,,,,,,,,,,,,,,,,,,,,,,,,,0,,,,,0.18360,0.09820,0.01994,0.97000,0.00000,-0.00000,0.24311
3481.8906,0,0,33.62,0.00,39.81,0.25447,0.02167,0.59854,,,,0,0,0.21961,-0.00098,0.06018,0.21953,-0.00098,0.06007,,,nan,0.00000,-0.20964,0.34636,1.43401,0.00000,1.00000,0.00000,-0.21000,0.34600,1.43400,0.00000,1.00000,16,0.18300,-0.04970,0.01494,0.18360,0.09820,0,0.99122,-0.00000,0.00000,-0.13221,,0,,,,,,,,,,,,,,,,,,,,,,,,,,,,,,,,,,,,,,,,,,,,,,,,,,,,,,,,,,,,,,,,,,,,,,,,,,,,,,,,,,,,,,,,,,,,,,,,,,,,,,,,,,,,,,,,,,,,,,,,,,,,,,,0,,,,,0.18360,0.09820,0.01994,0.97000,0.00000,0.00000,0.24311
3481.9349,0,0,34.08,0.00,40.13,0.25447,0.02167,0.59854,,,,0,0,0.21961,-0.00098,0.06018,0.21953,-0.00098,0.06007,,,nan,0.00000,-0.20964,0.34636,1.43401,0.00000,1.00000,0.00000,-0.21000,0.34600,1.43400,0.00000,1.00000,16,0.18300,-0.04970,0.01494,0.18360,0.09820,0,0.99122,0.00000,-0.00000,-0.13221,,0,,,,,,,,,,,,,,,,,,,,,,,,,,,,,,,,,,,,,,,,,,,,,,,,,,,,,,,,,,,,,,,,,,,,,,,,,,,,,,,,,,,,,,,,,,,,,,,,,,,,,,,,,,,,,,,,,,,,,,,,,,,,,,,0,,,,,0.18360,0.09820,0.01994,0.97000,-0.00000,-0.00000,0.24311
3481.9838,0,0,38.53,0.00,44.57,0.25447,0.02167,0.59854,,,,0,0,0.21961,-0.00098,0.06018,0.21953,-0.00098,0.06007,,,nan,0.00000,-0.20964,0.34636,1.43401,0.00000,1.00000,0.00000,-0.21000,0.34600,1.43400,0.00000,1.00000,16,0.18300,-0.04970,0.01494,0.18360,0.09820,0,0.99122,-0.00000,0.00000,-0.13221,,0,,,,,,,,,,,,,,,,,,,,,,,,,,,,,,,,,,,,,,,,,,,,,,,,,,,,,,,,,,,,,,,,,,,,,,,,,,,,,,,,,,,,,,,,,,,,,,,,,,,,,,,,,,,,,,,,,,,,,,,,,,,,,,,0,,,,,0.18360,0.09820,0.01994,0.97000,-0.00000,0.00000,0.24311
3482.0290,0,0,35.74,0.00,41.17,0.25447,0.02167,0.59854,,,,0,0,0.21961,-0.00098,0.06018,0.21953,-0.00098,0.06007,,,nan,0.00000,-0.20964,0.34636,1.43401,0.00000,1.00000,0.00000,-0.21000,0.34600,1.43400,0.00000,1.00000,16,0.18300,-0.04970,0.01494,0.18360,0.09820,0,0.99122,-0.00000,-0.00000,-0.13221,,0,,,,,,,,,,,,,,,,,,,,,,,,,,,,,,,,,,,,,,,,,,,,,,,,,,,,,,,,,,,,,,,,,,,,,,,,,,,,,,,,,,,,,,,,,,,,,,,,,,,,,,,,,,,,,,,,,,,,,,,,,,,,,,,0,,,,,0.18360,0.09820,0.01994,0.97000,-0.00000,0.00000,0.24311
3482.0709,0,0,30.42,0.00,37.71,0.25447,0.02167,0.59854,,,,0,0,0.21961,-0.00098,0.06018,0.21953,-0.00098,0.06007,,,nan,0.00000,-0.20964,0.34636,1.43401,0.00000,1.00000,0.00000,-0.21000,0.34600,1.43400,0.00000,1.00000,16,0.18300,-0.04970,0.01494,0.18360,0.09820,0,0.99122,-0.00000,0.00000,-0.13221,,0,,,,,,,,,,,,,,,,,,,,,,,,,,,,,,,,,,,,,,,,,,,,,,,,,,,,,,,,,,,,,,,,,,,,,,,,,,,,,,,,,,,,,,,,,,,,,,,,,,,,,,,,,,,,,,,,,,,,,,,,,,,,,,,0,,,,,0.18360,0.09820,0.01994,0.97000,-0.00000,0.00000,0.24311
3482.0980,0,0,17.08,0.00,22.74,0.25447,0.02167,0.59854,,,,0,0,0.21961,-0.00098,0.06018,0.21953,-0.00098,0.06007,,,nan,0.00000,-0.20964,0.34636,1.43401,0.00000,1.00000,0.00000,-0.21000,0.34600,1.43400,0.00000,1.00000,16,0.18300,-0.04970,0.01494,0.18360,0.09820,0,0.99122,0.00000,0.00000,-0.13221,,0,,,,,,,,,,,,,,,,,,,,,,,,,,,,,,,,,,,,,,,,,,,,,,,,,,,,,,,,,,,,,,,,,,,,,,,,,,,,,,,,,,,,,,,,,,,,,,,,,,,,,,,,,,,,,,,,,,,,,,,,,,,,,,,0,,,,,0.18360,0.09820,0.01994,0.97000,0.00000,0.00000,0.24311
3482.1346,0,0,16.22,0.00,32.29,0.25447,0.02167,0.59854,,,,0,0,0.21961,-0.00098,0.06018,0.21953,-0.00098,0.06007,,,nan,0.00000,-0.20964,0.34636,1.43401,0.00000,1.00000,0.00000,-0.21000,0.34600,1.43400,0.00000,1.00000,16,0.18300,-0.04970,0.01494,0.18360,0.09820,0,0.99122,0.00000,-0.00000,-0.13221,,0,,,,,,,,,,,,,,,,,,,,,,,,,,,,,,,,,,,,,,,,,,,,,,,,,,,,,,,,,,,,,,,,,,,,,,,,,,,,,,,,,,,,,,,,,,,,,,,,,,,,,,,,,,,,,,,,,,,,,,,,,,,,,,,0,,,,,0.18360,0.09820,0.01994,0.97000,-0.00000,0.00000,0.24311
3482.1663,0,0,16.56,0.00,27.67,0.25447,0.02167,0.59854,,,,0,0,0.21961,-0.00098,0.06018,0.21953,-0.00098,0.06007,,,nan,0.00000,-0.20964,0.34636,1.43401,0.00000,1.00000,0.00000,-0.21000,0.34600,1.43400,0.00000,1.00000,16,0.18300,-0.04970,0.01494,0.18360,0.09820,0,0.99122,-0.00000,0.00000,-0.13221,,0,,,,,,,,,,,,,,,,,,,,,,,,,,,,,,,,,,,,,,,,,,,,,,,,,,,,,,,,,,,,,,,,,,,,,,,,,,,,,,,,,,,,,,,,,,,,,,,,,,,,,,,,,,,,,,,,,,,,,,,,,,,,,,,0,,,,,0.18360,0.09820,0.01994,0.97000,-0.00000,0.00000,0.24311
3482.1978,0,0,15.93,0.00,28.21,0.25447,0.02167,0.59854,,,,0,0,0.21961,-0.00098,0.06018,0.21953,-0.00098,0.06007,,,nan,0.00000,-0.20964,0.34636,1.43401,0.00000,1.00000,0.00000,-0.21000,0.34600,1.43400,0.00000,1.00000,16,0.18300,-0.04970,0.01494,0.18360,0.09820,0,0.99122,-0.00000,0.00000,-0.13221,,0,,,,,,,,,,,,,,,,,,,,,,,,,,,,,,,,,,,,,,,,,,,,,,,,,,,,,,,,,,,,,,,,,,,,,,,,,,,,,,,,,,,,,,,,,,,,,,,,,,,,,,,,,,,,,,,,,,,,,,,,,,,,,,,0,,,,,0.18360,0.09820,0.01994,0.97000,-0.00000,-0.00000,0.24311
3482.2310,0,0,16.91,0.00,28.92,0.25447,0.02167,0.59854,,,,0,0,0.21961,-0.00098,0.06018,0.21953,-0.00098,0.06007,,,nan,0.00000,-0.20964,0.34636,1.43401,0.00000,1.00000,0.00000,-0.21000,0.34600,1.43400,0.00000,1.00000,16,0.18300,-0.04970,0.01494,0.18360,0.09820,0,0.99122,-0.00000,0.00000,-0.13221,,0,,,,,,,,,,,,,,,,,,,,,,,,,,,,,,,,,,,,,,,,,,,,,,,,,,,,,,,,,,,,,,,,,,,,,,,,,,,,,,,,,,,,,,,,,,,,,,,,,,,,,,,,,,,,,,,,,,,,,,,,,,,,,,,0,,,,,0.18360,0.09820,0.01994,0.97000,-0.00000,-0.00000,0.24311
3482.2794,0,0,33.22,0.00,43.78,0.25447,0.02167,0.59854,,,,0,0,0.21961,-0.00098,0.06018,0.21953,-0.00098,0.06007,,,nan,0.00000,-0.20964,0.34636,1.43401,0.00000,1.00000,0.00000,-0.21000,0.34600,1.43400,0.00000,1.00000,16,0.18300,-0.04970,0.01494,0.18360,0.09820,0,0.99122,-0.00000,0.00000,-0.13221,,0,,,,,,,,,,,,,,,,,,,,,,,,,,,,,,,,,,,,,,,,,,,,,,,,,,,,,,,,,,,,,,,,,,,,,,,,,,,,,,,,,,,,,,,,,,,,,,,,,,,,,,,,,,,,,,,,,,,,,,,,,,,,,,,0,,,,,0.18360,0.09820,0.01994,0.97000,-0.00000,-0.00000,0.24311
3482.3274,0,0,38.58,0.00,44.44,0.25447,0.02167,0.59854,,,,0,0,0.21961,-0.00098,0.06018,0.21953,-0.00098,0.06007,,,nan,0.00000,-0.20964,0.34636,1.43401,0.00000,1.00000,0.00000,-0.21000,0.34600,1.43400,0.00000,1.00000,16,0.18300,-0.04970,0.01494,0.18360,0.09820,0,0.99122,-0.00000,0.00000,-0.13221,,0,,,,,,,,,,,,,,,,,,,,,,,,,,,,,,,,,,,,,,,,,,,,,,,,,,,,,,,,,,,,,,,,,,,,,,,,,,,,,,,,,,,,,,,,,,,,,,,,,,,,,,,,,,,,,,,,,,,,,,,,,,,,,,,0,,,,,0.18360,0.09820,0.01994,0.97000,-0.00000,0.00000,0.24311
3482.3543,0,0,16.57,0.00,23.00,0.25447,0.02167,0.59854,,,,0,0,0.21961,-0.00098,0.06018,0.21953,-0.00098,0.06007,,,nan,0.00000,-0.20964,0.34636,1.43401,0.00000,1.00000,0.00000,-0.21000,0.34600,1.43400,0.00000,1.00000,16,0.18300,-0.04970,0.01494,0.18360,0.09820,0,0.99122,-0.00000,0.00000,-0.13221,,0,,,,,,,,,,,,,,,,,,,,,,,,,,,,,,,,,,,,,,,,,,,,,,,,,,,,,,,,,,,,,,,,,,,,,,,,,,,,,,,,,,,,,,,,,,,,,,,,,,,,,,,,,,,,,,,,,,,,,,,,,,,,,,,0,,,,,0.18360,0.09820,0.01994,0.97000,-0.00000,0.00000,0.24311
3482.3815,0,0,16.80,0.00,22.87,0.25447,0.02167,0.59854,,,,0,0,0.21961,-0.00098,0.06018,0.21953,-0.00098,0.06007,,,nan,0.00000,-0.20964,0.34636,1.43401,0.00000,1.00000,0.00000,-0.21000,0.34600,1.43400,0.00000,1.00000,16,0.18300,-0.04970,0.01494,0.18360,0.09820,0,0.99122,-0.00000,-0.00000,-0.13221,,0,,,,,,,,,,,,,,,,,,,,,,,,,,,,,,,,,,,,,,,,,,,,,,,,,,,,,,,,,,,,,,,,,,,,,,,,,,,,,,,,,,,,,,,,,,,,,,,,,,,,,,,,,,,,,,,,,,,,,,,,,,,,,,,0,,,,,0.18360,0.09820,0.01994,0.97000,-0.00000,0.00000,0.24311
3482.4250,0,0,33.00,0.00,38.72,0.25447,0.02167,0.59854,,,,0,0,0.21961,-0.00098,0.06018,0.21953,-0.00098,0.06007,,,nan,0.00000,-0.20964,0.34636,1.43401,0.00000,1.00000,0.00000,-0.21000,0.34600,1.43400,0.00000,1.00000,16,0.18300,-0.04970,0.01494,0.18360,0.09820,0,0.99122,0.00000,0.00000,-0.13221,,0,,,,,,,,,,,,,,,,,,,,,,,,,,,,,,,,,,,,,,,,,,,,,,,,,,,,,,,,,,,,,,,,,,,,,,,,,,,,,,,,,,,,,,,,,,,,,,,,,,,,,,,,,,,,,,,,,,,,,,,,,,,,,,,0,,,,,0.18360,0.09820,0.01994,0.97000,0.00000,0.00000,0.24311
3482.4668,0,0,32.14,0.00,38.27,0.25447,0.02167,0.59854,,,,0,0,0.21961,-0.00098,0.06018,0.21953,-0.00098,0.06007,,,nan,0.00000,-0.20964,0.34636,1.43401,0.00000,1.00000,0.00000,-0.21000,0.34600,1.43400,0.00000,1.00000,16,0.18300,-0.04970,0.01494,0.18360,0.09820,0,0.99122,0.00000,-0.00000,-0.13221,,0,,,,,,,,,,,,,,,,,,,,,,,,,,,,,,,,,,,,,,,,,,,,,,,,,,,,,,,,,,,,,,,,,,,,,,,,,,,,,,,,,,,,,,,,,,,,,,,,,,,,,,,,,,,,,,,,,,,,,,,,,,,,,,,0,,,,,0.18360,0.09820,0.01994,0.97000,0.00000,-0.00000,0.24311
3482.5194,0,0,41.07,0.00,47.85,0.25447,0.02167,0.59854,,,,0,0,0.21961,-0.00098,0.06018,0.21953,-0.00098,0.06007,,,nan,0.00000,-0.20964,0.34636,1.43401,0.00000,1.00000,0.00000,-0.21000,0.34600,1.43400,0.00000,1.00000,16,0.18300,-0.04970,0.01494,0.18360,0.09820,0,0.99122,-0.00000,-0.00000,-0.13221,,0,,,,,,,,,,,,,,,,,,,,,,,,,,,,,,,,,,,,,,,,,,,,,,,,,,,,,,,,,,,,,,,,,,,,,,,,,,,,,,,,,,,,,,,,,,,,,,,,,,,,,,,,,,,,,,,,,,,,,,,,,,,,,,,0,,,,,0.18360,0.09820,0.01994,0.97000,-0.00000,-0.00000,0.24311
3482.5534,0,0,22.86,0.00,29.74,0.25447,0.02167,0.59854,,,,0,0,0.21961,-0.00098,0.06018,0.21953,-0.00098,0.06007,,,nan,0.00000,-0.20964,0.34636,1.43401,0.00000,1.00000,0.00000,-0.21000,0.34600,1.43400,0.00000,1.00000,16,0.18300,-0.04970,0.01494,0.18360,0.09820,0,0.99122,-0.00000,-0.00000,-0.13221,,0,,,,,,,,,,,,,,,,,,,,,,,,,,,,,,,,,,,,,,,,,,,,,,,,,,,,,,,,,,,,,,,,,,,,,,,,,,,,,,,,,,,,,,,,,,,,,,,,,,,,,,,,,,,,,,,,,,,,,,,,,,,,,,,0,,,,,0.18360,0.09820,0.01994,0.97000,-0.00000,-0.00000,0.24311
3482.5838,0,0,19.72,0.00,25.63,0.25447,0.02167,0.59854,,,,0,0,0.21961,-0.00098,0.06018,0.21953,-0.00098,0.06007,,,nan,0.00000,-0.20964,0.34636,1.43401,0.00000,1.00000,0.00000,-0.21000,0.34600,1.43400,0.00000,1.00000,16,0.18300,-0.04970,0.01494,0.18360,0.09820,0,0.99122,-0.00000,-0.00000,-0.13221,,0,,,,,,,,,,,,,,,,,,,,,,,,,,,,,,,,,,,,,,,,,,,,,,,,,,,,,,,,,,,,,,,,,,,,,,,,,,,,,,,,,,,,,,,,,,,,,,,,,,,,,,,,,,,,,,,,,,,,,,,,,,,,,,,0,,,,,0.18360,0.09820,0.01994,0.97000,-0.00000,-0.00000,0.24311
3482.6307,0,0,36.69,0.00,42.48,0.25447,0.02167,0.59854,,,,0,0,0.21961,-0.00098,0.06018,0.21953,-0.00098,0.06007,,,nan,0.00000,-0.20964,0.34636,1.43401,0.00000,1.00000,0.00000,-0.21000,0.34600,1.43400,0.00000,1.00000,16,0.18300,-0.04970,0.01494,0.18360,0.09820,0,0.99122,-0.00000,-0.00000,-0.13221,,0,,,,,,,,,,,,,,,,,,,,,,,,,,,,,,,,,,,,,,,,,,,,,,,,,,,,,,,,,,,,,,,,,,,,,,,,,,,,,,,,,,,,,,,,,,,,,,,,,,,,,,,,,,,,,,,,,,,,,,,,,,,,,,,0,,,,,0.18360,0.09820,0.01994,0.97000,0.00000,-0.00000,0.24311
3482.6610,0,0,19.13,0.00,25.52,0.25447,0.02167,0.59854,,,,0,0,0.21961,-0.00098,0.06018,0.21953,-0.00098,0.06007,,,nan,0.00000,-0.20964,0.34636,1.43401,0.00000,1.00000,0.00000,-0.21000,0.34600,1.43400,0.00000,1.00000,16,0.18300,-0.04970,0.01494,0.18360,0.09820,0,0.99122,0.00000,-0.00000,-0.13221,,0,,,,,,,,,,,,,,,,,,,,,,,,,,,,,,,,,,,,,,,,,,,,,,,,,,,,,,,,,,,,,,,,,,,,,,,,,,,,,,,,,,,,,,,,,,,,,,,,,,,,,,,,,,,,,,,,,,,,,,,,,,,,,,,0,,,,,0.18360,0.09820,0.01994,0.97000,0.00000,0.00000,0.24311
3482.6903,0,0,19.28,0.00,25.21,0.25447,0.02167,0.59854,,,,0,0,0.21961,-0.00098,0.06018,0.21953,-0.00098,0.06007,,,nan,0.00000,-0.20964,0.34636,1.43401,0.00000,1.00000,0.00000,-0.21000,0.34600,1.43400,0.00000,1.00000,16,0.18300,-0.04970,0.01494,0.18360,0.09820,0,0.99122,0.00000,0.00000,-0.13221,,0,,,,,,,,,,,,,,,,,,,,,,,,,,,,,,,,,,,,,,,,,,,,,,,,,,,,,,,,,,,,,,,,,,,,,,,,,,,,,,,,,,,,,,,,,,,,,,,,,,,,,,,,,,,,,,,,,,,,,,,,,,,,,,,0,,,,,0.18360,0.09820,0.01994,0.97000,0.00000,0.00000,0.24311
3482.7179,0,0,16.91,0.00,23.63,0.25447,0.02167,0.59854,,,,0,0,0.21961,-0.00098,0.06018,0.21953,-0.00098,0.06007,,,nan,0.00000,-0.20964,0.34636,1.43401,0.00000,1.00000,0.00000,-0.21000,0.34600,1.43400,0.00000,1.00000,16,0.18300,-0.04970,0.01494,0.18360,0.09820,0,0.99122,0.00000,0.00000,-0.13221,,0,,,,,,,,,,,,,,,,,,,,,,,,,,,,,,,,,,,,,,,,,,,,,,,,,,,,,,,,,,,,,,,,,,,,,,,,,,,,,,,,,,,,,,,,,,,,,,,,,,,,,,,,,,,,,,,,,,,,,,,,,,,,,,,0,,,,,0.18360,0.09820,0.01994,0.97000,0.00000,-0.00000,0.24311
3482.7480,0,0,19.16,0.00,24.68,0.25447,0.02167,0.59854,,,,0,0,0.21961,-0.00098,0.06018,0.21953,-0.00098,0.06007,,,nan,0.00000,-0.20964,0.34636,1.43401,0.00000,1.00000,0.00000,-0.21000,0.34600,1.43400,0.00000,1.00000,16,0.18300,-0.04970,0.01494,0.18360,0.09820,0,0.99122,0.00000,0.00000,-0.13221,,0,,,,,,,,,,,,,,,,,,,,,,,,,,,,,,,,,,,,,,,,,,,,,,,,,,,,,,,,,,,,,,,,,,,,,,,,,,,,,,,,,,,,,,,,,,,,,,,,,,,,,,,,,,,,,,,,,,,,,,,,,,,,,,,0,,,,,0.18360,0.09820,0.01994,0.97000,-0.00000,-0.00000,0.24311
3482.7747,0,0,16.89,0.00,22.35,0.25447,0.02167,0.59854,,,,0,0,0.21961,-0.00098,0.06018,0.21953,-0.00098,0.06007,,,nan,0.00000,-0.20964,0.34636,1.43401,0.00000,1.00000,0.00000,-0.21000,0.34600,1.43400,0.00000,1.00000,16,0.18300,-0.04970,0.01494,0.18360,0.09820,0,0.99122,0.00000,-0.00000,-0.13221,,0,,,,,,,,,,,,,,,,,,,,,,,,,,,,,,,,,,,,,,,,,,,,,,,,,,,,,,,,,,,,,,,,,,,,,,,,,,,,,,,,,,,,,,,,,,,,,,,,,,,,,,,,,,,,,,,,,,,,,,,,,,,,,,,0,,,,,0.18360,0.09820,0.01994,0.97000,-0.00000,-0.00000,0.24311
3482.8016,0,0,16.51,0.00,23.08,0.25447,0.02167,0.59854,,,,0,0,0.21961,-0.00098,0.06018,0.21953,-0.00098,0.06007,,,nan,0.00000,-0.20964,0.34636,1.43401,0.00000,1.00000,0.00000,-0.21000,0.34600,1.43400,0.00000,1.00000,16,0.18300,-0.04970,0.01494,0.18360,0.09820,0,0.99122,-0.00000,-0.00000,-0.13221,,0,,,,,,,,,,,,,,,,,,,,,,,,,,,,,,,,,,,,,,,,,,,,,,,,,,,,,,,,,,,,,,,,,,,,,,,,,,,,,,,,,,,,,,,,,,,,,,,,,,,,,,,,,,,,,,,,,,,,,,,,,,,,,,,0,,,,,0.18360,0.09820,0.01994,0.97000,-0.00000,0.00000,0.24311
3482.8283,0,0,16.69,0.00,22.26,0.25447,0.02167,0.59854,,,,0,0,0.21961,-0.00098,0.06018,0.21953,-0.00098,0.06007,,,nan,0.00000,-0.20964,0.34636,1.43401,0.00000,1.00000,0.00000,-0.21000,0.34600,1.43400,0.00000,1.00000,16,0.18300,-0.04970,0.01494,0.18360,0.09820,0,0.99122,-0.00000,-0.00000,-0.13221,,0,,,,,,,,,,,,,,,,,,,,,,,,,,,,,,,,,,,,,,,,,,,,,,,,,,,,,,,,,,,,,,,,,,,,,,,,,,,,,,,,,,,,,,,,,,,,,,,,,,,,,,,,,,,,,,,,,,,,,,,,,,,,,,,0,,,,,0.18360,0.09820,0.01994,0.97000,-0.00000,0.00000,0.24311
3482.8565,0,0,18.49,0.00,24.76,0.25447,0.02167,0.59854,,,,0,0,0.21961,-0.00098,0.06018,0.21953,-0.00098,0.06007,,,nan,0.00000,-0.20964,0.34636,1.43401,0.00000,1.00000,0.00000,-0.21000,0.34600,1.43400,0.00000,1.00000,16,0.18300,-0.04970,0.01494,0.18360,0.09820,0,0.99122,-0.00000,-0.00000,-0.13221,,0,,,,,,,,,,,,,,,,,,,,,,,,,,,,,,,,,,,,,,,,,,,,,,,,,,,,,,,,,,,,,,,,,,,,,,,,,,,,,,,,,,,,,,,,,,,,,,,,,,,,,,,,,,,,,,,,,,,,,,,,,,,,,,,0,,,,,0.18360,0.09820,0.01994,0.97000,0.00000,0.00000,0.24311
3482.8882,0,0,16.78,0.00,28.28,0.25447,0.02167,0.59854,,,,0,0,0.21961,-0.00098,0.06018,0.21953,-0.00098,0.06007,,,nan,0.00000,-0.20964,0.34636,1.43401,0.00000,1.00000,0.00000,-0.21000,0.34600,1.43400,0.00000,1.00000,16,0.18300,-0.04970,0.01494,0.18360,0.09820,0,0.99122,-0.00000,-0.00000,-0.13221,,0,,,,,,,,,,,,,,,,,,,,,,,,,,,,,,,,,,,,,,,,,,,,,,,,,,,,,,,,,,,,,,,,,,,,,,,,,,,,,,,,,,,,,,,,,,,,,,,,,,,,,,,,,,,,,,,,,,,,,,,,,,,,,,,0,,,,,0.18360,0.09820,0.01994,0.97000,0.00000,0.00000,0.24311
3482.9193,0,0,16.91,0.00,26.58,0.25447,0.02167,0.59854,,,,0,0,0.21961,-0.00098,0.06018,0.21953,-0.00098,0.06007,,,nan,0.00000,-0.20964,0.34636,1.43401,0.00000,1.00000,0.00000,-0.21000,0.34600,1.43400,0.00000,1.00000,16,0.18300,-0.04970,0.01494,0.18360,0.09820,0,0.99122,-0.00000,-0.00000,-0.13221,,0,,,,,,,,,,,,,,,,,,,,,,,,,,,,,,,,,,,,,,,,,,,,,,,,,,,,,,,,,,,,,,,,,,,,,,,,,,,,,,,,,,,,,,,,,,,,,,,,,,,,,,,,,,,,,,,,,,,,,,,,,,,,,,,0,,,,,0.18360,0.09820,0.01994,0.97000,-0.00000,0.00000,0.24311
3482.9535,0,0,18.12,0.00,29.72,0.25447,0.02167,0.59854,,,,0,0,0.21961,-0.00098,0.06018,0.21953,-0.00098,0.06007,,,nan,0.00000,-0.20964,0.34636,1.43401,0.00000,1.00000,0.00000,-0.21000,0.34600,1.43400,0.00000,1.00000,16,0.18300,-0.04970,0.01494,0.18360,0.09820,0,0.99122,0.00000,-0.00000,-0.13221,,0,,,,,,,,,,,,,,,,,,,,,,,,,,,,,,,,,,,,,,,,,,,,,,,,,,,,,,,,,,,,,,,,,,,,,,,,,,,,,,,,,,,,,,,,,,,,,,,,,,,,,,,,,,,,,,,,,,,,,,,,,,,,,,,0,,,,,0.18360,0.09820,0.01994,0.97000,-0.00000,0.00000,0.24311
3482.9992,0,0,17.60,0.00,40.91,0.25447,0.02167,0.59854,,,,0,0,0.21961,-0.00098,0.06018,0.21953,-0.00098,0.06007,,,nan,0.00000,-0.20964,0.34636,1.43401,0.00000,1.00000,0.00000,-0.21000,0.34600,1.43400,0.00000,1.00000,16,0.18300,-0.04970,0.01494,0.18360,0.09820,0,0.99122,-0.00000,0.00000,-0.13221,,0,,,,,,,,,,,,,,,,,,,,,,,,,,,,,,,,,,,,,,,,,,,,,,,,,,,,,,,,,,,,,,,,,,,,,,,,,,,,,,,,,,,,,,,,,,,,,,,,,,,,,,,,,,,,,,,,,,,,,,,,,,,,,,,0,,,,,0.18360,0.09820,0.01994,0.97000,-0.00000,-0.00000,0.24311
3483.0302,0,0,16.19,0.00,26.76,0.25447,0.02167,0.59854,,,,0,0,0.21961,-0.00098,0.06018,0.21953,-0.00098,0.06007,,,nan,0.00000,-0.20964,0.34636,1.43401,0.00000,1.00000,0.00000,-0.21000,0.34600,1.43400,0.00000,1.00000,16,0.18300,-0.04970,0.01494,0.18360,0.09820,0,0.99122,-0.00000,0.00000,-0.13221,,0,,,,,,,,,,,,,,,,,,,,,,,,,,,,,,,,,,,,,,,,,,,,,,,,,,,,,,,,,,,,,,,,,,,,,,,,,,,,,,,,,,,,,,,,,,,,,,,,,,,,,,,,,,,,,,,,,,,,,,,,,,,,,,,0,,,,,0.18360,0.09820,0.01994,0.97000,-0.00000,-0.00000,0.24311
3483.0671,0,0,20.20,0.00,34.05,0.25447,0.02167,0.59854,,,,0,0,0.21961,-0.00098,0.06018,0.21953,-0.00098,0.06007,,,nan,0.00000,-0.20964,0.34636,1.43401,0.00000,1.00000,0.00000,-0.21000,0.34600,1.43400,0.00000,1.00000,16,0.18300,-0.04970,0.01494,0.18360,0.09820,0,0.99122,-0.00000,0.00000,-0.13221,,0,,,,,,,,,,,,,,,,,,,,,,,,,,,,,,,,,,,,,,,,,,,,,,,,,,,,,,,,,,,,,,,,,,,,,,,,,,,,,,,,,,,,,,,,,,,,,,,,,,,,,,,,,,,,,,,,,,,,,,,,,,,,,,,0,,,,,0.18360,0.09820,0.01994,0.97000,-0.00000,-0.00000,0.24311
3483.1014,0,0,22.27,0.00,30.20,0.25447,0.02167,0.59854,,,,0,0,0.21961,-0.00098,0.06018,0.21953,-0.00098,0.06007,,,nan,0.00000,-0.20964,0.34636,1.43401,0.00000,1.00000,0.00000,-0.21000,0.34600,1.43400,0.00000,1.00000,16,0.18300,-0.04970,0.01494,0.18360,0.09820,0,0.99122,-0.00000,-0.00000,-0.13221,,0,,,,,,,,,,,,,,,,,,,,,,,,,,,,,,,,,,,,,,,,,,,,,,,,,,,,,,,,,,,,,,,,,,,,,,,,,,,,,,,,,,,,,,,,,,,,,,,,,,,,,,,,,,,,,,,,,,,,,,,,,,,,,,,0,,,,,0.18360,0.09820,0.01994,0.97000,0.00000,0.00000,0.24311
3483.1362,0,0,23.68,0.00,30.63,0.25447,0.02167,0.59854,,,,0,0,0.21961,-0.00098,0.06018,0.21953,-0.00098,0.06007,,,nan,0.00000,-0.20964,0.34636,1.43401,0.00000,1.00000,0.00000,-0.21000,0.34600,1.43400,0.00000,1.00000,16,0.18300,-0.04970,0.01494,0.18360,0.09820,0,0.99122,0.00000,-0.00000,-0.13221,,0,,,,,,,,,,,,,,,,,,,,,,,,,,,,,,,,,,,,,,,,,,,,,,,,,,,,,,,,,,,,,,,,,,,,,,,,,,,,,,,,,,,,,,,,,,,,,,,,,,,,,,,,,,,,,,,,,,,,,,,,,,,,,,,0,,,,,0.18360,0.09820,0.01994,0.97000,0.00000,0.00000,0.24311
3483.1664,0,0,20.45,0.00,26.16,0.25447,0.02167,0.59854,,,,0,0,0.21961,-0.00098,0.06018,0.21953,-0.00098,0.06007,,,nan,0.00000,-0.20964,0.34636,1.43401,0.00000,1.00000,0.00000,-0.21000,0.34600,1.43400,0.00000,1.00000,16,0.18300,-0.04970,0.01494,0.18360,0.09820,0,0.99122,0.00000,-0.00000,-0.13221,,0,,,,,,,,,,,,,,,,,,,,,,,,,,,,,,,,,,,,,,,,,,,,,,,,,,,,,,,,,,,,,,,,,,,,,,,,,,,,,,,,,,,,,,,,,,,,,,,,,,,,,,,,,,,,,,,,,,,,,,,,,,,,,,,0,,,,,0.18360,0.09820,0.01994,0.97000,0.00000,0.00000,0.24311
3483.1985,0,0,21.80,0.00,27.48,0.25447,0.02167,0.59854,,,,0,0,0.21961,-0.00098,0.06018,0.21953,-0.00098,0.06007,,,nan,0.00000,-0.20964,0.34636,1.43401,0.00000,1.00000,0.00000,-0.21000,0.34600,1.43400,0.00000,1.00000,16,0.18300,-0.04970,0.01494,0.18360,0.09820,0,0.99122,0.00000,-0.00000,-0.13221,,0,,,,,,,,,,,,,,,,,,,,,,,,,,,,,,,,,,,,,,,,,,,,,,,,,,,,,,,,,,,,,,,,,,,,,,,,,,,,,,,,,,,,,,,,,,,,,,,,,,,,,,,,,,,,,,,,,,,,,,,,,,,,,,,0,,,,,0.18360,0.09820,0.01994,0.97000,-0.00000,0.00000,0.24311
3483.2337,0,0,22.53,0.00,31.21,0.25447,0.02167,0.59854,,,,0,0,0.21961,-0.00098,0.06018,0.21953,-0.00098,0.06007,,,nan,0.00000,-0.20964,0.34636,1.43401,0.00000,1.00000,0.00000,-0.21000,0.34600,1.43400,0.00000,1.00000,16,0.18300,-0.04970,0.01494,0.18360,0.09820,0,0.99122,-0.00000,-0.00000,-0.13221,,0,,,,,,,,,,,,,,,,,,,,,,,,,,,,,,,,,,,,,,,,,,,,,,,,,,,,,,,,,,,,,,,,,,,,,,,,,,,,,,,,,,,,,,,,,,,,,,,,,,,,,,,,,,,,,,,,,,,,,,,,,,,,,,,0,,,,,0.18360,0.09820,0.01994,0.97000,-0.00000,0.00000,0.24311
3483.2675,0,0,23.25,0.00,29.89,0.25447,0.02167,0.59854,,,,0,0,0.21961,-0.00098,0.06018,0.21953,-0.00098,0.06007,,,nan,0.00000,-0.20964,0.34636,1.43401,0.00000,1.00000,0.00000,-0.21000,0.34600,1.43400,0.00000,1.00000,16,0.18300,-0.04970,0.01494,0.18360,0.09820,0,0.99122,0.00000,-0.00000,-0.13221,,0,,,,,,,,,,,,,,,,,,,,,,,,,,,,,,,,,,,,,,,,,,,,,,,,,,,,,,,,,,,,,,,,,,,,,,,,,,,,,,,,,,,,,,,,,,,,,,,,,,,,,,,,,,,,,,,,,,,,,,,,,,,,,,,0,,,,,0.18360,0.09820,0.01994,0.97000,-0.00000,0.00000,0.24311
3483.2940,0,0,16.25,0.00,22.35,0.25447,0.02167,0.59854,,,,0,0,0.21961,-0.00098,0.06018,0.21953,-0.00098,0.06007,,,nan,0.00000,-0.20964,0.34636,1.43401,0.00000,1.00000,0.00000,-0.21000,0.34600,1.43400,0.00000,1.00000,16,0.18300,-0.04970,0.01494,0.18360,0.09820,0,0.99122,0.00000,0.00000,-0.13221,,0,,,,,,,,,,,,,,,,,,,,,,,,,,,,,,,,,,,,,,,,,,,,,,,,,,,,,,,,,,,,,,,,,,,,,,,,,,,,,,,,,,,,,,,,,,,,,,,,,,,,,,,,,,,,,,,,,,,,,,,,,,,,,,,0,,,,,0.18360,0.09820,0.01994,0.97000,-0.00000,0.00000,0.24311
3483.3212,0,0,16.53,0.00,22.82,0.25447,0.02167,0.59854,,,,0,0,0.21961,-0.00098,0.06018,0.21953,-0.00098,0.06007,,,nan,0.00000,-0.20964,0.34636,1.43401,0.00000,1.00000,0.00000,-0.21000,0.34600,1.43400,0.00000,1.00000,16,0.18300,-0.04970,0.01494,0.18360,0.09820,0,0.99122,0.00000,0.00000,-0.13221,,0,,,,,,,,,,,,,,,,,,,,,,,,,,,,,,,,,,,,,,,,,,,,,,,,,,,,,,,,,,,,,,,,,,,,,,,,,,,,,,,,,,,,,,,,,,,,,,,,,,,,,,,,,,,,,,,,,,,,,,,,,,,,,,,0,,,,,0.18360,0.09820,0.01994,0.97000,-0.00000,0.00000,0.24311
3483.3514,0,0,16.46,0.00,26.23,0.25447,0.02167,0.59854,,,,0,0,0.21961,-0.00098,0.06018,0.21953,-0.00098,0.06007,,,nan,0.00000,-0.20964,0.34636,1.43401,0.00000,1.00000,0.00000,-0.21000,0.34600,1.43400,0.00000,1.00000,16,0.18300,-0.04970,0.01494,0.18360,0.09820,0,0.99122,-0.00000,0.00000,-0.13221,,0,,,,,,,,,,,,,,,,,,,,,,,,,,,,,,,,,,,,,,,,,,,,,,,,,,,,,,,,,,,,,,,,,,,,,,,,,,,,,,,,,,,,,,,,,,,,,,,,,,,,,,,,,,,,,,,,,,,,,,,,,,,,,,,0,,,,,0.18360,0.09820,0.01994,0.97000,0.00000,-0.00000,0.24311
3483.3872,0,0,20.62,0.00,32.20,0.25447,0.02167,0.59854,,,,0,0,0.21961,-0.00098,0.06018,0.21953,-0.00098,0.06007,,,nan,0.00000,-0.20964,0.34636,1.43401,0.00000,1.00000,0.00000,-0.21000,0.34600,1.43400,0.00000,1.00000,16,0.18300,-0.04970,0.01494,0.18360,0.09820,0,0.99122,-0.00000,0.00000,-0.13221,,0,,,,,,,,,,,,,,,,,,,,,,,,,,,,,,,,,,,,,,,,,,,,,,,,,,,,,,,,,,,,,,,,,,,,,,,,,,,,,,,,,,,,,,,,,,,,,,,,,,,,,,,,,,,,,,,,,,,,,,,,,,,,,,,0,,,,,0.18360,0.09820,0.01994,0.97000,-0.00000,-0.00000,0.24311
3483.4341,0,0,20.07,0.00,43.15,0.25447,0.02167,0.59854,,,,0,0,0.21961,-0.00098,0.06018,0.21953,-0.00098,0.06007,,,nan,0.00000,-0.20964,0.34636,1.43401,0.00000,1.00000,0.00000,-0.21000,0.34600,1.43400,0.00000,1.00000,16,0.18300,-0.04970,0.01494,0.18360,0.09820,0,0.99122,-0.00000,0.00000,-0.13221,,0,,,,,,,,,,,,,,,,,,,,,,,,,,,,,,,,,,,,,,,,,,,,,,,,,,,,,,,,,,,,,,,,,,,,,,,,,,,,,,,,,,,,,,,,,,,,,,,,,,,,,,,,,,,,,,,,,,,,,,,,,,,,,,,0,,,,,0.18360,0.09820,0.01994,0.97000,-0.00000,-0.00000,0.24311
3483.4695,0,0,23.01,0.00,32.56,0.25447,0.02167,0.59854,,,,0,0,0.21961,-0.00098,0.06018,0.21953,-0.00098,0.06007,,,nan,0.00000,-0.20964,0.34636,1.43401,0.00000,1.00000,0.00000,-0.21000,0.34600,1.43400,0.00000,1.00000,16,0.18300,-0.04970,0.01494,0.18360,0.09820,0,0.99122,-0.00000,-0.00000,-0.13221,,0,,,,,,,,,,,,,,,,,,,,,,,,,,,,,,,,,,,,,,,,,,,,,,,,,,,,,,,,,,,,,,,,,,,,,,,,,,,,,,,,,,,,,,,,,,,,,,,,,,,,,,,,,,,,,,,,,,,,,,,,,,,,,,,0,,,,,0.18360,0.09820,0.01994,0.97000,0.00000,-0.00000,0.24311
3483.4994,0,0,21.03,0.00,27.19,0.25447,0.02167,0.59854,,,,0,0,0.21961,-0.00098,0.06018,0.21953,-0.00098,0.06007,,,nan,0.00000,-0.20964,0.34636,1.43401,0.00000,1.00000,0.00000,-0.21000,0.34600,1.43400,0.00000,1.00000,16,0.18300,-0.04970,0.01494,0.18360,0.09820,0,0.99122,0.00000,0.00000,-0.13221,,0,,,,,,,,,,,,,,,,,,,,,,,,,,,,,,,,,,,,,,,,,,,,,,,,,,,,,,,,,,,,,,,,,,,,,,,,,,,,,,,,,,,,,,,,,,,,,,,,,,,,,,,,,,,,,,,,,,,,,,,,,,,,,,,0,,,,,0.18360,0.09820,0.01994,0.97000,0.00000,-0.00000,0.24311
3483.5302,0,0,18.90,0.00,26.39,0.25447,0.02167,0.59854,,,,0,0,0.21961,-0.00098,0.06018,0.21953,-0.00098,0.06007,,,nan,0.00000,-0.20964,0.34636,1.43401,0.00000,1.00000,0.00000,-0.21000,0.34600,1.43400,0.00000,1.00000,16,0.18300,-0.04970,0.01494,0.18360,0.09820,0,0.99122,0.00000,0.00000,-0.13221,,0,,,,,,,,,,,,,,,,,,,,,,,,,,,,,,,,,,,,,,,,,,,,,,,,,,,,,,,,,,,,,,,,,,,,,,,,,,,,,,,,,,,,,,,,,,,,,,,,,,,,,,,,,,,,,,,,,,,,,,,,,,,,,,,0,,,,,0.18360,0.09820,0.01994,0.97000,0.00000,-0.00000,0.24311
3483.5597,0,0,18.02,0.00,24.05,0.25447,0.02167,0.59854,,,,0,0,0.21961,-0.00098,0.06018,0.21953,-0.00098,0.06007,,,nan,0.00000,-0.20964,0.34636,1.43401,0.00000,1.00000,0.00000,-0.21000,0.34600,1.43400,0.00000,1.00000,16,0.18300,-0.04970,0.01494,0.18360,0.09820,0,0.99122,0.00000,-0.00000,-0.13221,,0,,,,,,,,,,,,,,,,,,,,,,,,,,,,,,,,,,,,,,,,,,,,,,,,,,,,,,,,,,,,,,,,,,,,,,,,,,,,,,,,,,,,,,,,,,,,,,,,,,,,,,,,,,,,,,,,,,,,,,,,,,,,,,,0,,,,,0.18360,0.09820,0.01994,0.97000,0.00000,-0.00000,0.24311
3483.5970,0,0,22.59,0.00,33.39,0.25447,0.02167,0.59854,,,,0,0,0.21961,-0.00098,0.06018,0.21953,-0.00098,0.06007,,,nan,0.00000,-0.20964,0.34636,1.43401,0.00000,1.00000,0.00000,-0.21000,0.34600,1.43400,0.00000,1.00000,16,0.18300,-0.04970,0.01494,0.18360,0.09820,0,0.99122,0.00000,-0.00000,-0.13221,,0,,,,,,,,,,,,,,,,,,,,,,,,,,,,,,,,,,,,,,,,,,,,,,,,,,,,,,,,,,,,,,,,,,,,,,,,,,,,,,,,,,,,,,,,,,,,,,,,,,,,,,,,,,,,,,,,,,,,,,,,,,,,,,,0,,,,,0.18360,0.09820,0.01994,0.97000,-0.00000,0.00000,0.24311
3483.6252,0,0,17.75,0.00,24.38,0.25447,0.02167,0.59854,,,,0,0,0.21961,-0.00098,0.06018,0.21953,-0.00098,0.06007,,,nan,0.00000,-0.20964,0.34636,1.43401,0.00000,1.00000,0.00000,-0.21000,0.34600,1.43400,0.00000,1.00000,16,0.18300,-0.04970,0.01494,0.18360,0.09820,0,0.99122,-0.00000,0.00000,-0.13221,,0,,,,,,,,,,,,,,,,,,,,,,,,,,,,,,,,,,,,,,,,,,,,,,,,,,,,,,,,,,,,,,,,,,,,,,,,,,,,,,,,,,,,,,,,,,,,,,,,,,,,,,,,,,,,,,,,,,,,,,,,,,,,,,,0,,,,,0.18360,0.09820,0.01994,0.97000,-0.00000,-0.00000,0.24311
3483.6744,0,0,20.96,0.00,26.84,0.25447,0.02167,0.59854,,,,0,0,0.21961,-0.00098,0.06018,0.21953,-0.00098,0.06007,,,nan,0.00000,-0.20964,0.34636,1.43401,0.00000,1.00000,0.00000,-0.21000,0.34600,1.43400,0.00000,1.00000,16,0.18300,-0.04970,0.01494,0.18360,0.09820,0,0.99122,0.00000,0.00000,-0.13221,,0,,,,,,,,,,,,,,,,,,,,,,,,,,,,,,,,,,,,,,,,,,,,,,,,,,,,,,,,,,,,,,,,,,,,,,,,,,,,,,,,,,,,,,,,,,,,,,,,,,,,,,,,,,,,,,,,,,,,,,,,,,,,,,,0,,,,,0.18360,0.09820,0.01994,0.97000,-0.00000,-0.00000,0.24311
3483.7022,0,0,17.26,0.00,23.55,0.25447,0.02167,0.59854,,,,0,0,0.21961,-0.00098,0.06018,0.21953,-0.00098,0.06007,,,nan,0.00000,-0.20964,0.34636,1.43401,0.00000,1.00000,0.00000,-0.21000,0.34600,1.43400,0.00000,1.00000,16,0.18300,-0.04970,0.01494,0.18360,0.09820,0,0.99122,-0.00000,0.00000,-0.13221,,0,,,,,,,,,,,,,,,,,,,,,,,,,,,,,,,,,,,,,,,,,,,,,,,,,,,,,,,,,,,,,,,,,,,,,,,,,,,,,,,,,,,,,,,,,,,,,,,,,,,,,,,,,,,,,,,,,,,,,,,,,,,,,,,0,,,,,0.18360,0.09820,0.01994,0.97000,-0.00000,-0.00000,0.24311
3483.7294,0,0,16.76,0.00,23.71,0.25447,0.02167,0.59854,,,,0,0,0.21961,-0.00098,0.06018,0.21953,-0.00098,0.06007,,,nan,0.00000,-0.20964,0.34636,1.43401,0.00000,1.00000,0.00000,-0.21000,0.34600,1.43400,0.00000,1.00000,16,0.18300,-0.04970,0.01494,0.18360,0.09820,0,0.99122,-0.00000,0.00000,-0.13221,,0,,,,,,,,,,,,,,,,,,,,,,,,,,,,,,,,,,,,,,,,,,,,,,,,,,,,,,,,,,,,,,,,,,,,,,,,,,,,,,,,,,,,,,,,,,,,,,,,,,,,,,,,,,,,,,,,,,,,,,,,,,,,,,,0,,,,,0.18360,0.09820,0.01994,0.97000,0.00000,-0.00000,0.24311
3483.7567,0,0,17.79,0.00,23.33,0.25447,0.02167,0.59854,,,,0,0,0.21961,-0.00098,0.06018,0.21953,-0.00098,0.06007,,,nan,0.00000,-0.20964,0.34636,1.43401,0.00000,1.00000,0.00000,-0.21000,0.34600,1.43400,0.00000,1.00000,16,0.18300,-0.04970,0.01494,0.18360,0.09820,0,0.99122,-0.00000,0.00000,-0.13221,,0,,,,,,,,,,,,,,,,,,,,,,,,,,,,,,,,,,,,,,,,,,,,,,,,,,,,,,,,,,,,,,,,,,,,,,,,,,,,,,,,,,,,,,,,,,,,,,,,,,,,,,,,,,,,,,,,,,,,,,,,,,,,,,,0,,,,,0.18360,0.09820,0.01994,0.97000,0.00000,-0.00000,0.24311
3483.7823,0,0,16.23,0.00,22.10,0.25447,0.02167,0.59854,,,,0,0,0.21961,-0.00098,0.06018,0.21953,-0.00098,0.06007,,,nan,0.00000,-0.20964,0.34636,1.43401,0.00000,1.00000,0.00000,-0.21000,0.34600,1.43400,0.00000,1.00000,16,0.18300,-0.04970,0.01494,0.18360,0.09820,0,0.99122,-0.00000,-0.00000,-0.13221,,0,,,,,,,,,,,,,,,,,,,,,,,,,,,,,,,,,,,,,,,,,,,,,,,,,,,,,,,,,,,,,,,,,,,,,,,,,,,,,,,,,,,,,,,,,,,,,,,,,,,,,,,,,,,,,,,,,,,,,,,,,,,,,,,0,,,,,0.18360,0.09820,0.01994,0.97000,0.00000,-0.00000,0.24311
3483.8371,0,0,22.53,0.00,50.18,0.25447,0.02167,0.59854,,,,0,0,0.21961,-0.00098,0.06018,0.21953,-0.00098,0.06007,,,nan,0.00000,-0.20964,0.34636,1.43401,0.00000,1.00000,0.00000,-0.21000,0.34600,1.43400,0.00000,1.00000,16,0.18300,-0.04970,0.01494,0.18360,0.09820,0,0.99122,0.00000,-0.00000,-0.13221,,0,,,,,,,,,,,,,,,,,,,,,,,,,,,,,,,,,,,,,,,,,,,,,,,,,,,,,,,,,,,,,,,,,,,,,,,,,,,,,,,,,,,,,,,,,,,,,,,,,,,,,,,,,,,,,,,,,,,,,,,,,,,,,,,0,,,,,0.18360,0.09820,0.01994,0.97000,0.00000,0.00000,0.24311
3483.8802,0,0,33.31,0.00,39.01,0.25447,0.02167,0.59854,,,,0,0,0.21961,-0.00098,0.06018,0.21953,-0.00098,0.06007,,,nan,0.00000,-0.20964,0.34636,1.43401,0.00000,1.00000,0.00000,-0.21000,0.34600,1.43400,0.00000,1.00000,16,0.18300,-0.04970,0.01494,0.18360,0.09820,0,0.99122,0.00000,-0.00000,-0.13221,,0,,,,,,,,,,,,,,,,,,,,,,,,,,,,,,,,,,,,,,,,,,,,,,,,,,,,,,,,,,,,,,,,,,,,,,,,,,,,,,,,,,,,,,,,,,,,,,,,,,,,,,,,,,,,,,,,,,,,,,,,,,,,,,,0,,,,,0.18360,0.09820,0.01994,0.97000,0.00000,-0.00000,0.24311
3483.9239,0,0,35.27,0.00,41.11,0.25447,0.02167,0.59854,,,,0,0,0.21961,-0.00098,0.06018,0.21953,-0.00098,0.06007,,,nan,0.00000,-0.20964,0.34636,1.43401,0.00000,1.00000,0.00000,-0.21000,0.34600,1.43400,0.00000,1.00000,16,0.18300,-0.04970,0.01494,0.18360,0.09820,0,0.99122,-0.00000,0.00000,-0.13221,,0,,,,,,,,,,,,,,,,,,,,,,,,,,,,,,,,,,,,,,,,,,,,,,,,,,,,,,,,,,,,,,,,,,,,,,,,,,,,,,,,,,,,,,,,,,,,,,,,,,,,,,,,,,,,,,,,,,,,,,,,,,,,,,,0,,,,,0.18360,0.09820,0.01994,0.97000,-0.00000,-0.00000,0.24311
3483.9762,0,0,42.89,0.00,48.48,0.25447,0.02167,0.59854,,,,0,0,0.21961,-0.00098,0.06018,0.21953,-0.00098,0.06007,,,nan,0.00000,-0.20964,0.34636,1.43401,0.00000,1.00000,0.00000,-0.21000,0.34600,1.43400,0.00000,1.00000,16,0.18300,-0.04970,0.01494,0.18360,0.09820,0,0.99122,0.00000,-0.00000,-0.13221,,0,,,,,,,,,,,,,,,,,,,,,,,,,,,,,,,,,,,,,,,,,,,,,,,,,,,,,,,,,,,,,,,,,,,,,,,,,,,,,,,,,,,,,,,,,,,,,,,,,,,,,,,,,,,,,,,,,,,,,,,,,,,,,,,0,,,,,0.18360,0.09820,0.01994,0.97000,0.00000,-0.00000,0.24311
3484.0217,0,0,34.89,0.00,41.69,0.25447,0.02167,0.59854,,,,0,0,0.21961,-0.00098,0.06018,0.21953,-0.00098,0.06007,,,nan,0.00000,-0.20964,0.34636,1.43401,0.00000,1.00000,0.00000,-0.21000,0.34600,1.43400,0.00000,1.00000,16,0.18300,-0.04970,0.01494,0.18360,0.09820,0,0.99122,0.00000,-0.00000,-0.13221,,0,,,,,,,,,,,,,,,,,,,,,,,,,,,,,,,,,,,,,,,,,,,,,,,,,,,,,,,,,,,,,,,,,,,,,,,,,,,,,,,,,,,,,,,,,,,,,,,,,,,,,,,,,,,,,,,,,,,,,,,,,,,,,,,0,,,,,0.18360,0.09820,0.01994,0.97000,-0.00000,0.00000,0.24311
3484.0611,0,0,29.82,0.00,35.47,0.25447,0.02167,0.59854,,,,0,0,0.21961,-0.00098,0.06018,0.21953,-0.00098,0.06007,,,nan,0.00000,-0.20964,0.34636,1.43401,0.00000,1.00000,0.00000,-0.21000,0.34600,1.43400,0.00000,1.00000,16,0.18300,-0.04970,0.01494,0.18360,0.09820,0,0.99122,0.00000,0.00000,-0.13221,,0,,,,,,,,,,,,,,,,,,,,,,,,,,,,,,,,,,,,,,,,,,,,,,,,,,,,,,,,,,,,,,,,,,,,,,,,,,,,,,,,,,,,,,,,,,,,,,,,,,,,,,,,,,,,,,,,,,,,,,,,,,,,,,,0,,,,,0.18360,0.09820,0.01994,0.97000,0.00000,0.00000,0.24311
3484.1023,0,0,31.11,0.00,38.12,0.25447,0.02167,0.59854,,,,0,0,0.21961,-0.00098,0.06018,0.21953,-0.00098,0.06007,,,nan,0.00000,-0.20964,0.34636,1.43401,0.00000,1.00000,0.00000,-0.21000,0.34600,1.43400,0.00000,1.00000,16,0.18300,-0.04970,0.01494,0.18360,0.09820,0,0.99122,0.00000,0.00000,-0.13221,,0,,,,,,,,,,,,,,,,,,,,,,,,,,,,,,,,,,,,,,,,,,,,,,,,,,,,,,,,,,,,,,,,,,,,,,,,,,,,,,,,,,,,,,,,,,,,,,,,,,,,,,,,,,,,,,,,,,,,,,,,,,,,,,,0,,,,,0.18360,0.09820,0.01994,0.97000,0.00000,0.00000,0.24311
3484.1449,0,0,32.31,0.00,38.68,0.25447,0.02167,0.59854,,,,0,0,0.21961,-0.00098,0.06018,0.21953,-0.00098,0.06007,,,nan,0.00000,-0.20964,0.34636,1.43401,0.00000,1.00000,0.00000,-0.21000,0.34600,1.43400,0.00000,1.00000,16,0.18300,-0.04970,0.01494,0.18360,0.09820,0,0.99122,0.00000,-0.00000,-0.13221,,0,,,,,,,,,,,,,,,,,,,,,,,,,,,,,,,,,,,,,,,,,,,,,,,,,,,,,,,,,,,,,,,,,,,,,,,,,,,,,,,,,,,,,,,,,,,,,,,,,,,,,,,,,,,,,,,,,,,,,,,,,,,,,,,0,,,,,0.18360,0.09820,0.01994,0.97000,0.00000,0.00000,0.24311
3484.1884,0,0,32.93,0.00,39.28,0.25447,0.02167,0.59854,,,,0,0,0.21961,-0.00098,0.06018,0.21953,-0.00098,0.06007,,,nan,0.00000,-0.20964,0.34636,1.43401,0.00000,1.00000,0.00000,-0.21000,0.34600,1.43400,0.00000,1.00000,16,0.18300,-0.04970,0.01494,0.18360,0.09820,0,0.99122,0.00000,-0.00000,-0.13221,,0,,,,,,,,,,,,,,,,,,,,,,,,,,,,,,,,,,,,,,,,,,,,,,,,,,,,,,,,,,,,,,,,,,,,,,,,,,,,,,,,,,,,,,,,,,,,,,,,,,,,,,,,,,,,,,,,,,,,,,,,,,,,,,,0,,,,,0.18360,0.09820,0.01994,0.97000,0.00000,0.00000,0.24311
3484.2328,0,0,34.62,0.00,40.43,0.25447,0.02167,0.59854,,,,0,0,0.21961,-0.00098,0.06018,0.21953,-0.00098,0.06007,,,nan,0.00000,-0.20964,0.34636,1.43401,0.00000,1.00000,0.00000,-0.21000,0.34600,1.43400,0.00000,1.00000,16,0.18300,-0.04970,0.01494,0.18360,0.09820,0,0.99122,-0.00000,-0.00000,-0.13221,,0,,,,,,,,,,,,,,,,,,,,,,,,,,,,,,,,,,,,,,,,,,,,,,,,,,,,,,,,,,,,,,,,,,,,,,,,,,,,,,,,,,,,,,,,,,,,,,,,,,,,,,,,,,,,,,,,,,,,,,,,,,,,,,,0,,,,,0.18360,0.09820,0.01994,0.97000,0.00000,0.00000,0.24311
3484.2819,0,0,35.56,0.00,45.06,0.25447,0.02167,0.59854,,,,0,0,0.21961,-0.00098,0.06018,0.21953,-0.00098,0.06007,,,nan,0.00000,-0.20964,0.34636,1.43401,0.00000,1.00000,0.00000,-0.21000,0.34600,1.43400,0.00000,1.00000,16,0.18300,-0.04970,0.01494,0.18360,0.09820,0,0.99122,-0.00000,0.00000,-0.13221,,0,,,,,,,,,,,,,,,,,,,,,,,,,,,,,,,,,,,,,,,,,,,,,,,,,,,,,,,,,,,,,,,,,,,,,,,,,,,,,,,,,,,,,,,,,,,,,,,,,,,,,,,,,,,,,,,,,,,,,,,,,,,,,,,0,,,,,0.18360,0.09820,0.01994,0.97000,0.00000,-0.00000,0.24311
3484.3276,0,0,36.97,0.00,42.73,0.25447,0.02167,0.59854,,,,0,0,0.21961,-0.00098,0.06018,0.21953,-0.00098,0.06007,,,nan,0.00000,-0.20964,0.34636,1.43401,0.00000,1.00000,0.00000,-0.21000,0.34600,1.43400,0.00000,1.00000,16,0.18300,-0.04970,0.01494,0.18360,0.09820,0,0.99122,0.00000,-0.00000,-0.13221,,0,,,,,,,,,,,,,,,,,,,,,,,,,,,,,,,,,,,,,,,,,,,,,,,,,,,,,,,,,,,,,,,,,,,,,,,,,,,,,,,,,,,,,,,,,,,,,,,,,,,,,,,,,,,,,,,,,,,,,,,,,,,,,,,0,,,,,0.18360,0.09820,0.01994,0.97000,0.00000,0.00000,0.24311
3484.3752,0,0,37.65,0.00,43.65,0.25447,0.02167,0.59854,,,,0,0,0.21961,-0.00098,0.06018,0.21953,-0.00098,0.06007,,,nan,0.00000,-0.20964,0.34636,1.43401,0.00000,1.00000,0.00000,-0.21000,0.34600,1.43400,0.00000,1.00000,16,0.18300,-0.04970,0.01494,0.18360,0.09820,0,0.99122,-0.00000,0.00000,-0.13221,,0,,,,,,,,,,,,,,,,,,,,,,,,,,,,,,,,,,,,,,,,,,,,,,,,,,,,,,,,,,,,,,,,,,,,,,,,,,,,,,,,,,,,,,,,,,,,,,,,,,,,,,,,,,,,,,,,,,,,,,,,,,,,,,,0,,,,,0.18360,0.09820,0.01994,0.97000,0.00000,0.00000,0.24311
3484.4244,0,1,39.78,0.00,45.21,0.08374,0.33380,1.09846,4.42112,1.09846,1.4403,0,0,0.21961,-0.00098,0.06018,0.21953,-0.00098,0.06007,,,1.09846,0.00000,-0.20964,0.34636,1.43401,0.00000,1.00000,0.00000,-0.21000,0.34600,1.43400,0.00000,1.00000,16,0.18300,-0.04970,0.01494,0.18360,0.09820,0,0.99122,-0.00000,-0.00000,-0.13221,Right,0,352.34,409.64,354.60,396.56,361.21,384.78,368.29,376.03,373.71,367.39,363.07,395.48,371.49,395.40,377.53,396.65,382.86,396.65,365.11,405.59,379.12,406.79,389.26,406.53,396.22,405.49,365.79,413.14,379.60,415.40,389.03,414.60,395.31,411.99,364.95,418.28,373.92,421.08,380.18,421.34,384.61,419.72,-0.00000,-0.01168,-0.02459,-0.03676,-0.05090,-0.03085,-0.04532,-0.05606,-0.06182,-0.02978,-0.04036,-0.04521,-0.04902,-0.02824,-0.03701,-0.03788,-0.03774,-0.02754,-0.03049,-0.02715,-0.02495,-0.02809,0.01683,0.09882,-0.01982,-0.01012,0.06173,-0.01443,-0.02879,0.04962,0.00251,-0.05536,0.01544,0.01788,-0.06912,0.00328,-0.00018,-0.01396,-0.00712,0.00796,-0.01583,-0.02134,0.01519,-0.01176,-0.01248,0.02638,-0.01116,-0.02557,0.00110,-0.00188,-0.00227,0.00970,0.00383,-0.01339,0.03436,0.00659,-0.02488,0.03501,0.00710,-0.01037,-0.00259,0.01006,0.00410,0.01403,0.01299,-0.00472,0.03302,0.01346,-0.01145,0.02769,0.01447,0.00007,-0.00234,0.02492,0.01610,0.01038,0.03193,0.01047,0.01819,0.02784,0.00722,0.02448,0.02671,0.00282,0,,,,,0.18360,0.09820,0.01994,0.97000,0.00000,-0.00000,0.24311
3484.4517,0,0,16.19,0.00,22.83,0.08374,0.33380,1.09846,,,,0,0,0.21961,-0.00098,0.06018,0.21953,-0.00098,0.06007,,,nan,0.00000,-0.20964,0.34636,1.43401,0.00000,1.00000,0.00000,-0.21000,0.34600,1.43400,0.00000,1.00000,16,0.18300,-0.04970,0.01494,0.18360,0.09820,0,0.99122,-0.00000,-0.00000,-0.13221,,0,,,,,,,,,,,,,,,,,,,,,,,,,,,,,,,,,,,,,,,,,,,,,,,,,,,,,,,,,,,,,,,,,,,,,,,,,,,,,,,,,,,,,,,,,,,,,,,,,,,,,,,,,,,,,,,,,,,,,,,,,,,,,,,0,,,,,0.18360,0.09820,0.01994,0.97000,0.00000,-0.00000,0.24311
3484.4985,0,1,37.24,0.00,43.55,0.08374,0.33380,1.09846,1.28632,1.60921,1.7255,1,0,0.21961,-0.00098,0.06018,0.21953,-0.00098,0.06007,,,1.28632,0.00000,-0.20964,0.34636,1.43401,0.00000,1.00000,0.00000,-0.21000,0.34600,1.43400,0.00000,1.00000,16,0.18300,-0.04970,0.01494,0.18360,0.09820,0,0.99122,0.00000,-0.00000,-0.13221,Left,0,366.75,387.81,373.02,374.66,381.36,363.81,388.10,355.80,393.47,349.61,401.00,375.74,413.77,371.14,419.92,365.67,423.57,360.31,402.21,381.42,415.83,377.45,422.19,371.55,426.38,365.97,402.18,386.34,414.96,383.67,421.31,377.63,425.60,371.99,401.08,390.62,411.56,388.11,417.01,383.59,420.48,378.95,0.00000,-0.00413,-0.00723,-0.01079,-0.01398,0.00145,-0.00327,-0.00835,-0.01137,0.00032,-0.00195,-0.00485,-0.00674,-0.00205,-0.00477,-0.00536,-0.00528,-0.00508,-0.00730,-0.00650,-0.00516,-0.08131,0.01138,-0.00003,-0.05956,-0.01328,0.00653,-0.04229,-0.03349,0.01240,-0.02519,-0.05240,0.01617,-0.01449,-0.06841,0.02400,-0.00196,-0.01181,0.01393,0.02217,-0.02147,0.01210,0.03604,-0.03252,0.00607,0.04567,-0.04889,-0.01553,0.00134,0.00017,0.00604,0.02953,-0.01039,-0.00227,0.04341,-0.02463,-0.01512,0.05453,-0.04112,-0.02466,0.00261,0.00707,-0.00928,0.02352,0.00224,-0.01567,0.03643,-0.01258,-0.02519,0.04786,-0.02836,-0.03220,-0.00864,0.01189,-0.02160,0.00915,0.01070,-0.02500,0.02439,-0.00070,-0.03130,0.03375,-0.01618,-0.03937,0,,,,,0.18360,0.09820,0.01994,0.97000,0.00000,-0.00000,0.24311
3484.5230,0,1,15.66,0.00,21.10,0.08374,0.33380,1.09846,1.23122,1.25938,2.2974,1,0,0.21961,-0.00098,0.06018,0.21953,-0.00098,0.06007,,,1.23122,0.00000,-0.20964,0.34636,1.43401,0.00000,1.00000,0.00000,-0.21000,0.34600,1.43400,0.00000,1.00000,16,0.18300,-0.04970,0.01494,0.18360,0.09820,0,0.99122,0.00000,-0.00000,-0.13221,Left,0,370.94,387.19,376.25,374.14,384.96,362.37,391.92,353.58,398.05,346.98,402.10,377.30,415.60,373.35,422.94,368.53,427.71,363.84,403.59,382.68,417.31,378.40,424.69,372.76,429.29,367.78,403.95,387.06,416.69,383.43,423.57,377.82,428.47,372.98,403.28,390.51,413.89,387.87,420.28,384.07,424.92,380.17,0.00000,-0.00825,-0.01334,-0.01789,-0.02171,-0.00382,-0.00954,-0.01520,-0.01880,-0.00317,-0.00721,-0.01104,-0.01355,-0.00390,-0.00765,-0.00877,-0.00904,-0.00562,-0.00862,-0.00859,-0.00793,-0.07179,0.00776,0.01336,-0.05306,-0.01399,0.01117,-0.03671,-0.03491,0.01356,-0.02090,-0.05599,0.01401,-0.00586,-0.07482,0.01737,-0.00187,-0.00976,0.00930,0.01931,-0.01781,0.00520,0.03358,-0.02694,0.00086,0.04500,-0.04221,-0.01647,0.00044,-0.00023,0.00452,0.02755,-0.00973,-0.00261,0.04106,-0.02399,-0.01312,0.05541,-0.03759,-0.01894,0.00345,0.00554,-0.00656,0.01988,0.00098,-0.01408,0.03463,-0.01326,-0.01844,0.04767,-0.02629,-0.02256,-0.00591,0.00956,-0.01349,0.00836,0.01021,-0.01869,0.02690,0.00042,-0.02179,0.03798,-0.01196,-0.02705,0,,,,,0.18360,0.09820,0.01994,0.97000,0.00000,-0.00000,0.24311
3484.5525,0,1,16.85,0.00,26.77,0.08374,0.33380,1.09846,1.39531,2.06663,1.7823,1,0,0.21961,-0.00098,0.06018,0.21953,-0.00098,0.06007,,,1.39531,0.00000,-0.20964,0.34636,1.43401,0.00000,1.00000,0.00000,-0.21000,0.34600,1.43400,0.00000,1.00000,16,0.18300,-0.04970,0.01494,0.18360,0.09820,0,0.99122,0.00000,-0.00000,-0.13221,Left,0,377.05,385.02,385.87,373.35,394.78,363.30,401.36,354.11,406.54,346.34,408.64,379.57,420.87,376.49,428.40,371.28,432.65,366.13,408.90,384.43,422.16,381.84,429.50,375.44,433.66,369.07,408.54,388.76,421.19,387.18,428.00,379.88,430.89,372.55,407.26,392.58,417.83,391.52,422.59,385.76,424.00,378.78,0.00000,-0.00556,-0.00922,-0.01363,-0.01751,0.00342,-0.00186,-0.00764,-0.01139,0.00226,-0.00176,-0.00589,-0.00870,-0.00068,-0.00539,-0.00791,-0.00891,-0.00453,-0.00861,-0.00984,-0.01011,-0.07760,-0.00495,-0.01122,-0.05348,-0.02765,-0.00001,-0.03431,-0.04794,0.00640,-0.01503,-0.07501,0.01775,-0.00237,-0.09556,0.02960,-0.00196,-0.01458,0.01627,0.02484,-0.02137,0.01263,0.04098,-0.03010,0.00381,0.04987,-0.04967,-0.02267,0.00031,0.00002,0.00711,0.03171,-0.00765,-0.00373,0.04323,-0.02434,-0.02122,0.05606,-0.04566,-0.03755,0.00330,0.00925,-0.01023,0.02301,0.00474,-0.02055,0.03863,-0.01494,-0.03412,0.04753,-0.03620,-0.04797,-0.00653,0.01229,-0.02422,0.01032,0.01361,-0.02807,0.02513,-0.00080,-0.03921,0.03080,-0.02118,-0.04913,0,,,,,0.18360,0.09820,0.01994,0.97000,0.00000,-0.00000,0.24311
3484.5834,0,1,16.90,0.00,24.75,0.08374,0.33380,1.09846,1.54503,1.76985,1.5530,1,0,0.21961,-0.00098,0.06018,0.21953,-0.00098,0.06007,,,1.54503,0.00000,-0.20964,0.34636,1.43401,0.00000,1.00000,0.00000,-0.21000,0.34600,1.43400,0.00000,1.00000,16,0.18300,-0.04970,0.01494,0.18360,0.09820,0,0.99122,0.00000,-0.00000,-0.13221,Left,0,385.47,386.80,390.92,374.62,399.18,364.15,405.11,355.95,409.61,349.20,418.23,376.05,430.00,374.87,435.61,371.12,438.48,366.66,418.85,382.38,431.30,380.91,436.55,375.66,437.90,369.90,417.76,388.92,429.96,387.68,432.89,381.02,431.45,374.52,414.99,395.55,425.31,393.77,427.39,387.70,425.52,381.03,0.00000,-0.00634,-0.01050,-0.01529,-0.01959,0.00063,-0.00581,-0.01247,-0.01656,-0.00069,-0.00596,-0.01092,-0.01387,-0.00374,-0.00938,-0.01252,-0.01353,-0.00767,-0.01225,-0.01348,-0.01335,-0.08871,0.00286,-0.01086,-0.06458,-0.02433,-0.00436,-0.04709,-0.04431,0.00552,-0.03124,-0.07061,0.01755,-0.01680,-0.08817,0.03247,-0.00089,-0.02192,0.01648,0.02577,-0.02372,0.01065,0.04158,-0.03196,-0.00054,0.04625,-0.04859,-0.03128,0.00303,-0.00237,0.00823,0.03330,-0.00919,-0.00832,0.04202,-0.02709,-0.03292,0.04809,-0.04418,-0.05143,0.00303,0.01476,-0.01018,0.02552,0.00784,-0.02414,0.03228,-0.01050,-0.04450,0.03155,-0.03218,-0.06075,-0.00994,0.02262,-0.02730,0.00798,0.02205,-0.03278,0.01848,0.00674,-0.04765,0.01508,-0.01323,-0.05895,0,,,,,0.18360,0.09820,0.01994,0.97000,-0.00000,-0.00000,0.24311
3484.6149,0,1,16.93,0.00,26.62,0.08374,0.33380,1.09846,1.42692,1.29375,1.3875,1,0,0.21961,-0.00098,0.06018,0.21953,-0.00098,0.06007,,,1.29375,0.00000,-0.20964,0.34636,1.43401,0.00000,1.00000,0.00000,-0.21000,0.34600,1.43400,0.00000,1.00000,16,0.18300,-0.04970,0.01494,0.18360,0.09820,0,0.99122,0.00000,-0.00000,-0.13221,Left,0,393.82,390.74,399.23,376.81,408.02,364.52,414.89,357.04,419.43,350.83,425.67,378.42,437.56,379.98,443.53,376.78,445.74,373.09,424.84,386.95,434.76,385.47,431.51,380.30,425.41,376.99,422.46,394.89,431.21,392.97,425.52,387.34,418.14,384.00,418.48,402.83,425.61,400.75,421.68,395.52,415.62,391.47,-0.00000,-0.00481,-0.00865,-0.01314,-0.01761,-0.00286,-0.00976,-0.01565,-0.01918,-0.00442,-0.01198,-0.01486,-0.01526,-0.00707,-0.01371,-0.01206,-0.00922,-0.01035,-0.01485,-0.01283,-0.00992,-0.07799,0.00375,0.00980,-0.05280,-0.02722,0.00617,-0.03958,-0.04984,0.00688,-0.02164,-0.07387,0.01140,-0.00628,-0.09176,0.00955,0.00185,-0.02429,0.01023,0.02481,-0.02312,0.00296,0.03917,-0.02543,-0.01023,0.04272,-0.04159,-0.03381,0.00217,-0.00286,0.00783,0.02217,-0.00876,-0.01887,0.01290,-0.02675,-0.03453,0.00083,-0.03424,-0.03481,0.00172,0.01544,-0.00725,0.01146,0.00841,-0.02759,0.00002,-0.00936,-0.03759,-0.01771,-0.01412,-0.03853,-0.01535,0.02487,-0.01838,-0.00191,0.02655,-0.03344,-0.00662,0.01097,-0.04537,-0.02164,-0.00139,-0.04379,0,,,,,0.18360,0.09820,0.01994,0.97000,-0.00000,-0.00000,0.24311
3484.6459,0,1,14.93,0.00,26.80,0.08374,0.33380,1.09846,1.51168,1.27689,1.1454,1,0,0.21961,-0.00098,0.06018,0.21953,-0.00098,0.06007,,,1.27689,0.00000,-0.20964,0.34636,1.43401,0.00000,1.00000,0.00000,-0.21000,0.34600,1.43400,0.00000,1.00000,16,0.18300,-0.04970,0.01494,0.18360,0.09820,0,0.99122,0.00000,-0.00000,-0.13221,Left,0,399.40,396.67,406.51,383.09,414.84,371.95,421.40,364.69,425.60,358.44,430.01,386.10,441.33,386.51,441.48,382.96,438.68,380.49,428.36,394.33,437.17,391.75,431.61,387.18,425.72,385.45,425.06,401.89,433.32,399.51,427.68,394.34,421.29,391.95,420.34,409.21,427.47,407.08,424.91,402.14,420.99,398.92,-0.00000,-0.00463,-0.00930,-0.01475,-0.01982,-0.00372,-0.01259,-0.01913,-0.02261,-0.00544,-0.01378,-0.01691,-0.01764,-0.00838,-0.01555,-0.01418,-0.01168,-0.01184,-0.01636,-0.01441,-0.01165,-0.07312,0.00592,0.02684,-0.04779,-0.02464,0.01781,-0.03185,-0.04465,0.01574,-0.01463,-0.07053,0.01187,-0.00157,-0.08907,0.00776,0.00494,-0.02317,0.00909,0.02576,-0.02545,-0.00444,0.02873,-0.02830,-0.01466,0.02308,-0.04189,-0.03143,0.00292,-0.00216,0.00606,0.02114,-0.01164,-0.02112,0.00921,-0.02522,-0.03374,-0.00270,-0.02857,-0.02326,-0.00055,0.01336,-0.00588,0.01084,0.00790,-0.02744,-0.00140,-0.00890,-0.03646,-0.01650,-0.01066,-0.02859,-0.01840,0.02389,-0.01480,-0.00464,0.02460,-0.02658,-0.00586,0.00907,-0.03911,-0.01623,0.00086,-0.03692,0,,,,,0.18360,0.09820,0.01994,0.97000,0.00000,-0.00000,0.24311
3484.6951,0,1,16.96,0.00,44.56,0.08374,0.33380,1.09846,1.52985,1.31493,1.3481,1,0,0.21961,-0.00098,0.06018,0.21953,-0.00098,0.06007,,,1.31493,0.00000,-0.20964,0.34636,1.43401,0.00000,1.00000,0.00000,-0.21000,0.34600,1.43400,0.00000,1.00000,16,0.18300,-0.04970,0.01494,0.18360,0.09820,0,0.99122,0.00000,-0.00000,-0.13221,Left,0,407.13,402.76,411.93,389.55,420.17,379.36,427.19,375.57,431.77,375.83,436.68,392.59,447.88,393.02,455.26,392.21,460.29,391.18,436.57,401.01,446.96,402.47,452.26,401.75,454.78,401.01,434.59,408.65,442.53,411.03,446.05,410.09,447.55,409.48,430.70,415.47,436.75,417.53,438.83,417.19,439.08,416.57,0.00000,-0.00705,-0.01093,-0.01451,-0.01792,-0.00554,-0.01028,-0.01446,-0.01739,-0.00581,-0.00991,-0.01323,-0.01523,-0.00708,-0.01173,-0.01339,-0.01382,-0.00908,-0.01295,-0.01302,-0.01224,-0.07449,0.00540,0.03146,-0.05329,-0.02495,0.02350,-0.03463,-0.04435,0.01672,-0.02061,-0.06315,-0.00131,-0.00878,-0.06507,-0.01030,0.00427,-0.02369,0.00786,0.02684,-0.02207,0.00420,0.04338,-0.02413,-0.00427,0.05612,-0.03221,-0.03103,0.00209,-0.00245,0.00500,0.02611,-0.00241,-0.01115,0.03807,-0.00737,-0.02939,0.04653,-0.01398,-0.04392,-0.00132,0.01344,-0.00521,0.01757,0.01751,-0.01736,0.02229,0.01356,-0.03494,0.02697,0.00846,-0.04504,-0.01747,0.02386,-0.01252,-0.00393,0.03023,-0.01996,0.00244,0.02787,-0.03133,0.00581,0.02375,-0.03934,0,,,,,0.18360,0.09820,0.01994,0.97000,0.00000,-0.00000,0.24311
3484.7246,0,0,14.63,0.00,25.23,0.08374,0.33380,1.09846,,,,0,0,0.21961,-0.00098,0.06018,0.21953,-0.00098,0.06007,,,nan,0.00000,-0.20964,0.34636,1.43401,0.00000,1.00000,0.00000,-0.21000,0.34600,1.43400,0.00000,1.00000,16,0.18300,-0.04970,0.01494,0.18360,0.09820,0,0.99122,0.00000,-0.00000,-0.13221,,0,,,,,,,,,,,,,,,,,,,,,,,,,,,,,,,,,,,,,,,,,,,,,,,,,,,,,,,,,,,,,,,,,,,,,,,,,,,,,,,,,,,,,,,,,,,,,,,,,,,,,,,,,,,,,,,,,,,,,,,,,,,,,,,0,,,,,0.18360,0.09820,0.01994,0.97000,0.00000,0.00000,0.24311
3484.7786,0,0,35.91,0.00,49.90,0.08374,0.33380,1.09846,,,,0,0,0.21961,-0.00098,0.06018,0.21953,-0.00098,0.06007,,,nan,0.00000,-0.20964,0.34636,1.43401,0.00000,1.00000,0.00000,-0.21000,0.34600,1.43400,0.00000,1.00000,16,0.18300,-0.04970,0.01494,0.18360,0.09820,0,0.99122,0.00000,-0.00000,-0.13221,,0,,,,,,,,,,,,,,,,,,,,,,,,,,,,,,,,,,,,,,,,,,,,,,,,,,,,,,,,,,,,,,,,,,,,,,,,,,,,,,,,,,,,,,,,,,,,,,,,,,,,,,,,,,,,,,,,,,,,,,,,,,,,,,,0,,,,,0.18360,0.09820,0.01994,0.97000,0.00000,-0.00000,0.24311
3484.8066,0,0,17.75,0.00,23.40,0.08374,0.33380,1.09846,,,,0,0,0.21961,-0.00098,0.06018,0.21953,-0.00098,0.06007,,,nan,0.00000,-0.20964,0.34636,1.43401,0.00000,1.00000,0.00000,-0.21000,0.34600,1.43400,0.00000,1.00000,16,0.18300,-0.04970,0.01494,0.18360,0.09820,0,0.99122,0.00000,-0.00000,-0.13221,,0,,,,,,,,,,,,,,,,,,,,,,,,,,,,,,,,,,,,,,,,,,,,,,,,,,,,,,,,,,,,,,,,,,,,,,,,,,,,,,,,,,,,,,,,,,,,,,,,,,,,,,,,,,,,,,,,,,,,,,,,,,,,,,,0,,,,,0.18360,0.09820,0.01994,0.97000,0.00000,-0.00000,0.24311
3484.8493,0,0,32.57,0.00,38.93,0.08374,0.33380,1.09846,,,,0,0,0.21961,-0.00098,0.06018,0.21953,-0.00098,0.06007,,,nan,0.00000,-0.20964,0.34636,1.43401,0.00000,1.00000,0.00000,-0.21000,0.34600,1.43400,0.00000,1.00000,16,0.18300,-0.04970,0.01494,0.18360,0.09820,0,0.99122,-0.00000,0.00000,-0.13221,,0,,,,,,,,,,,,,,,,,,,,,,,,,,,,,,,,,,,,,,,,,,,,,,,,,,,,,,,,,,,,,,,,,,,,,,,,,,,,,,,,,,,,,,,,,,,,,,,,,,,,,,,,,,,,,,,,,,,,,,,,,,,,,,,0,,,,,0.18360,0.09820,0.01994,0.97000,0.00000,-0.00000,0.24311
3484.8760,0,0,17.93,0.00,23.56,0.08374,0.33380,1.09846,,,,0,0,0.21961,-0.00098,0.06018,0.21953,-0.00098,0.06007,,,nan,0.00000,-0.20964,0.34636,1.43401,0.00000,1.00000,0.00000,-0.21000,0.34600,1.43400,0.00000,1.00000,16,0.18300,-0.04970,0.01494,0.18360,0.09820,0,0.99122,-0.00000,-0.00000,-0.13221,,0,,,,,,,,,,,,,,,,,,,,,,,,,,,,,,,,,,,,,,,,,,,,,,,,,,,,,,,,,,,,,,,,,,,,,,,,,,,,,,,,,,,,,,,,,,,,,,,,,,,,,,,,,,,,,,,,,,,,,,,,,,,,,,,0,,,,,0.18360,0.09820,0.01994,0.97000,0.00000,-0.00000,0.24311
3484.9067,0,0,21.35,0.00,27.45,0.08374,0.33380,1.09846,,,,0,0,0.21961,-0.00098,0.06018,0.21953,-0.00098,0.06007,,,nan,0.00000,-0.20964,0.34636,1.43401,0.00000,1.00000,0.00000,-0.21000,0.34600,1.43400,0.00000,1.00000,16,0.18300,-0.04970,0.01494,0.18360,0.09820,0,0.99122,0.00000,-0.00000,-0.13221,,0,,,,,,,,,,,,,,,,,,,,,,,,,,,,,,,,,,,,,,,,,,,,,,,,,,,,,,,,,,,,,,,,,,,,,,,,,,,,,,,,,,,,,,,,,,,,,,,,,,,,,,,,,,,,,,,,,,,,,,,,,,,,,,,0,,,,,0.18360,0.09820,0.01994,0.97000,-0.00000,0.00000,0.24311
3484.9382,0,0,21.34,0.00,27.53,0.08374,0.33380,1.09846,,,,0,0,0.21961,-0.00098,0.06018,0.21953,-0.00098,0.06007,,,nan,0.00000,-0.20964,0.34636,1.43401,0.00000,1.00000,0.00000,-0.21000,0.34600,1.43400,0.00000,1.00000,16,0.18300,-0.04970,0.01494,0.18360,0.09820,0,0.99122,0.00000,-0.00000,-0.13221,,0,,,,,,,,,,,,,,,,,,,,,,,,,,,,,,,,,,,,,,,,,,,,,,,,,,,,,,,,,,,,,,,,,,,,,,,,,,,,,,,,,,,,,,,,,,,,,,,,,,,,,,,,,,,,,,,,,,,,,,,,,,,,,,,0,,,,,0.18360,0.09820,0.01994,0.97000,-0.00000,0.00000,0.24311
3484.9650,0,0,17.19,0.00,22.70,0.08374,0.33380,1.09846,,,,0,0,0.21961,-0.00098,0.06018,0.21953,-0.00098,0.06007,,,nan,0.00000,-0.20964,0.34636,1.43401,0.00000,1.00000,0.00000,-0.21000,0.34600,1.43400,0.00000,1.00000,16,0.18300,-0.04970,0.01494,0.18360,0.09820,0,0.99122,0.00000,0.00000,-0.13221,,0,,,,,,,,,,,,,,,,,,,,,,,,,,,,,,,,,,,,,,,,,,,,,,,,,,,,,,,,,,,,,,,,,,,,,,,,,,,,,,,,,,,,,,,,,,,,,,,,,,,,,,,,,,,,,,,,,,,,,,,,,,,,,,,0,,,,,0.18360,0.09820,0.01994,0.97000,0.00000,0.00000,0.24311
3484.9954,0,0,20.88,0.00,26.71,0.08374,0.33380,1.09846,,,,0,0,0.21961,-0.00098,0.06018,0.21953,-0.00098,0.06007,,,nan,0.00000,-0.20964,0.34636,1.43401,0.00000,1.00000,0.00000,-0.21000,0.34600,1.43400,0.00000,1.00000,16,0.18300,-0.04970,0.01494,0.18360,0.09820,0,0.99122,0.00000,-0.00000,-0.13221,,0,,,,,,,,,,,,,,,,,,,,,,,,,,,,,,,,,,,,,,,,,,,,,,,,,,,,,,,,,,,,,,,,,,,,,,,,,,,,,,,,,,,,,,,,,,,,,,,,,,,,,,,,,,,,,,,,,,,,,,,,,,,,,,,0,,,,,0.18360,0.09820,0.01994,0.97000,0.00000,0.00000,0.24311
3485.0233,0,0,17.14,0.00,23.82,0.08374,0.33380,1.09846,,,,0,0,0.21961,-0.00098,0.06018,0.21953,-0.00098,0.06007,,,nan,0.00000,-0.20964,0.34636,1.43401,0.00000,1.00000,0.00000,-0.21000,0.34600,1.43400,0.00000,1.00000,16,0.18300,-0.04970,0.01494,0.18360,0.09820,0,0.99122,0.00000,-0.00000,-0.13221,,0,,,,,,,,,,,,,,,,,,,,,,,,,,,,,,,,,,,,,,,,,,,,,,,,,,,,,,,,,,,,,,,,,,,,,,,,,,,,,,,,,,,,,,,,,,,,,,,,,,,,,,,,,,,,,,,,,,,,,,,,,,,,,,,0,,,,,0.18360,0.09820,0.01994,0.97000,-0.00000,0.00000,0.24311
3485.0513,0,0,17.94,0.00,23.68,0.08374,0.33380,1.09846,,,,0,0,0.21961,-0.00098,0.06018,0.21953,-0.00098,0.06007,,,nan,0.00000,-0.20964,0.34636,1.43401,0.00000,1.00000,0.00000,-0.21000,0.34600,1.43400,0.00000,1.00000,16,0.18300,-0.04970,0.01494,0.18360,0.09820,0,0.99122,0.00000,-0.00000,-0.13221,,0,,,,,,,,,,,,,,,,,,,,,,,,,,,,,,,,,,,,,,,,,,,,,,,,,,,,,,,,,,,,,,,,,,,,,,,,,,,,,,,,,,,,,,,,,,,,,,,,,,,,,,,,,,,,,,,,,,,,,,,,,,,,,,,0,,,,,0.18360,0.09820,0.01994,0.97000,-0.00000,-0.00000,0.24311
3485.0813,0,0,18.85,0.00,25.48,0.08374,0.33380,1.09846,,,,0,0,0.21961,-0.00098,0.06018,0.21953,-0.00098,0.06007,,,nan,0.00000,-0.20964,0.34636,1.43401,0.00000,1.00000,0.00000,-0.21000,0.34600,1.43400,0.00000,1.00000,16,0.18300,-0.04970,0.01494,0.18360,0.09820,0,0.99122,0.00000,-0.00000,-0.13221,,0,,,,,,,,,,,,,,,,,,,,,,,,,,,,,,,,,,,,,,,,,,,,,,,,,,,,,,,,,,,,,,,,,,,,,,,,,,,,,,,,,,,,,,,,,,,,,,,,,,,,,,,,,,,,,,,,,,,,,,,,,,,,,,,0,,,,,0.18360,0.09820,0.01994,0.97000,-0.00000,-0.00000,0.24311
3485.1276,0,0,17.04,0.00,42.43,0.08374,0.33380,1.09846,,,,0,0,0.21961,-0.00098,0.06018,0.21953,-0.00098,0.06007,,,nan,0.00000,-0.20964,0.34636,1.43401,0.00000,1.00000,0.00000,-0.21000,0.34600,1.43400,0.00000,1.00000,16,0.18300,-0.04970,0.01494,0.18360,0.09820,0,0.99122,0.00000,-0.00000,-0.13221,,0,,,,,,,,,,,,,,,,,,,,,,,,,,,,,,,,,,,,,,,,,,,,,,,,,,,,,,,,,,,,,,,,,,,,,,,,,,,,,,,,,,,,,,,,,,,,,,,,,,,,,,,,,,,,,,,,,,,,,,,,,,,,,,,0,,,,,0.18360,0.09820,0.01994,0.97000,0.00000,-0.00000,0.24311
3485.1644,0,0,22.37,0.00,32.68,0.08374,0.33380,1.09846,,,,0,0,0.21961,-0.00098,0.06018,0.21953,-0.00098,0.06007,,,nan,0.00000,-0.20964,0.34636,1.43401,0.00000,1.00000,0.00000,-0.21000,0.34600,1.43400,0.00000,1.00000,16,0.18300,-0.04970,0.01494,0.18360,0.09820,0,0.99122,-0.00000,0.00000,-0.13221,,0,,,,,,,,,,,,,,,,,,,,,,,,,,,,,,,,,,,,,,,,,,,,,,,,,,,,,,,,,,,,,,,,,,,,,,,,,,,,,,,,,,,,,,,,,,,,,,,,,,,,,,,,,,,,,,,,,,,,,,,,,,,,,,,0,,,,,0.18360,0.09820,0.01994,0.97000,0.00000,-0.00000,0.24311
3485.1943,0,0,19.40,0.00,25.94,0.08374,0.33380,1.09846,,,,0,0,0.21961,-0.00098,0.06018,0.21953,-0.00098,0.06007,,,nan,0.00000,-0.20964,0.34636,1.43401,0.00000,1.00000,0.00000,-0.21000,0.34600,1.43400,0.00000,1.00000,16,0.18300,-0.04970,0.01494,0.18360,0.09820,0,0.99122,-0.00000,0.00000,-0.13221,,0,,,,,,,,,,,,,,,,,,,,,,,,,,,,,,,,,,,,,,,,,,,,,,,,,,,,,,,,,,,,,,,,,,,,,,,,,,,,,,,,,,,,,,,,,,,,,,,,,,,,,,,,,,,,,,,,,,,,,,,,,,,,,,,0,,,,,0.18360,0.09820,0.01994,0.97000,0.00000,-0.00000,0.24311
3485.2336,0,0,19.86,0.00,26.20,0.08374,0.33380,1.09846,,,,0,0,0.21961,-0.00098,0.06018,0.21953,-0.00098,0.06007,,,nan,0.00000,-0.20964,0.34636,1.43401,0.00000,1.00000,0.00000,-0.21000,0.34600,1.43400,0.00000,1.00000,16,0.18300,-0.04970,0.01494,0.18360,0.09820,0,0.99122,-0.00000,0.00000,-0.13221,,0,,,,,,,,,,,,,,,,,,,,,,,,,,,,,,,,,,,,,,,,,,,,,,,,,,,,,,,,,,,,,,,,,,,,,,,,,,,,,,,,,,,,,,,,,,,,,,,,,,,,,,,,,,,,,,,,,,,,,,,,,,,,,,,0,,,,,0.18360,0.09820,0.01994,0.97000,0.00000,-0.00000,0.24311
3485.2638,0,0,19.74,0.00,26.03,0.08374,0.33380,1.09846,,,,0,0,0.21961,-0.00098,0.06018,0.21953,-0.00098,0.06007,,,nan,0.00000,-0.20964,0.34636,1.43401,0.00000,1.00000,0.00000,-0.21000,0.34600,1.43400,0.00000,1.00000,16,0.18300,-0.04970,0.01494,0.18360,0.09820,0,0.99122,-0.00000,0.00000,-0.13221,,0,,,,,,,,,,,,,,,,,,,,,,,,,,,,,,,,,,,,,,,,,,,,,,,,,,,,,,,,,,,,,,,,,,,,,,,,,,,,,,,,,,,,,,,,,,,,,,,,,,,,,,,,,,,,,,,,,,,,,,,,,,,,,,,0,,,,,0.18360,0.09820,0.01994,0.97000,-0.00000,0.00000,0.24311
3485.2930,0,0,18.44,0.00,25.55,0.08374,0.33380,1.09846,,,,0,0,0.21961,-0.00098,0.06018,0.21953,-0.00098,0.06007,,,nan,0.00000,-0.20964,0.34636,1.43401,0.00000,1.00000,0.00000,-0.21000,0.34600,1.43400,0.00000,1.00000,16,0.18300,-0.04970,0.01494,0.18360,0.09820,0,0.99122,0.00000,0.00000,-0.13221,,0,,,,,,,,,,,,,,,,,,,,,,,,,,,,,,,,,,,,,,,,,,,,,,,,,,,,,,,,,,,,,,,,,,,,,,,,,,,,,,,,,,,,,,,,,,,,,,,,,,,,,,,,,,,,,,,,,,,,,,,,,,,,,,,0,,,,,0.18360,0.09820,0.01994,0.97000,-0.00000,-0.00000,0.24311
3485.3201,0,0,16.42,0.00,22.66,0.08374,0.33380,1.09846,,,,0,0,0.21961,-0.00098,0.06018,0.21953,-0.00098,0.06007,,,nan,0.00000,-0.20964,0.34636,1.43401,0.00000,1.00000,0.00000,-0.21000,0.34600,1.43400,0.00000,1.00000,16,0.18300,-0.04970,0.01494,0.18360,0.09820,0,0.99122,0.00000,-0.00000,-0.13221,,0,,,,,,,,,,,,,,,,,,,,,,,,,,,,,,,,,,,,,,,,,,,,,,,,,,,,,,,,,,,,,,,,,,,,,,,,,,,,,,,,,,,,,,,,,,,,,,,,,,,,,,,,,,,,,,,,,,,,,,,,,,,,,,,0,,,,,0.18360,0.09820,0.01994,0.97000,-0.00000,-0.00000,0.24311
3485.3502,0,0,16.11,0.00,27.39,0.08374,0.33380,1.09846,,,,0,0,0.21961,-0.00098,0.06018,0.21953,-0.00098,0.06007,,,nan,0.00000,-0.20964,0.34636,1.43401,0.00000,1.00000,0.00000,-0.21000,0.34600,1.43400,0.00000,1.00000,16,0.18300,-0.04970,0.01494,0.18360,0.09820,0,0.99122,0.00000,-0.00000,-0.13221,,0,,,,,,,,,,,,,,,,,,,,,,,,,,,,,,,,,,,,,,,,,,,,,,,,,,,,,,,,,,,,,,,,,,,,,,,,,,,,,,,,,,,,,,,,,,,,,,,,,,,,,,,,,,,,,,,,,,,,,,,,,,,,,,,0,,,,,0.18360,0.09820,0.01994,0.97000,0.00000,-0.00000,0.24311
3485.3836,0,0,17.02,0.00,29.41,0.08374,0.33380,1.09846,,,,0,0,0.21961,-0.00098,0.06018,0.21953,-0.00098,0.06007,,,nan,0.00000,-0.20964,0.34636,1.43401,0.00000,1.00000,0.00000,-0.21000,0.34600,1.43400,0.00000,1.00000,16,0.18300,-0.04970,0.01494,0.18360,0.09820,0,0.99122,0.00000,-0.00000,-0.13221,,0,,,,,,,,,,,,,,,,,,,,,,,,,,,,,,,,,,,,,,,,,,,,,,,,,,,,,,,,,,,,,,,,,,,,,,,,,,,,,,,,,,,,,,,,,,,,,,,,,,,,,,,,,,,,,,,,,,,,,,,,,,,,,,,0,,,,,0.18360,0.09820,0.01994,0.97000,-0.00000,-0.00000,0.24311
3485.4219,0,0,23.08,0.00,34.59,0.08374,0.33380,1.09846,,,,0,0,0.21961,-0.00098,0.06018,0.21953,-0.00098,0.06007,,,nan,0.00000,-0.20964,0.34636,1.43401,0.00000,1.00000,0.00000,-0.21000,0.34600,1.43400,0.00000,1.00000,16,0.18300,-0.04970,0.01494,0.18360,0.09820,0,0.99122,-0.00000,0.00000,-0.13221,,0,,,,,,,,,,,,,,,,,,,,,,,,,,,,,,,,,,,,,,,,,,,,,,,,,,,,,,,,,,,,,,,,,,,,,,,,,,,,,,,,,,,,,,,,,,,,,,,,,,,,,,,,,,,,,,,,,,,,,,,,,,,,,,,0,,,,,0.18360,0.09820,0.01994,0.97000,0.00000,-0.00000,0.24311
3485.4727,0,0,40.22,0.00,46.84,0.08374,0.33380,1.09846,,,,0,0,0.21961,-0.00098,0.06018,0.21953,-0.00098,0.06007,,,nan,0.00000,-0.20964,0.34636,1.43401,0.00000,1.00000,0.00000,-0.21000,0.34600,1.43400,0.00000,1.00000,16,0.18300,-0.04970,0.01494,0.18360,0.09820,0,0.99122,-0.00000,0.00000,-0.13221,,0,,,,,,,,,,,,,,,,,,,,,,,,,,,,,,,,,,,,,,,,,,,,,,,,,,,,,,,,,,,,,,,,,,,,,,,,,,,,,,,,,,,,,,,,,,,,,,,,,,,,,,,,,,,,,,,,,,,,,,,,,,,,,,,0,,,,,0.18360,0.09820,0.01994,0.97000,-0.00000,-0.00000,0.24311
3485.5191,0,0,35.80,0.00,42.16,0.08374,0.33380,1.09846,,,,0,0,0.21961,-0.00098,0.06018,0.21953,-0.00098,0.06007,,,nan,0.00000,-0.20964,0.34636,1.43401,0.00000,1.00000,0.00000,-0.21000,0.34600,1.43400,0.00000,1.00000,16,0.18300,-0.04970,0.01494,0.18360,0.09820,0,0.99122,0.00000,-0.00000,-0.13221,,0,,,,,,,,,,,,,,,,,,,,,,,,,,,,,,,,,,,,,,,,,,,,,,,,,,,,,,,,,,,,,,,,,,,,,,,,,,,,,,,,,,,,,,,,,,,,,,,,,,,,,,,,,,,,,,,,,,,,,,,,,,,,,,,0,,,,,0.18360,0.09820,0.01994,0.97000,-0.00000,-0.00000,0.24311
3485.5646,0,0,34.97,0.00,41.37,0.08374,0.33380,1.09846,,,,0,0,0.21961,-0.00098,0.06018,0.21953,-0.00098,0.06007,,,nan,0.00000,-0.20964,0.34636,1.43401,0.00000,1.00000,0.00000,-0.21000,0.34600,1.43400,0.00000,1.00000,16,0.18300,-0.04970,0.01494,0.18360,0.09820,0,0.99122,0.00000,0.00000,-0.13221,,0,,,,,,,,,,,,,,,,,,,,,,,,,,,,,,,,,,,,,,,,,,,,,,,,,,,,,,,,,,,,,,,,,,,,,,,,,,,,,,,,,,,,,,,,,,,,,,,,,,,,,,,,,,,,,,,,,,,,,,,,,,,,,,,0,,,,,0.18360,0.09820,0.01994,0.97000,-0.00000,-0.00000,0.24311
3485.5931,0,0,17.42,0.00,23.42,0.08374,0.33380,1.09846,,,,0,0,0.21961,-0.00098,0.06018,0.21953,-0.00098,0.06007,,,nan,0.00000,-0.20964,0.34636,1.43401,0.00000,1.00000,0.00000,-0.21000,0.34600,1.43400,0.00000,1.00000,16,0.18300,-0.04970,0.01494,0.18360,0.09820,0,0.99122,0.00000,0.00000,-0.13221,,0,,,,,,,,,,,,,,,,,,,,,,,,,,,,,,,,,,,,,,,,,,,,,,,,,,,,,,,,,,,,,,,,,,,,,,,,,,,,,,,,,,,,,,,,,,,,,,,,,,,,,,,,,,,,,,,,,,,,,,,,,,,,,,,0,,,,,0.18360,0.09820,0.01994,0.97000,0.00000,-0.00000,0.24311
3485.6380,0,0,31.60,0.00,40.92,0.08374,0.33380,1.09846,,,,0,0,0.21961,-0.00098,0.06018,0.21953,-0.00098,0.06007,,,nan,0.00000,-0.20964,0.34636,1.43401,0.00000,1.00000,0.00000,-0.21000,0.34600,1.43400,0.00000,1.00000,16,0.18300,-0.04970,0.01494,0.18360,0.09820,0,0.99122,0.00000,0.00000,-0.13221,,0,,,,,,,,,,,,,,,,,,,,,,,,,,,,,,,,,,,,,,,,,,,,,,,,,,,,,,,,,,,,,,,,,,,,,,,,,,,,,,,,,,,,,,,,,,,,,,,,,,,,,,,,,,,,,,,,,,,,,,,,,,,,,,,0,,,,,0.18360,0.09820,0.01994,0.97000,-0.00000,-0.00000,0.24311
3485.6872,0,0,38.56,0.00,44.53,0.08374,0.33380,1.09846,,,,0,0,0.21961,-0.00098,0.06018,0.21953,-0.00098,0.06007,,,nan,0.00000,-0.20964,0.34636,1.43401,0.00000,1.00000,0.00000,-0.21000,0.34600,1.43400,0.00000,1.00000,16,0.18300,-0.04970,0.01494,0.18360,0.09820,0,0.99122,0.00000,0.00000,-0.13221,,0,,,,,,,,,,,,,,,,,,,,,,,,,,,,,,,,,,,,,,,,,,,,,,,,,,,,,,,,,,,,,,,,,,,,,,,,,,,,,,,,,,,,,,,,,,,,,,,,,,,,,,,,,,,,,,,,,,,,,,,,,,,,,,,0,,,,,0.18360,0.09820,0.01994,0.97000,0.00000,0.00000,0.24311
3485.7307,0,0,34.48,0.00,40.88,0.08374,0.33380,1.09846,,,,0,0,0.21961,-0.00098,0.06018,0.21953,-0.00098,0.06007,,,nan,0.00000,-0.20964,0.34636,1.43401,0.00000,1.00000,0.00000,-0.21000,0.34600,1.43400,0.00000,1.00000,16,0.18300,-0.04970,0.01494,0.18360,0.09820,0,0.99122,0.00000,0.00000,-0.13221,,0,,,,,,,,,,,,,,,,,,,,,,,,,,,,,,,,,,,,,,,,,,,,,,,,,,,,,,,,,,,,,,,,,,,,,,,,,,,,,,,,,,,,,,,,,,,,,,,,,,,,,,,,,,,,,,,,,,,,,,,,,,,,,,,0,,,,,0.18360,0.09820,0.01994,0.97000,-0.00000,-0.00000,0.24311
3485.7728,0,1,32.38,0.00,37.97,0.19388,0.15019,0.41832,0.61382,0.41832,2.4755,0,0,0.21961,-0.00098,0.06018,0.21953,-0.00098,0.06007,,,0.41832,0.00000,-0.20964,0.34636,1.43401,0.00000,1.00000,0.00000,-0.21000,0.34600,1.43400,0.00000,1.00000,16,0.18300,-0.04970,0.01494,0.18360,0.09820,0,0.99122,0.00000,-0.00000,-0.13221,Right,0,554.46,462.39,538.03,448.03,531.26,424.77,528.07,405.13,526.88,393.55,563.98,425.57,574.27,425.14,576.69,427.76,576.32,431.15,578.81,431.06,592.60,432.90,591.95,438.12,588.27,442.55,589.91,435.53,603.59,441.25,598.33,447.65,591.63,451.53,597.26,440.41,610.22,447.60,605.08,453.18,597.36,455.65,-0.00000,-0.01885,-0.02881,-0.03728,-0.04459,-0.01427,-0.02508,-0.03291,-0.03769,-0.01067,-0.02093,-0.02629,-0.02980,-0.00950,-0.02207,-0.02473,-0.02450,-0.00978,-0.01899,-0.02011,-0.01961,-0.02620,0.02586,0.02712,-0.03364,0.01599,0.00917,-0.04058,-0.00414,0.00931,-0.04988,-0.02333,0.00248,-0.05531,-0.04702,0.00102,-0.01256,-0.00364,-0.00468,-0.00742,-0.00338,-0.00799,-0.00492,-0.00278,-0.00470,-0.00692,0.00083,-0.00064,-0.00268,-0.00128,0.00180,0.00898,-0.00018,-0.00754,0.00549,0.00428,-0.01043,0.00480,0.00601,-0.00297,0.00722,-0.00116,0.00340,0.01381,0.00871,0.00021,0.01084,0.01361,-0.00154,0.00683,0.01539,0.00453,0.01001,0.00491,0.00849,0.02318,0.01336,0.00534,0.02225,0.01956,0.01027,0.01235,0.02233,0.00926,0,,,,,0.18360,0.09820,0.01994,0.97000,-0.00000,0.00000,0.24311
3485.7966,0,0,14.76,0.00,20.49,0.19388,0.15019,0.41832,,,,0,0,0.21961,-0.00098,0.06018,0.21953,-0.00098,0.06007,,,nan,0.00000,-0.20964,0.34636,1.43401,0.00000,1.00000,0.00000,-0.21000,0.34600,1.43400,0.00000,1.00000,16,0.18300,-0.04970,0.01494,0.18360,0.09820,0,0.99122,-0.00000,-0.00000,-0.13221,,0,,,,,,,,,,,,,,,,,,,,,,,,,,,,,,,,,,,,,,,,,,,,,,,,,,,,,,,,,,,,,,,,,,,,,,,,,,,,,,,,,,,,,,,,,,,,,,,,,,,,,,,,,,,,,,,,,,,,,,,,,,,,,,,0,,,,,0.18360,0.09820,0.01994,0.97000,0.00000,0.00000,0.24311
3485.8374,0,0,31.20,0.00,37.44,0.19388,0.15019,0.41832,,,,0,0,0.21961,-0.00098,0.06018,0.21953,-0.00098,0.06007,,,nan,0.00000,-0.20964,0.34636,1.43401,0.00000,1.00000,0.00000,-0.21000,0.34600,1.43400,0.00000,1.00000,16,0.18300,-0.04970,0.01494,0.18360,0.09820,0,0.99122,-0.00000,0.00000,-0.13221,,0,,,,,,,,,,,,,,,,,,,,,,,,,,,,,,,,,,,,,,,,,,,,,,,,,,,,,,,,,,,,,,,,,,,,,,,,,,,,,,,,,,,,,,,,,,,,,,,,,,,,,,,,,,,,,,,,,,,,,,,,,,,,,,,0,,,,,0.18360,0.09820,0.01994,0.97000,-0.00000,-0.00000,0.24311
3485.8810,0,0,35.04,0.00,40.73,0.19388,0.15019,0.41832,,,,0,0,0.21961,-0.00098,0.06018,0.21953,-0.00098,0.06007,,,nan,0.00000,-0.20964,0.34636,1.43401,0.00000,1.00000,0.00000,-0.21000,0.34600,1.43400,0.00000,1.00000,16,0.18300,-0.04970,0.01494,0.18360,0.09820,0,0.99122,-0.00000,0.00000,-0.13221,,0,,,,,,,,,,,,,,,,,,,,,,,,,,,,,,,,,,,,,,,,,,,,,,,,,,,,,,,,,,,,,,,,,,,,,,,,,,,,,,,,,,,,,,,,,,,,,,,,,,,,,,,,,,,,,,,,,,,,,,,,,,,,,,,0,,,,,0.18360,0.09820,0.01994,0.97000,0.00000,0.00000,0.24311
3485.9221,0,0,29.98,0.00,37.31,0.19388,0.15019,0.41832,,,,0,0,0.21961,-0.00098,0.06018,0.21953,-0.00098,0.06007,,,nan,0.00000,-0.20964,0.34636,1.43401,0.00000,1.00000,0.00000,-0.21000,0.34600,1.43400,0.00000,1.00000,16,0.18300,-0.04970,0.01494,0.18360,0.09820,0,0.99122,-0.00000,0.00000,-0.13221,,0,,,,,,,,,,,,,,,,,,,,,,,,,,,,,,,,,,,,,,,,,,,,,,,,,,,,,,,,,,,,,,,,,,,,,,,,,,,,,,,,,,,,,,,,,,,,,,,,,,,,,,,,,,,,,,,,,,,,,,,,,,,,,,,0,,,,,0.18360,0.09820,0.01994,0.97000,-0.00000,-0.00000,0.24311
3485.9705,0,0,38.28,0.00,44.57,0.19388,0.15019,0.41832,,,,0,0,0.21961,-0.00098,0.06018,0.21953,-0.00098,0.06007,,,nan,0.00000,-0.20964,0.34636,1.43401,0.00000,1.00000,0.00000,-0.21000,0.34600,1.43400,0.00000,1.00000,16,0.18300,-0.04970,0.01494,0.18360,0.09820,0,0.99122,0.00000,0.00000,-0.13221,,0,,,,,,,,,,,,,,,,,,,,,,,,,,,,,,,,,,,,,,,,,,,,,,,,,,,,,,,,,,,,,,,,,,,,,,,,,,,,,,,,,,,,,,,,,,,,,,,,,,,,,,,,,,,,,,,,,,,,,,,,,,,,,,,0,,,,,0.18360,0.09820,0.01994,0.97000,-0.00000,0.00000,0.24311
3486.0196,0,0,37.85,0.00,44.75,0.19388,0.15019,0.41832,,,,0,0,0.21961,-0.00098,0.06018,0.21953,-0.00098,0.06007,,,nan,0.00000,-0.20964,0.34636,1.43401,0.00000,1.00000,0.00000,-0.21000,0.34600,1.43400,0.00000,1.00000,16,0.18300,-0.04970,0.01494,0.18360,0.09820,0,0.99122,0.00000,-0.00000,-0.13221,,0,,,,,,,,,,,,,,,,,,,,,,,,,,,,,,,,,,,,,,,,,,,,,,,,,,,,,,,,,,,,,,,,,,,,,,,,,,,,,,,,,,,,,,,,,,,,,,,,,,,,,,,,,,,,,,,,,,,,,,,,,,,,,,,0,,,,,0.18360,0.09820,0.01994,0.97000,0.00000,-0.00000,0.24311
3486.0630,0,0,34.11,0.00,40.67,0.19388,0.15019,0.41832,,,,0,0,0.21961,-0.00098,0.06018,0.21953,-0.00098,0.06007,,,nan,0.00000,-0.20964,0.34636,1.43401,0.00000,1.00000,0.00000,-0.21000,0.34600,1.43400,0.00000,1.00000,16,0.18300,-0.04970,0.01494,0.18360,0.09820,0,0.99122,-0.00000,-0.00000,-0.13221,,0,,,,,,,,,,,,,,,,,,,,,,,,,,,,,,,,,,,,,,,,,,,,,,,,,,,,,,,,,,,,,,,,,,,,,,,,,,,,,,,,,,,,,,,,,,,,,,,,,,,,,,,,,,,,,,,,,,,,,,,,,,,,,,,0,,,,,0.18360,0.09820,0.01994,0.97000,0.00000,0.00000,0.24311
3486.1070,0,0,32.64,0.00,39.90,0.19388,0.15019,0.41832,,,,0,0,0.21961,-0.00098,0.06018,0.21953,-0.00098,0.06007,,,nan,0.00000,-0.20964,0.34636,1.43401,0.00000,1.00000,0.00000,-0.21000,0.34600,1.43400,0.00000,1.00000,16,0.18300,-0.04970,0.01494,0.18360,0.09820,0,0.99122,0.00000,0.00000,-0.13221,,0,,,,,,,,,,,,,,,,,,,,,,,,,,,,,,,,,,,,,,,,,,,,,,,,,,,,,,,,,,,,,,,,,,,,,,,,,,,,,,,,,,,,,,,,,,,,,,,,,,,,,,,,,,,,,,,,,,,,,,,,,,,,,,,0,,,,,0.18360,0.09820,0.01994,0.97000,0.00000,0.00000,0.24311
3486.1553,0,0,36.07,0.00,42.47,0.19388,0.15019,0.41832,,,,0,0,0.21961,-0.00098,0.06018,0.21953,-0.00098,0.06007,,,nan,0.00000,-0.20964,0.34636,1.43401,0.00000,1.00000,0.00000,-0.21000,0.34600,1.43400,0.00000,1.00000,16,0.18300,-0.04970,0.01494,0.18360,0.09820,0,0.99122,0.00000,0.00000,-0.13221,,0,,,,,,,,,,,,,,,,,,,,,,,,,,,,,,,,,,,,,,,,,,,,,,,,,,,,,,,,,,,,,,,,,,,,,,,,,,,,,,,,,,,,,,,,,,,,,,,,,,,,,,,,,,,,,,,,,,,,,,,,,,,,,,,0,,,,,0.18360,0.09820,0.01994,0.97000,-0.00000,0.00000,0.24311
3486.1829,0,0,17.59,0.00,23.59,0.19388,0.15019,0.41832,,,,0,0,0.21961,-0.00098,0.06018,0.21953,-0.00098,0.06007,,,nan,0.00000,-0.20964,0.34636,1.43401,0.00000,1.00000,0.00000,-0.21000,0.34600,1.43400,0.00000,1.00000,16,0.18300,-0.04970,0.01494,0.18360,0.09820,0,0.99122,0.00000,-0.00000,-0.13221,,0,,,,,,,,,,,,,,,,,,,,,,,,,,,,,,,,,,,,,,,,,,,,,,,,,,,,,,,,,,,,,,,,,,,,,,,,,,,,,,,,,,,,,,,,,,,,,,,,,,,,,,,,,,,,,,,,,,,,,,,,,,,,,,,0,,,,,0.18360,0.09820,0.01994,0.97000,0.00000,0.00000,0.24311
3486.2328,0,0,39.08,0.00,44.83,0.19388,0.15019,0.41832,,,,0,0,0.21961,-0.00098,0.06018,0.21953,-0.00098,0.06007,,,nan,0.00000,-0.20964,0.34636,1.43401,0.00000,1.00000,0.00000,-0.21000,0.34600,1.43400,0.00000,1.00000,16,0.18300,-0.04970,0.01494,0.18360,0.09820,0,0.99122,-0.00000,-0.00000,-0.13221,,0,,,,,,,,,,,,,,,,,,,,,,,,,,,,,,,,,,,,,,,,,,,,,,,,,,,,,,,,,,,,,,,,,,,,,,,,,,,,,,,,,,,,,,,,,,,,,,,,,,,,,,,,,,,,,,,,,,,,,,,,,,,,,,,0,,,,,0.18360,0.09820,0.01994,0.97000,0.00000,0.00000,0.24311
3486.2598,0,0,16.08,0.00,22.13,0.19388,0.15019,0.41832,,,,0,0,0.21961,-0.00098,0.06018,0.21953,-0.00098,0.06007,,,nan,0.00000,-0.20964,0.34636,1.43401,0.00000,1.00000,0.00000,-0.21000,0.34600,1.43400,0.00000,1.00000,16,0.18300,-0.04970,0.01494,0.18360,0.09820,0,0.99122,-0.00000,0.00000,-0.13221,,0,,,,,,,,,,,,,,,,,,,,,,,,,,,,,,,,,,,,,,,,,,,,,,,,,,,,,,,,,,,,,,,,,,,,,,,,,,,,,,,,,,,,,,,,,,,,,,,,,,,,,,,,,,,,,,,,,,,,,,,,,,,,,,,0,,,,,0.18360,0.09820,0.01994,0.97000,0.00000,0.00000,0.24311
3486.2927,0,0,21.89,0.00,28.05,0.19388,0.15019,0.41832,,,,0,0,0.21961,-0.00098,0.06018,0.21953,-0.00098,0.06007,,,nan,0.00000,-0.20964,0.34636,1.43401,0.00000,1.00000,0.00000,-0.21000,0.34600,1.43400,0.00000,1.00000,16,0.18300,-0.04970,0.01494,0.18360,0.09820,0,0.99122,0.00000,0.00000,-0.13221,,0,,,,,,,,,,,,,,,,,,,,,,,,,,,,,,,,,,,,,,,,,,,,,,,,,,,,,,,,,,,,,,,,,,,,,,,,,,,,,,,,,,,,,,,,,,,,,,,,,,,,,,,,,,,,,,,,,,,,,,,,,,,,,,,0,,,,,0.18360,0.09820,0.01994,0.97000,0.00000,0.00000,0.24311
3486.3262,0,0,23.48,0.00,29.24,0.19388,0.15019,0.41832,,,,0,0,0.21961,-0.00098,0.06018,0.21953,-0.00098,0.06007,,,nan,0.00000,-0.20964,0.34636,1.43401,0.00000,1.00000,0.00000,-0.21000,0.34600,1.43400,0.00000,1.00000,16,0.18300,-0.04970,0.01494,0.18360,0.09820,0,0.99122,-0.00000,-0.00000,-0.13221,,0,,,,,,,,,,,,,,,,,,,,,,,,,,,,,,,,,,,,,,,,,,,,,,,,,,,,,,,,,,,,,,,,,,,,,,,,,,,,,,,,,,,,,,,,,,,,,,,,,,,,,,,,,,,,,,,,,,,,,,,,,,,,,,,0,,,,,0.18360,0.09820,0.01994,0.97000,0.00000,0.00000,0.24311
3486.3542,0,0,16.93,0.00,23.59,0.19388,0.15019,0.41832,,,,0,0,0.21961,-0.00098,0.06018,0.21953,-0.00098,0.06007,,,nan,0.00000,-0.20964,0.34636,1.43401,0.00000,1.00000,0.00000,-0.21000,0.34600,1.43400,0.00000,1.00000,16,0.18300,-0.04970,0.01494,0.18360,0.09820,0,0.99122,-0.00000,-0.00000,-0.13221,,0,,,,,,,,,,,,,,,,,,,,,,,,,,,,,,,,,,,,,,,,,,,,,,,,,,,,,,,,,,,,,,,,,,,,,,,,,,,,,,,,,,,,,,,,,,,,,,,,,,,,,,,,,,,,,,,,,,,,,,,,,,,,,,,0,,,,,0.18360,0.09820,0.01994,0.97000,0.00000,0.00000,0.24311
3486.3946,0,0,20.00,0.00,36.53,0.19388,0.15019,0.41832,,,,0,0,0.21961,-0.00098,0.06018,0.21953,-0.00098,0.06007,,,nan,0.00000,-0.20964,0.34636,1.43401,0.00000,1.00000,0.00000,-0.21000,0.34600,1.43400,0.00000,1.00000,16,0.18300,-0.04970,0.01494,0.18360,0.09820,0,0.99122,-0.00000,-0.00000,-0.13221,,0,,,,,,,,,,,,,,,,,,,,,,,,,,,,,,,,,,,,,,,,,,,,,,,,,,,,,,,,,,,,,,,,,,,,,,,,,,,,,,,,,,,,,,,,,,,,,,,,,,,,,,,,,,,,,,,,,,,,,,,,,,,,,,,0,,,,,0.18360,0.09820,0.01994,0.97000,0.00000,-0.00000,0.24311
3486.4288,0,0,22.55,0.00,29.93,0.19388,0.15019,0.41832,,,,0,0,0.21961,-0.00098,0.06018,0.21953,-0.00098,0.06007,,,nan,0.00000,-0.20964,0.34636,1.43401,0.00000,1.00000,0.00000,-0.21000,0.34600,1.43400,0.00000,1.00000,16,0.18300,-0.04970,0.01494,0.18360,0.09820,0,0.99122,0.00000,-0.00000,-0.13221,,0,,,,,,,,,,,,,,,,,,,,,,,,,,,,,,,,,,,,,,,,,,,,,,,,,,,,,,,,,,,,,,,,,,,,,,,,,,,,,,,,,,,,,,,,,,,,,,,,,,,,,,,,,,,,,,,,,,,,,,,,,,,,,,,0,,,,,0.18360,0.09820,0.01994,0.97000,0.00000,-0.00000,0.24311
3486.4551,0,0,16.20,0.00,22.30,0.19388,0.15019,0.41832,,,,0,0,0.21961,-0.00098,0.06018,0.21953,-0.00098,0.06007,,,nan,0.00000,-0.20964,0.34636,1.43401,0.00000,1.00000,0.00000,-0.21000,0.34600,1.43400,0.00000,1.00000,16,0.18300,-0.04970,0.01494,0.18360,0.09820,0,0.99122,0.00000,-0.00000,-0.13221,,0,,,,,,,,,,,,,,,,,,,,,,,,,,,,,,,,,,,,,,,,,,,,,,,,,,,,,,,,,,,,,,,,,,,,,,,,,,,,,,,,,,,,,,,,,,,,,,,,,,,,,,,,,,,,,,,,,,,,,,,,,,,,,,,0,,,,,0.18360,0.09820,0.01994,0.97000,0.00000,-0.00000,0.24311
3486.4909,0,0,20.42,0.00,31.59,0.19388,0.15019,0.41832,,,,0,0,0.21961,-0.00098,0.06018,0.21953,-0.00098,0.06007,,,nan,0.00000,-0.20964,0.34636,1.43401,0.00000,1.00000,0.00000,-0.21000,0.34600,1.43400,0.00000,1.00000,16,0.18300,-0.04970,0.01494,0.18360,0.09820,0,0.99122,-0.00000,0.00000,-0.13221,,0,,,,,,,,,,,,,,,,,,,,,,,,,,,,,,,,,,,,,,,,,,,,,,,,,,,,,,,,,,,,,,,,,,,,,,,,,,,,,,,,,,,,,,,,,,,,,,,,,,,,,,,,,,,,,,,,,,,,,,,,,,,,,,,0,,,,,0.18360,0.09820,0.01994,0.97000,0.00000,0.00000,0.24311
3486.5235,0,0,20.82,0.00,29.89,0.19388,0.15019,0.41832,,,,0,0,0.21961,-0.00098,0.06018,0.21953,-0.00098,0.06007,,,nan,0.00000,-0.20964,0.34636,1.43401,0.00000,1.00000,0.00000,-0.21000,0.34600,1.43400,0.00000,1.00000,16,0.18300,-0.04970,0.01494,0.18360,0.09820,0,0.99122,-0.00000,0.00000,-0.13221,,0,,,,,,,,,,,,,,,,,,,,,,,,,,,,,,,,,,,,,,,,,,,,,,,,,,,,,,,,,,,,,,,,,,,,,,,,,,,,,,,,,,,,,,,,,,,,,,,,,,,,,,,,,,,,,,,,,,,,,,,,,,,,,,,0,,,,,0.18360,0.09820,0.01994,0.97000,0.00000,0.00000,0.24311
3486.5519,0,0,18.04,0.00,24.02,0.19388,0.15019,0.41832,,,,0,0,0.21961,-0.00098,0.06018,0.21953,-0.00098,0.06007,,,nan,0.00000,-0.20964,0.34636,1.43401,0.00000,1.00000,0.00000,-0.21000,0.34600,1.43400,0.00000,1.00000,16,0.18300,-0.04970,0.01494,0.18360,0.09820,0,0.99122,0.00000,0.00000,-0.13221,,0,,,,,,,,,,,,,,,,,,,,,,,,,,,,,,,,,,,,,,,,,,,,,,,,,,,,,,,,,,,,,,,,,,,,,,,,,,,,,,,,,,,,,,,,,,,,,,,,,,,,,,,,,,,,,,,,,,,,,,,,,,,,,,,0,,,,,0.18360,0.09820,0.01994,0.97000,0.00000,-0.00000,0.24311
3486.5855,0,0,18.96,0.00,29.60,0.19388,0.15019,0.41832,,,,0,0,0.21961,-0.00098,0.06018,0.21953,-0.00098,0.06007,,,nan,0.00000,-0.20964,0.34636,1.43401,0.00000,1.00000,0.00000,-0.21000,0.34600,1.43400,0.00000,1.00000,16,0.18300,-0.04970,0.01494,0.18360,0.09820,0,0.99122,-0.00000,0.00000,-0.13221,,0,,,,,,,,,,,,,,,,,,,,,,,,,,,,,,,,,,,,,,,,,,,,,,,,,,,,,,,,,,,,,,,,,,,,,,,,,,,,,,,,,,,,,,,,,,,,,,,,,,,,,,,,,,,,,,,,,,,,,,,,,,,,,,,0,,,,,0.18360,0.09820,0.01994,0.97000,0.00000,0.00000,0.24311
3486.6158,0,0,17.29,0.00,26.04,0.19388,0.15019,0.41832,,,,0,0,0.21961,-0.00098,0.06018,0.21953,-0.00098,0.06007,,,nan,0.00000,-0.20964,0.34636,1.43401,0.00000,1.00000,0.00000,-0.21000,0.34600,1.43400,0.00000,1.00000,16,0.18300,-0.04970,0.01494,0.18360,0.09820,0,0.99122,-0.00000,0.00000,-0.13221,,0,,,,,,,,,,,,,,,,,,,,,,,,,,,,,,,,,,,,,,,,,,,,,,,,,,,,,,,,,,,,,,,,,,,,,,,,,,,,,,,,,,,,,,,,,,,,,,,,,,,,,,,,,,,,,,,,,,,,,,,,,,,,,,,0,,,,,0.18360,0.09820,0.01994,0.97000,0.00000,-0.00000,0.24311
3486.6510,0,0,19.81,0.00,30.44,0.19388,0.15019,0.41832,,,,0,0,0.21961,-0.00098,0.06018,0.21953,-0.00098,0.06007,,,nan,0.00000,-0.20964,0.34636,1.43401,0.00000,1.00000,0.00000,-0.21000,0.34600,1.43400,0.00000,1.00000,16,0.18300,-0.04970,0.01494,0.18360,0.09820,0,0.99122,-0.00000,0.00000,-0.13221,,0,,,,,,,,,,,,,,,,,,,,,,,,,,,,,,,,,,,,,,,,,,,,,,,,,,,,,,,,,,,,,,,,,,,,,,,,,,,,,,,,,,,,,,,,,,,,,,,,,,,,,,,,,,,,,,,,,,,,,,,,,,,,,,,0,,,,,0.18360,0.09820,0.01994,0.97000,0.00000,-0.00000,0.24311
3486.6827,0,0,20.92,0.00,27.23,0.19388,0.15019,0.41832,,,,0,0,0.21961,-0.00098,0.06018,0.21953,-0.00098,0.06007,,,nan,0.00000,-0.20964,0.34636,1.43401,0.00000,1.00000,0.00000,-0.21000,0.34600,1.43400,0.00000,1.00000,16,0.18300,-0.04970,0.01494,0.18360,0.09820,0,0.99122,-0.00000,0.00000,-0.13221,,0,,,,,,,,,,,,,,,,,,,,,,,,,,,,,,,,,,,,,,,,,,,,,,,,,,,,,,,,,,,,,,,,,,,,,,,,,,,,,,,,,,,,,,,,,,,,,,,,,,,,,,,,,,,,,,,,,,,,,,,,,,,,,,,0,,,,,0.18360,0.09820,0.01994,0.97000,0.00000,-0.00000,0.24311
3486.7125,0,0,18.39,0.00,25.13,0.19388,0.15019,0.41832,,,,0,0,0.21961,-0.00098,0.06018,0.21953,-0.00098,0.06007,,,nan,0.00000,-0.20964,0.34636,1.43401,0.00000,1.00000,0.00000,-0.21000,0.34600,1.43400,0.00000,1.00000,16,0.18300,-0.04970,0.01494,0.18360,0.09820,0,0.99122,-0.00000,0.00000,-0.13221,,0,,,,,,,,,,,,,,,,,,,,,,,,,,,,,,,,,,,,,,,,,,,,,,,,,,,,,,,,,,,,,,,,,,,,,,,,,,,,,,,,,,,,,,,,,,,,,,,,,,,,,,,,,,,,,,,,,,,,,,,,,,,,,,,0,,,,,0.18360,0.09820,0.01994,0.97000,0.00000,-0.00000,0.24311
3486.7585,0,0,32.86,0.00,42.09,0.19388,0.15019,0.41832,,,,0,0,0.21961,-0.00098,0.06018,0.21953,-0.00098,0.06007,,,nan,0.00000,-0.20964,0.34636,1.43401,0.00000,1.00000,0.00000,-0.21000,0.34600,1.43400,0.00000,1.00000,16,0.18300,-0.04970,0.01494,0.18360,0.09820,0,0.99122,0.00000,-0.00000,-0.13221,,0,,,,,,,,,,,,,,,,,,,,,,,,,,,,,,,,,,,,,,,,,,,,,,,,,,,,,,,,,,,,,,,,,,,,,,,,,,,,,,,,,,,,,,,,,,,,,,,,,,,,,,,,,,,,,,,,,,,,,,,,,,,,,,,0,,,,,0.18360,0.09820,0.01994,0.97000,0.00000,-0.00000,0.24311
3486.8063,0,0,37.30,0.00,43.23,0.19388,0.15019,0.41832,,,,0,0,0.21961,-0.00098,0.06018,0.21953,-0.00098,0.06007,,,nan,0.00000,-0.20964,0.34636,1.43401,0.00000,1.00000,0.00000,-0.21000,0.34600,1.43400,0.00000,1.00000,16,0.18300,-0.04970,0.01494,0.18360,0.09820,0,0.99122,0.00000,0.00000,-0.13221,,0,,,,,,,,,,,,,,,,,,,,,,,,,,,,,,,,,,,,,,,,,,,,,,,,,,,,,,,,,,,,,,,,,,,,,,,,,,,,,,,,,,,,,,,,,,,,,,,,,,,,,,,,,,,,,,,,,,,,,,,,,,,,,,,0,,,,,0.18360,0.09820,0.01994,0.97000,0.00000,0.00000,0.24311
3486.8317,0,0,16.12,0.00,22.15,0.19388,0.15019,0.41832,,,,0,0,0.21961,-0.00098,0.06018,0.21953,-0.00098,0.06007,,,nan,0.00000,-0.20964,0.34636,1.43401,0.00000,1.00000,0.00000,-0.21000,0.34600,1.43400,0.00000,1.00000,16,0.18300,-0.04970,0.01494,0.18360,0.09820,0,0.99122,-0.00000,-0.00000,-0.13221,,0,,,,,,,,,,,,,,,,,,,,,,,,,,,,,,,,,,,,,,,,,,,,,,,,,,,,,,,,,,,,,,,,,,,,,,,,,,,,,,,,,,,,,,,,,,,,,,,,,,,,,,,,,,,,,,,,,,,,,,,,,,,,,,,0,,,,,0.18360,0.09820,0.01994,0.97000,0.00000,0.00000,0.24311
3486.8614,0,0,19.28,0.00,25.83,0.19388,0.15019,0.41832,,,,0,0,0.21961,-0.00098,0.06018,0.21953,-0.00098,0.06007,,,nan,0.00000,-0.20964,0.34636,1.43401,0.00000,1.00000,0.00000,-0.21000,0.34600,1.43400,0.00000,1.00000,16,0.18300,-0.04970,0.01494,0.18360,0.09820,0,0.99122,0.00000,0.00000,-0.13221,,0,,,,,,,,,,,,,,,,,,,,,,,,,,,,,,,,,,,,,,,,,,,,,,,,,,,,,,,,,,,,,,,,,,,,,,,,,,,,,,,,,,,,,,,,,,,,,,,,,,,,,,,,,,,,,,,,,,,,,,,,,,,,,,,0,,,,,0.18360,0.09820,0.01994,0.97000,0.00000,-0.00000,0.24311
3486.8889,0,0,17.14,0.00,22.95,0.19388,0.15019,0.41832,,,,0,0,0.21961,-0.00098,0.06018,0.21953,-0.00098,0.06007,,,nan,0.00000,-0.20964,0.34636,1.43401,0.00000,1.00000,0.00000,-0.21000,0.34600,1.43400,0.00000,1.00000,16,0.18300,-0.04970,0.01494,0.18360,0.09820,0,0.99122,0.00000,0.00000,-0.13221,,0,,,,,,,,,,,,,,,,,,,,,,,,,,,,,,,,,,,,,,,,,,,,,,,,,,,,,,,,,,,,,,,,,,,,,,,,,,,,,,,,,,,,,,,,,,,,,,,,,,,,,,,,,,,,,,,,,,,,,,,,,,,,,,,0,,,,,0.18360,0.09820,0.01994,0.97000,-0.00000,-0.00000,0.24311
3486.9187,0,0,16.69,0.00,26.82,0.19388,0.15019,0.41832,,,,0,0,0.21961,-0.00098,0.06018,0.21953,-0.00098,0.06007,,,nan,0.00000,-0.20964,0.34636,1.43401,0.00000,1.00000,0.00000,-0.21000,0.34600,1.43400,0.00000,1.00000,16,0.18300,-0.04970,0.01494,0.18360,0.09820,0,0.99122,0.00000,-0.00000,-0.13221,,0,,,,,,,,,,,,,,,,,,,,,,,,,,,,,,,,,,,,,,,,,,,,,,,,,,,,,,,,,,,,,,,,,,,,,,,,,,,,,,,,,,,,,,,,,,,,,,,,,,,,,,,,,,,,,,,,,,,,,,,,,,,,,,,0,,,,,0.18360,0.09820,0.01994,0.97000,-0.00000,-0.00000,0.24311
3486.9511,0,0,16.71,0.00,28.95,0.19388,0.15019,0.41832,,,,0,0,0.21961,-0.00098,0.06018,0.21953,-0.00098,0.06007,,,nan,0.00000,-0.20964,0.34636,1.43401,0.00000,1.00000,0.00000,-0.21000,0.34600,1.43400,0.00000,1.00000,16,0.18300,-0.04970,0.01494,0.18360,0.09820,0,0.99122,-0.00000,0.00000,-0.13221,,0,,,,,,,,,,,,,,,,,,,,,,,,,,,,,,,,,,,,,,,,,,,,,,,,,,,,,,,,,,,,,,,,,,,,,,,,,,,,,,,,,,,,,,,,,,,,,,,,,,,,,,,,,,,,,,,,,,,,,,,,,,,,,,,0,,,,,0.18360,0.09820,0.01994,0.97000,-0.00000,0.00000,0.24311
3486.9899,0,0,23.25,0.00,35.06,0.19388,0.15019,0.41832,,,,0,0,0.21961,-0.00098,0.06018,0.21953,-0.00098,0.06007,,,nan,0.00000,-0.20964,0.34636,1.43401,0.00000,1.00000,0.00000,-0.21000,0.34600,1.43400,0.00000,1.00000,16,0.18300,-0.04970,0.01494,0.18360,0.09820,0,0.99122,-0.00000,-0.00000,-0.13221,,0,,,,,,,,,,,,,,,,,,,,,,,,,,,,,,,,,,,,,,,,,,,,,,,,,,,,,,,,,,,,,,,,,,,,,,,,,,,,,,,,,,,,,,,,,,,,,,,,,,,,,,,,,,,,,,,,,,,,,,,,,,,,,,,0,,,,,0.18360,0.09820,0.01994,0.97000,0.00000,0.00000,0.24311
3487.0199,0,0,20.24,0.00,26.03,0.19388,0.15019,0.41832,,,,0,0,0.21961,-0.00098,0.06018,0.21953,-0.00098,0.06007,,,nan,0.00000,-0.20964,0.34636,1.43401,0.00000,1.00000,0.00000,-0.21000,0.34600,1.43400,0.00000,1.00000,16,0.18300,-0.04970,0.01494,0.18360,0.09820,0,0.99122,0.00000,0.00000,-0.13221,,0,,,,,,,,,,,,,,,,,,,,,,,,,,,,,,,,,,,,,,,,,,,,,,,,,,,,,,,,,,,,,,,,,,,,,,,,,,,,,,,,,,,,,,,,,,,,,,,,,,,,,,,,,,,,,,,,,,,,,,,,,,,,,,,0,,,,,0.18360,0.09820,0.01994,0.97000,-0.00000,0.00000,0.24311
3487.0478,0,0,17.08,0.00,23.57,0.19388,0.15019,0.41832,,,,0,0,0.21961,-0.00098,0.06018,0.21953,-0.00098,0.06007,,,nan,0.00000,-0.20964,0.34636,1.43401,0.00000,1.00000,0.00000,-0.21000,0.34600,1.43400,0.00000,1.00000,16,0.18300,-0.04970,0.01494,0.18360,0.09820,0,0.99122,0.00000,0.00000,-0.13221,,0,,,,,,,,,,,,,,,,,,,,,,,,,,,,,,,,,,,,,,,,,,,,,,,,,,,,,,,,,,,,,,,,,,,,,,,,,,,,,,,,,,,,,,,,,,,,,,,,,,,,,,,,,,,,,,,,,,,,,,,,,,,,,,,0,,,,,0.18360,0.09820,0.01994,0.97000,0.00000,0.00000,0.24311
3487.0798,0,0,17.70,0.00,29.29,0.19388,0.15019,0.41832,,,,0,0,0.21961,-0.00098,0.06018,0.21953,-0.00098,0.06007,,,nan,0.00000,-0.20964,0.34636,1.43401,0.00000,1.00000,0.00000,-0.21000,0.34600,1.43400,0.00000,1.00000,16,0.18300,-0.04970,0.01494,0.18360,0.09820,0,0.99122,0.00000,-0.00000,-0.13221,,0,,,,,,,,,,,,,,,,,,,,,,,,,,,,,,,,,,,,,,,,,,,,,,,,,,,,,,,,,,,,,,,,,,,,,,,,,,,,,,,,,,,,,,,,,,,,,,,,,,,,,,,,,,,,,,,,,,,,,,,,,,,,,,,0,,,,,0.18360,0.09820,0.01994,0.97000,0.00000,0.00000,0.24311
3487.1120,0,0,18.09,0.00,28.69,0.19388,0.15019,0.41832,,,,0,0,0.21961,-0.00098,0.06018,0.21953,-0.00098,0.06007,,,nan,0.00000,-0.20964,0.34636,1.43401,0.00000,1.00000,0.00000,-0.21000,0.34600,1.43400,0.00000,1.00000,16,0.18300,-0.04970,0.01494,0.18360,0.09820,0,0.99122,-0.00000,-0.00000,-0.13221,,0,,,,,,,,,,,,,,,,,,,,,,,,,,,,,,,,,,,,,,,,,,,,,,,,,,,,,,,,,,,,,,,,,,,,,,,,,,,,,,,,,,,,,,,,,,,,,,,,,,,,,,,,,,,,,,,,,,,,,,,,,,,,,,,0,,,,,0.18360,0.09820,0.01994,0.97000,0.00000,0.00000,0.24311
3487.1461,0,0,19.68,0.00,30.52,0.19388,0.15019,0.41832,,,,0,0,0.21961,-0.00098,0.06018,0.21953,-0.00098,0.06007,,,nan,0.00000,-0.20964,0.34636,1.43401,0.00000,1.00000,0.00000,-0.21000,0.34600,1.43400,0.00000,1.00000,16,0.18300,-0.04970,0.01494,0.18360,0.09820,0,0.99122,-0.00000,-0.00000,-0.13221,,0,,,,,,,,,,,,,,,,,,,,,,,,,,,,,,,,,,,,,,,,,,,,,,,,,,,,,,,,,,,,,,,,,,,,,,,,,,,,,,,,,,,,,,,,,,,,,,,,,,,,,,,,,,,,,,,,,,,,,,,,,,,,,,,0,,,,,0.18360,0.09820,0.01994,0.97000,0.00000,0.00000,0.24311
3487.1775,0,0,19.31,0.00,28.59,0.19388,0.15019,0.41832,,,,0,0,0.21961,-0.00098,0.06018,0.21953,-0.00098,0.06007,,,nan,0.00000,-0.20964,0.34636,1.43401,0.00000,1.00000,0.00000,-0.21000,0.34600,1.43400,0.00000,1.00000,16,0.18300,-0.04970,0.01494,0.18360,0.09820,0,0.99122,-0.00000,0.00000,-0.13221,,0,,,,,,,,,,,,,,,,,,,,,,,,,,,,,,,,,,,,,,,,,,,,,,,,,,,,,,,,,,,,,,,,,,,,,,,,,,,,,,,,,,,,,,,,,,,,,,,,,,,,,,,,,,,,,,,,,,,,,,,,,,,,,,,0,,,,,0.18360,0.09820,0.01994,0.97000,0.00000,-0.00000,0.24311
3487.2243,0,0,17.31,0.00,41.54,0.19388,0.15019,0.41832,,,,0,0,0.21961,-0.00098,0.06018,0.21953,-0.00098,0.06007,,,nan,0.00000,-0.20964,0.34636,1.43401,0.00000,1.00000,0.00000,-0.21000,0.34600,1.43400,0.00000,1.00000,16,0.18300,-0.04970,0.01494,0.18360,0.09820,0,0.99122,-0.00000,0.00000,-0.13221,,0,,,,,,,,,,,,,,,,,,,,,,,,,,,,,,,,,,,,,,,,,,,,,,,,,,,,,,,,,,,,,,,,,,,,,,,,,,,,,,,,,,,,,,,,,,,,,,,,,,,,,,,,,,,,,,,,,,,,,,,,,,,,,,,0,,,,,0.18360,0.09820,0.01994,0.97000,-0.00000,-0.00000,0.24311
3487.2555,0,0,16.74,0.00,27.62,0.19388,0.15019,0.41832,,,,0,0,0.21961,-0.00098,0.06018,0.21953,-0.00098,0.06007,,,nan,0.00000,-0.20964,0.34636,1.43401,0.00000,1.00000,0.00000,-0.21000,0.34600,1.43400,0.00000,1.00000,16,0.18300,-0.04970,0.01494,0.18360,0.09820,0,0.99122,-0.00000,0.00000,-0.13221,,0,,,,,,,,,,,,,,,,,,,,,,,,,,,,,,,,,,,,,,,,,,,,,,,,,,,,,,,,,,,,,,,,,,,,,,,,,,,,,,,,,,,,,,,,,,,,,,,,,,,,,,,,,,,,,,,,,,,,,,,,,,,,,,,0,,,,,0.18360,0.09820,0.01994,0.97000,0.00000,0.00000,0.24311
3487.2915,0,0,21.33,0.00,32.20,0.19388,0.15019,0.41832,,,,0,0,0.21961,-0.00098,0.06018,0.21953,-0.00098,0.06007,,,nan,0.00000,-0.20964,0.34636,1.43401,0.00000,1.00000,0.00000,-0.21000,0.34600,1.43400,0.00000,1.00000,16,0.18300,-0.04970,0.01494,0.18360,0.09820,0,0.99122,-0.00000,0.00000,-0.13221,,0,,,,,,,,,,,,,,,,,,,,,,,,,,,,,,,,,,,,,,,,,,,,,,,,,,,,,,,,,,,,,,,,,,,,,,,,,,,,,,,,,,,,,,,,,,,,,,,,,,,,,,,,,,,,,,,,,,,,,,,,,,,,,,,0,,,,,0.18360,0.09820,0.01994,0.97000,0.00000,-0.00000,0.24311
3487.3233,0,0,21.75,0.00,27.54,0.19388,0.15019,0.41832,,,,0,0,0.21961,-0.00098,0.06018,0.21953,-0.00098,0.06007,,,nan,0.00000,-0.20964,0.34636,1.43401,0.00000,1.00000,0.00000,-0.21000,0.34600,1.43400,0.00000,1.00000,16,0.18300,-0.04970,0.01494,0.18360,0.09820,0,0.99122,-0.00000,0.00000,-0.13221,,0,,,,,,,,,,,,,,,,,,,,,,,,,,,,,,,,,,,,,,,,,,,,,,,,,,,,,,,,,,,,,,,,,,,,,,,,,,,,,,,,,,,,,,,,,,,,,,,,,,,,,,,,,,,,,,,,,,,,,,,,,,,,,,,0,,,,,0.18360,0.09820,0.01994,0.97000,0.00000,-0.00000,0.24311
3487.3561,0,0,22.27,0.00,29.35,0.19388,0.15019,0.41832,,,,0,0,0.21961,-0.00098,0.06018,0.21953,-0.00098,0.06007,,,nan,0.00000,-0.20964,0.34636,1.43401,0.00000,1.00000,0.00000,-0.21000,0.34600,1.43400,0.00000,1.00000,16,0.18300,-0.04970,0.01494,0.18360,0.09820,0,0.99122,0.00000,-0.00000,-0.13221,,0,,,,,,,,,,,,,,,,,,,,,,,,,,,,,,,,,,,,,,,,,,,,,,,,,,,,,,,,,,,,,,,,,,,,,,,,,,,,,,,,,,,,,,,,,,,,,,,,,,,,,,,,,,,,,,,,,,,,,,,,,,,,,,,0,,,,,0.18360,0.09820,0.01994,0.97000,0.00000,-0.00000,0.24311
3487.3856,0,0,19.02,0.00,26.11,0.19388,0.15019,0.41832,,,,0,0,0.21961,-0.00098,0.06018,0.21953,-0.00098,0.06007,,,nan,0.00000,-0.20964,0.34636,1.43401,0.00000,1.00000,0.00000,-0.21000,0.34600,1.43400,0.00000,1.00000,16,0.18300,-0.04970,0.01494,0.18360,0.09820,0,0.99122,0.00000,-0.00000,-0.13221,,0,,,,,,,,,,,,,,,,,,,,,,,,,,,,,,,,,,,,,,,,,,,,,,,,,,,,,,,,,,,,,,,,,,,,,,,,,,,,,,,,,,,,,,,,,,,,,,,,,,,,,,,,,,,,,,,,,,,,,,,,,,,,,,,0,,,,,0.18360,0.09820,0.01994,0.97000,0.00000,-0.00000,0.24311
3487.4205,0,0,20.91,0.00,30.05,0.19388,0.15019,0.41832,,,,0,0,0.21961,-0.00098,0.06018,0.21953,-0.00098,0.06007,,,nan,0.00000,-0.20964,0.34636,1.43401,0.00000,1.00000,0.00000,-0.21000,0.34600,1.43400,0.00000,1.00000,16,0.18300,-0.04970,0.01494,0.18360,0.09820,0,0.99122,0.00000,0.00000,-0.13221,,0,,,,,,,,,,,,,,,,,,,,,,,,,,,,,,,,,,,,,,,,,,,,,,,,,,,,,,,,,,,,,,,,,,,,,,,,,,,,,,,,,,,,,,,,,,,,,,,,,,,,,,,,,,,,,,,,,,,,,,,,,,,,,,,0,,,,,0.18360,0.09820,0.01994,0.97000,0.00000,0.00000,0.24311
3487.4534,0,0,23.15,0.00,30.28,0.19388,0.15019,0.41832,,,,0,0,0.21961,-0.00098,0.06018,0.21953,-0.00098,0.06007,,,nan,0.00000,-0.20964,0.34636,1.43401,0.00000,1.00000,0.00000,-0.21000,0.34600,1.43400,0.00000,1.00000,16,0.18300,-0.04970,0.01494,0.18360,0.09820,0,0.99122,0.00000,0.00000,-0.13221,,0,,,,,,,,,,,,,,,,,,,,,,,,,,,,,,,,,,,,,,,,,,,,,,,,,,,,,,,,,,,,,,,,,,,,,,,,,,,,,,,,,,,,,,,,,,,,,,,,,,,,,,,,,,,,,,,,,,,,,,,,,,,,,,,0,,,,,0.18360,0.09820,0.01994,0.97000,0.00000,0.00000,0.24311
3487.4984,0,0,34.48,0.00,40.37,0.19388,0.15019,0.41832,,,,0,0,0.21961,-0.00098,0.06018,0.21953,-0.00098,0.06007,,,nan,0.00000,-0.20964,0.34636,1.43401,0.00000,1.00000,0.00000,-0.21000,0.34600,1.43400,0.00000,1.00000,16,0.18300,-0.04970,0.01494,0.18360,0.09820,0,0.99122,0.00000,-0.00000,-0.13221,,0,,,,,,,,,,,,,,,,,,,,,,,,,,,,,,,,,,,,,,,,,,,,,,,,,,,,,,,,,,,,,,,,,,,,,,,,,,,,,,,,,,,,,,,,,,,,,,,,,,,,,,,,,,,,,,,,,,,,,,,,,,,,,,,0,,,,,0.18360,0.09820,0.01994,0.97000,0.00000,0.00000,0.24311
3487.5407,0,1,32.42,0.00,38.21,-0.22661,0.30944,0.73424,0.73424,1.27075,1.5325,0,0,0.21961,-0.00098,0.06018,0.21953,-0.00098,0.06007,,,0.73424,0.00000,-0.20964,0.34636,1.43401,0.00000,1.00000,0.00000,-0.21000,0.34600,1.43400,0.00000,1.00000,16,0.18300,-0.04970,0.01494,0.18360,0.09820,0,0.99122,-0.00000,0.00000,-0.13221,Left,0,104.56,476.14,124.36,456.37,152.64,444.15,174.86,434.33,193.03,425.22,164.08,468.52,191.54,460.56,210.47,451.22,223.70,442.39,163.49,472.65,191.52,464.53,211.09,454.23,224.68,444.45,159.71,474.94,187.37,466.11,204.38,456.34,216.45,446.79,152.88,475.70,173.41,467.62,187.02,460.53,197.66,453.51,0.00000,-0.00952,-0.01546,-0.02094,-0.02631,-0.01314,-0.02816,-0.03991,-0.04788,-0.01640,-0.03075,-0.04110,-0.04818,-0.02105,-0.03455,-0.04033,-0.04326,-0.02637,-0.03910,-0.04364,-0.04568,-0.06975,-0.00314,0.03340,-0.04625,-0.01342,0.02957,-0.01807,-0.02498,0.02999,0.01034,-0.03887,0.02918,0.03617,-0.04989,0.02079,0.00359,-0.00456,0.01150,0.02485,-0.01271,0.00187,0.04355,-0.02033,-0.00157,0.06256,-0.03894,-0.01620,0.00290,0.00002,0.00464,0.02958,-0.00817,-0.00640,0.04728,-0.02295,-0.01661,0.07123,-0.03868,-0.02107,-0.00101,0.00073,-0.00757,0.01714,-0.00561,-0.01865,0.03932,-0.02120,-0.02357,0.05780,-0.03402,-0.02530,-0.01309,-0.00247,-0.01395,0.00083,-0.00435,-0.01972,0.02015,-0.01499,-0.02744,0.03448,-0.02454,-0.03399,0,,,,,0.18360,0.09820,0.01994,0.97000,0.00000,0.00000,0.24311
3487.5656,0,0,14.90,0.00,20.76,-0.22661,0.30944,0.73424,,,,0,0,0.21961,-0.00098,0.06018,0.21953,-0.00098,0.06007,,,nan,0.00000,-0.20964,0.34636,1.43401,0.00000,1.00000,0.00000,-0.21000,0.34600,1.43400,0.00000,1.00000,16,0.18300,-0.04970,0.01494,0.18360,0.09820,0,0.99122,-0.00000,0.00000,-0.13221,,0,,,,,,,,,,,,,,,,,,,,,,,,,,,,,,,,,,,,,,,,,,,,,,,,,,,,,,,,,,,,,,,,,,,,,,,,,,,,,,,,,,,,,,,,,,,,,,,,,,,,,,,,,,,,,,,,,,,,,,,,,,,,,,,0,,,,,0.18360,0.09820,0.01994,0.97000,0.00000,-0.00000,0.24311
3487.6157,0,0,40.64,0.00,46.22,-0.22661,0.30944,0.73424,,,,0,0,0.21961,-0.00098,0.06018,0.21953,-0.00098,0.06007,,,nan,0.00000,-0.20964,0.34636,1.43401,0.00000,1.00000,0.00000,-0.21000,0.34600,1.43400,0.00000,1.00000,16,0.18300,-0.04970,0.01494,0.18360,0.09820,0,0.99122,-0.00000,0.00000,-0.13221,,0,,,,,,,,,,,,,,,,,,,,,,,,,,,,,,,,,,,,,,,,,,,,,,,,,,,,,,,,,,,,,,,,,,,,,,,,,,,,,,,,,,,,,,,,,,,,,,,,,,,,,,,,,,,,,,,,,,,,,,,,,,,,,,,0,,,,,0.18360,0.09820,0.01994,0.97000,0.00000,-0.00000,0.24311
3487.6659,0,1,39.21,0.00,45.53,-0.25308,0.30623,0.73007,0.72589,0.92761,1.4128,0,0,0.21961,-0.00098,0.06018,0.21953,-0.00098,0.06007,,,0.72589,0.00000,-0.20964,0.34636,1.43401,0.00000,1.00000,0.00000,-0.21000,0.34600,1.43400,0.00000,1.00000,16,0.18300,-0.04970,0.01494,0.18360,0.09820,0,0.99122,0.00000,-0.00000,-0.13221,Left,0,60.58,471.95,84.33,449.85,114.58,436.40,136.31,423.50,154.43,412.39,124.87,467.80,153.29,459.20,173.16,450.46,187.70,441.44,122.83,472.78,152.20,464.87,172.85,454.58,188.01,444.67,116.72,473.97,146.19,465.18,165.11,454.70,178.82,444.69,107.74,470.37,131.19,461.59,147.21,454.57,160.09,447.90,-0.00000,-0.00647,-0.01436,-0.02252,-0.03134,-0.01920,-0.03656,-0.05084,-0.06106,-0.02631,-0.04258,-0.05348,-0.06196,-0.03424,-0.04994,-0.05573,-0.05928,-0.04241,-0.05726,-0.06171,-0.06416,-0.06535,-0.00729,0.04599,-0.03903,-0.01706,0.04010,-0.01271,-0.02840,0.03715,0.01372,-0.04272,0.02549,0.03847,-0.05170,0.01839,0.00542,-0.00083,0.01134,0.02848,-0.01121,0.00007,0.04598,-0.02006,0.00026,0.06246,-0.03448,-0.00997,0.00323,0.00162,0.00281,0.02990,-0.00759,-0.00773,0.04882,-0.01689,-0.01600,0.07084,-0.02886,-0.01713,-0.00344,0.00002,-0.00713,0.01762,-0.00747,-0.01658,0.03909,-0.01801,-0.01717,0.05765,-0.03035,-0.01540,-0.01401,-0.00583,-0.00958,0.00070,-0.01053,-0.01542,0.01911,-0.01711,-0.01660,0.03659,-0.02680,-0.01927,0,,,,,0.18360,0.09820,0.01994,0.97000,0.00000,-0.00000,0.24311
3487.6933,0,1,16.60,0.00,22.94,-0.25308,0.30623,0.73007,0.60682,1.38646,1.1068,1,0,0.21961,-0.00098,0.06018,0.21953,-0.00098,0.06007,,,0.60682,0.00000,-0.20964,0.34636,1.43401,0.00000,1.00000,0.00000,-0.21000,0.34600,1.43400,0.00000,1.00000,16,0.18300,-0.04970,0.01494,0.18360,0.09820,0,0.99122,0.00000,-0.00000,-0.13221,Left,0,36.43,467.54,66.08,442.95,94.03,431.30,113.92,419.25,133.98,407.76,110.47,460.76,136.52,452.22,155.13,443.21,168.76,434.88,106.79,462.88,135.63,458.42,159.17,447.95,174.23,437.70,99.49,461.55,127.55,456.39,150.22,445.56,165.78,435.26,89.97,455.77,114.89,449.23,135.02,441.50,150.79,433.64,-0.00000,0.03529,0.03925,0.03318,0.02361,0.00794,-0.00754,-0.01793,-0.02623,-0.02500,-0.04577,-0.05837,-0.06832,-0.05614,-0.07986,-0.09111,-0.09850,-0.08354,-0.10810,-0.12075,-0.12999,-0.06998,-0.00193,0.02842,-0.04496,-0.01576,0.03219,-0.02094,-0.02674,0.03818,0.00451,-0.04041,0.04246,0.02778,-0.04814,0.04281,0.00603,-0.00290,0.02191,0.02641,-0.01263,0.00979,0.04081,-0.02122,0.00896,0.05528,-0.03595,-0.00728,0.00385,0.00131,0.00611,0.03053,-0.00548,-0.00502,0.04759,-0.01805,-0.02071,0.06801,-0.02997,-0.02612,-0.00239,0.00067,-0.01239,0.01837,-0.00575,-0.02006,0.03872,-0.01893,-0.02460,0.05433,-0.03241,-0.02774,-0.01530,-0.00573,-0.02630,0.00101,-0.01040,-0.02424,0.02331,-0.02265,-0.02719,0.03626,-0.03754,-0.02642,0,,,,,0.18360,0.09820,0.01994,0.97000,0.00000,-0.00000,0.24311
3487.7213,0,0,17.53,0.00,24.49,-0.25308,0.30623,0.73007,,,,0,0,0.21961,-0.00098,0.06018,0.21953,-0.00098,0.06007,,,nan,0.00000,-0.20964,0.34636,1.43401,0.00000,1.00000,0.00000,-0.21000,0.34600,1.43400,0.00000,1.00000,16,0.18300,-0.04970,0.01494,0.18360,0.09820,0,0.99122,0.00000,0.00000,-0.13221,,0,,,,,,,,,,,,,,,,,,,,,,,,,,,,,,,,,,,,,,,,,,,,,,,,,,,,,,,,,,,,,,,,,,,,,,,,,,,,,,,,,,,,,,,,,,,,,,,,,,,,,,,,,,,,,,,,,,,,,,,,,,,,,,,0,,,,,0.18360,0.09820,0.01994,0.97000,0.00000,-0.00000,0.24311
3487.7572,0,0,22.99,0.00,33.25,-0.25308,0.30623,0.73007,,,,0,0,0.21961,-0.00098,0.06018,0.21953,-0.00098,0.06007,,,nan,0.00000,-0.20964,0.34636,1.43401,0.00000,1.00000,0.00000,-0.21000,0.34600,1.43400,0.00000,1.00000,16,0.18300,-0.04970,0.01494,0.18360,0.09820,0,0.99122,0.00000,-0.00000,-0.13221,,0,,,,,,,,,,,,,,,,,,,,,,,,,,,,,,,,,,,,,,,,,,,,,,,,,,,,,,,,,,,,,,,,,,,,,,,,,,,,,,,,,,,,,,,,,,,,,,,,,,,,,,,,,,,,,,,,,,,,,,,,,,,,,,,0,,,,,0.18360,0.09820,0.01994,0.97000,0.00000,0.00000,0.24311
3487.8028,0,0,34.75,0.00,41.70,-0.25308,0.30623,0.73007,,,,0,0,0.21961,-0.00098,0.06018,0.21953,-0.00098,0.06007,,,nan,0.00000,-0.20964,0.34636,1.43401,0.00000,1.00000,0.00000,-0.21000,0.34600,1.43400,0.00000,1.00000,16,0.18300,-0.04970,0.01494,0.18360,0.09820,0,0.99122,0.00000,0.00000,-0.13221,,0,,,,,,,,,,,,,,,,,,,,,,,,,,,,,,,,,,,,,,,,,,,,,,,,,,,,,,,,,,,,,,,,,,,,,,,,,,,,,,,,,,,,,,,,,,,,,,,,,,,,,,,,,,,,,,,,,,,,,,,,,,,,,,,0,,,,,0.18360,0.09820,0.01994,0.97000,0.00000,-0.00000,0.24311
3487.8457,0,0,33.32,0.00,39.16,-0.25308,0.30623,0.73007,,,,0,0,0.21961,-0.00098,0.06018,0.21953,-0.00098,0.06007,,,nan,0.00000,-0.20964,0.34636,1.43401,0.00000,1.00000,0.00000,-0.21000,0.34600,1.43400,0.00000,1.00000,16,0.18300,-0.04970,0.01494,0.18360,0.09820,0,0.99122,-0.00000,0.00000,-0.13221,,0,,,,,,,,,,,,,,,,,,,,,,,,,,,,,,,,,,,,,,,,,,,,,,,,,,,,,,,,,,,,,,,,,,,,,,,,,,,,,,,,,,,,,,,,,,,,,,,,,,,,,,,,,,,,,,,,,,,,,,,,,,,,,,,0,,,,,0.18360,0.09820,0.01994,0.97000,-0.00000,-0.00000,0.24311
3487.8744,0,0,17.80,0.00,24.61,-0.25308,0.30623,0.73007,,,,0,0,0.21961,-0.00098,0.06018,0.21953,-0.00098,0.06007,,,nan,0.00000,-0.20964,0.34636,1.43401,0.00000,1.00000,0.00000,-0.21000,0.34600,1.43400,0.00000,1.00000,16,0.18300,-0.04970,0.01494,0.18360,0.09820,0,0.99122,0.00000,-0.00000,-0.13221,,0,,,,,,,,,,,,,,,,,,,,,,,,,,,,,,,,,,,,,,,,,,,,,,,,,,,,,,,,,,,,,,,,,,,,,,,,,,,,,,,,,,,,,,,,,,,,,,,,,,,,,,,,,,,,,,,,,,,,,,,,,,,,,,,0,,,,,0.18360,0.09820,0.01994,0.97000,-0.00000,-0.00000,0.24311
3487.9051,0,0,19.95,0.00,26.47,-0.25308,0.30623,0.73007,,,,0,0,0.21961,-0.00098,0.06018,0.21953,-0.00098,0.06007,,,nan,0.00000,-0.20964,0.34636,1.43401,0.00000,1.00000,0.00000,-0.21000,0.34600,1.43400,0.00000,1.00000,16,0.18300,-0.04970,0.01494,0.18360,0.09820,0,0.99122,0.00000,-0.00000,-0.13221,,0,,,,,,,,,,,,,,,,,,,,,,,,,,,,,,,,,,,,,,,,,,,,,,,,,,,,,,,,,,,,,,,,,,,,,,,,,,,,,,,,,,,,,,,,,,,,,,,,,,,,,,,,,,,,,,,,,,,,,,,,,,,,,,,0,,,,,0.18360,0.09820,0.01994,0.97000,-0.00000,-0.00000,0.24311
3487.9321,0,0,16.74,0.00,22.26,-0.25308,0.30623,0.73007,,,,0,0,0.21961,-0.00098,0.06018,0.21953,-0.00098,0.06007,,,nan,0.00000,-0.20964,0.34636,1.43401,0.00000,1.00000,0.00000,-0.21000,0.34600,1.43400,0.00000,1.00000,16,0.18300,-0.04970,0.01494,0.18360,0.09820,0,0.99122,-0.00000,0.00000,-0.13221,,0,,,,,,,,,,,,,,,,,,,,,,,,,,,,,,,,,,,,,,,,,,,,,,,,,,,,,,,,,,,,,,,,,,,,,,,,,,,,,,,,,,,,,,,,,,,,,,,,,,,,,,,,,,,,,,,,,,,,,,,,,,,,,,,0,,,,,0.18360,0.09820,0.01994,0.97000,-0.00000,-0.00000,0.24311
3487.9607,0,0,17.92,0.00,24.42,-0.25308,0.30623,0.73007,,,,0,0,0.21961,-0.00098,0.06018,0.21953,-0.00098,0.06007,,,nan,0.00000,-0.20964,0.34636,1.43401,0.00000,1.00000,0.00000,-0.21000,0.34600,1.43400,0.00000,1.00000,16,0.18300,-0.04970,0.01494,0.18360,0.09820,0,0.99122,-0.00000,0.00000,-0.13221,,0,,,,,,,,,,,,,,,,,,,,,,,,,,,,,,,,,,,,,,,,,,,,,,,,,,,,,,,,,,,,,,,,,,,,,,,,,,,,,,,,,,,,,,,,,,,,,,,,,,,,,,,,,,,,,,,,,,,,,,,,,,,,,,,0,,,,,0.18360,0.09820,0.01994,0.97000,-0.00000,-0.00000,0.24311
3488.0047,0,0,16.80,0.00,23.49,-0.25308,0.30623,0.73007,,,,0,0,0.21961,-0.00098,0.06018,0.21953,-0.00098,0.06007,,,nan,0.00000,-0.20964,0.34636,1.43401,0.00000,1.00000,0.00000,-0.21000,0.34600,1.43400,0.00000,1.00000,16,0.18300,-0.04970,0.01494,0.18360,0.09820,0,0.99122,0.00000,0.00000,-0.13221,,0,,,,,,,,,,,,,,,,,,,,,,,,,,,,,,,,,,,,,,,,,,,,,,,,,,,,,,,,,,,,,,,,,,,,,,,,,,,,,,,,,,,,,,,,,,,,,,,,,,,,,,,,,,,,,,,,,,,,,,,,,,,,,,,0,,,,,0.18360,0.09820,0.01994,0.97000,-0.00000,-0.00000,0.24311
3488.0483,0,0,33.20,0.00,39.37,-0.25308,0.30623,0.73007,,,,0,0,0.21961,-0.00098,0.06018,0.21953,-0.00098,0.06007,,,nan,0.00000,-0.20964,0.34636,1.43401,0.00000,1.00000,0.00000,-0.21000,0.34600,1.43400,0.00000,1.00000,16,0.18300,-0.04970,0.01494,0.18360,0.09820,0,0.99122,-0.00000,0.00000,-0.13221,,0,,,,,,,,,,,,,,,,,,,,,,,,,,,,,,,,,,,,,,,,,,,,,,,,,,,,,,,,,,,,,,,,,,,,,,,,,,,,,,,,,,,,,,,,,,,,,,,,,,,,,,,,,,,,,,,,,,,,,,,,,,,,,,,0,,,,,0.18360,0.09820,0.01994,0.97000,-0.00000,-0.00000,0.24311
3488.0918,0,0,33.63,0.00,39.37,-0.25308,0.30623,0.73007,,,,0,0,0.21961,-0.00098,0.06018,0.21953,-0.00098,0.06007,,,nan,0.00000,-0.20964,0.34636,1.43401,0.00000,1.00000,0.00000,-0.21000,0.34600,1.43400,0.00000,1.00000,16,0.18300,-0.04970,0.01494,0.18360,0.09820,0,0.99122,-0.00000,-0.00000,-0.13221,,0,,,,,,,,,,,,,,,,,,,,,,,,,,,,,,,,,,,,,,,,,,,,,,,,,,,,,,,,,,,,,,,,,,,,,,,,,,,,,,,,,,,,,,,,,,,,,,,,,,,,,,,,,,,,,,,,,,,,,,,,,,,,,,,0,,,,,0.18360,0.09820,0.01994,0.97000,-0.00000,-0.00000,0.24311
3488.1321,0,0,30.84,0.00,36.97,-0.25308,0.30623,0.73007,,,,0,0,0.21961,-0.00098,0.06018,0.21953,-0.00098,0.06007,,,nan,0.00000,-0.20964,0.34636,1.43401,0.00000,1.00000,0.00000,-0.21000,0.34600,1.43400,0.00000,1.00000,16,0.18300,-0.04970,0.01494,0.18360,0.09820,0,0.99122,0.00000,-0.00000,-0.13221,,0,,,,,,,,,,,,,,,,,,,,,,,,,,,,,,,,,,,,,,,,,,,,,,,,,,,,,,,,,,,,,,,,,,,,,,,,,,,,,,,,,,,,,,,,,,,,,,,,,,,,,,,,,,,,,,,,,,,,,,,,,,,,,,,0,,,,,0.18360,0.09820,0.01994,0.97000,-0.00000,0.00000,0.24311
3488.1836,0,0,40.35,0.00,46.79,-0.25308,0.30623,0.73007,,,,0,0,0.21961,-0.00098,0.06018,0.21953,-0.00098,0.06007,,,nan,0.00000,-0.20964,0.34636,1.43401,0.00000,1.00000,0.00000,-0.21000,0.34600,1.43400,0.00000,1.00000,16,0.18300,-0.04970,0.01494,0.18360,0.09820,0,0.99122,-0.00000,0.00000,-0.13221,,0,,,,,,,,,,,,,,,,,,,,,,,,,,,,,,,,,,,,,,,,,,,,,,,,,,,,,,,,,,,,,,,,,,,,,,,,,,,,,,,,,,,,,,,,,,,,,,,,,,,,,,,,,,,,,,,,,,,,,,,,,,,,,,,0,,,,,0.18360,0.09820,0.01994,0.97000,-0.00000,0.00000,0.24311
3488.2110,0,0,17.17,0.00,23.15,-0.25308,0.30623,0.73007,,,,0,0,0.21961,-0.00098,0.06018,0.21953,-0.00098,0.06007,,,nan,0.00000,-0.20964,0.34636,1.43401,0.00000,1.00000,0.00000,-0.21000,0.34600,1.43400,0.00000,1.00000,16,0.18300,-0.04970,0.01494,0.18360,0.09820,0,0.99122,-0.00000,0.00000,-0.13221,,0,,,,,,,,,,,,,,,,,,,,,,,,,,,,,,,,,,,,,,,,,,,,,,,,,,,,,,,,,,,,,,,,,,,,,,,,,,,,,,,,,,,,,,,,,,,,,,,,,,,,,,,,,,,,,,,,,,,,,,,,,,,,,,,0,,,,,0.18360,0.09820,0.01994,0.97000,-0.00000,0.00000,0.24311
3488.2404,0,0,19.37,0.00,25.48,-0.25308,0.30623,0.73007,,,,0,0,0.21961,-0.00098,0.06018,0.21953,-0.00098,0.06007,,,nan,0.00000,-0.20964,0.34636,1.43401,0.00000,1.00000,0.00000,-0.21000,0.34600,1.43400,0.00000,1.00000,16,0.18300,-0.04970,0.01494,0.18360,0.09820,0,0.99122,-0.00000,0.00000,-0.13221,,0,,,,,,,,,,,,,,,,,,,,,,,,,,,,,,,,,,,,,,,,,,,,,,,,,,,,,,,,,,,,,,,,,,,,,,,,,,,,,,,,,,,,,,,,,,,,,,,,,,,,,,,,,,,,,,,,,,,,,,,,,,,,,,,0,,,,,0.18360,0.09820,0.01994,0.97000,-0.00000,0.00000,0.24311
3488.2714,0,0,19.85,0.00,26.14,-0.25308,0.30623,0.73007,,,,0,0,0.21961,-0.00098,0.06018,0.21953,-0.00098,0.06007,,,nan,0.00000,-0.20964,0.34636,1.43401,0.00000,1.00000,0.00000,-0.21000,0.34600,1.43400,0.00000,1.00000,16,0.18300,-0.04970,0.01494,0.18360,0.09820,0,0.99122,0.00000,-0.00000,-0.13221,,0,,,,,,,,,,,,,,,,,,,,,,,,,,,,,,,,,,,,,,,,,,,,,,,,,,,,,,,,,,,,,,,,,,,,,,,,,,,,,,,,,,,,,,,,,,,,,,,,,,,,,,,,,,,,,,,,,,,,,,,,,,,,,,,0,,,,,0.18360,0.09820,0.01994,0.97000,0.00000,-0.00000,0.24311
3488.3003,0,0,18.21,0.00,24.55,-0.25308,0.30623,0.73007,,,,0,0,0.21961,-0.00098,0.06018,0.21953,-0.00098,0.06007,,,nan,0.00000,-0.20964,0.34636,1.43401,0.00000,1.00000,0.00000,-0.21000,0.34600,1.43400,0.00000,1.00000,16,0.18300,-0.04970,0.01494,0.18360,0.09820,0,0.99122,0.00000,-0.00000,-0.13221,,0,,,,,,,,,,,,,,,,,,,,,,,,,,,,,,,,,,,,,,,,,,,,,,,,,,,,,,,,,,,,,,,,,,,,,,,,,,,,,,,,,,,,,,,,,,,,,,,,,,,,,,,,,,,,,,,,,,,,,,,,,,,,,,,0,,,,,0.18360,0.09820,0.01994,0.97000,0.00000,-0.00000,0.24311
3488.3280,0,0,18.12,0.00,23.53,-0.25308,0.30623,0.73007,,,,0,0,0.21961,-0.00098,0.06018,0.21953,-0.00098,0.06007,,,nan,0.00000,-0.20964,0.34636,1.43401,0.00000,1.00000,0.00000,-0.21000,0.34600,1.43400,0.00000,1.00000,16,0.18300,-0.04970,0.01494,0.18360,0.09820,0,0.99122,0.00000,-0.00000,-0.13221,,0,,,,,,,,,,,,,,,,,,,,,,,,,,,,,,,,,,,,,,,,,,,,,,,,,,,,,,,,,,,,,,,,,,,,,,,,,,,,,,,,,,,,,,,,,,,,,,,,,,,,,,,,,,,,,,,,,,,,,,,,,,,,,,,0,,,,,0.18360,0.09820,0.01994,0.97000,0.00000,-0.00000,0.24311
3488.3560,0,0,17.48,0.00,23.89,-0.25308,0.30623,0.73007,,,,0,0,0.21961,-0.00098,0.06018,0.21953,-0.00098,0.06007,,,nan,0.00000,-0.20964,0.34636,1.43401,0.00000,1.00000,0.00000,-0.21000,0.34600,1.43400,0.00000,1.00000,16,0.18300,-0.04970,0.01494,0.18360,0.09820,0,0.99122,-0.00000,-0.00000,-0.13221,,0,,,,,,,,,,,,,,,,,,,,,,,,,,,,,,,,,,,,,,,,,,,,,,,,,,,,,,,,,,,,,,,,,,,,,,,,,,,,,,,,,,,,,,,,,,,,,,,,,,,,,,,,,,,,,,,,,,,,,,,,,,,,,,,0,,,,,0.18360,0.09820,0.01994,0.97000,0.00000,-0.00000,0.24311
3488.3869,0,0,20.35,0.00,27.11,-0.25308,0.30623,0.73007,,,,0,0,0.21961,-0.00098,0.06018,0.21953,-0.00098,0.06007,,,nan,0.00000,-0.20964,0.34636,1.43401,0.00000,1.00000,0.00000,-0.21000,0.34600,1.43400,0.00000,1.00000,16,0.18300,-0.04970,0.01494,0.18360,0.09820,0,0.99122,-0.00000,-0.00000,-0.13221,,0,,,,,,,,,,,,,,,,,,,,,,,,,,,,,,,,,,,,,,,,,,,,,,,,,,,,,,,,,,,,,,,,,,,,,,,,,,,,,,,,,,,,,,,,,,,,,,,,,,,,,,,,,,,,,,,,,,,,,,,,,,,,,,,0,,,,,0.18360,0.09820,0.01994,0.97000,0.00000,0.00000,0.24311
3488.4178,0,0,20.26,0.00,26.30,-0.25308,0.30623,0.73007,,,,0,0,0.21961,-0.00098,0.06018,0.21953,-0.00098,0.06007,,,nan,0.00000,-0.20964,0.34636,1.43401,0.00000,1.00000,0.00000,-0.21000,0.34600,1.43400,0.00000,1.00000,16,0.18300,-0.04970,0.01494,0.18360,0.09820,0,0.99122,-0.00000,0.00000,-0.13221,,0,,,,,,,,,,,,,,,,,,,,,,,,,,,,,,,,,,,,,,,,,,,,,,,,,,,,,,,,,,,,,,,,,,,,,,,,,,,,,,,,,,,,,,,,,,,,,,,,,,,,,,,,,,,,,,,,,,,,,,,,,,,,,,,0,,,,,0.18360,0.09820,0.01994,0.97000,-0.00000,0.00000,0.24311
3488.4448,0,0,16.44,0.00,22.98,-0.25308,0.30623,0.73007,,,,0,0,0.21961,-0.00098,0.06018,0.21953,-0.00098,0.06007,,,nan,0.00000,-0.20964,0.34636,1.43401,0.00000,1.00000,0.00000,-0.21000,0.34600,1.43400,0.00000,1.00000,16,0.18300,-0.04970,0.01494,0.18360,0.09820,0,0.99122,-0.00000,0.00000,-0.13221,,0,,,,,,,,,,,,,,,,,,,,,,,,,,,,,,,,,,,,,,,,,,,,,,,,,,,,,,,,,,,,,,,,,,,,,,,,,,,,,,,,,,,,,,,,,,,,,,,,,,,,,,,,,,,,,,,,,,,,,,,,,,,,,,,0,,,,,0.18360,0.09820,0.01994,0.97000,-0.00000,0.00000,0.24311
3488.4829,0,0,16.75,0.00,22.60,-0.25308,0.30623,0.73007,,,,0,0,0.21961,-0.00098,0.06018,0.21953,-0.00098,0.06007,,,nan,0.00000,-0.20964,0.34636,1.43401,0.00000,1.00000,0.00000,-0.21000,0.34600,1.43400,0.00000,1.00000,16,0.18300,-0.04970,0.01494,0.18360,0.09820,0,0.99122,-0.00000,0.00000,-0.13221,,0,,,,,,,,,,,,,,,,,,,,,,,,,,,,,,,,,,,,,,,,,,,,,,,,,,,,,,,,,,,,,,,,,,,,,,,,,,,,,,,,,,,,,,,,,,,,,,,,,,,,,,,,,,,,,,,,,,,,,,,,,,,,,,,0,,,,,0.18360,0.09820,0.01994,0.97000,-0.00000,-0.00000,0.24311
3488.5258,0,0,22.58,0.00,39.22,-0.25308,0.30623,0.73007,,,,0,0,0.21961,-0.00098,0.06018,0.21953,-0.00098,0.06007,,,nan,0.00000,-0.20964,0.34636,1.43401,0.00000,1.00000,0.00000,-0.21000,0.34600,1.43400,0.00000,1.00000,16,0.18300,-0.04970,0.01494,0.18360,0.09820,0,0.99122,-0.00000,-0.00000,-0.13221,,0,,,,,,,,,,,,,,,,,,,,,,,,,,,,,,,,,,,,,,,,,,,,,,,,,,,,,,,,,,,,,,,,,,,,,,,,,,,,,,,,,,,,,,,,,,,,,,,,,,,,,,,,,,,,,,,,,,,,,,,,,,,,,,,0,,,,,0.18360,0.09820,0.01994,0.97000,-0.00000,0.00000,0.24311
3488.5606,0,0,23.42,0.00,29.89,-0.25308,0.30623,0.73007,,,,0,0,0.21961,-0.00098,0.06018,0.21953,-0.00098,0.06007,,,nan,0.00000,-0.20964,0.34636,1.43401,0.00000,1.00000,0.00000,-0.21000,0.34600,1.43400,0.00000,1.00000,16,0.18300,-0.04970,0.01494,0.18360,0.09820,0,0.99122,-0.00000,-0.00000,-0.13221,,0,,,,,,,,,,,,,,,,,,,,,,,,,,,,,,,,,,,,,,,,,,,,,,,,,,,,,,,,,,,,,,,,,,,,,,,,,,,,,,,,,,,,,,,,,,,,,,,,,,,,,,,,,,,,,,,,,,,,,,,,,,,,,,,0,,,,,0.18360,0.09820,0.01994,0.97000,0.00000,-0.00000,0.24311
3488.5883,0,0,17.82,0.00,24.16,-0.25308,0.30623,0.73007,,,,0,0,0.21961,-0.00098,0.06018,0.21953,-0.00098,0.06007,,,nan,0.00000,-0.20964,0.34636,1.43401,0.00000,1.00000,0.00000,-0.21000,0.34600,1.43400,0.00000,1.00000,16,0.18300,-0.04970,0.01494,0.18360,0.09820,0,0.99122,-0.00000,-0.00000,-0.13221,,0,,,,,,,,,,,,,,,,,,,,,,,,,,,,,,,,,,,,,,,,,,,,,,,,,,,,,,,,,,,,,,,,,,,,,,,,,,,,,,,,,,,,,,,,,,,,,,,,,,,,,,,,,,,,,,,,,,,,,,,,,,,,,,,0,,,,,0.18360,0.09820,0.01994,0.97000,0.00000,0.00000,0.24311
3488.6150,0,0,16.30,0.00,23.80,-0.25308,0.30623,0.73007,,,,0,0,0.21961,-0.00098,0.06018,0.21953,-0.00098,0.06007,,,nan,0.00000,-0.20964,0.34636,1.43401,0.00000,1.00000,0.00000,-0.21000,0.34600,1.43400,0.00000,1.00000,16,0.18300,-0.04970,0.01494,0.18360,0.09820,0,0.99122,-0.00000,0.00000,-0.13221,,0,,,,,,,,,,,,,,,,,,,,,,,,,,,,,,,,,,,,,,,,,,,,,,,,,,,,,,,,,,,,,,,,,,,,,,,,,,,,,,,,,,,,,,,,,,,,,,,,,,,,,,,,,,,,,,,,,,,,,,,,,,,,,,,0,,,,,0.18360,0.09820,0.01994,0.97000,-0.00000,0.00000,0.24311
3488.6607,0,1,30.71,0.00,40.93,-0.11896,0.00864,0.21127,2.26179,0.21127,1.5256,0,0,0.21961,-0.00098,0.06018,0.21953,-0.00098,0.06007,,,0.21127,0.00000,-0.20964,0.34636,1.43401,0.00000,1.00000,0.00000,-0.21000,0.34600,1.43400,0.00000,1.00000,16,0.18300,-0.04970,0.01494,0.18360,0.09820,0,0.99122,0.00000,0.00000,-0.13221,Left,0,1.81,286.76,32.20,314.70,60.36,335.52,85.05,352.64,110.30,364.90,32.95,301.50,79.84,272.76,112.62,265.61,136.02,266.17,12.44,268.36,71.66,228.98,110.52,227.68,135.04,236.97,-0.18,239.32,55.65,202.56,93.53,200.05,118.57,208.36,-7.41,217.41,32.30,187.22,64.50,182.32,88.39,187.52,0.00000,-0.01771,-0.04976,-0.07904,-0.11022,-0.09692,-0.13338,-0.14804,-0.15357,-0.10066,-0.13458,-0.13903,-0.14029,-0.10058,-0.12324,-0.12062,-0.11714,-0.10045,-0.11111,-0.10528,-0.10041,-0.01739,0.00373,0.08239,0.00063,0.01833,0.05913,0.01272,0.02689,0.04217,0.02296,0.03700,0.01030,0.03120,0.04283,-0.01211,0.00394,0.01159,-0.00288,0.01742,0.00798,-0.01134,0.02976,-0.00070,0.00178,0.03909,0.00089,0.02137,-0.00208,0.00018,-0.00289,0.01731,-0.01495,-0.01241,0.03225,-0.02017,0.00013,0.04889,-0.02169,0.03129,-0.00137,-0.00782,0.00137,0.01171,-0.02129,-0.00369,0.02828,-0.02687,0.01020,0.04046,-0.02636,0.02620,-0.00866,-0.01626,0.01530,0.00239,-0.02590,0.01210,0.01985,-0.03508,0.02277,0.03242,-0.03309,0.03287,0,,,,,0.18360,0.09820,0.01994,0.97000,0.00000,-0.00000,0.24311
3488.6860,0,1,15.07,0.00,21.50,-0.14655,0.01431,0.25535,0.60498,0.29944,0.7550,0,0,0.21961,-0.00098,0.06018,0.21953,-0.00098,0.06007,,,0.29944,0.00000,-0.20964,0.34636,1.43401,0.00000,1.00000,0.00000,-0.21000,0.34600,1.43400,0.00000,1.00000,16,0.18300,-0.04970,0.01494,0.18360,0.09820,0,0.99122,0.00000,-0.00000,-0.13221,Right,0,-19.88,332.37,-12.60,285.70,2.09,243.33,26.31,216.70,49.93,205.51,-17.12,227.83,27.66,183.77,63.99,176.31,91.36,183.59,-8.55,247.73,45.78,202.22,90.96,195.59,123.22,202.91,6.88,273.67,64.02,237.21,106.19,231.93,134.73,237.31,27.05,303.36,77.08,273.23,111.18,259.54,136.81,253.66,0.00000,0.00216,-0.01767,-0.03834,-0.05803,-0.06983,-0.10435,-0.11421,-0.11532,-0.08568,-0.12140,-0.12497,-0.12264,-0.09818,-0.12466,-0.12322,-0.11792,-0.10911,-0.12331,-0.12040,-0.11531,-0.02421,0.05314,0.07038,-0.01533,0.01985,0.05389,-0.00472,0.00107,0.04710,0.00783,-0.01907,0.02201,0.02544,-0.02360,-0.00187,-0.01071,-0.01525,0.00760,0.00931,-0.03172,0.00205,0.02837,-0.04047,0.01484,0.03759,-0.03349,0.03020,-0.00372,-0.00499,0.00046,0.01998,-0.02307,-0.00823,0.03736,-0.03011,-0.00198,0.05939,-0.03108,0.02689,0.00907,0.01035,-0.00573,0.02778,-0.00762,-0.00963,0.04930,-0.00880,-0.00040,0.06282,-0.00737,0.01902,0.01025,0.02606,-0.00181,0.03031,0.01655,-0.00199,0.05020,0.00561,0.00325,0.06578,-0.00078,0.01998,0,,,,,0.18360,0.09820,0.01994,0.97000,0.00000,-0.00000,0.24311
3488.7127,0,1,15.67,0.00,22.14,-0.12393,0.01334,0.21312,0.48108,0.17088,1.0938,0,0,0.21961,-0.00098,0.06018,0.21953,-0.00098,0.06007,,,0.17088,0.00000,-0.20964,0.34636,1.43401,0.00000,1.00000,0.00000,-0.21000,0.34600,1.43400,0.00000,1.00000,16,0.18300,-0.04970,0.01494,0.18360,0.09820,0,0.99122,0.00000,-0.00000,-0.13221,Right,0,-11.82,347.56,-12.14,282.59,-1.10,241.00,16.65,212.68,44.26,196.71,-28.58,223.07,8.85,181.23,49.84,170.71,78.04,179.08,-19.36,246.55,31.62,201.30,84.50,192.03,117.38,201.89,-3.03,275.48,53.58,237.70,103.36,228.12,132.59,231.08,19.89,307.81,68.38,271.76,103.19,256.33,127.39,252.07,0.00000,0.02501,0.00042,-0.02775,-0.05587,-0.10038,-0.14895,-0.15476,-0.15041,-0.13575,-0.19795,-0.19587,-0.18385,-0.16382,-0.21345,-0.20101,-0.18264,-0.18723,-0.22126,-0.21537,-0.20330,-0.00182,0.05171,0.06980,0.00113,0.02090,0.05996,0.00592,0.00739,0.05088,0.00226,-0.00569,0.03023,0.01340,-0.01487,0.00639,-0.00597,-0.00473,0.01093,0.00024,-0.02313,0.00496,0.01412,-0.03033,0.01841,0.02424,-0.02345,0.03627,-0.00360,-0.00116,-0.00042,0.00112,-0.01987,-0.01173,0.02177,-0.02806,0.00239,0.04094,-0.02972,0.03616,0.00429,0.00154,-0.00705,0.00806,-0.00808,-0.01314,0.03308,-0.01375,-0.00536,0.05331,-0.01519,0.02249,0.00972,0.01356,-0.00710,0.01686,0.00371,-0.00547,0.03485,-0.00265,0.00091,0.04675,-0.00387,0.01717,0,,,,,0.18360,0.09820,0.01994,0.97000,0.00000,-0.00000,0.24311
3488.7429,0,1,17.34,0.00,25.27,-0.12393,0.01334,0.21312,0.48027,0.31459,0.4030,1,0,0.21961,-0.00098,0.06018,0.21953,-0.00098,0.06007,,,0.31459,0.00000,-0.20964,0.34636,1.43401,0.00000,1.00000,0.00000,-0.21000,0.34600,1.43400,0.00000,1.00000,16,0.18300,-0.04970,0.01494,0.18360,0.09820,0,0.99122,0.00000,-0.00000,-0.13221,Right,0,-13.41,346.22,0.85,290.48,12.96,242.24,30.36,209.69,49.69,191.31,-21.94,213.80,6.09,170.50,43.28,162.76,67.99,171.09,-23.11,237.33,26.91,197.19,75.82,191.08,106.41,197.84,-12.25,267.71,42.78,234.82,87.75,226.92,114.87,228.98,5.72,300.30,53.86,271.10,87.76,259.03,111.69,254.56,0.00000,0.01248,-0.00682,-0.03071,-0.05530,-0.07057,-0.11165,-0.12622,-0.13104,-0.09847,-0.14449,-0.15461,-0.15696,-0.12219,-0.15990,-0.16227,-0.15875,-0.14365,-0.16869,-0.16911,-0.16536,-0.00171,0.06284,0.06861,0.00194,0.02760,0.06345,0.00856,0.00416,0.05541,0.01346,-0.01050,0.03360,0.01956,-0.02169,0.00850,-0.00825,-0.01315,0.01425,0.00369,-0.03028,0.00421,0.01899,-0.03757,0.01172,0.03245,-0.03217,0.02098,-0.00489,-0.00379,0.00136,0.01201,-0.02156,-0.01424,0.03267,-0.02462,-0.00265,0.05027,-0.02631,0.02501,0.00607,0.00709,-0.00992,0.02137,-0.00246,-0.01673,0.04200,-0.00887,-0.00833,0.05818,-0.01207,0.01494,0.01336,0.02648,-0.01063,0.02664,0.01352,-0.01194,0.04412,0.00557,-0.00572,0.05674,0.00327,0.00780,0,,,,,0.18360,0.09820,0.01994,0.97000,-0.00000,-0.00000,0.24311
3488.7746,0,1,16.40,0.00,27.74,-0.12393,0.01334,0.21312,0.46728,0.32378,0.3674,1,0,0.21961,-0.00098,0.06018,0.21953,-0.00098,0.06007,,,0.32378,0.00000,-0.20964,0.34636,1.43401,0.00000,1.00000,0.00000,-0.21000,0.34600,1.43400,0.00000,1.00000,16,0.18300,-0.04970,0.01494,0.18360,0.09820,0,0.99122,0.00000,0.00000,-0.13221,Right,0,-24.14,348.55,-12.26,286.51,-0.35,240.49,11.05,208.69,29.01,188.90,-27.53,209.69,-1.97,168.97,34.28,167.39,57.42,178.21,-28.61,232.51,20.05,199.32,67.50,193.73,98.78,202.06,-20.89,263.38,30.10,236.10,76.18,227.16,108.82,228.18,-5.65,297.76,39.05,271.08,75.00,259.42,103.09,255.40,0.00000,0.02970,0.01151,-0.01366,-0.04058,-0.08178,-0.12573,-0.13634,-0.13832,-0.11934,-0.17490,-0.18268,-0.18308,-0.14998,-0.19790,-0.19933,-0.19431,-0.17566,-0.20793,-0.20875,-0.20517,-0.00531,0.06685,0.06806,0.00088,0.03020,0.06585,0.00668,0.00610,0.06060,0.00756,-0.00985,0.04019,0.01588,-0.02239,0.01195,-0.00962,-0.01294,0.01453,0.00432,-0.02668,0.00529,0.01732,-0.03038,0.01344,0.02993,-0.02399,0.02534,-0.00517,-0.00401,0.00051,0.01305,-0.01829,-0.01385,0.03301,-0.02102,-0.00134,0.04940,-0.02347,0.02221,0.00521,0.00751,-0.01032,0.01972,0.00040,-0.01657,0.04151,-0.00595,-0.00914,0.06079,-0.01043,0.01389,0.01240,0.02737,-0.01192,0.02478,0.01517,-0.01146,0.04264,0.00694,-0.00464,0.05667,0.00466,0.00922,0,,,,,0.18360,0.09820,0.01994,0.97000,-0.00000,-0.00000,0.24311
3488.8061,0,1,15.35,0.00,26.74,-0.15704,0.00947,0.25767,0.45235,0.30222,0.3704,0,0,0.21961,-0.00098,0.06018,0.21953,-0.00098,0.06007,,,0.30222,0.00000,-0.20964,0.34636,1.43401,0.00000,1.00000,0.00000,-0.21000,0.34600,1.43400,0.00000,1.00000,16,0.18300,-0.04970,0.01494,0.18360,0.09820,0,0.99122,0.00000,0.00000,-0.13221,Right,0,-47.99,333.65,-32.57,267.63,-16.75,225.59,-1.52,195.79,20.15,178.57,-33.31,184.43,0.67,159.45,35.31,165.35,55.48,176.16,-30.71,209.46,31.40,191.51,72.13,196.21,96.86,212.53,-22.46,243.59,38.34,228.04,77.06,227.16,103.68,234.17,-9.08,280.25,37.27,260.31,67.85,251.43,93.05,249.85,0.00000,0.05636,0.05125,0.03634,0.01855,-0.06476,-0.09376,-0.09059,-0.08451,-0.11058,-0.15342,-0.14418,-0.13293,-0.14673,-0.18079,-0.16380,-0.14757,-0.17618,-0.19903,-0.18990,-0.17904,-0.01504,0.07081,0.06987,-0.00516,0.03301,0.06765,0.00167,0.01056,0.06206,0.00451,-0.00516,0.04443,0.01500,-0.01636,0.01606,-0.00826,-0.01421,0.01490,0.00588,-0.02120,0.00935,0.01953,-0.02431,0.01828,0.02886,-0.01790,0.03035,-0.00459,-0.00451,0.00138,0.01826,-0.01406,-0.00918,0.03511,-0.01161,0.00949,0.04510,-0.00999,0.03842,0.00460,0.00760,-0.01030,0.02185,0.00561,-0.01163,0.04289,0.00178,0.00146,0.05680,0.00247,0.02314,0.00945,0.02901,-0.01198,0.02368,0.01783,-0.00999,0.03795,0.01083,-0.00229,0.04875,0.01150,0.00670,0,,,,,0.18360,0.09820,0.01994,0.97000,-0.00000,0.00000,0.24311
3488.8366,0,0,14.33,0.00,26.76,-0.15704,0.00947,0.25767,,,,0,0,0.21961,-0.00098,0.06018,0.21953,-0.00098,0.06007,,,nan,0.00000,-0.20964,0.34636,1.43401,0.00000,1.00000,0.00000,-0.21000,0.34600,1.43400,0.00000,1.00000,16,0.18300,-0.04970,0.01494,0.18360,0.09820,0,0.99122,0.00000,0.00000,-0.13221,,0,,,,,,,,,,,,,,,,,,,,,,,,,,,,,,,,,,,,,,,,,,,,,,,,,,,,,,,,,,,,,,,,,,,,,,,,,,,,,,,,,,,,,,,,,,,,,,,,,,,,,,,,,,,,,,,,,,,,,,,,,,,,,,,0,,,,,0.18360,0.09820,0.01994,0.97000,-0.00000,0.00000,0.24311
3488.8924,0,0,38.73,0.00,52.14,-0.15704,0.00947,0.25767,,,,0,0,0.21961,-0.00098,0.06018,0.21953,-0.00098,0.06007,,,nan,0.00000,-0.20964,0.34636,1.43401,0.00000,1.00000,0.00000,-0.21000,0.34600,1.43400,0.00000,1.00000,16,0.18300,-0.04970,0.01494,0.18360,0.09820,0,0.99122,0.00000,-0.00000,-0.13221,,0,,,,,,,,,,,,,,,,,,,,,,,,,,,,,,,,,,,,,,,,,,,,,,,,,,,,,,,,,,,,,,,,,,,,,,,,,,,,,,,,,,,,,,,,,,,,,,,,,,,,,,,,,,,,,,,,,,,,,,,,,,,,,,,0,,,,,0.18360,0.09820,0.01994,0.97000,0.00000,0.00000,0.24311
3488.9247,0,0,22.90,0.00,28.81,-0.15704,0.00947,0.25767,,,,0,0,0.21961,-0.00098,0.06018,0.21953,-0.00098,0.06007,,,nan,0.00000,-0.20964,0.34636,1.43401,0.00000,1.00000,0.00000,-0.21000,0.34600,1.43400,0.00000,1.00000,16,0.18300,-0.04970,0.01494,0.18360,0.09820,0,0.99122,-0.00000,-0.00000,-0.13221,,0,,,,,,,,,,,,,,,,,,,,,,,,,,,,,,,,,,,,,,,,,,,,,,,,,,,,,,,,,,,,,,,,,,,,,,,,,,,,,,,,,,,,,,,,,,,,,,,,,,,,,,,,,,,,,,,,,,,,,,,,,,,,,,,0,,,,,0.18360,0.09820,0.01994,0.97000,0.00000,0.00000,0.24311
3488.9535,0,0,17.61,0.00,24.26,-0.15704,0.00947,0.25767,,,,0,0,0.21961,-0.00098,0.06018,0.21953,-0.00098,0.06007,,,nan,0.00000,-0.20964,0.34636,1.43401,0.00000,1.00000,0.00000,-0.21000,0.34600,1.43400,0.00000,1.00000,16,0.18300,-0.04970,0.01494,0.18360,0.09820,0,0.99122,-0.00000,-0.00000,-0.13221,,0,,,,,,,,,,,,,,,,,,,,,,,,,,,,,,,,,,,,,,,,,,,,,,,,,,,,,,,,,,,,,,,,,,,,,,,,,,,,,,,,,,,,,,,,,,,,,,,,,,,,,,,,,,,,,,,,,,,,,,,,,,,,,,,0,,,,,0.18360,0.09820,0.01994,0.97000,0.00000,0.00000,0.24311
3488.9847,0,0,18.03,0.00,28.56,-0.15704,0.00947,0.25767,,,,0,0,0.21961,-0.00098,0.06018,0.21953,-0.00098,0.06007,,,nan,0.00000,-0.20964,0.34636,1.43401,0.00000,1.00000,0.00000,-0.21000,0.34600,1.43400,0.00000,1.00000,16,0.18300,-0.04970,0.01494,0.18360,0.09820,0,0.99122,-0.00000,0.00000,-0.13221,,0,,,,,,,,,,,,,,,,,,,,,,,,,,,,,,,,,,,,,,,,,,,,,,,,,,,,,,,,,,,,,,,,,,,,,,,,,,,,,,,,,,,,,,,,,,,,,,,,,,,,,,,,,,,,,,,,,,,,,,,,,,,,,,,0,,,,,0.18360,0.09820,0.01994,0.97000,0.00000,0.00000,0.24311
3489.0212,0,0,22.10,0.00,32.01,-0.15704,0.00947,0.25767,,,,0,0,0.21961,-0.00098,0.06018,0.21953,-0.00098,0.06007,,,nan,0.00000,-0.20964,0.34636,1.43401,0.00000,1.00000,0.00000,-0.21000,0.34600,1.43400,0.00000,1.00000,16,0.18300,-0.04970,0.01494,0.18360,0.09820,0,0.99122,-0.00000,-0.00000,-0.13221,,0,,,,,,,,,,,,,,,,,,,,,,,,,,,,,,,,,,,,,,,,,,,,,,,,,,,,,,,,,,,,,,,,,,,,,,,,,,,,,,,,,,,,,,,,,,,,,,,,,,,,,,,,,,,,,,,,,,,,,,,,,,,,,,,0,,,,,0.18360,0.09820,0.01994,0.97000,0.00000,-0.00000,0.24311
3489.0497,0,0,17.54,0.00,24.01,-0.15704,0.00947,0.25767,,,,0,0,0.21961,-0.00098,0.06018,0.21953,-0.00098,0.06007,,,nan,0.00000,-0.20964,0.34636,1.43401,0.00000,1.00000,0.00000,-0.21000,0.34600,1.43400,0.00000,1.00000,16,0.18300,-0.04970,0.01494,0.18360,0.09820,0,0.99122,0.00000,-0.00000,-0.13221,,0,,,,,,,,,,,,,,,,,,,,,,,,,,,,,,,,,,,,,,,,,,,,,,,,,,,,,,,,,,,,,,,,,,,,,,,,,,,,,,,,,,,,,,,,,,,,,,,,,,,,,,,,,,,,,,,,,,,,,,,,,,,,,,,0,,,,,0.18360,0.09820,0.01994,0.97000,0.00000,-0.00000,0.24311
3489.0786,0,0,16.68,0.00,24.62,-0.15704,0.00947,0.25767,,,,0,0,0.21961,-0.00098,0.06018,0.21953,-0.00098,0.06007,,,nan,0.00000,-0.20964,0.34636,1.43401,0.00000,1.00000,0.00000,-0.21000,0.34600,1.43400,0.00000,1.00000,16,0.18300,-0.04970,0.01494,0.18360,0.09820,0,0.99122,0.00000,-0.00000,-0.13221,,0,,,,,,,,,,,,,,,,,,,,,,,,,,,,,,,,,,,,,,,,,,,,,,,,,,,,,,,,,,,,,,,,,,,,,,,,,,,,,,,,,,,,,,,,,,,,,,,,,,,,,,,,,,,,,,,,,,,,,,,,,,,,,,,0,,,,,0.18360,0.09820,0.01994,0.97000,0.00000,-0.00000,0.24311
3489.1125,0,0,18.61,0.00,29.67,-0.15704,0.00947,0.25767,,,,0,0,0.21961,-0.00098,0.06018,0.21953,-0.00098,0.06007,,,nan,0.00000,-0.20964,0.34636,1.43401,0.00000,1.00000,0.00000,-0.21000,0.34600,1.43400,0.00000,1.00000,16,0.18300,-0.04970,0.01494,0.18360,0.09820,0,0.99122,0.00000,0.00000,-0.13221,,0,,,,,,,,,,,,,,,,,,,,,,,,,,,,,,,,,,,,,,,,,,,,,,,,,,,,,,,,,,,,,,,,,,,,,,,,,,,,,,,,,,,,,,,,,,,,,,,,,,,,,,,,,,,,,,,,,,,,,,,,,,,,,,,0,,,,,0.18360,0.09820,0.01994,0.97000,0.00000,-0.00000,0.24311
3489.1439,0,0,16.86,0.00,27.11,-0.15704,0.00947,0.25767,,,,0,0,0.21961,-0.00098,0.06018,0.21953,-0.00098,0.06007,,,nan,0.00000,-0.20964,0.34636,1.43401,0.00000,1.00000,0.00000,-0.21000,0.34600,1.43400,0.00000,1.00000,16,0.18300,-0.04970,0.01494,0.18360,0.09820,0,0.99122,-0.00000,0.00000,-0.13221,,0,,,,,,,,,,,,,,,,,,,,,,,,,,,,,,,,,,,,,,,,,,,,,,,,,,,,,,,,,,,,,,,,,,,,,,,,,,,,,,,,,,,,,,,,,,,,,,,,,,,,,,,,,,,,,,,,,,,,,,,,,,,,,,,0,,,,,0.18360,0.09820,0.01994,0.97000,0.00000,-0.00000,0.24311
3489.1916,0,0,32.41,0.00,43.13,-0.15704,0.00947,0.25767,,,,0,0,0.21961,-0.00098,0.06018,0.21953,-0.00098,0.06007,,,nan,0.00000,-0.20964,0.34636,1.43401,0.00000,1.00000,0.00000,-0.21000,0.34600,1.43400,0.00000,1.00000,16,0.18300,-0.04970,0.01494,0.18360,0.09820,0,0.99122,0.00000,0.00000,-0.13221,,0,,,,,,,,,,,,,,,,,,,,,,,,,,,,,,,,,,,,,,,,,,,,,,,,,,,,,,,,,,,,,,,,,,,,,,,,,,,,,,,,,,,,,,,,,,,,,,,,,,,,,,,,,,,,,,,,,,,,,,,,,,,,,,,0,,,,,0.18360,0.09820,0.01994,0.97000,0.00000,0.00000,0.24311
3489.2204,0,0,18.60,0.00,25.05,-0.15704,0.00947,0.25767,,,,0,0,0.21961,-0.00098,0.06018,0.21953,-0.00098,0.06007,,,nan,0.00000,-0.20964,0.34636,1.43401,0.00000,1.00000,0.00000,-0.21000,0.34600,1.43400,0.00000,1.00000,16,0.18300,-0.04970,0.01494,0.18360,0.09820,0,0.99122,0.00000,-0.00000,-0.13221,,0,,,,,,,,,,,,,,,,,,,,,,,,,,,,,,,,,,,,,,,,,,,,,,,,,,,,,,,,,,,,,,,,,,,,,,,,,,,,,,,,,,,,,,,,,,,,,,,,,,,,,,,,,,,,,,,,,,,,,,,,,,,,,,,0,,,,,0.18360,0.09820,0.01994,0.97000,0.00000,0.00000,0.24311
3489.2478,0,0,18.40,0.00,24.70,-0.15704,0.00947,0.25767,,,,0,0,0.21961,-0.00098,0.06018,0.21953,-0.00098,0.06007,,,nan,0.00000,-0.20964,0.34636,1.43401,0.00000,1.00000,0.00000,-0.21000,0.34600,1.43400,0.00000,1.00000,16,0.18300,-0.04970,0.01494,0.18360,0.09820,0,0.99122,0.00000,0.00000,-0.13221,,0,,,,,,,,,,,,,,,,,,,,,,,,,,,,,,,,,,,,,,,,,,,,,,,,,,,,,,,,,,,,,,,,,,,,,,,,,,,,,,,,,,,,,,,,,,,,,,,,,,,,,,,,,,,,,,,,,,,,,,,,,,,,,,,0,,,,,0.18360,0.09820,0.01994,0.97000,0.00000,0.00000,0.24311
3489.2739,0,0,16.51,0.00,22.28,-0.15704,0.00947,0.25767,,,,0,0,0.21961,-0.00098,0.06018,0.21953,-0.00098,0.06007,,,nan,0.00000,-0.20964,0.34636,1.43401,0.00000,1.00000,0.00000,-0.21000,0.34600,1.43400,0.00000,1.00000,16,0.18300,-0.04970,0.01494,0.18360,0.09820,0,0.99122,0.00000,0.00000,-0.13221,,0,,,,,,,,,,,,,,,,,,,,,,,,,,,,,,,,,,,,,,,,,,,,,,,,,,,,,,,,,,,,,,,,,,,,,,,,,,,,,,,,,,,,,,,,,,,,,,,,,,,,,,,,,,,,,,,,,,,,,,,,,,,,,,,0,,,,,0.18360,0.09820,0.01994,0.97000,-0.00000,0.00000,0.24311
3489.3111,0,0,23.76,0.00,33.00,-0.15704,0.00947,0.25767,,,,0,0,0.21961,-0.00098,0.06018,0.21953,-0.00098,0.06007,,,nan,0.00000,-0.20964,0.34636,1.43401,0.00000,1.00000,0.00000,-0.21000,0.34600,1.43400,0.00000,1.00000,16,0.18300,-0.04970,0.01494,0.18360,0.09820,0,0.99122,0.00000,0.00000,-0.13221,,0,,,,,,,,,,,,,,,,,,,,,,,,,,,,,,,,,,,,,,,,,,,,,,,,,,,,,,,,,,,,,,,,,,,,,,,,,,,,,,,,,,,,,,,,,,,,,,,,,,,,,,,,,,,,,,,,,,,,,,,,,,,,,,,0,,,,,0.18360,0.09820,0.01994,0.97000,-0.00000,0.00000,0.24311
3489.3542,0,0,20.53,0.00,39.58,-0.15704,0.00947,0.25767,,,,0,0,0.21961,-0.00098,0.06018,0.21953,-0.00098,0.06007,,,nan,0.00000,-0.20964,0.34636,1.43401,0.00000,1.00000,0.00000,-0.21000,0.34600,1.43400,0.00000,1.00000,16,0.18300,-0.04970,0.01494,0.18360,0.09820,0,0.99122,0.00000,-0.00000,-0.13221,,0,,,,,,,,,,,,,,,,,,,,,,,,,,,,,,,,,,,,,,,,,,,,,,,,,,,,,,,,,,,,,,,,,,,,,,,,,,,,,,,,,,,,,,,,,,,,,,,,,,,,,,,,,,,,,,,,,,,,,,,,,,,,,,,0,,,,,0.18360,0.09820,0.01994,0.97000,-0.00000,0.00000,0.24311
3489.3861,0,0,18.57,0.00,28.48,-0.15704,0.00947,0.25767,,,,0,0,0.21961,-0.00098,0.06018,0.21953,-0.00098,0.06007,,,nan,0.00000,-0.20964,0.34636,1.43401,0.00000,1.00000,0.00000,-0.21000,0.34600,1.43400,0.00000,1.00000,16,0.18300,-0.04970,0.01494,0.18360,0.09820,0,0.99122,-0.00000,-0.00000,-0.13221,,0,,,,,,,,,,,,,,,,,,,,,,,,,,,,,,,,,,,,,,,,,,,,,,,,,,,,,,,,,,,,,,,,,,,,,,,,,,,,,,,,,,,,,,,,,,,,,,,,,,,,,,,,,,,,,,,,,,,,,,,,,,,,,,,0,,,,,0.18360,0.09820,0.01994,0.97000,-0.00000,0.00000,0.24311
3489.4157,0,0,18.10,0.00,24.97,-0.15704,0.00947,0.25767,,,,0,0,0.21961,-0.00098,0.06018,0.21953,-0.00098,0.06007,,,nan,0.00000,-0.20964,0.34636,1.43401,0.00000,1.00000,0.00000,-0.21000,0.34600,1.43400,0.00000,1.00000,16,0.18300,-0.04970,0.01494,0.18360,0.09820,0,0.99122,-0.00000,-0.00000,-0.13221,,0,,,,,,,,,,,,,,,,,,,,,,,,,,,,,,,,,,,,,,,,,,,,,,,,,,,,,,,,,,,,,,,,,,,,,,,,,,,,,,,,,,,,,,,,,,,,,,,,,,,,,,,,,,,,,,,,,,,,,,,,,,,,,,,0,,,,,0.18360,0.09820,0.01994,0.97000,0.00000,0.00000,0.24311
3489.4454,0,0,16.14,0.00,25.42,-0.15704,0.00947,0.25767,,,,0,0,0.21961,-0.00098,0.06018,0.21953,-0.00098,0.06007,,,nan,0.00000,-0.20964,0.34636,1.43401,0.00000,1.00000,0.00000,-0.21000,0.34600,1.43400,0.00000,1.00000,16,0.18300,-0.04970,0.01494,0.18360,0.09820,0,0.99122,-0.00000,-0.00000,-0.13221,,0,,,,,,,,,,,,,,,,,,,,,,,,,,,,,,,,,,,,,,,,,,,,,,,,,,,,,,,,,,,,,,,,,,,,,,,,,,,,,,,,,,,,,,,,,,,,,,,,,,,,,,,,,,,,,,,,,,,,,,,,,,,,,,,0,,,,,0.18360,0.09820,0.01994,0.97000,0.00000,-0.00000,0.24311
3489.4807,0,0,17.73,0.00,31.77,-0.15704,0.00947,0.25767,,,,0,0,0.21961,-0.00098,0.06018,0.21953,-0.00098,0.06007,,,nan,0.00000,-0.20964,0.34636,1.43401,0.00000,1.00000,0.00000,-0.21000,0.34600,1.43400,0.00000,1.00000,16,0.18300,-0.04970,0.01494,0.18360,0.09820,0,0.99122,-0.00000,-0.00000,-0.13221,,0,,,,,,,,,,,,,,,,,,,,,,,,,,,,,,,,,,,,,,,,,,,,,,,,,,,,,,,,,,,,,,,,,,,,,,,,,,,,,,,,,,,,,,,,,,,,,,,,,,,,,,,,,,,,,,,,,,,,,,,,,,,,,,,0,,,,,0.18360,0.09820,0.01994,0.97000,-0.00000,-0.00000,0.24311
3489.5175,0,0,23.31,0.00,31.97,-0.15704,0.00947,0.25767,,,,0,0,0.21961,-0.00098,0.06018,0.21953,-0.00098,0.06007,,,nan,0.00000,-0.20964,0.34636,1.43401,0.00000,1.00000,0.00000,-0.21000,0.34600,1.43400,0.00000,1.00000,16,0.18300,-0.04970,0.01494,0.18360,0.09820,0,0.99122,-0.00000,0.00000,-0.13221,,0,,,,,,,,,,,,,,,,,,,,,,,,,,,,,,,,,,,,,,,,,,,,,,,,,,,,,,,,,,,,,,,,,,,,,,,,,,,,,,,,,,,,,,,,,,,,,,,,,,,,,,,,,,,,,,,,,,,,,,,,,,,,,,,0,,,,,0.18360,0.09820,0.01994,0.97000,-0.00000,-0.00000,0.24311
3489.5452,0,0,18.61,0.00,24.55,-0.15704,0.00947,0.25767,,,,0,0,0.21961,-0.00098,0.06018,0.21953,-0.00098,0.06007,,,nan,0.00000,-0.20964,0.34636,1.43401,0.00000,1.00000,0.00000,-0.21000,0.34600,1.43400,0.00000,1.00000,16,0.18300,-0.04970,0.01494,0.18360,0.09820,0,0.99122,0.00000,0.00000,-0.13221,,0,,,,,,,,,,,,,,,,,,,,,,,,,,,,,,,,,,,,,,,,,,,,,,,,,,,,,,,,,,,,,,,,,,,,,,,,,,,,,,,,,,,,,,,,,,,,,,,,,,,,,,,,,,,,,,,,,,,,,,,,,,,,,,,0,,,,,0.18360,0.09820,0.01994,0.97000,-0.00000,-0.00000,0.24311
3489.5856,0,0,23.18,0.00,35.94,-0.15704,0.00947,0.25767,,,,0,0,0.21961,-0.00098,0.06018,0.21953,-0.00098,0.06007,,,nan,0.00000,-0.20964,0.34636,1.43401,0.00000,1.00000,0.00000,-0.21000,0.34600,1.43400,0.00000,1.00000,16,0.18300,-0.04970,0.01494,0.18360,0.09820,0,0.99122,0.00000,0.00000,-0.13221,,0,,,,,,,,,,,,,,,,,,,,,,,,,,,,,,,,,,,,,,,,,,,,,,,,,,,,,,,,,,,,,,,,,,,,,,,,,,,,,,,,,,,,,,,,,,,,,,,,,,,,,,,,,,,,,,,,,,,,,,,,,,,,,,,0,,,,,0.18360,0.09820,0.01994,0.97000,-0.00000,-0.00000,0.24311
3489.6175,0,0,19.09,0.00,27.71,-0.15704,0.00947,0.25767,,,,0,0,0.21961,-0.00098,0.06018,0.21953,-0.00098,0.06007,,,nan,0.00000,-0.20964,0.34636,1.43401,0.00000,1.00000,0.00000,-0.21000,0.34600,1.43400,0.00000,1.00000,16,0.18300,-0.04970,0.01494,0.18360,0.09820,0,0.99122,0.00000,-0.00000,-0.13221,,0,,,,,,,,,,,,,,,,,,,,,,,,,,,,,,,,,,,,,,,,,,,,,,,,,,,,,,,,,,,,,,,,,,,,,,,,,,,,,,,,,,,,,,,,,,,,,,,,,,,,,,,,,,,,,,,,,,,,,,,,,,,,,,,0,,,,,0.18360,0.09820,0.01994,0.97000,-0.00000,0.00000,0.24311
3489.6451,0,0,17.84,0.00,23.25,-0.15704,0.00947,0.25767,,,,0,0,0.21961,-0.00098,0.06018,0.21953,-0.00098,0.06007,,,nan,0.00000,-0.20964,0.34636,1.43401,0.00000,1.00000,0.00000,-0.21000,0.34600,1.43400,0.00000,1.00000,16,0.18300,-0.04970,0.01494,0.18360,0.09820,0,0.99122,0.00000,-0.00000,-0.13221,,0,,,,,,,,,,,,,,,,,,,,,,,,,,,,,,,,,,,,,,,,,,,,,,,,,,,,,,,,,,,,,,,,,,,,,,,,,,,,,,,,,,,,,,,,,,,,,,,,,,,,,,,,,,,,,,,,,,,,,,,,,,,,,,,0,,,,,0.18360,0.09820,0.01994,0.97000,0.00000,0.00000,0.24311
3489.6774,0,0,22.26,0.00,28.16,-0.15704,0.00947,0.25767,,,,0,0,0.21961,-0.00098,0.06018,0.21953,-0.00098,0.06007,,,nan,0.00000,-0.20964,0.34636,1.43401,0.00000,1.00000,0.00000,-0.21000,0.34600,1.43400,0.00000,1.00000,16,0.18300,-0.04970,0.01494,0.18360,0.09820,0,0.99122,0.00000,-0.00000,-0.13221,,0,,,,,,,,,,,,,,,,,,,,,,,,,,,,,,,,,,,,,,,,,,,,,,,,,,,,,,,,,,,,,,,,,,,,,,,,,,,,,,,,,,,,,,,,,,,,,,,,,,,,,,,,,,,,,,,,,,,,,,,,,,,,,,,0,,,,,0.18360,0.09820,0.01994,0.97000,0.00000,0.00000,0.24311
3489.7152,0,0,22.73,0.00,32.59,-0.15704,0.00947,0.25767,,,,0,0,0.21961,-0.00098,0.06018,0.21953,-0.00098,0.06007,,,nan,0.00000,-0.20964,0.34636,1.43401,0.00000,1.00000,0.00000,-0.21000,0.34600,1.43400,0.00000,1.00000,16,0.18300,-0.04970,0.01494,0.18360,0.09820,0,0.99122,0.00000,-0.00000,-0.13221,,0,,,,,,,,,,,,,,,,,,,,,,,,,,,,,,,,,,,,,,,,,,,,,,,,,,,,,,,,,,,,,,,,,,,,,,,,,,,,,,,,,,,,,,,,,,,,,,,,,,,,,,,,,,,,,,,,,,,,,,,,,,,,,,,0,,,,,0.18360,0.09820,0.01994,0.97000,-0.00000,0.00000,0.24311
3489.7417,0,0,15.72,0.00,22.03,-0.15704,0.00947,0.25767,,,,0,0,0.21961,-0.00098,0.06018,0.21953,-0.00098,0.06007,,,nan,0.00000,-0.20964,0.34636,1.43401,0.00000,1.00000,0.00000,-0.21000,0.34600,1.43400,0.00000,1.00000,16,0.18300,-0.04970,0.01494,0.18360,0.09820,0,0.99122,0.00000,0.00000,-0.13221,,0,,,,,,,,,,,,,,,,,,,,,,,,,,,,,,,,,,,,,,,,,,,,,,,,,,,,,,,,,,,,,,,,,,,,,,,,,,,,,,,,,,,,,,,,,,,,,,,,,,,,,,,,,,,,,,,,,,,,,,,,,,,,,,,0,,,,,0.18360,0.09820,0.01994,0.97000,-0.00000,0.00000,0.24311
3489.7840,0,0,16.76,0.00,38.75,-0.15704,0.00947,0.25767,,,,0,0,0.21961,-0.00098,0.06018,0.21953,-0.00098,0.06007,,,nan,0.00000,-0.20964,0.34636,1.43401,0.00000,1.00000,0.00000,-0.21000,0.34600,1.43400,0.00000,1.00000,16,0.18300,-0.04970,0.01494,0.18360,0.09820,0,0.99122,-0.00000,0.00000,-0.13221,,0,,,,,,,,,,,,,,,,,,,,,,,,,,,,,,,,,,,,,,,,,,,,,,,,,,,,,,,,,,,,,,,,,,,,,,,,,,,,,,,,,,,,,,,,,,,,,,,,,,,,,,,,,,,,,,,,,,,,,,,,,,,,,,,0,,,,,0.18360,0.09820,0.01994,0.97000,-0.00000,0.00000,0.24311
3489.8151,0,0,16.97,0.00,26.88,-0.15704,0.00947,0.25767,,,,0,0,0.21961,-0.00098,0.06018,0.21953,-0.00098,0.06007,,,nan,0.00000,-0.20964,0.34636,1.43401,0.00000,1.00000,0.00000,-0.21000,0.34600,1.43400,0.00000,1.00000,16,0.18300,-0.04970,0.01494,0.18360,0.09820,0,0.99122,-0.00000,0.00000,-0.13221,,0,,,,,,,,,,,,,,,,,,,,,,,,,,,,,,,,,,,,,,,,,,,,,,,,,,,,,,,,,,,,,,,,,,,,,,,,,,,,,,,,,,,,,,,,,,,,,,,,,,,,,,,,,,,,,,,,,,,,,,,,,,,,,,,0,,,,,0.18360,0.09820,0.01994,0.97000,0.00000,-0.00000,0.24311
3489.8479,0,0,17.56,0.00,29.64,-0.15704,0.00947,0.25767,,,,0,0,0.21961,-0.00098,0.06018,0.21953,-0.00098,0.06007,,,nan,0.00000,-0.20964,0.34636,1.43401,0.00000,1.00000,0.00000,-0.21000,0.34600,1.43400,0.00000,1.00000,16,0.18300,-0.04970,0.01494,0.18360,0.09820,0,0.99122,-0.00000,0.00000,-0.13221,,0,,,,,,,,,,,,,,,,,,,,,,,,,,,,,,,,,,,,,,,,,,,,,,,,,,,,,,,,,,,,,,,,,,,,,,,,,,,,,,,,,,,,,,,,,,,,,,,,,,,,,,,,,,,,,,,,,,,,,,,,,,,,,,,0,,,,,0.18360,0.09820,0.01994,0.97000,0.00000,-0.00000,0.24311
3489.8800,0,0,16.98,0.00,28.73,-0.15704,0.00947,0.25767,,,,0,0,0.21961,-0.00098,0.06018,0.21953,-0.00098,0.06007,,,nan,0.00000,-0.20964,0.34636,1.43401,0.00000,1.00000,0.00000,-0.21000,0.34600,1.43400,0.00000,1.00000,16,0.18300,-0.04970,0.01494,0.18360,0.09820,0,0.99122,-0.00000,0.00000,-0.13221,,0,,,,,,,,,,,,,,,,,,,,,,,,,,,,,,,,,,,,,,,,,,,,,,,,,,,,,,,,,,,,,,,,,,,,,,,,,,,,,,,,,,,,,,,,,,,,,,,,,,,,,,,,,,,,,,,,,,,,,,,,,,,,,,,0,,,,,0.18360,0.09820,0.01994,0.97000,-0.00000,-0.00000,0.24311
3489.9115,0,0,17.76,0.00,27.43,-0.15704,0.00947,0.25767,,,,0,0,0.21961,-0.00098,0.06018,0.21953,-0.00098,0.06007,,,nan,0.00000,-0.20964,0.34636,1.43401,0.00000,1.00000,0.00000,-0.21000,0.34600,1.43400,0.00000,1.00000,16,0.18300,-0.04970,0.01494,0.18360,0.09820,0,0.99122,0.00000,0.00000,-0.13221,,0,,,,,,,,,,,,,,,,,,,,,,,,,,,,,,,,,,,,,,,,,,,,,,,,,,,,,,,,,,,,,,,,,,,,,,,,,,,,,,,,,,,,,,,,,,,,,,,,,,,,,,,,,,,,,,,,,,,,,,,,,,,,,,,0,,,,,0.18360,0.09820,0.01994,0.97000,0.00000,-0.00000,0.24311
3489.9434,0,0,16.93,0.00,27.86,-0.15704,0.00947,0.25767,,,,0,0,0.21961,-0.00098,0.06018,0.21953,-0.00098,0.06007,,,nan,0.00000,-0.20964,0.34636,1.43401,0.00000,1.00000,0.00000,-0.21000,0.34600,1.43400,0.00000,1.00000,16,0.18300,-0.04970,0.01494,0.18360,0.09820,0,0.99122,-0.00000,0.00000,-0.13221,,0,,,,,,,,,,,,,,,,,,,,,,,,,,,,,,,,,,,,,,,,,,,,,,,,,,,,,,,,,,,,,,,,,,,,,,,,,,,,,,,,,,,,,,,,,,,,,,,,,,,,,,,,,,,,,,,,,,,,,,,,,,,,,,,0,,,,,0.18360,0.09820,0.01994,0.97000,-0.00000,-0.00000,0.24311
3489.9766,0,0,17.45,0.00,29.83,-0.15704,0.00947,0.25767,,,,0,0,0.21961,-0.00098,0.06018,0.21953,-0.00098,0.06007,,,nan,0.00000,-0.20964,0.34636,1.43401,0.00000,1.00000,0.00000,-0.21000,0.34600,1.43400,0.00000,1.00000,16,0.18300,-0.04970,0.01494,0.18360,0.09820,0,0.99122,-0.00000,0.00000,-0.13221,,0,,,,,,,,,,,,,,,,,,,,,,,,,,,,,,,,,,,,,,,,,,,,,,,,,,,,,,,,,,,,,,,,,,,,,,,,,,,,,,,,,,,,,,,,,,,,,,,,,,,,,,,,,,,,,,,,,,,,,,,,,,,,,,,0,,,,,0.18360,0.09820,0.01994,0.97000,-0.00000,-0.00000,0.24311
3490.0139,0,0,22.77,0.00,33.18,-0.15704,0.00947,0.25767,,,,0,0,0.21961,-0.00098,0.06018,0.21953,-0.00098,0.06007,,,nan,0.00000,-0.20964,0.34636,1.43401,0.00000,1.00000,0.00000,-0.21000,0.34600,1.43400,0.00000,1.00000,16,0.18300,-0.04970,0.01494,0.18360,0.09820,0,0.99122,-0.00000,0.00000,-0.13221,,0,,,,,,,,,,,,,,,,,,,,,,,,,,,,,,,,,,,,,,,,,,,,,,,,,,,,,,,,,,,,,,,,,,,,,,,,,,,,,,,,,,,,,,,,,,,,,,,,,,,,,,,,,,,,,,,,,,,,,,,,,,,,,,,0,,,,,0.18360,0.09820,0.01994,0.97000,-0.00000,-0.00000,0.24311
3490.0455,0,0,21.80,0.00,27.58,-0.15704,0.00947,0.25767,,,,0,0,0.21961,-0.00098,0.06018,0.21953,-0.00098,0.06007,,,nan,0.00000,-0.20964,0.34636,1.43401,0.00000,1.00000,0.00000,-0.21000,0.34600,1.43400,0.00000,1.00000,16,0.18300,-0.04970,0.01494,0.18360,0.09820,0,0.99122,-0.00000,0.00000,-0.13221,,0,,,,,,,,,,,,,,,,,,,,,,,,,,,,,,,,,,,,,,,,,,,,,,,,,,,,,,,,,,,,,,,,,,,,,,,,,,,,,,,,,,,,,,,,,,,,,,,,,,,,,,,,,,,,,,,,,,,,,,,,,,,,,,,0,,,,,0.18360,0.09820,0.01994,0.97000,-0.00000,-0.00000,0.24311
3490.0739,0,0,17.26,0.00,24.03,-0.15704,0.00947,0.25767,,,,0,0,0.21961,-0.00098,0.06018,0.21953,-0.00098,0.06007,,,nan,0.00000,-0.20964,0.34636,1.43401,0.00000,1.00000,0.00000,-0.21000,0.34600,1.43400,0.00000,1.00000,16,0.18300,-0.04970,0.01494,0.18360,0.09820,0,0.99122,0.00000,0.00000,-0.13221,,0,,,,,,,,,,,,,,,,,,,,,,,,,,,,,,,,,,,,,,,,,,,,,,,,,,,,,,,,,,,,,,,,,,,,,,,,,,,,,,,,,,,,,,,,,,,,,,,,,,,,,,,,,,,,,,,,,,,,,,,,,,,,,,,0,,,,,0.18360,0.09820,0.01994,0.97000,-0.00000,-0.00000,0.24311
3490.1128,0,0,23.38,0.00,30.02,-0.15704,0.00947,0.25767,,,,0,0,0.21961,-0.00098,0.06018,0.21953,-0.00098,0.06007,,,nan,0.00000,-0.20964,0.34636,1.43401,0.00000,1.00000,0.00000,-0.21000,0.34600,1.43400,0.00000,1.00000,16,0.18300,-0.04970,0.01494,0.18360,0.09820,0,0.99122,0.00000,-0.00000,-0.13221,,0,,,,,,,,,,,,,,,,,,,,,,,,,,,,,,,,,,,,,,,,,,,,,,,,,,,,,,,,,,,,,,,,,,,,,,,,,,,,,,,,,,,,,,,,,,,,,,,,,,,,,,,,,,,,,,,,,,,,,,,,,,,,,,,0,,,,,0.18360,0.09820,0.01994,0.97000,-0.00000,0.00000,0.24311
3490.1421,0,0,18.20,0.00,24.99,-0.15704,0.00947,0.25767,,,,0,0,0.21961,-0.00098,0.06018,0.21953,-0.00098,0.06007,,,nan,0.00000,-0.20964,0.34636,1.43401,0.00000,1.00000,0.00000,-0.21000,0.34600,1.43400,0.00000,1.00000,16,0.18300,-0.04970,0.01494,0.18360,0.09820,0,0.99122,0.00000,0.00000,-0.13221,,0,,,,,,,,,,,,,,,,,,,,,,,,,,,,,,,,,,,,,,,,,,,,,,,,,,,,,,,,,,,,,,,,,,,,,,,,,,,,,,,,,,,,,,,,,,,,,,,,,,,,,,,,,,,,,,,,,,,,,,,,,,,,,,,0,,,,,0.18360,0.09820,0.01994,0.97000,0.00000,0.00000,0.24311
3490.1703,0,0,17.74,0.00,24.15,-0.15704,0.00947,0.25767,,,,0,0,0.21961,-0.00098,0.06018,0.21953,-0.00098,0.06007,,,nan,0.00000,-0.20964,0.34636,1.43401,0.00000,1.00000,0.00000,-0.21000,0.34600,1.43400,0.00000,1.00000,16,0.18300,-0.04970,0.01494,0.18360,0.09820,0,0.99122,0.00000,0.00000,-0.13221,,0,,,,,,,,,,,,,,,,,,,,,,,,,,,,,,,,,,,,,,,,,,,,,,,,,,,,,,,,,,,,,,,,,,,,,,,,,,,,,,,,,,,,,,,,,,,,,,,,,,,,,,,,,,,,,,,,,,,,,,,,,,,,,,,0,,,,,0.18360,0.09820,0.01994,0.97000,0.00000,0.00000,0.24311
3490.2139,0,0,16.01,0.00,39.43,-0.15704,0.00947,0.25767,,,,0,0,0.21961,-0.00098,0.06018,0.21953,-0.00098,0.06007,,,nan,0.00000,-0.20964,0.34636,1.43401,0.00000,1.00000,0.00000,-0.21000,0.34600,1.43400,0.00000,1.00000,16,0.18300,-0.04970,0.01494,0.18360,0.09820,0,0.99122,-0.00000,0.00000,-0.13221,,0,,,,,,,,,,,,,,,,,,,,,,,,,,,,,,,,,,,,,,,,,,,,,,,,,,,,,,,,,,,,,,,,,,,,,,,,,,,,,,,,,,,,,,,,,,,,,,,,,,,,,,,,,,,,,,,,,,,,,,,,,,,,,,,0,,,,,0.18360,0.09820,0.01994,0.97000,0.00000,-0.00000,0.24311
3490.2472,0,0,16.69,0.00,29.33,-0.15704,0.00947,0.25767,,,,0,0,0.21961,-0.00098,0.06018,0.21953,-0.00098,0.06007,,,nan,0.00000,-0.20964,0.34636,1.43401,0.00000,1.00000,0.00000,-0.21000,0.34600,1.43400,0.00000,1.00000,16,0.18300,-0.04970,0.01494,0.18360,0.09820,0,0.99122,-0.00000,0.00000,-0.13221,,0,,,,,,,,,,,,,,,,,,,,,,,,,,,,,,,,,,,,,,,,,,,,,,,,,,,,,,,,,,,,,,,,,,,,,,,,,,,,,,,,,,,,,,,,,,,,,,,,,,,,,,,,,,,,,,,,,,,,,,,,,,,,,,,0,,,,,0.18360,0.09820,0.01994,0.97000,-0.00000,-0.00000,0.24311
3490.2791,0,0,16.46,0.00,27.87,-0.15704,0.00947,0.25767,,,,0,0,0.21961,-0.00098,0.06018,0.21953,-0.00098,0.06007,,,nan,0.00000,-0.20964,0.34636,1.43401,0.00000,1.00000,0.00000,-0.21000,0.34600,1.43400,0.00000,1.00000,16,0.18300,-0.04970,0.01494,0.18360,0.09820,0,0.99122,0.00000,0.00000,-0.13221,,0,,,,,,,,,,,,,,,,,,,,,,,,,,,,,,,,,,,,,,,,,,,,,,,,,,,,,,,,,,,,,,,,,,,,,,,,,,,,,,,,,,,,,,,,,,,,,,,,,,,,,,,,,,,,,,,,,,,,,,,,,,,,,,,0,,,,,0.18360,0.09820,0.01994,0.97000,-0.00000,0.00000,0.24311
3490.3106,0,0,16.35,0.00,26.24,-0.15704,0.00947,0.25767,,,,0,0,0.21961,-0.00098,0.06018,0.21953,-0.00098,0.06007,,,nan,0.00000,-0.20964,0.34636,1.43401,0.00000,1.00000,0.00000,-0.21000,0.34600,1.43400,0.00000,1.00000,16,0.18300,-0.04970,0.01494,0.18360,0.09820,0,0.99122,-0.00000,0.00000,-0.13221,,0,,,,,,,,,,,,,,,,,,,,,,,,,,,,,,,,,,,,,,,,,,,,,,,,,,,,,,,,,,,,,,,,,,,,,,,,,,,,,,,,,,,,,,,,,,,,,,,,,,,,,,,,,,,,,,,,,,,,,,,,,,,,,,,0,,,,,0.18360,0.09820,0.01994,0.97000,-0.00000,0.00000,0.24311
3490.3432,0,0,17.11,0.00,29.07,-0.15704,0.00947,0.25767,,,,0,0,0.21961,-0.00098,0.06018,0.21953,-0.00098,0.06007,,,nan,0.00000,-0.20964,0.34636,1.43401,0.00000,1.00000,0.00000,-0.21000,0.34600,1.43400,0.00000,1.00000,16,0.18300,-0.04970,0.01494,0.18360,0.09820,0,0.99122,-0.00000,0.00000,-0.13221,,0,,,,,,,,,,,,,,,,,,,,,,,,,,,,,,,,,,,,,,,,,,,,,,,,,,,,,,,,,,,,,,,,,,,,,,,,,,,,,,,,,,,,,,,,,,,,,,,,,,,,,,,,,,,,,,,,,,,,,,,,,,,,,,,0,,,,,0.18360,0.09820,0.01994,0.97000,-0.00000,0.00000,0.24311
3490.3804,0,0,21.41,0.00,33.86,-0.15704,0.00947,0.25767,,,,0,0,0.21961,-0.00098,0.06018,0.21953,-0.00098,0.06007,,,nan,0.00000,-0.20964,0.34636,1.43401,0.00000,1.00000,0.00000,-0.21000,0.34600,1.43400,0.00000,1.00000,16,0.18300,-0.04970,0.01494,0.18360,0.09820,0,0.99122,0.00000,0.00000,-0.13221,,0,,,,,,,,,,,,,,,,,,,,,,,,,,,,,,,,,,,,,,,,,,,,,,,,,,,,,,,,,,,,,,,,,,,,,,,,,,,,,,,,,,,,,,,,,,,,,,,,,,,,,,,,,,,,,,,,,,,,,,,,,,,,,,,0,,,,,0.18360,0.09820,0.01994,0.97000,0.00000,0.00000,0.24311
3490.4072,0,0,16.69,0.00,22.57,-0.15704,0.00947,0.25767,,,,0,0,0.21961,-0.00098,0.06018,0.21953,-0.00098,0.06007,,,nan,0.00000,-0.20964,0.34636,1.43401,0.00000,1.00000,0.00000,-0.21000,0.34600,1.43400,0.00000,1.00000,16,0.18300,-0.04970,0.01494,0.18360,0.09820,0,0.99122,0.00000,0.00000,-0.13221,,0,,,,,,,,,,,,,,,,,,,,,,,,,,,,,,,,,,,,,,,,,,,,,,,,,,,,,,,,,,,,,,,,,,,,,,,,,,,,,,,,,,,,,,,,,,,,,,,,,,,,,,,,,,,,,,,,,,,,,,,,,,,,,,,0,,,,,0.18360,0.09820,0.01994,0.97000,0.00000,0.00000,0.24311
3490.4420,0,0,19.73,0.00,30.39,-0.15704,0.00947,0.25767,,,,0,0,0.21961,-0.00098,0.06018,0.21953,-0.00098,0.06007,,,nan,0.00000,-0.20964,0.34636,1.43401,0.00000,1.00000,0.00000,-0.21000,0.34600,1.43400,0.00000,1.00000,16,0.18300,-0.04970,0.01494,0.18360,0.09820,0,0.99122,0.00000,-0.00000,-0.13221,,0,,,,,,,,,,,,,,,,,,,,,,,,,,,,,,,,,,,,,,,,,,,,,,,,,,,,,,,,,,,,,,,,,,,,,,,,,,,,,,,,,,,,,,,,,,,,,,,,,,,,,,,,,,,,,,,,,,,,,,,,,,,,,,,0,,,,,0.18360,0.09820,0.01994,0.97000,-0.00000,-0.00000,0.24311
3490.4711,0,0,16.38,0.00,26.63,-0.15704,0.00947,0.25767,,,,0,0,0.21961,-0.00098,0.06018,0.21953,-0.00098,0.06007,,,nan,0.00000,-0.20964,0.34636,1.43401,0.00000,1.00000,0.00000,-0.21000,0.34600,1.43400,0.00000,1.00000,16,0.18300,-0.04970,0.01494,0.18360,0.09820,0,0.99122,0.00000,-0.00000,-0.13221,,0,,,,,,,,,,,,,,,,,,,,,,,,,,,,,,,,,,,,,,,,,,,,,,,,,,,,,,,,,,,,,,,,,,,,,,,,,,,,,,,,,,,,,,,,,,,,,,,,,,,,,,,,,,,,,,,,,,,,,,,,,,,,,,,0,,,,,0.18360,0.09820,0.01994,0.97000,-0.00000,-0.00000,0.24311
3490.5035,0,0,16.86,0.00,28.13,-0.15704,0.00947,0.25767,,,,0,0,0.21961,-0.00098,0.06018,0.21953,-0.00098,0.06007,,,nan,0.00000,-0.20964,0.34636,1.43401,0.00000,1.00000,0.00000,-0.21000,0.34600,1.43400,0.00000,1.00000,16,0.18300,-0.04970,0.01494,0.18360,0.09820,0,0.99122,-0.00000,0.00000,-0.13221,,0,,,,,,,,,,,,,,,,,,,,,,,,,,,,,,,,,,,,,,,,,,,,,,,,,,,,,,,,,,,,,,,,,,,,,,,,,,,,,,,,,,,,,,,,,,,,,,,,,,,,,,,,,,,,,,,,,,,,,,,,,,,,,,,0,,,,,0.18360,0.09820,0.01994,0.97000,-0.00000,0.00000,0.24311
3490.5346,0,0,16.51,0.00,27.27,-0.15704,0.00947,0.25767,,,,0,0,0.21961,-0.00098,0.06018,0.21953,-0.00098,0.06007,,,nan,0.00000,-0.20964,0.34636,1.43401,0.00000,1.00000,0.00000,-0.21000,0.34600,1.43400,0.00000,1.00000,16,0.18300,-0.04970,0.01494,0.18360,0.09820,0,0.99122,-0.00000,0.00000,-0.13221,,0,,,,,,,,,,,,,,,,,,,,,,,,,,,,,,,,,,,,,,,,,,,,,,,,,,,,,,,,,,,,,,,,,,,,,,,,,,,,,,,,,,,,,,,,,,,,,,,,,,,,,,,,,,,,,,,,,,,,,,,,,,,,,,,0,,,,,0.18360,0.09820,0.01994,0.97000,-0.00000,-0.00000,0.24311
3490.5753,0,0,23.52,0.00,36.46,-0.15704,0.00947,0.25767,,,,0,0,0.21961,-0.00098,0.06018,0.21953,-0.00098,0.06007,,,nan,0.00000,-0.20964,0.34636,1.43401,0.00000,1.00000,0.00000,-0.21000,0.34600,1.43400,0.00000,1.00000,16,0.18300,-0.04970,0.01494,0.18360,0.09820,0,0.99122,0.00000,0.00000,-0.13221,,0,,,,,,,,,,,,,,,,,,,,,,,,,,,,,,,,,,,,,,,,,,,,,,,,,,,,,,,,,,,,,,,,,,,,,,,,,,,,,,,,,,,,,,,,,,,,,,,,,,,,,,,,,,,,,,,,,,,,,,,,,,,,,,,0,,,,,0.18360,0.09820,0.01994,0.97000,-0.00000,-0.00000,0.24311
3490.6180,0,0,19.77,0.00,39.05,-0.15704,0.00947,0.25767,,,,0,0,0.21961,-0.00098,0.06018,0.21953,-0.00098,0.06007,,,nan,0.00000,-0.20964,0.34636,1.43401,0.00000,1.00000,0.00000,-0.21000,0.34600,1.43400,0.00000,1.00000,16,0.18300,-0.04970,0.01494,0.18360,0.09820,0,0.99122,0.00000,-0.00000,-0.13221,,0,,,,,,,,,,,,,,,,,,,,,,,,,,,,,,,,,,,,,,,,,,,,,,,,,,,,,,,,,,,,,,,,,,,,,,,,,,,,,,,,,,,,,,,,,,,,,,,,,,,,,,,,,,,,,,,,,,,,,,,,,,,,,,,0,,,,,0.18360,0.09820,0.01994,0.97000,-0.00000,-0.00000,0.24311
3490.6455,0,0,16.07,0.00,23.75,-0.15704,0.00947,0.25767,,,,0,0,0.21961,-0.00098,0.06018,0.21953,-0.00098,0.06007,,,nan,0.00000,-0.20964,0.34636,1.43401,0.00000,1.00000,0.00000,-0.21000,0.34600,1.43400,0.00000,1.00000,16,0.18300,-0.04970,0.01494,0.18360,0.09820,0,0.99122,0.00000,-0.00000,-0.13221,,0,,,,,,,,,,,,,,,,,,,,,,,,,,,,,,,,,,,,,,,,,,,,,,,,,,,,,,,,,,,,,,,,,,,,,,,,,,,,,,,,,,,,,,,,,,,,,,,,,,,,,,,,,,,,,,,,,,,,,,,,,,,,,,,0,,,,,0.18360,0.09820,0.01994,0.97000,-0.00000,-0.00000,0.24311
3490.6786,0,0,16.45,0.00,29.21,-0.15704,0.00947,0.25767,,,,0,0,0.21961,-0.00098,0.06018,0.21953,-0.00098,0.06007,,,nan,0.00000,-0.20964,0.34636,1.43401,0.00000,1.00000,0.00000,-0.21000,0.34600,1.43400,0.00000,1.00000,16,0.18300,-0.04970,0.01494,0.18360,0.09820,0,0.99122,-0.00000,-0.00000,-0.13221,,0,,,,,,,,,,,,,,,,,,,,,,,,,,,,,,,,,,,,,,,,,,,,,,,,,,,,,,,,,,,,,,,,,,,,,,,,,,,,,,,,,,,,,,,,,,,,,,,,,,,,,,,,,,,,,,,,,,,,,,,,,,,,,,,0,,,,,0.18360,0.09820,0.01994,0.97000,0.00000,0.00000,0.24311
3490.7118,0,0,17.52,0.00,28.84,-0.15704,0.00947,0.25767,,,,0,0,0.21961,-0.00098,0.06018,0.21953,-0.00098,0.06007,,,nan,0.00000,-0.20964,0.34636,1.43401,0.00000,1.00000,0.00000,-0.21000,0.34600,1.43400,0.00000,1.00000,16,0.18300,-0.04970,0.01494,0.18360,0.09820,0,0.99122,0.00000,0.00000,-0.13221,,0,,,,,,,,,,,,,,,,,,,,,,,,,,,,,,,,,,,,,,,,,,,,,,,,,,,,,,,,,,,,,,,,,,,,,,,,,,,,,,,,,,,,,,,,,,,,,,,,,,,,,,,,,,,,,,,,,,,,,,,,,,,,,,,0,,,,,0.18360,0.09820,0.01994,0.97000,0.00000,0.00000,0.24311
3490.7470,0,0,19.90,0.00,31.20,-0.15704,0.00947,0.25767,,,,0,0,0.21961,-0.00098,0.06018,0.21953,-0.00098,0.06007,,,nan,0.00000,-0.20964,0.34636,1.43401,0.00000,1.00000,0.00000,-0.21000,0.34600,1.43400,0.00000,1.00000,16,0.18300,-0.04970,0.01494,0.18360,0.09820,0,0.99122,-0.00000,0.00000,-0.13221,,0,,,,,,,,,,,,,,,,,,,,,,,,,,,,,,,,,,,,,,,,,,,,,,,,,,,,,,,,,,,,,,,,,,,,,,,,,,,,,,,,,,,,,,,,,,,,,,,,,,,,,,,,,,,,,,,,,,,,,,,,,,,,,,,0,,,,,0.18360,0.09820,0.01994,0.97000,-0.00000,0.00000,0.24311
3490.7780,0,0,20.01,0.00,26.87,-0.15704,0.00947,0.25767,,,,0,0,0.21961,-0.00098,0.06018,0.21953,-0.00098,0.06007,,,nan,0.00000,-0.20964,0.34636,1.43401,0.00000,1.00000,0.00000,-0.21000,0.34600,1.43400,0.00000,1.00000,16,0.18300,-0.04970,0.01494,0.18360,0.09820,0,0.99122,-0.00000,0.00000,-0.13221,,0,,,,,,,,,,,,,,,,,,,,,,,,,,,,,,,,,,,,,,,,,,,,,,,,,,,,,,,,,,,,,,,,,,,,,,,,,,,,,,,,,,,,,,,,,,,,,,,,,,,,,,,,,,,,,,,,,,,,,,,,,,,,,,,0,,,,,0.18360,0.09820,0.01994,0.97000,-0.00000,0.00000,0.24311
3490.8088,0,0,18.49,0.00,27.24,-0.15704,0.00947,0.25767,,,,0,0,0.21961,-0.00098,0.06018,0.21953,-0.00098,0.06007,,,nan,0.00000,-0.20964,0.34636,1.43401,0.00000,1.00000,0.00000,-0.21000,0.34600,1.43400,0.00000,1.00000,16,0.18300,-0.04970,0.01494,0.18360,0.09820,0,0.99122,0.00000,0.00000,-0.13221,,0,,,,,,,,,,,,,,,,,,,,,,,,,,,,,,,,,,,,,,,,,,,,,,,,,,,,,,,,,,,,,,,,,,,,,,,,,,,,,,,,,,,,,,,,,,,,,,,,,,,,,,,,,,,,,,,,,,,,,,,,,,,,,,,0,,,,,0.18360,0.09820,0.01994,0.97000,-0.00000,0.00000,0.24311
3490.8396,0,0,16.16,0.00,26.86,-0.15704,0.00947,0.25767,,,,0,0,0.21961,-0.00098,0.06018,0.21953,-0.00098,0.06007,,,nan,0.00000,-0.20964,0.34636,1.43401,0.00000,1.00000,0.00000,-0.21000,0.34600,1.43400,0.00000,1.00000,16,0.18300,-0.04970,0.01494,0.18360,0.09820,0,0.99122,0.00000,0.00000,-0.13221,,0,,,,,,,,,,,,,,,,,,,,,,,,,,,,,,,,,,,,,,,,,,,,,,,,,,,,,,,,,,,,,,,,,,,,,,,,,,,,,,,,,,,,,,,,,,,,,,,,,,,,,,,,,,,,,,,,,,,,,,,,,,,,,,,0,,,,,0.18360,0.09820,0.01994,0.97000,0.00000,-0.00000,0.24311
3490.8727,0,0,18.06,0.00,29.12,-0.15704,0.00947,0.25767,,,,0,0,0.21961,-0.00098,0.06018,0.21953,-0.00098,0.06007,,,nan,0.00000,-0.20964,0.34636,1.43401,0.00000,1.00000,0.00000,-0.21000,0.34600,1.43400,0.00000,1.00000,16,0.18300,-0.04970,0.01494,0.18360,0.09820,0,0.99122,0.00000,0.00000,-0.13221,,0,,,,,,,,,,,,,,,,,,,,,,,,,,,,,,,,,,,,,,,,,,,,,,,,,,,,,,,,,,,,,,,,,,,,,,,,,,,,,,,,,,,,,,,,,,,,,,,,,,,,,,,,,,,,,,,,,,,,,,,,,,,,,,,0,,,,,0.18360,0.09820,0.01994,0.97000,-0.00000,-0.00000,0.24311
3490.9090,0,0,22.86,0.00,32.67,-0.15704,0.00947,0.25767,,,,0,0,0.21961,-0.00098,0.06018,0.21953,-0.00098,0.06007,,,nan,0.00000,-0.20964,0.34636,1.43401,0.00000,1.00000,0.00000,-0.21000,0.34600,1.43400,0.00000,1.00000,16,0.18300,-0.04970,0.01494,0.18360,0.09820,0,0.99122,-0.00000,0.00000,-0.13221,,0,,,,,,,,,,,,,,,,,,,,,,,,,,,,,,,,,,,,,,,,,,,,,,,,,,,,,,,,,,,,,,,,,,,,,,,,,,,,,,,,,,,,,,,,,,,,,,,,,,,,,,,,,,,,,,,,,,,,,,,,,,,,,,,0,,,,,0.18360,0.09820,0.01994,0.97000,-0.00000,-0.00000,0.24311
3490.9372,0,0,17.31,0.00,24.10,-0.15704,0.00947,0.25767,,,,0,0,0.21961,-0.00098,0.06018,0.21953,-0.00098,0.06007,,,nan,0.00000,-0.20964,0.34636,1.43401,0.00000,1.00000,0.00000,-0.21000,0.34600,1.43400,0.00000,1.00000,16,0.18300,-0.04970,0.01494,0.18360,0.09820,0,0.99122,-0.00000,0.00000,-0.13221,,0,,,,,,,,,,,,,,,,,,,,,,,,,,,,,,,,,,,,,,,,,,,,,,,,,,,,,,,,,,,,,,,,,,,,,,,,,,,,,,,,,,,,,,,,,,,,,,,,,,,,,,,,,,,,,,,,,,,,,,,,,,,,,,,0,,,,,0.18360,0.09820,0.01994,0.97000,-0.00000,-0.00000,0.24311
3490.9674,0,0,16.82,0.00,26.37,-0.15704,0.00947,0.25767,,,,0,0,0.21961,-0.00098,0.06018,0.21953,-0.00098,0.06007,,,nan,0.00000,-0.20964,0.34636,1.43401,0.00000,1.00000,0.00000,-0.21000,0.34600,1.43400,0.00000,1.00000,16,0.18300,-0.04970,0.01494,0.18360,0.09820,0,0.99122,-0.00000,0.00000,-0.13221,,0,,,,,,,,,,,,,,,,,,,,,,,,,,,,,,,,,,,,,,,,,,,,,,,,,,,,,,,,,,,,,,,,,,,,,,,,,,,,,,,,,,,,,,,,,,,,,,,,,,,,,,,,,,,,,,,,,,,,,,,,,,,,,,,0,,,,,0.18360,0.09820,0.01994,0.97000,-0.00000,-0.00000,0.24311
3490.9994,0,0,17.56,0.00,27.01,-0.15704,0.00947,0.25767,,,,0,0,0.21961,-0.00098,0.06018,0.21953,-0.00098,0.06007,,,nan,0.00000,-0.20964,0.34636,1.43401,0.00000,1.00000,0.00000,-0.21000,0.34600,1.43400,0.00000,1.00000,16,0.18300,-0.04970,0.01494,0.18360,0.09820,0,0.99122,0.00000,-0.00000,-0.13221,,0,,,,,,,,,,,,,,,,,,,,,,,,,,,,,,,,,,,,,,,,,,,,,,,,,,,,,,,,,,,,,,,,,,,,,,,,,,,,,,,,,,,,,,,,,,,,,,,,,,,,,,,,,,,,,,,,,,,,,,,,,,,,,,,0,,,,,0.18360,0.09820,0.01994,0.97000,-0.00000,-0.00000,0.24311
3491.0531,0,0,22.26,0.00,49.45,-0.15704,0.00947,0.25767,,,,0,0,0.21961,-0.00098,0.06018,0.21953,-0.00098,0.06007,,,nan,0.00000,-0.20964,0.34636,1.43401,0.00000,1.00000,0.00000,-0.21000,0.34600,1.43400,0.00000,1.00000,16,0.18300,-0.04970,0.01494,0.18360,0.09820,0,0.99122,-0.00000,-0.00000,-0.13221,,0,,,,,,,,,,,,,,,,,,,,,,,,,,,,,,,,,,,,,,,,,,,,,,,,,,,,,,,,,,,,,,,,,,,,,,,,,,,,,,,,,,,,,,,,,,,,,,,,,,,,,,,,,,,,,,,,,,,,,,,,,,,,,,,0,,,,,0.18360,0.09820,0.01994,0.97000,-0.00000,0.00000,0.24311
3491.0822,0,0,19.44,0.00,24.81,-0.15704,0.00947,0.25767,,,,0,0,0.21961,-0.00098,0.06018,0.21953,-0.00098,0.06007,,,nan,0.00000,-0.20964,0.34636,1.43401,0.00000,1.00000,0.00000,-0.21000,0.34600,1.43400,0.00000,1.00000,16,0.18300,-0.04970,0.01494,0.18360,0.09820,0,0.99122,-0.00000,-0.00000,-0.13221,,0,,,,,,,,,,,,,,,,,,,,,,,,,,,,,,,,,,,,,,,,,,,,,,,,,,,,,,,,,,,,,,,,,,,,,,,,,,,,,,,,,,,,,,,,,,,,,,,,,,,,,,,,,,,,,,,,,,,,,,,,,,,,,,,0,,,,,0.18360,0.09820,0.01994,0.97000,-0.00000,-0.00000,0.24311
3491.1109,0,0,16.54,0.00,24.59,-0.15704,0.00947,0.25767,,,,0,0,0.21961,-0.00098,0.06018,0.21953,-0.00098,0.06007,,,nan,0.00000,-0.20964,0.34636,1.43401,0.00000,1.00000,0.00000,-0.21000,0.34600,1.43400,0.00000,1.00000,16,0.18300,-0.04970,0.01494,0.18360,0.09820,0,0.99122,0.00000,-0.00000,-0.13221,,0,,,,,,,,,,,,,,,,,,,,,,,,,,,,,,,,,,,,,,,,,,,,,,,,,,,,,,,,,,,,,,,,,,,,,,,,,,,,,,,,,,,,,,,,,,,,,,,,,,,,,,,,,,,,,,,,,,,,,,,,,,,,,,,0,,,,,0.18360,0.09820,0.01994,0.97000,-0.00000,0.00000,0.24311
3491.1445,0,0,18.28,0.00,30.73,-0.15704,0.00947,0.25767,,,,0,0,0.21961,-0.00098,0.06018,0.21953,-0.00098,0.06007,,,nan,0.00000,-0.20964,0.34636,1.43401,0.00000,1.00000,0.00000,-0.21000,0.34600,1.43400,0.00000,1.00000,16,0.18300,-0.04970,0.01494,0.18360,0.09820,0,0.99122,0.00000,-0.00000,-0.13221,,0,,,,,,,,,,,,,,,,,,,,,,,,,,,,,,,,,,,,,,,,,,,,,,,,,,,,,,,,,,,,,,,,,,,,,,,,,,,,,,,,,,,,,,,,,,,,,,,,,,,,,,,,,,,,,,,,,,,,,,,,,,,,,,,0,,,,,0.18360,0.09820,0.01994,0.97000,-0.00000,0.00000,0.24311
3491.1808,0,0,22.76,0.00,32.62,-0.15704,0.00947,0.25767,,,,0,0,0.21961,-0.00098,0.06018,0.21953,-0.00098,0.06007,,,nan,0.00000,-0.20964,0.34636,1.43401,0.00000,1.00000,0.00000,-0.21000,0.34600,1.43400,0.00000,1.00000,16,0.18300,-0.04970,0.01494,0.18360,0.09820,0,0.99122,-0.00000,-0.00000,-0.13221,,0,,,,,,,,,,,,,,,,,,,,,,,,,,,,,,,,,,,,,,,,,,,,,,,,,,,,,,,,,,,,,,,,,,,,,,,,,,,,,,,,,,,,,,,,,,,,,,,,,,,,,,,,,,,,,,,,,,,,,,,,,,,,,,,0,,,,,0.18360,0.09820,0.01994,0.97000,-0.00000,0.00000,0.24311
3491.2101,0,0,19.19,0.00,25.63,-0.15704,0.00947,0.25767,,,,0,0,0.21961,-0.00098,0.06018,0.21953,-0.00098,0.06007,,,nan,0.00000,-0.20964,0.34636,1.43401,0.00000,1.00000,0.00000,-0.21000,0.34600,1.43400,0.00000,1.00000,16,0.18300,-0.04970,0.01494,0.18360,0.09820,0,0.99122,-0.00000,0.00000,-0.13221,,0,,,,,,,,,,,,,,,,,,,,,,,,,,,,,,,,,,,,,,,,,,,,,,,,,,,,,,,,,,,,,,,,,,,,,,,,,,,,,,,,,,,,,,,,,,,,,,,,,,,,,,,,,,,,,,,,,,,,,,,,,,,,,,,0,,,,,0.18360,0.09820,0.01994,0.97000,-0.00000,0.00000,0.24311
3491.2393,0,0,16.16,0.00,26.53,-0.15704,0.00947,0.25767,,,,0,0,0.21961,-0.00098,0.06018,0.21953,-0.00098,0.06007,,,nan,0.00000,-0.20964,0.34636,1.43401,0.00000,1.00000,0.00000,-0.21000,0.34600,1.43400,0.00000,1.00000,16,0.18300,-0.04970,0.01494,0.18360,0.09820,0,0.99122,0.00000,-0.00000,-0.13221,,0,,,,,,,,,,,,,,,,,,,,,,,,,,,,,,,,,,,,,,,,,,,,,,,,,,,,,,,,,,,,,,,,,,,,,,,,,,,,,,,,,,,,,,,,,,,,,,,,,,,,,,,,,,,,,,,,,,,,,,,,,,,,,,,0,,,,,0.18360,0.09820,0.01994,0.97000,0.00000,0.00000,0.24311
3491.2717,0,0,16.90,0.00,27.85,-0.15704,0.00947,0.25767,,,,0,0,0.21961,-0.00098,0.06018,0.21953,-0.00098,0.06007,,,nan,0.00000,-0.20964,0.34636,1.43401,0.00000,1.00000,0.00000,-0.21000,0.34600,1.43400,0.00000,1.00000,16,0.18300,-0.04970,0.01494,0.18360,0.09820,0,0.99122,-0.00000,-0.00000,-0.13221,,0,,,,,,,,,,,,,,,,,,,,,,,,,,,,,,,,,,,,,,,,,,,,,,,,,,,,,,,,,,,,,,,,,,,,,,,,,,,,,,,,,,,,,,,,,,,,,,,,,,,,,,,,,,,,,,,,,,,,,,,,,,,,,,,0,,,,,0.18360,0.09820,0.01994,0.97000,0.00000,-0.00000,0.24311
3491.3054,0,0,18.09,0.00,29.90,-0.15704,0.00947,0.25767,,,,0,0,0.21961,-0.00098,0.06018,0.21953,-0.00098,0.06007,,,nan,0.00000,-0.20964,0.34636,1.43401,0.00000,1.00000,0.00000,-0.21000,0.34600,1.43400,0.00000,1.00000,16,0.18300,-0.04970,0.01494,0.18360,0.09820,0,0.99122,-0.00000,-0.00000,-0.13221,,0,,,,,,,,,,,,,,,,,,,,,,,,,,,,,,,,,,,,,,,,,,,,,,,,,,,,,,,,,,,,,,,,,,,,,,,,,,,,,,,,,,,,,,,,,,,,,,,,,,,,,,,,,,,,,,,,,,,,,,,,,,,,,,,0,,,,,0.18360,0.09820,0.01994,0.97000,-0.00000,0.00000,0.24311
3491.3398,0,0,21.67,0.00,30.22,-0.15704,0.00947,0.25767,,,,0,0,0.21961,-0.00098,0.06018,0.21953,-0.00098,0.06007,,,nan,0.00000,-0.20964,0.34636,1.43401,0.00000,1.00000,0.00000,-0.21000,0.34600,1.43400,0.00000,1.00000,16,0.18300,-0.04970,0.01494,0.18360,0.09820,0,0.99122,-0.00000,-0.00000,-0.13221,,0,,,,,,,,,,,,,,,,,,,,,,,,,,,,,,,,,,,,,,,,,,,,,,,,,,,,,,,,,,,,,,,,,,,,,,,,,,,,,,,,,,,,,,,,,,,,,,,,,,,,,,,,,,,,,,,,,,,,,,,,,,,,,,,0,,,,,0.18360,0.09820,0.01994,0.97000,-0.00000,0.00000,0.24311
3491.3688,0,0,18.23,0.00,26.54,-0.15704,0.00947,0.25767,,,,0,0,0.21961,-0.00098,0.06018,0.21953,-0.00098,0.06007,,,nan,0.00000,-0.20964,0.34636,1.43401,0.00000,1.00000,0.00000,-0.21000,0.34600,1.43400,0.00000,1.00000,16,0.18300,-0.04970,0.01494,0.18360,0.09820,0,0.99122,0.00000,-0.00000,-0.13221,,0,,,,,,,,,,,,,,,,,,,,,,,,,,,,,,,,,,,,,,,,,,,,,,,,,,,,,,,,,,,,,,,,,,,,,,,,,,,,,,,,,,,,,,,,,,,,,,,,,,,,,,,,,,,,,,,,,,,,,,,,,,,,,,,0,,,,,0.18360,0.09820,0.01994,0.97000,-0.00000,0.00000,0.24311
3491.4071,0,0,24.37,0.00,33.93,-0.15704,0.00947,0.25767,,,,0,0,0.21961,-0.00098,0.06018,0.21953,-0.00098,0.06007,,,nan,0.00000,-0.20964,0.34636,1.43401,0.00000,1.00000,0.00000,-0.21000,0.34600,1.43400,0.00000,1.00000,16,0.18300,-0.04970,0.01494,0.18360,0.09820,0,0.99122,0.00000,-0.00000,-0.13221,,0,,,,,,,,,,,,,,,,,,,,,,,,,,,,,,,,,,,,,,,,,,,,,,,,,,,,,,,,,,,,,,,,,,,,,,,,,,,,,,,,,,,,,,,,,,,,,,,,,,,,,,,,,,,,,,,,,,,,,,,,,,,,,,,0,,,,,0.18360,0.09820,0.01994,0.97000,-0.00000,-0.00000,0.24311
3491.4323,0,0,16.46,0.00,22.00,-0.15704,0.00947,0.25767,,,,0,0,0.21961,-0.00098,0.06018,0.21953,-0.00098,0.06007,,,nan,0.00000,-0.20964,0.34636,1.43401,0.00000,1.00000,0.00000,-0.21000,0.34600,1.43400,0.00000,1.00000,16,0.18300,-0.04970,0.01494,0.18360,0.09820,0,0.99122,-0.00000,-0.00000,-0.13221,,0,,,,,,,,,,,,,,,,,,,,,,,,,,,,,,,,,,,,,,,,,,,,,,,,,,,,,,,,,,,,,,,,,,,,,,,,,,,,,,,,,,,,,,,,,,,,,,,,,,,,,,,,,,,,,,,,,,,,,,,,,,,,,,,0,,,,,0.18360,0.09820,0.01994,0.97000,-0.00000,-0.00000,0.24311
3491.4787,0,0,16.68,0.00,42.70,-0.15704,0.00947,0.25767,,,,0,0,0.21961,-0.00098,0.06018,0.21953,-0.00098,0.06007,,,nan,0.00000,-0.20964,0.34636,1.43401,0.00000,1.00000,0.00000,-0.21000,0.34600,1.43400,0.00000,1.00000,16,0.18300,-0.04970,0.01494,0.18360,0.09820,0,0.99122,-0.00000,-0.00000,-0.13221,,0,,,,,,,,,,,,,,,,,,,,,,,,,,,,,,,,,,,,,,,,,,,,,,,,,,,,,,,,,,,,,,,,,,,,,,,,,,,,,,,,,,,,,,,,,,,,,,,,,,,,,,,,,,,,,,,,,,,,,,,,,,,,,,,0,,,,,0.18360,0.09820,0.01994,0.97000,-0.00000,0.00000,0.24311
3491.5137,0,0,19.79,0.00,30.19,-0.15704,0.00947,0.25767,,,,0,0,0.21961,-0.00098,0.06018,0.21953,-0.00098,0.06007,,,nan,0.00000,-0.20964,0.34636,1.43401,0.00000,1.00000,0.00000,-0.21000,0.34600,1.43400,0.00000,1.00000,16,0.18300,-0.04970,0.01494,0.18360,0.09820,0,0.99122,0.00000,-0.00000,-0.13221,,0,,,,,,,,,,,,,,,,,,,,,,,,,,,,,,,,,,,,,,,,,,,,,,,,,,,,,,,,,,,,,,,,,,,,,,,,,,,,,,,,,,,,,,,,,,,,,,,,,,,,,,,,,,,,,,,,,,,,,,,,,,,,,,,0,,,,,0.18360,0.09820,0.01994,0.97000,-0.00000,0.00000,0.24311
3491.5432,0,0,17.08,0.00,24.86,-0.15704,0.00947,0.25767,,,,0,0,0.21961,-0.00098,0.06018,0.21953,-0.00098,0.06007,,,nan,0.00000,-0.20964,0.34636,1.43401,0.00000,1.00000,0.00000,-0.21000,0.34600,1.43400,0.00000,1.00000,16,0.18300,-0.04970,0.01494,0.18360,0.09820,0,0.99122,0.00000,-0.00000,-0.13221,,0,,,,,,,,,,,,,,,,,,,,,,,,,,,,,,,,,,,,,,,,,,,,,,,,,,,,,,,,,,,,,,,,,,,,,,,,,,,,,,,,,,,,,,,,,,,,,,,,,,,,,,,,,,,,,,,,,,,,,,,,,,,,,,,0,,,,,0.18360,0.09820,0.01994,0.97000,-0.00000,-0.00000,0.24311
3491.5784,0,0,18.80,0.00,31.74,-0.15704,0.00947,0.25767,,,,0,0,0.21961,-0.00098,0.06018,0.21953,-0.00098,0.06007,,,nan,0.00000,-0.20964,0.34636,1.43401,0.00000,1.00000,0.00000,-0.21000,0.34600,1.43400,0.00000,1.00000,16,0.18300,-0.04970,0.01494,0.18360,0.09820,0,0.99122,0.00000,-0.00000,-0.13221,,0,,,,,,,,,,,,,,,,,,,,,,,,,,,,,,,,,,,,,,,,,,,,,,,,,,,,,,,,,,,,,,,,,,,,,,,,,,,,,,,,,,,,,,,,,,,,,,,,,,,,,,,,,,,,,,,,,,,,,,,,,,,,,,,0,,,,,0.18360,0.09820,0.01994,0.97000,-0.00000,-0.00000,0.24311
3491.6112,0,0,20.74,0.00,28.24,-0.15704,0.00947,0.25767,,,,0,0,0.21961,-0.00098,0.06018,0.21953,-0.00098,0.06007,,,nan,0.00000,-0.20964,0.34636,1.43401,0.00000,1.00000,0.00000,-0.21000,0.34600,1.43400,0.00000,1.00000,16,0.18300,-0.04970,0.01494,0.18360,0.09820,0,0.99122,0.00000,-0.00000,-0.13221,,0,,,,,,,,,,,,,,,,,,,,,,,,,,,,,,,,,,,,,,,,,,,,,,,,,,,,,,,,,,,,,,,,,,,,,,,,,,,,,,,,,,,,,,,,,,,,,,,,,,,,,,,,,,,,,,,,,,,,,,,,,,,,,,,0,,,,,0.18360,0.09820,0.01994,0.97000,-0.00000,-0.00000,0.24311
3491.6383,0,0,15.85,0.00,22.51,-0.15704,0.00947,0.25767,,,,0,0,0.21961,-0.00098,0.06018,0.21953,-0.00098,0.06007,,,nan,0.00000,-0.20964,0.34636,1.43401,0.00000,1.00000,0.00000,-0.21000,0.34600,1.43400,0.00000,1.00000,16,0.18300,-0.04970,0.01494,0.18360,0.09820,0,0.99122,0.00000,0.00000,-0.13221,,0,,,,,,,,,,,,,,,,,,,,,,,,,,,,,,,,,,,,,,,,,,,,,,,,,,,,,,,,,,,,,,,,,,,,,,,,,,,,,,,,,,,,,,,,,,,,,,,,,,,,,,,,,,,,,,,,,,,,,,,,,,,,,,,0,,,,,0.18360,0.09820,0.01994,0.97000,-0.00000,-0.00000,0.24311
3491.6728,0,0,17.29,0.00,30.57,-0.15704,0.00947,0.25767,,,,0,0,0.21961,-0.00098,0.06018,0.21953,-0.00098,0.06007,,,nan,0.00000,-0.20964,0.34636,1.43401,0.00000,1.00000,0.00000,-0.21000,0.34600,1.43400,0.00000,1.00000,16,0.18300,-0.04970,0.01494,0.18360,0.09820,0,0.99122,0.00000,-0.00000,-0.13221,,0,,,,,,,,,,,,,,,,,,,,,,,,,,,,,,,,,,,,,,,,,,,,,,,,,,,,,,,,,,,,,,,,,,,,,,,,,,,,,,,,,,,,,,,,,,,,,,,,,,,,,,,,,,,,,,,,,,,,,,,,,,,,,,,0,,,,,0.18360,0.09820,0.01994,0.97000,0.00000,-0.00000,0.24311
3491.7068,0,0,21.03,0.00,29.90,-0.15704,0.00947,0.25767,,,,0,0,0.21961,-0.00098,0.06018,0.21953,-0.00098,0.06007,,,nan,0.00000,-0.20964,0.34636,1.43401,0.00000,1.00000,0.00000,-0.21000,0.34600,1.43400,0.00000,1.00000,16,0.18300,-0.04970,0.01494,0.18360,0.09820,0,0.99122,0.00000,-0.00000,-0.13221,,0,,,,,,,,,,,,,,,,,,,,,,,,,,,,,,,,,,,,,,,,,,,,,,,,,,,,,,,,,,,,,,,,,,,,,,,,,,,,,,,,,,,,,,,,,,,,,,,,,,,,,,,,,,,,,,,,,,,,,,,,,,,,,,,0,,,,,0.18360,0.09820,0.01994,0.97000,-0.00000,-0.00000,0.24311
3491.7355,0,0,16.58,0.00,25.23,-0.15704,0.00947,0.25767,,,,0,0,0.21961,-0.00098,0.06018,0.21953,-0.00098,0.06007,,,nan,0.00000,-0.20964,0.34636,1.43401,0.00000,1.00000,0.00000,-0.21000,0.34600,1.43400,0.00000,1.00000,16,0.18300,-0.04970,0.01494,0.18360,0.09820,0,0.99122,0.00000,0.00000,-0.13221,,0,,,,,,,,,,,,,,,,,,,,,,,,,,,,,,,,,,,,,,,,,,,,,,,,,,,,,,,,,,,,,,,,,,,,,,,,,,,,,,,,,,,,,,,,,,,,,,,,,,,,,,,,,,,,,,,,,,,,,,,,,,,,,,,0,,,,,0.18360,0.09820,0.01994,0.97000,0.00000,-0.00000,0.24311
3491.7732,0,0,22.72,0.00,33.57,-0.15704,0.00947,0.25767,,,,0,0,0.21961,-0.00098,0.06018,0.21953,-0.00098,0.06007,,,nan,0.00000,-0.20964,0.34636,1.43401,0.00000,1.00000,0.00000,-0.21000,0.34600,1.43400,0.00000,1.00000,16,0.18300,-0.04970,0.01494,0.18360,0.09820,0,0.99122,0.00000,0.00000,-0.13221,,0,,,,,,,,,,,,,,,,,,,,,,,,,,,,,,,,,,,,,,,,,,,,,,,,,,,,,,,,,,,,,,,,,,,,,,,,,,,,,,,,,,,,,,,,,,,,,,,,,,,,,,,,,,,,,,,,,,,,,,,,,,,,,,,0,,,,,0.18360,0.09820,0.01994,0.97000,-0.00000,0.00000,0.24311
3491.8069,0,0,22.98,0.00,29.51,-0.15704,0.00947,0.25767,,,,0,0,0.21961,-0.00098,0.06018,0.21953,-0.00098,0.06007,,,nan,0.00000,-0.20964,0.34636,1.43401,0.00000,1.00000,0.00000,-0.21000,0.34600,1.43400,0.00000,1.00000,16,0.18300,-0.04970,0.01494,0.18360,0.09820,0,0.99122,0.00000,-0.00000,-0.13221,,0,,,,,,,,,,,,,,,,,,,,,,,,,,,,,,,,,,,,,,,,,,,,,,,,,,,,,,,,,,,,,,,,,,,,,,,,,,,,,,,,,,,,,,,,,,,,,,,,,,,,,,,,,,,,,,,,,,,,,,,,,,,,,,,0,,,,,0.18360,0.09820,0.01994,0.97000,-0.00000,0.00000,0.24311
3491.8391,0,0,21.60,0.00,27.78,-0.15704,0.00947,0.25767,,,,0,0,0.21961,-0.00098,0.06018,0.21953,-0.00098,0.06007,,,nan,0.00000,-0.20964,0.34636,1.43401,0.00000,1.00000,0.00000,-0.21000,0.34600,1.43400,0.00000,1.00000,16,0.18300,-0.04970,0.01494,0.18360,0.09820,0,0.99122,0.00000,0.00000,-0.13221,,0,,,,,,,,,,,,,,,,,,,,,,,,,,,,,,,,,,,,,,,,,,,,,,,,,,,,,,,,,,,,,,,,,,,,,,,,,,,,,,,,,,,,,,,,,,,,,,,,,,,,,,,,,,,,,,,,,,,,,,,,,,,,,,,0,,,,,0.18360,0.09820,0.01994,0.97000,-0.00000,-0.00000,0.24311
3491.8696,0,0,19.35,0.00,26.00,-0.15704,0.00947,0.25767,,,,0,0,0.21961,-0.00098,0.06018,0.21953,-0.00098,0.06007,,,nan,0.00000,-0.20964,0.34636,1.43401,0.00000,1.00000,0.00000,-0.21000,0.34600,1.43400,0.00000,1.00000,16,0.18300,-0.04970,0.01494,0.18360,0.09820,0,0.99122,0.00000,0.00000,-0.13221,,0,,,,,,,,,,,,,,,,,,,,,,,,,,,,,,,,,,,,,,,,,,,,,,,,,,,,,,,,,,,,,,,,,,,,,,,,,,,,,,,,,,,,,,,,,,,,,,,,,,,,,,,,,,,,,,,,,,,,,,,,,,,,,,,0,,,,,0.18360,0.09820,0.01994,0.97000,0.00000,0.00000,0.24311
3491.9173,0,0,22.88,0.00,42.71,-0.15704,0.00947,0.25767,,,,0,0,0.21961,-0.00098,0.06018,0.21953,-0.00098,0.06007,,,nan,0.00000,-0.20964,0.34636,1.43401,0.00000,1.00000,0.00000,-0.21000,0.34600,1.43400,0.00000,1.00000,16,0.18300,-0.04970,0.01494,0.18360,0.09820,0,0.99122,-0.00000,0.00000,-0.13221,,0,,,,,,,,,,,,,,,,,,,,,,,,,,,,,,,,,,,,,,,,,,,,,,,,,,,,,,,,,,,,,,,,,,,,,,,,,,,,,,,,,,,,,,,,,,,,,,,,,,,,,,,,,,,,,,,,,,,,,,,,,,,,,,,0,,,,,0.18360,0.09820,0.01994,0.97000,0.00000,0.00000,0.24311
3491.9534,0,0,23.94,0.00,31.81,-0.15704,0.00947,0.25767,,,,0,0,0.21961,-0.00098,0.06018,0.21953,-0.00098,0.06007,,,nan,0.00000,-0.20964,0.34636,1.43401,0.00000,1.00000,0.00000,-0.21000,0.34600,1.43400,0.00000,1.00000,16,0.18300,-0.04970,0.01494,0.18360,0.09820,0,0.99122,-0.00000,0.00000,-0.13221,,0,,,,,,,,,,,,,,,,,,,,,,,,,,,,,,,,,,,,,,,,,,,,,,,,,,,,,,,,,,,,,,,,,,,,,,,,,,,,,,,,,,,,,,,,,,,,,,,,,,,,,,,,,,,,,,,,,,,,,,,,,,,,,,,0,,,,,0.18360,0.09820,0.01994,0.97000,0.00000,-0.00000,0.24311
3491.9965,0,0,27.62,0.00,38.65,-0.15704,0.00947,0.25767,,,,0,0,0.21961,-0.00098,0.06018,0.21953,-0.00098,0.06007,,,nan,0.00000,-0.20964,0.34636,1.43401,0.00000,1.00000,0.00000,-0.21000,0.34600,1.43400,0.00000,1.00000,16,0.18300,-0.04970,0.01494,0.18360,0.09820,0,0.99122,0.00000,0.00000,-0.13221,,0,,,,,,,,,,,,,,,,,,,,,,,,,,,,,,,,,,,,,,,,,,,,,,,,,,,,,,,,,,,,,,,,,,,,,,,,,,,,,,,,,,,,,,,,,,,,,,,,,,,,,,,,,,,,,,,,,,,,,,,,,,,,,,,0,,,,,0.18360,0.09820,0.01994,0.97000,0.00000,0.00000,0.24311
3492.0303,0,0,23.90,0.00,29.42,-0.15704,0.00947,0.25767,,,,0,0,0.21961,-0.00098,0.06018,0.21953,-0.00098,0.06007,,,nan,0.00000,-0.20964,0.34636,1.43401,0.00000,1.00000,0.00000,-0.21000,0.34600,1.43400,0.00000,1.00000,16,0.18300,-0.04970,0.01494,0.18360,0.09820,0,0.99122,0.00000,0.00000,-0.13221,,0,,,,,,,,,,,,,,,,,,,,,,,,,,,,,,,,,,,,,,,,,,,,,,,,,,,,,,,,,,,,,,,,,,,,,,,,,,,,,,,,,,,,,,,,,,,,,,,,,,,,,,,,,,,,,,,,,,,,,,,,,,,,,,,0,,,,,0.18360,0.09820,0.01994,0.97000,0.00000,-0.00000,0.24311
3492.0611,0,0,21.65,0.00,28.28,-0.15704,0.00947,0.25767,,,,0,0,0.21961,-0.00098,0.06018,0.21953,-0.00098,0.06007,,,nan,0.00000,-0.20964,0.34636,1.43401,0.00000,1.00000,0.00000,-0.21000,0.34600,1.43400,0.00000,1.00000,16,0.18300,-0.04970,0.01494,0.18360,0.09820,0,0.99122,0.00000,-0.00000,-0.13221,,0,,,,,,,,,,,,,,,,,,,,,,,,,,,,,,,,,,,,,,,,,,,,,,,,,,,,,,,,,,,,,,,,,,,,,,,,,,,,,,,,,,,,,,,,,,,,,,,,,,,,,,,,,,,,,,,,,,,,,,,,,,,,,,,0,,,,,0.18360,0.09820,0.01994,0.97000,0.00000,-0.00000,0.24311
3492.1160,0,0,32.01,0.00,45.36,-0.15704,0.00947,0.25767,,,,0,0,0.21961,-0.00098,0.06018,0.21953,-0.00098,0.06007,,,nan,0.00000,-0.20964,0.34636,1.43401,0.00000,1.00000,0.00000,-0.21000,0.34600,1.43400,0.00000,1.00000,16,0.18300,-0.04970,0.01494,0.18360,0.09820,0,0.99122,0.00000,-0.00000,-0.13221,,0,,,,,,,,,,,,,,,,,,,,,,,,,,,,,,,,,,,,,,,,,,,,,,,,,,,,,,,,,,,,,,,,,,,,,,,,,,,,,,,,,,,,,,,,,,,,,,,,,,,,,,,,,,,,,,,,,,,,,,,,,,,,,,,0,,,,,0.18360,0.09820,0.01994,0.97000,0.00000,0.00000,0.24311
3492.1516,0,0,21.40,0.00,29.17,-0.15704,0.00947,0.25767,,,,0,0,0.21961,-0.00098,0.06018,0.21953,-0.00098,0.06007,,,nan,0.00000,-0.20964,0.34636,1.43401,0.00000,1.00000,0.00000,-0.21000,0.34600,1.43400,0.00000,1.00000,16,0.18300,-0.04970,0.01494,0.18360,0.09820,0,0.99122,0.00000,-0.00000,-0.13221,,0,,,,,,,,,,,,,,,,,,,,,,,,,,,,,,,,,,,,,,,,,,,,,,,,,,,,,,,,,,,,,,,,,,,,,,,,,,,,,,,,,,,,,,,,,,,,,,,,,,,,,,,,,,,,,,,,,,,,,,,,,,,,,,,0,,,,,0.18360,0.09820,0.01994,0.97000,-0.00000,0.00000,0.24311
3492.1913,0,0,29.74,0.00,35.50,-0.15704,0.00947,0.25767,,,,0,0,0.21961,-0.00098,0.06018,0.21953,-0.00098,0.06007,,,nan,0.00000,-0.20964,0.34636,1.43401,0.00000,1.00000,0.00000,-0.21000,0.34600,1.43400,0.00000,1.00000,16,0.18300,-0.04970,0.01494,0.18360,0.09820,0,0.99122,0.00000,-0.00000,-0.13221,,0,,,,,,,,,,,,,,,,,,,,,,,,,,,,,,,,,,,,,,,,,,,,,,,,,,,,,,,,,,,,,,,,,,,,,,,,,,,,,,,,,,,,,,,,,,,,,,,,,,,,,,,,,,,,,,,,,,,,,,,,,,,,,,,0,,,,,0.18360,0.09820,0.01994,0.97000,0.00000,-0.00000,0.24311
3492.2272,0,0,24.55,0.00,32.93,-0.15704,0.00947,0.25767,,,,0,0,0.21961,-0.00098,0.06018,0.21953,-0.00098,0.06007,,,nan,0.00000,-0.20964,0.34636,1.43401,0.00000,1.00000,0.00000,-0.21000,0.34600,1.43400,0.00000,1.00000,16,0.18300,-0.04970,0.01494,0.18360,0.09820,0,0.99122,-0.00000,-0.00000,-0.13221,,0,,,,,,,,,,,,,,,,,,,,,,,,,,,,,,,,,,,,,,,,,,,,,,,,,,,,,,,,,,,,,,,,,,,,,,,,,,,,,,,,,,,,,,,,,,,,,,,,,,,,,,,,,,,,,,,,,,,,,,,,,,,,,,,0,,,,,0.18360,0.09820,0.01994,0.97000,0.00000,-0.00000,0.24311
3492.2743,0,0,32.21,0.00,43.18,-0.15704,0.00947,0.25767,,,,0,0,0.21961,-0.00098,0.06018,0.21953,-0.00098,0.06007,,,nan,0.00000,-0.20964,0.34636,1.43401,0.00000,1.00000,0.00000,-0.21000,0.34600,1.43400,0.00000,1.00000,16,0.18300,-0.04970,0.01494,0.18360,0.09820,0,0.99122,0.00000,0.00000,-0.13221,,0,,,,,,,,,,,,,,,,,,,,,,,,,,,,,,,,,,,,,,,,,,,,,,,,,,,,,,,,,,,,,,,,,,,,,,,,,,,,,,,,,,,,,,,,,,,,,,,,,,,,,,,,,,,,,,,,,,,,,,,,,,,,,,,0,,,,,0.18360,0.09820,0.01994,0.97000,0.00000,-0.00000,0.24311
3492.3391,0,0,50.21,0.00,60.34,-0.15704,0.00947,0.25767,,,,0,0,0.21961,-0.00098,0.06018,0.21953,-0.00098,0.06007,,,nan,0.00000,-0.20964,0.34636,1.43401,0.00000,1.00000,0.00000,-0.21000,0.34600,1.43400,0.00000,1.00000,16,0.18300,-0.04970,0.01494,0.18360,0.09820,0,0.99122,-0.00000,0.00000,-0.13221,,0,,,,,,,,,,,,,,,,,,,,,,,,,,,,,,,,,,,,,,,,,,,,,,,,,,,,,,,,,,,,,,,,,,,,,,,,,,,,,,,,,,,,,,,,,,,,,,,,,,,,,,,,,,,,,,,,,,,,,,,,,,,,,,,0,,,,,0.18360,0.09820,0.01994,0.97000,-0.00000,-0.00000,0.24311
3492.3878,0,0,38.58,0.00,44.80,-0.15704,0.00947,0.25767,,,,0,0,0.21961,-0.00098,0.06018,0.21953,-0.00098,0.06007,,,nan,0.00000,-0.20964,0.34636,1.43401,0.00000,1.00000,0.00000,-0.21000,0.34600,1.43400,0.00000,1.00000,16,0.18300,-0.04970,0.01494,0.18360,0.09820,0,0.99122,0.00000,-0.00000,-0.13221,,0,,,,,,,,,,,,,,,,,,,,,,,,,,,,,,,,,,,,,,,,,,,,,,,,,,,,,,,,,,,,,,,,,,,,,,,,,,,,,,,,,,,,,,,,,,,,,,,,,,,,,,,,,,,,,,,,,,,,,,,,,,,,,,,0,,,,,0.18360,0.09820,0.01994,0.97000,-0.00000,0.00000,0.24311
3492.4537,0,0,47.59,0.00,57.83,-0.15704,0.00947,0.25767,,,,0,0,0.21961,-0.00098,0.06018,0.21953,-0.00098,0.06007,,,nan,0.00000,-0.20964,0.34636,1.43401,0.00000,1.00000,0.00000,-0.21000,0.34600,1.43400,0.00000,1.00000,16,0.18300,-0.04970,0.01494,0.18360,0.09820,0,0.99122,-0.00000,0.00000,-0.13221,,0,,,,,,,,,,,,,,,,,,,,,,,,,,,,,,,,,,,,,,,,,,,,,,,,,,,,,,,,,,,,,,,,,,,,,,,,,,,,,,,,,,,,,,,,,,,,,,,,,,,,,,,,,,,,,,,,,,,,,,,,,,,,,,,0,,,,,0.18360,0.09820,0.01994,0.97000,-0.00000,-0.00000,0.24311
3492.4879,0,0,15.93,0.00,29.53,-0.15704,0.00947,0.25767,,,,0,0,0.21961,-0.00098,0.06018,0.21953,-0.00098,0.06007,,,nan,0.00000,-0.20964,0.34636,1.43401,0.00000,1.00000,0.00000,-0.21000,0.34600,1.43400,0.00000,1.00000,16,0.18300,-0.04970,0.01494,0.18360,0.09820,0,0.99122,-0.00000,0.00000,-0.13221,,0,,,,,,,,,,,,,,,,,,,,,,,,,,,,,,,,,,,,,,,,,,,,,,,,,,,,,,,,,,,,,,,,,,,,,,,,,,,,,,,,,,,,,,,,,,,,,,,,,,,,,,,,,,,,,,,,,,,,,,,,,,,,,,,0,,,,,0.18360,0.09820,0.01994,0.97000,-0.00000,-0.00000,0.24311
3492.5157,0,0,17.00,0.00,23.20,-0.15704,0.00947,0.25767,,,,0,0,0.21961,-0.00098,0.06018,0.21953,-0.00098,0.06007,,,nan,0.00000,-0.20964,0.34636,1.43401,0.00000,1.00000,0.00000,-0.21000,0.34600,1.43400,0.00000,1.00000,16,0.18300,-0.04970,0.01494,0.18360,0.09820,0,0.99122,-0.00000,0.00000,-0.13221,,0,,,,,,,,,,,,,,,,,,,,,,,,,,,,,,,,,,,,,,,,,,,,,,,,,,,,,,,,,,,,,,,,,,,,,,,,,,,,,,,,,,,,,,,,,,,,,,,,,,,,,,,,,,,,,,,,,,,,,,,,,,,,,,,0,,,,,0.18360,0.09820,0.01994,0.97000,0.00000,-0.00000,0.24311
3492.5430,0,0,16.64,0.00,23.27,-0.15704,0.00947,0.25767,,,,0,0,0.21961,-0.00098,0.06018,0.21953,-0.00098,0.06007,,,nan,0.00000,-0.20964,0.34636,1.43401,0.00000,1.00000,0.00000,-0.21000,0.34600,1.43400,0.00000,1.00000,16,0.18300,-0.04970,0.01494,0.18360,0.09820,0,0.99122,-0.00000,0.00000,-0.13221,,0,,,,,,,,,,,,,,,,,,,,,,,,,,,,,,,,,,,,,,,,,,,,,,,,,,,,,,,,,,,,,,,,,,,,,,,,,,,,,,,,,,,,,,,,,,,,,,,,,,,,,,,,,,,,,,,,,,,,,,,,,,,,,,,0,,,,,0.18360,0.09820,0.01994,0.97000,0.00000,-0.00000,0.24311
3492.5814,0,0,18.16,0.00,23.99,-0.15704,0.00947,0.25767,,,,0,0,0.21961,-0.00098,0.06018,0.21953,-0.00098,0.06007,,,nan,0.00000,-0.20964,0.34636,1.43401,0.00000,1.00000,0.00000,-0.21000,0.34600,1.43400,0.00000,1.00000,16,0.18300,-0.04970,0.01494,0.18360,0.09820,0,0.99122,0.00000,0.00000,-0.13221,,0,,,,,,,,,,,,,,,,,,,,,,,,,,,,,,,,,,,,,,,,,,,,,,,,,,,,,,,,,,,,,,,,,,,,,,,,,,,,,,,,,,,,,,,,,,,,,,,,,,,,,,,,,,,,,,,,,,,,,,,,,,,,,,,0,,,,,0.18360,0.09820,0.01994,0.97000,-0.00000,0.00000,0.24311
3492.6117,0,0,20.68,0.00,26.68,-0.15704,0.00947,0.25767,,,,0,0,0.21961,-0.00098,0.06018,0.21953,-0.00098,0.06007,,,nan,0.00000,-0.20964,0.34636,1.43401,0.00000,1.00000,0.00000,-0.21000,0.34600,1.43400,0.00000,1.00000,16,0.18300,-0.04970,0.01494,0.18360,0.09820,0,0.99122,-0.00000,0.00000,-0.13221,,0,,,,,,,,,,,,,,,,,,,,,,,,,,,,,,,,,,,,,,,,,,,,,,,,,,,,,,,,,,,,,,,,,,,,,,,,,,,,,,,,,,,,,,,,,,,,,,,,,,,,,,,,,,,,,,,,,,,,,,,,,,,,,,,0,,,,,0.18360,0.09820,0.01994,0.97000,-0.00000,-0.00000,0.24311
3492.6459,0,0,23.45,0.00,29.83,-0.15704,0.00947,0.25767,,,,0,0,0.21961,-0.00098,0.06018,0.21953,-0.00098,0.06007,,,nan,0.00000,-0.20964,0.34636,1.43401,0.00000,1.00000,0.00000,-0.21000,0.34600,1.43400,0.00000,1.00000,16,0.18300,-0.04970,0.01494,0.18360,0.09820,0,0.99122,-0.00000,-0.00000,-0.13221,,0,,,,,,,,,,,,,,,,,,,,,,,,,,,,,,,,,,,,,,,,,,,,,,,,,,,,,,,,,,,,,,,,,,,,,,,,,,,,,,,,,,,,,,,,,,,,,,,,,,,,,,,,,,,,,,,,,,,,,,,,,,,,,,,0,,,,,0.18360,0.09820,0.01994,0.97000,-0.00000,-0.00000,0.24311
3492.6738,0,0,17.22,0.00,23.66,-0.15704,0.00947,0.25767,,,,0,0,0.21961,-0.00098,0.06018,0.21953,-0.00098,0.06007,,,nan,0.00000,-0.20964,0.34636,1.43401,0.00000,1.00000,0.00000,-0.21000,0.34600,1.43400,0.00000,1.00000,16,0.18300,-0.04970,0.01494,0.18360,0.09820,0,0.99122,-0.00000,-0.00000,-0.13221,,0,,,,,,,,,,,,,,,,,,,,,,,,,,,,,,,,,,,,,,,,,,,,,,,,,,,,,,,,,,,,,,,,,,,,,,,,,,,,,,,,,,,,,,,,,,,,,,,,,,,,,,,,,,,,,,,,,,,,,,,,,,,,,,,0,,,,,0.18360,0.09820,0.01994,0.97000,0.00000,-0.00000,0.24311
3492.7005,0,0,17.11,0.00,22.84,-0.15704,0.00947,0.25767,,,,0,0,0.21961,-0.00098,0.06018,0.21953,-0.00098,0.06007,,,nan,0.00000,-0.20964,0.34636,1.43401,0.00000,1.00000,0.00000,-0.21000,0.34600,1.43400,0.00000,1.00000,16,0.18300,-0.04970,0.01494,0.18360,0.09820,0,0.99122,0.00000,-0.00000,-0.13221,,0,,,,,,,,,,,,,,,,,,,,,,,,,,,,,,,,,,,,,,,,,,,,,,,,,,,,,,,,,,,,,,,,,,,,,,,,,,,,,,,,,,,,,,,,,,,,,,,,,,,,,,,,,,,,,,,,,,,,,,,,,,,,,,,0,,,,,0.18360,0.09820,0.01994,0.97000,0.00000,-0.00000,0.24311
3492.7430,0,0,17.20,0.00,38.28,-0.15704,0.00947,0.25767,,,,0,0,0.21961,-0.00098,0.06018,0.21953,-0.00098,0.06007,,,nan,0.00000,-0.20964,0.34636,1.43401,0.00000,1.00000,0.00000,-0.21000,0.34600,1.43400,0.00000,1.00000,16,0.18300,-0.04970,0.01494,0.18360,0.09820,0,0.99122,-0.00000,-0.00000,-0.13221,,0,,,,,,,,,,,,,,,,,,,,,,,,,,,,,,,,,,,,,,,,,,,,,,,,,,,,,,,,,,,,,,,,,,,,,,,,,,,,,,,,,,,,,,,,,,,,,,,,,,,,,,,,,,,,,,,,,,,,,,,,,,,,,,,0,,,,,0.18360,0.09820,0.01994,0.97000,0.00000,-0.00000,0.24311
3492.7790,0,0,20.43,0.00,32.13,-0.15704,0.00947,0.25767,,,,0,0,0.21961,-0.00098,0.06018,0.21953,-0.00098,0.06007,,,nan,0.00000,-0.20964,0.34636,1.43401,0.00000,1.00000,0.00000,-0.21000,0.34600,1.43400,0.00000,1.00000,16,0.18300,-0.04970,0.01494,0.18360,0.09820,0,0.99122,0.00000,-0.00000,-0.13221,,0,,,,,,,,,,,,,,,,,,,,,,,,,,,,,,,,,,,,,,,,,,,,,,,,,,,,,,,,,,,,,,,,,,,,,,,,,,,,,,,,,,,,,,,,,,,,,,,,,,,,,,,,,,,,,,,,,,,,,,,,,,,,,,,0,,,,,0.18360,0.09820,0.01994,0.97000,-0.00000,-0.00000,0.24311
3492.8081,0,0,16.85,0.00,25.19,-0.15704,0.00947,0.25767,,,,0,0,0.21961,-0.00098,0.06018,0.21953,-0.00098,0.06007,,,nan,0.00000,-0.20964,0.34636,1.43401,0.00000,1.00000,0.00000,-0.21000,0.34600,1.43400,0.00000,1.00000,16,0.18300,-0.04970,0.01494,0.18360,0.09820,0,0.99122,0.00000,-0.00000,-0.13221,,0,,,,,,,,,,,,,,,,,,,,,,,,,,,,,,,,,,,,,,,,,,,,,,,,,,,,,,,,,,,,,,,,,,,,,,,,,,,,,,,,,,,,,,,,,,,,,,,,,,,,,,,,,,,,,,,,,,,,,,,,,,,,,,,0,,,,,0.18360,0.09820,0.01994,0.97000,-0.00000,0.00000,0.24311
3492.8404,0,0,17.00,0.00,28.54,-0.15704,0.00947,0.25767,,,,0,0,0.21961,-0.00098,0.06018,0.21953,-0.00098,0.06007,,,nan,0.00000,-0.20964,0.34636,1.43401,0.00000,1.00000,0.00000,-0.21000,0.34600,1.43400,0.00000,1.00000,16,0.18300,-0.04970,0.01494,0.18360,0.09820,0,0.99122,0.00000,-0.00000,-0.13221,,0,,,,,,,,,,,,,,,,,,,,,,,,,,,,,,,,,,,,,,,,,,,,,,,,,,,,,,,,,,,,,,,,,,,,,,,,,,,,,,,,,,,,,,,,,,,,,,,,,,,,,,,,,,,,,,,,,,,,,,,,,,,,,,,0,,,,,0.18360,0.09820,0.01994,0.97000,-0.00000,0.00000,0.24311
3492.8717,0,0,15.79,0.00,27.85,-0.15704,0.00947,0.25767,,,,0,0,0.21961,-0.00098,0.06018,0.21953,-0.00098,0.06007,,,nan,0.00000,-0.20964,0.34636,1.43401,0.00000,1.00000,0.00000,-0.21000,0.34600,1.43400,0.00000,1.00000,16,0.18300,-0.04970,0.01494,0.18360,0.09820,0,0.99122,0.00000,-0.00000,-0.13221,,0,,,,,,,,,,,,,,,,,,,,,,,,,,,,,,,,,,,,,,,,,,,,,,,,,,,,,,,,,,,,,,,,,,,,,,,,,,,,,,,,,,,,,,,,,,,,,,,,,,,,,,,,,,,,,,,,,,,,,,,,,,,,,,,0,,,,,0.18360,0.09820,0.01994,0.97000,0.00000,-0.00000,0.24311
3492.9073,0,0,21.08,0.00,31.59,-0.15704,0.00947,0.25767,,,,0,0,0.21961,-0.00098,0.06018,0.21953,-0.00098,0.06007,,,nan,0.00000,-0.20964,0.34636,1.43401,0.00000,1.00000,0.00000,-0.21000,0.34600,1.43400,0.00000,1.00000,16,0.18300,-0.04970,0.01494,0.18360,0.09820,0,0.99122,0.00000,-0.00000,-0.13221,,0,,,,,,,,,,,,,,,,,,,,,,,,,,,,,,,,,,,,,,,,,,,,,,,,,,,,,,,,,,,,,,,,,,,,,,,,,,,,,,,,,,,,,,,,,,,,,,,,,,,,,,,,,,,,,,,,,,,,,,,,,,,,,,,0,,,,,0.18360,0.09820,0.01994,0.97000,-0.00000,-0.00000,0.24311
3492.9410,0,0,22.97,0.00,30.01,-0.15704,0.00947,0.25767,,,,0,0,0.21961,-0.00098,0.06018,0.21953,-0.00098,0.06007,,,nan,0.00000,-0.20964,0.34636,1.43401,0.00000,1.00000,0.00000,-0.21000,0.34600,1.43400,0.00000,1.00000,16,0.18300,-0.04970,0.01494,0.18360,0.09820,0,0.99122,0.00000,0.00000,-0.13221,,0,,,,,,,,,,,,,,,,,,,,,,,,,,,,,,,,,,,,,,,,,,,,,,,,,,,,,,,,,,,,,,,,,,,,,,,,,,,,,,,,,,,,,,,,,,,,,,,,,,,,,,,,,,,,,,,,,,,,,,,,,,,,,,,0,,,,,0.18360,0.09820,0.01994,0.97000,0.00000,-0.00000,0.24311
3492.9709,0,0,19.72,0.00,26.44,-0.15704,0.00947,0.25767,,,,0,0,0.21961,-0.00098,0.06018,0.21953,-0.00098,0.06007,,,nan,0.00000,-0.20964,0.34636,1.43401,0.00000,1.00000,0.00000,-0.21000,0.34600,1.43400,0.00000,1.00000,16,0.18300,-0.04970,0.01494,0.18360,0.09820,0,0.99122,0.00000,0.00000,-0.13221,,0,,,,,,,,,,,,,,,,,,,,,,,,,,,,,,,,,,,,,,,,,,,,,,,,,,,,,,,,,,,,,,,,,,,,,,,,,,,,,,,,,,,,,,,,,,,,,,,,,,,,,,,,,,,,,,,,,,,,,,,,,,,,,,,0,,,,,0.18360,0.09820,0.01994,0.97000,0.00000,-0.00000,0.24311
3493.0036,0,0,20.38,0.00,28.17,-0.15704,0.00947,0.25767,,,,0,0,0.21961,-0.00098,0.06018,0.21953,-0.00098,0.06007,,,nan,0.00000,-0.20964,0.34636,1.43401,0.00000,1.00000,0.00000,-0.21000,0.34600,1.43400,0.00000,1.00000,16,0.18300,-0.04970,0.01494,0.18360,0.09820,0,0.99122,0.00000,0.00000,-0.13221,,0,,,,,,,,,,,,,,,,,,,,,,,,,,,,,,,,,,,,,,,,,,,,,,,,,,,,,,,,,,,,,,,,,,,,,,,,,,,,,,,,,,,,,,,,,,,,,,,,,,,,,,,,,,,,,,,,,,,,,,,,,,,,,,,0,,,,,0.18360,0.09820,0.01994,0.97000,0.00000,-0.00000,0.24311
3493.0330,0,0,19.45,0.00,26.65,-0.15704,0.00947,0.25767,,,,0,0,0.21961,-0.00098,0.06018,0.21953,-0.00098,0.06007,,,nan,0.00000,-0.20964,0.34636,1.43401,0.00000,1.00000,0.00000,-0.21000,0.34600,1.43400,0.00000,1.00000,16,0.18300,-0.04970,0.01494,0.18360,0.09820,0,0.99122,0.00000,0.00000,-0.13221,,0,,,,,,,,,,,,,,,,,,,,,,,,,,,,,,,,,,,,,,,,,,,,,,,,,,,,,,,,,,,,,,,,,,,,,,,,,,,,,,,,,,,,,,,,,,,,,,,,,,,,,,,,,,,,,,,,,,,,,,,,,,,,,,,0,,,,,0.18360,0.09820,0.01994,0.97000,0.00000,-0.00000,0.24311
3493.0657,0,0,19.06,0.00,28.71,-0.15704,0.00947,0.25767,,,,0,0,0.21961,-0.00098,0.06018,0.21953,-0.00098,0.06007,,,nan,0.00000,-0.20964,0.34636,1.43401,0.00000,1.00000,0.00000,-0.21000,0.34600,1.43400,0.00000,1.00000,16,0.18300,-0.04970,0.01494,0.18360,0.09820,0,0.99122,0.00000,-0.00000,-0.13221,,0,,,,,,,,,,,,,,,,,,,,,,,,,,,,,,,,,,,,,,,,,,,,,,,,,,,,,,,,,,,,,,,,,,,,,,,,,,,,,,,,,,,,,,,,,,,,,,,,,,,,,,,,,,,,,,,,,,,,,,,,,,,,,,,0,,,,,0.18360,0.09820,0.01994,0.97000,0.00000,0.00000,0.24311
3493.0956,0,0,16.76,0.00,25.74,-0.15704,0.00947,0.25767,,,,0,0,0.21961,-0.00098,0.06018,0.21953,-0.00098,0.06007,,,nan,0.00000,-0.20964,0.34636,1.43401,0.00000,1.00000,0.00000,-0.21000,0.34600,1.43400,0.00000,1.00000,16,0.18300,-0.04970,0.01494,0.18360,0.09820,0,0.99122,-0.00000,0.00000,-0.13221,,0,,,,,,,,,,,,,,,,,,,,,,,,,,,,,,,,,,,,,,,,,,,,,,,,,,,,,,,,,,,,,,,,,,,,,,,,,,,,,,,,,,,,,,,,,,,,,,,,,,,,,,,,,,,,,,,,,,,,,,,,,,,,,,,0,,,,,0.18360,0.09820,0.01994,0.97000,0.00000,0.00000,0.24311
3493.1380,0,0,19.68,0.00,38.23,-0.15704,0.00947,0.25767,,,,0,0,0.21961,-0.00098,0.06018,0.21953,-0.00098,0.06007,,,nan,0.00000,-0.20964,0.34636,1.43401,0.00000,1.00000,0.00000,-0.21000,0.34600,1.43400,0.00000,1.00000,16,0.18300,-0.04970,0.01494,0.18360,0.09820,0,0.99122,-0.00000,0.00000,-0.13221,,0,,,,,,,,,,,,,,,,,,,,,,,,,,,,,,,,,,,,,,,,,,,,,,,,,,,,,,,,,,,,,,,,,,,,,,,,,,,,,,,,,,,,,,,,,,,,,,,,,,,,,,,,,,,,,,,,,,,,,,,,,,,,,,,0,,,,,0.18360,0.09820,0.01994,0.97000,-0.00000,0.00000,0.24311
3493.1759,0,0,17.37,0.00,34.51,-0.15704,0.00947,0.25767,,,,0,0,0.21961,-0.00098,0.06018,0.21953,-0.00098,0.06007,,,nan,0.00000,-0.20964,0.34636,1.43401,0.00000,1.00000,0.00000,-0.21000,0.34600,1.43400,0.00000,1.00000,16,0.18300,-0.04970,0.01494,0.18360,0.09820,0,0.99122,0.00000,0.00000,-0.13221,,0,,,,,,,,,,,,,,,,,,,,,,,,,,,,,,,,,,,,,,,,,,,,,,,,,,,,,,,,,,,,,,,,,,,,,,,,,,,,,,,,,,,,,,,,,,,,,,,,,,,,,,,,,,,,,,,,,,,,,,,,,,,,,,,0,,,,,0.18360,0.09820,0.01994,0.97000,0.00000,0.00000,0.24311
3493.2077,0,0,16.74,0.00,27.75,-0.15704,0.00947,0.25767,,,,0,0,0.21961,-0.00098,0.06018,0.21953,-0.00098,0.06007,,,nan,0.00000,-0.20964,0.34636,1.43401,0.00000,1.00000,0.00000,-0.21000,0.34600,1.43400,0.00000,1.00000,16,0.18300,-0.04970,0.01494,0.18360,0.09820,0,0.99122,0.00000,0.00000,-0.13221,,0,,,,,,,,,,,,,,,,,,,,,,,,,,,,,,,,,,,,,,,,,,,,,,,,,,,,,,,,,,,,,,,,,,,,,,,,,,,,,,,,,,,,,,,,,,,,,,,,,,,,,,,,,,,,,,,,,,,,,,,,,,,,,,,0,,,,,0.18360,0.09820,0.01994,0.97000,0.00000,0.00000,0.24311
3493.2396,0,0,17.20,0.00,28.46,-0.15704,0.00947,0.25767,,,,0,0,0.21961,-0.00098,0.06018,0.21953,-0.00098,0.06007,,,nan,0.00000,-0.20964,0.34636,1.43401,0.00000,1.00000,0.00000,-0.21000,0.34600,1.43400,0.00000,1.00000,16,0.18300,-0.04970,0.01494,0.18360,0.09820,0,0.99122,0.00000,0.00000,-0.13221,,0,,,,,,,,,,,,,,,,,,,,,,,,,,,,,,,,,,,,,,,,,,,,,,,,,,,,,,,,,,,,,,,,,,,,,,,,,,,,,,,,,,,,,,,,,,,,,,,,,,,,,,,,,,,,,,,,,,,,,,,,,,,,,,,0,,,,,0.18360,0.09820,0.01994,0.97000,0.00000,0.00000,0.24311
3493.2739,0,0,18.38,0.00,30.10,-0.15704,0.00947,0.25767,,,,0,0,0.21961,-0.00098,0.06018,0.21953,-0.00098,0.06007,,,nan,0.00000,-0.20964,0.34636,1.43401,0.00000,1.00000,0.00000,-0.21000,0.34600,1.43400,0.00000,1.00000,16,0.18300,-0.04970,0.01494,0.18360,0.09820,0,0.99122,0.00000,0.00000,-0.13221,,0,,,,,,,,,,,,,,,,,,,,,,,,,,,,,,,,,,,,,,,,,,,,,,,,,,,,,,,,,,,,,,,,,,,,,,,,,,,,,,,,,,,,,,,,,,,,,,,,,,,,,,,,,,,,,,,,,,,,,,,,,,,,,,,0,,,,,0.18360,0.09820,0.01994,0.97000,-0.00000,0.00000,0.24311
3493.3052,0,0,18.52,0.00,26.84,-0.15704,0.00947,0.25767,,,,0,0,0.21961,-0.00098,0.06018,0.21953,-0.00098,0.06007,,,nan,0.00000,-0.20964,0.34636,1.43401,0.00000,1.00000,0.00000,-0.21000,0.34600,1.43400,0.00000,1.00000,16,0.18300,-0.04970,0.01494,0.18360,0.09820,0,0.99122,-0.00000,-0.00000,-0.13221,,0,,,,,,,,,,,,,,,,,,,,,,,,,,,,,,,,,,,,,,,,,,,,,,,,,,,,,,,,,,,,,,,,,,,,,,,,,,,,,,,,,,,,,,,,,,,,,,,,,,,,,,,,,,,,,,,,,,,,,,,,,,,,,,,0,,,,,0.18360,0.09820,0.01994,0.97000,-0.00000,0.00000,0.24311
3493.3405,0,0,21.30,0.00,30.86,-0.15704,0.00947,0.25767,,,,0,0,0.21961,-0.00098,0.06018,0.21953,-0.00098,0.06007,,,nan,0.00000,-0.20964,0.34636,1.43401,0.00000,1.00000,0.00000,-0.21000,0.34600,1.43400,0.00000,1.00000,16,0.18300,-0.04970,0.01494,0.18360,0.09820,0,0.99122,-0.00000,0.00000,-0.13221,,0,,,,,,,,,,,,,,,,,,,,,,,,,,,,,,,,,,,,,,,,,,,,,,,,,,,,,,,,,,,,,,,,,,,,,,,,,,,,,,,,,,,,,,,,,,,,,,,,,,,,,,,,,,,,,,,,,,,,,,,,,,,,,,,0,,,,,0.18360,0.09820,0.01994,0.97000,-0.00000,0.00000,0.24311
3493.3730,0,0,22.31,0.00,29.48,-0.15704,0.00947,0.25767,,,,0,0,0.21961,-0.00098,0.06018,0.21953,-0.00098,0.06007,,,nan,0.00000,-0.20964,0.34636,1.43401,0.00000,1.00000,0.00000,-0.21000,0.34600,1.43400,0.00000,1.00000,16,0.18300,-0.04970,0.01494,0.18360,0.09820,0,0.99122,-0.00000,0.00000,-0.13221,,0,,,,,,,,,,,,,,,,,,,,,,,,,,,,,,,,,,,,,,,,,,,,,,,,,,,,,,,,,,,,,,,,,,,,,,,,,,,,,,,,,,,,,,,,,,,,,,,,,,,,,,,,,,,,,,,,,,,,,,,,,,,,,,,0,,,,,0.18360,0.09820,0.01994,0.97000,-0.00000,0.00000,0.24311
3493.3991,0,0,16.91,0.00,23.01,-0.15704,0.00947,0.25767,,,,0,0,0.21961,-0.00098,0.06018,0.21953,-0.00098,0.06007,,,nan,0.00000,-0.20964,0.34636,1.43401,0.00000,1.00000,0.00000,-0.21000,0.34600,1.43400,0.00000,1.00000,16,0.18300,-0.04970,0.01494,0.18360,0.09820,0,0.99122,-0.00000,0.00000,-0.13221,,0,,,,,,,,,,,,,,,,,,,,,,,,,,,,,,,,,,,,,,,,,,,,,,,,,,,,,,,,,,,,,,,,,,,,,,,,,,,,,,,,,,,,,,,,,,,,,,,,,,,,,,,,,,,,,,,,,,,,,,,,,,,,,,,0,,,,,0.18360,0.09820,0.01994,0.97000,-0.00000,0.00000,0.24311
3493.4338,0,0,18.64,0.00,30.84,-0.15704,0.00947,0.25767,,,,0,0,0.21961,-0.00098,0.06018,0.21953,-0.00098,0.06007,,,nan,0.00000,-0.20964,0.34636,1.43401,0.00000,1.00000,0.00000,-0.21000,0.34600,1.43400,0.00000,1.00000,16,0.18300,-0.04970,0.01494,0.18360,0.09820,0,0.99122,-0.00000,0.00000,-0.13221,,0,,,,,,,,,,,,,,,,,,,,,,,,,,,,,,,,,,,,,,,,,,,,,,,,,,,,,,,,,,,,,,,,,,,,,,,,,,,,,,,,,,,,,,,,,,,,,,,,,,,,,,,,,,,,,,,,,,,,,,,,,,,,,,,0,,,,,0.18360,0.09820,0.01994,0.97000,-0.00000,0.00000,0.24311
3493.4654,0,0,19.30,0.00,27.80,-0.15704,0.00947,0.25767,,,,0,0,0.21961,-0.00098,0.06018,0.21953,-0.00098,0.06007,,,nan,0.00000,-0.20964,0.34636,1.43401,0.00000,1.00000,0.00000,-0.21000,0.34600,1.43400,0.00000,1.00000,16,0.18300,-0.04970,0.01494,0.18360,0.09820,0,0.99122,-0.00000,0.00000,-0.13221,,0,,,,,,,,,,,,,,,,,,,,,,,,,,,,,,,,,,,,,,,,,,,,,,,,,,,,,,,,,,,,,,,,,,,,,,,,,,,,,,,,,,,,,,,,,,,,,,,,,,,,,,,,,,,,,,,,,,,,,,,,,,,,,,,0,,,,,0.18360,0.09820,0.01994,0.97000,0.00000,0.00000,0.24311
3493.5015,0,0,22.84,0.00,31.99,-0.15704,0.00947,0.25767,,,,0,0,0.21961,-0.00098,0.06018,0.21953,-0.00098,0.06007,,,nan,0.00000,-0.20964,0.34636,1.43401,0.00000,1.00000,0.00000,-0.21000,0.34600,1.43400,0.00000,1.00000,16,0.18300,-0.04970,0.01494,0.18360,0.09820,0,0.99122,-0.00000,0.00000,-0.13221,,0,,,,,,,,,,,,,,,,,,,,,,,,,,,,,,,,,,,,,,,,,,,,,,,,,,,,,,,,,,,,,,,,,,,,,,,,,,,,,,,,,,,,,,,,,,,,,,,,,,,,,,,,,,,,,,,,,,,,,,,,,,,,,,,0,,,,,0.18360,0.09820,0.01994,0.97000,0.00000,-0.00000,0.24311
3493.5291,0,0,17.31,0.00,22.94,-0.15704,0.00947,0.25767,,,,0,0,0.21961,-0.00098,0.06018,0.21953,-0.00098,0.06007,,,nan,0.00000,-0.20964,0.34636,1.43401,0.00000,1.00000,0.00000,-0.21000,0.34600,1.43400,0.00000,1.00000,16,0.18300,-0.04970,0.01494,0.18360,0.09820,0,0.99122,-0.00000,0.00000,-0.13221,,0,,,,,,,,,,,,,,,,,,,,,,,,,,,,,,,,,,,,,,,,,,,,,,,,,,,,,,,,,,,,,,,,,,,,,,,,,,,,,,,,,,,,,,,,,,,,,,,,,,,,,,,,,,,,,,,,,,,,,,,,,,,,,,,0,,,,,0.18360,0.09820,0.01994,0.97000,0.00000,-0.00000,0.24311
3493.5884,0,0,30.24,0.00,55.24,-0.15704,0.00947,0.25767,,,,0,0,0.21961,-0.00098,0.06018,0.21953,-0.00098,0.06007,,,nan,0.00000,-0.20964,0.34636,1.43401,0.00000,1.00000,0.00000,-0.21000,0.34600,1.43400,0.00000,1.00000,16,0.18300,-0.04970,0.01494,0.18360,0.09820,0,0.99122,-0.00000,0.00000,-0.13221,,0,,,,,,,,,,,,,,,,,,,,,,,,,,,,,,,,,,,,,,,,,,,,,,,,,,,,,,,,,,,,,,,,,,,,,,,,,,,,,,,,,,,,,,,,,,,,,,,,,,,,,,,,,,,,,,,,,,,,,,,,,,,,,,,0,,,,,0.18360,0.09820,0.01994,0.97000,-0.00000,0.00000,0.24311
3493.6190,0,0,19.73,0.00,26.61,-0.15704,0.00947,0.25767,,,,0,0,0.21961,-0.00098,0.06018,0.21953,-0.00098,0.06007,,,nan,0.00000,-0.20964,0.34636,1.43401,0.00000,1.00000,0.00000,-0.21000,0.34600,1.43400,0.00000,1.00000,16,0.18300,-0.04970,0.01494,0.18360,0.09820,0,0.99122,0.00000,0.00000,-0.13221,,0,,,,,,,,,,,,,,,,,,,,,,,,,,,,,,,,,,,,,,,,,,,,,,,,,,,,,,,,,,,,,,,,,,,,,,,,,,,,,,,,,,,,,,,,,,,,,,,,,,,,,,,,,,,,,,,,,,,,,,,,,,,,,,,0,,,,,0.18360,0.09820,0.01994,0.97000,-0.00000,-0.00000,0.24311
3493.6622,0,0,33.40,0.00,39.10,-0.15704,0.00947,0.25767,,,,0,0,0.21961,-0.00098,0.06018,0.21953,-0.00098,0.06007,,,nan,0.00000,-0.20964,0.34636,1.43401,0.00000,1.00000,0.00000,-0.21000,0.34600,1.43400,0.00000,1.00000,16,0.18300,-0.04970,0.01494,0.18360,0.09820,0,0.99122,0.00000,-0.00000,-0.13221,,0,,,,,,,,,,,,,,,,,,,,,,,,,,,,,,,,,,,,,,,,,,,,,,,,,,,,,,,,,,,,,,,,,,,,,,,,,,,,,,,,,,,,,,,,,,,,,,,,,,,,,,,,,,,,,,,,,,,,,,,,,,,,,,,0,,,,,0.18360,0.09820,0.01994,0.97000,-0.00000,-0.00000,0.24311
3493.7078,0,0,35.25,0.00,41.38,-0.15704,0.00947,0.25767,,,,0,0,0.21961,-0.00098,0.06018,0.21953,-0.00098,0.06007,,,nan,0.00000,-0.20964,0.34636,1.43401,0.00000,1.00000,0.00000,-0.21000,0.34600,1.43400,0.00000,1.00000,16,0.18300,-0.04970,0.01494,0.18360,0.09820,0,0.99122,0.00000,-0.00000,-0.13221,,0,,,,,,,,,,,,,,,,,,,,,,,,,,,,,,,,,,,,,,,,,,,,,,,,,,,,,,,,,,,,,,,,,,,,,,,,,,,,,,,,,,,,,,,,,,,,,,,,,,,,,,,,,,,,,,,,,,,,,,,,,,,,,,,0,,,,,0.18360,0.09820,0.01994,0.97000,-0.00000,-0.00000,0.24311
3493.7564,0,1,38.65,0.00,44.87,0.11704,0.12668,0.47041,1.34903,0.47041,0.6778,0,0,0.21961,-0.00098,0.06018,0.21953,-0.00098,0.06007,,,0.47041,0.00000,-0.20964,0.34636,1.43401,0.00000,1.00000,0.00000,-0.21000,0.34600,1.43400,0.00000,1.00000,16,0.18300,-0.04970,0.01494,0.18360,0.09820,0,0.99122,-0.00000,-0.00000,-0.13221,Left,0,434.87,390.73,464.82,395.85,499.94,394.30,526.88,384.73,538.23,372.58,486.16,402.18,515.64,390.66,534.09,377.54,546.81,366.02,472.11,393.07,497.55,380.43,518.94,370.15,531.85,362.62,455.88,384.40,476.92,373.72,494.67,366.83,507.45,362.14,440.48,375.93,454.64,370.47,466.22,366.37,475.73,363.67,-0.00000,-0.01551,-0.04599,-0.07785,-0.11374,-0.07335,-0.10998,-0.13641,-0.15295,-0.08230,-0.11445,-0.12782,-0.13890,-0.08953,-0.11645,-0.11933,-0.12088,-0.09745,-0.11372,-0.11071,-0.10953,-0.03386,-0.00640,0.08097,-0.00405,0.00219,0.06807,0.01419,-0.00250,0.05665,0.04258,-0.00620,0.04156,0.04914,-0.01681,0.02605,0.01689,0.00963,0.00461,0.03214,0.00523,-0.00660,0.04338,-0.00371,-0.00733,0.05148,-0.02051,-0.00395,0.00514,0.00466,-0.00030,0.00774,-0.00191,-0.02053,0.02633,-0.01005,-0.01986,0.03206,-0.01674,-0.00520,-0.01063,-0.00354,-0.00481,-0.00041,-0.00852,-0.01465,0.01149,-0.01136,-0.01685,0.01958,-0.01827,-0.00493,-0.02248,-0.01154,0.00331,-0.01688,-0.01305,-0.00513,-0.00839,-0.01718,-0.00478,-0.00228,-0.01510,0.00267,0,,,,,0.18360,0.09820,0.01994,0.97000,-0.00000,-0.00000,0.24311
3493.7823,0,0,17.06,0.00,22.28,0.11704,0.12668,0.47041,,,,0,0,0.21961,-0.00098,0.06018,0.21953,-0.00098,0.06007,,,nan,0.00000,-0.20964,0.34636,1.43401,0.00000,1.00000,0.00000,-0.21000,0.34600,1.43400,0.00000,1.00000,16,0.18300,-0.04970,0.01494,0.18360,0.09820,0,0.99122,0.00000,0.00000,-0.13221,,0,,,,,,,,,,,,,,,,,,,,,,,,,,,,,,,,,,,,,,,,,,,,,,,,,,,,,,,,,,,,,,,,,,,,,,,,,,,,,,,,,,,,,,,,,,,,,,,,,,,,,,,,,,,,,,,,,,,,,,,,,,,,,,,0,,,,,0.18360,0.09820,0.01994,0.97000,-0.00000,-0.00000,0.24311
3493.8249,0,0,31.63,0.00,38.66,0.11704,0.12668,0.47041,,,,0,0,0.21961,-0.00098,0.06018,0.21953,-0.00098,0.06007,,,nan,0.00000,-0.20964,0.34636,1.43401,0.00000,1.00000,0.00000,-0.21000,0.34600,1.43400,0.00000,1.00000,16,0.18300,-0.04970,0.01494,0.18360,0.09820,0,0.99122,-0.00000,-0.00000,-0.13221,,0,,,,,,,,,,,,,,,,,,,,,,,,,,,,,,,,,,,,,,,,,,,,,,,,,,,,,,,,,,,,,,,,,,,,,,,,,,,,,,,,,,,,,,,,,,,,,,,,,,,,,,,,,,,,,,,,,,,,,,,,,,,,,,,0,,,,,0.18360,0.09820,0.01994,0.97000,0.00000,-0.00000,0.24311
3493.8679,0,0,32.33,0.00,38.66,0.11704,0.12668,0.47041,,,,0,0,0.21961,-0.00098,0.06018,0.21953,-0.00098,0.06007,,,nan,0.00000,-0.20964,0.34636,1.43401,0.00000,1.00000,0.00000,-0.21000,0.34600,1.43400,0.00000,1.00000,16,0.18300,-0.04970,0.01494,0.18360,0.09820,0,0.99122,-0.00000,0.00000,-0.13221,,0,,,,,,,,,,,,,,,,,,,,,,,,,,,,,,,,,,,,,,,,,,,,,,,,,,,,,,,,,,,,,,,,,,,,,,,,,,,,,,,,,,,,,,,,,,,,,,,,,,,,,,,,,,,,,,,,,,,,,,,,,,,,,,,0,,,,,0.18360,0.09820,0.01994,0.97000,0.00000,-0.00000,0.24311
3493.9146,0,1,35.87,0.00,42.08,0.11704,0.12668,0.47041,0.98335,7.59729,1.9546,1,0,0.21961,-0.00098,0.06018,0.21953,-0.00098,0.06007,,,0.98335,0.00000,-0.20964,0.34636,1.43401,0.00000,1.00000,0.00000,-0.21000,0.34600,1.43400,0.00000,1.00000,16,0.18300,-0.04970,0.01494,0.18360,0.09820,0,0.99122,0.00000,-0.00000,-0.13221,Left,0,349.68,376.79,361.93,368.39,376.76,365.74,389.97,368.93,401.67,371.58,401.21,375.91,421.81,373.71,436.30,373.74,448.61,374.44,402.39,376.75,423.85,373.12,438.51,373.45,451.95,374.90,402.23,375.25,422.83,372.63,436.85,372.72,449.11,373.77,401.29,372.50,418.83,371.55,430.48,371.73,440.93,372.73,0.00000,-0.01081,-0.01676,-0.02196,-0.02615,-0.00381,-0.01095,-0.01826,-0.02374,-0.00403,-0.01055,-0.01627,-0.02051,-0.00632,-0.01297,-0.01633,-0.01839,-0.01003,-0.01552,-0.01738,-0.01833,-0.08876,-0.00501,-0.00785,-0.06808,-0.00708,0.00960,-0.04558,-0.00594,0.02725,-0.02267,-0.00177,0.04845,0.00112,0.00117,0.06908,-0.00078,0.00113,0.01933,0.02261,0.00067,0.02202,0.04581,-0.00003,0.02241,0.07334,-0.00200,0.01318,0.00360,-0.00022,0.00604,0.03254,0.00149,0.00266,0.05589,-0.00194,-0.00058,0.08574,0.00150,0.00111,0.00330,-0.00184,-0.01340,0.02457,-0.00152,-0.01826,0.04785,-0.00168,-0.01906,0.07358,0.00140,-0.01918,-0.00688,-0.00780,-0.02616,0.01249,-0.00375,-0.02992,0.03601,-0.00341,-0.03273,0.05590,-0.00062,-0.03487,0,,,,,0.18360,0.09820,0.01994,0.97000,-0.00000,0.00000,0.24311
3493.9407,0,0,14.75,0.00,20.42,0.11704,0.12668,0.47041,,,,0,0,0.21961,-0.00098,0.06018,0.21953,-0.00098,0.06007,,,nan,0.00000,-0.20964,0.34636,1.43401,0.00000,1.00000,0.00000,-0.21000,0.34600,1.43400,0.00000,1.00000,16,0.18300,-0.04970,0.01494,0.18360,0.09820,0,0.99122,0.00000,0.00000,-0.13221,,0,,,,,,,,,,,,,,,,,,,,,,,,,,,,,,,,,,,,,,,,,,,,,,,,,,,,,,,,,,,,,,,,,,,,,,,,,,,,,,,,,,,,,,,,,,,,,,,,,,,,,,,,,,,,,,,,,,,,,,,,,,,,,,,0,,,,,0.18360,0.09820,0.01994,0.97000,-0.00000,-0.00000,0.24311
3493.9888,0,0,37.29,0.00,44.45,0.11704,0.12668,0.47041,,,,0,0,0.21961,-0.00098,0.06018,0.21953,-0.00098,0.06007,,,nan,0.00000,-0.20964,0.34636,1.43401,0.00000,1.00000,0.00000,-0.21000,0.34600,1.43400,0.00000,1.00000,16,0.18300,-0.04970,0.01494,0.18360,0.09820,0,0.99122,-0.00000,0.00000,-0.13221,,0,,,,,,,,,,,,,,,,,,,,,,,,,,,,,,,,,,,,,,,,,,,,,,,,,,,,,,,,,,,,,,,,,,,,,,,,,,,,,,,,,,,,,,,,,,,,,,,,,,,,,,,,,,,,,,,,,,,,,,,,,,,,,,,0,,,,,0.18360,0.09820,0.01994,0.97000,-0.00000,-0.00000,0.24311
3494.0307,0,0,31.25,0.00,37.54,0.11704,0.12668,0.47041,,,,0,0,0.21961,-0.00098,0.06018,0.21953,-0.00098,0.06007,,,nan,0.00000,-0.20964,0.34636,1.43401,0.00000,1.00000,0.00000,-0.21000,0.34600,1.43400,0.00000,1.00000,16,0.18300,-0.04970,0.01494,0.18360,0.09820,0,0.99122,-0.00000,-0.00000,-0.13221,,0,,,,,,,,,,,,,,,,,,,,,,,,,,,,,,,,,,,,,,,,,,,,,,,,,,,,,,,,,,,,,,,,,,,,,,,,,,,,,,,,,,,,,,,,,,,,,,,,,,,,,,,,,,,,,,,,,,,,,,,,,,,,,,,0,,,,,0.18360,0.09820,0.01994,0.97000,0.00000,-0.00000,0.24311
3494.0748,0,0,33.41,0.00,40.02,0.11704,0.12668,0.47041,,,,0,0,0.21961,-0.00098,0.06018,0.21953,-0.00098,0.06007,,,nan,0.00000,-0.20964,0.34636,1.43401,0.00000,1.00000,0.00000,-0.21000,0.34600,1.43400,0.00000,1.00000,16,0.18300,-0.04970,0.01494,0.18360,0.09820,0,0.99122,-0.00000,-0.00000,-0.13221,,0,,,,,,,,,,,,,,,,,,,,,,,,,,,,,,,,,,,,,,,,,,,,,,,,,,,,,,,,,,,,,,,,,,,,,,,,,,,,,,,,,,,,,,,,,,,,,,,,,,,,,,,,,,,,,,,,,,,,,,,,,,,,,,,0,,,,,0.18360,0.09820,0.01994,0.97000,-0.00000,-0.00000,0.24311
3494.1208,0,0,34.38,0.00,40.83,0.11704,0.12668,0.47041,,,,0,0,0.21961,-0.00098,0.06018,0.21953,-0.00098,0.06007,,,nan,0.00000,-0.20964,0.34636,1.43401,0.00000,1.00000,0.00000,-0.21000,0.34600,1.43400,0.00000,1.00000,16,0.18300,-0.04970,0.01494,0.18360,0.09820,0,0.99122,-0.00000,-0.00000,-0.13221,,0,,,,,,,,,,,,,,,,,,,,,,,,,,,,,,,,,,,,,,,,,,,,,,,,,,,,,,,,,,,,,,,,,,,,,,,,,,,,,,,,,,,,,,,,,,,,,,,,,,,,,,,,,,,,,,,,,,,,,,,,,,,,,,,0,,,,,0.18360,0.09820,0.01994,0.97000,-0.00000,-0.00000,0.24311
3494.1684,0,0,35.62,0.00,43.56,0.11704,0.12668,0.47041,,,,0,0,0.21961,-0.00098,0.06018,0.21953,-0.00098,0.06007,,,nan,0.00000,-0.20964,0.34636,1.43401,0.00000,1.00000,0.00000,-0.21000,0.34600,1.43400,0.00000,1.00000,16,0.18300,-0.04970,0.01494,0.18360,0.09820,0,0.99122,-0.00000,-0.00000,-0.13221,,0,,,,,,,,,,,,,,,,,,,,,,,,,,,,,,,,,,,,,,,,,,,,,,,,,,,,,,,,,,,,,,,,,,,,,,,,,,,,,,,,,,,,,,,,,,,,,,,,,,,,,,,,,,,,,,,,,,,,,,,,,,,,,,,0,,,,,0.18360,0.09820,0.01994,0.97000,-0.00000,-0.00000,0.24311
3494.1981,0,0,19.60,0.00,25.54,0.11704,0.12668,0.47041,,,,0,0,0.21961,-0.00098,0.06018,0.21953,-0.00098,0.06007,,,nan,0.00000,-0.20964,0.34636,1.43401,0.00000,1.00000,0.00000,-0.21000,0.34600,1.43400,0.00000,1.00000,16,0.18300,-0.04970,0.01494,0.18360,0.09820,0,0.99122,-0.00000,-0.00000,-0.13221,,0,,,,,,,,,,,,,,,,,,,,,,,,,,,,,,,,,,,,,,,,,,,,,,,,,,,,,,,,,,,,,,,,,,,,,,,,,,,,,,,,,,,,,,,,,,,,,,,,,,,,,,,,,,,,,,,,,,,,,,,,,,,,,,,0,,,,,0.18360,0.09820,0.01994,0.97000,-0.00000,-0.00000,0.24311
3494.2409,0,0,33.43,0.00,40.31,0.11704,0.12668,0.47041,,,,0,0,0.21961,-0.00098,0.06018,0.21953,-0.00098,0.06007,,,nan,0.00000,-0.20964,0.34636,1.43401,0.00000,1.00000,0.00000,-0.21000,0.34600,1.43400,0.00000,1.00000,16,0.18300,-0.04970,0.01494,0.18360,0.09820,0,0.99122,-0.00000,-0.00000,-0.13221,,0,,,,,,,,,,,,,,,,,,,,,,,,,,,,,,,,,,,,,,,,,,,,,,,,,,,,,,,,,,,,,,,,,,,,,,,,,,,,,,,,,,,,,,,,,,,,,,,,,,,,,,,,,,,,,,,,,,,,,,,,,,,,,,,0,,,,,0.18360,0.09820,0.01994,0.97000,0.00000,0.00000,0.24311
3494.2873,0,0,35.88,0.00,42.63,0.11704,0.12668,0.47041,,,,0,0,0.21961,-0.00098,0.06018,0.21953,-0.00098,0.06007,,,nan,0.00000,-0.20964,0.34636,1.43401,0.00000,1.00000,0.00000,-0.21000,0.34600,1.43400,0.00000,1.00000,16,0.18300,-0.04970,0.01494,0.18360,0.09820,0,0.99122,0.00000,0.00000,-0.13221,,0,,,,,,,,,,,,,,,,,,,,,,,,,,,,,,,,,,,,,,,,,,,,,,,,,,,,,,,,,,,,,,,,,,,,,,,,,,,,,,,,,,,,,,,,,,,,,,,,,,,,,,,,,,,,,,,,,,,,,,,,,,,,,,,0,,,,,0.18360,0.09820,0.01994,0.97000,-0.00000,0.00000,0.24311
3494.3133,0,0,17.07,0.00,22.57,0.11704,0.12668,0.47041,,,,0,0,0.21961,-0.00098,0.06018,0.21953,-0.00098,0.06007,,,nan,0.00000,-0.20964,0.34636,1.43401,0.00000,1.00000,0.00000,-0.21000,0.34600,1.43400,0.00000,1.00000,16,0.18300,-0.04970,0.01494,0.18360,0.09820,0,0.99122,-0.00000,-0.00000,-0.13221,,0,,,,,,,,,,,,,,,,,,,,,,,,,,,,,,,,,,,,,,,,,,,,,,,,,,,,,,,,,,,,,,,,,,,,,,,,,,,,,,,,,,,,,,,,,,,,,,,,,,,,,,,,,,,,,,,,,,,,,,,,,,,,,,,0,,,,,0.18360,0.09820,0.01994,0.97000,-0.00000,0.00000,0.24311
3494.3415,0,0,19.25,0.00,25.74,0.11704,0.12668,0.47041,,,,0,0,0.21961,-0.00098,0.06018,0.21953,-0.00098,0.06007,,,nan,0.00000,-0.20964,0.34636,1.43401,0.00000,1.00000,0.00000,-0.21000,0.34600,1.43400,0.00000,1.00000,16,0.18300,-0.04970,0.01494,0.18360,0.09820,0,0.99122,-0.00000,-0.00000,-0.13221,,0,,,,,,,,,,,,,,,,,,,,,,,,,,,,,,,,,,,,,,,,,,,,,,,,,,,,,,,,,,,,,,,,,,,,,,,,,,,,,,,,,,,,,,,,,,,,,,,,,,,,,,,,,,,,,,,,,,,,,,,,,,,,,,,0,,,,,0.18360,0.09820,0.01994,0.97000,-0.00000,0.00000,0.24311
3494.3858,0,0,33.87,0.00,39.52,0.11704,0.12668,0.47041,,,,0,0,0.21961,-0.00098,0.06018,0.21953,-0.00098,0.06007,,,nan,0.00000,-0.20964,0.34636,1.43401,0.00000,1.00000,0.00000,-0.21000,0.34600,1.43400,0.00000,1.00000,16,0.18300,-0.04970,0.01494,0.18360,0.09820,0,0.99122,0.00000,-0.00000,-0.13221,,0,,,,,,,,,,,,,,,,,,,,,,,,,,,,,,,,,,,,,,,,,,,,,,,,,,,,,,,,,,,,,,,,,,,,,,,,,,,,,,,,,,,,,,,,,,,,,,,,,,,,,,,,,,,,,,,,,,,,,,,,,,,,,,,0,,,,,0.18360,0.09820,0.01994,0.97000,0.00000,0.00000,0.24311
3494.4283,0,1,32.50,0.00,38.59,0.11704,0.12668,0.47041,1.62726,1.49568,0.4146,1,0,0.21961,-0.00098,0.06018,0.21953,-0.00098,0.06007,,,1.49568,0.00000,-0.20964,0.34636,1.43401,0.00000,1.00000,0.00000,-0.21000,0.34600,1.43400,0.00000,1.00000,16,0.18300,-0.04970,0.01494,0.18360,0.09820,0,0.99122,0.00000,-0.00000,-0.13221,Right,0,375.72,431.27,369.47,418.11,368.26,406.03,371.63,397.46,377.08,394.00,367.90,399.90,374.25,388.82,377.68,391.13,378.30,394.99,373.89,400.64,381.66,388.43,384.48,390.78,384.45,394.85,380.93,402.99,388.21,391.59,390.82,393.23,390.60,396.45,387.90,406.67,394.99,399.07,398.34,397.71,399.64,397.43,-0.00000,0.00336,0.00236,-0.00033,-0.00242,0.00174,-0.00151,-0.00289,-0.00317,-0.00214,-0.00420,-0.00482,-0.00520,-0.00607,-0.00712,-0.00624,-0.00577,-0.00984,-0.00942,-0.00784,-0.00680,-0.01413,0.07739,0.03843,-0.02299,0.04696,0.04041,-0.01994,0.01910,0.04961,-0.01268,-0.00822,0.04938,0.00302,-0.02116,0.04023,-0.02331,-0.00873,0.00779,-0.00735,-0.02608,0.01283,0.00705,-0.02724,0.03641,0.00579,-0.01278,0.06214,-0.00619,-0.00409,0.00087,0.01485,-0.02970,0.00564,0.02156,-0.02842,0.03013,0.02378,-0.02110,0.05808,0.01495,0.00392,-0.00607,0.03224,-0.01796,0.00332,0.04154,-0.01805,0.02505,0.04219,-0.01184,0.04707,0.02633,0.01723,-0.00256,0.04629,0.00369,0.00272,0.05813,-0.00552,0.01896,0.06579,-0.00946,0.02774,0,,,,,0.18360,0.09820,0.01994,0.97000,0.00000,0.00000,0.24311
3494.4542,0,1,15.18,0.00,22.34,0.11704,0.12668,0.47041,1.71362,1.86212,1.1746,1,0,0.21961,-0.00098,0.06018,0.21953,-0.00098,0.06007,,,1.71362,0.00000,-0.20964,0.34636,1.43401,0.00000,1.00000,0.00000,-0.21000,0.34600,1.43400,0.00000,1.00000,16,0.18300,-0.04970,0.01494,0.18360,0.09820,0,0.99122,0.00000,-0.00000,-0.13221,Right,0,376.35,430.22,375.22,421.01,375.58,411.26,376.51,403.58,378.27,398.25,378.73,403.55,384.77,394.28,385.11,397.64,383.76,402.51,379.84,402.59,383.88,391.72,384.11,395.23,383.05,400.43,381.90,403.33,385.34,392.57,385.25,395.86,383.95,400.47,384.38,405.71,388.36,397.65,388.29,399.50,387.29,402.66,-0.00000,0.00216,0.00160,-0.00041,-0.00184,0.00237,-0.00191,-0.00489,-0.00618,-0.00112,-0.00415,-0.00512,-0.00512,-0.00490,-0.00668,-0.00466,-0.00290,-0.00869,-0.00855,-0.00555,-0.00304,-0.02221,0.07653,0.03236,-0.01992,0.04921,0.03300,-0.01470,0.02367,0.04030,-0.01073,0.00030,0.03949,-0.00927,-0.01299,0.02966,-0.00717,-0.00160,0.00811,0.00609,-0.01393,0.01199,0.01228,-0.01685,0.03231,0.00506,-0.00073,0.04430,-0.00195,-0.00155,0.00219,0.00978,-0.02535,0.00728,0.00693,-0.01951,0.02799,0.00088,-0.01186,0.04440,0.00374,-0.00122,-0.00618,0.01425,-0.01852,0.00518,0.01156,-0.01775,0.02275,0.00541,-0.00839,0.03719,0.00485,0.01033,-0.00313,0.01763,-0.00556,0.00504,0.01884,-0.00734,0.01997,0.01509,-0.00144,0.02662,0,,,,,0.18360,0.09820,0.01994,0.97000,0.00000,0.00000,0.24311
3494.4817,0,0,15.87,0.00,22.24,0.11704,0.12668,0.47041,,,,0,0,0.21961,-0.00098,0.06018,0.21953,-0.00098,0.06007,,,nan,0.00000,-0.20964,0.34636,1.43401,0.00000,1.00000,0.00000,-0.21000,0.34600,1.43400,0.00000,1.00000,16,0.18300,-0.04970,0.01494,0.18360,0.09820,0,0.99122,-0.00000,0.00000,-0.13221,,0,,,,,,,,,,,,,,,,,,,,,,,,,,,,,,,,,,,,,,,,,,,,,,,,,,,,,,,,,,,,,,,,,,,,,,,,,,,,,,,,,,,,,,,,,,,,,,,,,,,,,,,,,,,,,,,,,,,,,,,,,,,,,,,0,,,,,0.18360,0.09820,0.01994,0.97000,-0.00000,0.00000,0.24311
3494.5084,0,0,17.53,0.00,23.41,0.11704,0.12668,0.47041,,,,0,0,0.21961,-0.00098,0.06018,0.21953,-0.00098,0.06007,,,nan,0.00000,-0.20964,0.34636,1.43401,0.00000,1.00000,0.00000,-0.21000,0.34600,1.43400,0.00000,1.00000,16,0.18300,-0.04970,0.01494,0.18360,0.09820,0,0.99122,-0.00000,0.00000,-0.13221,,0,,,,,,,,,,,,,,,,,,,,,,,,,,,,,,,,,,,,,,,,,,,,,,,,,,,,,,,,,,,,,,,,,,,,,,,,,,,,,,,,,,,,,,,,,,,,,,,,,,,,,,,,,,,,,,,,,,,,,,,,,,,,,,,0,,,,,0.18360,0.09820,0.01994,0.97000,-0.00000,-0.00000,0.24311
3494.5548,0,0,35.76,0.00,42.24,0.11704,0.12668,0.47041,,,,0,0,0.21961,-0.00098,0.06018,0.21953,-0.00098,0.06007,,,nan,0.00000,-0.20964,0.34636,1.43401,0.00000,1.00000,0.00000,-0.21000,0.34600,1.43400,0.00000,1.00000,16,0.18300,-0.04970,0.01494,0.18360,0.09820,0,0.99122,0.00000,0.00000,-0.13221,,0,,,,,,,,,,,,,,,,,,,,,,,,,,,,,,,,,,,,,,,,,,,,,,,,,,,,,,,,,,,,,,,,,,,,,,,,,,,,,,,,,,,,,,,,,,,,,,,,,,,,,,,,,,,,,,,,,,,,,,,,,,,,,,,0,,,,,0.18360,0.09820,0.01994,0.97000,0.00000,0.00000,0.24311
3494.5992,0,0,33.79,0.00,39.80,0.11704,0.12668,0.47041,,,,0,0,0.21961,-0.00098,0.06018,0.21953,-0.00098,0.06007,,,nan,0.00000,-0.20964,0.34636,1.43401,0.00000,1.00000,0.00000,-0.21000,0.34600,1.43400,0.00000,1.00000,16,0.18300,-0.04970,0.01494,0.18360,0.09820,0,0.99122,0.00000,0.00000,-0.13221,,0,,,,,,,,,,,,,,,,,,,,,,,,,,,,,,,,,,,,,,,,,,,,,,,,,,,,,,,,,,,,,,,,,,,,,,,,,,,,,,,,,,,,,,,,,,,,,,,,,,,,,,,,,,,,,,,,,,,,,,,,,,,,,,,0,,,,,0.18360,0.09820,0.01994,0.97000,0.00000,-0.00000,0.24311
3494.6435,0,0,34.68,0.00,40.63,0.11704,0.12668,0.47041,,,,0,0,0.21961,-0.00098,0.06018,0.21953,-0.00098,0.06007,,,nan,0.00000,-0.20964,0.34636,1.43401,0.00000,1.00000,0.00000,-0.21000,0.34600,1.43400,0.00000,1.00000,16,0.18300,-0.04970,0.01494,0.18360,0.09820,0,0.99122,-0.00000,-0.00000,-0.13221,,0,,,,,,,,,,,,,,,,,,,,,,,,,,,,,,,,,,,,,,,,,,,,,,,,,,,,,,,,,,,,,,,,,,,,,,,,,,,,,,,,,,,,,,,,,,,,,,,,,,,,,,,,,,,,,,,,,,,,,,,,,,,,,,,0,,,,,0.18360,0.09820,0.01994,0.97000,0.00000,-0.00000,0.24311
3494.6900,0,0,36.95,0.00,43.07,0.11704,0.12668,0.47041,,,,0,0,0.21961,-0.00098,0.06018,0.21953,-0.00098,0.06007,,,nan,0.00000,-0.20964,0.34636,1.43401,0.00000,1.00000,0.00000,-0.21000,0.34600,1.43400,0.00000,1.00000,16,0.18300,-0.04970,0.01494,0.18360,0.09820,0,0.99122,-0.00000,-0.00000,-0.13221,,0,,,,,,,,,,,,,,,,,,,,,,,,,,,,,,,,,,,,,,,,,,,,,,,,,,,,,,,,,,,,,,,,,,,,,,,,,,,,,,,,,,,,,,,,,,,,,,,,,,,,,,,,,,,,,,,,,,,,,,,,,,,,,,,0,,,,,0.18360,0.09820,0.01994,0.97000,0.00000,-0.00000,0.24311
3494.7357,0,1,34.71,0.00,40.95,0.11704,0.12668,0.47041,0.96744,0.64118,1.7222,1,0,0.21961,-0.00098,0.06018,0.21953,-0.00098,0.06007,,,0.64118,0.00000,-0.20964,0.34636,1.43401,0.00000,1.00000,0.00000,-0.21000,0.34600,1.43400,0.00000,1.00000,16,0.18300,-0.04970,0.01494,0.18360,0.09820,0,0.99122,-0.00000,-0.00000,-0.13221,Right,0,413.54,398.62,417.82,384.32,428.03,372.31,437.49,364.64,445.19,360.11,446.29,382.13,459.83,376.41,467.35,371.76,472.57,368.07,449.23,390.24,462.31,385.70,470.35,381.28,475.86,377.76,450.15,397.27,462.58,393.82,470.28,390.15,475.99,387.53,450.07,403.00,461.55,400.69,468.46,398.49,473.83,396.96,0.00000,-0.00994,-0.01485,-0.01882,-0.02199,-0.00387,-0.00903,-0.01471,-0.01841,-0.00212,-0.00514,-0.00917,-0.01231,-0.00188,-0.00528,-0.00684,-0.00769,-0.00277,-0.00542,-0.00532,-0.00475,-0.05817,0.01526,0.02303,-0.04554,-0.00639,0.01325,-0.02803,-0.02428,0.01197,-0.01734,-0.04205,0.00480,0.00064,-0.05707,-0.00190,-0.00236,-0.01026,-0.00256,0.01190,-0.02090,-0.00241,0.02832,-0.03113,0.00592,0.03894,-0.04274,0.00875,-0.00056,-0.00253,0.00153,0.01880,-0.00655,0.00384,0.03571,-0.02074,0.00721,0.05532,-0.02689,0.01984,0.00460,0.00573,0.00134,0.01295,0.00282,0.00223,0.03269,-0.00433,0.00962,0.04841,-0.01163,0.01914,0.00022,0.01198,0.00747,0.00870,0.01402,0.00609,0.02881,0.01287,0.01175,0.04229,0.00825,0.01552,0,,,,,0.18360,0.09820,0.01994,0.97000,0.00000,-0.00000,0.24311
3494.7608,0,1,14.20,0.00,20.41,0.11704,0.12668,0.47041,1.10034,1.21789,1.0488,1,0,0.21961,-0.00098,0.06018,0.21953,-0.00098,0.06007,,,1.10034,0.00000,-0.20964,0.34636,1.43401,0.00000,1.00000,0.00000,-0.21000,0.34600,1.43400,0.00000,1.00000,16,0.18300,-0.04970,0.01494,0.18360,0.09820,0,0.99122,-0.00000,-0.00000,-0.13221,Right,0,414.89,393.45,417.72,379.56,426.91,367.71,435.07,358.94,441.58,353.45,443.53,375.73,455.12,368.27,460.48,362.96,463.78,359.12,446.62,381.45,458.44,375.23,464.54,370.00,468.60,366.16,447.86,385.64,458.86,381.10,465.41,376.56,470.68,373.10,447.94,388.19,458.08,384.35,464.10,381.06,469.05,378.21,0.00000,-0.00863,-0.01072,-0.01150,-0.01150,-0.00025,-0.00184,-0.00522,-0.00751,0.00289,0.00291,-0.00020,-0.00293,0.00480,0.00411,0.00243,0.00107,0.00589,0.00555,0.00595,0.00636,-0.05751,0.02038,0.02819,-0.04573,0.00061,0.01226,-0.02948,-0.01706,0.01267,-0.01518,-0.03898,0.00472,-0.00096,-0.05345,0.00207,-0.00582,-0.00893,-0.00705,0.00741,-0.01987,-0.00736,0.02165,-0.03150,0.00113,0.02672,-0.04182,0.00721,-0.00053,-0.00158,-0.00021,0.01701,-0.00987,0.00211,0.03173,-0.02329,0.00382,0.04718,-0.03032,0.01714,0.00485,0.00324,0.00387,0.01516,-0.00139,0.00634,0.03115,-0.00699,0.01046,0.04542,-0.01529,0.01549,0.00146,0.00921,0.01443,0.01145,0.00642,0.01402,0.02828,0.00149,0.01622,0.04114,-0.00483,0.01542,0,,,,,0.18360,0.09820,0.01994,0.97000,0.00000,0.00000,0.24311
3494.7908,0,0,16.29,0.00,25.38,0.11704,0.12668,0.47041,,,,0,0,0.21961,-0.00098,0.06018,0.21953,-0.00098,0.06007,,,nan,0.00000,-0.20964,0.34636,1.43401,0.00000,1.00000,0.00000,-0.21000,0.34600,1.43400,0.00000,1.00000,16,0.18300,-0.04970,0.01494,0.18360,0.09820,0,0.99122,-0.00000,0.00000,-0.13221,,0,,,,,,,,,,,,,,,,,,,,,,,,,,,,,,,,,,,,,,,,,,,,,,,,,,,,,,,,,,,,,,,,,,,,,,,,,,,,,,,,,,,,,,,,,,,,,,,,,,,,,,,,,,,,,,,,,,,,,,,,,,,,,,,0,,,,,0.18360,0.09820,0.01994,0.97000,0.00000,0.00000,0.24311
3494.8391,0,1,31.32,0.00,43.79,0.11704,0.12668,0.47041,1.30402,0.93739,1.6010,1,0,0.21961,-0.00098,0.06018,0.21953,-0.00098,0.06007,,,0.93739,0.00000,-0.20964,0.34636,1.43401,0.00000,1.00000,0.00000,-0.21000,0.34600,1.43400,0.00000,1.00000,16,0.18300,-0.04970,0.01494,0.18360,0.09820,0,0.99122,0.00000,0.00000,-0.13221,Right,0,412.56,370.83,415.63,356.23,425.60,344.02,434.17,335.47,442.04,331.68,437.18,355.92,449.68,350.15,453.29,345.76,454.06,342.92,438.75,362.72,449.97,356.35,454.57,351.76,455.91,348.67,439.11,367.82,450.48,362.41,455.32,358.10,457.78,354.85,438.74,371.68,449.25,367.17,454.66,363.89,458.25,361.07,-0.00000,-0.00729,-0.00930,-0.01019,-0.01021,0.00066,0.00101,-0.00056,-0.00154,0.00403,0.00681,0.00584,0.00437,0.00629,0.00796,0.00800,0.00767,0.00792,0.00856,0.00952,0.01038,-0.05027,0.01602,0.03769,-0.03556,-0.00740,0.02120,-0.01826,-0.02823,0.01713,-0.00295,-0.05002,0.00523,0.01775,-0.06338,-0.01440,-0.00172,-0.00943,-0.00556,0.01436,-0.02093,-0.00513,0.02550,-0.03053,0.00739,0.02421,-0.04078,0.02146,-0.00039,-0.00148,0.00071,0.02070,-0.00877,0.00423,0.02916,-0.02303,0.00878,0.03927,-0.02813,0.02543,0.00313,0.00625,0.00325,0.01353,-0.00148,0.00593,0.03119,-0.00727,0.01494,0.03908,-0.01454,0.02629,-0.00149,0.00961,0.01328,0.00898,0.00942,0.01268,0.02835,0.00418,0.02120,0.04034,-0.00268,0.02562,0,,,,,0.18360,0.09820,0.01994,0.97000,0.00000,0.00000,0.24311
3494.8699,0,1,15.02,0.00,27.93,0.11704,0.12668,0.47041,1.49986,2.05002,0.8424,1,0,0.21961,-0.00098,0.06018,0.21953,-0.00098,0.06007,,,1.49986,0.00000,-0.20964,0.34636,1.43401,0.00000,1.00000,0.00000,-0.21000,0.34600,1.43400,0.00000,1.00000,16,0.18300,-0.04970,0.01494,0.18360,0.09820,0,0.99122,0.00000,0.00000,-0.13221,Left,0,413.00,365.75,422.95,359.68,434.31,351.25,444.13,346.07,451.46,342.08,429.84,338.55,437.48,326.53,445.56,324.31,452.45,324.96,431.58,340.95,439.11,327.82,447.18,326.02,453.48,326.92,433.86,345.02,442.25,334.46,448.74,333.14,454.03,333.28,436.79,350.08,443.62,343.14,448.24,342.13,452.22,342.06,0.00000,-0.00924,-0.00734,-0.00280,0.00322,0.00053,0.00230,0.00288,0.00369,0.00705,0.01019,0.01089,0.01148,0.01224,0.01349,0.01203,0.01143,0.01659,0.01736,0.01693,0.01716,-0.03620,0.07052,0.00574,-0.03070,0.04905,-0.01218,-0.00046,0.03307,-0.01582,0.02458,0.01897,-0.01579,0.04183,0.00200,-0.02174,-0.00980,-0.01067,-0.01363,0.00717,-0.02800,-0.01607,0.02817,-0.03883,-0.01092,0.04496,-0.03743,-0.00779,-0.00361,-0.00663,0.00159,0.01819,-0.03084,-0.00806,0.03493,-0.03806,-0.00820,0.05251,-0.03875,-0.01216,0.00621,0.00401,0.00909,0.02660,-0.01120,0.00339,0.04497,-0.01730,-0.00025,0.05309,-0.01553,0.00319,0.00983,0.01949,0.02079,0.02465,0.00989,0.01254,0.03946,0.00384,0.00398,0.04643,0.00809,0.00492,0,,,,,0.18360,0.09820,0.01994,0.97000,-0.00000,0.00000,0.24311
3494.9030,0,1,16.61,0.00,28.21,0.11704,0.12668,0.47041,1.50654,2.07963,1.2823,1,0,0.21961,-0.00098,0.06018,0.21953,-0.00098,0.06007,,,1.50654,0.00000,-0.20964,0.34636,1.43401,0.00000,1.00000,0.00000,-0.21000,0.34600,1.43400,0.00000,1.00000,16,0.18300,-0.04970,0.01494,0.18360,0.09820,0,0.99122,0.00000,-0.00000,-0.13221,Left,0,418.08,362.08,426.74,356.87,437.27,347.53,445.86,341.57,452.14,338.10,431.14,331.39,439.65,320.38,447.63,317.61,453.96,317.91,432.60,333.66,441.24,323.27,449.19,321.41,456.13,321.90,434.48,337.35,442.94,328.51,449.71,326.80,455.85,326.65,436.57,341.47,443.85,334.52,449.18,332.72,453.46,332.22,0.00000,-0.01254,-0.01146,-0.00686,-0.00051,-0.00298,-0.00330,-0.00426,-0.00423,0.00546,0.00625,0.00482,0.00403,0.01240,0.01201,0.00831,0.00599,0.01836,0.01688,0.01388,0.01226,-0.03235,0.07765,0.00177,-0.02214,0.06099,-0.02220,0.00411,0.03908,-0.02364,0.02913,0.02162,-0.02494,0.04408,0.01101,-0.02125,-0.00965,-0.00637,-0.01401,0.00935,-0.02385,-0.01754,0.03412,-0.03764,-0.01521,0.05309,-0.04310,-0.01617,-0.00407,-0.00433,0.00335,0.02044,-0.02697,-0.00425,0.03916,-0.03431,-0.00968,0.06147,-0.04137,-0.00960,0.00654,0.00061,0.00942,0.02693,-0.01514,0.00411,0.04719,-0.01710,-0.00383,0.05902,-0.01916,-0.00600,0.01095,0.01536,0.01679,0.02435,0.00397,0.01195,0.03886,-0.00230,-0.00080,0.05251,-0.00144,-0.00624,0,,,,,0.18360,0.09820,0.01994,0.97000,-0.00000,0.00000,0.24311
3494.9345,0,1,16.31,0.00,27.43,0.11704,0.12668,0.47041,1.43949,2.21264,0.9878,1,0,0.21961,-0.00098,0.06018,0.21953,-0.00098,0.06007,,,1.43949,0.00000,-0.20964,0.34636,1.43401,0.00000,1.00000,0.00000,-0.21000,0.34600,1.43400,0.00000,1.00000,16,0.18300,-0.04970,0.01494,0.18360,0.09820,0,0.99122,0.00000,-0.00000,-0.13221,Left,0,422.15,359.44,428.45,353.05,437.80,343.32,447.06,337.23,454.40,333.59,433.12,328.03,441.52,315.91,449.77,312.80,456.61,313.13,436.31,330.37,444.73,319.33,452.59,317.10,459.85,317.48,439.86,334.11,447.86,324.79,454.59,322.71,460.67,323.16,443.27,338.21,450.09,330.98,455.08,328.87,459.63,328.52,0.00000,-0.01421,-0.01523,-0.01287,-0.00906,-0.00517,-0.00732,-0.00998,-0.01129,0.00322,0.00199,-0.00151,-0.00378,0.01011,0.00824,0.00329,0.00007,0.01590,0.01305,0.00924,0.00707,-0.03427,0.07490,0.00345,-0.02817,0.05755,-0.02566,-0.00496,0.03509,-0.03153,0.02037,0.01677,-0.03622,0.03783,0.00953,-0.03301,-0.01483,-0.00690,-0.01933,0.00534,-0.02529,-0.02299,0.02900,-0.03929,-0.02330,0.04711,-0.04600,-0.02633,-0.00404,-0.00345,0.00265,0.01880,-0.02825,-0.00610,0.03529,-0.03559,-0.01623,0.05238,-0.04356,-0.02319,0.00866,0.00041,0.01242,0.02674,-0.01564,0.00742,0.04396,-0.02068,-0.00907,0.05458,-0.02020,-0.01522,0.01618,0.01557,0.02342,0.02887,0.00389,0.01766,0.03998,-0.00327,-0.00009,0.05187,-0.00349,-0.01007,0,,,,,0.18360,0.09820,0.01994,0.97000,-0.00000,0.00000,0.24311
3494.9654,0,1,14.88,0.00,26.52,0.11704,0.12668,0.47041,1.43422,2.07239,0.9835,1,0,0.21961,-0.00098,0.06018,0.21953,-0.00098,0.06007,,,1.43422,0.00000,-0.20964,0.34636,1.43401,0.00000,1.00000,0.00000,-0.21000,0.34600,1.43400,0.00000,1.00000,16,0.18300,-0.04970,0.01494,0.18360,0.09820,0,0.99122,-0.00000,0.00000,-0.13221,Left,0,426.42,356.88,433.35,350.34,442.49,339.88,451.48,332.76,458.58,327.90,437.30,323.29,445.62,312.10,453.76,308.71,460.62,308.41,440.59,325.67,449.10,315.98,457.07,314.15,464.55,314.57,443.93,329.63,451.73,321.28,458.62,319.62,464.97,320.24,446.62,334.00,453.20,327.50,458.17,325.98,463.00,326.06,0.00000,-0.01400,-0.01435,-0.01155,-0.00740,-0.00225,-0.00407,-0.00704,-0.00879,0.00588,0.00495,0.00127,-0.00121,0.01225,0.01062,0.00572,0.00244,0.01741,0.01458,0.01077,0.00862,-0.03280,0.08046,0.00026,-0.02584,0.06137,-0.02691,-0.00289,0.03884,-0.03308,0.02023,0.01612,-0.03641,0.03625,0.00460,-0.03143,-0.01480,-0.00625,-0.01789,0.00579,-0.02395,-0.02107,0.02858,-0.03770,-0.02310,0.04617,-0.04652,-0.02800,-0.00367,-0.00332,0.00195,0.01872,-0.02538,-0.00588,0.03564,-0.03075,-0.01929,0.05387,-0.03899,-0.02701,0.00745,0.00010,0.01155,0.02593,-0.01399,0.00455,0.04333,-0.01513,-0.01272,0.05641,-0.01488,-0.02185,0.01428,0.01641,0.02028,0.02746,0.00650,0.01426,0.03847,0.00248,-0.00391,0.05134,0.00169,-0.01326,0,,,,,0.18360,0.09820,0.01994,0.97000,-0.00000,0.00000,0.24311
3494.9979,0,1,16.00,0.00,28.37,0.30607,0.23256,1.39818,1.39818,2.03445,0.9488,0,0,0.21961,-0.00098,0.06018,0.21953,-0.00098,0.06007,,,1.39818,0.00000,-0.20964,0.34636,1.43401,0.00000,1.00000,0.00000,-0.21000,0.34600,1.43400,0.00000,1.00000,16,0.18300,-0.04970,0.01494,0.18360,0.09820,0,0.99122,0.00000,0.00000,-0.13221,Left,0,429.88,355.54,437.31,349.18,446.70,338.29,456.89,330.55,465.55,326.42,439.12,322.00,449.57,309.50,458.99,306.56,466.72,306.94,442.42,324.00,452.67,313.19,461.71,311.71,469.84,312.84,446.05,327.67,454.96,318.91,462.65,317.60,469.33,319.19,449.18,331.75,456.61,324.87,462.33,323.34,467.49,323.86,0.00000,-0.01575,-0.01767,-0.01594,-0.01281,-0.00618,-0.00851,-0.01146,-0.01309,0.00331,0.00177,-0.00197,-0.00447,0.01127,0.00971,0.00490,0.00163,0.01796,0.01527,0.01136,0.00915,-0.02984,0.07767,0.00853,-0.02030,0.05911,-0.01975,0.00219,0.03537,-0.02614,0.02884,0.01441,-0.03351,0.04863,0.00615,-0.02873,-0.01318,-0.00480,-0.01744,0.00903,-0.02317,-0.01983,0.03355,-0.03597,-0.02027,0.05437,-0.04134,-0.01911,-0.00341,-0.00351,0.00203,0.02060,-0.02543,-0.00355,0.04087,-0.03077,-0.01067,0.05915,-0.03476,-0.01438,0.00720,0.00116,0.01124,0.02695,-0.01291,0.00762,0.04678,-0.01432,-0.00229,0.06116,-0.01176,-0.00919,0.01354,0.01577,0.02139,0.02823,0.00382,0.01747,0.04077,0.00013,0.00505,0.05455,-0.00020,-0.00362,0,,,,,0.18360,0.09820,0.01994,0.97000,0.00000,0.00000,0.24311
3495.0309,0,1,16.82,0.00,28.79,0.32225,0.23692,1.43701,1.47584,2.32540,0.8117,0,0,0.21961,-0.00098,0.06018,0.21953,-0.00098,0.06007,,,1.47584,0.00000,-0.20964,0.34636,1.43401,0.00000,1.00000,0.00000,-0.21000,0.34600,1.43400,0.00000,1.00000,16,0.18300,-0.04970,0.01494,0.18360,0.09820,0,0.99122,0.00000,-0.00000,-0.13221,Left,0,435.42,353.82,442.52,347.79,451.22,337.12,461.33,329.75,470.80,326.11,444.83,320.50,456.12,307.53,465.47,305.16,472.93,306.05,448.14,322.48,459.19,312.21,468.41,312.14,476.08,314.84,451.84,326.11,461.40,317.80,469.32,316.92,475.92,319.07,455.25,330.15,462.70,323.85,468.38,323.04,473.28,324.59,0.00000,-0.01699,-0.02054,-0.02041,-0.01888,-0.00887,-0.01182,-0.01479,-0.01646,0.00066,-0.00198,-0.00603,-0.00865,0.00873,0.00607,0.00094,-0.00244,0.01547,0.01208,0.00810,0.00591,-0.03165,0.07934,0.02284,-0.02227,0.06124,-0.00989,-0.00060,0.03852,-0.02051,0.02525,0.01629,-0.03341,0.04341,0.00903,-0.03286,-0.01337,-0.00558,-0.02026,0.00919,-0.02416,-0.02268,0.03355,-0.03363,-0.02192,0.05231,-0.03747,-0.02289,-0.00344,-0.00320,0.00049,0.02311,-0.02492,-0.00443,0.04101,-0.02626,-0.00998,0.05744,-0.02555,-0.01051,0.00707,0.00035,0.01300,0.02722,-0.01176,0.01020,0.04550,-0.01208,-0.00075,0.05975,-0.00701,-0.00715,0.01423,0.01634,0.02780,0.02723,0.00445,0.02275,0.03919,0.00211,0.00955,0.05035,0.00582,-0.00008,0,,,,,0.18360,0.09820,0.01994,0.97000,-0.00000,-0.00000,0.24311
3495.0633,0,1,16.95,0.00,27.37,0.32618,0.23106,1.40749,1.37797,1.96660,0.8516,0,0,0.21961,-0.00098,0.06018,0.21953,-0.00098,0.06007,,,1.37797,0.00000,-0.20964,0.34636,1.43401,0.00000,1.00000,0.00000,-0.21000,0.34600,1.43400,0.00000,1.00000,16,0.18300,-0.04970,0.01494,0.18360,0.09820,0,0.99122,-0.00000,-0.00000,-0.13221,Left,0,439.63,354.65,446.63,347.74,456.30,336.70,467.18,329.18,477.25,325.22,450.28,319.47,461.89,306.81,471.53,304.40,479.01,305.38,454.07,321.99,465.21,311.44,474.52,310.78,482.56,312.63,458.15,326.16,467.95,317.11,475.82,315.82,482.75,317.27,461.77,330.66,469.60,323.10,475.35,321.48,480.50,322.10,0.00000,-0.01618,-0.01865,-0.01767,-0.01527,-0.00555,-0.00809,-0.01144,-0.01347,0.00337,0.00131,-0.00353,-0.00684,0.01064,0.00808,0.00217,-0.00176,0.01668,0.01318,0.00892,0.00644,-0.03461,0.07970,0.00879,-0.02556,0.05998,-0.01825,-0.00244,0.03745,-0.02833,0.02487,0.01414,-0.03509,0.04537,0.00680,-0.03261,-0.01380,-0.00614,-0.01932,0.00851,-0.02607,-0.02042,0.03253,-0.03541,-0.02035,0.05062,-0.04023,-0.02222,-0.00369,-0.00317,0.00111,0.02159,-0.02525,-0.00297,0.03899,-0.02908,-0.00962,0.05579,-0.03045,-0.01287,0.00815,0.00105,0.01250,0.02752,-0.01354,0.01024,0.04431,-0.01546,-0.00174,0.05915,-0.01169,-0.00895,0.01503,0.01673,0.02407,0.02811,0.00278,0.02100,0.03937,0.00017,0.00754,0.05218,0.00120,-0.00210,0,,,,,0.18360,0.09820,0.01994,0.97000,0.00000,-0.00000,0.24311
3495.0978,0,1,19.75,0.00,28.88,0.32929,0.22340,1.36676,1.32603,1.68484,0.8065,0,0,0.21961,-0.00098,0.06018,0.21953,-0.00098,0.06007,,,1.32603,0.00000,-0.20964,0.34636,1.43401,0.00000,1.00000,0.00000,-0.21000,0.34600,1.43400,0.00000,1.00000,16,0.18300,-0.04970,0.01494,0.18360,0.09820,0,0.99122,-0.00000,0.00000,-0.13221,Left,0,444.40,355.10,451.38,347.34,461.47,335.64,473.36,328.12,483.68,324.57,455.77,318.29,467.52,306.10,477.59,303.91,485.49,304.73,460.48,321.05,472.37,310.55,481.71,309.95,489.63,311.78,464.99,325.68,475.64,316.53,483.58,315.65,490.32,317.65,469.05,330.76,477.26,323.53,483.23,322.13,488.66,323.12,0.00000,-0.01616,-0.01806,-0.01666,-0.01378,-0.00308,-0.00527,-0.00875,-0.01096,0.00561,0.00376,-0.00151,-0.00508,0.01248,0.00978,0.00338,-0.00077,0.01805,0.01448,0.00998,0.00741,-0.03687,0.08004,-0.00173,-0.02835,0.05828,-0.02325,-0.00537,0.03609,-0.03095,0.02185,0.01197,-0.03548,0.04222,0.00487,-0.03330,-0.01609,-0.00906,-0.01587,0.00662,-0.02661,-0.01706,0.03054,-0.03540,-0.01815,0.04803,-0.03799,-0.02213,-0.00409,-0.00377,0.00217,0.02333,-0.02434,-0.00134,0.03938,-0.02932,-0.01081,0.05591,-0.03179,-0.01440,0.01006,0.00256,0.01056,0.03047,-0.01194,0.00784,0.04785,-0.01311,-0.00545,0.06147,-0.00976,-0.01280,0.01726,0.01958,0.01780,0.03200,0.00634,0.01510,0.04404,0.00407,0.00182,0.05635,0.00569,-0.00759,0,,,,,0.18360,0.09820,0.01994,0.97000,0.00000,0.00000,0.24311
3495.1265,0,1,16.53,0.00,24.89,0.33452,0.21886,1.33076,1.29477,1.59068,0.8482,0,0,0.21961,-0.00098,0.06018,0.21953,-0.00098,0.06007,,,1.29477,0.00000,-0.20964,0.34636,1.43401,0.00000,1.00000,0.00000,-0.21000,0.34600,1.43400,0.00000,1.00000,16,0.18300,-0.04970,0.01494,0.18360,0.09820,0,0.99122,0.00000,0.00000,-0.13221,Left,0,452.67,357.84,457.41,347.85,466.15,335.04,479.35,327.78,490.93,325.85,461.69,318.55,474.20,306.33,484.76,304.34,493.11,305.32,466.62,322.15,478.59,311.35,488.25,310.54,496.78,312.31,471.13,327.32,481.75,318.20,490.10,317.12,497.35,319.32,475.06,332.86,483.17,325.79,488.74,324.70,493.77,326.03,0.00000,-0.01772,-0.02055,-0.01998,-0.01790,-0.00296,-0.00574,-0.01008,-0.01286,0.00608,0.00409,-0.00172,-0.00574,0.01299,0.01002,0.00300,-0.00155,0.01839,0.01481,0.01036,0.00781,-0.03256,0.07968,-0.01259,-0.02746,0.05528,-0.03055,-0.00625,0.03110,-0.03868,0.02139,0.00865,-0.03810,0.04440,0.00410,-0.03345,-0.01609,-0.01073,-0.01554,0.00744,-0.02899,-0.01600,0.03165,-0.03588,-0.01681,0.05175,-0.04073,-0.01901,-0.00422,-0.00382,0.00290,0.02381,-0.02428,-0.00086,0.04007,-0.03054,-0.01017,0.05675,-0.03133,-0.01314,0.00998,0.00421,0.01064,0.03021,-0.01135,0.00670,0.04626,-0.01205,-0.00803,0.06278,-0.00858,-0.01661,0.01722,0.02160,0.01613,0.03153,0.00712,0.01282,0.04135,0.00577,-0.00277,0.05374,0.00793,-0.01383,0,,,,,0.18360,0.09820,0.01994,0.97000,0.00000,0.00000,0.24311
3495.1581,0,1,15.29,0.00,27.52,0.34610,0.22006,1.32087,1.31097,1.65683,0.7341,0,0,0.21961,-0.00098,0.06018,0.21953,-0.00098,0.06007,,,1.31097,0.00000,-0.20964,0.34636,1.43401,0.00000,1.00000,0.00000,-0.21000,0.34600,1.43400,0.00000,1.00000,16,0.18300,-0.04970,0.01494,0.18360,0.09820,0,0.99122,0.00000,0.00000,-0.13221,Left,0,457.05,359.77,461.71,348.74,471.58,335.42,485.73,328.56,497.80,326.99,467.87,319.05,480.71,307.13,491.72,305.62,500.47,307.16,472.85,323.84,485.66,314.35,495.75,315.56,504.14,319.13,477.27,329.61,488.81,321.14,497.16,320.98,503.90,324.42,481.09,335.46,489.96,328.45,495.68,328.29,500.18,331.34,0.00000,-0.01860,-0.02087,-0.01967,-0.01693,-0.00236,-0.00541,-0.01027,-0.01339,0.00704,0.00369,-0.00333,-0.00774,0.01411,0.00992,0.00119,-0.00401,0.01960,0.01466,0.00864,0.00532,-0.03736,0.08070,-0.01426,-0.03135,0.05410,-0.03813,-0.00938,0.03005,-0.04580,0.02213,0.00802,-0.04402,0.04624,0.00384,-0.03493,-0.01603,-0.01109,-0.02009,0.00856,-0.03041,-0.01978,0.03374,-0.03620,-0.02216,0.05266,-0.04095,-0.02541,-0.00374,-0.00401,0.00339,0.02668,-0.02275,-0.00628,0.04181,-0.02231,-0.02057,0.05575,-0.01771,-0.02378,0.01062,0.00445,0.01381,0.03259,-0.00791,0.00560,0.04739,-0.00694,-0.01362,0.06095,0.00058,-0.02332,0.01714,0.02243,0.02167,0.03245,0.00866,0.01596,0.04195,0.00865,-0.00370,0.05185,0.01499,-0.01525,0,,,,,0.18360,0.09820,0.01994,0.97000,0.00000,0.00000,0.24311
3495.1898,0,1,15.23,0.00,28.15,0.35545,0.21986,1.30511,1.28936,1.61776,0.7155,0,0,0.21961,-0.00098,0.06018,0.21953,-0.00098,0.06007,,,1.28936,0.00000,-0.20964,0.34636,1.43401,0.00000,1.00000,0.00000,-0.21000,0.34600,1.43400,0.00000,1.00000,16,0.18300,-0.04970,0.01494,0.18360,0.09820,0,0.99122,0.00000,-0.00000,-0.13221,Left,0,461.60,360.72,466.16,349.50,476.39,336.59,491.23,329.84,503.18,328.36,473.43,319.68,486.34,308.19,497.38,306.58,506.17,307.93,478.77,324.61,492.25,315.70,502.41,317.47,510.53,321.78,483.30,330.50,495.79,322.70,504.24,323.26,510.24,327.75,486.96,336.62,496.52,330.36,502.16,331.11,505.94,335.40,0.00000,-0.01915,-0.02195,-0.02129,-0.01903,-0.00300,-0.00670,-0.01219,-0.01590,0.00599,0.00153,-0.00651,-0.01164,0.01262,0.00699,-0.00265,-0.00831,0.01765,0.01120,0.00433,0.00054,-0.04056,0.07941,-0.01549,-0.03335,0.05220,-0.04220,-0.01190,0.03028,-0.05028,0.01979,0.00910,-0.05114,0.04313,0.00461,-0.04066,-0.01619,-0.01151,-0.02054,0.00811,-0.02985,-0.02094,0.03306,-0.03591,-0.02514,0.05150,-0.03899,-0.03177,-0.00397,-0.00390,0.00383,0.02777,-0.02114,-0.00847,0.04242,-0.01891,-0.02690,0.05502,-0.01191,-0.03162,0.01123,0.00468,0.01433,0.03379,-0.00652,0.00322,0.04897,-0.00301,-0.01855,0.05956,0.00705,-0.03096,0.01740,0.02233,0.02105,0.03314,0.01034,0.01304,0.04258,0.01260,-0.00728,0.05031,0.02166,-0.01956,0,,,,,0.18360,0.09820,0.01994,0.97000,-0.00000,0.00000,0.24311
3495.2237,0,1,16.91,0.00,29.86,0.35419,0.21699,1.25905,1.21299,1.45618,0.8341,0,0,0.21961,-0.00098,0.06018,0.21953,-0.00098,0.06007,,,1.21299,0.00000,-0.20964,0.34636,1.43401,0.00000,1.00000,0.00000,-0.21000,0.34600,1.43400,0.00000,1.00000,16,0.18300,-0.04970,0.01494,0.18360,0.09820,0,0.99122,0.00000,0.00000,-0.13221,Left,0,465.16,364.38,469.91,353.68,480.00,340.37,494.35,333.80,505.88,332.45,477.61,323.23,491.02,311.06,502.08,308.78,510.37,309.66,483.32,327.91,498.02,318.90,507.52,321.44,513.95,326.55,488.29,333.72,501.75,325.97,509.67,327.59,514.37,332.72,491.96,339.97,501.89,334.26,507.26,335.51,510.30,340.11,0.00000,-0.01859,-0.02145,-0.02093,-0.01897,-0.00462,-0.00838,-0.01325,-0.01647,0.00417,-0.00099,-0.00864,-0.01304,0.01087,0.00524,-0.00368,-0.00861,0.01607,0.00976,0.00306,-0.00045,-0.04053,0.07653,-0.00899,-0.03339,0.05094,-0.03281,-0.01275,0.03032,-0.04048,0.01585,0.01162,-0.04341,0.03872,0.00807,-0.03743,-0.01592,-0.01134,-0.01768,0.00663,-0.02742,-0.01856,0.03040,-0.03432,-0.02064,0.04641,-0.03896,-0.02946,-0.00349,-0.00367,0.00303,0.02562,-0.01751,-0.00782,0.04008,-0.01548,-0.02393,0.04796,-0.00838,-0.02916,0.00970,0.00420,0.01230,0.03233,-0.00507,0.00364,0.04661,-0.00035,-0.01810,0.05502,0.00961,-0.02691,0.01541,0.02083,0.01892,0.03136,0.01141,0.01171,0.03994,0.01587,-0.00700,0.04745,0.02465,-0.01699,0,,,,,0.18360,0.09820,0.01994,0.97000,-0.00000,0.00000,0.24311
3495.2700,0,1,15.97,0.00,42.01,0.35758,0.21901,1.23419,1.20933,1.49738,0.7878,0,0,0.21961,-0.00098,0.06018,0.21953,-0.00098,0.06007,,,1.20933,0.00000,-0.20964,0.34636,1.43401,0.00000,1.00000,0.00000,-0.21000,0.34600,1.43400,0.00000,1.00000,16,0.18300,-0.04970,0.01494,0.18360,0.09820,0,0.99122,0.00000,-0.00000,-0.13221,Left,0,466.21,367.93,472.47,356.90,483.99,343.85,498.06,337.40,509.51,336.01,482.70,326.23,496.93,313.93,507.66,312.30,515.96,313.74,488.49,331.20,503.86,322.02,512.89,325.26,518.58,330.72,493.16,337.20,507.68,329.06,515.54,332.01,519.20,338.33,496.64,343.95,507.51,338.06,513.11,340.01,515.31,345.34,0.00000,-0.02011,-0.02230,-0.02052,-0.01705,-0.00475,-0.00807,-0.01270,-0.01580,0.00521,0.00051,-0.00743,-0.01210,0.01290,0.00687,-0.00319,-0.00871,0.01904,0.01183,0.00384,-0.00053,-0.04725,0.07681,-0.01219,-0.03994,0.05145,-0.03722,-0.01842,0.03097,-0.04449,0.01031,0.01179,-0.04496,0.03304,0.00804,-0.03848,-0.01667,-0.01129,-0.01863,0.00625,-0.02835,-0.02056,0.02956,-0.03466,-0.02296,0.04520,-0.03784,-0.03147,-0.00300,-0.00440,0.00311,0.02707,-0.01900,-0.00832,0.04068,-0.01630,-0.02690,0.04585,-0.00829,-0.03479,0.01068,0.00436,0.01306,0.03455,-0.00670,0.00463,0.04854,0.00045,-0.01824,0.05320,0.01231,-0.02978,0.01581,0.02170,0.02095,0.03267,0.01214,0.01366,0.04228,0.01685,-0.00649,0.04751,0.02682,-0.01726,0,,,,,0.18360,0.09820,0.01994,0.97000,0.00000,0.00000,0.24311
3495.3066,0,1,20.10,0.00,32.51,0.35758,0.21901,1.23419,1.09982,1.30646,0.8222,1,0,0.21961,-0.00098,0.06018,0.21953,-0.00098,0.06007,,,1.09982,0.00000,-0.20964,0.34636,1.43401,0.00000,1.00000,0.00000,-0.21000,0.34600,1.43400,0.00000,1.00000,16,0.18300,-0.04970,0.01494,0.18360,0.09820,0,0.99122,0.00000,0.00000,-0.13221,Left,0,467.57,372.80,474.45,362.84,486.15,349.70,500.84,341.77,513.14,339.75,486.27,330.12,500.93,317.67,512.34,316.13,520.81,318.05,491.90,335.15,507.53,326.12,516.95,329.37,522.64,335.67,496.69,341.68,511.06,334.16,519.20,336.48,522.98,342.96,500.05,348.71,510.65,343.39,516.31,345.30,519.07,350.94,0.00000,-0.01990,-0.02367,-0.02375,-0.02227,-0.00620,-0.01031,-0.01559,-0.01900,0.00358,-0.00185,-0.01001,-0.01473,0.01130,0.00588,-0.00346,-0.00880,0.01745,0.01139,0.00439,0.00065,-0.04605,0.07297,0.00005,-0.03939,0.04859,-0.02428,-0.01630,0.02935,-0.03455,0.01139,0.01156,-0.04290,0.03145,0.00765,-0.03873,-0.01438,-0.01089,-0.01488,0.00767,-0.02614,-0.01829,0.02937,-0.03197,-0.02245,0.04754,-0.03374,-0.03253,-0.00258,-0.00459,0.00293,0.02539,-0.01644,-0.01050,0.03914,-0.01360,-0.02636,0.04397,-0.00460,-0.03667,0.00954,0.00532,0.01106,0.03106,-0.00287,0.00056,0.04544,0.00263,-0.02112,0.05096,0.01255,-0.03327,0.01424,0.02254,0.01733,0.02866,0.01291,0.00910,0.03736,0.01936,-0.00936,0.04357,0.02791,-0.02235,0,,,,,0.18360,0.09820,0.01994,0.97000,0.00000,0.00000,0.24311
3495.3356,0,1,17.40,0.00,24.54,0.35758,0.21901,1.23419,1.12846,1.34626,0.7368,1,0,0.21961,-0.00098,0.06018,0.21953,-0.00098,0.06007,,,1.12846,0.00000,-0.20964,0.34636,1.43401,0.00000,1.00000,0.00000,-0.21000,0.34600,1.43400,0.00000,1.00000,16,0.18300,-0.04970,0.01494,0.18360,0.09820,0,0.99122,0.00000,-0.00000,-0.13221,Left,0,470.91,376.31,477.92,365.20,490.22,352.37,505.37,346.01,517.62,345.40,490.28,333.40,505.16,321.22,516.59,320.26,524.81,322.76,496.46,339.38,513.03,331.05,521.56,335.95,525.32,343.73,501.56,346.03,516.59,339.05,523.61,342.79,525.36,350.20,504.94,353.00,515.98,347.43,521.15,349.87,522.10,356.10,0.00000,-0.01990,-0.02318,-0.02298,-0.02112,-0.00512,-0.00964,-0.01509,-0.01837,0.00423,-0.00263,-0.01160,-0.01610,0.01136,0.00456,-0.00573,-0.01075,0.01690,0.01065,0.00336,-0.00026,-0.04845,0.07441,-0.00168,-0.04321,0.04829,-0.02747,-0.02003,0.02903,-0.03856,0.00942,0.01237,-0.04575,0.03097,0.00973,-0.04175,-0.01664,-0.01308,-0.01627,0.00676,-0.02766,-0.01958,0.02909,-0.03211,-0.02488,0.04359,-0.03216,-0.03946,-0.00284,-0.00467,0.00360,0.02730,-0.01542,-0.01257,0.03849,-0.00885,-0.03142,0.04076,0.00198,-0.03908,0.01092,0.00551,0.01159,0.03411,-0.00058,-0.00144,0.04510,0.00772,-0.02405,0.04597,0.02000,-0.03573,0.01464,0.02413,0.01797,0.03119,0.01506,0.00774,0.03800,0.02015,-0.01359,0.04119,0.03067,-0.02461,0,,,,,0.18360,0.09820,0.01994,0.97000,0.00000,-0.00000,0.24311
3495.3666,0,1,17.27,0.00,26.20,0.35758,0.21901,1.23419,1.08943,1.27759,0.7519,1,0,0.21961,-0.00098,0.06018,0.21953,-0.00098,0.06007,,,1.08943,0.00000,-0.20964,0.34636,1.43401,0.00000,1.00000,0.00000,-0.21000,0.34600,1.43400,0.00000,1.00000,16,0.18300,-0.04970,0.01494,0.18360,0.09820,0,0.99122,-0.00000,-0.00000,-0.13221,Left,0,473.03,380.86,479.64,370.04,492.30,357.68,507.52,350.73,520.42,348.69,493.03,337.37,508.55,325.12,520.46,324.16,528.93,327.07,499.23,343.27,516.60,335.06,525.37,340.76,529.13,349.48,504.47,350.13,519.68,343.16,527.15,347.09,529.36,354.88,507.79,357.46,519.33,352.03,525.09,354.45,526.83,360.80,0.00000,-0.02153,-0.02595,-0.02667,-0.02570,-0.00630,-0.01160,-0.01783,-0.02159,0.00369,-0.00467,-0.01533,-0.02072,0.01146,0.00375,-0.00771,-0.01346,0.01763,0.01109,0.00331,-0.00065,-0.04850,0.07271,-0.00434,-0.04321,0.04730,-0.02867,-0.01963,0.02828,-0.04026,0.00896,0.01245,-0.04729,0.03066,0.00900,-0.04231,-0.01588,-0.01280,-0.01591,0.00764,-0.02742,-0.01830,0.03055,-0.03210,-0.02444,0.04495,-0.03174,-0.04108,-0.00257,-0.00432,0.00387,0.02695,-0.01509,-0.01245,0.03878,-0.00839,-0.03275,0.04031,0.00399,-0.04393,0.01052,0.00580,0.01146,0.03321,-0.00092,-0.00170,0.04534,0.00730,-0.02623,0.04651,0.01906,-0.04084,0.01398,0.02411,0.01644,0.03066,0.01448,0.00743,0.03789,0.01997,-0.01472,0.04243,0.02906,-0.02888,0,,,,,0.18360,0.09820,0.01994,0.97000,-0.00000,-0.00000,0.24311
3495.4014,0,1,18.44,0.00,30.32,0.35758,0.21901,1.23419,1.08444,1.24025,0.7458,1,0,0.21961,-0.00098,0.06018,0.21953,-0.00098,0.06007,,,1.08444,0.00000,-0.20964,0.34636,1.43401,0.00000,1.00000,0.00000,-0.21000,0.34600,1.43400,0.00000,1.00000,16,0.18300,-0.04970,0.01494,0.18360,0.09820,0,0.99122,-0.00000,-0.00000,-0.13221,Left,0,474.75,384.77,480.99,372.94,494.04,360.47,510.56,354.62,524.29,354.03,496.27,340.32,512.09,328.40,524.06,327.93,532.65,331.43,502.73,347.01,520.04,339.31,528.45,344.85,531.97,353.42,507.99,354.42,523.04,347.75,530.34,351.07,532.45,358.57,511.39,362.30,522.93,356.78,528.52,358.60,530.30,364.30,0.00000,-0.02306,-0.02835,-0.02979,-0.02961,-0.00622,-0.01183,-0.01914,-0.02381,0.00425,-0.00417,-0.01581,-0.02209,0.01226,0.00489,-0.00714,-0.01353,0.01843,0.01265,0.00498,0.00077,-0.05190,0.07179,-0.00896,-0.04658,0.04537,-0.03332,-0.02256,0.02655,-0.04327,0.00825,0.01181,-0.04765,0.03180,0.01044,-0.03875,-0.01619,-0.01424,-0.01597,0.00790,-0.02882,-0.01799,0.03063,-0.03308,-0.02413,0.04517,-0.03201,-0.04007,-0.00233,-0.00458,0.00392,0.02688,-0.01553,-0.01180,0.03763,-0.00874,-0.03312,0.03822,0.00348,-0.04448,0.01096,0.00677,0.01180,0.03330,-0.00058,-0.00034,0.04397,0.00666,-0.02608,0.04501,0.01745,-0.04178,0.01379,0.02577,0.01664,0.03032,0.01531,0.00908,0.03726,0.01932,-0.01242,0.04200,0.02764,-0.02754,0,,,,,0.18360,0.09820,0.01994,0.97000,-0.00000,-0.00000,0.24311
3495.4328,0,1,18.79,0.00,26.78,0.35758,0.21901,1.23419,1.04329,1.26482,0.5838,1,0,0.21961,-0.00098,0.06018,0.21953,-0.00098,0.06007,,,1.04329,0.00000,-0.20964,0.34636,1.43401,0.00000,1.00000,0.00000,-0.21000,0.34600,1.43400,0.00000,1.00000,16,0.18300,-0.04970,0.01494,0.18360,0.09820,0,0.99122,-0.00000,-0.00000,-0.13221,Left,0,475.63,387.90,482.38,375.97,495.62,363.48,511.81,356.10,526.13,353.49,498.77,343.28,515.50,331.30,527.89,331.43,536.27,335.61,505.54,350.21,525.34,342.95,532.23,350.92,532.84,361.09,511.12,357.60,528.14,351.19,534.01,356.73,532.86,366.09,514.14,365.11,527.14,359.19,532.32,361.75,532.09,368.28,0.00000,-0.02457,-0.03148,-0.03458,-0.03606,-0.00710,-0.01422,-0.02276,-0.02790,0.00355,-0.00839,-0.02233,-0.02900,0.01181,0.00163,-0.01103,-0.01664,0.01828,0.01162,0.00446,0.00123,-0.05248,0.06901,-0.01523,-0.04818,0.04190,-0.04112,-0.02423,0.02415,-0.05163,0.00526,0.00915,-0.05542,0.02955,0.00421,-0.04414,-0.01660,-0.01388,-0.01860,0.00668,-0.02908,-0.01944,0.03136,-0.03191,-0.02846,0.04333,-0.02854,-0.04568,-0.00236,-0.00405,0.00350,0.03002,-0.01287,-0.01324,0.03801,-0.00306,-0.03768,0.03201,0.01074,-0.05012,0.01239,0.00600,0.01324,0.03476,0.00243,-0.00132,0.04312,0.01092,-0.02918,0.04022,0.02346,-0.04654,0.01297,0.02468,0.01815,0.03123,0.01605,0.00793,0.03678,0.01956,-0.01559,0.03991,0.02836,-0.03099,0,,,,,0.18360,0.09820,0.01994,0.97000,-0.00000,-0.00000,0.24311
3495.4634,0,1,17.43,0.00,26.49,0.35758,0.21901,1.23419,1.05551,1.13421,0.5703,1,0,0.21961,-0.00098,0.06018,0.21953,-0.00098,0.06007,,,1.05551,0.00000,-0.20964,0.34636,1.43401,0.00000,1.00000,0.00000,-0.21000,0.34600,1.43400,0.00000,1.00000,16,0.18300,-0.04970,0.01494,0.18360,0.09820,0,0.99122,-0.00000,0.00000,-0.13221,Left,0,478.16,390.56,484.43,377.15,497.36,363.78,513.91,357.60,528.19,355.74,501.67,345.49,518.64,333.24,530.58,334.14,538.61,338.83,508.64,353.17,528.90,345.22,535.63,353.15,536.07,362.90,513.91,361.35,531.14,355.05,536.86,360.80,535.05,369.98,516.53,369.60,529.39,364.64,534.07,367.80,532.99,374.50,0.00000,-0.02221,-0.02861,-0.03181,-0.03351,-0.00680,-0.01432,-0.02266,-0.02767,0.00222,-0.00944,-0.02288,-0.02958,0.00905,-0.00155,-0.01432,-0.02014,0.01428,0.00652,-0.00118,-0.00478,-0.05466,0.06869,-0.01083,-0.04951,0.04016,-0.03156,-0.02499,0.01967,-0.04107,0.00475,0.00617,-0.04420,0.02791,0.00063,-0.03652,-0.01559,-0.01597,-0.01323,0.00848,-0.02999,-0.01477,0.03062,-0.03281,-0.02265,0.04343,-0.02826,-0.04046,-0.00226,-0.00528,0.00408,0.03024,-0.01432,-0.01326,0.03854,-0.00459,-0.03463,0.03367,0.00809,-0.04474,0.01127,0.00859,0.00946,0.03472,0.00286,-0.00415,0.04268,0.01184,-0.02960,0.03801,0.02440,-0.04425,0.01213,0.02741,0.01333,0.02880,0.01866,0.00288,0.03517,0.02414,-0.01985,0.03448,0.03301,-0.03231,0,,,,,0.18360,0.09820,0.01994,0.97000,-0.00000,-0.00000,0.24311
3495.4943,0,1,16.13,0.00,27.33,0.35758,0.21901,1.23419,0.99271,1.09603,0.5254,1,0,0.21961,-0.00098,0.06018,0.21953,-0.00098,0.06007,,,0.99271,0.00000,-0.20964,0.34636,1.43401,0.00000,1.00000,0.00000,-0.21000,0.34600,1.43400,0.00000,1.00000,16,0.18300,-0.04970,0.01494,0.18360,0.09820,0,0.99122,-0.00000,-0.00000,-0.13221,Left,0,479.61,394.25,485.17,380.39,497.46,366.87,513.84,360.00,528.69,357.95,505.34,348.11,521.53,335.96,533.50,336.95,541.14,342.67,512.38,356.36,532.85,348.69,538.99,356.74,538.03,367.20,517.75,365.34,535.33,359.22,540.49,365.17,537.46,374.92,520.35,374.48,533.44,368.93,537.63,372.21,535.49,379.46,0.00000,-0.02243,-0.03017,-0.03508,-0.03847,-0.00714,-0.01699,-0.02734,-0.03342,0.00069,-0.01411,-0.02926,-0.03636,0.00617,-0.00713,-0.02026,-0.02556,0.01007,0.00060,-0.00689,-0.00983,-0.05731,0.06554,-0.00148,-0.05136,0.03644,-0.02777,-0.02973,0.01720,-0.04093,-0.00261,0.00454,-0.05117,0.02077,-0.00024,-0.04642,-0.01618,-0.01608,-0.01473,0.00633,-0.02918,-0.01858,0.02705,-0.03226,-0.02792,0.03848,-0.02629,-0.04759,-0.00211,-0.00502,0.00348,0.02828,-0.01366,-0.01486,0.03518,-0.00389,-0.03965,0.02842,0.00962,-0.04968,0.01199,0.00856,0.01069,0.03287,0.00411,-0.00474,0.03973,0.01371,-0.03150,0.03383,0.02604,-0.04738,0.01245,0.02711,0.01553,0.02740,0.01914,0.00428,0.03269,0.02440,-0.02081,0.02996,0.03488,-0.03528,0,,,,,0.18360,0.09820,0.01994,0.97000,-0.00000,-0.00000,0.24311
3495.5267,0,1,15.92,0.00,29.26,0.35758,0.21901,1.23419,1.00456,1.08449,0.5386,1,0,0.21961,-0.00098,0.06018,0.21953,-0.00098,0.06007,,,1.00456,0.00000,-0.20964,0.34636,1.43401,0.00000,1.00000,0.00000,-0.21000,0.34600,1.43400,0.00000,1.00000,16,0.18300,-0.04970,0.01494,0.18360,0.09820,0,0.99122,-0.00000,0.00000,-0.13221,Left,0,481.01,397.34,487.80,383.54,500.37,370.54,517.00,364.35,531.37,363.12,507.98,351.98,525.23,339.83,537.28,341.49,543.80,347.90,514.60,360.44,534.59,352.66,541.65,360.20,541.16,370.01,519.71,369.70,536.74,363.52,542.22,369.25,539.43,378.03,522.05,379.15,534.97,374.02,539.10,377.12,536.72,383.80,0.00000,-0.02272,-0.02995,-0.03403,-0.03636,-0.00693,-0.01617,-0.02622,-0.03189,0.00177,-0.01034,-0.02455,-0.03178,0.00803,-0.00273,-0.01534,-0.02109,0.01261,0.00541,-0.00122,-0.00402,-0.05782,0.06566,-0.00367,-0.05046,0.03688,-0.02981,-0.02779,0.01765,-0.04099,0.00021,0.00591,-0.05051,0.02210,0.00176,-0.04548,-0.01536,-0.01670,-0.01424,0.00889,-0.02968,-0.01755,0.02995,-0.03156,-0.02584,0.04035,-0.02480,-0.04442,-0.00196,-0.00508,0.00357,0.02928,-0.01425,-0.01350,0.03603,-0.00446,-0.03697,0.03144,0.00775,-0.04471,0.01146,0.00884,0.01032,0.03307,0.00434,-0.00402,0.03950,0.01371,-0.03018,0.03462,0.02525,-0.04431,0.01171,0.02803,0.01495,0.02675,0.01959,0.00400,0.03236,0.02433,-0.01940,0.03022,0.03438,-0.03284,0,,,,,0.18360,0.09820,0.01994,0.97000,-0.00000,0.00000,0.24311
3495.5577,0,1,15.14,0.00,26.11,0.35758,0.21901,1.23419,0.99196,1.09225,0.5017,1,0,0.21961,-0.00098,0.06018,0.21953,-0.00098,0.06007,,,0.99196,0.00000,-0.20964,0.34636,1.43401,0.00000,1.00000,0.00000,-0.21000,0.34600,1.43400,0.00000,1.00000,16,0.18300,-0.04970,0.01494,0.18360,0.09820,0,0.99122,-0.00000,0.00000,-0.13221,Left,0,485.23,402.10,490.12,386.70,502.26,373.44,519.33,368.87,533.40,368.98,512.25,355.25,529.97,343.38,541.24,346.28,546.33,353.67,518.99,364.39,539.87,358.47,544.31,368.14,541.12,378.34,524.26,373.92,542.18,368.38,546.19,375.47,542.25,384.21,526.63,383.57,540.34,378.50,543.93,382.02,540.73,388.22,0.00000,-0.02208,-0.02971,-0.03456,-0.03753,-0.00720,-0.01866,-0.03006,-0.03621,0.00017,-0.01444,-0.02879,-0.03529,0.00491,-0.00738,-0.01885,-0.02321,0.00789,0.00044,-0.00499,-0.00667,-0.05860,0.06530,0.00152,-0.05374,0.03559,-0.02673,-0.03283,0.01689,-0.04283,-0.00500,0.00737,-0.05428,0.01843,0.00480,-0.05216,-0.01581,-0.01747,-0.01526,0.00843,-0.03036,-0.01933,0.02813,-0.03027,-0.03012,0.03496,-0.02190,-0.05207,-0.00205,-0.00541,0.00402,0.02946,-0.01159,-0.01687,0.03215,0.00094,-0.04052,0.02238,0.01301,-0.04618,0.01230,0.00936,0.01105,0.03421,0.00663,-0.00620,0.03804,0.01598,-0.03285,0.02966,0.02754,-0.04707,0.01143,0.02924,0.01626,0.02887,0.02167,0.00432,0.03279,0.02577,-0.02118,0.02857,0.03397,-0.03461,0,,,,,0.18360,0.09820,0.01994,0.97000,-0.00000,0.00000,0.24311
3495.5901,0,1,15.29,0.00,27.79,0.35758,0.21901,1.23419,1.03595,1.05446,0.3973,1,0,0.21961,-0.00098,0.06018,0.21953,-0.00098,0.06007,,,1.03595,0.00000,-0.20964,0.34636,1.43401,0.00000,1.00000,0.00000,-0.21000,0.34600,1.43400,0.00000,1.00000,16,0.18300,-0.04970,0.01494,0.18360,0.09820,0,0.99122,0.00000,-0.00000,-0.13221,Left,0,486.17,406.61,490.92,392.74,503.39,379.19,520.33,373.42,534.65,372.98,514.65,361.48,533.73,348.06,544.16,352.73,546.76,362.96,521.46,369.69,542.73,363.99,547.10,374.26,543.10,385.69,526.40,378.69,544.94,373.50,548.66,381.34,544.89,391.02,528.61,388.20,541.93,383.52,545.50,387.53,542.62,394.23,0.00000,-0.02303,-0.03183,-0.03746,-0.04089,-0.01245,-0.02658,-0.03850,-0.04397,-0.00510,-0.02141,-0.03427,-0.03908,-0.00057,-0.01433,-0.02434,-0.02720,0.00215,-0.00696,-0.01195,-0.01273,-0.06280,0.06638,0.01281,-0.05575,0.03755,-0.01542,-0.03570,0.01824,-0.03006,-0.00859,0.00577,-0.04620,0.01546,0.00236,-0.04668,-0.01537,-0.01680,-0.01048,0.01018,-0.03007,-0.01655,0.02704,-0.02838,-0.02764,0.03062,-0.01464,-0.04736,-0.00150,-0.00623,0.00364,0.03042,-0.01298,-0.01511,0.03274,0.00190,-0.03774,0.02439,0.01536,-0.04003,0.01145,0.00937,0.00770,0.03353,0.00621,-0.00930,0.03726,0.01692,-0.03294,0.03139,0.03002,-0.04417,0.01107,0.02918,0.01136,0.02724,0.02206,-0.00149,0.03150,0.02676,-0.02184,0.02768,0.03575,-0.03327,0,,,,,0.18360,0.09820,0.01994,0.97000,0.00000,0.00000,0.24311
3495.6235,0,1,16.59,0.00,30.23,0.33940,0.25257,0.95507,1.02126,0.95507,0.4175,0,0,0.21961,-0.00098,0.06018,0.21953,-0.00098,0.06007,,,0.95507,0.00000,-0.20964,0.34636,1.43401,0.00000,1.00000,0.00000,-0.21000,0.34600,1.43400,0.00000,1.00000,16,0.18300,-0.04970,0.01494,0.18360,0.09820,0,0.99122,0.00000,0.00000,-0.13221,Left,0,485.92,411.12,491.58,395.83,503.60,382.23,520.64,378.06,535.49,378.46,517.41,366.54,536.00,354.42,545.51,359.91,547.65,369.85,523.91,375.08,544.06,368.47,548.34,377.47,544.24,387.39,528.09,384.79,546.05,378.91,549.71,385.81,545.71,394.05,529.49,395.35,542.46,390.21,545.42,393.40,542.52,398.50,0.00000,-0.01663,-0.02467,-0.03111,-0.03579,-0.00899,-0.02210,-0.03353,-0.03935,-0.00542,-0.01907,-0.03011,-0.03501,-0.00419,-0.01478,-0.02133,-0.02339,-0.00453,-0.01111,-0.01364,-0.01363,-0.06534,0.06274,0.02152,-0.05781,0.03400,-0.00384,-0.03728,0.01502,-0.01842,-0.01000,0.00387,-0.03471,0.01478,0.00137,-0.04070,-0.01325,-0.01834,-0.00617,0.01231,-0.02922,-0.01299,0.02786,-0.02640,-0.02412,0.03103,-0.01410,-0.04182,-0.00045,-0.00647,0.00399,0.02956,-0.01529,-0.01473,0.03198,-0.00302,-0.03622,0.02523,0.00934,-0.03970,0.00927,0.00988,0.00475,0.03122,0.00452,-0.01265,0.03447,0.01321,-0.03403,0.02940,0.02564,-0.04379,0.00665,0.03010,0.00626,0.02417,0.02361,-0.00551,0.02752,0.02492,-0.02457,0.02309,0.03222,-0.03328,0,,,,,0.18360,0.09820,0.01994,0.97000,0.00000,0.00000,0.24311
3495.6554,0,1,17.02,0.00,28.06,0.33391,0.25309,0.93656,0.99607,0.91805,0.3633,0,0,0.21961,-0.00098,0.06018,0.21953,-0.00098,0.06007,,,0.91805,0.00000,-0.20964,0.34636,1.43401,0.00000,1.00000,0.00000,-0.21000,0.34600,1.43400,0.00000,1.00000,16,0.18300,-0.04970,0.01494,0.18360,0.09820,0,0.99122,-0.00000,-0.00000,-0.13221,Left,0,485.11,416.93,491.51,400.49,505.49,386.85,523.02,383.38,536.83,385.09,519.22,371.96,538.93,361.17,548.02,367.38,548.93,377.54,525.87,381.43,546.45,374.86,550.96,383.89,546.50,393.76,530.04,391.96,548.66,386.65,552.81,393.91,548.74,402.02,531.15,403.28,545.32,399.10,549.10,402.33,546.60,407.28,0.00000,-0.01436,-0.02050,-0.02574,-0.02918,-0.00494,-0.01760,-0.02850,-0.03380,-0.00283,-0.01600,-0.02740,-0.03243,-0.00305,-0.01376,-0.02136,-0.02389,-0.00467,-0.01154,-0.01465,-0.01494,-0.06985,0.05972,0.01568,-0.05961,0.03024,-0.00570,-0.03720,0.01133,-0.01743,-0.00880,0.00183,-0.03185,0.01487,0.00079,-0.03775,-0.01231,-0.01977,-0.00306,0.01501,-0.02946,-0.01149,0.02860,-0.02647,-0.02229,0.02952,-0.01270,-0.04089,0.00007,-0.00666,0.00393,0.03039,-0.01501,-0.01437,0.03301,-0.00372,-0.03711,0.02504,0.00929,-0.04073,0.00914,0.01123,0.00330,0.03322,0.00624,-0.01390,0.03596,0.01588,-0.03614,0.03067,0.02692,-0.04692,0.00619,0.03231,0.00206,0.02441,0.02572,-0.00828,0.03020,0.02842,-0.02684,0.02601,0.03533,-0.03616,0,,,,,0.18360,0.09820,0.01994,0.97000,-0.00000,0.00000,0.24311
3495.7010,0,1,15.22,0.00,41.45,0.32256,0.25016,0.89780,1.00915,0.85905,0.2414,0,0,0.21961,-0.00098,0.06018,0.21953,-0.00098,0.06007,,,0.85905,0.00000,-0.20964,0.34636,1.43401,0.00000,1.00000,0.00000,-0.21000,0.34600,1.43400,0.00000,1.00000,16,0.18300,-0.04970,0.01494,0.18360,0.09820,0,0.99122,0.00000,0.00000,-0.13221,Left,0,486.06,422.48,492.21,407.10,506.28,393.76,523.40,390.03,537.12,392.55,521.32,378.52,542.62,368.32,550.03,378.54,548.47,390.61,528.86,388.05,550.16,382.41,553.56,394.46,547.65,405.34,533.30,398.49,551.91,394.27,555.33,404.33,550.51,413.67,534.43,410.02,548.37,406.60,551.15,412.05,547.11,418.41,0.00000,-0.01419,-0.02083,-0.02660,-0.03031,-0.00815,-0.02317,-0.03502,-0.04043,-0.00688,-0.02103,-0.03195,-0.03671,-0.00806,-0.01987,-0.02688,-0.02897,-0.01065,-0.01858,-0.02143,-0.02147,-0.07105,0.05708,0.03217,-0.06121,0.03023,0.00838,-0.03915,0.01117,-0.00506,-0.01228,0.00212,-0.02445,0.01043,0.00171,-0.03567,-0.01147,-0.01872,-0.00305,0.01438,-0.02662,-0.01459,0.02596,-0.01854,-0.02380,0.02220,-0.00277,-0.03777,0.00036,-0.00642,0.00259,0.03035,-0.01300,-0.01475,0.03149,0.00120,-0.03349,0.02262,0.01647,-0.03375,0.00849,0.01020,0.00303,0.03159,0.00806,-0.01349,0.03288,0.01959,-0.03140,0.02832,0.03286,-0.03851,0.00494,0.03096,0.00462,0.02284,0.02597,-0.00600,0.02679,0.03174,-0.02120,0.01993,0.03976,-0.02792,0,,,,,0.18360,0.09820,0.01994,0.97000,0.00000,-0.00000,0.24311
3495.7330,0,1,14.86,0.00,27.35,0.31520,0.25525,0.87414,1.00850,0.85048,0.2656,0,0,0.21961,-0.00098,0.06018,0.21953,-0.00098,0.06007,,,0.85048,0.00000,-0.20964,0.34636,1.43401,0.00000,1.00000,0.00000,-0.21000,0.34600,1.43400,0.00000,1.00000,16,0.18300,-0.04970,0.01494,0.18360,0.09820,0,0.99122,-0.00000,0.00000,-0.13221,Left,0,485.17,430.61,489.31,414.16,502.38,400.97,519.37,399.60,533.09,402.13,521.79,387.57,544.04,378.46,549.10,390.71,545.25,402.91,529.00,398.47,551.08,392.25,553.33,404.87,546.16,415.23,533.01,409.86,552.61,404.82,554.74,414.38,548.29,422.94,534.10,421.79,549.05,417.36,550.71,422.56,545.21,428.85,-0.00000,-0.01366,-0.02215,-0.03049,-0.03701,-0.00920,-0.02614,-0.04037,-0.04742,-0.00929,-0.02445,-0.03656,-0.04245,-0.01168,-0.02345,-0.02973,-0.03173,-0.01558,-0.02336,-0.02517,-0.02471,-0.07326,0.05125,0.03495,-0.06422,0.02294,0.00835,-0.04430,0.00707,-0.01025,-0.01776,0.00101,-0.03019,0.00356,0.00064,-0.04116,-0.01182,-0.02011,-0.00542,0.01505,-0.02602,-0.01763,0.02448,-0.01503,-0.02922,0.01797,-0.00036,-0.04450,0.00036,-0.00635,0.00268,0.03182,-0.01180,-0.01617,0.03170,0.00180,-0.03703,0.01934,0.01623,-0.03950,0.00915,0.01112,0.00453,0.03166,0.00836,-0.01271,0.03120,0.01883,-0.03393,0.02309,0.03132,-0.04369,0.00430,0.03170,0.00759,0.02309,0.02677,-0.00312,0.02603,0.03097,-0.02224,0.01645,0.03984,-0.03144,0,,,,,0.18360,0.09820,0.01994,0.97000,-0.00000,0.00000,0.24311
3495.7657,0,1,15.63,0.00,29.32,0.29868,0.25437,0.83192,0.95285,0.78970,0.2235,0,0,0.21961,-0.00098,0.06018,0.21953,-0.00098,0.06007,,,0.78970,0.00000,-0.20964,0.34636,1.43401,0.00000,1.00000,0.00000,-0.21000,0.34600,1.43400,0.00000,1.00000,16,0.18300,-0.04970,0.01494,0.18360,0.09820,0,0.99122,-0.00000,-0.00000,-0.13221,Left,0,481.34,437.49,487.79,423.03,501.04,410.49,517.09,408.32,529.35,410.95,519.50,396.04,541.14,387.72,545.01,400.63,541.00,412.71,527.04,407.23,548.80,406.68,548.39,422.04,539.33,432.93,530.78,418.77,549.80,420.03,548.82,432.95,540.56,442.78,531.50,430.06,546.13,429.57,545.43,436.97,537.99,444.31,-0.00000,-0.01338,-0.02060,-0.02765,-0.03293,-0.00929,-0.02469,-0.03631,-0.04145,-0.00917,-0.02541,-0.03601,-0.03962,-0.01127,-0.02722,-0.03402,-0.03427,-0.01438,-0.02697,-0.02986,-0.02844,-0.07247,0.04519,0.03486,-0.06108,0.02106,0.01032,-0.04020,0.00640,-0.00734,-0.01702,0.00074,-0.02808,0.00203,-0.00047,-0.03830,-0.01046,-0.01864,-0.00407,0.01236,-0.02376,-0.01713,0.02033,-0.01297,-0.02685,0.01304,0.00275,-0.03777,-0.00075,-0.00655,0.00234,0.03076,-0.00418,-0.01403,0.02820,0.01234,-0.02927,0.01297,0.02521,-0.02567,0.00832,0.00973,0.00365,0.02839,0.01615,-0.01327,0.02688,0.02940,-0.02700,0.01587,0.04217,-0.03053,0.00407,0.02934,0.00729,0.02079,0.02962,-0.00604,0.02183,0.03606,-0.02234,0.00902,0.04555,-0.02815,0,,,,,0.18360,0.09820,0.01994,0.97000,0.00000,0.00000,0.24311
3495.8082,0,1,19.17,0.00,37.53,0.29868,0.25437,0.83192,0.86635,0.63685,0.9891,1,0,0.21961,-0.00098,0.06018,0.21953,-0.00098,0.06007,,,0.63685,0.00000,-0.20964,0.34636,1.43401,0.00000,1.00000,0.00000,-0.21000,0.34600,1.43400,0.00000,1.00000,16,0.18300,-0.04970,0.01494,0.18360,0.09820,0,0.99122,-0.00000,-0.00000,-0.13221,Left,0,478.40,453.10,482.10,438.63,493.48,423.49,507.31,416.32,519.52,413.65,518.90,411.99,538.64,407.07,539.14,421.42,532.48,434.87,524.83,420.36,544.39,418.32,543.92,432.32,535.86,444.24,528.09,429.19,545.76,426.78,544.79,437.95,536.56,448.41,528.53,437.81,542.39,434.64,540.66,441.58,532.37,449.73,-0.00000,-0.01810,-0.02836,-0.03786,-0.04543,-0.01202,-0.03005,-0.04457,-0.05141,-0.00885,-0.02494,-0.03652,-0.04153,-0.00849,-0.02250,-0.02870,-0.02954,-0.00980,-0.02071,-0.02363,-0.02268,-0.06896,0.04527,0.02879,-0.05685,0.02636,0.01012,-0.03793,0.01037,-0.00255,-0.02167,-0.00162,-0.01732,-0.00245,-0.01025,-0.03253,-0.00791,-0.01084,-0.00104,0.00980,-0.01117,-0.01568,0.01575,0.00266,-0.02533,0.00372,0.02013,-0.02809,-0.00026,-0.00498,0.00348,0.02618,-0.00348,-0.01523,0.02119,0.01116,-0.03160,0.00810,0.02695,-0.03106,0.00703,0.00505,0.00179,0.02239,0.00655,-0.01441,0.02080,0.01997,-0.02960,0.01042,0.03446,-0.03573,0.00181,0.01901,0.00298,0.01717,0.01769,-0.00863,0.01570,0.02622,-0.02215,0.00153,0.03309,-0.03187,0,,,,,0.18360,0.09820,0.01994,0.97000,0.00000,0.00000,0.24311
3495.8335,0,0,15.25,0.00,20.99,0.29868,0.25437,0.83192,,,,0,0,0.21961,-0.00098,0.06018,0.21953,-0.00098,0.06007,,,nan,0.00000,-0.20964,0.34636,1.43401,0.00000,1.00000,0.00000,-0.21000,0.34600,1.43400,0.00000,1.00000,16,0.18300,-0.04970,0.01494,0.18360,0.09820,0,0.99122,-0.00000,-0.00000,-0.13221,,0,,,,,,,,,,,,,,,,,,,,,,,,,,,,,,,,,,,,,,,,,,,,,,,,,,,,,,,,,,,,,,,,,,,,,,,,,,,,,,,,,,,,,,,,,,,,,,,,,,,,,,,,,,,,,,,,,,,,,,,,,,,,,,,0,,,,,0.18360,0.09820,0.01994,0.97000,0.00000,0.00000,0.24311
3495.8665,0,0,20.21,0.00,28.51,0.29868,0.25437,0.83192,,,,0,0,0.21961,-0.00098,0.06018,0.21953,-0.00098,0.06007,,,nan,0.00000,-0.20964,0.34636,1.43401,0.00000,1.00000,0.00000,-0.21000,0.34600,1.43400,0.00000,1.00000,16,0.18300,-0.04970,0.01494,0.18360,0.09820,0,0.99122,-0.00000,-0.00000,-0.13221,,0,,,,,,,,,,,,,,,,,,,,,,,,,,,,,,,,,,,,,,,,,,,,,,,,,,,,,,,,,,,,,,,,,,,,,,,,,,,,,,,,,,,,,,,,,,,,,,,,,,,,,,,,,,,,,,,,,,,,,,,,,,,,,,,0,,,,,0.18360,0.09820,0.01994,0.97000,0.00000,0.00000,0.24311
3495.8958,0,0,18.00,0.00,25.35,0.29868,0.25437,0.83192,,,,0,0,0.21961,-0.00098,0.06018,0.21953,-0.00098,0.06007,,,nan,0.00000,-0.20964,0.34636,1.43401,0.00000,1.00000,0.00000,-0.21000,0.34600,1.43400,0.00000,1.00000,16,0.18300,-0.04970,0.01494,0.18360,0.09820,0,0.99122,0.00000,0.00000,-0.13221,,0,,,,,,,,,,,,,,,,,,,,,,,,,,,,,,,,,,,,,,,,,,,,,,,,,,,,,,,,,,,,,,,,,,,,,,,,,,,,,,,,,,,,,,,,,,,,,,,,,,,,,,,,,,,,,,,,,,,,,,,,,,,,,,,0,,,,,0.18360,0.09820,0.01994,0.97000,0.00000,0.00000,0.24311
3495.9288,0,0,18.55,0.00,29.17,0.29868,0.25437,0.83192,,,,0,0,0.21961,-0.00098,0.06018,0.21953,-0.00098,0.06007,,,nan,0.00000,-0.20964,0.34636,1.43401,0.00000,1.00000,0.00000,-0.21000,0.34600,1.43400,0.00000,1.00000,16,0.18300,-0.04970,0.01494,0.18360,0.09820,0,0.99122,-0.00000,0.00000,-0.13221,,0,,,,,,,,,,,,,,,,,,,,,,,,,,,,,,,,,,,,,,,,,,,,,,,,,,,,,,,,,,,,,,,,,,,,,,,,,,,,,,,,,,,,,,,,,,,,,,,,,,,,,,,,,,,,,,,,,,,,,,,,,,,,,,,0,,,,,0.18360,0.09820,0.01994,0.97000,0.00000,0.00000,0.24311
3495.9600,0,0,17.76,0.00,28.51,0.29868,0.25437,0.83192,,,,0,0,0.21961,-0.00098,0.06018,0.21953,-0.00098,0.06007,,,nan,0.00000,-0.20964,0.34636,1.43401,0.00000,1.00000,0.00000,-0.21000,0.34600,1.43400,0.00000,1.00000,16,0.18300,-0.04970,0.01494,0.18360,0.09820,0,0.99122,-0.00000,0.00000,-0.13221,,0,,,,,,,,,,,,,,,,,,,,,,,,,,,,,,,,,,,,,,,,,,,,,,,,,,,,,,,,,,,,,,,,,,,,,,,,,,,,,,,,,,,,,,,,,,,,,,,,,,,,,,,,,,,,,,,,,,,,,,,,,,,,,,,0,,,,,0.18360,0.09820,0.01994,0.97000,0.00000,-0.00000,0.24311
3495.9916,0,0,17.25,0.00,27.66,0.29868,0.25437,0.83192,,,,0,0,0.21961,-0.00098,0.06018,0.21953,-0.00098,0.06007,,,nan,0.00000,-0.20964,0.34636,1.43401,0.00000,1.00000,0.00000,-0.21000,0.34600,1.43400,0.00000,1.00000,16,0.18300,-0.04970,0.01494,0.18360,0.09820,0,0.99122,-0.00000,0.00000,-0.13221,,0,,,,,,,,,,,,,,,,,,,,,,,,,,,,,,,,,,,,,,,,,,,,,,,,,,,,,,,,,,,,,,,,,,,,,,,,,,,,,,,,,,,,,,,,,,,,,,,,,,,,,,,,,,,,,,,,,,,,,,,,,,,,,,,0,,,,,0.18360,0.09820,0.01994,0.97000,-0.00000,0.00000,0.24311
3496.0296,0,0,22.99,0.00,33.74,0.29868,0.25437,0.83192,,,,0,0,0.21961,-0.00098,0.06018,0.21953,-0.00098,0.06007,,,nan,0.00000,-0.20964,0.34636,1.43401,0.00000,1.00000,0.00000,-0.21000,0.34600,1.43400,0.00000,1.00000,16,0.18300,-0.04970,0.01494,0.18360,0.09820,0,0.99122,0.00000,-0.00000,-0.13221,,0,,,,,,,,,,,,,,,,,,,,,,,,,,,,,,,,,,,,,,,,,,,,,,,,,,,,,,,,,,,,,,,,,,,,,,,,,,,,,,,,,,,,,,,,,,,,,,,,,,,,,,,,,,,,,,,,,,,,,,,,,,,,,,,0,,,,,0.18360,0.09820,0.01994,0.97000,-0.00000,0.00000,0.24311
3496.0573,0,0,16.81,0.00,23.53,0.29868,0.25437,0.83192,,,,0,0,0.21961,-0.00098,0.06018,0.21953,-0.00098,0.06007,,,nan,0.00000,-0.20964,0.34636,1.43401,0.00000,1.00000,0.00000,-0.21000,0.34600,1.43400,0.00000,1.00000,16,0.18300,-0.04970,0.01494,0.18360,0.09820,0,0.99122,-0.00000,0.00000,-0.13221,,0,,,,,,,,,,,,,,,,,,,,,,,,,,,,,,,,,,,,,,,,,,,,,,,,,,,,,,,,,,,,,,,,,,,,,,,,,,,,,,,,,,,,,,,,,,,,,,,,,,,,,,,,,,,,,,,,,,,,,,,,,,,,,,,0,,,,,0.18360,0.09820,0.01994,0.97000,0.00000,0.00000,0.24311
3496.0863,0,0,16.35,0.00,25.76,0.29868,0.25437,0.83192,,,,0,0,0.21961,-0.00098,0.06018,0.21953,-0.00098,0.06007,,,nan,0.00000,-0.20964,0.34636,1.43401,0.00000,1.00000,0.00000,-0.21000,0.34600,1.43400,0.00000,1.00000,16,0.18300,-0.04970,0.01494,0.18360,0.09820,0,0.99122,0.00000,-0.00000,-0.13221,,0,,,,,,,,,,,,,,,,,,,,,,,,,,,,,,,,,,,,,,,,,,,,,,,,,,,,,,,,,,,,,,,,,,,,,,,,,,,,,,,,,,,,,,,,,,,,,,,,,,,,,,,,,,,,,,,,,,,,,,,,,,,,,,,0,,,,,0.18360,0.09820,0.01994,0.97000,0.00000,0.00000,0.24311
3496.1348,0,0,16.78,0.00,45.10,0.29868,0.25437,0.83192,,,,0,0,0.21961,-0.00098,0.06018,0.21953,-0.00098,0.06007,,,nan,0.00000,-0.20964,0.34636,1.43401,0.00000,1.00000,0.00000,-0.21000,0.34600,1.43400,0.00000,1.00000,16,0.18300,-0.04970,0.01494,0.18360,0.09820,0,0.99122,0.00000,-0.00000,-0.13221,,0,,,,,,,,,,,,,,,,,,,,,,,,,,,,,,,,,,,,,,,,,,,,,,,,,,,,,,,,,,,,,,,,,,,,,,,,,,,,,,,,,,,,,,,,,,,,,,,,,,,,,,,,,,,,,,,,,,,,,,,,,,,,,,,0,,,,,0.18360,0.09820,0.01994,0.97000,0.00000,0.00000,0.24311
3496.1723,0,0,21.38,0.00,33.32,0.29868,0.25437,0.83192,,,,0,0,0.21961,-0.00098,0.06018,0.21953,-0.00098,0.06007,,,nan,0.00000,-0.20964,0.34636,1.43401,0.00000,1.00000,0.00000,-0.21000,0.34600,1.43400,0.00000,1.00000,16,0.18300,-0.04970,0.01494,0.18360,0.09820,0,0.99122,0.00000,0.00000,-0.13221,,0,,,,,,,,,,,,,,,,,,,,,,,,,,,,,,,,,,,,,,,,,,,,,,,,,,,,,,,,,,,,,,,,,,,,,,,,,,,,,,,,,,,,,,,,,,,,,,,,,,,,,,,,,,,,,,,,,,,,,,,,,,,,,,,0,,,,,0.18360,0.09820,0.01994,0.97000,0.00000,0.00000,0.24311
3496.2211,0,0,37.80,0.00,44.15,0.29868,0.25437,0.83192,,,,0,0,0.21961,-0.00098,0.06018,0.21953,-0.00098,0.06007,,,nan,0.00000,-0.20964,0.34636,1.43401,0.00000,1.00000,0.00000,-0.21000,0.34600,1.43400,0.00000,1.00000,16,0.18300,-0.04970,0.01494,0.18360,0.09820,0,0.99122,0.00000,-0.00000,-0.13221,,0,,,,,,,,,,,,,,,,,,,,,,,,,,,,,,,,,,,,,,,,,,,,,,,,,,,,,,,,,,,,,,,,,,,,,,,,,,,,,,,,,,,,,,,,,,,,,,,,,,,,,,,,,,,,,,,,,,,,,,,,,,,,,,,0,,,,,0.18360,0.09820,0.01994,0.97000,0.00000,0.00000,0.24311
3496.2669,0,0,35.08,0.00,40.91,0.29868,0.25437,0.83192,,,,0,0,0.21961,-0.00098,0.06018,0.21953,-0.00098,0.06007,,,nan,0.00000,-0.20964,0.34636,1.43401,0.00000,1.00000,0.00000,-0.21000,0.34600,1.43400,0.00000,1.00000,16,0.18300,-0.04970,0.01494,0.18360,0.09820,0,0.99122,0.00000,-0.00000,-0.13221,,0,,,,,,,,,,,,,,,,,,,,,,,,,,,,,,,,,,,,,,,,,,,,,,,,,,,,,,,,,,,,,,,,,,,,,,,,,,,,,,,,,,,,,,,,,,,,,,,,,,,,,,,,,,,,,,,,,,,,,,,,,,,,,,,0,,,,,0.18360,0.09820,0.01994,0.97000,-0.00000,0.00000,0.24311
3496.3155,0,0,38.27,0.00,44.66,0.29868,0.25437,0.83192,,,,0,0,0.21961,-0.00098,0.06018,0.21953,-0.00098,0.06007,,,nan,0.00000,-0.20964,0.34636,1.43401,0.00000,1.00000,0.00000,-0.21000,0.34600,1.43400,0.00000,1.00000,16,0.18300,-0.04970,0.01494,0.18360,0.09820,0,0.99122,0.00000,-0.00000,-0.13221,,0,,,,,,,,,,,,,,,,,,,,,,,,,,,,,,,,,,,,,,,,,,,,,,,,,,,,,,,,,,,,,,,,,,,,,,,,,,,,,,,,,,,,,,,,,,,,,,,,,,,,,,,,,,,,,,,,,,,,,,,,,,,,,,,0,,,,,0.18360,0.09820,0.01994,0.97000,-0.00000,0.00000,0.24311
3496.3597,0,0,34.71,0.00,40.24,0.29868,0.25437,0.83192,,,,0,0,0.21961,-0.00098,0.06018,0.21953,-0.00098,0.06007,,,nan,0.00000,-0.20964,0.34636,1.43401,0.00000,1.00000,0.00000,-0.21000,0.34600,1.43400,0.00000,1.00000,16,0.18300,-0.04970,0.01494,0.18360,0.09820,0,0.99122,0.00000,-0.00000,-0.13221,,0,,,,,,,,,,,,,,,,,,,,,,,,,,,,,,,,,,,,,,,,,,,,,,,,,,,,,,,,,,,,,,,,,,,,,,,,,,,,,,,,,,,,,,,,,,,,,,,,,,,,,,,,,,,,,,,,,,,,,,,,,,,,,,,0,,,,,0.18360,0.09820,0.01994,0.97000,-0.00000,-0.00000,0.24311
3496.3903,0,0,20.97,0.00,26.97,0.29868,0.25437,0.83192,,,,0,0,0.21961,-0.00098,0.06018,0.21953,-0.00098,0.06007,,,nan,0.00000,-0.20964,0.34636,1.43401,0.00000,1.00000,0.00000,-0.21000,0.34600,1.43400,0.00000,1.00000,16,0.18300,-0.04970,0.01494,0.18360,0.09820,0,0.99122,-0.00000,0.00000,-0.13221,,0,,,,,,,,,,,,,,,,,,,,,,,,,,,,,,,,,,,,,,,,,,,,,,,,,,,,,,,,,,,,,,,,,,,,,,,,,,,,,,,,,,,,,,,,,,,,,,,,,,,,,,,,,,,,,,,,,,,,,,,,,,,,,,,0,,,,,0.18360,0.09820,0.01994,0.97000,-0.00000,-0.00000,0.24311
3496.4210,0,0,20.44,0.00,26.78,0.29868,0.25437,0.83192,,,,0,0,0.21961,-0.00098,0.06018,0.21953,-0.00098,0.06007,,,nan,0.00000,-0.20964,0.34636,1.43401,0.00000,1.00000,0.00000,-0.21000,0.34600,1.43400,0.00000,1.00000,16,0.18300,-0.04970,0.01494,0.18360,0.09820,0,0.99122,-0.00000,0.00000,-0.13221,,0,,,,,,,,,,,,,,,,,,,,,,,,,,,,,,,,,,,,,,,,,,,,,,,,,,,,,,,,,,,,,,,,,,,,,,,,,,,,,,,,,,,,,,,,,,,,,,,,,,,,,,,,,,,,,,,,,,,,,,,,,,,,,,,0,,,,,0.18360,0.09820,0.01994,0.97000,-0.00000,-0.00000,0.24311
3496.4480,0,0,17.82,0.00,23.31,0.29868,0.25437,0.83192,,,,0,0,0.21961,-0.00098,0.06018,0.21953,-0.00098,0.06007,,,nan,0.00000,-0.20964,0.34636,1.43401,0.00000,1.00000,0.00000,-0.21000,0.34600,1.43400,0.00000,1.00000,16,0.18300,-0.04970,0.01494,0.18360,0.09820,0,0.99122,-0.00000,0.00000,-0.13221,,0,,,,,,,,,,,,,,,,,,,,,,,,,,,,,,,,,,,,,,,,,,,,,,,,,,,,,,,,,,,,,,,,,,,,,,,,,,,,,,,,,,,,,,,,,,,,,,,,,,,,,,,,,,,,,,,,,,,,,,,,,,,,,,,0,,,,,0.18360,0.09820,0.01994,0.97000,0.00000,-0.00000,0.24311
3496.4779,0,0,20.02,0.00,25.95,0.29868,0.25437,0.83192,,,,0,0,0.21961,-0.00098,0.06018,0.21953,-0.00098,0.06007,,,nan,0.00000,-0.20964,0.34636,1.43401,0.00000,1.00000,0.00000,-0.21000,0.34600,1.43400,0.00000,1.00000,16,0.18300,-0.04970,0.01494,0.18360,0.09820,0,0.99122,-0.00000,0.00000,-0.13221,,0,,,,,,,,,,,,,,,,,,,,,,,,,,,,,,,,,,,,,,,,,,,,,,,,,,,,,,,,,,,,,,,,,,,,,,,,,,,,,,,,,,,,,,,,,,,,,,,,,,,,,,,,,,,,,,,,,,,,,,,,,,,,,,,0,,,,,0.18360,0.09820,0.01994,0.97000,-0.00000,-0.00000,0.24311
3496.5070,0,0,17.20,0.00,24.42,0.29868,0.25437,0.83192,,,,0,0,0.21961,-0.00098,0.06018,0.21953,-0.00098,0.06007,,,nan,0.00000,-0.20964,0.34636,1.43401,0.00000,1.00000,0.00000,-0.21000,0.34600,1.43400,0.00000,1.00000,16,0.18300,-0.04970,0.01494,0.18360,0.09820,0,0.99122,0.00000,-0.00000,-0.13221,,0,,,,,,,,,,,,,,,,,,,,,,,,,,,,,,,,,,,,,,,,,,,,,,,,,,,,,,,,,,,,,,,,,,,,,,,,,,,,,,,,,,,,,,,,,,,,,,,,,,,,,,,,,,,,,,,,,,,,,,,,,,,,,,,0,,,,,0.18360,0.09820,0.01994,0.97000,0.00000,-0.00000,0.24311
3496.5436,0,0,22.49,0.00,29.13,0.29868,0.25437,0.83192,,,,0,0,0.21961,-0.00098,0.06018,0.21953,-0.00098,0.06007,,,nan,0.00000,-0.20964,0.34636,1.43401,0.00000,1.00000,0.00000,-0.21000,0.34600,1.43400,0.00000,1.00000,16,0.18300,-0.04970,0.01494,0.18360,0.09820,0,0.99122,0.00000,-0.00000,-0.13221,,0,,,,,,,,,,,,,,,,,,,,,,,,,,,,,,,,,,,,,,,,,,,,,,,,,,,,,,,,,,,,,,,,,,,,,,,,,,,,,,,,,,,,,,,,,,,,,,,,,,,,,,,,,,,,,,,,,,,,,,,,,,,,,,,0,,,,,0.18360,0.09820,0.01994,0.97000,-0.00000,-0.00000,0.24311
3496.5717,0,0,18.24,0.00,24.54,0.29868,0.25437,0.83192,,,,0,0,0.21961,-0.00098,0.06018,0.21953,-0.00098,0.06007,,,nan,0.00000,-0.20964,0.34636,1.43401,0.00000,1.00000,0.00000,-0.21000,0.34600,1.43400,0.00000,1.00000,16,0.18300,-0.04970,0.01494,0.18360,0.09820,0,0.99122,0.00000,-0.00000,-0.13221,,0,,,,,,,,,,,,,,,,,,,,,,,,,,,,,,,,,,,,,,,,,,,,,,,,,,,,,,,,,,,,,,,,,,,,,,,,,,,,,,,,,,,,,,,,,,,,,,,,,,,,,,,,,,,,,,,,,,,,,,,,,,,,,,,0,,,,,0.18360,0.09820,0.01994,0.97000,-0.00000,-0.00000,0.24311
3496.5997,0,0,16.87,0.00,23.92,0.29868,0.25437,0.83192,,,,0,0,0.21961,-0.00098,0.06018,0.21953,-0.00098,0.06007,,,nan,0.00000,-0.20964,0.34636,1.43401,0.00000,1.00000,0.00000,-0.21000,0.34600,1.43400,0.00000,1.00000,16,0.18300,-0.04970,0.01494,0.18360,0.09820,0,0.99122,-0.00000,-0.00000,-0.13221,,0,,,,,,,,,,,,,,,,,,,,,,,,,,,,,,,,,,,,,,,,,,,,,,,,,,,,,,,,,,,,,,,,,,,,,,,,,,,,,,,,,,,,,,,,,,,,,,,,,,,,,,,,,,,,,,,,,,,,,,,,,,,,,,,0,,,,,0.18360,0.09820,0.01994,0.97000,-0.00000,-0.00000,0.24311
3496.6339,0,0,19.82,0.00,31.04,0.29868,0.25437,0.83192,,,,0,0,0.21961,-0.00098,0.06018,0.21953,-0.00098,0.06007,,,nan,0.00000,-0.20964,0.34636,1.43401,0.00000,1.00000,0.00000,-0.21000,0.34600,1.43400,0.00000,1.00000,16,0.18300,-0.04970,0.01494,0.18360,0.09820,0,0.99122,-0.00000,-0.00000,-0.13221,,0,,,,,,,,,,,,,,,,,,,,,,,,,,,,,,,,,,,,,,,,,,,,,,,,,,,,,,,,,,,,,,,,,,,,,,,,,,,,,,,,,,,,,,,,,,,,,,,,,,,,,,,,,,,,,,,,,,,,,,,,,,,,,,,0,,,,,0.18360,0.09820,0.01994,0.97000,-0.00000,0.00000,0.24311
3496.6670,0,0,20.30,0.00,28.16,0.29868,0.25437,0.83192,,,,0,0,0.21961,-0.00098,0.06018,0.21953,-0.00098,0.06007,,,nan,0.00000,-0.20964,0.34636,1.43401,0.00000,1.00000,0.00000,-0.21000,0.34600,1.43400,0.00000,1.00000,16,0.18300,-0.04970,0.01494,0.18360,0.09820,0,0.99122,-0.00000,-0.00000,-0.13221,,0,,,,,,,,,,,,,,,,,,,,,,,,,,,,,,,,,,,,,,,,,,,,,,,,,,,,,,,,,,,,,,,,,,,,,,,,,,,,,,,,,,,,,,,,,,,,,,,,,,,,,,,,,,,,,,,,,,,,,,,,,,,,,,,0,,,,,0.18360,0.09820,0.01994,0.97000,0.00000,0.00000,0.24311
3496.7007,0,0,21.58,0.00,29.25,0.29868,0.25437,0.83192,,,,0,0,0.21961,-0.00098,0.06018,0.21953,-0.00098,0.06007,,,nan,0.00000,-0.20964,0.34636,1.43401,0.00000,1.00000,0.00000,-0.21000,0.34600,1.43400,0.00000,1.00000,16,0.18300,-0.04970,0.01494,0.18360,0.09820,0,0.99122,-0.00000,-0.00000,-0.13221,,0,,,,,,,,,,,,,,,,,,,,,,,,,,,,,,,,,,,,,,,,,,,,,,,,,,,,,,,,,,,,,,,,,,,,,,,,,,,,,,,,,,,,,,,,,,,,,,,,,,,,,,,,,,,,,,,,,,,,,,,,,,,,,,,0,,,,,0.18360,0.09820,0.01994,0.97000,0.00000,-0.00000,0.24311
3496.7312,0,0,19.79,0.00,25.38,0.29868,0.25437,0.83192,,,,0,0,0.21961,-0.00098,0.06018,0.21953,-0.00098,0.06007,,,nan,0.00000,-0.20964,0.34636,1.43401,0.00000,1.00000,0.00000,-0.21000,0.34600,1.43400,0.00000,1.00000,16,0.18300,-0.04970,0.01494,0.18360,0.09820,0,0.99122,-0.00000,-0.00000,-0.13221,,0,,,,,,,,,,,,,,,,,,,,,,,,,,,,,,,,,,,,,,,,,,,,,,,,,,,,,,,,,,,,,,,,,,,,,,,,,,,,,,,,,,,,,,,,,,,,,,,,,,,,,,,,,,,,,,,,,,,,,,,,,,,,,,,0,,,,,0.18360,0.09820,0.01994,0.97000,0.00000,-0.00000,0.24311
3496.7636,0,0,20.85,0.00,28.67,0.29868,0.25437,0.83192,,,,0,0,0.21961,-0.00098,0.06018,0.21953,-0.00098,0.06007,,,nan,0.00000,-0.20964,0.34636,1.43401,0.00000,1.00000,0.00000,-0.21000,0.34600,1.43400,0.00000,1.00000,16,0.18300,-0.04970,0.01494,0.18360,0.09820,0,0.99122,0.00000,-0.00000,-0.13221,,0,,,,,,,,,,,,,,,,,,,,,,,,,,,,,,,,,,,,,,,,,,,,,,,,,,,,,,,,,,,,,,,,,,,,,,,,,,,,,,,,,,,,,,,,,,,,,,,,,,,,,,,,,,,,,,,,,,,,,,,,,,,,,,,0,,,,,0.18360,0.09820,0.01994,0.97000,0.00000,-0.00000,0.24311
3496.7922,0,0,17.42,0.00,24.24,0.29868,0.25437,0.83192,,,,0,0,0.21961,-0.00098,0.06018,0.21953,-0.00098,0.06007,,,nan,0.00000,-0.20964,0.34636,1.43401,0.00000,1.00000,0.00000,-0.21000,0.34600,1.43400,0.00000,1.00000,16,0.18300,-0.04970,0.01494,0.18360,0.09820,0,0.99122,0.00000,-0.00000,-0.13221,,0,,,,,,,,,,,,,,,,,,,,,,,,,,,,,,,,,,,,,,,,,,,,,,,,,,,,,,,,,,,,,,,,,,,,,,,,,,,,,,,,,,,,,,,,,,,,,,,,,,,,,,,,,,,,,,,,,,,,,,,,,,,,,,,0,,,,,0.18360,0.09820,0.01994,0.97000,0.00000,-0.00000,0.24311
3496.8296,0,0,23.05,0.00,34.63,0.29868,0.25437,0.83192,,,,0,0,0.21961,-0.00098,0.06018,0.21953,-0.00098,0.06007,,,nan,0.00000,-0.20964,0.34636,1.43401,0.00000,1.00000,0.00000,-0.21000,0.34600,1.43400,0.00000,1.00000,16,0.18300,-0.04970,0.01494,0.18360,0.09820,0,0.99122,0.00000,0.00000,-0.13221,,0,,,,,,,,,,,,,,,,,,,,,,,,,,,,,,,,,,,,,,,,,,,,,,,,,,,,,,,,,,,,,,,,,,,,,,,,,,,,,,,,,,,,,,,,,,,,,,,,,,,,,,,,,,,,,,,,,,,,,,,,,,,,,,,0,,,,,0.18360,0.09820,0.01994,0.97000,-0.00000,0.00000,0.24311
3496.8544,0,0,15.87,0.00,22.05,0.29868,0.25437,0.83192,,,,0,0,0.21961,-0.00098,0.06018,0.21953,-0.00098,0.06007,,,nan,0.00000,-0.20964,0.34636,1.43401,0.00000,1.00000,0.00000,-0.21000,0.34600,1.43400,0.00000,1.00000,16,0.18300,-0.04970,0.01494,0.18360,0.09820,0,0.99122,0.00000,0.00000,-0.13221,,0,,,,,,,,,,,,,,,,,,,,,,,,,,,,,,,,,,,,,,,,,,,,,,,,,,,,,,,,,,,,,,,,,,,,,,,,,,,,,,,,,,,,,,,,,,,,,,,,,,,,,,,,,,,,,,,,,,,,,,,,,,,,,,,0,,,,,0.18360,0.09820,0.01994,0.97000,-0.00000,0.00000,0.24311
3496.8883,0,0,17.68,0.00,30.07,0.29868,0.25437,0.83192,,,,0,0,0.21961,-0.00098,0.06018,0.21953,-0.00098,0.06007,,,nan,0.00000,-0.20964,0.34636,1.43401,0.00000,1.00000,0.00000,-0.21000,0.34600,1.43400,0.00000,1.00000,16,0.18300,-0.04970,0.01494,0.18360,0.09820,0,0.99122,-0.00000,0.00000,-0.13221,,0,,,,,,,,,,,,,,,,,,,,,,,,,,,,,,,,,,,,,,,,,,,,,,,,,,,,,,,,,,,,,,,,,,,,,,,,,,,,,,,,,,,,,,,,,,,,,,,,,,,,,,,,,,,,,,,,,,,,,,,,,,,,,,,0,,,,,0.18360,0.09820,0.01994,0.97000,-0.00000,0.00000,0.24311
3496.9222,0,0,19.05,0.00,29.88,0.29868,0.25437,0.83192,,,,0,0,0.21961,-0.00098,0.06018,0.21953,-0.00098,0.06007,,,nan,0.00000,-0.20964,0.34636,1.43401,0.00000,1.00000,0.00000,-0.21000,0.34600,1.43400,0.00000,1.00000,16,0.18300,-0.04970,0.01494,0.18360,0.09820,0,0.99122,0.00000,0.00000,-0.13221,,0,,,,,,,,,,,,,,,,,,,,,,,,,,,,,,,,,,,,,,,,,,,,,,,,,,,,,,,,,,,,,,,,,,,,,,,,,,,,,,,,,,,,,,,,,,,,,,,,,,,,,,,,,,,,,,,,,,,,,,,,,,,,,,,0,,,,,0.18360,0.09820,0.01994,0.97000,0.00000,0.00000,0.24311
3496.9682,0,0,17.21,0.00,42.11,0.29868,0.25437,0.83192,,,,0,0,0.21961,-0.00098,0.06018,0.21953,-0.00098,0.06007,,,nan,0.00000,-0.20964,0.34636,1.43401,0.00000,1.00000,0.00000,-0.21000,0.34600,1.43400,0.00000,1.00000,16,0.18300,-0.04970,0.01494,0.18360,0.09820,0,0.99122,-0.00000,0.00000,-0.13221,,0,,,,,,,,,,,,,,,,,,,,,,,,,,,,,,,,,,,,,,,,,,,,,,,,,,,,,,,,,,,,,,,,,,,,,,,,,,,,,,,,,,,,,,,,,,,,,,,,,,,,,,,,,,,,,,,,,,,,,,,,,,,,,,,0,,,,,0.18360,0.09820,0.01994,0.97000,-0.00000,0.00000,0.24311
3497.0073,0,0,24.51,0.00,35.44,0.29868,0.25437,0.83192,,,,0,0,0.21961,-0.00098,0.06018,0.21953,-0.00098,0.06007,,,nan,0.00000,-0.20964,0.34636,1.43401,0.00000,1.00000,0.00000,-0.21000,0.34600,1.43400,0.00000,1.00000,16,0.18300,-0.04970,0.01494,0.18360,0.09820,0,0.99122,-0.00000,0.00000,-0.13221,,0,,,,,,,,,,,,,,,,,,,,,,,,,,,,,,,,,,,,,,,,,,,,,,,,,,,,,,,,,,,,,,,,,,,,,,,,,,,,,,,,,,,,,,,,,,,,,,,,,,,,,,,,,,,,,,,,,,,,,,,,,,,,,,,0,,,,,0.18360,0.09820,0.01994,0.97000,-0.00000,-0.00000,0.24311
3497.0330,0,0,16.51,0.00,22.67,0.29868,0.25437,0.83192,,,,0,0,0.21961,-0.00098,0.06018,0.21953,-0.00098,0.06007,,,nan,0.00000,-0.20964,0.34636,1.43401,0.00000,1.00000,0.00000,-0.21000,0.34600,1.43400,0.00000,1.00000,16,0.18300,-0.04970,0.01494,0.18360,0.09820,0,0.99122,-0.00000,-0.00000,-0.13221,,0,,,,,,,,,,,,,,,,,,,,,,,,,,,,,,,,,,,,,,,,,,,,,,,,,,,,,,,,,,,,,,,,,,,,,,,,,,,,,,,,,,,,,,,,,,,,,,,,,,,,,,,,,,,,,,,,,,,,,,,,,,,,,,,0,,,,,0.18360,0.09820,0.01994,0.97000,-0.00000,-0.00000,0.24311
3497.0662,0,0,19.52,0.00,28.83,0.29868,0.25437,0.83192,,,,0,0,0.21961,-0.00098,0.06018,0.21953,-0.00098,0.06007,,,nan,0.00000,-0.20964,0.34636,1.43401,0.00000,1.00000,0.00000,-0.21000,0.34600,1.43400,0.00000,1.00000,16,0.18300,-0.04970,0.01494,0.18360,0.09820,0,0.99122,0.00000,-0.00000,-0.13221,,0,,,,,,,,,,,,,,,,,,,,,,,,,,,,,,,,,,,,,,,,,,,,,,,,,,,,,,,,,,,,,,,,,,,,,,,,,,,,,,,,,,,,,,,,,,,,,,,,,,,,,,,,,,,,,,,,,,,,,,,,,,,,,,,0,,,,,0.18360,0.09820,0.01994,0.97000,0.00000,-0.00000,0.24311
3497.0963,0,0,18.26,0.00,27.08,0.29868,0.25437,0.83192,,,,0,0,0.21961,-0.00098,0.06018,0.21953,-0.00098,0.06007,,,nan,0.00000,-0.20964,0.34636,1.43401,0.00000,1.00000,0.00000,-0.21000,0.34600,1.43400,0.00000,1.00000,16,0.18300,-0.04970,0.01494,0.18360,0.09820,0,0.99122,0.00000,-0.00000,-0.13221,,0,,,,,,,,,,,,,,,,,,,,,,,,,,,,,,,,,,,,,,,,,,,,,,,,,,,,,,,,,,,,,,,,,,,,,,,,,,,,,,,,,,,,,,,,,,,,,,,,,,,,,,,,,,,,,,,,,,,,,,,,,,,,,,,0,,,,,0.18360,0.09820,0.01994,0.97000,0.00000,-0.00000,0.24311
3497.1309,0,0,21.15,0.00,30.45,0.29868,0.25437,0.83192,,,,0,0,0.21961,-0.00098,0.06018,0.21953,-0.00098,0.06007,,,nan,0.00000,-0.20964,0.34636,1.43401,0.00000,1.00000,0.00000,-0.21000,0.34600,1.43400,0.00000,1.00000,16,0.18300,-0.04970,0.01494,0.18360,0.09820,0,0.99122,-0.00000,0.00000,-0.13221,,0,,,,,,,,,,,,,,,,,,,,,,,,,,,,,,,,,,,,,,,,,,,,,,,,,,,,,,,,,,,,,,,,,,,,,,,,,,,,,,,,,,,,,,,,,,,,,,,,,,,,,,,,,,,,,,,,,,,,,,,,,,,,,,,0,,,,,0.18360,0.09820,0.01994,0.97000,0.00000,0.00000,0.24311
3497.1629,0,0,20.35,0.00,27.89,0.29868,0.25437,0.83192,,,,0,0,0.21961,-0.00098,0.06018,0.21953,-0.00098,0.06007,,,nan,0.00000,-0.20964,0.34636,1.43401,0.00000,1.00000,0.00000,-0.21000,0.34600,1.43400,0.00000,1.00000,16,0.18300,-0.04970,0.01494,0.18360,0.09820,0,0.99122,-0.00000,-0.00000,-0.13221,,0,,,,,,,,,,,,,,,,,,,,,,,,,,,,,,,,,,,,,,,,,,,,,,,,,,,,,,,,,,,,,,,,,,,,,,,,,,,,,,,,,,,,,,,,,,,,,,,,,,,,,,,,,,,,,,,,,,,,,,,,,,,,,,,0,,,,,0.18360,0.09820,0.01994,0.97000,0.00000,0.00000,0.24311
3497.1921,0,0,16.65,0.00,26.46,0.29868,0.25437,0.83192,,,,0,0,0.21961,-0.00098,0.06018,0.21953,-0.00098,0.06007,,,nan,0.00000,-0.20964,0.34636,1.43401,0.00000,1.00000,0.00000,-0.21000,0.34600,1.43400,0.00000,1.00000,16,0.18300,-0.04970,0.01494,0.18360,0.09820,0,0.99122,-0.00000,-0.00000,-0.13221,,0,,,,,,,,,,,,,,,,,,,,,,,,,,,,,,,,,,,,,,,,,,,,,,,,,,,,,,,,,,,,,,,,,,,,,,,,,,,,,,,,,,,,,,,,,,,,,,,,,,,,,,,,,,,,,,,,,,,,,,,,,,,,,,,0,,,,,0.18360,0.09820,0.01994,0.97000,0.00000,0.00000,0.24311
3497.2278,0,0,21.50,0.00,31.78,0.29868,0.25437,0.83192,,,,0,0,0.21961,-0.00098,0.06018,0.21953,-0.00098,0.06007,,,nan,0.00000,-0.20964,0.34636,1.43401,0.00000,1.00000,0.00000,-0.21000,0.34600,1.43400,0.00000,1.00000,16,0.18300,-0.04970,0.01494,0.18360,0.09820,0,0.99122,-0.00000,-0.00000,-0.13221,,0,,,,,,,,,,,,,,,,,,,,,,,,,,,,,,,,,,,,,,,,,,,,,,,,,,,,,,,,,,,,,,,,,,,,,,,,,,,,,,,,,,,,,,,,,,,,,,,,,,,,,,,,,,,,,,,,,,,,,,,,,,,,,,,0,,,,,0.18360,0.09820,0.01994,0.97000,0.00000,0.00000,0.24311
3497.2592,0,0,20.73,0.00,27.47,0.29868,0.25437,0.83192,,,,0,0,0.21961,-0.00098,0.06018,0.21953,-0.00098,0.06007,,,nan,0.00000,-0.20964,0.34636,1.43401,0.00000,1.00000,0.00000,-0.21000,0.34600,1.43400,0.00000,1.00000,16,0.18300,-0.04970,0.01494,0.18360,0.09820,0,0.99122,-0.00000,-0.00000,-0.13221,,0,,,,,,,,,,,,,,,,,,,,,,,,,,,,,,,,,,,,,,,,,,,,,,,,,,,,,,,,,,,,,,,,,,,,,,,,,,,,,,,,,,,,,,,,,,,,,,,,,,,,,,,,,,,,,,,,,,,,,,,,,,,,,,,0,,,,,0.18360,0.09820,0.01994,0.97000,-0.00000,-0.00000,0.24311
3497.2883,0,0,17.01,0.00,23.53,0.29868,0.25437,0.83192,,,,0,0,0.21961,-0.00098,0.06018,0.21953,-0.00098,0.06007,,,nan,0.00000,-0.20964,0.34636,1.43401,0.00000,1.00000,0.00000,-0.21000,0.34600,1.43400,0.00000,1.00000,16,0.18300,-0.04970,0.01494,0.18360,0.09820,0,0.99122,0.00000,-0.00000,-0.13221,,0,,,,,,,,,,,,,,,,,,,,,,,,,,,,,,,,,,,,,,,,,,,,,,,,,,,,,,,,,,,,,,,,,,,,,,,,,,,,,,,,,,,,,,,,,,,,,,,,,,,,,,,,,,,,,,,,,,,,,,,,,,,,,,,0,,,,,0.18360,0.09820,0.01994,0.97000,0.00000,-0.00000,0.24311
3497.3181,0,0,16.24,0.00,26.31,0.29868,0.25437,0.83192,,,,0,0,0.21961,-0.00098,0.06018,0.21953,-0.00098,0.06007,,,nan,0.00000,-0.20964,0.34636,1.43401,0.00000,1.00000,0.00000,-0.21000,0.34600,1.43400,0.00000,1.00000,16,0.18300,-0.04970,0.01494,0.18360,0.09820,0,0.99122,0.00000,-0.00000,-0.13221,,0,,,,,,,,,,,,,,,,,,,,,,,,,,,,,,,,,,,,,,,,,,,,,,,,,,,,,,,,,,,,,,,,,,,,,,,,,,,,,,,,,,,,,,,,,,,,,,,,,,,,,,,,,,,,,,,,,,,,,,,,,,,,,,,0,,,,,0.18360,0.09820,0.01994,0.97000,0.00000,-0.00000,0.24311
3497.3572,0,0,21.93,0.00,34.85,0.29868,0.25437,0.83192,,,,0,0,0.21961,-0.00098,0.06018,0.21953,-0.00098,0.06007,,,nan,0.00000,-0.20964,0.34636,1.43401,0.00000,1.00000,0.00000,-0.21000,0.34600,1.43400,0.00000,1.00000,16,0.18300,-0.04970,0.01494,0.18360,0.09820,0,0.99122,-0.00000,-0.00000,-0.13221,,0,,,,,,,,,,,,,,,,,,,,,,,,,,,,,,,,,,,,,,,,,,,,,,,,,,,,,,,,,,,,,,,,,,,,,,,,,,,,,,,,,,,,,,,,,,,,,,,,,,,,,,,,,,,,,,,,,,,,,,,,,,,,,,,0,,,,,0.18360,0.09820,0.01994,0.97000,-0.00000,0.00000,0.24311
3497.3999,0,0,18.45,0.00,38.20,0.29868,0.25437,0.83192,,,,0,0,0.21961,-0.00098,0.06018,0.21953,-0.00098,0.06007,,,nan,0.00000,-0.20964,0.34636,1.43401,0.00000,1.00000,0.00000,-0.21000,0.34600,1.43400,0.00000,1.00000,16,0.18300,-0.04970,0.01494,0.18360,0.09820,0,0.99122,-0.00000,0.00000,-0.13221,,0,,,,,,,,,,,,,,,,,,,,,,,,,,,,,,,,,,,,,,,,,,,,,,,,,,,,,,,,,,,,,,,,,,,,,,,,,,,,,,,,,,,,,,,,,,,,,,,,,,,,,,,,,,,,,,,,,,,,,,,,,,,,,,,0,,,,,0.18360,0.09820,0.01994,0.97000,0.00000,0.00000,0.24311
3497.4318,0,0,17.76,0.00,28.12,0.29868,0.25437,0.83192,,,,0,0,0.21961,-0.00098,0.06018,0.21953,-0.00098,0.06007,,,nan,0.00000,-0.20964,0.34636,1.43401,0.00000,1.00000,0.00000,-0.21000,0.34600,1.43400,0.00000,1.00000,16,0.18300,-0.04970,0.01494,0.18360,0.09820,0,0.99122,-0.00000,0.00000,-0.13221,,0,,,,,,,,,,,,,,,,,,,,,,,,,,,,,,,,,,,,,,,,,,,,,,,,,,,,,,,,,,,,,,,,,,,,,,,,,,,,,,,,,,,,,,,,,,,,,,,,,,,,,,,,,,,,,,,,,,,,,,,,,,,,,,,0,,,,,0.18360,0.09820,0.01994,0.97000,0.00000,0.00000,0.24311
3497.4764,0,0,17.84,0.00,23.67,0.29868,0.25437,0.83192,,,,0,0,0.21961,-0.00098,0.06018,0.21953,-0.00098,0.06007,,,nan,0.00000,-0.20964,0.34636,1.43401,0.00000,1.00000,0.00000,-0.21000,0.34600,1.43400,0.00000,1.00000,16,0.18300,-0.04970,0.01494,0.18360,0.09820,0,0.99122,-0.00000,0.00000,-0.13221,,0,,,,,,,,,,,,,,,,,,,,,,,,,,,,,,,,,,,,,,,,,,,,,,,,,,,,,,,,,,,,,,,,,,,,,,,,,,,,,,,,,,,,,,,,,,,,,,,,,,,,,,,,,,,,,,,,,,,,,,,,,,,,,,,0,,,,,0.18360,0.09820,0.01994,0.97000,0.00000,-0.00000,0.24311
3497.5034,0,0,16.51,0.00,23.12,0.29868,0.25437,0.83192,,,,0,0,0.21961,-0.00098,0.06018,0.21953,-0.00098,0.06007,,,nan,0.00000,-0.20964,0.34636,1.43401,0.00000,1.00000,0.00000,-0.21000,0.34600,1.43400,0.00000,1.00000,16,0.18300,-0.04970,0.01494,0.18360,0.09820,0,0.99122,-0.00000,0.00000,-0.13221,,0,,,,,,,,,,,,,,,,,,,,,,,,,,,,,,,,,,,,,,,,,,,,,,,,,,,,,,,,,,,,,,,,,,,,,,,,,,,,,,,,,,,,,,,,,,,,,,,,,,,,,,,,,,,,,,,,,,,,,,,,,,,,,,,0,,,,,0.18360,0.09820,0.01994,0.97000,0.00000,-0.00000,0.24311
3497.5346,0,0,19.75,0.00,26.84,0.29868,0.25437,0.83192,,,,0,0,0.21961,-0.00098,0.06018,0.21953,-0.00098,0.06007,,,nan,0.00000,-0.20964,0.34636,1.43401,0.00000,1.00000,0.00000,-0.21000,0.34600,1.43400,0.00000,1.00000,16,0.18300,-0.04970,0.01494,0.18360,0.09820,0,0.99122,0.00000,0.00000,-0.13221,,0,,,,,,,,,,,,,,,,,,,,,,,,,,,,,,,,,,,,,,,,,,,,,,,,,,,,,,,,,,,,,,,,,,,,,,,,,,,,,,,,,,,,,,,,,,,,,,,,,,,,,,,,,,,,,,,,,,,,,,,,,,,,,,,0,,,,,0.18360,0.09820,0.01994,0.97000,0.00000,0.00000,0.24311
3497.5628,0,0,18.17,0.00,23.74,0.29868,0.25437,0.83192,,,,0,0,0.21961,-0.00098,0.06018,0.21953,-0.00098,0.06007,,,nan,0.00000,-0.20964,0.34636,1.43401,0.00000,1.00000,0.00000,-0.21000,0.34600,1.43400,0.00000,1.00000,16,0.18300,-0.04970,0.01494,0.18360,0.09820,0,0.99122,0.00000,-0.00000,-0.13221,,0,,,,,,,,,,,,,,,,,,,,,,,,,,,,,,,,,,,,,,,,,,,,,,,,,,,,,,,,,,,,,,,,,,,,,,,,,,,,,,,,,,,,,,,,,,,,,,,,,,,,,,,,,,,,,,,,,,,,,,,,,,,,,,,0,,,,,0.18360,0.09820,0.01994,0.97000,-0.00000,-0.00000,0.24311
3497.5911,0,0,17.07,0.00,25.91,0.29868,0.25437,0.83192,,,,0,0,0.21961,-0.00098,0.06018,0.21953,-0.00098,0.06007,,,nan,0.00000,-0.20964,0.34636,1.43401,0.00000,1.00000,0.00000,-0.21000,0.34600,1.43400,0.00000,1.00000,16,0.18300,-0.04970,0.01494,0.18360,0.09820,0,0.99122,0.00000,-0.00000,-0.13221,,0,,,,,,,,,,,,,,,,,,,,,,,,,,,,,,,,,,,,,,,,,,,,,,,,,,,,,,,,,,,,,,,,,,,,,,,,,,,,,,,,,,,,,,,,,,,,,,,,,,,,,,,,,,,,,,,,,,,,,,,,,,,,,,,0,,,,,0.18360,0.09820,0.01994,0.97000,-0.00000,-0.00000,0.24311
3497.6252,0,0,18.21,0.00,29.66,0.29868,0.25437,0.83192,,,,0,0,0.21961,-0.00098,0.06018,0.21953,-0.00098,0.06007,,,nan,0.00000,-0.20964,0.34636,1.43401,0.00000,1.00000,0.00000,-0.21000,0.34600,1.43400,0.00000,1.00000,16,0.18300,-0.04970,0.01494,0.18360,0.09820,0,0.99122,0.00000,-0.00000,-0.13221,,0,,,,,,,,,,,,,,,,,,,,,,,,,,,,,,,,,,,,,,,,,,,,,,,,,,,,,,,,,,,,,,,,,,,,,,,,,,,,,,,,,,,,,,,,,,,,,,,,,,,,,,,,,,,,,,,,,,,,,,,,,,,,,,,0,,,,,0.18360,0.09820,0.01994,0.97000,-0.00000,-0.00000,0.24311
3497.6611,0,0,23.08,0.00,31.52,0.29868,0.25437,0.83192,,,,0,0,0.21961,-0.00098,0.06018,0.21953,-0.00098,0.06007,,,nan,0.00000,-0.20964,0.34636,1.43401,0.00000,1.00000,0.00000,-0.21000,0.34600,1.43400,0.00000,1.00000,16,0.18300,-0.04970,0.01494,0.18360,0.09820,0,0.99122,0.00000,0.00000,-0.13221,,0,,,,,,,,,,,,,,,,,,,,,,,,,,,,,,,,,,,,,,,,,,,,,,,,,,,,,,,,,,,,,,,,,,,,,,,,,,,,,,,,,,,,,,,,,,,,,,,,,,,,,,,,,,,,,,,,,,,,,,,,,,,,,,,0,,,,,0.18360,0.09820,0.01994,0.97000,-0.00000,-0.00000,0.24311
3497.6925,0,0,20.96,0.00,27.61,0.29868,0.25437,0.83192,,,,0,0,0.21961,-0.00098,0.06018,0.21953,-0.00098,0.06007,,,nan,0.00000,-0.20964,0.34636,1.43401,0.00000,1.00000,0.00000,-0.21000,0.34600,1.43400,0.00000,1.00000,16,0.18300,-0.04970,0.01494,0.18360,0.09820,0,0.99122,0.00000,0.00000,-0.13221,,0,,,,,,,,,,,,,,,,,,,,,,,,,,,,,,,,,,,,,,,,,,,,,,,,,,,,,,,,,,,,,,,,,,,,,,,,,,,,,,,,,,,,,,,,,,,,,,,,,,,,,,,,,,,,,,,,,,,,,,,,,,,,,,,0,,,,,0.18360,0.09820,0.01994,0.97000,-0.00000,-0.00000,0.24311
3497.7297,0,0,22.56,0.00,32.48,0.29868,0.25437,0.83192,,,,0,0,0.21961,-0.00098,0.06018,0.21953,-0.00098,0.06007,,,nan,0.00000,-0.20964,0.34636,1.43401,0.00000,1.00000,0.00000,-0.21000,0.34600,1.43400,0.00000,1.00000,16,0.18300,-0.04970,0.01494,0.18360,0.09820,0,0.99122,0.00000,-0.00000,-0.13221,,0,,,,,,,,,,,,,,,,,,,,,,,,,,,,,,,,,,,,,,,,,,,,,,,,,,,,,,,,,,,,,,,,,,,,,,,,,,,,,,,,,,,,,,,,,,,,,,,,,,,,,,,,,,,,,,,,,,,,,,,,,,,,,,,0,,,,,0.18360,0.09820,0.01994,0.97000,-0.00000,-0.00000,0.24311
3497.7573,0,0,16.43,0.00,23.13,0.29868,0.25437,0.83192,,,,0,0,0.21961,-0.00098,0.06018,0.21953,-0.00098,0.06007,,,nan,0.00000,-0.20964,0.34636,1.43401,0.00000,1.00000,0.00000,-0.21000,0.34600,1.43400,0.00000,1.00000,16,0.18300,-0.04970,0.01494,0.18360,0.09820,0,0.99122,-0.00000,-0.00000,-0.13221,,0,,,,,,,,,,,,,,,,,,,,,,,,,,,,,,,,,,,,,,,,,,,,,,,,,,,,,,,,,,,,,,,,,,,,,,,,,,,,,,,,,,,,,,,,,,,,,,,,,,,,,,,,,,,,,,,,,,,,,,,,,,,,,,,0,,,,,0.18360,0.09820,0.01994,0.97000,-0.00000,0.00000,0.24311
3497.7853,0,0,17.46,0.00,23.27,0.29868,0.25437,0.83192,,,,0,0,0.21961,-0.00098,0.06018,0.21953,-0.00098,0.06007,,,nan,0.00000,-0.20964,0.34636,1.43401,0.00000,1.00000,0.00000,-0.21000,0.34600,1.43400,0.00000,1.00000,16,0.18300,-0.04970,0.01494,0.18360,0.09820,0,0.99122,-0.00000,-0.00000,-0.13221,,0,,,,,,,,,,,,,,,,,,,,,,,,,,,,,,,,,,,,,,,,,,,,,,,,,,,,,,,,,,,,,,,,,,,,,,,,,,,,,,,,,,,,,,,,,,,,,,,,,,,,,,,,,,,,,,,,,,,,,,,,,,,,,,,0,,,,,0.18360,0.09820,0.01994,0.97000,-0.00000,0.00000,0.24311
3497.8413,0,0,25.90,0.00,51.61,0.29868,0.25437,0.83192,,,,0,0,0.21961,-0.00098,0.06018,0.21953,-0.00098,0.06007,,,nan,0.00000,-0.20964,0.34636,1.43401,0.00000,1.00000,0.00000,-0.21000,0.34600,1.43400,0.00000,1.00000,16,0.18300,-0.04970,0.01494,0.18360,0.09820,0,0.99122,-0.00000,-0.00000,-0.13221,,0,,,,,,,,,,,,,,,,,,,,,,,,,,,,,,,,,,,,,,,,,,,,,,,,,,,,,,,,,,,,,,,,,,,,,,,,,,,,,,,,,,,,,,,,,,,,,,,,,,,,,,,,,,,,,,,,,,,,,,,,,,,,,,,0,,,,,0.18360,0.09820,0.01994,0.97000,-0.00000,-0.00000,0.24311
3497.8717,0,0,19.16,0.00,26.28,0.29868,0.25437,0.83192,,,,0,0,0.21961,-0.00098,0.06018,0.21953,-0.00098,0.06007,,,nan,0.00000,-0.20964,0.34636,1.43401,0.00000,1.00000,0.00000,-0.21000,0.34600,1.43400,0.00000,1.00000,16,0.18300,-0.04970,0.01494,0.18360,0.09820,0,0.99122,0.00000,-0.00000,-0.13221,,0,,,,,,,,,,,,,,,,,,,,,,,,,,,,,,,,,,,,,,,,,,,,,,,,,,,,,,,,,,,,,,,,,,,,,,,,,,,,,,,,,,,,,,,,,,,,,,,,,,,,,,,,,,,,,,,,,,,,,,,,,,,,,,,0,,,,,0.18360,0.09820,0.01994,0.97000,-0.00000,0.00000,0.24311
3497.9037,0,0,21.42,0.00,28.74,0.29868,0.25437,0.83192,,,,0,0,0.21961,-0.00098,0.06018,0.21953,-0.00098,0.06007,,,nan,0.00000,-0.20964,0.34636,1.43401,0.00000,1.00000,0.00000,-0.21000,0.34600,1.43400,0.00000,1.00000,16,0.18300,-0.04970,0.01494,0.18360,0.09820,0,0.99122,0.00000,-0.00000,-0.13221,,0,,,,,,,,,,,,,,,,,,,,,,,,,,,,,,,,,,,,,,,,,,,,,,,,,,,,,,,,,,,,,,,,,,,,,,,,,,,,,,,,,,,,,,,,,,,,,,,,,,,,,,,,,,,,,,,,,,,,,,,,,,,,,,,0,,,,,0.18360,0.09820,0.01994,0.97000,-0.00000,0.00000,0.24311
3497.9293,0,0,16.33,0.00,21.81,0.29868,0.25437,0.83192,,,,0,0,0.21961,-0.00098,0.06018,0.21953,-0.00098,0.06007,,,nan,0.00000,-0.20964,0.34636,1.43401,0.00000,1.00000,0.00000,-0.21000,0.34600,1.43400,0.00000,1.00000,16,0.18300,-0.04970,0.01494,0.18360,0.09820,0,0.99122,-0.00000,-0.00000,-0.13221,,0,,,,,,,,,,,,,,,,,,,,,,,,,,,,,,,,,,,,,,,,,,,,,,,,,,,,,,,,,,,,,,,,,,,,,,,,,,,,,,,,,,,,,,,,,,,,,,,,,,,,,,,,,,,,,,,,,,,,,,,,,,,,,,,0,,,,,0.18360,0.09820,0.01994,0.97000,-0.00000,-0.00000,0.24311
3497.9594,0,0,17.08,0.00,26.36,0.29868,0.25437,0.83192,,,,0,0,0.21961,-0.00098,0.06018,0.21953,-0.00098,0.06007,,,nan,0.00000,-0.20964,0.34636,1.43401,0.00000,1.00000,0.00000,-0.21000,0.34600,1.43400,0.00000,1.00000,16,0.18300,-0.04970,0.01494,0.18360,0.09820,0,0.99122,0.00000,0.00000,-0.13221,,0,,,,,,,,,,,,,,,,,,,,,,,,,,,,,,,,,,,,,,,,,,,,,,,,,,,,,,,,,,,,,,,,,,,,,,,,,,,,,,,,,,,,,,,,,,,,,,,,,,,,,,,,,,,,,,,,,,,,,,,,,,,,,,,0,,,,,0.18360,0.09820,0.01994,0.97000,-0.00000,0.00000,0.24311
3497.9951,0,0,20.82,0.00,31.64,0.29868,0.25437,0.83192,,,,0,0,0.21961,-0.00098,0.06018,0.21953,-0.00098,0.06007,,,nan,0.00000,-0.20964,0.34636,1.43401,0.00000,1.00000,0.00000,-0.21000,0.34600,1.43400,0.00000,1.00000,16,0.18300,-0.04970,0.01494,0.18360,0.09820,0,0.99122,0.00000,-0.00000,-0.13221,,0,,,,,,,,,,,,,,,,,,,,,,,,,,,,,,,,,,,,,,,,,,,,,,,,,,,,,,,,,,,,,,,,,,,,,,,,,,,,,,,,,,,,,,,,,,,,,,,,,,,,,,,,,,,,,,,,,,,,,,,,,,,,,,,0,,,,,0.18360,0.09820,0.01994,0.97000,-0.00000,0.00000,0.24311
3498.0235,0,0,17.25,0.00,24.50,0.29868,0.25437,0.83192,,,,0,0,0.21961,-0.00098,0.06018,0.21953,-0.00098,0.06007,,,nan,0.00000,-0.20964,0.34636,1.43401,0.00000,1.00000,0.00000,-0.21000,0.34600,1.43400,0.00000,1.00000,16,0.18300,-0.04970,0.01494,0.18360,0.09820,0,0.99122,0.00000,-0.00000,-0.13221,,0,,,,,,,,,,,,,,,,,,,,,,,,,,,,,,,,,,,,,,,,,,,,,,,,,,,,,,,,,,,,,,,,,,,,,,,,,,,,,,,,,,,,,,,,,,,,,,,,,,,,,,,,,,,,,,,,,,,,,,,,,,,,,,,0,,,,,0.18360,0.09820,0.01994,0.97000,-0.00000,0.00000,0.24311
3498.0558,0,0,16.62,0.00,28.77,0.29868,0.25437,0.83192,,,,0,0,0.21961,-0.00098,0.06018,0.21953,-0.00098,0.06007,,,nan,0.00000,-0.20964,0.34636,1.43401,0.00000,1.00000,0.00000,-0.21000,0.34600,1.43400,0.00000,1.00000,16,0.18300,-0.04970,0.01494,0.18360,0.09820,0,0.99122,0.00000,-0.00000,-0.13221,,0,,,,,,,,,,,,,,,,,,,,,,,,,,,,,,,,,,,,,,,,,,,,,,,,,,,,,,,,,,,,,,,,,,,,,,,,,,,,,,,,,,,,,,,,,,,,,,,,,,,,,,,,,,,,,,,,,,,,,,,,,,,,,,,0,,,,,0.18360,0.09820,0.01994,0.97000,0.00000,0.00000,0.24311
3498.0934,0,0,23.13,0.00,33.23,0.29868,0.25437,0.83192,,,,0,0,0.21961,-0.00098,0.06018,0.21953,-0.00098,0.06007,,,nan,0.00000,-0.20964,0.34636,1.43401,0.00000,1.00000,0.00000,-0.21000,0.34600,1.43400,0.00000,1.00000,16,0.18300,-0.04970,0.01494,0.18360,0.09820,0,0.99122,0.00000,-0.00000,-0.13221,,0,,,,,,,,,,,,,,,,,,,,,,,,,,,,,,,,,,,,,,,,,,,,,,,,,,,,,,,,,,,,,,,,,,,,,,,,,,,,,,,,,,,,,,,,,,,,,,,,,,,,,,,,,,,,,,,,,,,,,,,,,,,,,,,0,,,,,0.18360,0.09820,0.01994,0.97000,0.00000,0.00000,0.24311
3498.1239,0,0,20.89,0.00,26.46,0.29868,0.25437,0.83192,,,,0,0,0.21961,-0.00098,0.06018,0.21953,-0.00098,0.06007,,,nan,0.00000,-0.20964,0.34636,1.43401,0.00000,1.00000,0.00000,-0.21000,0.34600,1.43400,0.00000,1.00000,16,0.18300,-0.04970,0.01494,0.18360,0.09820,0,0.99122,-0.00000,-0.00000,-0.13221,,0,,,,,,,,,,,,,,,,,,,,,,,,,,,,,,,,,,,,,,,,,,,,,,,,,,,,,,,,,,,,,,,,,,,,,,,,,,,,,,,,,,,,,,,,,,,,,,,,,,,,,,,,,,,,,,,,,,,,,,,,,,,,,,,0,,,,,0.18360,0.09820,0.01994,0.97000,0.00000,0.00000,0.24311
3498.1571,0,0,22.02,0.00,28.83,0.29868,0.25437,0.83192,,,,0,0,0.21961,-0.00098,0.06018,0.21953,-0.00098,0.06007,,,nan,0.00000,-0.20964,0.34636,1.43401,0.00000,1.00000,0.00000,-0.21000,0.34600,1.43400,0.00000,1.00000,16,0.18300,-0.04970,0.01494,0.18360,0.09820,0,0.99122,-0.00000,0.00000,-0.13221,,0,,,,,,,,,,,,,,,,,,,,,,,,,,,,,,,,,,,,,,,,,,,,,,,,,,,,,,,,,,,,,,,,,,,,,,,,,,,,,,,,,,,,,,,,,,,,,,,,,,,,,,,,,,,,,,,,,,,,,,,,,,,,,,,0,,,,,0.18360,0.09820,0.01994,0.97000,0.00000,0.00000,0.24311
3498.1839,0,0,16.90,0.00,22.59,0.29868,0.25437,0.83192,,,,0,0,0.21961,-0.00098,0.06018,0.21953,-0.00098,0.06007,,,nan,0.00000,-0.20964,0.34636,1.43401,0.00000,1.00000,0.00000,-0.21000,0.34600,1.43400,0.00000,1.00000,16,0.18300,-0.04970,0.01494,0.18360,0.09820,0,0.99122,-0.00000,0.00000,-0.13221,,0,,,,,,,,,,,,,,,,,,,,,,,,,,,,,,,,,,,,,,,,,,,,,,,,,,,,,,,,,,,,,,,,,,,,,,,,,,,,,,,,,,,,,,,,,,,,,,,,,,,,,,,,,,,,,,,,,,,,,,,,,,,,,,,0,,,,,0.18360,0.09820,0.01994,0.97000,0.00000,0.00000,0.24311
3498.2217,0,0,22.28,0.00,34.87,0.29868,0.25437,0.83192,,,,0,0,0.21961,-0.00098,0.06018,0.21953,-0.00098,0.06007,,,nan,0.00000,-0.20964,0.34636,1.43401,0.00000,1.00000,0.00000,-0.21000,0.34600,1.43400,0.00000,1.00000,16,0.18300,-0.04970,0.01494,0.18360,0.09820,0,0.99122,0.00000,0.00000,-0.13221,,0,,,,,,,,,,,,,,,,,,,,,,,,,,,,,,,,,,,,,,,,,,,,,,,,,,,,,,,,,,,,,,,,,,,,,,,,,,,,,,,,,,,,,,,,,,,,,,,,,,,,,,,,,,,,,,,,,,,,,,,,,,,,,,,0,,,,,0.18360,0.09820,0.01994,0.97000,-0.00000,0.00000,0.24311
3498.2725,0,0,22.41,0.00,47.00,0.29868,0.25437,0.83192,,,,0,0,0.21961,-0.00098,0.06018,0.21953,-0.00098,0.06007,,,nan,0.00000,-0.20964,0.34636,1.43401,0.00000,1.00000,0.00000,-0.21000,0.34600,1.43400,0.00000,1.00000,16,0.18300,-0.04970,0.01494,0.18360,0.09820,0,0.99122,0.00000,0.00000,-0.13221,,0,,,,,,,,,,,,,,,,,,,,,,,,,,,,,,,,,,,,,,,,,,,,,,,,,,,,,,,,,,,,,,,,,,,,,,,,,,,,,,,,,,,,,,,,,,,,,,,,,,,,,,,,,,,,,,,,,,,,,,,,,,,,,,,0,,,,,0.18360,0.09820,0.01994,0.97000,-0.00000,-0.00000,0.24311
3498.3020,0,0,17.78,0.00,24.92,0.29868,0.25437,0.83192,,,,0,0,0.21961,-0.00098,0.06018,0.21953,-0.00098,0.06007,,,nan,0.00000,-0.20964,0.34636,1.43401,0.00000,1.00000,0.00000,-0.21000,0.34600,1.43400,0.00000,1.00000,16,0.18300,-0.04970,0.01494,0.18360,0.09820,0,0.99122,0.00000,0.00000,-0.13221,,0,,,,,,,,,,,,,,,,,,,,,,,,,,,,,,,,,,,,,,,,,,,,,,,,,,,,,,,,,,,,,,,,,,,,,,,,,,,,,,,,,,,,,,,,,,,,,,,,,,,,,,,,,,,,,,,,,,,,,,,,,,,,,,,0,,,,,0.18360,0.09820,0.01994,0.97000,-0.00000,-0.00000,0.24311
3498.3296,0,0,16.50,0.00,22.45,0.29868,0.25437,0.83192,,,,0,0,0.21961,-0.00098,0.06018,0.21953,-0.00098,0.06007,,,nan,0.00000,-0.20964,0.34636,1.43401,0.00000,1.00000,0.00000,-0.21000,0.34600,1.43400,0.00000,1.00000,16,0.18300,-0.04970,0.01494,0.18360,0.09820,0,0.99122,0.00000,-0.00000,-0.13221,,0,,,,,,,,,,,,,,,,,,,,,,,,,,,,,,,,,,,,,,,,,,,,,,,,,,,,,,,,,,,,,,,,,,,,,,,,,,,,,,,,,,,,,,,,,,,,,,,,,,,,,,,,,,,,,,,,,,,,,,,,,,,,,,,0,,,,,0.18360,0.09820,0.01994,0.97000,-0.00000,-0.00000,0.24311
3498.3754,0,0,32.01,0.00,41.23,0.29868,0.25437,0.83192,,,,0,0,0.21961,-0.00098,0.06018,0.21953,-0.00098,0.06007,,,nan,0.00000,-0.20964,0.34636,1.43401,0.00000,1.00000,0.00000,-0.21000,0.34600,1.43400,0.00000,1.00000,16,0.18300,-0.04970,0.01494,0.18360,0.09820,0,0.99122,-0.00000,0.00000,-0.13221,,0,,,,,,,,,,,,,,,,,,,,,,,,,,,,,,,,,,,,,,,,,,,,,,,,,,,,,,,,,,,,,,,,,,,,,,,,,,,,,,,,,,,,,,,,,,,,,,,,,,,,,,,,,,,,,,,,,,,,,,,,,,,,,,,0,,,,,0.18360,0.09820,0.01994,0.97000,-0.00000,-0.00000,0.24311
3498.4029,0,0,17.30,0.00,23.33,0.29868,0.25437,0.83192,,,,0,0,0.21961,-0.00098,0.06018,0.21953,-0.00098,0.06007,,,nan,0.00000,-0.20964,0.34636,1.43401,0.00000,1.00000,0.00000,-0.21000,0.34600,1.43400,0.00000,1.00000,16,0.18300,-0.04970,0.01494,0.18360,0.09820,0,0.99122,0.00000,-0.00000,-0.13221,,0,,,,,,,,,,,,,,,,,,,,,,,,,,,,,,,,,,,,,,,,,,,,,,,,,,,,,,,,,,,,,,,,,,,,,,,,,,,,,,,,,,,,,,,,,,,,,,,,,,,,,,,,,,,,,,,,,,,,,,,,,,,,,,,0,,,,,0.18360,0.09820,0.01994,0.97000,-0.00000,-0.00000,0.24311
3498.4308,0,0,16.49,0.00,23.24,0.29868,0.25437,0.83192,,,,0,0,0.21961,-0.00098,0.06018,0.21953,-0.00098,0.06007,,,nan,0.00000,-0.20964,0.34636,1.43401,0.00000,1.00000,0.00000,-0.21000,0.34600,1.43400,0.00000,1.00000,16,0.18300,-0.04970,0.01494,0.18360,0.09820,0,0.99122,0.00000,-0.00000,-0.13221,,0,,,,,,,,,,,,,,,,,,,,,,,,,,,,,,,,,,,,,,,,,,,,,,,,,,,,,,,,,,,,,,,,,,,,,,,,,,,,,,,,,,,,,,,,,,,,,,,,,,,,,,,,,,,,,,,,,,,,,,,,,,,,,,,0,,,,,0.18360,0.09820,0.01994,0.97000,-0.00000,-0.00000,0.24311
3498.4578,0,0,17.45,0.00,23.86,0.29868,0.25437,0.83192,,,,0,0,0.21961,-0.00098,0.06018,0.21953,-0.00098,0.06007,,,nan,0.00000,-0.20964,0.34636,1.43401,0.00000,1.00000,0.00000,-0.21000,0.34600,1.43400,0.00000,1.00000,16,0.18300,-0.04970,0.01494,0.18360,0.09820,0,0.99122,-0.00000,-0.00000,-0.13221,,0,,,,,,,,,,,,,,,,,,,,,,,,,,,,,,,,,,,,,,,,,,,,,,,,,,,,,,,,,,,,,,,,,,,,,,,,,,,,,,,,,,,,,,,,,,,,,,,,,,,,,,,,,,,,,,,,,,,,,,,,,,,,,,,0,,,,,0.18360,0.09820,0.01994,0.97000,0.00000,-0.00000,0.24311
3498.4924,0,0,22.04,0.00,29.97,0.29868,0.25437,0.83192,,,,0,0,0.21961,-0.00098,0.06018,0.21953,-0.00098,0.06007,,,nan,0.00000,-0.20964,0.34636,1.43401,0.00000,1.00000,0.00000,-0.21000,0.34600,1.43400,0.00000,1.00000,16,0.18300,-0.04970,0.01494,0.18360,0.09820,0,0.99122,0.00000,-0.00000,-0.13221,,0,,,,,,,,,,,,,,,,,,,,,,,,,,,,,,,,,,,,,,,,,,,,,,,,,,,,,,,,,,,,,,,,,,,,,,,,,,,,,,,,,,,,,,,,,,,,,,,,,,,,,,,,,,,,,,,,,,,,,,,,,,,,,,,0,,,,,0.18360,0.09820,0.01994,0.97000,-0.00000,0.00000,0.24311
3498.5208,0,0,17.45,0.00,24.07,0.29868,0.25437,0.83192,,,,0,0,0.21961,-0.00098,0.06018,0.21953,-0.00098,0.06007,,,nan,0.00000,-0.20964,0.34636,1.43401,0.00000,1.00000,0.00000,-0.21000,0.34600,1.43400,0.00000,1.00000,16,0.18300,-0.04970,0.01494,0.18360,0.09820,0,0.99122,-0.00000,-0.00000,-0.13221,,0,,,,,,,,,,,,,,,,,,,,,,,,,,,,,,,,,,,,,,,,,,,,,,,,,,,,,,,,,,,,,,,,,,,,,,,,,,,,,,,,,,,,,,,,,,,,,,,,,,,,,,,,,,,,,,,,,,,,,,,,,,,,,,,0,,,,,0.18360,0.09820,0.01994,0.97000,-0.00000,0.00000,0.24311
3498.5582,0,0,23.34,0.00,34.19,0.29868,0.25437,0.83192,,,,0,0,0.21961,-0.00098,0.06018,0.21953,-0.00098,0.06007,,,nan,0.00000,-0.20964,0.34636,1.43401,0.00000,1.00000,0.00000,-0.21000,0.34600,1.43400,0.00000,1.00000,16,0.18300,-0.04970,0.01494,0.18360,0.09820,0,0.99122,-0.00000,0.00000,-0.13221,,0,,,,,,,,,,,,,,,,,,,,,,,,,,,,,,,,,,,,,,,,,,,,,,,,,,,,,,,,,,,,,,,,,,,,,,,,,,,,,,,,,,,,,,,,,,,,,,,,,,,,,,,,,,,,,,,,,,,,,,,,,,,,,,,0,,,,,0.18360,0.09820,0.01994,0.97000,-0.00000,-0.00000,0.24311
3498.5848,0,0,16.32,0.00,22.45,0.29868,0.25437,0.83192,,,,0,0,0.21961,-0.00098,0.06018,0.21953,-0.00098,0.06007,,,nan,0.00000,-0.20964,0.34636,1.43401,0.00000,1.00000,0.00000,-0.21000,0.34600,1.43400,0.00000,1.00000,16,0.18300,-0.04970,0.01494,0.18360,0.09820,0,0.99122,-0.00000,-0.00000,-0.13221,,0,,,,,,,,,,,,,,,,,,,,,,,,,,,,,,,,,,,,,,,,,,,,,,,,,,,,,,,,,,,,,,,,,,,,,,,,,,,,,,,,,,,,,,,,,,,,,,,,,,,,,,,,,,,,,,,,,,,,,,,,,,,,,,,0,,,,,0.18360,0.09820,0.01994,0.97000,-0.00000,0.00000,0.24311
3498.6184,0,0,19.76,0.00,28.94,0.29868,0.25437,0.83192,,,,0,0,0.21961,-0.00098,0.06018,0.21953,-0.00098,0.06007,,,nan,0.00000,-0.20964,0.34636,1.43401,0.00000,1.00000,0.00000,-0.21000,0.34600,1.43400,0.00000,1.00000,16,0.18300,-0.04970,0.01494,0.18360,0.09820,0,0.99122,-0.00000,0.00000,-0.13221,,0,,,,,,,,,,,,,,,,,,,,,,,,,,,,,,,,,,,,,,,,,,,,,,,,,,,,,,,,,,,,,,,,,,,,,,,,,,,,,,,,,,,,,,,,,,,,,,,,,,,,,,,,,,,,,,,,,,,,,,,,,,,,,,,0,,,,,0.18360,0.09820,0.01994,0.97000,-0.00000,-0.00000,0.24311
3498.6663,0,0,19.43,0.00,44.96,0.29868,0.25437,0.83192,,,,0,0,0.21961,-0.00098,0.06018,0.21953,-0.00098,0.06007,,,nan,0.00000,-0.20964,0.34636,1.43401,0.00000,1.00000,0.00000,-0.21000,0.34600,1.43400,0.00000,1.00000,16,0.18300,-0.04970,0.01494,0.18360,0.09820,0,0.99122,-0.00000,-0.00000,-0.13221,,0,,,,,,,,,,,,,,,,,,,,,,,,,,,,,,,,,,,,,,,,,,,,,,,,,,,,,,,,,,,,,,,,,,,,,,,,,,,,,,,,,,,,,,,,,,,,,,,,,,,,,,,,,,,,,,,,,,,,,,,,,,,,,,,0,,,,,0.18360,0.09820,0.01994,0.97000,0.00000,-0.00000,0.24311
3498.6989,0,0,20.50,0.00,27.92,0.29868,0.25437,0.83192,,,,0,0,0.21961,-0.00098,0.06018,0.21953,-0.00098,0.06007,,,nan,0.00000,-0.20964,0.34636,1.43401,0.00000,1.00000,0.00000,-0.21000,0.34600,1.43400,0.00000,1.00000,16,0.18300,-0.04970,0.01494,0.18360,0.09820,0,0.99122,-0.00000,0.00000,-0.13221,,0,,,,,,,,,,,,,,,,,,,,,,,,,,,,,,,,,,,,,,,,,,,,,,,,,,,,,,,,,,,,,,,,,,,,,,,,,,,,,,,,,,,,,,,,,,,,,,,,,,,,,,,,,,,,,,,,,,,,,,,,,,,,,,,0,,,,,0.18360,0.09820,0.01994,0.97000,0.00000,-0.00000,0.24311
3498.7310,0,0,20.66,0.00,28.64,0.29868,0.25437,0.83192,,,,0,0,0.21961,-0.00098,0.06018,0.21953,-0.00098,0.06007,,,nan,0.00000,-0.20964,0.34636,1.43401,0.00000,1.00000,0.00000,-0.21000,0.34600,1.43400,0.00000,1.00000,16,0.18300,-0.04970,0.01494,0.18360,0.09820,0,0.99122,-0.00000,-0.00000,-0.13221,,0,,,,,,,,,,,,,,,,,,,,,,,,,,,,,,,,,,,,,,,,,,,,,,,,,,,,,,,,,,,,,,,,,,,,,,,,,,,,,,,,,,,,,,,,,,,,,,,,,,,,,,,,,,,,,,,,,,,,,,,,,,,,,,,0,,,,,0.18360,0.09820,0.01994,0.97000,0.00000,0.00000,0.24311
3498.7626,0,0,20.97,0.00,28.83,0.29868,0.25437,0.83192,,,,0,0,0.21961,-0.00098,0.06018,0.21953,-0.00098,0.06007,,,nan,0.00000,-0.20964,0.34636,1.43401,0.00000,1.00000,0.00000,-0.21000,0.34600,1.43400,0.00000,1.00000,16,0.18300,-0.04970,0.01494,0.18360,0.09820,0,0.99122,0.00000,-0.00000,-0.13221,,0,,,,,,,,,,,,,,,,,,,,,,,,,,,,,,,,,,,,,,,,,,,,,,,,,,,,,,,,,,,,,,,,,,,,,,,,,,,,,,,,,,,,,,,,,,,,,,,,,,,,,,,,,,,,,,,,,,,,,,,,,,,,,,,0,,,,,0.18360,0.09820,0.01994,0.97000,0.00000,0.00000,0.24311
3498.7938,0,0,18.95,0.00,26.96,0.29868,0.25437,0.83192,,,,0,0,0.21961,-0.00098,0.06018,0.21953,-0.00098,0.06007,,,nan,0.00000,-0.20964,0.34636,1.43401,0.00000,1.00000,0.00000,-0.21000,0.34600,1.43400,0.00000,1.00000,16,0.18300,-0.04970,0.01494,0.18360,0.09820,0,0.99122,0.00000,-0.00000,-0.13221,,0,,,,,,,,,,,,,,,,,,,,,,,,,,,,,,,,,,,,,,,,,,,,,,,,,,,,,,,,,,,,,,,,,,,,,,,,,,,,,,,,,,,,,,,,,,,,,,,,,,,,,,,,,,,,,,,,,,,,,,,,,,,,,,,0,,,,,0.18360,0.09820,0.01994,0.97000,0.00000,-0.00000,0.24311
3498.8262,0,0,19.69,0.00,28.37,0.29868,0.25437,0.83192,,,,0,0,0.21961,-0.00098,0.06018,0.21953,-0.00098,0.06007,,,nan,0.00000,-0.20964,0.34636,1.43401,0.00000,1.00000,0.00000,-0.21000,0.34600,1.43400,0.00000,1.00000,16,0.18300,-0.04970,0.01494,0.18360,0.09820,0,0.99122,0.00000,-0.00000,-0.13221,,0,,,,,,,,,,,,,,,,,,,,,,,,,,,,,,,,,,,,,,,,,,,,,,,,,,,,,,,,,,,,,,,,,,,,,,,,,,,,,,,,,,,,,,,,,,,,,,,,,,,,,,,,,,,,,,,,,,,,,,,,,,,,,,,0,,,,,0.18360,0.09820,0.01994,0.97000,0.00000,-0.00000,0.24311
3498.8587,0,0,20.34,0.00,27.90,0.29868,0.25437,0.83192,,,,0,0,0.21961,-0.00098,0.06018,0.21953,-0.00098,0.06007,,,nan,0.00000,-0.20964,0.34636,1.43401,0.00000,1.00000,0.00000,-0.21000,0.34600,1.43400,0.00000,1.00000,16,0.18300,-0.04970,0.01494,0.18360,0.09820,0,0.99122,-0.00000,-0.00000,-0.13221,,0,,,,,,,,,,,,,,,,,,,,,,,,,,,,,,,,,,,,,,,,,,,,,,,,,,,,,,,,,,,,,,,,,,,,,,,,,,,,,,,,,,,,,,,,,,,,,,,,,,,,,,,,,,,,,,,,,,,,,,,,,,,,,,,0,,,,,0.18360,0.09820,0.01994,0.97000,-0.00000,-0.00000,0.24311
3498.8913,0,0,21.72,0.00,27.63,0.29868,0.25437,0.83192,,,,0,0,0.21961,-0.00098,0.06018,0.21953,-0.00098,0.06007,,,nan,0.00000,-0.20964,0.34636,1.43401,0.00000,1.00000,0.00000,-0.21000,0.34600,1.43400,0.00000,1.00000,16,0.18300,-0.04970,0.01494,0.18360,0.09820,0,0.99122,-0.00000,-0.00000,-0.13221,,0,,,,,,,,,,,,,,,,,,,,,,,,,,,,,,,,,,,,,,,,,,,,,,,,,,,,,,,,,,,,,,,,,,,,,,,,,,,,,,,,,,,,,,,,,,,,,,,,,,,,,,,,,,,,,,,,,,,,,,,,,,,,,,,0,,,,,0.18360,0.09820,0.01994,0.97000,-0.00000,0.00000,0.24311
3498.9249,0,0,21.96,0.00,31.15,0.29868,0.25437,0.83192,,,,0,0,0.21961,-0.00098,0.06018,0.21953,-0.00098,0.06007,,,nan,0.00000,-0.20964,0.34636,1.43401,0.00000,1.00000,0.00000,-0.21000,0.34600,1.43400,0.00000,1.00000,16,0.18300,-0.04970,0.01494,0.18360,0.09820,0,0.99122,-0.00000,-0.00000,-0.13221,,0,,,,,,,,,,,,,,,,,,,,,,,,,,,,,,,,,,,,,,,,,,,,,,,,,,,,,,,,,,,,,,,,,,,,,,,,,,,,,,,,,,,,,,,,,,,,,,,,,,,,,,,,,,,,,,,,,,,,,,,,,,,,,,,0,,,,,0.18360,0.09820,0.01994,0.97000,0.00000,0.00000,0.24311
3498.9520,0,0,16.86,0.00,23.16,0.29868,0.25437,0.83192,,,,0,0,0.21961,-0.00098,0.06018,0.21953,-0.00098,0.06007,,,nan,0.00000,-0.20964,0.34636,1.43401,0.00000,1.00000,0.00000,-0.21000,0.34600,1.43400,0.00000,1.00000,16,0.18300,-0.04970,0.01494,0.18360,0.09820,0,0.99122,-0.00000,-0.00000,-0.13221,,0,,,,,,,,,,,,,,,,,,,,,,,,,,,,,,,,,,,,,,,,,,,,,,,,,,,,,,,,,,,,,,,,,,,,,,,,,,,,,,,,,,,,,,,,,,,,,,,,,,,,,,,,,,,,,,,,,,,,,,,,,,,,,,,0,,,,,0.18360,0.09820,0.01994,0.97000,0.00000,0.00000,0.24311
3498.9861,0,0,19.49,0.00,30.04,0.29868,0.25437,0.83192,,,,0,0,0.21961,-0.00098,0.06018,0.21953,-0.00098,0.06007,,,nan,0.00000,-0.20964,0.34636,1.43401,0.00000,1.00000,0.00000,-0.21000,0.34600,1.43400,0.00000,1.00000,16,0.18300,-0.04970,0.01494,0.18360,0.09820,0,0.99122,0.00000,-0.00000,-0.13221,,0,,,,,,,,,,,,,,,,,,,,,,,,,,,,,,,,,,,,,,,,,,,,,,,,,,,,,,,,,,,,,,,,,,,,,,,,,,,,,,,,,,,,,,,,,,,,,,,,,,,,,,,,,,,,,,,,,,,,,,,,,,,,,,,0,,,,,0.18360,0.09820,0.01994,0.97000,-0.00000,0.00000,0.24311
3499.0164,0,0,18.04,0.00,26.10,0.29868,0.25437,0.83192,,,,0,0,0.21961,-0.00098,0.06018,0.21953,-0.00098,0.06007,,,nan,0.00000,-0.20964,0.34636,1.43401,0.00000,1.00000,0.00000,-0.21000,0.34600,1.43400,0.00000,1.00000,16,0.18300,-0.04970,0.01494,0.18360,0.09820,0,0.99122,0.00000,0.00000,-0.13221,,0,,,,,,,,,,,,,,,,,,,,,,,,,,,,,,,,,,,,,,,,,,,,,,,,,,,,,,,,,,,,,,,,,,,,,,,,,,,,,,,,,,,,,,,,,,,,,,,,,,,,,,,,,,,,,,,,,,,,,,,,,,,,,,,0,,,,,0.18360,0.09820,0.01994,0.97000,-0.00000,0.00000,0.24311
3499.0535,0,0,23.05,0.00,34.48,0.29868,0.25437,0.83192,,,,0,0,0.21961,-0.00098,0.06018,0.21953,-0.00098,0.06007,,,nan,0.00000,-0.20964,0.34636,1.43401,0.00000,1.00000,0.00000,-0.21000,0.34600,1.43400,0.00000,1.00000,16,0.18300,-0.04970,0.01494,0.18360,0.09820,0,0.99122,0.00000,-0.00000,-0.13221,,0,,,,,,,,,,,,,,,,,,,,,,,,,,,,,,,,,,,,,,,,,,,,,,,,,,,,,,,,,,,,,,,,,,,,,,,,,,,,,,,,,,,,,,,,,,,,,,,,,,,,,,,,,,,,,,,,,,,,,,,,,,,,,,,0,,,,,0.18360,0.09820,0.01994,0.97000,-0.00000,0.00000,0.24311
3499.1005,0,0,22.82,0.00,43.33,0.29868,0.25437,0.83192,,,,0,0,0.21961,-0.00098,0.06018,0.21953,-0.00098,0.06007,,,nan,0.00000,-0.20964,0.34636,1.43401,0.00000,1.00000,0.00000,-0.21000,0.34600,1.43400,0.00000,1.00000,16,0.18300,-0.04970,0.01494,0.18360,0.09820,0,0.99122,-0.00000,0.00000,-0.13221,,0,,,,,,,,,,,,,,,,,,,,,,,,,,,,,,,,,,,,,,,,,,,,,,,,,,,,,,,,,,,,,,,,,,,,,,,,,,,,,,,,,,,,,,,,,,,,,,,,,,,,,,,,,,,,,,,,,,,,,,,,,,,,,,,0,,,,,0.18360,0.09820,0.01994,0.97000,0.00000,0.00000,0.24311
3499.1314,0,0,20.25,0.00,26.32,0.29868,0.25437,0.83192,,,,0,0,0.21961,-0.00098,0.06018,0.21953,-0.00098,0.06007,,,nan,0.00000,-0.20964,0.34636,1.43401,0.00000,1.00000,0.00000,-0.21000,0.34600,1.43400,0.00000,1.00000,16,0.18300,-0.04970,0.01494,0.18360,0.09820,0,0.99122,0.00000,-0.00000,-0.13221,,0,,,,,,,,,,,,,,,,,,,,,,,,,,,,,,,,,,,,,,,,,,,,,,,,,,,,,,,,,,,,,,,,,,,,,,,,,,,,,,,,,,,,,,,,,,,,,,,,,,,,,,,,,,,,,,,,,,,,,,,,,,,,,,,0,,,,,0.18360,0.09820,0.01994,0.97000,0.00000,0.00000,0.24311
3499.1584,0,0,16.56,0.00,22.46,0.29868,0.25437,0.83192,,,,0,0,0.21961,-0.00098,0.06018,0.21953,-0.00098,0.06007,,,nan,0.00000,-0.20964,0.34636,1.43401,0.00000,1.00000,0.00000,-0.21000,0.34600,1.43400,0.00000,1.00000,16,0.18300,-0.04970,0.01494,0.18360,0.09820,0,0.99122,0.00000,-0.00000,-0.13221,,0,,,,,,,,,,,,,,,,,,,,,,,,,,,,,,,,,,,,,,,,,,,,,,,,,,,,,,,,,,,,,,,,,,,,,,,,,,,,,,,,,,,,,,,,,,,,,,,,,,,,,,,,,,,,,,,,,,,,,,,,,,,,,,,0,,,,,0.18360,0.09820,0.01994,0.97000,0.00000,0.00000,0.24311
3499.1905,0,0,16.11,0.00,27.77,0.29868,0.25437,0.83192,,,,0,0,0.21961,-0.00098,0.06018,0.21953,-0.00098,0.06007,,,nan,0.00000,-0.20964,0.34636,1.43401,0.00000,1.00000,0.00000,-0.21000,0.34600,1.43400,0.00000,1.00000,16,0.18300,-0.04970,0.01494,0.18360,0.09820,0,0.99122,-0.00000,-0.00000,-0.13221,,0,,,,,,,,,,,,,,,,,,,,,,,,,,,,,,,,,,,,,,,,,,,,,,,,,,,,,,,,,,,,,,,,,,,,,,,,,,,,,,,,,,,,,,,,,,,,,,,,,,,,,,,,,,,,,,,,,,,,,,,,,,,,,,,0,,,,,0.18360,0.09820,0.01994,0.97000,0.00000,0.00000,0.24311
3499.2265,0,0,20.02,0.00,32.10,0.29868,0.25437,0.83192,,,,0,0,0.21961,-0.00098,0.06018,0.21953,-0.00098,0.06007,,,nan,0.00000,-0.20964,0.34636,1.43401,0.00000,1.00000,0.00000,-0.21000,0.34600,1.43400,0.00000,1.00000,16,0.18300,-0.04970,0.01494,0.18360,0.09820,0,0.99122,0.00000,-0.00000,-0.13221,,0,,,,,,,,,,,,,,,,,,,,,,,,,,,,,,,,,,,,,,,,,,,,,,,,,,,,,,,,,,,,,,,,,,,,,,,,,,,,,,,,,,,,,,,,,,,,,,,,,,,,,,,,,,,,,,,,,,,,,,,,,,,,,,,0,,,,,0.18360,0.09820,0.01994,0.97000,0.00000,0.00000,0.24311
3499.2607,0,0,22.32,0.00,31.58,0.29868,0.25437,0.83192,,,,0,0,0.21961,-0.00098,0.06018,0.21953,-0.00098,0.06007,,,nan,0.00000,-0.20964,0.34636,1.43401,0.00000,1.00000,0.00000,-0.21000,0.34600,1.43400,0.00000,1.00000,16,0.18300,-0.04970,0.01494,0.18360,0.09820,0,0.99122,0.00000,-0.00000,-0.13221,,0,,,,,,,,,,,,,,,,,,,,,,,,,,,,,,,,,,,,,,,,,,,,,,,,,,,,,,,,,,,,,,,,,,,,,,,,,,,,,,,,,,,,,,,,,,,,,,,,,,,,,,,,,,,,,,,,,,,,,,,,,,,,,,,0,,,,,0.18360,0.09820,0.01994,0.97000,0.00000,0.00000,0.24311
3499.2893,0,0,17.83,0.00,24.18,0.29868,0.25437,0.83192,,,,0,0,0.21961,-0.00098,0.06018,0.21953,-0.00098,0.06007,,,nan,0.00000,-0.20964,0.34636,1.43401,0.00000,1.00000,0.00000,-0.21000,0.34600,1.43400,0.00000,1.00000,16,0.18300,-0.04970,0.01494,0.18360,0.09820,0,0.99122,0.00000,0.00000,-0.13221,,0,,,,,,,,,,,,,,,,,,,,,,,,,,,,,,,,,,,,,,,,,,,,,,,,,,,,,,,,,,,,,,,,,,,,,,,,,,,,,,,,,,,,,,,,,,,,,,,,,,,,,,,,,,,,,,,,,,,,,,,,,,,,,,,0,,,,,0.18360,0.09820,0.01994,0.97000,0.00000,0.00000,0.24311
3499.3254,0,0,23.23,0.00,31.76,0.29868,0.25437,0.83192,,,,0,0,0.21961,-0.00098,0.06018,0.21953,-0.00098,0.06007,,,nan,0.00000,-0.20964,0.34636,1.43401,0.00000,1.00000,0.00000,-0.21000,0.34600,1.43400,0.00000,1.00000,16,0.18300,-0.04970,0.01494,0.18360,0.09820,0,0.99122,0.00000,0.00000,-0.13221,,0,,,,,,,,,,,,,,,,,,,,,,,,,,,,,,,,,,,,,,,,,,,,,,,,,,,,,,,,,,,,,,,,,,,,,,,,,,,,,,,,,,,,,,,,,,,,,,,,,,,,,,,,,,,,,,,,,,,,,,,,,,,,,,,0,,,,,0.18360,0.09820,0.01994,0.97000,0.00000,0.00000,0.24311
3499.3535,0,0,17.49,0.00,23.37,0.29868,0.25437,0.83192,,,,0,0,0.21961,-0.00098,0.06018,0.21953,-0.00098,0.06007,,,nan,0.00000,-0.20964,0.34636,1.43401,0.00000,1.00000,0.00000,-0.21000,0.34600,1.43400,0.00000,1.00000,16,0.18300,-0.04970,0.01494,0.18360,0.09820,0,0.99122,0.00000,-0.00000,-0.13221,,0,,,,,,,,,,,,,,,,,,,,,,,,,,,,,,,,,,,,,,,,,,,,,,,,,,,,,,,,,,,,,,,,,,,,,,,,,,,,,,,,,,,,,,,,,,,,,,,,,,,,,,,,,,,,,,,,,,,,,,,,,,,,,,,0,,,,,0.18360,0.09820,0.01994,0.97000,0.00000,0.00000,0.24311
3499.3872,0,0,20.49,0.00,30.22,0.29868,0.25437,0.83192,,,,0,0,0.21961,-0.00098,0.06018,0.21953,-0.00098,0.06007,,,nan,0.00000,-0.20964,0.34636,1.43401,0.00000,1.00000,0.00000,-0.21000,0.34600,1.43400,0.00000,1.00000,16,0.18300,-0.04970,0.01494,0.18360,0.09820,0,0.99122,0.00000,-0.00000,-0.13221,,0,,,,,,,,,,,,,,,,,,,,,,,,,,,,,,,,,,,,,,,,,,,,,,,,,,,,,,,,,,,,,,,,,,,,,,,,,,,,,,,,,,,,,,,,,,,,,,,,,,,,,,,,,,,,,,,,,,,,,,,,,,,,,,,0,,,,,0.18360,0.09820,0.01994,0.97000,0.00000,0.00000,0.24311
3499.4165,0,0,17.25,0.00,24.57,0.29868,0.25437,0.83192,,,,0,0,0.21961,-0.00098,0.06018,0.21953,-0.00098,0.06007,,,nan,0.00000,-0.20964,0.34636,1.43401,0.00000,1.00000,0.00000,-0.21000,0.34600,1.43400,0.00000,1.00000,16,0.18300,-0.04970,0.01494,0.18360,0.09820,0,0.99122,-0.00000,-0.00000,-0.13221,,0,,,,,,,,,,,,,,,,,,,,,,,,,,,,,,,,,,,,,,,,,,,,,,,,,,,,,,,,,,,,,,,,,,,,,,,,,,,,,,,,,,,,,,,,,,,,,,,,,,,,,,,,,,,,,,,,,,,,,,,,,,,,,,,0,,,,,0.18360,0.09820,0.01994,0.97000,-0.00000,0.00000,0.24311
3499.4474,0,0,17.39,0.00,26.65,0.29868,0.25437,0.83192,,,,0,0,0.21961,-0.00098,0.06018,0.21953,-0.00098,0.06007,,,nan,0.00000,-0.20964,0.34636,1.43401,0.00000,1.00000,0.00000,-0.21000,0.34600,1.43400,0.00000,1.00000,16,0.18300,-0.04970,0.01494,0.18360,0.09820,0,0.99122,-0.00000,-0.00000,-0.13221,,0,,,,,,,,,,,,,,,,,,,,,,,,,,,,,,,,,,,,,,,,,,,,,,,,,,,,,,,,,,,,,,,,,,,,,,,,,,,,,,,,,,,,,,,,,,,,,,,,,,,,,,,,,,,,,,,,,,,,,,,,,,,,,,,0,,,,,0.18360,0.09820,0.01994,0.97000,-0.00000,0.00000,0.24311
3499.4808,0,0,18.57,0.00,28.64,0.29868,0.25437,0.83192,,,,0,0,0.21961,-0.00098,0.06018,0.21953,-0.00098,0.06007,,,nan,0.00000,-0.20964,0.34636,1.43401,0.00000,1.00000,0.00000,-0.21000,0.34600,1.43400,0.00000,1.00000,16,0.18300,-0.04970,0.01494,0.18360,0.09820,0,0.99122,-0.00000,0.00000,-0.13221,,0,,,,,,,,,,,,,,,,,,,,,,,,,,,,,,,,,,,,,,,,,,,,,,,,,,,,,,,,,,,,,,,,,,,,,,,,,,,,,,,,,,,,,,,,,,,,,,,,,,,,,,,,,,,,,,,,,,,,,,,,,,,,,,,0,,,,,0.18360,0.09820,0.01994,0.97000,0.00000,0.00000,0.24311
3499.5273,0,0,17.44,0.00,42.49,0.29868,0.25437,0.83192,,,,0,0,0.21961,-0.00098,0.06018,0.21953,-0.00098,0.06007,,,nan,0.00000,-0.20964,0.34636,1.43401,0.00000,1.00000,0.00000,-0.21000,0.34600,1.43400,0.00000,1.00000,16,0.18300,-0.04970,0.01494,0.18360,0.09820,0,0.99122,-0.00000,0.00000,-0.13221,,0,,,,,,,,,,,,,,,,,,,,,,,,,,,,,,,,,,,,,,,,,,,,,,,,,,,,,,,,,,,,,,,,,,,,,,,,,,,,,,,,,,,,,,,,,,,,,,,,,,,,,,,,,,,,,,,,,,,,,,,,,,,,,,,0,,,,,0.18360,0.09820,0.01994,0.97000,-0.00000,0.00000,0.24311
3499.5603,0,0,18.08,0.00,28.91,0.29868,0.25437,0.83192,,,,0,0,0.21961,-0.00098,0.06018,0.21953,-0.00098,0.06007,,,nan,0.00000,-0.20964,0.34636,1.43401,0.00000,1.00000,0.00000,-0.21000,0.34600,1.43400,0.00000,1.00000,16,0.18300,-0.04970,0.01494,0.18360,0.09820,0,0.99122,-0.00000,0.00000,-0.13221,,0,,,,,,,,,,,,,,,,,,,,,,,,,,,,,,,,,,,,,,,,,,,,,,,,,,,,,,,,,,,,,,,,,,,,,,,,,,,,,,,,,,,,,,,,,,,,,,,,,,,,,,,,,,,,,,,,,,,,,,,,,,,,,,,0,,,,,0.18360,0.09820,0.01994,0.97000,-0.00000,0.00000,0.24311
3499.5924,0,0,17.53,0.00,27.83,0.29868,0.25437,0.83192,,,,0,0,0.21961,-0.00098,0.06018,0.21953,-0.00098,0.06007,,,nan,0.00000,-0.20964,0.34636,1.43401,0.00000,1.00000,0.00000,-0.21000,0.34600,1.43400,0.00000,1.00000,16,0.18300,-0.04970,0.01494,0.18360,0.09820,0,0.99122,-0.00000,0.00000,-0.13221,,0,,,,,,,,,,,,,,,,,,,,,,,,,,,,,,,,,,,,,,,,,,,,,,,,,,,,,,,,,,,,,,,,,,,,,,,,,,,,,,,,,,,,,,,,,,,,,,,,,,,,,,,,,,,,,,,,,,,,,,,,,,,,,,,0,,,,,0.18360,0.09820,0.01994,0.97000,-0.00000,0.00000,0.24311
3499.6291,0,0,23.78,0.00,33.02,0.29868,0.25437,0.83192,,,,0,0,0.21961,-0.00098,0.06018,0.21953,-0.00098,0.06007,,,nan,0.00000,-0.20964,0.34636,1.43401,0.00000,1.00000,0.00000,-0.21000,0.34600,1.43400,0.00000,1.00000,16,0.18300,-0.04970,0.01494,0.18360,0.09820,0,0.99122,-0.00000,-0.00000,-0.13221,,0,,,,,,,,,,,,,,,,,,,,,,,,,,,,,,,,,,,,,,,,,,,,,,,,,,,,,,,,,,,,,,,,,,,,,,,,,,,,,,,,,,,,,,,,,,,,,,,,,,,,,,,,,,,,,,,,,,,,,,,,,,,,,,,0,,,,,0.18360,0.09820,0.01994,0.97000,-0.00000,0.00000,0.24311
3499.6605,0,0,21.68,0.00,27.27,0.29868,0.25437,0.83192,,,,0,0,0.21961,-0.00098,0.06018,0.21953,-0.00098,0.06007,,,nan,0.00000,-0.20964,0.34636,1.43401,0.00000,1.00000,0.00000,-0.21000,0.34600,1.43400,0.00000,1.00000,16,0.18300,-0.04970,0.01494,0.18360,0.09820,0,0.99122,-0.00000,-0.00000,-0.13221,,0,,,,,,,,,,,,,,,,,,,,,,,,,,,,,,,,,,,,,,,,,,,,,,,,,,,,,,,,,,,,,,,,,,,,,,,,,,,,,,,,,,,,,,,,,,,,,,,,,,,,,,,,,,,,,,,,,,,,,,,,,,,,,,,0,,,,,0.18360,0.09820,0.01994,0.97000,-0.00000,-0.00000,0.24311
3499.6875,0,0,16.95,0.00,23.22,0.29868,0.25437,0.83192,,,,0,0,0.21961,-0.00098,0.06018,0.21953,-0.00098,0.06007,,,nan,0.00000,-0.20964,0.34636,1.43401,0.00000,1.00000,0.00000,-0.21000,0.34600,1.43400,0.00000,1.00000,16,0.18300,-0.04970,0.01494,0.18360,0.09820,0,0.99122,-0.00000,-0.00000,-0.13221,,0,,,,,,,,,,,,,,,,,,,,,,,,,,,,,,,,,,,,,,,,,,,,,,,,,,,,,,,,,,,,,,,,,,,,,,,,,,,,,,,,,,,,,,,,,,,,,,,,,,,,,,,,,,,,,,,,,,,,,,,,,,,,,,,0,,,,,0.18360,0.09820,0.01994,0.97000,-0.00000,0.00000,0.24311
3499.7261,0,0,24.22,0.00,34.67,0.29868,0.25437,0.83192,,,,0,0,0.21961,-0.00098,0.06018,0.21953,-0.00098,0.06007,,,nan,0.00000,-0.20964,0.34636,1.43401,0.00000,1.00000,0.00000,-0.21000,0.34600,1.43400,0.00000,1.00000,16,0.18300,-0.04970,0.01494,0.18360,0.09820,0,0.99122,0.00000,-0.00000,-0.13221,,0,,,,,,,,,,,,,,,,,,,,,,,,,,,,,,,,,,,,,,,,,,,,,,,,,,,,,,,,,,,,,,,,,,,,,,,,,,,,,,,,,,,,,,,,,,,,,,,,,,,,,,,,,,,,,,,,,,,,,,,,,,,,,,,0,,,,,0.18360,0.09820,0.01994,0.97000,0.00000,0.00000,0.24311
3499.7528,0,0,17.68,0.00,23.29,0.29868,0.25437,0.83192,,,,0,0,0.21961,-0.00098,0.06018,0.21953,-0.00098,0.06007,,,nan,0.00000,-0.20964,0.34636,1.43401,0.00000,1.00000,0.00000,-0.21000,0.34600,1.43400,0.00000,1.00000,16,0.18300,-0.04970,0.01494,0.18360,0.09820,0,0.99122,0.00000,-0.00000,-0.13221,,0,,,,,,,,,,,,,,,,,,,,,,,,,,,,,,,,,,,,,,,,,,,,,,,,,,,,,,,,,,,,,,,,,,,,,,,,,,,,,,,,,,,,,,,,,,,,,,,,,,,,,,,,,,,,,,,,,,,,,,,,,,,,,,,0,,,,,0.18360,0.09820,0.01994,0.97000,0.00000,0.00000,0.24311
3499.7847,0,0,17.38,0.00,27.54,0.29868,0.25437,0.83192,,,,0,0,0.21961,-0.00098,0.06018,0.21953,-0.00098,0.06007,,,nan,0.00000,-0.20964,0.34636,1.43401,0.00000,1.00000,0.00000,-0.21000,0.34600,1.43400,0.00000,1.00000,16,0.18300,-0.04970,0.01494,0.18360,0.09820,0,0.99122,-0.00000,0.00000,-0.13221,,0,,,,,,,,,,,,,,,,,,,,,,,,,,,,,,,,,,,,,,,,,,,,,,,,,,,,,,,,,,,,,,,,,,,,,,,,,,,,,,,,,,,,,,,,,,,,,,,,,,,,,,,,,,,,,,,,,,,,,,,,,,,,,,,0,,,,,0.18360,0.09820,0.01994,0.97000,-0.00000,-0.00000,0.24311
3499.8146,0,0,17.31,0.00,25.68,0.29868,0.25437,0.83192,,,,0,0,0.21961,-0.00098,0.06018,0.21953,-0.00098,0.06007,,,nan,0.00000,-0.20964,0.34636,1.43401,0.00000,1.00000,0.00000,-0.21000,0.34600,1.43400,0.00000,1.00000,16,0.18300,-0.04970,0.01494,0.18360,0.09820,0,0.99122,-0.00000,0.00000,-0.13221,,0,,,,,,,,,,,,,,,,,,,,,,,,,,,,,,,,,,,,,,,,,,,,,,,,,,,,,,,,,,,,,,,,,,,,,,,,,,,,,,,,,,,,,,,,,,,,,,,,,,,,,,,,,,,,,,,,,,,,,,,,,,,,,,,0,,,,,0.18360,0.09820,0.01994,0.97000,-0.00000,-0.00000,0.24311
3499.8510,0,0,20.15,0.00,32.83,0.29868,0.25437,0.83192,,,,0,0,0.21961,-0.00098,0.06018,0.21953,-0.00098,0.06007,,,nan,0.00000,-0.20964,0.34636,1.43401,0.00000,1.00000,0.00000,-0.21000,0.34600,1.43400,0.00000,1.00000,16,0.18300,-0.04970,0.01494,0.18360,0.09820,0,0.99122,-0.00000,0.00000,-0.13221,,0,,,,,,,,,,,,,,,,,,,,,,,,,,,,,,,,,,,,,,,,,,,,,,,,,,,,,,,,,,,,,,,,,,,,,,,,,,,,,,,,,,,,,,,,,,,,,,,,,,,,,,,,,,,,,,,,,,,,,,,,,,,,,,,0,,,,,0.18360,0.09820,0.01994,0.97000,-0.00000,-0.00000,0.24311
3499.8849,0,0,23.03,0.00,30.00,0.29868,0.25437,0.83192,,,,0,0,0.21961,-0.00098,0.06018,0.21953,-0.00098,0.06007,,,nan,0.00000,-0.20964,0.34636,1.43401,0.00000,1.00000,0.00000,-0.21000,0.34600,1.43400,0.00000,1.00000,16,0.18300,-0.04970,0.01494,0.18360,0.09820,0,0.99122,-0.00000,-0.00000,-0.13221,,0,,,,,,,,,,,,,,,,,,,,,,,,,,,,,,,,,,,,,,,,,,,,,,,,,,,,,,,,,,,,,,,,,,,,,,,,,,,,,,,,,,,,,,,,,,,,,,,,,,,,,,,,,,,,,,,,,,,,,,,,,,,,,,,0,,,,,0.18360,0.09820,0.01994,0.97000,0.00000,0.00000,0.24311
3499.9136,0,0,19.43,0.00,24.67,0.29868,0.25437,0.83192,,,,0,0,0.21961,-0.00098,0.06018,0.21953,-0.00098,0.06007,,,nan,0.00000,-0.20964,0.34636,1.43401,0.00000,1.00000,0.00000,-0.21000,0.34600,1.43400,0.00000,1.00000,16,0.18300,-0.04970,0.01494,0.18360,0.09820,0,0.99122,0.00000,-0.00000,-0.13221,,0,,,,,,,,,,,,,,,,,,,,,,,,,,,,,,,,,,,,,,,,,,,,,,,,,,,,,,,,,,,,,,,,,,,,,,,,,,,,,,,,,,,,,,,,,,,,,,,,,,,,,,,,,,,,,,,,,,,,,,,,,,,,,,,0,,,,,0.18360,0.09820,0.01994,0.97000,-0.00000,0.00000,0.24311
3499.9606,0,0,17.83,0.00,43.04,0.29868,0.25437,0.83192,,,,0,0,0.21961,-0.00098,0.06018,0.21953,-0.00098,0.06007,,,nan,0.00000,-0.20964,0.34636,1.43401,0.00000,1.00000,0.00000,-0.21000,0.34600,1.43400,0.00000,1.00000,16,0.18300,-0.04970,0.01494,0.18360,0.09820,0,0.99122,-0.00000,-0.00000,-0.13221,,0,,,,,,,,,,,,,,,,,,,,,,,,,,,,,,,,,,,,,,,,,,,,,,,,,,,,,,,,,,,,,,,,,,,,,,,,,,,,,,,,,,,,,,,,,,,,,,,,,,,,,,,,,,,,,,,,,,,,,,,,,,,,,,,0,,,,,0.18360,0.09820,0.01994,0.97000,0.00000,0.00000,0.24311
3499.9910,0,0,17.07,0.00,26.89,0.29868,0.25437,0.83192,,,,0,0,0.21961,-0.00098,0.06018,0.21953,-0.00098,0.06007,,,nan,0.00000,-0.20964,0.34636,1.43401,0.00000,1.00000,0.00000,-0.21000,0.34600,1.43400,0.00000,1.00000,16,0.18300,-0.04970,0.01494,0.18360,0.09820,0,0.99122,0.00000,0.00000,-0.13221,,0,,,,,,,,,,,,,,,,,,,,,,,,,,,,,,,,,,,,,,,,,,,,,,,,,,,,,,,,,,,,,,,,,,,,,,,,,,,,,,,,,,,,,,,,,,,,,,,,,,,,,,,,,,,,,,,,,,,,,,,,,,,,,,,0,,,,,0.18360,0.09820,0.01994,0.97000,0.00000,0.00000,0.24311
3500.0288,0,0,22.44,0.00,34.07,0.29868,0.25437,0.83192,,,,0,0,0.21961,-0.00098,0.06018,0.21953,-0.00098,0.06007,,,nan,0.00000,-0.20964,0.34636,1.43401,0.00000,1.00000,0.00000,-0.21000,0.34600,1.43400,0.00000,1.00000,16,0.18300,-0.04970,0.01494,0.18360,0.09820,0,0.99122,0.00000,0.00000,-0.13221,,0,,,,,,,,,,,,,,,,,,,,,,,,,,,,,,,,,,,,,,,,,,,,,,,,,,,,,,,,,,,,,,,,,,,,,,,,,,,,,,,,,,,,,,,,,,,,,,,,,,,,,,,,,,,,,,,,,,,,,,,,,,,,,,,0,,,,,0.18360,0.09820,0.01994,0.97000,0.00000,-0.00000,0.24311
3500.0579,0,0,18.08,0.00,24.19,0.29868,0.25437,0.83192,,,,0,0,0.21961,-0.00098,0.06018,0.21953,-0.00098,0.06007,,,nan,0.00000,-0.20964,0.34636,1.43401,0.00000,1.00000,0.00000,-0.21000,0.34600,1.43400,0.00000,1.00000,16,0.18300,-0.04970,0.01494,0.18360,0.09820,0,0.99122,0.00000,0.00000,-0.13221,,0,,,,,,,,,,,,,,,,,,,,,,,,,,,,,,,,,,,,,,,,,,,,,,,,,,,,,,,,,,,,,,,,,,,,,,,,,,,,,,,,,,,,,,,,,,,,,,,,,,,,,,,,,,,,,,,,,,,,,,,,,,,,,,,0,,,,,0.18360,0.09820,0.01994,0.97000,-0.00000,0.00000,0.24311
3500.0871,0,0,17.07,0.00,25.21,0.29868,0.25437,0.83192,,,,0,0,0.21961,-0.00098,0.06018,0.21953,-0.00098,0.06007,,,nan,0.00000,-0.20964,0.34636,1.43401,0.00000,1.00000,0.00000,-0.21000,0.34600,1.43400,0.00000,1.00000,16,0.18300,-0.04970,0.01494,0.18360,0.09820,0,0.99122,0.00000,0.00000,-0.13221,,0,,,,,,,,,,,,,,,,,,,,,,,,,,,,,,,,,,,,,,,,,,,,,,,,,,,,,,,,,,,,,,,,,,,,,,,,,,,,,,,,,,,,,,,,,,,,,,,,,,,,,,,,,,,,,,,,,,,,,,,,,,,,,,,0,,,,,0.18360,0.09820,0.01994,0.97000,-0.00000,0.00000,0.24311
3500.1210,0,0,17.82,0.00,30.47,0.29868,0.25437,0.83192,,,,0,0,0.21961,-0.00098,0.06018,0.21953,-0.00098,0.06007,,,nan,0.00000,-0.20964,0.34636,1.43401,0.00000,1.00000,0.00000,-0.21000,0.34600,1.43400,0.00000,1.00000,16,0.18300,-0.04970,0.01494,0.18360,0.09820,0,0.99122,-0.00000,-0.00000,-0.13221,,0,,,,,,,,,,,,,,,,,,,,,,,,,,,,,,,,,,,,,,,,,,,,,,,,,,,,,,,,,,,,,,,,,,,,,,,,,,,,,,,,,,,,,,,,,,,,,,,,,,,,,,,,,,,,,,,,,,,,,,,,,,,,,,,0,,,,,0.18360,0.09820,0.01994,0.97000,-0.00000,-0.00000,0.24311
3500.1556,0,0,20.75,0.00,30.59,0.29868,0.25437,0.83192,,,,0,0,0.21961,-0.00098,0.06018,0.21953,-0.00098,0.06007,,,nan,0.00000,-0.20964,0.34636,1.43401,0.00000,1.00000,0.00000,-0.21000,0.34600,1.43400,0.00000,1.00000,16,0.18300,-0.04970,0.01494,0.18360,0.09820,0,0.99122,-0.00000,0.00000,-0.13221,,0,,,,,,,,,,,,,,,,,,,,,,,,,,,,,,,,,,,,,,,,,,,,,,,,,,,,,,,,,,,,,,,,,,,,,,,,,,,,,,,,,,,,,,,,,,,,,,,,,,,,,,,,,,,,,,,,,,,,,,,,,,,,,,,0,,,,,0.18360,0.09820,0.01994,0.97000,0.00000,0.00000,0.24311
3500.1895,0,0,23.18,0.00,29.08,0.29868,0.25437,0.83192,,,,0,0,0.21961,-0.00098,0.06018,0.21953,-0.00098,0.06007,,,nan,0.00000,-0.20964,0.34636,1.43401,0.00000,1.00000,0.00000,-0.21000,0.34600,1.43400,0.00000,1.00000,16,0.18300,-0.04970,0.01494,0.18360,0.09820,0,0.99122,0.00000,0.00000,-0.13221,,0,,,,,,,,,,,,,,,,,,,,,,,,,,,,,,,,,,,,,,,,,,,,,,,,,,,,,,,,,,,,,,,,,,,,,,,,,,,,,,,,,,,,,,,,,,,,,,,,,,,,,,,,,,,,,,,,,,,,,,,,,,,,,,,0,,,,,0.18360,0.09820,0.01994,0.97000,-0.00000,-0.00000,0.24311
3500.2204,0,0,21.51,0.00,27.46,0.29868,0.25437,0.83192,,,,0,0,0.21961,-0.00098,0.06018,0.21953,-0.00098,0.06007,,,nan,0.00000,-0.20964,0.34636,1.43401,0.00000,1.00000,0.00000,-0.21000,0.34600,1.43400,0.00000,1.00000,16,0.18300,-0.04970,0.01494,0.18360,0.09820,0,0.99122,0.00000,0.00000,-0.13221,,0,,,,,,,,,,,,,,,,,,,,,,,,,,,,,,,,,,,,,,,,,,,,,,,,,,,,,,,,,,,,,,,,,,,,,,,,,,,,,,,,,,,,,,,,,,,,,,,,,,,,,,,,,,,,,,,,,,,,,,,,,,,,,,,0,,,,,0.18360,0.09820,0.01994,0.97000,-0.00000,-0.00000,0.24311
3500.2471,0,0,17.04,0.00,22.59,0.29868,0.25437,0.83192,,,,0,0,0.21961,-0.00098,0.06018,0.21953,-0.00098,0.06007,,,nan,0.00000,-0.20964,0.34636,1.43401,0.00000,1.00000,0.00000,-0.21000,0.34600,1.43400,0.00000,1.00000,16,0.18300,-0.04970,0.01494,0.18360,0.09820,0,0.99122,0.00000,0.00000,-0.13221,,0,,,,,,,,,,,,,,,,,,,,,,,,,,,,,,,,,,,,,,,,,,,,,,,,,,,,,,,,,,,,,,,,,,,,,,,,,,,,,,,,,,,,,,,,,,,,,,,,,,,,,,,,,,,,,,,,,,,,,,,,,,,,,,,0,,,,,0.18360,0.09820,0.01994,0.97000,-0.00000,-0.00000,0.24311
3500.2801,0,0,18.24,0.00,29.93,0.29868,0.25437,0.83192,,,,0,0,0.21961,-0.00098,0.06018,0.21953,-0.00098,0.06007,,,nan,0.00000,-0.20964,0.34636,1.43401,0.00000,1.00000,0.00000,-0.21000,0.34600,1.43400,0.00000,1.00000,16,0.18300,-0.04970,0.01494,0.18360,0.09820,0,0.99122,0.00000,-0.00000,-0.13221,,0,,,,,,,,,,,,,,,,,,,,,,,,,,,,,,,,,,,,,,,,,,,,,,,,,,,,,,,,,,,,,,,,,,,,,,,,,,,,,,,,,,,,,,,,,,,,,,,,,,,,,,,,,,,,,,,,,,,,,,,,,,,,,,,0,,,,,0.18360,0.09820,0.01994,0.97000,-0.00000,-0.00000,0.24311
3500.3140,0,0,18.99,0.00,30.29,0.29868,0.25437,0.83192,,,,0,0,0.21961,-0.00098,0.06018,0.21953,-0.00098,0.06007,,,nan,0.00000,-0.20964,0.34636,1.43401,0.00000,1.00000,0.00000,-0.21000,0.34600,1.43400,0.00000,1.00000,16,0.18300,-0.04970,0.01494,0.18360,0.09820,0,0.99122,0.00000,0.00000,-0.13221,,0,,,,,,,,,,,,,,,,,,,,,,,,,,,,,,,,,,,,,,,,,,,,,,,,,,,,,,,,,,,,,,,,,,,,,,,,,,,,,,,,,,,,,,,,,,,,,,,,,,,,,,,,,,,,,,,,,,,,,,,,,,,,,,,0,,,,,0.18360,0.09820,0.01994,0.97000,0.00000,-0.00000,0.24311
3500.3592,0,0,17.31,0.00,41.08,0.29868,0.25437,0.83192,,,,0,0,0.21961,-0.00098,0.06018,0.21953,-0.00098,0.06007,,,nan,0.00000,-0.20964,0.34636,1.43401,0.00000,1.00000,0.00000,-0.21000,0.34600,1.43400,0.00000,1.00000,16,0.18300,-0.04970,0.01494,0.18360,0.09820,0,0.99122,-0.00000,0.00000,-0.13221,,0,,,,,,,,,,,,,,,,,,,,,,,,,,,,,,,,,,,,,,,,,,,,,,,,,,,,,,,,,,,,,,,,,,,,,,,,,,,,,,,,,,,,,,,,,,,,,,,,,,,,,,,,,,,,,,,,,,,,,,,,,,,,,,,0,,,,,0.18360,0.09820,0.01994,0.97000,0.00000,-0.00000,0.24311
3500.3929,0,0,18.62,0.00,29.57,0.29868,0.25437,0.83192,,,,0,0,0.21961,-0.00098,0.06018,0.21953,-0.00098,0.06007,,,nan,0.00000,-0.20964,0.34636,1.43401,0.00000,1.00000,0.00000,-0.21000,0.34600,1.43400,0.00000,1.00000,16,0.18300,-0.04970,0.01494,0.18360,0.09820,0,0.99122,-0.00000,-0.00000,-0.13221,,0,,,,,,,,,,,,,,,,,,,,,,,,,,,,,,,,,,,,,,,,,,,,,,,,,,,,,,,,,,,,,,,,,,,,,,,,,,,,,,,,,,,,,,,,,,,,,,,,,,,,,,,,,,,,,,,,,,,,,,,,,,,,,,,0,,,,,0.18360,0.09820,0.01994,0.97000,-0.00000,-0.00000,0.24311
3500.4237,0,0,17.57,0.00,26.79,0.29868,0.25437,0.83192,,,,0,0,0.21961,-0.00098,0.06018,0.21953,-0.00098,0.06007,,,nan,0.00000,-0.20964,0.34636,1.43401,0.00000,1.00000,0.00000,-0.21000,0.34600,1.43400,0.00000,1.00000,16,0.18300,-0.04970,0.01494,0.18360,0.09820,0,0.99122,-0.00000,-0.00000,-0.13221,,0,,,,,,,,,,,,,,,,,,,,,,,,,,,,,,,,,,,,,,,,,,,,,,,,,,,,,,,,,,,,,,,,,,,,,,,,,,,,,,,,,,,,,,,,,,,,,,,,,,,,,,,,,,,,,,,,,,,,,,,,,,,,,,,0,,,,,0.18360,0.09820,0.01994,0.97000,0.00000,-0.00000,0.24311
3500.4593,0,0,20.67,0.00,31.65,0.29868,0.25437,0.83192,,,,0,0,0.21961,-0.00098,0.06018,0.21953,-0.00098,0.06007,,,nan,0.00000,-0.20964,0.34636,1.43401,0.00000,1.00000,0.00000,-0.21000,0.34600,1.43400,0.00000,1.00000,16,0.18300,-0.04970,0.01494,0.18360,0.09820,0,0.99122,-0.00000,-0.00000,-0.13221,,0,,,,,,,,,,,,,,,,,,,,,,,,,,,,,,,,,,,,,,,,,,,,,,,,,,,,,,,,,,,,,,,,,,,,,,,,,,,,,,,,,,,,,,,,,,,,,,,,,,,,,,,,,,,,,,,,,,,,,,,,,,,,,,,0,,,,,0.18360,0.09820,0.01994,0.97000,-0.00000,-0.00000,0.24311
3500.4882,0,0,17.58,0.00,25.65,0.29868,0.25437,0.83192,,,,0,0,0.21961,-0.00098,0.06018,0.21953,-0.00098,0.06007,,,nan,0.00000,-0.20964,0.34636,1.43401,0.00000,1.00000,0.00000,-0.21000,0.34600,1.43400,0.00000,1.00000,16,0.18300,-0.04970,0.01494,0.18360,0.09820,0,0.99122,0.00000,-0.00000,-0.13221,,0,,,,,,,,,,,,,,,,,,,,,,,,,,,,,,,,,,,,,,,,,,,,,,,,,,,,,,,,,,,,,,,,,,,,,,,,,,,,,,,,,,,,,,,,,,,,,,,,,,,,,,,,,,,,,,,,,,,,,,,,,,,,,,,0,,,,,0.18360,0.09820,0.01994,0.97000,0.00000,0.00000,0.24311
3500.5246,0,0,22.25,0.00,32.07,0.29868,0.25437,0.83192,,,,0,0,0.21961,-0.00098,0.06018,0.21953,-0.00098,0.06007,,,nan,0.00000,-0.20964,0.34636,1.43401,0.00000,1.00000,0.00000,-0.21000,0.34600,1.43400,0.00000,1.00000,16,0.18300,-0.04970,0.01494,0.18360,0.09820,0,0.99122,0.00000,0.00000,-0.13221,,0,,,,,,,,,,,,,,,,,,,,,,,,,,,,,,,,,,,,,,,,,,,,,,,,,,,,,,,,,,,,,,,,,,,,,,,,,,,,,,,,,,,,,,,,,,,,,,,,,,,,,,,,,,,,,,,,,,,,,,,,,,,,,,,0,,,,,0.18360,0.09820,0.01994,0.97000,0.00000,0.00000,0.24311
3500.5529,0,0,18.48,0.00,24.33,0.29868,0.25437,0.83192,,,,0,0,0.21961,-0.00098,0.06018,0.21953,-0.00098,0.06007,,,nan,0.00000,-0.20964,0.34636,1.43401,0.00000,1.00000,0.00000,-0.21000,0.34600,1.43400,0.00000,1.00000,16,0.18300,-0.04970,0.01494,0.18360,0.09820,0,0.99122,-0.00000,0.00000,-0.13221,,0,,,,,,,,,,,,,,,,,,,,,,,,,,,,,,,,,,,,,,,,,,,,,,,,,,,,,,,,,,,,,,,,,,,,,,,,,,,,,,,,,,,,,,,,,,,,,,,,,,,,,,,,,,,,,,,,,,,,,,,,,,,,,,,0,,,,,0.18360,0.09820,0.01994,0.97000,0.00000,0.00000,0.24311
3500.5878,0,0,20.95,0.00,30.86,0.29868,0.25437,0.83192,,,,0,0,0.21961,-0.00098,0.06018,0.21953,-0.00098,0.06007,,,nan,0.00000,-0.20964,0.34636,1.43401,0.00000,1.00000,0.00000,-0.21000,0.34600,1.43400,0.00000,1.00000,16,0.18300,-0.04970,0.01494,0.18360,0.09820,0,0.99122,-0.00000,0.00000,-0.13221,,0,,,,,,,,,,,,,,,,,,,,,,,,,,,,,,,,,,,,,,,,,,,,,,,,,,,,,,,,,,,,,,,,,,,,,,,,,,,,,,,,,,,,,,,,,,,,,,,,,,,,,,,,,,,,,,,,,,,,,,,,,,,,,,,0,,,,,0.18360,0.09820,0.01994,0.97000,0.00000,-0.00000,0.24311
3500.6226,0,0,23.52,0.00,31.17,0.29868,0.25437,0.83192,,,,0,0,0.21961,-0.00098,0.06018,0.21953,-0.00098,0.06007,,,nan,0.00000,-0.20964,0.34636,1.43401,0.00000,1.00000,0.00000,-0.21000,0.34600,1.43400,0.00000,1.00000,16,0.18300,-0.04970,0.01494,0.18360,0.09820,0,0.99122,-0.00000,0.00000,-0.13221,,0,,,,,,,,,,,,,,,,,,,,,,,,,,,,,,,,,,,,,,,,,,,,,,,,,,,,,,,,,,,,,,,,,,,,,,,,,,,,,,,,,,,,,,,,,,,,,,,,,,,,,,,,,,,,,,,,,,,,,,,,,,,,,,,0,,,,,0.18360,0.09820,0.01994,0.97000,0.00000,-0.00000,0.24311
3500.6522,0,0,19.79,0.00,25.40,0.29868,0.25437,0.83192,,,,0,0,0.21961,-0.00098,0.06018,0.21953,-0.00098,0.06007,,,nan,0.00000,-0.20964,0.34636,1.43401,0.00000,1.00000,0.00000,-0.21000,0.34600,1.43400,0.00000,1.00000,16,0.18300,-0.04970,0.01494,0.18360,0.09820,0,0.99122,0.00000,0.00000,-0.13221,,0,,,,,,,,,,,,,,,,,,,,,,,,,,,,,,,,,,,,,,,,,,,,,,,,,,,,,,,,,,,,,,,,,,,,,,,,,,,,,,,,,,,,,,,,,,,,,,,,,,,,,,,,,,,,,,,,,,,,,,,,,,,,,,,0,,,,,0.18360,0.09820,0.01994,0.97000,0.00000,0.00000,0.24311
3500.6839,0,0,20.50,0.00,27.31,0.29868,0.25437,0.83192,,,,0,0,0.21961,-0.00098,0.06018,0.21953,-0.00098,0.06007,,,nan,0.00000,-0.20964,0.34636,1.43401,0.00000,1.00000,0.00000,-0.21000,0.34600,1.43400,0.00000,1.00000,16,0.18300,-0.04970,0.01494,0.18360,0.09820,0,0.99122,0.00000,0.00000,-0.13221,,0,,,,,,,,,,,,,,,,,,,,,,,,,,,,,,,,,,,,,,,,,,,,,,,,,,,,,,,,,,,,,,,,,,,,,,,,,,,,,,,,,,,,,,,,,,,,,,,,,,,,,,,,,,,,,,,,,,,,,,,,,,,,,,,0,,,,,0.18360,0.09820,0.01994,0.97000,0.00000,0.00000,0.24311
3500.7147,0,0,17.82,0.00,23.60,0.29868,0.25437,0.83192,,,,0,0,0.21961,-0.00098,0.06018,0.21953,-0.00098,0.06007,,,nan,0.00000,-0.20964,0.34636,1.43401,0.00000,1.00000,0.00000,-0.21000,0.34600,1.43400,0.00000,1.00000,16,0.18300,-0.04970,0.01494,0.18360,0.09820,0,0.99122,0.00000,0.00000,-0.13221,,0,,,,,,,,,,,,,,,,,,,,,,,,,,,,,,,,,,,,,,,,,,,,,,,,,,,,,,,,,,,,,,,,,,,,,,,,,,,,,,,,,,,,,,,,,,,,,,,,,,,,,,,,,,,,,,,,,,,,,,,,,,,,,,,0,,,,,0.18360,0.09820,0.01994,0.97000,0.00000,0.00000,0.24311
3500.7650,0,0,38.26,0.00,46.94,0.29868,0.25437,0.83192,,,,0,0,0.21961,-0.00098,0.06018,0.21953,-0.00098,0.06007,,,nan,0.00000,-0.20964,0.34636,1.43401,0.00000,1.00000,0.00000,-0.21000,0.34600,1.43400,0.00000,1.00000,16,0.18300,-0.04970,0.01494,0.18360,0.09820,0,0.99122,-0.00000,-0.00000,-0.13221,,0,,,,,,,,,,,,,,,,,,,,,,,,,,,,,,,,,,,,,,,,,,,,,,,,,,,,,,,,,,,,,,,,,,,,,,,,,,,,,,,,,,,,,,,,,,,,,,,,,,,,,,,,,,,,,,,,,,,,,,,,,,,,,,,0,,,,,0.18360,0.09820,0.01994,0.97000,0.00000,-0.00000,0.24311
3500.8026,0,0,26.19,0.00,32.70,0.29868,0.25437,0.83192,,,,0,0,0.21961,-0.00098,0.06018,0.21953,-0.00098,0.06007,,,nan,0.00000,-0.20964,0.34636,1.43401,0.00000,1.00000,0.00000,-0.21000,0.34600,1.43400,0.00000,1.00000,16,0.18300,-0.04970,0.01494,0.18360,0.09820,0,0.99122,-0.00000,0.00000,-0.13221,,0,,,,,,,,,,,,,,,,,,,,,,,,,,,,,,,,,,,,,,,,,,,,,,,,,,,,,,,,,,,,,,,,,,,,,,,,,,,,,,,,,,,,,,,,,,,,,,,,,,,,,,,,,,,,,,,,,,,,,,,,,,,,,,,0,,,,,0.18360,0.09820,0.01994,0.97000,-0.00000,-0.00000,0.24311
3500.8520,0,0,38.58,0.00,45.21,0.29868,0.25437,0.83192,,,,0,0,0.21961,-0.00098,0.06018,0.21953,-0.00098,0.06007,,,nan,0.00000,-0.20964,0.34636,1.43401,0.00000,1.00000,0.00000,-0.21000,0.34600,1.43400,0.00000,1.00000,16,0.18300,-0.04970,0.01494,0.18360,0.09820,0,0.99122,-0.00000,-0.00000,-0.13221,,0,,,,,,,,,,,,,,,,,,,,,,,,,,,,,,,,,,,,,,,,,,,,,,,,,,,,,,,,,,,,,,,,,,,,,,,,,,,,,,,,,,,,,,,,,,,,,,,,,,,,,,,,,,,,,,,,,,,,,,,,,,,,,,,0,,,,,0.18360,0.09820,0.01994,0.97000,0.00000,-0.00000,0.24311
3500.9005,0,1,38.20,0.00,44.41,0.10201,0.09646,0.50477,1.03010,0.50477,0.3846,0,0,0.21961,-0.00098,0.06018,0.21953,-0.00098,0.06007,,,0.50477,0.00000,-0.20964,0.34636,1.43401,0.00000,1.00000,0.00000,-0.21000,0.34600,1.43400,0.00000,1.00000,16,0.18300,-0.04970,0.01494,0.18360,0.09820,0,0.99122,-0.00000,-0.00000,-0.13221,Left,0,422.00,376.66,395.78,369.17,377.72,356.48,374.45,354.25,378.24,358.09,403.29,329.21,404.19,333.58,401.43,351.47,400.00,361.53,426.74,332.84,428.48,340.86,422.49,361.39,418.86,371.39,446.20,340.46,445.99,349.11,437.96,367.73,433.27,376.55,461.80,350.41,461.34,357.90,454.24,371.16,450.01,377.42,-0.00000,-0.02886,-0.05371,-0.07561,-0.09618,-0.05278,-0.07503,-0.08532,-0.09172,-0.05042,-0.07111,-0.07495,-0.07696,-0.04929,-0.06900,-0.06505,-0.06083,-0.05050,-0.06372,-0.05997,-0.05566,-0.00289,0.03917,0.07018,-0.02610,0.02989,0.03836,-0.03787,0.02161,0.02481,-0.04805,0.01664,-0.00114,-0.04509,0.01551,-0.01303,-0.02439,-0.00597,-0.00584,-0.02275,-0.00193,-0.01593,-0.02212,0.00587,-0.01330,-0.02505,0.01679,-0.00457,-0.00544,-0.00435,0.00082,0.00149,-0.00343,-0.02232,-0.00735,0.01879,-0.02225,-0.00598,0.02283,0.00787,0.01560,0.00124,0.00241,0.01476,0.01142,-0.01726,0.00653,0.02748,-0.01008,0.00582,0.03522,0.01361,0.02682,0.01418,0.00768,0.02972,0.02054,-0.00295,0.02391,0.03040,-0.00051,0.01993,0.03550,0.00651,0,,,,,0.18360,0.09820,0.01994,0.97000,0.00000,-0.00000,0.24311
3500.9403,0,0,17.98,0.00,24.38,0.10201,0.09646,0.50477,,,,0,0,0.21961,-0.00098,0.06018,0.21953,-0.00098,0.06007,,,nan,0.00000,-0.20964,0.34636,1.43401,0.00000,1.00000,0.00000,-0.21000,0.34600,1.43400,0.00000,1.00000,16,0.18300,-0.04970,0.01494,0.18360,0.09820,0,0.99122,0.00000,-0.00000,-0.13221,,0,,,,,,,,,,,,,,,,,,,,,,,,,,,,,,,,,,,,,,,,,,,,,,,,,,,,,,,,,,,,,,,,,,,,,,,,,,,,,,,,,,,,,,,,,,,,,,,,,,,,,,,,,,,,,,,,,,,,,,,,,,,,,,,0,,,,,0.18360,0.09820,0.01994,0.97000,-0.00000,-0.00000,0.24311
3500.9850,0,1,34.09,0.00,40.87,0.08876,0.06800,0.53452,0.76673,0.56426,0.1758,0,0,0.21961,-0.00098,0.06018,0.21953,-0.00098,0.06007,,,0.56426,0.00000,-0.20964,0.34636,1.43401,0.00000,1.00000,0.00000,-0.21000,0.34600,1.43400,0.00000,1.00000,16,0.18300,-0.04970,0.01494,0.18360,0.09820,0,0.99122,0.00000,0.00000,-0.13221,Left,0,390.51,331.49,364.03,315.45,344.97,295.33,347.47,281.15,360.34,277.34,362.55,256.08,363.13,236.43,362.16,254.29,362.21,274.32,385.95,259.54,390.15,246.59,386.33,274.93,382.73,299.24,406.69,267.70,406.17,265.71,400.12,289.58,395.29,308.27,425.20,279.37,422.06,280.24,414.86,296.22,410.20,308.98,-0.00000,-0.01582,-0.03314,-0.05156,-0.06763,-0.02008,-0.04892,-0.06736,-0.07566,-0.02475,-0.05376,-0.06189,-0.06068,-0.03252,-0.05668,-0.05219,-0.04277,-0.04207,-0.05356,-0.04646,-0.03734,-0.00167,0.07438,0.06219,-0.02655,0.05343,0.03311,-0.03847,0.03721,0.01696,-0.04407,0.01927,-0.00832,-0.03148,0.00974,-0.02589,-0.02963,-0.00703,0.00266,-0.02890,-0.01930,-0.01938,-0.03093,-0.01077,-0.03048,-0.03525,0.01306,-0.03675,-0.00600,-0.00591,0.00317,0.00156,-0.01773,-0.02970,-0.00916,0.01069,-0.04272,-0.01146,0.02933,-0.01748,0.01975,0.00264,-0.00128,0.01583,0.00382,-0.03160,0.00740,0.02784,-0.03094,0.00668,0.04660,-0.00994,0.03249,0.02011,-0.00323,0.03245,0.01887,-0.02036,0.02450,0.03319,-0.02673,0.01967,0.04817,-0.01510,0,,,,,0.18360,0.09820,0.01994,0.97000,-0.00000,0.00000,0.24311
3501.0117,0,1,16.30,0.00,22.47,0.07792,0.04341,0.55045,0.75433,0.56638,0.2201,0,0,0.21961,-0.00098,0.06018,0.21953,-0.00098,0.06007,,,0.56638,0.00000,-0.20964,0.34636,1.43401,0.00000,1.00000,0.00000,-0.21000,0.34600,1.43400,0.00000,1.00000,16,0.18300,-0.04970,0.01494,0.18360,0.09820,0,0.99122,-0.00000,0.00000,-0.13221,Left,0,384.97,313.13,359.73,298.41,340.25,280.11,336.40,264.44,342.06,254.23,354.35,238.11,351.60,218.04,349.36,231.58,348.83,251.02,376.72,238.76,375.50,224.47,372.07,251.60,369.83,277.04,397.02,245.46,392.97,244.13,387.73,268.62,383.74,288.26,415.15,256.58,410.32,257.38,404.34,272.88,400.79,284.40,-0.00000,-0.01112,-0.02387,-0.03790,-0.05042,-0.01349,-0.04104,-0.05967,-0.06734,-0.01880,-0.04747,-0.05574,-0.05279,-0.02690,-0.05000,-0.04570,-0.03519,-0.03605,-0.04799,-0.04046,-0.02972,0.00609,0.07823,0.06103,-0.02160,0.05687,0.03446,-0.03902,0.04061,0.02087,-0.04694,0.02442,-0.00891,-0.04281,0.01142,-0.02629,-0.02812,-0.00509,0.00351,-0.03207,-0.01814,-0.02194,-0.03564,-0.00989,-0.03136,-0.04089,0.01342,-0.04031,-0.00432,-0.00484,0.00306,-0.00748,-0.01605,-0.03040,-0.01670,0.00885,-0.04154,-0.01823,0.03280,-0.02194,0.01729,0.00087,-0.00233,0.01048,0.00509,-0.03079,0.00165,0.02702,-0.03198,0.00006,0.04483,-0.01448,0.03160,0.01930,-0.00395,0.02987,0.01822,-0.02352,0.01941,0.02931,-0.02944,0.01424,0.04188,-0.01965,0,,,,,0.18360,0.09820,0.01994,0.97000,-0.00000,-0.00000,0.24311
3501.0395,0,1,17.04,0.00,22.92,0.06772,0.01970,0.55626,0.69445,0.56207,0.1986,0,0,0.21961,-0.00098,0.06018,0.21953,-0.00098,0.06007,,,0.56207,0.00000,-0.20964,0.34636,1.43401,0.00000,1.00000,0.00000,-0.21000,0.34600,1.43400,0.00000,1.00000,16,0.18300,-0.04970,0.01494,0.18360,0.09820,0,0.99122,-0.00000,-0.00000,-0.13221,Left,0,377.18,295.69,350.97,282.47,331.51,264.63,326.37,247.72,329.24,235.03,344.54,217.19,338.95,200.46,335.98,216.31,335.94,235.94,367.12,214.82,363.04,209.86,359.76,237.78,359.19,261.24,387.88,220.71,382.12,231.97,377.70,255.16,375.55,271.92,406.84,231.88,401.53,243.75,396.35,258.26,393.91,267.04,-0.00000,-0.01071,-0.02161,-0.03372,-0.04367,-0.01194,-0.03771,-0.05447,-0.06103,-0.01644,-0.04266,-0.04962,-0.04622,-0.02379,-0.04348,-0.03967,-0.03032,-0.03265,-0.04144,-0.03568,-0.02671,0.00810,0.07741,0.06302,-0.02031,0.05864,0.03782,-0.03667,0.04372,0.02039,-0.04555,0.02910,-0.00937,-0.04523,0.01390,-0.03069,-0.02913,-0.00246,0.00345,-0.03377,-0.01314,-0.02272,-0.03642,-0.00257,-0.03107,-0.04143,0.02029,-0.04122,-0.00488,-0.00404,0.00283,-0.00896,-0.00901,-0.03087,-0.01703,0.01791,-0.03712,-0.01757,0.03735,-0.01318,0.01753,-0.00085,-0.00230,0.01187,0.01283,-0.02882,0.00285,0.03463,-0.02480,0.00393,0.04757,-0.00220,0.03261,0.01644,-0.00328,0.03140,0.02450,-0.02130,0.02227,0.03616,-0.02366,0.01968,0.04556,-0.01093,0,,,,,0.18360,0.09820,0.01994,0.97000,-0.00000,-0.00000,0.24311
3501.0650,0,1,15.20,0.00,21.40,0.05686,0.00298,0.55440,0.74276,0.55255,0.2205,0,0,0.21961,-0.00098,0.06018,0.21953,-0.00098,0.06007,,,0.55255,0.00000,-0.20964,0.34636,1.43401,0.00000,1.00000,0.00000,-0.21000,0.34600,1.43400,0.00000,1.00000,16,0.18300,-0.04970,0.01494,0.18360,0.09820,0,0.99122,-0.00000,-0.00000,-0.13221,Left,0,368.93,280.66,343.62,269.45,323.41,250.43,317.23,232.64,317.95,218.31,333.79,206.16,328.02,184.36,321.95,196.16,319.82,215.29,355.22,206.56,352.35,185.77,346.74,212.14,345.25,235.88,376.18,213.23,374.80,202.25,366.57,227.27,362.05,246.63,396.64,224.42,395.84,216.93,387.79,232.33,382.83,244.35,-0.00000,-0.01614,-0.02872,-0.04172,-0.05246,-0.01532,-0.04315,-0.05961,-0.06546,-0.01904,-0.04969,-0.05716,-0.05268,-0.02636,-0.05378,-0.05051,-0.03928,-0.03492,-0.05198,-0.04710,-0.03731,0.01135,0.08033,0.05550,-0.01875,0.06036,0.03114,-0.03612,0.04226,0.01919,-0.04456,0.02451,-0.00914,-0.04597,0.00749,-0.02628,-0.02768,-0.00257,0.00465,-0.03516,-0.01973,-0.01671,-0.04040,-0.01382,-0.02851,-0.04713,0.00702,-0.04062,-0.00454,-0.00449,0.00302,-0.00923,-0.02297,-0.02756,-0.02064,0.00025,-0.04223,-0.02289,0.02106,-0.02632,0.01813,-0.00085,-0.00283,0.01308,-0.00411,-0.03139,0.00188,0.01673,-0.03753,-0.00184,0.03454,-0.02306,0.03362,0.01714,-0.00589,0.03509,0.00935,-0.02516,0.02332,0.01961,-0.03527,0.01681,0.03384,-0.02708,0,,,,,0.18360,0.09820,0.01994,0.97000,-0.00000,-0.00000,0.24311
3501.0934,0,1,18.41,0.00,23.86,0.04774,-0.01264,0.55424,0.74311,0.55407,0.3487,0,0,0.21961,-0.00098,0.06018,0.21953,-0.00098,0.06007,,,0.55407,0.00000,-0.20964,0.34636,1.43401,0.00000,1.00000,0.00000,-0.21000,0.34600,1.43400,0.00000,1.00000,16,0.18300,-0.04970,0.01494,0.18360,0.09820,0,0.99122,0.00000,-0.00000,-0.13221,Left,0,363.94,266.79,338.75,257.14,317.45,238.98,309.43,221.09,306.62,204.70,325.83,193.05,320.66,170.56,314.76,179.22,311.89,196.61,346.66,192.53,343.78,170.65,338.73,197.49,336.97,221.05,367.79,198.01,366.99,182.73,359.34,207.43,354.95,226.99,388.93,208.33,388.37,198.16,380.43,213.67,375.38,225.89,-0.00000,-0.01709,-0.03008,-0.04354,-0.05459,-0.01262,-0.04024,-0.05692,-0.06288,-0.01601,-0.04610,-0.05323,-0.04847,-0.02344,-0.05044,-0.04664,-0.03517,-0.03229,-0.04910,-0.04413,-0.03439,0.01518,0.08119,0.05512,-0.01488,0.06193,0.02916,-0.03313,0.04525,0.01844,-0.04405,0.02821,-0.00888,-0.04972,0.00953,-0.02497,-0.02809,-0.00062,0.00427,-0.03429,-0.01870,-0.01641,-0.04039,-0.01527,-0.03005,-0.04684,0.00515,-0.04699,-0.00457,-0.00427,0.00263,-0.01016,-0.02186,-0.02750,-0.02079,0.00181,-0.04438,-0.02325,0.02253,-0.02730,0.01814,-0.00151,-0.00187,0.01215,-0.00833,-0.03042,0.00388,0.01362,-0.03893,-0.00089,0.03053,-0.02739,0.03409,0.01512,-0.00572,0.03466,0.00554,-0.02487,0.02427,0.01699,-0.03579,0.01819,0.03162,-0.02984,0,,,,,0.18360,0.09820,0.01994,0.97000,0.00000,-0.00000,0.24311
3501.1171,0,1,14.72,0.00,20.11,0.03939,-0.02631,0.54881,0.70527,0.54338,0.3166,0,0,0.21961,-0.00098,0.06018,0.21953,-0.00098,0.06007,,,0.54338,0.00000,-0.20964,0.34636,1.43401,0.00000,1.00000,0.00000,-0.21000,0.34600,1.43400,0.00000,1.00000,16,0.18300,-0.04970,0.01494,0.18360,0.09820,0,0.99122,0.00000,0.00000,-0.13221,Left,0,358.56,255.24,333.32,245.56,311.93,226.48,303.94,208.64,300.61,192.39,317.87,179.68,311.74,157.17,305.25,166.48,302.09,184.31,338.91,179.43,334.68,156.90,329.07,183.50,327.44,205.34,360.57,185.30,359.31,165.51,351.00,190.91,346.54,210.73,382.38,196.46,381.32,180.35,372.35,196.37,366.49,210.32,-0.00000,-0.01611,-0.02765,-0.04002,-0.05005,-0.01004,-0.03665,-0.05263,-0.05820,-0.01409,-0.04258,-0.04954,-0.04536,-0.02222,-0.05001,-0.04647,-0.03510,-0.03146,-0.04980,-0.04427,-0.03389,0.01688,0.08108,0.04971,-0.01400,0.06319,0.02760,-0.03076,0.04537,0.01613,-0.04142,0.02771,-0.00982,-0.04627,0.00923,-0.02653,-0.02756,-0.00084,0.00606,-0.03459,-0.01919,-0.01387,-0.04112,-0.01550,-0.02798,-0.04851,0.00450,-0.04655,-0.00440,-0.00440,0.00311,-0.01163,-0.02330,-0.02542,-0.02289,-0.00033,-0.04274,-0.02588,0.01915,-0.03019,0.01833,-0.00175,-0.00316,0.01143,-0.01227,-0.03045,0.00199,0.00828,-0.04100,-0.00332,0.02704,-0.03134,0.03434,0.01469,-0.00804,0.03485,0.00091,-0.02720,0.02284,0.01171,-0.04023,0.01604,0.02824,-0.03497,0,,,,,0.18360,0.09820,0.01994,0.97000,-0.00000,-0.00000,0.24311
3501.1436,0,1,16.02,0.00,21.85,0.03328,-0.03858,0.56108,0.70687,0.57335,0.3911,0,0,0.21961,-0.00098,0.06018,0.21953,-0.00098,0.06007,,,0.57335,0.00000,-0.20964,0.34636,1.43401,0.00000,1.00000,0.00000,-0.21000,0.34600,1.43400,0.00000,1.00000,16,0.18300,-0.04970,0.01494,0.18360,0.09820,0,0.99122,0.00000,0.00000,-0.13221,Left,0,353.47,245.95,328.73,237.42,307.76,219.28,298.11,201.77,293.17,184.52,313.36,173.45,306.61,147.88,298.05,154.54,293.74,169.83,333.53,172.44,327.56,145.46,321.80,171.43,321.38,192.82,354.55,176.78,351.93,153.87,344.16,178.87,341.04,198.52,376.45,185.64,373.71,168.11,365.31,184.27,360.73,198.44,-0.00000,-0.01968,-0.03459,-0.04989,-0.06282,-0.01623,-0.04620,-0.06366,-0.06984,-0.01962,-0.05202,-0.05957,-0.05478,-0.02736,-0.05760,-0.05404,-0.04200,-0.03663,-0.05610,-0.05106,-0.04087,0.01874,0.08249,0.04173,-0.01319,0.06609,0.02280,-0.03040,0.04869,0.01062,-0.04369,0.02929,-0.01279,-0.04981,0.01048,-0.02849,-0.02824,0.00064,0.00578,-0.03532,-0.02079,-0.00903,-0.04381,-0.02008,-0.02542,-0.05203,-0.00157,-0.05142,-0.00462,-0.00393,0.00402,-0.01289,-0.02752,-0.02326,-0.02444,-0.00516,-0.04174,-0.02764,0.01539,-0.03351,0.01823,-0.00265,-0.00331,0.01126,-0.01557,-0.02910,0.00098,0.00462,-0.04049,-0.00339,0.02428,-0.03425,0.03520,0.01359,-0.00929,0.03437,-0.00230,-0.02826,0.02266,0.00887,-0.04265,0.01643,0.02645,-0.03706,0,,,,,0.18360,0.09820,0.01994,0.97000,-0.00000,-0.00000,0.24311
3501.1761,0,1,18.01,0.00,28.44,0.02740,-0.04894,0.56768,0.67894,0.57428,0.4665,0,0,0.21961,-0.00098,0.06018,0.21953,-0.00098,0.06007,,,0.57428,0.00000,-0.20964,0.34636,1.43401,0.00000,1.00000,0.00000,-0.21000,0.34600,1.43400,0.00000,1.00000,16,0.18300,-0.04970,0.01494,0.18360,0.09820,0,0.99122,0.00000,-0.00000,-0.13221,Left,0,350.31,239.10,325.08,230.55,303.75,213.28,293.21,196.07,287.05,177.89,307.40,167.13,299.50,143.85,292.50,146.13,290.22,158.38,327.14,164.69,321.05,137.02,316.37,161.93,316.36,184.34,348.38,167.63,344.72,146.92,337.83,172.11,335.67,192.35,370.64,175.25,366.18,158.31,358.44,175.23,354.84,190.84,-0.00000,-0.02057,-0.03558,-0.05100,-0.06410,-0.01248,-0.04237,-0.06060,-0.06733,-0.01555,-0.04916,-0.05813,-0.05353,-0.02327,-0.05563,-0.05333,-0.04095,-0.03253,-0.05293,-0.04812,-0.03756,0.02196,0.08305,0.03499,-0.01074,0.06699,0.01844,-0.02882,0.05099,0.00605,-0.04390,0.03158,-0.01610,-0.05172,0.01196,-0.02998,-0.02806,0.00306,0.00596,-0.03705,-0.01855,-0.00876,-0.04419,-0.01992,-0.02656,-0.04935,-0.00403,-0.05622,-0.00484,-0.00339,0.00462,-0.01329,-0.02792,-0.02259,-0.02401,-0.00680,-0.04231,-0.02764,0.01573,-0.03847,0.01868,-0.00405,-0.00334,0.01042,-0.01495,-0.03019,0.00088,0.00573,-0.04004,-0.00266,0.02608,-0.03533,0.03525,0.01103,-0.01116,0.03419,-0.00459,-0.02983,0.02279,0.00822,-0.04335,0.01742,0.02665,-0.03780,0,,,,,0.18360,0.09820,0.01994,0.97000,-0.00000,-0.00000,0.24311
3501.2217,0,1,15.47,0.00,42.24,0.02201,-0.05685,0.57425,0.68423,0.58083,0.4002,0,0,0.21961,-0.00098,0.06018,0.21953,-0.00098,0.06007,,,0.58083,0.00000,-0.20964,0.34636,1.43401,0.00000,1.00000,0.00000,-0.21000,0.34600,1.43400,0.00000,1.00000,16,0.18300,-0.04970,0.01494,0.18360,0.09820,0,0.99122,0.00000,-0.00000,-0.13221,Left,0,346.31,232.84,321.25,224.69,299.50,207.19,288.40,189.91,282.83,171.70,302.61,162.30,294.38,136.85,286.64,143.20,283.46,157.04,322.25,160.33,316.65,131.57,311.35,156.98,310.42,178.28,343.03,163.76,339.56,139.38,332.30,165.44,329.64,186.16,365.04,171.81,360.38,152.83,352.45,169.74,348.52,185.64,-0.00000,-0.02056,-0.03590,-0.05162,-0.06484,-0.01486,-0.04499,-0.06305,-0.06985,-0.01804,-0.05064,-0.05904,-0.05491,-0.02567,-0.05700,-0.05365,-0.04119,-0.03487,-0.05524,-0.05008,-0.03949,0.02254,0.08130,0.03527,-0.01077,0.06568,0.01769,-0.02830,0.04936,0.00559,-0.04347,0.02983,-0.01631,-0.04968,0.01013,-0.03047,-0.02809,0.00252,0.00550,-0.03660,-0.01927,-0.00973,-0.04422,-0.01863,-0.02725,-0.05132,-0.00111,-0.05440,-0.00497,-0.00361,0.00479,-0.01304,-0.02859,-0.02215,-0.02378,-0.00711,-0.04284,-0.02811,0.01435,-0.04027,0.01866,-0.00359,-0.00298,0.01067,-0.01749,-0.02901,0.00036,0.00292,-0.04145,-0.00365,0.02458,-0.03791,0.03555,0.01148,-0.01031,0.03409,-0.00550,-0.02842,0.02175,0.00652,-0.04312,0.01622,0.02533,-0.03782,0,,,,,0.18360,0.09820,0.01994,0.97000,-0.00000,-0.00000,0.24311
3501.2557,0,1,16.91,0.00,29.64,0.01746,-0.06328,0.57922,0.65545,0.58418,0.4090,0,0,0.21961,-0.00098,0.06018,0.21953,-0.00098,0.06007,,,0.58418,0.00000,-0.20964,0.34636,1.43401,0.00000,1.00000,0.00000,-0.21000,0.34600,1.43400,0.00000,1.00000,16,0.18300,-0.04970,0.01494,0.18360,0.09820,0,0.99122,0.00000,0.00000,-0.13221,Left,0,343.99,229.58,318.07,219.07,296.05,200.42,284.87,182.43,280.54,163.88,299.45,158.74,289.67,135.99,283.72,136.38,282.17,144.45,318.29,156.13,312.29,128.30,307.69,152.45,306.24,174.35,338.87,158.78,335.24,134.53,328.81,159.18,326.26,180.24,360.69,166.06,356.09,145.81,348.40,161.98,344.41,178.88,-0.00000,-0.01787,-0.03160,-0.04658,-0.05969,-0.00857,-0.03666,-0.05453,-0.06184,-0.01293,-0.04546,-0.05473,-0.05089,-0.02164,-0.05299,-0.05048,-0.03822,-0.03169,-0.05133,-0.04611,-0.03546,0.02356,0.08199,0.02545,-0.00999,0.06572,0.01100,-0.02758,0.04795,0.00046,-0.04300,0.02730,-0.01668,-0.04881,0.00608,-0.02870,-0.02746,0.00319,0.00625,-0.03594,-0.01722,-0.00865,-0.04249,-0.02005,-0.02499,-0.04828,-0.00881,-0.05072,-0.00485,-0.00318,0.00523,-0.01377,-0.02751,-0.02026,-0.02329,-0.00676,-0.04065,-0.02770,0.01435,-0.03820,0.01789,-0.00394,-0.00368,0.01021,-0.01823,-0.02839,0.00060,0.00217,-0.04012,-0.00196,0.02352,-0.03718,0.03458,0.00986,-0.01196,0.03425,-0.00741,-0.02841,0.02245,0.00334,-0.04302,0.01709,0.02292,-0.03765,0,,,,,0.18360,0.09820,0.01994,0.97000,-0.00000,0.00000,0.24311
3501.2892,0,1,18.86,0.00,29.06,0.01483,-0.06913,0.58616,0.65619,0.59311,0.4029,0,0,0.21961,-0.00098,0.06018,0.21953,-0.00098,0.06007,,,0.59311,0.00000,-0.20964,0.34636,1.43401,0.00000,1.00000,0.00000,-0.21000,0.34600,1.43400,0.00000,1.00000,16,0.18300,-0.04970,0.01494,0.18360,0.09820,0,0.99122,-0.00000,0.00000,-0.13221,Left,0,342.56,225.71,316.10,216.28,293.56,196.95,282.79,178.01,277.55,159.05,299.15,155.43,288.94,131.20,281.67,131.43,279.31,141.10,317.58,152.64,310.87,123.45,305.11,145.90,303.30,168.08,337.89,154.77,332.96,130.16,325.96,154.55,323.80,176.36,359.77,161.14,353.43,141.08,345.89,157.49,342.94,174.99,-0.00000,-0.01727,-0.03044,-0.04498,-0.05776,-0.00863,-0.03670,-0.05423,-0.06094,-0.01320,-0.04497,-0.05418,-0.05044,-0.02206,-0.05309,-0.05134,-0.03967,-0.03224,-0.05259,-0.04828,-0.03818,0.02229,0.08332,0.01956,-0.01111,0.06644,0.00703,-0.02959,0.04798,-0.00209,-0.04417,0.02625,-0.01687,-0.05047,0.00502,-0.02751,-0.02749,0.00331,0.00660,-0.03661,-0.01819,-0.00640,-0.04456,-0.02218,-0.02308,-0.05050,-0.00823,-0.05017,-0.00480,-0.00288,0.00565,-0.01419,-0.02910,-0.01818,-0.02517,-0.00951,-0.03972,-0.03030,0.01268,-0.03979,0.01798,-0.00415,-0.00380,0.00886,-0.01869,-0.02768,-0.00075,0.00132,-0.03997,-0.00412,0.02375,-0.03947,0.03410,0.00955,-0.01373,0.03218,-0.00852,-0.02953,0.02081,0.00310,-0.04342,0.01584,0.02326,-0.04014,0,,,,,0.18360,0.09820,0.01994,0.97000,0.00000,0.00000,0.24311
3501.3187,0,1,15.81,0.00,25.03,0.01297,-0.07300,0.58749,0.65150,0.58882,0.4190,0,0,0.21961,-0.00098,0.06018,0.21953,-0.00098,0.06007,,,0.58882,0.00000,-0.20964,0.34636,1.43401,0.00000,1.00000,0.00000,-0.21000,0.34600,1.43400,0.00000,1.00000,16,0.18300,-0.04970,0.01494,0.18360,0.09820,0,0.99122,0.00000,-0.00000,-0.13221,Left,0,340.32,224.09,314.51,213.85,291.66,193.78,280.02,174.51,274.63,154.61,299.42,152.33,289.02,127.51,280.34,128.17,276.86,137.70,317.20,150.02,309.51,119.88,303.16,143.48,301.63,165.37,336.92,152.50,331.44,126.72,324.12,152.36,322.13,174.25,358.50,159.22,352.06,138.42,343.99,155.17,340.64,172.69,-0.00000,-0.01893,-0.03306,-0.04857,-0.06209,-0.00822,-0.03714,-0.05495,-0.06177,-0.01231,-0.04509,-0.05419,-0.04990,-0.02105,-0.05302,-0.05034,-0.03746,-0.03133,-0.05173,-0.04682,-0.03610,0.02045,0.08465,0.01373,-0.01222,0.06626,0.00436,-0.03079,0.04789,-0.00416,-0.04654,0.02483,-0.01580,-0.05345,0.00317,-0.02539,-0.02613,0.00310,0.00746,-0.03590,-0.01923,-0.00430,-0.04468,-0.02260,-0.02176,-0.05232,-0.00922,-0.04876,-0.00419,-0.00285,0.00617,-0.01434,-0.03019,-0.01796,-0.02674,-0.00938,-0.03884,-0.03170,0.01215,-0.03971,0.01754,-0.00411,-0.00443,0.00785,-0.01844,-0.02826,-0.00297,0.00201,-0.03955,-0.00547,0.02384,-0.03866,0.03216,0.01031,-0.01587,0.03101,-0.00824,-0.03123,0.01892,0.00339,-0.04425,0.01334,0.02339,-0.03980,0,,,,,0.18360,0.09820,0.01994,0.97000,0.00000,0.00000,0.24311
3501.3509,0,1,16.62,0.00,27.05,0.01216,-0.07679,0.59529,0.65197,0.60309,0.3886,0,0,0.21961,-0.00098,0.06018,0.21953,-0.00098,0.06007,,,0.60309,0.00000,-0.20964,0.34636,1.43401,0.00000,1.00000,0.00000,-0.21000,0.34600,1.43400,0.00000,1.00000,16,0.18300,-0.04970,0.01494,0.18360,0.09820,0,0.99122,0.00000,-0.00000,-0.13221,Left,0,340.42,222.74,313.93,211.64,291.30,191.72,279.67,172.46,274.32,152.22,300.03,150.51,289.10,125.30,279.89,125.63,275.62,135.51,317.19,148.31,308.80,118.53,302.00,141.75,300.10,163.49,336.54,150.77,330.36,124.93,322.76,150.54,320.78,172.43,357.91,157.37,350.88,136.47,342.31,153.25,338.86,171.00,-0.00000,-0.01774,-0.03154,-0.04698,-0.06034,-0.00752,-0.03622,-0.05351,-0.05996,-0.01205,-0.04433,-0.05321,-0.04919,-0.02115,-0.05297,-0.05017,-0.03750,-0.03171,-0.05229,-0.04752,-0.03702,0.02010,0.08525,0.01216,-0.01269,0.06674,0.00367,-0.03087,0.04811,-0.00466,-0.04696,0.02519,-0.01607,-0.05394,0.00275,-0.02598,-0.02624,0.00298,0.00826,-0.03603,-0.01948,-0.00392,-0.04520,-0.02255,-0.02036,-0.05457,-0.00998,-0.04707,-0.00386,-0.00309,0.00623,-0.01476,-0.02962,-0.01768,-0.02763,-0.00957,-0.03793,-0.03280,0.01169,-0.03841,0.01739,-0.00390,-0.00478,0.00701,-0.01858,-0.02837,-0.00409,0.00245,-0.03926,-0.00651,0.02364,-0.03745,0.03171,0.01035,-0.01646,0.02995,-0.00814,-0.03123,0.01741,0.00312,-0.04438,0.01164,0.02361,-0.03921,0,,,,,0.18360,0.09820,0.01994,0.97000,0.00000,0.00000,0.24311
3501.3821,0,1,17.04,0.00,27.15,0.01148,-0.07909,0.59853,0.65122,0.60178,0.3905,0,0,0.21961,-0.00098,0.06018,0.21953,-0.00098,0.06007,,,0.60178,0.00000,-0.20964,0.34636,1.43401,0.00000,1.00000,0.00000,-0.21000,0.34600,1.43400,0.00000,1.00000,16,0.18300,-0.04970,0.01494,0.18360,0.09820,0,0.99122,0.00000,-0.00000,-0.13221,Left,0,339.38,222.58,313.49,210.86,291.19,190.25,279.45,170.78,273.83,150.48,299.57,149.13,288.59,124.67,280.07,123.64,277.02,132.52,316.96,147.01,309.04,117.32,302.51,141.31,301.29,163.05,336.43,149.71,330.82,124.43,322.73,149.93,320.69,171.55,357.41,156.79,350.63,135.87,341.50,152.55,337.69,170.28,-0.00000,-0.01770,-0.03133,-0.04666,-0.05995,-0.00639,-0.03471,-0.05164,-0.05780,-0.01092,-0.04325,-0.05149,-0.04662,-0.02012,-0.05197,-0.04884,-0.03573,-0.03081,-0.05124,-0.04626,-0.03548,0.01938,0.08641,0.01062,-0.01328,0.06662,0.00243,-0.03080,0.04792,-0.00566,-0.04701,0.02391,-0.01675,-0.05385,0.00174,-0.02630,-0.02609,0.00271,0.00832,-0.03596,-0.01979,-0.00372,-0.04461,-0.02368,-0.01995,-0.05272,-0.01157,-0.04712,-0.00384,-0.00313,0.00607,-0.01441,-0.02955,-0.01771,-0.02643,-0.00895,-0.03709,-0.03134,0.01199,-0.03545,0.01717,-0.00359,-0.00479,0.00756,-0.01766,-0.02844,-0.00413,0.00281,-0.03888,-0.00607,0.02360,-0.03575,0.03152,0.01071,-0.01679,0.02974,-0.00763,-0.03118,0.01685,0.00366,-0.04424,0.01122,0.02397,-0.03931,0,,,,,0.18360,0.09820,0.01994,0.97000,0.00000,0.00000,0.24311
3501.4186,0,1,19.51,0.00,32.26,0.01098,-0.08030,0.59780,0.63831,0.59706,0.4279,0,0,0.21961,-0.00098,0.06018,0.21953,-0.00098,0.06007,,,0.59706,0.00000,-0.20964,0.34636,1.43401,0.00000,1.00000,0.00000,-0.21000,0.34600,1.43400,0.00000,1.00000,16,0.18300,-0.04970,0.01494,0.18360,0.09820,0,0.99122,-0.00000,-0.00000,-0.13221,Left,0,340.40,222.48,314.21,211.07,291.31,190.21,278.99,170.17,272.90,149.74,298.85,149.10,287.78,125.44,279.95,122.53,277.34,129.66,316.16,146.41,307.96,117.60,302.53,141.37,301.89,163.09,335.81,148.55,329.75,124.24,322.77,149.54,321.23,170.83,357.40,155.10,350.57,134.12,342.03,150.92,338.25,168.90,-0.00000,-0.01742,-0.03015,-0.04448,-0.05677,-0.00472,-0.03172,-0.04773,-0.05365,-0.00901,-0.04083,-0.04888,-0.04399,-0.01793,-0.05002,-0.04710,-0.03409,-0.02824,-0.04923,-0.04459,-0.03404,0.02069,0.08567,0.00743,-0.01190,0.06693,-0.00066,-0.02936,0.04824,-0.00799,-0.04689,0.02389,-0.01800,-0.05403,0.00142,-0.02635,-0.02617,0.00365,0.00791,-0.03611,-0.01915,-0.00402,-0.04437,-0.02413,-0.02053,-0.05166,-0.01399,-0.04854,-0.00412,-0.00286,0.00632,-0.01479,-0.02921,-0.01788,-0.02566,-0.00864,-0.03711,-0.03007,0.01247,-0.03594,0.01730,-0.00412,-0.00435,0.00764,-0.01791,-0.02857,-0.00310,0.00284,-0.03873,-0.00417,0.02344,-0.03564,0.03210,0.00972,-0.01632,0.03043,-0.00897,-0.03087,0.01823,0.00240,-0.04470,0.01280,0.02250,-0.03967,0,,,,,0.18360,0.09820,0.01994,0.97000,-0.00000,0.00000,0.24311
3501.4499,0,1,17.62,0.00,23.18,0.01014,-0.08093,0.59044,0.64807,0.58309,0.4017,0,0,0.21961,-0.00098,0.06018,0.21953,-0.00098,0.06007,,,0.58309,0.00000,-0.20964,0.34636,1.43401,0.00000,1.00000,0.00000,-0.21000,0.34600,1.43400,0.00000,1.00000,16,0.18300,-0.04970,0.01494,0.18360,0.09820,0,0.99122,-0.00000,-0.00000,-0.13221,Left,0,338.47,220.37,311.55,208.59,289.54,187.54,279.24,166.99,275.00,146.39,297.44,146.09,288.35,122.00,280.38,120.65,277.62,129.79,315.65,144.23,308.34,117.01,303.44,143.28,303.66,164.61,335.61,147.20,330.44,123.95,323.31,150.86,321.84,171.67,357.03,154.48,350.39,134.86,341.73,152.58,338.16,169.60,-0.00000,-0.01783,-0.03160,-0.04687,-0.06002,-0.00660,-0.03500,-0.05155,-0.05750,-0.01087,-0.04288,-0.04987,-0.04431,-0.01992,-0.05201,-0.04742,-0.03351,-0.03044,-0.05086,-0.04495,-0.03366,0.01903,0.08617,0.01571,-0.01349,0.06667,0.00441,-0.03006,0.04752,-0.00456,-0.04549,0.02304,-0.01754,-0.05082,0.00025,-0.02780,-0.02651,0.00235,0.00701,-0.03556,-0.02006,-0.00595,-0.04320,-0.02405,-0.02288,-0.05024,-0.01113,-0.05054,-0.00421,-0.00328,0.00591,-0.01393,-0.02730,-0.01989,-0.02442,-0.00403,-0.03789,-0.02642,0.01636,-0.03042,0.01767,-0.00314,-0.00361,0.00808,-0.01561,-0.02965,-0.00179,0.00659,-0.03822,-0.00300,0.02671,-0.03065,0.03232,0.01127,-0.01460,0.03022,-0.00575,-0.03053,0.01831,0.00722,-0.04324,0.01273,0.02633,-0.03664,0,,,,,0.18360,0.09820,0.01994,0.97000,-0.00000,0.00000,0.24311
3501.4781,0,1,16.17,0.00,23.30,0.00990,-0.08230,0.59022,0.64677,0.58999,0.4248,0,0,0.21961,-0.00098,0.06018,0.21953,-0.00098,0.06007,,,0.58999,0.00000,-0.20964,0.34636,1.43401,0.00000,1.00000,0.00000,-0.21000,0.34600,1.43400,0.00000,1.00000,16,0.18300,-0.04970,0.01494,0.18360,0.09820,0,0.99122,-0.00000,-0.00000,-0.13221,Left,0,336.67,219.87,310.74,207.78,288.86,186.50,278.03,166.31,273.92,145.23,298.75,144.11,290.35,120.53,281.00,119.45,275.97,128.58,316.62,142.68,309.12,116.32,303.77,142.25,303.45,162.98,336.20,146.18,330.96,124.36,323.69,151.39,321.99,171.72,357.19,154.13,351.16,134.40,341.98,152.55,337.59,169.88,-0.00000,-0.01820,-0.03237,-0.04793,-0.06126,-0.00675,-0.03516,-0.05182,-0.05792,-0.01085,-0.04264,-0.04977,-0.04443,-0.01972,-0.05180,-0.04710,-0.03309,-0.03009,-0.05064,-0.04452,-0.03301,0.01662,0.08724,0.01196,-0.01515,0.06604,0.00237,-0.03190,0.04745,-0.00575,-0.04784,0.02289,-0.01626,-0.05279,-0.00041,-0.02690,-0.02655,0.00192,0.00781,-0.03459,-0.02059,-0.00544,-0.04348,-0.02443,-0.02275,-0.05368,-0.01133,-0.05138,-0.00383,-0.00335,0.00607,-0.01346,-0.02712,-0.02009,-0.02502,-0.00401,-0.03895,-0.02786,0.01575,-0.03239,0.01726,-0.00308,-0.00409,0.00763,-0.01405,-0.03050,-0.00238,0.00846,-0.03854,-0.00347,0.02758,-0.03097,0.03095,0.01187,-0.01624,0.02984,-0.00492,-0.03237,0.01711,0.00854,-0.04478,0.01123,0.02810,-0.03780,0,,,,,0.18360,0.09820,0.01994,0.97000,-0.00000,-0.00000,0.24311
3501.5104,0,1,15.91,0.00,28.26,0.00900,-0.08168,0.57919,0.63995,0.56816,0.4529,0,0,0.21961,-0.00098,0.06018,0.21953,-0.00098,0.06007,,,0.56816,0.00000,-0.20964,0.34636,1.43401,0.00000,1.00000,0.00000,-0.21000,0.34600,1.43400,0.00000,1.00000,16,0.18300,-0.04970,0.01494,0.18360,0.09820,0,0.99122,-0.00000,-0.00000,-0.13221,Left,0,335.12,219.63,309.86,207.03,288.10,186.03,277.29,165.97,273.47,144.63,296.79,143.77,288.63,122.13,281.03,118.51,277.94,124.99,315.35,142.13,308.55,116.07,303.50,143.02,303.20,163.52,335.50,145.46,330.65,124.45,323.80,151.91,322.16,171.87,356.68,153.65,350.61,134.49,341.59,152.80,337.29,169.73,-0.00000,-0.02005,-0.03498,-0.05084,-0.06452,-0.00745,-0.03585,-0.05217,-0.05818,-0.01085,-0.04360,-0.05005,-0.04359,-0.01924,-0.05273,-0.04696,-0.03163,-0.02924,-0.05075,-0.04394,-0.03161,0.01716,0.08649,0.01459,-0.01455,0.06564,0.00366,-0.03098,0.04656,-0.00560,-0.04713,0.02178,-0.01716,-0.05283,-0.00181,-0.02811,-0.02627,0.00200,0.00678,-0.03504,-0.01945,-0.00729,-0.04164,-0.02436,-0.02437,-0.05028,-0.01469,-0.05304,-0.00386,-0.00301,0.00588,-0.01305,-0.02698,-0.02137,-0.02391,-0.00347,-0.03867,-0.02654,0.01577,-0.03015,0.01746,-0.00346,-0.00343,0.00870,-0.01386,-0.03037,-0.00159,0.00822,-0.03831,-0.00223,0.02690,-0.02809,0.03153,0.01097,-0.01444,0.03036,-0.00509,-0.03149,0.01849,0.00889,-0.04420,0.01246,0.02811,-0.03611,0,,,,,0.18360,0.09820,0.01994,0.97000,-0.00000,-0.00000,0.24311
3501.5447,0,1,18.63,0.00,29.74,0.00853,-0.08160,0.57375,0.65185,0.56832,0.4519,0,0,0.21961,-0.00098,0.06018,0.21953,-0.00098,0.06007,,,0.56832,0.00000,-0.20964,0.34636,1.43401,0.00000,1.00000,0.00000,-0.21000,0.34600,1.43400,0.00000,1.00000,16,0.18300,-0.04970,0.01494,0.18360,0.09820,0,0.99122,-0.00000,0.00000,-0.13221,Left,0,334.65,217.91,309.26,207.23,287.14,185.70,276.76,164.52,273.25,143.22,296.92,143.42,289.05,119.20,280.18,117.73,275.81,126.81,315.49,141.93,308.10,114.86,302.55,142.85,302.83,163.12,335.49,145.51,330.27,123.07,323.32,151.71,322.37,171.24,356.76,153.74,350.47,134.30,341.61,153.34,338.30,169.67,-0.00000,-0.01922,-0.03321,-0.04797,-0.06046,-0.00949,-0.03800,-0.05315,-0.05800,-0.01303,-0.04493,-0.04955,-0.04192,-0.02138,-0.05426,-0.04687,-0.03064,-0.03122,-0.05260,-0.04497,-0.03206,0.01657,0.08600,0.01558,-0.01493,0.06601,0.00460,-0.03226,0.04685,-0.00374,-0.04703,0.02144,-0.01436,-0.05239,-0.00313,-0.02463,-0.02640,0.00170,0.00679,-0.03500,-0.02124,-0.00606,-0.04276,-0.02543,-0.02295,-0.05239,-0.01285,-0.05103,-0.00403,-0.00331,0.00598,-0.01380,-0.02736,-0.02136,-0.02549,-0.00330,-0.03778,-0.02675,0.01555,-0.02639,0.01763,-0.00305,-0.00363,0.00788,-0.01429,-0.03023,-0.00213,0.00853,-0.03794,-0.00204,0.02702,-0.02603,0.03122,0.01171,-0.01458,0.02965,-0.00454,-0.03228,0.01805,0.01005,-0.04432,0.01326,0.02840,-0.03486,0,,,,,0.18360,0.09820,0.01994,0.97000,-0.00000,-0.00000,0.24311
3501.5733,0,1,15.15,0.00,24.78,0.00813,-0.08140,0.56582,0.64736,0.55788,0.4527,0,0,0.21961,-0.00098,0.06018,0.21953,-0.00098,0.06007,,,0.55788,0.00000,-0.20964,0.34636,1.43401,0.00000,1.00000,0.00000,-0.21000,0.34600,1.43400,0.00000,1.00000,16,0.18300,-0.04970,0.01494,0.18360,0.09820,0,0.99122,-0.00000,0.00000,-0.13221,Left,0,335.39,217.34,310.24,206.50,287.60,185.87,276.71,164.39,272.93,142.27,295.54,142.38,288.68,118.02,280.24,115.42,276.36,124.58,314.81,140.71,308.73,113.28,304.10,141.07,304.40,161.33,335.47,143.95,331.25,121.76,324.96,150.49,323.87,170.22,357.18,152.23,351.35,132.76,342.98,152.57,339.57,169.65,-0.00000,-0.02073,-0.03616,-0.05215,-0.06571,-0.01039,-0.03938,-0.05446,-0.05904,-0.01331,-0.04515,-0.04927,-0.04115,-0.02125,-0.05421,-0.04617,-0.02952,-0.03088,-0.05287,-0.04516,-0.03207,0.01821,0.08592,0.01797,-0.01401,0.06610,0.00531,-0.03149,0.04779,-0.00443,-0.04650,0.02213,-0.01695,-0.05159,-0.00344,-0.02828,-0.02674,0.00169,0.00573,-0.03482,-0.02188,-0.00705,-0.04153,-0.02631,-0.02449,-0.05147,-0.01393,-0.05471,-0.00422,-0.00315,0.00564,-0.01239,-0.02855,-0.02181,-0.02293,-0.00421,-0.03884,-0.02482,0.01458,-0.02755,0.01790,-0.00345,-0.00285,0.00951,-0.01461,-0.02985,-0.00006,0.00764,-0.03820,-0.00035,0.02598,-0.02661,0.03249,0.01119,-0.01296,0.03107,-0.00495,-0.03083,0.01959,0.00960,-0.04342,0.01515,0.02899,-0.03455,0,,,,,0.18360,0.09820,0.01994,0.97000,-0.00000,-0.00000,0.24311
3501.6057,0,1,14.87,0.00,28.27,0.00801,-0.08185,0.55643,0.62571,0.54704,0.4496,0,0,0.21961,-0.00098,0.06018,0.21953,-0.00098,0.06007,,,0.54704,0.00000,-0.20964,0.34636,1.43401,0.00000,1.00000,0.00000,-0.21000,0.34600,1.43400,0.00000,1.00000,16,0.18300,-0.04970,0.01494,0.18360,0.09820,0,0.99122,0.00000,0.00000,-0.13221,Left,0,335.11,216.38,309.52,203.44,287.74,182.24,277.23,160.86,274.06,138.91,295.78,138.79,289.25,115.23,281.80,112.55,278.78,122.25,315.24,137.40,309.26,111.18,303.98,138.72,303.42,159.02,336.12,140.86,332.41,119.43,325.45,147.65,323.69,168.26,357.77,149.63,353.13,130.15,344.35,149.11,340.33,166.70,-0.00000,-0.02104,-0.03700,-0.05394,-0.06836,-0.00879,-0.03799,-0.05360,-0.05828,-0.01164,-0.04365,-0.04846,-0.04061,-0.01969,-0.05272,-0.04559,-0.02925,-0.02950,-0.05129,-0.04398,-0.03087,0.01589,0.08654,0.01402,-0.01565,0.06531,0.00167,-0.03253,0.04677,-0.00807,-0.04599,0.02139,-0.01927,-0.05050,-0.00400,-0.02958,-0.02650,0.00114,0.00551,-0.03416,-0.02175,-0.00807,-0.04000,-0.02596,-0.02589,-0.04840,-0.01295,-0.05595,-0.00401,-0.00286,0.00597,-0.01213,-0.02784,-0.02184,-0.02311,-0.00358,-0.03970,-0.02583,0.01587,-0.02997,0.01749,-0.00309,-0.00259,0.00991,-0.01428,-0.02949,-0.00047,0.00746,-0.03894,-0.00168,0.02696,-0.02872,0.03210,0.01110,-0.01251,0.03177,-0.00481,-0.03053,0.02062,0.00874,-0.04347,0.01483,0.02845,-0.03610,0,,,,,0.18360,0.09820,0.01994,0.97000,-0.00000,-0.00000,0.24311
3501.6537,0,1,15.19,0.00,44.49,0.00845,-0.08267,0.54783,0.63114,0.53924,0.4577,0,0,0.21961,-0.00098,0.06018,0.21953,-0.00098,0.06007,,,0.53924,0.00000,-0.20964,0.34636,1.43401,0.00000,1.00000,0.00000,-0.21000,0.34600,1.43400,0.00000,1.00000,16,0.18300,-0.04970,0.01494,0.18360,0.09820,0,0.99122,0.00000,-0.00000,-0.13221,Left,0,336.04,214.65,309.85,201.81,288.05,180.58,278.19,159.26,274.35,137.67,296.42,135.38,290.25,112.38,281.75,111.10,277.75,121.78,316.47,134.28,310.75,107.73,305.31,137.86,305.39,157.83,337.51,138.48,334.41,117.55,326.77,147.24,324.98,166.17,359.25,148.12,354.61,129.45,345.75,149.17,342.11,164.67,-0.00000,-0.01882,-0.03316,-0.04866,-0.06169,-0.00631,-0.03548,-0.05039,-0.05443,-0.01045,-0.04225,-0.04548,-0.03613,-0.01987,-0.05267,-0.04396,-0.02649,-0.03089,-0.05179,-0.04315,-0.02925,0.01641,0.08699,0.02247,-0.01525,0.06652,0.00800,-0.03179,0.04813,-0.00278,-0.04578,0.02253,-0.01581,-0.05096,-0.00316,-0.02795,-0.02667,0.00061,0.00566,-0.03432,-0.02175,-0.00820,-0.04101,-0.02521,-0.02569,-0.05122,-0.01188,-0.05513,-0.00423,-0.00336,0.00569,-0.01227,-0.02781,-0.02312,-0.02280,-0.00237,-0.04018,-0.02490,0.01636,-0.02630,0.01774,-0.00269,-0.00279,0.00986,-0.01344,-0.03090,0.00003,0.00913,-0.03931,-0.00096,0.02744,-0.02660,0.03208,0.01247,-0.01156,0.03171,-0.00264,-0.03059,0.02045,0.01154,-0.04337,0.01547,0.02922,-0.03447,0,,,,,0.18360,0.09820,0.01994,0.97000,-0.00000,0.00000,0.24311
3501.6867,0,1,16.00,0.00,28.44,0.00971,-0.08364,0.54525,0.63139,0.54266,0.4712,0,0,0.21961,-0.00098,0.06018,0.21953,-0.00098,0.06007,,,0.54266,0.00000,-0.20964,0.34636,1.43401,0.00000,1.00000,0.00000,-0.21000,0.34600,1.43400,0.00000,1.00000,16,0.18300,-0.04970,0.01494,0.18360,0.09820,0,0.99122,0.00000,-0.00000,-0.13221,Left,0,336.13,213.69,311.17,201.35,289.42,179.56,278.95,158.62,274.15,136.44,299.24,134.73,293.17,110.70,283.56,108.84,277.72,118.56,319.06,133.64,312.59,105.79,305.73,133.65,304.94,154.83,339.93,138.08,335.80,115.91,327.23,144.69,325.18,164.76,361.65,147.80,356.05,128.54,346.68,147.92,343.21,164.59,-0.00000,-0.02083,-0.03623,-0.05245,-0.06627,-0.00880,-0.03956,-0.05697,-0.06282,-0.01255,-0.04637,-0.05282,-0.04580,-0.02158,-0.05594,-0.04968,-0.03366,-0.03230,-0.05433,-0.04694,-0.03386,0.01371,0.08683,0.02100,-0.01727,0.06573,0.00724,-0.03366,0.04774,-0.00311,-0.04750,0.02257,-0.01598,-0.05373,-0.00258,-0.02711,-0.02661,0.00018,0.00632,-0.03381,-0.02204,-0.00779,-0.04128,-0.02560,-0.02467,-0.05362,-0.01330,-0.05450,-0.00379,-0.00346,0.00561,-0.01258,-0.02845,-0.02180,-0.02519,-0.00496,-0.04000,-0.02824,0.01404,-0.03042,0.01745,-0.00270,-0.00329,0.00926,-0.01354,-0.03039,-0.00281,0.00822,-0.03954,-0.00360,0.02673,-0.02835,0.03137,0.01297,-0.01297,0.03031,-0.00253,-0.03087,0.01820,0.01093,-0.04319,0.01403,0.02967,-0.03480,0,,,,,0.18360,0.09820,0.01994,0.97000,-0.00000,-0.00000,0.24311
3501.7163,0,1,14.58,0.00,25.01,0.01048,-0.08487,0.54023,0.61978,0.53522,0.4859,0,0,0.21961,-0.00098,0.06018,0.21953,-0.00098,0.06007,,,0.53522,0.00000,-0.20964,0.34636,1.43401,0.00000,1.00000,0.00000,-0.21000,0.34600,1.43400,0.00000,1.00000,16,0.18300,-0.04970,0.01494,0.18360,0.09820,0,0.99122,0.00000,-0.00000,-0.13221,Left,0,336.76,211.71,311.14,199.41,288.82,177.05,277.72,155.47,273.08,133.45,298.98,131.70,293.19,107.17,283.85,106.69,277.89,117.46,319.30,130.73,313.29,103.36,306.60,132.44,305.55,153.55,340.60,135.20,336.93,114.11,328.78,144.14,326.59,164.42,362.64,144.83,357.44,126.12,347.64,146.44,343.12,163.30,-0.00000,-0.02173,-0.03740,-0.05350,-0.06697,-0.01034,-0.04143,-0.05839,-0.06383,-0.01336,-0.04769,-0.05350,-0.04579,-0.02165,-0.05702,-0.05008,-0.03319,-0.03163,-0.05494,-0.04751,-0.03397,0.01420,0.08629,0.01975,-0.01701,0.06515,0.00631,-0.03362,0.04644,-0.00307,-0.04835,0.02142,-0.01533,-0.05355,-0.00329,-0.02554,-0.02688,0.00090,0.00597,-0.03343,-0.02192,-0.00832,-0.04091,-0.02522,-0.02610,-0.05232,-0.01127,-0.05495,-0.00405,-0.00344,0.00570,-0.01190,-0.02754,-0.02252,-0.02429,-0.00397,-0.04056,-0.02735,0.01471,-0.03015,0.01783,-0.00265,-0.00293,0.00976,-0.01254,-0.03076,-0.00070,0.00984,-0.03898,-0.00209,0.02830,-0.02748,0.03174,0.01277,-0.01307,0.03106,-0.00244,-0.03212,0.01882,0.01237,-0.04462,0.01300,0.03038,-0.03489,0,,,,,0.18360,0.09820,0.01994,0.97000,0.00000,0.00000,0.24311
3501.7532,0,1,18.04,0.00,33.09,0.01103,-0.08464,0.53029,0.61956,0.52035,0.4845,0,0,0.21961,-0.00098,0.06018,0.21953,-0.00098,0.06007,,,0.52035,0.00000,-0.20964,0.34636,1.43401,0.00000,1.00000,0.00000,-0.21000,0.34600,1.43400,0.00000,1.00000,16,0.18300,-0.04970,0.01494,0.18360,0.09820,0,0.99122,0.00000,-0.00000,-0.13221,Left,0,336.36,211.64,311.48,199.11,289.23,177.30,277.63,156.53,271.65,134.35,298.97,130.13,293.13,106.53,283.13,104.98,276.84,115.32,320.11,129.38,314.19,101.17,306.70,131.45,305.43,152.67,341.98,134.38,338.04,112.55,328.95,143.25,326.48,163.18,364.23,144.95,358.93,126.16,348.48,146.79,343.62,163.27,-0.00000,-0.02295,-0.03980,-0.05694,-0.07152,-0.01187,-0.04460,-0.06246,-0.06828,-0.01511,-0.05080,-0.05608,-0.04750,-0.02395,-0.06055,-0.05261,-0.03473,-0.03463,-0.05869,-0.05066,-0.03656,0.01364,0.08673,0.02410,-0.01720,0.06580,0.00990,-0.03375,0.04703,-0.00184,-0.04878,0.02267,-0.01600,-0.05591,-0.00219,-0.02817,-0.02730,-0.00003,0.00572,-0.03434,-0.02195,-0.00927,-0.04156,-0.02461,-0.02591,-0.05467,-0.01253,-0.05677,-0.00371,-0.00346,0.00537,-0.01189,-0.02838,-0.02289,-0.02464,-0.00441,-0.03994,-0.02818,0.01428,-0.02998,0.01769,-0.00259,-0.00267,0.01002,-0.01280,-0.03099,-0.00243,0.00928,-0.03991,-0.00336,0.02673,-0.02618,0.03154,0.01288,-0.01210,0.03063,-0.00173,-0.03130,0.01818,0.01294,-0.04365,0.01244,0.03122,-0.03414,0,,,,,0.18360,0.09820,0.01994,0.97000,-0.00000,-0.00000,0.24311
3501.7843,0,1,18.55,0.00,26.76,0.01120,-0.08468,0.52433,0.60943,0.51838,0.4662,0,0,0.21961,-0.00098,0.06018,0.21953,-0.00098,0.06007,,,0.51838,0.00000,-0.20964,0.34636,1.43401,0.00000,1.00000,0.00000,-0.21000,0.34600,1.43400,0.00000,1.00000,16,0.18300,-0.04970,0.01494,0.18360,0.09820,0,0.99122,0.00000,0.00000,-0.13221,Left,0,335.98,211.93,310.38,197.96,287.63,175.95,274.69,154.67,268.81,131.97,299.09,128.92,292.01,104.55,281.11,102.91,274.36,114.02,319.72,128.53,313.67,100.08,306.32,131.99,305.44,152.94,341.73,133.44,337.66,109.61,328.78,140.83,326.57,161.26,364.23,144.30,359.07,123.87,348.68,144.71,344.06,161.99,-0.00000,-0.02350,-0.04130,-0.05962,-0.07531,-0.01169,-0.04425,-0.06114,-0.06617,-0.01462,-0.04964,-0.05320,-0.04332,-0.02332,-0.05964,-0.04973,-0.03048,-0.03400,-0.05814,-0.04903,-0.03395,0.01297,0.08693,0.02081,-0.01789,0.06549,0.00704,-0.03412,0.04563,-0.00289,-0.05097,0.02132,-0.01547,-0.05850,-0.00438,-0.02647,-0.02674,-0.00003,0.00633,-0.03514,-0.02258,-0.00822,-0.04335,-0.02556,-0.02467,-0.05586,-0.01291,-0.05425,-0.00389,-0.00364,0.00532,-0.01220,-0.02774,-0.02277,-0.02462,-0.00306,-0.03873,-0.02820,0.01574,-0.02647,0.01788,-0.00227,-0.00279,0.00935,-0.01414,-0.03076,-0.00210,0.00769,-0.03984,-0.00356,0.02571,-0.02675,0.03145,0.01287,-0.01282,0.03021,-0.00289,-0.03192,0.01868,0.01178,-0.04457,0.01293,0.03052,-0.03564,0,,,,,0.18360,0.09820,0.01994,0.97000,0.00000,0.00000,0.24311
3501.8196,0,1,21.62,0.00,30.43,0.01053,-0.08535,0.51741,0.60946,0.51048,0.4369,0,0,0.21961,-0.00098,0.06018,0.21953,-0.00098,0.06007,,,0.51048,0.00000,-0.20964,0.34636,1.43401,0.00000,1.00000,0.00000,-0.21000,0.34600,1.43400,0.00000,1.00000,16,0.18300,-0.04970,0.01494,0.18360,0.09820,0,0.99122,0.00000,0.00000,-0.13221,Left,0,333.65,210.15,307.50,196.74,284.51,173.33,272.16,151.60,265.63,128.95,297.27,124.97,290.97,100.74,278.02,100.87,268.99,112.77,318.56,125.06,312.29,96.99,304.24,130.49,303.80,150.82,340.70,130.71,336.43,107.78,326.89,140.17,325.26,159.57,363.34,142.13,357.50,122.08,346.84,143.33,343.05,159.36,-0.00000,-0.02273,-0.03985,-0.05752,-0.07256,-0.01106,-0.04400,-0.06076,-0.06549,-0.01461,-0.04929,-0.05195,-0.04140,-0.02401,-0.06013,-0.04934,-0.02950,-0.03531,-0.05836,-0.04811,-0.03241,0.01258,0.08742,0.02511,-0.01869,0.06612,0.01071,-0.03482,0.04609,0.00036,-0.05128,0.02146,-0.01320,-0.05907,-0.00426,-0.02508,-0.02638,-0.00091,0.00692,-0.03501,-0.02275,-0.00764,-0.04376,-0.02512,-0.02354,-0.05895,-0.01176,-0.05151,-0.00391,-0.00409,0.00552,-0.01219,-0.02701,-0.02383,-0.02505,-0.00170,-0.03887,-0.02805,0.01596,-0.02412,0.01775,-0.00187,-0.00344,0.00866,-0.01219,-0.03190,-0.00245,0.00983,-0.03986,-0.00352,0.02701,-0.02452,0.03126,0.01444,-0.01293,0.02945,-0.00104,-0.03311,0.01736,0.01394,-0.04447,0.01235,0.03088,-0.03409,0,,,,,0.18360,0.09820,0.01994,0.97000,0.00000,-0.00000,0.24311
3501.8511,0,1,20.44,0.00,26.66,0.00920,-0.08434,0.50601,0.60069,0.49462,0.4635,0,0,0.21961,-0.00098,0.06018,0.21953,-0.00098,0.06007,,,0.49462,0.00000,-0.20964,0.34636,1.43401,0.00000,1.00000,0.00000,-0.21000,0.34600,1.43400,0.00000,1.00000,16,0.18300,-0.04970,0.01494,0.18360,0.09820,0,0.99122,0.00000,-0.00000,-0.13221,Left,0,330.30,211.03,304.81,197.77,282.06,173.13,269.40,151.65,261.59,128.63,295.14,124.57,288.03,100.69,275.23,99.78,265.75,111.29,316.58,124.68,309.78,96.53,302.06,129.82,301.42,151.87,339.39,130.58,333.98,107.30,324.37,139.42,322.49,160.17,362.64,142.28,356.60,121.62,345.23,142.67,340.45,159.95,-0.00000,-0.02543,-0.04400,-0.06251,-0.07824,-0.01442,-0.04882,-0.06721,-0.07319,-0.01704,-0.05384,-0.05819,-0.04880,-0.02567,-0.06387,-0.05417,-0.03485,-0.03634,-0.06169,-0.05267,-0.03761,0.01050,0.08749,0.02635,-0.01959,0.06517,0.01150,-0.03461,0.04508,0.00104,-0.05140,0.02071,-0.01443,-0.05986,-0.00465,-0.02576,-0.02631,-0.00011,0.00723,-0.03528,-0.02206,-0.00860,-0.04507,-0.02474,-0.02444,-0.05892,-0.01208,-0.05364,-0.00390,-0.00375,0.00518,-0.01274,-0.02614,-0.02380,-0.02553,-0.00201,-0.03741,-0.02854,0.01675,-0.02459,0.01849,-0.00202,-0.00317,0.00852,-0.01247,-0.03181,-0.00365,0.00892,-0.03880,-0.00478,0.02680,-0.02443,0.03079,0.01409,-0.01317,0.02893,-0.00139,-0.03261,0.01692,0.01333,-0.04386,0.01152,0.03066,-0.03490,0,,,,,0.18360,0.09820,0.01994,0.97000,0.00000,-0.00000,0.24311
3501.8771,0,1,14.97,0.00,21.46,0.00724,-0.08422,0.49773,0.59226,0.48945,0.5265,0,0,0.21961,-0.00098,0.06018,0.21953,-0.00098,0.06007,,,0.48945,0.00000,-0.20964,0.34636,1.43401,0.00000,1.00000,0.00000,-0.21000,0.34600,1.43400,0.00000,1.00000,16,0.18300,-0.04970,0.01494,0.18360,0.09820,0,0.99122,0.00000,-0.00000,-0.13221,Left,0,328.47,209.23,302.08,197.47,277.92,172.04,264.50,149.96,255.69,127.18,291.55,122.85,284.16,98.24,270.82,98.84,260.71,110.22,313.50,122.74,307.20,93.71,298.76,127.54,298.12,149.72,336.38,128.78,331.05,106.05,321.43,138.96,320.00,159.16,360.00,140.20,353.39,119.97,342.21,141.61,337.90,158.14,-0.00000,-0.02533,-0.04340,-0.06131,-0.07655,-0.01432,-0.04944,-0.06867,-0.07521,-0.01728,-0.05522,-0.06059,-0.05156,-0.02623,-0.06532,-0.05620,-0.03692,-0.03712,-0.06207,-0.05256,-0.03719,0.01124,0.08606,0.02629,-0.01924,0.06520,0.01158,-0.03481,0.04519,0.00244,-0.05316,0.02121,-0.01132,-0.06138,-0.00438,-0.02107,-0.02632,-0.00013,0.00748,-0.03532,-0.02212,-0.00824,-0.04527,-0.02418,-0.02411,-0.05966,-0.01116,-0.05315,-0.00400,-0.00407,0.00527,-0.01233,-0.02566,-0.02375,-0.02497,-0.00284,-0.03780,-0.02897,0.01577,-0.02544,0.01825,-0.00182,-0.00353,0.00846,-0.01167,-0.03235,-0.00331,0.00976,-0.03927,-0.00452,0.02772,-0.02318,0.03073,0.01412,-0.01327,0.02905,-0.00098,-0.03324,0.01664,0.01442,-0.04496,0.01199,0.03040,-0.03368,0,,,,,0.18360,0.09820,0.01994,0.97000,0.00000,-0.00000,0.24311
3501.9108,0,1,16.14,0.00,29.86,0.00471,-0.08442,0.49147,0.59117,0.48520,0.4950,0,0,0.21961,-0.00098,0.06018,0.21953,-0.00098,0.06007,,,0.48520,0.00000,-0.20964,0.34636,1.43401,0.00000,1.00000,0.00000,-0.21000,0.34600,1.43400,0.00000,1.00000,16,0.18300,-0.04970,0.01494,0.18360,0.09820,0,0.99122,0.00000,0.00000,-0.13221,Left,0,324.18,208.13,298.41,195.91,273.75,170.10,259.19,147.78,249.79,125.47,288.11,120.49,279.68,95.79,265.47,96.50,255.76,108.36,310.01,120.94,303.08,91.74,294.59,127.10,295.16,148.21,333.16,127.55,327.36,104.35,317.33,138.07,316.90,157.18,356.97,139.60,350.48,118.65,339.38,140.14,336.33,155.74,-0.00000,-0.02529,-0.04372,-0.06216,-0.07797,-0.01462,-0.05034,-0.06928,-0.07539,-0.01777,-0.05523,-0.05883,-0.04847,-0.02709,-0.06585,-0.05473,-0.03409,-0.03845,-0.06244,-0.05141,-0.03505,0.01121,0.08573,0.02907,-0.01887,0.06418,0.01420,-0.03452,0.04454,0.00528,-0.05370,0.02028,-0.00949,-0.06256,-0.00468,-0.01979,-0.02598,-0.00063,0.00817,-0.03565,-0.02211,-0.00712,-0.04656,-0.02502,-0.02220,-0.06042,-0.01127,-0.04996,-0.00409,-0.00413,0.00522,-0.01326,-0.02535,-0.02390,-0.02585,-0.00222,-0.03634,-0.02781,0.01556,-0.02144,0.01784,-0.00143,-0.00410,0.00744,-0.01115,-0.03258,-0.00405,0.01012,-0.03802,-0.00415,0.02712,-0.02108,0.03056,0.01502,-0.01352,0.02861,-0.00014,-0.03299,0.01642,0.01446,-0.04365,0.01309,0.02929,-0.03230,0,,,,,0.18360,0.09820,0.01994,0.97000,0.00000,0.00000,0.24311
3501.9434,0,1,16.45,0.00,28.14,0.00197,-0.08638,0.49241,0.58413,0.49335,0.4740,0,0,0.21961,-0.00098,0.06018,0.21953,-0.00098,0.06007,,,0.49335,0.00000,-0.20964,0.34636,1.43401,0.00000,1.00000,0.00000,-0.21000,0.34600,1.43400,0.00000,1.00000,16,0.18300,-0.04970,0.01494,0.18360,0.09820,0,0.99122,0.00000,-0.00000,-0.13221,Left,0,321.95,207.14,296.07,196.13,270.79,170.07,255.69,147.42,245.26,125.18,284.03,117.88,274.37,92.49,259.67,95.07,249.64,108.56,306.37,118.14,298.66,89.10,290.80,125.25,291.95,146.52,329.70,124.42,323.13,102.09,313.38,136.34,313.09,155.40,353.63,136.21,346.18,116.68,335.15,139.85,331.94,156.07,-0.00000,-0.02536,-0.04401,-0.06264,-0.07858,-0.01430,-0.05031,-0.06971,-0.07609,-0.01749,-0.05498,-0.05906,-0.04899,-0.02685,-0.06593,-0.05525,-0.03496,-0.03824,-0.06330,-0.05251,-0.03606,0.01287,0.08699,0.02704,-0.01786,0.06575,0.01347,-0.03403,0.04677,0.00384,-0.05380,0.02270,-0.01131,-0.06319,-0.00309,-0.02078,-0.02644,-0.00027,0.00849,-0.03682,-0.02261,-0.00623,-0.04808,-0.02397,-0.02132,-0.06218,-0.00905,-0.05054,-0.00425,-0.00417,0.00553,-0.01285,-0.02562,-0.02394,-0.02523,-0.00173,-0.03665,-0.02701,0.01593,-0.02288,0.01814,-0.00174,-0.00448,0.00757,-0.01076,-0.03323,-0.00410,0.01078,-0.03941,-0.00376,0.02761,-0.02228,0.03135,0.01470,-0.01476,0.02834,0.00075,-0.03573,0.01599,0.01686,-0.04742,0.01309,0.03232,-0.03474,0,,,,,0.18360,0.09820,0.01994,0.97000,0.00000,0.00000,0.24311
3501.9758,0,1,16.95,0.00,28.02,-0.00087,-0.08655,0.48291,0.57643,0.47340,0.4682,0,0,0.21961,-0.00098,0.06018,0.21953,-0.00098,0.06007,,,0.47340,0.00000,-0.20964,0.34636,1.43401,0.00000,1.00000,0.00000,-0.21000,0.34600,1.43400,0.00000,1.00000,16,0.18300,-0.04970,0.01494,0.18360,0.09820,0,0.99122,0.00000,0.00000,-0.13221,Left,0,319.31,205.88,292.19,193.19,267.07,168.15,251.60,145.45,241.11,122.51,279.09,115.64,269.73,90.98,255.42,91.93,246.38,104.67,302.15,115.50,294.94,85.96,287.53,123.84,289.12,145.57,326.49,121.56,320.27,98.92,310.65,134.73,310.54,154.26,351.31,133.74,343.90,113.32,332.64,137.28,329.28,154.05,-0.00000,-0.02599,-0.04530,-0.06458,-0.08110,-0.01466,-0.05167,-0.07060,-0.07627,-0.01795,-0.05688,-0.05986,-0.04828,-0.02764,-0.06855,-0.05635,-0.03425,-0.03937,-0.06551,-0.05384,-0.03630,0.01352,0.08682,0.02919,-0.01727,0.06572,0.01375,-0.03301,0.04641,0.00368,-0.05227,0.02198,-0.01162,-0.06219,-0.00391,-0.02300,-0.02647,-0.00005,0.00760,-0.03668,-0.02181,-0.00769,-0.04716,-0.02383,-0.02339,-0.06025,-0.01012,-0.05206,-0.00443,-0.00403,0.00514,-0.01239,-0.02565,-0.02447,-0.02377,-0.00101,-0.03695,-0.02590,0.01653,-0.02114,0.01834,-0.00193,-0.00358,0.00839,-0.01104,-0.03283,-0.00265,0.01055,-0.03895,-0.00257,0.02743,-0.02126,0.03194,0.01419,-0.01316,0.02936,-0.00038,-0.03401,0.01768,0.01578,-0.04573,0.01418,0.03187,-0.03349,0,,,,,0.18360,0.09820,0.01994,0.97000,-0.00000,-0.00000,0.24311
3502.0083,0,1,17.55,0.00,27.90,-0.00257,-0.08860,0.48019,0.56647,0.47747,0.4733,0,0,0.21961,-0.00098,0.06018,0.21953,-0.00098,0.06007,,,0.47747,0.00000,-0.20964,0.34636,1.43401,0.00000,1.00000,0.00000,-0.21000,0.34600,1.43400,0.00000,1.00000,16,0.18300,-0.04970,0.01494,0.18360,0.09820,0,0.99122,0.00000,-0.00000,-0.13221,Left,0,318.54,204.00,290.65,191.15,264.51,164.80,248.53,142.43,238.92,119.51,279.24,111.59,269.34,86.75,253.37,88.17,243.57,102.25,301.53,111.44,292.89,82.53,284.83,121.36,287.08,142.18,325.58,117.39,317.76,95.18,308.44,131.25,309.67,150.34,350.33,129.44,341.92,109.55,330.52,133.14,328.24,149.08,-0.00000,-0.02476,-0.04322,-0.06226,-0.07830,-0.01157,-0.04839,-0.06653,-0.07133,-0.01515,-0.05274,-0.05346,-0.04009,-0.02544,-0.06465,-0.05049,-0.02717,-0.03798,-0.06294,-0.05074,-0.03280,0.01331,0.08811,0.02660,-0.01748,0.06664,0.01330,-0.03460,0.04699,0.00396,-0.05383,0.02328,-0.00797,-0.06433,-0.00364,-0.01922,-0.02581,-0.00091,0.00862,-0.03713,-0.02166,-0.00627,-0.04744,-0.02285,-0.02085,-0.06242,-0.00845,-0.04865,-0.00403,-0.00413,0.00555,-0.01313,-0.02512,-0.02392,-0.02549,0.00051,-0.03594,-0.02728,0.01823,-0.01947,0.01789,-0.00181,-0.00442,0.00634,-0.01043,-0.03249,-0.00413,0.01103,-0.03879,-0.00315,0.02715,-0.02138,0.03103,0.01396,-0.01451,0.02749,-0.00022,-0.03516,0.01569,0.01529,-0.04578,0.01297,0.03143,-0.03506,0,,,,,0.18360,0.09820,0.01994,0.97000,-0.00000,-0.00000,0.24311
3502.0591,0,1,20.13,0.00,46.36,-0.00367,-0.09093,0.48161,0.56601,0.48303,0.4415,0,0,0.21961,-0.00098,0.06018,0.21953,-0.00098,0.06007,,,0.48303,0.00000,-0.20964,0.34636,1.43401,0.00000,1.00000,0.00000,-0.21000,0.34600,1.43400,0.00000,1.00000,16,0.18300,-0.04970,0.01494,0.18360,0.09820,0,0.99122,0.00000,0.00000,-0.13221,Left,0,318.07,202.31,289.38,189.36,263.07,162.99,247.57,139.41,237.93,116.02,278.39,109.72,268.68,82.85,252.09,85.38,241.44,100.19,301.06,109.72,291.70,80.59,284.50,119.34,287.81,138.69,325.11,115.62,317.06,91.61,307.88,127.17,309.40,145.19,349.93,127.59,341.15,107.23,329.78,130.80,327.84,146.24,-0.00000,-0.02362,-0.04220,-0.06166,-0.07812,-0.01272,-0.04975,-0.06781,-0.07280,-0.01704,-0.05425,-0.05499,-0.04253,-0.02787,-0.06602,-0.05154,-0.02911,-0.04094,-0.06543,-0.05330,-0.03608,0.01346,0.08776,0.02726,-0.01774,0.06637,0.01406,-0.03408,0.04682,0.00436,-0.05380,0.02228,-0.00816,-0.06335,-0.00445,-0.02011,-0.02635,-0.00064,0.00895,-0.03669,-0.02235,-0.00577,-0.04813,-0.02350,-0.02067,-0.06349,-0.00816,-0.04824,-0.00417,-0.00418,0.00539,-0.01332,-0.02503,-0.02375,-0.02459,0.00048,-0.03546,-0.02532,0.01658,-0.01729,0.01810,-0.00139,-0.00430,0.00669,-0.01145,-0.03219,-0.00353,0.00955,-0.03853,-0.00190,0.02484,-0.02175,0.03181,0.01418,-0.01404,0.02731,-0.00047,-0.03427,0.01571,0.01516,-0.04523,0.01338,0.03099,-0.03447,0,,,,,0.18360,0.09820,0.01994,0.97000,-0.00000,0.00000,0.24311
3502.0901,1,1,19.06,0.80,27.30,-0.00424,-0.09268,0.48169,0.56419,0.48178,0.4462,0,0,0.22439,0.00698,0.06739,0.21685,0.00512,0.05899,0.68,0.03,0.48178,-0.03426,-0.16938,0.30946,1.47596,-0.00000,1.00000,-0.04094,-0.17428,0.25878,1.48571,0.00000,1.00000,16,0.18300,-0.04970,0.01494,0.18360,0.09820,0,0.99122,-0.00000,0.00000,-0.13221,Left,0,317.95,201.24,289.95,187.67,263.75,161.36,247.91,137.85,238.46,113.97,278.37,107.55,268.83,79.94,252.40,81.80,242.42,96.46,301.14,107.83,291.50,78.64,284.22,117.17,287.68,136.51,325.12,113.93,316.52,90.96,307.68,126.63,309.72,144.22,349.83,126.21,340.73,106.36,329.26,130.20,327.20,145.62,-0.00000,-0.02283,-0.04127,-0.06087,-0.07732,-0.01153,-0.04796,-0.06543,-0.07010,-0.01640,-0.05335,-0.05391,-0.04137,-0.02771,-0.06590,-0.05116,-0.02856,-0.04122,-0.06542,-0.05285,-0.03536,0.01321,0.08857,0.02650,-0.01742,0.06672,0.01418,-0.03441,0.04743,0.00357,-0.05336,0.02292,-0.00969,-0.06272,-0.00394,-0.02144,-0.02629,-0.00111,0.00846,-0.03680,-0.02353,-0.00529,-0.04782,-0.02445,-0.02033,-0.06289,-0.00987,-0.04946,-0.00396,-0.00415,0.00549,-0.01307,-0.02558,-0.02437,-0.02564,0.00068,-0.03629,-0.02484,0.01708,-0.01826,0.01814,-0.00149,-0.00427,0.00675,-0.01056,-0.03286,-0.00451,0.01120,-0.03918,-0.00173,0.02594,-0.02177,0.03151,0.01454,-0.01468,0.02720,0.00069,-0.03510,0.01479,0.01631,-0.04599,0.01243,0.03232,-0.03514,0,,,,,0.18360,0.09820,0.01994,0.97000,-0.00000,0.00000,0.24311
3502.1218,1,1,18.32,0.80,28.65,-0.00381,-0.09535,0.48808,0.56032,0.49447,0.4744,0,0,0.22119,0.00656,0.07005,0.21952,0.00859,0.06644,0.58,0.00,0.49447,-0.05291,-0.16488,0.24976,1.52036,0.00000,1.00000,-0.04131,-0.19631,0.26185,1.50528,0.00000,1.00000,16,0.18300,-0.04970,0.01494,0.18360,0.09820,0,0.99122,-0.00000,0.00000,-0.13221,Left,0,318.53,200.96,290.54,185.96,264.13,158.56,248.52,134.39,238.97,110.45,281.23,105.72,270.96,77.48,253.36,79.42,242.38,93.95,303.22,106.57,292.51,76.81,285.66,115.29,289.96,134.79,326.74,112.75,317.59,90.11,309.33,126.04,312.16,143.96,351.25,124.71,341.99,103.91,330.83,127.83,329.47,143.40,-0.00000,-0.02197,-0.04033,-0.06028,-0.07720,-0.01021,-0.04719,-0.06561,-0.07095,-0.01580,-0.05382,-0.05555,-0.04368,-0.02782,-0.06668,-0.05215,-0.02944,-0.04202,-0.06565,-0.05254,-0.03477,0.01099,0.08990,0.02211,-0.01899,0.06658,0.01043,-0.03565,0.04683,0.00253,-0.05508,0.02097,-0.00846,-0.06425,-0.00598,-0.01746,-0.02617,-0.00149,0.00946,-0.03608,-0.02371,-0.00393,-0.04914,-0.02532,-0.01961,-0.06441,-0.01016,-0.04788,-0.00378,-0.00422,0.00570,-0.01382,-0.02552,-0.02368,-0.02626,0.00063,-0.03671,-0.02489,0.01665,-0.01835,0.01781,-0.00094,-0.00477,0.00555,-0.00994,-0.03340,-0.00450,0.01251,-0.03909,-0.00162,0.02764,-0.02301,0.03092,0.01533,-0.01596,0.02609,0.00041,-0.03593,0.01340,0.01583,-0.04722,0.01218,0.03208,-0.03588,0,,,,,0.18360,0.09820,0.01994,0.97000,0.00000,0.00000,0.24311
3502.1532,1,1,18.39,0.22,27.46,-0.00300,-0.09773,0.49431,0.56238,0.50055,0.4665,0,1,0.22119,0.00656,0.07005,0.22214,0.00598,0.07084,0.58,0.00,0.50055,-0.03794,-0.20847,0.26641,1.50056,-0.00000,0.95827,-0.04131,-0.19631,0.26185,1.50528,0.00000,-0.17000,16,0.18300,-0.04970,0.01494,0.18360,0.09820,0,0.99122,0.00000,-0.00000,-0.13221,Left,1,320.21,200.38,291.26,184.69,265.33,157.72,250.03,133.59,240.73,109.83,282.53,104.62,271.77,76.13,254.61,77.64,244.51,91.28,304.61,105.24,293.75,76.29,286.95,115.08,292.21,133.20,328.13,111.54,318.95,89.57,310.26,125.09,313.68,141.16,352.39,123.94,343.24,103.69,332.06,127.71,331.50,142.29,-0.00000,-0.02008,-0.03706,-0.05598,-0.07190,-0.00711,-0.04300,-0.06080,-0.06601,-0.01337,-0.04969,-0.05084,-0.03920,-0.02601,-0.06320,-0.04819,-0.02594,-0.04078,-0.06308,-0.04950,-0.03191,0.01179,0.09021,0.02499,-0.01880,0.06723,0.01330,-0.03561,0.04738,0.00411,-0.05554,0.02128,-0.00856,-0.06499,-0.00577,-0.01883,-0.02643,-0.00141,0.00950,-0.03664,-0.02443,-0.00390,-0.04961,-0.02636,-0.02035,-0.06379,-0.01233,-0.04863,-0.00409,-0.00441,0.00587,-0.01362,-0.02607,-0.02459,-0.02597,0.00038,-0.03683,-0.02357,0.01578,-0.01753,0.01820,-0.00078,-0.00489,0.00606,-0.01018,-0.03353,-0.00435,0.01210,-0.03840,-0.00048,0.02634,-0.02195,0.03159,0.01557,-0.01560,0.02642,0.00101,-0.03579,0.01389,0.01636,-0.04679,0.01321,0.03228,-0.03487,0,,,,,0.18360,0.09820,0.01994,0.97000,0.00000,0.00000,0.24311
3502.1839,1,1,17.07,0.22,25.84,-0.00205,-0.09920,0.49783,0.56617,0.50136,0.4428,0,1,0.22119,0.00656,0.07005,0.22143,0.00645,0.06890,0.58,0.00,0.50136,-0.04067,-0.19203,0.26220,1.50439,-0.00000,0.86964,-0.04131,-0.19631,0.26185,1.50528,0.00000,-0.17000,16,0.18300,-0.04970,0.01494,0.18360,0.09820,0,0.99122,-0.00000,-0.00000,-0.13221,Left,1,321.49,198.88,292.79,184.00,266.36,156.64,251.07,132.69,240.26,109.29,284.07,104.06,272.03,74.46,253.76,77.78,243.32,92.45,305.96,105.00,294.78,74.95,287.60,113.29,292.91,131.25,329.14,111.66,319.52,88.54,310.74,123.88,314.20,139.78,353.34,123.90,344.50,103.60,332.82,127.50,331.55,142.02,-0.00000,-0.02056,-0.03814,-0.05747,-0.07380,-0.01067,-0.04638,-0.06382,-0.06904,-0.01691,-0.05325,-0.05438,-0.04311,-0.02924,-0.06630,-0.05146,-0.02983,-0.04369,-0.06639,-0.05326,-0.03630,0.01195,0.08900,0.02709,-0.01891,0.06635,0.01476,-0.03583,0.04683,0.00500,-0.05567,0.02107,-0.00838,-0.06573,-0.00512,-0.01847,-0.02645,-0.00155,0.00911,-0.03718,-0.02464,-0.00382,-0.05074,-0.02555,-0.02014,-0.06496,-0.01032,-0.04684,-0.00411,-0.00451,0.00595,-0.01367,-0.02627,-0.02503,-0.02617,-0.00020,-0.03724,-0.02366,0.01477,-0.01774,0.01840,-0.00055,-0.00467,0.00593,-0.01020,-0.03374,-0.00530,0.01169,-0.03843,-0.00119,0.02606,-0.02142,0.03140,0.01610,-0.01517,0.02636,0.00167,-0.03584,0.01296,0.01691,-0.04700,0.01141,0.03280,-0.03407,0,,,,,0.18360,0.09820,0.01994,0.97000,0.00000,0.00000,0.24311
3502.2155,1,1,16.88,0.23,27.31,-0.00101,-0.09952,0.49563,0.56137,0.49343,0.5746,0,1,0.22119,0.00656,0.07005,0.22164,0.00664,0.06992,0.58,0.00,0.49343,-0.04167,-0.19814,0.26154,1.50555,0.00000,0.75544,-0.04131,-0.19631,0.26185,1.50528,0.00000,-0.17000,16,0.18300,-0.04970,0.01494,0.18360,0.09820,0,0.99122,-0.00000,-0.00000,-0.13221,Left,1,322.56,198.79,292.98,183.14,266.02,154.20,248.94,130.46,234.40,108.96,284.61,103.23,273.48,73.63,255.03,74.67,243.13,87.31,307.09,103.95,296.22,73.94,288.74,112.52,292.97,131.46,330.74,110.58,320.32,89.23,311.99,125.12,315.52,141.20,355.20,122.75,344.94,103.02,333.63,127.28,332.98,141.44,-0.00000,-0.01920,-0.03565,-0.05417,-0.07015,-0.00760,-0.04336,-0.06147,-0.06724,-0.01473,-0.05196,-0.05392,-0.04273,-0.02799,-0.06576,-0.05133,-0.02942,-0.04324,-0.06561,-0.05221,-0.03498,0.01141,0.08966,0.02473,-0.01970,0.06689,0.01334,-0.03649,0.04618,0.00446,-0.05820,0.01994,-0.00612,-0.07183,-0.00578,-0.01197,-0.02643,-0.00191,0.00922,-0.03701,-0.02532,-0.00393,-0.05094,-0.02762,-0.01962,-0.06602,-0.01317,-0.04824,-0.00388,-0.00458,0.00578,-0.01342,-0.02564,-0.02522,-0.02612,-0.00042,-0.03724,-0.02491,0.01608,-0.02000,0.01836,-0.00051,-0.00458,0.00548,-0.00913,-0.03446,-0.00527,0.01341,-0.03860,-0.00170,0.02839,-0.02139,0.03101,0.01668,-0.01541,0.02575,0.00235,-0.03702,0.01291,0.01840,-0.04831,0.01160,0.03344,-0.03448,0,,,,,0.18360,0.09820,0.01994,0.97000,0.00000,0.00000,0.24311
3502.2458,1,1,15.35,0.16,26.19,0.00020,-0.09852,0.49188,0.55804,0.48813,0.7041,0,1,0.22119,0.00656,0.07005,0.22143,0.00656,0.06945,0.58,0.00,0.48813,-0.04126,-0.19595,0.26243,1.50532,0.00000,0.60522,-0.04131,-0.19631,0.26185,1.50528,0.00000,-0.17000,16,0.18300,-0.04970,0.01494,0.18360,0.09820,0,0.99122,-0.00000,-0.00000,-0.13221,Left,1,324.13,200.33,293.96,184.02,266.46,154.79,247.91,131.08,231.75,111.31,286.65,103.98,277.91,72.93,258.83,68.83,244.39,76.76,308.72,105.07,296.38,75.00,289.56,113.83,294.25,131.42,332.06,112.09,321.34,88.85,312.70,124.55,315.96,139.67,356.39,124.85,346.26,103.88,334.10,128.35,332.94,142.59,-0.00000,-0.01755,-0.03270,-0.05022,-0.06552,-0.00461,-0.03965,-0.05774,-0.06394,-0.01238,-0.04866,-0.04932,-0.03765,-0.02652,-0.06377,-0.04796,-0.02546,-0.04267,-0.06485,-0.05113,-0.03409,0.01009,0.09028,0.02339,-0.01999,0.06680,0.01340,-0.03723,0.04607,0.00493,-0.05960,0.01998,-0.00226,-0.07471,-0.00501,-0.00575,-0.02557,-0.00251,0.00983,-0.03491,-0.02702,-0.00155,-0.04873,-0.03279,-0.01677,-0.06696,-0.02284,-0.04648,-0.00347,-0.00440,0.00623,-0.01414,-0.02545,-0.02432,-0.02697,-0.00082,-0.03509,-0.02458,0.01543,-0.01638,0.01757,-0.00028,-0.00482,0.00513,-0.01060,-0.03374,-0.00553,0.01212,-0.03721,-0.00280,0.02619,-0.02047,0.02963,0.01735,-0.01601,0.02524,0.00233,-0.03732,0.01245,0.01815,-0.04835,0.00977,0.03294,-0.03389,0,,,,,0.18360,0.09820,0.01994,0.97000,0.00000,0.00000,0.24311
3502.2818,1,1,19.81,0.20,33.25,0.00144,-0.09755,0.48931,0.55577,0.48674,0.7563,0,1,0.22119,0.00656,0.07005,0.22145,0.00658,0.06946,0.58,0.00,0.48674,-0.04135,-0.19579,0.26225,1.50531,-0.00000,0.44565,-0.04131,-0.19631,0.26185,1.50528,0.00000,-0.17000,16,0.18300,-0.04970,0.01494,0.18360,0.09820,0,0.99122,-0.00000,-0.00000,-0.13221,Left,1,325.72,201.65,295.23,184.69,267.28,155.21,248.54,132.09,231.68,113.32,288.26,104.44,279.57,73.65,261.19,67.26,246.45,71.90,310.22,105.58,297.93,76.25,290.74,115.33,294.68,133.77,333.46,112.78,322.62,90.93,313.76,126.81,316.64,142.24,357.55,125.65,347.05,104.45,334.72,129.26,333.43,144.07,-0.00000,-0.01710,-0.03211,-0.04984,-0.06567,-0.00306,-0.03798,-0.05693,-0.06418,-0.01162,-0.04980,-0.05195,-0.04077,-0.02656,-0.06565,-0.05101,-0.02860,-0.04341,-0.06626,-0.05269,-0.03552,0.00967,0.09073,0.02392,-0.02014,0.06710,0.01319,-0.03819,0.04699,0.00511,-0.05992,0.02105,-0.00149,-0.07600,-0.00368,-0.00517,-0.02539,-0.00262,0.00985,-0.03456,-0.02692,-0.00182,-0.04751,-0.03352,-0.01703,-0.06629,-0.02632,-0.04651,-0.00335,-0.00438,0.00643,-0.01417,-0.02527,-0.02456,-0.02792,0.00029,-0.03595,-0.02602,0.01716,-0.01660,0.01737,-0.00057,-0.00489,0.00470,-0.00947,-0.03382,-0.00656,0.01354,-0.03738,-0.00390,0.02791,-0.02107,0.02928,0.01728,-0.01594,0.02488,0.00254,-0.03700,0.01138,0.01750,-0.04725,0.00847,0.03310,-0.03328,0,,,,,0.18360,0.09820,0.01994,0.97000,0.00000,0.00000,0.24311
3502.3129,1,1,17.88,0.17,26.82,0.00291,-0.09656,0.48975,0.55555,0.49019,0.7915,0,1,0.22119,0.00656,0.07005,0.22147,0.00657,0.06949,0.58,0.00,0.49019,-0.04133,-0.19597,0.26224,1.50528,-0.00000,0.30513,-0.04131,-0.19631,0.26185,1.50528,0.00000,-0.17000,16,0.18300,-0.04970,0.01494,0.18360,0.09820,0,0.99122,-0.00000,-0.00000,-0.13221,Left,1,327.45,203.28,297.17,186.94,269.19,156.68,251.23,133.96,235.11,115.60,290.70,106.77,281.88,75.75,263.97,68.54,248.83,70.49,312.31,107.65,299.35,78.65,292.41,117.18,296.72,134.95,335.18,114.73,324.29,92.26,316.05,127.82,319.66,141.96,359.11,127.31,349.16,105.52,337.60,130.04,337.25,143.53,-0.00000,-0.01507,-0.02773,-0.04318,-0.05698,-0.00170,-0.03482,-0.05334,-0.06108,-0.01092,-0.04816,-0.05089,-0.04081,-0.02609,-0.06383,-0.04925,-0.02757,-0.04303,-0.06417,-0.04998,-0.03302,0.00948,0.09042,0.02404,-0.01964,0.06728,0.01235,-0.03824,0.04784,0.00555,-0.05950,0.02198,0.00051,-0.07540,-0.00264,-0.00187,-0.02545,-0.00213,0.00979,-0.03362,-0.02607,-0.00135,-0.04699,-0.03392,-0.01624,-0.06593,-0.02914,-0.04319,-0.00360,-0.00421,0.00694,-0.01510,-0.02483,-0.02436,-0.02895,0.00067,-0.03570,-0.02565,0.01651,-0.01552,0.01707,-0.00108,-0.00498,0.00439,-0.00986,-0.03399,-0.00638,0.01301,-0.03725,-0.00217,0.02684,-0.02131,0.02905,0.01684,-0.01590,0.02551,0.00235,-0.03651,0.01197,0.01625,-0.04647,0.01074,0.03087,-0.03226,0,,,,,0.18360,0.09820,0.01994,0.97000,0.00000,0.00000,0.24311
3502.3423,1,1,15.76,0.19,24.53,0.00458,-0.09634,0.49326,0.56379,0.49678,0.7622,0,1,0.22119,0.00656,0.07005,0.22147,0.00657,0.06949,0.58,0.00,0.49678,-0.04132,-0.19597,0.26221,1.50528,-0.00000,0.16281,-0.04131,-0.19631,0.26185,1.50528,0.00000,-0.17000,16,0.18300,-0.04970,0.01494,0.18360,0.09820,0,0.99122,0.00000,0.00000,-0.13221,Left,1,329.30,202.82,299.68,187.46,271.79,157.59,253.94,135.42,238.16,117.05,292.81,107.80,284.06,77.07,266.48,70.19,251.31,71.94,314.59,108.61,302.29,79.71,294.62,116.29,297.59,134.64,337.26,115.93,326.98,94.28,318.32,128.92,321.06,143.06,360.88,128.59,351.52,107.66,339.69,131.71,338.45,145.13,-0.00000,-0.01664,-0.02981,-0.04528,-0.05902,-0.00378,-0.03683,-0.05593,-0.06427,-0.01239,-0.05035,-0.05502,-0.04637,-0.02682,-0.06527,-0.05270,-0.03226,-0.04300,-0.06450,-0.05127,-0.03500,0.00943,0.08975,0.02614,-0.01976,0.06665,0.01347,-0.03875,0.04802,0.00605,-0.05957,0.02245,-0.00046,-0.07536,-0.00209,-0.00465,-0.02606,-0.00239,0.00968,-0.03407,-0.02631,-0.00189,-0.04722,-0.03386,-0.01657,-0.06638,-0.02907,-0.04410,-0.00360,-0.00436,0.00666,-0.01476,-0.02505,-0.02444,-0.02928,-0.00051,-0.03745,-0.02698,0.01599,-0.01838,0.01709,-0.00087,-0.00495,0.00436,-0.00919,-0.03408,-0.00656,0.01375,-0.03731,-0.00288,0.02745,-0.02183,0.02928,0.01712,-0.01536,0.02574,0.00286,-0.03643,0.01169,0.01664,-0.04594,0.00988,0.03167,-0.03157,0,,,,,0.18360,0.09820,0.01994,0.97000,-0.00000,0.00000,0.24311
3502.3736,1,1,14.41,0.16,27.73,0.00651,-0.09543,0.49498,0.56394,0.49670,0.8116,0,1,0.22119,0.00656,0.07005,0.22147,0.00657,0.06949,0.58,0.00,0.49670,-0.04131,-0.19596,0.26221,1.50528,0.00000,0.01954,-0.04131,-0.19631,0.26185,1.50528,0.00000,-0.17000,16,0.18300,-0.04970,0.01494,0.18360,0.09820,0,0.99122,-0.00000,-0.00000,-0.13221,Left,1,331.42,204.37,302.30,188.49,274.82,158.84,256.69,136.54,240.59,117.90,295.82,109.63,287.02,79.58,269.86,71.05,254.58,70.55,317.04,110.42,304.84,80.46,296.94,116.36,299.39,135.34,339.56,117.76,329.54,94.11,320.58,127.84,322.73,143.09,363.28,130.45,354.34,108.08,342.16,131.41,340.23,145.99,-0.00000,-0.01645,-0.02971,-0.04531,-0.05942,-0.00354,-0.03465,-0.05258,-0.06082,-0.01222,-0.04915,-0.05343,-0.04477,-0.02654,-0.06451,-0.05239,-0.03242,-0.04256,-0.06472,-0.05244,-0.03689,0.00863,0.08989,0.02560,-0.02012,0.06634,0.01321,-0.03873,0.04802,0.00645,-0.05947,0.02183,0.00119,-0.07545,-0.00283,-0.00176,-0.02554,-0.00223,0.01001,-0.03394,-0.02628,-0.00189,-0.04654,-0.03479,-0.01599,-0.06620,-0.03211,-0.04292,-0.00344,-0.00416,0.00658,-0.01499,-0.02606,-0.02347,-0.03006,-0.00190,-0.03698,-0.02846,0.01504,-0.02001,0.01687,-0.00100,-0.00515,0.00427,-0.01050,-0.03365,-0.00732,0.01157,-0.03794,-0.00414,0.02609,-0.02402,0.02898,0.01711,-0.01560,0.02576,0.00186,-0.03589,0.01171,0.01473,-0.04599,0.00907,0.03057,-0.03293,0,,,,,0.18360,0.09820,0.01994,0.97000,-0.00000,0.00000,0.24311
3502.4114,1,1,20.00,0.24,33.14,0.00891,-0.09514,0.49794,0.56738,0.50090,0.8510,0,1,0.22119,0.00656,0.07005,0.22147,0.00657,0.06949,0.58,0.00,0.50090,-0.04131,-0.19595,0.26221,1.50528,-0.00000,-0.17224,-0.04131,-0.19631,0.26185,1.50528,0.00000,-0.17000,16,0.18300,-0.04970,0.01494,0.18360,0.09820,0,0.99122,0.00000,0.00000,-0.13221,Left,1,332.97,204.17,304.65,189.34,277.69,159.01,259.51,136.81,243.84,118.35,299.43,110.32,290.96,80.13,274.20,71.14,259.22,69.11,320.60,111.09,308.71,81.50,300.74,116.47,303.04,135.64,342.94,118.56,333.32,94.58,323.89,127.12,326.06,142.09,366.66,131.10,357.77,108.80,345.80,131.51,344.51,145.92,-0.00000,-0.01688,-0.02978,-0.04449,-0.05784,-0.00543,-0.03658,-0.05525,-0.06427,-0.01345,-0.05099,-0.05655,-0.04901,-0.02688,-0.06512,-0.05428,-0.03525,-0.04189,-0.06392,-0.05219,-0.03710,0.00726,0.08966,0.02560,-0.02156,0.06720,0.01500,-0.03957,0.04719,0.00732,-0.06032,0.02099,0.00389,-0.07694,-0.00319,0.00131,-0.02584,-0.00259,0.00999,-0.03441,-0.02690,-0.00204,-0.04637,-0.03529,-0.01424,-0.06606,-0.03519,-0.04096,-0.00319,-0.00391,0.00626,-0.01523,-0.02608,-0.02400,-0.03013,-0.00190,-0.03614,-0.02872,0.01492,-0.01968,0.01698,-0.00096,-0.00514,0.00502,-0.01093,-0.03346,-0.00801,0.01065,-0.03866,-0.00424,0.02415,-0.02299,0.02922,0.01706,-0.01505,0.02588,0.00190,-0.03416,0.01240,0.01406,-0.04454,0.01028,0.02934,-0.03237,0,,,,,0.18360,0.09820,0.01994,0.97000,0.00000,0.00000,0.24311
3502.4384,1,1,15.83,0.16,22.53,0.01149,-0.09492,0.49862,0.56843,0.49929,0.8921,0,1,0.22119,0.00656,0.07005,0.22147,0.00657,0.06949,0.58,0.00,0.49929,-0.04131,-0.19594,0.26221,1.50528,0.00000,-0.20227,-0.04131,-0.19631,0.26185,1.50528,0.00000,-0.17000,16,0.18300,-0.04970,0.01494,0.18360,0.09820,0,0.99122,0.00000,0.00000,-0.13221,Left,1,335.54,203.69,307.62,188.93,280.57,158.85,262.55,137.09,246.53,119.29,302.09,110.37,294.37,80.91,278.20,70.99,263.14,67.88,323.76,111.17,311.83,83.08,304.11,119.24,306.57,137.27,346.48,118.44,335.99,97.19,327.11,131.55,329.78,145.82,370.22,130.72,360.33,110.47,348.19,134.04,346.87,147.45,-0.00000,-0.01598,-0.02878,-0.04376,-0.05762,-0.00540,-0.03671,-0.05493,-0.06366,-0.01383,-0.05077,-0.05475,-0.04622,-0.02767,-0.06595,-0.05344,-0.03329,-0.04304,-0.06486,-0.05201,-0.03616,0.00747,0.08867,0.02709,-0.02107,0.06651,0.01514,-0.03950,0.04661,0.00771,-0.06048,0.02093,0.00371,-0.07709,-0.00326,0.00195,-0.02624,-0.00238,0.00963,-0.03336,-0.02638,-0.00304,-0.04591,-0.03586,-0.01620,-0.06498,-0.03611,-0.04321,-0.00356,-0.00400,0.00616,-0.01560,-0.02455,-0.02496,-0.02993,0.00018,-0.03647,-0.02814,0.01598,-0.01844,0.01725,-0.00093,-0.00499,0.00371,-0.00878,-0.03468,-0.00753,0.01428,-0.03800,-0.00339,0.02763,-0.02120,0.02975,0.01697,-0.01473,0.02540,0.00311,-0.03504,0.01140,0.01649,-0.04490,0.00967,0.03123,-0.03081,0,,,,,0.18360,0.09820,0.01994,0.97000,0.00000,0.00000,0.24311
3502.4875,1,1,16.34,0.17,45.09,0.01389,-0.09373,0.49611,0.56701,0.49360,0.8679,0,1,0.22119,0.00656,0.07005,0.22147,0.00657,0.06949,0.58,0.00,0.49360,-0.04131,-0.19594,0.26221,1.50528,-0.00000,-0.16616,-0.04131,-0.19631,0.26185,1.50528,0.00000,-0.17000,16,0.18300,-0.04970,0.01494,0.18360,0.09820,0,0.99122,0.00000,0.00000,-0.13221,Left,1,336.83,205.06,309.49,190.29,283.32,159.44,265.77,137.85,250.15,120.10,305.15,111.14,297.52,82.63,281.75,72.98,267.01,69.05,327.03,111.96,315.86,83.34,306.86,118.74,308.39,138.01,349.50,119.72,339.79,97.13,329.53,130.49,331.42,145.45,372.99,132.61,363.52,111.77,350.84,135.19,349.21,149.45,-0.00000,-0.01799,-0.03071,-0.04490,-0.05792,-0.00577,-0.03628,-0.05474,-0.06411,-0.01345,-0.05125,-0.05704,-0.04962,-0.02660,-0.06573,-0.05535,-0.03644,-0.04136,-0.06502,-0.05414,-0.03944,0.00521,0.08943,0.02521,-0.02263,0.06629,0.01336,-0.04047,0.04639,0.00623,-0.06067,0.02036,0.00233,-0.07638,-0.00408,0.00039,-0.02602,-0.00246,0.00975,-0.03326,-0.02587,-0.00347,-0.04525,-0.03500,-0.01617,-0.06487,-0.03595,-0.04293,-0.00334,-0.00407,0.00637,-0.01510,-0.02574,-0.02366,-0.03026,-0.00157,-0.03648,-0.02929,0.01469,-0.01997,0.01713,-0.00103,-0.00509,0.00437,-0.01005,-0.03366,-0.00831,0.01203,-0.03816,-0.00479,0.02609,-0.02314,0.02887,0.01707,-0.01517,0.02524,0.00296,-0.03511,0.01101,0.01575,-0.04532,0.00908,0.03157,-0.03196,0,,,,,0.18360,0.09820,0.01994,0.97000,-0.00000,-0.00000,0.24311
3502.5212,1,1,18.26,0.23,29.86,0.01602,-0.09316,0.49794,0.58326,0.49977,0.8284,0,1,0.22119,0.00656,0.07005,0.22147,0.00657,0.06949,0.58,0.00,0.49977,-0.04131,-0.19594,0.26221,1.50528,-0.00000,-0.16888,-0.04131,-0.19631,0.26185,1.50528,0.00000,-0.17000,16,0.18300,-0.04970,0.01494,0.18360,0.09820,0,0.99122,0.00000,-0.00000,-0.13221,Left,1,338.78,205.03,311.90,190.93,286.82,161.40,269.95,139.44,253.73,120.98,307.45,112.87,300.34,83.79,284.88,73.57,270.70,69.36,328.99,113.73,318.08,84.58,308.87,118.72,310.37,137.83,351.07,121.25,342.52,98.64,331.97,130.24,333.46,144.97,374.35,133.72,366.78,112.80,353.72,134.16,350.92,147.92,-0.00000,-0.02000,-0.03478,-0.05081,-0.06537,-0.00849,-0.03975,-0.05850,-0.06790,-0.01538,-0.05357,-0.05960,-0.05234,-0.02783,-0.06635,-0.05604,-0.03739,-0.04222,-0.06441,-0.05343,-0.03896,0.00514,0.08983,0.02726,-0.02235,0.06609,0.01480,-0.04041,0.04670,0.00568,-0.05932,0.02062,-0.00190,-0.07545,-0.00411,-0.00590,-0.02585,-0.00303,0.00890,-0.03368,-0.02715,-0.00434,-0.04475,-0.03617,-0.01637,-0.06410,-0.03840,-0.04379,-0.00336,-0.00405,0.00599,-0.01460,-0.02645,-0.02409,-0.03055,-0.00248,-0.03732,-0.02946,0.01385,-0.02135,0.01727,-0.00095,-0.00473,0.00530,-0.01025,-0.03344,-0.00844,0.01124,-0.03849,-0.00496,0.02413,-0.02301,0.02935,0.01710,-0.01435,0.02622,0.00271,-0.03393,0.01198,0.01434,-0.04456,0.00921,0.02949,-0.03292,0,,,,,0.18360,0.09820,0.01994,0.97000,0.00000,0.00000,0.24311
3502.5487,1,1,15.14,0.16,22.66,0.01796,-0.09267,0.49760,0.57498,0.49726,0.8429,0,1,0.22119,0.00656,0.07005,0.22147,0.00657,0.06949,0.58,0.00,0.49726,-0.04131,-0.19594,0.26221,1.50528,-0.00000,-0.17002,-0.04131,-0.19631,0.26185,1.50528,0.00000,-0.17000,16,0.18300,-0.04970,0.01494,0.18360,0.09820,0,0.99122,-0.00000,-0.00000,-0.13221,Left,1,340.75,205.44,313.90,190.92,288.53,161.18,272.03,138.85,257.00,120.43,309.48,112.75,303.29,84.92,288.45,73.92,275.21,68.44,330.97,113.45,321.16,84.43,312.23,120.55,314.69,137.86,353.20,120.87,345.49,98.89,335.28,132.13,337.48,145.43,376.47,133.69,369.47,113.28,356.99,135.19,355.17,147.39,-0.00000,-0.01850,-0.03210,-0.04744,-0.06152,-0.00523,-0.03435,-0.05030,-0.05802,-0.01260,-0.04876,-0.05171,-0.04199,-0.02556,-0.06296,-0.05029,-0.02987,-0.04038,-0.06126,-0.04869,-0.03310,0.00562,0.08933,0.02708,-0.02198,0.06646,0.01403,-0.03982,0.04639,0.00512,-0.05915,0.02014,-0.00220,-0.07437,-0.00480,-0.00717,-0.02603,-0.00261,0.00871,-0.03251,-0.02660,-0.00450,-0.04384,-0.03661,-0.01737,-0.06183,-0.03950,-0.04533,-0.00335,-0.00386,0.00601,-0.01425,-0.02611,-0.02477,-0.02881,-0.00183,-0.03723,-0.02757,0.01311,-0.01946,0.01707,-0.00073,-0.00414,0.00605,-0.01009,-0.03376,-0.00637,0.01189,-0.03828,-0.00288,0.02418,-0.02194,0.02940,0.01713,-0.01372,0.02699,0.00288,-0.03333,0.01363,0.01522,-0.04373,0.01146,0.02856,-0.03080,0,,,,,0.18360,0.09820,0.01994,0.97000,0.00000,0.00000,0.24311
3502.5823,1,1,14.99,0.16,29.27,0.01972,-0.09203,0.49615,0.57399,0.49471,0.8408,0,1,0.22119,0.00656,0.07005,0.22147,0.00657,0.06949,0.58,0.00,0.49471,-0.04131,-0.19594,0.26221,1.50528,-0.00000,-0.17012,-0.04131,-0.19631,0.26185,1.50528,0.00000,-0.17000,16,0.18300,-0.04970,0.01494,0.18360,0.09820,0,0.99122,-0.00000,-0.00000,-0.13221,Left,1,342.26,206.07,315.75,191.40,291.20,162.02,275.04,139.78,259.55,121.59,311.27,113.10,305.34,85.62,291.31,73.88,278.86,67.33,333.10,113.58,324.20,85.15,314.84,121.08,316.76,138.00,355.35,120.99,348.37,99.27,337.56,132.52,339.16,146.32,378.37,134.31,371.58,114.10,358.83,135.98,356.76,148.56,-0.00000,-0.01937,-0.03346,-0.04929,-0.06388,-0.00525,-0.03348,-0.04861,-0.05603,-0.01243,-0.04822,-0.05101,-0.04125,-0.02522,-0.06265,-0.05009,-0.02975,-0.03996,-0.06140,-0.04920,-0.03378,0.00546,0.08956,0.02677,-0.02196,0.06657,0.01429,-0.03930,0.04642,0.00467,-0.05756,0.02038,-0.00339,-0.07332,-0.00470,-0.00958,-0.02581,-0.00284,0.00896,-0.03221,-0.02699,-0.00450,-0.04261,-0.03688,-0.01724,-0.05990,-0.04090,-0.04561,-0.00333,-0.00397,0.00585,-0.01307,-0.02648,-0.02423,-0.02747,-0.00251,-0.03735,-0.02656,0.01295,-0.02097,0.01699,-0.00060,-0.00426,0.00688,-0.01051,-0.03336,-0.00597,0.01099,-0.03895,-0.00281,0.02368,-0.02317,0.02927,0.01702,-0.01380,0.02708,0.00275,-0.03342,0.01401,0.01508,-0.04348,0.01163,0.02885,-0.03115,0,,,,,0.18360,0.09820,0.01994,0.97000,0.00000,0.00000,0.24311
3502.6239,1,1,19.74,0.17,26.06,0.02145,-0.09225,0.49829,0.56531,0.50043,0.9000,0,1,0.22119,0.00656,0.07005,0.22147,0.00657,0.06949,0.58,0.00,0.50043,-0.04131,-0.19594,0.26221,1.50528,-0.00000,-0.16997,-0.04131,-0.19631,0.26185,1.50528,0.00000,-0.17000,16,0.18300,-0.04970,0.01494,0.18360,0.09820,0,0.99122,0.00000,-0.00000,-0.13221,Left,1,344.33,206.24,317.06,191.31,292.97,161.07,275.94,139.72,260.50,122.32,312.64,113.12,306.90,85.95,293.55,73.95,281.43,65.73,334.65,113.30,325.90,85.75,317.09,120.46,318.40,138.16,356.97,120.87,350.24,99.56,339.55,131.78,340.55,145.68,379.77,134.44,373.18,114.74,359.65,136.65,356.21,149.96,-0.00000,-0.01799,-0.02972,-0.04288,-0.05492,-0.00437,-0.03090,-0.04595,-0.05415,-0.01140,-0.04656,-0.05057,-0.04227,-0.02365,-0.06025,-0.04945,-0.03087,-0.03764,-0.05978,-0.04931,-0.03530,0.00510,0.08887,0.02597,-0.02251,0.06665,0.01358,-0.03966,0.04565,0.00493,-0.05841,0.01984,-0.00212,-0.07457,-0.00387,-0.00601,-0.02619,-0.00292,0.00890,-0.03224,-0.02669,-0.00525,-0.04215,-0.03690,-0.01705,-0.05905,-0.04264,-0.04514,-0.00347,-0.00392,0.00599,-0.01347,-0.02597,-0.02442,-0.02666,-0.00291,-0.03719,-0.02654,0.01294,-0.02181,0.01716,-0.00058,-0.00417,0.00762,-0.01079,-0.03321,-0.00534,0.00997,-0.03881,-0.00293,0.02319,-0.02289,0.02993,0.01679,-0.01360,0.02724,0.00318,-0.03338,0.01380,0.01547,-0.04412,0.01010,0.03023,-0.03169,0,,,,,0.18360,0.09820,0.01994,0.97000,0.00000,0.00000,0.24311
3502.6525,1,1,18.09,0.18,24.12,0.02255,-0.09092,0.49264,0.57013,0.48699,0.8946,0,1,0.22119,0.00656,0.07005,0.22147,0.00657,0.06949,0.58,0.00,0.48699,-0.04131,-0.19594,0.26221,1.50528,-0.00000,-0.16999,-0.04131,-0.19631,0.26185,1.50528,0.00000,-0.17000,16,0.18300,-0.04970,0.01494,0.18360,0.09820,0,0.99122,0.00000,0.00000,-0.13221,Left,1,345.23,205.99,318.63,191.30,294.30,161.34,277.88,139.29,261.61,122.88,313.48,113.54,308.69,85.82,295.68,73.21,283.75,65.04,335.74,114.03,327.57,85.85,318.54,120.93,320.00,137.16,358.44,121.53,352.88,99.75,342.23,132.42,343.06,145.60,381.69,135.03,377.44,114.25,364.30,135.88,360.80,148.25,-0.00000,-0.01802,-0.03036,-0.04451,-0.05769,-0.00460,-0.03118,-0.04536,-0.05272,-0.01192,-0.04683,-0.04924,-0.03960,-0.02454,-0.06129,-0.04861,-0.02855,-0.03898,-0.06029,-0.04817,-0.03305,0.00584,0.08777,0.02966,-0.02212,0.06581,0.01540,-0.03943,0.04529,0.00506,-0.05739,0.01973,-0.00409,-0.07387,-0.00371,-0.00983,-0.02591,-0.00285,0.00787,-0.03151,-0.02671,-0.00556,-0.04097,-0.03752,-0.01828,-0.05749,-0.04319,-0.04634,-0.00359,-0.00380,0.00584,-0.01290,-0.02639,-0.02537,-0.02675,-0.00265,-0.03916,-0.02607,0.01168,-0.02445,0.01726,-0.00065,-0.00371,0.00816,-0.01055,-0.03341,-0.00432,0.01025,-0.03958,-0.00231,0.02316,-0.02441,0.03041,0.01680,-0.01189,0.02928,0.00277,-0.03236,0.01625,0.01427,-0.04349,0.01175,0.02807,-0.03160,0,,,,,0.18360,0.09820,0.01994,0.97000,-0.00000,0.00000,0.24311
3502.6792,1,1,16.01,0.19,23.06,0.02334,-0.09031,0.48843,0.57056,0.48421,0.9199,0,1,0.22119,0.00656,0.07005,0.22147,0.00657,0.06949,0.58,0.00,0.48421,-0.04131,-0.19594,0.26221,1.50528,-0.00000,-0.17000,-0.04131,-0.19631,0.26185,1.50528,0.00000,-0.17000,16,0.18300,-0.04970,0.01494,0.18360,0.09820,0,0.99122,0.00000,0.00000,-0.13221,Left,1,346.48,205.18,319.11,190.78,295.19,161.76,278.17,140.38,262.42,123.45,313.53,112.86,309.10,85.12,297.05,72.02,285.80,63.67,336.28,113.23,328.81,84.83,320.35,119.56,320.68,137.74,359.26,120.79,354.48,98.49,343.56,130.55,342.53,145.22,382.55,134.64,378.65,114.31,365.16,135.43,360.02,148.46,-0.00000,-0.01890,-0.03148,-0.04544,-0.05840,-0.00609,-0.03234,-0.04676,-0.05452,-0.01284,-0.04858,-0.05241,-0.04364,-0.02472,-0.06157,-0.05062,-0.03174,-0.03837,-0.06097,-0.05087,-0.03698,0.00550,0.08735,0.03097,-0.02232,0.06599,0.01543,-0.03938,0.04594,0.00522,-0.05749,0.02099,-0.00528,-0.07376,-0.00259,-0.01197,-0.02640,-0.00268,0.00733,-0.03203,-0.02708,-0.00605,-0.04061,-0.03804,-0.01864,-0.05624,-0.04416,-0.04867,-0.00371,-0.00397,0.00556,-0.01241,-0.02704,-0.02482,-0.02544,-0.00363,-0.04008,-0.02567,0.01269,-0.02601,0.01747,-0.00081,-0.00319,0.00965,-0.01176,-0.03221,-0.00342,0.00890,-0.03994,-0.00280,0.02299,-0.02649,0.03109,0.01631,-0.01089,0.03006,0.00246,-0.03103,0.01735,0.01380,-0.04275,0.01124,0.02861,-0.03257,0,,,,,0.18360,0.09820,0.01994,0.97000,-0.00000,0.00000,0.24311
3502.7124,1,1,18.35,0.16,28.89,0.02433,-0.08921,0.48163,0.56784,0.47482,0.9362,0,1,0.22119,0.00656,0.07005,0.22147,0.00657,0.06949,0.58,0.00,0.47482,-0.04131,-0.19594,0.26221,1.50528,-0.00000,-0.17000,-0.04131,-0.19631,0.26185,1.50528,0.00000,-0.17000,16,0.18300,-0.04970,0.01494,0.18360,0.09820,0,0.99122,-0.00000,0.00000,-0.13221,Left,1,347.34,205.37,321.16,190.97,296.89,161.40,279.71,140.14,263.43,124.21,315.51,112.18,311.45,84.90,299.01,71.82,288.08,63.64,338.42,113.02,331.37,85.74,322.62,122.68,323.97,139.01,361.69,120.64,356.49,100.15,345.55,133.52,345.49,146.54,384.87,134.52,380.51,114.36,367.32,136.80,363.39,149.35,-0.00000,-0.01744,-0.02958,-0.04368,-0.05686,-0.00320,-0.02842,-0.04101,-0.04732,-0.01051,-0.04427,-0.04488,-0.03381,-0.02313,-0.05889,-0.04509,-0.02438,-0.03751,-0.05838,-0.04578,-0.03032,0.00613,0.08739,0.03020,-0.02135,0.06543,0.01565,-0.03955,0.04577,0.00562,-0.05723,0.02162,-0.00397,-0.07359,-0.00217,-0.01067,-0.02593,-0.00262,0.00746,-0.03114,-0.02678,-0.00538,-0.03977,-0.03807,-0.01863,-0.05530,-0.04349,-0.04773,-0.00365,-0.00395,0.00577,-0.01203,-0.02564,-0.02573,-0.02547,-0.00076,-0.03959,-0.02403,0.01375,-0.02189,0.01745,-0.00083,-0.00370,0.00829,-0.01013,-0.03331,-0.00334,0.01153,-0.03951,-0.00207,0.02435,-0.02491,0.03021,0.01691,-0.01159,0.02959,0.00392,-0.03245,0.01613,0.01568,-0.04323,0.01148,0.02940,-0.03080,0,,,,,0.18360,0.09820,0.01994,0.97000,-0.00000,0.00000,0.24311
3502.7442,1,1,16.63,0.23,27.90,0.02524,-0.08925,0.48149,0.56540,0.48135,0.9437,0,1,0.22119,0.00656,0.07005,0.22147,0.00657,0.06949,0.58,0.00,0.48135,-0.04131,-0.19594,0.26221,1.50528,-0.00000,-0.17000,-0.04131,-0.19631,0.26185,1.50528,0.00000,-0.17000,16,0.18300,-0.04970,0.01494,0.18360,0.09820,0,0.99122,-0.00000,0.00000,-0.13221,Left,1,348.30,205.66,321.48,191.30,298.09,162.05,281.09,140.74,264.83,125.10,316.18,112.27,312.64,85.25,300.72,72.24,289.81,63.66,339.05,112.84,331.75,86.09,322.70,121.15,323.41,137.47,362.02,120.55,357.11,100.61,345.90,132.75,345.32,145.76,385.01,134.57,381.18,115.38,366.99,136.98,361.60,149.31,-0.00000,-0.01880,-0.03132,-0.04535,-0.05829,-0.00429,-0.02936,-0.04270,-0.04995,-0.01096,-0.04526,-0.04780,-0.03845,-0.02292,-0.05861,-0.04666,-0.02754,-0.03681,-0.05816,-0.04735,-0.03337,0.00569,0.08781,0.02892,-0.02187,0.06630,0.01527,-0.03958,0.04600,0.00438,-0.05665,0.02153,-0.00490,-0.07353,-0.00159,-0.01203,-0.02615,-0.00321,0.00755,-0.03121,-0.02707,-0.00574,-0.03909,-0.03771,-0.01850,-0.05500,-0.04455,-0.04846,-0.00366,-0.00403,0.00582,-0.01194,-0.02603,-0.02507,-0.02534,-0.00249,-0.03975,-0.02481,0.01239,-0.02480,0.01742,-0.00070,-0.00350,0.00962,-0.01015,-0.03305,-0.00365,0.01054,-0.03964,-0.00232,0.02295,-0.02505,0.03028,0.01682,-0.01150,0.02998,0.00401,-0.03225,0.01595,0.01545,-0.04368,0.01027,0.02965,-0.03212,0,,,,,0.18360,0.09820,0.01994,0.97000,-0.00000,0.00000,0.24311
3502.7796,1,1,20.75,0.17,30.53,0.02622,-0.08880,0.48133,0.57383,0.48118,0.9223,0,1,0.22119,0.00656,0.07005,0.22147,0.00657,0.06949,0.58,0.00,0.48118,-0.04131,-0.19594,0.26221,1.50528,-0.00000,-0.17000,-0.04131,-0.19631,0.26185,1.50528,0.00000,-0.17000,16,0.18300,-0.04970,0.01494,0.18360,0.09820,0,0.99122,0.00000,0.00000,-0.13221,Left,1,349.08,206.06,322.26,191.33,298.93,162.13,282.49,141.50,266.74,125.51,317.42,113.15,314.28,85.51,302.75,72.70,291.76,64.48,340.30,114.16,334.14,85.92,325.12,120.16,325.23,136.68,363.35,121.97,359.55,101.13,348.69,133.47,347.96,146.72,386.47,135.88,384.12,114.90,370.84,136.46,366.02,148.86,-0.00000,-0.01858,-0.03066,-0.04422,-0.05661,-0.00439,-0.02988,-0.04359,-0.05073,-0.01119,-0.04605,-0.04925,-0.04002,-0.02320,-0.05963,-0.04797,-0.02847,-0.03701,-0.05822,-0.04668,-0.03191,0.00522,0.08773,0.03067,-0.02229,0.06568,0.01538,-0.04001,0.04602,0.00493,-0.05700,0.02130,-0.00514,-0.07282,-0.00195,-0.01321,-0.02645,-0.00334,0.00696,-0.03098,-0.02774,-0.00614,-0.03873,-0.03843,-0.01961,-0.05440,-0.04410,-0.04887,-0.00384,-0.00410,0.00577,-0.01119,-0.02734,-0.02489,-0.02500,-0.00383,-0.04073,-0.02481,0.01064,-0.02588,0.01740,-0.00048,-0.00315,0.00967,-0.01028,-0.03285,-0.00267,0.01067,-0.03983,-0.00125,0.02363,-0.02593,0.03060,0.01711,-0.01065,0.03107,0.00286,-0.03095,0.01752,0.01430,-0.04227,0.01266,0.02854,-0.03136,0,,,,,0.18360,0.09820,0.01994,0.97000,-0.00000,0.00000,0.24311
3502.8060,1,1,15.08,0.23,21.42,0.02725,-0.08749,0.47891,0.57496,0.47648,0.9353,0,1,0.22119,0.00656,0.07005,0.22147,0.00657,0.06949,0.58,0.00,0.47648,-0.04131,-0.19594,0.26221,1.50528,-0.00000,-0.17000,-0.04131,-0.19631,0.26185,1.50528,0.00000,-0.17000,16,0.18300,-0.04970,0.01494,0.18360,0.09820,0,0.99122,0.00000,0.00000,-0.13221,Left,1,349.98,207.52,323.78,192.61,300.54,163.49,284.24,142.05,268.30,125.63,319.43,114.33,316.87,86.24,304.86,73.12,294.21,65.50,342.00,115.80,335.77,86.67,325.62,122.41,326.19,138.33,365.02,123.60,360.67,101.78,349.31,135.21,349.26,148.63,388.03,137.47,384.86,116.16,371.54,138.22,367.83,150.79,-0.00000,-0.01686,-0.02909,-0.04346,-0.05684,-0.00318,-0.02859,-0.04083,-0.04655,-0.01085,-0.04454,-0.04485,-0.03340,-0.02381,-0.05953,-0.04527,-0.02402,-0.03852,-0.05950,-0.04673,-0.03096,0.00465,0.08777,0.03016,-0.02226,0.06545,0.01557,-0.03982,0.04598,0.00464,-0.05677,0.02093,-0.00579,-0.07249,-0.00316,-0.01337,-0.02566,-0.00338,0.00736,-0.03034,-0.02846,-0.00515,-0.03817,-0.03955,-0.01890,-0.05340,-0.04514,-0.04890,-0.00369,-0.00422,0.00586,-0.01120,-0.02784,-0.02497,-0.02583,-0.00383,-0.03963,-0.02502,0.01113,-0.02360,0.01744,-0.00046,-0.00352,0.00899,-0.01090,-0.03313,-0.00377,0.01067,-0.03949,-0.00204,0.02424,-0.02500,0.03001,0.01752,-0.01103,0.03014,0.00351,-0.03170,0.01644,0.01490,-0.04321,0.01243,0.02905,-0.03121,0,,,,,0.18360,0.09820,0.01994,0.97000,-0.00000,0.00000,0.24311
3502.8417,1,1,19.92,0.16,32.14,0.02817,-0.08748,0.48110,0.57608,0.48330,0.9334,0,1,0.22119,0.00656,0.07005,0.22147,0.00657,0.06949,0.58,0.00,0.48330,-0.04131,-0.19594,0.26221,1.50528,-0.00000,-0.17000,-0.04131,-0.19631,0.26185,1.50528,0.00000,-0.17000,16,0.18300,-0.04970,0.01494,0.18360,0.09820,0,0.99122,-0.00000,0.00000,-0.13221,Left,1,350.46,207.55,324.51,192.85,301.44,163.13,284.87,141.93,268.87,126.34,319.95,114.29,317.94,86.15,306.29,73.17,295.79,65.35,342.60,115.58,336.83,87.00,326.88,122.67,327.56,139.16,365.47,123.54,361.44,102.01,349.91,134.88,349.71,148.02,388.40,137.55,385.64,116.97,372.03,138.55,367.81,150.68,-0.00000,-0.01726,-0.02934,-0.04341,-0.05646,-0.00346,-0.02865,-0.04104,-0.04709,-0.01097,-0.04514,-0.04632,-0.03549,-0.02374,-0.05932,-0.04595,-0.02550,-0.03829,-0.05886,-0.04665,-0.03153,0.00480,0.08815,0.03031,-0.02286,0.06651,0.01573,-0.04014,0.04615,0.00464,-0.05737,0.02093,-0.00526,-0.07329,-0.00248,-0.01335,-0.02609,-0.00387,0.00712,-0.03053,-0.02830,-0.00535,-0.03792,-0.03905,-0.01873,-0.05345,-0.04543,-0.04835,-0.00362,-0.00420,0.00571,-0.01120,-0.02717,-0.02542,-0.02503,-0.00293,-0.03993,-0.02482,0.01225,-0.02395,0.01759,-0.00031,-0.00326,0.00983,-0.01060,-0.03344,-0.00370,0.01047,-0.03989,-0.00204,0.02392,-0.02500,0.03043,0.01770,-0.01059,0.03082,0.00375,-0.03137,0.01707,0.01508,-0.04334,0.01213,0.02914,-0.03169,0,,,,,0.18360,0.09820,0.01994,0.97000,-0.00000,0.00000,0.24311
3502.8745,1,1,18.91,0.24,28.82,0.02842,-0.08668,0.47716,0.56543,0.47321,0.8928,0,1,0.22119,0.00656,0.07005,0.22147,0.00657,0.06949,0.58,0.00,0.47321,-0.04131,-0.19594,0.26221,1.50528,-0.00000,-0.17000,-0.04131,-0.19631,0.26185,1.50528,0.00000,-0.17000,16,0.18300,-0.04970,0.01494,0.18360,0.09820,0,0.99122,0.00000,-0.00000,-0.13221,Left,1,350.36,208.50,324.28,192.93,301.99,163.48,286.11,142.20,270.66,126.19,319.23,113.32,318.32,86.49,307.30,73.04,297.21,66.88,342.51,115.08,337.57,87.82,328.31,124.31,328.96,140.60,366.21,122.92,362.58,103.10,351.40,136.46,350.70,149.46,389.59,137.25,387.08,116.61,373.91,138.83,369.64,151.16,-0.00000,-0.01610,-0.02773,-0.04156,-0.05431,-0.00143,-0.02690,-0.03878,-0.04378,-0.00888,-0.04193,-0.04085,-0.02818,-0.02181,-0.05667,-0.04150,-0.01968,-0.03648,-0.05689,-0.04376,-0.02772,0.00463,0.08820,0.02961,-0.02263,0.06598,0.01477,-0.03878,0.04599,0.00397,-0.05510,0.02078,-0.00664,-0.07013,-0.00308,-0.01609,-0.02637,-0.00339,0.00699,-0.02984,-0.02758,-0.00555,-0.03606,-0.03871,-0.01993,-0.05097,-0.04306,-0.05135,-0.00392,-0.00402,0.00579,-0.01035,-0.02688,-0.02485,-0.02362,-0.00207,-0.03891,-0.02280,0.01261,-0.02205,0.01778,-0.00046,-0.00313,0.01059,-0.01013,-0.03262,-0.00203,0.01111,-0.03920,-0.00050,0.02454,-0.02536,0.03096,0.01737,-0.01057,0.03149,0.00319,-0.03118,0.01843,0.01528,-0.04289,0.01384,0.02943,-0.03156,0,,,,,0.18360,0.09820,0.01994,0.97000,-0.00000,-0.00000,0.24311
3502.9160,1,1,14.27,0.21,37.85,0.02908,-0.08606,0.47554,0.56955,0.47392,0.9087,0,1,0.22119,0.00656,0.07005,0.22147,0.00657,0.06949,0.58,0.00,0.47392,-0.04131,-0.19594,0.26221,1.50528,-0.00000,-0.17000,-0.04131,-0.19631,0.26185,1.50528,0.00000,-0.17000,16,0.18300,-0.04970,0.01494,0.18360,0.09820,0,0.99122,0.00000,0.00000,-0.13221,Left,1,351.89,208.88,325.42,192.86,303.29,164.18,287.47,142.90,272.01,126.20,321.00,114.03,320.35,86.68,309.22,73.50,298.57,67.25,343.87,115.65,338.48,88.31,329.45,124.16,330.31,140.22,367.09,123.66,363.83,103.12,352.80,135.59,352.25,148.32,390.02,138.16,388.61,117.21,375.19,138.47,370.44,150.45,-0.00000,-0.01878,-0.03236,-0.04793,-0.06215,-0.00315,-0.02997,-0.04368,-0.05007,-0.01002,-0.04410,-0.04497,-0.03399,-0.02262,-0.05761,-0.04331,-0.02242,-0.03738,-0.05743,-0.04469,-0.02921,0.00482,0.08823,0.03109,-0.02270,0.06570,0.01491,-0.03874,0.04616,0.00375,-0.05548,0.02095,-0.00742,-0.07109,-0.00321,-0.01640,-0.02603,-0.00391,0.00650,-0.02924,-0.02784,-0.00648,-0.03578,-0.03854,-0.02046,-0.05157,-0.04338,-0.05150,-0.00371,-0.00409,0.00558,-0.01037,-0.02669,-0.02558,-0.02364,-0.00195,-0.04053,-0.02301,0.01250,-0.02382,0.01736,-0.00046,-0.00279,0.01072,-0.01031,-0.03293,-0.00212,0.01058,-0.04014,-0.00068,0.02344,-0.02638,0.03039,0.01752,-0.00980,0.03137,0.00320,-0.03039,0.01828,0.01441,-0.04281,0.01345,0.02853,-0.03240,0,,,,,0.18360,0.09820,0.01994,0.97000,-0.00000,0.00000,0.24311
3502.9494,1,1,15.02,0.17,29.73,0.02970,-0.08598,0.47650,0.57063,0.47747,0.9086,0,1,0.22119,0.00656,0.07005,0.22147,0.00657,0.06949,0.58,0.00,0.47747,-0.04131,-0.19594,0.26221,1.50528,-0.00000,-0.17000,-0.04131,-0.19631,0.26185,1.50528,0.00000,-0.17000,16,0.18300,-0.04970,0.01494,0.18360,0.09820,0,0.99122,0.00000,0.00000,-0.13221,Left,1,351.77,208.85,326.13,194.02,303.79,164.21,288.88,142.29,273.11,126.10,321.71,114.50,320.57,87.20,309.77,73.93,299.42,66.77,344.60,115.92,339.46,88.09,329.98,123.40,330.18,139.65,367.52,123.93,364.51,103.10,353.16,135.38,352.27,148.08,390.44,138.26,388.97,117.15,375.59,138.76,370.52,151.02,-0.00000,-0.01855,-0.03139,-0.04591,-0.05924,-0.00453,-0.03032,-0.04315,-0.04928,-0.01157,-0.04628,-0.04780,-0.03718,-0.02399,-0.06042,-0.04737,-0.02699,-0.03826,-0.05959,-0.04741,-0.03212,0.00388,0.08838,0.03016,-0.02336,0.06626,0.01499,-0.03915,0.04612,0.00360,-0.05508,0.02071,-0.00760,-0.07071,-0.00309,-0.01605,-0.02603,-0.00364,0.00683,-0.02946,-0.02752,-0.00626,-0.03618,-0.03824,-0.01991,-0.05161,-0.04366,-0.05111,-0.00372,-0.00405,0.00552,-0.01037,-0.02658,-0.02510,-0.02409,-0.00266,-0.03966,-0.02418,0.01189,-0.02400,0.01752,-0.00046,-0.00308,0.01070,-0.01036,-0.03281,-0.00249,0.01042,-0.03971,-0.00163,0.02321,-0.02589,0.03042,0.01747,-0.01028,0.03137,0.00328,-0.03065,0.01820,0.01458,-0.04250,0.01294,0.02876,-0.03151,0,,,,,0.18360,0.09820,0.01994,0.97000,-0.00000,0.00000,0.24311
3502.9848,1,1,17.12,0.22,31.10,0.03018,-0.08590,0.47648,0.57330,0.47646,0.9094,0,1,0.22119,0.00656,0.07005,0.22147,0.00657,0.06949,0.58,0.00,0.47646,-0.04131,-0.19594,0.26221,1.50528,-0.00000,-0.17000,-0.04131,-0.19631,0.26185,1.50528,0.00000,-0.17000,16,0.18300,-0.04970,0.01494,0.18360,0.09820,0,0.99122,0.00000,0.00000,-0.13221,Left,1,353.12,208.56,326.87,193.89,304.70,164.87,289.65,143.13,274.23,126.43,321.57,114.63,321.34,87.24,311.51,73.86,301.49,67.35,344.68,115.96,340.13,88.88,331.43,123.76,331.13,140.50,367.90,123.79,365.44,103.01,354.36,134.54,352.56,147.94,391.03,137.88,389.70,117.27,376.22,138.47,370.11,151.29,-0.00000,-0.01928,-0.03292,-0.04807,-0.06194,-0.00577,-0.03181,-0.04507,-0.05135,-0.01212,-0.04622,-0.04788,-0.03771,-0.02385,-0.05955,-0.04715,-0.02762,-0.03747,-0.05907,-0.04781,-0.03320,0.00476,0.08823,0.03114,-0.02298,0.06619,0.01536,-0.03913,0.04648,0.00302,-0.05458,0.02102,-0.00920,-0.07073,-0.00298,-0.01833,-0.02633,-0.00372,0.00606,-0.02958,-0.02785,-0.00697,-0.03495,-0.03842,-0.02060,-0.05019,-0.04385,-0.05278,-0.00370,-0.00402,0.00531,-0.01006,-0.02644,-0.02547,-0.02287,-0.00240,-0.03954,-0.02344,0.01290,-0.02437,0.01755,-0.00063,-0.00268,0.01162,-0.01027,-0.03234,-0.00202,0.00972,-0.03985,-0.00140,0.02297,-0.02638,0.03105,0.01713,-0.00935,0.03219,0.00325,-0.03033,0.01894,0.01438,-0.04271,0.01266,0.02941,-0.03241,0,,,,,0.18360,0.09820,0.01994,0.97000,-0.00000,-0.00000,0.24311
3503.0167,1,1,17.75,0.21,27.61,0.03119,-0.08591,0.47676,0.57232,0.47704,0.9523,0,1,0.22119,0.00656,0.07005,0.22147,0.00657,0.06949,0.58,0.00,0.47704,-0.04131,-0.19594,0.26221,1.50528,-0.00000,-0.17000,-0.04131,-0.19631,0.26185,1.50528,0.00000,-0.17000,16,0.18300,-0.04970,0.01494,0.18360,0.09820,0,0.99122,-0.00000,0.00000,-0.13221,Left,1,354.49,208.32,328.65,193.47,305.88,164.48,290.39,142.89,274.79,126.59,323.92,114.90,322.66,87.44,312.67,73.96,303.36,66.35,346.55,116.09,341.13,88.80,332.48,124.19,332.72,140.85,369.53,123.76,366.28,102.89,355.41,135.26,354.01,149.04,392.56,137.81,390.71,116.85,377.01,138.61,370.90,151.81,-0.00000,-0.01721,-0.02956,-0.04386,-0.05713,-0.00372,-0.02775,-0.03948,-0.04524,-0.01088,-0.04374,-0.04454,-0.03398,-0.02312,-0.05832,-0.04528,-0.02536,-0.03704,-0.05836,-0.04664,-0.03181,0.00491,0.08764,0.03153,-0.02268,0.06593,0.01599,-0.03915,0.04587,0.00425,-0.05565,0.02114,-0.00748,-0.07186,-0.00254,-0.01652,-0.02594,-0.00333,0.00653,-0.02948,-0.02722,-0.00660,-0.03552,-0.03854,-0.02029,-0.04970,-0.04449,-0.05209,-0.00376,-0.00390,0.00537,-0.01088,-0.02609,-0.02533,-0.02328,-0.00179,-0.03954,-0.02375,0.01319,-0.02408,0.01742,-0.00070,-0.00282,0.01086,-0.01043,-0.03275,-0.00199,0.01014,-0.03996,-0.00183,0.02387,-0.02593,0.03067,0.01708,-0.00951,0.03136,0.00320,-0.03038,0.01824,0.01462,-0.04309,0.01186,0.02946,-0.03205,0,,,,,0.18360,0.09820,0.01994,0.97000,0.00000,-0.00000,0.24311
3503.0481,1,1,17.10,0.17,27.19,0.03251,-0.08615,0.47623,0.56471,0.47571,1.0130,0,1,0.22119,0.00656,0.07005,0.22147,0.00657,0.06949,0.58,0.00,0.47571,-0.04131,-0.19594,0.26221,1.50528,-0.00000,-0.17000,-0.04131,-0.19631,0.26185,1.50528,0.00000,-0.17000,16,0.18300,-0.04970,0.01494,0.18360,0.09820,0,0.99122,-0.00000,0.00000,-0.13221,Left,0,355.57,207.69,330.13,192.49,307.28,163.08,291.45,141.73,276.56,126.54,326.22,113.76,325.47,87.28,315.29,74.34,306.10,66.39,348.98,114.84,343.82,88.97,334.61,124.09,335.45,139.19,371.82,122.90,369.38,102.94,358.12,134.75,357.36,146.68,394.46,137.48,394.04,116.78,380.04,138.29,374.22,150.44,-0.00000,-0.01628,-0.02708,-0.03969,-0.05118,-0.00283,-0.02724,-0.03950,-0.04570,-0.00990,-0.04216,-0.04234,-0.03177,-0.02216,-0.05697,-0.04360,-0.02381,-0.03603,-0.05683,-0.04487,-0.03019,0.00443,0.08699,0.03165,-0.02329,0.06505,0.01595,-0.03975,0.04493,0.00625,-0.05645,0.02082,-0.00458,-0.07271,-0.00131,-0.01138,-0.02561,-0.00314,0.00659,-0.02833,-0.02628,-0.00640,-0.03479,-0.03774,-0.02056,-0.04915,-0.04367,-0.05133,-0.00372,-0.00378,0.00542,-0.01087,-0.02521,-0.02545,-0.02324,-0.00121,-0.03902,-0.02293,0.01168,-0.02237,0.01739,-0.00059,-0.00310,0.01099,-0.00964,-0.03241,-0.00131,0.01032,-0.03914,-0.00096,0.02257,-0.02490,0.03073,0.01707,-0.00962,0.03169,0.00372,-0.02965,0.01845,0.01429,-0.04171,0.01196,0.02791,-0.03095,0,,,,,0.18360,0.09820,0.01994,0.97000,0.00000,-0.00000,0.24311
3503.0861,1,1,23.41,0.17,32.33,0.03412,-0.08663,0.47954,0.56881,0.48285,0.9884,0,1,0.22119,0.00656,0.07005,0.22147,0.00657,0.06949,0.58,0.00,0.48285,-0.04131,-0.19594,0.26221,1.50528,-0.00000,-0.17000,-0.04131,-0.19631,0.26185,1.50528,0.00000,-0.17000,16,0.18300,-0.04970,0.01494,0.18360,0.09820,0,0.99122,-0.00000,-0.00000,-0.13221,Left,1,357.57,208.54,331.74,192.56,310.10,164.67,294.35,143.17,279.33,127.34,327.69,114.57,326.83,88.94,317.56,74.49,309.35,66.54,350.48,115.52,346.70,88.87,337.53,123.71,337.75,139.33,373.41,123.28,372.57,102.64,360.93,134.12,358.76,146.60,395.92,138.18,396.51,116.67,383.22,137.60,377.40,149.75,-0.00000,-0.01761,-0.02990,-0.04403,-0.05713,-0.00245,-0.02682,-0.03869,-0.04422,-0.00902,-0.04061,-0.03967,-0.02763,-0.02100,-0.05540,-0.04163,-0.02104,-0.03472,-0.05511,-0.04274,-0.02742,0.00482,0.08776,0.03167,-0.02320,0.06560,0.01455,-0.03868,0.04576,0.00509,-0.05574,0.02098,-0.00650,-0.07194,-0.00210,-0.01406,-0.02625,-0.00281,0.00598,-0.02936,-0.02676,-0.00611,-0.03518,-0.03889,-0.02013,-0.04805,-0.04523,-0.05193,-0.00389,-0.00380,0.00505,-0.00993,-0.02710,-0.02440,-0.02193,-0.00300,-0.03941,-0.02217,0.01050,-0.02392,0.01760,-0.00060,-0.00221,0.01221,-0.01085,-0.03153,-0.00016,0.00889,-0.04083,-0.00075,0.02173,-0.02818,0.03167,0.01683,-0.00870,0.03269,0.00273,-0.02812,0.02032,0.01324,-0.04107,0.01448,0.02677,-0.03283,0,,,,,0.18360,0.09820,0.01994,0.97000,0.00000,-0.00000,0.24311
3503.1122,1,1,15.31,0.16,21.37,0.03589,-0.08633,0.47913,0.58237,0.47871,0.9819,0,1,0.22119,0.00656,0.07005,0.22147,0.00657,0.06949,0.58,0.00,0.47871,-0.04131,-0.19594,0.26221,1.50528,-0.00000,-0.17000,-0.04131,-0.19631,0.26185,1.50528,0.00000,-0.17000,16,0.18300,-0.04970,0.01494,0.18360,0.09820,0,0.99122,-0.00000,0.00000,-0.13221,Left,1,359.84,207.38,335.03,192.16,313.41,164.84,298.13,143.47,282.93,127.44,330.38,114.91,329.74,89.64,320.71,75.56,312.86,67.58,353.25,116.38,350.83,89.28,341.63,123.25,340.87,138.74,376.07,124.28,376.09,103.33,364.33,134.49,361.57,147.40,398.53,138.96,399.22,117.60,385.98,138.79,379.85,151.40,-0.00000,-0.02064,-0.03506,-0.05079,-0.06547,-0.00647,-0.03205,-0.04509,-0.05143,-0.01226,-0.04594,-0.04690,-0.03599,-0.02345,-0.05928,-0.04632,-0.02607,-0.03660,-0.05780,-0.04557,-0.03013,0.00420,0.08726,0.03364,-0.02393,0.06505,0.01574,-0.03944,0.04501,0.00433,-0.05577,0.02139,-0.00929,-0.07243,-0.00196,-0.01731,-0.02628,-0.00277,0.00525,-0.02960,-0.02655,-0.00716,-0.03570,-0.03860,-0.02123,-0.04804,-0.04476,-0.05377,-0.00380,-0.00380,0.00477,-0.00911,-0.02636,-0.02541,-0.02106,-0.00266,-0.04054,-0.02285,0.01071,-0.02540,0.01809,-0.00059,-0.00188,0.01279,-0.01052,-0.03176,0.00033,0.00929,-0.04126,-0.00149,0.02232,-0.02819,0.03153,0.01696,-0.00756,0.03333,0.00310,-0.02799,0.02116,0.01425,-0.04149,0.01411,0.02777,-0.03284,0,,,,,0.18360,0.09820,0.01994,0.97000,0.00000,-0.00000,0.24311
3503.1417,1,1,15.32,0.18,25.35,0.03860,-0.08664,0.48069,0.57358,0.48225,1.0164,0,1,0.22119,0.00656,0.07005,0.22147,0.00657,0.06949,0.58,0.00,0.48225,-0.04131,-0.19594,0.26221,1.50528,-0.00000,-0.17000,-0.04131,-0.19631,0.26185,1.50528,0.00000,-0.17000,16,0.18300,-0.04970,0.01494,0.18360,0.09820,0,0.99122,0.00000,-0.00000,-0.13221,Left,0,362.44,206.79,338.59,192.86,316.48,164.61,300.65,143.82,285.82,128.50,334.43,114.92,334.11,90.06,325.51,76.43,317.44,68.06,357.38,116.20,354.42,90.46,344.96,124.65,344.00,140.09,380.26,124.07,380.42,104.29,368.29,135.60,365.27,148.17,402.84,138.40,404.04,118.66,390.97,139.61,385.00,151.07,-0.00000,-0.01944,-0.03190,-0.04552,-0.05812,-0.00551,-0.03003,-0.04288,-0.04948,-0.01136,-0.04463,-0.04611,-0.03590,-0.02236,-0.05781,-0.04571,-0.02627,-0.03514,-0.05610,-0.04453,-0.02974,0.00355,0.08547,0.03296,-0.02416,0.06496,0.01606,-0.03983,0.04474,0.00576,-0.05720,0.02111,-0.00676,-0.07393,-0.00055,-0.01479,-0.02688,-0.00250,0.00577,-0.02925,-0.02575,-0.00715,-0.03543,-0.03822,-0.02013,-0.04776,-0.04512,-0.05246,-0.00385,-0.00384,0.00494,-0.01044,-0.02504,-0.02587,-0.02213,-0.00135,-0.04046,-0.02428,0.01213,-0.02589,0.01737,-0.00066,-0.00212,0.01271,-0.00922,-0.03274,-0.00023,0.01085,-0.04220,-0.00130,0.02390,-0.02832,0.03141,0.01692,-0.00784,0.03345,0.00387,-0.02796,0.02129,0.01533,-0.04136,0.01535,0.02793,-0.03220,0,,,,,0.18360,0.09820,0.01994,0.97000,0.00000,-0.00000,0.24311
3503.1784,1,1,19.46,0.60,33.14,0.04174,-0.08672,0.48544,0.57749,0.49018,1.0104,0,1,0.21882,0.00343,0.07014,0.21733,0.00274,0.06903,0.40,0.01,0.49018,-0.02085,-0.22475,0.29478,1.50705,-0.00000,-0.17000,-0.02588,-0.21864,0.28250,1.50709,0.00000,-0.17000,16,0.18300,-0.04970,0.01494,0.18360,0.09820,0,0.99122,0.00000,-0.00000,-0.13221,Left,0,365.69,208.45,341.74,194.42,319.75,165.61,303.76,144.86,289.12,130.46,337.91,116.41,338.67,91.78,330.12,78.48,321.93,69.61,360.82,118.16,359.47,92.25,349.55,126.77,348.24,141.81,383.60,126.01,384.80,106.24,371.96,138.13,368.39,151.26,405.68,140.16,407.00,121.09,393.49,142.40,387.29,154.24,-0.00000,-0.01969,-0.03192,-0.04531,-0.05772,-0.00450,-0.02816,-0.04035,-0.04667,-0.00994,-0.04212,-0.04334,-0.03311,-0.02047,-0.05524,-0.04321,-0.02387,-0.03283,-0.05386,-0.04261,-0.02799,0.00235,0.08626,0.03128,-0.02525,0.06470,0.01434,-0.04077,0.04476,0.00401,-0.05793,0.02065,-0.00753,-0.07425,-0.00100,-0.01520,-0.02688,-0.00306,0.00606,-0.02829,-0.02639,-0.00673,-0.03435,-0.03889,-0.02039,-0.04690,-0.04579,-0.05214,-0.00396,-0.00401,0.00510,-0.00871,-0.02595,-0.02562,-0.02081,-0.00178,-0.04165,-0.02275,0.01250,-0.02695,0.01771,-0.00031,-0.00218,0.01304,-0.00979,-0.03265,0.00019,0.01116,-0.04158,-0.00105,0.02493,-0.02822,0.03153,0.01720,-0.00850,0.03332,0.00443,-0.02906,0.02052,0.01618,-0.04247,0.01449,0.03027,-0.03243,0,,,,,0.18360,0.09820,0.01994,0.97000,-0.00000,0.00000,0.24311
3503.2069,1,1,15.16,0.23,24.87,0.04487,-0.08577,0.48791,0.58587,0.49038,1.0521,0,0,0.21882,0.00343,0.07014,0.21924,0.00365,0.06999,0.40,0.01,0.49038,-0.02567,-0.21767,0.28101,1.50700,-0.00000,-0.12828,-0.02588,-0.21864,0.28250,1.50709,0.00000,1.00000,16,0.18300,-0.04970,0.01494,0.18360,0.09820,0,0.99122,0.00000,-0.00000,-0.13221,Left,1,367.89,209.83,344.48,195.37,323.08,165.71,307.99,145.84,293.01,132.69,342.02,118.52,342.21,94.01,334.44,80.18,327.39,70.59,364.73,120.73,364.32,93.80,354.20,127.28,352.18,142.86,387.31,128.87,389.01,108.49,376.59,139.94,373.27,153.21,409.28,142.77,410.65,123.07,397.85,144.19,392.55,156.18,-0.00000,-0.01898,-0.03017,-0.04227,-0.05361,-0.00547,-0.02831,-0.04019,-0.04652,-0.01112,-0.04445,-0.04679,-0.03697,-0.02145,-0.05736,-0.04635,-0.02728,-0.03331,-0.05503,-0.04410,-0.02955,0.00025,0.08629,0.03193,-0.02657,0.06442,0.01405,-0.04169,0.04348,0.00382,-0.05806,0.01948,-0.00745,-0.07529,-0.00060,-0.01440,-0.02701,-0.00355,0.00534,-0.02844,-0.02659,-0.00779,-0.03431,-0.03935,-0.02091,-0.04547,-0.04708,-0.05152,-0.00371,-0.00388,0.00482,-0.00808,-0.02622,-0.02600,-0.02030,-0.00294,-0.04203,-0.02364,0.01147,-0.02811,0.01765,-0.00024,-0.00152,0.01335,-0.00943,-0.03217,0.00055,0.01064,-0.04181,-0.00066,0.02464,-0.02800,0.03132,0.01734,-0.00737,0.03358,0.00415,-0.02762,0.02122,0.01571,-0.04107,0.01622,0.03020,-0.03122,0,,,,,0.18360,0.09820,0.01994,0.97000,-0.00000,0.00000,0.24311
3503.2422,1,1,20.13,0.18,30.66,0.04831,-0.08517,0.49293,0.58526,0.49795,1.0346,0,0,0.21882,0.00343,0.07014,0.21896,0.00374,0.06976,0.40,0.01,0.49795,-0.02622,-0.21768,0.28256,1.50715,-0.00000,-0.02197,-0.02588,-0.21864,0.28250,1.50709,0.00000,1.00000,16,0.18300,-0.04970,0.01494,0.18360,0.09820,0,0.99122,0.00000,-0.00000,-0.13221,Left,1,371.22,212.07,347.93,197.40,327.33,169.14,312.01,148.99,296.91,135.54,345.41,119.78,345.93,95.80,338.90,81.31,331.88,73.41,368.05,122.38,368.66,97.20,359.02,130.84,355.94,144.77,390.87,130.46,394.03,111.60,382.22,141.73,377.35,153.36,412.48,144.60,416.32,125.60,403.96,145.29,396.99,155.65,-0.00000,-0.02021,-0.03391,-0.04881,-0.06269,-0.00619,-0.03029,-0.04264,-0.04866,-0.01137,-0.04310,-0.04367,-0.03301,-0.02164,-0.05523,-0.04248,-0.02302,-0.03385,-0.05314,-0.04083,-0.02576,0.00040,0.08615,0.03358,-0.02639,0.06459,0.01341,-0.04123,0.04428,0.00158,-0.05756,0.02089,-0.01251,-0.07505,-0.00009,-0.02078,-0.02741,-0.00346,0.00439,-0.02816,-0.02727,-0.00855,-0.03451,-0.04070,-0.02367,-0.04486,-0.04659,-0.05745,-0.00423,-0.00400,0.00473,-0.00720,-0.02622,-0.02648,-0.01908,-0.00203,-0.04299,-0.02264,0.01171,-0.02864,0.01822,-0.00028,-0.00072,0.01465,-0.00942,-0.03228,0.00267,0.01042,-0.04313,0.00030,0.02328,-0.03191,0.03243,0.01740,-0.00621,0.03525,0.00419,-0.02637,0.02371,0.01482,-0.04051,0.01720,0.02840,-0.03327,0,,,,,0.18360,0.09820,0.01994,0.97000,-0.00000,0.00000,0.24311
3503.2732,1,1,19.02,0.20,27.58,0.05199,-0.08371,0.49574,0.58970,0.49855,1.0477,0,0,0.21882,0.00343,0.07014,0.21894,0.00367,0.06980,0.40,0.01,0.49855,-0.02581,-0.21834,0.28296,1.50709,-0.00000,0.09509,-0.02588,-0.21864,0.28250,1.50709,0.00000,1.00000,16,0.18300,-0.04970,0.01494,0.18360,0.09820,0,0.99122,0.00000,-0.00000,-0.13221,Left,1,375.03,214.46,352.31,199.30,331.77,171.73,316.86,151.97,301.94,138.86,349.87,122.50,350.20,99.45,343.66,84.96,337.86,75.25,372.55,125.04,374.23,99.11,363.77,132.68,360.72,146.39,395.19,133.24,398.40,113.71,385.96,144.39,381.46,156.59,416.84,147.56,420.32,128.03,407.78,147.97,401.42,158.70,-0.00000,-0.02225,-0.03697,-0.05267,-0.06738,-0.00639,-0.02895,-0.04013,-0.04584,-0.01080,-0.04183,-0.04186,-0.03064,-0.02043,-0.05390,-0.04113,-0.02133,-0.03219,-0.05139,-0.03914,-0.02399,-0.00082,0.08635,0.03428,-0.02699,0.06396,0.01369,-0.04159,0.04392,0.00139,-0.05791,0.02098,-0.01313,-0.07448,0.00057,-0.02164,-0.02730,-0.00374,0.00409,-0.02819,-0.02659,-0.00915,-0.03411,-0.04025,-0.02395,-0.04342,-0.04738,-0.05737,-0.00414,-0.00401,0.00459,-0.00609,-0.02699,-0.02643,-0.01838,-0.00271,-0.04272,-0.02244,0.01101,-0.02846,0.01819,-0.00005,-0.00055,0.01471,-0.00965,-0.03223,0.00262,0.01027,-0.04266,0.00007,0.02354,-0.03043,0.03257,0.01751,-0.00594,0.03559,0.00419,-0.02643,0.02365,0.01478,-0.04014,0.01805,0.02834,-0.03284,0,,,,,0.18360,0.09820,0.01994,0.97000,-0.00000,0.00000,0.24311
3503.3033,1,1,16.16,0.23,26.60,0.05533,-0.08207,0.49880,0.59604,0.50186,1.0650,0,0,0.21882,0.00343,0.07014,0.21895,0.00369,0.06981,0.40,0.01,0.50186,-0.02594,-0.21827,0.28286,1.50708,0.00000,0.22463,-0.02588,-0.21864,0.28250,1.50709,0.00000,1.00000,16,0.18300,-0.04970,0.01494,0.18360,0.09820,0,0.99122,0.00000,-0.00000,-0.13221,Left,1,376.81,216.40,354.76,201.53,334.74,173.04,320.44,153.84,305.77,141.95,353.43,124.58,355.27,101.02,349.00,86.92,343.14,78.43,375.97,127.80,377.39,103.33,366.87,136.46,364.36,149.00,398.24,136.37,401.86,117.64,389.38,147.19,385.18,157.60,419.49,150.76,423.78,131.55,411.33,150.95,405.00,160.63,-0.00000,-0.01926,-0.03176,-0.04550,-0.05833,-0.00458,-0.02712,-0.03797,-0.04313,-0.00964,-0.03980,-0.03916,-0.02789,-0.01977,-0.05209,-0.03901,-0.01957,-0.03177,-0.05012,-0.03772,-0.02282,-0.00111,0.08579,0.03602,-0.02712,0.06340,0.01563,-0.04183,0.04316,0.00318,-0.05782,0.02002,-0.01157,-0.07412,0.00033,-0.02082,-0.02740,-0.00415,0.00395,-0.02689,-0.02752,-0.00916,-0.03214,-0.04117,-0.02445,-0.04189,-0.04731,-0.05806,-0.00407,-0.00405,0.00444,-0.00654,-0.02615,-0.02715,-0.01879,-0.00198,-0.04241,-0.02231,0.01041,-0.02730,0.01813,0.00041,-0.00068,0.01475,-0.00900,-0.03203,0.00263,0.00985,-0.04204,0.00042,0.02207,-0.03037,0.03228,0.01808,-0.00522,0.03563,0.00452,-0.02516,0.02375,0.01497,-0.03869,0.01790,0.02750,-0.03148,0,,,,,0.18360,0.09820,0.01994,0.97000,-0.00000,0.00000,0.24311
3503.3520,1,1,17.74,0.18,43.87,0.05801,-0.08078,0.49946,0.59632,0.50013,1.0002,0,0,0.21882,0.00343,0.07014,0.21895,0.00369,0.06981,0.40,0.01,0.50013,-0.02589,-0.21831,0.28285,1.50709,0.00000,0.45399,-0.02588,-0.21864,0.28250,1.50709,0.00000,1.00000,16,0.18300,-0.04970,0.01494,0.18360,0.09820,0,0.99122,0.00000,0.00000,-0.13221,Left,1,379.10,217.39,357.60,203.15,338.11,176.25,324.06,157.47,311.25,145.10,355.41,124.81,356.63,101.57,351.44,88.61,346.88,82.79,378.43,128.35,381.22,104.21,371.08,137.06,367.69,150.23,401.08,137.04,405.33,119.59,392.70,148.41,387.44,159.10,422.30,151.91,427.08,133.65,414.36,152.42,407.01,161.94,-0.00000,-0.02079,-0.03466,-0.04955,-0.06316,-0.00588,-0.02963,-0.04145,-0.04672,-0.01035,-0.04199,-0.04257,-0.03168,-0.02006,-0.05245,-0.04014,-0.02110,-0.03188,-0.05002,-0.03821,-0.02359,-0.00103,0.08533,0.03836,-0.02756,0.06360,0.01744,-0.04085,0.04385,0.00303,-0.05621,0.02214,-0.01568,-0.07080,0.00254,-0.02756,-0.02752,-0.00430,0.00375,-0.02811,-0.02757,-0.00938,-0.03276,-0.04081,-0.02519,-0.04094,-0.04496,-0.06065,-0.00424,-0.00416,0.00430,-0.00564,-0.02599,-0.02761,-0.01704,-0.00214,-0.04313,-0.02121,0.01110,-0.02868,0.01842,0.00058,-0.00052,0.01597,-0.00867,-0.03233,0.00390,0.01020,-0.04247,0.00032,0.02239,-0.03181,0.03282,0.01870,-0.00468,0.03639,0.00506,-0.02479,0.02483,0.01566,-0.03911,0.01757,0.02794,-0.03322,0,,,,,0.18360,0.09820,0.01994,0.97000,0.00000,0.00000,0.24311
3503.3815,1,1,15.32,0.24,25.09,0.06142,-0.07985,0.50551,0.61037,0.51155,1.0195,0,0,0.21882,0.00343,0.07014,0.21895,0.00368,0.06981,0.40,0.01,0.51155,-0.02589,-0.21830,0.28286,1.50709,0.00000,0.59542,-0.02588,-0.21864,0.28250,1.50709,0.00000,1.00000,16,0.18300,-0.04970,0.01494,0.18360,0.09820,0,0.99122,0.00000,-0.00000,-0.13221,Left,1,382.75,219.06,360.60,204.08,341.00,178.31,327.06,159.65,314.75,147.51,358.71,128.23,359.85,105.33,355.70,92.45,352.28,84.65,381.23,131.34,384.21,106.68,374.42,139.54,370.99,151.79,403.66,139.77,408.18,122.03,396.35,151.06,391.30,161.32,424.86,154.03,430.22,135.57,418.08,154.11,410.77,163.23,-0.00000,-0.02234,-0.03723,-0.05302,-0.06747,-0.00748,-0.03036,-0.04148,-0.04685,-0.01133,-0.04269,-0.04318,-0.03234,-0.02043,-0.05335,-0.04174,-0.02304,-0.03170,-0.05063,-0.03968,-0.02565,-0.00125,0.08553,0.03944,-0.02742,0.06403,0.01626,-0.04150,0.04435,0.00171,-0.05713,0.02234,-0.01645,-0.07213,0.00231,-0.02749,-0.02768,-0.00460,0.00262,-0.02796,-0.02720,-0.01062,-0.03207,-0.04060,-0.02584,-0.03898,-0.04582,-0.05986,-0.00447,-0.00441,0.00429,-0.00521,-0.02711,-0.02785,-0.01683,-0.00247,-0.04436,-0.02084,0.01023,-0.02835,0.01848,0.00040,0.00031,0.01637,-0.00954,-0.03227,0.00472,0.01035,-0.04311,0.00142,0.02248,-0.03082,0.03346,0.01829,-0.00313,0.03735,0.00493,-0.02396,0.02564,0.01480,-0.03890,0.01923,0.02777,-0.03275,0,,,,,0.18360,0.09820,0.01994,0.97000,-0.00000,0.00000,0.24311
3503.4144,1,1,15.60,0.16,27.96,0.06531,-0.07987,0.51417,0.61289,0.52284,1.0716,0,0,0.21882,0.00343,0.07014,0.21895,0.00368,0.06981,0.40,0.01,0.52284,-0.02588,-0.21829,0.28286,1.50709,-0.00000,0.73817,-0.02588,-0.21864,0.28250,1.50709,0.00000,1.00000,16,0.18300,-0.04970,0.01494,0.18360,0.09820,0,0.99122,0.00000,-0.00000,-0.13221,Left,1,384.92,219.71,363.43,205.68,343.74,178.39,329.98,160.20,317.87,148.65,362.30,129.27,364.44,107.93,360.49,95.50,357.34,85.55,385.01,132.18,388.00,108.85,378.18,141.28,375.26,152.73,406.99,140.72,411.40,125.12,399.11,153.77,394.53,162.19,427.62,154.72,432.86,138.45,420.83,157.00,414.22,164.87,-0.00000,-0.02213,-0.03421,-0.04649,-0.05740,-0.00739,-0.02863,-0.03884,-0.04436,-0.01074,-0.04182,-0.04280,-0.03262,-0.01906,-0.05195,-0.04153,-0.02382,-0.02942,-0.04863,-0.03880,-0.02572,-0.00179,0.08554,0.03995,-0.02806,0.06428,0.01531,-0.04304,0.04432,0.00141,-0.05864,0.02267,-0.01619,-0.07402,0.00311,-0.02626,-0.02825,-0.00415,0.00219,-0.02677,-0.02594,-0.01210,-0.03099,-0.03992,-0.02791,-0.03745,-0.04664,-0.06104,-0.00457,-0.00444,0.00440,-0.00528,-0.02642,-0.02876,-0.01622,-0.00219,-0.04496,-0.02087,0.00960,-0.02818,0.01867,0.00035,0.00052,0.01650,-0.00776,-0.03268,0.00492,0.01158,-0.04121,0.00121,0.02256,-0.02785,0.03373,0.01846,-0.00236,0.03737,0.00592,-0.02377,0.02584,0.01615,-0.03805,0.01913,0.02822,-0.03054,0,,,,,0.18360,0.09820,0.01994,0.97000,-0.00000,0.00000,0.24311
3503.4449,1,1,14.82,0.18,26.08,0.06821,-0.07839,0.51632,0.62140,0.51848,1.0661,0,0,0.21882,0.00343,0.07014,0.21895,0.00368,0.06981,0.40,0.01,0.51848,-0.02588,-0.21829,0.28286,1.50709,-0.00000,0.88162,-0.02588,-0.21864,0.28250,1.50709,0.00000,1.00000,16,0.18300,-0.04970,0.01494,0.18360,0.09820,0,0.99122,-0.00000,-0.00000,-0.13221,Left,1,388.31,220.67,366.94,206.14,347.81,180.95,334.30,162.82,323.20,150.34,364.78,131.52,366.87,111.08,364.27,97.87,362.35,88.50,387.38,134.98,393.04,110.62,383.12,143.29,378.21,154.62,409.62,143.67,416.37,127.16,404.34,156.00,397.82,165.55,429.93,158.07,436.60,140.56,424.99,159.19,417.20,167.92,-0.00000,-0.02363,-0.03876,-0.05395,-0.06780,-0.01050,-0.03266,-0.04319,-0.04848,-0.01361,-0.04454,-0.04433,-0.03296,-0.02165,-0.05458,-0.04248,-0.02330,-0.03180,-0.05064,-0.03892,-0.02416,-0.00154,0.08413,0.04205,-0.02769,0.06276,0.01696,-0.04171,0.04330,0.00234,-0.05669,0.02239,-0.01637,-0.07095,0.00222,-0.02802,-0.02771,-0.00435,0.00254,-0.02710,-0.02632,-0.01216,-0.03052,-0.04069,-0.02839,-0.03506,-0.04716,-0.06260,-0.00443,-0.00406,0.00405,-0.00307,-0.02740,-0.02850,-0.01432,-0.00286,-0.04458,-0.02123,0.00938,-0.02651,0.01876,0.00035,0.00085,0.01768,-0.00879,-0.03209,0.00725,0.01062,-0.04150,0.00130,0.02249,-0.02802,0.03395,0.01826,-0.00174,0.03838,0.00548,-0.02259,0.02752,0.01577,-0.03670,0.01988,0.02814,-0.02973,0,,,,,0.18360,0.09820,0.01994,0.97000,-0.00000,0.00000,0.24311
3503.4787,1,1,15.65,0.18,30.04,0.07276,-0.07793,0.52494,0.62809,0.53356,1.1249,0,0,0.21882,0.00343,0.07014,0.21895,0.00368,0.06981,0.40,0.01,0.53356,-0.02588,-0.21828,0.28286,1.50709,-0.00000,1.03568,-0.02588,-0.21864,0.28250,1.50709,0.00000,1.00000,16,0.18300,-0.04970,0.01494,0.18360,0.09820,0,0.99122,0.00000,-0.00000,-0.13221,Left,1,392.96,221.14,370.74,206.80,351.56,179.58,338.71,163.38,327.54,152.20,369.37,133.65,371.68,112.34,370.07,99.29,368.03,89.08,391.83,137.19,397.83,113.20,389.06,143.53,383.46,154.84,413.70,146.01,420.40,129.66,409.41,157.78,403.29,166.46,433.73,159.65,439.77,142.88,429.18,161.51,422.29,169.66,-0.00000,-0.01851,-0.02763,-0.03677,-0.04503,-0.00703,-0.02694,-0.03697,-0.04234,-0.01089,-0.04055,-0.04208,-0.03273,-0.01891,-0.05110,-0.04153,-0.02456,-0.02829,-0.04772,-0.03784,-0.02469,-0.00160,0.08435,0.03965,-0.02820,0.06306,0.01498,-0.04338,0.04257,0.00129,-0.05821,0.02214,-0.01523,-0.07250,0.00424,-0.02395,-0.02852,-0.00403,0.00176,-0.02665,-0.02660,-0.01197,-0.02948,-0.04157,-0.02758,-0.03414,-0.04926,-0.06024,-0.00449,-0.00403,0.00454,-0.00279,-0.02716,-0.02899,-0.01373,-0.00362,-0.04487,-0.02047,0.00748,-0.02723,0.01900,0.00010,0.00083,0.01795,-0.00792,-0.03159,0.00750,0.01130,-0.04094,0.00277,0.02285,-0.02634,0.03452,0.01784,-0.00188,0.03868,0.00578,-0.02263,0.02757,0.01693,-0.03626,0.02078,0.02923,-0.02756,0,,,,,0.18360,0.09820,0.01994,0.97000,-0.00000,0.00000,0.24311
3503.5120,1,1,18.19,0.17,29.07,0.07750,-0.07722,0.53156,0.63679,0.53817,1.0944,0,0,0.21882,0.00343,0.07014,0.21895,0.00368,0.06981,0.40,0.01,0.53817,-0.02588,-0.21829,0.28286,1.50709,-0.00000,1.05168,-0.02588,-0.21864,0.28250,1.50709,0.00000,1.00000,16,0.18300,-0.04970,0.01494,0.18360,0.09820,0,0.99122,0.00000,-0.00000,-0.13221,Left,1,396.02,222.05,374.99,207.86,357.22,182.66,345.37,166.44,334.81,154.15,374.76,134.91,378.21,113.58,376.53,101.22,374.62,91.44,396.78,139.03,402.99,115.89,394.20,146.53,388.74,156.79,418.15,148.02,424.72,132.46,413.51,160.41,406.72,168.76,437.75,161.97,444.07,145.58,432.94,164.47,424.90,172.74,-0.00000,-0.02181,-0.03530,-0.04863,-0.06076,-0.01124,-0.03338,-0.04481,-0.05105,-0.01480,-0.04573,-0.04741,-0.03838,-0.02288,-0.05575,-0.04536,-0.02811,-0.03279,-0.05241,-0.04183,-0.02830,-0.00349,0.08349,0.04194,-0.02981,0.06254,0.01613,-0.04297,0.04274,0.00085,-0.05641,0.02295,-0.01880,-0.07038,0.00407,-0.03039,-0.02807,-0.00511,0.00173,-0.02513,-0.02702,-0.01253,-0.02779,-0.04128,-0.02896,-0.03243,-0.04903,-0.06274,-0.00443,-0.00413,0.00427,-0.00190,-0.02644,-0.02940,-0.01320,-0.00203,-0.04459,-0.02036,0.00841,-0.02732,0.01857,0.00052,0.00096,0.01802,-0.00688,-0.03228,0.00719,0.01242,-0.04204,0.00123,0.02335,-0.02786,0.03383,0.01913,-0.00170,0.03822,0.00718,-0.02312,0.02681,0.01813,-0.03709,0.01871,0.03035,-0.02856,0,,,,,0.18360,0.09820,0.01994,0.97000,-0.00000,0.00000,0.24311
3503.5425,1,1,15.86,0.20,26.62,0.08155,-0.07560,0.53102,0.64262,0.53047,1.0677,0,0,0.21882,0.00343,0.07014,0.21895,0.00368,0.06981,0.40,0.01,0.53047,-0.02588,-0.21829,0.28286,1.50709,-0.00000,0.99299,-0.02588,-0.21864,0.28250,1.50709,0.00000,1.00000,16,0.18300,-0.04970,0.01494,0.18360,0.09820,0,0.99122,0.00000,-0.00000,-0.13221,Left,1,399.60,223.68,379.76,210.04,362.30,186.84,350.37,169.79,340.04,155.81,379.91,136.08,383.12,114.43,382.19,102.62,381.05,96.15,401.95,140.65,408.32,118.65,398.62,148.96,392.06,158.53,423.30,149.59,430.06,135.60,419.06,162.56,411.79,170.31,442.46,163.53,448.83,148.07,438.41,166.15,430.66,173.54,-0.00000,-0.02700,-0.04533,-0.06294,-0.07870,-0.01619,-0.04203,-0.05587,-0.06258,-0.01774,-0.05077,-0.05296,-0.04358,-0.02445,-0.05786,-0.04669,-0.02856,-0.03361,-0.05236,-0.04060,-0.02582,-0.00378,0.08312,0.04396,-0.02916,0.06182,0.01782,-0.04228,0.04373,0.00096,-0.05542,0.02406,-0.02006,-0.06938,0.00248,-0.03328,-0.02769,-0.00492,0.00137,-0.02531,-0.02743,-0.01276,-0.02722,-0.04125,-0.02984,-0.03120,-0.04581,-0.06619,-0.00432,-0.00445,0.00393,-0.00187,-0.02529,-0.03033,-0.01409,-0.00101,-0.04624,-0.02254,0.00907,-0.02869,0.01840,0.00065,0.00113,0.01750,-0.00592,-0.03273,0.00705,0.01375,-0.04265,0.00101,0.02282,-0.02924,0.03308,0.01910,-0.00070,0.03720,0.00774,-0.02289,0.02646,0.01897,-0.03690,0.01929,0.02985,-0.02951,0,,,,,0.18360,0.09820,0.01994,0.97000,-0.00000,0.00000,0.24311
3503.5756,1,1,16.55,0.17,28.29,0.08650,-0.07436,0.53711,0.63896,0.54321,1.0947,0,0,0.21882,0.00343,0.07014,0.21895,0.00368,0.06981,0.40,0.01,0.54321,-0.02588,-0.21828,0.28286,1.50709,0.00000,0.99657,-0.02588,-0.21864,0.28250,1.50709,0.00000,1.00000,16,0.18300,-0.04970,0.01494,0.18360,0.09820,0,0.99122,0.00000,0.00000,-0.13221,Left,1,403.46,227.23,383.53,212.50,366.34,188.09,354.52,170.12,343.36,157.25,383.98,139.46,387.51,119.46,387.01,106.89,387.44,96.44,405.85,143.17,412.17,121.31,402.11,151.57,396.92,160.40,427.04,151.78,433.93,138.15,422.19,164.61,415.66,171.40,446.22,165.33,452.44,151.16,441.20,168.83,433.50,175.62,-0.00000,-0.02809,-0.04528,-0.06133,-0.07562,-0.01496,-0.03740,-0.04889,-0.05541,-0.01564,-0.04718,-0.04912,-0.03999,-0.02141,-0.05442,-0.04468,-0.02783,-0.02970,-0.04932,-0.03985,-0.02704,-0.00478,0.08548,0.04033,-0.02973,0.06317,0.01381,-0.04263,0.04347,-0.00184,-0.05683,0.02209,-0.02167,-0.07172,0.00054,-0.03182,-0.02829,-0.00507,0.00041,-0.02528,-0.02599,-0.01476,-0.02654,-0.04007,-0.03023,-0.02936,-0.04791,-0.06482,-0.00460,-0.00437,0.00395,-0.00135,-0.02595,-0.02944,-0.01378,-0.00178,-0.04628,-0.02139,0.00783,-0.02873,0.01842,0.00048,0.00166,0.01797,-0.00652,-0.03211,0.00714,0.01314,-0.04202,0.00125,0.02148,-0.02789,0.03352,0.01823,-0.00053,0.03747,0.00766,-0.02316,0.02633,0.01913,-0.03792,0.01883,0.03062,-0.03054,0,,,,,0.18360,0.09820,0.01994,0.97000,-0.00000,0.00000,0.24311
3503.6061,1,1,15.38,0.24,26.87,0.09069,-0.07339,0.54407,0.65177,0.55103,1.0698,0,0,0.21882,0.00343,0.07014,0.21895,0.00368,0.06981,0.40,0.01,0.55103,-0.02588,-0.21828,0.28286,1.50709,-0.00000,0.99852,-0.02588,-0.21864,0.28250,1.50709,0.00000,1.00000,16,0.18300,-0.04970,0.01494,0.18360,0.09820,0,0.99122,0.00000,0.00000,-0.13221,Left,0,404.20,227.69,385.00,212.56,369.51,187.64,358.47,170.98,347.20,160.59,385.98,140.33,390.01,120.49,390.68,107.86,391.92,99.57,408.44,145.24,415.37,124.62,406.00,154.18,400.10,163.19,429.86,154.41,437.33,140.39,426.19,166.17,419.07,173.52,448.67,168.07,456.17,153.51,445.38,170.31,437.27,177.04,-0.00000,-0.02379,-0.03790,-0.05115,-0.06290,-0.01346,-0.03613,-0.04851,-0.05527,-0.01488,-0.04586,-0.04782,-0.03907,-0.02083,-0.05225,-0.04163,-0.02472,-0.02894,-0.04792,-0.03804,-0.02501,-0.00659,0.08491,0.04237,-0.03087,0.06241,0.01461,-0.04300,0.04100,-0.00111,-0.05445,0.02119,-0.02115,-0.06913,0.00116,-0.03203,-0.02880,-0.00630,-0.00008,-0.02529,-0.02690,-0.01455,-0.02612,-0.04159,-0.03089,-0.02718,-0.04762,-0.06634,-0.00465,-0.00425,0.00398,-0.00149,-0.02559,-0.02976,-0.01288,-0.00142,-0.04583,-0.01972,0.00828,-0.02836,0.01927,0.00116,0.00211,0.01944,-0.00702,-0.03047,0.00822,0.01134,-0.04152,0.00234,0.02111,-0.02868,0.03452,0.01890,0.00103,0.03867,0.00756,-0.01997,0.02852,0.01717,-0.03415,0.02011,0.02965,-0.02919,0,,,,,0.18360,0.09820,0.01994,0.97000,0.00000,0.00000,0.24311
3503.6417,1,1,18.72,0.75,30.96,0.09398,-0.07197,0.54729,0.64640,0.55050,1.0931,0,0,0.21721,0.00014,0.06871,0.21594,-0.00086,0.06792,0.29,0.01,0.55050,-0.00066,-0.23608,0.31445,1.49905,0.00001,0.99969,-0.00784,-0.23394,0.30697,1.49794,0.00000,1.00000,16,0.18300,-0.04970,0.01494,0.18360,0.09820,0,0.99122,0.00000,0.00000,-0.13221,Left,0,406.34,230.10,387.79,215.22,372.39,191.18,361.50,173.41,351.17,162.45,388.75,142.97,392.49,124.43,393.22,110.70,394.79,100.76,411.26,146.93,418.63,126.65,408.30,156.63,402.13,165.60,432.55,155.58,440.36,142.75,428.52,168.29,421.01,175.31,450.76,169.31,458.68,155.78,447.93,171.99,439.77,178.21,-0.00000,-0.02850,-0.04563,-0.06138,-0.07550,-0.01701,-0.04048,-0.05313,-0.06013,-0.01683,-0.04881,-0.05050,-0.04097,-0.02165,-0.05420,-0.04387,-0.02657,-0.02908,-0.04823,-0.03851,-0.02535,-0.00665,0.08493,0.04219,-0.03091,0.06278,0.01319,-0.04285,0.04226,-0.00241,-0.05478,0.02192,-0.02271,-0.06868,0.00097,-0.03237,-0.02871,-0.00515,-0.00040,-0.02541,-0.02547,-0.01539,-0.02667,-0.04159,-0.03068,-0.02724,-0.04858,-0.06670,-0.00449,-0.00442,0.00405,-0.00218,-0.02492,-0.03075,-0.01360,-0.00097,-0.04708,-0.02096,0.00905,-0.02898,0.01910,0.00096,0.00245,0.01880,-0.00660,-0.03099,0.00782,0.01259,-0.04076,0.00086,0.02129,-0.02670,0.03397,0.01822,0.00116,0.03819,0.00785,-0.02051,0.02837,0.01758,-0.03537,0.01935,0.02936,-0.02970,0,,,,,0.18360,0.09820,0.01994,0.97000,0.00000,0.00000,0.24311
3503.6707,1,1,15.20,0.56,24.89,0.09856,-0.07239,0.55953,0.65956,0.57178,1.0917,0,0,0.21109,-0.00444,0.06914,0.21111,-0.00479,0.06531,0.83,0.02,0.57178,0.02210,-0.25342,0.34994,1.49745,-0.00000,1.00012,0.01720,-0.28272,0.35572,1.49814,0.00000,1.00000,16,0.18300,-0.04970,0.01494,0.18360,0.09820,0,0.99122,0.00000,0.00000,-0.13221,Left,0,408.01,229.20,389.21,214.18,374.04,189.22,363.27,173.11,353.55,162.42,391.23,143.77,394.23,123.65,395.98,110.57,398.25,101.46,413.42,147.58,421.22,126.92,411.91,154.10,405.59,164.13,434.37,156.43,441.72,143.42,430.30,167.99,422.86,175.83,452.87,170.09,460.04,156.41,449.35,171.72,440.96,178.28,-0.00000,-0.02518,-0.03905,-0.05203,-0.06365,-0.01291,-0.03461,-0.04694,-0.05385,-0.01384,-0.04525,-0.04960,-0.04230,-0.01937,-0.05195,-0.04513,-0.03009,-0.02698,-0.04661,-0.03890,-0.02714,-0.00806,0.08536,0.04210,-0.03305,0.06289,0.01329,-0.04577,0.04203,-0.00268,-0.05775,0.02221,-0.02414,-0.07080,0.00264,-0.03316,-0.02952,-0.00553,-0.00119,-0.02702,-0.02724,-0.01524,-0.02685,-0.04261,-0.03001,-0.02660,-0.04968,-0.06488,-0.00449,-0.00417,0.00410,-0.00102,-0.02578,-0.03052,-0.01214,-0.00314,-0.04767,-0.02031,0.00760,-0.03118,0.01974,0.00101,0.00271,0.02027,-0.00539,-0.03163,0.00828,0.01294,-0.04083,0.00053,0.02327,-0.02633,0.03502,0.01907,0.00192,0.03939,0.00831,-0.02107,0.02865,0.01792,-0.03606,0.01850,0.03003,-0.02988,0,,,,,0.18360,0.09820,0.01994,0.97000,0.00000,0.00000,0.24311
3503.7061,1,1,18.72,0.77,30.58,0.10055,-0.07088,0.55842,0.65587,0.55731,1.1090,0,0,0.21164,-0.00644,0.06762,0.20893,-0.00572,0.06613,0.24,0.00,0.55731,0.02787,-0.28815,0.37853,1.49209,-0.00000,0.99996,0.03047,-0.28191,0.36161,1.49113,0.00000,1.00000,16,0.18300,-0.04970,0.01494,0.18360,0.09820,0,0.99122,-0.00000,0.00000,-0.13221,Left,0,409.18,231.35,390.75,216.23,375.98,192.80,366.26,175.83,357.18,164.35,393.74,144.96,397.19,126.44,398.59,112.46,400.81,102.09,415.75,149.16,422.58,130.02,412.62,159.69,406.87,168.84,436.63,157.91,443.95,145.61,432.71,170.18,425.65,177.12,454.62,171.72,462.36,157.98,451.70,173.54,443.25,179.83,-0.00000,-0.02747,-0.04440,-0.06023,-0.07445,-0.01518,-0.03689,-0.04852,-0.05522,-0.01547,-0.04584,-0.04756,-0.03862,-0.02067,-0.05168,-0.04183,-0.02546,-0.02845,-0.04692,-0.03765,-0.02515,-0.00911,0.08481,0.04385,-0.03269,0.06218,0.01470,-0.04420,0.04191,-0.00150,-0.05480,0.02256,-0.02404,-0.06801,0.00095,-0.03554,-0.02851,-0.00549,-0.00035,-0.02564,-0.02625,-0.01559,-0.02590,-0.04234,-0.03136,-0.02557,-0.05009,-0.06861,-0.00440,-0.00411,0.00398,-0.00175,-0.02476,-0.03075,-0.01372,0.00021,-0.04678,-0.02077,0.01072,-0.02942,0.01942,0.00107,0.00246,0.01919,-0.00621,-0.03041,0.00805,0.01233,-0.04098,0.00126,0.02133,-0.02864,0.03389,0.01848,0.00153,0.03825,0.00781,-0.02013,0.02886,0.01715,-0.03455,0.01893,0.02906,-0.03036,0,,,,,0.18360,0.09820,0.01994,0.97000,0.00000,-0.00000,0.24311
3503.7534,1,1,16.99,0.79,43.88,0.10305,-0.07086,0.56448,0.65439,0.57053,1.1053,0,0,0.20862,-0.00894,0.06761,0.20910,-0.00928,0.06792,0.36,0.01,0.57053,0.04871,-0.30627,0.38383,1.49019,-0.00000,0.99999,0.04532,-0.30440,0.38538,1.48998,0.00000,1.00000,16,0.18300,-0.04970,0.01494,0.18360,0.09820,0,0.99122,-0.00000,0.00000,-0.13221,Left,0,409.38,230.99,391.44,215.68,377.50,191.90,367.34,175.62,358.53,164.55,394.35,145.42,398.19,126.60,400.07,113.14,403.10,102.70,416.40,149.36,423.63,130.65,413.79,158.65,408.07,167.81,437.29,158.16,444.57,146.44,433.39,170.58,426.72,177.42,455.26,171.96,462.31,159.01,451.80,174.51,444.24,180.57,-0.00000,-0.02612,-0.04152,-0.05591,-0.06895,-0.01395,-0.03609,-0.04877,-0.05626,-0.01446,-0.04544,-0.04899,-0.04151,-0.01967,-0.05128,-0.04285,-0.02726,-0.02723,-0.04594,-0.03722,-0.02506,-0.00934,0.08488,0.04120,-0.03340,0.06212,0.01343,-0.04463,0.04162,-0.00274,-0.05595,0.02248,-0.02551,-0.06856,0.00244,-0.03492,-0.02930,-0.00522,-0.00045,-0.02656,-0.02626,-0.01510,-0.02578,-0.04189,-0.03015,-0.02479,-0.05044,-0.06659,-0.00440,-0.00432,0.00411,-0.00134,-0.02445,-0.02992,-0.01381,-0.00083,-0.04603,-0.02051,0.00911,-0.02910,0.01988,0.00091,0.00234,0.01978,-0.00537,-0.03047,0.00845,0.01338,-0.04027,0.00187,0.02240,-0.02644,0.03477,0.01868,0.00092,0.03870,0.00862,-0.02103,0.02841,0.01851,-0.03498,0.01955,0.02945,-0.02934,0,,,,,0.18360,0.09820,0.01994,0.97000,0.00000,0.00000,0.24311
3503.7814,1,1,15.19,0.56,22.47,0.10567,-0.07036,0.57026,0.66949,0.57605,1.1059,0,0,0.20572,-0.01155,0.06711,0.20477,-0.01192,0.06620,0.38,0.01,0.57605,0.06580,-0.33017,0.41817,1.48807,0.00000,1.00000,0.06156,-0.32792,0.41108,1.48782,0.00000,1.00000,16,0.18300,-0.04970,0.01494,0.18360,0.09820,0,0.99122,-0.00000,0.00000,-0.13221,Left,0,411.54,232.36,394.11,216.99,380.10,193.32,370.32,176.24,360.57,165.13,396.60,146.63,400.39,127.59,402.90,113.53,406.32,102.97,417.96,151.09,425.95,132.50,415.83,161.63,409.88,170.00,438.58,160.04,447.23,148.02,435.52,172.00,427.84,178.19,456.24,173.79,465.35,160.29,454.38,175.21,445.07,180.95,-0.00000,-0.02718,-0.04364,-0.05915,-0.07316,-0.01418,-0.03460,-0.04518,-0.05124,-0.01384,-0.04223,-0.04288,-0.03363,-0.01840,-0.04796,-0.03824,-0.02231,-0.02553,-0.04328,-0.03445,-0.02251,-0.00906,0.08536,0.04341,-0.03338,0.06239,0.01364,-0.04396,0.04104,-0.00383,-0.05481,0.02188,-0.02799,-0.06779,0.00099,-0.03921,-0.02865,-0.00580,-0.00155,-0.02554,-0.02729,-0.01575,-0.02477,-0.04379,-0.03130,-0.02267,-0.05179,-0.06841,-0.00450,-0.00463,0.00370,-0.00046,-0.02440,-0.03088,-0.01213,0.00042,-0.04734,-0.01989,0.01042,-0.03042,0.01989,0.00152,0.00336,0.02076,-0.00581,-0.03061,0.00946,0.01283,-0.04145,0.00086,0.02128,-0.02872,0.03454,0.01931,0.00252,0.03974,0.00835,-0.01867,0.03017,0.01805,-0.03389,0.01844,0.02882,-0.03001,0,,,,,0.18360,0.09820,0.01994,0.97000,0.00000,0.00000,0.24311
3503.8160,1,1,17.34,0.66,30.50,0.10821,-0.07062,0.57392,0.67594,0.57758,1.1309,0,0,0.20389,-0.01409,0.06737,0.20418,-0.01397,0.06719,0.35,0.00,0.57758,0.07840,-0.34203,0.42224,1.49029,0.00000,1.00000,0.07764,-0.34265,0.42270,1.49083,0.00000,1.00000,16,0.18300,-0.04970,0.01494,0.18360,0.09820,0,0.99122,0.00000,-0.00000,-0.13221,Left,0,413.42,231.45,396.41,216.49,382.54,194.82,373.02,178.00,363.58,165.75,399.01,145.91,403.08,127.67,405.95,113.76,409.61,103.81,420.28,150.37,427.79,133.04,417.50,162.19,411.31,170.26,440.75,159.26,448.98,148.77,437.48,172.70,429.90,178.75,457.92,172.92,465.89,160.81,455.59,176.07,447.67,181.58,0.00000,-0.02983,-0.04959,-0.06816,-0.08511,-0.01752,-0.03984,-0.05178,-0.05839,-0.01639,-0.04628,-0.04756,-0.03839,-0.02033,-0.05077,-0.04069,-0.02420,-0.02710,-0.04462,-0.03503,-0.02228,-0.00853,0.08443,0.04729,-0.03263,0.06260,0.01553,-0.04307,0.04219,-0.00319,-0.05388,0.02415,-0.02947,-0.06759,0.00248,-0.04188,-0.02825,-0.00587,-0.00275,-0.02522,-0.02649,-0.01748,-0.02353,-0.04247,-0.03290,-0.02162,-0.05019,-0.07262,-0.00426,-0.00436,0.00320,-0.00105,-0.02296,-0.03205,-0.01327,0.00241,-0.04848,-0.02148,0.01207,-0.03056,0.01953,0.00124,0.00401,0.02032,-0.00443,-0.03075,0.00873,0.01493,-0.04072,0.00012,0.02246,-0.02623,0.03419,0.01889,0.00421,0.03806,0.00933,-0.01842,0.02883,0.01983,-0.03307,0.01856,0.03042,-0.02826,0,,,,,0.18360,0.09820,0.01994,0.97000,0.00000,0.00000,0.24311
3503.8478,1,1,17.23,0.58,27.49,0.10979,-0.06955,0.57354,0.67677,0.57315,1.1038,0,0,0.20409,-0.01568,0.06630,0.20354,-0.01606,0.06617,0.20,0.00,0.57315,0.09126,-0.34202,0.42960,1.48543,0.00000,1.00000,0.08776,-0.34144,0.42750,1.48476,0.00000,1.00000,16,0.18300,-0.04970,0.01494,0.18360,0.09820,0,0.99122,0.00000,-0.00000,-0.13221,Left,0,414.30,233.27,397.58,218.52,384.01,195.59,375.19,177.85,366.22,166.12,400.84,147.63,404.80,128.65,407.67,114.65,411.52,104.71,421.88,152.25,430.36,132.67,420.47,160.87,414.61,169.68,442.02,161.04,450.30,148.91,439.11,172.69,431.84,179.42,459.46,174.69,467.62,161.23,457.27,176.41,448.75,182.54,0.00000,-0.02803,-0.04591,-0.06271,-0.07796,-0.01515,-0.03674,-0.04826,-0.05466,-0.01507,-0.04474,-0.04633,-0.03723,-0.01997,-0.05039,-0.04084,-0.02463,-0.02752,-0.04557,-0.03649,-0.02412,-0.00961,0.08518,0.04580,-0.03339,0.06249,0.01510,-0.04362,0.04163,-0.00326,-0.05355,0.02277,-0.02910,-0.06612,0.00080,-0.04205,-0.02823,-0.00600,-0.00211,-0.02494,-0.02751,-0.01635,-0.02344,-0.04331,-0.03167,-0.02156,-0.05109,-0.06945,-0.00426,-0.00452,0.00338,0.00052,-0.02511,-0.03062,-0.01135,-0.00079,-0.04784,-0.01937,0.00937,-0.03150,0.01953,0.00144,0.00351,0.01994,-0.00575,-0.03004,0.00870,0.01321,-0.04108,0.00076,0.02158,-0.02774,0.03336,0.01914,0.00340,0.03812,0.00874,-0.01885,0.02851,0.01856,-0.03384,0.01788,0.02951,-0.02919,0,,,,,0.18360,0.09820,0.01994,0.97000,0.00000,0.00000,0.24311
3503.8784,1,1,15.50,0.75,26.56,0.11388,-0.07026,0.58520,0.66868,0.59686,1.1184,0,0,0.19825,-0.01976,0.06701,0.19760,-0.02066,0.06504,0.82,0.01,0.59686,0.12330,-0.37703,0.46882,1.48948,-0.00001,1.00000,0.11394,-0.38379,0.46469,1.49016,0.00000,1.00000,16,0.18300,-0.04970,0.01494,0.18360,0.09820,0,0.99122,0.00000,-0.00000,-0.13221,Left,0,416.23,234.30,399.29,218.51,386.30,193.98,376.81,177.27,367.99,166.47,402.66,148.16,407.76,129.46,411.41,116.05,415.83,104.79,423.60,152.52,432.34,134.51,422.46,162.66,416.45,169.44,443.89,161.22,452.42,150.76,441.00,174.96,434.11,179.47,461.34,174.30,469.43,162.87,458.87,178.24,450.93,182.88,-0.00000,-0.02573,-0.03946,-0.05201,-0.06298,-0.01236,-0.03243,-0.04289,-0.04903,-0.01176,-0.03989,-0.04131,-0.03272,-0.01588,-0.04569,-0.03726,-0.02207,-0.02232,-0.04082,-0.03334,-0.02224,-0.01035,0.08639,0.04245,-0.03419,0.06374,0.01202,-0.04403,0.04153,-0.00444,-0.05428,0.02186,-0.02868,-0.06739,0.00184,-0.03825,-0.02898,-0.00616,-0.00241,-0.02443,-0.02657,-0.01686,-0.02189,-0.04278,-0.03175,-0.01927,-0.05145,-0.06704,-0.00463,-0.00462,0.00375,0.00052,-0.02433,-0.03065,-0.01130,0.00030,-0.04593,-0.01914,0.00859,-0.02676,0.01988,0.00150,0.00353,0.02064,-0.00453,-0.03006,0.00966,0.01502,-0.03842,0.00182,0.02206,-0.02239,0.03495,0.01962,0.00338,0.03871,0.00964,-0.01889,0.02903,0.01998,-0.03287,0.01905,0.03067,-0.02670,0,,,,,0.18360,0.09820,0.01994,0.97000,-0.00000,-0.00000,0.24311
3503.9111,1,1,16.68,0.67,27.80,0.11563,-0.06905,0.58506,0.69033,0.58492,1.0998,0,0,0.19832,-0.02152,0.06580,0.19839,-0.02113,0.06634,0.22,0.00,0.58492,0.12561,-0.38835,0.47027,1.48628,0.00000,1.00000,0.12677,-0.38514,0.47069,1.48529,0.00000,1.00000,16,0.18300,-0.04970,0.01494,0.18360,0.09820,0,0.99122,0.00000,-0.00000,-0.13221,Left,0,416.00,233.55,400.29,217.79,388.03,195.47,380.00,179.56,372.38,167.68,405.62,149.24,410.27,130.10,413.64,116.52,417.79,106.35,426.33,154.45,435.00,135.30,424.47,162.95,417.98,171.25,445.83,163.73,455.17,151.38,443.29,174.53,435.24,181.14,462.38,177.59,471.73,163.85,461.20,178.24,452.24,184.12,0.00000,-0.02663,-0.04325,-0.05903,-0.07330,-0.01475,-0.03506,-0.04564,-0.05156,-0.01476,-0.04367,-0.04540,-0.03677,-0.01939,-0.04904,-0.04005,-0.02449,-0.02650,-0.04422,-0.03564,-0.02376,-0.01259,0.08366,0.04836,-0.03514,0.06058,0.01573,-0.04392,0.03980,-0.00286,-0.05329,0.02245,-0.02879,-0.06479,0.00072,-0.04275,-0.02811,-0.00685,-0.00238,-0.02361,-0.02726,-0.01625,-0.02168,-0.04402,-0.03144,-0.01979,-0.05170,-0.06824,-0.00428,-0.00448,0.00327,0.00119,-0.02505,-0.03025,-0.01173,-0.00071,-0.04803,-0.01968,0.00839,-0.03211,0.01910,0.00164,0.00374,0.02058,-0.00551,-0.02934,0.00959,0.01291,-0.04076,0.00051,0.02131,-0.02876,0.03303,0.01962,0.00435,0.03842,0.00903,-0.01721,0.02918,0.01809,-0.03179,0.01740,0.02957,-0.02807,0,,,,,0.18360,0.09820,0.01994,0.97000,-0.00000,-0.00000,0.24311
3503.9428,1,1,15.24,0.80,27.18,0.11784,-0.06873,0.58663,0.68405,0.58820,1.0830,0,0,0.19754,-0.02372,0.06548,0.19676,-0.02428,0.06506,0.23,0.00,0.58820,0.14643,-0.38985,0.48054,1.48344,0.00000,0.99999,0.14088,-0.38871,0.47659,1.48296,0.00000,1.00000,16,0.18300,-0.04970,0.01494,0.18360,0.09820,0,0.99122,0.00000,-0.00000,-0.13221,Left,0,418.32,234.32,401.71,218.52,388.68,194.15,380.36,177.39,373.40,167.23,406.80,148.38,411.85,129.39,415.78,116.45,420.29,107.22,427.75,153.86,436.32,137.10,425.67,164.89,419.23,172.55,447.82,163.54,456.03,152.78,444.36,175.98,437.11,181.10,464.88,177.55,473.01,165.14,462.33,180.02,454.29,184.87,-0.00000,-0.02537,-0.03948,-0.05247,-0.06389,-0.01248,-0.03308,-0.04432,-0.05071,-0.01221,-0.04130,-0.04341,-0.03515,-0.01667,-0.04628,-0.03764,-0.02252,-0.02351,-0.04197,-0.03420,-0.02291,-0.01248,0.08557,0.04551,-0.03554,0.06178,0.01479,-0.04485,0.03958,-0.00235,-0.05461,0.02042,-0.02677,-0.06450,0.00017,-0.03891,-0.02882,-0.00704,-0.00175,-0.02356,-0.02793,-0.01614,-0.02119,-0.04443,-0.03211,-0.01827,-0.05057,-0.06840,-0.00467,-0.00498,0.00385,0.00090,-0.02340,-0.03068,-0.01184,0.00081,-0.04625,-0.02017,0.01014,-0.02760,0.02002,0.00242,0.00336,0.02034,-0.00462,-0.02998,0.00964,0.01417,-0.03882,0.00166,0.02142,-0.02424,0.03423,0.02056,0.00286,0.03849,0.00990,-0.01867,0.02904,0.02014,-0.03202,0.01893,0.03053,-0.02713,0,,,,,0.18360,0.09820,0.01994,0.97000,-0.00000,-0.00000,0.24311
3503.9767,1,1,16.48,0.88,28.97,0.11994,-0.06812,0.58673,0.70024,0.58684,1.1020,0,0,0.19749,-0.02583,0.06487,0.19736,-0.02544,0.06498,0.23,0.00,0.58684,0.15299,-0.38719,0.47908,1.47923,0.00001,1.00000,0.15402,-0.38670,0.47884,1.47867,0.00000,1.00000,16,0.18300,-0.04970,0.01494,0.18360,0.09820,0,0.99122,0.00000,0.00000,-0.13221,Left,0,420.52,234.07,404.49,218.58,391.66,196.71,384.89,180.29,378.00,167.83,409.72,149.44,415.09,130.68,419.33,117.92,423.94,108.03,430.36,155.12,439.67,137.34,428.84,164.70,422.11,171.77,449.66,164.54,459.09,153.61,447.12,176.92,439.33,182.10,466.07,178.02,475.08,166.07,464.90,181.43,456.73,186.57,0.00000,-0.02960,-0.04768,-0.06424,-0.07904,-0.01704,-0.03767,-0.04842,-0.05444,-0.01584,-0.04544,-0.04775,-0.03947,-0.01950,-0.05022,-0.04185,-0.02658,-0.02582,-0.04428,-0.03589,-0.02405,-0.01198,0.08455,0.04922,-0.03492,0.06152,0.01571,-0.04389,0.04075,-0.00404,-0.05258,0.02325,-0.03084,-0.06348,0.00166,-0.04599,-0.02804,-0.00654,-0.00358,-0.02321,-0.02704,-0.01733,-0.02034,-0.04363,-0.03318,-0.01777,-0.05102,-0.06988,-0.00428,-0.00441,0.00307,0.00169,-0.02411,-0.03137,-0.01150,0.00105,-0.04842,-0.02015,0.00836,-0.03035,0.01951,0.00160,0.00460,0.02061,-0.00382,-0.03031,0.00942,0.01539,-0.04018,0.00073,0.02211,-0.02608,0.03271,0.01991,0.00565,0.03829,0.01015,-0.01757,0.02929,0.02095,-0.03182,0.01830,0.03119,-0.02679,0,,,,,0.18360,0.09820,0.01994,0.97000,-0.00000,-0.00000,0.24311
3504.0099,1,1,18.05,0.69,29.27,0.12305,-0.06756,0.59258,0.70726,0.59843,1.0786,0,0,0.19456,-0.02894,0.06431,0.19319,-0.02884,0.06343,0.40,0.01,0.59843,0.17847,-0.41085,0.51067,1.47604,0.00001,1.00000,0.17518,-0.40524,0.50044,1.47574,0.00000,1.00000,16,0.18300,-0.04970,0.01494,0.18360,0.09820,0,0.99122,0.00000,0.00000,-0.13221,Left,0,421.96,235.40,406.02,220.37,393.69,198.19,387.37,181.68,380.57,169.37,411.58,151.17,417.12,132.11,421.71,118.92,426.77,108.88,432.04,156.85,442.45,137.93,431.87,165.90,425.14,173.71,451.14,166.30,461.50,154.70,449.64,178.40,441.76,184.08,467.54,179.99,477.35,167.26,467.27,182.42,458.90,187.38,0.00000,-0.02820,-0.04556,-0.06151,-0.07578,-0.01632,-0.03701,-0.04762,-0.05346,-0.01569,-0.04533,-0.04706,-0.03822,-0.01987,-0.05057,-0.04169,-0.02598,-0.02656,-0.04499,-0.03652,-0.02466,-0.01270,0.08448,0.05004,-0.03600,0.06183,0.01625,-0.04417,0.04124,-0.00435,-0.05263,0.02315,-0.03174,-0.06242,0.00077,-0.04765,-0.02861,-0.00667,-0.00371,-0.02300,-0.02808,-0.01740,-0.02014,-0.04473,-0.03262,-0.01699,-0.05247,-0.06945,-0.00436,-0.00470,0.00325,0.00254,-0.02514,-0.03129,-0.01010,-0.00026,-0.04848,-0.01923,0.00871,-0.03092,0.01950,0.00182,0.00473,0.02196,-0.00484,-0.02957,0.01005,0.01454,-0.04080,0.00114,0.02266,-0.02630,0.03293,0.02037,0.00637,0.03910,0.00990,-0.01601,0.03003,0.02019,-0.03133,0.01884,0.03030,-0.02599,0,,,,,0.18360,0.09820,0.01994,0.97000,-0.00000,-0.00000,0.24311
3504.0393,1,1,15.68,0.63,24.44,0.12368,-0.06566,0.58844,0.68683,0.58429,1.0496,0,0,0.19664,-0.02957,0.06240,0.19718,-0.02927,0.06222,0.44,0.00,0.58429,0.17667,-0.38112,0.49421,1.45830,0.00000,1.00000,0.17881,-0.38911,0.49748,1.46239,0.00000,1.00000,16,0.18300,-0.04970,0.01494,0.18360,0.09820,0,0.99122,0.00000,0.00000,-0.13221,Left,0,421.50,237.34,406.44,222.03,395.33,200.08,389.79,183.71,383.44,171.28,412.51,152.37,418.83,134.12,423.46,120.85,429.02,111.30,433.49,158.16,443.13,140.14,432.48,167.68,426.29,175.76,452.92,167.77,462.51,156.37,450.85,178.59,443.36,184.15,469.19,181.99,478.65,169.22,468.04,183.18,459.46,188.02,0.00000,-0.02636,-0.04342,-0.05948,-0.07390,-0.01474,-0.03588,-0.04747,-0.05408,-0.01485,-0.04418,-0.04603,-0.03764,-0.01969,-0.04860,-0.03895,-0.02349,-0.02715,-0.04416,-0.03531,-0.02358,-0.01402,0.08377,0.04787,-0.03563,0.06046,0.01670,-0.04331,0.04022,-0.00326,-0.05056,0.02324,-0.03112,-0.05899,0.00025,-0.04699,-0.02846,-0.00717,-0.00198,-0.02213,-0.02766,-0.01661,-0.01912,-0.04375,-0.03167,-0.01534,-0.05106,-0.06866,-0.00439,-0.00454,0.00363,0.00279,-0.02510,-0.02975,-0.01059,-0.00073,-0.04680,-0.01853,0.00891,-0.03080,0.01942,0.00206,0.00335,0.02131,-0.00594,-0.02832,0.01030,0.01214,-0.03954,0.00201,0.01979,-0.02738,0.03285,0.02030,0.00363,0.03849,0.01010,-0.01720,0.02910,0.01801,-0.03130,0.01826,0.02877,-0.02787,0,,,,,0.18360,0.09820,0.01994,0.97000,-0.00000,0.00000,0.24311
3504.0713,1,1,15.70,0.77,27.72,0.12704,-0.06612,0.59531,0.70631,0.60219,1.0788,0,0,0.19320,-0.03293,0.06287,0.19175,-0.03343,0.06104,0.48,0.01,0.60219,0.20897,-0.40565,0.52349,1.46382,-0.00000,1.00000,0.20140,-0.40884,0.51500,1.46475,0.00000,1.00000,16,0.18300,-0.04970,0.01494,0.18360,0.09820,0,0.99122,0.00000,-0.00000,-0.13221,Left,0,424.10,236.38,409.10,222.12,397.35,201.09,392.00,184.82,385.82,171.81,414.86,152.19,421.01,134.02,426.31,121.35,432.26,112.59,435.46,157.73,445.11,142.12,434.00,169.50,427.65,175.79,454.76,166.93,463.72,158.65,452.17,181.08,445.01,184.70,470.94,180.33,479.35,170.99,469.16,185.78,461.38,189.33,0.00000,-0.02944,-0.04850,-0.06611,-0.08181,-0.01771,-0.03960,-0.05087,-0.05696,-0.01624,-0.04571,-0.04678,-0.03774,-0.01988,-0.04939,-0.03986,-0.02438,-0.02640,-0.04389,-0.03560,-0.02415,-0.01240,0.08390,0.05155,-0.03570,0.06167,0.01804,-0.04358,0.04208,-0.00432,-0.05110,0.02543,-0.03399,-0.06080,0.00304,-0.05097,-0.02841,-0.00642,-0.00447,-0.02295,-0.02762,-0.01879,-0.01869,-0.04285,-0.03387,-0.01480,-0.05013,-0.07252,-0.00414,-0.00468,0.00316,0.00279,-0.02274,-0.03255,-0.01107,0.00297,-0.04806,-0.01961,0.01035,-0.02828,0.01970,0.00174,0.00491,0.02121,-0.00198,-0.02957,0.00946,0.01741,-0.03818,0.00197,0.02206,-0.02134,0.03346,0.02004,0.00644,0.03822,0.01241,-0.01638,0.02857,0.02263,-0.02938,0.01838,0.03131,-0.02354,0,,,,,0.18360,0.09820,0.01994,0.97000,-0.00000,0.00000,0.24311
3504.1035,1,1,15.95,0.69,27.25,0.12984,-0.06560,0.59920,0.72105,0.60309,1.0831,0,0,0.19125,-0.03572,0.06235,0.19181,-0.03619,0.06359,0.36,0.01,0.60309,0.22607,-0.43050,0.52750,1.46387,0.00000,1.00000,0.22172,-0.42091,0.52822,1.46358,0.00000,1.00000,16,0.18300,-0.04970,0.01494,0.18360,0.09820,0,0.99122,0.00000,-0.00000,-0.13221,Left,0,425.67,236.84,410.29,222.05,398.61,200.41,393.63,184.43,388.09,171.72,417.64,152.99,424.06,133.98,429.41,121.52,434.65,113.62,437.74,159.15,447.65,141.58,437.15,167.39,430.35,174.92,456.36,168.99,466.12,157.97,454.85,179.59,447.14,184.96,472.06,182.98,481.72,170.94,471.72,184.82,463.18,189.63,0.00000,-0.02698,-0.04403,-0.05987,-0.07393,-0.01564,-0.03664,-0.04819,-0.05436,-0.01512,-0.04384,-0.04614,-0.03816,-0.01933,-0.04822,-0.03987,-0.02519,-0.02609,-0.04359,-0.03559,-0.02422,-0.01439,0.08367,0.05369,-0.03676,0.06088,0.01905,-0.04481,0.04124,-0.00333,-0.05199,0.02414,-0.03293,-0.06038,0.00170,-0.05037,-0.02796,-0.00688,-0.00486,-0.02144,-0.02889,-0.01879,-0.01743,-0.04428,-0.03438,-0.01392,-0.05061,-0.07201,-0.00431,-0.00449,0.00284,0.00331,-0.02450,-0.03205,-0.00975,-0.00056,-0.04859,-0.01960,0.00763,-0.03082,0.01923,0.00186,0.00511,0.02178,-0.00428,-0.02839,0.01015,0.01362,-0.03922,0.00125,0.02082,-0.02496,0.03249,0.02060,0.00785,0.03870,0.01107,-0.01462,0.02924,0.02003,-0.02957,0.01827,0.03017,-0.02493,0,,,,,0.18360,0.09820,0.01994,0.97000,-0.00000,0.00000,0.24311
3504.1397,1,1,20.31,0.60,31.52,0.13110,-0.06440,0.59771,0.70850,0.59621,1.0404,0,0,0.19200,-0.03699,0.06115,0.19109,-0.03664,0.06015,0.28,0.00,0.59621,0.22988,-0.40526,0.52980,1.45646,0.00001,1.00000,0.22995,-0.41334,0.52875,1.45538,0.00000,1.00000,16,0.18300,-0.04970,0.01494,0.18360,0.09820,0,0.99122,0.00000,-0.00000,-0.13221,Left,0,426.10,238.05,411.49,223.05,400.27,202.32,395.54,185.75,390.49,171.76,418.75,153.89,425.53,135.29,430.73,122.19,436.03,113.46,438.99,160.13,449.06,142.63,437.88,169.33,430.80,176.98,457.90,170.01,467.93,158.61,456.14,180.87,447.62,187.10,473.52,184.17,483.41,171.11,473.17,185.02,463.99,190.20,0.00000,-0.02977,-0.04980,-0.06845,-0.08525,-0.01871,-0.04052,-0.05236,-0.05882,-0.01735,-0.04671,-0.04870,-0.04043,-0.02085,-0.05020,-0.04072,-0.02518,-0.02717,-0.04451,-0.03555,-0.02344,-0.01543,0.08398,0.05087,-0.03740,0.06096,0.01791,-0.04444,0.04076,-0.00452,-0.05060,0.02299,-0.03257,-0.05856,-0.00175,-0.05050,-0.02789,-0.00789,-0.00403,-0.02162,-0.02920,-0.01779,-0.01731,-0.04433,-0.03258,-0.01410,-0.05200,-0.07064,-0.00411,-0.00423,0.00310,0.00404,-0.02507,-0.03135,-0.01027,-0.00038,-0.04832,-0.01985,0.00928,-0.03210,0.01911,0.00188,0.00479,0.02229,-0.00515,-0.02822,0.00969,0.01284,-0.04087,0.00088,0.02110,-0.02676,0.03234,0.02024,0.00664,0.03863,0.01011,-0.01530,0.02904,0.01861,-0.02985,0.01706,0.02967,-0.02627,0,,,,,0.18360,0.09820,0.01994,0.97000,0.00000,0.00000,0.24311
3504.1816,1,1,14.93,0.56,38.52,0.13484,-0.06524,0.60790,0.71505,0.61809,1.0251,0,0,0.18690,-0.04072,0.06198,0.18564,-0.04155,0.06112,0.74,0.01,0.61809,0.26942,-0.45332,0.56373,1.46245,0.00000,1.00000,0.25838,-0.44489,0.55343,1.46243,0.00000,1.00000,16,0.18300,-0.04970,0.01494,0.18360,0.09820,0,0.99122,-0.00000,-0.00000,-0.13221,Left,0,427.54,237.88,412.62,222.78,401.36,200.98,396.76,184.28,392.04,171.27,420.24,153.72,427.31,135.13,432.71,123.20,438.05,116.15,440.15,159.86,450.89,143.38,439.75,169.85,432.99,176.23,458.85,169.35,469.08,159.59,457.46,181.40,449.98,185.83,474.52,182.94,484.10,171.78,474.03,185.76,465.93,189.87,0.00000,-0.02945,-0.04777,-0.06448,-0.07907,-0.01757,-0.03911,-0.05007,-0.05555,-0.01547,-0.04377,-0.04441,-0.03522,-0.01845,-0.04692,-0.03726,-0.02173,-0.02429,-0.04130,-0.03292,-0.02128,-0.01540,0.08456,0.05099,-0.03777,0.06083,0.01585,-0.04442,0.04121,-0.00587,-0.05198,0.02279,-0.03488,-0.05918,0.00048,-0.05057,-0.02822,-0.00717,-0.00543,-0.02163,-0.02870,-0.01924,-0.01715,-0.04367,-0.03481,-0.01342,-0.04804,-0.07330,-0.00446,-0.00481,0.00312,0.00420,-0.02326,-0.03193,-0.00915,0.00096,-0.04769,-0.01905,0.00882,-0.02828,0.01947,0.00233,0.00567,0.02205,-0.00329,-0.02840,0.01069,0.01481,-0.03814,0.00192,0.02129,-0.02217,0.03332,0.02042,0.00791,0.03895,0.01126,-0.01466,0.02972,0.02109,-0.02893,0.01930,0.03032,-0.02427,0,,,,,0.18360,0.09820,0.01994,0.97000,0.00000,0.00000,0.24311
3504.2169,1,1,17.91,0.58,30.44,0.13612,-0.06460,0.60822,0.71823,0.60854,1.0117,0,0,0.18675,-0.04201,0.06134,0.18643,-0.04171,0.06110,0.18,0.00,0.60854,0.26902,-0.44642,0.55816,1.46094,0.00000,1.00000,0.26920,-0.44595,0.55598,1.46078,0.00000,1.00000,16,0.18300,-0.04970,0.01494,0.18360,0.09820,0,0.99122,-0.00000,-0.00000,-0.13221,Left,0,427.83,238.38,412.71,222.81,401.96,201.92,398.09,185.48,393.60,171.48,421.50,154.07,428.28,135.87,433.45,123.15,438.99,115.71,441.37,160.61,451.96,143.22,440.62,169.55,433.88,176.84,459.80,170.59,470.12,159.68,458.06,181.06,450.10,186.71,475.25,185.10,485.08,172.90,474.55,186.01,465.88,190.55,0.00000,-0.02765,-0.04636,-0.06414,-0.07994,-0.01560,-0.03697,-0.04823,-0.05407,-0.01500,-0.04337,-0.04425,-0.03520,-0.01936,-0.04727,-0.03705,-0.02133,-0.02656,-0.04284,-0.03389,-0.02203,-0.01605,0.08384,0.05261,-0.03826,0.06044,0.01848,-0.04499,0.04052,-0.00487,-0.05166,0.02304,-0.03431,-0.05817,-0.00155,-0.05356,-0.02811,-0.00811,-0.00475,-0.02146,-0.03005,-0.01835,-0.01705,-0.04461,-0.03331,-0.01356,-0.05062,-0.07237,-0.00427,-0.00489,0.00312,0.00483,-0.02508,-0.03158,-0.00892,-0.00109,-0.04861,-0.01904,0.00836,-0.03091,0.01883,0.00262,0.00525,0.02249,-0.00484,-0.02806,0.01009,0.01308,-0.03969,0.00095,0.02071,-0.02504,0.03210,0.02127,0.00770,0.03871,0.01113,-0.01438,0.02891,0.01949,-0.02891,0.01740,0.02917,-0.02519,0,,,,,0.18360,0.09820,0.01994,0.97000,0.00000,0.00000,0.24311
3504.2465,1,1,16.25,0.55,24.90,0.13747,-0.06518,0.60829,0.71285,0.60836,1.0400,0,0,0.18671,-0.04336,0.06193,0.18692,-0.04343,0.06201,0.15,0.00,0.60836,0.27894,-0.44307,0.54893,1.46360,0.00000,1.00000,0.27795,-0.44311,0.54977,1.46410,0.00000,1.00000,16,0.18300,-0.04970,0.01494,0.18360,0.09820,0,0.99122,-0.00000,0.00000,-0.13221,Left,0,429.42,237.32,414.05,222.88,402.11,201.98,398.35,186.05,394.87,171.52,422.86,152.53,429.57,133.45,434.48,122.21,439.28,116.58,442.83,158.87,452.53,144.10,440.90,169.84,433.98,176.26,461.10,168.70,470.11,160.49,458.28,181.27,450.71,185.67,476.16,182.96,484.44,173.69,473.75,187.35,465.42,191.17,0.00000,-0.02866,-0.04815,-0.06644,-0.08248,-0.01732,-0.03993,-0.05221,-0.05851,-0.01632,-0.04529,-0.04700,-0.03890,-0.02043,-0.04817,-0.03847,-0.02363,-0.02756,-0.04384,-0.03525,-0.02374,-0.01506,0.08384,0.05294,-0.03754,0.06077,0.01890,-0.04549,0.04263,-0.00549,-0.05238,0.02591,-0.03704,-0.05826,0.00225,-0.05441,-0.02751,-0.00739,-0.00560,-0.02116,-0.03007,-0.01935,-0.01686,-0.04354,-0.03545,-0.01409,-0.04788,-0.07550,-0.00406,-0.00485,0.00303,0.00433,-0.02266,-0.03294,-0.01006,0.00134,-0.04871,-0.01973,0.00959,-0.02953,0.01920,0.00241,0.00539,0.02144,-0.00260,-0.02838,0.00897,0.01535,-0.03757,0.00088,0.02127,-0.02168,0.03203,0.02098,0.00817,0.03712,0.01370,-0.01511,0.02664,0.02244,-0.02809,0.01583,0.03079,-0.02280,0,,,,,0.18360,0.09820,0.01994,0.97000,-0.00000,-0.00000,0.24311
3504.2791,1,1,15.75,0.76,28.42,0.13670,-0.06411,0.60435,0.70708,0.60041,1.0160,0,0,0.18868,-0.04258,0.06085,0.18814,-0.04249,0.06038,0.33,0.00,0.60041,0.27094,-0.42406,0.54454,1.45595,0.00001,0.99999,0.27122,-0.42956,0.54443,1.45588,0.00000,1.00000,16,0.18300,-0.04970,0.01494,0.18360,0.09820,0,0.99122,0.00000,0.00000,-0.13221,Left,0,428.22,239.75,413.19,223.89,402.80,202.62,399.45,185.21,394.82,171.32,421.96,153.72,428.91,135.50,433.86,123.37,439.56,116.50,441.66,160.61,451.82,143.16,440.00,171.01,434.17,177.19,460.01,170.45,470.20,159.47,457.82,181.95,450.45,186.97,475.52,184.56,485.42,172.73,474.27,187.27,465.38,191.75,0.00000,-0.03055,-0.05106,-0.07014,-0.08697,-0.01802,-0.04076,-0.05228,-0.05811,-0.01618,-0.04545,-0.04551,-0.03571,-0.01967,-0.04865,-0.03705,-0.02032,-0.02634,-0.04377,-0.03436,-0.02200,-0.01623,0.08567,0.04955,-0.03753,0.06148,0.01558,-0.04399,0.04169,-0.00700,-0.04960,0.02301,-0.03574,-0.05590,-0.00089,-0.05241,-0.02784,-0.00768,-0.00516,-0.02055,-0.02927,-0.01771,-0.01649,-0.04366,-0.03460,-0.01321,-0.04911,-0.07428,-0.00410,-0.00492,0.00334,0.00522,-0.02462,-0.03199,-0.00939,-0.00003,-0.04874,-0.01768,0.00855,-0.02832,0.01888,0.00227,0.00540,0.02234,-0.00490,-0.02871,0.01008,0.01428,-0.03993,0.00130,0.02138,-0.02510,0.03132,0.02121,0.00701,0.03856,0.01206,-0.01631,0.02756,0.02046,-0.03110,0.01584,0.03019,-0.02506,0,,,,,0.18360,0.09820,0.01994,0.97000,-0.00000,-0.00000,0.24311
3504.3107,1,1,15.73,0.77,27.21,0.13770,-0.06457,0.60710,0.71588,0.60985,1.0142,0,0,0.18730,-0.04358,0.06131,0.18790,-0.04345,0.06158,0.17,0.00,0.60985,0.27730,-0.43691,0.54716,1.45739,0.00000,0.99999,0.27842,-0.43627,0.54897,1.45813,0.00000,1.00000,16,0.18300,-0.04970,0.01494,0.18360,0.09820,0,0.99122,0.00000,0.00000,-0.13221,Left,0,428.36,237.89,413.12,222.22,402.62,201.16,399.44,185.12,395.55,171.55,422.45,153.53,429.20,135.17,434.42,123.29,440.00,116.35,442.52,159.83,452.80,143.42,441.91,169.79,435.43,176.86,460.83,169.53,470.76,159.98,458.98,181.39,451.23,186.88,476.11,183.72,485.61,172.88,474.91,186.49,466.14,191.04,0.00000,-0.02631,-0.04386,-0.06058,-0.07530,-0.01489,-0.03592,-0.04689,-0.05257,-0.01449,-0.04241,-0.04329,-0.03457,-0.01889,-0.04661,-0.03664,-0.02135,-0.02600,-0.04246,-0.03387,-0.02237,-0.01716,0.08399,0.05274,-0.03852,0.05979,0.01741,-0.04530,0.04093,-0.00614,-0.05062,0.02399,-0.03734,-0.05691,0.00104,-0.05509,-0.02794,-0.00704,-0.00533,-0.02112,-0.02942,-0.01858,-0.01635,-0.04358,-0.03467,-0.01302,-0.04852,-0.07350,-0.00411,-0.00481,0.00331,0.00590,-0.02424,-0.03162,-0.00824,-0.00008,-0.04838,-0.01695,0.00934,-0.03037,0.01956,0.00213,0.00530,0.02285,-0.00383,-0.02752,0.01075,0.01416,-0.03878,0.00195,0.02162,-0.02448,0.03240,0.02100,0.00736,0.03871,0.01241,-0.01516,0.02890,0.02009,-0.02889,0.01681,0.02959,-0.02464,0,,,,,0.18360,0.09820,0.01994,0.97000,-0.00000,-0.00000,0.24311
3504.3448,1,1,18.14,0.65,30.27,0.13896,-0.06510,0.61057,0.71744,0.61404,1.0333,0,0,0.18557,-0.04485,0.06185,0.18538,-0.04524,0.06159,0.29,0.00,0.61404,0.29302,-0.44893,0.55675,1.46331,0.00000,0.99999,0.28905,-0.44754,0.55502,1.46336,0.00000,1.00000,16,0.18300,-0.04970,0.01494,0.18360,0.09820,0,0.99122,0.00000,0.00000,-0.13221,Left,0,429.96,239.02,414.00,224.16,402.53,202.63,399.03,185.35,394.87,170.90,422.51,153.74,428.95,135.71,434.11,123.67,439.98,116.20,442.66,159.45,453.06,143.73,441.55,170.82,435.37,176.67,461.26,168.83,471.36,160.02,459.14,182.06,451.77,186.26,476.50,182.72,485.69,173.11,475.04,187.29,467.06,190.97,0.00000,-0.03019,-0.04965,-0.06733,-0.08273,-0.01858,-0.04117,-0.05285,-0.05885,-0.01645,-0.04469,-0.04457,-0.03508,-0.01961,-0.04778,-0.03685,-0.02089,-0.02587,-0.04299,-0.03436,-0.02266,-0.01576,0.08594,0.05263,-0.03772,0.06247,0.01723,-0.04499,0.04283,-0.00583,-0.05138,0.02447,-0.03670,-0.05824,0.00035,-0.05297,-0.02785,-0.00738,-0.00591,-0.02145,-0.02875,-0.02049,-0.01733,-0.04311,-0.03631,-0.01338,-0.04852,-0.07575,-0.00411,-0.00515,0.00318,0.00462,-0.02304,-0.03274,-0.00880,0.00087,-0.04786,-0.01718,0.00943,-0.02741,0.01962,0.00228,0.00580,0.02255,-0.00367,-0.02764,0.01047,0.01510,-0.03746,0.00202,0.02114,-0.01993,0.03236,0.02074,0.00795,0.03825,0.01318,-0.01482,0.02873,0.02213,-0.02856,0.01835,0.03081,-0.02269,0,,,,,0.18360,0.09820,0.01994,0.97000,-0.00000,0.00000,0.24311
3504.3751,1,1,16.22,0.27,25.68,0.13932,-0.06526,0.61095,0.72720,0.61132,0.9988,0,0,0.18557,-0.04485,0.06185,0.18554,-0.04465,0.06151,0.29,0.00,0.61132,0.28903,-0.44761,0.55613,1.46367,-0.00000,0.99999,0.28905,-0.44754,0.55502,1.46336,0.00000,1.00000,16,0.18300,-0.04970,0.01494,0.18360,0.09820,0,0.99122,0.00000,0.00000,-0.13221,Left,1,429.54,237.99,414.64,223.05,403.84,202.33,400.17,185.71,395.63,171.34,422.84,153.40,429.74,134.86,434.87,122.98,440.13,117.37,442.74,159.69,452.66,143.73,441.32,170.24,435.14,176.02,461.27,169.24,470.27,160.92,458.44,182.33,451.40,186.04,476.80,183.17,485.59,173.67,475.14,187.25,467.10,190.59,0.00000,-0.03019,-0.05031,-0.06901,-0.08537,-0.01869,-0.04232,-0.05443,-0.06023,-0.01678,-0.04663,-0.04728,-0.03782,-0.02025,-0.04944,-0.03900,-0.02300,-0.02681,-0.04409,-0.03541,-0.02349,-0.01505,0.08425,0.05562,-0.03678,0.06116,0.01889,-0.04384,0.04205,-0.00604,-0.04996,0.02482,-0.03785,-0.05677,0.00057,-0.05599,-0.02774,-0.00728,-0.00684,-0.02124,-0.02934,-0.02061,-0.01650,-0.04312,-0.03666,-0.01353,-0.04723,-0.07734,-0.00416,-0.00480,0.00267,0.00439,-0.02307,-0.03357,-0.00922,0.00106,-0.04897,-0.01809,0.00871,-0.02803,0.01900,0.00198,0.00628,0.02144,-0.00274,-0.02835,0.00905,0.01555,-0.03800,0.00102,0.02080,-0.02047,0.03206,0.02041,0.00983,0.03784,0.01288,-0.01392,0.02772,0.02176,-0.02781,0.01708,0.02984,-0.02254,0,,,,,0.18360,0.09820,0.01994,0.97000,-0.00000,0.00000,0.24311
3504.4104,1,1,20.28,0.16,30.27,0.13892,-0.06441,0.60772,0.71511,0.60450,1.0327,0,0,0.18557,-0.04485,0.06185,0.18569,-0.04467,0.06157,0.29,0.00,0.60450,0.28891,-0.44724,0.55544,1.46333,-0.00000,1.00000,0.28905,-0.44754,0.55502,1.46336,0.00000,1.00000,16,0.18300,-0.04970,0.01494,0.18360,0.09820,0,0.99122,0.00000,0.00000,-0.13221,Left,0,430.26,239.41,414.60,224.47,403.11,203.51,399.77,186.51,395.25,171.58,422.94,154.45,428.95,136.46,434.10,124.19,440.23,116.19,443.04,160.46,452.53,144.24,441.83,170.83,436.22,177.43,461.61,170.08,470.77,160.53,459.14,182.14,451.94,186.95,477.21,184.17,486.72,173.07,476.03,187.02,467.29,191.46,0.00000,-0.02963,-0.04912,-0.06722,-0.08318,-0.01733,-0.03881,-0.05014,-0.05630,-0.01585,-0.04393,-0.04491,-0.03642,-0.01953,-0.04770,-0.03784,-0.02271,-0.02622,-0.04326,-0.03491,-0.02364,-0.01512,0.08477,0.05297,-0.03766,0.06141,0.01802,-0.04502,0.04202,-0.00640,-0.05090,0.02451,-0.03805,-0.05834,0.00010,-0.05606,-0.02777,-0.00691,-0.00582,-0.02183,-0.02890,-0.01964,-0.01730,-0.04302,-0.03517,-0.01362,-0.05012,-0.07435,-0.00406,-0.00478,0.00291,0.00465,-0.02408,-0.03276,-0.00907,0.00064,-0.04924,-0.01735,0.00906,-0.03043,0.01942,0.00198,0.00573,0.02254,-0.00379,-0.02836,0.01009,0.01464,-0.03915,0.00178,0.02099,-0.02302,0.03223,0.02062,0.00818,0.03897,0.01202,-0.01465,0.02890,0.02030,-0.02925,0.01746,0.02948,-0.02443,0,,,,,0.18360,0.09820,0.01994,0.97000,-0.00000,0.00000,0.24311
3504.4419,1,1,19.17,0.25,27.92,0.13844,-0.06398,0.60578,0.71311,0.60384,1.0291,0,0,0.18654,-0.04437,0.06141,0.18568,-0.04470,0.06159,0.89,0.00,0.60384,0.28908,-0.44733,0.55538,1.46339,-0.00000,1.00000,0.28905,-0.44754,0.55502,1.46336,0.00000,1.00000,16,0.18300,-0.04970,0.01494,0.18360,0.09820,0,0.99122,0.00000,0.00000,-0.13221,Left,0,429.09,239.11,414.28,224.01,403.51,204.16,400.48,187.61,396.22,172.78,422.81,154.23,429.22,137.07,434.52,124.78,440.39,117.52,443.02,160.39,453.02,144.96,442.02,171.89,435.84,177.94,461.57,170.13,471.66,161.17,460.15,182.49,452.51,186.85,476.65,184.52,486.28,174.30,475.80,187.97,467.12,191.86,0.00000,-0.03104,-0.05238,-0.07216,-0.08973,-0.01947,-0.04184,-0.05375,-0.06010,-0.01737,-0.04563,-0.04603,-0.03705,-0.02053,-0.04831,-0.03746,-0.02176,-0.02692,-0.04331,-0.03420,-0.02235,-0.01605,0.08423,0.05306,-0.03733,0.06030,0.01853,-0.04426,0.04182,-0.00595,-0.04943,0.02533,-0.03729,-0.05651,0.00101,-0.05536,-0.02780,-0.00766,-0.00540,-0.02148,-0.02868,-0.01991,-0.01658,-0.04239,-0.03602,-0.01320,-0.04846,-0.07709,-0.00377,-0.00466,0.00281,0.00523,-0.02336,-0.03254,-0.00882,0.00097,-0.04909,-0.01725,0.00981,-0.03091,0.01917,0.00215,0.00538,0.02271,-0.00381,-0.02741,0.01047,0.01449,-0.03863,0.00226,0.02046,-0.02450,0.03175,0.02080,0.00775,0.03846,0.01285,-0.01485,0.02884,0.02064,-0.02845,0.01687,0.02942,-0.02422,0,,,,,0.18360,0.09820,0.01994,0.97000,-0.00000,0.00000,0.24311
3504.4708,1,1,15.89,0.67,24.48,0.13988,-0.06444,0.61149,0.72106,0.61720,1.0120,0,0,0.18369,-0.04581,0.06187,0.18340,-0.04574,0.06160,0.27,0.00,0.61720,0.29999,-0.46429,0.56926,1.46631,-0.00000,1.00000,0.29872,-0.46108,0.56572,1.46623,0.00000,1.00000,16,0.18300,-0.04970,0.01494,0.18360,0.09820,0,0.99122,-0.00000,0.00000,-0.13221,Left,0,429.45,239.03,414.58,224.37,403.71,204.15,400.60,187.32,396.52,172.88,423.14,154.15,429.69,136.88,435.28,124.54,441.03,118.56,443.34,160.66,454.23,144.73,442.65,171.53,435.13,178.22,461.85,170.27,472.45,160.58,460.94,182.00,452.34,187.35,476.79,184.47,486.95,173.26,477.02,186.95,468.22,191.13,0.00000,-0.03179,-0.05390,-0.07429,-0.09244,-0.02062,-0.04407,-0.05686,-0.06347,-0.01830,-0.04778,-0.04889,-0.04007,-0.02122,-0.04946,-0.03830,-0.02218,-0.02741,-0.04347,-0.03354,-0.02099,-0.01602,0.08366,0.05532,-0.03766,0.06026,0.01687,-0.04391,0.04168,-0.00617,-0.05085,0.02466,-0.03781,-0.05686,0.00010,-0.05415,-0.02806,-0.00694,-0.00672,-0.02173,-0.02828,-0.02090,-0.01772,-0.04429,-0.03764,-0.01313,-0.04749,-0.07958,-0.00423,-0.00489,0.00295,0.00485,-0.02362,-0.03219,-0.00944,0.00039,-0.04985,-0.01885,0.00925,-0.03118,0.02000,0.00226,0.00682,0.02232,-0.00468,-0.02706,0.01137,0.01408,-0.03794,0.00141,0.02036,-0.02423,0.03283,0.02017,0.00963,0.03820,0.01154,-0.01192,0.02961,0.01999,-0.02645,0.01847,0.02926,-0.02351,0,,,,,0.18360,0.09820,0.01994,0.97000,-0.00000,0.00000,0.24311
3504.5067,1,1,19.19,0.88,31.63,0.13897,-0.06385,0.60573,0.70576,0.59997,1.0322,0,0,0.18657,-0.04490,0.06129,0.18619,-0.04498,0.06069,0.32,0.01,0.59997,0.28988,-0.43209,0.54879,1.46156,0.00000,1.00000,0.28954,-0.44226,0.55206,1.46090,0.00000,1.00000,16,0.18300,-0.04970,0.01494,0.18360,0.09820,0,0.99122,-0.00000,-0.00000,-0.13221,Left,0,429.82,239.20,415.37,225.19,404.48,205.26,400.91,188.29,396.62,172.55,423.51,154.89,429.65,137.83,434.93,125.67,440.54,118.33,444.03,160.29,454.34,144.65,443.47,171.57,436.72,178.45,462.70,169.62,473.08,160.22,461.53,182.16,453.17,187.94,477.65,183.77,487.48,173.24,477.14,187.14,468.19,191.74,0.00000,-0.03274,-0.05474,-0.07471,-0.09240,-0.02141,-0.04454,-0.05743,-0.06448,-0.01858,-0.04757,-0.04901,-0.04081,-0.02098,-0.04966,-0.03919,-0.02356,-0.02664,-0.04379,-0.03482,-0.02289,-0.01600,0.08360,0.05288,-0.03761,0.06096,0.01682,-0.04390,0.04282,-0.00660,-0.05030,0.02558,-0.03718,-0.05728,-0.00020,-0.05399,-0.02756,-0.00626,-0.00576,-0.02184,-0.02729,-0.02111,-0.01812,-0.04215,-0.03720,-0.01403,-0.04749,-0.07836,-0.00411,-0.00474,0.00311,0.00475,-0.02330,-0.03212,-0.00909,0.00074,-0.04958,-0.01777,0.00969,-0.03185,0.01972,0.00152,0.00591,0.02255,-0.00471,-0.02749,0.01113,0.01437,-0.03853,0.00197,0.02113,-0.02445,0.03205,0.01943,0.00832,0.03789,0.01134,-0.01394,0.02919,0.02019,-0.02856,0.01759,0.03002,-0.02459,0,,,,,0.18360,0.09820,0.01994,0.97000,0.00000,-0.00000,0.24311
3504.5340,1,1,14.80,0.22,24.14,0.13909,-0.06348,0.60480,0.71545,0.60387,1.0280,0,0,0.18703,-0.04502,0.06091,0.18643,-0.04488,0.06174,0.92,0.01,0.60387,0.28884,-0.44481,0.55246,1.46081,0.00001,1.00000,0.28954,-0.44226,0.55206,1.46090,0.00000,1.00000,16,0.18300,-0.04970,0.01494,0.18360,0.09820,0,0.99122,0.00000,0.00000,-0.13221,Left,0,430.17,239.73,415.14,225.68,404.42,205.54,401.20,187.92,396.75,172.77,423.81,154.80,430.41,137.38,435.30,125.31,440.87,118.85,444.15,160.92,454.34,145.41,442.48,172.09,435.94,177.73,462.83,170.46,472.64,161.91,460.30,183.44,452.36,187.57,477.92,184.49,487.60,174.27,476.65,188.39,467.80,192.19,0.00000,-0.03377,-0.05669,-0.07748,-0.09589,-0.02237,-0.04673,-0.05982,-0.06658,-0.01903,-0.04865,-0.04920,-0.04008,-0.02127,-0.05021,-0.03919,-0.02313,-0.02697,-0.04400,-0.03486,-0.02282,-0.01552,0.08406,0.05422,-0.03735,0.06077,0.01790,-0.04419,0.04204,-0.00542,-0.05045,0.02468,-0.03631,-0.05717,-0.00083,-0.05299,-0.02764,-0.00709,-0.00607,-0.02149,-0.02841,-0.02092,-0.01731,-0.04313,-0.03742,-0.01391,-0.04774,-0.07957,-0.00398,-0.00497,0.00308,0.00457,-0.02304,-0.03292,-0.00965,0.00093,-0.05007,-0.01866,0.00823,-0.03090,0.01970,0.00208,0.00576,0.02146,-0.00367,-0.02800,0.00986,0.01514,-0.03815,0.00055,0.01972,-0.02274,0.03220,0.02005,0.00826,0.03768,0.01253,-0.01380,0.02819,0.02115,-0.02820,0.01682,0.02966,-0.02427,0,,,,,0.18360,0.09820,0.01994,0.97000,0.00000,0.00000,0.24311
3504.5668,0,1,16.17,0.00,30.28,0.13909,-0.06366,0.60407,0.70759,0.60335,1.0331,0,0,0.18703,-0.04502,0.06091,0.18615,-0.04493,0.06134,,,0.60335,0.28967,-0.44220,0.55299,1.46094,0.00000,1.00000,0.28954,-0.44226,0.55206,1.46090,0.00000,1.00000,16,0.18300,-0.04970,0.01494,0.18360,0.09820,0,0.99122,0.00000,0.00000,-0.13221,Left,0,429.39,238.81,413.94,223.56,402.89,202.80,400.31,186.97,396.50,173.08,424.23,153.86,430.85,136.68,436.02,125.31,441.29,119.03,444.47,160.11,454.69,144.82,443.28,170.51,436.23,177.15,462.82,169.84,472.48,161.05,460.91,182.02,453.04,187.32,477.99,184.16,487.59,174.18,476.87,187.75,467.76,192.08,0.00000,-0.02926,-0.04927,-0.06804,-0.08469,-0.01731,-0.03994,-0.05275,-0.05965,-0.01637,-0.04557,-0.04776,-0.03993,-0.02057,-0.04899,-0.03945,-0.02449,-0.02785,-0.04474,-0.03621,-0.02466,-0.01757,0.08329,0.05334,-0.03870,0.05941,0.01744,-0.04621,0.04157,-0.00646,-0.05196,0.02543,-0.03811,-0.05792,0.00225,-0.05474,-0.02762,-0.00712,-0.00582,-0.02101,-0.02840,-0.02013,-0.01723,-0.04232,-0.03655,-0.01384,-0.04662,-0.07678,-0.00418,-0.00494,0.00332,0.00517,-0.02317,-0.03210,-0.00967,0.00030,-0.05004,-0.01832,0.00890,-0.03215,0.01962,0.00216,0.00546,0.02156,-0.00352,-0.02773,0.01003,0.01519,-0.03829,0.00158,0.02173,-0.02456,0.03209,0.02058,0.00759,0.03834,0.01354,-0.01464,0.02821,0.02096,-0.02819,0.01661,0.03047,-0.02421,0,,,,,0.18360,0.09820,0.01994,0.97000,0.00000,0.00000,0.24311
3504.6130,0,1,14.73,0.00,42.93,0.13773,-0.06248,0.59853,0.71354,0.59299,1.0565,0,0,0.18703,-0.04502,0.06091,0.18621,-0.04493,0.06137,,,0.59299,0.28957,-0.44194,0.55255,1.46091,-0.00000,1.00000,0.28954,-0.44226,0.55206,1.46090,0.00000,1.00000,16,0.18300,-0.04970,0.01494,0.18360,0.09820,0,0.99122,0.00000,0.00000,-0.13221,Left,0,429.90,239.95,414.63,225.26,403.38,205.06,400.71,188.28,396.74,172.99,423.44,156.08,429.80,138.91,435.52,126.15,441.39,117.65,443.77,161.53,453.69,145.63,443.26,172.23,437.05,178.83,462.50,170.92,472.28,161.69,460.97,183.10,453.05,187.75,477.74,185.05,487.05,174.70,476.59,188.72,467.57,192.90,0.00000,-0.03098,-0.05220,-0.07174,-0.08920,-0.02017,-0.04284,-0.05544,-0.06253,-0.01862,-0.04760,-0.04934,-0.04144,-0.02215,-0.05072,-0.04071,-0.02563,-0.02879,-0.04579,-0.03682,-0.02517,-0.01554,0.08328,0.05467,-0.03721,0.06016,0.01975,-0.04513,0.04179,-0.00530,-0.05047,0.02476,-0.03631,-0.05697,-0.00076,-0.05446,-0.02756,-0.00630,-0.00581,-0.02121,-0.02788,-0.02048,-0.01666,-0.04228,-0.03689,-0.01307,-0.04945,-0.07771,-0.00388,-0.00458,0.00313,0.00554,-0.02373,-0.03245,-0.00939,0.00054,-0.04931,-0.01736,0.00896,-0.03115,0.02004,0.00164,0.00544,0.02217,-0.00437,-0.02733,0.01033,0.01431,-0.03828,0.00186,0.02004,-0.02428,0.03142,0.01973,0.00756,0.03797,0.01206,-0.01486,0.02827,0.02041,-0.02877,0.01655,0.02938,-0.02425,0,,,,,0.18360,0.09820,0.01994,0.97000,0.00000,0.00000,0.24311
3504.6469,0,1,16.63,0.00,29.83,0.13958,-0.06326,0.60758,0.72439,0.61663,1.0054,0,0,0.18703,-0.04502,0.06091,0.18625,-0.04494,0.06141,,,0.61663,0.28957,-0.44203,0.55236,1.46091,-0.00000,1.00000,0.28954,-0.44226,0.55206,1.46090,0.00000,1.00000,16,0.18300,-0.04970,0.01494,0.18360,0.09820,0,0.99122,0.00000,0.00000,-0.13221,Left,0,429.25,238.63,414.44,224.11,404.00,203.36,401.27,187.05,396.72,172.95,423.53,155.17,430.56,137.65,436.08,125.71,441.75,119.29,443.58,161.66,455.43,144.90,443.62,171.07,435.85,178.17,462.03,171.30,473.27,160.66,461.24,182.33,452.54,188.14,477.20,185.41,487.62,173.78,477.50,187.67,468.77,192.21,0.00000,-0.02975,-0.05048,-0.06982,-0.08724,-0.01879,-0.04200,-0.05482,-0.06146,-0.01775,-0.04740,-0.04913,-0.04063,-0.02181,-0.05066,-0.04030,-0.02446,-0.02885,-0.04552,-0.03591,-0.02351,-0.01708,0.08371,0.05286,-0.03873,0.05993,0.01658,-0.04519,0.04117,-0.00652,-0.05165,0.02395,-0.03803,-0.05732,0.00001,-0.05442,-0.02821,-0.00742,-0.00532,-0.02144,-0.02891,-0.01942,-0.01748,-0.04420,-0.03552,-0.01304,-0.04831,-0.07566,-0.00426,-0.00501,0.00350,0.00541,-0.02440,-0.03129,-0.00920,-0.00087,-0.04919,-0.01854,0.00807,-0.03050,0.02010,0.00240,0.00565,0.02304,-0.00494,-0.02798,0.01139,0.01429,-0.03867,0.00137,0.02145,-0.02507,0.03281,0.02114,0.00721,0.03897,0.01207,-0.01411,0.02966,0.02020,-0.02867,0.01885,0.02998,-0.02405,0,,,,,0.18360,0.09820,0.01994,0.97000,0.00000,0.00000,0.24311
3504.6789,0,1,16.29,0.00,28.43,0.14132,-0.06497,0.61566,0.72593,0.62373,1.0062,0,0,0.18703,-0.04502,0.06091,0.18625,-0.04494,0.06141,,,0.62373,0.28955,-0.44202,0.55239,1.46091,0.00000,1.00000,0.28954,-0.44226,0.55206,1.46090,0.00000,1.00000,16,0.18300,-0.04970,0.01494,0.18360,0.09820,0,0.99122,-0.00000,0.00000,-0.13221,Left,0,430.01,237.56,413.77,222.75,402.44,202.06,399.24,185.21,395.43,170.52,423.41,153.71,430.23,135.63,435.43,124.82,440.49,119.99,443.32,159.95,454.05,143.95,442.36,170.56,435.45,176.49,461.83,169.39,472.18,160.22,459.90,182.36,451.79,187.44,477.02,183.11,486.90,173.03,476.30,187.40,467.82,191.61,0.00000,-0.03102,-0.05213,-0.07167,-0.08900,-0.01980,-0.04311,-0.05531,-0.06122,-0.01765,-0.04667,-0.04753,-0.03855,-0.02076,-0.04977,-0.03904,-0.02291,-0.02694,-0.04417,-0.03473,-0.02222,-0.01651,0.08447,0.05302,-0.03840,0.06130,0.01640,-0.04601,0.04275,-0.00638,-0.05231,0.02456,-0.03740,-0.05828,0.00073,-0.05261,-0.02821,-0.00706,-0.00674,-0.02109,-0.02884,-0.02061,-0.01725,-0.04266,-0.03733,-0.01374,-0.04531,-0.07886,-0.00420,-0.00503,0.00326,0.00478,-0.02321,-0.03305,-0.00927,0.00088,-0.04943,-0.01800,0.00855,-0.02786,0.01951,0.00187,0.00626,0.02267,-0.00283,-0.02856,0.01057,0.01639,-0.03817,0.00149,0.02277,-0.02060,0.03282,0.02074,0.00866,0.03890,0.01325,-0.01459,0.02869,0.02184,-0.02934,0.01842,0.03155,-0.02287,0,,,,,0.18360,0.09820,0.01994,0.97000,-0.00000,0.00000,0.24311
3504.7092,0,1,15.65,0.00,26.99,0.14054,-0.06622,0.61627,0.70911,0.61688,1.0012,0,0,0.18703,-0.04502,0.06091,0.18624,-0.04494,0.06140,,,0.61688,0.28955,-0.44201,0.55241,1.46091,-0.00000,1.00000,0.28954,-0.44226,0.55206,1.46090,0.00000,1.00000,16,0.18300,-0.04970,0.01494,0.18360,0.09820,0,0.99122,-0.00000,0.00000,-0.13221,Left,0,428.32,237.07,411.69,220.80,400.47,197.30,397.38,180.20,392.97,167.60,421.48,152.20,428.26,134.78,433.51,123.52,438.67,116.59,441.85,158.26,452.81,142.36,441.70,168.40,434.39,175.31,460.44,167.73,470.53,158.50,458.68,180.57,450.53,186.30,475.83,181.65,485.30,171.37,474.88,185.54,466.39,190.09,0.00000,-0.02665,-0.04296,-0.05802,-0.07129,-0.01460,-0.03589,-0.04781,-0.05420,-0.01410,-0.04301,-0.04555,-0.03773,-0.01834,-0.04726,-0.03854,-0.02362,-0.02516,-0.04273,-0.03460,-0.02302,-0.01832,0.08528,0.04979,-0.03930,0.06057,0.01502,-0.04716,0.04024,-0.00638,-0.05266,0.02056,-0.03498,-0.05961,-0.00113,-0.04886,-0.02873,-0.00757,-0.00577,-0.02115,-0.02821,-0.01975,-0.01725,-0.04184,-0.03604,-0.01468,-0.04693,-0.07391,-0.00433,-0.00476,0.00331,0.00507,-0.02301,-0.03172,-0.00860,0.00009,-0.04849,-0.01777,0.00906,-0.02875,0.01962,0.00218,0.00526,0.02246,-0.00288,-0.02746,0.01030,0.01543,-0.03781,0.00255,0.02379,-0.02163,0.03273,0.02065,0.00686,0.03944,0.01337,-0.01549,0.02875,0.02140,-0.02901,0.01885,0.03157,-0.02389,0,,,,,0.18360,0.09820,0.01994,0.97000,-0.00000,0.00000,0.24311
3504.7431,0,1,16.28,0.00,30.42,0.13895,-0.06861,0.61541,0.70471,0.61455,0.9936,0,0,0.18703,-0.04502,0.06091,0.18624,-0.04494,0.06140,,,0.61455,0.28954,-0.44200,0.55242,1.46091,-0.00000,1.00000,0.28954,-0.44226,0.55206,1.46090,0.00000,1.00000,16,0.18300,-0.04970,0.01494,0.18360,0.09820,0,0.99122,-0.00000,0.00000,-0.13221,Left,0,427.53,233.78,411.10,218.85,399.23,195.85,395.41,178.35,391.56,163.47,419.00,149.63,425.74,132.86,430.46,121.93,435.87,114.32,439.85,154.89,449.95,140.75,438.68,167.23,431.81,173.85,458.73,163.98,467.95,156.66,456.08,178.81,448.59,183.57,474.26,177.53,482.24,170.10,471.64,184.55,463.93,188.12,0.00000,-0.02799,-0.04507,-0.06049,-0.07385,-0.01627,-0.03845,-0.05081,-0.05763,-0.01504,-0.04417,-0.04630,-0.03849,-0.01876,-0.04774,-0.03835,-0.02331,-0.02527,-0.04276,-0.03468,-0.02335,-0.01450,0.08580,0.04796,-0.03713,0.06231,0.01471,-0.04543,0.04238,-0.00609,-0.05241,0.02184,-0.03486,-0.05958,-0.00089,-0.04813,-0.02887,-0.00632,-0.00491,-0.02237,-0.02678,-0.02016,-0.01888,-0.03997,-0.03679,-0.01590,-0.04573,-0.07520,-0.00425,-0.00490,0.00352,0.00322,-0.02170,-0.03215,-0.01027,0.00225,-0.04762,-0.01847,0.01025,-0.02559,0.01960,0.00155,0.00483,0.02172,-0.00186,-0.02893,0.00947,0.01757,-0.03645,0.00233,0.02443,-0.01842,0.03339,0.02051,0.00580,0.03784,0.01453,-0.01708,0.02698,0.02384,-0.02986,0.01804,0.03298,-0.02133,0,,,,,0.18360,0.09820,0.01994,0.97000,0.00000,0.00000,0.24311
3504.7759,0,1,15.98,0.00,28.61,0.13818,-0.07158,0.62071,0.72031,0.62601,0.9762,0,0,0.18703,-0.04502,0.06091,0.18624,-0.04494,0.06140,,,0.62601,0.28954,-0.44200,0.55242,1.46091,-0.00000,1.00000,0.28954,-0.44226,0.55206,1.46090,0.00000,1.00000,16,0.18300,-0.04970,0.01494,0.18360,0.09820,0,0.99122,-0.00000,0.00000,-0.13221,Left,0,426.43,230.45,408.53,214.66,397.16,190.37,394.06,171.57,390.19,156.73,417.36,148.12,424.02,129.41,428.62,117.85,433.38,109.68,437.41,153.60,447.76,137.88,436.81,163.81,429.56,171.55,455.82,162.46,465.64,152.54,454.00,175.00,446.18,181.72,471.30,175.37,479.77,165.32,470.19,180.17,463.00,185.36,0.00000,-0.02663,-0.04210,-0.05625,-0.06869,-0.01379,-0.03360,-0.04419,-0.04980,-0.01278,-0.04078,-0.04289,-0.03484,-0.01636,-0.04493,-0.03595,-0.02077,-0.02243,-0.03998,-0.03167,-0.01983,-0.01522,0.08696,0.04390,-0.03811,0.06318,0.01169,-0.04590,0.04019,-0.00613,-0.05256,0.01768,-0.03232,-0.05961,-0.00598,-0.04425,-0.02876,-0.00673,-0.00484,-0.02169,-0.02836,-0.01769,-0.01810,-0.04266,-0.03208,-0.01586,-0.04985,-0.06877,-0.00406,-0.00480,0.00346,0.00308,-0.02225,-0.03074,-0.01007,0.00126,-0.04589,-0.01856,0.00943,-0.02339,0.01957,0.00187,0.00503,0.02283,-0.00337,-0.02836,0.01048,0.01647,-0.03675,0.00239,0.02510,-0.01845,0.03291,0.02063,0.00555,0.03830,0.01243,-0.01717,0.02873,0.02224,-0.03105,0.02005,0.03210,-0.02216,0,,,,,0.18360,0.09820,0.01994,0.97000,0.00000,0.00000,0.24311
3504.8053,0,1,14.49,0.00,24.69,0.13675,-0.07536,0.62442,0.71024,0.62813,1.0134,0,0,0.18703,-0.04502,0.06091,0.18624,-0.04494,0.06140,,,0.62813,0.28954,-0.44200,0.55242,1.46091,-0.00000,1.00000,0.28954,-0.44226,0.55206,1.46090,0.00000,1.00000,16,0.18300,-0.04970,0.01494,0.18360,0.09820,0,0.99122,-0.00000,0.00000,-0.13221,Left,0,424.31,226.30,406.47,209.80,395.15,183.81,391.19,164.44,386.45,150.29,415.52,144.48,421.98,125.34,426.16,113.86,430.64,103.95,435.37,149.72,445.24,132.55,435.10,157.25,427.88,166.97,453.17,158.68,463.20,147.26,452.38,168.68,445.32,176.06,468.66,171.63,477.15,159.94,468.07,174.17,461.41,179.88,-0.00000,-0.02344,-0.03460,-0.04442,-0.05283,-0.00970,-0.02678,-0.03662,-0.04252,-0.00932,-0.03688,-0.04122,-0.03499,-0.01299,-0.04110,-0.03475,-0.02146,-0.01866,-0.03591,-0.02904,-0.01859,-0.01602,0.08727,0.03872,-0.03842,0.06293,0.00845,-0.04682,0.03863,-0.00652,-0.05507,0.01471,-0.02878,-0.06256,-0.00796,-0.03628,-0.02926,-0.00641,-0.00385,-0.02218,-0.02820,-0.01632,-0.01882,-0.04299,-0.02932,-0.01739,-0.05190,-0.06322,-0.00378,-0.00480,0.00405,0.00291,-0.02411,-0.02881,-0.01026,-0.00194,-0.04658,-0.01889,0.00800,-0.02797,0.01928,0.00161,0.00411,0.02260,-0.00498,-0.02767,0.01090,0.01438,-0.03860,0.00331,0.02394,-0.02313,0.03233,0.02051,0.00364,0.03842,0.01074,-0.01789,0.02884,0.02009,-0.03274,0.02091,0.03015,-0.02508,0,,,,,0.18360,0.09820,0.01994,0.97000,-0.00000,-0.00000,0.24311
3504.8384,0,1,16.12,0.00,29.51,0.13520,-0.08042,0.62706,0.70982,0.62969,1.0220,0,0,0.18703,-0.04502,0.06091,0.18624,-0.04494,0.06140,,,0.62969,0.28954,-0.44200,0.55242,1.46091,-0.00000,1.00000,0.28954,-0.44226,0.55206,1.46090,0.00000,1.00000,16,0.18300,-0.04970,0.01494,0.18360,0.09820,0,0.99122,-0.00000,0.00000,-0.13221,Left,0,424.47,221.92,406.97,206.02,394.53,180.20,389.52,159.01,384.66,141.49,413.21,139.66,419.16,120.28,423.58,107.76,428.38,97.08,432.84,144.10,441.40,128.37,431.47,153.68,424.93,162.93,451.02,152.68,459.38,142.89,448.90,164.78,442.52,171.88,466.69,165.41,473.92,154.76,464.47,170.21,458.04,176.69,0.00000,-0.02493,-0.03861,-0.05104,-0.06199,-0.01114,-0.02917,-0.03942,-0.04557,-0.01020,-0.03733,-0.04086,-0.03445,-0.01348,-0.04169,-0.03418,-0.02035,-0.01894,-0.03655,-0.02897,-0.01794,-0.01248,0.08793,0.03983,-0.03578,0.06401,0.01044,-0.04518,0.03911,-0.00549,-0.05441,0.01426,-0.02875,-0.06274,-0.01182,-0.03550,-0.02889,-0.00634,-0.00292,-0.02277,-0.02836,-0.01696,-0.01952,-0.04362,-0.03006,-0.01690,-0.05331,-0.06594,-0.00394,-0.00511,0.00354,0.00094,-0.02192,-0.02996,-0.01170,0.00018,-0.04611,-0.02028,0.01059,-0.02672,0.01943,0.00194,0.00345,0.02043,-0.00413,-0.02978,0.00992,0.01675,-0.03803,0.00216,0.02491,-0.02053,0.03269,0.02059,0.00260,0.03681,0.01121,-0.02017,0.02748,0.02296,-0.03458,0.01968,0.03272,-0.02494,0,,,,,0.18360,0.09820,0.01994,0.97000,-0.00000,0.00000,0.24311
3504.8709,0,1,15.76,0.00,28.58,0.13439,-0.08628,0.63366,0.70265,0.64027,1.0241,0,0,0.18703,-0.04502,0.06091,0.18624,-0.04494,0.06140,,,0.64027,0.28954,-0.44200,0.55242,1.46091,-0.00000,1.00000,0.28954,-0.44226,0.55206,1.46090,0.00000,1.00000,16,0.18300,-0.04970,0.01494,0.18360,0.09820,0,0.99122,0.00000,0.00000,-0.13221,Left,0,423.89,216.95,405.24,200.68,392.45,172.58,386.73,150.50,382.02,132.03,411.58,135.59,417.19,114.16,421.59,101.69,426.24,89.75,430.73,139.81,439.83,121.66,431.25,145.18,423.99,156.81,448.13,148.23,456.83,136.22,447.14,158.04,440.26,166.93,463.83,160.61,471.07,148.76,462.15,164.32,455.25,171.92,-0.00000,-0.02132,-0.03080,-0.03929,-0.04654,-0.00707,-0.02353,-0.03385,-0.04054,-0.00744,-0.03545,-0.04243,-0.03841,-0.01142,-0.04033,-0.03611,-0.02426,-0.01704,-0.03575,-0.03026,-0.02065,-0.01170,0.08839,0.03457,-0.03572,0.06389,0.00882,-0.04635,0.03753,-0.00496,-0.05657,0.01119,-0.02483,-0.06465,-0.01582,-0.02975,-0.02887,-0.00637,-0.00183,-0.02287,-0.02987,-0.01398,-0.01923,-0.04459,-0.02518,-0.01650,-0.05677,-0.05621,-0.00398,-0.00463,0.00416,0.00162,-0.02357,-0.02873,-0.00997,-0.00353,-0.04604,-0.01903,0.00910,-0.03100,0.01978,0.00188,0.00281,0.02162,-0.00580,-0.02975,0.00973,0.01478,-0.03855,0.00182,0.02578,-0.02170,0.03225,0.02076,0.00053,0.03712,0.01020,-0.02202,0.02782,0.02220,-0.03719,0.01870,0.03345,-0.02608,0,,,,,0.18360,0.09820,0.01994,0.97000,0.00000,0.00000,0.24311
3504.9030,0,1,16.24,0.00,27.45,0.13263,-0.09144,0.63594,0.68821,0.63822,1.0398,0,0,0.18703,-0.04502,0.06091,0.18624,-0.04494,0.06140,,,0.63822,0.28954,-0.44200,0.55242,1.46091,-0.00000,1.00000,0.28954,-0.44226,0.55206,1.46090,0.00000,1.00000,16,0.18300,-0.04970,0.01494,0.18360,0.09820,0,0.99122,-0.00000,0.00000,-0.13221,Left,0,421.13,212.59,403.01,195.13,390.96,165.27,385.00,142.85,379.70,124.95,410.34,131.39,415.44,110.01,419.53,96.58,423.92,84.19,429.15,135.59,436.99,116.28,427.89,138.70,420.71,150.32,446.24,144.22,454.36,130.79,444.21,151.86,437.42,160.73,461.45,156.77,468.08,144.62,458.31,159.30,451.13,166.84,-0.00000,-0.01978,-0.02721,-0.03406,-0.03983,-0.00396,-0.01968,-0.02957,-0.03609,-0.00489,-0.03285,-0.03979,-0.03551,-0.00944,-0.03847,-0.03467,-0.02283,-0.01552,-0.03432,-0.02934,-0.02006,-0.01350,0.08800,0.02876,-0.03679,0.06297,0.00511,-0.04720,0.03491,-0.00517,-0.05625,0.00840,-0.02142,-0.06516,-0.01805,-0.02251,-0.02822,-0.00691,-0.00055,-0.02201,-0.02942,-0.01143,-0.01915,-0.04517,-0.02198,-0.01662,-0.05777,-0.04964,-0.00373,-0.00458,0.00476,0.00030,-0.02448,-0.02750,-0.01173,-0.00503,-0.04443,-0.02037,0.00694,-0.02948,0.01916,0.00229,0.00162,0.01995,-0.00614,-0.03019,0.00845,0.01302,-0.03840,0.00034,0.02411,-0.02213,0.03106,0.02139,-0.00210,0.03586,0.01065,-0.02481,0.02497,0.02083,-0.03908,0.01563,0.03246,-0.02796,0,,,,,0.18360,0.09820,0.01994,0.97000,0.00000,0.00000,0.24311
3504.9358,0,1,16.88,0.00,28.34,0.13208,-0.09719,0.64281,0.70365,0.64968,1.0837,0,0,0.18703,-0.04502,0.06091,0.18624,-0.04494,0.06140,,,0.64968,0.28954,-0.44200,0.55242,1.46091,-0.00000,1.00000,0.28954,-0.44226,0.55206,1.46090,0.00000,1.00000,16,0.18300,-0.04970,0.01494,0.18360,0.09820,0,0.99122,0.00000,-0.00000,-0.13221,Left,0,419.85,207.59,401.97,190.22,389.81,161.00,383.46,137.94,377.17,119.71,409.47,127.89,414.38,105.06,418.37,91.16,422.35,78.29,427.88,132.09,435.53,112.40,426.86,134.03,419.59,146.01,444.48,140.57,452.63,126.61,443.07,147.19,436.56,156.62,459.37,152.78,466.24,140.04,457.30,154.22,450.65,162.04,-0.00000,-0.02091,-0.02929,-0.03710,-0.04380,-0.00460,-0.02026,-0.03001,-0.03644,-0.00520,-0.03371,-0.04149,-0.03773,-0.00942,-0.03893,-0.03573,-0.02414,-0.01523,-0.03413,-0.02939,-0.02025,-0.01356,0.08777,0.02992,-0.03667,0.06268,0.00612,-0.04720,0.03459,-0.00473,-0.05768,0.00767,-0.02063,-0.06822,-0.02000,-0.02113,-0.02809,-0.00676,-0.00102,-0.02257,-0.03107,-0.01013,-0.01966,-0.04753,-0.01930,-0.01745,-0.06128,-0.04825,-0.00359,-0.00457,0.00411,0.00019,-0.02380,-0.02833,-0.01176,-0.00522,-0.04624,-0.02078,0.00660,-0.03161,0.01924,0.00234,0.00232,0.02060,-0.00603,-0.02995,0.00870,0.01293,-0.03972,0.00077,0.02316,-0.02442,0.03102,0.02115,-0.00129,0.03590,0.00973,-0.02342,0.02595,0.02076,-0.03810,0.01743,0.03141,-0.02873,0,,,,,0.18360,0.09820,0.01994,0.97000,0.00000,0.00000,0.24311
3504.9660,0,1,16.10,0.00,25.90,0.13103,-0.10309,0.64682,0.70826,0.65082,1.0660,0,0,0.18703,-0.04502,0.06091,0.18624,-0.04494,0.06140,,,0.65082,0.28954,-0.44200,0.55242,1.46091,-0.00000,1.00000,0.28954,-0.44226,0.55206,1.46090,0.00000,1.00000,16,0.18300,-0.04970,0.01494,0.18360,0.09820,0,0.99122,-0.00000,-0.00000,-0.13221,Left,0,419.09,202.93,400.31,186.02,388.01,157.16,381.77,134.57,375.72,116.11,408.03,122.59,412.89,100.52,416.68,86.85,420.34,74.32,426.19,126.97,433.43,109.07,424.83,131.89,418.13,143.38,442.63,135.54,450.01,123.58,440.02,144.69,433.62,153.13,457.49,147.85,463.61,136.82,453.74,151.58,446.35,158.83,-0.00000,-0.02134,-0.03040,-0.03872,-0.04580,-0.00567,-0.02119,-0.03032,-0.03628,-0.00592,-0.03375,-0.03987,-0.03506,-0.00992,-0.03917,-0.03498,-0.02287,-0.01556,-0.03435,-0.02923,-0.01986,-0.01270,0.08808,0.03301,-0.03628,0.06402,0.00732,-0.04745,0.03616,-0.00512,-0.05725,0.00958,-0.02259,-0.06786,-0.01908,-0.02480,-0.02805,-0.00714,-0.00214,-0.02203,-0.03045,-0.01205,-0.01897,-0.04602,-0.02132,-0.01794,-0.05992,-0.05071,-0.00347,-0.00454,0.00400,0.00022,-0.02223,-0.02999,-0.01224,-0.00167,-0.04654,-0.02037,0.00955,-0.03042,0.01914,0.00218,0.00298,0.01990,-0.00395,-0.03114,0.00674,0.01606,-0.04013,-0.00011,0.02515,-0.02174,0.03065,0.02119,-0.00025,0.03496,0.01140,-0.02451,0.02442,0.02371,-0.03902,0.01383,0.03430,-0.02744,0,,,,,0.18360,0.09820,0.01994,0.97000,0.00000,0.00000,0.24311
3505.0000,0,1,16.61,0.00,29.54,0.12798,-0.10573,0.64028,0.69794,0.63374,1.1230,0,0,0.18703,-0.04502,0.06091,0.18624,-0.04494,0.06140,,,0.63374,0.28954,-0.44200,0.55242,1.46091,-0.00000,1.00000,0.28954,-0.44226,0.55206,1.46090,0.00000,1.00000,16,0.18300,-0.04970,0.01494,0.18360,0.09820,0,0.99122,-0.00000,-0.00000,-0.13221,Left,0,416.94,201.37,399.21,184.68,386.73,155.21,379.68,131.95,373.58,113.11,407.26,120.52,411.77,97.34,415.49,82.78,419.51,70.20,424.79,124.95,431.65,105.51,422.18,129.31,415.88,141.20,441.13,133.49,448.13,120.07,437.70,142.10,432.07,151.24,456.17,145.76,462.22,132.25,452.47,147.43,446.03,155.69,-0.00000,-0.02289,-0.03274,-0.04173,-0.04934,-0.00629,-0.02249,-0.03155,-0.03713,-0.00590,-0.03440,-0.03973,-0.03383,-0.00956,-0.04005,-0.03517,-0.02189,-0.01498,-0.03461,-0.02903,-0.01889,-0.01408,0.08926,0.02631,-0.03620,0.06406,0.00418,-0.04673,0.03644,-0.00552,-0.05671,0.00845,-0.01878,-0.06785,-0.02062,-0.02142,-0.02676,-0.00732,0.00009,-0.02094,-0.03111,-0.00916,-0.01845,-0.04702,-0.01868,-0.01694,-0.06161,-0.04829,-0.00344,-0.00434,0.00431,-0.00004,-0.02340,-0.02842,-0.01313,-0.00285,-0.04393,-0.02092,0.00886,-0.02782,0.01780,0.00192,0.00167,0.01873,-0.00452,-0.03135,0.00495,0.01465,-0.04053,-0.00040,0.02474,-0.02248,0.02948,0.02075,-0.00311,0.03416,0.00956,-0.02599,0.02397,0.02097,-0.04010,0.01518,0.03314,-0.02970,0,,,,,0.18360,0.09820,0.01994,0.97000,0.00000,-0.00000,0.24311
3505.0456,0,1,15.50,0.00,40.45,0.12649,-0.10849,0.64104,0.69423,0.64180,1.1099,0,0,0.18703,-0.04502,0.06091,0.18624,-0.04494,0.06140,,,0.64180,0.28954,-0.44200,0.55242,1.46091,-0.00000,1.00000,0.28954,-0.44226,0.55206,1.46090,0.00000,1.00000,16,0.18300,-0.04970,0.01494,0.18360,0.09820,0,0.99122,0.00000,-0.00000,-0.13221,Left,0,416.90,199.80,397.90,181.78,385.17,152.92,378.00,129.90,371.99,111.26,405.68,119.87,410.02,96.14,413.62,81.70,417.01,68.54,423.21,123.77,429.90,104.95,421.07,127.33,413.95,139.60,439.48,132.10,446.58,118.26,436.71,139.73,430.31,149.67,454.53,144.10,460.55,130.70,450.78,145.10,443.58,153.52,-0.00000,-0.02145,-0.03031,-0.03869,-0.04575,-0.00453,-0.02012,-0.02965,-0.03603,-0.00476,-0.03281,-0.03955,-0.03538,-0.00885,-0.03877,-0.03511,-0.02315,-0.01458,-0.03387,-0.02907,-0.01987,-0.01394,0.08883,0.02312,-0.03698,0.06354,0.00032,-0.04766,0.03597,-0.00855,-0.05782,0.00732,-0.01964,-0.06885,-0.02116,-0.02007,-0.02719,-0.00665,-0.00099,-0.02179,-0.03123,-0.00903,-0.01923,-0.04772,-0.01833,-0.01820,-0.06168,-0.04663,-0.00367,-0.00432,0.00452,-0.00027,-0.02275,-0.02859,-0.01316,-0.00252,-0.04601,-0.02180,0.00986,-0.03198,0.01867,0.00201,0.00251,0.01907,-0.00560,-0.03092,0.00609,0.01404,-0.04137,-0.00060,0.02577,-0.02441,0.02990,0.02031,-0.00208,0.03475,0.00876,-0.02541,0.02435,0.02008,-0.04083,0.01442,0.03205,-0.03067,0,,,,,0.18360,0.09820,0.01994,0.97000,-0.00000,-0.00000,0.24311
3505.0786,0,1,16.47,0.00,28.22,0.12592,-0.11055,0.64790,0.69467,0.65477,1.1038,0,0,0.18703,-0.04502,0.06091,0.18624,-0.04494,0.06140,,,0.65477,0.28954,-0.44200,0.55242,1.46091,-0.00000,1.00000,0.28954,-0.44226,0.55206,1.46090,0.00000,1.00000,16,0.18300,-0.04970,0.01494,0.18360,0.09820,0,0.99122,0.00000,-0.00000,-0.13221,Left,0,414.21,200.13,395.69,182.52,383.93,153.80,376.95,130.20,370.72,111.03,404.35,120.63,408.22,95.90,411.75,81.03,415.55,67.64,421.77,124.56,428.15,103.47,419.43,124.40,412.39,137.58,437.68,132.97,444.33,117.73,434.83,138.27,428.66,149.06,452.49,145.08,458.40,130.30,448.64,144.52,440.83,154.22,-0.00000,-0.02260,-0.03218,-0.04104,-0.04856,-0.00583,-0.02201,-0.03223,-0.03897,-0.00587,-0.03486,-0.04278,-0.03915,-0.00979,-0.04047,-0.03795,-0.02642,-0.01542,-0.03564,-0.03162,-0.02273,-0.01502,0.08832,0.02413,-0.03732,0.06385,0.00217,-0.04761,0.03586,-0.00848,-0.05756,0.00717,-0.01889,-0.06846,-0.02131,-0.02110,-0.02781,-0.00767,-0.00063,-0.02171,-0.03160,-0.00953,-0.01965,-0.04786,-0.01843,-0.01863,-0.06360,-0.04728,-0.00336,-0.00406,0.00433,0.00022,-0.02463,-0.02742,-0.01286,-0.00621,-0.04636,-0.02275,0.00655,-0.03631,0.01797,0.00187,0.00229,0.01891,-0.00649,-0.02976,0.00558,0.01227,-0.04086,-0.00081,0.02428,-0.02723,0.02930,0.02071,-0.00226,0.03481,0.00805,-0.02440,0.02355,0.01827,-0.04086,0.01324,0.03301,-0.03159,0,,,,,0.18360,0.09820,0.01994,0.97000,-0.00000,-0.00000,0.24311
3505.1121,0,1,17.97,0.00,29.13,0.12436,-0.11134,0.64950,0.70225,0.65109,1.1234,0,0,0.18703,-0.04502,0.06091,0.18624,-0.04494,0.06140,,,0.65109,0.28954,-0.44200,0.55242,1.46091,-0.00000,1.00000,0.28954,-0.44226,0.55206,1.46090,0.00000,1.00000,16,0.18300,-0.04970,0.01494,0.18360,0.09820,0,0.99122,0.00000,-0.00000,-0.13221,Left,0,413.02,200.15,394.81,182.29,382.51,154.09,375.47,131.17,369.36,112.38,402.97,120.52,406.98,95.77,410.34,80.86,413.88,67.26,420.16,124.41,426.47,104.68,417.69,126.35,411.07,139.13,435.91,132.74,442.65,118.13,432.56,139.16,426.40,149.53,450.60,144.93,456.31,131.01,445.98,145.15,438.31,154.03,-0.00000,-0.02229,-0.03220,-0.04153,-0.04943,-0.00593,-0.02249,-0.03288,-0.03980,-0.00620,-0.03526,-0.04275,-0.03907,-0.01039,-0.04071,-0.03715,-0.02527,-0.01637,-0.03572,-0.03093,-0.02180,-0.01439,0.08907,0.02623,-0.03688,0.06476,0.00514,-0.04757,0.03754,-0.00613,-0.05754,0.00850,-0.01679,-0.06845,-0.02035,-0.02002,-0.02728,-0.00743,0.00034,-0.02139,-0.03164,-0.00839,-0.01919,-0.04830,-0.01757,-0.01885,-0.06342,-0.04599,-0.00345,-0.00423,0.00464,-0.00041,-0.02351,-0.02865,-0.01392,-0.00356,-0.04650,-0.02278,0.00925,-0.03439,0.01808,0.00193,0.00150,0.01820,-0.00586,-0.03154,0.00436,0.01372,-0.04084,-0.00191,0.02587,-0.02559,0.02858,0.02119,-0.00340,0.03373,0.00878,-0.02630,0.02214,0.01996,-0.04197,0.01174,0.03345,-0.03144,0,,,,,0.18360,0.09820,0.01994,0.97000,-0.00000,0.00000,0.24311
3505.1413,0,1,15.45,0.00,24.88,0.12398,-0.11148,0.65623,0.70949,0.66297,1.0700,0,0,0.18703,-0.04502,0.06091,0.18624,-0.04494,0.06140,,,0.66297,0.28954,-0.44200,0.55242,1.46091,-0.00000,1.00000,0.28954,-0.44226,0.55206,1.46090,0.00000,1.00000,16,0.18300,-0.04970,0.01494,0.18360,0.09820,0,0.99122,-0.00000,-0.00000,-0.13221,Left,0,412.53,201.16,394.18,183.29,382.21,155.81,374.91,133.17,368.99,114.74,401.79,123.34,405.93,97.62,408.92,82.03,411.97,67.78,418.63,127.30,424.57,106.58,415.65,128.91,409.04,141.17,434.49,135.08,441.16,119.32,430.98,140.80,424.72,151.23,449.27,146.51,455.71,131.15,445.55,145.57,437.59,155.00,-0.00000,-0.02074,-0.03084,-0.04081,-0.04955,-0.00756,-0.02463,-0.03474,-0.04130,-0.00850,-0.03673,-0.04275,-0.03843,-0.01309,-0.04279,-0.03769,-0.02507,-0.01936,-0.03814,-0.03218,-0.02236,-0.01405,0.08856,0.02315,-0.03625,0.06315,0.00243,-0.04695,0.03737,-0.00873,-0.05662,0.00811,-0.01815,-0.06613,-0.02084,-0.02214,-0.02775,-0.00703,0.00051,-0.02122,-0.03161,-0.00748,-0.01977,-0.04913,-0.01735,-0.01968,-0.06462,-0.04450,-0.00375,-0.00394,0.00475,-0.00059,-0.02376,-0.02771,-0.01446,-0.00311,-0.04568,-0.02310,0.00993,-0.03240,0.01819,0.00164,0.00153,0.01787,-0.00674,-0.03111,0.00425,0.01349,-0.04057,-0.00147,0.02609,-0.02695,0.02908,0.02024,-0.00410,0.03482,0.00694,-0.02526,0.02323,0.01755,-0.04104,0.01277,0.03212,-0.03137,0,,,,,0.18360,0.09820,0.01994,0.97000,0.00000,-0.00000,0.24311
3505.1796,1,1,19.48,1.17,35.10,0.12271,-0.11030,0.65492,0.68847,0.65360,1.1148,0,0,0.18165,-0.03999,0.06302,0.17907,-0.03802,0.06033,0.17,0.00,0.65360,0.25803,-0.48796,0.59589,1.48617,-0.00000,1.00000,0.26671,-0.49469,0.58403,1.48146,-0.00000,1.00000,16,0.18300,-0.04970,0.01494,0.18360,0.09820,0,0.99122,0.00000,-0.00000,-0.13221,Left,0,412.20,202.40,393.57,183.88,381.51,155.34,374.07,133.44,367.74,116.52,401.17,123.74,405.49,98.47,408.79,83.27,412.23,69.42,418.28,127.74,424.49,105.85,415.53,127.62,408.44,141.86,434.19,135.84,440.54,119.65,430.87,140.77,424.80,152.49,449.01,147.59,455.02,131.79,445.27,145.86,437.98,155.90,-0.00000,-0.01840,-0.02562,-0.03290,-0.03915,-0.00338,-0.01908,-0.02900,-0.03559,-0.00506,-0.03397,-0.04143,-0.03746,-0.01020,-0.04003,-0.03657,-0.02451,-0.01678,-0.03562,-0.03068,-0.02138,-0.01405,0.08799,0.01687,-0.03654,0.06272,-0.00197,-0.04788,0.03581,-0.01063,-0.05753,0.00784,-0.01813,-0.06762,-0.01986,-0.01972,-0.02759,-0.00662,0.00097,-0.02112,-0.03134,-0.00649,-0.01950,-0.04933,-0.01650,-0.01830,-0.06445,-0.04247,-0.00380,-0.00375,0.00531,-0.00078,-0.02574,-0.02633,-0.01451,-0.00595,-0.04624,-0.02342,0.00883,-0.03626,0.01828,0.00175,0.00128,0.01803,-0.00768,-0.03074,0.00498,0.01160,-0.04148,-0.00102,0.02596,-0.02929,0.02927,0.01998,-0.00482,0.03510,0.00632,-0.02537,0.02354,0.01598,-0.04158,0.01388,0.03099,-0.03285,0,,,,,0.18360,0.09820,0.01994,0.97000,0.00000,-0.00000,0.24311
3505.2063,1,1,14.46,0.55,22.01,0.12253,-0.10957,0.65662,0.71538,0.65832,1.1151,0,0,0.18080,-0.03981,0.06228,0.18171,-0.04041,0.06418,0.04,0.00,0.65832,0.26905,-0.51569,0.59222,1.47948,0.00000,0.99999,0.26678,-0.50265,0.59471,1.47881,-0.00000,1.00000,16,0.18300,-0.04970,0.01494,0.18360,0.09820,0,0.99122,0.00000,-0.00000,-0.13221,Left,0,412.49,203.52,393.90,185.99,381.90,158.11,374.94,136.15,368.97,119.25,401.31,124.42,405.74,99.22,408.90,84.13,412.12,70.36,418.34,128.64,424.51,107.78,415.74,130.40,409.18,143.52,434.12,136.80,441.07,121.14,431.31,142.39,425.21,153.07,448.84,148.49,455.41,132.86,445.94,146.97,438.62,156.26,-0.00000,-0.01987,-0.02824,-0.03633,-0.04324,-0.00592,-0.02152,-0.03083,-0.03700,-0.00686,-0.03473,-0.04088,-0.03644,-0.01135,-0.04050,-0.03641,-0.02441,-0.01739,-0.03603,-0.03106,-0.02195,-0.01351,0.08957,0.02700,-0.03640,0.06460,0.00350,-0.04728,0.03837,-0.00821,-0.05644,0.01049,-0.02070,-0.06671,-0.01687,-0.02570,-0.02752,-0.00659,-0.00130,-0.02085,-0.03146,-0.00881,-0.01905,-0.04902,-0.01878,-0.01833,-0.06441,-0.04510,-0.00374,-0.00414,0.00421,-0.00022,-0.02478,-0.02814,-0.01396,-0.00340,-0.04678,-0.02254,0.01037,-0.03381,0.01837,0.00156,0.00261,0.01861,-0.00690,-0.02990,0.00541,0.01301,-0.04044,-0.00047,0.02619,-0.02695,0.02975,0.02028,-0.00064,0.03564,0.00692,-0.02114,0.02458,0.01651,-0.03766,0.01464,0.03135,-0.02897,0,,,,,0.18360,0.09820,0.01994,0.97000,0.00000,-0.00000,0.24311
3505.2380,1,1,14.21,0.89,27.84,0.12258,-0.10815,0.65718,0.70603,0.65774,1.1379,0,0,0.18052,-0.03986,0.06086,0.17947,-0.03959,0.05965,0.18,0.00,0.65774,0.26766,-0.50224,0.61329,1.46772,0.00000,0.99999,0.26752,-0.50540,0.60622,1.47004,-0.00000,1.00000,16,0.18300,-0.04970,0.01494,0.18360,0.09820,0,0.99122,0.00000,0.00000,-0.13221,Left,0,412.92,204.99,394.34,186.81,382.17,158.53,375.30,137.07,369.14,120.84,401.63,126.70,406.14,101.02,409.80,86.03,413.07,72.20,418.64,130.65,425.27,109.68,417.22,131.37,410.25,144.89,434.39,138.37,441.77,122.30,432.76,142.93,426.48,154.01,449.12,149.60,455.66,134.47,446.44,148.39,438.91,157.94,-0.00000,-0.01754,-0.02414,-0.03079,-0.03649,-0.00375,-0.01851,-0.02774,-0.03399,-0.00559,-0.03316,-0.04022,-0.03662,-0.01072,-0.03919,-0.03606,-0.02498,-0.01722,-0.03541,-0.03098,-0.02248,-0.01394,0.08897,0.02245,-0.03628,0.06414,0.00068,-0.04734,0.03769,-0.00922,-0.05688,0.00985,-0.01895,-0.06699,-0.01713,-0.02084,-0.02756,-0.00605,-0.00062,-0.02063,-0.03085,-0.00739,-0.01907,-0.04894,-0.01691,-0.01808,-0.06415,-0.04244,-0.00375,-0.00378,0.00469,-0.00028,-0.02418,-0.02747,-0.01352,-0.00387,-0.04675,-0.02212,0.01017,-0.03589,0.01850,0.00123,0.00219,0.01890,-0.00747,-0.02950,0.00636,0.01207,-0.04070,-0.00001,0.02588,-0.03001,0.02940,0.01979,-0.00235,0.03552,0.00662,-0.02291,0.02415,0.01678,-0.03955,0.01455,0.03165,-0.03132,0,,,,,0.18360,0.09820,0.01994,0.97000,-0.00000,-0.00000,0.24311
3505.2708,1,1,15.46,0.55,29.62,0.12369,-0.10666,0.65999,0.71568,0.66280,1.1244,0,0,0.17912,-0.04097,0.05937,0.17876,-0.04084,0.05924,0.22,0.01,0.66280,0.27725,-0.51440,0.62629,1.46044,0.00000,0.99999,0.27637,-0.51366,0.62383,1.46072,-0.00000,1.00000,16,0.18300,-0.04970,0.01494,0.18360,0.09820,0,0.99122,-0.00000,0.00000,-0.13221,Left,0,413.33,206.69,395.83,189.49,384.27,161.47,376.99,139.84,370.86,123.20,403.01,128.11,407.56,102.81,411.00,88.17,414.59,74.52,419.89,132.72,427.30,112.13,418.58,134.99,411.63,147.71,435.54,140.76,443.16,126.10,433.28,147.96,426.75,158.32,450.03,152.02,457.03,137.27,447.64,152.35,440.32,161.49,-0.00000,-0.01854,-0.02635,-0.03404,-0.04075,-0.00633,-0.02250,-0.03229,-0.03860,-0.00804,-0.03690,-0.04370,-0.03952,-0.01301,-0.04258,-0.03840,-0.02626,-0.01939,-0.03779,-0.03210,-0.02250,-0.01449,0.08827,0.02788,-0.03653,0.06368,0.00368,-0.04677,0.03814,-0.00762,-0.05674,0.01052,-0.02020,-0.06617,-0.01653,-0.02403,-0.02778,-0.00614,-0.00105,-0.02026,-0.03107,-0.00866,-0.01923,-0.04976,-0.01934,-0.01778,-0.06338,-0.04627,-0.00404,-0.00406,0.00423,0.00021,-0.02381,-0.02877,-0.01348,-0.00255,-0.04846,-0.02177,0.01054,-0.03541,0.01838,0.00151,0.00255,0.01815,-0.00587,-0.03104,0.00635,0.01541,-0.04094,-0.00078,0.02827,-0.02789,0.02948,0.02034,-0.00111,0.03529,0.00805,-0.02226,0.02423,0.01920,-0.03918,0.01499,0.03318,-0.02932,0,,,,,0.18360,0.09820,0.01994,0.97000,-0.00000,-0.00000,0.24311
3505.3023,1,1,15.46,0.54,27.14,0.12416,-0.10417,0.65760,0.70713,0.65520,1.1159,0,0,0.18031,-0.04144,0.05688,0.18068,-0.04156,0.05705,0.55,0.00,0.65520,0.27841,-0.50115,0.63275,1.43578,0.00000,0.99999,0.27810,-0.50297,0.63182,1.44197,-0.00000,1.00000,16,0.18300,-0.04970,0.01494,0.18360,0.09820,0,0.99122,-0.00000,-0.00000,-0.13221,Left,0,413.98,208.77,395.63,190.64,384.53,161.49,377.85,140.43,372.54,124.54,404.29,129.65,409.19,105.52,412.57,90.92,416.12,77.41,421.02,134.37,427.87,113.86,418.43,137.45,411.92,149.29,436.71,142.66,444.29,127.40,433.68,149.49,427.53,158.85,451.14,154.48,457.74,139.97,447.55,155.12,440.21,163.80,-0.00000,-0.01615,-0.02154,-0.02700,-0.03165,-0.00346,-0.01916,-0.02842,-0.03444,-0.00587,-0.03334,-0.03866,-0.03368,-0.01161,-0.04030,-0.03529,-0.02291,-0.01863,-0.03708,-0.03146,-0.02206,-0.01567,0.08916,0.02177,-0.03702,0.06342,0.00110,-0.04690,0.03630,-0.00729,-0.05552,0.00837,-0.01637,-0.06440,-0.01825,-0.01827,-0.02698,-0.00706,0.00151,-0.01949,-0.03105,-0.00649,-0.01829,-0.04959,-0.01724,-0.01680,-0.06302,-0.04320,-0.00382,-0.00395,0.00503,-0.00018,-0.02471,-0.02736,-0.01425,-0.00331,-0.04488,-0.02114,0.00933,-0.02885,0.01806,0.00180,0.00104,0.01836,-0.00705,-0.03115,0.00592,0.01335,-0.04008,-0.00028,0.02599,-0.02633,0.02875,0.02084,-0.00509,0.03448,0.00815,-0.02518,0.02295,0.01851,-0.03994,0.01388,0.03331,-0.02985,0,,,,,0.18360,0.09820,0.01994,0.97000,-0.00000,-0.00000,0.24311
3505.3339,1,1,14.49,0.57,27.70,0.12566,-0.10151,0.65736,0.70900,0.65713,1.1525,0,0,0.18043,-0.04294,0.05422,0.17982,-0.04280,0.05371,0.60,0.00,0.65713,0.28811,-0.49376,0.65126,1.41574,0.00001,1.00000,0.28688,-0.49565,0.64563,1.42088,-0.00000,1.00000,16,0.18300,-0.04970,0.01494,0.18360,0.09820,0,0.99122,-0.00000,-0.00000,-0.13221,Left,0,416.53,210.98,398.10,193.55,386.36,165.52,379.58,143.92,373.85,128.01,406.04,132.70,411.04,107.99,414.66,93.39,418.30,79.87,422.76,137.41,430.57,117.20,421.40,139.46,414.09,152.12,438.31,145.43,446.74,130.03,436.34,151.11,429.44,161.90,452.65,156.62,460.02,141.87,450.49,156.15,443.07,165.60,-0.00000,-0.01756,-0.02389,-0.03003,-0.03526,-0.00556,-0.02100,-0.03062,-0.03695,-0.00706,-0.03455,-0.04082,-0.03676,-0.01177,-0.04019,-0.03630,-0.02476,-0.01784,-0.03628,-0.03152,-0.02271,-0.01518,0.08843,0.02155,-0.03741,0.06353,-0.00089,-0.04742,0.03725,-0.01046,-0.05675,0.01000,-0.02059,-0.06599,-0.01708,-0.02241,-0.02733,-0.00577,-0.00118,-0.01951,-0.03056,-0.00804,-0.01849,-0.04974,-0.01872,-0.01617,-0.06329,-0.04491,-0.00405,-0.00382,0.00462,0.00083,-0.02412,-0.02817,-0.01314,-0.00347,-0.04695,-0.02129,0.01020,-0.03405,0.01855,0.00137,0.00267,0.01931,-0.00732,-0.02990,0.00684,0.01298,-0.04126,-0.00094,0.02676,-0.02901,0.02940,0.01951,-0.00116,0.03595,0.00714,-0.02130,0.02472,0.01739,-0.03889,0.01567,0.03194,-0.03059,0,,,,,0.18360,0.09820,0.01994,0.97000,-0.00000,-0.00000,0.24311
3505.3665,1,1,15.77,0.54,27.10,0.12701,-0.09853,0.65785,0.71443,0.65833,1.1623,0,0,0.18019,-0.04429,0.05124,0.17981,-0.04408,0.05111,0.63,0.00,0.65833,0.29641,-0.49053,0.66839,1.39314,0.00001,1.00000,0.29603,-0.49081,0.66382,1.39787,-0.00000,1.00000,16,0.18300,-0.04970,0.01494,0.18360,0.09820,0,0.99122,-0.00000,-0.00000,-0.13221,Left,0,416.78,213.54,398.73,195.85,387.53,166.89,381.23,146.06,375.56,130.42,407.31,135.24,412.73,110.04,416.72,95.43,420.62,82.02,423.80,140.29,431.49,119.26,423.04,141.31,416.44,153.75,439.18,148.57,447.54,132.11,438.04,153.06,431.86,163.37,453.30,160.16,460.76,144.76,451.42,158.89,444.04,168.08,-0.00000,-0.01499,-0.01976,-0.02473,-0.02892,-0.00363,-0.01854,-0.02776,-0.03380,-0.00637,-0.03301,-0.03912,-0.03516,-0.01209,-0.03936,-0.03519,-0.02391,-0.01902,-0.03651,-0.03137,-0.02264,-0.01574,0.08871,0.02189,-0.03724,0.06279,0.00128,-0.04728,0.03640,-0.00792,-0.05602,0.00949,-0.01780,-0.06531,-0.01721,-0.02027,-0.02700,-0.00661,0.00110,-0.01894,-0.03143,-0.00549,-0.01701,-0.05045,-0.01615,-0.01509,-0.06426,-0.04220,-0.00384,-0.00385,0.00500,0.00086,-0.02474,-0.02770,-0.01260,-0.00406,-0.04720,-0.01995,0.00901,-0.03498,0.01821,0.00164,0.00116,0.01928,-0.00758,-0.03092,0.00721,0.01209,-0.04237,0.00078,0.02558,-0.03119,0.02866,0.02047,-0.00434,0.03545,0.00773,-0.02399,0.02441,0.01763,-0.04058,0.01543,0.03229,-0.03193,0,,,,,0.18360,0.09820,0.01994,0.97000,-0.00000,0.00000,0.24311
3505.4001,1,1,17.08,0.78,29.30,0.12868,-0.09602,0.65881,0.70457,0.65978,1.1507,0,0,0.17970,-0.04596,0.04873,0.17913,-0.04610,0.04838,0.58,0.00,0.65978,0.31086,-0.48566,0.68487,1.37268,0.00000,1.00000,0.30748,-0.48655,0.67967,1.37775,-0.00000,1.00000,16,0.18300,-0.04970,0.01494,0.18360,0.09820,0,0.99122,-0.00000,-0.00000,-0.13221,Left,0,417.45,216.40,400.09,198.61,389.28,168.76,382.88,147.83,377.53,132.27,408.92,137.03,414.05,112.59,418.27,98.08,422.35,84.71,425.35,141.90,434.14,121.37,425.44,144.19,418.61,156.05,440.83,150.17,449.93,135.15,440.01,156.91,433.78,166.32,454.95,161.71,462.92,147.00,453.80,161.58,446.90,169.95,-0.00000,-0.01503,-0.01882,-0.02277,-0.02589,-0.00167,-0.01643,-0.02541,-0.03121,-0.00425,-0.03104,-0.03703,-0.03259,-0.00998,-0.03786,-0.03372,-0.02200,-0.01685,-0.03421,-0.02868,-0.01952,-0.01671,0.08920,0.02045,-0.03775,0.06355,-0.00080,-0.04728,0.03650,-0.00913,-0.05610,0.00925,-0.01836,-0.06461,-0.01715,-0.01979,-0.02725,-0.00610,0.00052,-0.01894,-0.03071,-0.00625,-0.01723,-0.05035,-0.01703,-0.01469,-0.06323,-0.04222,-0.00399,-0.00392,0.00503,0.00155,-0.02431,-0.02790,-0.01174,-0.00337,-0.04701,-0.01907,0.00908,-0.03325,0.01830,0.00158,0.00153,0.01956,-0.00663,-0.03101,0.00818,0.01395,-0.04163,0.00119,0.02678,-0.02871,0.02883,0.02042,-0.00379,0.03579,0.00829,-0.02388,0.02517,0.01883,-0.04033,0.01658,0.03220,-0.03070,0,,,,,0.18360,0.09820,0.01994,0.97000,-0.00000,-0.00000,0.24311
3505.4488,1,1,16.63,0.90,44.82,0.13035,-0.09419,0.65862,0.72677,0.65842,1.1542,0,0,0.17980,-0.04763,0.04690,0.17956,-0.04734,0.04731,0.51,0.00,0.65842,0.31790,-0.47832,0.68719,1.36190,-0.00001,1.00000,0.31809,-0.47786,0.68693,1.36175,-0.00000,1.00000,16,0.18300,-0.04970,0.01494,0.18360,0.09820,0,0.99122,0.00000,-0.00000,-0.13221,Left,0,418.78,216.62,401.51,199.19,390.47,171.70,384.13,151.05,378.62,135.02,410.36,138.04,415.65,114.40,419.60,100.51,423.45,87.26,427.27,142.72,435.51,123.28,426.35,145.79,419.12,157.74,442.70,151.10,451.46,137.06,441.21,158.07,434.49,167.53,456.54,162.78,463.99,148.98,454.37,163.43,446.89,171.86,-0.00000,-0.01818,-0.02537,-0.03234,-0.03837,-0.00556,-0.02100,-0.03049,-0.03679,-0.00725,-0.03534,-0.04206,-0.03804,-0.01219,-0.04130,-0.03764,-0.02607,-0.01849,-0.03693,-0.03180,-0.02267,-0.01677,0.08842,0.03200,-0.03785,0.06361,0.00592,-0.04767,0.03810,-0.00660,-0.05652,0.01189,-0.02143,-0.06623,-0.01487,-0.02644,-0.02712,-0.00619,-0.00210,-0.01941,-0.02989,-0.01012,-0.01750,-0.04795,-0.02070,-0.01569,-0.06133,-0.04761,-0.00384,-0.00411,0.00398,0.00141,-0.02327,-0.02945,-0.01239,-0.00204,-0.04869,-0.02119,0.01012,-0.03591,0.01827,0.00150,0.00322,0.01962,-0.00515,-0.03022,0.00713,0.01457,-0.04085,-0.00033,0.02651,-0.02792,0.02907,0.02042,0.00067,0.03544,0.00918,-0.02049,0.02450,0.01978,-0.03699,0.01445,0.03304,-0.02865,0,,,,,0.18360,0.09820,0.01994,0.97000,0.00000,-0.00000,0.24311
3505.4775,1,1,14.83,0.76,23.72,0.13250,-0.09151,0.66214,0.72199,0.66567,1.1699,0,0,0.17804,-0.04978,0.04423,0.17733,-0.05024,0.04355,0.54,0.01,0.66567,0.34138,-0.48108,0.71763,1.33518,-0.00001,1.00000,0.33483,-0.48166,0.71014,1.34243,-0.00000,1.00000,16,0.18300,-0.04970,0.01494,0.18360,0.09820,0,0.99122,0.00000,-0.00000,-0.13221,Left,0,420.42,219.90,402.57,202.01,391.75,173.84,385.68,153.41,380.05,137.95,411.61,141.82,417.29,117.66,421.47,103.30,425.60,89.86,428.02,146.92,436.19,125.87,427.64,147.88,421.23,159.78,443.32,155.13,451.69,140.39,441.81,161.33,435.69,170.84,457.23,166.39,464.82,151.89,455.53,166.15,448.28,174.81,-0.00000,-0.01658,-0.02201,-0.02733,-0.03178,-0.00404,-0.01896,-0.02796,-0.03375,-0.00600,-0.03276,-0.03872,-0.03428,-0.01112,-0.03904,-0.03505,-0.02340,-0.01752,-0.03521,-0.03001,-0.02100,-0.01629,0.08860,0.02411,-0.03742,0.06224,0.00172,-0.04700,0.03649,-0.00761,-0.05610,0.00974,-0.01929,-0.06504,-0.01591,-0.02306,-0.02714,-0.00662,0.00025,-0.01837,-0.03102,-0.00635,-0.01663,-0.05025,-0.01750,-0.01395,-0.06358,-0.04351,-0.00390,-0.00420,0.00486,0.00173,-0.02487,-0.02801,-0.01176,-0.00460,-0.04712,-0.01914,0.00773,-0.03361,0.01818,0.00196,0.00175,0.01892,-0.00618,-0.03078,0.00725,0.01387,-0.04117,0.00081,0.02640,-0.02855,0.02861,0.02081,-0.00340,0.03548,0.00837,-0.02297,0.02423,0.01880,-0.03942,0.01551,0.03255,-0.03085,0,,,,,0.18360,0.09820,0.01994,0.97000,0.00000,-0.00000,0.24311
3505.5105,1,1,15.95,0.59,28.90,0.13387,-0.08902,0.66267,0.73278,0.66320,1.1576,0,0,0.17777,-0.05115,0.04174,0.17778,-0.05082,0.04252,0.58,0.00,0.66320,0.34400,-0.47680,0.72226,1.32384,0.00001,1.00000,0.34501,-0.47579,0.72369,1.32295,-0.00000,1.00000,16,0.18300,-0.04970,0.01494,0.18360,0.09820,0,0.99122,-0.00000,-0.00000,-0.13221,Left,0,420.01,221.28,403.85,204.11,393.50,176.89,387.89,156.24,382.32,140.23,412.74,143.20,418.23,119.71,422.63,105.74,427.11,92.66,429.36,148.19,437.47,128.51,427.95,151.01,420.95,162.20,444.66,156.89,453.55,142.38,443.08,163.27,436.53,172.15,458.37,168.84,466.14,154.72,456.57,168.77,449.42,176.58,-0.00000,-0.01843,-0.02612,-0.03359,-0.04008,-0.00590,-0.02185,-0.03172,-0.03814,-0.00749,-0.03556,-0.04216,-0.03805,-0.01233,-0.04124,-0.03709,-0.02522,-0.01859,-0.03669,-0.03108,-0.02161,-0.01754,0.08880,0.02966,-0.03852,0.06374,0.00449,-0.04727,0.03766,-0.00872,-0.05535,0.01086,-0.02311,-0.06542,-0.01609,-0.02821,-0.02726,-0.00689,-0.00176,-0.01908,-0.03093,-0.00987,-0.01647,-0.04922,-0.02113,-0.01414,-0.06309,-0.04863,-0.00381,-0.00421,0.00415,0.00141,-0.02453,-0.02926,-0.01269,-0.00324,-0.04856,-0.02127,0.00871,-0.03597,0.01827,0.00189,0.00286,0.01971,-0.00603,-0.03069,0.00671,0.01391,-0.04128,-0.00037,0.02542,-0.02842,0.02876,0.02107,-0.00003,0.03550,0.00949,-0.02138,0.02471,0.01964,-0.03811,0.01487,0.03240,-0.02871,0,,,,,0.18360,0.09820,0.01994,0.97000,0.00000,0.00000,0.24311
3505.5425,1,1,15.93,0.65,28.99,0.13564,-0.08662,0.66540,0.73446,0.66812,1.1200,0,0,0.17641,-0.05292,0.03933,0.17582,-0.05327,0.03894,0.54,0.01,0.66812,0.36419,-0.47556,0.74830,1.29847,0.00000,1.00000,0.35890,-0.47621,0.74272,1.30439,-0.00000,1.00000,16,0.18300,-0.04970,0.01494,0.18360,0.09820,0,0.99122,-0.00000,-0.00000,-0.13221,Left,0,420.95,223.76,404.25,205.99,394.20,179.35,388.68,158.48,383.24,142.14,413.40,146.37,419.12,122.53,423.38,108.22,427.95,95.11,430.28,150.84,438.53,129.61,429.29,151.15,422.36,164.45,445.67,159.03,454.07,143.92,443.71,163.88,437.14,174.85,459.60,170.70,467.18,155.82,457.60,168.94,450.11,178.17,-0.00000,-0.01922,-0.02777,-0.03624,-0.04368,-0.00499,-0.02087,-0.03072,-0.03709,-0.00645,-0.03495,-0.04199,-0.03780,-0.01140,-0.04068,-0.03741,-0.02562,-0.01786,-0.03619,-0.03146,-0.02242,-0.01754,0.08870,0.03038,-0.03876,0.06300,0.00491,-0.04817,0.03749,-0.00849,-0.05603,0.01087,-0.02447,-0.06487,-0.01681,-0.03173,-0.02762,-0.00690,-0.00187,-0.01957,-0.03077,-0.00950,-0.01639,-0.04900,-0.02012,-0.01410,-0.06303,-0.04775,-0.00382,-0.00414,0.00426,0.00184,-0.02557,-0.02781,-0.01247,-0.00573,-0.04788,-0.02053,0.00802,-0.03644,0.01875,0.00190,0.00293,0.01983,-0.00673,-0.02912,0.00660,0.01230,-0.04039,-0.00057,0.02576,-0.02899,0.02892,0.02071,0.00010,0.03593,0.00812,-0.02088,0.02502,0.01701,-0.03755,0.01468,0.03121,-0.03021,0,,,,,0.18360,0.09820,0.01994,0.97000,0.00000,0.00000,0.24311
3505.5736,1,1,13.91,0.81,26.83,0.13689,-0.08427,0.66493,0.75310,0.66446,1.1580,0,0,0.17664,-0.05417,0.03698,0.17628,-0.05384,0.03706,0.62,0.00,0.66446,0.36673,-0.46194,0.75152,1.28387,0.00000,1.00000,0.36702,-0.46574,0.75150,1.28506,-0.00000,1.00000,16,0.18300,-0.04970,0.01494,0.18360,0.09820,0,0.99122,-0.00000,-0.00000,-0.13221,Left,0,422.47,225.08,406.14,208.29,395.70,182.51,390.42,161.46,384.85,144.60,414.96,147.41,420.50,124.00,424.95,109.50,429.57,96.86,431.33,152.38,439.31,131.98,429.98,154.78,423.76,165.48,446.75,160.83,455.33,146.17,444.91,166.91,438.69,175.52,460.65,172.65,468.23,158.47,458.73,172.13,451.71,179.70,-0.00000,-0.02139,-0.03206,-0.04219,-0.05109,-0.00847,-0.02449,-0.03331,-0.03866,-0.00881,-0.03524,-0.03932,-0.03342,-0.01283,-0.04057,-0.03459,-0.02162,-0.01865,-0.03566,-0.02916,-0.01919,-0.01615,0.08927,0.03505,-0.03788,0.06392,0.00864,-0.04763,0.03880,-0.00704,-0.05440,0.01267,-0.02522,-0.06464,-0.01525,-0.03467,-0.02678,-0.00689,-0.00295,-0.01919,-0.03203,-0.01024,-0.01530,-0.04926,-0.02171,-0.01307,-0.06355,-0.05075,-0.00378,-0.00433,0.00360,0.00209,-0.02553,-0.02972,-0.01206,-0.00368,-0.04776,-0.02058,0.00790,-0.03324,0.01855,0.00205,0.00328,0.02012,-0.00593,-0.03003,0.00618,0.01373,-0.03992,-0.00075,0.02516,-0.02528,0.02869,0.02164,0.00203,0.03581,0.00935,-0.02005,0.02513,0.01922,-0.03589,0.01451,0.03137,-0.02632,0,,,,,0.18360,0.09820,0.01994,0.97000,0.00000,0.00000,0.24311
3505.6091,1,1,16.65,0.85,31.15,0.13873,-0.08279,0.66918,0.73703,0.67343,1.1257,0,0,0.17452,-0.05601,0.03550,0.17315,-0.05590,0.03453,0.39,0.01,0.67343,0.38765,-0.46941,0.77648,1.27068,0.00000,1.00000,0.38291,-0.47139,0.76946,1.27283,-0.00000,1.00000,16,0.18300,-0.04970,0.01494,0.18360,0.09820,0,0.99122,-0.00000,-0.00000,-0.13221,Left,0,422.18,226.52,405.46,208.41,396.03,181.20,390.67,161.06,384.98,146.10,415.52,148.48,421.70,125.32,426.39,111.61,430.95,99.12,432.14,153.58,441.44,132.69,432.17,154.69,424.49,166.26,447.47,162.30,456.76,147.58,446.62,168.33,439.60,177.64,461.19,174.52,469.23,160.20,459.86,173.94,451.98,182.03,-0.00000,-0.01745,-0.02449,-0.03139,-0.03739,-0.00450,-0.01973,-0.02874,-0.03448,-0.00637,-0.03358,-0.03965,-0.03498,-0.01149,-0.04014,-0.03636,-0.02448,-0.01786,-0.03604,-0.03098,-0.02182,-0.01925,0.08864,0.03115,-0.03980,0.06325,0.00606,-0.04844,0.03685,-0.00758,-0.05520,0.01019,-0.02370,-0.06453,-0.01586,-0.03160,-0.02735,-0.00798,-0.00162,-0.01903,-0.03151,-0.01039,-0.01548,-0.04885,-0.02133,-0.01280,-0.06253,-0.04938,-0.00387,-0.00428,0.00443,0.00300,-0.02616,-0.02791,-0.01060,-0.00588,-0.04747,-0.02044,0.00670,-0.03593,0.01824,0.00238,0.00286,0.02136,-0.00630,-0.02941,0.00822,0.01297,-0.04018,0.00013,0.02562,-0.02816,0.02897,0.02210,0.00033,0.03630,0.00961,-0.02083,0.02588,0.01885,-0.03699,0.01446,0.03255,-0.02856,0,,,,,0.18360,0.09820,0.01994,0.97000,0.00000,0.00000,0.24311
3505.6396,1,1,15.85,0.78,25.47,0.13962,-0.08049,0.66821,0.73478,0.66724,1.1259,0,0,0.17500,-0.05690,0.03320,0.17543,-0.05701,0.03360,0.59,0.00,0.66724,0.38881,-0.45933,0.77658,1.24945,-0.00000,1.00000,0.38854,-0.46064,0.77651,1.25494,-0.00000,1.00000,16,0.18300,-0.04970,0.01494,0.18360,0.09820,0,0.99122,0.00000,0.00000,-0.13221,Left,0,422.96,228.08,406.30,209.55,396.88,182.84,391.73,162.63,386.67,147.30,416.19,150.76,423.06,127.11,427.87,113.15,432.52,100.20,433.18,155.71,442.26,134.92,433.08,155.85,425.32,168.34,448.69,164.31,457.90,148.83,447.64,168.95,440.40,179.38,462.54,176.40,470.51,161.48,461.25,174.66,453.61,183.27,-0.00000,-0.01795,-0.02519,-0.03230,-0.03848,-0.00488,-0.02056,-0.03055,-0.03707,-0.00667,-0.03463,-0.04209,-0.03853,-0.01170,-0.04053,-0.03753,-0.02617,-0.01807,-0.03622,-0.03146,-0.02250,-0.01964,0.08832,0.02808,-0.04051,0.06189,0.00374,-0.04902,0.03599,-0.00856,-0.05577,0.00950,-0.02358,-0.06416,-0.01679,-0.02942,-0.02745,-0.00757,-0.00168,-0.01892,-0.03159,-0.00958,-0.01497,-0.04904,-0.02054,-0.01224,-0.06286,-0.04777,-0.00375,-0.00433,0.00458,0.00260,-0.02607,-0.02725,-0.01136,-0.00651,-0.04770,-0.02056,0.00674,-0.03765,0.01881,0.00248,0.00276,0.02102,-0.00722,-0.02848,0.00776,0.01169,-0.04041,-0.00023,0.02540,-0.02937,0.02932,0.02144,-0.00015,0.03654,0.00865,-0.02052,0.02619,0.01774,-0.03667,0.01544,0.03132,-0.02921,0,,,,,0.18360,0.09820,0.01994,0.97000,-0.00000,0.00000,0.24311
3505.6706,1,1,16.04,0.63,26.75,0.14042,-0.07837,0.66691,0.74438,0.66560,1.1301,0,0,0.17566,-0.05770,0.03109,0.17486,-0.05720,0.03087,0.64,0.00,0.66560,0.39143,-0.44047,0.78130,1.23641,0.00001,1.00000,0.39207,-0.44667,0.78117,1.23630,-0.00000,1.00000,16,0.18300,-0.04970,0.01494,0.18360,0.09820,0,0.99122,0.00000,0.00000,-0.13221,Left,0,423.62,229.66,407.15,211.98,397.86,184.87,393.37,164.41,387.95,148.96,417.32,152.04,423.60,128.79,428.45,115.15,433.20,102.41,434.14,156.99,442.93,136.50,433.62,158.18,426.01,169.78,449.56,165.75,458.76,150.95,448.36,171.28,441.12,180.59,463.30,178.07,471.59,163.81,462.21,177.04,454.40,184.75,-0.00000,-0.01838,-0.02606,-0.03347,-0.03987,-0.00581,-0.02135,-0.03084,-0.03701,-0.00743,-0.03485,-0.04152,-0.03756,-0.01228,-0.04065,-0.03689,-0.02534,-0.01853,-0.03623,-0.03100,-0.02193,-0.01905,0.08837,0.03321,-0.04003,0.06262,0.00756,-0.04863,0.03651,-0.00711,-0.05469,0.01032,-0.02493,-0.06370,-0.01607,-0.03227,-0.02712,-0.00748,-0.00234,-0.01923,-0.03160,-0.01075,-0.01487,-0.04841,-0.02215,-0.01241,-0.06288,-0.05020,-0.00372,-0.00456,0.00402,0.00270,-0.02581,-0.02807,-0.01146,-0.00585,-0.04795,-0.02049,0.00659,-0.03646,0.01885,0.00252,0.00274,0.02113,-0.00657,-0.02894,0.00760,0.01274,-0.03986,-0.00023,0.02482,-0.02776,0.02899,0.02201,0.00079,0.03662,0.00991,-0.02037,0.02631,0.01882,-0.03618,0.01504,0.03104,-0.02771,0,,,,,0.18360,0.09820,0.01994,0.97000,-0.00000,0.00000,0.24311
3505.7076,1,1,20.09,0.80,33.08,0.14071,-0.07667,0.66447,0.73659,0.66204,1.1269,0,0,0.17687,-0.05799,0.02938,0.17720,-0.05816,0.02976,0.61,0.00,0.66204,0.39142,-0.42916,0.78154,1.21410,0.00000,1.00000,0.39123,-0.42995,0.78080,1.21992,-0.00000,1.00000,16,0.18300,-0.04970,0.01494,0.18360,0.09820,0,0.99122,0.00000,-0.00000,-0.13221,Left,0,424.68,230.84,408.05,212.90,398.37,185.94,392.99,165.90,387.72,150.54,417.60,152.15,424.46,129.45,429.45,115.85,434.44,103.42,434.38,157.63,443.09,137.80,433.63,160.25,426.58,171.78,449.87,166.62,458.52,152.72,447.86,173.60,441.20,182.41,463.70,178.95,471.66,165.83,461.87,179.62,454.39,187.03,-0.00000,-0.01964,-0.02785,-0.03552,-0.04204,-0.00571,-0.02140,-0.03082,-0.03685,-0.00649,-0.03404,-0.04007,-0.03535,-0.01078,-0.03941,-0.03504,-0.02287,-0.01663,-0.03475,-0.02945,-0.02017,-0.01759,0.08881,0.03135,-0.03849,0.06313,0.00623,-0.04712,0.03703,-0.00829,-0.05418,0.01045,-0.02605,-0.06334,-0.01517,-0.03550,-0.02720,-0.00802,-0.00180,-0.01826,-0.03138,-0.01027,-0.01432,-0.04846,-0.02197,-0.01123,-0.06231,-0.05017,-0.00397,-0.00457,0.00438,0.00222,-0.02517,-0.02857,-0.01145,-0.00418,-0.04690,-0.02059,0.00785,-0.03322,0.01820,0.00276,0.00282,0.02029,-0.00524,-0.03033,0.00660,0.01436,-0.03978,-0.00007,0.02640,-0.02606,0.02865,0.02255,-0.00002,0.03595,0.01039,-0.02158,0.02497,0.02089,-0.03737,0.01419,0.03354,-0.02809,0,,,,,0.18360,0.09820,0.01994,0.97000,-0.00000,0.00000,0.24311
3505.7349,1,1,16.44,0.57,23.86,0.14120,-0.07469,0.66440,0.72769,0.66432,1.1104,0,0,0.17691,-0.05848,0.02740,0.17640,-0.05832,0.02714,0.55,0.00,0.66432,0.39444,-0.41734,0.79150,1.19912,-0.00000,1.00000,0.39381,-0.42099,0.78905,1.20277,-0.00000,1.00000,16,0.18300,-0.04970,0.01494,0.18360,0.09820,0,0.99122,0.00000,-0.00000,-0.13221,Left,0,423.86,232.74,407.46,214.52,398.29,187.75,394.01,167.58,389.68,151.51,418.08,154.52,424.88,131.38,429.88,117.77,434.46,105.19,434.97,159.72,444.78,139.44,435.72,159.65,427.04,171.69,450.32,168.62,460.23,153.48,450.14,172.52,442.00,182.33,463.84,181.11,472.54,166.69,463.43,179.01,455.14,187.00,-0.00000,-0.01836,-0.02616,-0.03377,-0.04035,-0.00545,-0.02079,-0.03094,-0.03771,-0.00717,-0.03475,-0.04273,-0.03980,-0.01206,-0.03978,-0.03714,-0.02658,-0.01839,-0.03578,-0.03127,-0.02278,-0.02006,0.08711,0.03181,-0.04056,0.06187,0.00599,-0.04843,0.03617,-0.00941,-0.05481,0.01023,-0.02623,-0.06279,-0.01595,-0.03435,-0.02729,-0.00787,-0.00261,-0.01847,-0.03107,-0.01125,-0.01494,-0.04820,-0.02315,-0.01242,-0.06210,-0.05157,-0.00387,-0.00443,0.00423,0.00338,-0.02530,-0.02813,-0.01004,-0.00663,-0.04930,-0.02093,0.00598,-0.04145,0.01840,0.00243,0.00320,0.02155,-0.00708,-0.02802,0.00825,0.01084,-0.04099,-0.00055,0.02384,-0.03258,0.02857,0.02198,0.00110,0.03663,0.00934,-0.01948,0.02603,0.01810,-0.03627,0.01459,0.03129,-0.02961,0,,,,,0.18360,0.09820,0.01994,0.97000,0.00000,0.00000,0.24311
3505.7668,1,1,16.10,0.56,28.47,0.14297,-0.07389,0.66784,0.73679,0.67129,1.0904,0,0,0.17519,-0.06025,0.02660,0.17490,-0.06037,0.02675,0.31,0.00,0.67129,0.41098,-0.42353,0.79988,1.19541,0.00001,0.99999,0.40787,-0.42370,0.80001,1.19455,-0.00000,1.00000,16,0.18300,-0.04970,0.01494,0.18360,0.09820,0,0.99122,0.00000,-0.00000,-0.13221,Left,0,425.08,232.92,408.55,214.18,399.22,187.17,394.81,167.39,390.25,152.97,419.10,154.64,425.80,132.42,430.68,118.98,435.28,106.61,436.26,159.95,444.91,140.63,435.86,161.60,428.44,173.24,451.73,169.07,460.66,155.34,450.53,175.14,443.46,184.59,465.38,181.71,473.51,168.33,463.90,180.92,455.95,188.60,-0.00000,-0.01806,-0.02456,-0.03088,-0.03610,-0.00304,-0.01740,-0.02632,-0.03225,-0.00437,-0.03088,-0.03739,-0.03336,-0.00912,-0.03689,-0.03372,-0.02253,-0.01531,-0.03301,-0.02869,-0.02024,-0.01952,0.08790,0.03287,-0.04053,0.06159,0.00578,-0.04907,0.03543,-0.00807,-0.05495,0.00995,-0.02617,-0.06360,-0.01541,-0.03382,-0.02745,-0.00821,-0.00318,-0.01901,-0.03133,-0.01134,-0.01460,-0.04796,-0.02248,-0.01221,-0.06121,-0.05037,-0.00391,-0.00467,0.00428,0.00302,-0.02525,-0.02802,-0.01104,-0.00546,-0.04776,-0.02013,0.00689,-0.03664,0.01871,0.00290,0.00342,0.02123,-0.00544,-0.02816,0.00786,0.01297,-0.03941,0.00004,0.02550,-0.02717,0.02959,0.02240,0.00184,0.03687,0.01058,-0.02016,0.02619,0.01929,-0.03621,0.01442,0.03198,-0.02867,0,,,,,0.18360,0.09820,0.01994,0.97000,0.00000,0.00000,0.24311
3505.8031,1,1,18.94,0.66,31.72,0.14382,-0.07245,0.66784,0.73431,0.66784,1.0834,0,0,0.17519,-0.06110,0.02516,0.17499,-0.06088,0.02554,0.38,0.00,0.66784,0.41388,-0.41804,0.80490,1.18404,0.00000,1.00000,0.41402,-0.41721,0.80468,1.18334,-0.00000,1.00000,16,0.18300,-0.04970,0.01494,0.18360,0.09820,0,0.99122,-0.00000,-0.00000,-0.13221,Left,0,426.10,234.19,409.44,216.06,399.92,189.03,395.39,168.66,390.68,153.37,419.77,155.76,426.71,133.69,431.46,120.37,435.73,107.96,436.60,161.33,445.68,141.94,436.54,163.34,428.84,174.78,451.97,170.63,461.15,156.59,450.99,176.14,443.57,184.81,465.85,183.44,474.21,169.86,464.71,182.53,456.50,189.79,-0.00000,-0.01886,-0.02658,-0.03382,-0.03988,-0.00543,-0.02061,-0.03029,-0.03679,-0.00675,-0.03351,-0.03991,-0.03599,-0.01146,-0.03871,-0.03476,-0.02354,-0.01774,-0.03486,-0.02976,-0.02105,-0.01909,0.08767,0.03239,-0.04016,0.06183,0.00587,-0.04877,0.03605,-0.00913,-0.05493,0.00924,-0.02616,-0.06359,-0.01687,-0.03426,-0.02738,-0.00846,-0.00317,-0.01886,-0.03158,-0.01173,-0.01469,-0.04782,-0.02297,-0.01277,-0.06209,-0.05145,-0.00393,-0.00443,0.00414,0.00293,-0.02520,-0.02898,-0.01105,-0.00495,-0.04794,-0.02079,0.00710,-0.03566,0.01855,0.00276,0.00366,0.02158,-0.00570,-0.02859,0.00718,0.01266,-0.04008,-0.00025,0.02465,-0.02786,0.02924,0.02250,0.00230,0.03672,0.01055,-0.01910,0.02602,0.01958,-0.03527,0.01432,0.03227,-0.02694,0,,,,,0.18360,0.09820,0.01994,0.97000,0.00000,0.00000,0.24311
3505.8332,1,1,18.11,0.55,26.21,0.14410,-0.07070,0.66475,0.72137,0.66165,1.0984,0,0,0.17674,-0.06138,0.02342,0.17652,-0.06134,0.02305,0.61,0.00,0.66165,0.41260,-0.39221,0.80236,1.16240,0.00000,1.00000,0.41242,-0.39904,0.80154,1.16826,-0.00000,1.00000,16,0.18300,-0.04970,0.01494,0.18360,0.09820,0,0.99122,-0.00000,-0.00000,-0.13221,Left,0,426.13,235.96,409.36,216.49,400.15,188.76,395.53,168.61,391.49,154.30,420.58,157.13,427.44,135.13,432.33,121.64,436.75,109.06,437.80,162.22,446.79,142.30,437.56,162.72,429.09,174.98,453.30,171.46,462.58,156.90,452.16,176.16,443.87,186.01,466.90,184.40,475.27,170.92,465.58,182.71,456.86,190.25,-0.00000,-0.01735,-0.02273,-0.02802,-0.03222,-0.00154,-0.01596,-0.02581,-0.03260,-0.00330,-0.03034,-0.03834,-0.03532,-0.00840,-0.03614,-0.03404,-0.02362,-0.01490,-0.03256,-0.02882,-0.02084,-0.02028,0.08793,0.02953,-0.04114,0.06189,0.00464,-0.05017,0.03492,-0.00891,-0.05555,0.00861,-0.02512,-0.06345,-0.01666,-0.03138,-0.02742,-0.00842,-0.00268,-0.01892,-0.03137,-0.01100,-0.01425,-0.04747,-0.02160,-0.01249,-0.06208,-0.04889,-0.00348,-0.00440,0.00436,0.00272,-0.02604,-0.02758,-0.01122,-0.00738,-0.04779,-0.02133,0.00554,-0.03827,0.01836,0.00274,0.00294,0.02178,-0.00651,-0.02724,0.00710,0.01102,-0.04025,-0.00115,0.02381,-0.02913,0.02885,0.02217,0.00119,0.03646,0.01061,-0.02002,0.02552,0.01832,-0.03636,0.01324,0.03108,-0.02890,0,,,,,0.18360,0.09820,0.01994,0.97000,0.00000,0.00000,0.24311
3505.8797,1,1,17.48,0.56,41.84,0.14525,-0.06948,0.66673,0.72783,0.66872,1.0670,0,0,0.17574,-0.06253,0.02219,0.17595,-0.06228,0.02257,0.37,0.00,0.66872,0.41983,-0.39529,0.80908,1.15626,0.00000,0.99999,0.42099,-0.39616,0.81045,1.15655,-0.00000,1.00000,16,0.18300,-0.04970,0.01494,0.18360,0.09820,0,0.99122,0.00000,0.00000,-0.13221,Left,0,425.83,236.43,409.38,217.59,400.43,190.03,396.52,170.28,392.42,155.93,421.53,157.77,428.18,136.07,433.08,123.16,437.31,111.15,438.33,163.55,446.59,144.63,437.34,166.67,429.66,178.38,453.69,173.13,462.71,158.39,452.24,178.07,444.64,187.35,467.35,186.28,475.56,172.04,465.61,184.48,457.15,191.91,-0.00000,-0.01625,-0.02243,-0.02862,-0.03383,-0.00279,-0.01654,-0.02521,-0.03114,-0.00481,-0.03015,-0.03607,-0.03212,-0.00994,-0.03620,-0.03220,-0.02115,-0.01634,-0.03293,-0.02783,-0.01921,-0.02115,0.08692,0.03252,-0.04158,0.06078,0.00600,-0.04980,0.03457,-0.00848,-0.05495,0.00894,-0.02592,-0.06301,-0.01719,-0.03428,-0.02742,-0.00873,-0.00267,-0.01867,-0.03168,-0.01158,-0.01442,-0.04783,-0.02329,-0.01209,-0.06101,-0.05197,-0.00408,-0.00443,0.00434,0.00249,-0.02526,-0.02851,-0.01196,-0.00454,-0.04689,-0.02132,0.00820,-0.03448,0.01863,0.00302,0.00332,0.02149,-0.00626,-0.02778,0.00692,0.01107,-0.04036,-0.00086,0.02396,-0.02910,0.02940,0.02275,0.00175,0.03638,0.01033,-0.02014,0.02541,0.01843,-0.03583,0.01375,0.03150,-0.02906,0,,,,,0.18360,0.09820,0.01994,0.97000,-0.00000,0.00000,0.24311
3505.9110,1,1,15.69,0.57,26.82,0.14584,-0.06847,0.66585,0.74099,0.66496,1.0891,0,0,0.17619,-0.06313,0.02118,0.17586,-0.06280,0.02146,0.36,0.00,0.66496,0.42325,-0.38705,0.81063,1.14845,0.00001,1.00000,0.42400,-0.38674,0.81029,1.14723,-0.00000,1.00000,16,0.18300,-0.04970,0.01494,0.18360,0.09820,0,0.99122,0.00000,-0.00000,-0.13221,Left,0,427.30,236.59,410.83,218.70,401.08,192.49,396.38,172.46,393.02,157.08,421.77,158.60,428.83,136.68,433.62,123.47,438.03,111.63,438.75,164.19,447.66,145.22,438.21,166.77,430.51,177.83,454.31,173.44,463.37,159.77,453.02,179.54,445.55,188.12,468.16,186.03,476.23,172.83,466.91,185.80,459.16,192.82,-0.00000,-0.02108,-0.03028,-0.03864,-0.04561,-0.00731,-0.02255,-0.03165,-0.03758,-0.00745,-0.03435,-0.04019,-0.03565,-0.01115,-0.03902,-0.03485,-0.02316,-0.01654,-0.03425,-0.02917,-0.02020,-0.01950,0.08731,0.03452,-0.04035,0.06136,0.00617,-0.04930,0.03618,-0.00830,-0.05516,0.01055,-0.02686,-0.06287,-0.01598,-0.03601,-0.02739,-0.00789,-0.00412,-0.01877,-0.03124,-0.01229,-0.01381,-0.04778,-0.02455,-0.01177,-0.06078,-0.05444,-0.00391,-0.00449,0.00395,0.00311,-0.02526,-0.02866,-0.01151,-0.00471,-0.04700,-0.02086,0.00648,-0.03258,0.01883,0.00275,0.00415,0.02117,-0.00520,-0.02760,0.00707,0.01302,-0.03903,-0.00047,0.02417,-0.02560,0.02944,0.02194,0.00361,0.03637,0.01057,-0.01876,0.02642,0.01984,-0.03392,0.01482,0.03157,-0.02565,0,,,,,0.18360,0.09820,0.01994,0.97000,-0.00000,0.00000,0.24311
3505.9437,1,1,16.25,0.85,28.18,0.14659,-0.06685,0.66858,0.72814,0.67131,1.0673,0,0,0.17482,-0.06387,0.01956,0.17392,-0.06358,0.01884,0.34,0.00,0.67131,0.43334,-0.38696,0.83137,1.12992,0.00000,1.00000,0.43169,-0.38836,0.82490,1.13434,-0.00000,1.00000,16,0.18300,-0.04970,0.01494,0.18360,0.09820,0,0.99122,-0.00000,0.00000,-0.13221,Left,0,426.51,238.86,409.42,219.69,400.39,192.52,395.95,172.82,391.96,158.17,421.18,160.92,428.40,138.84,433.31,125.54,437.70,113.44,438.40,166.41,447.06,145.78,438.10,165.94,430.36,177.25,454.06,175.78,463.33,160.27,453.41,178.84,445.74,187.89,468.08,188.78,476.58,174.55,467.05,186.20,458.45,193.45,-0.00000,-0.01638,-0.02222,-0.02799,-0.03275,-0.00270,-0.01640,-0.02513,-0.03110,-0.00475,-0.02987,-0.03614,-0.03243,-0.00995,-0.03573,-0.03230,-0.02174,-0.01651,-0.03295,-0.02843,-0.02033,-0.02098,0.08657,0.03168,-0.04201,0.06088,0.00542,-0.05016,0.03434,-0.00893,-0.05639,0.00801,-0.02548,-0.06368,-0.01745,-0.03281,-0.02806,-0.00889,-0.00288,-0.01893,-0.03171,-0.01098,-0.01444,-0.04850,-0.02303,-0.01227,-0.06193,-0.05153,-0.00404,-0.00434,0.00430,0.00290,-0.02733,-0.02645,-0.01059,-0.00873,-0.04610,-0.02040,0.00350,-0.03505,0.01895,0.00301,0.00353,0.02275,-0.00816,-0.02640,0.00864,0.00872,-0.03939,0.00063,0.02180,-0.03001,0.02978,0.02264,0.00222,0.03788,0.00970,-0.01798,0.02690,0.01725,-0.03427,0.01480,0.03048,-0.02756,0,,,,,0.18360,0.09820,0.01994,0.97000,-0.00000,0.00000,0.24311
3505.9745,1,1,14.77,0.79,26.42,0.14604,-0.06568,0.66689,0.72902,0.66520,1.0836,0,0,0.17566,-0.06332,0.01840,0.17537,-0.06338,0.01870,0.39,0.00,0.66520,0.42807,-0.37932,0.82619,1.12442,0.00001,0.99999,0.42735,-0.37969,0.82636,1.12412,-0.00000,1.00000,16,0.18300,-0.04970,0.01494,0.18360,0.09820,0,0.99122,-0.00000,0.00000,-0.13221,Left,0,426.32,239.29,409.37,221.14,399.99,194.06,394.96,174.38,391.13,159.53,420.63,160.79,428.21,139.27,433.33,126.07,438.03,114.50,437.73,166.59,446.94,147.25,437.37,169.26,429.98,179.55,453.65,175.86,463.23,162.02,452.27,182.41,444.75,190.79,467.76,188.67,476.34,175.44,466.18,188.34,457.74,195.24,-0.00000,-0.01694,-0.02301,-0.02879,-0.03344,-0.00379,-0.01832,-0.02671,-0.03199,-0.00503,-0.03037,-0.03512,-0.02998,-0.00954,-0.03644,-0.03170,-0.01975,-0.01535,-0.03284,-0.02773,-0.01873,-0.02040,0.08691,0.03219,-0.04134,0.06138,0.00571,-0.05033,0.03495,-0.00889,-0.05560,0.01006,-0.02657,-0.06296,-0.01585,-0.03518,-0.02798,-0.00845,-0.00323,-0.01828,-0.03173,-0.01134,-0.01307,-0.04786,-0.02384,-0.01068,-0.06044,-0.05390,-0.00414,-0.00440,0.00450,0.00367,-0.02590,-0.02798,-0.01021,-0.00542,-0.04676,-0.01960,0.00606,-0.03292,0.01896,0.00286,0.00349,0.02260,-0.00599,-0.02782,0.00808,0.01221,-0.03991,0.00017,0.02422,-0.02656,0.02995,0.02223,0.00152,0.03781,0.01075,-0.02021,0.02699,0.01945,-0.03540,0.01430,0.03203,-0.02682,0,,,,,0.18360,0.09820,0.01994,0.97000,0.00000,-0.00000,0.24311
3506.0066,1,1,15.05,0.56,28.05,0.14584,-0.06424,0.66607,0.72941,0.66526,1.0926,0,0,0.17607,-0.06312,0.01696,0.17589,-0.06314,0.01722,0.43,0.00,0.66526,0.42520,-0.36996,0.82995,1.11126,-0.00000,1.00000,0.42485,-0.37152,0.83048,1.11184,-0.00000,1.00000,16,0.18300,-0.04970,0.01494,0.18360,0.09820,0,0.99122,-0.00000,0.00000,-0.13221,Left,0,425.95,240.99,408.90,223.20,399.79,196.76,395.46,176.91,391.82,160.75,421.06,162.27,428.10,140.18,433.06,126.86,437.75,114.99,438.13,167.79,447.13,147.31,437.44,168.12,429.44,179.56,453.78,177.10,462.83,162.35,452.05,182.06,444.29,191.62,467.77,190.22,475.94,175.83,466.05,188.35,457.55,196.30,-0.00000,-0.01797,-0.02568,-0.03322,-0.03966,-0.00454,-0.01961,-0.02908,-0.03523,-0.00626,-0.03266,-0.03930,-0.03538,-0.01126,-0.03884,-0.03542,-0.02415,-0.01765,-0.03538,-0.03063,-0.02177,-0.02067,0.08682,0.03443,-0.04201,0.06169,0.00752,-0.05056,0.03594,-0.00895,-0.05580,0.01118,-0.02784,-0.06337,-0.01583,-0.03782,-0.02765,-0.00888,-0.00321,-0.01873,-0.03205,-0.01197,-0.01409,-0.04809,-0.02430,-0.01174,-0.06206,-0.05493,-0.00397,-0.00454,0.00426,0.00362,-0.02690,-0.02805,-0.01097,-0.00749,-0.04889,-0.02137,0.00475,-0.03919,0.01874,0.00271,0.00353,0.02205,-0.00651,-0.02807,0.00715,0.01116,-0.04120,-0.00137,0.02396,-0.02973,0.02943,0.02248,0.00204,0.03725,0.01028,-0.01898,0.02611,0.01824,-0.03556,0.01357,0.03196,-0.02847,0,,,,,0.18360,0.09820,0.01994,0.97000,-0.00000,-0.00000,0.24311
3506.0400,1,1,17.14,0.61,28.76,0.14517,-0.06302,0.66497,0.72326,0.66386,1.0849,0,0,0.17663,-0.06245,0.01574,0.17631,-0.06237,0.01562,0.40,0.00,0.66386,0.41942,-0.36115,0.83504,1.09842,-0.00001,1.00000,0.41962,-0.36401,0.83405,1.10077,-0.00000,1.00000,16,0.18300,-0.04970,0.01494,0.18360,0.09820,0,0.99122,-0.00000,0.00000,-0.13221,Left,0,425.32,241.70,408.56,222.72,399.40,196.04,394.66,176.92,390.99,161.79,420.39,162.59,427.39,140.88,432.38,127.81,437.05,116.11,437.49,168.39,446.63,148.39,437.49,168.47,429.53,179.73,453.07,178.01,462.24,163.64,452.25,182.17,444.66,190.97,466.98,191.30,475.39,177.85,465.85,189.75,457.36,197.03,-0.00000,-0.01703,-0.02367,-0.03009,-0.03536,-0.00305,-0.01720,-0.02634,-0.03248,-0.00489,-0.03072,-0.03746,-0.03388,-0.00996,-0.03645,-0.03338,-0.02287,-0.01642,-0.03332,-0.02893,-0.02074,-0.02055,0.08644,0.03371,-0.04138,0.06111,0.00757,-0.04987,0.03510,-0.00771,-0.05604,0.01053,-0.02587,-0.06355,-0.01516,-0.03578,-0.02766,-0.00926,-0.00244,-0.01890,-0.03155,-0.01124,-0.01404,-0.04732,-0.02356,-0.01225,-0.06124,-0.05312,-0.00388,-0.00443,0.00425,0.00354,-0.02667,-0.02728,-0.01054,-0.00784,-0.04754,-0.02098,0.00396,-0.03823,0.01856,0.00298,0.00305,0.02218,-0.00622,-0.02766,0.00781,0.01065,-0.04087,0.00011,0.02278,-0.03119,0.02919,0.02312,0.00145,0.03741,0.01116,-0.01959,0.02630,0.01879,-0.03565,0.01427,0.03164,-0.02923,0,,,,,0.18360,0.09820,0.01994,0.97000,-0.00000,-0.00000,0.24311
3506.0717,1,1,15.36,0.80,27.40,0.14543,-0.06234,0.66611,0.73548,0.66724,1.0961,0,0,0.17606,-0.06271,0.01505,0.17588,-0.06248,0.01514,0.19,0.00,0.66724,0.42122,-0.36217,0.83992,1.09460,-0.00000,1.00000,0.42190,-0.36312,0.84020,1.09375,-0.00000,1.00000,16,0.18300,-0.04970,0.01494,0.18360,0.09820,0,0.99122,-0.00000,-0.00000,-0.13221,Left,0,426.01,242.04,408.97,224.05,399.32,197.78,394.99,178.26,391.31,162.66,420.37,163.37,427.41,141.03,432.14,127.91,436.64,116.11,437.75,168.84,446.97,149.26,437.74,169.30,429.84,181.24,453.46,178.26,462.57,164.41,452.03,183.35,444.19,193.08,467.49,191.43,475.52,178.25,465.38,190.42,456.47,198.31,-0.00000,-0.01853,-0.02647,-0.03395,-0.04025,-0.00586,-0.02061,-0.03003,-0.03630,-0.00718,-0.03343,-0.04019,-0.03663,-0.01175,-0.03877,-0.03578,-0.02519,-0.01779,-0.03539,-0.03126,-0.02309,-0.02020,0.08648,0.03716,-0.04148,0.06168,0.00970,-0.05034,0.03628,-0.00596,-0.05598,0.01142,-0.02524,-0.06425,-0.01425,-0.03527,-0.02765,-0.00899,-0.00320,-0.01912,-0.03187,-0.01218,-0.01489,-0.04760,-0.02434,-0.01284,-0.06125,-0.05492,-0.00393,-0.00464,0.00383,0.00322,-0.02583,-0.02847,-0.01087,-0.00665,-0.04868,-0.02131,0.00540,-0.03922,0.01854,0.00298,0.00351,0.02193,-0.00513,-0.02808,0.00703,0.01222,-0.04061,-0.00116,0.02463,-0.02959,0.02971,0.02319,0.00262,0.03702,0.01125,-0.01886,0.02552,0.01963,-0.03546,0.01317,0.03311,-0.02886,0,,,,,0.18360,0.09820,0.01994,0.97000,-0.00000,-0.00000,0.24311
3506.1061,1,1,18.50,0.56,29.62,0.14522,-0.06110,0.66697,0.72160,0.66783,1.0610,0,0,0.17563,-0.06250,0.01382,0.17511,-0.06226,0.01378,0.26,0.00,0.66783,0.42204,-0.36187,0.85064,1.08472,-0.00000,1.00000,0.42203,-0.36261,0.84939,1.08407,-0.00000,1.00000,16,0.18300,-0.04970,0.01494,0.18360,0.09820,0,0.99122,0.00000,-0.00000,-0.13221,Left,0,425.09,244.02,408.14,225.47,399.29,197.34,394.83,177.78,390.74,163.50,420.10,164.56,427.49,142.40,432.46,129.03,437.31,117.65,436.92,170.57,446.76,150.61,436.94,172.99,429.59,183.38,452.74,179.86,462.40,165.88,451.24,186.19,443.78,194.05,466.88,192.56,476.04,179.02,465.63,191.78,456.85,198.29,-0.00000,-0.01521,-0.02057,-0.02607,-0.03054,-0.00261,-0.01749,-0.02583,-0.03088,-0.00493,-0.03071,-0.03502,-0.02926,-0.01051,-0.03722,-0.03209,-0.01984,-0.01733,-0.03415,-0.02866,-0.01952,-0.02173,0.08750,0.02956,-0.04220,0.06152,0.00516,-0.05000,0.03437,-0.00951,-0.05483,0.00874,-0.02669,-0.06213,-0.01613,-0.03582,-0.02762,-0.00935,-0.00189,-0.01802,-0.03244,-0.01012,-0.01359,-0.04894,-0.02266,-0.01133,-0.06100,-0.05204,-0.00420,-0.00441,0.00456,0.00429,-0.02646,-0.02744,-0.01008,-0.00622,-0.04554,-0.01910,0.00589,-0.03093,0.01891,0.00307,0.00289,0.02260,-0.00634,-0.02812,0.00811,0.01214,-0.03904,0.00009,0.02415,-0.02621,0.02958,0.02289,0.00003,0.03782,0.01064,-0.02040,0.02683,0.01868,-0.03509,0.01401,0.03165,-0.02642,0,,,,,0.18360,0.09820,0.01994,0.97000,-0.00000,-0.00000,0.24311
3506.1365,1,1,17.25,0.79,26.32,0.14505,-0.05988,0.66578,0.73191,0.66458,1.0800,0,0,0.17622,-0.06233,0.01259,0.17605,-0.06230,0.01262,0.39,0.00,0.66458,0.41970,-0.35284,0.85246,1.07090,0.00000,0.99999,0.41968,-0.35407,0.85102,1.07384,-0.00000,1.00000,16,0.18300,-0.04970,0.01494,0.18360,0.09820,0,0.99122,-0.00000,-0.00000,-0.13221,Left,0,425.98,244.52,409.34,226.60,399.60,200.10,395.02,180.57,390.80,164.84,420.47,165.44,426.84,142.94,431.57,130.01,436.17,118.49,437.48,171.13,446.29,151.58,436.60,173.82,429.09,184.77,453.08,180.63,462.28,166.82,451.25,187.33,443.60,195.93,467.16,193.70,476.02,180.34,465.63,193.24,456.63,200.09,-0.00000,-0.01846,-0.02671,-0.03470,-0.04146,-0.00549,-0.02042,-0.02897,-0.03439,-0.00677,-0.03335,-0.03862,-0.03363,-0.01145,-0.03928,-0.03478,-0.02279,-0.01755,-0.03525,-0.03014,-0.02113,-0.01968,0.08681,0.03577,-0.04068,0.06208,0.00948,-0.04924,0.03590,-0.00658,-0.05498,0.01106,-0.02593,-0.06276,-0.01454,-0.03719,-0.02759,-0.00930,-0.00270,-0.01858,-0.03230,-0.01137,-0.01460,-0.04820,-0.02403,-0.01290,-0.06106,-0.05575,-0.00379,-0.00465,0.00407,0.00327,-0.02580,-0.02877,-0.01105,-0.00539,-0.04624,-0.02072,0.00637,-0.03218,0.01859,0.00310,0.00308,0.02167,-0.00547,-0.02907,0.00712,0.01339,-0.03919,-0.00126,0.02463,-0.02481,0.02919,0.02301,0.00105,0.03717,0.01129,-0.02002,0.02600,0.01945,-0.03528,0.01308,0.03197,-0.02621,0,,,,,0.18360,0.09820,0.01994,0.97000,0.00000,0.00000,0.24311
3506.1663,1,1,15.64,0.57,25.14,0.14530,-0.05866,0.66653,0.72772,0.66728,1.0595,0,0,0.17585,-0.06258,0.01137,0.17556,-0.06238,0.01147,0.34,0.00,0.66728,0.42154,-0.34914,0.85855,1.06267,0.00000,1.00000,0.42170,-0.35012,0.85790,1.06305,-0.00000,1.00000,16,0.18300,-0.04970,0.01494,0.18360,0.09820,0,0.99122,-0.00000,-0.00000,-0.13221,Left,0,425.87,245.30,408.54,225.97,399.28,199.09,394.59,179.95,390.11,165.74,420.26,166.72,427.14,144.25,431.73,131.02,436.23,119.29,437.56,172.44,446.31,152.27,436.92,174.57,429.53,186.88,453.30,181.95,462.81,167.00,451.97,187.23,444.04,196.85,467.44,195.06,476.74,181.40,466.29,193.62,456.75,200.79,-0.00000,-0.01663,-0.02304,-0.02945,-0.03474,-0.00342,-0.01801,-0.02659,-0.03216,-0.00541,-0.03216,-0.03765,-0.03274,-0.01072,-0.03827,-0.03410,-0.02237,-0.01737,-0.03520,-0.03084,-0.02247,-0.02091,0.08663,0.03282,-0.04187,0.06081,0.00666,-0.05082,0.03426,-0.00729,-0.05603,0.00953,-0.02541,-0.06376,-0.01548,-0.03509,-0.02809,-0.00936,-0.00253,-0.01900,-0.03211,-0.01064,-0.01477,-0.04861,-0.02228,-0.01315,-0.06121,-0.05169,-0.00396,-0.00444,0.00441,0.00297,-0.02642,-0.02749,-0.01163,-0.00593,-0.04547,-0.01979,0.00717,-0.03044,0.01907,0.00318,0.00307,0.02251,-0.00662,-0.02770,0.00794,0.01178,-0.03889,-0.00040,0.02473,-0.02575,0.02972,0.02280,0.00129,0.03805,0.01119,-0.01918,0.02707,0.01802,-0.03417,0.01367,0.03127,-0.02599,0,,,,,0.18360,0.09820,0.01994,0.97000,-0.00000,0.00000,0.24311
3506.1998,1,1,17.13,0.56,28.71,0.14615,-0.05761,0.66994,0.73013,0.67335,1.0416,0,0,0.17414,-0.06343,0.01032,0.17294,-0.06307,0.00971,0.24,0.00,0.67335,0.43300,-0.35351,0.87672,1.05346,0.00000,1.00000,0.43077,-0.35455,0.87169,1.05374,-0.00000,1.00000,16,0.18300,-0.04970,0.01494,0.18360,0.09820,0,0.99122,0.00000,-0.00000,-0.13221,Left,0,425.88,246.63,409.19,228.46,399.91,201.76,395.12,182.41,390.72,167.33,420.46,168.08,426.87,146.24,431.26,132.94,435.81,121.07,437.66,173.51,447.29,153.01,437.45,175.83,430.34,187.08,453.51,182.90,463.48,168.44,452.20,189.06,444.69,197.33,467.56,196.07,476.86,182.94,466.27,195.57,457.49,201.88,-0.00000,-0.01758,-0.02477,-0.03184,-0.03779,-0.00410,-0.01957,-0.02846,-0.03410,-0.00615,-0.03321,-0.03817,-0.03264,-0.01170,-0.03943,-0.03430,-0.02184,-0.01874,-0.03593,-0.03038,-0.02124,-0.02056,0.08753,0.03153,-0.04186,0.06214,0.00650,-0.05022,0.03592,-0.00867,-0.05624,0.01060,-0.02711,-0.06396,-0.01561,-0.03660,-0.02810,-0.00924,-0.00175,-0.01958,-0.03221,-0.01004,-0.01561,-0.04867,-0.02215,-0.01405,-0.06122,-0.05196,-0.00404,-0.00474,0.00454,0.00388,-0.02749,-0.02706,-0.01090,-0.00659,-0.04561,-0.01905,0.00598,-0.03109,0.01910,0.00306,0.00249,0.02258,-0.00663,-0.02833,0.00789,0.01246,-0.03942,0.00012,0.02437,-0.02629,0.02996,0.02325,0.00029,0.03793,0.01158,-0.02032,0.02694,0.01906,-0.03519,0.01430,0.03151,-0.02611,0,,,,,0.18360,0.09820,0.01994,0.97000,-0.00000,-0.00000,0.24311
3506.2303,1,1,16.33,0.16,26.41,0.14623,-0.05691,0.66888,0.73487,0.66782,1.0460,0,0,0.17467,-0.06351,0.01000,0.17411,-0.06336,0.01046,0.75,0.00,0.66782,0.43146,-0.35474,0.87207,1.05334,-0.00000,0.99999,0.43077,-0.35455,0.87169,1.05374,-0.00000,1.00000,16,0.18300,-0.04970,0.01494,0.18360,0.09820,0,0.99122,0.00000,-0.00000,-0.13221,Left,0,426.29,246.94,409.68,229.03,400.10,202.91,395.43,183.41,390.68,168.71,420.44,167.63,427.41,146.97,431.87,134.00,436.16,122.61,438.02,173.38,447.83,155.11,437.73,177.91,429.78,187.82,454.15,182.84,464.42,169.53,453.18,189.92,444.94,197.76,468.25,195.98,477.38,183.10,467.11,196.19,458.16,202.55,-0.00000,-0.01988,-0.02892,-0.03725,-0.04423,-0.00705,-0.02268,-0.03177,-0.03753,-0.00770,-0.03417,-0.03890,-0.03356,-0.01184,-0.03925,-0.03394,-0.02165,-0.01757,-0.03501,-0.02932,-0.01994,-0.02033,0.08773,0.03522,-0.04133,0.06189,0.00716,-0.05009,0.03604,-0.00881,-0.05564,0.01131,-0.02871,-0.06454,-0.01494,-0.03777,-0.02793,-0.00893,-0.00422,-0.01996,-0.03162,-0.01356,-0.01538,-0.04663,-0.02626,-0.01392,-0.05896,-0.05794,-0.00412,-0.00459,0.00410,0.00430,-0.02553,-0.02816,-0.01064,-0.00421,-0.04661,-0.02019,0.00718,-0.03128,0.01939,0.00297,0.00395,0.02306,-0.00611,-0.02704,0.00847,0.01254,-0.03874,-0.00032,0.02346,-0.02606,0.03088,0.02217,0.00347,0.03809,0.01135,-0.01848,0.02792,0.01968,-0.03334,0.01417,0.03145,-0.02569,0,,,,,0.18360,0.09820,0.01994,0.97000,-0.00000,-0.00000,0.24311
3506.2627,1,1,15.56,0.56,28.83,0.14563,-0.05502,0.66403,0.72712,0.65918,1.0553,0,0,0.17709,-0.06291,0.01000,0.17680,-0.06247,0.00960,0.43,0.01,0.65918,0.41870,-0.32246,0.84940,1.05031,0.00000,0.99999,0.42145,-0.33323,0.85384,1.05006,-0.00000,1.00000,16,0.18300,-0.04970,0.01494,0.18360,0.09820,0,0.99122,0.00000,-0.00000,-0.13221,Left,0,426.71,249.25,410.10,231.41,400.59,206.44,396.12,187.24,391.41,171.82,420.92,169.50,427.03,148.77,431.59,135.54,436.12,124.23,438.52,175.15,447.22,155.86,437.50,178.54,429.96,189.27,454.65,184.66,464.15,170.85,453.37,190.97,445.24,199.80,468.95,198.09,477.99,185.07,467.25,197.71,457.25,204.64,-0.00000,-0.02069,-0.03150,-0.04177,-0.05071,-0.00757,-0.02379,-0.03347,-0.03967,-0.00848,-0.03542,-0.04039,-0.03514,-0.01307,-0.04061,-0.03519,-0.02283,-0.01946,-0.03728,-0.03195,-0.02282,-0.01903,0.08716,0.03632,-0.04058,0.06189,0.00838,-0.04890,0.03695,-0.00864,-0.05458,0.01335,-0.03023,-0.06337,-0.01293,-0.04163,-0.02808,-0.00887,-0.00321,-0.02019,-0.03129,-0.01269,-0.01599,-0.04730,-0.02612,-0.01414,-0.05959,-0.05950,-0.00412,-0.00461,0.00398,0.00357,-0.02656,-0.02774,-0.01163,-0.00531,-0.04745,-0.02036,0.00665,-0.03417,0.01922,0.00278,0.00364,0.02249,-0.00643,-0.02749,0.00812,0.01214,-0.03987,-0.00044,0.02371,-0.02882,0.03037,0.02225,0.00262,0.03794,0.01115,-0.01808,0.02705,0.01860,-0.03416,0.01297,0.03186,-0.02757,0,,,,,0.18360,0.09820,0.01994,0.97000,-0.00000,0.00000,0.24311
3506.3092,1,1,14.42,0.67,42.37,0.14623,-0.05356,0.66727,0.74047,0.67051,1.0537,0,0,0.17547,-0.06351,0.01000,0.17531,-0.06303,0.00988,0.12,0.00,0.67051,0.42615,-0.34169,0.86513,1.04831,-0.00000,1.00000,0.42784,-0.33978,0.86276,1.04787,-0.00000,1.00000,16,0.18300,-0.04970,0.01494,0.18360,0.09820,0,0.99122,0.00000,-0.00000,-0.13221,Left,0,425.69,249.99,409.47,232.53,400.57,205.85,396.11,187.11,390.51,173.69,420.86,171.16,427.47,149.51,432.39,136.71,437.26,125.32,438.17,176.86,447.57,157.16,438.36,180.68,431.47,192.03,453.98,186.53,464.15,172.01,453.36,193.15,445.65,201.85,468.12,200.13,477.65,186.67,467.12,199.91,457.48,206.89,-0.00000,-0.01687,-0.02364,-0.03010,-0.03556,-0.00463,-0.01894,-0.02682,-0.03192,-0.00660,-0.03196,-0.03576,-0.02996,-0.01191,-0.03872,-0.03334,-0.02122,-0.01857,-0.03619,-0.03115,-0.02256,-0.02041,0.08725,0.03734,-0.04099,0.06228,0.01097,-0.04885,0.03612,-0.00491,-0.05454,0.01195,-0.02558,-0.06270,-0.01266,-0.03832,-0.02824,-0.00974,-0.00140,-0.01902,-0.03176,-0.01115,-0.01505,-0.04770,-0.02338,-0.01266,-0.06016,-0.05360,-0.00400,-0.00466,0.00407,0.00421,-0.02691,-0.02665,-0.00953,-0.00500,-0.04422,-0.01810,0.00733,-0.02908,0.01856,0.00310,0.00256,0.02317,-0.00666,-0.02792,0.00927,0.01248,-0.03903,0.00172,0.02444,-0.02625,0.03008,0.02331,0.00070,0.03824,0.01120,-0.01890,0.02759,0.01893,-0.03401,0.01433,0.03286,-0.02621,0,,,,,0.18360,0.09820,0.01994,0.97000,0.00000,0.00000,0.24311
3506.3510,1,1,20.18,0.59,37.76,0.14569,-0.05128,0.66509,0.73934,0.66292,1.0353,0,0,0.17656,-0.06297,0.01000,0.17620,-0.06300,0.00999,0.11,0.00,0.66292,0.42354,-0.33551,0.85863,1.04819,-0.00001,1.00000,0.42289,-0.33428,0.85695,1.04808,-0.00000,1.00000,16,0.18300,-0.04970,0.01494,0.18360,0.09820,0,0.99122,0.00000,-0.00000,-0.13221,Left,0,425.05,251.92,408.54,234.06,399.69,208.22,395.57,189.59,390.78,174.94,420.66,173.11,427.10,151.68,431.90,138.49,436.63,126.92,438.37,178.76,447.78,158.99,438.10,182.05,430.49,193.03,454.36,188.65,464.26,173.54,453.30,193.97,445.07,202.26,468.38,202.71,477.85,188.88,467.33,201.34,457.69,207.54,-0.00000,-0.01819,-0.02700,-0.03554,-0.04295,-0.00633,-0.02213,-0.03147,-0.03759,-0.00840,-0.03484,-0.03949,-0.03430,-0.01390,-0.04079,-0.03503,-0.02283,-0.02097,-0.03809,-0.03237,-0.02338,-0.02118,0.08684,0.03807,-0.04160,0.06109,0.01116,-0.05007,0.03574,-0.00574,-0.05528,0.01177,-0.02690,-0.06286,-0.01426,-0.03978,-0.02825,-0.01017,-0.00167,-0.01954,-0.03238,-0.01161,-0.01507,-0.04818,-0.02374,-0.01354,-0.06098,-0.05466,-0.00394,-0.00478,0.00420,0.00444,-0.02739,-0.02677,-0.01012,-0.00648,-0.04543,-0.01884,0.00658,-0.03078,0.01928,0.00321,0.00254,0.02301,-0.00786,-0.02715,0.00876,0.01054,-0.03925,0.00069,0.02200,-0.02803,0.02999,0.02323,0.00061,0.03809,0.01135,-0.01895,0.02781,0.01782,-0.03275,0.01407,0.03064,-0.02549,0,,,,,0.18360,0.09820,0.01994,0.97000,-0.00000,-0.00000,0.24311
3506.3919,1,1,28.29,0.86,35.38,0.14414,-0.04915,0.65814,0.73983,0.65119,1.0704,0,0,0.18004,-0.06142,0.01000,0.17933,-0.06129,0.00959,0.41,0.01,0.65119,0.40499,-0.30794,0.83607,1.04768,-0.00000,1.00000,0.40548,-0.31388,0.83667,1.04786,-0.00000,1.00000,16,0.18300,-0.04970,0.01494,0.18360,0.09820,0,0.99122,0.00000,-0.00000,-0.13221,Left,0,425.68,253.56,409.71,236.72,400.32,211.06,395.55,192.00,390.59,176.55,420.64,173.54,427.10,152.68,431.73,139.42,436.55,128.56,438.06,179.67,447.14,160.26,437.18,183.30,430.39,193.64,454.09,189.57,463.62,175.46,452.55,195.83,445.16,203.78,468.32,203.52,477.32,190.26,466.77,203.20,457.98,209.57,-0.00000,-0.02055,-0.03132,-0.04159,-0.05053,-0.00777,-0.02413,-0.03332,-0.03904,-0.00893,-0.03553,-0.03944,-0.03342,-0.01388,-0.04091,-0.03424,-0.02128,-0.02068,-0.03777,-0.03141,-0.02176,-0.01872,0.08765,0.03907,-0.03978,0.06213,0.01246,-0.04835,0.03695,-0.00567,-0.05406,0.01338,-0.02888,-0.06273,-0.01312,-0.04187,-0.02730,-0.01002,-0.00220,-0.01932,-0.03264,-0.01108,-0.01457,-0.04801,-0.02428,-0.01254,-0.06075,-0.05698,-0.00383,-0.00484,0.00408,0.00421,-0.02725,-0.02793,-0.01097,-0.00611,-0.04662,-0.01839,0.00626,-0.03285,0.01896,0.00339,0.00267,0.02203,-0.00672,-0.02842,0.00751,0.01186,-0.04025,0.00039,0.02262,-0.02871,0.02957,0.02363,0.00108,0.03714,0.01239,-0.01983,0.02653,0.01941,-0.03444,0.01327,0.03190,-0.02710,0,,,,,0.18360,0.09820,0.01994,0.97000,-0.00000,-0.00000,0.24311
3506.4169,1,1,14.61,0.56,21.07,0.14338,-0.04774,0.65611,0.72709,0.65408,1.0748,0,0,0.18105,-0.06066,0.01000,0.18128,-0.06045,0.01015,0.20,0.00,0.65408,0.39501,-0.30486,0.82903,1.04632,-0.00000,0.99999,0.39759,-0.30634,0.83057,1.04652,-0.00000,1.00000,16,0.18300,-0.04970,0.01494,0.18360,0.09820,0,0.99122,0.00000,-0.00000,-0.13221,Left,0,425.14,254.81,409.10,236.77,399.53,211.16,395.10,192.68,390.15,178.63,420.13,174.25,427.19,153.76,431.77,140.88,436.13,130.11,437.62,180.43,448.25,160.80,438.23,184.50,430.90,195.06,453.63,190.24,464.45,175.76,453.47,196.62,445.72,204.87,467.73,203.97,477.49,190.26,467.61,203.01,459.07,209.30,-0.00000,-0.01907,-0.02787,-0.03612,-0.04307,-0.00588,-0.02060,-0.02844,-0.03320,-0.00699,-0.03219,-0.03497,-0.02804,-0.01172,-0.03798,-0.03135,-0.01818,-0.01809,-0.03475,-0.02861,-0.01903,-0.01996,0.08791,0.03525,-0.04054,0.06210,0.00806,-0.04910,0.03712,-0.00798,-0.05491,0.01400,-0.02856,-0.06326,-0.01122,-0.04084,-0.02750,-0.00951,-0.00246,-0.01876,-0.03207,-0.01138,-0.01489,-0.04771,-0.02409,-0.01321,-0.05962,-0.05560,-0.00401,-0.00475,0.00447,0.00539,-0.02763,-0.02773,-0.00870,-0.00589,-0.04612,-0.01785,0.00677,-0.03041,0.01877,0.00308,0.00301,0.02328,-0.00738,-0.02773,0.00952,0.01135,-0.03977,0.00140,0.02341,-0.02708,0.03008,0.02293,0.00170,0.03827,0.01134,-0.01938,0.02835,0.01804,-0.03414,0.01557,0.03073,-0.02621,0,,,,,0.18360,0.09820,0.01994,0.97000,-0.00000,-0.00000,0.24311
3506.4427,1,1,15.18,0.61,22.04,0.14265,-0.04584,0.65228,0.73294,0.64845,1.0781,0,0,0.18297,-0.05993,0.01000,0.18299,-0.05991,0.00999,0.25,0.00,0.64845,0.38758,-0.29000,0.81609,1.04582,-0.00000,1.00000,0.38862,-0.29376,0.81835,1.04612,-0.00000,1.00000,16,0.18300,-0.04970,0.01494,0.18360,0.09820,0,0.99122,-0.00000,0.00000,-0.13221,Left,0,424.55,255.48,408.64,237.42,399.61,211.95,395.58,193.51,390.25,179.24,420.83,176.32,427.62,155.70,432.12,142.38,436.29,131.47,438.32,182.56,447.54,162.83,437.72,185.48,430.62,195.48,454.32,192.24,464.19,177.58,453.51,197.34,445.77,205.13,468.55,205.66,478.23,191.77,468.49,203.89,459.61,209.97,-0.00000,-0.01930,-0.02935,-0.03907,-0.04759,-0.00738,-0.02315,-0.03180,-0.03711,-0.00890,-0.03479,-0.03820,-0.03201,-0.01404,-0.04055,-0.03401,-0.02126,-0.02091,-0.03758,-0.03144,-0.02211,-0.02083,0.08639,0.03726,-0.04111,0.06060,0.01043,-0.04929,0.03561,-0.00623,-0.05464,0.01266,-0.02676,-0.06335,-0.01251,-0.03883,-0.02735,-0.00967,-0.00199,-0.01896,-0.03181,-0.01101,-0.01513,-0.04751,-0.02414,-0.01378,-0.05938,-0.05721,-0.00379,-0.00448,0.00434,0.00417,-0.02668,-0.02800,-0.01078,-0.00566,-0.04636,-0.01870,0.00556,-0.03087,0.01888,0.00298,0.00273,0.02259,-0.00694,-0.02778,0.00864,0.01121,-0.03987,0.00062,0.02188,-0.02848,0.02943,0.02295,0.00076,0.03780,0.01132,-0.01929,0.02809,0.01760,-0.03383,0.01505,0.02994,-0.02675,0,,,,,0.18360,0.09820,0.01994,0.97000,0.00000,0.00000,0.24311
3506.4706,1,1,15.59,0.58,24.06,0.14230,-0.04528,0.65036,0.72289,0.64843,1.0949,0,0,0.18393,-0.05958,0.01000,0.18406,-0.05952,0.01024,0.16,0.00,0.64843,0.38272,-0.28692,0.81125,1.04528,-0.00000,1.00000,0.38382,-0.28633,0.81169,1.04539,-0.00000,1.00000,16,0.18304,-0.04975,0.01500,0.18360,0.09820,0,0.99128,-0.00000,0.00056,-0.13176,Left,0,425.28,255.36,408.32,237.11,399.29,210.76,394.83,193.01,389.77,179.90,420.25,175.73,426.76,155.41,432.17,142.92,437.27,132.58,437.88,181.78,447.35,163.38,437.89,186.46,431.23,196.07,454.27,191.34,463.93,178.76,453.01,199.62,445.94,206.91,468.95,204.62,477.73,192.30,467.63,205.48,459.51,211.37,-0.00000,-0.01676,-0.02326,-0.02942,-0.03450,-0.00399,-0.01812,-0.02537,-0.02967,-0.00549,-0.02949,-0.03187,-0.02504,-0.01049,-0.03620,-0.02995,-0.01734,-0.01689,-0.03374,-0.02821,-0.01920,-0.02033,0.08661,0.03463,-0.04107,0.06093,0.00774,-0.04917,0.03535,-0.00800,-0.05476,0.01269,-0.02785,-0.06337,-0.01088,-0.03840,-0.02783,-0.00878,-0.00264,-0.01955,-0.03178,-0.01140,-0.01453,-0.04718,-0.02542,-0.01170,-0.05837,-0.05677,-0.00401,-0.00449,0.00440,0.00487,-0.02646,-0.02835,-0.00932,-0.00458,-0.04604,-0.01707,0.00654,-0.02964,0.01934,0.00270,0.00304,0.02274,-0.00548,-0.02803,0.00919,0.01323,-0.03992,0.00196,0.02435,-0.02675,0.03057,0.02227,0.00125,0.03875,0.01159,-0.02039,0.02800,0.01993,-0.03490,0.01542,0.03177,-0.02720,0,,,,,0.18360,0.09820,0.01994,0.97000,0.00000,0.00000,0.24311
3506.5052,1,1,18.21,0.61,30.06,0.14347,-0.04437,0.65388,0.74451,0.65740,1.0767,0,0,0.18217,-0.06075,0.01000,0.18152,-0.06062,0.00944,0.20,0.00,0.65740,0.39547,-0.29310,0.82343,1.04444,-0.00000,0.99999,0.39354,-0.29435,0.82099,1.04422,-0.00000,1.00000,16,0.18310,-0.04987,0.01490,0.18360,0.09820,0,0.99141,-0.00024,-0.00016,-0.13075,Left,0,426.31,256.74,409.36,239.66,399.31,214.75,395.24,196.88,390.54,182.40,420.74,177.31,427.12,156.77,431.70,143.68,435.82,132.83,438.57,183.34,448.13,164.54,438.15,187.85,430.75,197.92,454.88,192.98,464.55,179.19,453.63,199.55,445.99,207.14,469.26,206.41,478.32,193.01,468.24,205.71,459.43,211.82,-0.00000,-0.01995,-0.03012,-0.03976,-0.04817,-0.00811,-0.02360,-0.03208,-0.03730,-0.00928,-0.03507,-0.03840,-0.03207,-0.01412,-0.04048,-0.03404,-0.02131,-0.02069,-0.03715,-0.03079,-0.02123,-0.01938,0.08686,0.04089,-0.04120,0.06188,0.01207,-0.04912,0.03768,-0.00645,-0.05519,0.01504,-0.02904,-0.06439,-0.00989,-0.04235,-0.02816,-0.00885,-0.00326,-0.02029,-0.03163,-0.01286,-0.01578,-0.04753,-0.02603,-0.01434,-0.05928,-0.05898,-0.00415,-0.00460,0.00353,0.00397,-0.02637,-0.02910,-0.01037,-0.00406,-0.04649,-0.01977,0.00716,-0.03051,0.01909,0.00254,0.00366,0.02259,-0.00583,-0.02771,0.00863,0.01216,-0.03961,0.00084,0.02304,-0.02660,0.03084,0.02233,0.00381,0.03840,0.01107,-0.01778,0.02784,0.01898,-0.03266,0.01576,0.03122,-0.02591,0,,,,,0.18360,0.09820,0.01994,0.97000,0.00000,0.00000,0.24311
3506.5385,1,1,18.62,0.82,29.08,0.14269,-0.04251,0.65170,0.73962,0.64952,1.0733,0,0,0.18326,-0.05997,0.01000,0.18296,-0.06015,0.00998,0.11,0.00,0.64952,0.38912,-0.29067,0.81690,1.04476,-0.00000,0.99999,0.38789,-0.28978,0.81557,1.04497,-0.00000,1.00000,16,0.18310,-0.04987,0.01493,0.18360,0.09820,0,0.99142,-0.00006,-0.00003,-0.13075,Left,0,425.73,259.02,409.15,242.01,399.08,216.02,393.91,197.60,388.79,183.53,419.33,179.33,426.11,158.55,430.98,145.90,435.65,134.69,437.44,185.19,446.73,165.89,437.59,189.09,430.93,199.44,454.13,194.79,463.51,180.65,452.84,201.45,445.60,209.50,468.87,208.25,478.08,194.52,467.94,207.41,459.06,214.05,-0.00000,-0.01786,-0.02557,-0.03268,-0.03868,-0.00682,-0.02198,-0.03068,-0.03621,-0.00820,-0.03308,-0.03684,-0.03133,-0.01296,-0.03903,-0.03331,-0.02125,-0.01916,-0.03610,-0.03058,-0.02170,-0.01782,0.08647,0.04228,-0.03968,0.06146,0.01229,-0.04915,0.03726,-0.00502,-0.05550,0.01393,-0.02803,-0.06435,-0.01088,-0.04019,-0.02827,-0.00886,-0.00264,-0.01956,-0.03171,-0.01313,-0.01593,-0.04726,-0.02630,-0.01341,-0.05888,-0.05777,-0.00425,-0.00467,0.00408,0.00373,-0.02684,-0.02895,-0.00980,-0.00537,-0.04781,-0.01780,0.00739,-0.03355,0.01949,0.00286,0.00314,0.02237,-0.00717,-0.02791,0.00860,0.01132,-0.04052,0.00156,0.02373,-0.02880,0.03092,0.02262,0.00247,0.03838,0.01074,-0.01867,0.02810,0.01761,-0.03420,0.01562,0.03095,-0.02763,0,,,,,0.18360,0.09820,0.01994,0.97000,0.00000,0.00000,0.24311
3506.5653,1,1,15.24,0.17,21.83,0.14247,-0.04101,0.65225,0.73795,0.65280,1.0720,0,0,0.18298,-0.05975,0.01000,0.18320,-0.05995,0.01002,0.35,0.00,0.65280,0.38734,-0.28954,0.81551,1.04500,0.00000,1.00000,0.38789,-0.28978,0.81557,1.04497,-0.00000,1.00000,16,0.18311,-0.04987,0.01494,0.18360,0.09820,0,0.99142,-0.00002,-0.00001,-0.13075,Left,0,424.88,259.69,408.35,242.67,398.14,217.93,393.41,199.73,388.75,184.80,419.52,180.79,425.93,159.96,430.64,146.98,435.04,135.85,437.36,186.46,445.95,166.85,436.58,190.18,429.61,201.17,453.72,195.95,463.05,181.70,452.60,202.37,444.95,210.90,468.43,209.40,477.64,195.92,467.43,208.78,457.98,215.58,-0.00000,-0.02116,-0.03207,-0.04221,-0.05105,-0.00988,-0.02609,-0.03523,-0.04100,-0.01073,-0.03738,-0.04143,-0.03561,-0.01528,-0.04282,-0.03709,-0.02462,-0.02164,-0.03945,-0.03398,-0.02489,-0.01884,0.08571,0.04174,-0.04045,0.06151,0.01141,-0.04948,0.03751,-0.00655,-0.05551,0.01517,-0.02971,-0.06441,-0.01055,-0.04289,-0.02808,-0.00894,-0.00359,-0.01962,-0.03079,-0.01348,-0.01582,-0.04649,-0.02641,-0.01389,-0.05852,-0.05914,-0.00397,-0.00446,0.00391,0.00313,-0.02682,-0.02905,-0.01157,-0.00434,-0.04780,-0.01951,0.00770,-0.03315,0.01909,0.00255,0.00385,0.02215,-0.00651,-0.02784,0.00808,0.01236,-0.04045,0.00062,0.02396,-0.02839,0.03053,0.02209,0.00382,0.03781,0.01106,-0.01759,0.02734,0.01804,-0.03313,0.01413,0.03150,-0.02632,0,,,,,0.18360,0.09820,0.01994,0.97000,0.00000,0.00000,0.24311
3506.5996,1,1,16.07,0.59,29.94,0.14129,-0.04002,0.64867,0.74612,0.64508,1.0743,0,0,0.18478,-0.05857,0.01000,0.18471,-0.05809,0.00997,0.21,0.00,0.64508,0.37275,-0.28208,0.80873,1.04511,-0.00000,1.00000,0.37650,-0.28267,0.80835,1.04506,-0.00000,1.00000,16,0.18387,-0.04961,0.01486,0.18360,0.09820,0,0.99128,-0.00074,-0.00029,-0.13180,Left,0,424.09,260.46,407.70,243.38,397.75,218.31,393.56,200.26,388.74,186.45,418.92,180.02,425.76,160.55,430.64,147.86,435.28,137.90,436.99,186.33,446.30,167.84,436.53,191.76,430.05,201.66,453.67,195.98,463.35,182.67,452.25,203.24,444.72,211.02,468.22,209.55,477.45,196.46,467.07,209.42,458.12,215.80,-0.00000,-0.01968,-0.02966,-0.03907,-0.04726,-0.00764,-0.02308,-0.03129,-0.03612,-0.00864,-0.03314,-0.03512,-0.02800,-0.01339,-0.03898,-0.03169,-0.01857,-0.01993,-0.03653,-0.03023,-0.02069,-0.01967,0.08736,0.04323,-0.04071,0.06164,0.01338,-0.04893,0.03741,-0.00495,-0.05472,0.01521,-0.02933,-0.06402,-0.00959,-0.04266,-0.02782,-0.00912,-0.00311,-0.01980,-0.03135,-0.01346,-0.01550,-0.04609,-0.02714,-0.01314,-0.05711,-0.06048,-0.00392,-0.00447,0.00346,0.00448,-0.02641,-0.02888,-0.01016,-0.00370,-0.04608,-0.01781,0.00819,-0.02960,0.01911,0.00269,0.00356,0.02250,-0.00608,-0.02719,0.00850,0.01209,-0.03970,0.00123,0.02315,-0.02711,0.03088,0.02227,0.00347,0.03822,0.01140,-0.01769,0.02782,0.01871,-0.03233,0.01497,0.03172,-0.02655,0,,,,,0.18360,0.09820,0.01994,0.97000,-0.00000,-0.00000,0.24311
3506.6357,1,1,19.09,0.66,32.83,0.13949,-0.03833,0.64294,0.74024,0.63721,1.0728,0,0,0.18764,-0.05677,0.01000,0.18754,-0.05662,0.00972,0.36,0.01,0.63721,0.35763,-0.25930,0.78836,1.04516,0.00001,1.00000,0.35976,-0.26652,0.79183,1.04538,-0.00000,1.00000,16,0.18666,-0.04909,0.01519,0.18360,0.09820,0,0.99118,-0.00658,-0.01692,-0.13128,Left,0,423.22,262.32,408.12,245.83,398.34,221.38,393.27,202.89,388.00,187.60,418.44,181.72,424.84,161.84,429.63,148.73,434.26,138.65,436.31,187.79,445.64,168.61,435.88,192.68,429.35,202.35,453.05,197.46,462.77,184.00,451.89,204.76,444.31,212.26,467.80,211.34,476.98,198.32,466.50,211.26,457.30,217.20,-0.00000,-0.02193,-0.03442,-0.04627,-0.05670,-0.00950,-0.02615,-0.03495,-0.04011,-0.01008,-0.03566,-0.03771,-0.03038,-0.01468,-0.04105,-0.03322,-0.01957,-0.02131,-0.03807,-0.03136,-0.02148,-0.01824,0.08626,0.04490,-0.03938,0.06141,0.01583,-0.04775,0.03809,-0.00472,-0.05376,0.01598,-0.03058,-0.06347,-0.01014,-0.04601,-0.02755,-0.00921,-0.00287,-0.01980,-0.03159,-0.01307,-0.01532,-0.04646,-0.02670,-0.01330,-0.05776,-0.06200,-0.00392,-0.00486,0.00358,0.00454,-0.02680,-0.02918,-0.01026,-0.00485,-0.04718,-0.01790,0.00721,-0.03314,0.01907,0.00279,0.00305,0.02210,-0.00633,-0.02798,0.00813,0.01211,-0.04067,0.00091,0.02234,-0.02921,0.03017,0.02264,0.00294,0.03766,0.01191,-0.01854,0.02703,0.01897,-0.03329,0.01413,0.03117,-0.02746,0,,,,,0.18360,0.09820,0.01994,0.97000,0.00000,0.00000,0.24311
3506.6628,1,1,16.38,0.17,22.10,0.13960,-0.03785,0.64403,0.75302,0.64511,1.0943,0,0,0.18710,-0.05688,0.01000,0.18749,-0.05687,0.01025,0.35,0.01,0.64511,0.35925,-0.26632,0.79120,1.04560,0.00001,1.00000,0.35976,-0.26652,0.79183,1.04538,-0.00000,1.00000,16,0.18762,-0.04932,0.01482,0.18360,0.09820,0,0.99145,0.00085,0.00183,-0.13049,Left,0,423.89,261.72,407.96,245.00,397.24,221.43,392.28,203.68,387.61,188.02,418.57,181.37,425.00,161.41,430.01,148.83,434.56,139.11,436.55,187.66,444.68,170.74,435.47,193.90,428.61,203.70,453.26,197.54,462.41,185.12,452.39,204.66,444.72,212.46,467.92,211.18,476.79,198.67,467.17,210.99,458.66,217.00,-0.00000,-0.02241,-0.03551,-0.04790,-0.05877,-0.01052,-0.02723,-0.03698,-0.04295,-0.01064,-0.03685,-0.04088,-0.03535,-0.01462,-0.04118,-0.03488,-0.02250,-0.02061,-0.03759,-0.03163,-0.02224,-0.01777,0.08646,0.04740,-0.03931,0.06161,0.01622,-0.04839,0.03896,-0.00419,-0.05607,0.01711,-0.03008,-0.06570,-0.00892,-0.04480,-0.02784,-0.00878,-0.00403,-0.02031,-0.03193,-0.01446,-0.01587,-0.04578,-0.02856,-0.01350,-0.05680,-0.06412,-0.00387,-0.00458,0.00335,0.00335,-0.02476,-0.03095,-0.01105,-0.00221,-0.04860,-0.02037,0.00938,-0.03470,0.01933,0.00264,0.00398,0.02219,-0.00527,-0.02770,0.00800,0.01217,-0.04091,0.00098,0.02294,-0.02938,0.03094,0.02237,0.00470,0.03792,0.01168,-0.01755,0.02793,0.01957,-0.03259,0.01586,0.03149,-0.02738,0,,,,,0.18360,0.09820,0.01994,0.97000,0.00000,0.00000,0.24311
3506.7095,1,1,14.80,0.62,42.54,0.13965,-0.03656,0.64596,0.74250,0.64789,1.0713,0,0,0.18613,-0.05693,0.01000,0.18640,-0.05691,0.00995,0.11,0.00,0.64789,0.36191,-0.27318,0.80037,1.04364,0.00001,0.99999,0.36236,-0.27460,0.80193,1.04353,-0.00000,1.00000,16,0.18758,-0.04929,0.01492,0.18360,0.09820,0,0.99145,0.00016,0.00033,-0.13049,Left,0,423.17,263.46,406.96,246.62,396.94,221.81,391.29,203.74,386.25,188.67,417.98,183.83,424.30,163.35,428.80,150.79,433.36,139.86,436.13,189.57,444.34,171.58,434.93,194.60,428.32,204.58,452.82,199.25,461.85,185.84,451.03,205.93,443.26,213.81,467.48,213.01,476.46,200.27,465.50,213.14,455.75,219.56,-0.00000,-0.02016,-0.03083,-0.04093,-0.04973,-0.00829,-0.02410,-0.03343,-0.03955,-0.00929,-0.03469,-0.03880,-0.03375,-0.01394,-0.04004,-0.03408,-0.02227,-0.02039,-0.03762,-0.03220,-0.02351,-0.01883,0.08557,0.04514,-0.04062,0.06077,0.01579,-0.04912,0.03706,-0.00370,-0.05647,0.01382,-0.02797,-0.06652,-0.01109,-0.04240,-0.02819,-0.00904,-0.00271,-0.02029,-0.03125,-0.01377,-0.01676,-0.04638,-0.02697,-0.01468,-0.05786,-0.05981,-0.00399,-0.00475,0.00365,0.00318,-0.02567,-0.02925,-0.01101,-0.00382,-0.04650,-0.01939,0.00837,-0.03409,0.01941,0.00286,0.00349,0.02269,-0.00603,-0.02785,0.00794,0.01137,-0.03968,0.00059,0.02252,-0.02895,0.03068,0.02279,0.00306,0.03822,0.01152,-0.01813,0.02751,0.01949,-0.03372,0.01398,0.03222,-0.02790,0,,,,,0.18360,0.09820,0.01994,0.97000,0.00000,-0.00000,0.24311
3506.7455,1,1,19.03,0.68,31.56,0.13836,-0.03565,0.64311,0.74119,0.64027,1.0841,0,0,0.18755,-0.05564,0.01000,0.18715,-0.05586,0.00993,0.17,0.00,0.64027,0.35402,-0.26912,0.79652,1.04431,0.00000,0.99999,0.35273,-0.26889,0.79528,1.04436,-0.00000,1.00000,16,0.18757,-0.04929,0.01493,0.18360,0.09820,0,0.99145,0.00003,0.00007,-0.13049,Left,0,422.72,263.47,406.88,247.01,396.74,222.04,391.33,204.33,385.98,189.95,416.81,183.88,423.77,163.41,428.80,151.38,433.23,141.23,434.99,189.84,443.63,171.74,434.36,194.56,427.17,204.29,451.81,199.47,461.38,186.25,450.78,206.73,442.87,214.39,466.89,212.96,475.40,200.67,464.99,213.91,455.91,219.87,-0.00000,-0.01986,-0.03038,-0.04019,-0.04873,-0.00891,-0.02549,-0.03553,-0.04194,-0.01010,-0.03647,-0.04147,-0.03684,-0.01482,-0.04182,-0.03612,-0.02424,-0.02121,-0.03875,-0.03299,-0.02391,-0.01766,0.08535,0.04453,-0.03895,0.06093,0.01533,-0.04843,0.03748,-0.00389,-0.05484,0.01560,-0.02754,-0.06478,-0.00967,-0.04082,-0.02783,-0.00916,-0.00325,-0.01982,-0.03123,-0.01395,-0.01558,-0.04515,-0.02777,-0.01335,-0.05626,-0.06192,-0.00397,-0.00471,0.00373,0.00325,-0.02526,-0.02970,-0.01148,-0.00400,-0.04828,-0.01930,0.00776,-0.03586,0.01929,0.00268,0.00324,0.02190,-0.00597,-0.02801,0.00777,0.01288,-0.04122,0.00074,0.02316,-0.03033,0.03081,0.02241,0.00319,0.03760,0.01222,-0.01895,0.02668,0.02037,-0.03409,0.01418,0.03266,-0.02761,0,,,,,0.18360,0.09820,0.01994,0.97000,0.00000,-0.00000,0.24311
3506.7736,1,1,14.10,0.74,23.86,0.13851,-0.03473,0.64585,0.73533,0.64858,1.0911,0,0,0.18618,-0.05579,0.01000,0.18570,-0.05556,0.00965,0.14,0.00,0.64858,0.35545,-0.27934,0.80862,1.04339,0.00001,0.99999,0.35541,-0.27752,0.80498,1.04340,-0.00000,1.00000,16,0.18757,-0.04929,0.01494,0.18360,0.09820,0,0.99145,0.00001,0.00003,-0.13049,Left,0,422.54,264.04,405.46,246.63,395.21,221.02,390.06,203.74,385.27,190.37,416.79,185.19,423.44,164.66,428.23,152.54,432.42,141.92,434.89,191.14,443.31,172.61,434.61,195.20,427.82,205.51,451.64,200.85,461.14,186.98,451.03,207.19,443.54,215.04,466.58,214.35,476.03,201.12,466.08,213.59,457.13,219.69,-0.00000,-0.01704,-0.02435,-0.03125,-0.03701,-0.00607,-0.02111,-0.03014,-0.03596,-0.00794,-0.03307,-0.03776,-0.03307,-0.01311,-0.03911,-0.03416,-0.02283,-0.01967,-0.03672,-0.03174,-0.02331,-0.01922,0.08424,0.04294,-0.04058,0.05941,0.01337,-0.05006,0.03597,-0.00409,-0.05674,0.01391,-0.02656,-0.06602,-0.00958,-0.03775,-0.02838,-0.00847,-0.00309,-0.01982,-0.03116,-0.01341,-0.01588,-0.04607,-0.02704,-0.01387,-0.05696,-0.05922,-0.00421,-0.00444,0.00379,0.00319,-0.02596,-0.02963,-0.01094,-0.00465,-0.04796,-0.01834,0.00782,-0.03440,0.01951,0.00250,0.00317,0.02269,-0.00650,-0.02735,0.00899,0.01156,-0.04064,0.00190,0.02314,-0.02973,0.03146,0.02212,0.00325,0.03917,0.01120,-0.01835,0.02844,0.01814,-0.03361,0.01637,0.03083,-0.02709,0,,,,,0.18360,0.09820,0.01994,0.97000,0.00000,-0.00000,0.24311
3506.8092,1,1,16.38,0.83,30.86,0.13955,-0.03416,0.65230,0.75069,0.65875,1.0796,0,0,0.18296,-0.05683,0.01000,0.18171,-0.05652,0.00918,0.43,0.01,0.65875,0.37033,-0.30385,0.83578,1.04302,0.00001,0.99999,0.36778,-0.29871,0.82690,1.04276,-0.00000,1.00000,16,0.18757,-0.04929,0.01494,0.18360,0.09820,0,0.99145,0.00000,0.00001,-0.13049,Left,0,422.87,265.09,406.41,249.05,395.92,224.02,390.14,205.94,384.40,191.41,416.33,186.21,422.76,165.58,427.38,153.57,431.91,143.11,434.52,191.84,442.71,174.35,433.52,196.85,427.03,206.57,451.31,201.22,460.13,188.32,449.70,208.49,442.69,216.14,466.42,214.30,475.50,201.44,465.17,214.37,456.54,220.54,-0.00000,-0.01995,-0.03045,-0.04044,-0.04917,-0.00851,-0.02500,-0.03509,-0.04159,-0.00966,-0.03591,-0.04101,-0.03658,-0.01442,-0.04125,-0.03585,-0.02420,-0.02089,-0.03810,-0.03251,-0.02360,-0.01781,0.08625,0.04432,-0.04016,0.06160,0.01455,-0.04922,0.03798,-0.00458,-0.05695,0.01480,-0.02866,-0.06799,-0.01032,-0.04085,-0.02846,-0.00854,-0.00353,-0.02110,-0.03132,-0.01457,-0.01693,-0.04543,-0.02795,-0.01445,-0.05664,-0.06132,-0.00435,-0.00457,0.00355,0.00269,-0.02489,-0.02978,-0.01146,-0.00295,-0.04761,-0.01932,0.00848,-0.03387,0.01987,0.00233,0.00365,0.02243,-0.00550,-0.02819,0.00828,0.01266,-0.04038,0.00150,0.02329,-0.02801,0.03211,0.02205,0.00395,0.03911,0.01096,-0.01771,0.02840,0.01879,-0.03336,0.01662,0.03146,-0.02736,0,,,,,0.18360,0.09820,0.01994,0.97000,-0.00000,0.00000,0.24311
3506.8366,1,1,14.33,0.56,21.72,0.13796,-0.03312,0.64822,0.73544,0.64414,1.0933,0,0,0.18500,-0.05524,0.01000,0.18549,-0.05476,0.00982,0.19,0.00,0.64414,0.35114,-0.28461,0.81228,1.04479,0.00001,0.99999,0.35617,-0.29120,0.81690,1.04503,-0.00000,1.00000,16,0.18757,-0.04929,0.01494,0.18360,0.09820,0,0.99145,0.00000,0.00000,-0.13049,Left,0,420.82,266.09,405.36,249.78,395.23,225.44,389.49,207.86,384.16,192.85,415.64,186.57,421.87,166.35,426.66,154.07,431.25,143.85,433.82,192.24,442.28,173.97,433.18,196.45,426.00,206.87,450.69,201.77,459.87,188.29,449.75,207.98,441.98,216.13,465.73,215.32,474.68,202.23,464.37,214.81,455.04,221.32,-0.00000,-0.02101,-0.03295,-0.04430,-0.05435,-0.00951,-0.02693,-0.03802,-0.04518,-0.01074,-0.03819,-0.04396,-0.03966,-0.01571,-0.04315,-0.03795,-0.02624,-0.02254,-0.04026,-0.03481,-0.02583,-0.01832,0.08488,0.04529,-0.03948,0.06057,0.01509,-0.04888,0.03803,-0.00489,-0.05658,0.01632,-0.02978,-0.06621,-0.00892,-0.04288,-0.02824,-0.00850,-0.00360,-0.02084,-0.03082,-0.01524,-0.01694,-0.04488,-0.02956,-0.01420,-0.05612,-0.06413,-0.00412,-0.00438,0.00368,0.00313,-0.02548,-0.02935,-0.01134,-0.00441,-0.04887,-0.02023,0.00811,-0.03819,0.01959,0.00236,0.00364,0.02177,-0.00651,-0.02759,0.00843,0.01123,-0.04160,0.00096,0.02220,-0.03246,0.03113,0.02193,0.00379,0.03859,0.01122,-0.01761,0.02710,0.01837,-0.03359,0.01514,0.03113,-0.02964,0,,,,,0.18360,0.09820,0.01994,0.97000,-0.00000,0.00000,0.24311
3506.8714,1,1,15.84,0.59,30.04,0.13699,-0.03301,0.64473,0.74119,0.64125,1.0851,0,0,0.18674,-0.05427,0.01000,0.18620,-0.05429,0.00994,0.22,0.00,0.64125,0.34673,-0.28087,0.80774,1.04547,-0.00001,1.00000,0.34635,-0.28058,0.80601,1.04529,-0.00000,1.00000,16,0.18757,-0.04929,0.01494,0.18360,0.09820,0,0.99145,0.00000,0.00000,-0.13049,Left,0,421.82,265.43,406.31,249.66,395.24,226.06,389.33,208.15,383.40,192.67,415.64,185.89,421.55,165.93,426.08,154.09,430.27,145.27,433.88,191.56,442.26,174.90,432.59,197.85,425.46,207.07,450.79,200.90,459.71,189.89,449.10,209.77,441.24,216.62,465.69,214.06,474.38,203.38,463.89,216.39,454.75,221.80,-0.00000,-0.02363,-0.03802,-0.05161,-0.06361,-0.01169,-0.03052,-0.04179,-0.04853,-0.01203,-0.04048,-0.04559,-0.04037,-0.01650,-0.04495,-0.03900,-0.02650,-0.02311,-0.04101,-0.03503,-0.02550,-0.01675,0.08583,0.04468,-0.03878,0.06128,0.01558,-0.04806,0.03893,-0.00475,-0.05665,0.01649,-0.02953,-0.06769,-0.00916,-0.04297,-0.02758,-0.00833,-0.00384,-0.02145,-0.03093,-0.01539,-0.01774,-0.04434,-0.02965,-0.01570,-0.05372,-0.06556,-0.00418,-0.00449,0.00341,0.00286,-0.02354,-0.03023,-0.01163,-0.00186,-0.04799,-0.02093,0.00887,-0.03450,0.01939,0.00244,0.00389,0.02126,-0.00376,-0.02891,0.00769,0.01446,-0.03985,0.00004,0.02322,-0.02687,0.03129,0.02148,0.00404,0.03791,0.01241,-0.01853,0.02716,0.02198,-0.03297,0.01452,0.03259,-0.02715,0,,,,,0.18360,0.09820,0.01994,0.97000,0.00000,0.00000,0.24311
3506.9028,1,1,16.13,0.57,27.76,0.13510,-0.03285,0.63809,0.73026,0.63145,1.0893,0,0,0.19006,-0.05238,0.01000,0.19023,-0.05171,0.00978,0.41,0.01,0.63145,0.32301,-0.25189,0.78057,1.04562,-0.00001,1.00000,0.32877,-0.26039,0.78543,1.04562,-0.00000,1.00000,16,0.18757,-0.04929,0.01494,0.18360,0.09820,0,0.99145,0.00000,0.00000,-0.13049,Left,0,420.24,265.21,404.09,248.70,393.56,223.97,388.43,207.06,383.26,193.31,414.83,185.18,422.00,166.01,426.41,154.51,430.71,145.40,433.45,191.12,441.58,174.14,431.55,198.16,425.18,207.62,450.52,200.72,459.16,189.51,448.02,210.30,440.85,217.32,465.61,214.30,474.01,203.68,462.56,216.90,453.26,222.27,-0.00000,-0.01983,-0.03064,-0.04097,-0.04994,-0.00875,-0.02656,-0.03697,-0.04331,-0.01028,-0.03800,-0.04219,-0.03643,-0.01563,-0.04342,-0.03682,-0.02401,-0.02279,-0.04058,-0.03459,-0.02517,-0.01792,0.08446,0.04535,-0.03952,0.06007,0.01590,-0.04899,0.03750,-0.00297,-0.05659,0.01616,-0.02797,-0.06605,-0.00769,-0.04094,-0.02785,-0.00872,-0.00280,-0.01985,-0.03061,-0.01498,-0.01629,-0.04412,-0.02923,-0.01445,-0.05325,-0.06415,-0.00399,-0.00448,0.00377,0.00229,-0.02435,-0.03032,-0.01205,-0.00200,-0.04785,-0.01982,0.00946,-0.03283,0.01924,0.00282,0.00315,0.02103,-0.00475,-0.02884,0.00717,0.01407,-0.03984,0.00040,0.02391,-0.02654,0.03109,0.02198,0.00277,0.03735,0.01309,-0.01923,0.02597,0.02149,-0.03368,0.01299,0.03311,-0.02694,0,,,,,0.18360,0.09820,0.01994,0.97000,0.00000,0.00000,0.24311
3506.9345,1,1,16.15,0.17,28.49,0.13473,-0.03196,0.63716,0.73974,0.63624,1.0676,0,0,0.19053,-0.05202,0.01000,0.18947,-0.05282,0.01031,0.95,0.01,0.63624,0.33113,-0.26282,0.78728,1.04582,-0.00000,1.00000,0.32877,-0.26039,0.78543,1.04562,-0.00000,1.00000,16,0.18757,-0.04929,0.01494,0.18360,0.09820,0,0.99145,0.00000,0.00000,-0.13049,Left,0,420.56,266.60,405.45,250.55,394.59,228.15,389.24,210.17,384.47,194.09,415.55,187.00,421.73,167.72,426.18,154.80,430.33,145.30,433.55,192.87,441.50,175.52,431.40,198.72,424.24,207.95,450.40,202.29,459.14,190.28,448.56,210.36,440.62,218.10,465.21,215.94,474.42,203.84,463.91,216.39,454.36,222.38,-0.00000,-0.02427,-0.04014,-0.05534,-0.06895,-0.01276,-0.03141,-0.04227,-0.04873,-0.01298,-0.04011,-0.04368,-0.03757,-0.01740,-0.04443,-0.03683,-0.02349,-0.02417,-0.04105,-0.03413,-0.02403,-0.01727,0.08478,0.04645,-0.03888,0.06002,0.01552,-0.04775,0.03886,-0.00519,-0.05539,0.01723,-0.03165,-0.06483,-0.00962,-0.04713,-0.02764,-0.00852,-0.00377,-0.02051,-0.03061,-0.01519,-0.01677,-0.04516,-0.02958,-0.01505,-0.05530,-0.06709,-0.00412,-0.00440,0.00333,0.00279,-0.02487,-0.02973,-0.01238,-0.00247,-0.04863,-0.02140,0.00837,-0.03542,0.01892,0.00227,0.00375,0.02096,-0.00527,-0.02831,0.00750,0.01314,-0.04101,-0.00016,0.02285,-0.03048,0.03074,0.02115,0.00436,0.03768,0.01151,-0.01715,0.02703,0.01939,-0.03258,0.01464,0.03136,-0.02823,0,,,,,0.18360,0.09820,0.01994,0.97000,-0.00000,0.00000,0.24311
3506.9665,1,1,15.14,0.64,27.25,0.13458,-0.03213,0.63664,0.75915,0.63612,1.0392,0,0,0.19079,-0.05186,0.01017,0.19028,-0.05190,0.01003,0.13,0.00,0.63612,0.32403,-0.25474,0.78143,1.04566,0.00000,1.00000,0.32328,-0.25438,0.77940,1.04573,-0.00000,1.00000,16,0.18765,-0.04935,0.01488,0.18360,0.09820,0,0.99142,0.00311,-0.00019,-0.13069,Left,0,421.03,265.26,405.19,250.08,394.24,227.35,389.95,209.11,384.48,193.32,415.31,185.82,421.71,166.19,426.11,154.37,430.08,147.62,433.30,192.06,441.65,175.31,431.27,199.80,424.79,208.69,450.43,201.48,459.56,190.00,448.83,210.07,441.63,216.70,465.51,214.67,473.98,202.97,463.94,216.24,456.12,221.71,-0.00000,-0.02349,-0.03927,-0.05446,-0.06803,-0.01217,-0.03121,-0.04144,-0.04680,-0.01254,-0.03958,-0.04178,-0.03434,-0.01721,-0.04415,-0.03545,-0.02135,-0.02413,-0.04071,-0.03290,-0.02211,-0.01660,0.08550,0.04857,-0.03872,0.06079,0.01768,-0.04726,0.03923,-0.00288,-0.05425,0.01703,-0.03020,-0.06410,-0.00915,-0.04537,-0.02741,-0.00823,-0.00353,-0.02043,-0.03157,-0.01482,-0.01673,-0.04516,-0.02978,-0.01479,-0.05185,-0.06803,-0.00391,-0.00456,0.00315,0.00267,-0.02418,-0.03081,-0.01182,-0.00048,-0.04663,-0.02033,0.00972,-0.02886,0.01915,0.00266,0.00385,0.02180,-0.00410,-0.02866,0.00810,0.01406,-0.03937,0.00143,0.02212,-0.02551,0.03132,0.02190,0.00411,0.03713,0.01194,-0.01806,0.02713,0.02121,-0.03203,0.01655,0.03188,-0.02622,0,,,,,0.18360,0.09820,0.01994,0.97000,-0.00000,0.00000,0.24311
3506.9983,1,1,15.91,0.57,26.85,0.13337,-0.03183,0.63147,0.74649,0.62630,1.0556,0,0,0.19337,-0.05065,0.01000,0.19338,-0.05023,0.00981,0.33,0.01,0.62630,0.30825,-0.23077,0.75914,1.04564,0.00001,1.00000,0.31163,-0.23759,0.76291,1.04536,-0.00000,1.00000,16,0.18986,-0.04893,0.01562,0.18360,0.09820,0,0.99100,-0.00503,-0.01018,-0.13339,Left,0,420.21,264.91,404.05,249.14,393.28,225.58,388.78,208.23,384.61,193.06,414.83,186.47,421.54,167.40,425.94,156.27,429.98,147.96,433.48,192.12,441.20,174.40,432.00,197.52,425.35,207.28,450.56,201.68,458.98,189.39,448.98,209.48,441.66,216.88,465.68,215.31,474.45,203.78,463.97,217.04,454.77,223.03,-0.00000,-0.02173,-0.03494,-0.04746,-0.05853,-0.01159,-0.03105,-0.04317,-0.05064,-0.01312,-0.04215,-0.04796,-0.04340,-0.01853,-0.04733,-0.04142,-0.02911,-0.02591,-0.04457,-0.03864,-0.02915,-0.01783,0.08317,0.04872,-0.03900,0.05900,0.01749,-0.04857,0.03770,-0.00216,-0.05606,0.01633,-0.02795,-0.06438,-0.00890,-0.04159,-0.02765,-0.00822,-0.00355,-0.02055,-0.02998,-0.01599,-0.01690,-0.04283,-0.03134,-0.01539,-0.05144,-0.06715,-0.00396,-0.00455,0.00353,0.00237,-0.02498,-0.02942,-0.01230,-0.00360,-0.04800,-0.02016,0.00764,-0.03332,0.01954,0.00241,0.00356,0.02068,-0.00564,-0.02749,0.00797,0.01219,-0.03992,0.00106,0.02180,-0.02939,0.03089,0.02145,0.00400,0.03811,0.01223,-0.01741,0.02675,0.01992,-0.03185,0.01506,0.03166,-0.02712,0,,,,,0.18360,0.09820,0.01994,0.97000,-0.00000,0.00000,0.24311
3507.0296,1,1,15.20,0.57,28.53,0.13565,-0.03150,0.64259,0.74830,0.65371,1.0288,0,0,0.18781,-0.05293,0.01000,0.18883,-0.05383,0.00940,0.64,0.01,0.65371,0.33839,-0.25701,0.78886,1.04136,0.00001,1.00000,0.33258,-0.26953,0.79979,1.04078,-0.00000,1.00000,16,0.19205,-0.04897,0.01459,0.18360,0.09820,0,0.99116,0.00057,0.01121,-0.13216,Left,0,421.00,266.35,404.71,250.66,394.27,226.90,389.79,209.11,385.23,194.00,414.89,188.65,420.98,169.34,425.42,157.70,429.62,148.35,433.24,193.95,441.97,175.96,432.72,198.23,425.92,207.38,450.27,202.94,459.41,190.16,449.11,209.96,441.53,217.47,465.34,216.00,475.12,202.88,465.24,215.56,456.38,221.90,-0.00000,-0.02030,-0.03236,-0.04402,-0.05435,-0.00951,-0.02756,-0.03869,-0.04550,-0.01118,-0.03807,-0.04317,-0.03850,-0.01658,-0.04378,-0.03784,-0.02565,-0.02379,-0.04094,-0.03460,-0.02502,-0.01778,0.08424,0.04578,-0.03992,0.05980,0.01503,-0.04867,0.03729,-0.00358,-0.05607,0.01491,-0.02788,-0.06494,-0.01018,-0.04107,-0.02863,-0.00797,-0.00327,-0.02150,-0.02955,-0.01602,-0.01828,-0.04446,-0.03035,-0.01603,-0.05372,-0.06475,-0.00426,-0.00443,0.00356,0.00248,-0.02510,-0.02923,-0.01122,-0.00399,-0.04750,-0.01958,0.00612,-0.03408,0.01971,0.00239,0.00379,0.02214,-0.00588,-0.02779,0.00934,0.01202,-0.03963,0.00183,0.02196,-0.02810,0.03200,0.02123,0.00398,0.03962,0.01021,-0.01642,0.02978,0.01839,-0.03203,0.01804,0.03017,-0.02677,0,,,,,0.18360,0.09820,0.01994,0.97000,-0.00000,0.00000,0.24311
3507.0624,1,1,15.30,0.16,28.51,0.13400,-0.03053,0.63555,0.74971,0.62851,0.9324,0,0,0.18781,-0.05293,0.01000,0.18568,-0.05107,0.00795,0.64,0.01,0.62851,0.32838,-0.26996,0.81288,1.04078,-0.00000,1.00000,0.33258,-0.26953,0.79979,1.04078,-0.00000,1.00000,16,0.19179,-0.04893,0.01484,0.18360,0.09820,0,0.99123,0.00011,0.00235,-0.13216,Left,1,420.74,266.86,405.66,252.36,394.78,230.43,392.25,211.19,388.52,193.64,415.05,189.17,421.14,170.79,424.77,159.37,427.91,153.00,432.86,194.61,441.48,176.16,431.59,200.58,425.39,209.15,449.88,203.04,459.43,190.26,449.01,211.05,441.53,219.10,465.05,215.97,473.85,203.53,463.74,217.15,454.66,224.02,-0.00000,-0.02437,-0.04136,-0.05783,-0.07254,-0.01312,-0.03368,-0.04448,-0.04986,-0.01367,-0.04071,-0.04226,-0.03432,-0.01877,-0.04633,-0.03682,-0.02189,-0.02627,-0.04371,-0.03559,-0.02428,-0.01649,0.08563,0.04344,-0.03786,0.06075,0.01447,-0.04614,0.03901,-0.00508,-0.05145,0.01649,-0.03036,-0.05935,-0.01247,-0.04522,-0.02706,-0.00759,-0.00281,-0.02133,-0.03019,-0.01366,-0.01789,-0.04293,-0.02840,-0.01731,-0.04974,-0.06620,-0.00385,-0.00415,0.00345,0.00336,-0.02560,-0.02832,-0.01149,-0.00253,-0.04443,-0.01960,0.00712,-0.02755,0.01906,0.00206,0.00347,0.02207,-0.00618,-0.02777,0.00846,0.01186,-0.04023,0.00132,0.02129,-0.02740,0.03070,0.02017,0.00275,0.03764,0.01035,-0.01871,0.02771,0.01952,-0.03323,0.01536,0.03110,-0.02782,0,,,,,0.18360,0.09820,0.01994,0.97000,0.00000,0.00000,0.24311
3507.0931,1,1,14.68,0.17,26.27,0.13254,-0.03050,0.62786,0.74351,0.62016,0.7775,0,0,0.18781,-0.05293,0.01000,0.18875,-0.05294,0.01006,0.64,0.01,0.62016,0.33328,-0.27141,0.79808,1.04051,0.00000,1.00000,0.33258,-0.26953,0.79979,1.04078,-0.00000,1.00000,16,0.19174,-0.04892,0.01491,0.18360,0.09820,0,0.99123,0.00003,0.00071,-0.13216,Left,0,420.80,265.90,406.59,251.37,396.53,230.56,394.57,211.41,393.44,193.42,415.08,187.58,420.88,170.89,423.27,162.16,424.87,161.36,433.65,193.23,441.82,176.56,432.02,200.56,425.40,209.21,450.71,201.76,459.22,190.40,449.32,210.45,441.89,218.18,465.50,215.39,473.52,204.03,463.84,217.59,455.28,224.00,-0.00000,-0.02449,-0.04172,-0.05820,-0.07228,-0.01257,-0.03504,-0.04708,-0.05253,-0.01279,-0.03990,-0.04135,-0.03346,-0.01784,-0.04412,-0.03321,-0.01797,-0.02555,-0.04235,-0.03351,-0.02176,-0.01574,0.08439,0.04596,-0.03719,0.06039,0.01643,-0.04356,0.03930,-0.00244,-0.04927,0.01654,-0.02747,-0.05363,-0.01343,-0.04333,-0.02724,-0.00693,-0.00143,-0.02202,-0.02864,-0.01465,-0.02040,-0.04003,-0.03081,-0.02159,-0.04030,-0.07090,-0.00411,-0.00446,0.00387,0.00277,-0.02511,-0.02876,-0.01126,-0.00296,-0.04427,-0.01986,0.00668,-0.02740,0.01880,0.00219,0.00308,0.02195,-0.00630,-0.02807,0.00936,0.01113,-0.04010,0.00191,0.01917,-0.02758,0.03091,0.02055,0.00232,0.03657,0.01063,-0.01899,0.02759,0.02021,-0.03301,0.01650,0.03142,-0.02817,0,,,,,0.18360,0.09820,0.01994,0.97000,0.00000,0.00000,0.24311
3507.1447,1,1,16.68,0.80,47.54,0.13221,-0.03046,0.62498,0.78931,0.62210,0.4933,0,0,0.18925,-0.05260,0.01000,0.18910,-0.05258,0.01003,0.05,0.00,0.62210,0.33046,-0.26452,0.79124,1.04411,0.00000,1.00000,0.33048,-0.26358,0.79044,1.04387,-0.00000,1.00000,16,0.19172,-0.04891,0.01493,0.18360,0.09820,0,0.99123,0.00000,0.00010,-0.13216,Left,0,420.62,263.78,405.84,250.40,396.77,230.04,397.06,210.96,396.83,192.46,416.39,187.23,424.61,163.78,423.29,168.99,417.53,183.99,434.44,194.12,443.20,176.92,431.82,202.00,423.65,210.00,450.83,203.16,460.38,191.55,449.07,211.13,441.19,217.58,465.24,216.19,473.45,205.76,463.97,218.73,456.16,223.49,-0.00000,-0.02620,-0.04607,-0.06516,-0.08039,-0.01954,-0.04811,-0.06157,-0.06479,-0.01850,-0.04606,-0.04720,-0.03958,-0.02275,-0.04720,-0.03566,-0.02101,-0.02992,-0.04365,-0.03329,-0.02091,-0.01785,0.08342,0.05040,-0.03849,0.05872,0.02246,-0.04524,0.03981,0.00093,-0.04643,0.01753,-0.02686,-0.04653,-0.01050,-0.04321,-0.02659,-0.00853,-0.00296,-0.01883,-0.03240,-0.01743,-0.01937,-0.03232,-0.03564,-0.02976,-0.01542,-0.06935,-0.00357,-0.00505,0.00354,0.00426,-0.02227,-0.03389,-0.01126,0.00149,-0.04621,-0.02118,0.01015,-0.02231,0.01834,0.00337,0.00267,0.02223,-0.00352,-0.03058,0.00961,0.01400,-0.03883,0.00156,0.02003,-0.02280,0.02889,0.02231,0.00286,0.03708,0.01343,-0.02083,0.02639,0.02307,-0.03353,0.01655,0.03122,-0.02521,0,,,,,0.18360,0.09820,0.01994,0.97000,0.00000,-0.00000,0.24311
3507.1754,1,1,15.89,0.19,26.02,0.13018,-0.02912,0.61629,0.78827,0.60759,0.4509,0,1,0.18925,-0.05260,0.01000,0.18911,-0.05261,0.00993,0.05,0.00,0.60759,0.33058,-0.26335,0.79086,1.04373,-0.00000,0.95823,0.33048,-0.26358,0.79044,1.04387,-0.00000,-0.17000,16,0.19172,-0.04891,0.01494,0.18360,0.09820,0,0.99123,0.00000,0.00003,-0.13216,Left,1,420.69,266.52,405.98,250.79,396.64,231.71,396.68,213.77,400.19,196.08,414.21,189.11,421.91,168.30,421.15,172.32,416.17,186.88,433.25,195.65,442.53,177.13,432.32,202.37,424.61,210.90,450.64,204.53,460.21,191.74,449.52,211.58,441.52,218.28,465.73,217.49,473.96,205.40,464.26,219.22,455.84,224.39,-0.00000,-0.02413,-0.04305,-0.06120,-0.07558,-0.01845,-0.04564,-0.05844,-0.06169,-0.01809,-0.04446,-0.04516,-0.03762,-0.02259,-0.04665,-0.03442,-0.01968,-0.02973,-0.04349,-0.03231,-0.01964,-0.01592,0.08362,0.05336,-0.03670,0.05959,0.02061,-0.04185,0.04052,-0.00016,-0.04535,0.01974,-0.02681,-0.04250,-0.00761,-0.04392,-0.02761,-0.00705,-0.00252,-0.01913,-0.02885,-0.01949,-0.02082,-0.02997,-0.03696,-0.02856,-0.01287,-0.06888,-0.00435,-0.00498,0.00340,0.00505,-0.02375,-0.03469,-0.00907,-0.00051,-0.05032,-0.01842,0.00840,-0.02712,0.01893,0.00222,0.00390,0.02358,-0.00641,-0.03136,0.01216,0.01111,-0.04385,0.00310,0.01832,-0.02773,0.03050,0.02024,0.00353,0.03784,0.01128,-0.01978,0.02769,0.02088,-0.03539,0.01754,0.03182,-0.02725,0,,,,,0.18360,0.09820,0.01994,0.97000,0.00000,-0.00000,0.24311
3507.2056,1,1,14.46,0.16,25.82,0.12849,-0.02830,0.61043,0.74443,0.60458,0.4376,0,1,0.18925,-0.05260,0.01000,0.18910,-0.05259,0.00993,0.05,0.00,0.60458,0.33047,-0.26319,0.79071,1.04393,0.00000,0.86951,0.33048,-0.26358,0.79044,1.04387,-0.00000,-0.17000,16,0.19172,-0.04891,0.01494,0.18360,0.09820,0,0.99123,0.00000,0.00001,-0.13216,Left,1,420.50,267.69,407.38,251.49,398.44,232.55,399.18,212.92,404.12,194.80,412.47,189.91,418.85,172.49,420.99,172.50,418.83,184.92,432.72,195.40,441.85,177.62,433.99,203.04,426.47,212.27,450.39,203.77,459.68,192.11,450.76,212.29,442.28,219.33,465.12,217.24,472.89,206.12,464.38,220.02,455.54,225.13,-0.00000,-0.02499,-0.04289,-0.05941,-0.07183,-0.01568,-0.04128,-0.05291,-0.05589,-0.01485,-0.04143,-0.04213,-0.03418,-0.01897,-0.04408,-0.03159,-0.01619,-0.02576,-0.04052,-0.02949,-0.01666,-0.01382,0.08305,0.04736,-0.03550,0.06004,0.01887,-0.03809,0.03938,-0.00044,-0.04146,0.01671,-0.02447,-0.03763,-0.01074,-0.04194,-0.02831,-0.00570,-0.00065,-0.02115,-0.02694,-0.01630,-0.02006,-0.03196,-0.03337,-0.02665,-0.01769,-0.06710,-0.00462,-0.00466,0.00355,0.00512,-0.02523,-0.03210,-0.00598,-0.00182,-0.04628,-0.01520,0.00813,-0.02522,0.01916,0.00142,0.00216,0.02416,-0.00727,-0.03033,0.01422,0.01009,-0.04222,0.00436,0.01837,-0.02760,0.03113,0.01978,0.00167,0.03842,0.01095,-0.02000,0.02940,0.01982,-0.03537,0.01930,0.03106,-0.02765,0,,,,,0.18360,0.09820,0.01994,0.97000,0.00000,-0.00000,0.24311
3507.2426,1,1,19.50,0.23,32.29,0.12910,-0.02890,0.61561,0.71939,0.62080,0.4167,0,1,0.18925,-0.05260,0.01000,0.18911,-0.05259,0.00994,0.05,0.00,0.62080,0.33046,-0.26329,0.79073,1.04390,-0.00000,0.71376,0.33048,-0.26358,0.79044,1.04387,-0.00000,-0.17000,16,0.19172,-0.04891,0.01494,0.18360,0.09820,0,0.99123,0.00000,0.00000,-0.13216,Left,1,420.08,267.65,406.91,250.19,399.52,231.35,402.75,210.93,409.19,193.12,411.39,190.15,415.80,176.56,419.97,171.57,420.12,179.96,432.21,194.17,439.63,177.60,433.76,201.89,426.90,212.22,450.07,201.28,458.19,191.11,451.05,210.96,443.33,219.13,465.26,215.05,472.52,203.93,464.76,218.63,455.98,225.23,-0.00000,-0.02053,-0.03506,-0.04837,-0.05793,-0.00819,-0.02842,-0.03672,-0.03864,-0.00860,-0.03104,-0.02955,-0.02064,-0.01349,-0.03560,-0.02122,-0.00516,-0.02086,-0.03447,-0.02275,-0.00974,-0.01203,0.08479,0.04017,-0.03531,0.06063,0.01448,-0.03712,0.03981,-0.00171,-0.03839,0.01519,-0.02300,-0.03097,-0.01457,-0.04029,-0.02942,-0.00459,0.00068,-0.02403,-0.02515,-0.01310,-0.02003,-0.03326,-0.03040,-0.02420,-0.02345,-0.06564,-0.00521,-0.00489,0.00476,0.00532,-0.02575,-0.02738,-0.00543,-0.00468,-0.04283,-0.01358,0.00666,-0.02547,0.02057,0.00113,0.00102,0.02454,-0.00947,-0.02822,0.01611,0.00805,-0.04077,0.00727,0.01808,-0.02947,0.03278,0.01879,-0.00096,0.04026,0.00822,-0.02084,0.03139,0.01846,-0.03446,0.02132,0.03070,-0.02811,0,,,,,0.18360,0.09820,0.01994,0.97000,0.00000,-0.00000,0.24311
3507.2737,1,1,19.48,0.16,26.89,0.12868,-0.02864,0.61535,0.70716,0.61509,0.4235,0,1,0.18925,-0.05260,0.01000,0.18911,-0.05259,0.00994,0.05,0.00,0.61509,0.33047,-0.26329,0.79075,1.04388,-0.00000,0.58267,0.33048,-0.26358,0.79044,1.04387,-0.00000,-0.17000,16,0.19172,-0.04891,0.01494,0.18360,0.09820,0,0.99123,0.00000,0.00000,-0.13216,Left,1,419.12,268.32,405.94,250.33,399.30,230.05,404.31,210.09,410.78,192.24,411.87,190.04,416.36,176.99,420.56,171.16,421.79,177.19,432.24,194.58,440.23,177.46,434.98,201.08,428.80,213.15,449.69,202.37,458.11,190.78,450.85,210.21,442.88,219.41,464.95,216.79,473.08,203.87,465.07,217.91,455.38,225.11,-0.00000,-0.01804,-0.03059,-0.04224,-0.05059,-0.00523,-0.02284,-0.03020,-0.03220,-0.00703,-0.02877,-0.02811,-0.01974,-0.01293,-0.03506,-0.02253,-0.00739,-0.02086,-0.03432,-0.02333,-0.01087,-0.01365,0.08466,0.03660,-0.03555,0.05949,0.01145,-0.03747,0.03818,-0.00311,-0.03734,0.01393,-0.02320,-0.02856,-0.01567,-0.03940,-0.02901,-0.00555,0.00088,-0.02361,-0.02522,-0.01243,-0.01976,-0.03378,-0.02982,-0.02296,-0.02649,-0.06454,-0.00496,-0.00505,0.00481,0.00537,-0.02691,-0.02423,-0.00502,-0.00660,-0.04100,-0.01229,0.00630,-0.02612,0.01987,0.00159,0.00064,0.02419,-0.00975,-0.02663,0.01572,0.00712,-0.03972,0.00687,0.01866,-0.03185,0.03174,0.02001,-0.00179,0.04085,0.00820,-0.02029,0.03131,0.01701,-0.03324,0.02064,0.02946,-0.02817,0,,,,,0.18360,0.09820,0.01994,0.97000,0.00000,-0.00000,0.24311
3507.3055,1,1,18.67,0.17,27.45,0.12720,-0.02860,0.60910,0.71164,0.60285,0.4048,0,1,0.18925,-0.05260,0.01000,0.18911,-0.05259,0.00994,0.05,0.00,0.60285,0.33048,-0.26329,0.79076,1.04388,-0.00000,0.44547,0.33048,-0.26358,0.79044,1.04387,-0.00000,-0.17000,16,0.19172,-0.04891,0.01494,0.18360,0.09820,0,0.99123,0.00000,0.00000,-0.13216,Left,1,418.92,267.89,406.94,250.70,399.89,231.75,404.49,212.17,410.64,194.12,411.79,189.68,417.15,176.83,421.16,171.63,421.02,177.80,432.46,194.03,440.75,177.30,434.58,202.72,428.18,213.31,449.92,201.50,458.39,191.71,450.74,212.39,443.16,219.94,464.82,215.64,472.55,203.88,464.79,218.99,455.95,225.04,-0.00000,-0.02194,-0.03674,-0.04994,-0.05943,-0.00902,-0.02841,-0.03608,-0.03799,-0.00933,-0.03264,-0.03147,-0.02227,-0.01414,-0.03790,-0.02427,-0.00800,-0.02133,-0.03516,-0.02297,-0.00947,-0.01288,0.08388,0.04107,-0.03499,0.05992,0.01469,-0.03600,0.04043,-0.00253,-0.03622,0.01638,-0.02493,-0.02833,-0.01294,-0.04255,-0.02851,-0.00454,0.00050,-0.02296,-0.02425,-0.01297,-0.01894,-0.03334,-0.02991,-0.02431,-0.02569,-0.06484,-0.00489,-0.00501,0.00459,0.00552,-0.02595,-0.02647,-0.00522,-0.00409,-0.04173,-0.01254,0.00666,-0.02229,0.01994,0.00107,0.00100,0.02370,-0.00810,-0.02895,0.01570,0.00979,-0.03906,0.00687,0.01896,-0.02670,0.03118,0.01916,-0.00051,0.03959,0.00840,-0.02065,0.03045,0.01833,-0.03400,0.02076,0.02963,-0.02675,0,,,,,0.18360,0.09820,0.01994,0.97000,0.00000,0.00000,0.24311
3507.3375,1,1,18.17,0.17,27.72,0.12715,-0.02820,0.61027,0.70306,0.61143,0.4064,0,1,0.18925,-0.05260,0.01000,0.18959,-0.05278,0.01024,0.05,0.00,0.61143,0.33065,-0.26417,0.78937,1.04313,-0.00000,0.28181,0.33048,-0.26358,0.79044,1.04387,-0.00000,-0.17000,16,0.19123,-0.04868,0.01510,0.18360,0.09820,0,0.99122,0.00071,-0.00610,-0.13211,Left,1,418.09,269.48,405.74,251.49,398.80,231.74,404.25,211.83,411.42,193.89,411.91,189.98,416.61,177.12,421.14,170.76,422.77,176.47,432.05,194.73,440.22,177.56,433.65,202.00,427.55,212.77,449.48,202.54,457.76,191.35,450.13,211.36,442.82,219.64,464.54,217.22,472.30,204.11,464.51,218.43,455.73,225.02,-0.00000,-0.01932,-0.03381,-0.04749,-0.05780,-0.00602,-0.02429,-0.03150,-0.03326,-0.00759,-0.02923,-0.02702,-0.01730,-0.01356,-0.03528,-0.02086,-0.00443,-0.02185,-0.03446,-0.02209,-0.00865,-0.01391,0.08491,0.03846,-0.03587,0.05924,0.01231,-0.03732,0.03902,-0.00511,-0.03651,0.01479,-0.02832,-0.02699,-0.01399,-0.04510,-0.02876,-0.00560,0.00038,-0.02300,-0.02573,-0.01279,-0.01880,-0.03567,-0.03028,-0.02146,-0.02799,-0.06699,-0.00483,-0.00510,0.00503,0.00554,-0.02700,-0.02566,-0.00589,-0.00636,-0.04161,-0.01277,0.00580,-0.02507,0.02032,0.00189,0.00126,0.02371,-0.00957,-0.02773,0.01588,0.00784,-0.03940,0.00699,0.01810,-0.02945,0.03128,0.02015,-0.00164,0.04009,0.00856,-0.02053,0.03123,0.01755,-0.03335,0.02122,0.02876,-0.02748,0,,,,,0.18360,0.09820,0.01994,0.97000,0.00000,0.00000,0.24311
3507.3669,1,1,16.20,0.16,25.01,0.12615,-0.02811,0.60653,0.71351,0.60280,0.3920,0,1,0.18925,-0.05260,0.01000,0.18959,-0.05272,0.01023,0.05,0.00,0.60280,0.33026,-0.26415,0.78943,1.04319,-0.00001,0.15800,0.33048,-0.26358,0.79044,1.04387,-0.00000,-0.17000,16,0.18575,-0.04543,0.01501,0.18360,0.09820,0,0.98721,0.00797,0.00195,-0.15920,Left,1,418.80,268.31,406.16,250.24,399.13,230.70,404.74,210.75,410.96,192.40,411.48,189.68,416.28,175.99,421.27,169.58,422.37,175.92,431.85,194.37,440.26,176.88,434.44,200.99,428.12,212.20,449.11,202.23,457.87,191.16,450.14,211.19,442.32,219.62,464.16,216.59,472.10,204.14,464.07,218.93,454.71,225.47,-0.00000,-0.02086,-0.03504,-0.04787,-0.05710,-0.00752,-0.02624,-0.03362,-0.03521,-0.00813,-0.03091,-0.02958,-0.02031,-0.01318,-0.03678,-0.02339,-0.00724,-0.02048,-0.03446,-0.02263,-0.00940,-0.01371,0.08527,0.03752,-0.03533,0.05991,0.01136,-0.03626,0.03948,-0.00518,-0.03567,0.01489,-0.02614,-0.02785,-0.01512,-0.04226,-0.02818,-0.00552,0.00025,-0.02287,-0.02630,-0.01170,-0.01812,-0.03570,-0.02799,-0.02191,-0.02814,-0.06303,-0.00473,-0.00517,0.00462,0.00576,-0.02695,-0.02430,-0.00485,-0.00682,-0.03944,-0.01247,0.00464,-0.02097,0.01969,0.00169,0.00119,0.02372,-0.00895,-0.02721,0.01510,0.00837,-0.03796,0.00622,0.01803,-0.02628,0.03096,0.01978,-0.00055,0.03925,0.00841,-0.02021,0.03027,0.01822,-0.03271,0.01988,0.03009,-0.02598,0,,,,,0.18360,0.09820,0.01994,0.97000,0.00000,0.00000,0.24311
3507.3982,1,1,14.71,0.23,27.12,0.12695,-0.02884,0.61210,0.71283,0.61767,0.3660,0,1,0.18925,-0.05260,0.01000,0.18922,-0.05261,0.01001,0.05,0.00,0.61767,0.33041,-0.26360,0.79047,1.04380,0.00005,0.15539,0.33048,-0.26358,0.79044,1.04387,-0.00000,-0.17000,16,0.18517,-0.04525,0.01474,0.18360,0.09820,0,0.98709,0.00787,0.00213,-0.15995,Left,1,419.13,267.62,405.75,249.18,399.20,228.86,405.47,208.85,411.57,190.80,411.32,188.92,417.88,174.44,423.27,170.32,423.40,177.88,431.21,193.61,440.67,176.37,435.40,200.56,428.24,211.68,448.37,201.54,457.75,190.12,450.68,210.68,442.20,219.97,463.10,215.63,471.61,202.60,464.33,217.38,454.93,224.69,-0.00000,-0.02026,-0.03404,-0.04686,-0.05612,-0.00709,-0.02659,-0.03490,-0.03686,-0.00799,-0.03122,-0.03168,-0.02383,-0.01318,-0.03721,-0.02559,-0.01050,-0.02046,-0.03497,-0.02398,-0.01113,-0.01440,0.08577,0.03555,-0.03617,0.06026,0.00990,-0.03693,0.03919,-0.00738,-0.03442,0.01420,-0.02907,-0.02654,-0.01500,-0.04431,-0.02824,-0.00602,-0.00084,-0.02103,-0.02663,-0.01367,-0.01580,-0.03373,-0.03070,-0.02036,-0.02481,-0.06505,-0.00470,-0.00511,0.00474,0.00727,-0.02674,-0.02537,-0.00316,-0.00561,-0.04080,-0.01192,0.00660,-0.02283,0.01956,0.00193,0.00153,0.02496,-0.00863,-0.02691,0.01614,0.00929,-0.03867,0.00653,0.02051,-0.02726,0.03103,0.02048,0.00021,0.04026,0.00818,-0.01972,0.03127,0.01735,-0.03321,0.02089,0.03058,-0.02624,0,,,,,0.18360,0.09820,0.01994,0.97000,-0.00000,-0.00000,0.24311
3507.4312,1,1,16.04,0.18,28.86,0.12620,-0.02920,0.60994,0.70915,0.60777,0.3840,0,1,0.18925,-0.05260,0.01000,0.18889,-0.05248,0.00985,0.05,0.00,0.60777,0.33032,-0.26327,0.79131,1.04463,0.00008,0.16928,0.33048,-0.26358,0.79044,1.04387,-0.00000,-0.17000,16,0.18536,-0.04532,0.01461,0.18360,0.09820,0,0.98686,0.00751,0.00202,-0.16136,Left,1,419.03,268.07,405.07,250.04,397.54,229.23,404.17,209.01,410.76,190.91,410.79,188.45,416.67,174.40,420.97,169.45,421.37,175.40,431.04,192.99,440.36,175.77,433.95,200.36,427.51,211.06,448.19,200.79,457.57,189.92,449.43,210.57,441.58,218.45,463.02,214.94,471.48,202.41,463.28,217.49,453.86,223.83,-0.00000,-0.01932,-0.03212,-0.04410,-0.05271,-0.00471,-0.02361,-0.03168,-0.03372,-0.00629,-0.02918,-0.02870,-0.01986,-0.01234,-0.03594,-0.02347,-0.00773,-0.02053,-0.03443,-0.02283,-0.00958,-0.01373,0.08648,0.03620,-0.03576,0.06156,0.01115,-0.03733,0.04012,-0.00615,-0.03489,0.01467,-0.02744,-0.02680,-0.01384,-0.04341,-0.02780,-0.00571,0.00006,-0.02167,-0.02617,-0.01301,-0.01744,-0.03403,-0.02984,-0.02212,-0.02709,-0.06367,-0.00472,-0.00512,0.00471,0.00637,-0.02648,-0.02559,-0.00376,-0.00524,-0.04078,-0.01190,0.00625,-0.02132,0.01925,0.00175,0.00121,0.02442,-0.00807,-0.02835,0.01572,0.00979,-0.03829,0.00675,0.01967,-0.02493,0.03091,0.02030,-0.00044,0.04025,0.00894,-0.02044,0.03090,0.01849,-0.03339,0.02014,0.03009,-0.02537,0,,,,,0.18360,0.09820,0.01994,0.97000,-0.00000,-0.00000,0.24311
3507.4655,1,1,19.08,0.16,29.81,0.12608,-0.03056,0.61087,0.70999,0.61181,0.3980,0,1,0.18925,-0.05260,0.01000,0.18901,-0.05254,0.00990,0.05,0.00,0.61181,0.33040,-0.26328,0.79100,1.04424,0.00003,0.17051,0.33048,-0.26358,0.79044,1.04387,-0.00000,-0.17000,16,0.18551,-0.04538,0.01466,0.18360,0.09820,0,0.98674,0.00707,0.00078,-0.16218,Left,1,418.41,265.56,403.67,247.18,397.11,225.84,404.80,206.24,410.63,188.70,410.69,185.87,417.71,171.53,422.63,167.25,423.03,173.65,430.76,191.12,440.63,173.95,434.48,197.61,427.08,209.23,447.95,199.38,457.67,187.64,449.71,207.73,440.90,217.05,462.77,213.43,471.40,200.23,463.86,214.16,454.66,220.79,-0.00000,-0.01952,-0.03256,-0.04479,-0.05390,-0.00666,-0.02609,-0.03531,-0.03799,-0.00812,-0.03193,-0.03324,-0.02569,-0.01384,-0.03786,-0.02734,-0.01273,-0.02154,-0.03553,-0.02494,-0.01234,-0.01530,0.08599,0.03540,-0.03707,0.06053,0.00964,-0.03835,0.03863,-0.00810,-0.03442,0.01409,-0.02970,-0.02826,-0.01424,-0.04393,-0.02756,-0.00667,-0.00120,-0.02107,-0.02668,-0.01497,-0.01649,-0.03313,-0.03152,-0.02063,-0.02606,-0.06566,-0.00438,-0.00493,0.00443,0.00684,-0.02664,-0.02516,-0.00433,-0.00618,-0.04146,-0.01318,0.00688,-0.02503,0.01914,0.00197,0.00197,0.02480,-0.00822,-0.02667,0.01505,0.00937,-0.03867,0.00542,0.02035,-0.02817,0.03134,0.02083,0.00092,0.04009,0.00817,-0.01860,0.03122,0.01633,-0.03183,0.02090,0.02886,-0.02599,0,,,,,0.18360,0.09820,0.01994,0.97000,-0.00000,-0.00000,0.24311
3507.4928,1,1,14.74,0.16,23.05,0.12469,-0.03298,0.60865,0.70864,0.60643,0.4593,0,1,0.18925,-0.05260,0.01000,0.18903,-0.05255,0.00991,0.05,0.00,0.60643,0.33040,-0.26330,0.79094,1.04418,0.00003,0.17026,0.33048,-0.26358,0.79044,1.04387,-0.00000,-0.17000,16,0.18554,-0.04539,0.01467,0.18360,0.09820,0,0.98667,0.00682,0.00004,-0.16259,Left,1,416.94,261.92,403.32,244.57,396.03,224.45,402.63,205.28,408.41,187.22,408.80,182.64,414.59,169.70,420.47,163.15,422.75,168.27,429.42,187.65,438.23,171.65,431.65,195.83,424.09,206.41,446.77,195.94,455.43,185.56,447.17,205.93,438.45,214.05,461.51,210.11,469.20,198.31,461.37,212.76,452.32,218.57,-0.00000,-0.02193,-0.03665,-0.04971,-0.05939,-0.01037,-0.02930,-0.03734,-0.03975,-0.01067,-0.03484,-0.03452,-0.02596,-0.01531,-0.04024,-0.02807,-0.01255,-0.02213,-0.03761,-0.02699,-0.01434,-0.01369,0.08508,0.03737,-0.03577,0.06041,0.01015,-0.03765,0.03956,-0.00752,-0.03485,0.01648,-0.03041,-0.02850,-0.01245,-0.04429,-0.02808,-0.00576,-0.00150,-0.02189,-0.02554,-0.01538,-0.01692,-0.03491,-0.03186,-0.01860,-0.02868,-0.06732,-0.00463,-0.00493,0.00441,0.00574,-0.02604,-0.02614,-0.00529,-0.00516,-0.04106,-0.01416,0.00661,-0.02220,0.01940,0.00142,0.00205,0.02435,-0.00766,-0.02783,0.01437,0.00984,-0.03847,0.00492,0.01970,-0.02535,0.03154,0.02008,0.00105,0.03926,0.00879,-0.01886,0.02991,0.01726,-0.03109,0.02032,0.02875,-0.02356,0,,,,,0.18360,0.09820,0.01994,0.97000,-0.00000,0.00000,0.24311
3507.5446,1,1,16.42,0.24,23.91,0.12325,-0.03640,0.60927,0.70283,0.60988,0.4888,0,1,0.18925,-0.05260,0.01000,0.18906,-0.05256,0.00993,0.05,0.00,0.60988,0.33041,-0.26334,0.79086,1.04411,0.00004,0.17004,0.33048,-0.26358,0.79044,1.04387,-0.00000,-0.17000,16,0.18557,-0.04540,0.01468,0.18360,0.09820,0,0.98654,0.00634,-0.00129,-0.16340,Left,1,415.01,258.74,401.08,240.77,394.60,219.92,401.68,200.68,407.66,182.78,406.60,178.76,409.85,165.88,416.22,157.63,419.53,162.29,427.28,183.37,435.56,168.48,429.32,192.96,421.93,204.86,444.87,191.74,452.66,182.91,444.57,203.53,436.33,211.92,459.74,206.45,466.63,195.87,458.47,210.79,449.59,217.02,-0.00000,-0.01948,-0.03225,-0.04388,-0.05245,-0.00506,-0.02462,-0.03417,-0.03741,-0.00638,-0.03135,-0.03194,-0.02340,-0.01223,-0.03756,-0.02571,-0.00996,-0.02014,-0.03568,-0.02507,-0.01213,-0.01344,0.08687,0.03414,-0.03540,0.06117,0.00894,-0.03714,0.03862,-0.00701,-0.03348,0.01502,-0.02782,-0.02672,-0.01352,-0.04142,-0.02879,-0.00585,0.00010,-0.02452,-0.02603,-0.01384,-0.01961,-0.03684,-0.03112,-0.01953,-0.03090,-0.06759,-0.00486,-0.00505,0.00491,0.00534,-0.02522,-0.02568,-0.00534,-0.00406,-0.04027,-0.01395,0.00840,-0.02065,0.01991,0.00172,0.00110,0.02372,-0.00598,-0.02867,0.01452,0.01225,-0.03779,0.00563,0.02213,-0.02309,0.03166,0.02042,-0.00160,0.03896,0.01061,-0.02173,0.02921,0.02038,-0.03285,0.02013,0.03208,-0.02496,0,,,,,0.18360,0.09820,0.01994,0.97000,-0.00000,0.00000,0.24311
3507.5756,1,1,16.03,0.25,26.02,0.12167,-0.03934,0.61101,0.70363,0.61276,0.4005,0,1,0.18925,-0.05260,0.01000,0.18908,-0.05257,0.00993,0.05,0.00,0.61276,0.33041,-0.26335,0.79082,1.04407,0.00004,0.16994,0.33048,-0.26358,0.79044,1.04387,-0.00000,-0.17000,16,0.18559,-0.04541,0.01469,0.18360,0.09820,0,0.98646,0.00607,-0.00203,-0.16387,Left,0,413.33,256.69,399.39,237.72,393.06,216.97,398.86,196.49,404.69,178.32,404.48,176.34,409.42,162.73,415.31,154.72,416.38,162.23,425.21,181.56,433.24,164.70,427.71,189.22,420.08,201.30,442.61,189.71,450.56,178.51,443.43,198.12,435.21,206.61,457.52,204.48,464.05,191.51,457.29,205.56,449.29,211.63,-0.00000,-0.01759,-0.02971,-0.04082,-0.04831,-0.00379,-0.02330,-0.03134,-0.03282,-0.00540,-0.02941,-0.02819,-0.01830,-0.01135,-0.03441,-0.01903,-0.00131,-0.01944,-0.03280,-0.01983,-0.00547,-0.01299,0.08798,0.03042,-0.03426,0.06131,0.00627,-0.03595,0.03850,-0.00745,-0.03459,0.01397,-0.02584,-0.02774,-0.01603,-0.03916,-0.02894,-0.00518,0.00132,-0.02326,-0.02666,-0.01033,-0.01843,-0.03741,-0.02689,-0.02066,-0.02931,-0.06108,-0.00512,-0.00484,0.00498,0.00547,-0.02693,-0.02349,-0.00531,-0.00612,-0.03736,-0.01355,0.00573,-0.01678,0.02033,0.00143,0.00089,0.02391,-0.00891,-0.02667,0.01560,0.00711,-0.03802,0.00685,0.01625,-0.02573,0.03244,0.01983,-0.00244,0.03833,0.00786,-0.02070,0.03036,0.01654,-0.03196,0.02299,0.02791,-0.02717,0,,,,,0.18360,0.09820,0.01994,0.97000,-0.00000,0.00000,0.24311
3507.6119,1,1,20.19,0.79,31.80,0.12023,-0.04343,0.61415,0.71088,0.61728,0.3836,0,1,0.18768,-0.05116,0.01409,0.18696,-0.05110,0.01499,0.24,0.00,0.61728,0.32592,-0.30684,0.79055,1.08849,-0.00003,0.16985,0.32491,-0.29661,0.79018,1.07723,-0.00000,-0.17000,16,0.18350,-0.04411,0.01979,0.18360,0.09820,0,0.98660,0.00556,-0.00293,-0.16301,Left,0,412.19,250.85,397.08,232.72,390.58,210.59,397.05,190.99,403.19,173.50,403.48,172.44,409.00,156.94,414.04,152.22,414.20,161.17,423.00,177.58,431.69,159.40,426.47,181.57,419.26,194.37,439.98,186.01,448.31,173.86,440.97,193.11,433.36,202.71,454.66,199.78,462.45,186.56,455.12,200.17,447.11,207.13,-0.00000,-0.01763,-0.02853,-0.03881,-0.04597,-0.00386,-0.02456,-0.03464,-0.03685,-0.00538,-0.03016,-0.03191,-0.02392,-0.01128,-0.03612,-0.02616,-0.01123,-0.01897,-0.03377,-0.02378,-0.01107,-0.01392,0.08686,0.02682,-0.03537,0.06046,0.00253,-0.03780,0.03753,-0.01139,-0.03447,0.01311,-0.02966,-0.02721,-0.01362,-0.04045,-0.02777,-0.00580,-0.00078,-0.02172,-0.02763,-0.01302,-0.01766,-0.03478,-0.02922,-0.02149,-0.02542,-0.06149,-0.00412,-0.00498,0.00461,0.00564,-0.02717,-0.02456,-0.00519,-0.00749,-0.04137,-0.01266,0.00469,-0.02340,0.01888,0.00159,0.00152,0.02347,-0.00758,-0.02726,0.01353,0.00969,-0.04079,0.00633,0.02006,-0.02838,0.03106,0.02092,-0.00155,0.03873,0.00876,-0.02068,0.02939,0.01687,-0.03478,0.02238,0.02919,-0.02854,0,,,,,0.18360,0.09820,0.01994,0.97000,-0.00000,0.00000,0.24311
3507.6411,1,1,16.49,1.25,25.02,0.11799,-0.04817,0.61472,0.70845,0.61528,0.3606,0,1,0.18740,-0.04892,0.01883,0.18792,-0.04831,0.01992,0.25,0.00,0.61528,0.30711,-0.33185,0.77411,1.12606,-0.00001,0.16967,0.31196,-0.32502,0.77806,1.11776,-0.00000,-0.17000,16,0.18421,-0.04131,0.02459,0.18360,0.09820,0,0.98802,0.00509,-0.00499,-0.15414,Left,0,411.33,245.76,395.88,227.77,388.93,204.96,394.62,184.51,400.00,166.08,400.22,168.70,404.31,153.02,409.97,148.39,410.43,156.17,420.00,172.64,428.34,154.60,423.82,176.69,416.21,188.10,437.44,180.62,445.58,169.11,438.58,188.89,430.40,196.97,452.32,193.94,460.17,182.10,452.99,195.99,444.60,201.57,-0.00000,-0.01944,-0.03037,-0.04013,-0.04662,-0.00585,-0.02673,-0.03658,-0.03880,-0.00646,-0.03156,-0.03354,-0.02582,-0.01147,-0.03724,-0.02776,-0.01313,-0.01831,-0.03405,-0.02457,-0.01221,-0.01267,0.08642,0.02687,-0.03460,0.06063,0.00219,-0.03634,0.03659,-0.01130,-0.03445,0.01037,-0.02898,-0.02854,-0.01653,-0.03914,-0.02792,-0.00547,-0.00093,-0.02294,-0.02640,-0.01449,-0.01919,-0.03415,-0.02979,-0.02311,-0.02423,-0.06031,-0.00448,-0.00459,0.00435,0.00447,-0.02549,-0.02491,-0.00447,-0.00669,-0.04026,-0.01395,0.00360,-0.01968,0.01893,0.00146,0.00197,0.02298,-0.00721,-0.02815,0.01481,0.01073,-0.03828,0.00525,0.01971,-0.02212,0.03119,0.01973,-0.00162,0.03883,0.00898,-0.02104,0.02997,0.01868,-0.03385,0.02213,0.02931,-0.02542,0,,,,,0.18360,0.09820,0.01994,0.97000,-0.00000,-0.00000,0.24311
3507.6757,1,1,17.99,1.36,30.73,0.11586,-0.05314,0.61660,0.71522,0.61849,0.3800,0,1,0.18646,-0.04679,0.02380,0.18557,-0.04652,0.02406,0.26,0.00,0.61849,0.30064,-0.36191,0.76751,1.17013,0.00000,0.16963,0.30075,-0.35749,0.76786,1.16042,-0.00000,-0.17000,16,0.18174,-0.03967,0.02861,0.18360,0.09820,0,0.98836,0.00541,-0.00177,-0.15205,Left,0,408.91,240.50,393.32,223.51,385.97,200.96,391.04,180.25,396.75,161.59,398.02,164.88,402.67,149.01,406.78,143.34,406.67,151.30,417.66,168.66,425.64,149.42,420.76,171.47,413.72,183.83,434.87,176.34,442.67,163.25,435.39,183.40,428.06,192.64,450.15,189.28,456.47,176.16,449.45,190.52,442.02,197.06,-0.00000,-0.01969,-0.03143,-0.04208,-0.04961,-0.00615,-0.02864,-0.04000,-0.04295,-0.00688,-0.03300,-0.03538,-0.02772,-0.01214,-0.03824,-0.02783,-0.01231,-0.01932,-0.03485,-0.02465,-0.01168,-0.01267,0.08644,0.02449,-0.03453,0.06093,0.00030,-0.03822,0.03673,-0.01204,-0.03702,0.01073,-0.02890,-0.03115,-0.01701,-0.03898,-0.02817,-0.00478,-0.00095,-0.02313,-0.02634,-0.01401,-0.02025,-0.03412,-0.02975,-0.02485,-0.02468,-0.06128,-0.00448,-0.00454,0.00504,0.00406,-0.02649,-0.02445,-0.00596,-0.00785,-0.04029,-0.01438,0.00364,-0.02085,0.01943,0.00105,0.00169,0.02254,-0.00851,-0.02838,0.01334,0.00948,-0.03914,0.00487,0.01955,-0.02398,0.03147,0.01901,-0.00252,0.03848,0.00771,-0.02232,0.02931,0.01726,-0.03521,0.02193,0.02859,-0.02604,0,,,,,0.18360,0.09820,0.01994,0.97000,-0.00000,-0.00000,0.24311
3507.7077,1,1,18.73,0.92,28.01,0.11363,-0.05962,0.62053,0.72107,0.62445,0.3838,0,1,0.18449,-0.04456,0.03028,0.18389,-0.04425,0.03201,0.33,0.00,0.62445,0.28961,-0.41617,0.75284,1.23334,0.00000,0.16957,0.29058,-0.40138,0.75580,1.21638,-0.00000,-0.17000,16,0.18001,-0.03745,0.03648,0.18360,0.09820,0,0.98907,0.00474,-0.00502,-0.14728,Left,0,407.25,233.98,391.24,216.90,383.28,194.87,387.93,174.54,393.61,156.39,394.91,158.96,398.84,142.88,404.50,137.99,405.20,146.02,414.15,162.60,422.42,144.15,418.26,166.13,410.63,179.09,431.48,169.63,439.58,157.67,433.08,176.71,425.40,185.98,446.59,181.45,453.35,168.74,447.10,182.39,439.82,189.21,-0.00000,-0.01864,-0.02974,-0.04004,-0.04741,-0.00523,-0.02674,-0.03787,-0.04065,-0.00607,-0.03204,-0.03521,-0.02786,-0.01121,-0.03690,-0.02826,-0.01375,-0.01805,-0.03275,-0.02295,-0.01015,-0.01065,0.08626,0.02531,-0.03305,0.06197,0.00073,-0.03631,0.03806,-0.01147,-0.03611,0.01195,-0.02943,-0.02991,-0.01492,-0.03808,-0.02792,-0.00408,-0.00139,-0.02346,-0.02558,-0.01459,-0.01925,-0.03323,-0.02920,-0.02267,-0.02426,-0.05940,-0.00427,-0.00455,0.00487,0.00406,-0.02531,-0.02594,-0.00547,-0.00596,-0.04091,-0.01372,0.00584,-0.01925,0.01844,0.00034,0.00180,0.02248,-0.00724,-0.02858,0.01454,0.01085,-0.03994,0.00605,0.02029,-0.02381,0.03152,0.01825,-0.00130,0.03867,0.00718,-0.02139,0.03006,0.01654,-0.03489,0.02321,0.02759,-0.02658,0,,,,,0.18360,0.09820,0.01994,0.97000,0.00000,0.00000,0.24311
3507.7345,1,1,15.55,0.75,22.45,0.11126,-0.06641,0.62694,0.72582,0.63335,0.3638,0,1,0.18129,-0.04219,0.03707,0.18143,-0.04184,0.03727,0.37,0.00,0.63335,0.27883,-0.45748,0.74652,1.28148,0.00000,0.16952,0.28150,-0.45438,0.74794,1.27724,-0.00000,-0.17000,16,0.17743,-0.03503,0.04169,0.18360,0.09820,0,0.98980,0.00463,-0.00498,-0.14228,Left,0,404.90,228.10,388.21,211.38,380.52,189.41,385.74,168.07,390.47,149.16,390.51,153.80,393.75,137.72,399.67,130.99,401.43,139.45,410.53,157.08,419.02,137.35,414.99,160.34,407.44,174.50,427.67,164.17,435.75,151.42,429.24,171.96,421.69,182.19,442.87,176.58,449.85,163.32,443.58,178.00,435.84,185.32,-0.00000,-0.01884,-0.02940,-0.03877,-0.04493,-0.00498,-0.02717,-0.03819,-0.04059,-0.00564,-0.03251,-0.03484,-0.02637,-0.01071,-0.03747,-0.02683,-0.01050,-0.01756,-0.03384,-0.02362,-0.01012,-0.00922,0.08755,0.02017,-0.03179,0.06252,-0.00396,-0.03558,0.03761,-0.01308,-0.03481,0.01080,-0.02820,-0.02961,-0.01786,-0.03641,-0.02875,-0.00435,-0.00081,-0.02503,-0.02595,-0.01292,-0.02074,-0.03549,-0.02705,-0.02328,-0.02571,-0.05789,-0.00469,-0.00446,0.00542,0.00425,-0.02715,-0.02318,-0.00453,-0.00794,-0.03796,-0.01296,0.00550,-0.01567,0.01906,0.00031,0.00189,0.02333,-0.00865,-0.02795,0.01563,0.00991,-0.03885,0.00657,0.02050,-0.02217,0.03263,0.01766,-0.00286,0.03912,0.00657,-0.02245,0.03100,0.01635,-0.03492,0.02389,0.02848,-0.02700,0,,,,,0.18360,0.09820,0.01994,0.97000,0.00000,0.00000,0.24311
3507.7671,1,1,15.22,0.81,29.86,0.10787,-0.07275,0.62604,0.70917,0.62514,0.3925,0,1,0.18174,-0.03880,0.04341,0.17974,-0.03709,0.04488,0.24,0.00,0.62514,0.25066,-0.48305,0.70834,1.35704,0.00000,0.16931,0.25877,-0.47361,0.71440,1.33000,-0.00000,-0.17000,16,0.17577,-0.03043,0.04927,0.18360,0.09820,0,0.99164,0.00519,0.00038,-0.12893,Left,0,402.02,222.80,384.98,205.77,377.60,181.82,382.41,160.40,387.09,141.74,388.04,147.78,390.72,131.96,395.28,124.38,397.00,130.17,407.48,150.70,414.84,130.63,410.86,151.49,404.02,166.09,425.11,157.97,432.16,143.76,425.24,163.33,417.56,174.53,440.49,170.18,446.17,156.41,439.26,170.14,431.83,178.41,-0.00000,-0.01797,-0.02740,-0.03611,-0.04231,-0.00197,-0.02392,-0.03714,-0.04161,-0.00312,-0.02957,-0.03445,-0.02805,-0.00864,-0.03521,-0.02781,-0.01359,-0.01580,-0.03240,-0.02408,-0.01184,-0.01049,0.08741,0.01642,-0.03310,0.06150,-0.00526,-0.03791,0.03547,-0.01540,-0.03543,0.00847,-0.02979,-0.03086,-0.01904,-0.03775,-0.02793,-0.00492,-0.00132,-0.02556,-0.02578,-0.01499,-0.02194,-0.03434,-0.02955,-0.02476,-0.02761,-0.06070,-0.00444,-0.00427,0.00547,0.00286,-0.02742,-0.02284,-0.00676,-0.01005,-0.03977,-0.01470,0.00443,-0.02270,0.01899,0.00059,0.00180,0.02204,-0.00923,-0.02699,0.01248,0.00788,-0.03906,0.00411,0.01991,-0.02545,0.03224,0.01773,-0.00319,0.03780,0.00580,-0.02294,0.02817,0.01449,-0.03576,0.02101,0.02786,-0.02819,0,,,,,0.18360,0.09820,0.01994,0.97000,0.00000,0.00000,0.24311
3507.7997,1,1,15.54,0.83,29.08,0.10360,-0.07892,0.62230,0.70171,0.61855,0.4176,0,1,0.18361,-0.03453,0.04958,0.18384,-0.03364,0.05056,0.18,0.00,0.61855,0.22138,-0.47678,0.66142,1.38804,0.00000,0.16909,0.22790,-0.47730,0.67045,1.37763,-0.00000,-0.17000,16,0.17958,-0.02703,0.05495,0.18360,0.09820,0,0.99338,0.00440,-0.00528,-0.11466,Left,0,400.31,217.74,383.64,201.49,375.53,177.80,379.35,155.36,383.53,135.64,384.15,141.81,386.45,126.22,391.44,118.42,394.01,123.45,403.40,144.49,411.08,124.96,407.39,147.06,401.07,161.73,421.00,151.43,428.05,138.71,421.86,159.81,415.03,171.32,436.19,163.27,441.63,149.91,435.39,164.98,428.81,173.93,-0.00000,-0.02051,-0.03078,-0.03974,-0.04603,-0.00415,-0.02532,-0.03680,-0.04010,-0.00367,-0.03040,-0.03425,-0.02671,-0.00767,-0.03580,-0.02865,-0.01395,-0.01331,-0.03157,-0.02397,-0.01176,-0.00716,0.08776,0.01786,-0.03019,0.06252,-0.00506,-0.03478,0.03759,-0.01578,-0.03417,0.00952,-0.03118,-0.03047,-0.01840,-0.03876,-0.02745,-0.00366,-0.00172,-0.02582,-0.02492,-0.01513,-0.02211,-0.03462,-0.03086,-0.02328,-0.02766,-0.06223,-0.00458,-0.00419,0.00544,0.00299,-0.02670,-0.02417,-0.00566,-0.00788,-0.04107,-0.01330,0.00664,-0.02217,0.01909,-0.00002,0.00238,0.02115,-0.00824,-0.02816,0.01358,0.01054,-0.03830,0.00563,0.02330,-0.02324,0.03187,0.01698,-0.00239,0.03727,0.00574,-0.02319,0.02865,0.01641,-0.03728,0.02237,0.03025,-0.02843,0,,,,,0.18360,0.09820,0.01994,0.97000,0.00000,0.00000,0.24311
3507.8353,1,1,18.77,0.79,31.45,0.09946,-0.08490,0.62065,0.69558,0.61900,0.3764,0,1,0.18443,-0.03039,0.05556,0.18580,-0.02912,0.05727,0.17,0.00,0.61900,0.18906,-0.48450,0.61808,1.43280,-0.00000,0.16905,0.19948,-0.48547,0.63222,1.42403,-0.00000,-0.17000,16,0.18129,-0.02272,0.06156,0.18360,0.09820,0,0.99500,0.00399,-0.00861,-0.09939,Left,0,396.69,212.00,379.46,195.29,371.32,171.58,375.43,148.90,380.23,129.04,380.01,137.39,382.11,121.47,387.58,112.22,391.07,117.05,399.49,139.73,406.70,118.77,402.89,141.35,396.70,155.87,417.38,146.24,423.74,131.94,417.51,153.91,410.84,165.46,433.13,157.76,437.98,143.21,432.11,158.89,425.68,168.00,-0.00000,-0.02061,-0.03180,-0.04176,-0.04919,-0.00616,-0.02930,-0.04164,-0.04516,-0.00611,-0.03450,-0.03808,-0.02992,-0.01056,-0.04017,-0.03117,-0.01470,-0.01662,-0.03548,-0.02630,-0.01262,-0.00672,0.08660,0.01255,-0.03027,0.06228,-0.00949,-0.03516,0.03641,-0.01939,-0.03387,0.00846,-0.03283,-0.02957,-0.02004,-0.03881,-0.02805,-0.00331,-0.00188,-0.02614,-0.02383,-0.01444,-0.02196,-0.03494,-0.02920,-0.02270,-0.02843,-0.06012,-0.00461,-0.00389,0.00579,0.00166,-0.02677,-0.02367,-0.00740,-0.00787,-0.03907,-0.01459,0.00647,-0.01890,0.01888,-0.00047,0.00208,0.02081,-0.00881,-0.02892,0.01239,0.01032,-0.03907,0.00450,0.02319,-0.02275,0.03242,0.01617,-0.00286,0.03742,0.00449,-0.02452,0.02828,0.01526,-0.03892,0.02250,0.02886,-0.02861,0,,,,,0.18360,0.09820,0.01994,0.97000,0.00000,0.00000,0.24311
3507.8648,1,1,15.15,0.81,23.28,0.09704,-0.09208,0.62692,0.70729,0.63320,0.3572,0,1,0.18130,-0.02797,0.06274,0.17977,-0.02766,0.06139,0.26,0.00,0.63320,0.18696,-0.51351,0.60847,1.49233,0.00000,0.16902,0.18730,-0.52241,0.60817,1.48503,-0.00000,-0.17000,16,0.17530,-0.02125,0.06580,0.18360,0.09820,0,0.99510,0.00473,0.00135,-0.09879,Left,0,395.20,206.77,377.28,190.50,368.63,164.92,372.76,141.57,376.88,121.05,378.10,132.11,380.98,115.70,384.37,108.14,386.06,111.21,396.75,134.41,404.38,113.29,400.27,135.27,394.48,149.67,414.28,140.75,421.32,125.95,414.75,148.07,408.13,160.32,429.78,151.51,435.33,136.25,429.04,151.66,422.66,161.58,-0.00000,-0.01957,-0.03026,-0.04038,-0.04847,-0.00387,-0.02700,-0.04093,-0.04586,-0.00444,-0.03253,-0.03853,-0.03244,-0.00937,-0.03883,-0.03289,-0.01842,-0.01576,-0.03395,-0.02595,-0.01323,-0.00757,0.08830,0.01064,-0.03110,0.06341,-0.01038,-0.03625,0.03651,-0.02089,-0.03499,0.00636,-0.03562,-0.03132,-0.02187,-0.03964,-0.02746,-0.00383,-0.00287,-0.02510,-0.02352,-0.01674,-0.02307,-0.03263,-0.03108,-0.02564,-0.02845,-0.06042,-0.00438,-0.00385,0.00539,0.00162,-0.02609,-0.02344,-0.00723,-0.00792,-0.04008,-0.01405,0.00699,-0.02360,0.01858,-0.00036,0.00282,0.02147,-0.00890,-0.02784,0.01224,0.01104,-0.03822,0.00433,0.02505,-0.02377,0.03216,0.01670,-0.00200,0.03751,0.00358,-0.02296,0.02803,0.01422,-0.03832,0.02241,0.02861,-0.02791,0,,,,,0.18360,0.09820,0.01994,0.97000,-0.00000,-0.00000,0.24311
3507.8986,1,1,19.07,0.58,29.68,0.09288,-0.09820,0.62312,0.69370,0.61931,0.4030,0,1,0.18320,-0.02381,0.06886,0.17758,-0.02216,0.06557,0.90,0.01,0.61931,0.15143,-0.50932,0.57296,1.54727,-0.00000,0.16883,0.15982,-0.51331,0.55986,1.52399,-0.00000,-0.17000,16,0.17314,-0.01600,0.07012,0.18360,0.09820,0,0.99655,0.00536,0.01242,-0.08186,Left,0,392.62,200.53,375.54,184.33,366.41,160.19,368.53,136.54,372.15,115.67,373.53,126.23,375.22,111.26,380.37,102.31,383.64,106.08,393.06,127.98,399.90,107.89,396.66,131.43,390.75,145.03,410.99,133.83,417.23,120.44,411.64,142.42,405.09,152.18,426.78,144.65,431.70,130.94,426.24,146.83,420.06,154.73,-0.00000,-0.02175,-0.03306,-0.04303,-0.05040,-0.00557,-0.02927,-0.04224,-0.04639,-0.00525,-0.03462,-0.03894,-0.03117,-0.00967,-0.03987,-0.03127,-0.01511,-0.01587,-0.03470,-0.02561,-0.01216,-0.00312,0.08687,0.01366,-0.02720,0.06313,-0.00933,-0.03280,0.03727,-0.01870,-0.03426,0.00779,-0.03239,-0.03181,-0.02151,-0.03635,-0.02754,-0.00217,-0.00275,-0.02652,-0.02171,-0.01521,-0.02315,-0.03291,-0.02956,-0.02429,-0.02790,-0.05973,-0.00472,-0.00354,0.00544,0.00074,-0.02527,-0.02441,-0.00755,-0.00569,-0.03906,-0.01409,0.00693,-0.01601,0.01843,-0.00125,0.00288,0.02065,-0.00824,-0.02870,0.01308,0.01119,-0.03772,0.00521,0.02161,-0.02008,0.03296,0.01514,-0.00123,0.03711,0.00370,-0.02237,0.02863,0.01499,-0.03631,0.02337,0.02738,-0.02522,0,,,,,0.18360,0.09820,0.01994,0.97000,0.00000,-0.00000,0.24311
3507.9269,1,1,14.23,1.37,24.77,0.08931,-0.10528,0.62701,0.70165,0.63090,0.3346,0,1,0.18125,-0.02024,0.07594,0.18228,-0.01925,0.07685,0.21,0.00,0.63090,0.12662,-0.53195,0.50957,1.58961,-0.00000,0.16863,0.13471,-0.53425,0.51902,1.58601,-0.00000,-0.17000,16,0.17743,-0.01323,0.08123,0.18360,0.09820,0,0.99749,0.00376,-0.00990,-0.07004,Left,0,389.06,194.35,371.28,178.40,362.61,153.53,365.48,130.40,368.78,109.78,369.61,121.41,371.33,106.17,375.94,97.94,378.16,101.77,388.82,122.88,395.58,102.24,392.16,125.94,386.09,140.27,406.68,128.61,412.98,113.95,407.61,136.99,401.27,148.20,422.46,139.19,427.78,125.30,422.49,141.15,416.45,149.54,-0.00000,-0.02113,-0.03195,-0.04159,-0.04872,-0.00579,-0.02934,-0.04207,-0.04590,-0.00578,-0.03527,-0.03955,-0.03152,-0.01038,-0.04101,-0.03256,-0.01611,-0.01662,-0.03604,-0.02720,-0.01363,-0.00400,0.08704,0.00760,-0.02793,0.06343,-0.01449,-0.03261,0.03645,-0.02339,-0.03334,0.00676,-0.03559,-0.03070,-0.02200,-0.03830,-0.02802,-0.00208,-0.00234,-0.02657,-0.02151,-0.01604,-0.02381,-0.03188,-0.03045,-0.02569,-0.02589,-0.05856,-0.00470,-0.00340,0.00576,0.00053,-0.02545,-0.02397,-0.00789,-0.00565,-0.03974,-0.01516,0.00858,-0.01851,0.01846,-0.00113,0.00313,0.02074,-0.00918,-0.02910,0.01350,0.01120,-0.03954,0.00573,0.02373,-0.02233,0.03321,0.01462,-0.00213,0.03781,0.00296,-0.02371,0.02944,0.01526,-0.03800,0.02459,0.02814,-0.02693,0,,,,,0.18360,0.09820,0.01994,0.97000,0.00000,0.00000,0.24311
3507.9623,1,1,16.59,0.80,30.74,0.08607,-0.11182,0.63032,0.69945,0.63363,0.3196,0,1,0.17960,-0.01700,0.08000,0.17881,-0.01712,0.08138,0.84,0.00,0.63363,0.11472,-0.56200,0.49828,1.63050,-0.00001,0.16847,0.11592,-0.54810,0.50281,1.61603,-0.00000,-0.17000,16,0.17387,-0.01126,0.08558,0.18360,0.09820,0,0.99782,0.00368,-0.01078,-0.06500,Left,0,386.15,189.87,368.16,174.62,359.49,149.70,362.32,126.27,364.58,105.51,366.79,116.13,367.05,100.84,371.46,92.08,374.86,95.80,385.84,117.69,391.54,96.44,388.92,119.85,384.34,135.89,403.68,123.74,409.48,107.58,404.06,130.90,398.01,144.57,419.83,134.87,423.81,119.45,418.01,135.62,411.75,146.18,-0.00000,-0.01884,-0.02849,-0.03727,-0.04380,-0.00397,-0.02590,-0.03780,-0.04140,-0.00469,-0.03265,-0.03667,-0.02886,-0.00966,-0.03924,-0.03106,-0.01499,-0.01601,-0.03554,-0.02737,-0.01428,-0.00398,0.08756,0.00532,-0.02843,0.06334,-0.01437,-0.03397,0.03614,-0.02311,-0.03430,0.00769,-0.03528,-0.03259,-0.02188,-0.03936,-0.02841,-0.00220,-0.00095,-0.02825,-0.02227,-0.01390,-0.02589,-0.03280,-0.02862,-0.02610,-0.02815,-0.05783,-0.00481,-0.00353,0.00597,0.00002,-0.02716,-0.02212,-0.00819,-0.00758,-0.03819,-0.01366,0.00887,-0.02039,0.01891,-0.00103,0.00169,0.02073,-0.01094,-0.02817,0.01280,0.00946,-0.03891,0.00560,0.02434,-0.02411,0.03347,0.01497,-0.00447,0.03743,0.00218,-0.02571,0.02812,0.01361,-0.03975,0.02295,0.02902,-0.02931,0,,,,,0.18360,0.09820,0.01994,0.97000,0.00000,0.00000,0.24311
3508.0102,1,1,17.53,0.65,43.13,0.08324,-0.11726,0.63489,0.70609,0.63945,0.3066,0,1,0.17731,-0.01418,0.08000,0.17662,-0.01415,0.07866,0.55,0.01,0.63945,0.09527,-0.56954,0.52293,1.62531,-0.00000,0.16837,0.09769,-0.57127,0.51708,1.62510,-0.00000,-0.17000,16,0.17168,-0.00838,0.08302,0.18360,0.09820,0,0.99841,0.00384,-0.00549,-0.05592,Left,0,383.31,187.60,365.41,171.01,357.23,144.67,359.68,120.79,362.06,99.14,364.58,113.15,364.51,97.45,367.54,88.44,370.47,90.46,382.94,114.72,388.76,92.47,384.76,114.89,380.01,129.99,400.92,120.88,406.43,102.72,399.69,126.48,393.22,141.03,416.76,131.93,420.14,115.52,413.44,131.59,407.11,143.14,-0.00000,-0.02064,-0.03155,-0.04215,-0.05096,-0.00266,-0.02545,-0.03909,-0.04407,-0.00305,-0.03175,-0.03791,-0.03153,-0.00795,-0.03879,-0.03241,-0.01705,-0.01436,-0.03460,-0.02704,-0.01408,-0.00597,0.08883,-0.00621,-0.03005,0.06288,-0.02141,-0.03483,0.03438,-0.02928,-0.03507,0.00385,-0.03656,-0.03348,-0.02646,-0.03781,-0.02840,-0.00284,0.00053,-0.02828,-0.02274,-0.01301,-0.02695,-0.03321,-0.02851,-0.02762,-0.02940,-0.05630,-0.00479,-0.00312,0.00659,-0.00047,-0.02755,-0.02067,-0.00906,-0.00901,-0.03820,-0.01594,0.00688,-0.02390,0.01872,-0.00046,0.00120,0.01992,-0.01250,-0.02846,0.01102,0.00733,-0.03944,0.00290,0.02399,-0.02786,0.03254,0.01485,-0.00768,0.03690,0.00090,-0.02828,0.02703,0.01315,-0.04310,0.02076,0.02940,-0.03237,0,,,,,0.18360,0.09820,0.01994,0.97000,-0.00000,-0.00000,0.24311
3508.0406,1,1,16.09,0.59,25.82,0.08073,-0.12204,0.63714,0.71349,0.63939,0.3568,0,1,0.17619,-0.01166,0.08000,0.17620,-0.01137,0.08005,0.40,0.00,0.63939,0.07549,-0.58846,0.52701,1.63019,-0.00000,0.16824,0.08010,-0.58435,0.52539,1.62982,-0.00000,-0.17000,16,0.17125,-0.00562,0.08444,0.18360,0.09820,0,0.99886,0.00363,-0.01168,-0.04609,Left,0,382.03,184.17,364.39,167.38,355.33,140.96,356.80,116.27,358.25,94.01,363.01,109.47,362.88,91.57,365.42,84.36,368.09,87.12,380.92,111.34,386.17,87.79,381.89,110.01,377.79,123.87,398.63,117.37,403.42,98.33,396.55,121.65,390.87,135.52,414.42,127.93,417.30,110.90,410.95,126.54,405.60,137.60,-0.00000,-0.02063,-0.03174,-0.04275,-0.05193,-0.00226,-0.02505,-0.03845,-0.04306,-0.00267,-0.03035,-0.03622,-0.02990,-0.00770,-0.03761,-0.03162,-0.01677,-0.01432,-0.03349,-0.02602,-0.01339,-0.00514,0.08969,-0.00390,-0.02918,0.06317,-0.01979,-0.03419,0.03520,-0.02831,-0.03631,0.00410,-0.03597,-0.03558,-0.02673,-0.03606,-0.02747,-0.00317,0.00049,-0.02720,-0.02438,-0.01261,-0.02686,-0.03336,-0.02807,-0.02719,-0.02866,-0.05684,-0.00453,-0.00350,0.00639,-0.00098,-0.02738,-0.02163,-0.00966,-0.00956,-0.03958,-0.01554,0.00551,-0.02556,0.01831,-0.00010,0.00152,0.01895,-0.01252,-0.02847,0.00959,0.00708,-0.04030,0.00266,0.02304,-0.02756,0.03217,0.01545,-0.00769,0.03592,0.00123,-0.02788,0.02708,0.01330,-0.04340,0.02229,0.02904,-0.03244,0,,,,,0.18360,0.09820,0.01994,0.97000,-0.00000,-0.00000,0.24311
3508.0752,1,1,18.97,0.78,31.34,0.07777,-0.12518,0.63447,0.70731,0.63181,0.2976,0,1,0.17752,-0.00871,0.08000,0.17702,-0.00823,0.07948,0.39,0.00,0.63181,0.05240,-0.57415,0.52044,1.62918,0.00000,0.16787,0.05832,-0.57665,0.51849,1.62892,-0.00000,-0.17000,16,0.17170,-0.00262,0.08394,0.18360,0.09820,0,0.99934,0.00372,-0.00866,-0.03513,Left,0,378.98,182.55,361.11,165.52,353.03,138.17,355.66,113.35,358.29,91.17,360.84,106.66,360.44,88.46,361.71,81.36,363.61,84.46,378.88,108.56,384.45,84.70,378.77,108.64,374.69,122.66,396.75,114.51,401.07,95.79,392.96,120.29,387.73,133.49,412.69,124.90,414.73,107.88,407.81,124.37,403.18,134.83,-0.00000,-0.02159,-0.03302,-0.04435,-0.05375,-0.00218,-0.02658,-0.04040,-0.04482,-0.00213,-0.03175,-0.03752,-0.03029,-0.00701,-0.03832,-0.03149,-0.01540,-0.01358,-0.03283,-0.02464,-0.01122,-0.00611,0.09017,-0.00718,-0.02967,0.06373,-0.02037,-0.03475,0.03538,-0.02943,-0.03445,0.00354,-0.03667,-0.03190,-0.02682,-0.03714,-0.02783,-0.00262,0.00047,-0.02803,-0.02426,-0.01234,-0.02741,-0.03294,-0.02817,-0.02970,-0.02773,-0.05564,-0.00438,-0.00318,0.00685,-0.00063,-0.02756,-0.02256,-0.01114,-0.00805,-0.03957,-0.01588,0.00778,-0.02302,0.01867,-0.00041,0.00114,0.01832,-0.01161,-0.02964,0.00771,0.00880,-0.04021,0.00163,0.02418,-0.02648,0.03162,0.01507,-0.00845,0.03557,0.00104,-0.02997,0.02521,0.01437,-0.04448,0.02023,0.02871,-0.03256,0,,,,,0.18360,0.09820,0.01994,0.97000,-0.00000,-0.00000,0.24311
3508.1037,1,1,15.42,0.60,23.79,0.07551,-0.12914,0.63660,0.70534,0.63872,0.3006,0,1,0.17646,-0.00644,0.08000,0.17661,-0.00635,0.08007,0.33,0.00,0.63872,0.03892,-0.58619,0.52516,1.63082,0.00000,0.16789,0.04193,-0.58552,0.52563,1.63074,-0.00000,-0.17000,16,0.17127,-0.00073,0.08450,0.18360,0.09820,0,0.99952,0.00365,-0.01183,-0.02849,Left,0,377.66,179.67,359.58,162.30,350.97,135.40,353.30,110.04,356.30,87.95,358.56,103.66,357.87,83.83,359.60,78.59,361.95,83.36,376.63,105.71,382.42,81.71,377.20,105.70,373.26,119.75,394.50,111.67,399.48,92.66,391.30,117.28,385.49,131.25,410.44,121.75,413.09,104.64,405.87,121.01,400.39,132.05,-0.00000,-0.02194,-0.03367,-0.04524,-0.05461,-0.00287,-0.02705,-0.04064,-0.04487,-0.00223,-0.03100,-0.03673,-0.02998,-0.00646,-0.03744,-0.03127,-0.01589,-0.01238,-0.03203,-0.02474,-0.01202,-0.00632,0.09021,-0.00525,-0.03015,0.06400,-0.02106,-0.03470,0.03537,-0.02980,-0.03484,0.00366,-0.03787,-0.03123,-0.02596,-0.03854,-0.02806,-0.00257,-0.00047,-0.02775,-0.02491,-0.01370,-0.02764,-0.03274,-0.02980,-0.02869,-0.02530,-0.05739,-0.00454,-0.00319,0.00632,-0.00056,-0.02702,-0.02301,-0.00964,-0.00748,-0.04022,-0.01521,0.00777,-0.02330,0.01880,-0.00021,0.00212,0.01990,-0.01184,-0.02937,0.00916,0.00859,-0.04005,0.00143,0.02471,-0.02606,0.03231,0.01540,-0.00697,0.03625,0.00097,-0.02826,0.02604,0.01407,-0.04463,0.02053,0.02909,-0.03259,0,,,,,0.18360,0.09820,0.01994,0.97000,-0.00000,-0.00000,0.24311
3508.1390,1,1,18.21,0.57,31.46,0.07297,-0.13184,0.63277,0.70694,0.62894,0.2980,0,1,0.17837,-0.00390,0.08000,0.17776,-0.00356,0.07941,0.36,0.00,0.62894,0.01855,-0.56745,0.51601,1.62832,0.00000,0.16787,0.02313,-0.57158,0.51445,1.62785,-0.00000,-0.17000,16,0.17217,0.00193,0.08384,0.18360,0.09820,0,0.99978,0.00366,-0.00838,-0.01885,Left,0,375.82,176.95,357.51,159.75,349.23,132.71,351.95,107.44,353.79,84.84,357.51,100.59,357.03,82.41,357.86,76.02,359.66,78.70,375.24,102.71,380.48,79.16,374.86,104.62,371.53,119.37,392.90,108.53,396.91,90.69,388.86,116.54,384.15,131.19,408.86,118.45,411.20,101.21,403.86,118.14,398.82,129.83,-0.00000,-0.02303,-0.03498,-0.04651,-0.05600,-0.00365,-0.02722,-0.03988,-0.04358,-0.00233,-0.03136,-0.03602,-0.02794,-0.00602,-0.03808,-0.03169,-0.01538,-0.01137,-0.03185,-0.02472,-0.01167,-0.00646,0.09115,-0.00194,-0.03008,0.06506,-0.01783,-0.03444,0.03653,-0.02755,-0.03420,0.00396,-0.03697,-0.03291,-0.02667,-0.03849,-0.02724,-0.00282,-0.00039,-0.02760,-0.02399,-0.01369,-0.02733,-0.03193,-0.02901,-0.02981,-0.02773,-0.05658,-0.00425,-0.00314,0.00634,-0.00085,-0.02667,-0.02436,-0.01088,-0.00554,-0.04011,-0.01511,0.01019,-0.02164,0.01820,-0.00060,0.00161,0.01890,-0.01035,-0.03013,0.00720,0.01101,-0.03999,0.00134,0.02787,-0.02400,0.03133,0.01546,-0.00691,0.03556,0.00133,-0.02898,0.02515,0.01446,-0.04552,0.01961,0.03066,-0.03287,0,,,,,0.18360,0.09820,0.01994,0.97000,-0.00000,0.00000,0.24311
3508.1665,1,1,14.72,0.56,24.53,0.07128,-0.13504,0.63635,0.70777,0.63994,0.2974,0,1,0.17658,-0.00221,0.08000,0.17634,-0.00225,0.07986,0.29,0.00,0.63994,0.00925,-0.58961,0.52913,1.63051,0.00000,0.16793,0.01071,-0.58512,0.52561,1.63038,-0.00000,-0.17000,16,0.17083,0.00318,0.08428,0.18360,0.09820,0,0.99981,0.00361,-0.01239,-0.01459,Left,0,373.37,175.70,355.72,157.57,347.49,130.95,349.92,105.56,352.80,83.17,356.06,99.48,355.72,81.36,355.86,74.30,357.19,76.62,373.59,101.48,378.99,77.54,373.46,101.66,370.19,114.98,391.20,107.28,395.34,89.06,387.25,113.64,382.27,127.45,407.14,117.38,409.52,99.71,402.14,116.29,396.86,128.35,-0.00000,-0.02232,-0.03428,-0.04613,-0.05594,-0.00142,-0.02454,-0.03719,-0.04104,-0.00046,-0.02816,-0.03278,-0.02511,-0.00457,-0.03560,-0.02976,-0.01432,-0.01039,-0.03070,-0.02412,-0.01174,-0.00779,0.09016,-0.01032,-0.03130,0.06329,-0.02480,-0.03505,0.03480,-0.03327,-0.03538,0.00266,-0.03995,-0.03168,-0.02768,-0.04044,-0.02772,-0.00279,-0.00038,-0.02751,-0.02439,-0.01284,-0.02781,-0.03352,-0.02877,-0.03085,-0.02873,-0.05898,-0.00427,-0.00299,0.00681,-0.00041,-0.02776,-0.02220,-0.01058,-0.00793,-0.03935,-0.01551,0.00629,-0.02271,0.01834,-0.00011,0.00190,0.01928,-0.01132,-0.02874,0.00782,0.00892,-0.03915,0.00127,0.02471,-0.02479,0.03172,0.01506,-0.00784,0.03579,0.00057,-0.02859,0.02554,0.01335,-0.04560,0.01995,0.02971,-0.03376,0,,,,,0.18360,0.09820,0.01994,0.97000,0.00000,0.00000,0.24311
3508.2001,1,1,15.72,0.77,29.81,0.06922,-0.13596,0.63412,0.71272,0.63188,0.3339,0,1,0.17770,-0.00015,0.08000,0.17755,0.00024,0.07973,0.27,0.00,0.63188,-0.00877,-0.57395,0.51860,1.62902,0.00000,0.16791,-0.00413,-0.57734,0.51894,1.62916,-0.00000,-0.17000,16,0.17172,0.00559,0.08398,0.18360,0.09820,0,0.99993,0.00361,-0.01002,-0.00585,Left,0,372.42,175.73,354.34,157.55,345.89,130.64,347.55,105.65,349.79,83.45,354.39,99.22,353.63,81.09,354.20,73.27,355.48,76.04,372.08,101.16,377.28,77.33,371.53,101.40,368.28,114.62,389.89,106.83,393.51,88.11,385.50,112.37,380.93,126.14,405.76,116.74,407.58,98.78,400.42,115.05,396.01,127.06,-0.00000,-0.02254,-0.03435,-0.04617,-0.05590,-0.00078,-0.02387,-0.03601,-0.03925,0.00021,-0.02738,-0.03135,-0.02309,-0.00406,-0.03502,-0.02849,-0.01257,-0.01011,-0.03028,-0.02326,-0.01050,-0.00703,0.09036,-0.01508,-0.03056,0.06290,-0.02731,-0.03494,0.03441,-0.03423,-0.03586,0.00303,-0.03785,-0.03267,-0.02737,-0.03713,-0.02776,-0.00255,0.00068,-0.02797,-0.02399,-0.01107,-0.02759,-0.03418,-0.02761,-0.03087,-0.02892,-0.05764,-0.00418,-0.00286,0.00726,-0.00026,-0.02726,-0.02259,-0.01027,-0.00776,-0.04007,-0.01501,0.00674,-0.02257,0.01844,-0.00040,0.00120,0.01838,-0.01203,-0.02940,0.00805,0.00790,-0.04045,0.00163,0.02406,-0.02658,0.03089,0.01415,-0.00979,0.03548,-0.00047,-0.03019,0.02541,0.01217,-0.04629,0.02040,0.02856,-0.03441,0,,,,,0.18360,0.09820,0.01994,0.97000,0.00000,0.00000,0.24311
3508.2342,1,1,16.57,0.90,29.46,0.06798,-0.13835,0.63759,0.70996,0.64107,0.3475,0,1,0.17596,0.00108,0.08000,0.17584,0.00075,0.07974,0.25,0.00,0.64107,-0.01263,-0.59298,0.53231,1.63160,-0.00000,0.16788,-0.01368,-0.59067,0.52957,1.63197,-0.00000,-0.17000,16,0.17020,0.00601,0.08398,0.18360,0.09820,0,0.99991,0.00357,-0.01179,-0.00463,Left,0,372.45,173.98,353.85,157.14,344.50,129.91,345.80,103.70,348.17,80.84,352.64,98.54,352.37,79.74,352.88,72.24,354.52,73.88,370.59,99.82,375.79,75.80,370.67,99.54,367.57,113.85,388.34,104.99,391.95,87.50,384.42,111.76,379.84,125.89,404.53,114.25,406.69,96.83,399.63,113.63,394.59,126.11,-0.00000,-0.02104,-0.03175,-0.04238,-0.05099,-0.00104,-0.02280,-0.03425,-0.03756,-0.00036,-0.02741,-0.03154,-0.02373,-0.00450,-0.03508,-0.02951,-0.01440,-0.01016,-0.03040,-0.02412,-0.01205,-0.00542,0.09087,-0.00882,-0.02979,0.06476,-0.02344,-0.03498,0.03603,-0.03125,-0.03678,0.00328,-0.03695,-0.03378,-0.02766,-0.03706,-0.02813,-0.00187,-0.00075,-0.02840,-0.02346,-0.01279,-0.02824,-0.03315,-0.02791,-0.03067,-0.02907,-0.05858,-0.00425,-0.00290,0.00648,-0.00105,-0.02694,-0.02254,-0.01071,-0.00746,-0.03927,-0.01515,0.00778,-0.02355,0.01865,-0.00082,0.00226,0.01902,-0.01084,-0.02873,0.00797,0.00957,-0.03898,0.00209,0.02556,-0.02432,0.03216,0.01399,-0.00741,0.03589,-0.00051,-0.02773,0.02632,0.01301,-0.04455,0.02108,0.02941,-0.03359,0,,,,,0.18360,0.09820,0.01994,0.97000,0.00000,0.00000,0.24311
3508.2631,1,1,14.72,0.77,24.28,0.06659,-0.14016,0.63781,0.70594,0.63802,0.3160,0,1,0.17585,0.00247,0.08000,0.17562,0.00282,0.07979,0.19,0.00,0.63802,-0.02776,-0.59298,0.53183,1.63326,-0.00000,0.16787,-0.02383,-0.59247,0.53023,1.63303,-0.00000,-0.17000,16,0.16992,0.00791,0.08405,0.18360,0.09820,0,0.99992,0.00357,-0.01168,0.00231,Left,0,371.56,171.66,352.94,155.03,343.53,129.58,345.24,103.99,347.31,81.37,351.34,96.46,350.07,77.88,351.26,70.91,353.94,74.55,369.50,98.14,374.21,74.67,368.91,100.53,366.09,114.11,387.29,103.56,390.96,86.13,383.07,111.06,378.80,124.01,403.53,113.49,405.19,96.39,397.75,113.52,392.85,125.01,-0.00000,-0.02304,-0.03516,-0.04688,-0.05616,-0.00267,-0.02609,-0.03781,-0.04083,-0.00130,-0.02941,-0.03240,-0.02340,-0.00522,-0.03639,-0.02868,-0.01204,-0.01095,-0.03114,-0.02358,-0.01051,-0.00460,0.09027,-0.00451,-0.02891,0.06420,-0.02095,-0.03435,0.03646,-0.02968,-0.03564,0.00464,-0.03759,-0.03364,-0.02694,-0.03963,-0.02811,-0.00223,-0.00061,-0.02900,-0.02424,-0.01271,-0.02796,-0.03317,-0.02870,-0.02961,-0.02715,-0.05919,-0.00427,-0.00275,0.00653,-0.00082,-0.02677,-0.02425,-0.01052,-0.00465,-0.04006,-0.01504,0.00950,-0.01986,0.01870,-0.00083,0.00198,0.01938,-0.01082,-0.02998,0.00819,0.00942,-0.04044,0.00236,0.02440,-0.02403,0.03251,0.01438,-0.00714,0.03600,0.00049,-0.02865,0.02594,0.01393,-0.04542,0.02067,0.03017,-0.03291,0,,,,,0.18360,0.09820,0.01994,0.97000,0.00000,0.00000,0.24311
3508.2953,1,1,15.81,0.66,27.45,0.06602,-0.14154,0.64048,0.70781,0.64315,0.3335,0,1,0.17452,0.00304,0.08000,0.17453,0.00298,0.07990,0.18,0.00,0.64315,-0.02919,-0.60436,0.53913,1.63604,-0.00000,0.16785,-0.02890,-0.60334,0.53836,1.63583,-0.00000,-0.17000,16,0.16889,0.00810,0.08414,0.18360,0.09820,0,0.99991,0.00352,-0.01255,0.00280,Left,0,370.46,172.47,352.31,155.03,343.64,127.99,345.43,102.47,347.01,79.75,352.05,96.54,352.06,77.66,352.04,71.64,352.76,74.21,369.46,98.22,373.93,74.74,368.47,100.29,365.88,113.31,386.98,103.61,390.53,85.24,383.01,110.02,379.30,123.09,403.09,113.33,404.23,95.38,396.93,112.42,392.65,124.54,-0.00000,-0.01961,-0.03016,-0.04104,-0.04990,0.00079,-0.02083,-0.03177,-0.03467,0.00055,-0.02525,-0.02795,-0.01942,-0.00463,-0.03360,-0.02584,-0.00985,-0.01140,-0.02989,-0.02177,-0.00878,-0.00625,0.09095,-0.01099,-0.02995,0.06421,-0.02174,-0.03482,0.03592,-0.02961,-0.03556,0.00292,-0.03492,-0.03328,-0.02852,-0.03581,-0.02746,-0.00271,0.00146,-0.02754,-0.02481,-0.01107,-0.02706,-0.03198,-0.02680,-0.03140,-0.02793,-0.05651,-0.00366,-0.00217,0.00671,-0.00128,-0.02667,-0.02309,-0.01128,-0.00557,-0.03805,-0.01572,0.00945,-0.02092,0.01784,-0.00049,0.00089,0.01921,-0.01168,-0.02952,0.00710,0.00818,-0.03963,0.00298,0.02376,-0.02423,0.03138,0.01433,-0.01014,0.03483,-0.00031,-0.03106,0.02427,0.01354,-0.04716,0.01930,0.03027,-0.03465,0,,,,,0.18360,0.09820,0.01994,0.97000,0.00000,-0.00000,0.24311
3508.3290,1,1,15.76,0.84,29.45,0.06523,-0.14175,0.63896,0.70811,0.63744,0.3273,0,1,0.17528,0.00384,0.08000,0.17501,0.00364,0.07993,0.12,0.00,0.63744,-0.03394,-0.59893,0.53501,1.63539,-0.00001,0.16776,-0.03457,-0.59790,0.53363,1.63504,-0.00000,-0.17000,16,0.16924,0.00857,0.08413,0.18360,0.09820,0,0.99991,0.00345,-0.01221,0.00422,Left,0,370.41,171.93,351.84,154.06,343.42,126.74,345.49,101.23,347.39,78.36,350.92,95.88,350.39,77.19,351.50,70.34,353.26,73.54,368.82,97.88,373.86,74.29,368.66,98.52,365.35,111.90,386.80,103.59,390.58,85.02,382.89,109.27,378.35,122.56,403.17,113.57,404.78,95.73,397.47,112.37,392.75,124.28,-0.00000,-0.01973,-0.03000,-0.04062,-0.04927,0.00126,-0.02102,-0.03300,-0.03632,0.00104,-0.02561,-0.02969,-0.02187,-0.00410,-0.03369,-0.02689,-0.01131,-0.01079,-0.02960,-0.02180,-0.00891,-0.00612,0.08976,-0.01457,-0.03003,0.06268,-0.02532,-0.03441,0.03418,-0.03289,-0.03526,0.00123,-0.03656,-0.03254,-0.02974,-0.03690,-0.02817,-0.00228,0.00119,-0.02858,-0.02494,-0.01126,-0.02828,-0.03360,-0.02820,-0.03042,-0.02823,-0.05750,-0.00420,-0.00238,0.00691,-0.00092,-0.02719,-0.02246,-0.01050,-0.00732,-0.03903,-0.01577,0.00758,-0.02315,0.01851,-0.00016,0.00127,0.01930,-0.01222,-0.02977,0.00800,0.00785,-0.03978,0.00288,0.02356,-0.02637,0.03192,0.01462,-0.01008,0.03598,-0.00076,-0.03048,0.02579,0.01363,-0.04649,0.02043,0.02912,-0.03434,0,,,,,0.18360,0.09820,0.01994,0.97000,0.00000,-0.00000,0.24311
3508.3588,1,1,15.90,0.19,25.23,0.06500,-0.14279,0.64080,0.70876,0.64263,0.3128,0,1,0.17436,0.00407,0.08000,0.17518,0.00379,0.07993,0.93,0.00,0.64263,-0.03495,-0.59741,0.53397,1.63490,-0.00000,0.16775,-0.03457,-0.59790,0.53363,1.63504,-0.00000,-0.17000,16,0.16937,0.00877,0.08410,0.18360,0.09820,0,0.99991,0.00340,-0.01241,0.00465,Left,0,370.19,170.96,351.95,154.14,343.14,127.32,344.94,101.89,347.30,79.64,350.87,95.86,350.37,76.42,351.56,69.59,353.46,72.94,368.73,97.39,373.67,73.16,368.77,96.64,365.34,110.39,386.60,102.88,390.03,84.51,382.78,108.60,378.28,122.41,402.93,112.67,404.65,94.37,397.66,110.51,392.95,122.56,-0.00000,-0.01997,-0.03064,-0.04164,-0.05061,-0.00040,-0.02324,-0.03575,-0.03944,-0.00063,-0.02791,-0.03260,-0.02530,-0.00566,-0.03546,-0.02898,-0.01356,-0.01226,-0.03117,-0.02363,-0.01087,-0.00545,0.08998,-0.00998,-0.02959,0.06384,-0.02242,-0.03456,0.03557,-0.03137,-0.03545,0.00305,-0.03713,-0.03235,-0.02716,-0.03799,-0.02828,-0.00224,0.00054,-0.02832,-0.02452,-0.01158,-0.02784,-0.03348,-0.02778,-0.03001,-0.02828,-0.05766,-0.00417,-0.00270,0.00626,-0.00101,-0.02751,-0.02206,-0.01014,-0.00840,-0.03884,-0.01579,0.00636,-0.02340,0.01809,-0.00060,0.00131,0.01920,-0.01183,-0.02854,0.00822,0.00808,-0.03897,0.00278,0.02365,-0.02516,0.03212,0.01475,-0.00871,0.03601,-0.00075,-0.02871,0.02575,0.01191,-0.04486,0.02094,0.02745,-0.03312,0,,,,,0.18360,0.09820,0.01994,0.97000,-0.00000,-0.00000,0.24311
3508.4088,1,1,16.00,0.59,47.10,0.06437,-0.14210,0.63411,0.70960,0.62743,0.3402,0,1,0.17770,0.00470,0.07931,0.17712,0.00459,0.07924,0.36,0.00,0.62743,-0.04023,-0.57813,0.52525,1.62610,0.00000,0.16773,-0.04024,-0.57857,0.52357,1.62571,-0.00000,-0.17000,16,0.17146,0.00957,0.08347,0.18360,0.09820,0,0.99989,0.00332,-0.01248,0.00697,Left,0,370.31,170.73,351.75,152.40,343.35,125.17,345.27,99.40,347.06,76.42,351.44,94.30,350.82,76.01,351.68,68.84,353.26,71.80,369.27,96.28,373.43,73.01,368.43,97.21,365.23,111.25,387.12,101.99,390.45,83.54,383.29,107.56,378.90,121.72,403.39,112.09,404.89,94.01,397.42,110.26,392.24,122.79,-0.00000,-0.01999,-0.03024,-0.04082,-0.04933,0.00200,-0.01943,-0.03090,-0.03412,0.00200,-0.02439,-0.02859,-0.02089,-0.00295,-0.03253,-0.02606,-0.01065,-0.00948,-0.02880,-0.02168,-0.00919,-0.00636,0.08961,-0.01860,-0.03004,0.06232,-0.02804,-0.03472,0.03369,-0.03490,-0.03526,0.00089,-0.03787,-0.03316,-0.03079,-0.03734,-0.02751,-0.00238,0.00086,-0.02830,-0.02489,-0.01098,-0.02792,-0.03327,-0.02735,-0.03058,-0.02868,-0.05822,-0.00399,-0.00217,0.00703,-0.00116,-0.02691,-0.02207,-0.01116,-0.00714,-0.03860,-0.01621,0.00802,-0.02346,0.01804,-0.00050,0.00132,0.01940,-0.01228,-0.02880,0.00804,0.00725,-0.03952,0.00275,0.02295,-0.02658,0.03141,0.01397,-0.01027,0.03543,-0.00122,-0.03041,0.02494,0.01217,-0.04665,0.01914,0.02855,-0.03532,0,,,,,0.18360,0.09820,0.01994,0.97000,0.00000,-0.00000,0.24311
3508.4423,0,1,18.72,0.00,31.12,0.06458,-0.14349,0.63743,0.71898,0.64075,0.3252,0,1,0.17770,0.00470,0.07931,0.17722,0.00457,0.07926,,,0.64075,-0.04008,-0.57746,0.52464,1.62587,0.00000,0.16765,-0.04024,-0.57857,0.52357,1.62571,-0.00000,-0.17000,16,0.17142,0.00952,0.08335,0.18360,0.09820,0,0.99990,0.00325,-0.01210,0.00646,Left,0,369.83,170.56,350.88,152.26,342.62,124.16,344.90,98.08,347.44,75.03,351.58,94.16,351.16,76.87,351.30,68.33,352.82,69.29,369.22,95.94,374.08,72.04,368.33,96.26,365.15,110.11,386.81,101.44,390.08,82.98,382.15,107.96,377.79,122.29,402.76,111.29,403.91,93.15,396.62,110.12,392.22,122.71,-0.00000,-0.02015,-0.03033,-0.04089,-0.04972,0.00223,-0.01979,-0.03175,-0.03537,0.00214,-0.02547,-0.02986,-0.02179,-0.00294,-0.03395,-0.02751,-0.01140,-0.00956,-0.02970,-0.02259,-0.00971,-0.00709,0.09051,-0.02006,-0.03121,0.06327,-0.02912,-0.03568,0.03365,-0.03566,-0.03595,0.00009,-0.03830,-0.03320,-0.03168,-0.03732,-0.02762,-0.00272,0.00122,-0.02821,-0.02424,-0.01063,-0.02809,-0.03373,-0.02622,-0.03111,-0.03079,-0.05749,-0.00383,-0.00230,0.00722,-0.00141,-0.02738,-0.02132,-0.01145,-0.00788,-0.03761,-0.01679,0.00766,-0.02385,0.01799,-0.00028,0.00098,0.01879,-0.01206,-0.02916,0.00660,0.00789,-0.04013,0.00142,0.02443,-0.02645,0.03112,0.01451,-0.01092,0.03439,-0.00091,-0.03125,0.02432,0.01282,-0.04800,0.01983,0.02891,-0.03630,0,,,,,0.18360,0.09820,0.01994,0.97000,-0.00000,-0.00000,0.24311
3508.4688,0,1,14.02,0.00,22.78,0.06445,-0.14330,0.63400,0.69848,0.63056,0.3539,0,1,0.17770,0.00470,0.07931,0.17744,0.00460,0.07953,,,0.63056,-0.04026,-0.57858,0.52363,1.62569,-0.00000,0.16764,-0.04024,-0.57857,0.52357,1.62571,-0.00000,-0.17000,16,0.17161,0.00956,0.08361,0.18360,0.09820,0,0.99988,0.00325,-0.01342,0.00633,Left,0,371.23,170.12,352.09,152.30,343.02,125.39,344.76,99.87,346.93,77.55,351.95,93.75,353.15,75.83,353.14,68.71,353.28,70.64,369.51,95.46,374.18,72.39,368.67,97.26,365.65,110.81,387.01,100.94,390.75,84.13,383.17,108.48,378.97,121.31,402.97,110.77,404.52,93.31,397.27,110.39,392.80,122.25,-0.00000,-0.01994,-0.03009,-0.04039,-0.04859,0.00126,-0.02038,-0.03154,-0.03461,0.00118,-0.02582,-0.02962,-0.02150,-0.00381,-0.03391,-0.02719,-0.01148,-0.01032,-0.02924,-0.02145,-0.00857,-0.00534,0.09044,-0.00853,-0.02894,0.06437,-0.02021,-0.03430,0.03611,-0.02806,-0.03601,0.00329,-0.03339,-0.03347,-0.02790,-0.03603,-0.02733,-0.00184,0.00064,-0.02649,-0.02354,-0.01107,-0.02614,-0.03264,-0.02675,-0.03091,-0.02947,-0.05747,-0.00406,-0.00245,0.00650,-0.00103,-0.02634,-0.02257,-0.01103,-0.00612,-0.03813,-0.01594,0.00806,-0.02215,0.01749,-0.00086,0.00104,0.01899,-0.01052,-0.02893,0.00769,0.00922,-0.03878,0.00328,0.02404,-0.02418,0.03103,0.01394,-0.00882,0.03511,-0.00025,-0.02988,0.02480,0.01392,-0.04632,0.01990,0.02906,-0.03448,0,,,,,0.18360,0.09820,0.01994,0.97000,-0.00000,-0.00000,0.24311
3508.5030,0,1,15.84,0.00,29.43,0.06486,-0.14256,0.63361,0.70994,0.63322,0.3501,0,1,0.17770,0.00470,0.07931,0.17738,0.00460,0.07945,,,0.63322,-0.04027,-0.57834,0.52402,1.62568,0.00000,0.16764,-0.04024,-0.57857,0.52357,1.62571,-0.00000,-0.17000,16,0.17157,0.00956,0.08354,0.18360,0.09820,0,0.99989,0.00319,-0.01343,0.00603,Left,0,372.19,171.91,352.79,154.40,343.64,126.20,345.40,100.62,347.99,78.29,352.36,95.62,354.05,78.57,354.66,70.42,355.26,70.35,370.10,97.24,375.06,73.74,370.32,96.15,366.65,110.47,387.54,102.55,392.06,84.30,384.90,108.16,379.69,122.98,403.47,112.00,405.60,94.24,398.49,110.82,392.84,123.90,-0.00000,-0.01922,-0.02887,-0.03886,-0.04722,0.00151,-0.02017,-0.03305,-0.03783,0.00082,-0.02680,-0.03304,-0.02693,-0.00447,-0.03526,-0.03069,-0.01634,-0.01114,-0.03142,-0.02526,-0.01337,-0.00593,0.08980,-0.01894,-0.02955,0.06318,-0.02784,-0.03478,0.03440,-0.03425,-0.03626,0.00158,-0.03578,-0.03328,-0.02883,-0.03560,-0.02716,-0.00247,0.00131,-0.02602,-0.02296,-0.01044,-0.02555,-0.03241,-0.02641,-0.02937,-0.03157,-0.05653,-0.00418,-0.00221,0.00726,-0.00121,-0.02759,-0.01983,-0.01024,-0.00974,-0.03827,-0.01586,0.00616,-0.02785,0.01737,-0.00067,0.00098,0.01948,-0.01246,-0.02817,0.00831,0.00712,-0.03940,0.00258,0.02440,-0.02807,0.03077,0.01373,-0.01059,0.03552,-0.00100,-0.03017,0.02526,0.01209,-0.04627,0.01878,0.02902,-0.03584,0,,,,,0.18360,0.09820,0.01994,0.97000,-0.00000,0.00000,0.24311
3508.5363,0,1,18.06,0.00,29.49,0.06601,-0.14203,0.63681,0.69586,0.64000,0.3219,0,1,0.17770,0.00470,0.07931,0.17739,0.00460,0.07947,,,0.64000,-0.04025,-0.57838,0.52393,1.62571,-0.00000,0.16763,-0.04024,-0.57857,0.52357,1.62571,-0.00000,-0.17000,16,0.17157,0.00955,0.08355,0.18360,0.09820,0,0.99988,0.00313,-0.01371,0.00571,Left,0,373.63,173.54,354.48,155.82,345.70,127.70,347.56,102.33,350.34,80.66,353.37,97.23,354.59,79.69,355.58,72.74,356.43,73.52,371.02,98.64,376.77,76.16,372.49,98.36,368.43,113.35,388.43,104.08,394.58,85.42,387.87,108.49,382.47,123.53,404.35,113.81,407.40,96.97,400.33,113.53,394.57,126.61,-0.00000,-0.01776,-0.02655,-0.03577,-0.04338,0.00285,-0.01795,-0.03102,-0.03615,0.00171,-0.02466,-0.03145,-0.02642,-0.00381,-0.03264,-0.02842,-0.01528,-0.01069,-0.02966,-0.02363,-0.01242,-0.00522,0.08991,-0.01060,-0.02899,0.06468,-0.02275,-0.03371,0.03571,-0.03117,-0.03475,0.00301,-0.03551,-0.03218,-0.02712,-0.03768,-0.02751,-0.00224,0.00035,-0.02579,-0.02260,-0.01247,-0.02596,-0.03093,-0.02869,-0.02894,-0.02903,-0.05725,-0.00464,-0.00257,0.00675,-0.00018,-0.02678,-0.02120,-0.00911,-0.00827,-0.03920,-0.01509,0.00801,-0.02805,0.01738,-0.00049,0.00164,0.02119,-0.01246,-0.02737,0.01041,0.00691,-0.03957,0.00484,0.02428,-0.02860,0.03161,0.01419,-0.00789,0.03634,0.00024,-0.02821,0.02645,0.01380,-0.04398,0.02015,0.03072,-0.03394,0,,,,,0.18360,0.09820,0.01994,0.97000,-0.00000,0.00000,0.24311
3508.5658,0,1,14.79,0.00,25.53,0.06716,-0.13778,0.62671,0.69509,0.61662,0.3963,0,1,0.17770,0.00470,0.07931,0.17738,0.00460,0.07946,,,0.61662,-0.04024,-0.57835,0.52395,1.62572,0.00000,0.16762,-0.04024,-0.57857,0.52357,1.62571,-0.00000,-0.17000,16,0.17157,0.00955,0.08354,0.18360,0.09820,0,0.99988,0.00308,-0.01388,0.00545,Left,0,376.81,174.74,357.80,157.47,348.71,130.12,350.80,106.23,352.14,85.13,356.10,99.87,358.12,82.24,360.01,74.67,360.84,77.22,374.26,101.46,381.05,78.96,377.70,99.74,372.93,116.19,391.89,107.00,399.08,89.28,393.32,111.81,387.38,126.77,407.98,116.81,410.83,101.29,405.12,117.99,400.08,129.96,-0.00000,-0.01635,-0.02541,-0.03490,-0.04300,0.00016,-0.02269,-0.03748,-0.04311,-0.00215,-0.03008,-0.03780,-0.03316,-0.00857,-0.03768,-0.03324,-0.02005,-0.01617,-0.03442,-0.02718,-0.01525,-0.00468,0.08865,-0.00240,-0.02837,0.06340,-0.01638,-0.03288,0.03577,-0.02375,-0.03424,0.00422,-0.03086,-0.03344,-0.02450,-0.03242,-0.02662,-0.00138,0.00093,-0.02451,-0.02284,-0.01135,-0.02504,-0.03212,-0.02739,-0.02706,-0.02783,-0.05538,-0.00473,-0.00288,0.00646,-0.00018,-0.02658,-0.02123,-0.00769,-0.00905,-0.03938,-0.01445,0.00790,-0.02939,0.01763,-0.00039,0.00091,0.02112,-0.01132,-0.02764,0.01203,0.00821,-0.03873,0.00596,0.02561,-0.02781,0.03135,0.01448,-0.00768,0.03532,0.00183,-0.02869,0.02733,0.01655,-0.04327,0.02202,0.03216,-0.03156,0,,,,,0.18360,0.09820,0.01994,0.97000,-0.00000,0.00000,0.24311
3508.5969,0,1,15.11,0.00,27.02,0.07003,-0.13167,0.61590,0.68237,0.60508,0.4564,0,1,0.17770,0.00470,0.07931,0.17738,0.00460,0.07946,,,0.60508,-0.04024,-0.57834,0.52396,1.62572,-0.00000,0.16761,-0.04024,-0.57857,0.52357,1.62571,-0.00000,-0.17000,16,0.17157,0.00955,0.08354,0.18360,0.09820,0,0.99988,0.00304,-0.01406,0.00521,Left,0,383.18,178.39,364.83,161.47,354.45,136.88,356.04,113.41,359.79,92.27,360.37,105.41,363.28,88.35,367.39,80.25,370.47,83.37,379.50,106.89,387.64,84.13,386.53,107.23,382.73,125.20,397.41,112.29,405.10,96.35,400.93,120.51,395.23,135.50,413.40,121.94,418.45,107.10,413.98,123.89,408.71,134.78,-0.00000,-0.02061,-0.03213,-0.04306,-0.05210,-0.00438,-0.02828,-0.04307,-0.04855,-0.00526,-0.03529,-0.04227,-0.03611,-0.01062,-0.04195,-0.03595,-0.02079,-0.01745,-0.03656,-0.02820,-0.01508,-0.00127,0.08581,0.00846,-0.02555,0.06106,-0.01169,-0.03101,0.03524,-0.01876,-0.03293,0.00532,-0.02700,-0.03101,-0.02279,-0.03180,-0.02704,-0.00137,-0.00198,-0.02456,-0.02154,-0.01417,-0.02227,-0.03184,-0.03040,-0.02328,-0.02659,-0.05810,-0.00480,-0.00222,0.00570,0.00129,-0.02726,-0.02405,-0.00475,-0.00646,-0.04099,-0.00923,0.01080,-0.02401,0.01736,-0.00117,0.00256,0.02140,-0.00874,-0.02884,0.01430,0.01149,-0.03902,0.00958,0.02886,-0.02278,0.03169,0.01370,-0.00236,0.03779,0.00206,-0.02374,0.03080,0.01619,-0.03911,0.02563,0.03058,-0.02960,0,,,,,0.18360,0.09820,0.01994,0.97000,-0.00000,-0.00000,0.24311
3508.6295,0,1,15.62,0.00,28.84,0.07812,-0.12900,0.63239,0.70220,0.64889,0.4007,0,1,0.17770,0.00470,0.07931,0.17738,0.00460,0.07946,,,0.64889,-0.04024,-0.57834,0.52397,1.62572,-0.00000,0.16759,-0.04024,-0.57857,0.52357,1.62571,-0.00000,-0.17000,16,0.17157,0.00955,0.08354,0.18360,0.09820,0,0.99988,0.00300,-0.01423,0.00498,Left,0,388.43,185.46,369.98,169.02,360.83,142.00,364.34,118.01,370.98,98.43,370.00,112.09,372.93,95.81,377.28,87.04,380.57,88.42,387.49,113.86,396.02,92.58,395.89,112.14,391.58,130.18,403.77,119.63,412.70,105.19,409.29,126.23,403.34,141.68,418.53,129.44,425.53,115.61,421.99,130.89,416.47,142.73,-0.00000,-0.01724,-0.02632,-0.03539,-0.04304,-0.00033,-0.02181,-0.03693,-0.04373,-0.00220,-0.03036,-0.03986,-0.03669,-0.00796,-0.03738,-0.03463,-0.02268,-0.01494,-0.03368,-0.02786,-0.01707,-0.00665,0.08763,-0.00326,-0.02776,0.06130,-0.02081,-0.03382,0.03428,-0.02629,-0.03250,0.00389,-0.03148,-0.02712,-0.02318,-0.03325,-0.02696,-0.00222,-0.00066,-0.02206,-0.02202,-0.01167,-0.01915,-0.03360,-0.02714,-0.01956,-0.03128,-0.05473,-0.00453,-0.00255,0.00638,0.00258,-0.02734,-0.02076,-0.00262,-0.00957,-0.03952,-0.00676,0.00805,-0.02768,0.01699,-0.00096,0.00161,0.02309,-0.00871,-0.02698,0.01601,0.01027,-0.03858,0.01125,0.02733,-0.02657,0.03085,0.01432,-0.00559,0.03867,0.00407,-0.02525,0.03220,0.01592,-0.04039,0.02768,0.03229,-0.03186,0,,,,,0.18360,0.09820,0.01994,0.97000,-0.00000,-0.00000,0.24311
3508.6620,0,1,15.39,0.00,28.34,0.08837,-0.12582,0.65116,0.71876,0.66993,0.3925,0,1,0.17770,0.00470,0.07931,0.17738,0.00460,0.07946,,,0.66993,-0.04024,-0.57833,0.52397,1.62572,-0.00000,0.16758,-0.04024,-0.57857,0.52357,1.62571,-0.00000,-0.17000,16,0.17157,0.00955,0.08353,0.18360,0.09820,0,0.99988,0.00296,-0.01444,0.00471,Left,0,398.14,191.93,380.35,175.20,372.56,150.70,377.81,127.53,383.61,108.13,377.19,119.06,379.77,100.29,386.97,92.48,393.30,97.01,394.86,120.79,402.84,101.53,404.24,119.21,401.72,133.25,411.44,125.88,420.95,113.69,417.50,132.85,411.50,144.49,426.30,135.00,435.52,124.10,430.83,138.22,423.85,146.96,0.00000,-0.02188,-0.03248,-0.04218,-0.04942,-0.00259,-0.02431,-0.03886,-0.04475,-0.00110,-0.02603,-0.03355,-0.03035,-0.00430,-0.03043,-0.02638,-0.01520,-0.00953,-0.02582,-0.01988,-0.00994,-0.00248,0.08850,-0.00103,-0.02481,0.06315,-0.02307,-0.02834,0.03700,-0.03014,-0.02633,0.00742,-0.03643,-0.02127,-0.02048,-0.03862,-0.02789,-0.00186,-0.00424,-0.02218,-0.02411,-0.01306,-0.01665,-0.03667,-0.02953,-0.01386,-0.03026,-0.05983,-0.00553,-0.00353,0.00598,0.00339,-0.02617,-0.02305,-0.00036,-0.00778,-0.04133,-0.00304,0.00486,-0.02455,0.01721,-0.00127,0.00398,0.02443,-0.00736,-0.02686,0.01885,0.01143,-0.03849,0.01341,0.02358,-0.02484,0.03240,0.01407,-0.00157,0.04179,0.00530,-0.02211,0.03567,0.01919,-0.03654,0.02944,0.03128,-0.02771,0,,,,,0.18360,0.09820,0.01994,0.97000,0.00000,-0.00000,0.24311
3508.6940,0,1,15.87,0.00,27.62,0.10121,-0.12205,0.67090,0.72222,0.69064,0.3478,0,1,0.17770,0.00470,0.07931,0.17738,0.00460,0.07946,,,0.69064,-0.04024,-0.57833,0.52397,1.62572,-0.00000,0.16757,-0.04024,-0.57857,0.52357,1.62571,-0.00000,-0.17000,16,0.17157,0.00955,0.08353,0.18360,0.09820,0,0.99988,0.00292,-0.01460,0.00449,Left,0,407.63,197.08,390.14,183.10,382.27,158.01,389.87,135.06,398.08,116.70,388.37,126.00,391.56,104.92,398.88,98.31,404.77,103.19,405.47,127.72,417.38,108.51,418.74,127.26,414.26,140.81,421.35,132.86,433.86,120.45,431.38,139.04,424.34,149.40,434.84,141.74,446.22,132.81,442.89,146.26,435.69,153.58,-0.00000,-0.02324,-0.03647,-0.04823,-0.05755,-0.01199,-0.03652,-0.05244,-0.05926,-0.01084,-0.03863,-0.04673,-0.04424,-0.01391,-0.04056,-0.03594,-0.02519,-0.01912,-0.03502,-0.02843,-0.01857,-0.00521,0.08730,0.01171,-0.02571,0.06212,-0.01256,-0.03010,0.03762,-0.02500,-0.02449,0.00966,-0.03660,-0.01698,-0.01511,-0.04100,-0.02671,-0.00169,-0.00600,-0.02172,-0.02515,-0.01534,-0.01631,-0.03558,-0.02962,-0.01317,-0.02951,-0.05618,-0.00510,-0.00286,0.00488,0.00685,-0.02403,-0.02433,0.00391,-0.00492,-0.03908,-0.00150,0.00849,-0.01925,0.01682,-0.00137,0.00509,0.02703,-0.00593,-0.02438,0.02190,0.01181,-0.03291,0.01557,0.02336,-0.01798,0.03168,0.01433,0.00254,0.04174,0.00761,-0.01687,0.03662,0.01994,-0.02794,0.02957,0.03092,-0.01767,0,,,,,0.18360,0.09820,0.01994,0.97000,0.00000,-0.00000,0.24311
3508.7268,0,1,16.00,0.00,28.97,0.11439,-0.11566,0.68053,0.73891,0.69017,0.2871,0,1,0.17770,0.00470,0.07931,0.17738,0.00460,0.07946,,,0.69017,-0.04024,-0.57833,0.52397,1.62572,-0.00000,0.16755,-0.04024,-0.57857,0.52357,1.62571,-0.00000,-0.17000,16,0.17157,0.00955,0.08353,0.18360,0.09820,0,0.99988,0.00288,-0.01479,0.00424,Left,0,418.18,203.21,402.19,188.46,395.05,164.77,402.84,142.10,411.92,123.26,399.89,132.75,404.14,110.83,413.05,106.78,419.02,115.85,416.66,135.32,430.15,116.25,431.59,136.07,426.25,149.45,432.21,140.61,445.50,129.35,442.32,148.10,433.87,158.61,445.25,149.36,457.55,139.92,454.05,153.41,445.52,161.69,0.00000,-0.02723,-0.04314,-0.05729,-0.06843,-0.01435,-0.04116,-0.05740,-0.06327,-0.01105,-0.04012,-0.04805,-0.04474,-0.01262,-0.04194,-0.03840,-0.02730,-0.01645,-0.03442,-0.02854,-0.01843,-0.00717,0.08746,0.00497,-0.02563,0.06068,-0.02021,-0.02847,0.03592,-0.03222,-0.02296,0.00930,-0.04186,-0.01365,-0.01687,-0.04340,-0.02597,-0.00305,-0.00700,-0.01990,-0.02623,-0.01636,-0.01268,-0.03491,-0.03148,-0.00981,-0.02379,-0.05875,-0.00504,-0.00304,0.00478,0.00906,-0.02360,-0.02537,0.00648,-0.00288,-0.04302,0.00034,0.01003,-0.02278,0.01630,-0.00102,0.00577,0.02720,-0.00483,-0.02616,0.02233,0.01401,-0.03623,0.01316,0.02528,-0.02088,0.03082,0.01422,0.00268,0.04174,0.00799,-0.01709,0.03665,0.02078,-0.03014,0.02825,0.03334,-0.02133,0,,,,,0.18360,0.09820,0.01994,0.97000,-0.00000,-0.00000,0.24311
3508.7628,0,1,19.69,0.00,33.03,0.13027,-0.10940,0.69758,0.73023,0.71463,0.2963,0,1,0.17770,0.00470,0.07931,0.17738,0.00460,0.07946,,,0.71463,-0.04024,-0.57833,0.52397,1.62572,-0.00000,0.16754,-0.04024,-0.57857,0.52357,1.62571,-0.00000,-0.17000,16,0.17157,0.00955,0.08353,0.18360,0.09820,0,0.99988,0.00284,-0.01497,0.00400,Left,0,428.41,211.79,414.34,198.46,408.75,171.85,416.64,146.45,426.27,125.49,412.46,140.31,419.40,113.89,431.07,120.56,435.98,133.79,428.39,143.00,445.27,125.36,447.94,146.28,440.91,158.88,442.76,148.44,458.53,136.71,456.69,155.46,447.93,164.81,454.74,156.50,467.56,147.79,465.49,161.16,457.37,168.56,-0.00000,-0.03468,-0.05195,-0.06566,-0.07501,-0.02048,-0.05233,-0.07229,-0.07991,-0.01278,-0.04491,-0.05628,-0.05602,-0.01077,-0.04138,-0.03978,-0.03047,-0.01167,-0.03012,-0.02570,-0.01675,-0.00958,0.08748,-0.00032,-0.02516,0.06309,-0.02762,-0.02565,0.03531,-0.03883,-0.01999,0.00677,-0.04825,-0.01131,-0.01964,-0.04444,-0.02348,-0.00280,-0.01205,-0.01545,-0.02598,-0.02659,-0.00627,-0.02452,-0.04097,-0.00415,-0.01041,-0.05720,-0.00517,-0.00292,0.00454,0.01277,-0.01984,-0.02803,0.01247,0.00176,-0.04443,0.00415,0.01411,-0.02706,0.01538,-0.00093,0.00872,0.02943,-0.00408,-0.02327,0.02487,0.01455,-0.03397,0.01643,0.02451,-0.02058,0.02883,0.01287,0.00858,0.03819,0.00737,-0.01233,0.03616,0.02271,-0.02615,0.02766,0.03403,-0.01877,0,,,,,0.18360,0.09820,0.01994,0.97000,0.00000,-0.00000,0.24311
3508.7897,0,1,15.02,0.00,21.91,0.14356,-0.10068,0.69181,0.69785,0.68603,0.5072,0,1,0.17770,0.00470,0.07931,0.17738,0.00460,0.07946,,,0.68603,-0.04024,-0.57833,0.52397,1.62572,-0.00000,0.16753,-0.04024,-0.57857,0.52357,1.62571,-0.00000,-0.17000,16,0.17157,0.00955,0.08353,0.18360,0.09820,0,0.99987,0.00281,-0.01509,0.00383,Left,0,437.07,220.18,424.97,204.00,420.73,176.33,430.02,150.89,440.68,130.70,427.33,142.86,434.30,120.87,437.87,141.35,437.94,156.41,443.54,147.03,456.30,131.81,453.69,155.21,446.93,164.07,457.43,154.35,469.15,145.37,463.50,165.94,455.49,172.29,468.27,164.09,476.62,156.56,472.11,171.52,465.53,176.79,-0.00000,-0.03880,-0.05619,-0.06909,-0.07669,-0.02012,-0.05368,-0.07383,-0.08142,-0.01010,-0.04100,-0.05163,-0.05162,-0.00667,-0.03698,-0.03502,-0.02579,-0.00635,-0.02266,-0.01735,-0.00828,-0.01459,0.08577,0.02349,-0.02862,0.06142,-0.01079,-0.02739,0.03404,-0.02590,-0.02123,0.00609,-0.04147,-0.01016,-0.01785,-0.04135,-0.02258,-0.00443,-0.01216,-0.01512,-0.02029,-0.03434,-0.01311,-0.00974,-0.04352,-0.01717,0.01023,-0.04252,-0.00402,-0.00395,0.00378,0.00661,-0.01657,-0.03047,0.00164,0.00600,-0.04257,-0.00537,0.01570,-0.02119,0.01370,0.00123,0.00877,0.02188,0.00030,-0.02288,0.01538,0.02075,-0.02933,0.00825,0.02956,-0.01168,0.02508,0.01680,0.01101,0.02978,0.01208,-0.01073,0.02531,0.02894,-0.02211,0.01948,0.03693,-0.01288,0,,,,,0.18360,0.09820,0.01994,0.97000,0.00000,0.00000,0.24311
3508.8405,0,1,17.27,0.00,46.31,0.15859,-0.09289,0.69442,0.69703,0.71146,0.5110,0,1,0.17770,0.00470,0.07931,0.17738,0.00460,0.07946,,,0.69703,-0.04024,-0.57833,0.52397,1.62572,-0.00000,0.16751,-0.04024,-0.57857,0.52357,1.62571,-0.00000,-0.17000,16,0.17157,0.00955,0.08353,0.18360,0.09820,0,0.99987,0.00275,-0.01533,0.00350,Left,0,444.82,228.70,434.49,210.01,432.59,181.16,443.65,155.54,457.13,137.48,438.94,148.34,448.97,128.08,450.67,150.00,449.46,162.81,455.55,152.73,469.59,139.03,465.76,162.17,458.98,167.88,470.03,160.66,482.66,151.23,476.46,171.39,468.13,176.43,480.90,171.23,490.64,162.63,485.33,177.24,477.64,182.39,-0.00000,-0.03685,-0.05256,-0.06438,-0.07023,-0.01340,-0.04594,-0.06448,-0.07099,-0.00413,-0.03308,-0.04155,-0.04034,-0.00192,-0.03145,-0.02818,-0.01821,-0.00280,-0.01862,-0.01295,-0.00366,-0.01934,0.08917,0.02157,-0.03387,0.06259,-0.01304,-0.03022,0.03471,-0.03033,-0.02050,0.00436,-0.04792,-0.00601,-0.01791,-0.04742,-0.02347,-0.00526,-0.01349,-0.01383,-0.02111,-0.03868,-0.01260,-0.00790,-0.04615,-0.01714,0.00987,-0.03809,-0.00411,-0.00451,0.00424,0.00889,-0.01675,-0.03225,0.00320,0.00617,-0.04221,-0.00501,0.01446,-0.01875,0.01585,0.00225,0.00958,0.02561,-0.00074,-0.02331,0.01717,0.01894,-0.02992,0.00881,0.02795,-0.00995,0.02653,0.01858,0.01288,0.03277,0.01296,-0.00978,0.02774,0.02871,-0.02342,0.02013,0.03685,-0.01261,0,,,,,0.18360,0.09820,0.01994,0.97000,0.00000,0.00000,0.24311
3508.8708,0,1,16.58,0.00,26.29,0.17487,-0.08465,0.69927,0.72068,0.70413,0.5892,0,1,0.17770,0.00470,0.07931,0.17738,0.00460,0.07946,,,0.70413,-0.04024,-0.57833,0.52397,1.62572,-0.00000,0.16749,-0.04024,-0.57857,0.52357,1.62571,-0.00000,-0.17000,16,0.17157,0.00955,0.08353,0.18360,0.09820,0,0.99987,0.00271,-0.01548,0.00328,Left,0,455.01,231.77,444.10,212.43,442.81,186.34,454.32,162.42,467.09,144.36,451.63,159.16,462.52,133.07,462.54,153.25,460.38,168.29,469.16,162.41,481.34,140.98,477.38,160.77,471.59,170.71,483.18,168.85,492.70,152.03,487.14,168.95,480.52,177.04,493.34,177.05,499.34,161.86,495.82,172.90,491.06,179.09,-0.00000,-0.03189,-0.04819,-0.06060,-0.06771,-0.02256,-0.05004,-0.06524,-0.07066,-0.01445,-0.03698,-0.04288,-0.04215,-0.01133,-0.03271,-0.02767,-0.01904,-0.01082,-0.02078,-0.01373,-0.00541,-0.02100,0.08031,0.03593,-0.03593,0.05553,0.00348,-0.03092,0.02878,-0.01211,-0.02181,-0.00040,-0.03216,-0.00749,-0.02088,-0.03753,-0.02295,-0.00541,-0.01036,-0.01221,-0.02309,-0.02628,-0.01178,-0.01447,-0.02686,-0.01834,0.00595,-0.01974,-0.00340,-0.00363,0.00251,0.00705,-0.02315,-0.02189,0.00258,-0.00430,-0.02533,-0.00491,0.00758,-0.00765,0.01388,0.00238,0.00718,0.02227,-0.00752,-0.01527,0.01567,0.00769,-0.01479,0.00865,0.01969,0.00229,0.02504,0.01672,0.01270,0.02940,0.00566,-0.00101,0.02590,0.01469,-0.00858,0.02013,0.02274,-0.00030,0,,,,,0.18360,0.09820,0.01994,0.97000,0.00000,0.00000,0.24311
3508.9058,0,1,19.17,0.00,30.91,0.19436,-0.08038,0.72648,0.75368,0.76206,0.3517,0,1,0.17770,0.00470,0.07931,0.17738,0.00460,0.07946,,,0.75368,-0.04024,-0.57833,0.52397,1.62572,-0.00000,0.16748,-0.04024,-0.57857,0.52357,1.62571,-0.00000,-0.17000,16,0.17157,0.00955,0.08353,0.18360,0.09820,0,0.99987,0.00268,-0.01561,0.00309,Left,0,463.31,238.01,455.52,219.86,455.53,193.29,468.73,170.71,481.51,152.64,458.61,159.96,473.77,137.79,476.65,156.73,473.83,169.70,475.08,165.05,494.13,150.79,490.52,173.37,481.99,180.78,489.33,173.30,505.15,163.77,498.78,183.41,489.40,188.97,500.01,183.85,512.49,175.39,506.91,188.87,498.15,193.73,-0.00000,-0.03366,-0.04847,-0.05991,-0.06579,-0.01414,-0.04391,-0.06112,-0.06710,-0.00601,-0.03471,-0.04440,-0.04373,-0.00392,-0.03245,-0.03068,-0.02156,-0.00449,-0.02039,-0.01562,-0.00692,-0.02145,0.09130,0.02665,-0.03508,0.06408,-0.01244,-0.02760,0.03773,-0.03262,-0.01602,0.00716,-0.05236,-0.00173,-0.01546,-0.05191,-0.02335,-0.00600,-0.01617,-0.01038,-0.02420,-0.03813,-0.00615,-0.01390,-0.04838,-0.01370,0.00381,-0.04744,-0.00438,-0.00490,0.00314,0.01324,-0.01824,-0.03215,0.00819,0.00633,-0.04491,-0.00302,0.01567,-0.01968,0.01647,0.00209,0.01150,0.02830,-0.00039,-0.02317,0.02079,0.01971,-0.03107,0.00979,0.02956,-0.01004,0.02763,0.02001,0.01613,0.03567,0.01446,-0.00563,0.03060,0.02930,-0.02167,0.02123,0.03716,-0.01195,0,,,,,0.18360,0.09820,0.01994,0.97000,-0.00000,0.00000,0.24311
3508.9396,0,1,20.69,0.00,29.48,0.20846,-0.07474,0.73558,0.74468,0.74756,0.4276,0,1,0.17770,0.00470,0.07931,0.17738,0.00460,0.07946,,,0.74468,-0.04024,-0.57833,0.52397,1.62572,-0.00000,0.16747,-0.04024,-0.57857,0.52357,1.62571,-0.00000,-0.17000,16,0.17157,0.00955,0.08353,0.18360,0.09820,0,0.99987,0.00264,-0.01576,0.00288,Left,0,470.17,240.70,462.91,220.19,463.96,194.56,478.52,173.50,491.11,156.51,467.69,163.43,483.93,142.70,482.60,160.63,476.84,174.23,484.11,169.82,502.10,151.55,497.98,172.19,490.34,182.27,497.92,178.88,513.44,165.63,507.82,183.58,499.14,192.34,508.38,190.05,520.16,177.85,516.19,189.37,508.79,196.10,-0.00000,-0.03132,-0.04551,-0.05700,-0.06375,-0.01121,-0.03759,-0.05496,-0.06209,-0.00411,-0.02865,-0.03979,-0.04141,-0.00249,-0.02692,-0.02744,-0.02096,-0.00339,-0.01632,-0.01230,-0.00521,-0.02485,0.08975,0.01244,-0.03832,0.06133,-0.02060,-0.03043,0.03445,-0.03806,-0.01533,0.00425,-0.05140,-0.00081,-0.01738,-0.04760,-0.02463,-0.00734,-0.01373,-0.01025,-0.02586,-0.03458,-0.00851,-0.01499,-0.04703,-0.01955,0.00345,-0.04884,-0.00421,-0.00476,0.00453,0.01344,-0.02275,-0.03006,0.00788,-0.00087,-0.04850,-0.00399,0.01277,-0.03150,0.01652,0.00348,0.01001,0.02901,-0.00337,-0.02283,0.02121,0.01461,-0.03776,0.01108,0.02781,-0.02386,0.02816,0.02187,0.01199,0.03662,0.01153,-0.00869,0.03180,0.02339,-0.02842,0.02219,0.03442,-0.02382,0,,,,,0.18360,0.09820,0.01994,0.97000,-0.00000,0.00000,0.24311
3508.9655,0,1,15.57,0.00,21.48,0.21782,-0.06935,0.73689,0.73820,0.76161,0.4457,0,1,0.17770,0.00470,0.07931,0.17738,0.00460,0.07946,,,0.73820,-0.04024,-0.57833,0.52397,1.62572,-0.00000,0.16746,-0.04024,-0.57857,0.52357,1.62571,-0.00000,-0.17000,16,0.17157,0.00955,0.08353,0.18360,0.09820,0,0.99987,0.00261,-0.01588,0.00270,Left,0,473.88,242.91,468.27,223.00,470.43,199.31,485.00,179.01,497.66,162.02,473.28,166.46,491.21,147.70,490.83,165.55,484.66,179.67,489.70,173.54,508.59,157.22,504.37,180.16,495.67,193.08,503.25,182.85,518.94,170.85,512.39,190.58,502.25,201.99,512.71,194.14,524.55,183.24,519.78,196.66,511.19,205.63,-0.00000,-0.03519,-0.05128,-0.06394,-0.07206,-0.01416,-0.04219,-0.06147,-0.06953,-0.00521,-0.03350,-0.04723,-0.04923,-0.00186,-0.02999,-0.03235,-0.02552,-0.00112,-0.01793,-0.01551,-0.00825,-0.02623,0.08674,0.01834,-0.03917,0.06080,-0.01630,-0.02867,0.03440,-0.03563,-0.01380,0.00532,-0.05113,0.00156,-0.01555,-0.05263,-0.02470,-0.00798,-0.01456,-0.00881,-0.02285,-0.03631,-0.00556,-0.01217,-0.04889,-0.01786,0.00649,-0.04986,-0.00438,-0.00433,0.00385,0.01448,-0.02013,-0.02985,0.00972,0.00365,-0.04782,-0.00428,0.01836,-0.02871,0.01620,0.00319,0.01075,0.02903,-0.00220,-0.02334,0.02207,0.01848,-0.03482,0.01014,0.03369,-0.01838,0.02663,0.02148,0.01507,0.03658,0.01229,-0.00741,0.03053,0.02639,-0.02866,0.01947,0.04002,-0.02103,0,,,,,0.18360,0.09820,0.01994,0.97000,-0.00000,0.00000,0.24311
3508.9989,0,1,16.62,0.00,28.84,0.22589,-0.06561,0.74175,0.74661,0.74668,0.5209,0,1,0.17770,0.00470,0.07931,0.17738,0.00460,0.07946,,,0.74661,-0.04024,-0.57833,0.52397,1.62572,-0.00000,0.16745,-0.04024,-0.57857,0.52357,1.62571,-0.00000,-0.17000,16,0.17157,0.00955,0.08353,0.18360,0.09820,0,0.99987,0.00257,-0.01599,0.00253,Left,0,473.96,244.31,469.13,223.38,473.72,199.25,489.49,178.68,502.62,161.26,476.82,168.56,495.18,149.59,492.58,167.13,486.03,179.97,493.17,175.89,512.27,160.48,504.26,181.96,494.26,192.06,506.98,185.25,522.55,173.53,512.45,192.32,501.42,201.46,517.46,196.33,529.82,185.62,522.22,197.69,512.62,204.48,-0.00000,-0.03374,-0.04846,-0.06039,-0.06733,-0.00960,-0.03812,-0.05690,-0.06449,-0.00150,-0.03046,-0.04340,-0.04477,0.00051,-0.02790,-0.02914,-0.02158,-0.00018,-0.01623,-0.01337,-0.00597,-0.03249,0.08703,0.00211,-0.04416,0.05887,-0.02956,-0.03182,0.03128,-0.04459,-0.01398,0.00156,-0.05624,0.00163,-0.02143,-0.05198,-0.02506,-0.00983,-0.01363,-0.00897,-0.02457,-0.03515,-0.00923,-0.01505,-0.04722,-0.02255,0.00318,-0.05030,-0.00418,-0.00438,0.00456,0.01294,-0.02019,-0.02903,0.00429,0.00200,-0.04722,-0.01063,0.01351,-0.02969,0.01647,0.00433,0.01028,0.02832,-0.00147,-0.02359,0.01725,0.01765,-0.03682,0.00392,0.03018,-0.01936,0.02733,0.02205,0.01160,0.03681,0.01359,-0.01155,0.02921,0.02621,-0.03213,0.01677,0.03855,-0.02445,0,,,,,0.18360,0.09820,0.01994,0.97000,0.00000,-0.00000,0.24311
3509.0348,0,1,20.51,0.00,31.95,0.22566,-0.06161,0.73207,0.78529,0.72239,0.5183,0,1,0.17770,0.00470,0.07931,0.17738,0.00460,0.07946,,,0.72239,-0.04024,-0.57833,0.52397,1.62572,-0.00000,0.16744,-0.04024,-0.57857,0.52357,1.62571,-0.00000,-0.17000,16,0.17157,0.00955,0.08353,0.18360,0.09820,0,0.99986,0.00254,-0.01612,0.00233,Left,0,473.40,245.87,468.97,223.78,474.94,198.88,491.66,178.08,504.66,159.91,476.26,170.07,494.80,149.36,494.63,165.23,489.88,177.27,492.27,177.90,511.77,162.58,504.41,183.34,494.78,192.49,506.15,187.34,523.04,175.13,513.16,193.27,502.45,201.96,516.78,197.81,531.28,186.06,524.28,197.53,515.24,204.62,-0.00000,-0.03253,-0.04443,-0.05413,-0.05871,-0.00254,-0.02987,-0.04789,-0.05442,0.00599,-0.02334,-0.03732,-0.03871,0.00809,-0.02095,-0.02386,-0.01660,0.00759,-0.00840,-0.00661,0.00045,-0.03318,0.08735,-0.02266,-0.04341,0.05769,-0.04717,-0.02829,0.02802,-0.05716,-0.00877,-0.00101,-0.05896,0.00696,-0.02597,-0.05028,-0.02502,-0.01050,-0.01234,-0.00852,-0.02733,-0.03008,-0.00496,-0.01931,-0.04387,-0.01685,-0.00302,-0.05291,-0.00439,-0.00378,0.00660,0.01541,-0.02083,-0.02564,0.00649,0.00051,-0.04615,-0.00783,0.01190,-0.03037,0.01654,0.00422,0.00967,0.03022,-0.00346,-0.02199,0.02040,0.01592,-0.03687,0.00647,0.02864,-0.02183,0.02712,0.02101,0.00731,0.03930,0.01130,-0.01407,0.03328,0.02192,-0.03443,0.02110,0.03504,-0.02507,0,,,,,0.18360,0.09820,0.01994,0.97000,0.00000,-0.00000,0.24311
3509.0616,0,1,15.86,0.00,21.75,0.22619,-0.06031,0.73112,0.75088,0.73018,0.5198,0,1,0.17770,0.00470,0.07931,0.17738,0.00460,0.07946,,,0.73018,-0.04024,-0.57833,0.52397,1.62572,-0.00000,0.16743,-0.04024,-0.57857,0.52357,1.62571,-0.00000,-0.17000,16,0.17157,0.00955,0.08352,0.18360,0.09820,0,0.99986,0.00250,-0.01623,0.00217,Left,0,472.37,244.81,467.87,223.23,472.69,198.83,489.10,178.16,502.25,160.38,475.07,169.66,493.94,149.69,492.47,166.94,486.65,179.08,491.57,177.20,510.15,162.31,502.56,184.11,493.20,193.69,505.59,186.75,520.98,174.61,511.69,193.06,502.25,201.81,515.91,197.63,527.34,187.62,520.41,199.96,512.84,207.11,-0.00000,-0.03110,-0.04386,-0.05400,-0.05923,-0.00910,-0.03538,-0.05143,-0.05710,-0.00112,-0.02800,-0.03846,-0.03836,0.00117,-0.02521,-0.02481,-0.01660,0.00096,-0.01414,-0.01095,-0.00343,-0.03223,0.08633,0.00447,-0.04404,0.05958,-0.02458,-0.03014,0.03011,-0.03929,-0.01144,0.00046,-0.04997,0.00417,-0.02404,-0.04678,-0.02472,-0.01056,-0.01206,-0.00910,-0.02539,-0.03230,-0.00696,-0.01569,-0.04385,-0.01918,0.00050,-0.04799,-0.00448,-0.00474,0.00515,0.01368,-0.01992,-0.02841,0.00438,0.00231,-0.04496,-0.00861,0.01381,-0.02623,0.01680,0.00450,0.00894,0.02866,-0.00278,-0.02345,0.01849,0.01656,-0.03501,0.00623,0.02935,-0.01896,0.02666,0.02289,0.01017,0.03608,0.01457,-0.01298,0.02923,0.02600,-0.03278,0.01864,0.03908,-0.02282,0,,,,,0.18360,0.09820,0.01994,0.97000,-0.00000,-0.00000,0.24311
3509.0948,0,1,16.63,0.00,27.95,0.22674,-0.06151,0.73712,0.75400,0.74311,0.5192,0,1,0.17770,0.00470,0.07931,0.17738,0.00460,0.07946,,,0.74311,-0.04024,-0.57833,0.52397,1.62572,-0.00000,0.16742,-0.04024,-0.57857,0.52357,1.62571,-0.00000,-0.17000,16,0.17158,0.00955,0.08352,0.18360,0.09820,0,0.99986,0.00247,-0.01633,0.00201,Left,0,470.72,243.58,465.17,222.55,469.45,197.66,485.39,177.36,499.23,160.81,472.83,167.45,492.34,149.09,489.59,167.15,482.65,179.58,488.82,175.04,508.40,158.29,500.82,180.24,491.29,190.95,502.57,184.48,518.94,171.85,509.38,190.17,498.87,199.30,512.69,195.58,525.64,184.85,518.13,196.87,508.98,203.94,-0.00000,-0.02912,-0.04113,-0.05092,-0.05587,-0.00636,-0.03193,-0.04827,-0.05428,0.00033,-0.02563,-0.03627,-0.03622,0.00150,-0.02321,-0.02295,-0.01506,0.00021,-0.01313,-0.00950,-0.00209,-0.03186,0.08761,0.00882,-0.04436,0.06071,-0.02004,-0.03201,0.03236,-0.03582,-0.01313,0.00171,-0.04842,0.00416,-0.02020,-0.04608,-0.02446,-0.01060,-0.01144,-0.00804,-0.02491,-0.03275,-0.00715,-0.01302,-0.04346,-0.01985,0.00377,-0.04483,-0.00424,-0.00473,0.00532,0.01429,-0.02158,-0.02930,0.00575,0.00047,-0.04647,-0.00830,0.01478,-0.02951,0.01663,0.00488,0.00856,0.02936,-0.00334,-0.02388,0.01898,0.01525,-0.03712,0.00525,0.02935,-0.02148,0.02678,0.02400,0.00988,0.03762,0.01489,-0.01248,0.02982,0.02476,-0.03265,0.01720,0.03766,-0.02496,0,,,,,0.18360,0.09820,0.01994,0.97000,-0.00000,-0.00000,0.24311
3509.1266,0,1,15.13,0.00,27.59,0.22735,-0.06418,0.74527,0.75597,0.75343,0.5400,0,1,0.17770,0.00470,0.07931,0.17738,0.00460,0.07946,,,0.75343,-0.04024,-0.57833,0.52397,1.62572,-0.00000,0.16741,-0.04024,-0.57857,0.52357,1.62571,-0.00000,-0.17000,16,0.17158,0.00955,0.08352,0.18360,0.09820,0,0.99986,0.00244,-0.01645,0.00182,Left,0,468.76,240.58,462.87,219.83,466.93,194.73,482.77,174.51,496.44,158.22,470.98,165.31,489.35,147.02,485.41,165.17,478.52,176.52,486.91,172.94,506.22,157.55,497.33,179.82,488.21,188.12,500.65,182.24,516.90,171.15,506.03,190.03,495.94,196.86,511.17,193.06,524.15,183.38,515.88,196.21,507.12,201.87,-0.00000,-0.03080,-0.04328,-0.05330,-0.05815,-0.00693,-0.03459,-0.05125,-0.05706,0.00015,-0.02808,-0.03830,-0.03742,0.00118,-0.02629,-0.02538,-0.01641,-0.00032,-0.01478,-0.01052,-0.00235,-0.03201,0.08669,0.00467,-0.04463,0.05990,-0.02541,-0.03285,0.03090,-0.04141,-0.01451,0.00064,-0.05387,0.00323,-0.02122,-0.05169,-0.02499,-0.01083,-0.01259,-0.00974,-0.02466,-0.03406,-0.00969,-0.01388,-0.04518,-0.02356,0.00206,-0.04658,-0.00423,-0.00469,0.00543,0.01373,-0.02038,-0.02960,0.00345,0.00165,-0.04647,-0.00961,0.01350,-0.02643,0.01716,0.00477,0.00951,0.02861,-0.00222,-0.02487,0.01726,0.01767,-0.03662,0.00379,0.02930,-0.01821,0.02711,0.02339,0.01027,0.03767,0.01516,-0.01288,0.02881,0.02630,-0.03207,0.01653,0.03754,-0.02152,0,,,,,0.18360,0.09820,0.01994,0.97000,0.00000,-0.00000,0.24311
3509.1621,0,1,19.79,0.00,30.83,0.22503,-0.06696,0.74862,0.76969,0.75196,0.5211,0,1,0.17770,0.00470,0.07931,0.17738,0.00460,0.07946,,,0.75196,-0.04024,-0.57833,0.52397,1.62572,-0.00000,0.16740,-0.04024,-0.57857,0.52357,1.62571,-0.00000,-0.17000,16,0.17158,0.00955,0.08352,0.18360,0.09820,0,0.99986,0.00240,-0.01656,0.00165,Left,0,465.69,239.37,458.63,219.32,461.83,194.55,477.43,173.48,490.57,156.64,466.94,163.48,485.40,146.00,481.79,163.88,475.17,175.43,483.43,170.29,501.88,153.90,494.14,176.28,485.86,185.74,497.17,179.36,512.19,167.50,502.51,186.37,493.24,194.00,507.56,190.43,519.53,179.75,512.00,191.67,503.62,197.33,-0.00000,-0.02851,-0.04018,-0.04948,-0.05372,-0.00732,-0.03269,-0.04773,-0.05298,-0.00112,-0.02671,-0.03530,-0.03381,-0.00043,-0.02568,-0.02389,-0.01484,-0.00206,-0.01562,-0.01111,-0.00298,-0.03089,0.08831,0.02323,-0.04400,0.06270,-0.01031,-0.03421,0.03526,-0.02954,-0.01609,0.00306,-0.04939,0.00050,-0.02015,-0.05132,-0.02487,-0.00962,-0.01237,-0.00926,-0.02293,-0.03580,-0.00980,-0.01179,-0.04478,-0.02208,0.00416,-0.04201,-0.00408,-0.00509,0.00405,0.01305,-0.02126,-0.03011,0.00481,0.00093,-0.04596,-0.00792,0.01358,-0.02654,0.01673,0.00384,0.00886,0.02847,-0.00314,-0.02445,0.01746,0.01563,-0.03589,0.00506,0.02863,-0.01733,0.02665,0.02361,0.01246,0.03691,0.01412,-0.00989,0.02890,0.02369,-0.02970,0.01717,0.03554,-0.01897,0,,,,,0.18360,0.09820,0.01994,0.97000,0.00000,-0.00000,0.24311
3509.1907,0,1,15.23,0.00,24.58,0.21788,-0.06825,0.73756,0.76621,0.72650,0.5432,0,1,0.17770,0.00470,0.07931,0.17738,0.00460,0.07946,,,0.72650,-0.04024,-0.57833,0.52397,1.62572,-0.00000,0.16739,-0.04024,-0.57857,0.52357,1.62571,-0.00000,-0.17000,16,0.17158,0.00955,0.08352,0.18360,0.09820,0,0.99986,0.00237,-0.01663,0.00152,Left,0,463.27,237.84,456.53,217.87,458.94,193.16,473.92,171.38,487.46,154.29,463.27,161.95,480.40,143.15,477.79,161.77,472.05,174.08,479.47,168.79,496.77,153.73,489.97,176.10,481.90,184.65,493.58,177.78,508.42,166.65,499.35,185.77,490.03,193.18,504.23,188.38,516.43,177.67,510.13,190.24,502.62,196.46,-0.00000,-0.02980,-0.04227,-0.05258,-0.05763,-0.00611,-0.03336,-0.04953,-0.05488,0.00056,-0.02632,-0.03574,-0.03464,0.00123,-0.02525,-0.02344,-0.01403,-0.00060,-0.01461,-0.00987,-0.00123,-0.02903,0.08976,0.01048,-0.04241,0.06259,-0.01851,-0.03306,0.03454,-0.03405,-0.01519,0.00272,-0.04902,0.00108,-0.02071,-0.04778,-0.02504,-0.00928,-0.01012,-0.01069,-0.02435,-0.03288,-0.01012,-0.01251,-0.04375,-0.02095,0.00577,-0.04350,-0.00419,-0.00496,0.00536,0.01229,-0.02037,-0.02975,0.00402,0.00294,-0.04610,-0.00781,0.01536,-0.02702,0.01721,0.00414,0.00766,0.02833,-0.00292,-0.02558,0.01809,0.01684,-0.03733,0.00622,0.02987,-0.02061,0.02710,0.02283,0.00811,0.03764,0.01339,-0.01459,0.03138,0.02464,-0.03291,0.02102,0.03619,-0.02317,0,,,,,0.18360,0.09820,0.01994,0.97000,-0.00000,-0.00000,0.24311
3509.2235,0,1,16.19,0.00,29.76,0.21015,-0.07052,0.72404,0.77403,0.71052,0.5485,0,1,0.17770,0.00470,0.07931,0.17738,0.00460,0.07946,,,0.71052,-0.04024,-0.57833,0.52397,1.62572,-0.00000,0.16738,-0.04024,-0.57857,0.52357,1.62571,-0.00000,-0.17000,16,0.17158,0.00955,0.08352,0.18360,0.09820,0,0.99986,0.00234,-0.01674,0.00135,Left,0,460.08,235.26,452.51,217.08,454.26,192.72,468.91,171.41,482.15,154.49,460.14,158.25,476.15,142.01,471.88,163.04,466.75,173.49,476.59,164.79,493.42,150.26,484.51,174.79,477.32,181.36,490.83,173.55,504.58,164.21,493.66,185.74,485.58,191.10,501.86,184.28,512.53,175.61,504.77,190.06,498.28,194.77,-0.00000,-0.03188,-0.04567,-0.05649,-0.06156,-0.01035,-0.03914,-0.05455,-0.05956,-0.00361,-0.03229,-0.03941,-0.03625,-0.00310,-0.03175,-0.02733,-0.01578,-0.00524,-0.01987,-0.01339,-0.00342,-0.02876,0.09053,0.02381,-0.04281,0.06483,-0.00821,-0.03429,0.03802,-0.02716,-0.01846,0.00702,-0.04874,-0.00376,-0.01605,-0.05126,-0.02464,-0.00878,-0.00899,-0.01244,-0.02058,-0.03472,-0.01455,-0.00774,-0.04332,-0.02367,0.00809,-0.03655,-0.00396,-0.00561,0.00489,0.00997,-0.01919,-0.03202,0.00092,0.00541,-0.04668,-0.01018,0.01554,-0.02511,0.01720,0.00377,0.00714,0.02566,-0.00045,-0.02878,0.01455,0.02010,-0.03803,0.00423,0.03154,-0.01637,0.02712,0.02296,0.00794,0.03558,0.01578,-0.01671,0.02731,0.02893,-0.03327,0.01908,0.03933,-0.02159,0,,,,,0.18360,0.09820,0.01994,0.97000,-0.00000,-0.00000,0.24311
3509.2707,1,1,14.62,1.43,44.65,0.20491,-0.07224,0.72171,0.76632,0.71938,0.5211,0,1,0.18685,0.02577,0.08000,0.18644,0.01573,0.08016,0.24,0.01,0.71938,-0.11275,-0.49579,0.45705,1.60712,-0.00000,0.16732,-0.17840,-0.47844,0.44327,1.60587,-0.00000,-0.17000,16,0.18029,0.02034,0.08426,0.18360,0.09820,0,0.99911,0.00305,-0.01807,0.03794,Left,0,456.97,235.67,449.16,215.88,450.42,190.99,464.80,168.56,477.90,151.00,455.96,158.40,471.76,140.40,469.44,159.15,464.75,170.87,472.26,164.27,488.83,148.45,482.32,171.92,475.09,181.53,486.47,172.87,500.60,161.54,491.81,182.18,483.37,190.69,497.50,183.81,508.66,173.71,502.18,187.36,495.30,194.15,-0.00000,-0.02859,-0.04040,-0.05023,-0.05479,-0.00354,-0.03027,-0.04603,-0.05143,0.00220,-0.02521,-0.03445,-0.03266,0.00195,-0.02562,-0.02362,-0.01343,-0.00071,-0.01600,-0.01164,-0.00282,-0.02817,0.09213,0.01412,-0.04132,0.06451,-0.01528,-0.03363,0.03696,-0.03167,-0.01795,0.00447,-0.04973,-0.00324,-0.01979,-0.05015,-0.02483,-0.00860,-0.00928,-0.01178,-0.02290,-0.03330,-0.01267,-0.01115,-0.04279,-0.02139,0.00568,-0.03984,-0.00424,-0.00553,0.00508,0.01087,-0.02107,-0.02971,0.00333,0.00232,-0.04573,-0.00743,0.01534,-0.02613,0.01712,0.00347,0.00709,0.02788,-0.00305,-0.02689,0.01701,0.01686,-0.03740,0.00670,0.03112,-0.01873,0.02753,0.02260,0.00746,0.03703,0.01382,-0.01583,0.02990,0.02550,-0.03416,0.02138,0.03874,-0.02289,0,,,,,0.18360,0.09820,0.01994,0.97000,0.00000,-0.00000,0.24311
3509.3073,1,1,18.05,0.76,33.35,0.19994,-0.07417,0.71766,0.78111,0.71361,0.5389,0,1,0.18888,0.03074,0.08000,0.18926,0.03424,0.07821,0.52,0.01,0.71361,-0.23017,-0.41443,0.40307,1.60249,-0.00000,0.16736,-0.20604,-0.45424,0.42348,1.60142,-0.00000,-0.17000,16,0.18269,0.03800,0.08241,0.18360,0.09820,0,0.99534,0.00261,-0.00654,0.09618,Left,0,453.93,233.29,446.29,213.99,447.37,189.27,460.94,167.49,473.68,150.73,453.16,156.20,468.17,139.15,464.33,160.13,459.41,170.21,469.80,162.17,485.12,146.59,477.15,170.95,470.39,176.96,484.38,170.91,496.94,160.47,486.90,182.03,479.17,187.01,495.90,181.96,505.29,172.21,498.09,186.80,491.95,191.57,-0.00000,-0.02904,-0.04173,-0.05212,-0.05683,-0.00710,-0.03469,-0.04933,-0.05408,-0.00177,-0.02904,-0.03551,-0.03229,-0.00249,-0.02996,-0.02468,-0.01296,-0.00569,-0.01946,-0.01227,-0.00207,-0.02801,0.09240,0.02231,-0.04241,0.06555,-0.00949,-0.03464,0.03811,-0.02841,-0.02003,0.00583,-0.05012,-0.00579,-0.01748,-0.05288,-0.02532,-0.00850,-0.00840,-0.01322,-0.02178,-0.03460,-0.01558,-0.00943,-0.04381,-0.02434,0.00689,-0.03674,-0.00415,-0.00596,0.00493,0.00879,-0.02094,-0.03213,0.00054,0.00320,-0.04766,-0.00997,0.01358,-0.02491,0.01795,0.00372,0.00667,0.02589,-0.00235,-0.02972,0.01514,0.01877,-0.03890,0.00448,0.03092,-0.01717,0.02828,0.02344,0.00694,0.03619,0.01473,-0.01718,0.02794,0.02749,-0.03454,0.02060,0.03849,-0.02246,0,,,,,0.18360,0.09820,0.01994,0.97000,0.00000,0.00000,0.24311
3509.3398,1,1,19.01,0.76,29.29,0.19211,-0.07468,0.70324,0.78182,0.68882,0.5264,0,1,0.19609,0.03858,0.08000,0.19207,0.03989,0.07626,0.89,0.02,0.68882,-0.26083,-0.37253,0.38066,1.58828,0.00000,0.16733,-0.24488,-0.38307,0.36235,1.59110,-0.00000,-0.17000,16,0.18545,0.04330,0.08058,0.18360,0.09820,0,0.99383,0.00228,-0.00403,0.11082,Left,0,450.70,232.39,442.11,213.83,442.12,189.36,454.81,167.37,467.10,149.99,449.99,154.64,464.58,138.45,460.51,158.49,455.35,169.16,466.58,160.55,481.70,145.01,473.62,169.03,466.55,175.94,481.25,169.29,494.02,158.96,483.94,179.92,475.86,185.58,492.85,180.58,502.17,171.02,494.74,185.12,488.02,190.15,-0.00000,-0.02930,-0.04252,-0.05335,-0.05863,-0.00782,-0.03569,-0.05092,-0.05614,-0.00262,-0.03040,-0.03782,-0.03515,-0.00341,-0.03132,-0.02740,-0.01650,-0.00668,-0.02160,-0.01585,-0.00649,-0.02851,0.09201,0.02792,-0.04254,0.06509,-0.00406,-0.03617,0.03837,-0.02311,-0.02268,0.00707,-0.04702,-0.01050,-0.01729,-0.05101,-0.02476,-0.00795,-0.00747,-0.01316,-0.02055,-0.03379,-0.01611,-0.00884,-0.04242,-0.02483,0.00733,-0.03481,-0.00394,-0.00604,0.00446,0.00879,-0.02082,-0.03241,-0.00024,0.00319,-0.04664,-0.01126,0.01330,-0.02359,0.01718,0.00315,0.00587,0.02578,-0.00171,-0.02924,0.01408,0.01782,-0.03788,0.00374,0.02919,-0.01670,0.02736,0.02298,0.00681,0.03525,0.01464,-0.01721,0.02741,0.02670,-0.03329,0.01886,0.03753,-0.02116,0,,,,,0.18360,0.09820,0.01994,0.97000,0.00000,0.00000,0.24311
3509.3690,1,1,17.00,0.80,25.91,0.18513,-0.07475,0.69078,0.77770,0.67832,0.5500,0,1,0.20232,0.04555,0.08000,0.19894,0.04529,0.07680,0.81,0.02,0.67832,-0.28159,-0.30542,0.31518,1.58483,0.00000,0.16731,-0.27622,-0.31531,0.30088,1.58481,-0.00000,-0.17000,16,0.19219,0.04856,0.08116,0.18360,0.09820,0,0.99263,0.00239,-0.00460,0.12110,Left,0,448.35,231.30,439.92,212.88,439.21,188.51,450.88,166.39,463.69,149.13,447.57,154.24,461.28,137.53,458.03,157.93,453.05,169.69,463.88,159.90,479.06,142.91,471.51,167.59,464.68,175.75,478.41,168.68,491.34,157.34,481.29,179.15,473.27,186.14,489.68,180.18,498.94,169.83,492.07,184.37,485.68,190.48,-0.00000,-0.02994,-0.04409,-0.05571,-0.06196,-0.00988,-0.03839,-0.05389,-0.05898,-0.00435,-0.03214,-0.03948,-0.03659,-0.00471,-0.03315,-0.02908,-0.01773,-0.00748,-0.02313,-0.01724,-0.00748,-0.02829,0.09029,0.02968,-0.04204,0.06329,-0.00160,-0.03589,0.03770,-0.02042,-0.02350,0.00647,-0.04351,-0.01025,-0.01749,-0.04885,-0.02386,-0.00787,-0.00698,-0.01313,-0.02050,-0.03316,-0.01512,-0.00809,-0.04292,-0.02385,0.00926,-0.03444,-0.00395,-0.00602,0.00429,0.00950,-0.02146,-0.03212,0.00018,0.00226,-0.04702,-0.00985,0.01336,-0.02311,0.01699,0.00344,0.00534,0.02469,-0.00213,-0.02970,0.01412,0.01801,-0.03759,0.00413,0.02986,-0.01661,0.02641,0.02306,0.00643,0.03468,0.01458,-0.01742,0.02708,0.02645,-0.03326,0.01899,0.03769,-0.02149,0,,,,,0.18360,0.09820,0.01994,0.97000,-0.00000,-0.00000,0.24311
3509.3995,1,1,15.86,0.55,26.22,0.18106,-0.07726,0.68929,0.77167,0.68780,0.5757,0,1,0.20306,0.04962,0.08000,0.20488,0.05114,0.07972,0.38,0.01,0.68780,-0.30442,-0.26982,0.26077,1.58277,0.00000,0.16733,-0.29760,-0.29479,0.28214,1.58331,-0.00000,-0.17000,16,0.19793,0.05407,0.08387,0.18360,0.09820,0,0.99113,0.00413,-0.01468,0.13199,Left,0,446.41,229.72,437.57,212.64,435.75,188.84,446.87,166.25,458.09,148.16,444.43,151.17,458.27,137.00,455.32,158.79,450.63,168.35,460.65,156.56,475.75,143.21,468.17,169.20,461.52,173.02,475.11,164.98,487.95,158.10,477.88,180.77,470.05,183.48,486.53,176.17,495.73,169.58,488.50,185.02,481.75,188.41,-0.00000,-0.03301,-0.04832,-0.06030,-0.06619,-0.01222,-0.04219,-0.05741,-0.06235,-0.00554,-0.03462,-0.04084,-0.03723,-0.00534,-0.03545,-0.03055,-0.01871,-0.00785,-0.02402,-0.01797,-0.00818,-0.02615,0.09091,0.03369,-0.03989,0.06634,-0.00065,-0.03496,0.04120,-0.02229,-0.02391,0.01032,-0.04868,-0.01330,-0.01517,-0.05605,-0.02412,-0.00691,-0.00850,-0.01293,-0.01718,-0.03693,-0.01490,-0.00434,-0.04557,-0.02313,0.01129,-0.03538,-0.00426,-0.00615,0.00421,0.00941,-0.01807,-0.03388,0.00098,0.00771,-0.04624,-0.00956,0.01447,-0.01965,0.01670,0.00237,0.00648,0.02483,0.00178,-0.03036,0.01421,0.02291,-0.03544,0.00455,0.03115,-0.01031,0.02634,0.02219,0.00879,0.03474,0.01685,-0.01673,0.02678,0.03073,-0.03141,0.01875,0.03991,-0.01694,0,,,,,0.18360,0.09820,0.01994,0.97000,-0.00000,-0.00000,0.24311
3509.4399,1,1,21.49,0.80,35.50,0.17620,-0.07750,0.68470,0.77291,0.68010,0.5454,0,1,0.20536,0.05448,0.08000,0.20464,0.05453,0.07991,0.45,0.01,0.68010,-0.32335,-0.26469,0.25442,1.58266,0.00000,0.16735,-0.32038,-0.26430,0.25242,1.58247,-0.00000,-0.17000,16,0.19788,0.05736,0.08411,0.18360,0.09820,0,0.98986,0.00440,-0.01562,0.14110,Left,0,444.05,229.74,434.35,210.21,433.41,186.31,444.39,164.80,454.49,147.00,441.12,152.27,454.59,135.57,452.33,155.54,447.24,168.64,457.46,157.49,472.31,140.10,466.11,164.25,458.84,174.89,472.09,165.99,484.62,153.05,475.97,174.58,467.50,184.43,483.47,177.72,492.34,166.19,485.86,180.55,478.87,188.48,-0.00000,-0.02614,-0.03884,-0.04978,-0.05596,-0.00696,-0.03378,-0.05004,-0.05605,-0.00319,-0.02902,-0.03761,-0.03623,-0.00472,-0.03082,-0.02778,-0.01776,-0.00843,-0.02337,-0.01795,-0.00877,-0.02567,0.09164,0.02740,-0.04044,0.06455,-0.00196,-0.03517,0.03844,-0.02032,-0.02378,0.00713,-0.04232,-0.01353,-0.01761,-0.04898,-0.02429,-0.00773,-0.00613,-0.01346,-0.02036,-0.03233,-0.01476,-0.00756,-0.04184,-0.02370,0.01102,-0.03593,-0.00407,-0.00590,0.00454,0.00972,-0.02250,-0.03026,0.00145,0.00094,-0.04625,-0.00923,0.01505,-0.02615,0.01687,0.00297,0.00501,0.02553,-0.00443,-0.02820,0.01578,0.01560,-0.03746,0.00538,0.03051,-0.01983,0.02688,0.02251,0.00587,0.03554,0.01278,-0.01758,0.02816,0.02426,-0.03446,0.01920,0.03806,-0.02370,0,,,,,0.18360,0.09820,0.01994,0.97000,0.00000,-0.00000,0.24311
3509.4725,1,1,19.92,0.67,28.20,0.17416,-0.07980,0.68817,0.77898,0.69165,0.5922,0,1,0.20362,0.05652,0.08000,0.20347,0.05705,0.07991,0.22,0.00,0.69165,-0.33921,-0.26848,0.25825,1.58172,-0.00000,0.16732,-0.33480,-0.26944,0.25873,1.58155,-0.00000,-0.17000,16,0.19657,0.05977,0.08401,0.18360,0.09820,0,0.98872,0.00455,-0.01586,0.14887,Left,0,442.53,227.59,431.35,208.20,430.49,183.70,442.94,161.70,454.04,144.25,439.07,149.78,452.75,133.95,449.32,155.39,444.40,166.47,455.63,155.38,470.65,139.14,463.04,164.62,456.15,173.09,470.31,163.65,483.21,152.14,472.94,175.21,464.81,183.08,482.10,174.63,490.82,164.20,483.06,180.20,476.18,187.09,-0.00000,-0.02761,-0.04030,-0.05068,-0.05588,-0.00879,-0.03593,-0.05062,-0.05561,-0.00420,-0.03137,-0.03840,-0.03558,-0.00508,-0.03315,-0.02860,-0.01708,-0.00813,-0.02377,-0.01747,-0.00745,-0.02630,0.09149,0.02954,-0.04125,0.06567,-0.00238,-0.03596,0.03864,-0.02107,-0.02325,0.00734,-0.04488,-0.01171,-0.01722,-0.05182,-0.02452,-0.00754,-0.00794,-0.01414,-0.01840,-0.03529,-0.01621,-0.00434,-0.04324,-0.02507,0.01107,-0.03260,-0.00408,-0.00595,0.00403,0.00886,-0.02027,-0.03175,-0.00030,0.00453,-0.04644,-0.01055,0.01603,-0.02285,0.01714,0.00291,0.00614,0.02531,-0.00272,-0.02863,0.01466,0.01917,-0.03657,0.00402,0.03206,-0.01548,0.02728,0.02238,0.00838,0.03520,0.01391,-0.01665,0.02649,0.02681,-0.03257,0.01792,0.03916,-0.01937,0,,,,,0.18360,0.09820,0.01994,0.97000,0.00000,-0.00000,0.24311
3509.4997,1,1,16.20,0.57,22.75,0.17063,-0.07994,0.68275,0.76422,0.67732,0.5515,0,1,0.20633,0.06005,0.08000,0.20537,0.06031,0.07927,0.36,0.01,0.67732,-0.35297,-0.23670,0.23104,1.58239,-0.00000,0.16731,-0.34892,-0.24033,0.22878,1.58214,-0.00000,-0.17000,16,0.19854,0.06290,0.08342,0.18360,0.09820,0,0.98775,0.00416,-0.01346,0.15543,Left,0,440.47,228.39,430.95,209.96,429.08,185.91,439.76,163.62,451.46,145.76,438.29,149.72,450.14,132.89,447.23,155.03,442.78,165.88,454.70,155.19,468.35,138.55,461.21,164.34,454.64,171.41,469.28,163.76,482.10,151.89,472.43,174.80,464.55,181.65,480.93,175.29,490.09,163.94,483.21,179.67,476.66,186.64,-0.00000,-0.03112,-0.04622,-0.05857,-0.06535,-0.01114,-0.03991,-0.05575,-0.06148,-0.00533,-0.03322,-0.04072,-0.03845,-0.00550,-0.03422,-0.02971,-0.01838,-0.00821,-0.02451,-0.01848,-0.00867,-0.02676,0.09175,0.02757,-0.04153,0.06460,-0.00305,-0.03658,0.03912,-0.02214,-0.02593,0.00794,-0.04540,-0.01412,-0.01578,-0.05071,-0.02415,-0.00759,-0.00680,-0.01495,-0.01939,-0.03508,-0.01736,-0.00501,-0.04449,-0.02552,0.01104,-0.03419,-0.00393,-0.00577,0.00429,0.00861,-0.02064,-0.03236,-0.00078,0.00370,-0.04827,-0.01091,0.01364,-0.02609,0.01707,0.00306,0.00542,0.02503,-0.00258,-0.02973,0.01469,0.01855,-0.03727,0.00463,0.03030,-0.01698,0.02686,0.02260,0.00656,0.03513,0.01373,-0.01825,0.02734,0.02639,-0.03423,0.01919,0.03933,-0.02173,0,,,,,0.18360,0.09820,0.01994,0.97000,-0.00000,0.00000,0.24311
3509.5259,1,1,14.82,0.56,21.62,0.16891,-0.08095,0.68433,0.75856,0.68591,0.5485,0,1,0.20554,0.06177,0.08000,0.20505,0.06143,0.07886,0.15,0.00,0.68591,-0.35954,-0.23354,0.23070,1.58149,0.00000,0.16732,-0.35955,-0.23910,0.22838,1.58151,-0.00000,-0.17000,16,0.19811,0.06389,0.08296,0.18360,0.09820,0,0.98728,0.00392,-0.01222,0.15845,Left,0,440.29,227.93,430.31,208.98,428.29,184.94,439.18,162.33,451.10,144.21,435.70,149.81,448.26,132.41,445.94,153.55,440.92,165.12,452.44,154.76,466.77,137.52,460.46,163.09,453.50,171.03,467.56,162.81,480.08,150.74,470.93,173.51,462.59,180.41,479.49,173.53,488.30,162.54,481.84,178.16,475.22,184.55,-0.00000,-0.03086,-0.04564,-0.05768,-0.06435,-0.01092,-0.03943,-0.05534,-0.06089,-0.00487,-0.03286,-0.04095,-0.03878,-0.00461,-0.03330,-0.02935,-0.01821,-0.00676,-0.02258,-0.01638,-0.00645,-0.02443,0.09113,0.02602,-0.03964,0.06579,-0.00594,-0.03461,0.03949,-0.02475,-0.02374,0.00744,-0.04750,-0.01147,-0.01671,-0.05140,-0.02456,-0.00634,-0.00893,-0.01471,-0.01918,-0.03555,-0.01624,-0.00609,-0.04558,-0.02518,0.01073,-0.03718,-0.00397,-0.00587,0.00418,0.00897,-0.02126,-0.03227,0.00072,0.00302,-0.04826,-0.00947,0.01418,-0.02540,0.01740,0.00253,0.00673,0.02507,-0.00340,-0.02885,0.01555,0.01824,-0.03703,0.00498,0.02983,-0.01580,0.02768,0.02113,0.00880,0.03552,0.01217,-0.01675,0.02807,0.02565,-0.03331,0.01996,0.03749,-0.01968,0,,,,,0.18360,0.09820,0.01994,0.97000,-0.00000,0.00000,0.24311
3509.5623,1,1,17.80,0.76,32.63,0.16700,-0.08076,0.68262,0.75559,0.68090,0.4998,0,1,0.20640,0.06368,0.07981,0.20666,0.06388,0.08007,0.19,0.00,0.68090,-0.36913,-0.22548,0.21436,1.58044,-0.00000,0.16731,-0.36804,-0.22745,0.21756,1.58061,-0.00000,-0.17000,16,0.19971,0.06618,0.08409,0.18360,0.09820,0,0.98650,0.00490,-0.01688,0.16282,Left,0,439.34,228.43,429.56,209.00,427.32,184.67,437.58,162.03,449.18,143.47,435.09,150.04,447.01,132.03,445.67,151.58,441.09,164.42,451.99,154.92,465.69,137.25,459.82,161.32,452.66,171.28,466.89,163.52,479.44,151.63,470.49,173.24,461.60,182.38,478.66,175.16,488.15,163.29,482.01,177.77,474.73,185.83,-0.00000,-0.02784,-0.04159,-0.05348,-0.06063,-0.00804,-0.03552,-0.05237,-0.05883,-0.00361,-0.02956,-0.03841,-0.03743,-0.00473,-0.03207,-0.02984,-0.02020,-0.00807,-0.02435,-0.01950,-0.01053,-0.02455,0.09152,0.02583,-0.04010,0.06474,-0.00297,-0.03535,0.03778,-0.02224,-0.02477,0.00598,-0.04397,-0.01303,-0.01778,-0.04918,-0.02432,-0.00812,-0.00685,-0.01484,-0.02190,-0.03303,-0.01550,-0.00812,-0.04307,-0.02436,0.00910,-0.03904,-0.00397,-0.00562,0.00397,0.00889,-0.02228,-0.03010,0.00131,0.00023,-0.04661,-0.01027,0.01341,-0.02741,0.01664,0.00322,0.00539,0.02548,-0.00362,-0.02768,0.01539,0.01654,-0.03741,0.00470,0.02995,-0.01895,0.02778,0.02219,0.00673,0.03588,0.01236,-0.01736,0.02850,0.02413,-0.03391,0.01997,0.03791,-0.02369,0,,,,,0.18360,0.09820,0.01994,0.97000,-0.00000,-0.00000,0.24311
3509.5913,1,1,14.89,0.78,25.04,0.16559,-0.08136,0.68163,0.76213,0.68064,0.5418,0,1,0.20689,0.06509,0.08000,0.20671,0.06539,0.07975,0.12,0.00,0.68064,-0.37685,-0.21585,0.20664,1.58192,-0.00000,0.16732,-0.37452,-0.21861,0.20748,1.58186,-0.00000,-0.17000,16,0.19974,0.06754,0.08363,0.18360,0.09820,0,0.98595,0.00453,-0.01488,0.16630,Left,0,437.70,227.55,428.93,208.82,427.01,185.28,437.29,163.06,448.22,144.97,434.73,148.72,446.41,131.96,443.53,154.50,439.26,164.40,451.38,154.10,464.95,137.52,457.68,163.82,451.28,169.26,466.30,162.49,478.42,151.70,468.44,174.56,460.60,179.13,478.32,173.49,487.19,162.99,479.87,178.52,473.06,183.84,-0.00000,-0.03169,-0.04695,-0.05956,-0.06635,-0.01072,-0.04023,-0.05607,-0.06170,-0.00489,-0.03424,-0.04186,-0.03931,-0.00524,-0.03489,-0.03023,-0.01868,-0.00821,-0.02379,-0.01717,-0.00714,-0.02575,0.09160,0.02784,-0.04071,0.06604,-0.00402,-0.03568,0.04002,-0.02387,-0.02527,0.00938,-0.04831,-0.01417,-0.01462,-0.05369,-0.02451,-0.00723,-0.00702,-0.01544,-0.01880,-0.03535,-0.01768,-0.00471,-0.04530,-0.02532,0.01106,-0.03555,-0.00392,-0.00607,0.00463,0.00849,-0.02051,-0.03311,-0.00058,0.00469,-0.04924,-0.01025,0.01380,-0.02527,0.01748,0.00284,0.00570,0.02441,-0.00174,-0.03065,0.01432,0.02001,-0.03838,0.00400,0.02987,-0.01645,0.02777,0.02232,0.00657,0.03556,0.01390,-0.01872,0.02744,0.02651,-0.03470,0.01885,0.03818,-0.02227,0,,,,,0.18360,0.09820,0.01994,0.97000,-0.00000,-0.00000,0.24311
3509.6244,1,1,15.43,0.79,28.51,0.16256,-0.08089,0.67465,0.75073,0.66768,0.5250,0,1,0.21038,0.06812,0.07954,0.20983,0.06768,0.07786,0.42,0.01,0.66768,-0.38221,-0.17013,0.17214,1.58083,-0.00000,0.16733,-0.38287,-0.18381,0.17378,1.58059,-0.00000,-0.17000,16,0.20304,0.06977,0.08186,0.18360,0.09820,0,0.98563,0.00351,-0.01010,0.16859,Left,0,436.82,227.62,427.85,209.32,425.90,185.48,435.78,163.02,447.22,144.78,433.38,149.15,445.63,132.12,443.74,152.82,439.43,163.81,450.18,153.97,464.28,136.50,457.60,161.67,450.76,169.52,465.05,162.15,477.49,150.45,468.03,173.23,459.78,180.60,476.77,173.27,485.57,162.81,478.74,178.38,471.79,185.06,-0.00000,-0.03101,-0.04611,-0.05845,-0.06547,-0.01155,-0.03971,-0.05540,-0.06108,-0.00565,-0.03333,-0.04099,-0.03866,-0.00553,-0.03443,-0.03075,-0.01978,-0.00784,-0.02456,-0.01912,-0.00963,-0.02515,0.09092,0.02627,-0.04017,0.06512,-0.00388,-0.03501,0.03965,-0.02368,-0.02442,0.00834,-0.04640,-0.01314,-0.01537,-0.05233,-0.02401,-0.00666,-0.00732,-0.01445,-0.01940,-0.03333,-0.01547,-0.00616,-0.04327,-0.02390,0.00960,-0.03663,-0.00392,-0.00579,0.00447,0.00928,-0.02133,-0.03117,0.00024,0.00218,-0.04743,-0.00992,0.01289,-0.02611,0.01715,0.00246,0.00566,0.02484,-0.00266,-0.02902,0.01434,0.01821,-0.03736,0.00438,0.03027,-0.01656,0.02689,0.02143,0.00675,0.03501,0.01329,-0.01806,0.02708,0.02629,-0.03453,0.01859,0.03851,-0.02192,0,,,,,0.18360,0.09820,0.01994,0.97000,-0.00000,-0.00000,0.24311
3509.6574,1,1,16.43,0.81,28.30,0.16004,-0.08013,0.66791,0.75098,0.66117,0.5264,0,1,0.21375,0.07064,0.07878,0.21465,0.07098,0.07858,0.44,0.01,0.66117,-0.38887,-0.13471,0.12941,1.57784,-0.00000,0.16732,-0.38873,-0.14897,0.14204,1.57748,-0.00000,-0.17000,16,0.20774,0.07282,0.08253,0.18360,0.09820,0,0.98508,0.00449,-0.01464,0.17143,Left,0,437.16,227.80,427.35,208.52,424.48,184.66,434.82,162.05,446.92,144.03,432.85,149.08,444.02,131.36,442.11,152.13,438.22,163.51,449.33,154.01,462.48,137.25,456.07,162.15,449.74,169.41,464.38,162.50,476.32,150.75,467.02,173.34,459.18,180.46,476.53,173.94,484.84,162.41,478.36,178.13,472.01,185.50,-0.00000,-0.02952,-0.04426,-0.05694,-0.06440,-0.00863,-0.03756,-0.05391,-0.05978,-0.00381,-0.03136,-0.03915,-0.03716,-0.00503,-0.03385,-0.02991,-0.01893,-0.00866,-0.02507,-0.01909,-0.00926,-0.02397,0.09190,0.02177,-0.03943,0.06470,-0.00590,-0.03540,0.03838,-0.02360,-0.02502,0.00699,-0.04471,-0.01313,-0.01659,-0.04997,-0.02421,-0.00749,-0.00536,-0.01531,-0.02091,-0.03181,-0.01633,-0.00786,-0.04283,-0.02396,0.00967,-0.03622,-0.00380,-0.00599,0.00507,0.00824,-0.02164,-0.03110,-0.00065,0.00236,-0.04706,-0.01067,0.01314,-0.02557,0.01717,0.00308,0.00450,0.02392,-0.00316,-0.02973,0.01439,0.01781,-0.03812,0.00431,0.03009,-0.01834,0.02711,0.02218,0.00359,0.03505,0.01261,-0.02090,0.02719,0.02554,-0.03689,0.01979,0.03867,-0.02482,0,,,,,0.18360,0.09820,0.01994,0.97000,-0.00000,-0.00000,0.24311
3509.7057,1,1,17.80,0.58,43.55,0.15831,-0.07869,0.66491,0.74060,0.66191,0.5546,0,1,0.21525,0.07237,0.07734,0.21506,0.07201,0.07769,0.35,0.00,0.66191,-0.39308,-0.13118,0.13228,1.56936,-0.00001,0.16731,-0.39413,-0.13044,0.13247,1.56869,-0.00000,-0.17000,16,0.20833,0.07373,0.08167,0.18360,0.09820,0,0.98478,0.00485,-0.01629,0.17299,Left,0,435.55,230.37,425.38,210.40,423.24,185.19,433.51,161.96,445.03,142.93,431.92,150.73,443.22,132.58,440.99,153.47,437.11,165.44,448.80,155.67,461.96,137.59,455.07,162.70,448.65,172.25,463.69,164.15,475.36,150.79,466.20,173.18,458.63,182.25,475.58,175.64,484.09,163.44,477.88,178.37,471.95,186.22,-0.00000,-0.02946,-0.04330,-0.05506,-0.06170,-0.00661,-0.03480,-0.05160,-0.05793,-0.00153,-0.02936,-0.03844,-0.03680,-0.00245,-0.03103,-0.02841,-0.01791,-0.00582,-0.02269,-0.01801,-0.00879,-0.02594,0.09172,0.02404,-0.04106,0.06383,-0.00478,-0.03638,0.03768,-0.02316,-0.02634,0.00521,-0.04395,-0.01397,-0.01835,-0.04851,-0.02434,-0.00693,-0.00680,-0.01570,-0.02056,-0.03360,-0.01712,-0.00625,-0.04299,-0.02545,0.01019,-0.03578,-0.00387,-0.00529,0.00458,0.00788,-0.02152,-0.03096,-0.00153,0.00158,-0.04767,-0.01115,0.01338,-0.02695,0.01711,0.00279,0.00521,0.02412,-0.00388,-0.02869,0.01365,0.01610,-0.03840,0.00500,0.02947,-0.01910,0.02710,0.02133,0.00581,0.03476,0.01196,-0.01804,0.02722,0.02463,-0.03520,0.02048,0.03750,-0.02537,0,,,,,0.18360,0.09820,0.01994,0.97000,0.00000,-0.00000,0.24311
3509.7350,1,1,15.22,0.80,24.70,0.15825,-0.07919,0.66986,0.74932,0.67480,0.5157,0,1,0.21278,0.07243,0.07783,0.21181,0.07215,0.07706,0.22,0.01,0.67480,-0.40040,-0.14934,0.15631,1.56901,-0.00001,0.16730,-0.39935,-0.14617,0.14850,1.56858,-0.00000,-0.17000,16,0.20515,0.07367,0.08111,0.18360,0.09820,0,0.98427,0.00428,-0.01365,0.17607,Left,0,434.30,229.30,425.33,210.15,422.71,186.35,432.51,163.76,443.50,145.18,430.75,150.00,441.99,131.44,440.08,153.99,436.10,165.34,447.43,155.26,460.71,138.24,453.91,164.71,447.13,171.07,462.50,163.64,474.62,152.74,464.88,175.58,456.71,180.87,474.66,174.56,483.38,163.89,476.67,179.27,470.10,184.93,-0.00000,-0.03140,-0.04698,-0.06001,-0.06732,-0.01134,-0.04079,-0.05683,-0.06245,-0.00536,-0.03422,-0.04208,-0.03984,-0.00543,-0.03453,-0.03026,-0.01908,-0.00806,-0.02329,-0.01682,-0.00696,-0.02497,0.09082,0.02747,-0.04041,0.06490,-0.00297,-0.03582,0.03953,-0.02287,-0.02625,0.00850,-0.04526,-0.01486,-0.01551,-0.05190,-0.02463,-0.00691,-0.00658,-0.01560,-0.02034,-0.03388,-0.01708,-0.00689,-0.04492,-0.02431,0.01081,-0.03721,-0.00408,-0.00607,0.00486,0.00843,-0.02069,-0.03271,-0.00085,0.00435,-0.04877,-0.01096,0.01405,-0.02524,0.01762,0.00299,0.00544,0.02405,-0.00183,-0.03028,0.01404,0.01986,-0.03732,0.00385,0.03012,-0.01619,0.02784,0.02218,0.00580,0.03554,0.01339,-0.01865,0.02787,0.02617,-0.03442,0.01966,0.03748,-0.02238,0,,,,,0.18360,0.09820,0.01994,0.97000,0.00000,-0.00000,0.24311
3509.7686,1,1,15.89,0.76,29.50,0.15593,-0.07812,0.66501,0.74882,0.66017,0.4998,0,1,0.21520,0.07475,0.07677,0.21526,0.07467,0.07571,0.33,0.01,0.66017,-0.40551,-0.11030,0.12326,1.56531,-0.00000,0.16727,-0.40568,-0.12319,0.12902,1.56482,-0.00000,-0.17000,16,0.20854,0.07603,0.07979,0.18360,0.09820,0,0.98389,0.00396,-0.01221,0.17830,Left,0,433.72,229.77,423.41,210.01,420.42,186.11,429.95,163.16,441.22,144.14,429.56,150.88,440.63,132.98,439.15,152.35,434.79,165.20,446.35,155.79,459.06,138.00,453.24,162.25,446.50,172.44,461.49,164.31,472.46,151.99,463.65,173.53,455.37,182.64,473.70,175.78,481.44,163.99,474.83,178.41,467.92,186.20,-0.00000,-0.02826,-0.04249,-0.05485,-0.06240,-0.00789,-0.03521,-0.05185,-0.05827,-0.00330,-0.02957,-0.03851,-0.03756,-0.00431,-0.03151,-0.02915,-0.01958,-0.00762,-0.02324,-0.01819,-0.00931,-0.02465,0.09082,0.02698,-0.04045,0.06407,-0.00277,-0.03588,0.03860,-0.02215,-0.02710,0.00626,-0.04362,-0.01604,-0.01783,-0.04963,-0.02444,-0.00651,-0.00660,-0.01541,-0.02102,-0.03217,-0.01621,-0.00897,-0.04282,-0.02415,0.00915,-0.03885,-0.00389,-0.00578,0.00425,0.00789,-0.02216,-0.03084,-0.00051,0.00091,-0.04735,-0.01069,0.01402,-0.02628,0.01718,0.00253,0.00563,0.02380,-0.00331,-0.02883,0.01371,0.01621,-0.03763,0.00416,0.02931,-0.01837,0.02768,0.02125,0.00590,0.03534,0.01193,-0.01683,0.02739,0.02420,-0.03389,0.01910,0.03732,-0.02400,0,,,,,0.18360,0.09820,0.01994,0.97000,0.00000,-0.00000,0.24311
3509.7985,1,1,15.76,0.56,25.14,0.15625,-0.07841,0.67274,0.76044,0.68046,0.4888,0,1,0.21134,0.07443,0.07705,0.21189,0.07487,0.07468,0.34,0.01,0.68046,-0.41351,-0.12863,0.15068,1.56215,-0.00000,0.16730,-0.41198,-0.15023,0.15924,1.56201,-0.00000,-0.17000,16,0.20513,0.07605,0.07878,0.18360,0.09820,0,0.98327,0.00315,-0.00865,0.18194,Left,0,432.38,229.59,422.47,210.21,419.72,186.45,429.08,163.71,440.02,145.34,428.35,151.81,438.95,132.69,437.28,152.76,432.97,165.09,444.88,156.64,456.92,138.90,451.11,163.70,444.81,172.14,459.92,165.09,471.17,152.49,462.20,174.31,454.16,182.06,472.15,176.38,479.94,164.28,473.44,179.29,466.97,186.88,-0.00000,-0.02780,-0.04186,-0.05407,-0.06132,-0.00837,-0.03556,-0.05136,-0.05718,-0.00388,-0.02954,-0.03734,-0.03591,-0.00497,-0.03159,-0.02789,-0.01780,-0.00834,-0.02318,-0.01708,-0.00770,-0.02436,0.09141,0.02528,-0.04039,0.06437,-0.00333,-0.03532,0.03857,-0.02186,-0.02689,0.00611,-0.04285,-0.01515,-0.01755,-0.04964,-0.02489,-0.00749,-0.00541,-0.01578,-0.02226,-0.03164,-0.01690,-0.00976,-0.04284,-0.02461,0.00863,-0.03810,-0.00404,-0.00588,0.00442,0.00735,-0.02197,-0.03067,-0.00061,0.00141,-0.04738,-0.01055,0.01318,-0.02563,0.01720,0.00320,0.00493,0.02391,-0.00396,-0.02934,0.01478,0.01670,-0.03808,0.00490,0.02919,-0.01890,0.02819,0.02224,0.00453,0.03582,0.01186,-0.01825,0.02800,0.02458,-0.03506,0.02039,0.03800,-0.02422,0,,,,,0.18360,0.09820,0.01994,0.97000,0.00000,-0.00000,0.24311
3509.8317,1,1,15.40,0.77,29.10,0.15727,-0.07945,0.68611,0.75360,0.69948,0.4072,0,1,0.20465,0.07341,0.07809,0.20208,0.07243,0.07305,0.81,0.02,0.69948,-0.42311,-0.19129,0.22884,1.56383,-0.00000,0.16730,-0.42116,-0.20389,0.21107,1.56400,-0.00000,-0.17000,16,0.19558,0.07369,0.07735,0.18360,0.09820,0,0.98243,0.00133,-0.00096,0.18664,Left,0,431.79,230.52,421.43,211.67,418.00,188.13,426.65,165.78,436.52,146.76,425.95,152.95,436.48,134.34,436.79,151.03,432.74,164.02,442.41,157.05,455.33,139.00,450.78,162.74,444.29,173.33,457.37,164.84,468.73,152.85,460.74,174.43,452.51,184.07,469.59,175.78,477.80,163.80,471.95,178.49,465.18,186.79,-0.00000,-0.02726,-0.04147,-0.05383,-0.06170,-0.00926,-0.03584,-0.05181,-0.05757,-0.00488,-0.02985,-0.03781,-0.03630,-0.00582,-0.03246,-0.02996,-0.02027,-0.00888,-0.02450,-0.01917,-0.00997,-0.02187,0.09114,0.02765,-0.03889,0.06506,-0.00335,-0.03461,0.03992,-0.02408,-0.02692,0.00769,-0.04648,-0.01656,-0.01712,-0.05327,-0.02518,-0.00593,-0.00855,-0.01588,-0.02192,-0.03229,-0.01436,-0.01163,-0.04382,-0.02244,0.00630,-0.04566,-0.00417,-0.00539,0.00413,0.00841,-0.02243,-0.03034,0.00149,0.00008,-0.04692,-0.00768,0.01383,-0.02701,0.01754,0.00179,0.00680,0.02482,-0.00387,-0.02755,0.01541,0.01609,-0.03675,0.00582,0.02993,-0.01699,0.02888,0.01984,0.00809,0.03689,0.01096,-0.01543,0.02919,0.02347,-0.03335,0.02117,0.03772,-0.02217,0,,,,,0.18360,0.09820,0.01994,0.97000,0.00000,-0.00000,0.24311
3509.8672,1,1,18.88,0.77,30.79,0.15529,-0.07879,0.68409,0.75856,0.68208,0.4622,0,1,0.20566,0.07539,0.07743,0.20134,0.07313,0.07298,0.15,0.00,0.68208,-0.42839,-0.19366,0.23183,1.56392,-0.00000,0.16724,-0.42923,-0.19507,0.20206,1.56374,-0.00000,-0.17000,16,0.19484,0.07429,0.07712,0.18360,0.09820,0,0.98198,0.00111,-0.00012,0.18898,Left,0,429.77,230.39,419.32,211.93,416.64,188.07,425.17,165.35,434.10,145.77,424.91,152.77,435.84,135.28,435.29,152.54,431.47,165.30,441.82,157.17,454.69,139.79,448.62,164.06,442.06,173.45,457.06,165.40,467.99,153.66,458.96,175.09,451.05,182.88,469.36,176.81,476.76,165.12,470.19,179.88,463.75,187.02,-0.00000,-0.02819,-0.04234,-0.05450,-0.06202,-0.00829,-0.03600,-0.05231,-0.05814,-0.00376,-0.03014,-0.03801,-0.03598,-0.00495,-0.03230,-0.02906,-0.01877,-0.00839,-0.02396,-0.01811,-0.00855,-0.02409,0.09179,0.02584,-0.04012,0.06509,-0.00259,-0.03652,0.03933,-0.02349,-0.02774,0.00725,-0.04483,-0.01901,-0.01937,-0.05230,-0.02514,-0.00689,-0.00683,-0.01617,-0.02184,-0.03222,-0.01590,-0.00992,-0.04397,-0.02397,0.00765,-0.04384,-0.00412,-0.00538,0.00409,0.00844,-0.02178,-0.03107,-0.00039,0.00069,-0.04757,-0.01028,0.01367,-0.02605,0.01752,0.00245,0.00563,0.02500,-0.00328,-0.02863,0.01373,0.01618,-0.03835,0.00441,0.02822,-0.01836,0.02881,0.02120,0.00612,0.03660,0.01151,-0.01739,0.02848,0.02425,-0.03398,0.02037,0.03715,-0.02290,0,,,,,0.18360,0.09820,0.01994,0.97000,-0.00000,-0.00000,0.24311
3509.8988,1,1,19.37,0.61,26.35,0.15351,-0.07799,0.68515,0.76385,0.68620,0.4175,0,1,0.20513,0.07717,0.07664,0.20599,0.07819,0.07754,0.18,0.00,0.68620,-0.44283,-0.18920,0.19607,1.55827,0.00000,0.16721,-0.43911,-0.19269,0.20527,1.55824,-0.00000,-0.17000,16,0.19918,0.07908,0.08151,0.18360,0.09820,0,0.98042,0.00556,-0.01813,0.19600,Left,0,429.36,231.08,418.12,213.07,414.23,189.07,421.94,166.15,431.03,147.32,422.25,154.60,433.58,135.73,433.91,152.34,429.15,165.47,439.12,158.75,451.21,140.76,446.78,164.48,440.01,174.08,454.66,166.55,465.10,154.12,457.61,174.74,449.38,182.85,467.35,177.26,474.52,164.49,469.01,178.78,462.32,186.47,-0.00000,-0.02724,-0.04107,-0.05286,-0.06005,-0.00980,-0.03532,-0.04992,-0.05478,-0.00506,-0.02900,-0.03588,-0.03383,-0.00552,-0.03066,-0.02730,-0.01765,-0.00811,-0.02261,-0.01660,-0.00729,-0.02085,0.09084,0.02872,-0.03759,0.06467,-0.00242,-0.03480,0.03969,-0.02280,-0.02796,0.00686,-0.04412,-0.01820,-0.01801,-0.05165,-0.02569,-0.00531,-0.00765,-0.01531,-0.02186,-0.03125,-0.01414,-0.01233,-0.04401,-0.02277,0.00678,-0.04491,-0.00442,-0.00532,0.00421,0.00801,-0.02240,-0.03107,0.00063,0.00005,-0.04763,-0.00855,0.01285,-0.02393,0.01828,0.00203,0.00660,0.02469,-0.00490,-0.02796,0.01589,0.01494,-0.03694,0.00640,0.02739,-0.01834,0.02949,0.02017,0.00687,0.03731,0.00939,-0.01581,0.03001,0.02213,-0.03364,0.02194,0.03563,-0.02240,0,,,,,0.18360,0.09820,0.01994,0.97000,-0.00000,0.00000,0.24311
3509.9272,1,1,15.36,0.67,24.14,0.15330,-0.07825,0.69269,0.75485,0.70023,0.2903,0,1,0.20136,0.07738,0.07689,0.20210,0.07756,0.07843,0.36,0.01,0.70023,-0.44892,-0.23007,0.23216,1.55697,-0.00000,0.16725,-0.44887,-0.21843,0.23216,1.55727,-0.00000,-0.17000,16,0.19534,0.07833,0.08227,0.18360,0.09820,0,0.97982,0.00630,-0.02094,0.19869,Left,0,427.67,230.80,416.54,211.61,413.11,188.25,420.82,165.66,429.00,146.36,421.03,154.91,430.51,135.11,432.26,145.48,429.98,158.02,437.88,159.18,450.40,140.67,444.99,163.73,438.70,175.25,453.31,166.87,463.71,154.72,455.15,175.33,447.54,185.51,466.00,177.55,473.17,164.85,466.87,178.96,460.69,187.88,-0.00000,-0.02587,-0.03967,-0.05220,-0.06100,-0.00710,-0.03244,-0.04750,-0.05249,-0.00325,-0.02812,-0.03523,-0.03226,-0.00466,-0.03108,-0.02814,-0.01766,-0.00813,-0.02384,-0.01814,-0.00831,-0.02100,0.09120,0.01922,-0.03872,0.06396,-0.00765,-0.03613,0.03787,-0.02700,-0.02812,0.00565,-0.04583,-0.01942,-0.02077,-0.05286,-0.02617,-0.00689,-0.00751,-0.01738,-0.02534,-0.02786,-0.01436,-0.01892,-0.04221,-0.02157,-0.00258,-0.05525,-0.00426,-0.00472,0.00421,0.00879,-0.02303,-0.02868,0.00008,-0.00190,-0.04612,-0.00905,0.01306,-0.02684,0.01792,0.00207,0.00588,0.02512,-0.00475,-0.02682,0.01406,0.01464,-0.03814,0.00493,0.02879,-0.02092,0.02986,0.02000,0.00610,0.03787,0.00956,-0.01755,0.02901,0.02161,-0.03571,0.02099,0.03647,-0.02497,0,,,,,0.18360,0.09820,0.01994,0.97000,-0.00000,-0.00000,0.24311
3509.9602,1,1,15.04,0.79,28.42,0.15183,-0.07791,0.69550,0.75816,0.69830,0.1750,0,1,0.19996,0.07885,0.07656,0.19689,0.07779,0.07314,0.17,0.00,0.69830,-0.46290,-0.22220,0.26051,1.55583,0.00000,0.16725,-0.45969,-0.22568,0.24075,1.55579,-0.00000,-0.17000,16,0.19033,0.07866,0.07718,0.18360,0.09820,0,0.97859,0.00208,-0.00416,0.20576,Left,0,425.99,229.81,414.45,211.28,410.52,187.94,418.12,165.57,425.84,146.27,419.29,155.97,425.71,136.76,430.77,136.36,432.04,144.75,435.97,160.10,447.48,141.04,442.89,161.52,436.79,172.03,451.44,167.69,460.80,155.24,453.48,174.40,446.33,184.00,464.02,178.57,470.48,166.04,464.91,179.58,459.17,188.36,-0.00000,-0.02410,-0.03764,-0.05017,-0.05988,-0.00756,-0.02910,-0.04087,-0.04445,-0.00491,-0.02826,-0.03316,-0.02857,-0.00689,-0.03273,-0.02840,-0.01711,-0.01078,-0.02730,-0.02121,-0.01104,-0.01924,0.09014,0.01508,-0.03662,0.06207,-0.01090,-0.03487,0.03589,-0.02878,-0.02835,0.00418,-0.04551,-0.02046,-0.02275,-0.05211,-0.02668,-0.00637,-0.00661,-0.01875,-0.02811,-0.02041,-0.01333,-0.03168,-0.03616,-0.01529,-0.01981,-0.06142,-0.00429,-0.00441,0.00437,0.00828,-0.02475,-0.02579,0.00059,-0.00613,-0.04437,-0.00873,0.00757,-0.02685,0.01828,0.00207,0.00596,0.02432,-0.00581,-0.02553,0.01500,0.01212,-0.03759,0.00590,0.02539,-0.02315,0.03016,0.01907,0.00379,0.03772,0.00875,-0.01838,0.02941,0.02087,-0.03580,0.02248,0.03586,-0.02609,0,,,,,0.18360,0.09820,0.01994,0.97000,-0.00000,-0.00000,0.24311
3509.9957,1,1,19.82,0.62,31.68,0.15162,-0.07899,0.70402,0.77096,0.71254,0.2184,0,1,0.19570,0.07906,0.07764,0.19633,0.07908,0.07765,0.51,0.01,0.71254,-0.47090,-0.25717,0.26422,1.56076,-0.00000,0.16716,-0.47125,-0.25508,0.26444,1.56161,-0.00000,-0.17000,16,0.18973,0.07978,0.08169,0.18360,0.09820,0,0.97767,0.00566,-0.01771,0.20932,Left,0,425.80,228.47,413.47,210.11,409.45,186.46,416.33,164.32,422.89,145.16,417.56,155.41,426.18,135.55,429.82,140.44,428.45,150.57,434.13,159.55,446.65,140.62,442.06,162.17,435.04,174.01,449.40,167.16,459.56,154.15,451.98,174.47,443.85,185.10,462.00,177.99,469.70,165.34,463.38,179.48,456.08,188.58,-0.00000,-0.02205,-0.03380,-0.04459,-0.05231,-0.00635,-0.02884,-0.04202,-0.04633,-0.00412,-0.02747,-0.03371,-0.03036,-0.00630,-0.03166,-0.02833,-0.01780,-0.01013,-0.02637,-0.02075,-0.01098,-0.01934,0.09059,0.01497,-0.03723,0.06313,-0.00872,-0.03555,0.03672,-0.02679,-0.02866,0.00423,-0.04401,-0.02122,-0.02260,-0.05171,-0.02681,-0.00688,-0.00641,-0.01750,-0.02715,-0.02273,-0.01302,-0.02535,-0.03858,-0.01875,-0.01161,-0.06002,-0.00444,-0.00421,0.00424,0.00922,-0.02423,-0.02588,0.00121,-0.00452,-0.04305,-0.00997,0.01084,-0.02657,0.01797,0.00233,0.00544,0.02549,-0.00583,-0.02591,0.01488,0.01367,-0.03702,0.00476,0.02861,-0.02205,0.03034,0.02018,0.00407,0.03911,0.00856,-0.01890,0.02989,0.02172,-0.03682,0.02031,0.03691,-0.02544,0,,,,,0.18360,0.09820,0.01994,0.97000,-0.00000,0.00000,0.24311
3510.0262,1,1,18.37,1.07,26.25,0.15018,-0.07875,0.70510,0.77557,0.70618,0.1928,0,1,0.19516,0.08050,0.07739,0.19487,0.08050,0.07673,0.13,0.00,0.70618,-0.48186,-0.25291,0.26614,1.56198,-0.00000,0.16714,-0.48036,-0.25653,0.26533,1.56200,-0.00000,-0.17000,16,0.18830,0.08105,0.08067,0.18360,0.09820,0,0.97663,0.00464,-0.01360,0.21445,Left,0,423.87,229.07,411.34,210.87,407.94,187.05,415.76,165.01,422.71,145.83,416.97,155.89,423.65,137.28,427.42,138.42,427.76,146.25,433.37,160.22,444.64,141.56,439.26,162.08,432.65,173.42,448.50,167.89,457.49,155.19,449.77,174.57,442.44,184.90,461.01,178.85,467.83,165.62,461.73,178.91,455.51,187.83,-0.00000,-0.02263,-0.03488,-0.04620,-0.05471,-0.00658,-0.02852,-0.04115,-0.04537,-0.00455,-0.02870,-0.03474,-0.03078,-0.00699,-0.03274,-0.02903,-0.01797,-0.01123,-0.02737,-0.02154,-0.01150,-0.01969,0.09126,0.01344,-0.03696,0.06217,-0.01136,-0.03575,0.03519,-0.02780,-0.02869,0.00363,-0.04360,-0.02100,-0.02396,-0.04954,-0.02696,-0.00633,-0.00589,-0.01887,-0.02688,-0.02128,-0.01516,-0.02963,-0.03677,-0.01790,-0.01826,-0.05988,-0.00458,-0.00438,0.00436,0.00765,-0.02432,-0.02536,-0.00125,-0.00542,-0.04385,-0.01064,0.00848,-0.02596,0.01820,0.00200,0.00549,0.02420,-0.00600,-0.02587,0.01443,0.01280,-0.03639,0.00494,0.02641,-0.02240,0.03032,0.01910,0.00294,0.03800,0.00805,-0.01913,0.02923,0.02025,-0.03644,0.02167,0.03519,-0.02585,0,,,,,0.18360,0.09820,0.01994,0.97000,0.00000,0.00000,0.24311
3510.0551,1,1,14.70,0.57,24.13,0.14924,-0.07942,0.71158,0.77077,0.71806,0.2298,0,1,0.19192,0.08144,0.07806,0.19062,0.08117,0.07591,0.36,0.01,0.71806,-0.49680,-0.26880,0.28712,1.56707,-0.00001,0.16715,-0.49332,-0.27556,0.28042,1.56604,-0.00000,-0.17000,16,0.18418,0.08174,0.07995,0.18360,0.09820,0,0.97504,0.00359,-0.00947,0.22179,Left,0,423.56,228.39,410.38,211.09,405.81,187.64,413.19,165.17,419.40,145.48,414.13,156.85,421.37,137.75,427.29,138.89,428.43,147.67,430.64,160.38,442.65,141.36,438.50,163.14,432.07,174.31,445.85,167.43,456.00,154.64,448.79,175.31,441.04,185.03,458.16,177.86,465.54,165.60,459.39,180.23,452.32,188.82,-0.00000,-0.02393,-0.03680,-0.04824,-0.05669,-0.00959,-0.03255,-0.04484,-0.04844,-0.00689,-0.03156,-0.03658,-0.03175,-0.00868,-0.03569,-0.03107,-0.01919,-0.01224,-0.02979,-0.02359,-0.01303,-0.01716,0.08942,0.01676,-0.03583,0.06308,-0.00856,-0.03465,0.03677,-0.02665,-0.02780,0.00411,-0.04329,-0.02120,-0.02365,-0.05041,-0.02677,-0.00545,-0.00772,-0.01853,-0.02638,-0.02240,-0.01145,-0.02828,-0.03820,-0.01479,-0.01683,-0.06151,-0.00453,-0.00402,0.00442,0.00885,-0.02456,-0.02594,0.00130,-0.00442,-0.04164,-0.00852,0.00959,-0.02152,0.01823,0.00145,0.00613,0.02530,-0.00588,-0.02578,0.01508,0.01336,-0.03522,0.00572,0.02683,-0.01876,0.03014,0.01872,0.00534,0.03831,0.00796,-0.01806,0.02870,0.02132,-0.03519,0.02008,0.03574,-0.02277,0,,,,,0.18360,0.09820,0.01994,0.97000,0.00000,0.00000,0.24311
3510.1074,1,1,18.19,0.58,47.78,0.14869,-0.07978,0.71814,0.76567,0.72469,0.2354,0,1,0.18864,0.08199,0.07842,0.18892,0.08197,0.07785,0.38,0.01,0.72469,-0.50559,-0.29472,0.29878,1.56912,0.00000,0.16708,-0.50530,-0.29777,0.29930,1.56940,-0.00000,-0.17000,16,0.18214,0.08246,0.08170,0.18360,0.09820,0,0.97390,0.00516,-0.01486,0.22642,Left,0,421.69,228.84,408.28,211.17,404.40,186.94,411.71,164.28,417.06,144.39,413.10,157.21,419.09,138.12,423.62,138.01,424.34,146.70,429.65,160.98,440.84,141.48,435.86,163.29,429.13,176.06,444.85,168.09,454.04,154.48,446.57,174.68,438.57,185.86,457.22,178.43,464.79,164.77,458.63,178.50,451.33,187.85,-0.00000,-0.02368,-0.03604,-0.04720,-0.05548,-0.00775,-0.03051,-0.04286,-0.04629,-0.00500,-0.03035,-0.03571,-0.03046,-0.00687,-0.03427,-0.03022,-0.01814,-0.01051,-0.02821,-0.02251,-0.01199,-0.01854,0.08986,0.00621,-0.03715,0.06276,-0.01613,-0.03664,0.03493,-0.03296,-0.02926,0.00249,-0.04651,-0.02287,-0.02636,-0.05101,-0.02764,-0.00573,-0.00771,-0.02009,-0.02737,-0.02184,-0.01496,-0.02989,-0.03795,-0.01867,-0.01934,-0.06366,-0.00426,-0.00342,0.00423,0.00809,-0.02520,-0.02444,-0.00059,-0.00579,-0.04078,-0.01088,0.00991,-0.02294,0.01815,0.00158,0.00635,0.02564,-0.00700,-0.02503,0.01422,0.01192,-0.03583,0.00452,0.02621,-0.02119,0.03058,0.01800,0.00434,0.03940,0.00587,-0.01826,0.02931,0.01846,-0.03616,0.02037,0.03361,-0.02493,0,,,,,0.18360,0.09820,0.01994,0.97000,0.00000,-0.00000,0.24311
3510.1402,1,1,19.95,0.57,27.63,0.14856,-0.08047,0.72562,0.77043,0.73311,0.2525,0,1,0.18489,0.08213,0.07911,0.18299,0.08131,0.07574,0.48,0.01,0.73311,-0.51951,-0.31592,0.33302,1.57552,-0.00000,0.16710,-0.51681,-0.32461,0.32008,1.57547,-0.00000,-0.17000,16,0.17651,0.08191,0.07984,0.18360,0.09820,0,0.97240,0.00292,-0.00683,0.23318,Left,0,420.60,228.18,406.86,210.78,402.45,187.22,409.46,165.44,414.85,146.27,412.33,157.67,417.16,139.66,422.26,137.80,424.10,144.92,428.51,161.00,438.59,141.82,434.23,161.69,428.26,173.65,443.54,167.96,452.02,154.95,445.22,174.25,438.13,184.85,456.07,178.42,462.54,165.46,456.51,179.10,449.96,188.33,-0.00000,-0.02196,-0.03347,-0.04410,-0.05216,-0.00551,-0.02744,-0.04002,-0.04405,-0.00371,-0.02853,-0.03466,-0.03025,-0.00637,-0.03349,-0.03027,-0.01891,-0.01068,-0.02845,-0.02325,-0.01319,-0.01830,0.08944,0.00664,-0.03706,0.06203,-0.01580,-0.03711,0.03486,-0.03149,-0.03096,0.00349,-0.04488,-0.02455,-0.02487,-0.04960,-0.02791,-0.00563,-0.00694,-0.02086,-0.02704,-0.02045,-0.01520,-0.03122,-0.03671,-0.01770,-0.02167,-0.06390,-0.00440,-0.00353,0.00456,0.00727,-0.02562,-0.02429,-0.00079,-0.00730,-0.04201,-0.01084,0.00693,-0.02513,0.01865,0.00141,0.00564,0.02476,-0.00697,-0.02519,0.01442,0.01152,-0.03708,0.00506,0.02550,-0.02291,0.03078,0.01793,0.00316,0.03884,0.00612,-0.01924,0.02858,0.01855,-0.03712,0.02092,0.03390,-0.02622,0,,,,,0.18360,0.09820,0.01994,0.97000,0.00000,-0.00000,0.24311
3510.1724,1,1,19.60,0.77,27.86,0.14588,-0.07978,0.72068,0.77039,0.71574,0.2862,0,1,0.18736,0.08480,0.07842,0.18654,0.08420,0.07760,0.33,0.01,0.71574,-0.52385,-0.29612,0.30154,1.57303,-0.00000,0.16687,-0.52403,-0.30008,0.29858,1.57214,-0.00000,-0.17000,16,0.17997,0.08448,0.08166,0.18360,0.09820,0,0.97198,0.00484,-0.01340,0.23464,Left,0,420.29,228.15,406.67,211.53,401.45,188.20,407.78,165.80,413.55,146.00,410.72,157.50,415.56,139.43,421.48,136.89,423.48,145.05,426.79,161.37,436.92,142.76,432.55,164.13,426.26,176.05,442.02,168.20,450.12,155.20,443.60,175.32,436.32,185.88,454.64,178.54,461.29,165.17,455.48,179.10,448.56,188.01,-0.00000,-0.02386,-0.03737,-0.04963,-0.05900,-0.00889,-0.03112,-0.04242,-0.04520,-0.00626,-0.03126,-0.03537,-0.02925,-0.00821,-0.03507,-0.02927,-0.01624,-0.01201,-0.02923,-0.02239,-0.01119,-0.01568,0.08919,0.00478,-0.03545,0.06199,-0.01664,-0.03611,0.03473,-0.03120,-0.03038,0.00293,-0.04438,-0.02357,-0.02600,-0.04964,-0.02753,-0.00566,-0.00613,-0.02115,-0.02804,-0.01868,-0.01476,-0.03324,-0.03672,-0.01712,-0.02247,-0.06608,-0.00434,-0.00337,0.00489,0.00697,-0.02535,-0.02521,-0.00199,-0.00524,-0.04215,-0.01154,0.00968,-0.02406,0.01850,0.00178,0.00543,0.02382,-0.00712,-0.02761,0.01343,0.01234,-0.03799,0.00462,0.02593,-0.02334,0.03017,0.01807,0.00178,0.03862,0.00585,-0.02097,0.02826,0.01909,-0.03819,0.01968,0.03347,-0.02721,0,,,,,0.18360,0.09820,0.01994,0.97000,0.00000,-0.00000,0.24311
3510.2001,1,1,16.13,0.84,24.69,0.14329,-0.07863,0.71627,0.77295,0.71185,0.2841,0,1,0.18957,0.08739,0.07727,0.19085,0.08855,0.07757,0.44,0.01,0.71185,-0.53302,-0.25981,0.26740,1.56022,-0.00001,0.16691,-0.53059,-0.27342,0.28075,1.56333,-0.00000,-0.17000,16,0.18414,0.08867,0.08158,0.18360,0.09820,0,0.97081,0.00647,-0.01866,0.23904,Left,0,418.17,228.92,405.03,212.04,400.82,188.43,406.81,166.50,412.00,146.94,409.60,158.87,412.46,141.37,418.14,136.27,421.61,142.58,425.85,162.29,436.03,142.77,431.24,162.37,424.95,174.31,440.80,168.95,449.00,156.50,442.14,175.88,435.39,186.10,453.36,179.33,459.71,166.42,453.58,180.02,447.22,188.76,-0.00000,-0.02186,-0.03334,-0.04401,-0.05207,-0.00455,-0.02613,-0.03781,-0.04105,-0.00308,-0.02894,-0.03424,-0.02824,-0.00613,-0.03364,-0.02864,-0.01556,-0.01093,-0.02799,-0.02119,-0.00980,-0.01602,0.08911,-0.00218,-0.03531,0.06166,-0.02058,-0.03621,0.03419,-0.03342,-0.03046,0.00216,-0.04279,-0.02413,-0.02709,-0.04757,-0.02753,-0.00545,-0.00377,-0.02244,-0.02854,-0.01525,-0.01718,-0.03604,-0.03356,-0.01724,-0.02697,-0.06380,-0.00455,-0.00337,0.00590,0.00658,-0.02666,-0.02308,-0.00158,-0.00923,-0.04214,-0.01114,0.00490,-0.02660,0.01804,0.00189,0.00402,0.02404,-0.00686,-0.02803,0.01360,0.01153,-0.03867,0.00520,0.02494,-0.02432,0.02989,0.01796,-0.00186,0.03828,0.00624,-0.02466,0.02819,0.01910,-0.04159,0.01992,0.03325,-0.02968,0,,,,,0.18360,0.09820,0.01994,0.97000,0.00000,0.00000,0.24311
3510.2321,1,1,16.33,0.55,27.51,0.14202,-0.07837,0.71627,0.77144,0.71628,0.3009,0,1,0.18957,0.08866,0.07701,0.18930,0.08828,0.07690,0.16,0.00,0.71628,-0.53620,-0.26631,0.27838,1.56043,-0.00001,0.16707,-0.53682,-0.26585,0.27650,1.56011,-0.00000,-0.17000,16,0.18277,0.08828,0.08087,0.18360,0.09820,0,0.97060,0.00573,-0.01621,0.24009,Left,0,417.66,229.28,404.86,212.75,400.20,190.49,405.35,168.96,409.44,149.67,408.97,158.65,412.56,142.90,418.69,136.82,421.70,142.78,425.20,162.23,434.58,144.17,429.97,165.28,423.96,175.74,440.13,168.56,447.93,156.74,441.41,175.87,434.61,184.39,452.58,179.07,458.65,166.81,452.50,180.58,445.80,187.88,-0.00000,-0.02276,-0.03540,-0.04645,-0.05438,-0.00838,-0.02805,-0.03636,-0.03762,-0.00610,-0.02978,-0.03114,-0.02310,-0.00822,-0.03329,-0.02479,-0.01063,-0.01229,-0.02785,-0.01969,-0.00815,-0.01450,0.08977,0.01074,-0.03444,0.06343,-0.01214,-0.03485,0.03674,-0.02766,-0.03147,0.00567,-0.04164,-0.02672,-0.02471,-0.05027,-0.02750,-0.00466,-0.00451,-0.02183,-0.02713,-0.01682,-0.01578,-0.03575,-0.03426,-0.01699,-0.02836,-0.06585,-0.00447,-0.00340,0.00446,0.00630,-0.02594,-0.02463,-0.00200,-0.00640,-0.04058,-0.01149,0.00613,-0.02100,0.01811,0.00104,0.00491,0.02388,-0.00748,-0.02710,0.01381,0.01061,-0.03738,0.00570,0.02169,-0.02172,0.03039,0.01739,0.00140,0.03789,0.00587,-0.02066,0.02796,0.01877,-0.03659,0.01979,0.03203,-0.02608,0,,,,,0.18360,0.09820,0.01994,0.97000,-0.00000,-0.00000,0.24311
3510.2626,1,1,15.40,0.57,26.06,0.14071,-0.07802,0.71390,0.77352,0.71153,0.2962,0,1,0.19076,0.08997,0.07667,0.19065,0.08997,0.07619,0.20,0.00,0.71153,-0.54051,-0.24573,0.26307,1.55754,-0.00000,0.16714,-0.54001,-0.25192,0.26513,1.55751,-0.00000,-0.17000,16,0.18408,0.08974,0.08007,0.18360,0.09820,0,0.97020,0.00514,-0.01421,0.24182,Left,0,417.71,228.53,404.19,211.97,399.15,189.76,404.77,167.92,409.58,148.66,408.26,158.45,411.17,143.44,416.76,136.58,418.96,141.76,424.83,162.15,433.40,143.95,429.37,165.37,423.04,177.08,439.72,168.70,446.83,156.02,440.84,175.16,433.61,184.58,452.40,179.63,458.08,166.11,452.41,180.02,445.17,187.87,-0.00000,-0.02107,-0.03309,-0.04377,-0.05146,-0.00627,-0.02565,-0.03449,-0.03630,-0.00497,-0.02939,-0.03179,-0.02434,-0.00782,-0.03332,-0.02460,-0.01007,-0.01244,-0.02794,-0.01908,-0.00694,-0.01371,0.08898,0.01181,-0.03415,0.06224,-0.01119,-0.03478,0.03566,-0.02393,-0.03255,0.00418,-0.03719,-0.02703,-0.02673,-0.04453,-0.02777,-0.00465,-0.00350,-0.02335,-0.02670,-0.01467,-0.01813,-0.03626,-0.03091,-0.02033,-0.02978,-0.06162,-0.00451,-0.00347,0.00480,0.00511,-0.02650,-0.02392,-0.00325,-0.00657,-0.03899,-0.01231,0.00645,-0.01718,0.01857,0.00125,0.00423,0.02311,-0.00869,-0.02760,0.01405,0.00971,-0.03744,0.00494,0.02104,-0.02185,0.03090,0.01751,0.00054,0.03745,0.00509,-0.02096,0.02846,0.01747,-0.03656,0.01969,0.03077,-0.02701,0,,,,,0.18360,0.09820,0.01994,0.97000,-0.00000,-0.00000,0.24311
3510.2958,1,1,16.00,0.78,29.20,0.14121,-0.07835,0.72001,0.78608,0.72611,0.2629,0,1,0.18770,0.08947,0.07699,0.18626,0.08862,0.07540,0.30,0.01,0.72611,-0.54695,-0.27642,0.29868,1.55835,-0.00001,0.16720,-0.54619,-0.27320,0.28588,1.55827,-0.00000,-0.17000,16,0.17993,0.08836,0.07936,0.18360,0.09820,0,0.96954,0.00443,-0.01181,0.24460,Left,0,416.66,228.17,403.13,211.31,398.67,188.27,404.34,166.83,409.68,147.93,408.72,159.26,412.04,143.26,416.69,137.34,419.09,141.20,424.36,162.86,433.09,143.86,428.32,163.23,422.73,175.18,439.17,169.53,446.61,156.07,439.63,175.17,432.86,186.18,451.95,179.91,458.08,166.08,451.24,179.28,444.06,188.71,-0.00000,-0.01925,-0.03022,-0.04084,-0.04928,-0.00334,-0.02345,-0.03457,-0.03798,-0.00297,-0.02755,-0.03238,-0.02655,-0.00674,-0.03307,-0.02794,-0.01511,-0.01199,-0.02860,-0.02201,-0.01096,-0.01689,0.08882,-0.00351,-0.03681,0.06084,-0.02028,-0.03751,0.03309,-0.03151,-0.03301,0.00168,-0.04134,-0.02614,-0.02754,-0.04606,-0.02758,-0.00599,-0.00260,-0.02290,-0.02794,-0.01393,-0.01795,-0.03552,-0.03043,-0.01982,-0.03076,-0.06096,-0.00407,-0.00311,0.00563,0.00514,-0.02695,-0.02202,-0.00443,-0.00884,-0.03980,-0.01308,0.00561,-0.02435,0.01818,0.00184,0.00330,0.02332,-0.00812,-0.02730,0.01166,0.01055,-0.03908,0.00324,0.02453,-0.02501,0.03036,0.01813,-0.00334,0.03822,0.00512,-0.02478,0.02714,0.01725,-0.04207,0.01787,0.03223,-0.03197,0,,,,,0.18360,0.09820,0.01994,0.97000,-0.00000,-0.00000,0.24311
3510.3272,1,1,15.17,0.57,26.97,0.13873,-0.07684,0.70928,0.76933,0.69855,0.2931,0,1,0.19307,0.09195,0.07549,0.19076,0.09082,0.07632,0.59,0.01,0.69855,-0.54433,-0.25039,0.26731,1.55121,0.00000,0.16717,-0.54325,-0.22944,0.25001,1.54997,-0.00000,-0.17000,16,0.18427,0.09077,0.08020,0.18360,0.09820,0,0.96958,0.00627,-0.01778,0.24405,Left,0,416.79,229.00,403.39,212.28,398.37,189.15,403.86,167.59,408.89,148.26,408.15,159.13,411.64,144.24,416.11,138.13,418.12,142.55,424.13,162.86,431.96,144.78,426.71,166.20,421.61,177.82,439.17,169.67,445.82,156.47,438.76,176.19,432.57,186.14,452.25,180.46,457.55,167.07,450.47,180.78,443.52,189.14,-0.00000,-0.02054,-0.03203,-0.04266,-0.05066,-0.00468,-0.02457,-0.03416,-0.03655,-0.00365,-0.02796,-0.03050,-0.02310,-0.00699,-0.03309,-0.02537,-0.01116,-0.01202,-0.02842,-0.02060,-0.00895,-0.01511,0.08858,0.00289,-0.03481,0.06091,-0.01506,-0.03590,0.03399,-0.02686,-0.03264,0.00234,-0.03771,-0.02667,-0.02849,-0.04399,-0.02724,-0.00544,-0.00139,-0.02242,-0.02673,-0.01385,-0.01783,-0.03505,-0.03080,-0.02044,-0.02949,-0.06095,-0.00425,-0.00311,0.00555,0.00403,-0.02585,-0.02391,-0.00560,-0.00605,-0.03939,-0.01375,0.00716,-0.01996,0.01811,0.00155,0.00266,0.02232,-0.00807,-0.02929,0.01125,0.00985,-0.03956,0.00325,0.02246,-0.02435,0.02985,0.01792,-0.00396,0.03705,0.00553,-0.02556,0.02603,0.01777,-0.04178,0.01701,0.03187,-0.03079,0,,,,,0.18360,0.09820,0.01994,0.97000,-0.00000,-0.00000,0.24311
3510.3601,1,1,15.95,0.32,28.61,0.13804,-0.07690,0.71002,0.77295,0.71076,0.2706,0,1,0.19270,0.09264,0.07554,0.19363,0.09225,0.07417,0.96,0.01,0.71076,-0.54288,-0.20597,0.23717,1.54939,-0.00000,0.16716,-0.54325,-0.22944,0.25001,1.54997,-0.00000,-0.17000,16,0.18705,0.09212,0.07811,0.18360,0.09820,0,0.96987,0.00445,-0.01193,0.24328,Left,0,415.02,228.91,402.71,211.72,398.51,189.61,403.46,168.24,408.54,149.82,407.18,158.92,410.28,145.58,415.24,137.62,417.82,141.32,423.46,162.58,431.07,145.20,426.16,166.52,420.37,177.76,438.36,169.13,445.00,156.73,438.63,175.53,432.08,185.15,451.49,180.39,456.85,167.24,450.54,180.60,443.54,188.66,-0.00000,-0.01964,-0.03095,-0.04124,-0.04874,-0.00450,-0.02289,-0.03095,-0.03275,-0.00393,-0.02755,-0.02870,-0.02052,-0.00752,-0.03239,-0.02266,-0.00766,-0.01289,-0.02855,-0.01981,-0.00781,-0.01456,0.08929,0.00278,-0.03436,0.06097,-0.01599,-0.03492,0.03417,-0.02662,-0.03228,0.00343,-0.03738,-0.02594,-0.02825,-0.04470,-0.02785,-0.00522,-0.00055,-0.02326,-0.02673,-0.01140,-0.01835,-0.03743,-0.02773,-0.01975,-0.03234,-0.06009,-0.00453,-0.00336,0.00593,0.00444,-0.02684,-0.02186,-0.00559,-0.00711,-0.03667,-0.01371,0.00580,-0.01700,0.01851,0.00147,0.00234,0.02266,-0.00937,-0.02722,0.01291,0.00813,-0.03861,0.00466,0.02042,-0.02466,0.03093,0.01754,-0.00427,0.03766,0.00523,-0.02453,0.02794,0.01630,-0.03937,0.01935,0.03059,-0.03060,0,,,,,0.18360,0.09820,0.01994,0.97000,-0.00000,-0.00000,0.24311
3510.3899,1,1,14.36,0.55,25.28,0.13782,-0.07692,0.71020,0.77780,0.71038,0.3127,0,1,0.19261,0.09286,0.07556,0.19181,0.09235,0.07496,0.10,0.00,0.71038,-0.54859,-0.22611,0.25236,1.54910,-0.00000,0.16718,-0.54835,-0.22469,0.24648,1.54898,-0.00000,-0.17000,16,0.18537,0.09217,0.07894,0.18360,0.09820,0,0.96919,0.00535,-0.01480,0.24582,Left,0,416.29,228.57,403.21,212.01,398.12,189.39,402.99,167.66,408.60,148.74,407.14,158.92,409.72,145.04,414.73,137.26,418.14,140.14,423.52,162.69,431.54,144.51,425.86,165.89,420.07,177.36,438.35,169.36,444.90,156.89,437.74,176.32,431.44,185.80,451.50,180.30,456.62,167.55,449.88,181.03,443.17,188.58,-0.00000,-0.01982,-0.03065,-0.04050,-0.04763,-0.00365,-0.02258,-0.03150,-0.03391,-0.00288,-0.02769,-0.02962,-0.02148,-0.00637,-0.03240,-0.02323,-0.00792,-0.01159,-0.02770,-0.01926,-0.00719,-0.01342,0.08926,0.00471,-0.03377,0.06162,-0.01436,-0.03505,0.03421,-0.02506,-0.03313,0.00280,-0.03683,-0.02690,-0.02839,-0.04259,-0.02774,-0.00528,-0.00087,-0.02395,-0.02684,-0.01217,-0.01932,-0.03729,-0.02776,-0.01929,-0.03351,-0.06005,-0.00440,-0.00330,0.00582,0.00405,-0.02696,-0.02342,-0.00647,-0.00715,-0.03846,-0.01467,0.00593,-0.01886,0.01847,0.00135,0.00251,0.02201,-0.00837,-0.02908,0.01152,0.00983,-0.03987,0.00298,0.02206,-0.02414,0.03088,0.01790,-0.00396,0.03708,0.00620,-0.02560,0.02688,0.01796,-0.04109,0.01867,0.03113,-0.03115,0,,,,,0.18360,0.09820,0.01994,0.97000,-0.00000,-0.00000,0.24311
3510.4232,1,1,14.91,0.17,29.09,0.13776,-0.07701,0.71156,0.77876,0.71291,0.2521,0,1,0.19193,0.09292,0.07565,0.19224,0.09264,0.07508,0.68,0.00,0.71291,-0.54874,-0.22309,0.24848,1.54892,0.00000,0.16719,-0.54835,-0.22469,0.24648,1.54898,-0.00000,-0.17000,16,0.18571,0.09251,0.07901,0.18360,0.09820,0,0.96910,0.00547,-0.01519,0.24614,Left,0,415.55,228.45,402.97,211.87,398.49,188.93,403.27,167.71,407.70,148.56,407.27,159.11,410.21,144.60,415.18,137.50,417.85,141.43,423.13,162.83,430.87,144.56,426.15,164.92,421.02,175.84,438.12,169.51,444.83,156.62,438.19,175.90,432.06,185.26,451.19,180.41,456.77,167.61,449.68,181.12,442.51,189.12,-0.00000,-0.01919,-0.03024,-0.04071,-0.04869,-0.00390,-0.02370,-0.03351,-0.03611,-0.00378,-0.02796,-0.03059,-0.02326,-0.00789,-0.03356,-0.02556,-0.01130,-0.01367,-0.02966,-0.02151,-0.00972,-0.01475,0.08888,0.00275,-0.03454,0.06116,-0.01568,-0.03539,0.03421,-0.02764,-0.03262,0.00316,-0.03886,-0.02696,-0.02785,-0.04595,-0.02753,-0.00586,-0.00092,-0.02328,-0.02713,-0.01263,-0.01840,-0.03606,-0.02875,-0.01975,-0.03084,-0.05972,-0.00435,-0.00330,0.00572,0.00394,-0.02626,-0.02252,-0.00571,-0.00756,-0.03899,-0.01361,0.00550,-0.02118,0.01807,0.00168,0.00278,0.02233,-0.00803,-0.02864,0.01159,0.01035,-0.03963,0.00411,0.02247,-0.02450,0.03031,0.01830,-0.00455,0.03747,0.00632,-0.02618,0.02672,0.01890,-0.04204,0.01783,0.03272,-0.03131,0,,,,,0.18360,0.09820,0.01994,0.97000,-0.00000,0.00000,0.24311
3510.4592,1,1,19.40,0.84,32.68,0.13832,-0.07714,0.71389,0.78207,0.71622,0.2881,0,1,0.19076,0.09236,0.07578,0.19055,0.09211,0.07536,0.19,0.01,0.71622,-0.55116,-0.23934,0.26291,1.54966,-0.00000,0.16721,-0.55148,-0.23863,0.26015,1.54937,-0.00000,-0.17000,16,0.18410,0.09196,0.07930,0.18360,0.09820,0,0.96882,0.00567,-0.01584,0.24721,Left,0,415.61,228.39,402.82,211.92,398.08,188.42,403.43,166.77,409.06,147.40,407.89,159.50,410.53,146.40,415.07,138.34,418.76,139.52,423.68,163.06,431.69,145.32,425.73,165.52,420.88,176.35,438.60,169.73,445.34,156.92,437.78,175.83,431.89,185.23,451.56,180.35,457.04,167.31,449.56,180.30,442.76,188.42,-0.00000,-0.01965,-0.03081,-0.04141,-0.04985,-0.00372,-0.02269,-0.03233,-0.03547,-0.00339,-0.02756,-0.03015,-0.02283,-0.00729,-0.03301,-0.02541,-0.01134,-0.01287,-0.02890,-0.02132,-0.00994,-0.01553,0.08887,-0.00010,-0.03588,0.06099,-0.01733,-0.03684,0.03290,-0.02889,-0.03290,0.00081,-0.03871,-0.02664,-0.03035,-0.04388,-0.02750,-0.00606,-0.00126,-0.02382,-0.02592,-0.01371,-0.01922,-0.03550,-0.02921,-0.01913,-0.03382,-0.05989,-0.00420,-0.00311,0.00600,0.00390,-0.02581,-0.02304,-0.00687,-0.00712,-0.03867,-0.01423,0.00600,-0.02061,0.01798,0.00166,0.00273,0.02189,-0.00769,-0.02833,0.01072,0.01021,-0.03899,0.00334,0.02250,-0.02393,0.03015,0.01799,-0.00435,0.03738,0.00604,-0.02578,0.02639,0.01757,-0.04148,0.01769,0.03147,-0.03077,0,,,,,0.18360,0.09820,0.01994,0.97000,-0.00000,0.00000,0.24311
3510.4899,1,1,16.86,0.96,27.03,0.13755,-0.07695,0.70961,0.77965,0.70532,0.3146,0,1,0.19290,0.09313,0.07559,0.19324,0.09337,0.07509,0.19,0.01,0.70532,-0.54931,-0.21257,0.23763,1.54916,0.00000,0.16720,-0.54930,-0.22231,0.24351,1.54948,-0.00000,-0.17000,16,0.18661,0.09323,0.07887,0.18360,0.09820,0,0.96900,0.00535,-0.01488,0.24655,Left,0,415.88,228.11,402.79,211.49,397.80,188.72,402.23,166.87,407.09,147.65,407.54,158.33,410.88,144.59,414.68,137.06,416.30,140.01,423.80,162.26,431.10,144.28,425.34,165.80,420.25,176.98,438.61,169.20,445.05,156.05,437.39,175.94,431.24,185.69,451.60,180.52,456.56,167.15,449.36,181.05,442.79,189.01,-0.00000,-0.01977,-0.03057,-0.04045,-0.04773,-0.00320,-0.02211,-0.03109,-0.03336,-0.00233,-0.02601,-0.02762,-0.01956,-0.00576,-0.03131,-0.02217,-0.00701,-0.01089,-0.02679,-0.01820,-0.00603,-0.01474,0.08928,0.00319,-0.03493,0.06103,-0.01498,-0.03598,0.03349,-0.02540,-0.03465,0.00180,-0.03580,-0.02899,-0.02973,-0.04167,-0.02746,-0.00599,-0.00073,-0.02326,-0.02721,-0.01248,-0.01942,-0.03690,-0.02828,-0.02235,-0.03324,-0.05994,-0.00422,-0.00338,0.00579,0.00350,-0.02693,-0.02338,-0.00732,-0.00694,-0.03846,-0.01488,0.00594,-0.01832,0.01812,0.00148,0.00233,0.02165,-0.00869,-0.02901,0.01053,0.00992,-0.03975,0.00260,0.02240,-0.02362,0.03023,0.01845,-0.00460,0.03652,0.00603,-0.02617,0.02584,0.01832,-0.04177,0.01756,0.03229,-0.03101,0,,,,,0.18360,0.09820,0.01994,0.97000,-0.00000,0.00000,0.24311
3510.5363,1,1,16.97,0.59,41.06,0.13621,-0.07660,0.70563,0.77200,0.70165,0.2903,0,1,0.19489,0.09447,0.07524,0.19458,0.09427,0.07544,0.26,0.01,0.70165,-0.54969,-0.20364,0.22619,1.54799,-0.00000,0.16724,-0.54971,-0.20215,0.22505,1.54776,-0.00000,-0.17000,16,0.18813,0.09419,0.07912,0.18360,0.09820,0,0.96894,0.00582,-0.01645,0.24666,Left,0,414.18,229.26,401.56,211.91,397.57,188.69,402.48,166.95,407.07,147.69,406.65,158.66,409.71,144.99,414.47,136.69,416.14,140.25,423.08,162.25,430.51,143.70,426.09,165.44,420.55,177.02,437.86,168.78,443.97,156.24,437.78,175.12,431.68,183.96,450.89,179.90,455.69,166.17,450.06,179.52,444.00,186.78,-0.00000,-0.01813,-0.02809,-0.03753,-0.04433,0.00014,-0.01797,-0.02651,-0.02842,0.00011,-0.02326,-0.02487,-0.01650,-0.00421,-0.02863,-0.01883,-0.00339,-0.01023,-0.02410,-0.01417,-0.00142,-0.01534,0.08978,0.00035,-0.03485,0.06164,-0.01724,-0.03533,0.03436,-0.02770,-0.03314,0.00273,-0.03727,-0.02739,-0.02927,-0.04196,-0.02759,-0.00492,-0.00039,-0.02293,-0.02691,-0.01035,-0.01850,-0.03751,-0.02639,-0.02105,-0.03330,-0.05836,-0.00437,-0.00355,0.00608,0.00450,-0.02727,-0.02248,-0.00518,-0.00751,-0.03752,-0.01181,0.00530,-0.01597,0.01850,0.00118,0.00207,0.02206,-0.00883,-0.02907,0.01263,0.00947,-0.03931,0.00519,0.02039,-0.02340,0.03003,0.01775,-0.00535,0.03656,0.00536,-0.02653,0.02744,0.01697,-0.04145,0.02013,0.02992,-0.03049,0,,,,,0.18360,0.09820,0.01994,0.97000,-0.00000,-0.00000,0.24311
3510.5710,1,1,19.34,0.22,31.24,0.13639,-0.07709,0.70617,0.76876,0.70672,0.2957,0,1,0.19462,0.09429,0.07573,0.19460,0.09430,0.07521,0.37,0.01,0.70672,-0.54975,-0.20172,0.22578,1.54769,-0.00000,0.16723,-0.54971,-0.20215,0.22505,1.54776,-0.00000,-0.17000,16,0.18809,0.09416,0.07889,0.18360,0.09820,0,0.96895,0.00564,-0.01594,0.24667,Left,0,415.08,228.78,401.50,211.09,396.81,186.75,402.09,164.70,407.70,145.38,407.64,157.85,411.23,144.01,415.61,137.18,417.82,139.40,423.46,161.52,431.19,142.93,425.54,164.27,420.35,175.84,438.24,168.37,443.91,156.09,436.88,175.88,431.41,185.23,451.11,179.27,455.59,165.79,449.03,179.43,443.50,187.21,-0.00000,-0.01710,-0.02636,-0.03548,-0.04239,0.00057,-0.01798,-0.02767,-0.03057,0.00004,-0.02359,-0.02629,-0.01872,-0.00466,-0.02990,-0.02203,-0.00742,-0.01080,-0.02566,-0.01703,-0.00481,-0.01648,0.08973,0.00292,-0.03588,0.06150,-0.01512,-0.03710,0.03364,-0.02612,-0.03365,0.00096,-0.03633,-0.02735,-0.02988,-0.04216,-0.02709,-0.00608,-0.00133,-0.02197,-0.02613,-0.01417,-0.01775,-0.03447,-0.02915,-0.01965,-0.03163,-0.05864,-0.00404,-0.00342,0.00547,0.00380,-0.02580,-0.02376,-0.00638,-0.00672,-0.03929,-0.01395,0.00653,-0.01993,0.01753,0.00162,0.00262,0.02067,-0.00640,-0.02932,0.00998,0.01237,-0.03924,0.00351,0.02437,-0.02230,0.02943,0.01876,-0.00401,0.03545,0.00647,-0.02618,0.02517,0.01843,-0.04232,0.01850,0.03186,-0.03069,0,,,,,0.18360,0.09820,0.01994,0.97000,-0.00000,-0.00000,0.24311
3510.6020,1,1,17.83,0.58,26.21,0.13664,-0.07795,0.70932,0.77802,0.71246,0.2823,0,1,0.19305,0.09404,0.07659,0.19359,0.09420,0.07664,0.26,0.00,0.71246,-0.55221,-0.21437,0.22852,1.55402,-0.00001,0.16714,-0.55277,-0.21393,0.22964,1.55512,-0.00000,-0.17000,16,0.18713,0.09391,0.08026,0.18360,0.09820,0,0.96872,0.00621,-0.01777,0.24745,Left,0,415.18,228.17,401.36,210.72,397.34,186.49,403.04,164.32,407.80,144.94,406.86,157.95,410.47,143.51,415.02,136.69,417.44,139.78,422.59,161.56,431.19,143.42,425.45,165.19,420.33,176.57,437.40,167.84,444.23,155.83,436.83,175.83,431.08,185.56,450.43,177.95,455.75,165.13,448.87,179.28,442.89,187.60,-0.00000,-0.01837,-0.02765,-0.03636,-0.04263,-0.00097,-0.01927,-0.02765,-0.02929,-0.00025,-0.02341,-0.02463,-0.01596,-0.00383,-0.02932,-0.02115,-0.00628,-0.00894,-0.02490,-0.01704,-0.00524,-0.01650,0.08984,0.00188,-0.03521,0.06207,-0.01859,-0.03540,0.03414,-0.02867,-0.03096,0.00123,-0.03916,-0.02523,-0.03019,-0.04455,-0.02722,-0.00494,-0.00273,-0.02173,-0.02573,-0.01522,-0.01763,-0.03531,-0.03110,-0.01886,-0.03053,-0.06073,-0.00445,-0.00340,0.00538,0.00478,-0.02507,-0.02482,-0.00514,-0.00482,-0.04010,-0.01257,0.00766,-0.01869,0.01775,0.00124,0.00377,0.02217,-0.00661,-0.02904,0.01161,0.01266,-0.03874,0.00412,0.02498,-0.02155,0.03011,0.01764,-0.00206,0.03650,0.00586,-0.02471,0.02639,0.01910,-0.04108,0.01935,0.03320,-0.02885,0,,,,,0.18360,0.09820,0.01994,0.97000,-0.00000,-0.00000,0.24311
3510.6366,1,1,19.85,0.61,27.42,0.13587,-0.07783,0.70701,0.77120,0.70471,0.2841,0,1,0.19420,0.09481,0.07647,0.19395,0.09466,0.07620,0.10,0.00,0.70471,-0.55334,-0.20364,0.22035,1.55587,0.00000,0.16716,-0.55325,-0.20439,0.21893,1.55619,-0.00000,-0.17000,16,0.18746,0.09437,0.07978,0.18360,0.09820,0,0.96860,0.00544,-0.01531,0.24810,Left,0,413.87,228.20,401.64,209.99,397.57,186.85,402.19,165.03,407.47,145.90,406.33,157.51,409.26,144.26,413.46,136.39,415.99,138.63,422.66,161.24,430.22,143.04,424.75,163.99,419.51,175.44,437.67,168.06,443.98,155.24,436.50,174.58,430.28,184.04,450.79,179.37,455.63,165.73,448.54,179.31,442.05,187.20,-0.00000,-0.01767,-0.02713,-0.03629,-0.04311,0.00100,-0.01682,-0.02587,-0.02851,0.00082,-0.02240,-0.02480,-0.01721,-0.00361,-0.02826,-0.01972,-0.00502,-0.00963,-0.02430,-0.01556,-0.00350,-0.01521,0.08935,-0.00437,-0.03545,0.06088,-0.02042,-0.03564,0.03327,-0.02993,-0.03311,0.00080,-0.03751,-0.02664,-0.03083,-0.04244,-0.02755,-0.00587,0.00025,-0.02346,-0.02657,-0.01156,-0.01962,-0.03636,-0.02760,-0.02126,-0.03316,-0.05935,-0.00422,-0.00335,0.00647,0.00361,-0.02702,-0.02199,-0.00635,-0.00814,-0.03882,-0.01428,0.00550,-0.02152,0.01783,0.00177,0.00197,0.02175,-0.00836,-0.02932,0.01084,0.00988,-0.04080,0.00319,0.02210,-0.02585,0.03017,0.01847,-0.00634,0.03662,0.00578,-0.02803,0.02632,0.01788,-0.04410,0.01831,0.03138,-0.03351,0,,,,,0.18360,0.09820,0.01994,0.97000,-0.00000,-0.00000,0.24311
3510.6658,1,1,16.27,0.79,24.23,0.13542,-0.07802,0.70499,0.77582,0.70297,0.3185,0,1,0.19521,0.09527,0.07667,0.19531,0.09528,0.07647,0.09,0.00,0.70297,-0.55230,-0.19083,0.20505,1.55832,0.00000,0.16718,-0.55256,-0.19479,0.20759,1.55791,-0.00000,-0.17000,16,0.18892,0.09509,0.08006,0.18360,0.09820,0,0.96870,0.00549,-0.01553,0.24769,Left,0,414.58,227.31,401.19,209.82,396.61,186.30,401.48,164.18,406.63,144.87,406.74,157.41,409.49,143.94,413.57,135.87,416.19,137.24,422.63,161.00,430.65,142.62,424.64,163.62,419.18,174.76,437.51,167.61,443.42,155.14,435.84,175.00,429.87,184.62,450.58,178.33,455.24,165.01,448.33,178.80,442.31,186.98,-0.00000,-0.01842,-0.02822,-0.03769,-0.04496,-0.00070,-0.01914,-0.02827,-0.03089,-0.00052,-0.02468,-0.02712,-0.01923,-0.00460,-0.03073,-0.02290,-0.00808,-0.01020,-0.02638,-0.01857,-0.00671,-0.01611,0.08908,-0.00246,-0.03570,0.06055,-0.02030,-0.03643,0.03304,-0.02972,-0.03324,0.00060,-0.03765,-0.02768,-0.03075,-0.04200,-0.02730,-0.00553,-0.00133,-0.02328,-0.02596,-0.01295,-0.01920,-0.03623,-0.02834,-0.02057,-0.03370,-0.06005,-0.00419,-0.00327,0.00599,0.00404,-0.02605,-0.02303,-0.00642,-0.00707,-0.03924,-0.01469,0.00584,-0.02039,0.01796,0.00138,0.00281,0.02070,-0.00722,-0.02900,0.01000,0.01145,-0.03995,0.00254,0.02410,-0.02380,0.02968,0.01768,-0.00441,0.03592,0.00599,-0.02620,0.02571,0.01820,-0.04243,0.01894,0.03199,-0.03175,0,,,,,0.18360,0.09820,0.01994,0.97000,-0.00000,0.00000,0.24311
3510.6948,1,1,14.98,0.18,26.02,0.13550,-0.07893,0.70573,0.77431,0.70647,0.2789,0,1,0.19484,0.09518,0.07757,0.19501,0.09516,0.07668,0.91,0.00,0.70647,-0.55262,-0.19528,0.20825,1.55829,-0.00000,0.16719,-0.55256,-0.19479,0.20759,1.55791,-0.00000,-0.17000,16,0.18861,0.09495,0.08021,0.18360,0.09820,0,0.96866,0.00558,-0.01584,0.24782,Left,0,414.62,226.74,401.60,209.75,396.86,186.87,401.49,164.93,406.19,146.00,406.42,156.32,409.68,142.73,414.29,135.63,415.77,138.86,422.57,159.94,429.97,142.18,425.04,163.22,419.20,173.64,437.60,166.43,443.80,154.41,437.11,174.44,430.53,183.84,450.62,177.41,455.60,164.21,449.24,178.71,442.72,186.83,-0.00000,-0.01920,-0.02961,-0.03919,-0.04618,-0.00305,-0.02130,-0.02953,-0.03126,-0.00246,-0.02546,-0.02695,-0.01890,-0.00602,-0.03134,-0.02249,-0.00754,-0.01118,-0.02706,-0.01836,-0.00608,-0.01509,0.08961,0.00404,-0.03461,0.06170,-0.01480,-0.03540,0.03479,-0.02515,-0.03288,0.00351,-0.03595,-0.02770,-0.02763,-0.04312,-0.02721,-0.00562,-0.00044,-0.02253,-0.02628,-0.01216,-0.01837,-0.03551,-0.02730,-0.02045,-0.03125,-0.05853,-0.00433,-0.00375,0.00564,0.00387,-0.02583,-0.02307,-0.00606,-0.00675,-0.03882,-0.01428,0.00531,-0.01882,0.01802,0.00133,0.00232,0.02172,-0.00772,-0.02886,0.01145,0.01118,-0.03953,0.00338,0.02310,-0.02321,0.03045,0.01797,-0.00438,0.03625,0.00567,-0.02622,0.02681,0.01868,-0.04162,0.01923,0.03296,-0.03069,0,,,,,0.18360,0.09820,0.01994,0.97000,-0.00000,0.00000,0.24311
3510.7255,0,1,14.91,0.00,27.65,0.13668,-0.07952,0.71244,0.78576,0.71915,0.3122,0,1,0.19484,0.09518,0.07757,0.19506,0.09517,0.07656,,,0.71915,-0.55251,-0.19447,0.20826,1.55781,-0.00000,0.16720,-0.55256,-0.19479,0.20759,1.55791,-0.00000,-0.17000,16,0.18859,0.09492,0.08009,0.18360,0.09820,0,0.96867,0.00554,-0.01579,0.24779,Left,0,415.02,227.45,401.15,209.91,396.49,185.96,402.10,164.24,407.49,145.64,406.27,157.96,409.27,143.93,413.88,136.56,416.81,137.99,422.35,160.94,430.00,142.30,425.28,162.23,420.38,173.76,437.24,167.24,443.71,153.92,437.24,172.92,431.51,183.31,450.35,177.65,455.33,163.40,449.30,176.75,443.67,185.75,-0.00000,-0.01704,-0.02570,-0.03429,-0.04083,0.00134,-0.01618,-0.02565,-0.02874,0.00090,-0.02208,-0.02569,-0.01916,-0.00359,-0.02875,-0.02240,-0.00897,-0.00948,-0.02500,-0.01759,-0.00627,-0.01578,0.08967,-0.00873,-0.03557,0.06119,-0.02424,-0.03693,0.03319,-0.03280,-0.03315,0.00058,-0.03891,-0.02634,-0.02947,-0.04138,-0.02772,-0.00504,-0.00094,-0.02333,-0.02598,-0.01201,-0.01883,-0.03602,-0.02813,-0.01942,-0.03355,-0.05921,-0.00431,-0.00329,0.00631,0.00378,-0.02729,-0.02103,-0.00510,-0.00939,-0.03856,-0.01259,0.00417,-0.02186,0.01834,0.00134,0.00254,0.02246,-0.00932,-0.02748,0.01244,0.00868,-0.03915,0.00505,0.02235,-0.02586,0.03056,0.01745,-0.00565,0.03719,0.00375,-0.02601,0.02742,0.01517,-0.04227,0.02108,0.03002,-0.03240,0,,,,,0.18360,0.09820,0.01994,0.97000,-0.00000,0.00000,0.24311
3510.7584,0,1,15.42,0.00,29.87,0.13466,-0.07892,0.70189,0.76504,0.69134,0.2824,0,1,0.19484,0.09518,0.07757,0.19507,0.09518,0.07659,,,0.69134,-0.55253,-0.19431,0.20792,1.55796,-0.00000,0.16721,-0.55256,-0.19479,0.20759,1.55791,-0.00000,-0.17000,16,0.18862,0.09494,0.08011,0.18360,0.09820,0,0.96866,0.00556,-0.01590,0.24782,Left,0,414.90,227.01,401.97,210.01,396.43,187.33,401.14,165.43,405.89,145.74,406.16,155.86,410.80,141.32,414.84,136.42,415.60,141.07,422.51,159.55,430.23,141.79,424.83,163.90,419.42,175.04,437.57,166.30,444.00,154.01,437.02,174.09,430.89,183.55,450.56,177.32,455.40,164.22,448.83,178.46,442.67,186.41,-0.00000,-0.02051,-0.03233,-0.04334,-0.05165,-0.00378,-0.02412,-0.03430,-0.03701,-0.00293,-0.02711,-0.02982,-0.02256,-0.00655,-0.03229,-0.02424,-0.00980,-0.01193,-0.02745,-0.01885,-0.00669,-0.01469,0.08961,0.00739,-0.03411,0.06176,-0.01201,-0.03598,0.03565,-0.02412,-0.03328,0.00428,-0.03673,-0.02843,-0.02673,-0.04392,-0.02670,-0.00563,-0.00168,-0.02157,-0.02616,-0.01513,-0.01731,-0.03263,-0.03087,-0.02146,-0.02722,-0.05983,-0.00407,-0.00346,0.00505,0.00422,-0.02528,-0.02449,-0.00628,-0.00472,-0.03974,-0.01428,0.00821,-0.01919,0.01767,0.00122,0.00285,0.02159,-0.00689,-0.02908,0.01057,0.01143,-0.03948,0.00376,0.02303,-0.02269,0.03004,0.01808,-0.00269,0.03616,0.00620,-0.02495,0.02581,0.01888,-0.04050,0.01851,0.03256,-0.02984,0,,,,,0.18360,0.09820,0.01994,0.97000,-0.00000,-0.00000,0.24311
3510.7908,0,1,15.63,0.00,28.42,0.13387,-0.07874,0.70046,0.77082,0.69904,0.2863,0,1,0.19484,0.09518,0.07757,0.19507,0.09518,0.07658,,,0.69904,-0.55255,-0.19435,0.20802,1.55792,0.00000,0.16722,-0.55256,-0.19479,0.20759,1.55791,-0.00000,-0.17000,16,0.18861,0.09494,0.08010,0.18360,0.09820,0,0.96865,0.00557,-0.01598,0.24785,Left,0,413.33,226.72,400.48,210.02,396.08,185.81,401.38,164.06,406.44,144.66,406.04,156.47,409.92,142.11,413.77,135.06,415.77,137.35,421.78,160.30,430.16,141.63,424.31,162.10,419.16,173.36,436.77,167.18,443.77,153.80,436.29,173.21,430.27,182.99,449.68,177.93,455.24,164.20,448.12,177.60,441.79,185.99,-0.00000,-0.01936,-0.03004,-0.04019,-0.04811,-0.00322,-0.02296,-0.03318,-0.03621,-0.00288,-0.02747,-0.03055,-0.02324,-0.00679,-0.03292,-0.02574,-0.01155,-0.01231,-0.02829,-0.02048,-0.00873,-0.01674,0.08884,-0.00098,-0.03619,0.06085,-0.01781,-0.03668,0.03307,-0.02871,-0.03261,0.00131,-0.03815,-0.02698,-0.02890,-0.04275,-0.02669,-0.00612,-0.00135,-0.02208,-0.02646,-0.01367,-0.01827,-0.03494,-0.02913,-0.02061,-0.03238,-0.05874,-0.00401,-0.00317,0.00569,0.00414,-0.02598,-0.02248,-0.00613,-0.00774,-0.03836,-0.01402,0.00548,-0.02099,0.01767,0.00173,0.00271,0.02197,-0.00755,-0.02828,0.01050,0.01027,-0.03890,0.00333,0.02293,-0.02350,0.02951,0.01825,-0.00437,0.03653,0.00581,-0.02581,0.02577,0.01784,-0.04143,0.01791,0.03162,-0.03052,0,,,,,0.18360,0.09820,0.01994,0.97000,-0.00000,-0.00000,0.24311
3510.8223,0,1,15.71,0.00,28.36,0.13502,-0.08025,0.70886,0.77857,0.71725,0.2931,0,1,0.19484,0.09518,0.07757,0.19507,0.09519,0.07658,,,0.71725,-0.55256,-0.19438,0.20801,1.55791,-0.00000,0.16722,-0.55256,-0.19479,0.20759,1.55791,-0.00000,-0.17000,16,0.18861,0.09494,0.08011,0.18360,0.09820,0,0.96864,0.00559,-0.01609,0.24787,Left,0,413.95,226.09,400.19,208.72,395.16,184.90,400.01,162.75,404.88,143.18,405.43,155.38,408.84,141.27,412.75,133.76,414.07,136.13,421.54,159.10,429.73,140.46,424.04,161.39,418.05,172.79,436.23,166.12,442.64,152.89,435.37,172.49,429.06,182.17,448.95,177.37,453.63,163.88,446.97,177.72,440.79,185.98,-0.00000,-0.01838,-0.02797,-0.03703,-0.04373,-0.00094,-0.01963,-0.02913,-0.03185,-0.00088,-0.02493,-0.02769,-0.02022,-0.00503,-0.03099,-0.02322,-0.00869,-0.01069,-0.02695,-0.01891,-0.00695,-0.01610,0.09016,0.00117,-0.03612,0.06155,-0.01646,-0.03701,0.03350,-0.02652,-0.03446,0.00109,-0.03555,-0.02861,-0.02973,-0.04040,-0.02751,-0.00610,-0.00036,-0.02238,-0.02706,-0.01243,-0.01861,-0.03650,-0.02738,-0.02169,-0.03321,-0.05719,-0.00414,-0.00368,0.00580,0.00455,-0.02677,-0.02304,-0.00576,-0.00780,-0.03872,-0.01463,0.00491,-0.01899,0.01810,0.00180,0.00202,0.02173,-0.00809,-0.02935,0.01103,0.01056,-0.04002,0.00296,0.02274,-0.02372,0.03006,0.01923,-0.00537,0.03603,0.00626,-0.02721,0.02593,0.01838,-0.04344,0.01855,0.03259,-0.03161,0,,,,,0.18360,0.09820,0.01994,0.97000,0.00000,0.00000,0.24311
3510.8573,0,1,17.84,0.00,31.43,0.13242,-0.08048,0.69953,0.76392,0.69021,0.3366,0,1,0.19484,0.09518,0.07757,0.19507,0.09519,0.07659,,,0.69021,-0.55256,-0.19438,0.20799,1.55792,-0.00000,0.16723,-0.55256,-0.19479,0.20759,1.55791,-0.00000,-0.17000,16,0.18861,0.09494,0.08011,0.18360,0.09820,0,0.96864,0.00560,-0.01618,0.24789,Left,0,412.80,224.39,399.45,206.90,394.54,183.57,399.48,161.66,404.28,142.39,404.24,153.41,408.08,140.20,411.62,132.66,413.05,135.01,420.47,157.46,428.50,139.69,422.32,161.46,416.39,172.62,435.44,164.60,441.68,152.10,434.22,172.08,427.85,181.49,448.29,176.11,453.24,162.57,446.28,176.66,439.77,184.62,-0.00000,-0.02025,-0.03133,-0.04150,-0.04923,-0.00377,-0.02351,-0.03330,-0.03610,-0.00297,-0.02798,-0.03027,-0.02227,-0.00654,-0.03299,-0.02433,-0.00916,-0.01183,-0.02815,-0.01958,-0.00725,-0.01503,0.08880,0.00265,-0.03461,0.06026,-0.01584,-0.03543,0.03289,-0.02501,-0.03344,0.00132,-0.03443,-0.02859,-0.02951,-0.03952,-0.02685,-0.00576,-0.00033,-0.02229,-0.02595,-0.01248,-0.01913,-0.03573,-0.02788,-0.02211,-0.03223,-0.05907,-0.00415,-0.00336,0.00588,0.00371,-0.02564,-0.02366,-0.00704,-0.00571,-0.03838,-0.01582,0.00634,-0.01789,0.01785,0.00167,0.00221,0.02121,-0.00776,-0.02900,0.01067,0.01070,-0.03938,0.00223,0.02263,-0.02351,0.02977,0.01835,-0.00501,0.03566,0.00637,-0.02621,0.02586,0.01852,-0.04160,0.01816,0.03178,-0.03067,0,,,,,0.18360,0.09820,0.01994,0.97000,-0.00000,-0.00000,0.24311
3510.8914,0,1,20.31,0.00,30.34,0.13070,-0.08231,0.69746,0.76640,0.69538,0.4147,0,1,0.19484,0.09518,0.07757,0.19507,0.09519,0.07659,,,0.69538,-0.55256,-0.19438,0.20799,1.55792,-0.00000,0.16723,-0.55256,-0.19479,0.20759,1.55791,-0.00000,-0.17000,16,0.18861,0.09494,0.08011,0.18360,0.09820,0,0.96863,0.00561,-0.01626,0.24790,Left,0,412.14,222.12,398.12,205.33,392.66,180.72,397.05,158.52,401.90,139.13,402.42,151.90,404.72,137.59,409.29,130.43,411.82,132.91,418.59,155.33,426.69,138.23,421.46,158.71,415.49,169.09,433.99,162.27,440.67,149.91,433.58,169.52,427.04,178.09,446.91,173.08,451.85,160.71,445.42,175.00,439.40,182.53,-0.00000,-0.01841,-0.02814,-0.03749,-0.04496,-0.00138,-0.02072,-0.03134,-0.03475,-0.00141,-0.02526,-0.02889,-0.02236,-0.00565,-0.03152,-0.02475,-0.01118,-0.01133,-0.02739,-0.01942,-0.00765,-0.01422,0.08826,0.00259,-0.03519,0.06147,-0.01685,-0.03721,0.03266,-0.02631,-0.03409,0.00101,-0.03473,-0.02974,-0.02944,-0.03641,-0.02686,-0.00520,-0.00252,-0.02380,-0.02619,-0.01528,-0.02012,-0.03562,-0.03067,-0.02060,-0.03175,-0.06025,-0.00441,-0.00394,0.00599,0.00324,-0.02446,-0.02493,-0.00654,-0.00551,-0.04001,-0.01509,0.00643,-0.01987,0.01865,0.00133,0.00327,0.02117,-0.00667,-0.02918,0.01122,0.01192,-0.03953,0.00294,0.02326,-0.02273,0.03040,0.01810,-0.00310,0.03624,0.00699,-0.02583,0.02660,0.02008,-0.04118,0.01992,0.03293,-0.02895,0,,,,,0.18360,0.09820,0.01994,0.97000,0.00000,-0.00000,0.24311
3510.9192,0,1,17.41,0.00,23.17,0.12922,-0.08456,0.69863,0.77499,0.69979,0.3668,0,1,0.19484,0.09518,0.07757,0.19507,0.09519,0.07659,,,0.69979,-0.55256,-0.19438,0.20799,1.55792,-0.00000,0.16724,-0.55256,-0.19479,0.20759,1.55791,-0.00000,-0.17000,16,0.18861,0.09494,0.08011,0.18360,0.09820,0,0.96863,0.00561,-0.01632,0.24791,Left,0,410.63,219.88,395.94,203.49,390.67,178.63,395.38,156.00,400.70,136.67,400.44,149.94,402.76,135.52,406.69,127.96,409.01,130.87,416.97,153.47,424.76,135.18,419.67,155.23,413.86,167.01,432.34,160.75,438.54,147.40,431.39,166.92,424.93,176.73,445.46,172.14,449.76,158.91,443.25,172.53,437.25,180.50,-0.00000,-0.01817,-0.02756,-0.03650,-0.04340,-0.00110,-0.02024,-0.03053,-0.03376,-0.00126,-0.02564,-0.02968,-0.02325,-0.00550,-0.03133,-0.02446,-0.01073,-0.01120,-0.02748,-0.01994,-0.00842,-0.01443,0.08853,-0.00066,-0.03523,0.06050,-0.01625,-0.03751,0.03139,-0.02435,-0.03468,-0.00063,-0.03195,-0.02942,-0.03047,-0.03441,-0.02723,-0.00610,0.00045,-0.02429,-0.02732,-0.01182,-0.02134,-0.03684,-0.02686,-0.02234,-0.03240,-0.05646,-0.00433,-0.00394,0.00627,0.00312,-0.02617,-0.02289,-0.00664,-0.00796,-0.03830,-0.01476,0.00560,-0.01984,0.01845,0.00177,0.00132,0.02101,-0.00801,-0.02941,0.01071,0.01044,-0.03982,0.00299,0.02287,-0.02438,0.03026,0.01943,-0.00733,0.03574,0.00696,-0.02880,0.02556,0.01888,-0.04339,0.01994,0.03202,-0.03221,0,,,,,0.18360,0.09820,0.01994,0.97000,0.00000,-0.00000,0.24311
3510.9655,0,1,15.10,0.00,42.23,0.12637,-0.08708,0.69322,0.75957,0.68782,0.3830,0,1,0.19484,0.09518,0.07757,0.19507,0.09519,0.07659,,,0.68782,-0.55256,-0.19438,0.20799,1.55792,-0.00000,0.16724,-0.55256,-0.19479,0.20759,1.55791,-0.00000,-0.17000,16,0.18861,0.09494,0.08011,0.18360,0.09820,0,0.96862,0.00562,-0.01642,0.24794,Left,0,409.86,217.64,395.65,201.22,389.19,176.42,392.44,153.64,397.66,133.95,398.39,146.60,400.69,131.98,404.02,125.72,405.89,128.21,415.02,149.83,422.34,131.92,417.02,153.13,412.05,164.63,430.57,156.90,436.73,144.67,429.09,165.08,422.99,174.49,443.86,168.00,448.38,155.52,441.26,169.77,435.02,177.53,-0.00000,-0.01859,-0.02805,-0.03691,-0.04366,-0.00118,-0.02031,-0.03051,-0.03374,-0.00097,-0.02490,-0.02836,-0.02157,-0.00500,-0.03131,-0.02481,-0.01108,-0.01043,-0.02688,-0.01942,-0.00784,-0.01204,0.08886,0.00576,-0.03367,0.06201,-0.01248,-0.03704,0.03365,-0.02174,-0.03575,0.00170,-0.03208,-0.03061,-0.02835,-0.03487,-0.02698,-0.00525,-0.00089,-0.02443,-0.02588,-0.01425,-0.02188,-0.03450,-0.02906,-0.02390,-0.03065,-0.05767,-0.00439,-0.00402,0.00574,0.00237,-0.02498,-0.02435,-0.00786,-0.00582,-0.03885,-0.01448,0.00699,-0.01877,0.01829,0.00113,0.00204,0.02051,-0.00627,-0.03022,0.00994,0.01330,-0.03834,0.00247,0.02522,-0.02035,0.03039,0.01888,-0.00475,0.03575,0.00763,-0.02809,0.02474,0.02023,-0.04337,0.01829,0.03280,-0.02994,0,,,,,0.18360,0.09820,0.01994,0.97000,-0.00000,0.00000,0.24311
3511.0021,0,1,19.98,0.00,32.22,0.12297,-0.08962,0.68719,0.75548,0.68116,0.3783,0,1,0.19484,0.09518,0.07757,0.19507,0.09519,0.07659,,,0.68116,-0.55256,-0.19438,0.20799,1.55792,-0.00000,0.16724,-0.55256,-0.19479,0.20759,1.55791,-0.00000,-0.17000,16,0.18861,0.09494,0.08011,0.18360,0.09820,0,0.96862,0.00563,-0.01650,0.24795,Left,0,408.34,215.46,393.30,199.10,386.29,174.77,389.85,152.41,394.73,132.74,395.74,144.17,397.58,129.63,401.31,121.80,404.08,123.29,412.40,146.96,419.49,128.26,415.01,148.95,410.02,161.74,428.21,153.72,433.96,140.80,427.41,161.76,421.55,173.28,441.81,164.75,446.45,151.29,440.14,165.64,434.29,174.95,-0.00000,-0.01958,-0.02988,-0.03956,-0.04736,-0.00234,-0.02202,-0.03334,-0.03741,-0.00205,-0.02714,-0.03192,-0.02573,-0.00597,-0.03346,-0.02796,-0.01442,-0.01135,-0.02920,-0.02257,-0.01115,-0.01080,0.08944,0.00342,-0.03290,0.06261,-0.01455,-0.03675,0.03455,-0.02472,-0.03529,0.00330,-0.03565,-0.03136,-0.02605,-0.03991,-0.02694,-0.00470,-0.00102,-0.02495,-0.02543,-0.01454,-0.02204,-0.03515,-0.02972,-0.02263,-0.03311,-0.06050,-0.00430,-0.00383,0.00594,0.00199,-0.02635,-0.02365,-0.00736,-0.00786,-0.04000,-0.01456,0.00681,-0.02392,0.01839,0.00055,0.00219,0.02044,-0.00775,-0.02946,0.01057,0.01187,-0.03893,0.00336,0.02595,-0.02305,0.03069,0.01782,-0.00508,0.03639,0.00568,-0.02731,0.02654,0.01752,-0.04316,0.02055,0.03210,-0.03165,0,,,,,0.18360,0.09820,0.01994,0.97000,-0.00000,-0.00000,0.24311
3511.0288,0,1,15.20,0.00,23.04,0.12008,-0.09314,0.68340,0.74957,0.67960,0.3398,0,1,0.19484,0.09518,0.07757,0.19507,0.09519,0.07659,,,0.67960,-0.55256,-0.19438,0.20799,1.55792,-0.00000,0.16724,-0.55256,-0.19479,0.20759,1.55791,-0.00000,-0.17000,16,0.18861,0.09494,0.08011,0.18360,0.09820,0,0.96861,0.00564,-0.01655,0.24796,Left,0,406.54,211.81,390.91,195.74,383.99,171.21,388.27,148.94,393.44,129.74,393.35,139.89,395.56,124.29,399.08,118.01,401.16,121.34,410.47,142.95,417.50,124.47,413.04,144.16,407.53,156.80,426.75,149.99,433.00,136.91,426.16,157.32,419.78,168.85,440.74,161.19,445.34,148.57,438.41,162.71,432.04,171.89,-0.00000,-0.01961,-0.03029,-0.04036,-0.04844,-0.00361,-0.02457,-0.03724,-0.04203,-0.00362,-0.02932,-0.03559,-0.03086,-0.00778,-0.03519,-0.03056,-0.01801,-0.01345,-0.03141,-0.02528,-0.01439,-0.01092,0.08898,0.00984,-0.03309,0.06241,-0.01108,-0.03669,0.03479,-0.02252,-0.03454,0.00461,-0.03630,-0.02941,-0.02365,-0.04172,-0.02775,-0.00533,-0.00214,-0.02482,-0.02553,-0.01695,-0.02285,-0.03371,-0.03268,-0.02410,-0.02913,-0.06198,-0.00438,-0.00395,0.00518,0.00163,-0.02529,-0.02383,-0.00722,-0.00753,-0.04216,-0.01561,0.00615,-0.02833,0.01853,0.00104,0.00302,0.02116,-0.00738,-0.02864,0.01102,0.01173,-0.03967,0.00338,0.02570,-0.02598,0.03122,0.01877,-0.00299,0.03689,0.00679,-0.02516,0.02615,0.01875,-0.04155,0.01987,0.03287,-0.03132,0,,,,,0.18360,0.09820,0.01994,0.97000,-0.00000,-0.00000,0.24311
3511.0622,0,1,15.43,0.00,29.51,0.11550,-0.09478,0.66784,0.73539,0.65229,0.3732,0,1,0.19484,0.09518,0.07757,0.19507,0.09519,0.07659,,,0.65229,-0.55256,-0.19438,0.20799,1.55792,-0.00000,0.16724,-0.55256,-0.19479,0.20759,1.55791,-0.00000,-0.17000,16,0.18861,0.09494,0.08011,0.18360,0.09820,0,0.96861,0.00564,-0.01662,0.24798,Left,0,404.85,208.93,390.02,192.50,382.24,168.48,385.13,145.24,390.64,125.10,391.50,136.48,393.71,122.61,396.20,113.83,397.68,116.72,409.12,139.72,415.30,121.08,409.87,143.60,405.10,155.45,425.67,146.79,430.59,133.65,423.38,155.18,417.94,165.15,440.12,158.46,443.24,144.95,436.56,160.14,431.24,168.53,-0.00000,-0.02105,-0.03300,-0.04419,-0.05309,-0.00335,-0.02464,-0.03535,-0.03842,-0.00283,-0.02900,-0.03159,-0.02336,-0.00703,-0.03508,-0.02636,-0.01064,-0.01297,-0.03076,-0.02237,-0.00975,-0.00968,0.08826,0.00420,-0.03160,0.06105,-0.01307,-0.03606,0.03336,-0.02189,-0.03605,0.00246,-0.03259,-0.03173,-0.02776,-0.03718,-0.02728,-0.00501,0.00020,-0.02555,-0.02522,-0.01199,-0.02350,-0.03578,-0.02741,-0.02663,-0.03170,-0.05971,-0.00423,-0.00357,0.00595,0.00085,-0.02556,-0.02401,-0.00947,-0.00559,-0.03821,-0.01625,0.00729,-0.01858,0.01833,0.00071,0.00138,0.01955,-0.00771,-0.03060,0.00933,0.01127,-0.04000,0.00278,0.02322,-0.02364,0.03080,0.01786,-0.00659,0.03543,0.00603,-0.02840,0.02536,0.01864,-0.04295,0.02024,0.03169,-0.03152,0,,,,,0.18360,0.09820,0.01994,0.97000,-0.00000,0.00000,0.24311
3511.0983,0,1,19.78,0.00,32.76,0.11162,-0.09679,0.65427,0.72578,0.64069,0.4126,0,1,0.19484,0.09518,0.07757,0.19507,0.09519,0.07659,,,0.64069,-0.55256,-0.19438,0.20799,1.55792,-0.00000,0.16724,-0.55256,-0.19479,0.20759,1.55791,-0.00000,-0.17000,16,0.18861,0.09494,0.08011,0.18360,0.09820,0,0.96860,0.00565,-0.01669,0.24799,Left,0,403.75,205.96,388.48,189.05,380.54,164.69,382.51,142.10,387.02,121.84,390.79,133.07,393.42,118.97,394.56,110.15,394.25,112.37,408.12,135.99,413.26,116.64,408.18,138.19,403.56,152.20,424.49,143.03,428.42,129.52,421.53,151.38,416.15,163.64,438.86,154.55,441.57,140.70,434.78,155.80,429.29,165.62,-0.00000,-0.02031,-0.03117,-0.04141,-0.04961,-0.00177,-0.02287,-0.03467,-0.03848,-0.00140,-0.02732,-0.03125,-0.02389,-0.00568,-0.03378,-0.02705,-0.01229,-0.01158,-0.02970,-0.02251,-0.01053,-0.00983,0.08802,0.00160,-0.03188,0.06104,-0.01501,-0.03655,0.03364,-0.02259,-0.03806,0.00299,-0.03265,-0.03390,-0.02646,-0.03688,-0.02651,-0.00515,0.00016,-0.02486,-0.02485,-0.01310,-0.02459,-0.03503,-0.02814,-0.03032,-0.03228,-0.06105,-0.00381,-0.00346,0.00637,-0.00043,-0.02639,-0.02387,-0.01083,-0.00760,-0.04010,-0.01717,0.00668,-0.02332,0.01756,0.00044,0.00118,0.01803,-0.00768,-0.03079,0.00765,0.01199,-0.04096,0.00147,0.02654,-0.02492,0.02957,0.01738,-0.00706,0.03394,0.00524,-0.02912,0.02381,0.01783,-0.04496,0.01816,0.03279,-0.03399,0,,,,,0.18360,0.09820,0.01994,0.97000,-0.00000,-0.00000,0.24311
3511.1280,0,1,17.52,0.00,25.79,0.10818,-0.09965,0.64624,0.71781,0.63821,0.3937,0,1,0.19484,0.09518,0.07757,0.19507,0.09519,0.07659,,,0.63821,-0.55256,-0.19438,0.20799,1.55792,-0.00000,0.16724,-0.55256,-0.19479,0.20759,1.55791,-0.00000,-0.17000,16,0.18861,0.09494,0.08011,0.18360,0.09820,0,0.96860,0.00565,-0.01674,0.24800,Left,0,402.10,203.06,386.10,185.75,378.34,160.84,380.87,138.06,384.96,117.72,387.90,129.27,390.33,115.62,391.90,106.41,392.13,107.62,405.44,132.28,411.07,112.90,406.02,135.82,401.46,149.19,422.27,139.29,426.64,125.02,419.69,147.46,414.36,159.01,437.14,151.03,439.91,136.59,433.02,152.22,427.62,161.75,-0.00000,-0.01868,-0.02926,-0.03950,-0.04791,-0.00130,-0.02217,-0.03361,-0.03744,-0.00197,-0.02752,-0.03047,-0.02262,-0.00710,-0.03481,-0.02649,-0.01099,-0.01374,-0.03127,-0.02275,-0.01007,-0.00921,0.08793,0.00544,-0.03189,0.06067,-0.01151,-0.03566,0.03345,-0.01977,-0.03690,0.00246,-0.03032,-0.03314,-0.02718,-0.03561,-0.02689,-0.00464,0.00120,-0.02539,-0.02392,-0.01215,-0.02494,-0.03500,-0.02762,-0.02944,-0.03273,-0.05909,-0.00414,-0.00369,0.00627,-0.00052,-0.02604,-0.02323,-0.01043,-0.00628,-0.03784,-0.01697,0.00754,-0.02006,0.01807,0.00062,0.00084,0.01827,-0.00832,-0.03047,0.00828,0.01092,-0.03883,0.00225,0.02530,-0.02309,0.03026,0.01769,-0.00766,0.03429,0.00494,-0.02891,0.02435,0.01772,-0.04362,0.01929,0.03199,-0.03217,0,,,,,0.18360,0.09820,0.01994,0.97000,0.00000,-0.00000,0.24311
3511.1594,0,1,16.11,0.00,27.20,0.10514,-0.10253,0.64167,0.72684,0.63710,0.4192,0,1,0.19484,0.09518,0.07757,0.19507,0.09519,0.07659,,,0.63710,-0.55256,-0.19438,0.20799,1.55792,-0.00000,0.16724,-0.55256,-0.19479,0.20759,1.55791,-0.00000,-0.17000,16,0.18861,0.09494,0.08011,0.18360,0.09820,0,0.96859,0.00565,-0.01679,0.24802,Left,0,401.53,199.71,385.10,183.43,375.77,158.92,376.71,135.71,380.77,115.35,384.78,127.18,386.21,110.87,389.19,103.03,391.26,105.23,402.61,129.86,408.34,109.51,404.13,130.33,399.16,144.17,419.93,136.74,424.93,122.38,417.94,144.15,411.51,156.89,435.26,147.95,438.98,133.35,431.80,148.65,425.09,159.46,-0.00000,-0.02055,-0.03196,-0.04285,-0.05180,-0.00370,-0.02559,-0.03851,-0.04327,-0.00354,-0.03041,-0.03622,-0.03044,-0.00780,-0.03718,-0.03246,-0.01896,-0.01351,-0.03319,-0.02714,-0.01574,-0.00683,0.08777,0.00633,-0.03050,0.06130,-0.01136,-0.03613,0.03387,-0.02053,-0.03804,0.00314,-0.03108,-0.03502,-0.02595,-0.03651,-0.02735,-0.00441,0.00007,-0.02650,-0.02543,-0.01347,-0.02465,-0.03511,-0.02924,-0.02685,-0.03162,-0.06086,-0.00441,-0.00381,0.00571,-0.00035,-0.02626,-0.02369,-0.00946,-0.00853,-0.04056,-0.01699,0.00569,-0.02534,0.01843,0.00048,0.00140,0.01955,-0.00828,-0.02985,0.00902,0.01110,-0.03930,0.00145,0.02575,-0.02418,0.03123,0.01714,-0.00627,0.03635,0.00420,-0.02786,0.02640,0.01728,-0.04382,0.01902,0.03259,-0.03275,0,,,,,0.18360,0.09820,0.01994,0.97000,0.00000,-0.00000,0.24311
3511.1900,0,1,15.42,0.00,26.19,0.10066,-0.10450,0.63221,0.71266,0.62274,0.4257,0,1,0.19484,0.09518,0.07757,0.19507,0.09519,0.07659,,,0.62274,-0.55256,-0.19438,0.20799,1.55792,-0.00000,0.16724,-0.55256,-0.19479,0.20759,1.55791,-0.00000,-0.17000,16,0.18861,0.09494,0.08011,0.18360,0.09820,0,0.96859,0.00565,-0.01684,0.24803,Left,0,397.99,197.44,381.87,181.26,372.16,156.37,372.99,132.93,377.54,112.08,380.40,123.84,381.97,109.30,385.26,101.14,388.25,102.64,399.06,126.48,405.42,107.09,400.50,130.02,395.49,143.28,417.27,133.41,422.48,119.79,414.92,142.49,408.52,154.37,433.29,145.05,436.72,131.13,428.79,146.88,421.93,156.81,-0.00000,-0.02207,-0.03504,-0.04735,-0.05769,-0.00487,-0.02835,-0.04214,-0.04749,-0.00460,-0.03273,-0.03759,-0.03075,-0.00912,-0.03916,-0.03252,-0.01763,-0.01537,-0.03479,-0.02740,-0.01510,-0.00628,0.08787,0.00643,-0.03023,0.06118,-0.00957,-0.03574,0.03392,-0.01910,-0.03803,0.00280,-0.02961,-0.03426,-0.02620,-0.03573,-0.02790,-0.00451,0.00090,-0.02721,-0.02414,-0.01375,-0.02401,-0.03302,-0.03058,-0.02644,-0.02982,-0.06159,-0.00443,-0.00336,0.00567,0.00034,-0.02526,-0.02458,-0.00949,-0.00533,-0.04034,-0.01705,0.00845,-0.02325,0.01867,0.00037,0.00072,0.01943,-0.00809,-0.03050,0.00894,0.01147,-0.03917,0.00198,0.02547,-0.02362,0.03197,0.01675,-0.00699,0.03729,0.00491,-0.02871,0.02575,0.01815,-0.04224,0.01840,0.03202,-0.03051,0,,,,,0.18360,0.09820,0.01994,0.97000,-0.00000,0.00000,0.24311
3511.2226,0,1,15.32,0.00,27.89,0.09709,-0.10626,0.62669,0.71241,0.62118,0.4298,0,1,0.19484,0.09518,0.07757,0.19507,0.09519,0.07659,,,0.62118,-0.55256,-0.19438,0.20799,1.55792,-0.00000,0.16724,-0.55256,-0.19479,0.20759,1.55791,-0.00000,-0.17000,16,0.18861,0.09494,0.08010,0.18360,0.09820,0,0.96859,0.00566,-0.01690,0.24804,Left,0,396.51,195.83,379.15,179.79,369.15,154.41,368.90,130.45,372.50,109.43,377.98,122.90,378.82,107.78,381.93,98.23,384.85,100.38,396.57,125.24,401.88,104.37,397.73,126.86,393.71,140.87,414.78,131.56,419.06,117.08,412.31,139.71,407.00,151.72,431.37,142.57,433.95,127.56,426.90,143.31,421.30,153.49,-0.00000,-0.02144,-0.03298,-0.04383,-0.05263,-0.00350,-0.02723,-0.04068,-0.04524,-0.00316,-0.03181,-0.03644,-0.02880,-0.00768,-0.03803,-0.03076,-0.01491,-0.01390,-0.03324,-0.02537,-0.01244,-0.00551,0.08697,-0.00630,-0.02965,0.06028,-0.02022,-0.03551,0.03281,-0.02558,-0.03981,0.00167,-0.03132,-0.03663,-0.02769,-0.03385,-0.02824,-0.00354,0.00113,-0.02783,-0.02381,-0.01118,-0.02580,-0.03507,-0.02787,-0.02798,-0.03127,-0.05961,-0.00460,-0.00286,0.00647,-0.00100,-0.02662,-0.02277,-0.01005,-0.00742,-0.03878,-0.01677,0.00602,-0.02118,0.01860,-0.00024,0.00076,0.01871,-0.00908,-0.03008,0.00906,0.01016,-0.03938,0.00309,0.02445,-0.02381,0.03196,0.01503,-0.00876,0.03657,0.00232,-0.02939,0.02608,0.01567,-0.04410,0.02058,0.03029,-0.03299,0,,,,,0.18360,0.09820,0.01994,0.97000,-0.00000,0.00000,0.24311
3511.2548,0,1,16.54,0.00,27.87,0.09351,-0.10840,0.62677,0.71033,0.62686,0.4420,0,1,0.19484,0.09518,0.07757,0.19507,0.09519,0.07659,,,0.62686,-0.55256,-0.19438,0.20799,1.55792,-0.00000,0.16724,-0.55256,-0.19479,0.20759,1.55791,-0.00000,-0.17000,16,0.18861,0.09494,0.08010,0.18360,0.09820,0,0.96858,0.00566,-0.01695,0.24805,Left,0,393.11,193.98,374.30,177.68,364.67,151.20,365.38,126.96,367.91,106.00,373.83,121.07,373.49,104.89,377.27,95.45,381.28,97.51,392.30,123.61,398.26,101.59,393.14,123.09,388.12,137.21,410.65,130.48,415.79,114.09,408.15,136.33,401.88,149.19,427.66,142.18,430.68,126.15,422.33,141.23,415.21,152.17,-0.00000,-0.01960,-0.03015,-0.04035,-0.04861,-0.00377,-0.02672,-0.03958,-0.04398,-0.00462,-0.03300,-0.03760,-0.03020,-0.00997,-0.03991,-0.03282,-0.01735,-0.01688,-0.03680,-0.02950,-0.01697,-0.00585,0.08616,-0.00652,-0.03057,0.05938,-0.01861,-0.03635,0.03105,-0.02430,-0.03882,-0.00022,-0.02876,-0.03598,-0.02956,-0.03110,-0.02866,-0.00465,0.00202,-0.02851,-0.02573,-0.01045,-0.02609,-0.03661,-0.02719,-0.02651,-0.03235,-0.05826,-0.00466,-0.00307,0.00654,-0.00064,-0.02802,-0.02157,-0.01018,-0.01079,-0.03837,-0.01821,0.00411,-0.02434,0.01842,0.00088,0.00046,0.01934,-0.01065,-0.02961,0.00889,0.00780,-0.03852,0.00181,0.02289,-0.02425,0.03225,0.01598,-0.00977,0.03768,0.00236,-0.02933,0.02536,0.01477,-0.04334,0.01774,0.03027,-0.03210,0,,,,,0.18360,0.09820,0.01994,0.97000,-0.00000,-0.00000,0.24311
3511.2893,0,1,18.59,0.00,30.81,0.08928,-0.10972,0.62299,0.70094,0.61920,0.4343,0,1,0.19484,0.09518,0.07757,0.19507,0.09519,0.07659,,,0.61920,-0.55256,-0.19438,0.20799,1.55792,-0.00000,0.16724,-0.55256,-0.19479,0.20759,1.55791,-0.00000,-0.17000,16,0.18861,0.09494,0.08010,0.18360,0.09820,0,0.96858,0.00566,-0.01700,0.24806,Left,0,390.72,192.64,371.21,175.94,360.72,149.98,361.04,126.28,363.40,105.26,369.70,120.06,369.70,103.80,373.40,94.20,377.57,95.16,388.43,122.19,393.93,100.08,389.75,120.99,385.11,136.97,407.25,128.57,411.75,111.81,404.55,134.47,398.06,149.64,424.55,139.58,426.66,122.41,418.80,137.89,412.04,150.65,-0.00000,-0.01869,-0.02937,-0.04002,-0.04920,-0.00388,-0.02695,-0.04106,-0.04655,-0.00523,-0.03369,-0.03979,-0.03374,-0.01080,-0.04090,-0.03514,-0.02054,-0.01772,-0.03737,-0.03011,-0.01767,-0.00471,0.08496,-0.00926,-0.03037,0.05871,-0.02039,-0.03607,0.03129,-0.02606,-0.03974,0.00045,-0.03083,-0.03728,-0.02723,-0.03316,-0.02869,-0.00362,0.00196,-0.02858,-0.02442,-0.01113,-0.02552,-0.03502,-0.02760,-0.02615,-0.03220,-0.05864,-0.00462,-0.00272,0.00677,-0.00098,-0.02769,-0.02142,-0.01003,-0.00976,-0.03796,-0.01729,0.00656,-0.02626,0.01881,-0.00013,-0.00017,0.01922,-0.01072,-0.02881,0.00840,0.00781,-0.03879,0.00169,0.02572,-0.02586,0.03252,0.01447,-0.01052,0.03737,0.00077,-0.02961,0.02519,0.01274,-0.04362,0.01831,0.02941,-0.03280,0,,,,,0.18360,0.09820,0.01994,0.97000,0.00000,-0.00000,0.24311
3511.3221,0,1,18.65,0.00,28.37,0.08681,-0.11229,0.62828,0.70801,0.63357,0.4120,0,1,0.19484,0.09518,0.07757,0.19507,0.09519,0.07659,,,0.63357,-0.55256,-0.19438,0.20799,1.55792,-0.00000,0.16723,-0.55256,-0.19479,0.20759,1.55791,-0.00000,-0.17000,16,0.18861,0.09494,0.08010,0.18360,0.09820,0,0.96857,0.00566,-0.01705,0.24808,Left,0,387.97,191.30,368.18,175.62,357.55,148.65,358.13,124.77,359.67,103.50,367.97,118.97,367.12,101.79,369.10,93.10,372.13,94.28,386.40,120.98,391.85,97.13,386.09,117.97,380.89,134.55,404.72,127.56,409.04,108.85,400.63,131.43,393.98,147.45,421.88,138.81,424.14,120.97,414.95,135.74,406.89,149.06,-0.00000,-0.01791,-0.02782,-0.03800,-0.04673,-0.00296,-0.02594,-0.04016,-0.04568,-0.00487,-0.03379,-0.04044,-0.03446,-0.01094,-0.04120,-0.03637,-0.02210,-0.01831,-0.03851,-0.03236,-0.02054,-0.00607,0.08551,-0.01067,-0.03104,0.05926,-0.02128,-0.03751,0.03073,-0.02647,-0.04131,0.00089,-0.03081,-0.03860,-0.02768,-0.03208,-0.02876,-0.00429,0.00260,-0.02853,-0.02459,-0.01128,-0.02857,-0.03465,-0.02734,-0.02950,-0.03105,-0.05733,-0.00451,-0.00262,0.00676,-0.00169,-0.02883,-0.01982,-0.01173,-0.01233,-0.03811,-0.01997,0.00520,-0.02841,0.01837,0.00043,-0.00009,0.01858,-0.01297,-0.02829,0.00754,0.00622,-0.03837,-0.00086,0.02455,-0.02679,0.03227,0.01539,-0.01150,0.03666,0.00050,-0.02976,0.02403,0.01147,-0.04442,0.01491,0.02932,-0.03364,0,,,,,0.18360,0.09820,0.01994,0.97000,-0.00000,0.00000,0.24311
3511.3519,0,1,17.77,0.00,24.49,0.08380,-0.11333,0.62789,0.70131,0.62749,0.4582,0,1,0.19484,0.09518,0.07757,0.19507,0.09519,0.07659,,,0.62749,-0.55256,-0.19438,0.20799,1.55792,-0.00000,0.16723,-0.55256,-0.19479,0.20759,1.55791,-0.00000,-0.17000,16,0.18861,0.09494,0.08010,0.18360,0.09820,0,0.96857,0.00566,-0.01710,0.24809,Left,0,385.66,191.70,367.03,175.68,355.87,149.03,354.53,125.15,355.93,103.66,365.33,118.17,363.64,101.46,365.55,92.15,368.93,92.04,383.77,120.29,388.03,96.78,383.10,119.11,379.51,133.95,402.36,126.76,406.12,107.61,398.41,130.58,392.78,145.50,419.66,137.91,421.93,119.68,413.30,134.78,406.13,147.66,-0.00000,-0.02048,-0.03249,-0.04444,-0.05474,-0.00514,-0.02791,-0.04100,-0.04599,-0.00597,-0.03402,-0.03895,-0.03209,-0.01124,-0.04157,-0.03541,-0.02048,-0.01803,-0.03831,-0.03163,-0.01960,-0.00410,0.08633,-0.00894,-0.02969,0.05953,-0.02009,-0.03575,0.03152,-0.02541,-0.04231,0.00124,-0.02980,-0.04059,-0.02752,-0.03082,-0.02868,-0.00411,0.00292,-0.02955,-0.02472,-0.01062,-0.02904,-0.03537,-0.02652,-0.02994,-0.03280,-0.05835,-0.00435,-0.00273,0.00650,-0.00207,-0.02842,-0.02045,-0.01186,-0.01049,-0.03731,-0.01785,0.00538,-0.02433,0.01871,0.00029,-0.00006,0.01815,-0.01344,-0.02799,0.00784,0.00568,-0.03756,0.00096,0.02289,-0.02452,0.03227,0.01479,-0.01164,0.03662,-0.00008,-0.02969,0.02547,0.01160,-0.04381,0.01772,0.02953,-0.03274,0,,,,,0.18360,0.09820,0.01994,0.97000,-0.00000,0.00000,0.24311
3511.3973,0,1,15.03,0.00,40.85,0.08122,-0.11435,0.62627,0.69784,0.62466,0.4288,0,1,0.19484,0.09518,0.07757,0.19507,0.09519,0.07659,,,0.62466,-0.55256,-0.19438,0.20799,1.55792,-0.00000,0.16723,-0.55256,-0.19479,0.20759,1.55791,-0.00000,-0.17000,16,0.18861,0.09494,0.08010,0.18360,0.09820,0,0.96857,0.00566,-0.01716,0.24810,Left,0,384.62,190.76,365.50,174.45,354.49,147.98,353.65,123.81,354.44,102.30,363.49,116.85,361.16,99.15,363.25,90.53,367.00,91.88,382.02,118.96,386.01,95.83,380.09,119.44,376.41,134.25,400.64,125.31,404.18,106.47,395.41,130.53,389.75,145.25,418.14,136.26,420.18,118.26,410.73,133.70,403.29,146.11,-0.00000,-0.02014,-0.03123,-0.04224,-0.05139,-0.00452,-0.02781,-0.04069,-0.04518,-0.00519,-0.03381,-0.03813,-0.03061,-0.01047,-0.04137,-0.03434,-0.01858,-0.01728,-0.03792,-0.03094,-0.01854,-0.00317,0.08651,-0.00930,-0.02880,0.06032,-0.02115,-0.03499,0.03215,-0.02672,-0.04037,0.00181,-0.03174,-0.03976,-0.02754,-0.03245,-0.02853,-0.00362,0.00277,-0.02995,-0.02501,-0.01099,-0.02973,-0.03514,-0.02723,-0.02963,-0.03148,-0.05828,-0.00444,-0.00251,0.00669,-0.00308,-0.02741,-0.02218,-0.01295,-0.00806,-0.03759,-0.01963,0.00735,-0.02187,0.01859,-0.00004,0.00023,0.01804,-0.01240,-0.02927,0.00649,0.00695,-0.03862,-0.00076,0.02394,-0.02357,0.03265,0.01474,-0.01105,0.03641,-0.00000,-0.03047,0.02458,0.01175,-0.04544,0.01588,0.02924,-0.03313,0,,,,,0.18360,0.09820,0.01994,0.97000,-0.00000,-0.00000,0.24311
3511.4302,0,1,15.51,0.00,29.11,0.08002,-0.11601,0.62910,0.70897,0.63193,0.4502,0,1,0.19484,0.09518,0.07757,0.19507,0.09519,0.07659,,,0.63193,-0.55256,-0.19438,0.20799,1.55792,-0.00000,0.16723,-0.55256,-0.19479,0.20759,1.55791,-0.00000,-0.17000,16,0.18861,0.09494,0.08010,0.18360,0.09820,0,0.96856,0.00566,-0.01720,0.24811,Left,0,383.49,189.81,364.49,172.95,353.64,145.94,352.02,121.99,352.76,100.25,363.48,116.18,361.66,98.54,362.88,89.87,365.57,90.30,381.59,118.25,385.07,94.31,378.73,117.00,374.96,132.23,399.91,124.50,402.97,104.75,393.92,128.35,388.52,143.74,417.18,135.28,418.41,116.72,409.24,132.06,402.68,144.95,-0.00000,-0.01956,-0.03036,-0.04133,-0.05068,-0.00314,-0.02628,-0.03981,-0.04489,-0.00415,-0.03288,-0.03821,-0.03138,-0.00970,-0.04053,-0.03436,-0.01904,-0.01673,-0.03690,-0.03003,-0.01772,-0.00431,0.08618,-0.01542,-0.02980,0.05933,-0.02444,-0.03608,0.03100,-0.02812,-0.04240,0.00022,-0.03052,-0.04148,-0.02879,-0.02968,-0.02837,-0.00351,0.00371,-0.02900,-0.02479,-0.00993,-0.02990,-0.03511,-0.02628,-0.03118,-0.03187,-0.05688,-0.00425,-0.00254,0.00725,-0.00399,-0.02792,-0.02047,-0.01424,-0.01015,-0.03691,-0.02086,0.00618,-0.02548,0.01824,0.00031,-0.00050,0.01687,-0.01358,-0.02876,0.00546,0.00603,-0.03796,-0.00127,0.02398,-0.02629,0.03160,0.01484,-0.01328,0.03528,-0.00086,-0.03158,0.02370,0.01124,-0.04596,0.01581,0.02851,-0.03396,0,,,,,0.18360,0.09820,0.01994,0.97000,-0.00000,-0.00000,0.24311
3511.4610,0,1,15.08,0.00,27.20,0.07893,-0.11760,0.62733,0.69690,0.62555,0.4420,0,1,0.19484,0.09518,0.07757,0.19507,0.09519,0.07659,,,0.62555,-0.55256,-0.19438,0.20799,1.55792,-0.00000,0.16723,-0.55256,-0.19479,0.20759,1.55791,-0.00000,-0.17000,16,0.18861,0.09494,0.08010,0.18360,0.09820,0,0.96856,0.00566,-0.01724,0.24812,Left,0,381.54,189.09,363.38,171.89,352.43,144.01,350.86,119.25,352.21,97.00,363.81,113.30,362.64,96.67,361.04,88.08,361.08,88.54,382.04,115.31,385.09,91.77,377.56,117.22,374.86,132.21,400.21,121.60,402.62,102.72,392.68,127.86,388.52,141.87,417.23,132.67,417.08,114.24,407.97,130.76,403.41,142.71,-0.00000,-0.01813,-0.02766,-0.03775,-0.04638,0.00177,-0.02061,-0.03301,-0.03720,0.00008,-0.02741,-0.03075,-0.02207,-0.00649,-0.03674,-0.02866,-0.01182,-0.01449,-0.03324,-0.02447,-0.01087,-0.00609,0.08792,-0.01123,-0.03045,0.06107,-0.01986,-0.03676,0.03291,-0.02333,-0.04365,0.00061,-0.02550,-0.04200,-0.02979,-0.02590,-0.02741,-0.00383,0.00493,-0.02874,-0.02384,-0.00854,-0.03149,-0.03403,-0.02438,-0.03656,-0.03111,-0.05368,-0.00400,-0.00295,0.00731,-0.00466,-0.02703,-0.02128,-0.01597,-0.00735,-0.03640,-0.02063,0.00852,-0.02071,0.01756,0.00031,-0.00136,0.01497,-0.01196,-0.03060,0.00369,0.00846,-0.03863,-0.00146,0.02497,-0.02412,0.03058,0.01566,-0.01428,0.03302,0.00035,-0.03340,0.02124,0.01336,-0.04714,0.01572,0.02926,-0.03496,0,,,,,0.18360,0.09820,0.01994,0.97000,-0.00000,-0.00000,0.24311
3511.4942,0,1,15.23,0.00,28.82,0.07824,-0.11949,0.62906,0.69408,0.63079,0.4539,0,1,0.19484,0.09518,0.07757,0.19507,0.09519,0.07659,,,0.63079,-0.55256,-0.19438,0.20799,1.55792,-0.00000,0.16723,-0.55256,-0.19479,0.20759,1.55791,-0.00000,-0.17000,16,0.18861,0.09494,0.08010,0.18360,0.09820,0,0.96856,0.00565,-0.01728,0.24813,Left,0,381.59,188.16,362.59,169.71,351.68,141.82,350.02,117.31,350.55,95.31,363.72,112.24,362.83,95.12,361.68,85.86,361.69,84.88,381.17,114.24,383.88,90.21,376.62,113.13,373.39,128.89,398.76,120.57,401.23,100.36,391.42,124.22,386.64,140.02,415.45,131.50,415.22,112.33,405.95,127.96,400.60,141.36,-0.00000,-0.01711,-0.02704,-0.03786,-0.04745,0.00166,-0.02072,-0.03457,-0.04023,-0.00077,-0.02833,-0.03392,-0.02756,-0.00772,-0.03757,-0.03125,-0.01610,-0.01605,-0.03493,-0.02731,-0.01484,-0.00605,0.08719,-0.01423,-0.03065,0.05966,-0.02108,-0.03702,0.03180,-0.02424,-0.04361,0.00053,-0.02537,-0.04304,-0.02889,-0.02579,-0.02687,-0.00340,0.00553,-0.02766,-0.02367,-0.00778,-0.02992,-0.03432,-0.02349,-0.03441,-0.03352,-0.05257,-0.00392,-0.00273,0.00764,-0.00414,-0.02775,-0.01993,-0.01602,-0.00935,-0.03648,-0.02158,0.00685,-0.02565,0.01745,0.00000,-0.00190,0.01524,-0.01292,-0.02953,0.00342,0.00637,-0.03843,-0.00230,0.02491,-0.02736,0.02936,0.01534,-0.01532,0.03259,-0.00047,-0.03295,0.02080,0.01083,-0.04668,0.01355,0.02771,-0.03574,0,,,,,0.18360,0.09820,0.01994,0.97000,-0.00000,-0.00000,0.24311
3511.5257,0,1,15.05,0.00,26.55,0.07691,-0.12092,0.63008,0.71019,0.63110,0.4175,0,1,0.19484,0.09518,0.07757,0.19507,0.09519,0.07659,,,0.63110,-0.55256,-0.19438,0.20799,1.55792,-0.00000,0.16723,-0.55256,-0.19479,0.20759,1.55791,-0.00000,-0.17000,16,0.18861,0.09494,0.08010,0.18360,0.09820,0,0.96855,0.00565,-0.01732,0.24814,Left,0,379.41,186.96,360.34,168.40,349.53,139.92,348.02,115.05,349.17,93.04,361.72,111.40,360.36,93.49,358.66,83.97,358.41,83.23,379.30,113.57,382.42,88.31,374.35,111.75,370.49,127.84,397.18,119.94,399.51,98.55,389.16,123.14,384.03,139.69,414.26,130.85,414.12,110.65,404.68,126.24,399.25,140.02,-0.00000,-0.01755,-0.02780,-0.03903,-0.04908,0.00050,-0.02289,-0.03699,-0.04253,-0.00194,-0.03082,-0.03633,-0.02947,-0.00895,-0.04018,-0.03357,-0.01764,-0.01731,-0.03707,-0.02934,-0.01643,-0.00711,0.08610,-0.02357,-0.03163,0.05818,-0.02886,-0.03687,0.02978,-0.03007,-0.04378,-0.00185,-0.02900,-0.04200,-0.03046,-0.02777,-0.02729,-0.00378,0.00567,-0.02827,-0.02408,-0.00700,-0.03120,-0.03556,-0.02365,-0.03670,-0.03378,-0.05366,-0.00396,-0.00246,0.00790,-0.00456,-0.02824,-0.01831,-0.01652,-0.01029,-0.03532,-0.02311,0.00614,-0.02531,0.01751,0.00034,-0.00185,0.01494,-0.01415,-0.02893,0.00287,0.00545,-0.03851,-0.00355,0.02474,-0.02916,0.02954,0.01498,-0.01639,0.03299,-0.00120,-0.03272,0.02107,0.00964,-0.04656,0.01390,0.02615,-0.03614,0,,,,,0.18360,0.09820,0.01994,0.97000,0.00000,0.00000,0.24311
3511.5628,0,1,19.69,0.00,33.46,0.07529,-0.12277,0.63176,0.70722,0.63345,0.3699,0,1,0.19484,0.09518,0.07757,0.19507,0.09519,0.07659,,,0.63345,-0.55256,-0.19438,0.20799,1.55792,-0.00000,0.16723,-0.55256,-0.19479,0.20759,1.55791,-0.00000,-0.17000,16,0.18861,0.09494,0.08010,0.18360,0.09820,0,0.96855,0.00565,-0.01736,0.24815,Left,0,378.64,184.84,358.67,167.11,348.01,138.86,347.20,113.46,348.71,91.14,359.43,110.26,357.04,91.61,356.19,82.26,357.29,82.38,377.17,112.17,380.72,86.10,373.10,109.43,369.36,126.51,395.12,118.40,397.57,97.23,387.26,121.54,381.88,138.19,411.98,129.11,411.23,109.41,401.96,125.43,396.85,139.57,-0.00000,-0.01895,-0.02952,-0.04068,-0.05048,-0.00048,-0.02483,-0.03951,-0.04515,-0.00214,-0.03237,-0.03885,-0.03221,-0.00848,-0.04094,-0.03547,-0.01992,-0.01620,-0.03718,-0.03047,-0.01799,-0.00565,0.08547,-0.02147,-0.03087,0.05849,-0.02788,-0.03684,0.03050,-0.02988,-0.04221,-0.00156,-0.02980,-0.03998,-0.03059,-0.02952,-0.02763,-0.00288,0.00479,-0.02933,-0.02419,-0.00673,-0.03170,-0.03583,-0.02354,-0.03513,-0.03328,-0.05246,-0.00424,-0.00247,0.00796,-0.00378,-0.02888,-0.01875,-0.01530,-0.01079,-0.03568,-0.02175,0.00647,-0.02475,0.01777,0.00002,-0.00152,0.01570,-0.01387,-0.02887,0.00351,0.00535,-0.03829,-0.00338,0.02484,-0.02914,0.03022,0.01475,-0.01558,0.03326,-0.00127,-0.03228,0.02083,0.01018,-0.04622,0.01419,0.02709,-0.03508,0,,,,,0.18360,0.09820,0.01994,0.97000,-0.00000,-0.00000,0.24311
3511.5897,0,1,15.10,0.00,21.91,0.07451,-0.12443,0.63660,0.73822,0.64143,0.4089,0,1,0.19484,0.09518,0.07757,0.19507,0.09519,0.07659,,,0.64143,-0.55256,-0.19438,0.20799,1.55792,-0.00000,0.16722,-0.55256,-0.19479,0.20759,1.55791,-0.00000,-0.17000,16,0.18861,0.09494,0.08010,0.18360,0.09820,0,0.96855,0.00565,-0.01739,0.24815,Left,0,376.59,185.54,357.68,166.58,346.75,137.99,344.81,113.22,344.67,91.08,359.84,110.59,358.39,91.39,354.65,82.17,352.23,81.97,376.71,112.37,378.22,86.26,370.80,109.82,368.27,126.02,394.22,118.27,395.65,95.97,385.84,120.29,381.63,136.71,411.19,128.44,409.81,108.08,400.42,123.78,395.63,137.86,-0.00000,-0.01566,-0.02483,-0.03562,-0.04528,0.00390,-0.01873,-0.03217,-0.03723,0.00060,-0.02708,-0.03229,-0.02551,-0.00731,-0.03745,-0.03091,-0.01544,-0.01652,-0.03549,-0.02793,-0.01551,-0.00785,0.08776,-0.02921,-0.03214,0.05942,-0.03134,-0.03817,0.03058,-0.03252,-0.04488,-0.00152,-0.02832,-0.04477,-0.03151,-0.02562,-0.02679,-0.00328,0.00602,-0.02854,-0.02543,-0.00506,-0.03250,-0.03580,-0.02072,-0.04067,-0.03364,-0.05093,-0.00374,-0.00227,0.00787,-0.00506,-0.02896,-0.01765,-0.01764,-0.01070,-0.03517,-0.02253,0.00667,-0.02575,0.01733,-0.00016,-0.00230,0.01432,-0.01561,-0.02855,0.00147,0.00439,-0.03900,-0.00358,0.02346,-0.02941,0.02884,0.01357,-0.01808,0.03141,-0.00269,-0.03439,0.01924,0.00933,-0.04842,0.01308,0.02697,-0.03802,0,,,,,0.18360,0.09820,0.01994,0.97000,-0.00000,-0.00000,0.24311
3511.6203,0,1,14.21,0.00,25.79,0.07348,-0.12526,0.63476,0.69621,0.63292,0.4027,0,1,0.19484,0.09518,0.07757,0.19507,0.09519,0.07659,,,0.63292,-0.55256,-0.19438,0.20799,1.55792,-0.00000,0.16722,-0.55256,-0.19479,0.20759,1.55791,-0.00000,-0.17000,16,0.18861,0.09494,0.08010,0.18360,0.09820,0,0.96855,0.00564,-0.01742,0.24816,Left,0,376.89,185.17,358.04,166.37,345.88,138.76,342.73,113.72,342.93,91.13,358.78,108.43,356.51,89.84,352.51,80.93,350.51,81.35,376.19,110.48,377.47,85.44,369.88,111.02,368.29,126.66,394.14,116.66,394.73,95.48,384.64,121.05,381.11,136.84,411.23,127.21,409.23,107.42,400.01,124.44,396.02,138.23,-0.00000,-0.01917,-0.03086,-0.04335,-0.05438,0.00070,-0.02308,-0.03638,-0.04100,-0.00092,-0.02925,-0.03312,-0.02497,-0.00762,-0.03905,-0.03143,-0.01481,-0.01583,-0.03591,-0.02792,-0.01483,-0.00541,0.08759,-0.01813,-0.03042,0.05952,-0.02361,-0.03757,0.03247,-0.02554,-0.04637,0.00101,-0.02521,-0.04589,-0.02882,-0.02623,-0.02720,-0.00320,0.00603,-0.02898,-0.02443,-0.00627,-0.03376,-0.03478,-0.02204,-0.04139,-0.03147,-0.05131,-0.00388,-0.00259,0.00772,-0.00566,-0.02717,-0.01993,-0.01755,-0.00752,-0.03474,-0.02194,0.00828,-0.02078,0.01744,0.00013,-0.00224,0.01346,-0.01337,-0.02955,0.00098,0.00660,-0.03829,-0.00328,0.02499,-0.02667,0.02937,0.01488,-0.01676,0.03112,-0.00087,-0.03458,0.01915,0.01199,-0.04876,0.01393,0.02888,-0.03740,0,,,,,0.18360,0.09820,0.01994,0.97000,0.00000,0.00000,0.24311
3511.6590,0,1,20.44,0.00,34.32,0.07252,-0.12539,0.63398,0.70335,0.63321,0.4133,0,1,0.19484,0.09518,0.07757,0.19507,0.09519,0.07659,,,0.63321,-0.55256,-0.19438,0.20799,1.55792,-0.00000,0.16722,-0.55256,-0.19479,0.20759,1.55791,-0.00000,-0.17000,16,0.18861,0.09494,0.08010,0.18360,0.09820,0,0.96854,0.00564,-0.01746,0.24817,Left,0,376.22,185.35,357.17,166.73,345.04,138.59,342.18,113.44,342.89,90.77,357.93,109.56,355.83,90.47,352.78,80.99,351.37,80.74,375.38,111.20,377.25,85.04,369.78,108.57,367.10,124.97,393.24,117.12,394.27,95.12,384.42,119.28,380.28,135.77,410.41,127.43,408.46,107.01,399.33,122.97,394.98,137.34,-0.00000,-0.01752,-0.02840,-0.04058,-0.05157,0.00218,-0.02113,-0.03506,-0.04039,-0.00043,-0.02882,-0.03420,-0.02728,-0.00783,-0.03852,-0.03224,-0.01675,-0.01664,-0.03568,-0.02803,-0.01546,-0.00612,0.08692,-0.02183,-0.03099,0.05894,-0.02617,-0.03800,0.03185,-0.02819,-0.04595,0.00018,-0.02576,-0.04490,-0.02943,-0.02565,-0.02722,-0.00287,0.00627,-0.02901,-0.02433,-0.00542,-0.03302,-0.03550,-0.02134,-0.03979,-0.03298,-0.05108,-0.00376,-0.00236,0.00781,-0.00519,-0.02852,-0.01823,-0.01740,-0.01003,-0.03531,-0.02280,0.00632,-0.02448,0.01723,-0.00008,-0.00234,0.01358,-0.01441,-0.02828,0.00159,0.00472,-0.03804,-0.00330,0.02353,-0.02845,0.02917,0.01431,-0.01690,0.03128,-0.00184,-0.03285,0.01941,0.00933,-0.04653,0.01345,0.02668,-0.03655,0,,,,,0.18360,0.09820,0.01994,0.97000,0.00000,-0.00000,0.24311
3511.6888,0,1,17.55,0.00,25.52,0.07235,-0.12559,0.63372,0.71207,0.63345,0.4691,0,1,0.19484,0.09518,0.07757,0.19507,0.09519,0.07659,,,0.63345,-0.55256,-0.19438,0.20799,1.55792,-0.00000,0.16722,-0.55256,-0.19479,0.20759,1.55791,-0.00000,-0.17000,16,0.18861,0.09494,0.08010,0.18360,0.09820,0,0.96854,0.00564,-0.01749,0.24818,Left,0,376.31,185.67,356.89,166.07,345.09,137.69,342.81,112.81,342.63,90.04,358.69,109.47,357.12,91.62,353.40,81.60,350.54,79.68,376.17,110.85,377.30,85.00,370.07,106.31,366.29,123.71,393.81,116.69,394.67,94.95,384.91,118.62,379.84,136.49,410.85,127.00,408.61,106.57,399.56,122.36,394.57,137.60,-0.00000,-0.01668,-0.02636,-0.03751,-0.04770,0.00489,-0.01762,-0.03279,-0.03954,0.00176,-0.02704,-0.03523,-0.03052,-0.00600,-0.03712,-0.03302,-0.01887,-0.01506,-0.03464,-0.02800,-0.01610,-0.00826,0.08726,-0.02680,-0.03285,0.05877,-0.02933,-0.03907,0.03146,-0.03053,-0.04616,-0.00066,-0.02650,-0.04607,-0.02981,-0.02397,-0.02690,-0.00256,0.00627,-0.02851,-0.02339,-0.00579,-0.03303,-0.03485,-0.02158,-0.04107,-0.03408,-0.05273,-0.00364,-0.00213,0.00823,-0.00595,-0.02864,-0.01786,-0.01807,-0.01220,-0.03745,-0.02456,0.00551,-0.03374,0.01727,-0.00016,-0.00237,0.01392,-0.01477,-0.02849,0.00117,0.00416,-0.03969,-0.00496,0.02457,-0.03309,0.02876,0.01414,-0.01779,0.03078,-0.00243,-0.03356,0.01930,0.00876,-0.04772,0.01267,0.02640,-0.03846,0,,,,,0.18360,0.09820,0.01994,0.97000,0.00000,-0.00000,0.24311
3511.7216,0,1,19.20,0.00,28.54,0.07218,-0.12528,0.63236,0.70692,0.63100,0.4796,0,1,0.19484,0.09518,0.07757,0.19507,0.09519,0.07659,,,0.63100,-0.55256,-0.19438,0.20799,1.55792,-0.00000,0.16722,-0.55256,-0.19479,0.20759,1.55791,-0.00000,-0.17000,16,0.18860,0.09494,0.08010,0.18360,0.09820,0,0.96854,0.00563,-0.01753,0.24819,Left,0,376.74,185.93,357.53,166.69,345.38,137.77,342.20,112.70,341.90,90.18,358.98,109.39,358.02,90.95,354.18,81.42,351.97,79.59,376.28,111.12,378.29,84.00,370.21,106.76,367.21,123.79,393.67,117.16,395.22,94.84,385.03,119.26,380.86,136.25,410.58,127.49,408.80,106.27,399.49,122.28,395.13,136.80,-0.00000,-0.01611,-0.02531,-0.03603,-0.04575,0.00493,-0.01733,-0.03122,-0.03697,0.00150,-0.02721,-0.03371,-0.02738,-0.00658,-0.03768,-0.03234,-0.01710,-0.01591,-0.03502,-0.02761,-0.01515,-0.00719,0.08718,-0.02514,-0.03164,0.05889,-0.02720,-0.03876,0.03146,-0.02861,-0.04698,-0.00065,-0.02432,-0.04704,-0.03037,-0.02246,-0.02636,-0.00301,0.00653,-0.02769,-0.02415,-0.00557,-0.03201,-0.03475,-0.02117,-0.03970,-0.03452,-0.05110,-0.00353,-0.00220,0.00807,-0.00483,-0.02950,-0.01809,-0.01751,-0.01223,-0.03656,-0.02359,0.00489,-0.02926,0.01688,-0.00018,-0.00261,0.01415,-0.01465,-0.02854,0.00101,0.00415,-0.03927,-0.00411,0.02368,-0.03012,0.02838,0.01418,-0.01765,0.03077,-0.00224,-0.03340,0.01872,0.00852,-0.04757,0.01293,0.02562,-0.03782,0,,,,,0.18360,0.09820,0.01994,0.97000,-0.00000,-0.00000,0.24311
3511.7510,0,1,16.02,0.00,25.20,0.07122,-0.12406,0.62438,0.68672,0.61641,0.4812,0,1,0.19484,0.09518,0.07757,0.19507,0.09519,0.07659,,,0.61641,-0.55256,-0.19438,0.20799,1.55792,-0.00000,0.16722,-0.55256,-0.19479,0.20759,1.55791,-0.00000,-0.17000,16,0.18860,0.09494,0.08009,0.18360,0.09820,0,0.96853,0.00563,-0.01755,0.24819,Left,0,376.84,186.52,357.56,166.42,345.63,137.52,342.63,112.20,343.25,89.51,358.20,108.24,356.49,90.14,353.39,80.30,351.83,79.78,375.74,110.06,377.75,84.27,370.49,108.32,367.69,124.99,393.86,116.14,395.00,94.79,385.54,120.06,381.36,137.08,411.20,126.77,409.32,106.60,400.54,123.35,396.51,137.78,-0.00000,-0.01857,-0.02956,-0.04155,-0.05220,0.00198,-0.02151,-0.03539,-0.04064,-0.00025,-0.02941,-0.03495,-0.02775,-0.00736,-0.03915,-0.03253,-0.01633,-0.01595,-0.03595,-0.02809,-0.01502,-0.00605,0.08719,-0.02354,-0.03069,0.05942,-0.02715,-0.03805,0.03193,-0.02939,-0.04482,-0.00027,-0.02561,-0.04433,-0.03018,-0.02449,-0.02704,-0.00268,0.00555,-0.02835,-0.02400,-0.00691,-0.03192,-0.03435,-0.02322,-0.03905,-0.03277,-0.05396,-0.00358,-0.00217,0.00786,-0.00502,-0.02827,-0.01948,-0.01673,-0.00972,-0.03651,-0.02256,0.00745,-0.02813,0.01702,-0.00028,-0.00214,0.01455,-0.01337,-0.02895,0.00144,0.00562,-0.03965,-0.00264,0.02508,-0.02976,0.02901,0.01414,-0.01628,0.03167,-0.00158,-0.03378,0.01970,0.01055,-0.04800,0.01442,0.02729,-0.03738,0,,,,,0.18360,0.09820,0.01994,0.97000,-0.00000,-0.00000,0.24311
3511.7970,0,1,14.98,0.00,41.75,0.07112,-0.12389,0.62439,0.70916,0.62440,0.4790,0,1,0.19484,0.09518,0.07757,0.19507,0.09519,0.07659,,,0.62440,-0.55256,-0.19438,0.20799,1.55792,-0.00000,0.16722,-0.55256,-0.19479,0.20759,1.55791,-0.00000,-0.17000,16,0.18860,0.09494,0.08009,0.18360,0.09820,0,0.96853,0.00562,-0.01759,0.24821,Left,0,376.76,186.67,357.43,165.73,346.11,136.08,343.20,110.59,343.59,88.14,358.06,109.11,356.15,90.48,353.94,80.42,353.26,79.41,375.64,110.79,378.56,83.58,371.43,105.93,367.68,124.67,393.70,116.86,395.50,94.81,385.68,118.75,380.58,137.07,411.09,127.50,409.65,106.61,400.51,122.41,395.41,137.87,-0.00000,-0.01613,-0.02510,-0.03563,-0.04508,0.00526,-0.01750,-0.03223,-0.03829,0.00188,-0.02783,-0.03551,-0.02963,-0.00610,-0.03775,-0.03335,-0.01844,-0.01533,-0.03494,-0.02798,-0.01553,-0.00715,0.08659,-0.03086,-0.03155,0.05814,-0.03274,-0.03826,0.03001,-0.03298,-0.04468,-0.00255,-0.02691,-0.04362,-0.03157,-0.02279,-0.02702,-0.00312,0.00587,-0.02823,-0.02410,-0.00599,-0.03201,-0.03545,-0.02202,-0.03739,-0.03389,-0.05234,-0.00374,-0.00215,0.00839,-0.00450,-0.02939,-0.01768,-0.01621,-0.01280,-0.03687,-0.02271,0.00608,-0.03154,0.01696,0.00015,-0.00211,0.01478,-0.01440,-0.02894,0.00248,0.00463,-0.03938,-0.00368,0.02492,-0.03210,0.02904,0.01445,-0.01750,0.03188,-0.00228,-0.03372,0.01975,0.00872,-0.04863,0.01344,0.02657,-0.03913,0,,,,,0.18360,0.09820,0.01994,0.97000,0.00000,-0.00000,0.24311
3511.8314,1,1,14.97,0.84,31.29,0.07068,-0.12299,0.62016,0.68883,0.61593,0.4635,0,1,0.20100,0.09683,0.07477,0.20062,0.09620,0.07529,0.64,0.02,0.61593,-0.54165,-0.15207,0.17291,1.54841,0.00000,0.16719,-0.54387,-0.14948,0.17146,1.54855,-0.00000,-0.17000,16,0.19407,0.09608,0.07878,0.18360,0.09820,0,0.96980,0.00582,-0.01856,0.24314,Left,0,377.20,187.92,358.13,167.30,345.94,138.56,342.50,113.17,342.98,90.35,358.13,108.91,356.48,90.81,353.81,80.56,353.06,79.75,375.74,110.65,378.11,84.55,370.73,109.47,368.25,125.16,393.88,116.41,395.44,95.17,386.02,120.48,382.31,136.42,411.04,126.78,409.43,106.82,400.52,123.74,396.59,137.79,-0.00000,-0.01888,-0.03027,-0.04285,-0.05407,0.00281,-0.02034,-0.03345,-0.03820,0.00066,-0.02808,-0.03248,-0.02432,-0.00659,-0.03807,-0.03072,-0.01403,-0.01544,-0.03514,-0.02703,-0.01382,-0.00559,0.08900,-0.02226,-0.03030,0.06062,-0.02711,-0.03739,0.03302,-0.03037,-0.04480,0.00029,-0.02774,-0.04434,-0.02979,-0.02683,-0.02681,-0.00248,0.00489,-0.02835,-0.02408,-0.00733,-0.03134,-0.03463,-0.02371,-0.03767,-0.03296,-0.05463,-0.00376,-0.00222,0.00777,-0.00410,-0.02851,-0.02027,-0.01625,-0.00882,-0.03770,-0.02108,0.00765,-0.02659,0.01713,-0.00031,-0.00142,0.01486,-0.01352,-0.02932,0.00234,0.00584,-0.04007,-0.00147,0.02421,-0.02903,0.02950,0.01391,-0.01543,0.03172,-0.00145,-0.03321,0.02011,0.01097,-0.04785,0.01506,0.02784,-0.03738,0,,,,,0.18360,0.09820,0.01994,0.97000,0.00000,-0.00000,0.24311
3511.8633,1,1,15.13,0.78,28.56,0.07077,-0.12220,0.61715,0.69694,0.61414,0.4706,0,1,0.20250,0.09674,0.07399,0.20169,0.09631,0.07098,0.26,0.00,0.61414,-0.53925,-0.11393,0.16141,1.54334,0.00000,0.16721,-0.53926,-0.13541,0.16316,1.54298,-0.00000,-0.17000,16,0.19510,0.09625,0.07469,0.18360,0.09820,0,0.97020,0.00263,-0.00818,0.24216,Left,0,378.01,187.78,358.54,167.60,346.50,138.14,343.39,112.38,343.95,89.29,358.81,109.47,356.82,91.11,354.09,80.70,353.19,79.16,376.44,111.17,378.35,84.68,370.99,108.76,368.54,125.27,394.50,116.83,395.61,95.03,386.05,120.28,382.36,137.15,412.04,126.87,409.92,106.68,401.03,123.42,397.25,137.86,-0.00000,-0.01694,-0.02686,-0.03830,-0.04851,0.00484,-0.01797,-0.03158,-0.03679,0.00190,-0.02719,-0.03277,-0.02545,-0.00588,-0.03771,-0.03133,-0.01511,-0.01502,-0.03477,-0.02697,-0.01392,-0.00546,0.08739,-0.02780,-0.03040,0.05930,-0.03059,-0.03764,0.03191,-0.03254,-0.04475,-0.00086,-0.02800,-0.04407,-0.03109,-0.02558,-0.02679,-0.00205,0.00552,-0.02888,-0.02379,-0.00636,-0.03233,-0.03501,-0.02316,-0.03846,-0.03388,-0.05410,-0.00363,-0.00199,0.00814,-0.00526,-0.02861,-0.01939,-0.01716,-0.01005,-0.03755,-0.02206,0.00709,-0.02937,0.01711,-0.00028,-0.00176,0.01399,-0.01396,-0.02971,0.00124,0.00562,-0.04010,-0.00243,0.02482,-0.03051,0.02913,0.01368,-0.01630,0.03121,-0.00215,-0.03388,0.01950,0.01042,-0.04843,0.01434,0.02685,-0.03794,0,,,,,0.18360,0.09820,0.01994,0.97000,0.00000,-0.00000,0.24311
3511.8987,1,1,18.93,0.79,31.10,0.07112,-0.12253,0.61996,0.70514,0.62278,0.4166,0,1,0.20109,0.09639,0.07431,0.19993,0.09558,0.07344,0.12,0.00,0.62278,-0.54072,-0.14982,0.18356,1.54300,-0.00000,0.16721,-0.54109,-0.14478,0.17267,1.54298,-0.00000,-0.17000,16,0.19347,0.09551,0.07723,0.18360,0.09820,0,0.96997,0.00489,-0.01568,0.24267,Left,0,377.06,188.08,357.65,167.67,346.39,138.14,344.18,112.33,345.39,89.31,358.84,109.45,357.38,91.03,354.58,80.85,353.39,80.32,376.24,111.23,378.35,84.87,370.91,108.72,368.17,125.52,394.27,117.09,396.09,95.21,386.30,119.81,382.02,136.90,411.60,127.44,410.40,106.73,401.34,122.69,396.95,137.22,-0.00000,-0.01729,-0.02758,-0.03941,-0.04996,0.00467,-0.01873,-0.03281,-0.03806,0.00180,-0.02745,-0.03334,-0.02614,-0.00599,-0.03733,-0.03107,-0.01500,-0.01524,-0.03428,-0.02637,-0.01330,-0.00667,0.08773,-0.02977,-0.03127,0.05924,-0.03210,-0.03773,0.03117,-0.03322,-0.04389,-0.00167,-0.02866,-0.04214,-0.03133,-0.02657,-0.02669,-0.00244,0.00620,-0.02804,-0.02440,-0.00539,-0.03168,-0.03562,-0.02226,-0.03771,-0.03331,-0.05220,-0.00372,-0.00227,0.00832,-0.00495,-0.02903,-0.01858,-0.01708,-0.01043,-0.03683,-0.02231,0.00722,-0.02829,0.01695,0.00001,-0.00227,0.01444,-0.01442,-0.02899,0.00210,0.00461,-0.03951,-0.00269,0.02404,-0.03127,0.02898,0.01391,-0.01740,0.03182,-0.00270,-0.03370,0.01976,0.00870,-0.04753,0.01408,0.02539,-0.03791,0,,,,,0.18360,0.09820,0.01994,0.97000,-0.00000,-0.00000,0.24311
3511.9275,1,1,15.01,0.89,24.71,0.07190,-0.12333,0.62233,0.69320,0.62470,0.4340,0,1,0.19991,0.09561,0.07512,0.19995,0.09568,0.07487,0.21,0.00,0.62470,-0.54110,-0.15662,0.18074,1.54716,-0.00000,0.16719,-0.54093,-0.15652,0.17998,1.54739,-0.00000,-0.17000,16,0.19349,0.09565,0.07837,0.18360,0.09820,0,0.96986,0.00566,-0.01819,0.24292,Left,0,378.00,185.88,358.55,165.68,346.36,137.45,343.40,112.11,344.45,89.44,359.67,108.88,357.99,89.86,354.42,80.72,352.13,80.52,377.22,110.68,379.04,84.48,371.35,107.80,368.35,124.45,395.11,116.69,396.34,95.04,386.12,119.68,381.73,136.35,412.41,127.21,410.51,107.04,401.34,123.38,397.17,137.47,-0.00000,-0.01617,-0.02617,-0.03772,-0.04804,0.00351,-0.01982,-0.03379,-0.03914,0.00016,-0.02902,-0.03508,-0.02851,-0.00785,-0.03924,-0.03320,-0.01762,-0.01713,-0.03640,-0.02869,-0.01599,-0.00657,0.08688,-0.02144,-0.03148,0.05877,-0.02580,-0.03872,0.03161,-0.02804,-0.04609,-0.00075,-0.02582,-0.04450,-0.02993,-0.02508,-0.02703,-0.00282,0.00580,-0.02878,-0.02441,-0.00645,-0.03326,-0.03495,-0.02276,-0.04069,-0.03214,-0.05204,-0.00366,-0.00247,0.00781,-0.00538,-0.02815,-0.01934,-0.01775,-0.01017,-0.03751,-0.02360,0.00663,-0.02911,0.01735,0.00021,-0.00201,0.01373,-0.01374,-0.02932,0.00089,0.00569,-0.03940,-0.00417,0.02471,-0.03001,0.02912,0.01496,-0.01635,0.03125,-0.00149,-0.03315,0.01881,0.01058,-0.04705,0.01329,0.02684,-0.03660,0,,,,,0.18360,0.09820,0.01994,0.97000,0.00000,0.00000,0.24311
3511.9645,1,1,20.28,0.64,33.21,0.07171,-0.12276,0.61841,0.70465,0.61449,0.5060,0,1,0.20187,0.09580,0.07454,0.20155,0.09576,0.07389,0.18,0.00,0.61449,-0.53712,-0.13859,0.16811,1.54601,0.00001,0.16717,-0.53670,-0.14384,0.16868,1.54587,-0.00000,-0.17000,16,0.19480,0.09580,0.07731,0.18360,0.09820,0,0.97027,0.00481,-0.01556,0.24149,Left,0,378.97,185.71,359.37,166.30,347.51,137.58,345.12,111.87,347.12,89.06,358.69,108.75,357.28,90.85,355.56,80.80,355.43,81.16,376.83,110.79,379.85,85.25,372.40,109.87,369.14,125.39,395.30,116.66,396.77,96.27,387.66,122.26,383.62,137.93,412.77,127.07,410.91,107.83,402.27,125.41,398.34,139.02,-0.00000,-0.01914,-0.03035,-0.04244,-0.05308,0.00160,-0.02180,-0.03464,-0.03886,-0.00009,-0.02886,-0.03295,-0.02443,-0.00678,-0.03874,-0.03097,-0.01377,-0.01493,-0.03497,-0.02639,-0.01267,-0.00512,0.08664,-0.02652,-0.03020,0.05851,-0.03157,-0.03718,0.03112,-0.03242,-0.04359,-0.00183,-0.02803,-0.04071,-0.03221,-0.02543,-0.02732,-0.00269,0.00464,-0.02875,-0.02445,-0.00700,-0.03172,-0.03572,-0.02468,-0.03662,-0.03187,-0.05719,-0.00394,-0.00211,0.00813,-0.00448,-0.02814,-0.02030,-0.01610,-0.00855,-0.03819,-0.02194,0.00764,-0.02656,0.01785,0.00014,-0.00096,0.01462,-0.01283,-0.03014,0.00300,0.00747,-0.04034,-0.00152,0.02570,-0.02907,0.03025,0.01412,-0.01563,0.03213,-0.00105,-0.03378,0.02051,0.01302,-0.04802,0.01557,0.02916,-0.03680,0,,,,,0.18360,0.09820,0.01994,0.97000,0.00000,0.00000,0.24311
3511.9899,1,1,14.18,0.60,22.31,0.07250,-0.12266,0.62262,0.72105,0.62682,0.4736,0,1,0.19977,0.09501,0.07444,0.19900,0.09457,0.07402,0.17,0.01,0.62682,-0.53863,-0.16591,0.19683,1.54236,0.00001,0.16721,-0.53839,-0.16028,0.18860,1.54262,-0.00000,-0.17000,16,0.19235,0.09451,0.07748,0.18360,0.09820,0,0.97016,0.00495,-0.01603,0.24190,Left,0,377.46,187.69,358.44,167.57,348.02,137.87,346.03,112.48,346.08,89.66,360.15,110.85,358.83,93.03,356.02,82.53,354.75,80.94,377.72,112.53,380.88,85.58,373.25,107.03,368.93,124.33,395.70,118.36,397.29,96.43,387.60,120.50,382.54,138.61,413.02,128.71,411.46,108.06,402.44,123.60,397.34,138.79,-0.00000,-0.01728,-0.02708,-0.03833,-0.04852,0.00422,-0.01869,-0.03333,-0.03929,0.00135,-0.02816,-0.03573,-0.02979,-0.00616,-0.03777,-0.03315,-0.01803,-0.01503,-0.03467,-0.02769,-0.01517,-0.00899,0.08698,-0.03150,-0.03280,0.05835,-0.03283,-0.03814,0.02971,-0.03356,-0.04387,-0.00311,-0.02795,-0.04298,-0.03256,-0.02428,-0.02664,-0.00334,0.00642,-0.02800,-0.02395,-0.00550,-0.03199,-0.03528,-0.02185,-0.03805,-0.03417,-0.05371,-0.00376,-0.00202,0.00863,-0.00413,-0.03026,-0.01691,-0.01671,-0.01385,-0.03614,-0.02350,0.00436,-0.03193,0.01728,0.00009,-0.00253,0.01430,-0.01487,-0.02816,0.00189,0.00396,-0.03882,-0.00401,0.02445,-0.03139,0.02890,0.01374,-0.01819,0.03107,-0.00271,-0.03391,0.01937,0.00813,-0.04783,0.01324,0.02643,-0.03902,0,,,,,0.18360,0.09820,0.01994,0.97000,0.00000,-0.00000,0.24311
3512.0224,1,1,14.96,0.56,29.02,0.07320,-0.12266,0.62394,0.68047,0.62526,0.4578,0,1,0.19911,0.09431,0.07444,0.19921,0.09445,0.07424,0.11,0.00,0.62526,-0.53751,-0.16748,0.19704,1.54183,0.00000,0.16720,-0.53722,-0.16888,0.19753,1.54222,-0.00000,-0.17000,16,0.19254,0.09446,0.07760,0.18360,0.09820,0,0.97023,0.00522,-0.01701,0.24152,Left,0,378.77,188.29,359.57,168.20,347.78,140.01,344.93,115.20,344.90,92.85,360.65,109.99,359.45,91.65,356.27,82.20,354.07,81.73,378.32,111.65,380.47,85.97,373.14,108.63,369.52,125.41,396.28,117.80,397.71,96.65,388.02,120.75,383.05,137.57,413.51,128.60,412.07,108.47,402.97,124.48,397.81,138.80,-0.00000,-0.01736,-0.02772,-0.03931,-0.04958,0.00297,-0.01962,-0.03324,-0.03856,0.00023,-0.02851,-0.03491,-0.02866,-0.00718,-0.03824,-0.03299,-0.01804,-0.01594,-0.03561,-0.02869,-0.01651,-0.00668,0.08803,-0.01757,-0.03145,0.05964,-0.02308,-0.03842,0.03291,-0.02622,-0.04578,0.00132,-0.02507,-0.04505,-0.02744,-0.02534,-0.02721,-0.00262,0.00572,-0.02815,-0.02433,-0.00710,-0.03228,-0.03464,-0.02318,-0.03931,-0.03238,-0.05327,-0.00382,-0.00255,0.00775,-0.00457,-0.02842,-0.01930,-0.01673,-0.01068,-0.03770,-0.02307,0.00610,-0.02885,0.01776,0.00008,-0.00191,0.01466,-0.01358,-0.02890,0.00224,0.00544,-0.03903,-0.00349,0.02426,-0.02966,0.02943,0.01486,-0.01627,0.03160,-0.00110,-0.03327,0.01980,0.01043,-0.04768,0.01385,0.02724,-0.03803,0,,,,,0.18360,0.09820,0.01994,0.97000,-0.00000,0.00000,0.24311
3512.0540,1,1,14.47,0.57,27.30,0.07374,-0.12177,0.62539,0.70320,0.62685,0.4724,0,1,0.19838,0.09377,0.07356,0.19755,0.09324,0.07280,0.04,0.01,0.62685,-0.53646,-0.17792,0.21830,1.53630,0.00000,0.16722,-0.53668,-0.17712,0.21225,1.53577,-0.00000,-0.17000,16,0.19094,0.09327,0.07605,0.18360,0.09820,0,0.97042,0.00421,-0.01375,0.24099,Left,0,378.60,189.60,359.79,169.15,348.37,140.31,345.20,115.17,345.37,92.71,361.08,112.10,359.24,93.18,356.64,83.31,356.21,82.92,378.58,113.84,381.60,86.51,373.57,109.43,370.21,126.70,396.45,119.79,398.61,97.47,388.26,121.75,383.59,139.14,413.67,130.25,412.69,109.49,403.13,125.22,398.11,139.92,-0.00000,-0.01700,-0.02745,-0.03969,-0.05079,0.00489,-0.01886,-0.03350,-0.03917,0.00167,-0.02815,-0.03490,-0.02825,-0.00646,-0.03818,-0.03279,-0.01718,-0.01599,-0.03504,-0.02753,-0.01479,-0.00752,0.08698,-0.02778,-0.03162,0.05807,-0.03073,-0.03836,0.03120,-0.03167,-0.04578,-0.00097,-0.02729,-0.04453,-0.03021,-0.02454,-0.02676,-0.00291,0.00607,-0.02838,-0.02458,-0.00563,-0.03203,-0.03539,-0.02241,-0.03759,-0.03298,-0.05331,-0.00359,-0.00202,0.00829,-0.00393,-0.02970,-0.01816,-0.01680,-0.01174,-0.03703,-0.02250,0.00569,-0.02874,0.01724,0.00016,-0.00206,0.01460,-0.01429,-0.02880,0.00167,0.00442,-0.03935,-0.00347,0.02375,-0.03029,0.02905,0.01394,-0.01761,0.03172,-0.00200,-0.03370,0.01942,0.00899,-0.04797,0.01303,0.02605,-0.03880,0,,,,,0.18360,0.09820,0.01994,0.97000,-0.00000,0.00000,0.24311
3512.0868,1,1,14.93,0.17,29.05,0.07383,-0.12101,0.62607,0.69590,0.62675,0.4284,0,1,0.19804,0.09368,0.07280,0.19836,0.09377,0.07357,0.86,0.01,0.62675,-0.53668,-0.17776,0.21294,1.53554,0.00000,0.16721,-0.53668,-0.17712,0.21225,1.53577,-0.00000,-0.17000,16,0.19169,0.09374,0.07668,0.18360,0.09820,0,0.97036,0.00505,-0.01659,0.24104,Left,0,378.41,190.71,359.72,169.88,348.47,141.28,345.84,116.25,346.56,93.91,360.77,112.06,358.73,93.24,356.80,83.49,356.89,84.06,378.21,114.22,380.94,87.90,373.40,110.77,370.16,127.83,396.16,120.33,398.40,98.25,388.58,122.21,383.93,139.62,413.32,130.95,412.43,110.39,403.44,126.12,398.84,140.84,-0.00000,-0.01843,-0.02991,-0.04275,-0.05421,0.00275,-0.02136,-0.03604,-0.04157,0.00042,-0.02924,-0.03589,-0.02941,-0.00686,-0.03843,-0.03289,-0.01743,-0.01567,-0.03508,-0.02780,-0.01522,-0.00717,0.08743,-0.02633,-0.03128,0.05820,-0.03043,-0.03798,0.03115,-0.03226,-0.04471,-0.00059,-0.02939,-0.04328,-0.02915,-0.02799,-0.02708,-0.00277,0.00545,-0.02827,-0.02466,-0.00647,-0.03159,-0.03532,-0.02367,-0.03623,-0.03224,-0.05392,-0.00380,-0.00215,0.00809,-0.00403,-0.02880,-0.01889,-0.01638,-0.01079,-0.03769,-0.02199,0.00632,-0.02928,0.01734,0.00022,-0.00177,0.01528,-0.01410,-0.02876,0.00227,0.00456,-0.03941,-0.00257,0.02379,-0.03153,0.02945,0.01433,-0.01688,0.03229,-0.00177,-0.03321,0.02048,0.00936,-0.04765,0.01452,0.02639,-0.03787,0,,,,,0.18360,0.09820,0.01994,0.97000,-0.00000,0.00000,0.24311
3512.1211,1,1,17.33,0.60,30.18,0.07342,-0.11939,0.62201,0.69233,0.61794,0.4154,0,1,0.20007,0.09409,0.07118,0.20015,0.09418,0.07025,0.37,0.00,0.61794,-0.53369,-0.15801,0.21626,1.51568,0.00001,0.16722,-0.53368,-0.16557,0.21572,1.52066,-0.00000,-0.17000,16,0.19352,0.09441,0.07353,0.18360,0.09820,0,0.97062,0.00471,-0.01560,0.24008,Left,0,378.79,191.18,359.89,170.34,348.49,141.63,345.56,116.31,346.68,93.97,360.51,112.88,358.38,94.37,356.59,83.99,356.48,84.28,377.98,114.92,380.91,88.24,373.67,112.14,370.35,129.09,396.30,121.04,398.07,99.04,388.35,124.18,383.44,141.99,413.84,131.82,413.14,111.15,403.61,127.06,397.96,141.92,-0.00000,-0.01859,-0.03061,-0.04393,-0.05587,0.00051,-0.02388,-0.03784,-0.04278,-0.00193,-0.03173,-0.03678,-0.02900,-0.00925,-0.04125,-0.03424,-0.01759,-0.01810,-0.03814,-0.03035,-0.01721,-0.00671,0.08685,-0.02641,-0.03119,0.05791,-0.03072,-0.03776,0.03055,-0.03302,-0.04419,-0.00156,-0.03036,-0.04257,-0.03050,-0.02852,-0.02699,-0.00337,0.00510,-0.02879,-0.02492,-0.00682,-0.03151,-0.03572,-0.02282,-0.03642,-0.03283,-0.05389,-0.00373,-0.00193,0.00803,-0.00423,-0.02897,-0.01879,-0.01618,-0.01037,-0.03609,-0.02188,0.00685,-0.02694,0.01735,0.00026,-0.00154,0.01510,-0.01382,-0.02837,0.00207,0.00516,-0.03929,-0.00311,0.02487,-0.02979,0.02972,0.01437,-0.01615,0.03254,-0.00157,-0.03264,0.02059,0.00949,-0.04709,0.01369,0.02690,-0.03783,0,,,,,0.18360,0.09820,0.01994,0.97000,-0.00000,0.00000,0.24311
3512.1557,1,1,19.46,0.57,30.62,0.07322,-0.11805,0.61925,0.68526,0.61648,0.4507,0,1,0.20145,0.09429,0.06984,0.20102,0.09412,0.06998,0.29,0.00,0.61648,-0.53105,-0.15431,0.21439,1.51197,0.00001,0.16719,-0.53085,-0.15381,0.21353,1.51105,-0.00000,-0.17000,16,0.19428,0.09441,0.07321,0.18360,0.09820,0,0.97087,0.00472,-0.01577,0.23904,Left,0,378.70,191.95,360.43,172.17,348.72,143.70,345.62,118.18,347.25,95.63,360.76,113.68,358.49,96.05,356.61,85.29,357.61,85.47,378.43,115.64,381.39,89.42,373.64,114.58,371.24,131.19,396.65,121.66,398.53,100.44,388.84,125.39,385.04,142.27,413.70,132.40,413.18,112.39,403.81,128.50,399.21,143.05,-0.00000,-0.02087,-0.03400,-0.04801,-0.06038,-0.00053,-0.02492,-0.03818,-0.04261,-0.00189,-0.03190,-0.03581,-0.02679,-0.00848,-0.04101,-0.03332,-0.01598,-0.01680,-0.03729,-0.02940,-0.01601,-0.00609,0.08814,-0.01967,-0.03053,0.05949,-0.02629,-0.03777,0.03220,-0.02959,-0.04444,-0.00029,-0.02843,-0.04258,-0.03011,-0.02836,-0.02693,-0.00317,0.00444,-0.02898,-0.02418,-0.00799,-0.03131,-0.03515,-0.02461,-0.03592,-0.03232,-0.05561,-0.00374,-0.00217,0.00755,-0.00369,-0.02842,-0.02042,-0.01600,-0.00882,-0.03772,-0.02067,0.00838,-0.02524,0.01731,0.00009,-0.00112,0.01524,-0.01341,-0.02911,0.00261,0.00565,-0.03930,-0.00154,0.02447,-0.02867,0.02982,0.01434,-0.01488,0.03268,-0.00125,-0.03182,0.02066,0.01006,-0.04664,0.01483,0.02779,-0.03692,0,,,,,0.18360,0.09820,0.01994,0.97000,0.00000,0.00000,0.24311
3512.1871,1,1,19.04,0.61,26.61,0.07426,-0.11758,0.62287,0.69984,0.62649,0.4632,0,1,0.19964,0.09325,0.06936,0.19828,0.09241,0.06809,0.11,0.01,0.62649,-0.53056,-0.16982,0.24429,1.50622,0.00000,0.16723,-0.53076,-0.16885,0.23504,1.50476,-0.00000,-0.17000,16,0.19169,0.09273,0.07129,0.18360,0.09820,0,0.97103,0.00341,-0.01146,0.23868,Left,0,379.41,193.39,360.22,173.36,348.47,144.05,345.64,118.60,346.03,95.86,362.30,115.20,360.35,96.55,356.93,86.55,355.58,87.01,379.51,117.08,381.88,90.19,373.43,114.21,370.87,130.09,397.33,123.00,398.58,101.03,388.32,126.00,384.80,142.50,414.57,133.35,413.05,112.80,403.57,129.10,399.57,143.40,-0.00000,-0.01740,-0.02817,-0.04065,-0.05182,0.00427,-0.01878,-0.03141,-0.03539,0.00150,-0.02670,-0.03063,-0.02200,-0.00634,-0.03735,-0.03010,-0.01335,-0.01566,-0.03477,-0.02675,-0.01358,-0.00781,0.08827,-0.02473,-0.03224,0.05961,-0.02825,-0.03937,0.03197,-0.03035,-0.04608,-0.00085,-0.02638,-0.04501,-0.03148,-0.02430,-0.02670,-0.00312,0.00580,-0.02854,-0.02530,-0.00571,-0.03259,-0.03577,-0.02172,-0.03931,-0.03246,-0.05269,-0.00343,-0.00223,0.00802,-0.00445,-0.02936,-0.01906,-0.01742,-0.01082,-0.03634,-0.02236,0.00620,-0.02580,0.01723,0.00028,-0.00195,0.01416,-0.01400,-0.02898,0.00087,0.00469,-0.03955,-0.00325,0.02353,-0.02872,0.02900,0.01425,-0.01674,0.03130,-0.00168,-0.03374,0.01876,0.00988,-0.04792,0.01377,0.02690,-0.03841,0,,,,,0.18360,0.09820,0.01994,0.97000,-0.00000,0.00000,0.24311
3512.2331,1,1,16.48,0.81,42.11,0.07453,-0.11704,0.62622,0.68664,0.62958,0.4282,0,1,0.19796,0.09297,0.06882,0.19841,0.09306,0.06912,0.12,0.01,0.62958,-0.53328,-0.18240,0.25098,1.50034,-0.00000,0.16723,-0.53384,-0.18246,0.25349,1.49990,-0.00000,-0.17000,16,0.19176,0.09322,0.07213,0.18360,0.09820,0,0.97069,0.00500,-0.01680,0.23968,Left,0,378.32,193.68,359.64,173.40,348.62,145.07,345.98,120.32,346.53,98.08,361.66,115.98,360.05,95.93,357.10,86.94,355.73,88.48,378.86,117.99,381.27,91.26,373.50,113.38,370.14,130.97,396.62,124.35,398.90,101.60,388.64,125.33,383.85,143.19,413.81,135.20,413.39,114.53,403.75,129.94,398.50,144.94,-0.00000,-0.01660,-0.02714,-0.03932,-0.05016,0.00275,-0.02090,-0.03519,-0.04043,-0.00044,-0.02935,-0.03585,-0.02965,-0.00830,-0.03900,-0.03350,-0.01852,-0.01753,-0.03681,-0.02975,-0.01751,-0.00789,0.08736,-0.01889,-0.03153,0.05870,-0.02394,-0.03821,0.03178,-0.02643,-0.04490,0.00030,-0.02537,-0.04339,-0.02793,-0.02556,-0.02685,-0.00306,0.00607,-0.02810,-0.02523,-0.00589,-0.03205,-0.03547,-0.02227,-0.03812,-0.03083,-0.05192,-0.00382,-0.00244,0.00778,-0.00436,-0.02891,-0.01848,-0.01737,-0.01167,-0.03741,-0.02245,0.00608,-0.03007,0.01734,0.00045,-0.00224,0.01472,-0.01443,-0.02872,0.00206,0.00426,-0.03925,-0.00332,0.02371,-0.03138,0.02908,0.01497,-0.01704,0.03194,-0.00138,-0.03298,0.01974,0.00955,-0.04711,0.01367,0.02685,-0.03832,0,,,,,0.18360,0.09820,0.01994,0.97000,-0.00000,-0.00000,0.24311
3512.2644,1,1,16.51,0.58,26.61,0.07371,-0.11576,0.62187,0.67847,0.61752,0.3916,0,1,0.20014,0.09380,0.06754,0.19952,0.09340,0.06634,0.31,0.00,0.61752,-0.53181,-0.15692,0.24361,1.49309,0.00000,0.16723,-0.53208,-0.16545,0.24302,1.49315,-0.00000,-0.17000,16,0.19278,0.09350,0.06930,0.18360,0.09820,0,0.97096,0.00318,-0.01083,0.23898,Left,0,379.32,194.29,360.36,174.51,348.38,147.11,345.67,122.00,346.25,99.28,360.07,115.74,358.59,96.70,356.87,87.25,356.68,89.37,377.86,117.90,381.25,92.00,374.07,116.72,371.41,132.49,396.24,123.87,398.63,102.63,388.88,127.37,384.43,143.45,413.59,134.42,412.60,114.69,403.16,130.75,398.20,144.60,-0.00000,-0.01929,-0.03169,-0.04508,-0.05672,-0.00012,-0.02385,-0.03614,-0.03968,-0.00179,-0.03009,-0.03331,-0.02451,-0.00852,-0.03934,-0.03158,-0.01498,-0.01685,-0.03655,-0.02885,-0.01598,-0.00513,0.08877,-0.01315,-0.03029,0.06034,-0.02175,-0.03728,0.03377,-0.02679,-0.04401,0.00192,-0.02829,-0.04289,-0.02747,-0.03064,-0.02741,-0.00284,0.00417,-0.02849,-0.02533,-0.00757,-0.03098,-0.03542,-0.02428,-0.03626,-0.03070,-0.05425,-0.00383,-0.00250,0.00726,-0.00310,-0.02807,-0.02109,-0.01476,-0.00788,-0.03711,-0.01991,0.00788,-0.02254,0.01793,0.00016,-0.00086,0.01593,-0.01295,-0.02894,0.00326,0.00611,-0.03875,-0.00127,0.02400,-0.02660,0.03038,0.01505,-0.01400,0.03258,-0.00072,-0.03164,0.02048,0.01142,-0.04627,0.01461,0.02835,-0.03595,0,,,,,0.18360,0.09820,0.01994,0.97000,0.00000,-0.00000,0.24311
3512.3073,1,1,17.07,0.60,25.44,0.07403,-0.11521,0.62694,0.71312,0.63200,0.4041,0,1,0.19761,0.09348,0.06700,0.19651,0.09253,0.06612,0.15,0.01,0.63200,-0.53605,-0.18573,0.27595,1.48750,-0.00000,0.16724,-0.53700,-0.18212,0.26668,1.48640,-0.00000,-0.17000,16,0.19010,0.09266,0.06919,0.18360,0.09820,0,0.97051,0.00365,-0.01240,0.24070,Left,0,378.14,195.42,359.37,175.90,348.16,147.53,345.71,122.55,346.17,100.04,361.07,118.58,359.80,99.86,356.52,89.69,354.78,89.20,378.31,120.26,381.45,92.96,373.41,115.24,369.50,132.56,395.85,126.22,398.32,103.42,388.11,127.03,383.00,144.41,412.69,136.72,412.01,115.89,402.38,131.08,396.86,145.67,-0.00000,-0.01770,-0.02854,-0.04087,-0.05197,0.00293,-0.02081,-0.03546,-0.04118,0.00009,-0.02971,-0.03654,-0.03009,-0.00755,-0.03904,-0.03389,-0.01870,-0.01663,-0.03590,-0.02883,-0.01647,-0.00858,0.08785,-0.02674,-0.03236,0.05894,-0.03072,-0.03836,0.03184,-0.03315,-0.04500,0.00004,-0.03001,-0.04342,-0.02928,-0.02859,-0.02688,-0.00255,0.00563,-0.02793,-0.02439,-0.00550,-0.03213,-0.03605,-0.02189,-0.03902,-0.03354,-0.05305,-0.00372,-0.00218,0.00824,-0.00353,-0.02999,-0.01741,-0.01671,-0.01258,-0.03717,-0.02236,0.00501,-0.02981,0.01748,-0.00001,-0.00177,0.01503,-0.01534,-0.02805,0.00223,0.00338,-0.03905,-0.00346,0.02276,-0.03101,0.02891,0.01381,-0.01703,0.03165,-0.00207,-0.03254,0.01962,0.00835,-0.04696,0.01302,0.02569,-0.03808,0,,,,,0.18360,0.09820,0.01994,0.97000,0.00000,0.00000,0.24311
3512.3359,1,1,17.07,0.56,24.33,0.07464,-0.11607,0.63237,0.69645,0.63780,0.4425,0,1,0.19489,0.09286,0.06786,0.19428,0.09271,0.06687,0.36,0.01,0.63780,-0.54321,-0.20345,0.28898,1.49102,-0.00000,0.16725,-0.54174,-0.20406,0.28466,1.49033,-0.00000,-0.17000,16,0.18784,0.09272,0.06993,0.18360,0.09820,0,0.96968,0.00388,-0.01307,0.24402,Left,0,377.87,193.68,358.66,173.21,347.17,145.37,344.45,121.25,344.63,99.33,361.69,117.52,360.92,98.56,356.53,89.62,353.00,89.46,378.72,119.21,379.69,92.74,371.65,115.59,368.78,132.65,395.99,125.40,397.12,103.03,386.81,127.37,382.49,144.41,412.73,136.12,411.27,115.92,401.65,131.87,396.93,146.12,-0.00000,-0.01579,-0.02512,-0.03610,-0.04589,0.00449,-0.01906,-0.03365,-0.03948,0.00096,-0.02843,-0.03516,-0.02916,-0.00728,-0.03899,-0.03350,-0.01827,-0.01676,-0.03662,-0.02949,-0.01717,-0.00824,0.08696,-0.01936,-0.03275,0.05884,-0.02440,-0.03997,0.03191,-0.02706,-0.04746,0.00061,-0.02507,-0.04681,-0.02833,-0.02480,-0.02706,-0.00263,0.00593,-0.02770,-0.02437,-0.00647,-0.03293,-0.03493,-0.02274,-0.04190,-0.03212,-0.05176,-0.00349,-0.00246,0.00780,-0.00601,-0.02836,-0.01890,-0.01906,-0.01113,-0.03734,-0.02477,0.00601,-0.02909,0.01740,0.00029,-0.00217,0.01353,-0.01456,-0.02941,0.00041,0.00492,-0.03930,-0.00518,0.02429,-0.02990,0.02845,0.01495,-0.01679,0.03083,-0.00135,-0.03349,0.01788,0.01023,-0.04791,0.01207,0.02685,-0.03724,0,,,,,0.18360,0.09820,0.01994,0.97000,0.00000,0.00000,0.24311
3512.3639,1,1,15.98,0.59,23.96,0.07334,-0.11461,0.62721,0.69227,0.62206,0.4448,0,1,0.19747,0.09417,0.06639,0.19785,0.09442,0.06780,0.35,0.01,0.62206,-0.54116,-0.18842,0.26767,1.48370,0.00000,0.16721,-0.54109,-0.18357,0.27060,1.48366,-0.00000,-0.17000,16,0.19111,0.09439,0.07068,0.18360,0.09820,0,0.96976,0.00557,-0.01864,0.24328,Left,0,377.58,195.09,358.42,175.45,346.68,147.34,344.10,122.59,343.69,100.04,359.63,118.07,358.49,99.69,355.31,89.68,353.26,89.30,377.00,119.97,378.43,94.39,371.10,118.32,368.64,135.01,394.78,126.09,395.73,104.02,386.07,128.56,381.97,145.41,411.88,136.70,410.82,116.36,401.53,132.34,396.70,146.71,-0.00000,-0.01781,-0.02851,-0.04037,-0.05083,0.00194,-0.02096,-0.03396,-0.03868,-0.00050,-0.02932,-0.03420,-0.02678,-0.00777,-0.03915,-0.03249,-0.01655,-0.01647,-0.03667,-0.02945,-0.01697,-0.00610,0.08753,-0.01989,-0.03071,0.05919,-0.02525,-0.03770,0.03206,-0.02807,-0.04517,0.00067,-0.02653,-0.04530,-0.02917,-0.02650,-0.02696,-0.00270,0.00531,-0.02785,-0.02434,-0.00726,-0.03150,-0.03471,-0.02294,-0.03917,-0.03335,-0.05318,-0.00361,-0.00211,0.00768,-0.00487,-0.02790,-0.01971,-0.01757,-0.00908,-0.03600,-0.02260,0.00771,-0.02522,0.01734,-0.00018,-0.00179,0.01402,-0.01391,-0.02859,0.00115,0.00497,-0.03932,-0.00325,0.02405,-0.02930,0.02904,0.01391,-0.01626,0.03148,-0.00199,-0.03317,0.01928,0.00961,-0.04752,0.01381,0.02712,-0.03813,0,,,,,0.18360,0.09820,0.01994,0.97000,0.00000,0.00000,0.24311
3512.3909,1,1,14.76,0.56,22.65,0.07223,-0.11394,0.62764,0.70615,0.62807,0.4024,0,1,0.19725,0.09527,0.06572,0.19644,0.09494,0.06399,0.17,0.00,0.62807,-0.54750,-0.16912,0.27390,1.47694,0.00000,0.16726,-0.54638,-0.17838,0.27094,1.47823,-0.00000,-0.17000,16,0.18987,0.09482,0.06702,0.18360,0.09820,0,0.96920,0.00280,-0.00951,0.24608,Left,0,375.79,195.11,357.44,175.68,345.85,147.95,342.94,123.41,343.51,100.83,358.48,119.25,357.09,100.44,354.20,90.90,353.06,90.55,375.78,121.09,378.35,94.73,370.10,118.00,366.96,134.17,393.46,127.12,395.55,104.89,385.21,129.27,380.88,145.81,410.35,137.67,409.59,117.28,400.08,133.18,395.43,147.32,-0.00000,-0.01786,-0.02921,-0.04186,-0.05323,0.00121,-0.02288,-0.03714,-0.04255,-0.00155,-0.03091,-0.03649,-0.02954,-0.00913,-0.04046,-0.03374,-0.01776,-0.01818,-0.03734,-0.02927,-0.01632,-0.00728,0.08724,-0.02171,-0.03149,0.05907,-0.02607,-0.03804,0.03171,-0.02946,-0.04527,-0.00013,-0.02760,-0.04460,-0.02976,-0.02826,-0.02663,-0.00306,0.00582,-0.02838,-0.02471,-0.00667,-0.03168,-0.03507,-0.02265,-0.03869,-0.03309,-0.05243,-0.00358,-0.00226,0.00777,-0.00442,-0.02893,-0.01819,-0.01734,-0.01067,-0.03561,-0.02287,0.00592,-0.02632,0.01713,-0.00003,-0.00204,0.01476,-0.01469,-0.02828,0.00138,0.00445,-0.03866,-0.00315,0.02335,-0.02883,0.02878,0.01438,-0.01689,0.03162,-0.00180,-0.03288,0.01971,0.00971,-0.04654,0.01390,0.02674,-0.03667,0,,,,,0.18360,0.09820,0.01994,0.97000,0.00000,0.00000,0.24311
3512.4267,1,1,18.03,0.79,30.77,0.07176,-0.11434,0.63285,0.71463,0.63806,0.3774,0,1,0.19465,0.09574,0.06612,0.19445,0.09528,0.06601,0.25,0.01,0.63806,-0.55480,-0.19825,0.29048,1.47855,-0.00000,0.16725,-0.55557,-0.19325,0.28545,1.47871,-0.00000,-0.17000,16,0.18804,0.09506,0.06897,0.18360,0.09820,0,0.96832,0.00456,-0.01510,0.24921,Left,0,376.45,195.48,356.86,176.74,345.50,148.68,343.07,124.02,343.47,102.61,356.70,119.79,353.93,100.12,352.78,91.18,353.47,92.57,374.20,121.48,376.97,95.42,369.86,117.94,366.85,134.57,392.37,127.31,394.59,105.33,384.98,128.80,380.40,145.46,409.94,137.61,409.15,117.41,400.03,132.88,395.22,147.10,-0.00000,-0.01665,-0.02662,-0.03784,-0.04772,0.00164,-0.02163,-0.03525,-0.04008,-0.00110,-0.02939,-0.03505,-0.02844,-0.00839,-0.03850,-0.03238,-0.01724,-0.01703,-0.03590,-0.02847,-0.01614,-0.00483,0.08645,-0.02728,-0.03010,0.05858,-0.03144,-0.03727,0.03163,-0.03314,-0.04385,0.00037,-0.03017,-0.04222,-0.02794,-0.02969,-0.02809,-0.00230,0.00529,-0.02961,-0.02513,-0.00567,-0.03242,-0.03577,-0.02288,-0.03632,-0.03173,-0.05305,-0.00407,-0.00219,0.00814,-0.00440,-0.02911,-0.01774,-0.01594,-0.01113,-0.03584,-0.02131,0.00562,-0.02659,0.01801,0.00005,-0.00165,0.01572,-0.01499,-0.02767,0.00314,0.00374,-0.03829,-0.00158,0.02300,-0.02980,0.03062,0.01365,-0.01653,0.03362,-0.00219,-0.03251,0.02129,0.00908,-0.04693,0.01555,0.02608,-0.03669,0,,,,,0.18360,0.09820,0.01994,0.97000,0.00000,-0.00000,0.24311
3512.4547,1,1,15.36,0.17,25.07,0.07126,-0.11393,0.63336,0.71583,0.63388,0.4027,0,1,0.19439,0.09624,0.06572,0.19457,0.09567,0.06564,0.76,0.01,0.63388,-0.55622,-0.19227,0.28680,1.47858,0.00000,0.16725,-0.55557,-0.19325,0.28545,1.47871,-0.00000,-0.17000,16,0.18804,0.09558,0.06867,0.18360,0.09820,0,0.96803,0.00433,-0.01432,0.25039,Left,0,375.34,196.21,356.25,176.32,345.11,147.99,342.48,123.55,342.69,101.18,357.61,120.30,356.36,102.15,352.94,92.44,350.88,91.20,374.75,121.75,376.45,95.44,369.25,118.35,366.42,135.15,392.33,127.54,393.68,105.42,384.31,129.58,380.36,146.47,409.34,137.86,407.41,117.61,398.34,133.22,393.97,147.44,-0.00000,-0.01566,-0.02496,-0.03590,-0.04577,0.00486,-0.01780,-0.03202,-0.03782,0.00135,-0.02737,-0.03389,-0.02769,-0.00674,-0.03746,-0.03187,-0.01669,-0.01609,-0.03508,-0.02775,-0.01536,-0.00743,0.08762,-0.02634,-0.03155,0.05968,-0.02857,-0.03816,0.03137,-0.03102,-0.04520,-0.00057,-0.02718,-0.04445,-0.03053,-0.02675,-0.02680,-0.00268,0.00611,-0.02831,-0.02401,-0.00578,-0.03221,-0.03468,-0.02151,-0.03973,-0.03360,-0.05127,-0.00356,-0.00210,0.00806,-0.00517,-0.02934,-0.01758,-0.01746,-0.01154,-0.03589,-0.02249,0.00627,-0.02812,0.01694,-0.00022,-0.00232,0.01421,-0.01541,-0.02831,0.00183,0.00398,-0.03880,-0.00261,0.02365,-0.02964,0.02875,0.01368,-0.01734,0.03126,-0.00231,-0.03346,0.01909,0.00896,-0.04773,0.01349,0.02646,-0.03787,0,,,,,0.18360,0.09820,0.01994,0.97000,0.00000,0.00000,0.24311
3512.4895,1,1,17.77,0.57,30.94,0.07030,-0.11405,0.63303,0.69062,0.63269,0.3936,0,1,0.19456,0.09721,0.06584,0.19468,0.09698,0.06594,0.12,0.00,0.63269,-0.56196,-0.18956,0.28196,1.47785,0.00000,0.16724,-0.56286,-0.18911,0.28191,1.47797,-0.00000,-0.17000,16,0.18812,0.09668,0.06896,0.18360,0.09820,0,0.96737,0.00480,-0.01578,0.25283,Left,0,374.27,195.85,355.81,177.65,344.48,149.63,341.37,124.78,341.12,102.75,355.97,118.95,354.36,100.12,351.60,91.40,350.69,92.67,373.37,120.86,375.68,95.80,367.94,120.25,365.65,135.56,391.38,126.93,393.15,105.93,382.73,130.39,378.78,145.68,408.71,137.32,407.67,118.20,397.89,134.00,393.27,147.01,-0.00000,-0.01810,-0.02930,-0.04148,-0.05218,0.00043,-0.02334,-0.03646,-0.04077,-0.00150,-0.02950,-0.03316,-0.02505,-0.00831,-0.03859,-0.03110,-0.01500,-0.01661,-0.03537,-0.02745,-0.01476,-0.00521,0.08910,-0.00998,-0.03022,0.06162,-0.01683,-0.03737,0.03376,-0.02213,-0.04461,0.00234,-0.02422,-0.04446,-0.02713,-0.02746,-0.02732,-0.00291,0.00566,-0.02919,-0.02453,-0.00681,-0.03253,-0.03422,-0.02286,-0.03843,-0.03044,-0.05159,-0.00389,-0.00275,0.00721,-0.00484,-0.02775,-0.01936,-0.01731,-0.00803,-0.03497,-0.02162,0.00794,-0.02224,0.01777,0.00009,-0.00198,0.01446,-0.01313,-0.02900,0.00140,0.00642,-0.03745,-0.00283,0.02402,-0.02575,0.03004,0.01518,-0.01543,0.03210,-0.00041,-0.03308,0.01930,0.01174,-0.04672,0.01376,0.02825,-0.03676,0,,,,,0.18360,0.09820,0.01994,0.97000,0.00000,0.00000,0.24311
3512.5213,1,1,17.75,0.22,28.11,0.06963,-0.11360,0.63254,0.69543,0.63205,0.4511,0,1,0.19480,0.09788,0.06538,0.19443,0.09716,0.06573,0.96,0.00,0.63205,-0.56353,-0.18837,0.28215,1.47803,0.00000,0.16726,-0.56286,-0.18911,0.28191,1.47797,-0.00000,-0.17000,16,0.18792,0.09701,0.06879,0.18360,0.09820,0,0.96710,0.00464,-0.01526,0.25390,Left,0,374.37,196.22,355.86,177.11,343.64,149.58,340.06,124.81,340.45,102.72,356.08,120.28,354.29,102.20,351.33,92.49,350.11,92.24,373.14,121.84,374.86,96.51,367.61,119.58,365.14,135.61,390.81,127.64,392.53,106.03,382.91,129.72,378.90,146.03,407.93,137.93,406.93,117.87,397.53,133.33,392.65,147.44,-0.00000,-0.01689,-0.02768,-0.03991,-0.05088,0.00312,-0.01989,-0.03371,-0.03899,0.00033,-0.02759,-0.03279,-0.02594,-0.00723,-0.03732,-0.03098,-0.01569,-0.01620,-0.03479,-0.02723,-0.01487,-0.00541,0.08727,-0.01863,-0.03017,0.05913,-0.02351,-0.03750,0.03225,-0.02600,-0.04599,0.00105,-0.02437,-0.04541,-0.02813,-0.02503,-0.02670,-0.00237,0.00603,-0.02876,-0.02363,-0.00627,-0.03244,-0.03443,-0.02216,-0.03888,-0.03186,-0.05219,-0.00366,-0.00226,0.00773,-0.00518,-0.02794,-0.01870,-0.01716,-0.00945,-0.03602,-0.02195,0.00676,-0.02566,0.01714,-0.00024,-0.00209,0.01411,-0.01405,-0.02831,0.00207,0.00466,-0.03805,-0.00246,0.02306,-0.02853,0.02917,0.01388,-0.01667,0.03181,-0.00194,-0.03292,0.01967,0.00917,-0.04684,0.01382,0.02644,-0.03806,0,,,,,0.18360,0.09820,0.01994,0.97000,0.00000,0.00000,0.24311
3512.5542,1,1,17.65,0.54,27.97,0.06862,-0.11262,0.62884,0.68621,0.62514,0.4298,0,1,0.19665,0.09888,0.06441,0.19611,0.09848,0.06343,0.38,0.01,0.62514,-0.56472,-0.15868,0.26708,1.47083,-0.00000,0.16726,-0.56487,-0.16768,0.26831,1.47006,-0.00000,-0.17000,16,0.18958,0.09829,0.06648,0.18360,0.09820,0,0.96702,0.00346,-0.01159,0.25443,Left,0,373.90,196.11,355.07,177.09,343.66,149.80,340.61,125.80,340.08,103.81,354.77,120.35,352.76,102.52,350.72,93.20,350.83,93.37,372.56,122.09,375.32,96.57,368.27,120.23,365.67,136.89,390.66,128.02,392.48,107.31,382.94,131.60,378.88,148.01,407.89,138.47,407.07,119.02,397.85,134.92,393.19,148.82,-0.00000,-0.01743,-0.02837,-0.04043,-0.05112,0.00116,-0.02231,-0.03599,-0.04098,-0.00148,-0.03055,-0.03598,-0.02880,-0.00878,-0.03961,-0.03300,-0.01716,-0.01746,-0.03631,-0.02830,-0.01541,-0.00528,0.08685,-0.01449,-0.03034,0.05941,-0.02128,-0.03761,0.03256,-0.02556,-0.04467,0.00115,-0.02602,-0.04518,-0.02759,-0.02824,-0.02735,-0.00268,0.00508,-0.02947,-0.02412,-0.00822,-0.03227,-0.03367,-0.02428,-0.03756,-0.03155,-0.05405,-0.00380,-0.00215,0.00732,-0.00416,-0.02864,-0.01976,-0.01572,-0.00954,-0.03640,-0.02088,0.00726,-0.02501,0.01756,-0.00015,-0.00147,0.01568,-0.01329,-0.02881,0.00252,0.00555,-0.03819,-0.00151,0.02431,-0.02694,0.03026,0.01452,-0.01473,0.03301,-0.00112,-0.03208,0.02106,0.01037,-0.04589,0.01506,0.02744,-0.03557,0,,,,,0.18360,0.09820,0.01994,0.97000,0.00000,0.00000,0.24311
3512.5822,1,1,15.04,0.55,23.37,0.06862,-0.11283,0.63244,0.69920,0.63605,0.4496,0,1,0.19485,0.09888,0.06462,0.19383,0.09832,0.06381,0.13,0.00,0.63605,-0.57060,-0.18033,0.28757,1.46900,-0.00001,0.16726,-0.56981,-0.17729,0.27931,1.46885,-0.00000,-0.17000,16,0.18743,0.09795,0.06692,0.18360,0.09820,0,0.96637,0.00406,-0.01343,0.25676,Left,0,373.05,196.56,354.18,177.55,343.44,149.71,340.56,126.02,339.92,104.82,355.51,120.87,352.93,102.94,350.46,93.92,350.00,94.54,372.64,122.51,374.44,97.39,367.27,120.30,364.62,137.02,390.37,128.50,392.01,107.32,382.37,130.94,378.11,147.78,407.44,139.04,406.87,119.34,397.15,134.61,391.53,148.93,-0.00000,-0.01601,-0.02603,-0.03746,-0.04766,0.00190,-0.02112,-0.03480,-0.03987,-0.00127,-0.02927,-0.03455,-0.02779,-0.00896,-0.03884,-0.03255,-0.01738,-0.01798,-0.03675,-0.02940,-0.01718,-0.00661,0.08702,-0.01972,-0.03104,0.05917,-0.02440,-0.03752,0.03194,-0.02688,-0.04461,0.00119,-0.02570,-0.04482,-0.02685,-0.02546,-0.02697,-0.00239,0.00598,-0.02915,-0.02412,-0.00657,-0.03285,-0.03402,-0.02280,-0.03782,-0.03067,-0.05270,-0.00385,-0.00222,0.00773,-0.00465,-0.02860,-0.01845,-0.01704,-0.00987,-0.03539,-0.02198,0.00714,-0.02624,0.01745,-0.00009,-0.00210,0.01473,-0.01404,-0.02840,0.00234,0.00480,-0.03773,-0.00247,0.02388,-0.02806,0.02960,0.01406,-0.01672,0.03249,-0.00164,-0.03358,0.01998,0.00953,-0.04781,0.01320,0.02747,-0.03793,0,,,,,0.18360,0.09820,0.01994,0.97000,-0.00000,-0.00000,0.24311
3512.6147,1,1,15.36,0.17,28.33,0.06834,-0.11242,0.63226,0.70505,0.63208,0.4451,0,1,0.19494,0.09917,0.06421,0.19487,0.09888,0.06432,0.45,0.00,0.63208,-0.57013,-0.17621,0.27977,1.46846,0.00000,0.16726,-0.56981,-0.17729,0.27931,1.46885,-0.00000,-0.17000,16,0.18833,0.09857,0.06740,0.18360,0.09820,0,0.96631,0.00476,-0.01563,0.25685,Left,0,373.67,196.91,354.69,178.22,343.16,150.62,340.14,126.22,340.18,104.55,354.75,121.41,353.20,103.33,350.85,94.04,349.96,94.28,372.28,123.04,374.07,98.64,367.08,121.99,364.53,138.23,390.24,128.73,391.74,108.15,382.10,131.92,377.80,148.20,407.46,138.78,406.88,119.33,397.39,134.82,392.22,148.86,-0.00000,-0.01763,-0.02825,-0.03985,-0.05001,0.00093,-0.02254,-0.03646,-0.04171,-0.00122,-0.02952,-0.03483,-0.02821,-0.00809,-0.03841,-0.03207,-0.01688,-0.01642,-0.03553,-0.02832,-0.01620,-0.00543,0.08697,-0.02196,-0.03009,0.05935,-0.02685,-0.03726,0.03230,-0.02880,-0.04496,0.00117,-0.02653,-0.04427,-0.02764,-0.02679,-0.02755,-0.00188,0.00554,-0.02868,-0.02351,-0.00673,-0.03207,-0.03423,-0.02343,-0.03796,-0.03156,-0.05397,-0.00390,-0.00212,0.00795,-0.00503,-0.02755,-0.01914,-0.01690,-0.00844,-0.03594,-0.02197,0.00809,-0.02530,0.01748,-0.00044,-0.00179,0.01466,-0.01364,-0.02841,0.00236,0.00552,-0.03807,-0.00233,0.02445,-0.02866,0.02983,0.01353,-0.01628,0.03297,-0.00200,-0.03294,0.02056,0.00921,-0.04762,0.01435,0.02655,-0.03776,0,,,,,0.18360,0.09820,0.01994,0.97000,-0.00000,-0.00000,0.24311
3512.6668,1,1,18.02,0.78,49.27,0.06767,-0.11079,0.62523,0.69689,0.61820,0.4436,0,1,0.19846,0.09984,0.06257,0.19717,0.09919,0.06076,0.50,0.01,0.61820,-0.56489,-0.13851,0.26467,1.45847,0.00000,0.16726,-0.56443,-0.14995,0.26239,1.45823,-0.00000,-0.17000,16,0.19073,0.09903,0.06385,0.18360,0.09820,0,0.96703,0.00287,-0.00988,0.25444,Left,0,374.04,197.04,354.96,178.72,342.99,151.46,340.14,127.17,341.27,105.07,354.85,121.77,352.83,104.45,350.37,94.70,349.76,94.36,372.65,123.43,373.95,98.64,367.01,122.09,364.72,138.42,390.76,129.15,391.19,109.16,381.80,133.70,377.94,150.27,408.04,139.29,406.43,119.89,397.11,135.79,392.29,149.90,-0.00000,-0.01821,-0.02954,-0.04193,-0.05299,0.00135,-0.02238,-0.03652,-0.04187,-0.00087,-0.02993,-0.03543,-0.02831,-0.00794,-0.03921,-0.03282,-0.01695,-0.01647,-0.03594,-0.02835,-0.01561,-0.00527,0.08676,-0.01868,-0.03019,0.05964,-0.02393,-0.03755,0.03223,-0.02718,-0.04494,0.00097,-0.02620,-0.04396,-0.02842,-0.02849,-0.02704,-0.00250,0.00538,-0.02960,-0.02353,-0.00739,-0.03227,-0.03355,-0.02368,-0.03866,-0.03208,-0.05544,-0.00367,-0.00197,0.00768,-0.00545,-0.02827,-0.01974,-0.01719,-0.00888,-0.03611,-0.02236,0.00788,-0.02588,0.01716,-0.00062,-0.00188,0.01404,-0.01291,-0.02862,0.00101,0.00604,-0.03875,-0.00279,0.02535,-0.02762,0.02960,0.01352,-0.01551,0.03227,-0.00204,-0.03253,0.01989,0.00939,-0.04634,0.01387,0.02698,-0.03702,0,,,,,0.18360,0.09820,0.01994,0.97000,0.00000,-0.00000,0.24311
3512.6986,1,1,19.25,0.63,27.68,0.06761,-0.10975,0.62361,0.70233,0.62199,0.4333,0,1,0.19927,0.09990,0.06154,0.19892,0.09981,0.06160,0.24,0.00,0.62199,-0.56270,-0.14017,0.26126,1.45136,0.00000,0.16724,-0.56227,-0.14092,0.26137,1.45034,-0.00000,-0.17000,16,0.19228,0.09962,0.06441,0.18360,0.09820,0,0.96720,0.00446,-0.01496,0.25355,Left,0,373.77,198.26,355.32,179.49,343.71,152.39,340.75,128.12,340.60,105.62,355.38,122.60,353.63,104.90,350.61,95.14,349.40,95.13,372.93,124.27,374.91,99.22,367.97,122.82,365.76,138.87,390.86,130.07,392.01,109.68,382.86,133.85,379.25,149.84,408.00,140.39,407.36,120.78,398.22,136.17,393.50,149.68,-0.00000,-0.01844,-0.02984,-0.04239,-0.05347,0.00170,-0.02196,-0.03576,-0.04070,-0.00040,-0.02866,-0.03353,-0.02609,-0.00746,-0.03763,-0.03064,-0.01465,-0.01611,-0.03415,-0.02597,-0.01311,-0.00576,0.08737,-0.02046,-0.03067,0.05962,-0.02576,-0.03798,0.03264,-0.02896,-0.04488,0.00096,-0.02723,-0.04500,-0.02912,-0.02791,-0.02691,-0.00270,0.00513,-0.02914,-0.02446,-0.00715,-0.03244,-0.03420,-0.02359,-0.03946,-0.03259,-0.05412,-0.00366,-0.00201,0.00778,-0.00454,-0.02880,-0.01960,-0.01650,-0.00927,-0.03587,-0.02139,0.00744,-0.02446,0.01720,-0.00029,-0.00166,0.01482,-0.01326,-0.02857,0.00192,0.00544,-0.03847,-0.00164,0.02391,-0.02693,0.02950,0.01389,-0.01556,0.03292,-0.00197,-0.03266,0.02047,0.00921,-0.04649,0.01445,0.02611,-0.03692,0,,,,,0.18360,0.09820,0.01994,0.97000,0.00000,-0.00000,0.24311
3512.7272,1,1,15.24,0.55,24.39,0.06839,-0.10995,0.62859,0.70472,0.63356,0.4404,0,1,0.19678,0.09912,0.06173,0.19557,0.09830,0.06071,0.23,0.01,0.63356,-0.56546,-0.16392,0.29309,1.44835,0.00000,0.16727,-0.56542,-0.15947,0.28236,1.44806,-0.00000,-0.17000,16,0.18903,0.09803,0.06353,0.18360,0.09820,0,0.96696,0.00354,-0.01207,0.25463,Left,0,373.93,198.89,355.25,180.00,343.82,152.49,341.05,128.26,340.84,106.52,356.13,123.53,354.13,104.81,350.63,95.66,348.74,95.75,373.37,124.74,375.25,99.01,368.19,122.27,365.87,139.04,391.04,130.42,392.50,109.03,383.27,133.12,379.58,149.90,408.08,140.67,407.56,120.89,398.31,136.16,393.49,150.05,-0.00000,-0.01742,-0.02792,-0.03969,-0.05009,0.00247,-0.02095,-0.03513,-0.04052,-0.00010,-0.02852,-0.03422,-0.02748,-0.00746,-0.03756,-0.03114,-0.01562,-0.01634,-0.03467,-0.02701,-0.01453,-0.00612,0.08776,-0.02009,-0.03075,0.06026,-0.02521,-0.03821,0.03329,-0.02806,-0.04532,0.00143,-0.02615,-0.04542,-0.02760,-0.02631,-0.02704,-0.00209,0.00555,-0.02922,-0.02440,-0.00656,-0.03358,-0.03443,-0.02308,-0.04075,-0.03212,-0.05307,-0.00372,-0.00227,0.00780,-0.00488,-0.02913,-0.01930,-0.01723,-0.01017,-0.03680,-0.02175,0.00691,-0.02648,0.01738,-0.00035,-0.00185,0.01450,-0.01442,-0.02857,0.00187,0.00484,-0.03852,-0.00162,0.02391,-0.02812,0.02937,0.01400,-0.01609,0.03268,-0.00216,-0.03288,0.02019,0.00894,-0.04732,0.01438,0.02574,-0.03774,0,,,,,0.18360,0.09820,0.01994,0.97000,0.00000,0.00000,0.24311
3512.7595,1,1,15.11,0.68,23.01,0.06901,-0.10964,0.62974,0.70582,0.63089,0.4842,0,1,0.19621,0.09850,0.06142,0.19630,0.09861,0.06135,0.08,0.00,0.63089,-0.56475,-0.16647,0.29158,1.44591,0.00000,0.16727,-0.56460,-0.16737,0.29230,1.44593,-0.00000,-0.17000,16,0.18967,0.09838,0.06399,0.18360,0.09820,0,0.96695,0.00430,-0.01450,0.25450,Left,0,374.55,199.94,356.13,180.29,344.07,152.38,340.51,128.30,340.43,106.30,356.98,123.25,355.39,105.83,351.96,96.12,349.87,95.50,374.03,124.92,374.73,100.58,367.73,124.31,365.87,139.80,391.60,130.69,392.58,109.75,383.22,133.92,379.66,149.86,408.68,140.94,407.95,120.89,398.23,136.42,392.95,150.26,-0.00000,-0.01655,-0.02677,-0.03848,-0.04882,0.00366,-0.01844,-0.03125,-0.03603,0.00088,-0.02609,-0.03041,-0.02328,-0.00672,-0.03638,-0.02932,-0.01376,-0.01575,-0.03422,-0.02645,-0.01410,-0.00676,0.08838,-0.02250,-0.03099,0.05998,-0.02604,-0.03816,0.03285,-0.02809,-0.04592,0.00110,-0.02499,-0.04628,-0.02863,-0.02422,-0.02657,-0.00211,0.00608,-0.02842,-0.02374,-0.00608,-0.03229,-0.03441,-0.02207,-0.04003,-0.03302,-0.05334,-0.00359,-0.00216,0.00782,-0.00572,-0.02768,-0.01949,-0.01801,-0.00836,-0.03546,-0.02225,0.00779,-0.02463,0.01718,-0.00026,-0.00209,0.01418,-0.01367,-0.02888,0.00115,0.00500,-0.03882,-0.00278,0.02338,-0.02811,0.02902,0.01392,-0.01675,0.03204,-0.00212,-0.03333,0.01960,0.00876,-0.04770,0.01335,0.02563,-0.03851,0,,,,,0.18360,0.09820,0.01994,0.97000,0.00000,0.00000,0.24311
3512.7921,1,1,16.16,0.38,28.98,0.06943,-0.10936,0.62857,0.69642,0.62741,0.4474,0,1,0.19679,0.09808,0.06115,0.19626,0.09852,0.06134,0.75,0.00,0.62741,-0.56447,-0.16718,0.29242,1.44579,0.00000,0.16729,-0.56460,-0.16737,0.29230,1.44593,-0.00000,-0.17000,16,0.18976,0.09835,0.06405,0.18360,0.09820,0,0.96700,0.00443,-0.01500,0.25430,Left,0,374.94,198.80,356.00,179.62,344.22,152.16,341.70,128.21,343.37,106.39,357.23,123.22,355.22,105.96,352.18,96.76,350.52,96.23,374.53,124.84,375.17,101.19,368.34,124.86,366.40,140.93,392.28,130.56,392.71,110.72,383.32,135.40,379.69,151.73,409.55,140.75,408.24,121.59,398.51,137.69,393.34,151.58,-0.00000,-0.01671,-0.02717,-0.03890,-0.04927,0.00198,-0.02108,-0.03479,-0.04018,-0.00087,-0.02943,-0.03488,-0.02834,-0.00835,-0.03924,-0.03247,-0.01681,-0.01719,-0.03647,-0.02865,-0.01603,-0.00645,0.08672,-0.01958,-0.03117,0.05958,-0.02403,-0.03856,0.03231,-0.02714,-0.04518,0.00111,-0.02575,-0.04426,-0.02823,-0.02729,-0.02695,-0.00237,0.00542,-0.02934,-0.02336,-0.00750,-0.03268,-0.03312,-0.02347,-0.03998,-0.03164,-0.05469,-0.00365,-0.00208,0.00767,-0.00636,-0.02699,-0.02075,-0.01836,-0.00708,-0.03706,-0.02275,0.00929,-0.02750,0.01731,-0.00046,-0.00188,0.01400,-0.01264,-0.02987,0.00051,0.00696,-0.03965,-0.00317,0.02589,-0.02824,0.02949,0.01408,-0.01571,0.03234,-0.00147,-0.03326,0.01933,0.01017,-0.04785,0.01298,0.02722,-0.03780,0,,,,,0.18360,0.09820,0.01994,0.97000,0.00000,0.00000,0.24311
3512.8238,1,1,15.04,0.86,27.36,0.06893,-0.10845,0.62402,0.68514,0.61946,0.4356,0,1,0.19907,0.09858,0.06023,0.19906,0.09853,0.05965,0.34,0.01,0.61946,-0.55654,-0.13977,0.27510,1.43982,0.00000,0.16726,-0.55720,-0.14833,0.27884,1.44018,-0.00000,-0.17000,16,0.19235,0.09837,0.06229,0.18360,0.09820,0,0.96799,0.00348,-0.01217,0.25066,Left,0,374.76,197.56,356.40,179.59,344.79,153.68,341.72,130.42,341.83,109.17,356.07,123.04,353.97,104.87,351.95,96.67,351.77,98.94,373.84,124.97,375.72,100.91,368.48,124.56,366.25,140.71,392.02,131.28,393.46,112.04,383.53,136.01,379.63,151.48,409.43,142.11,409.44,123.43,399.18,138.75,393.34,151.77,-0.00000,-0.01838,-0.02978,-0.04177,-0.05202,-0.00212,-0.02599,-0.03900,-0.04315,-0.00373,-0.03181,-0.03560,-0.02775,-0.01008,-0.04004,-0.03259,-0.01669,-0.01791,-0.03660,-0.02885,-0.01637,-0.00384,0.08661,-0.00510,-0.02946,0.05980,-0.01400,-0.03757,0.03325,-0.01914,-0.04469,0.00317,-0.02259,-0.04488,-0.02517,-0.02769,-0.02743,-0.00318,0.00454,-0.03002,-0.02487,-0.00872,-0.03220,-0.03299,-0.02453,-0.03837,-0.02925,-0.05418,-0.00372,-0.00234,0.00677,-0.00441,-0.02767,-0.02137,-0.01703,-0.00738,-0.03603,-0.02197,0.00849,-0.02207,0.01775,-0.00031,-0.00158,0.01522,-0.01148,-0.02908,0.00153,0.00760,-0.03774,-0.00249,0.02495,-0.02405,0.03044,0.01511,-0.01359,0.03414,-0.00013,-0.03163,0.02059,0.01117,-0.04531,0.01337,0.02806,-0.03525,0,,,,,0.18360,0.09820,0.01994,0.97000,0.00000,-0.00000,0.24311
3512.8598,1,1,20.13,0.93,31.86,0.06951,-0.10810,0.62712,0.72308,0.63023,0.4820,0,1,0.19751,0.09800,0.05988,0.19605,0.09693,0.05876,0.08,0.01,0.63023,-0.55780,-0.16233,0.30573,1.43610,0.00000,0.16727,-0.55842,-0.15879,0.29451,1.43519,-0.00000,-0.17000,16,0.18958,0.09674,0.06151,0.18360,0.09820,0,0.96795,0.00279,-0.01007,0.25094,Left,0,375.40,199.34,356.26,181.17,344.74,153.93,342.38,129.68,341.88,107.94,356.71,124.91,354.58,107.74,352.38,98.06,352.32,98.66,374.26,126.68,376.40,101.64,369.19,126.00,367.18,142.69,392.29,132.49,393.77,112.40,384.03,136.98,380.11,153.29,409.53,142.77,409.42,123.26,399.53,138.63,393.93,152.40,-0.00000,-0.01726,-0.02726,-0.03832,-0.04799,0.00148,-0.02138,-0.03394,-0.03803,-0.00075,-0.02857,-0.03209,-0.02362,-0.00781,-0.03799,-0.03036,-0.01388,-0.01630,-0.03529,-0.02761,-0.01496,-0.00530,0.08704,-0.02430,-0.03047,0.05926,-0.02888,-0.03785,0.03188,-0.02950,-0.04453,0.00010,-0.02603,-0.04477,-0.03038,-0.02455,-0.02732,-0.00268,0.00557,-0.02905,-0.02452,-0.00615,-0.03248,-0.03537,-0.02261,-0.03751,-0.03216,-0.05418,-0.00377,-0.00207,0.00806,-0.00470,-0.02926,-0.01890,-0.01683,-0.00916,-0.03484,-0.02092,0.00818,-0.02144,0.01754,-0.00016,-0.00188,0.01479,-0.01339,-0.02857,0.00222,0.00619,-0.03834,-0.00208,0.02514,-0.02636,0.02976,0.01365,-0.01668,0.03318,-0.00214,-0.03314,0.02071,0.00906,-0.04760,0.01374,0.02674,-0.03785,0,,,,,0.18360,0.09820,0.01994,0.97000,0.00000,-0.00000,0.24311
3512.8902,1,1,16.76,0.85,26.38,0.07021,-0.10742,0.62996,0.70881,0.63279,0.4495,0,1,0.19610,0.09730,0.05921,0.19609,0.09735,0.05903,0.09,0.01,0.63279,-0.55958,-0.17071,0.31330,1.42925,0.00000,0.16729,-0.55928,-0.17156,0.31323,1.42926,-0.00000,-0.17000,16,0.18955,0.09710,0.06169,0.18360,0.09820,0,0.96768,0.00377,-0.01322,0.25180,Left,0,375.12,200.71,356.56,182.78,345.26,155.01,342.79,131.09,342.16,109.65,357.74,125.88,355.74,107.92,352.83,98.86,351.53,99.23,375.04,127.76,376.97,102.65,369.93,125.48,367.43,141.39,392.76,133.81,394.36,112.38,384.85,136.32,380.78,152.84,409.91,144.32,409.44,124.59,399.64,139.95,394.11,154.00,-0.00000,-0.01661,-0.02705,-0.03865,-0.04900,0.00022,-0.02223,-0.03510,-0.03971,-0.00247,-0.02937,-0.03365,-0.02653,-0.00963,-0.03866,-0.03144,-0.01602,-0.01817,-0.03646,-0.02872,-0.01646,-0.00711,0.08752,-0.01777,-0.03148,0.05969,-0.02267,-0.03816,0.03216,-0.02605,-0.04469,0.00073,-0.02477,-0.04534,-0.02841,-0.02518,-0.02695,-0.00331,0.00576,-0.02896,-0.02489,-0.00655,-0.03222,-0.03462,-0.02182,-0.03922,-0.03225,-0.05264,-0.00371,-0.00219,0.00762,-0.00432,-0.02917,-0.01901,-0.01656,-0.01027,-0.03507,-0.02131,0.00660,-0.02450,0.01715,-0.00012,-0.00209,0.01542,-0.01406,-0.02804,0.00213,0.00449,-0.03806,-0.00202,0.02353,-0.02659,0.02962,0.01433,-0.01613,0.03288,-0.00142,-0.03292,0.02070,0.00950,-0.04655,0.01350,0.02755,-0.03703,0,,,,,0.18360,0.09820,0.01994,0.97000,0.00000,-0.00000,0.24311
3512.9186,1,1,14.89,0.55,23.14,0.07094,-0.10666,0.63185,0.70535,0.63375,0.4504,0,1,0.19515,0.09657,0.05844,0.19421,0.09599,0.05778,0.05,0.01,0.63375,-0.55877,-0.18436,0.33669,1.42322,0.00000,0.16733,-0.55878,-0.18139,0.32912,1.42318,-0.00000,-0.17000,16,0.18762,0.09576,0.06039,0.18360,0.09820,0,0.96778,0.00299,-0.01081,0.25153,Left,0,376.08,202.23,357.44,184.02,345.78,156.70,343.31,132.98,342.76,110.75,357.96,127.08,356.09,109.41,353.44,99.81,352.12,99.74,375.45,128.57,376.61,104.22,369.87,126.41,367.64,142.36,393.27,134.41,394.48,113.78,385.45,137.02,381.85,152.97,410.61,144.68,409.87,125.20,400.79,140.40,396.21,154.16,-0.00000,-0.01732,-0.02808,-0.03993,-0.05044,0.00146,-0.02129,-0.03495,-0.04019,-0.00106,-0.02817,-0.03336,-0.02707,-0.00829,-0.03729,-0.03062,-0.01573,-0.01701,-0.03478,-0.02693,-0.01482,-0.00623,0.08799,-0.01755,-0.03083,0.05997,-0.02260,-0.03817,0.03376,-0.02615,-0.04493,0.00199,-0.02484,-0.04531,-0.02788,-0.02525,-0.02750,-0.00264,0.00560,-0.02930,-0.02441,-0.00681,-0.03228,-0.03414,-0.02273,-0.03915,-0.03254,-0.05277,-0.00361,-0.00225,0.00770,-0.00494,-0.02847,-0.01969,-0.01733,-0.00945,-0.03592,-0.02165,0.00680,-0.02586,0.01740,-0.00037,-0.00210,0.01470,-0.01327,-0.02866,0.00178,0.00521,-0.03812,-0.00108,0.02355,-0.02739,0.02975,0.01409,-0.01609,0.03311,-0.00177,-0.03292,0.02066,0.00962,-0.04679,0.01515,0.02665,-0.03740,0,,,,,0.18360,0.09820,0.01994,0.97000,0.00000,-0.00000,0.24311
3512.9520,1,1,17.04,0.54,28.74,0.07089,-0.10506,0.62813,0.69465,0.62441,0.4249,0,1,0.19701,0.09662,0.05684,0.19668,0.09656,0.05608,0.32,0.00,0.62441,-0.55429,-0.16076,0.32429,1.41297,0.00001,0.16733,-0.55396,-0.16870,0.32583,1.41364,-0.00000,-0.17000,16,0.18998,0.09649,0.05869,0.18360,0.09820,0,0.96823,0.00275,-0.01020,0.24984,Left,0,376.34,202.79,357.15,184.21,345.59,157.23,343.48,133.82,343.81,112.26,358.21,127.86,356.52,109.57,353.98,100.22,353.06,101.21,375.51,129.50,377.15,104.13,369.91,126.27,367.29,143.41,393.43,135.26,394.55,114.39,385.06,137.83,381.25,155.01,410.92,145.43,410.23,125.85,400.82,140.79,395.87,155.14,-0.00000,-0.01723,-0.02810,-0.04005,-0.05058,-0.00012,-0.02357,-0.03725,-0.04216,-0.00277,-0.03143,-0.03705,-0.03040,-0.00998,-0.04023,-0.03402,-0.01876,-0.01862,-0.03759,-0.03036,-0.01815,-0.00614,0.08707,-0.01385,-0.03071,0.05990,-0.02033,-0.03814,0.03325,-0.02430,-0.04455,0.00254,-0.02540,-0.04404,-0.02569,-0.02895,-0.02726,-0.00250,0.00541,-0.02894,-0.02418,-0.00699,-0.03195,-0.03457,-0.02333,-0.03802,-0.03113,-0.05428,-0.00380,-0.00224,0.00752,-0.00522,-0.02897,-0.01921,-0.01786,-0.01059,-0.03571,-0.02257,0.00648,-0.02639,0.01728,-0.00042,-0.00204,0.01428,-0.01338,-0.02842,0.00142,0.00512,-0.03746,-0.00249,0.02467,-0.02707,0.02943,0.01420,-0.01525,0.03321,-0.00187,-0.03216,0.02056,0.00868,-0.04592,0.01447,0.02642,-0.03694,0,,,,,0.18360,0.09820,0.01994,0.97000,0.00000,-0.00000,0.24311
3512.9840,1,1,15.28,0.76,27.97,0.07123,-0.10416,0.62765,0.69321,0.62716,0.4715,0,1,0.19725,0.09628,0.05595,0.19726,0.09623,0.05601,0.15,0.00,0.62716,-0.55113,-0.16556,0.33042,1.40597,0.00001,0.16735,-0.55157,-0.16620,0.33065,1.40637,-0.00000,-0.17000,16,0.19057,0.09628,0.05843,0.18360,0.09820,0,0.96854,0.00337,-0.01230,0.24853,Left,0,376.90,203.13,357.91,184.68,346.31,157.45,343.92,133.89,343.93,112.37,358.61,128.15,357.62,110.19,354.91,101.09,353.42,101.57,375.99,129.95,377.86,105.24,370.78,127.80,368.13,143.99,393.72,135.99,395.44,115.58,385.97,139.19,381.84,155.09,411.00,146.45,410.64,127.08,400.99,142.74,395.50,156.49,-0.00000,-0.01678,-0.02713,-0.03855,-0.04856,0.00050,-0.02240,-0.03564,-0.04046,-0.00227,-0.03024,-0.03539,-0.02871,-0.00957,-0.03941,-0.03285,-0.01769,-0.01823,-0.03684,-0.02918,-0.01691,-0.00565,0.08649,-0.01539,-0.03042,0.05901,-0.02154,-0.03753,0.03253,-0.02462,-0.04420,0.00149,-0.02418,-0.04417,-0.02707,-0.02567,-0.02717,-0.00285,0.00540,-0.02800,-0.02454,-0.00724,-0.03125,-0.03440,-0.02346,-0.03839,-0.03170,-0.05433,-0.00360,-0.00216,0.00731,-0.00469,-0.02835,-0.01982,-0.01700,-0.00955,-0.03622,-0.02195,0.00659,-0.02566,0.01739,-0.00007,-0.00178,0.01489,-0.01305,-0.02860,0.00174,0.00578,-0.03811,-0.00206,0.02377,-0.02665,0.02950,0.01442,-0.01541,0.03275,-0.00110,-0.03221,0.02035,0.01033,-0.04584,0.01363,0.02753,-0.03581,0,,,,,0.18360,0.09820,0.01994,0.97000,0.00000,-0.00000,0.24311
3513.0166,1,1,16.82,0.54,27.44,0.07179,-0.10347,0.62822,0.69892,0.62879,0.4637,0,1,0.19696,0.09572,0.05525,0.19641,0.09540,0.05478,0.06,0.00,0.62879,-0.54970,-0.16796,0.34173,1.40160,0.00000,0.16737,-0.54975,-0.16931,0.33966,1.40051,-0.00000,-0.17000,16,0.18986,0.09551,0.05721,0.18360,0.09820,0,0.96876,0.00262,-0.01003,0.24777,Left,0,377.00,203.06,358.11,184.44,346.53,157.07,344.33,133.86,344.09,112.67,359.30,128.62,357.70,110.19,354.67,101.47,353.22,102.20,376.67,130.59,379.18,104.90,371.41,127.06,368.30,143.82,394.33,136.98,396.50,115.72,386.23,139.07,381.63,155.66,411.59,147.78,411.50,128.16,401.12,142.67,394.98,156.42,-0.00000,-0.01641,-0.02668,-0.03809,-0.04815,-0.00049,-0.02455,-0.03905,-0.04461,-0.00374,-0.03279,-0.03873,-0.03244,-0.01144,-0.04192,-0.03583,-0.02072,-0.02045,-0.03921,-0.03179,-0.01959,-0.00682,0.08597,-0.01570,-0.03120,0.05826,-0.02071,-0.03841,0.03125,-0.02355,-0.04492,0.00078,-0.02318,-0.04497,-0.02716,-0.02417,-0.02672,-0.00362,0.00597,-0.02840,-0.02499,-0.00638,-0.03179,-0.03480,-0.02250,-0.03888,-0.03143,-0.05250,-0.00375,-0.00236,0.00756,-0.00452,-0.02934,-0.01865,-0.01749,-0.01125,-0.03557,-0.02260,0.00591,-0.02642,0.01720,0.00037,-0.00246,0.01469,-0.01367,-0.02833,0.00158,0.00508,-0.03739,-0.00383,0.02387,-0.02667,0.02937,0.01525,-0.01614,0.03291,-0.00064,-0.03254,0.01960,0.00928,-0.04609,0.01137,0.02643,-0.03617,0,,,,,0.18360,0.09820,0.01994,0.97000,-0.00000,0.00000,0.24311
3513.0476,1,1,15.80,0.63,27.47,0.07360,-0.10428,0.63635,0.70741,0.64449,0.5910,0,1,0.19290,0.09391,0.05607,0.19259,0.09368,0.05446,0.54,0.01,0.64449,-0.55262,-0.19847,0.37597,1.40135,-0.00000,0.16739,-0.55254,-0.20409,0.37343,1.40170,-0.00000,-0.17000,16,0.18600,0.09364,0.05686,0.18360,0.09820,0,0.96848,0.00216,-0.00857,0.24893,Left,0,377.30,204.33,358.51,185.63,345.22,157.72,339.85,133.93,337.27,112.35,361.87,128.17,361.60,109.17,355.74,99.26,350.24,96.67,378.22,130.50,378.52,105.75,369.80,129.28,367.06,144.58,395.00,137.08,395.46,116.28,385.44,139.98,382.10,155.50,411.89,148.03,410.66,127.56,400.69,142.39,395.82,155.95,-0.00000,-0.01563,-0.02516,-0.03628,-0.04617,0.00329,-0.01780,-0.02990,-0.03468,-0.00034,-0.02754,-0.03195,-0.02481,-0.00854,-0.03806,-0.03129,-0.01584,-0.01807,-0.03627,-0.02859,-0.01633,-0.00882,0.08878,-0.01406,-0.03253,0.06005,-0.01861,-0.04063,0.03219,-0.01982,-0.05156,0.00068,-0.01671,-0.05498,-0.02913,-0.01474,-0.02560,-0.00443,0.00783,-0.02666,-0.02679,-0.00409,-0.03200,-0.03775,-0.01817,-0.04400,-0.03888,-0.04868,-0.00318,-0.00278,0.00754,-0.00568,-0.02822,-0.01951,-0.01974,-0.00976,-0.03590,-0.02543,0.00673,-0.02586,0.01682,0.00059,-0.00313,0.01237,-0.01364,-0.02999,-0.00044,0.00501,-0.03903,-0.00491,0.02280,-0.02712,0.02779,0.01558,-0.01796,0.02995,-0.00115,-0.03483,0.01799,0.00965,-0.04889,0.01119,0.02665,-0.03894,0,,,,,0.18360,0.09820,0.01994,0.97000,-0.00000,-0.00000,0.24311
3513.1005,1,1,20.44,0.77,49.46,0.07669,-0.10590,0.65593,0.73006,0.67550,0.7527,0,1,0.18311,0.09082,0.05768,0.17914,0.08789,0.05501,0.23,0.00,0.67550,-0.56554,-0.31528,0.48688,1.41389,-0.00000,0.16713,-0.56739,-0.29416,0.44950,1.41547,-0.00000,-0.17000,16,0.17260,0.08776,0.05763,0.18360,0.09820,0,0.96694,0.00138,-0.00595,0.25494,Left,0,377.79,205.21,358.10,186.15,345.16,157.17,339.39,133.91,333.92,113.73,363.68,131.44,362.04,109.91,356.98,96.76,352.25,86.54,379.03,133.01,378.62,105.83,369.71,126.63,365.93,143.42,394.97,139.30,394.67,116.95,384.64,140.21,381.22,157.21,411.85,149.97,411.18,128.86,400.67,143.17,395.19,157.40,-0.00000,-0.01237,-0.01793,-0.02562,-0.03283,0.00554,-0.01062,-0.02055,-0.02611,0.00032,-0.02627,-0.03232,-0.02690,-0.00848,-0.03761,-0.03252,-0.01833,-0.01827,-0.03643,-0.02985,-0.01879,-0.01081,0.08632,-0.02576,-0.03442,0.05809,-0.02655,-0.04284,0.03016,-0.02145,-0.05347,-0.00134,-0.01141,-0.05976,-0.02996,-0.00019,-0.02575,-0.00482,0.00881,-0.02705,-0.02779,0.00003,-0.03196,-0.04318,-0.01084,-0.04243,-0.05272,-0.03792,-0.00249,-0.00211,0.00828,-0.00732,-0.02977,-0.01643,-0.02087,-0.01440,-0.03411,-0.02775,0.00409,-0.03084,0.01643,0.00055,-0.00397,0.01031,-0.01502,-0.02896,-0.00205,0.00346,-0.03911,-0.00630,0.02390,-0.03043,0.02668,0.01510,-0.01967,0.03011,-0.00221,-0.03511,0.01711,0.00691,-0.04923,0.00925,0.02423,-0.04051,0,,,,,0.18360,0.09820,0.01994,0.97000,-0.00000,-0.00000,0.24311
3513.1271,1,1,15.10,0.23,23.20,0.07891,-0.10747,0.67175,0.72586,0.68757,0.8296,0,1,0.18311,0.09082,0.05768,0.18111,0.08970,0.05629,0.23,0.00,0.68757,-0.56833,-0.30304,0.46627,1.41552,0.00000,0.16711,-0.56739,-0.29416,0.44950,1.41547,-0.00000,-0.17000,16,0.17464,0.08966,0.05885,0.18360,0.09820,0,0.96651,0.00245,-0.00935,0.25645,Left,1,377.84,206.13,358.07,187.01,345.25,158.38,339.07,135.14,332.56,115.06,363.66,131.79,361.44,108.33,357.30,93.28,354.57,79.88,379.12,133.06,378.35,106.10,368.88,127.70,365.52,144.26,394.95,139.41,394.43,117.48,384.08,140.85,381.33,157.35,411.44,150.11,410.88,128.62,400.14,142.87,395.11,157.09,-0.00000,-0.01310,-0.01915,-0.02720,-0.03484,0.00396,-0.01132,-0.02046,-0.02623,-0.00108,-0.02717,-0.03232,-0.02674,-0.00964,-0.03839,-0.03239,-0.01801,-0.01934,-0.03712,-0.03008,-0.01904,-0.01037,0.08863,-0.01946,-0.03489,0.06020,-0.02170,-0.04321,0.03265,-0.01850,-0.05364,0.00049,-0.00941,-0.06171,-0.02791,0.00215,-0.02566,-0.00489,0.00901,-0.02736,-0.02943,0.00102,-0.03162,-0.04669,-0.00819,-0.03927,-0.06092,-0.03221,-0.00239,-0.00273,0.00790,-0.00735,-0.02946,-0.01734,-0.02187,-0.01263,-0.03429,-0.02762,0.00596,-0.02966,0.01691,0.00059,-0.00440,0.00981,-0.01391,-0.02914,-0.00259,0.00515,-0.03868,-0.00538,0.02496,-0.02844,0.02711,0.01639,-0.01913,0.02962,-0.00120,-0.03413,0.01641,0.00693,-0.04785,0.00945,0.02466,-0.03903,0,,,,,0.18360,0.09820,0.01994,0.97000,-0.00000,-0.00000,0.24311
3513.1589,1,1,15.25,0.23,27.52,0.07976,-0.10827,0.67673,0.70741,0.68172,0.8946,0,1,0.18311,0.09082,0.05768,0.18411,0.09141,0.05742,0.23,0.00,0.68172,-0.56732,-0.28437,0.44057,1.41521,0.00000,0.16718,-0.56739,-0.29416,0.44950,1.41547,-0.00000,-0.17000,16,0.17749,0.09132,0.05995,0.18360,0.09820,0,0.96657,0.00358,-0.01296,0.25604,Left,1,377.60,205.30,357.89,187.31,344.69,158.18,338.61,135.58,331.71,116.58,363.79,130.11,361.96,105.82,358.88,89.80,357.45,75.72,379.37,132.05,378.06,105.51,368.77,127.35,365.86,144.10,395.24,138.97,394.61,117.27,384.70,140.02,382.37,155.59,411.73,150.16,411.22,128.83,401.09,142.87,397.01,156.06,-0.00000,-0.01249,-0.01803,-0.02539,-0.03246,0.00220,-0.01250,-0.02113,-0.02680,-0.00314,-0.02927,-0.03415,-0.02847,-0.01168,-0.03966,-0.03309,-0.01879,-0.02133,-0.03837,-0.03085,-0.01977,-0.00958,0.08843,-0.00979,-0.03448,0.06030,-0.01558,-0.04407,0.03320,-0.01409,-0.05471,0.00286,-0.00969,-0.06345,-0.02452,0.00015,-0.02621,-0.00496,0.00814,-0.02713,-0.03120,0.00124,-0.03080,-0.04975,-0.00691,-0.03568,-0.06460,-0.02970,-0.00271,-0.00320,0.00761,-0.00839,-0.02914,-0.01943,-0.02270,-0.01126,-0.03592,-0.02664,0.00743,-0.02895,0.01767,0.00109,-0.00382,0.00986,-0.01319,-0.02984,-0.00219,0.00581,-0.03868,-0.00455,0.02499,-0.02801,0.02780,0.01772,-0.01741,0.02961,0.00038,-0.03320,0.01660,0.00875,-0.04608,0.01111,0.02510,-0.03667,0,,,,,0.18360,0.09820,0.01994,0.97000,-0.00000,0.00000,0.24311
3513.1901,1,1,14.31,0.22,26.66,0.08082,-0.10959,0.68510,0.71586,0.69348,0.8921,0,1,0.18311,0.09082,0.05768,0.18303,0.09074,0.05733,0.23,0.00,0.69348,-0.56739,-0.29414,0.45060,1.41579,0.00000,0.16728,-0.56739,-0.29416,0.44950,1.41547,-0.00000,-0.17000,16,0.17655,0.09071,0.05972,0.18360,0.09820,0,0.96659,0.00332,-0.01222,0.25601,Left,1,378.40,205.19,358.20,187.40,344.66,159.42,338.26,135.93,331.08,116.28,363.53,130.97,361.30,105.41,358.48,88.75,357.45,74.02,379.04,132.45,377.88,105.68,369.07,127.40,366.26,144.80,394.84,138.81,394.08,117.04,384.49,139.83,382.23,156.48,411.42,149.34,410.61,127.61,400.55,141.55,396.25,155.94,-0.00000,-0.01476,-0.02187,-0.03049,-0.03868,-0.00007,-0.01518,-0.02407,-0.02992,-0.00430,-0.03088,-0.03611,-0.03071,-0.01184,-0.04053,-0.03450,-0.02038,-0.02065,-0.03868,-0.03189,-0.02109,-0.00902,0.08809,-0.01548,-0.03436,0.06035,-0.01978,-0.04390,0.03367,-0.01815,-0.05482,0.00244,-0.01273,-0.06461,-0.02512,-0.00191,-0.02640,-0.00491,0.00788,-0.02753,-0.03150,0.00188,-0.03097,-0.05033,-0.00585,-0.03555,-0.06644,-0.02884,-0.00271,-0.00276,0.00758,-0.00774,-0.02919,-0.01942,-0.02172,-0.01089,-0.03616,-0.02654,0.00880,-0.03123,0.01748,0.00076,-0.00368,0.01053,-0.01321,-0.02948,-0.00196,0.00568,-0.03934,-0.00421,0.02569,-0.02929,0.02831,0.01687,-0.01764,0.03003,-0.00122,-0.03261,0.01727,0.00661,-0.04645,0.01118,0.02485,-0.03818,0,,,,,0.18360,0.09820,0.01994,0.97000,-0.00000,0.00000,0.24311
3513.2265,1,1,19.39,0.22,32.94,0.08070,-0.11044,0.68798,0.71728,0.69086,0.8507,0,1,0.18311,0.09082,0.05768,0.18313,0.09079,0.05738,0.23,0.00,0.69086,-0.56734,-0.29392,0.45006,1.41559,0.00000,0.16732,-0.56739,-0.29416,0.44950,1.41547,-0.00000,-0.17000,16,0.17660,0.09073,0.05977,0.18360,0.09820,0,0.96659,0.00347,-0.01278,0.25599,Left,1,377.86,203.99,357.58,186.25,343.92,158.53,337.60,135.47,330.88,115.82,362.47,130.47,360.77,105.81,357.75,89.62,356.37,75.22,378.23,132.07,377.49,105.68,368.50,126.93,365.19,144.43,394.08,138.38,393.82,116.50,384.20,138.78,381.68,155.62,410.60,148.72,409.94,127.35,400.15,140.88,396.04,155.18,-0.00000,-0.01454,-0.02132,-0.02961,-0.03744,0.00042,-0.01456,-0.02362,-0.02956,-0.00375,-0.03058,-0.03644,-0.03139,-0.01118,-0.03966,-0.03412,-0.02030,-0.01985,-0.03755,-0.03100,-0.02039,-0.00840,0.08775,-0.01372,-0.03409,0.06014,-0.01873,-0.04373,0.03321,-0.01690,-0.05476,0.00270,-0.01357,-0.06369,-0.02421,-0.00484,-0.02660,-0.00438,0.00793,-0.02746,-0.03041,0.00172,-0.03132,-0.04968,-0.00631,-0.03619,-0.06478,-0.02886,-0.00276,-0.00272,0.00746,-0.00809,-0.02899,-0.01912,-0.02165,-0.01090,-0.03565,-0.02687,0.00849,-0.02986,0.01771,0.00067,-0.00370,0.01095,-0.01395,-0.02941,-0.00128,0.00502,-0.03839,-0.00397,0.02553,-0.02897,0.02840,0.01678,-0.01746,0.03036,-0.00134,-0.03199,0.01798,0.00627,-0.04563,0.01196,0.02398,-0.03733,0,,,,,0.18360,0.09820,0.01994,0.97000,-0.00000,0.00000,0.24311
3513.2567,1,1,17.31,0.16,25.35,0.08064,-0.11088,0.68907,0.72323,0.69015,0.9185,0,1,0.18311,0.09082,0.05768,0.18317,0.09082,0.05739,0.23,0.00,0.69015,-0.56737,-0.29391,0.44994,1.41544,0.00000,0.16733,-0.56739,-0.29416,0.44950,1.41547,-0.00000,-0.17000,16,0.17662,0.09075,0.05979,0.18360,0.09820,0,0.96658,0.00356,-0.01314,0.25599,Left,1,377.63,203.83,357.70,186.57,343.78,157.88,337.12,134.97,329.83,115.92,362.84,130.37,360.86,105.93,357.64,89.50,356.06,75.10,378.29,131.85,376.98,105.48,367.43,126.50,363.92,143.65,394.08,138.23,393.35,116.37,383.55,138.66,381.17,155.03,410.69,148.71,409.78,127.42,399.52,141.16,395.18,155.27,-0.00000,-0.01368,-0.01966,-0.02729,-0.03461,0.00130,-0.01330,-0.02214,-0.02808,-0.00330,-0.02947,-0.03494,-0.02981,-0.01113,-0.03920,-0.03341,-0.01968,-0.02015,-0.03789,-0.03136,-0.02091,-0.00881,0.08797,-0.01567,-0.03421,0.06006,-0.01922,-0.04451,0.03308,-0.01641,-0.05566,0.00210,-0.00965,-0.06546,-0.02509,0.00217,-0.02590,-0.00455,0.00856,-0.02743,-0.03097,0.00255,-0.03119,-0.04969,-0.00542,-0.03622,-0.06562,-0.02844,-0.00268,-0.00273,0.00795,-0.00873,-0.02933,-0.01884,-0.02322,-0.01138,-0.03563,-0.02835,0.00807,-0.03050,0.01756,0.00075,-0.00419,0.00977,-0.01377,-0.02956,-0.00292,0.00487,-0.03854,-0.00516,0.02485,-0.02908,0.02791,0.01662,-0.01839,0.02922,-0.00074,-0.03343,0.01620,0.00698,-0.04676,0.01036,0.02480,-0.03809,0,,,,,0.18360,0.09820,0.01994,0.97000,-0.00000,0.00000,0.24311
3513.2865,1,1,16.29,0.16,25.07,0.08065,-0.11116,0.68980,0.72090,0.69053,0.9168,0,1,0.18311,0.09082,0.05768,0.18316,0.09082,0.05738,0.23,0.00,0.69053,-0.56738,-0.29377,0.44991,1.41544,-0.00000,0.16734,-0.56739,-0.29416,0.44950,1.41547,-0.00000,-0.17000,16,0.17661,0.09075,0.05978,0.18360,0.09820,0,0.96658,0.00357,-0.01327,0.25599,Left,1,377.36,203.61,357.63,187.09,343.66,158.08,336.65,135.03,329.15,116.32,362.64,130.05,360.47,105.32,357.32,89.21,356.12,74.75,378.40,131.63,376.94,105.14,367.63,127.36,365.01,144.49,394.37,138.29,393.74,115.96,383.78,139.01,381.86,155.01,410.93,149.19,409.76,127.82,399.74,142.25,396.42,155.97,-0.00000,-0.01387,-0.01973,-0.02691,-0.03387,0.00004,-0.01455,-0.02313,-0.02889,-0.00434,-0.03053,-0.03554,-0.03003,-0.01185,-0.04002,-0.03363,-0.01946,-0.02046,-0.03805,-0.03087,-0.01995,-0.00894,0.08899,-0.00942,-0.03439,0.06160,-0.01470,-0.04462,0.03406,-0.01257,-0.05609,0.00256,-0.00791,-0.06639,-0.02503,0.00280,-0.02647,-0.00507,0.00860,-0.02763,-0.03119,0.00174,-0.03179,-0.04979,-0.00596,-0.03620,-0.06581,-0.02796,-0.00266,-0.00294,0.00720,-0.00859,-0.02918,-0.01983,-0.02240,-0.01076,-0.03537,-0.02686,0.00860,-0.02867,0.01752,0.00104,-0.00400,0.01028,-0.01384,-0.02997,-0.00209,0.00482,-0.03928,-0.00378,0.02449,-0.02833,0.02834,0.01741,-0.01746,0.02958,-0.00035,-0.03302,0.01708,0.00816,-0.04563,0.01250,0.02565,-0.03659,0,,,,,0.18360,0.09820,0.01994,0.97000,-0.00000,-0.00000,0.24311
3513.3184,1,1,15.46,0.23,27.47,0.07985,-0.11034,0.68340,0.70691,0.67700,0.9635,0,1,0.18311,0.09082,0.05768,0.18316,0.09082,0.05738,0.23,0.00,0.67700,-0.56738,-0.29376,0.44988,1.41547,-0.00000,0.16735,-0.56739,-0.29416,0.44950,1.41547,-0.00000,-0.17000,16,0.17661,0.09075,0.05978,0.18360,0.09820,0,0.96658,0.00361,-0.01345,0.25598,Left,1,377.39,204.01,357.79,187.73,343.17,158.86,336.08,135.78,328.30,117.02,362.70,129.66,360.18,104.36,357.41,87.81,356.20,73.45,378.29,131.34,376.27,105.80,368.00,127.62,365.53,145.57,394.22,137.97,393.28,116.56,383.81,139.11,381.53,155.88,411.03,148.74,410.31,127.43,399.94,141.11,395.19,155.43,-0.00000,-0.01444,-0.02048,-0.02786,-0.03482,0.00036,-0.01379,-0.02232,-0.02815,-0.00362,-0.02979,-0.03533,-0.03037,-0.01082,-0.03914,-0.03377,-0.02034,-0.01919,-0.03722,-0.03118,-0.02109,-0.00861,0.08845,-0.00788,-0.03390,0.06094,-0.01403,-0.04394,0.03443,-0.01251,-0.05573,0.00289,-0.00843,-0.06674,-0.02332,0.00196,-0.02581,-0.00465,0.00823,-0.02741,-0.03146,0.00246,-0.03086,-0.05049,-0.00540,-0.03558,-0.06659,-0.02796,-0.00270,-0.00279,0.00736,-0.00874,-0.02811,-0.02081,-0.02219,-0.00892,-0.03624,-0.02613,0.01050,-0.03019,0.01738,0.00076,-0.00378,0.01016,-0.01252,-0.03038,-0.00229,0.00631,-0.03905,-0.00411,0.02593,-0.02877,0.02785,0.01756,-0.01736,0.02949,-0.00043,-0.03290,0.01693,0.00790,-0.04617,0.01049,0.02578,-0.03751,0,,,,,0.18360,0.09820,0.01994,0.97000,-0.00000,0.00000,0.24311
3513.3520,1,1,16.38,0.16,28.83,0.07984,-0.11069,0.68393,0.70821,0.68445,0.9944,0,1,0.18311,0.09082,0.05768,0.18316,0.09082,0.05738,0.23,0.00,0.68445,-0.56739,-0.29378,0.44989,1.41547,-0.00000,0.16735,-0.56739,-0.29416,0.44950,1.41547,-0.00000,-0.17000,16,0.17661,0.09075,0.05978,0.18360,0.09820,0,0.96658,0.00365,-0.01366,0.25598,Left,1,377.66,203.89,357.79,187.50,343.27,159.05,335.65,136.54,327.69,118.78,362.56,129.34,360.58,103.78,358.19,87.31,357.16,72.71,378.15,130.95,376.48,105.88,367.67,127.36,364.40,144.17,394.11,137.65,393.92,116.94,384.16,139.56,381.34,155.39,410.75,148.54,410.70,127.91,400.07,142.12,394.90,155.95,-0.00000,-0.01374,-0.01948,-0.02662,-0.03345,-0.00006,-0.01437,-0.02310,-0.02914,-0.00423,-0.03041,-0.03605,-0.03135,-0.01149,-0.03997,-0.03484,-0.02170,-0.01979,-0.03804,-0.03202,-0.02198,-0.00844,0.08897,-0.00762,-0.03391,0.06141,-0.01399,-0.04463,0.03493,-0.01281,-0.05651,0.00449,-0.00826,-0.06761,-0.02131,0.00173,-0.02629,-0.00473,0.00808,-0.02694,-0.03165,0.00177,-0.03038,-0.05039,-0.00595,-0.03434,-0.06664,-0.02821,-0.00277,-0.00288,0.00708,-0.00842,-0.02784,-0.02028,-0.02175,-0.00907,-0.03680,-0.02742,0.00955,-0.03110,0.01771,0.00077,-0.00362,0.01117,-0.01222,-0.02998,-0.00160,0.00660,-0.03943,-0.00434,0.02585,-0.02899,0.02850,0.01748,-0.01661,0.03058,0.00023,-0.03234,0.01776,0.00885,-0.04601,0.01101,0.02652,-0.03754,0,,,,,0.18360,0.09820,0.01994,0.97000,-0.00000,-0.00000,0.24311
3513.3844,1,1,18.18,0.16,27.88,0.07956,-0.11040,0.68138,0.70041,0.67883,1.0809,0,1,0.18311,0.09082,0.05768,0.18316,0.09082,0.05738,0.23,0.00,0.67883,-0.56739,-0.29379,0.44989,1.41547,-0.00000,0.16735,-0.56739,-0.29416,0.44950,1.41547,-0.00000,-0.17000,16,0.17661,0.09075,0.05978,0.18360,0.09820,0,0.96658,0.00368,-0.01383,0.25597,Left,0,377.18,203.18,357.44,187.14,342.72,158.11,334.86,136.02,325.81,119.37,362.86,128.63,361.26,101.74,359.08,84.74,358.28,69.82,378.40,130.98,376.21,106.11,367.11,128.33,364.14,145.69,394.29,138.24,393.91,116.95,383.89,139.86,381.23,156.08,410.94,149.44,410.88,128.50,400.07,142.31,395.11,155.90,-0.00000,-0.01278,-0.01852,-0.02587,-0.03310,-0.00142,-0.01563,-0.02406,-0.02995,-0.00621,-0.03254,-0.03753,-0.03251,-0.01389,-0.04166,-0.03553,-0.02210,-0.02261,-0.03990,-0.03329,-0.02317,-0.00838,0.08757,-0.00254,-0.03392,0.06054,-0.00923,-0.04503,0.03403,-0.00853,-0.05757,0.00420,-0.00389,-0.06934,-0.02058,0.00625,-0.02613,-0.00547,0.00855,-0.02624,-0.03309,0.00255,-0.02943,-0.05255,-0.00446,-0.03280,-0.06943,-0.02674,-0.00271,-0.00300,0.00709,-0.00956,-0.02721,-0.02185,-0.02297,-0.00743,-0.03762,-0.02770,0.01179,-0.03061,0.01749,0.00139,-0.00388,0.01040,-0.01171,-0.03103,-0.00265,0.00751,-0.03962,-0.00486,0.02750,-0.02840,0.02784,0.01862,-0.01642,0.02986,0.00142,-0.03225,0.01661,0.00949,-0.04541,0.01015,0.02703,-0.03674,0,,,,,0.18360,0.09820,0.01994,0.97000,-0.00000,-0.00000,0.24311
3513.4163,1,1,17.47,0.56,28.02,0.07915,-0.11021,0.67746,0.70137,0.67354,1.0940,0,1,0.18507,0.09123,0.05748,0.18485,0.09127,0.05717,0.17,0.01,0.67354,-0.56432,-0.27667,0.43483,1.41518,0.00001,0.16735,-0.56376,-0.28042,0.43562,1.41550,-0.00000,-0.17000,16,0.17810,0.09129,0.05949,0.18360,0.09820,0,0.96686,0.00335,-0.01290,0.25496,Left,0,377.62,202.71,357.99,186.62,342.93,158.73,334.13,136.81,325.11,120.23,362.85,127.55,361.93,99.33,360.17,82.05,359.82,66.95,378.51,130.54,377.03,106.06,368.02,129.12,365.18,145.89,394.33,137.77,394.33,117.45,384.35,140.92,381.74,156.79,410.61,148.81,410.44,128.17,399.99,142.71,395.58,156.43,-0.00000,-0.01292,-0.01967,-0.02820,-0.03661,-0.00195,-0.01664,-0.02501,-0.03068,-0.00674,-0.03356,-0.03826,-0.03282,-0.01445,-0.04282,-0.03621,-0.02222,-0.02322,-0.04083,-0.03376,-0.02311,-0.00725,0.08800,0.00125,-0.03312,0.06107,-0.00633,-0.04535,0.03579,-0.00855,-0.05788,0.00606,-0.00634,-0.06998,-0.01963,-0.00078,-0.02590,-0.00595,0.00774,-0.02553,-0.03447,0.00248,-0.02758,-0.05322,-0.00435,-0.03125,-0.07106,-0.02696,-0.00271,-0.00305,0.00675,-0.00820,-0.02655,-0.02326,-0.02195,-0.00518,-0.03958,-0.02645,0.01346,-0.03141,0.01750,0.00142,-0.00348,0.01143,-0.00993,-0.03145,-0.00302,0.00947,-0.04134,-0.00403,0.02922,-0.02892,0.02783,0.01908,-0.01514,0.02976,0.00223,-0.03165,0.01674,0.01107,-0.04600,0.01052,0.02908,-0.03750,0,,,,,0.18360,0.09820,0.01994,0.97000,-0.00000,0.00000,0.24311
3513.4503,1,1,18.04,0.17,29.94,0.07941,-0.11022,0.67882,0.69379,0.68019,1.1326,0,0,0.18507,0.09123,0.05748,0.18498,0.09117,0.05752,0.17,0.01,0.68019,-0.56344,-0.27952,0.43514,1.41556,-0.00000,0.21566,-0.56376,-0.28042,0.43562,1.41550,-0.00000,1.00000,16,0.17987,0.09196,0.05889,0.18360,0.09820,0,0.96704,0.00104,-0.00598,0.25457,Left,1,377.44,204.17,358.04,187.32,342.96,158.49,333.74,136.71,324.60,120.51,362.99,127.52,362.33,98.26,361.26,80.47,362.19,65.07,378.74,130.98,378.23,105.84,368.51,130.27,365.71,147.56,394.63,138.43,395.03,117.29,384.29,141.77,381.67,157.72,410.84,149.78,412.08,128.57,400.64,143.19,395.19,156.48,-0.00000,-0.01126,-0.01671,-0.02448,-0.03207,0.00042,-0.01419,-0.02230,-0.02770,-0.00505,-0.03191,-0.03588,-0.02970,-0.01351,-0.04158,-0.03387,-0.01904,-0.02296,-0.03948,-0.03136,-0.02010,-0.00787,0.08809,0.00228,-0.03328,0.06156,-0.00608,-0.04567,0.03632,-0.00692,-0.05861,0.00621,-0.00248,-0.06982,-0.02012,0.00507,-0.02643,-0.00639,0.00780,-0.02438,-0.03452,0.00317,-0.02656,-0.05488,-0.00466,-0.02915,-0.07195,-0.02716,-0.00299,-0.00330,0.00677,-0.00764,-0.02620,-0.02338,-0.02235,-0.00399,-0.04011,-0.02579,0.01579,-0.03122,0.01758,0.00197,-0.00331,0.01132,-0.00994,-0.03261,-0.00339,0.01112,-0.04145,-0.00442,0.03084,-0.02950,0.02795,0.02013,-0.01529,0.03057,0.00278,-0.03128,0.01655,0.01169,-0.04583,0.00967,0.02940,-0.03660,0,,,,,0.18360,0.09820,0.01994,0.97000,-0.00000,-0.00000,0.24311
3513.4945,1,1,15.31,0.23,39.71,0.07892,-0.10928,0.67410,0.68822,0.66937,1.1754,0,0,0.18507,0.09123,0.05748,0.18488,0.09117,0.05750,0.17,0.01,0.66937,-0.56376,-0.28003,0.43580,1.41554,-0.00000,0.36399,-0.56376,-0.28042,0.43562,1.41550,-0.00000,1.00000,16,0.18146,0.09260,0.05474,0.18360,0.09820,0,0.96712,-0.00046,0.00101,0.25431,Left,1,378.28,205.41,358.04,187.91,342.84,159.09,333.48,137.15,323.80,121.66,362.80,127.55,362.75,97.70,362.04,79.91,363.07,64.38,378.54,130.82,377.62,105.61,368.58,130.00,366.00,148.01,394.43,138.17,394.78,116.92,384.63,140.67,382.12,156.79,410.69,149.51,411.71,128.10,400.62,142.63,395.43,156.39,-0.00000,-0.01099,-0.01636,-0.02408,-0.03158,0.00125,-0.01271,-0.02062,-0.02609,-0.00448,-0.03144,-0.03576,-0.02984,-0.01315,-0.04094,-0.03370,-0.01937,-0.02285,-0.03931,-0.03156,-0.02070,-0.00672,0.08874,0.00108,-0.03254,0.06188,-0.00749,-0.04506,0.03667,-0.00756,-0.05822,0.00745,-0.00205,-0.07071,-0.01875,0.00575,-0.02595,-0.00617,0.00766,-0.02365,-0.03449,0.00370,-0.02550,-0.05460,-0.00375,-0.02768,-0.07202,-0.02434,-0.00302,-0.00363,0.00687,-0.00795,-0.02572,-0.02398,-0.02173,-0.00341,-0.04120,-0.02541,0.01702,-0.03253,0.01733,0.00192,-0.00302,0.01125,-0.01002,-0.03271,-0.00332,0.01022,-0.04239,-0.00423,0.03028,-0.03060,0.02749,0.01985,-0.01506,0.03016,0.00288,-0.03152,0.01680,0.01169,-0.04659,0.00977,0.02931,-0.03742,0,,,,,0.18361,0.09820,0.01992,0.97000,0.00009,0.00013,0.24311
3513.5250,1,1,14.65,0.17,26.43,0.07841,-0.10860,0.67182,0.69465,0.66955,1.1835,0,0,0.18507,0.09123,0.05748,0.18485,0.09115,0.05747,0.17,0.01,0.66955,-0.56373,-0.28009,0.43604,1.41553,-0.00000,0.48755,-0.56376,-0.28042,0.43562,1.41550,-0.00000,1.00000,16,0.18143,0.09257,0.05486,0.18360,0.09820,0,0.96712,-0.00000,0.00015,0.25431,Left,1,377.19,205.81,357.53,187.92,343.18,159.29,333.19,138.00,323.49,122.58,362.68,127.18,363.37,97.31,362.61,79.23,363.93,63.41,378.37,130.83,378.31,105.57,368.48,130.44,365.58,147.86,394.11,138.71,395.32,117.15,384.46,140.59,381.59,155.78,410.07,150.74,412.38,129.40,400.78,143.46,395.04,156.18,-0.00000,-0.01133,-0.01749,-0.02607,-0.03442,-0.00004,-0.01532,-0.02389,-0.02966,-0.00583,-0.03330,-0.03691,-0.03051,-0.01472,-0.04194,-0.03335,-0.01840,-0.02482,-0.04002,-0.03131,-0.02006,-0.00759,0.08976,0.01069,-0.03306,0.06300,-0.00041,-0.04579,0.03768,-0.00324,-0.05865,0.00956,-0.00171,-0.07075,-0.01767,0.00266,-0.02584,-0.00696,0.00740,-0.02322,-0.03482,0.00258,-0.02466,-0.05494,-0.00474,-0.02700,-0.07260,-0.02548,-0.00324,-0.00402,0.00644,-0.00727,-0.02613,-0.02488,-0.02208,-0.00341,-0.04145,-0.02559,0.01632,-0.03054,0.01737,0.00199,-0.00306,0.01199,-0.01039,-0.03264,-0.00335,0.00982,-0.04161,-0.00505,0.02936,-0.02881,0.02770,0.02118,-0.01330,0.03087,0.00415,-0.03012,0.01679,0.01186,-0.04411,0.00944,0.02887,-0.03461,0,,,,,0.18360,0.09820,0.01992,0.97000,0.00011,-0.00002,0.24311
3513.5588,1,1,15.26,0.22,29.83,0.07750,-0.10762,0.66340,0.69441,0.65498,1.1500,0,0,0.18507,0.09123,0.05748,0.18486,0.09115,0.05748,0.17,0.01,0.65498,-0.56374,-0.28012,0.43600,1.41551,-0.00000,0.64335,-0.56376,-0.28042,0.43562,1.41550,-0.00000,1.00000,16,0.18142,0.09257,0.05488,0.18360,0.09820,0,0.96712,0.00009,-0.00004,0.25431,Left,1,377.97,204.86,358.02,187.48,342.92,159.65,332.83,138.46,323.80,122.95,362.30,126.32,363.32,96.58,362.94,78.83,364.46,63.19,378.60,129.91,378.23,105.28,368.72,129.75,365.70,147.72,394.52,137.83,395.50,117.13,384.86,140.34,381.83,155.97,410.68,149.89,412.09,129.41,400.78,143.72,395.29,156.76,-0.00000,-0.01277,-0.01951,-0.02818,-0.03643,-0.00114,-0.01591,-0.02420,-0.02992,-0.00617,-0.03385,-0.03815,-0.03229,-0.01429,-0.04216,-0.03468,-0.02040,-0.02364,-0.03986,-0.03210,-0.02139,-0.00648,0.08908,0.01602,-0.03229,0.06280,0.00257,-0.04538,0.03829,-0.00275,-0.05911,0.01103,-0.00722,-0.06992,-0.01542,-0.00834,-0.02605,-0.00688,0.00664,-0.02345,-0.03440,0.00134,-0.02482,-0.05453,-0.00672,-0.02656,-0.07101,-0.02778,-0.00336,-0.00426,0.00612,-0.00752,-0.02579,-0.02552,-0.02186,-0.00341,-0.04302,-0.02564,0.01637,-0.03232,0.01765,0.00221,-0.00248,0.01176,-0.01006,-0.03318,-0.00262,0.01050,-0.04171,-0.00509,0.03035,-0.02932,0.02789,0.02139,-0.01169,0.03066,0.00475,-0.02946,0.01686,0.01337,-0.04380,0.00957,0.03019,-0.03411,0,,,,,0.18360,0.09820,0.01992,0.97000,0.00011,-0.00006,0.24311
3513.5939,1,1,19.96,0.21,30.67,0.07778,-0.10803,0.66407,0.68965,0.66474,1.2166,0,0,0.18507,0.09123,0.05748,0.18486,0.09116,0.05748,0.17,0.01,0.66474,-0.56375,-0.28010,0.43598,1.41551,-0.00000,0.80554,-0.56376,-0.28042,0.43562,1.41550,-0.00000,1.00000,16,0.18142,0.09257,0.05488,0.18360,0.09820,0,0.96712,0.00011,-0.00007,0.25431,Left,1,377.66,204.49,357.87,186.61,342.99,158.26,332.67,137.33,323.04,122.50,363.06,126.28,364.20,95.74,364.21,77.54,366.07,61.70,378.86,130.08,378.50,105.47,368.76,130.14,365.30,147.74,394.77,137.75,395.80,116.75,385.30,140.69,382.15,156.73,411.10,149.34,413.22,128.22,401.49,142.27,394.82,155.46,-0.00000,-0.01153,-0.01754,-0.02597,-0.03417,-0.00073,-0.01679,-0.02619,-0.03242,-0.00622,-0.03510,-0.04005,-0.03442,-0.01475,-0.04374,-0.03649,-0.02186,-0.02435,-0.04124,-0.03353,-0.02252,-0.00760,0.08858,0.00917,-0.03272,0.06214,-0.00199,-0.04579,0.03698,-0.00326,-0.05943,0.00932,-0.00197,-0.07188,-0.01676,0.00251,-0.02599,-0.00677,0.00746,-0.02263,-0.03444,0.00270,-0.02366,-0.05515,-0.00484,-0.02535,-0.07216,-0.02597,-0.00300,-0.00386,0.00622,-0.00838,-0.02470,-0.02502,-0.02273,-0.00231,-0.04172,-0.02690,0.01696,-0.03134,0.01747,0.00202,-0.00304,0.01138,-0.00959,-0.03344,-0.00316,0.01162,-0.04192,-0.00559,0.03127,-0.02893,0.02749,0.02095,-0.01389,0.03084,0.00412,-0.03070,0.01656,0.01219,-0.04530,0.00835,0.02922,-0.03570,0,,,,,0.18360,0.09820,0.01992,0.97000,0.00011,-0.00008,0.24311
3513.6235,1,1,16.16,0.16,25.43,0.07758,-0.10806,0.66290,0.69750,0.66173,1.2258,0,0,0.18507,0.09123,0.05748,0.18486,0.09116,0.05748,0.17,0.01,0.66173,-0.56375,-0.28010,0.43598,1.41551,-0.00000,0.94712,-0.56376,-0.28042,0.43562,1.41550,-0.00000,1.00000,16,0.18142,0.09257,0.05488,0.18360,0.09820,0,0.96712,0.00011,-0.00008,0.25431,Left,1,376.87,204.01,357.20,186.14,342.79,157.96,332.56,137.34,323.23,122.46,363.01,125.83,364.43,94.72,364.72,76.18,366.97,60.12,378.84,129.82,378.19,105.21,368.41,129.91,365.40,147.17,394.66,137.81,395.95,116.48,385.03,139.87,381.91,155.23,410.70,149.85,413.07,128.83,401.28,142.87,395.21,155.56,-0.00000,-0.01173,-0.01840,-0.02735,-0.03606,-0.00234,-0.01872,-0.02810,-0.03430,-0.00789,-0.03643,-0.04049,-0.03448,-0.01648,-0.04460,-0.03615,-0.02120,-0.02627,-0.04241,-0.03396,-0.02270,-0.00823,0.08879,0.01356,-0.03362,0.06202,0.00161,-0.04631,0.03730,-0.00159,-0.05953,0.01020,-0.00242,-0.07156,-0.01646,0.00010,-0.02572,-0.00722,0.00728,-0.02262,-0.03529,0.00274,-0.02282,-0.05602,-0.00441,-0.02430,-0.07347,-0.02485,-0.00326,-0.00418,0.00618,-0.00801,-0.02518,-0.02543,-0.02300,-0.00227,-0.04171,-0.02620,0.01646,-0.02975,0.01743,0.00218,-0.00312,0.01169,-0.00986,-0.03290,-0.00344,0.01058,-0.04142,-0.00567,0.03017,-0.02777,0.02762,0.02146,-0.01264,0.03075,0.00494,-0.02996,0.01652,0.01268,-0.04365,0.00913,0.02941,-0.03397,0,,,,,0.18360,0.09820,0.01992,0.97000,0.00011,-0.00008,0.24311
3513.6580,1,1,19.37,0.22,29.52,0.07743,-0.10808,0.66134,0.69926,0.65977,1.2399,0,0,0.18507,0.09123,0.05748,0.18486,0.09116,0.05748,0.17,0.01,0.65977,-0.56375,-0.28010,0.43598,1.41551,-0.00000,1.05124,-0.56376,-0.28042,0.43562,1.41550,-0.00000,1.00000,16,0.18141,0.09257,0.05488,0.18360,0.09820,0,0.96712,0.00011,-0.00008,0.25431,Left,1,377.26,204.01,357.50,186.33,342.72,159.02,332.13,137.82,322.23,122.22,363.07,125.60,365.13,94.00,365.49,74.95,368.06,58.70,378.74,129.85,378.53,104.92,368.76,131.03,366.59,147.76,394.65,137.44,395.92,116.21,385.07,140.97,382.64,156.27,410.90,149.01,412.66,127.83,401.13,142.87,395.93,155.71,-0.00000,-0.01312,-0.02168,-0.03264,-0.04337,-0.00342,-0.02134,-0.03125,-0.03751,-0.00884,-0.03849,-0.04204,-0.03519,-0.01759,-0.04698,-0.03729,-0.02099,-0.02774,-0.04424,-0.03465,-0.02225,-0.00778,0.08912,0.01282,-0.03279,0.06192,0.00063,-0.04602,0.03844,-0.00258,-0.05975,0.01079,-0.00367,-0.07150,-0.01646,-0.00071,-0.02560,-0.00673,0.00718,-0.02201,-0.03529,0.00334,-0.02216,-0.05628,-0.00446,-0.02281,-0.07317,-0.02502,-0.00342,-0.00415,0.00636,-0.00780,-0.02485,-0.02607,-0.02263,-0.00138,-0.04238,-0.02469,0.01694,-0.02863,0.01778,0.00195,-0.00290,0.01125,-0.00968,-0.03365,-0.00318,0.01168,-0.04153,-0.00456,0.03119,-0.02762,0.02765,0.02109,-0.01303,0.03015,0.00445,-0.03075,0.01589,0.01347,-0.04442,0.00993,0.03023,-0.03380,0,,,,,0.18360,0.09820,0.01992,0.97000,0.00011,-0.00008,0.24311
3513.6886,1,1,18.16,0.18,26.69,0.07710,-0.10789,0.65830,0.69826,0.65526,1.2836,0,0,0.18507,0.09123,0.05748,0.18486,0.09116,0.05748,0.17,0.01,0.65526,-0.56376,-0.28010,0.43598,1.41551,-0.00000,1.02799,-0.56376,-0.28042,0.43562,1.41550,-0.00000,1.00000,16,0.18141,0.09257,0.05488,0.18360,0.09820,0,0.96712,0.00011,-0.00008,0.25431,Left,1,376.92,204.11,357.66,185.90,343.04,158.70,331.69,137.75,321.79,122.31,363.27,125.05,365.33,93.37,365.96,74.35,368.92,58.17,378.91,129.24,378.33,104.00,368.51,128.89,366.24,145.42,394.72,137.08,396.00,115.85,385.18,139.29,382.75,154.13,410.84,149.01,412.84,127.88,401.01,142.32,395.24,155.16,-0.00000,-0.01403,-0.02289,-0.03399,-0.04471,-0.00320,-0.02083,-0.03068,-0.03697,-0.00821,-0.03765,-0.04166,-0.03528,-0.01668,-0.04586,-0.03710,-0.02157,-0.02665,-0.04310,-0.03427,-0.02257,-0.00832,0.08932,0.01662,-0.03345,0.06195,0.00403,-0.04650,0.03838,-0.00066,-0.06036,0.01141,-0.00361,-0.07254,-0.01532,-0.00251,-0.02531,-0.00727,0.00687,-0.02212,-0.03599,0.00270,-0.02156,-0.05663,-0.00472,-0.02239,-0.07444,-0.02532,-0.00309,-0.00427,0.00586,-0.00783,-0.02537,-0.02613,-0.02252,-0.00269,-0.04242,-0.02567,0.01569,-0.03074,0.01762,0.00220,-0.00267,0.01172,-0.00952,-0.03315,-0.00367,0.01059,-0.04173,-0.00514,0.02937,-0.02746,0.02734,0.02158,-0.01209,0.03037,0.00519,-0.02965,0.01561,0.01372,-0.04355,0.00906,0.03022,-0.03396,0,,,,,0.18360,0.09820,0.01992,0.97000,0.00011,-0.00008,0.24311
3513.7188,1,1,16.08,0.17,26.16,0.07684,-0.10817,0.65646,0.71118,0.65463,1.2959,0,0,0.18507,0.09123,0.05748,0.18486,0.09116,0.05748,0.17,0.01,0.65463,-0.56376,-0.28010,0.43598,1.41551,-0.00000,0.98273,-0.56376,-0.28042,0.43562,1.41550,-0.00000,1.00000,16,0.18141,0.09257,0.05488,0.18360,0.09820,0,0.96712,0.00011,-0.00008,0.25431,Left,1,376.67,203.51,357.77,186.49,343.11,159.22,331.41,138.34,321.37,122.99,363.05,124.27,365.89,92.28,366.66,73.09,369.59,56.88,378.94,128.59,378.79,104.15,368.40,129.17,365.65,145.45,394.76,136.42,396.38,116.56,385.16,140.28,382.49,154.70,410.76,148.17,413.03,127.96,401.07,142.56,395.31,154.86,-0.00000,-0.01436,-0.02342,-0.03457,-0.04529,-0.00489,-0.02309,-0.03318,-0.03950,-0.00970,-0.03987,-0.04397,-0.03750,-0.01787,-0.04749,-0.03869,-0.02301,-0.02749,-0.04393,-0.03482,-0.02280,-0.00754,0.08940,0.02581,-0.03252,0.06331,0.01027,-0.04604,0.04013,0.00353,-0.06043,0.01369,-0.00399,-0.07179,-0.01281,-0.00582,-0.02583,-0.00728,0.00645,-0.02142,-0.03551,0.00199,-0.02117,-0.05672,-0.00497,-0.02191,-0.07430,-0.02582,-0.00322,-0.00450,0.00548,-0.00811,-0.02400,-0.02772,-0.02325,-0.00117,-0.04366,-0.02610,0.01606,-0.02959,0.01750,0.00203,-0.00254,0.01118,-0.00795,-0.03405,-0.00349,0.01338,-0.04124,-0.00532,0.03143,-0.02594,0.02721,0.02204,-0.01082,0.03002,0.00676,-0.02912,0.01475,0.01550,-0.04280,0.00869,0.03158,-0.03214,0,,,,,0.18360,0.09820,0.01992,0.97000,0.00011,-0.00008,0.24311
3513.7515,1,1,16.84,0.17,28.14,0.07685,-0.10876,0.65522,0.71173,0.65398,1.3914,0,0,0.18507,0.09123,0.05748,0.18486,0.09116,0.05748,0.17,0.01,0.65398,-0.56376,-0.28010,0.43598,1.41551,-0.00000,1.00341,-0.56376,-0.28042,0.43562,1.41550,-0.00000,1.00000,16,0.18141,0.09257,0.05488,0.18360,0.09820,0,0.96712,0.00011,-0.00008,0.25431,Left,1,376.96,202.22,357.91,185.35,342.66,158.03,330.60,137.41,320.43,122.95,363.81,123.43,366.71,91.36,367.93,72.41,371.14,56.04,379.34,127.79,378.30,103.83,368.84,129.46,367.06,145.76,394.89,135.71,396.23,116.43,385.28,140.94,382.71,155.37,410.68,147.42,412.82,128.03,400.59,143.17,394.34,155.38,-0.00000,-0.01388,-0.02201,-0.03212,-0.04182,-0.00453,-0.02203,-0.03168,-0.03794,-0.00926,-0.03911,-0.04328,-0.03711,-0.01725,-0.04730,-0.03901,-0.02373,-0.02655,-0.04379,-0.03531,-0.02378,-0.00736,0.08932,0.02262,-0.03223,0.06303,0.00850,-0.04598,0.03966,0.00449,-0.06126,0.01309,0.00137,-0.07294,-0.01255,0.00366,-0.02526,-0.00720,0.00694,-0.02069,-0.03569,0.00300,-0.02034,-0.05740,-0.00478,-0.02035,-0.07499,-0.02479,-0.00325,-0.00472,0.00574,-0.00872,-0.02311,-0.02734,-0.02272,-0.00035,-0.04284,-0.02481,0.01761,-0.02799,0.01741,0.00229,-0.00278,0.01026,-0.00741,-0.03443,-0.00345,0.01480,-0.04075,-0.00556,0.03363,-0.02519,0.02627,0.02218,-0.01153,0.02929,0.00707,-0.03038,0.01342,0.01706,-0.04399,0.00697,0.03304,-0.03238,0,,,,,0.18360,0.09820,0.01992,0.97000,0.00011,-0.00008,0.24311
3513.7831,1,1,17.12,0.19,26.47,0.07741,-0.10979,0.65987,0.71513,0.66452,1.4158,0,0,0.18507,0.09123,0.05748,0.18486,0.09116,0.05748,0.17,0.01,0.66452,-0.56376,-0.28010,0.43598,1.41551,-0.00000,1.00056,-0.56376,-0.28042,0.43562,1.41550,-0.00000,1.00000,16,0.18141,0.09257,0.05488,0.18360,0.09820,0,0.96712,0.00011,-0.00008,0.25431,Left,1,376.43,202.38,357.38,185.01,342.32,158.75,330.13,137.91,319.26,123.66,364.18,123.68,367.16,91.20,368.40,71.13,371.44,54.53,379.34,128.28,378.88,104.03,369.07,128.89,366.93,144.06,394.77,136.02,396.81,116.30,385.66,139.94,382.82,153.71,410.45,147.51,412.89,128.09,401.15,143.01,395.55,154.89,-0.00000,-0.01592,-0.02646,-0.03893,-0.05095,-0.00647,-0.02533,-0.03588,-0.04256,-0.01104,-0.04192,-0.04613,-0.03975,-0.01914,-0.04972,-0.04100,-0.02534,-0.02887,-0.04628,-0.03746,-0.02556,-0.00885,0.09003,0.01956,-0.03354,0.06272,0.00544,-0.04709,0.04046,0.00123,-0.06268,0.01346,-0.00070,-0.07499,-0.01200,0.00253,-0.02572,-0.00712,0.00676,-0.02081,-0.03619,0.00379,-0.02038,-0.05861,-0.00343,-0.02077,-0.07651,-0.02399,-0.00304,-0.00446,0.00568,-0.00827,-0.02296,-0.02721,-0.02253,-0.00070,-0.04325,-0.02575,0.01587,-0.02909,0.01742,0.00214,-0.00241,0.01096,-0.00750,-0.03415,-0.00343,0.01381,-0.04137,-0.00582,0.03188,-0.02714,0.02648,0.02183,-0.01140,0.02991,0.00705,-0.03041,0.01422,0.01674,-0.04423,0.00807,0.03248,-0.03260,0,,,,,0.18360,0.09820,0.01992,0.97000,0.00011,-0.00008,0.24311
3513.8154,1,1,16.62,0.16,27.14,0.07766,-0.10986,0.66062,0.71461,0.66137,1.4151,0,0,0.18507,0.09123,0.05748,0.18486,0.09116,0.05748,0.17,0.01,0.66137,-0.56376,-0.28010,0.43598,1.41551,-0.00000,0.99979,-0.56376,-0.28042,0.43562,1.41550,-0.00000,1.00000,16,0.18141,0.09257,0.05488,0.18360,0.09820,0,0.96712,0.00011,-0.00008,0.25431,Left,1,376.31,203.31,357.73,186.40,342.43,158.63,329.98,137.51,318.99,123.67,364.40,123.41,367.52,90.76,368.48,70.63,371.48,54.23,379.52,128.30,378.53,104.08,368.93,130.65,368.36,145.03,395.19,136.33,396.55,116.34,385.33,140.65,383.68,152.99,411.07,148.00,413.06,128.14,401.28,143.30,396.76,154.18,-0.00000,-0.01473,-0.02441,-0.03613,-0.04744,-0.00600,-0.02464,-0.03429,-0.04032,-0.01082,-0.04038,-0.04247,-0.03484,-0.01922,-0.04875,-0.03833,-0.02191,-0.02919,-0.04545,-0.03549,-0.02316,-0.00856,0.09053,0.02288,-0.03310,0.06287,0.00844,-0.04654,0.04039,0.00461,-0.06239,0.01286,0.00229,-0.07482,-0.01237,0.00671,-0.02534,-0.00735,0.00721,-0.02039,-0.03623,0.00444,-0.02031,-0.05857,-0.00287,-0.02032,-0.07622,-0.02308,-0.00305,-0.00455,0.00558,-0.00859,-0.02249,-0.02780,-0.02258,0.00070,-0.04195,-0.02370,0.01647,-0.02500,0.01759,0.00231,-0.00259,0.01074,-0.00719,-0.03467,-0.00376,0.01387,-0.04071,-0.00471,0.03061,-0.02480,0.02674,0.02245,-0.01180,0.02933,0.00722,-0.03033,0.01386,0.01685,-0.04341,0.00899,0.03167,-0.03146,0,,,,,0.18360,0.09820,0.01992,0.97000,0.00011,-0.00008,0.24311
3513.8513,1,1,19.77,0.22,31.08,0.07698,-0.10969,0.65486,0.71084,0.64910,1.4497,0,0,0.18507,0.09123,0.05748,0.18486,0.09116,0.05748,0.17,0.01,0.64910,-0.56376,-0.28010,0.43598,1.41551,-0.00000,1.00001,-0.56376,-0.28042,0.43562,1.41550,-0.00000,1.00000,16,0.18141,0.09257,0.05488,0.18360,0.09820,0,0.96712,0.00011,-0.00008,0.25431,Left,0,376.74,202.24,358.21,185.18,342.46,158.68,329.82,137.90,319.26,124.21,364.30,121.80,368.14,89.29,369.31,69.62,372.57,53.37,379.33,126.97,378.51,103.98,369.03,130.75,368.73,145.01,394.85,135.01,396.57,116.05,385.25,140.71,383.52,153.71,410.56,146.42,413.00,126.85,400.82,142.29,395.56,153.86,-0.00000,-0.01485,-0.02455,-0.03627,-0.04739,-0.00604,-0.02451,-0.03422,-0.04028,-0.01033,-0.03965,-0.04194,-0.03465,-0.01818,-0.04790,-0.03808,-0.02201,-0.02752,-0.04426,-0.03485,-0.02272,-0.00788,0.09017,0.02423,-0.03195,0.06295,0.00862,-0.04582,0.04112,0.00386,-0.06172,0.01488,-0.00107,-0.07363,-0.00968,0.00071,-0.02473,-0.00713,0.00626,-0.01935,-0.03575,0.00337,-0.01865,-0.05781,-0.00426,-0.01853,-0.07476,-0.02462,-0.00321,-0.00447,0.00549,-0.00827,-0.02153,-0.02870,-0.02222,0.00191,-0.04362,-0.02324,0.01802,-0.02636,0.01727,0.00198,-0.00213,0.01057,-0.00644,-0.03473,-0.00334,0.01517,-0.04139,-0.00501,0.03255,-0.02485,0.02658,0.02199,-0.01061,0.02946,0.00750,-0.02950,0.01395,0.01720,-0.04338,0.00784,0.03245,-0.03185,0,,,,,0.18360,0.09820,0.01992,0.97000,0.00011,-0.00008,0.24311
3513.8800,1,1,16.70,0.58,23.85,0.07614,-0.10845,0.64858,0.71116,0.64229,1.4353,0,0,0.18821,0.09207,0.05624,0.18849,0.09193,0.05669,0.46,0.01,0.64229,-0.55643,-0.25167,0.41418,1.40698,0.00001,0.99998,-0.55833,-0.25421,0.41768,1.40720,-0.00000,1.00000,16,0.18324,0.09353,0.05524,0.18360,0.09820,0,0.96696,-0.00335,0.01764,0.25430,Left,0,375.99,202.78,357.47,185.39,342.40,159.10,330.27,139.01,320.07,124.94,364.07,123.04,367.68,90.42,369.13,70.60,372.45,53.99,379.41,127.98,379.56,103.89,369.84,129.79,367.91,145.93,394.87,136.00,397.04,116.21,385.99,139.89,383.36,153.74,410.57,147.66,413.40,127.63,402.03,142.24,397.04,153.73,-0.00000,-0.01578,-0.02659,-0.03938,-0.05173,-0.00720,-0.02656,-0.03750,-0.04443,-0.01199,-0.04361,-0.04785,-0.04137,-0.02034,-0.05057,-0.04145,-0.02564,-0.03036,-0.04656,-0.03709,-0.02500,-0.00875,0.08948,0.02445,-0.03278,0.06210,0.00825,-0.04670,0.04103,0.00252,-0.06198,0.01557,-0.00288,-0.07306,-0.00938,-0.00311,-0.02520,-0.00685,0.00631,-0.02010,-0.03581,0.00283,-0.01974,-0.05787,-0.00395,-0.01929,-0.07519,-0.02399,-0.00299,-0.00457,0.00568,-0.00777,-0.02260,-0.02818,-0.02230,0.00038,-0.04427,-0.02473,0.01778,-0.02956,0.01739,0.00175,-0.00219,0.01032,-0.00732,-0.03365,-0.00365,0.01348,-0.04156,-0.00587,0.03171,-0.02739,0.02604,0.02163,-0.01047,0.02975,0.00705,-0.02917,0.01431,0.01532,-0.04259,0.00916,0.03086,-0.03202,0,,,,,0.18426,0.09856,0.02041,0.96983,-0.00442,0.01782,0.24308
3513.9307,1,1,20.25,0.17,47.15,0.07632,-0.10877,0.64996,0.71541,0.65134,1.4471,0,0,0.18752,0.09190,0.05656,0.18791,0.09198,0.05652,0.37,0.01,0.65134,-0.55842,-0.25365,0.41729,1.40724,0.00000,0.99999,-0.55833,-0.25421,0.41768,1.40720,-0.00000,1.00000,16,0.18419,0.09409,0.05671,0.18360,0.09820,1,0.96550,-0.01412,0.05593,0.25395,Left,0,375.87,202.74,357.45,185.54,342.44,158.34,330.40,137.67,319.39,124.36,364.46,122.54,368.36,89.50,370.13,69.46,373.41,52.71,379.59,127.45,378.50,103.86,369.20,129.99,367.84,146.03,394.94,135.66,396.79,115.70,385.73,139.72,383.09,153.94,410.58,147.48,413.39,127.31,401.66,142.11,396.01,154.06,-0.00000,-0.01474,-0.02410,-0.03546,-0.04643,-0.00593,-0.02416,-0.03425,-0.04074,-0.01061,-0.04110,-0.04489,-0.03836,-0.01867,-0.04895,-0.04029,-0.02475,-0.02818,-0.04551,-0.03691,-0.02522,-0.00921,0.09066,0.02450,-0.03331,0.06286,0.00857,-0.04637,0.04079,0.00312,-0.06188,0.01434,-0.00279,-0.07405,-0.01003,-0.00234,-0.02511,-0.00708,0.00646,-0.01952,-0.03611,0.00324,-0.01853,-0.05844,-0.00369,-0.01807,-0.07645,-0.02246,-0.00317,-0.00455,0.00536,-0.00835,-0.02239,-0.02737,-0.02227,0.00104,-0.04264,-0.02454,0.01830,-0.02739,0.01724,0.00213,-0.00228,0.01090,-0.00731,-0.03356,-0.00308,0.01388,-0.04080,-0.00548,0.03241,-0.02652,0.02648,0.02217,-0.01029,0.02958,0.00713,-0.02879,0.01483,0.01602,-0.04258,0.00871,0.03155,-0.03216,0,,,,,0.18418,0.09851,0.02049,0.96987,-0.00380,0.01565,0.24310
3513.9587,1,1,15.07,0.22,25.17,0.07632,-0.10887,0.65041,0.71499,0.65086,1.4414,0,0,0.18730,0.09190,0.05666,0.18778,0.09187,0.05642,0.61,0.01,0.65086,-0.55832,-0.25403,0.41832,1.40730,0.00000,1.00000,-0.55833,-0.25421,0.41768,1.40720,-0.00000,1.00000,16,0.18214,0.09313,0.05602,0.18360,0.09820,1,0.96503,-0.01267,0.04697,0.25759,Left,0,375.74,202.24,357.19,184.78,342.17,158.15,329.83,137.97,319.43,124.65,364.20,122.53,368.53,89.49,370.45,69.55,374.24,52.69,379.56,127.74,379.60,103.95,370.21,130.51,369.11,146.35,394.96,135.91,397.15,116.04,385.94,140.22,383.54,153.81,410.53,147.60,413.54,127.37,401.59,142.50,396.00,154.06,-0.00000,-0.01505,-0.02517,-0.03722,-0.04889,-0.00754,-0.02708,-0.03799,-0.04491,-0.01223,-0.04333,-0.04675,-0.03999,-0.02043,-0.05070,-0.04102,-0.02497,-0.03019,-0.04682,-0.03719,-0.02499,-0.00919,0.08975,0.02396,-0.03324,0.06208,0.00785,-0.04690,0.04033,0.00251,-0.06284,0.01435,-0.00273,-0.07420,-0.01031,-0.00201,-0.02540,-0.00720,0.00625,-0.01942,-0.03601,0.00252,-0.01848,-0.05836,-0.00466,-0.01762,-0.07558,-0.02415,-0.00322,-0.00450,0.00551,-0.00795,-0.02222,-0.02830,-0.02229,0.00152,-0.04382,-0.02426,0.01806,-0.02796,0.01718,0.00205,-0.00212,0.01023,-0.00680,-0.03399,-0.00376,0.01444,-0.04113,-0.00576,0.03239,-0.02556,0.02645,0.02218,-0.01034,0.02956,0.00717,-0.02934,0.01407,0.01637,-0.04304,0.00781,0.03196,-0.03157,0,,,,,0.18336,0.09807,0.01965,0.96997,0.00165,-0.00625,0.24313
3513.9910,1,1,16.30,0.17,28.68,0.07643,-0.10855,0.64915,0.71603,0.64790,1.4710,0,0,0.18792,0.09179,0.05634,0.18779,0.09188,0.05640,0.26,0.01,0.64790,-0.55828,-0.25372,0.41820,1.40720,0.00000,1.00000,-0.55833,-0.25421,0.41768,1.40720,-0.00000,1.00000,16,0.18231,0.09322,0.05601,0.18360,0.09820,1,0.96533,-0.01090,0.04020,0.25768,Left,0,376.51,202.35,357.69,184.78,342.48,158.23,330.29,137.99,320.26,124.38,364.77,122.91,368.51,89.66,370.28,69.64,373.60,52.70,380.05,127.87,380.38,103.91,370.56,129.20,367.99,145.86,395.30,136.08,398.05,115.56,386.74,138.50,383.53,153.09,410.76,147.84,413.98,127.50,402.04,141.73,395.95,154.07,-0.00000,-0.01515,-0.02507,-0.03686,-0.04821,-0.00735,-0.02615,-0.03692,-0.04389,-0.01187,-0.04306,-0.04755,-0.04156,-0.01976,-0.05004,-0.04208,-0.02713,-0.02914,-0.04670,-0.03880,-0.02765,-0.00958,0.08974,0.02425,-0.03360,0.06221,0.00828,-0.04724,0.04020,0.00339,-0.06251,0.01436,-0.00105,-0.07471,-0.01015,0.00013,-0.02520,-0.00708,0.00607,-0.01958,-0.03620,0.00267,-0.01898,-0.05837,-0.00319,-0.01865,-0.07676,-0.02247,-0.00284,-0.00445,0.00523,-0.00738,-0.02250,-0.02788,-0.02191,0.00023,-0.04375,-0.02545,0.01805,-0.03016,0.01735,0.00197,-0.00202,0.01128,-0.00803,-0.03297,-0.00341,0.01258,-0.04156,-0.00627,0.03091,-0.02811,0.02615,0.02192,-0.01011,0.02975,0.00692,-0.02816,0.01492,0.01477,-0.04278,0.00789,0.03128,-0.03261,0,,,,,0.18354,0.09817,0.01986,0.96999,0.00032,-0.00119,0.24314
3514.0253,1,1,17.56,0.23,30.23,0.07649,-0.10898,0.64934,0.71426,0.64953,1.4544,0,0,0.18783,0.09172,0.05678,0.18782,0.09190,0.05644,0.33,0.01,0.64953,-0.55831,-0.25386,0.41805,1.40720,-0.00000,1.00000,-0.55833,-0.25421,0.41768,1.40720,-0.00000,1.00000,16,0.18229,0.09320,0.05594,0.18360,0.09820,1,0.96549,-0.00989,0.03627,0.25773,Left,0,376.27,202.15,357.64,184.68,342.21,157.93,329.94,137.82,319.74,124.38,364.51,121.54,368.87,89.07,370.85,69.28,374.49,52.55,379.88,126.93,380.51,103.37,370.73,129.94,369.05,145.45,395.29,135.32,397.90,116.18,386.34,140.61,383.56,153.97,410.70,147.21,413.76,127.64,401.58,143.06,395.79,154.52,-0.00000,-0.01506,-0.02469,-0.03615,-0.04717,-0.00678,-0.02571,-0.03620,-0.04289,-0.01133,-0.04192,-0.04528,-0.03845,-0.01938,-0.04976,-0.04056,-0.02472,-0.02891,-0.04616,-0.03709,-0.02514,-0.00890,0.09025,0.02534,-0.03307,0.06274,0.00892,-0.04682,0.04110,0.00330,-0.06293,0.01500,-0.00233,-0.07455,-0.00957,-0.00192,-0.02541,-0.00723,0.00622,-0.01928,-0.03602,0.00245,-0.01855,-0.05840,-0.00515,-0.01753,-0.07530,-0.02523,-0.00322,-0.00459,0.00554,-0.00742,-0.02213,-0.02847,-0.02160,0.00111,-0.04399,-0.02440,0.01770,-0.02775,0.01709,0.00209,-0.00205,0.01071,-0.00646,-0.03423,-0.00322,0.01498,-0.04078,-0.00590,0.03288,-0.02538,0.02644,0.02249,-0.01004,0.02970,0.00782,-0.02962,0.01392,0.01744,-0.04343,0.00732,0.03302,-0.03106,0,,,,,0.18358,0.09819,0.01990,0.96999,0.00001,-0.00003,0.24314
3514.0569,1,1,18.58,0.17,28.22,0.07625,-0.10861,0.64825,0.71490,0.64715,1.4508,0,0,0.18838,0.09197,0.05641,0.18782,0.09190,0.05644,0.50,0.01,0.64715,-0.55832,-0.25386,0.41804,1.40722,0.00000,1.00000,-0.55833,-0.25421,0.41768,1.40720,-0.00000,1.00000,16,0.18229,0.09320,0.05592,0.18360,0.09820,1,0.96552,-0.00959,0.03521,0.25774,Left,0,375.83,202.46,356.96,185.34,342.00,158.22,330.08,137.64,319.29,124.22,364.33,122.50,368.59,89.39,370.55,69.30,374.11,52.49,379.58,127.69,379.56,104.03,369.60,130.32,367.75,146.36,395.03,136.00,397.26,116.04,385.67,139.86,382.85,153.58,410.72,147.84,414.02,127.64,402.08,142.22,396.54,153.62,-0.00000,-0.01410,-0.02336,-0.03474,-0.04585,-0.00639,-0.02555,-0.03648,-0.04348,-0.01153,-0.04291,-0.04702,-0.04064,-0.02004,-0.05035,-0.04140,-0.02578,-0.03000,-0.04692,-0.03792,-0.02608,-0.00952,0.08992,0.02407,-0.03323,0.06212,0.00796,-0.04671,0.04049,0.00402,-0.06256,0.01419,0.00040,-0.07402,-0.01075,0.00249,-0.02517,-0.00725,0.00688,-0.01930,-0.03602,0.00340,-0.01839,-0.05836,-0.00295,-0.01773,-0.07596,-0.02196,-0.00311,-0.00464,0.00561,-0.00816,-0.02201,-0.02791,-0.02268,0.00104,-0.04372,-0.02513,0.01793,-0.02766,0.01706,0.00209,-0.00249,0.01014,-0.00694,-0.03384,-0.00393,0.01386,-0.04146,-0.00614,0.03192,-0.02657,0.02617,0.02194,-0.01107,0.02948,0.00725,-0.02958,0.01397,0.01549,-0.04300,0.00825,0.03119,-0.03233,0,,,,,0.18360,0.09820,0.01992,0.96999,-0.00009,0.00034,0.24314
3514.0857,1,1,14.87,0.16,24.77,0.07651,-0.10880,0.65059,0.71290,0.65293,1.4655,0,0,0.18720,0.09171,0.05660,0.18782,0.09190,0.05644,0.73,0.01,0.65293,-0.55832,-0.25386,0.41806,1.40722,0.00000,1.00000,-0.55833,-0.25421,0.41768,1.40720,-0.00000,1.00000,16,0.18228,0.09320,0.05590,0.18360,0.09820,1,0.96555,-0.00939,0.03449,0.25775,Left,0,376.10,202.12,357.03,183.89,342.07,157.47,329.82,137.29,319.46,124.04,364.45,122.92,368.93,89.62,371.15,69.82,374.90,52.86,379.71,128.14,380.15,104.18,370.92,130.07,369.17,146.30,395.00,136.31,397.50,116.00,386.31,139.49,383.30,153.78,410.53,147.92,414.14,127.32,402.28,141.50,396.19,153.37,-0.00000,-0.01414,-0.02363,-0.03528,-0.04660,-0.00646,-0.02572,-0.03678,-0.04383,-0.01137,-0.04262,-0.04686,-0.04070,-0.01964,-0.04978,-0.04105,-0.02556,-0.02937,-0.04611,-0.03736,-0.02571,-0.00990,0.08917,0.02281,-0.03364,0.06128,0.00672,-0.04718,0.03945,0.00301,-0.06270,0.01322,-0.00028,-0.07487,-0.01136,0.00233,-0.02534,-0.00729,0.00629,-0.01877,-0.03601,0.00250,-0.01792,-0.05816,-0.00405,-0.01702,-0.07609,-0.02326,-0.00304,-0.00424,0.00533,-0.00749,-0.02227,-0.02791,-0.02134,0.00074,-0.04364,-0.02404,0.01766,-0.02861,0.01722,0.00205,-0.00205,0.01118,-0.00768,-0.03289,-0.00316,0.01301,-0.04077,-0.00587,0.03121,-0.02726,0.02646,0.02191,-0.01035,0.03020,0.00660,-0.02782,0.01543,0.01423,-0.04187,0.00854,0.03016,-0.03191,0,,,,,0.18360,0.09820,0.01992,0.96999,-0.00010,0.00043,0.24314
3514.1222,1,1,18.49,0.67,31.93,0.07676,-0.10965,0.65225,0.71822,0.65392,1.4475,0,0,0.18637,0.09145,0.05745,0.18684,0.09166,0.05748,0.26,0.00,0.65392,-0.56013,-0.26705,0.42350,1.41214,-0.00000,1.00000,-0.56035,-0.26666,0.42468,1.41283,-0.00000,1.00000,16,0.18119,0.09255,0.05472,0.18360,0.09820,1,0.96616,0.00120,-0.00325,0.25791,Left,0,376.37,202.04,357.49,184.98,342.16,158.47,329.74,137.73,319.36,124.16,364.49,121.62,368.80,88.77,370.70,68.64,374.47,52.07,379.67,126.86,379.75,103.58,370.41,130.46,369.74,145.30,395.19,134.84,397.70,115.19,386.00,139.34,383.55,152.47,410.70,146.32,413.62,126.58,401.22,141.78,395.57,153.43,-0.00000,-0.01496,-0.02504,-0.03721,-0.04885,-0.00621,-0.02550,-0.03598,-0.04250,-0.01070,-0.04095,-0.04361,-0.03639,-0.01883,-0.04875,-0.03893,-0.02283,-0.02854,-0.04534,-0.03599,-0.02388,-0.00878,0.09070,0.02604,-0.03306,0.06322,0.00983,-0.04656,0.04145,0.00362,-0.06238,0.01492,-0.00291,-0.07389,-0.00973,-0.00273,-0.02518,-0.00739,0.00613,-0.01918,-0.03593,0.00262,-0.01788,-0.05779,-0.00469,-0.01724,-0.07535,-0.02492,-0.00318,-0.00443,0.00536,-0.00734,-0.02182,-0.02879,-0.02136,0.00202,-0.04345,-0.02295,0.01801,-0.02640,0.01727,0.00191,-0.00201,0.01127,-0.00682,-0.03405,-0.00336,0.01401,-0.04115,-0.00533,0.03127,-0.02525,0.02668,0.02207,-0.01009,0.02967,0.00716,-0.02917,0.01388,0.01648,-0.04265,0.00746,0.03202,-0.03138,0,,,,,0.18358,0.09819,0.01992,0.96999,0.00013,-0.00011,0.24314
3514.1502,1,1,15.15,0.17,23.55,0.07678,-0.10926,0.65145,0.71644,0.65066,1.4730,0,0,0.18677,0.09144,0.05706,0.18626,0.09137,0.05701,0.31,0.00,0.65066,-0.56046,-0.26647,0.42610,1.41312,0.00000,0.99999,-0.56035,-0.26666,0.42468,1.41283,-0.00000,1.00000,16,0.18130,0.09260,0.05483,0.18360,0.09820,1,0.96617,0.00049,-0.00033,0.25792,Left,0,376.19,202.39,357.20,184.85,342.16,158.05,329.95,137.82,319.35,124.30,364.64,122.79,368.62,89.85,370.34,70.04,374.09,53.27,379.96,127.89,380.10,103.72,370.49,130.02,369.30,145.72,395.39,135.86,397.60,115.76,386.26,139.65,384.02,153.07,410.86,147.36,413.60,127.16,401.84,142.09,396.97,153.58,-0.00000,-0.01464,-0.02430,-0.03604,-0.04743,-0.00643,-0.02561,-0.03632,-0.04311,-0.01142,-0.04257,-0.04652,-0.04002,-0.01986,-0.05003,-0.04082,-0.02506,-0.02984,-0.04631,-0.03688,-0.02486,-0.00980,0.08989,0.02421,-0.03359,0.06242,0.00845,-0.04756,0.04049,0.00404,-0.06301,0.01438,0.00071,-0.07470,-0.01046,0.00288,-0.02531,-0.00709,0.00648,-0.01963,-0.03612,0.00270,-0.01881,-0.05833,-0.00403,-0.01792,-0.07587,-0.02344,-0.00304,-0.00449,0.00565,-0.00774,-0.02261,-0.02863,-0.02187,0.00058,-0.04430,-0.02418,0.01756,-0.02829,0.01726,0.00197,-0.00222,0.01047,-0.00742,-0.03385,-0.00346,0.01333,-0.04152,-0.00580,0.03151,-0.02643,0.02626,0.02173,-0.01045,0.02941,0.00680,-0.02937,0.01396,0.01547,-0.04276,0.00842,0.03140,-0.03198,0,,,,,0.18360,0.09819,0.01992,0.96999,0.00010,0.00020,0.24314
3514.1869,1,1,19.07,0.22,31.53,0.07676,-0.10964,0.65143,0.72075,0.65140,1.4503,0,0,0.18679,0.09145,0.05744,0.18644,0.09145,0.05711,0.32,0.00,0.65140,-0.56030,-0.26622,0.42520,1.41279,0.00000,1.00000,-0.56035,-0.26666,0.42468,1.41283,-0.00000,1.00000,16,0.18129,0.09261,0.05488,0.18360,0.09820,1,0.96617,0.00023,0.00010,0.25792,Left,0,376.28,201.30,357.63,183.96,342.34,157.29,329.91,137.04,319.18,123.73,364.41,121.58,368.69,88.38,370.86,68.58,374.68,51.87,379.81,126.86,380.27,103.36,370.59,129.50,368.54,145.80,395.25,135.20,398.13,115.54,386.68,139.44,383.65,153.69,410.79,147.00,414.02,127.21,402.13,141.92,396.35,153.70,-0.00000,-0.01489,-0.02445,-0.03592,-0.04695,-0.00669,-0.02532,-0.03565,-0.04225,-0.01126,-0.04262,-0.04691,-0.04058,-0.01920,-0.04994,-0.04171,-0.02633,-0.02856,-0.04616,-0.03794,-0.02646,-0.00943,0.08992,0.02608,-0.03326,0.06235,0.00951,-0.04666,0.04042,0.00390,-0.06274,0.01382,-0.00263,-0.07505,-0.01020,-0.00238,-0.02534,-0.00745,0.00620,-0.01909,-0.03641,0.00245,-0.01861,-0.05858,-0.00416,-0.01747,-0.07624,-0.02363,-0.00305,-0.00446,0.00502,-0.00732,-0.02204,-0.02799,-0.02137,0.00102,-0.04346,-0.02454,0.01843,-0.02855,0.01720,0.00236,-0.00197,0.01164,-0.00699,-0.03384,-0.00291,0.01435,-0.04119,-0.00550,0.03243,-0.02675,0.02660,0.02262,-0.01001,0.02990,0.00748,-0.02808,0.01535,0.01639,-0.04191,0.00867,0.03210,-0.03131,0,,,,,0.18359,0.09819,0.01992,0.96999,0.00011,-0.00002,0.24314
3514.2185,1,1,19.75,0.55,26.34,0.07642,-0.10862,0.64845,0.71045,0.64547,1.4772,0,0,0.18827,0.09179,0.05642,0.18794,0.09162,0.05587,0.26,0.00,0.64547,-0.55657,-0.24807,0.41621,1.40731,0.00001,0.99999,-0.55669,-0.25360,0.41669,1.40765,-0.00000,1.00000,16,0.18355,0.09360,0.05567,0.18360,0.09820,1,0.96589,-0.00261,0.02323,0.25791,Left,0,375.52,202.47,356.47,184.61,341.73,157.75,329.85,137.43,319.24,123.66,364.69,122.80,368.73,89.19,371.16,69.18,375.22,52.27,380.05,128.11,380.21,104.05,369.93,129.26,367.05,146.10,395.36,136.42,397.59,115.45,385.70,138.51,381.98,153.47,411.04,148.20,413.90,127.48,401.88,141.23,395.83,153.37,-0.00000,-0.01486,-0.02490,-0.03708,-0.04896,-0.00710,-0.02631,-0.03770,-0.04507,-0.01216,-0.04426,-0.04957,-0.04397,-0.02054,-0.05098,-0.04298,-0.02792,-0.03048,-0.04769,-0.03950,-0.02814,-0.01128,0.08930,0.02131,-0.03465,0.06104,0.00621,-0.04817,0.03939,0.00284,-0.06338,0.01363,0.00164,-0.07475,-0.01185,0.00495,-0.02511,-0.00766,0.00693,-0.01946,-0.03646,0.00399,-0.01795,-0.05890,-0.00184,-0.01693,-0.07720,-0.02059,-0.00297,-0.00456,0.00591,-0.00764,-0.02258,-0.02757,-0.02313,-0.00011,-0.04448,-0.02620,0.01773,-0.03061,0.01736,0.00214,-0.00259,0.01005,-0.00809,-0.03309,-0.00471,0.01233,-0.04149,-0.00806,0.03128,-0.02913,0.02567,0.02183,-0.01151,0.02924,0.00672,-0.02949,0.01380,0.01379,-0.04328,0.00681,0.03037,-0.03397,0,,,,,0.18439,0.09856,0.02061,0.96976,-0.00376,0.02107,0.24313
3514.2471,1,1,16.23,0.23,24.64,0.07640,-0.10927,0.64957,0.71559,0.65068,1.4261,0,0,0.18772,0.09182,0.05707,0.18821,0.09175,0.05669,0.61,0.00,0.65068,-0.55640,-0.25379,0.41624,1.40755,0.00000,1.00000,-0.55669,-0.25360,0.41669,1.40765,-0.00000,1.00000,16,0.18228,0.09306,0.05565,0.18360,0.09820,1,0.96600,-0.00190,0.01083,0.25831,Left,0,375.42,201.83,356.75,184.60,341.82,157.46,329.71,137.35,319.69,123.99,364.07,121.64,368.49,88.90,371.00,69.36,375.02,52.59,379.70,126.65,380.42,103.89,370.94,130.15,368.86,145.92,395.28,134.92,398.40,115.61,386.81,139.21,383.51,152.59,410.79,146.80,414.41,127.19,402.34,141.93,396.27,153.26,-0.00000,-0.01496,-0.02437,-0.03560,-0.04638,-0.00692,-0.02622,-0.03740,-0.04465,-0.01153,-0.04292,-0.04740,-0.04147,-0.01958,-0.05002,-0.04158,-0.02641,-0.02914,-0.04638,-0.03779,-0.02626,-0.01007,0.09027,0.02603,-0.03395,0.06291,0.00919,-0.04728,0.04070,0.00283,-0.06244,0.01448,-0.00414,-0.07436,-0.00995,-0.00525,-0.02566,-0.00734,0.00599,-0.01941,-0.03570,0.00159,-0.01808,-0.05737,-0.00495,-0.01698,-0.07502,-0.02440,-0.00312,-0.00444,0.00515,-0.00708,-0.02179,-0.02853,-0.02121,0.00170,-0.04385,-0.02427,0.01839,-0.02846,0.01750,0.00198,-0.00190,0.01205,-0.00709,-0.03346,-0.00256,0.01387,-0.04131,-0.00543,0.03111,-0.02651,0.02696,0.02213,-0.00963,0.03040,0.00735,-0.02857,0.01574,0.01590,-0.04194,0.00859,0.03142,-0.03114,0,,,,,0.18365,0.09820,0.01989,0.96998,0.00025,0.00144,0.24318
3514.2792,1,1,15.36,0.78,27.27,0.07627,-0.10999,0.64991,0.71799,0.65026,1.4601,0,0,0.18754,0.09195,0.05778,0.18765,0.09201,0.05766,0.18,0.00,0.65026,-0.55938,-0.25741,0.41256,1.41515,0.00000,0.99999,-0.55917,-0.25696,0.41226,1.41547,-0.00000,1.00000,16,0.18252,0.09331,0.05480,0.18360,0.09820,1,0.96807,0.00308,0.00334,0.25066,Left,0,375.63,200.93,357.13,184.29,342.02,157.56,329.48,137.03,319.52,123.27,364.09,121.04,368.91,88.09,371.10,68.33,374.89,51.79,379.44,126.05,379.55,102.93,369.64,129.31,367.77,144.63,394.94,134.23,397.72,115.15,385.94,139.34,382.73,152.54,410.40,145.95,413.85,126.47,401.75,141.67,396.00,152.93,-0.00000,-0.01544,-0.02551,-0.03733,-0.04873,-0.00808,-0.02761,-0.03834,-0.04504,-0.01228,-0.04323,-0.04638,-0.03941,-0.01997,-0.05046,-0.04109,-0.02516,-0.02918,-0.04653,-0.03752,-0.02557,-0.00943,0.09040,0.02512,-0.03314,0.06300,0.00861,-0.04663,0.04144,0.00376,-0.06242,0.01509,-0.00161,-0.07403,-0.00991,-0.00010,-0.02544,-0.00702,0.00632,-0.01880,-0.03567,0.00279,-0.01754,-0.05797,-0.00415,-0.01635,-0.07490,-0.02387,-0.00322,-0.00450,0.00543,-0.00774,-0.02184,-0.02817,-0.02201,0.00123,-0.04317,-0.02466,0.01748,-0.02651,0.01731,0.00189,-0.00209,0.01115,-0.00679,-0.03373,-0.00280,0.01445,-0.04067,-0.00577,0.03186,-0.02533,0.02654,0.02175,-0.01030,0.02983,0.00735,-0.02916,0.01495,0.01672,-0.04202,0.00858,0.03187,-0.03060,0,,,,,0.18358,0.09818,0.01987,0.96998,0.00024,-0.00041,0.24319
3514.3110,1,1,16.77,0.16,26.58,0.07619,-0.10971,0.64885,0.71136,0.64778,1.4619,0,0,0.18808,0.09203,0.05750,0.18757,0.09197,0.05761,0.46,0.00,0.64778,-0.55940,-0.25694,0.41237,1.41571,0.00000,1.00000,-0.55917,-0.25696,0.41226,1.41547,-0.00000,1.00000,16,0.18241,0.09338,0.05486,0.18360,0.09820,1,0.96808,0.00027,-0.00013,0.25066,Left,0,375.84,201.51,356.74,184.56,341.63,157.30,329.64,136.50,319.17,122.96,364.22,121.83,368.35,89.00,370.43,69.16,374.10,52.35,379.64,126.77,379.93,103.25,370.09,129.13,367.87,144.97,395.11,134.98,397.69,115.10,386.05,138.94,382.87,152.37,410.77,146.78,413.72,126.98,401.92,142.09,396.60,153.39,-0.00000,-0.01483,-0.02402,-0.03504,-0.04578,-0.00647,-0.02517,-0.03586,-0.04285,-0.01121,-0.04230,-0.04664,-0.04052,-0.01933,-0.04959,-0.04099,-0.02572,-0.02892,-0.04616,-0.03747,-0.02591,-0.00962,0.08966,0.02280,-0.03341,0.06220,0.00697,-0.04729,0.04027,0.00344,-0.06298,0.01367,0.00068,-0.07471,-0.01123,0.00372,-0.02549,-0.00713,0.00656,-0.01950,-0.03581,0.00304,-0.01868,-0.05824,-0.00354,-0.01775,-0.07582,-0.02324,-0.00311,-0.00461,0.00563,-0.00786,-0.02215,-0.02780,-0.02212,0.00054,-0.04401,-0.02507,0.01724,-0.02822,0.01727,0.00205,-0.00229,0.01058,-0.00739,-0.03376,-0.00336,0.01367,-0.04154,-0.00638,0.03163,-0.02725,0.02626,0.02179,-0.01064,0.02952,0.00724,-0.02953,0.01410,0.01618,-0.04296,0.00830,0.03170,-0.03162,0,,,,,0.18359,0.09819,0.01991,0.96998,0.00015,-0.00017,0.24319
3514.3619,1,1,18.41,0.63,47.44,0.07683,-0.11048,0.65316,0.70937,0.65747,1.4522,0,0,0.18592,0.09138,0.05827,0.18619,0.09148,0.05800,0.25,0.00,0.65747,-0.56120,-0.26939,0.42172,1.41905,-0.00000,1.00000,-0.56138,-0.27110,0.42279,1.41918,-0.00000,1.00000,16,0.18242,0.09339,0.05488,0.18360,0.09820,1,0.96808,0.00011,-0.00007,0.25066,Left,0,376.01,201.76,357.05,184.08,341.97,156.78,329.39,136.60,319.13,123.31,364.55,121.31,368.64,88.87,370.79,68.99,374.83,52.19,379.78,126.51,379.69,103.12,369.95,129.70,368.40,145.38,395.35,134.82,397.70,115.40,386.29,139.66,383.70,153.40,410.90,146.69,413.99,126.88,401.78,141.82,396.08,153.39,-0.00000,-0.01453,-0.02382,-0.03517,-0.04614,-0.00597,-0.02557,-0.03695,-0.04426,-0.01075,-0.04211,-0.04632,-0.04005,-0.01903,-0.04974,-0.04085,-0.02515,-0.02881,-0.04624,-0.03743,-0.02562,-0.00961,0.09019,0.02224,-0.03344,0.06246,0.00696,-0.04695,0.04009,0.00336,-0.06320,0.01349,-0.00035,-0.07507,-0.01082,0.00275,-0.02531,-0.00761,0.00696,-0.01917,-0.03610,0.00301,-0.01877,-0.05853,-0.00410,-0.01711,-0.07575,-0.02396,-0.00300,-0.00456,0.00555,-0.00818,-0.02193,-0.02837,-0.02231,0.00102,-0.04390,-0.02461,0.01824,-0.02860,0.01731,0.00243,-0.00234,0.01052,-0.00706,-0.03412,-0.00336,0.01459,-0.04131,-0.00573,0.03254,-0.02650,0.02648,0.02253,-0.01148,0.02947,0.00727,-0.02988,0.01434,0.01655,-0.04353,0.00783,0.03231,-0.03253,0,,,,,0.18359,0.09819,0.01992,0.96998,0.00010,-0.00007,0.24319
3514.3906,1,1,15.37,0.61,24.54,0.07659,-0.10951,0.65063,0.70543,0.64811,1.4507,0,0,0.18718,0.09163,0.05731,0.18694,0.09147,0.05720,0.19,0.00,0.64811,-0.55889,-0.26156,0.41990,1.41415,0.00001,1.00000,-0.55909,-0.26281,0.41942,1.41416,-0.00000,1.00000,16,0.18242,0.09339,0.05488,0.18360,0.09820,1,0.96808,0.00010,-0.00006,0.25066,Left,0,376.41,202.78,357.42,185.37,342.28,158.41,329.84,137.96,319.69,123.92,364.37,122.77,368.28,89.74,370.42,69.93,374.31,53.14,379.66,127.52,380.08,103.09,370.66,128.17,368.45,144.73,395.14,135.54,397.77,115.10,386.74,138.22,383.71,152.73,410.88,147.23,414.03,126.69,402.29,141.09,396.50,153.45,-0.00000,-0.01569,-0.02576,-0.03765,-0.04909,-0.00689,-0.02593,-0.03720,-0.04450,-0.01132,-0.04252,-0.04757,-0.04194,-0.01919,-0.04929,-0.04135,-0.02644,-0.02866,-0.04556,-0.03718,-0.02581,-0.00924,0.08953,0.02371,-0.03332,0.06235,0.00810,-0.04693,0.04030,0.00286,-0.06227,0.01432,-0.00174,-0.07452,-0.01033,-0.00116,-0.02545,-0.00689,0.00612,-0.01935,-0.03577,0.00242,-0.01878,-0.05758,-0.00349,-0.01778,-0.07558,-0.02278,-0.00299,-0.00432,0.00509,-0.00728,-0.02294,-0.02756,-0.02148,-0.00025,-0.04366,-0.02496,0.01733,-0.03097,0.01744,0.00180,-0.00195,0.01148,-0.00803,-0.03275,-0.00297,0.01259,-0.04168,-0.00556,0.03066,-0.02841,0.02650,0.02158,-0.01014,0.02970,0.00619,-0.02786,0.01508,0.01427,-0.04215,0.00885,0.03085,-0.03253,0,,,,,0.18359,0.09819,0.01992,0.96998,0.00010,-0.00006,0.24319
3514.4256,1,1,19.19,0.23,30.88,0.07651,-0.10994,0.65052,0.71836,0.65041,1.4316,0,0,0.18724,0.09171,0.05773,0.18702,0.09153,0.05728,0.36,0.00,0.65041,-0.55892,-0.26188,0.41967,1.41392,0.00000,1.00000,-0.55909,-0.26281,0.41942,1.41416,-0.00000,1.00000,16,0.18242,0.09339,0.05488,0.18360,0.09820,1,0.96808,0.00010,-0.00005,0.25066,Left,0,376.48,200.76,357.58,183.90,342.15,157.26,329.58,136.92,319.12,123.05,363.85,121.48,368.22,88.62,370.58,69.01,374.29,52.29,379.51,126.44,379.18,103.15,369.78,128.88,367.47,145.45,395.06,134.68,397.45,115.53,386.21,139.19,382.73,153.49,410.74,146.38,413.72,126.76,401.92,141.35,395.79,153.13,-0.00000,-0.01574,-0.02581,-0.03759,-0.04893,-0.00812,-0.02711,-0.03804,-0.04515,-0.01242,-0.04427,-0.04919,-0.04340,-0.02005,-0.05106,-0.04311,-0.02802,-0.02917,-0.04677,-0.03853,-0.02712,-0.00832,0.08949,0.02600,-0.03272,0.06241,0.00912,-0.04649,0.04055,0.00322,-0.06253,0.01438,-0.00445,-0.07462,-0.01014,-0.00510,-0.02565,-0.00750,0.00579,-0.01943,-0.03596,0.00202,-0.01853,-0.05818,-0.00463,-0.01744,-0.07580,-0.02446,-0.00308,-0.00450,0.00522,-0.00826,-0.02202,-0.02890,-0.02240,0.00116,-0.04447,-0.02536,0.01857,-0.02944,0.01727,0.00213,-0.00190,0.01080,-0.00657,-0.03405,-0.00317,0.01466,-0.04140,-0.00607,0.03273,-0.02640,0.02689,0.02217,-0.00971,0.03000,0.00738,-0.02837,0.01477,0.01623,-0.04222,0.00845,0.03186,-0.03174,0,,,,,0.18359,0.09819,0.01992,0.96998,0.00010,-0.00005,0.24319
3514.4555,1,1,16.08,0.79,25.99,0.07615,-0.10969,0.64764,0.71578,0.64476,1.4436,0,0,0.18868,0.09207,0.05749,0.18879,0.09202,0.05726,0.15,0.01,0.64476,-0.55597,-0.24462,0.40261,1.41519,0.00000,1.00000,-0.55671,-0.24996,0.40579,1.41488,-0.00000,1.00000,16,0.18262,0.09359,0.05489,0.18360,0.09820,1,0.96808,-0.00128,0.00225,0.25064,Left,0,375.56,201.09,356.86,184.41,341.96,157.31,329.89,136.73,319.68,122.92,364.25,121.16,368.53,88.81,370.38,69.25,373.83,52.76,379.81,126.11,380.08,102.42,369.75,127.46,367.06,143.39,395.27,134.56,397.39,115.14,386.00,138.41,383.10,151.91,410.86,146.66,413.38,126.84,401.83,141.42,396.84,152.84,-0.00000,-0.01595,-0.02590,-0.03751,-0.04874,-0.00739,-0.02589,-0.03640,-0.04322,-0.01175,-0.04269,-0.04725,-0.04120,-0.01952,-0.04962,-0.04144,-0.02636,-0.02887,-0.04565,-0.03700,-0.02545,-0.00983,0.08986,0.02610,-0.03373,0.06217,0.00977,-0.04795,0.04056,0.00431,-0.06305,0.01483,-0.00211,-0.07458,-0.00994,-0.00256,-0.02536,-0.00720,0.00635,-0.01990,-0.03603,0.00311,-0.01885,-0.05819,-0.00364,-0.01806,-0.07569,-0.02357,-0.00293,-0.00468,0.00562,-0.00754,-0.02289,-0.02829,-0.02295,-0.00043,-0.04473,-0.02602,0.01656,-0.02970,0.01762,0.00207,-0.00215,0.01058,-0.00686,-0.03379,-0.00379,0.01384,-0.04123,-0.00644,0.03158,-0.02722,0.02637,0.02218,-0.01039,0.02968,0.00764,-0.02913,0.01424,0.01623,-0.04218,0.00851,0.03192,-0.03178,0,,,,,0.18366,0.09826,0.01997,0.96998,-0.00100,0.00196,0.24318
3514.4907,1,1,19.06,0.19,30.83,0.07626,-0.10928,0.64650,0.71599,0.64535,1.4311,0,0,0.18925,0.09196,0.05708,0.18849,0.09197,0.05749,0.85,0.01,0.64535,-0.55662,-0.24940,0.40579,1.41525,-0.00000,1.00000,-0.55671,-0.24996,0.40579,1.41488,-0.00000,1.00000,16,0.18263,0.09351,0.05479,0.18360,0.09820,1,0.96807,-0.00021,0.00199,0.25066,Left,0,376.37,201.81,357.31,184.42,341.81,157.12,329.76,136.66,319.62,122.84,364.60,121.71,368.55,89.18,370.28,69.66,373.66,53.09,380.15,126.73,380.16,102.80,370.31,128.86,368.23,145.47,395.62,135.09,397.80,114.95,386.29,138.52,383.25,152.89,411.18,147.12,413.96,126.70,401.94,141.22,396.15,153.31,-0.00000,-0.01481,-0.02394,-0.03493,-0.04552,-0.00608,-0.02418,-0.03436,-0.04102,-0.01073,-0.04135,-0.04549,-0.03922,-0.01876,-0.04882,-0.04039,-0.02514,-0.02825,-0.04545,-0.03704,-0.02562,-0.00945,0.09015,0.02583,-0.03348,0.06242,0.00938,-0.04761,0.04011,0.00393,-0.06306,0.01372,-0.00191,-0.07482,-0.01086,-0.00184,-0.02518,-0.00746,0.00630,-0.01961,-0.03601,0.00245,-0.01908,-0.05792,-0.00463,-0.01873,-0.07542,-0.02434,-0.00293,-0.00457,0.00543,-0.00740,-0.02300,-0.02805,-0.02232,0.00026,-0.04381,-0.02489,0.01789,-0.02862,0.01738,0.00208,-0.00220,0.01088,-0.00766,-0.03362,-0.00382,0.01321,-0.04144,-0.00626,0.03136,-0.02707,0.02623,0.02241,-0.01050,0.02954,0.00711,-0.02873,0.01443,0.01516,-0.04253,0.00780,0.03143,-0.03185,0,,,,,0.18367,0.09824,0.01990,0.96998,-0.00042,0.00171,0.24318
3514.5175,1,1,15.24,0.18,21.63,0.07604,-0.10985,0.64667,0.71027,0.64684,1.3876,0,0,0.18917,0.09218,0.05765,0.18847,0.09198,0.05748,0.63,0.01,0.64684,-0.55672,-0.24993,0.40640,1.41483,-0.00000,1.00000,-0.55671,-0.24996,0.40579,1.41488,-0.00000,1.00000,16,0.18261,0.09352,0.05485,0.18360,0.09820,1,0.96807,-0.00045,0.00206,0.25067,Left,0,375.81,200.99,357.14,183.95,341.90,156.67,329.54,136.38,319.77,122.97,363.99,120.27,368.56,88.42,370.14,69.25,373.51,53.09,379.48,125.45,379.58,103.06,369.92,130.04,368.91,144.62,395.06,133.96,397.68,115.16,386.14,139.79,383.86,152.53,410.50,146.25,413.61,126.82,401.52,142.57,396.28,153.86,-0.00000,-0.01477,-0.02383,-0.03471,-0.04514,-0.00586,-0.02455,-0.03469,-0.04113,-0.01022,-0.04014,-0.04300,-0.03604,-0.01812,-0.04824,-0.03866,-0.02272,-0.02746,-0.04482,-0.03558,-0.02350,-0.00850,0.08969,0.02744,-0.03280,0.06259,0.01041,-0.04620,0.04026,0.00388,-0.06210,0.01423,-0.00454,-0.07354,-0.00995,-0.00717,-0.02549,-0.00749,0.00615,-0.01933,-0.03512,0.00165,-0.01811,-0.05689,-0.00590,-0.01796,-0.07317,-0.02607,-0.00317,-0.00450,0.00522,-0.00762,-0.02149,-0.02889,-0.02138,0.00204,-0.04378,-0.02356,0.01733,-0.02618,0.01725,0.00214,-0.00195,0.01126,-0.00642,-0.03435,-0.00221,0.01477,-0.04101,-0.00456,0.03181,-0.02494,0.02672,0.02241,-0.00951,0.02990,0.00794,-0.02898,0.01497,0.01771,-0.04217,0.00889,0.03294,-0.03017,0,,,,,0.18365,0.09823,0.01991,0.96998,-0.00035,0.00132,0.24318
3514.5530,1,1,17.50,0.79,31.28,0.07580,-0.10930,0.64608,0.70279,0.64549,1.4272,0,0,0.18946,0.09242,0.05709,0.18913,0.09223,0.05700,0.15,0.00,0.64549,-0.55596,-0.24214,0.40214,1.41229,0.00000,1.00000,-0.55596,-0.24200,0.40065,1.41211,-0.00000,1.00000,16,0.18415,0.09426,0.05546,0.18360,0.09820,1,0.96787,-0.00368,0.01914,0.25068,Left,0,374.90,202.59,356.21,184.40,341.63,156.41,330.16,135.76,319.93,122.40,364.24,121.76,368.27,89.90,369.87,70.46,373.10,53.98,379.50,126.71,379.22,102.90,369.44,129.16,367.87,144.64,395.01,135.01,397.18,115.12,385.70,139.05,383.18,152.24,410.72,147.07,414.09,126.70,402.05,141.47,396.51,152.77,-0.00000,-0.01376,-0.02198,-0.03232,-0.04235,-0.00433,-0.02297,-0.03351,-0.04034,-0.00939,-0.03981,-0.04354,-0.03704,-0.01797,-0.04799,-0.03908,-0.02352,-0.02800,-0.04499,-0.03625,-0.02467,-0.01063,0.09045,0.01982,-0.03405,0.06216,0.00461,-0.04725,0.03930,0.00190,-0.06197,0.01237,0.00042,-0.07355,-0.01221,0.00500,-0.02518,-0.00726,0.00659,-0.01937,-0.03554,0.00266,-0.01871,-0.05740,-0.00440,-0.01863,-0.07451,-0.02402,-0.00287,-0.00459,0.00576,-0.00782,-0.02273,-0.02710,-0.02255,0.00012,-0.04297,-0.02478,0.01716,-0.02785,0.01734,0.00206,-0.00237,0.01058,-0.00752,-0.03352,-0.00363,0.01341,-0.04171,-0.00607,0.03109,-0.02742,0.02596,0.02196,-0.01158,0.02988,0.00697,-0.02997,0.01461,0.01530,-0.04361,0.00827,0.03083,-0.03281,0,,,,,0.18418,0.09849,0.02039,0.96986,-0.00328,0.01525,0.24318
3514.5882,1,1,20.44,0.90,30.24,0.07540,-0.10961,0.64304,0.71129,0.63999,1.3851,0,0,0.19098,0.09282,0.05740,0.19113,0.09299,0.05719,0.13,0.01,0.63999,-0.55369,-0.22477,0.38321,1.41346,0.00000,1.00000,-0.55344,-0.22949,0.38604,1.41414,-0.00000,1.00000,16,0.18640,0.09589,0.05628,0.18360,0.09820,1,0.96507,0.01509,-0.05912,0.25480,Left,0,375.67,200.45,357.42,183.45,342.14,155.94,330.05,135.53,320.15,121.42,363.88,119.88,368.24,88.36,370.02,69.86,373.64,54.13,379.54,124.87,379.38,102.36,369.21,128.71,367.59,143.55,395.11,133.34,397.29,114.89,385.72,139.20,383.41,152.06,410.61,145.51,412.89,126.61,400.83,142.08,395.56,153.24,-0.00000,-0.01524,-0.02458,-0.03559,-0.04607,-0.00623,-0.02458,-0.03441,-0.04063,-0.01049,-0.04070,-0.04405,-0.03728,-0.01827,-0.04883,-0.03999,-0.02438,-0.02745,-0.04494,-0.03605,-0.02419,-0.00838,0.08993,0.02746,-0.03240,0.06290,0.01102,-0.04616,0.04033,0.00454,-0.06132,0.01412,-0.00406,-0.07289,-0.01116,-0.00591,-0.02507,-0.00755,0.00620,-0.01944,-0.03536,0.00161,-0.01814,-0.05629,-0.00625,-0.01783,-0.07252,-0.02756,-0.00302,-0.00455,0.00560,-0.00769,-0.02229,-0.02888,-0.02258,0.00077,-0.04316,-0.02495,0.01681,-0.02566,0.01731,0.00226,-0.00227,0.01097,-0.00617,-0.03455,-0.00328,0.01446,-0.04107,-0.00546,0.03147,-0.02378,0.02616,0.02233,-0.01022,0.02914,0.00844,-0.03003,0.01386,0.01789,-0.04284,0.00812,0.03266,-0.03105,0,,,,,0.18363,0.09824,0.01987,0.96997,-0.00058,0.00058,0.24323
3514.6165,1,1,17.41,0.60,23.66,0.07563,-0.10877,0.64213,0.70071,0.64123,1.3853,0,0,0.19143,0.09259,0.05656,0.19124,0.09244,0.05655,0.15,0.00,0.64123,-0.55072,-0.22492,0.38809,1.40931,0.00000,0.99999,-0.55103,-0.22599,0.38837,1.40842,-0.00000,1.00000,16,0.18903,0.09731,0.05494,0.18360,0.09820,1,0.96657,0.00379,0.00927,0.25621,Left,0,375.64,202.76,357.15,184.87,342.47,157.16,330.89,136.64,321.05,122.57,364.65,121.97,368.18,90.55,369.62,71.82,372.79,55.69,380.44,126.55,381.33,102.25,371.46,127.08,368.83,143.61,395.82,134.98,398.34,115.42,387.26,138.33,384.38,152.35,411.30,147.27,414.50,126.86,403.03,141.20,397.58,153.27,-0.00000,-0.01520,-0.02404,-0.03466,-0.04486,-0.00470,-0.02182,-0.03145,-0.03786,-0.00935,-0.03939,-0.04419,-0.03839,-0.01743,-0.04734,-0.04016,-0.02573,-0.02698,-0.04410,-0.03636,-0.02553,-0.01112,0.08990,0.02415,-0.03480,0.06248,0.00775,-0.04800,0.03977,0.00195,-0.06201,0.01344,-0.00429,-0.07389,-0.01139,-0.00457,-0.02565,-0.00705,0.00550,-0.02014,-0.03532,0.00129,-0.01950,-0.05634,-0.00576,-0.01977,-0.07350,-0.02573,-0.00281,-0.00440,0.00522,-0.00603,-0.02415,-0.02680,-0.02084,-0.00197,-0.04332,-0.02441,0.01615,-0.03071,0.01736,0.00189,-0.00173,0.01215,-0.00774,-0.03247,-0.00271,0.01237,-0.04195,-0.00535,0.03037,-0.02854,0.02639,0.02184,-0.00957,0.03065,0.00684,-0.02796,0.01556,0.01453,-0.04248,0.00934,0.03106,-0.03273,0,,,,,0.18363,0.09824,0.01990,0.96997,-0.00045,0.00038,0.24323
3514.6462,1,1,15.00,0.77,25.57,0.07629,-0.10924,0.64684,0.70740,0.65155,1.3576,0,0,0.18908,0.09193,0.05704,0.18837,0.09139,0.05645,0.27,0.01,0.65155,-0.55416,-0.24916,0.41314,1.40961,-0.00001,0.99999,-0.55436,-0.24391,0.40516,1.40966,-0.00000,1.00000,16,0.18872,0.09734,0.05487,0.18360,0.09820,1,0.96662,-0.00054,-0.00044,0.25622,Left,0,376.33,202.00,358.00,184.89,343.04,157.89,331.48,136.52,321.87,121.12,364.63,122.46,368.70,89.92,369.95,70.78,372.95,54.59,379.97,127.12,379.50,103.32,369.55,128.99,367.85,144.18,395.33,135.02,397.70,114.92,386.40,139.02,383.78,152.97,410.99,146.74,413.91,126.64,401.87,141.59,395.79,153.78,-0.00000,-0.01537,-0.02533,-0.03723,-0.04853,-0.00610,-0.02449,-0.03426,-0.04040,-0.01052,-0.04052,-0.04394,-0.03736,-0.01845,-0.04873,-0.03948,-0.02364,-0.02791,-0.04516,-0.03606,-0.02406,-0.00895,0.08957,0.02283,-0.03301,0.06256,0.00770,-0.04640,0.03982,0.00193,-0.06047,0.01303,-0.00425,-0.07180,-0.01320,-0.00419,-0.02497,-0.00712,0.00624,-0.01943,-0.03572,0.00260,-0.01864,-0.05696,-0.00457,-0.01889,-0.07443,-0.02488,-0.00314,-0.00439,0.00570,-0.00761,-0.02304,-0.02816,-0.02247,-0.00012,-0.04329,-0.02473,0.01669,-0.02833,0.01713,0.00189,-0.00230,0.01169,-0.00755,-0.03394,-0.00288,0.01339,-0.04178,-0.00511,0.03104,-0.02632,0.02652,0.02197,-0.01073,0.02979,0.00695,-0.02974,0.01489,0.01572,-0.04345,0.00834,0.03139,-0.03212,0,,,,,0.18363,0.09822,0.01991,0.96997,-0.00011,0.00029,0.24323
3514.6796,1,1,15.98,0.56,29.81,0.07681,-0.10976,0.64888,0.71900,0.65093,1.3585,0,0,0.18806,0.09141,0.05756,0.18821,0.09159,0.05734,0.22,0.00,0.65093,-0.55560,-0.25397,0.41151,1.41340,-0.00001,1.00000,-0.55514,-0.25486,0.41195,1.41376,-0.00000,1.00000,16,0.18873,0.09731,0.05488,0.18360,0.09820,1,0.96662,-0.00008,0.00001,0.25622,Left,0,376.57,200.86,357.96,184.04,343.22,156.89,331.59,135.89,321.57,121.07,365.03,121.50,369.02,89.72,370.41,70.85,373.61,54.82,380.55,126.47,381.19,103.20,371.18,129.33,369.29,144.76,395.86,134.83,398.58,115.60,387.02,139.72,384.44,153.12,411.22,146.80,414.29,127.53,402.49,142.37,397.38,153.58,-0.00000,-0.01547,-0.02493,-0.03613,-0.04676,-0.00622,-0.02455,-0.03448,-0.04078,-0.01050,-0.04111,-0.04495,-0.03838,-0.01821,-0.04849,-0.03968,-0.02409,-0.02742,-0.04430,-0.03535,-0.02352,-0.00973,0.08945,0.02687,-0.03342,0.06227,0.00990,-0.04654,0.03992,0.00391,-0.06158,0.01312,-0.00322,-0.07303,-0.01262,-0.00417,-0.02557,-0.00743,0.00600,-0.01961,-0.03549,0.00140,-0.01922,-0.05697,-0.00520,-0.01926,-0.07351,-0.02566,-0.00297,-0.00445,0.00508,-0.00739,-0.02201,-0.02873,-0.02159,0.00038,-0.04415,-0.02443,0.01682,-0.02791,0.01696,0.00225,-0.00194,0.01107,-0.00654,-0.03405,-0.00297,0.01451,-0.04134,-0.00530,0.03185,-0.02553,0.02641,0.02223,-0.00962,0.02972,0.00805,-0.02829,0.01472,0.01720,-0.04177,0.00936,0.03267,-0.03052,0,,,,,0.18363,0.09822,0.01992,0.96997,0.00000,0.00016,0.24323
3514.7097,1,1,14.86,0.20,25.30,0.07707,-0.10923,0.64932,0.71742,0.64975,1.3201,0,0,0.18784,0.09115,0.05703,0.18811,0.09141,0.05737,0.60,0.00,0.64975,-0.55507,-0.25498,0.41221,1.41411,-0.00000,1.00000,-0.55514,-0.25486,0.41195,1.41376,-0.00000,1.00000,16,0.18873,0.09731,0.05488,0.18360,0.09820,1,0.96662,0.00002,0.00009,0.25622,Left,0,376.05,201.68,357.42,184.42,343.17,157.37,332.46,135.90,322.94,120.77,365.27,122.85,368.75,91.02,369.82,71.76,372.58,55.57,380.73,127.66,380.97,103.02,371.05,128.32,368.81,144.22,396.08,136.01,398.25,115.72,387.06,139.60,384.40,153.81,411.67,148.17,414.27,128.40,402.93,143.05,397.96,154.78,-0.00000,-0.01599,-0.02606,-0.03782,-0.04910,-0.00688,-0.02527,-0.03528,-0.04162,-0.01127,-0.04198,-0.04613,-0.03966,-0.01910,-0.04977,-0.04127,-0.02563,-0.02845,-0.04613,-0.03764,-0.02593,-0.01004,0.08895,0.02609,-0.03401,0.06139,0.00943,-0.04719,0.03860,0.00338,-0.06079,0.01206,-0.00394,-0.07197,-0.01419,-0.00591,-0.02552,-0.00746,0.00623,-0.02050,-0.03541,0.00211,-0.01998,-0.05740,-0.00517,-0.02038,-0.07466,-0.02526,-0.00298,-0.00454,0.00548,-0.00730,-0.02375,-0.02717,-0.02212,-0.00179,-0.04294,-0.02463,0.01523,-0.02837,0.01754,0.00231,-0.00217,0.01110,-0.00758,-0.03349,-0.00305,0.01307,-0.04105,-0.00558,0.03141,-0.02704,0.02635,0.02236,-0.00989,0.02994,0.00790,-0.02874,0.01500,0.01587,-0.04222,0.00938,0.03196,-0.03147,0,,,,,0.18362,0.09821,0.01992,0.96997,0.00003,0.00012,0.24323
3514.7438,1,1,15.82,0.90,29.79,0.07747,-0.10857,0.64968,0.70260,0.65005,1.2424,0,0,0.18766,0.09075,0.05636,0.18704,0.09044,0.05589,0.06,0.01,0.65005,-0.55352,-0.25930,0.42715,1.40815,0.00000,1.00000,-0.55334,-0.26098,0.42529,1.40657,-0.00000,1.00000,16,0.18873,0.09731,0.05488,0.18360,0.09820,1,0.96662,0.00004,0.00011,0.25622,Left,0,376.90,203.09,358.38,185.29,344.27,157.58,333.98,135.88,325.37,119.92,365.47,123.65,368.15,92.38,368.69,73.59,371.10,57.54,381.01,128.05,381.14,103.36,370.82,127.76,367.70,143.90,396.53,136.37,398.67,115.89,387.20,139.23,384.03,153.91,412.09,148.84,414.38,128.57,402.35,142.96,396.59,155.46,-0.00000,-0.01550,-0.02471,-0.03561,-0.04591,-0.00531,-0.02311,-0.03305,-0.03952,-0.00955,-0.03920,-0.04351,-0.03751,-0.01723,-0.04707,-0.03887,-0.02371,-0.02641,-0.04379,-0.03554,-0.02415,-0.01011,0.08917,0.02157,-0.03380,0.06138,0.00661,-0.04633,0.03815,0.00105,-0.05931,0.01095,-0.00502,-0.06978,-0.01600,-0.00636,-0.02541,-0.00743,0.00658,-0.02116,-0.03537,0.00145,-0.02123,-0.05662,-0.00606,-0.02202,-0.07313,-0.02681,-0.00303,-0.00444,0.00537,-0.00723,-0.02437,-0.02612,-0.02204,-0.00324,-0.04215,-0.02629,0.01476,-0.02996,0.01735,0.00239,-0.00241,0.01119,-0.00863,-0.03286,-0.00305,0.01141,-0.04117,-0.00631,0.03020,-0.02748,0.02651,0.02200,-0.01077,0.02949,0.00670,-0.02947,0.01449,0.01499,-0.04284,0.00829,0.03152,-0.03268,0,,,,,0.18362,0.09821,0.01992,0.96997,0.00004,0.00011,0.24323
3514.7923,1,1,17.48,0.67,43.90,0.07792,-0.10761,0.64861,0.69454,0.64753,1.1942,0,0,0.18820,0.09030,0.05541,0.18802,0.09031,0.05550,0.16,0.00,0.64753,-0.54996,-0.25861,0.42981,1.40008,0.00000,1.00000,-0.54970,-0.25876,0.42975,1.39983,-0.00000,1.00000,16,0.18873,0.09731,0.05488,0.18360,0.09820,1,0.96662,0.00005,0.00011,0.25622,Left,0,377.63,203.49,359.08,185.68,345.00,158.00,334.64,136.30,325.88,120.03,366.10,124.68,368.73,93.62,368.17,74.98,369.62,58.78,381.69,128.94,382.14,104.17,371.98,129.59,369.45,145.86,397.18,137.07,399.48,116.57,388.21,140.61,385.64,155.17,412.76,149.33,415.14,129.00,403.32,143.66,398.25,155.90,-0.00000,-0.01483,-0.02355,-0.03408,-0.04405,-0.00487,-0.02295,-0.03292,-0.03933,-0.00943,-0.03932,-0.04337,-0.03703,-0.01738,-0.04715,-0.03814,-0.02238,-0.02679,-0.04356,-0.03443,-0.02247,-0.00993,0.08804,0.01989,-0.03336,0.06114,0.00543,-0.04582,0.03768,-0.00016,-0.05911,0.01007,-0.00518,-0.06945,-0.01733,-0.00675,-0.02531,-0.00737,0.00638,-0.02132,-0.03458,0.00125,-0.02213,-0.05566,-0.00656,-0.02442,-0.07195,-0.02696,-0.00321,-0.00416,0.00552,-0.00704,-0.02446,-0.02654,-0.02179,-0.00288,-0.04265,-0.02492,0.01491,-0.02945,0.01700,0.00225,-0.00235,0.01149,-0.00890,-0.03331,-0.00241,0.01143,-0.04128,-0.00495,0.03036,-0.02714,0.02647,0.02141,-0.01070,0.02961,0.00605,-0.02911,0.01489,0.01469,-0.04287,0.00935,0.03096,-0.03262,0,,,,,0.18362,0.09821,0.01992,0.96997,0.00005,0.00011,0.24323
3514.8245,1,1,17.26,0.59,28.31,0.07777,-0.10598,0.64180,0.70302,0.63500,1.1401,0,0,0.19160,0.09044,0.05377,0.19172,0.09033,0.05356,0.50,0.01,0.63500,-0.53919,-0.22570,0.41109,1.38822,-0.00000,1.00000,-0.54066,-0.23379,0.41545,1.38903,-0.00000,1.00000,16,0.18873,0.09731,0.05488,0.18360,0.09820,1,0.96662,0.00005,0.00011,0.25622,Left,0,378.79,204.17,359.79,186.78,345.24,158.44,335.16,136.52,326.29,119.95,365.88,124.20,368.36,94.44,367.72,76.34,368.60,60.80,382.09,128.56,382.71,103.94,371.93,129.21,368.44,144.61,398.05,137.33,400.19,116.97,388.64,140.95,385.65,154.25,414.00,150.39,416.31,130.85,404.72,145.50,399.95,156.41,-0.00000,-0.01534,-0.02395,-0.03405,-0.04345,-0.00459,-0.02187,-0.03109,-0.03717,-0.00918,-0.03846,-0.04212,-0.03551,-0.01722,-0.04679,-0.03769,-0.02204,-0.02675,-0.04378,-0.03482,-0.02306,-0.00857,0.08876,0.02689,-0.03272,0.06194,0.01026,-0.04570,0.03823,0.00235,-0.05887,0.01025,-0.00726,-0.06983,-0.01700,-0.01142,-0.02565,-0.00783,0.00630,-0.02183,-0.03474,0.00017,-0.02314,-0.05480,-0.00770,-0.02604,-0.07067,-0.02935,-0.00286,-0.00459,0.00526,-0.00707,-0.02530,-0.02675,-0.02236,-0.00410,-0.04249,-0.02606,0.01273,-0.02858,0.01733,0.00253,-0.00235,0.01141,-0.00868,-0.03354,-0.00305,0.01125,-0.04148,-0.00501,0.02850,-0.02706,0.02678,0.02248,-0.01020,0.02994,0.00790,-0.02893,0.01543,0.01615,-0.04199,0.01006,0.03113,-0.03142,0,,,,,0.18362,0.09821,0.01992,0.96997,0.00005,0.00011,0.24323
3514.8573,1,1,19.12,0.16,29.07,0.07835,-0.10582,0.64270,0.69596,0.64359,1.1030,0,0,0.19115,0.08986,0.05362,0.19163,0.09047,0.05462,0.70,0.01,0.64359,-0.54008,-0.23623,0.41448,1.38857,-0.00001,1.00000,-0.54066,-0.23379,0.41545,1.38903,-0.00000,1.00000,16,0.18873,0.09731,0.05488,0.18360,0.09820,1,0.96662,0.00005,0.00011,0.25622,Left,0,379.95,203.60,359.88,185.71,344.97,158.04,335.16,136.16,327.11,119.82,365.96,124.71,368.13,95.57,367.45,78.27,368.22,63.12,382.23,129.01,383.52,104.23,373.36,129.77,369.86,146.29,397.98,137.49,400.88,116.96,389.87,141.20,386.71,155.77,413.78,150.16,416.41,129.95,405.05,144.96,399.69,157.17,-0.00000,-0.01503,-0.02338,-0.03312,-0.04218,-0.00438,-0.02094,-0.02976,-0.03559,-0.00868,-0.03761,-0.04117,-0.03448,-0.01633,-0.04618,-0.03775,-0.02228,-0.02529,-0.04304,-0.03479,-0.02332,-0.00873,0.08845,0.01850,-0.03314,0.06162,0.00350,-0.04574,0.03753,-0.00248,-0.05906,0.00921,-0.00823,-0.06919,-0.01810,-0.01086,-0.02595,-0.00744,0.00574,-0.02238,-0.03399,0.00009,-0.02358,-0.05400,-0.00883,-0.02645,-0.06908,-0.03056,-0.00315,-0.00420,0.00563,-0.00600,-0.02543,-0.02526,-0.02041,-0.00378,-0.04125,-0.02496,0.01459,-0.02841,0.01732,0.00239,-0.00179,0.01301,-0.00963,-0.03254,-0.00089,0.01082,-0.04057,-0.00361,0.02966,-0.02679,0.02750,0.02173,-0.01001,0.03123,0.00599,-0.02827,0.01753,0.01504,-0.04231,0.01087,0.03093,-0.03181,0,,,,,0.18362,0.09821,0.01992,0.96997,0.00005,0.00011,0.24323
3514.8902,1,1,19.22,0.57,28.77,0.07909,-0.10536,0.64533,0.68985,0.64796,1.0857,0,0,0.18983,0.08913,0.05315,0.18890,0.08859,0.05244,0.08,0.01,0.64796,-0.53892,-0.24916,0.44288,1.38255,0.00000,1.00000,-0.53896,-0.24735,0.43637,1.38191,-0.00000,1.00000,16,0.18873,0.09731,0.05488,0.18360,0.09820,1,0.96662,0.00005,0.00011,0.25622,Left,0,379.51,205.07,359.23,186.38,344.61,157.75,336.10,136.17,328.32,119.83,366.63,126.09,368.48,97.84,367.09,80.80,367.00,65.70,382.77,130.22,384.34,104.92,373.37,129.04,368.79,145.39,398.40,138.69,401.15,117.79,389.48,141.39,385.75,156.03,414.09,151.32,416.93,131.15,405.14,145.11,399.37,156.90,-0.00000,-0.01342,-0.02011,-0.02856,-0.03645,-0.00191,-0.01768,-0.02660,-0.03270,-0.00702,-0.03529,-0.03970,-0.03382,-0.01537,-0.04430,-0.03680,-0.02217,-0.02495,-0.04209,-0.03446,-0.02362,-0.01074,0.08855,0.01208,-0.03469,0.06122,-0.00120,-0.04736,0.03582,-0.00541,-0.05921,0.00716,-0.00759,-0.06951,-0.02039,-0.00673,-0.02562,-0.00772,0.00626,-0.02215,-0.03413,0.00043,-0.02472,-0.05407,-0.00871,-0.02833,-0.06902,-0.03112,-0.00285,-0.00417,0.00606,-0.00594,-0.02673,-0.02451,-0.02160,-0.00626,-0.04236,-0.02652,0.01260,-0.03316,0.01717,0.00264,-0.00220,0.01233,-0.01021,-0.03262,-0.00251,0.00996,-0.04214,-0.00572,0.02874,-0.03071,0.02688,0.02168,-0.01185,0.03099,0.00573,-0.02929,0.01652,0.01336,-0.04372,0.00940,0.02975,-0.03450,0,,,,,0.18362,0.09821,0.01992,0.96997,0.00005,0.00011,0.24323
3514.9214,1,1,17.22,0.74,27.11,0.08041,-0.10605,0.65193,0.69528,0.65854,1.0383,0,0,0.18653,0.08781,0.05385,0.18473,0.08657,0.05152,0.47,0.01,0.65854,-0.54130,-0.27706,0.47663,1.38454,-0.00000,1.00000,-0.54177,-0.27607,0.46190,1.38515,-0.00000,1.00000,16,0.18873,0.09731,0.05488,0.18360,0.09820,1,0.96662,0.00005,0.00011,0.25622,Left,0,379.89,205.18,360.22,187.39,345.72,158.72,337.17,136.75,329.36,119.92,367.09,125.86,368.32,98.31,366.80,81.72,366.47,67.52,383.26,129.83,383.98,105.70,373.15,130.70,369.35,145.52,399.07,138.44,401.61,117.75,389.89,141.47,386.33,154.83,414.63,151.47,416.83,132.10,404.90,146.53,399.31,157.66,-0.00000,-0.01333,-0.02062,-0.02961,-0.03797,-0.00181,-0.01768,-0.02623,-0.03192,-0.00689,-0.03397,-0.03712,-0.03070,-0.01530,-0.04366,-0.03497,-0.01999,-0.02495,-0.04197,-0.03357,-0.02234,-0.00977,0.08941,0.01818,-0.03431,0.06290,0.00470,-0.04620,0.03711,-0.00133,-0.05851,0.00741,-0.00682,-0.06883,-0.01974,-0.00812,-0.02584,-0.00805,0.00675,-0.02268,-0.03416,-0.00034,-0.02549,-0.05267,-0.00948,-0.02950,-0.06746,-0.03287,-0.00286,-0.00414,0.00571,-0.00653,-0.02645,-0.02478,-0.02131,-0.00535,-0.03983,-0.02669,0.01170,-0.02809,0.01701,0.00279,-0.00249,0.01289,-0.00978,-0.03276,-0.00204,0.00948,-0.04116,-0.00485,0.02673,-0.02709,0.02758,0.02241,-0.01152,0.03043,0.00655,-0.02947,0.01647,0.01481,-0.04273,0.00922,0.03030,-0.03293,0,,,,,0.18362,0.09821,0.01992,0.96997,0.00005,0.00011,0.24323
3514.9530,1,1,17.81,0.70,27.54,0.08127,-0.10624,0.65554,0.70590,0.65914,1.0260,0,0,0.18473,0.08695,0.05403,0.18548,0.08743,0.05520,0.31,0.01,0.65914,-0.54338,-0.30450,0.47742,1.38777,-0.00001,1.00000,-0.54307,-0.29474,0.47758,1.38807,-0.00000,1.00000,16,0.18873,0.09731,0.05488,0.18360,0.09820,1,0.96662,0.00005,0.00011,0.25622,Left,0,380.15,204.91,360.67,187.19,346.37,159.62,337.57,138.01,330.02,120.31,367.47,126.62,368.81,99.22,367.38,82.64,367.24,68.05,383.59,130.65,384.28,106.32,374.27,131.87,371.07,147.84,399.23,138.97,401.56,118.53,390.30,142.65,387.03,156.92,414.86,151.39,416.95,132.35,405.19,146.81,399.46,158.40,-0.00000,-0.01615,-0.02524,-0.03557,-0.04500,-0.00419,-0.02096,-0.02998,-0.03596,-0.00825,-0.03673,-0.04018,-0.03361,-0.01593,-0.04562,-0.03704,-0.02167,-0.02509,-0.04319,-0.03530,-0.02414,-0.00913,0.08924,0.01977,-0.03353,0.06252,0.00490,-0.04631,0.03793,-0.00196,-0.05897,0.00869,-0.00902,-0.06881,-0.01942,-0.01224,-0.02602,-0.00738,0.00625,-0.02263,-0.03349,-0.00072,-0.02540,-0.05246,-0.01038,-0.02913,-0.06689,-0.03296,-0.00309,-0.00423,0.00594,-0.00641,-0.02648,-0.02521,-0.02156,-0.00426,-0.04049,-0.02561,0.01370,-0.02742,0.01722,0.00248,-0.00240,0.01187,-0.00962,-0.03297,-0.00210,0.01089,-0.04073,-0.00466,0.02878,-0.02729,0.02744,0.02225,-0.01130,0.03027,0.00633,-0.02986,0.01614,0.01477,-0.04333,0.00894,0.03056,-0.03306,0,,,,,0.18362,0.09821,0.01992,0.96997,0.00005,0.00011,0.24323
3514.9837,1,1,16.95,0.54,26.04,0.08163,-0.10708,0.65804,0.70904,0.66055,1.0165,0,0,0.18348,0.08659,0.05488,0.18350,0.08662,0.05455,0.29,0.00,0.66055,-0.54531,-0.30662,0.48319,1.39545,-0.00001,1.00000,-0.54505,-0.30709,0.48299,1.39493,-0.00000,1.00000,16,0.18873,0.09731,0.05488,0.18360,0.09820,1,0.96662,0.00005,0.00011,0.25622,Left,0,380.05,203.91,360.73,186.08,346.49,158.38,337.90,137.13,330.01,120.34,366.91,125.03,368.56,98.55,367.45,82.51,367.16,68.60,383.32,129.14,384.28,106.14,373.96,130.65,370.25,145.31,399.10,138.00,401.56,119.57,390.15,143.54,386.65,156.76,414.56,151.13,417.21,133.11,405.47,147.60,399.64,158.40,-0.00000,-0.01514,-0.02320,-0.03253,-0.04107,-0.00292,-0.01879,-0.02743,-0.03313,-0.00712,-0.03450,-0.03818,-0.03196,-0.01478,-0.04395,-0.03617,-0.02140,-0.02372,-0.04148,-0.03372,-0.02262,-0.00893,0.08955,0.02319,-0.03351,0.06298,0.00740,-0.04584,0.03789,-0.00067,-0.05826,0.00845,-0.00957,-0.06856,-0.01817,-0.01362,-0.02626,-0.00815,0.00615,-0.02260,-0.03408,-0.00200,-0.02520,-0.05201,-0.01189,-0.02897,-0.06583,-0.03583,-0.00293,-0.00435,0.00553,-0.00615,-0.02628,-0.02566,-0.02072,-0.00494,-0.04133,-0.02608,0.01113,-0.02897,0.01710,0.00281,-0.00211,0.01296,-0.00784,-0.03328,-0.00157,0.01200,-0.04106,-0.00443,0.02905,-0.02651,0.02793,0.02320,-0.01036,0.03105,0.00794,-0.02986,0.01705,0.01689,-0.04390,0.00944,0.03195,-0.03308,0,,,,,0.18362,0.09821,0.01992,0.96997,0.00005,0.00011,0.24323
3515.0182,1,1,19.33,0.63,30.41,0.08154,-0.10607,0.65561,0.70587,0.65318,1.0059,0,0,0.18469,0.08668,0.05387,0.18420,0.08653,0.05388,0.19,0.00,0.65318,-0.54274,-0.30000,0.48191,1.39081,0.00000,0.99999,-0.54219,-0.29956,0.48066,1.38968,-0.00000,1.00000,16,0.18873,0.09731,0.05488,0.18360,0.09820,1,0.96662,0.00005,0.00011,0.25622,Left,0,380.22,204.50,360.34,187.04,346.03,159.40,338.70,137.87,331.87,120.89,367.50,126.72,368.98,99.23,367.93,82.79,367.54,68.80,383.60,131.09,384.26,106.89,374.39,131.40,370.71,146.86,399.26,139.65,401.97,118.96,390.81,142.43,386.94,156.51,415.02,152.29,417.76,132.96,406.49,147.12,400.68,158.59,-0.00000,-0.01373,-0.02112,-0.03006,-0.03830,-0.00260,-0.01801,-0.02613,-0.03146,-0.00734,-0.03453,-0.03797,-0.03161,-0.01534,-0.04416,-0.03641,-0.02178,-0.02450,-0.04241,-0.03506,-0.02430,-0.01001,0.08843,0.01730,-0.03399,0.06150,0.00253,-0.04602,0.03643,-0.00410,-0.05768,0.00756,-0.01106,-0.06691,-0.01975,-0.01450,-0.02594,-0.00782,0.00617,-0.02221,-0.03409,-0.00061,-0.02484,-0.05304,-0.01019,-0.02840,-0.06711,-0.03365,-0.00303,-0.00416,0.00565,-0.00623,-0.02662,-0.02439,-0.02069,-0.00529,-0.04075,-0.02565,0.01184,-0.02935,0.01711,0.00274,-0.00206,0.01288,-0.01009,-0.03260,-0.00101,0.00972,-0.04180,-0.00419,0.02771,-0.02942,0.02748,0.02219,-0.01089,0.03109,0.00622,-0.02909,0.01784,0.01469,-0.04326,0.01056,0.03033,-0.03367,0,,,,,0.18362,0.09821,0.01992,0.96997,0.00005,0.00011,0.24323
3515.0469,1,1,16.11,0.17,23.84,0.08174,-0.10611,0.65485,0.70848,0.65408,0.9799,0,0,0.18469,0.08668,0.05387,0.18453,0.08657,0.05386,0.19,0.00,0.65408,-0.54193,-0.29877,0.48094,1.38952,0.00000,1.00000,-0.54219,-0.29956,0.48066,1.38968,-0.00000,1.00000,16,0.18873,0.09731,0.05488,0.18360,0.09820,1,0.96662,0.00005,0.00011,0.25622,Left,1,380.09,204.13,360.40,186.71,346.37,158.80,338.57,137.10,332.02,119.54,367.67,125.73,369.48,99.64,368.20,83.85,367.88,70.20,384.07,129.86,384.59,106.92,373.63,132.47,369.92,147.05,399.88,138.67,401.84,119.65,389.86,143.85,386.21,157.03,415.46,151.87,417.96,133.67,405.55,148.04,399.13,158.81,-0.00000,-0.01457,-0.02270,-0.03223,-0.04089,-0.00329,-0.02015,-0.02925,-0.03506,-0.00776,-0.03544,-0.03847,-0.03172,-0.01570,-0.04488,-0.03616,-0.02080,-0.02495,-0.04274,-0.03457,-0.02314,-0.00961,0.08926,0.02236,-0.03389,0.06261,0.00784,-0.04616,0.03721,0.00058,-0.05753,0.00783,-0.00713,-0.06628,-0.02005,-0.01125,-0.02596,-0.00818,0.00680,-0.02282,-0.03311,-0.00118,-0.02434,-0.05083,-0.01140,-0.02888,-0.06450,-0.03558,-0.00302,-0.00412,0.00575,-0.00654,-0.02592,-0.02538,-0.02246,-0.00401,-0.03976,-0.02692,0.01215,-0.02458,0.01709,0.00267,-0.00266,0.01227,-0.00844,-0.03328,-0.00258,0.01134,-0.03971,-0.00530,0.02832,-0.02423,0.02759,0.02250,-0.01118,0.03057,0.00730,-0.03059,0.01604,0.01609,-0.04310,0.00779,0.03119,-0.03225,0,,,,,0.18362,0.09821,0.01992,0.96997,0.00005,0.00011,0.24323
3515.0779,1,1,15.80,0.17,24.75,0.08218,-0.10602,0.65630,0.71187,0.65775,1.0181,0,0,0.18469,0.08668,0.05387,0.18450,0.08662,0.05394,0.19,0.00,0.65775,-0.54228,-0.29934,0.48097,1.38968,-0.00000,1.00000,-0.54219,-0.29956,0.48066,1.38968,-0.00000,1.00000,16,0.18873,0.09731,0.05488,0.18360,0.09820,1,0.96662,0.00005,0.00011,0.25622,Left,0,380.16,204.65,361.01,187.87,346.75,159.66,338.67,138.22,331.56,121.29,368.18,126.88,369.79,100.18,368.02,84.38,366.86,70.78,384.31,130.65,384.38,106.75,373.93,131.13,370.34,146.01,399.93,139.24,402.01,119.40,390.33,142.70,386.59,155.96,415.52,152.28,417.78,133.85,405.67,148.04,399.43,159.19,-0.00000,-0.01468,-0.02232,-0.03119,-0.03923,-0.00302,-0.01879,-0.02717,-0.03268,-0.00736,-0.03443,-0.03786,-0.03158,-0.01509,-0.04399,-0.03632,-0.02186,-0.02407,-0.04216,-0.03486,-0.02417,-0.00942,0.08894,0.02423,-0.03408,0.06294,0.00966,-0.04654,0.03758,0.00174,-0.05830,0.00842,-0.00633,-0.06845,-0.01875,-0.01078,-0.02603,-0.00797,0.00675,-0.02286,-0.03339,-0.00101,-0.02504,-0.05127,-0.01068,-0.03050,-0.06560,-0.03481,-0.00291,-0.00418,0.00555,-0.00703,-0.02679,-0.02482,-0.02211,-0.00597,-0.03960,-0.02735,0.01044,-0.02723,0.01685,0.00261,-0.00262,0.01252,-0.00912,-0.03299,-0.00263,0.00977,-0.04013,-0.00558,0.02672,-0.02599,0.02708,0.02258,-0.01090,0.03061,0.00699,-0.03006,0.01619,0.01570,-0.04333,0.00787,0.03109,-0.03282,0,,,,,0.18362,0.09821,0.01992,0.96997,0.00005,0.00011,0.24323
3515.1119,1,1,16.99,0.16,30.61,0.08228,-0.10527,0.65568,0.70836,0.65507,1.0148,0,0,0.18500,0.08658,0.05312,0.18450,0.08660,0.05391,0.99,0.00,0.65507,-0.54218,-0.29919,0.48100,1.38965,-0.00000,1.00000,-0.54219,-0.29956,0.48066,1.38968,-0.00000,1.00000,16,0.18873,0.09731,0.05488,0.18360,0.09820,1,0.96662,0.00005,0.00011,0.25622,Left,0,380.32,205.56,360.85,188.39,346.76,160.06,339.36,138.39,332.42,121.55,368.25,127.69,369.83,101.12,368.19,85.39,367.25,71.68,384.33,131.53,384.71,107.89,374.35,133.20,370.89,148.39,399.98,140.07,402.33,119.92,390.53,143.60,386.73,157.24,415.61,152.98,418.42,134.07,406.12,148.20,399.59,159.46,-0.00000,-0.01386,-0.02109,-0.02977,-0.03765,-0.00214,-0.01754,-0.02561,-0.03093,-0.00663,-0.03306,-0.03583,-0.02921,-0.01447,-0.04276,-0.03454,-0.01982,-0.02351,-0.04118,-0.03364,-0.02286,-0.00982,0.08899,0.02119,-0.03436,0.06231,0.00657,-0.04635,0.03679,-0.00033,-0.05739,0.00719,-0.00717,-0.06733,-0.01969,-0.01007,-0.02572,-0.00756,0.00627,-0.02229,-0.03326,-0.00142,-0.02475,-0.05114,-0.01133,-0.02944,-0.06538,-0.03504,-0.00301,-0.00422,0.00563,-0.00623,-0.02633,-0.02497,-0.02129,-0.00484,-0.03914,-0.02593,0.01226,-0.02534,0.01738,0.00261,-0.00227,0.01299,-0.00959,-0.03245,-0.00214,0.00963,-0.03985,-0.00522,0.02682,-0.02578,0.02759,0.02237,-0.01070,0.03107,0.00647,-0.02920,0.01697,0.01456,-0.04276,0.00866,0.03006,-0.03243,0,,,,,0.18362,0.09821,0.01992,0.96997,0.00005,0.00011,0.24323
3515.1423,1,1,15.40,0.89,27.40,0.08238,-0.10459,0.65441,0.69864,0.65313,1.0020,0,0,0.18564,0.08647,0.05244,0.18539,0.08637,0.05235,0.29,0.00,0.65313,-0.53829,-0.29045,0.48430,1.37841,0.00001,1.00000,-0.53838,-0.29206,0.48355,1.37932,-0.00000,1.00000,16,0.18873,0.09731,0.05488,0.18360,0.09820,1,0.96662,0.00005,0.00011,0.25622,Left,0,380.73,206.15,361.46,188.61,347.26,160.45,339.18,138.91,331.52,121.69,368.27,127.60,370.05,101.45,368.39,86.01,367.27,72.67,384.57,131.67,384.98,107.92,374.84,132.84,371.58,147.78,400.35,140.35,402.31,120.37,390.71,144.26,387.11,157.69,416.10,153.33,418.25,134.61,406.28,149.30,400.23,160.63,-0.00000,-0.01492,-0.02299,-0.03236,-0.04094,-0.00221,-0.01790,-0.02632,-0.03178,-0.00654,-0.03328,-0.03654,-0.03003,-0.01439,-0.04322,-0.03517,-0.02032,-0.02352,-0.04148,-0.03370,-0.02263,-0.00948,0.08880,0.01828,-0.03398,0.06219,0.00486,-0.04631,0.03685,-0.00211,-0.05796,0.00709,-0.00803,-0.06836,-0.01980,-0.01132,-0.02606,-0.00805,0.00645,-0.02302,-0.03353,-0.00162,-0.02468,-0.05038,-0.01168,-0.03025,-0.06466,-0.03678,-0.00283,-0.00413,0.00580,-0.00591,-0.02707,-0.02446,-0.02094,-0.00574,-0.03957,-0.02566,0.01114,-0.02667,0.01698,0.00246,-0.00238,0.01272,-0.00923,-0.03282,-0.00233,0.01009,-0.04109,-0.00483,0.02684,-0.02632,0.02747,0.02223,-0.01130,0.03117,0.00663,-0.03063,0.01673,0.01549,-0.04432,0.00871,0.03092,-0.03365,0,,,,,0.18362,0.09821,0.01992,0.96997,0.00005,0.00011,0.24323
3515.1920,1,1,17.41,0.63,46.00,0.08278,-0.10485,0.65726,0.70347,0.66011,1.0092,0,0,0.18421,0.08607,0.05270,0.18429,0.08608,0.05255,0.14,0.00,0.66011,-0.54017,-0.30157,0.49343,1.37939,0.00000,1.00000,-0.54018,-0.30199,0.49344,1.37941,-0.00000,1.00000,16,0.18873,0.09731,0.05488,0.18360,0.09820,1,0.96662,0.00005,0.00011,0.25622,Left,0,380.13,205.15,360.52,187.29,346.63,159.50,338.84,138.29,331.80,121.65,368.60,127.68,370.39,101.68,368.81,86.47,367.64,73.11,384.64,131.72,384.97,108.33,374.57,132.73,370.54,148.00,400.16,140.51,402.52,120.61,390.98,143.74,386.90,157.32,415.69,153.64,418.43,134.98,406.52,149.02,399.98,160.36,-0.00000,-0.01387,-0.02128,-0.03010,-0.03820,-0.00217,-0.01776,-0.02641,-0.03219,-0.00680,-0.03394,-0.03791,-0.03209,-0.01475,-0.04377,-0.03660,-0.02244,-0.02383,-0.04208,-0.03504,-0.02452,-0.01104,0.08842,0.01657,-0.03500,0.06111,0.00298,-0.04709,0.03558,-0.00265,-0.05868,0.00627,-0.00810,-0.06876,-0.01989,-0.01032,-0.02604,-0.00832,0.00632,-0.02287,-0.03355,-0.00188,-0.02463,-0.05049,-0.01161,-0.03017,-0.06461,-0.03653,-0.00270,-0.00394,0.00570,-0.00654,-0.02654,-0.02416,-0.02182,-0.00563,-0.03945,-0.02764,0.01141,-0.02750,0.01682,0.00283,-0.00215,0.01318,-0.00923,-0.03235,-0.00245,0.00968,-0.04100,-0.00556,0.02670,-0.02699,0.02735,0.02242,-0.01116,0.03102,0.00663,-0.02965,0.01725,0.01499,-0.04312,0.00836,0.03040,-0.03290,0,,,,,0.18362,0.09821,0.01992,0.96997,0.00005,0.00011,0.24323
3515.2263,1,1,19.23,0.88,30.38,0.08246,-0.10356,0.65242,0.69480,0.64758,1.0295,0,0,0.18663,0.08640,0.05141,0.18573,0.08604,0.05053,0.37,0.00,0.64758,-0.53557,-0.27651,0.48386,1.37238,0.00001,0.99999,-0.53512,-0.28433,0.48362,1.37144,-0.00000,1.00000,16,0.18873,0.09731,0.05488,0.18360,0.09820,1,0.96662,0.00005,0.00011,0.25622,Left,0,381.17,206.35,361.67,189.27,347.29,161.12,339.46,139.38,331.79,122.51,368.65,128.53,370.78,102.32,369.17,86.88,367.60,73.80,384.72,132.47,384.97,108.11,375.24,132.85,371.67,148.00,400.52,141.07,402.80,120.85,392.12,144.62,388.52,158.24,416.40,153.96,419.01,134.98,407.80,149.61,401.85,161.03,-0.00000,-0.01476,-0.02269,-0.03182,-0.04018,-0.00299,-0.01847,-0.02652,-0.03171,-0.00735,-0.03399,-0.03705,-0.03036,-0.01510,-0.04413,-0.03628,-0.02147,-0.02404,-0.04249,-0.03506,-0.02412,-0.00929,0.08729,0.02008,-0.03349,0.06113,0.00549,-0.04574,0.03628,-0.00094,-0.05755,0.00703,-0.00770,-0.06825,-0.01931,-0.01007,-0.02582,-0.00752,0.00616,-0.02195,-0.03283,-0.00185,-0.02449,-0.05053,-0.01229,-0.02997,-0.06403,-0.03783,-0.00295,-0.00406,0.00551,-0.00654,-0.02727,-0.02416,-0.02111,-0.00650,-0.03904,-0.02596,0.00958,-0.02616,0.01711,0.00258,-0.00219,0.01292,-0.00953,-0.03271,-0.00108,0.00974,-0.04025,-0.00396,0.02651,-0.02660,0.02740,0.02209,-0.01075,0.03101,0.00623,-0.02925,0.01773,0.01488,-0.04339,0.01006,0.03040,-0.03278,0,,,,,0.18362,0.09821,0.01992,0.96997,0.00005,0.00011,0.24323
3515.2528,1,1,14.20,0.56,23.80,0.08240,-0.10342,0.65094,0.71322,0.64946,1.0199,0,0,0.18737,0.08646,0.05127,0.18775,0.08654,0.05162,0.14,0.00,0.64946,-0.53215,-0.27643,0.47654,1.36816,0.00001,0.99999,-0.53300,-0.27673,0.47851,1.36897,-0.00000,1.00000,16,0.18873,0.09731,0.05488,0.18360,0.09820,1,0.96662,0.00005,0.00011,0.25622,Left,0,380.90,206.51,361.52,189.95,347.16,161.81,339.49,139.56,331.33,122.58,368.51,127.66,371.15,102.84,369.50,87.65,368.14,74.78,384.92,131.66,385.45,109.15,375.04,135.43,371.94,149.08,400.77,140.25,403.44,121.44,391.53,145.37,387.64,157.28,416.26,153.24,418.82,135.74,406.67,150.50,400.40,160.70,-0.00000,-0.01530,-0.02389,-0.03368,-0.04266,-0.00282,-0.01948,-0.02828,-0.03388,-0.00706,-0.03377,-0.03613,-0.02912,-0.01497,-0.04368,-0.03479,-0.01969,-0.02426,-0.04210,-0.03394,-0.02271,-0.00938,0.09040,0.02302,-0.03374,0.06407,0.00836,-0.04610,0.03826,-0.00016,-0.05752,0.00813,-0.00840,-0.06926,-0.01901,-0.01242,-0.02596,-0.00790,0.00604,-0.02234,-0.03299,-0.00302,-0.02405,-0.04931,-0.01301,-0.03011,-0.06311,-0.03914,-0.00271,-0.00418,0.00531,-0.00613,-0.02585,-0.02587,-0.02109,-0.00360,-0.03940,-0.02588,0.01189,-0.02397,0.01693,0.00244,-0.00218,0.01344,-0.00823,-0.03308,-0.00220,0.01085,-0.04100,-0.00483,0.02609,-0.02426,0.02738,0.02236,-0.01037,0.03097,0.00756,-0.03072,0.01671,0.01699,-0.04420,0.00830,0.03143,-0.03311,0,,,,,0.18362,0.09821,0.01992,0.96997,0.00005,0.00011,0.24323
3515.2876,1,1,15.35,0.82,30.40,0.08188,-0.10249,0.64497,0.70626,0.63900,1.0562,0,0,0.19036,0.08697,0.05034,0.18990,0.08688,0.04969,0.41,0.01,0.63900,-0.52752,-0.24344,0.45776,1.36319,0.00002,0.99999,-0.52709,-0.25288,0.46079,1.36276,-0.00000,1.00000,16,0.18873,0.09731,0.05488,0.18360,0.09820,1,0.96662,0.00005,0.00011,0.25622,Left,0,381.40,206.49,361.81,189.87,347.44,162.14,339.61,140.13,331.29,123.09,368.40,128.04,370.80,103.01,369.68,87.80,368.56,74.78,385.10,131.73,385.15,109.19,375.09,134.91,371.41,149.72,401.10,140.24,403.16,121.84,391.44,145.77,387.02,158.90,416.88,153.05,418.82,136.35,406.60,150.84,399.67,161.45,-0.00000,-0.01663,-0.02558,-0.03543,-0.04434,-0.00370,-0.01974,-0.02822,-0.03377,-0.00723,-0.03452,-0.03776,-0.03117,-0.01440,-0.04428,-0.03694,-0.02241,-0.02290,-0.04234,-0.03573,-0.02523,-0.00872,0.08892,0.02512,-0.03364,0.06336,0.00871,-0.04659,0.03787,-0.00107,-0.05792,0.00895,-0.01083,-0.07030,-0.01784,-0.01483,-0.02608,-0.00728,0.00500,-0.02291,-0.03233,-0.00394,-0.02417,-0.04918,-0.01417,-0.02924,-0.06325,-0.04057,-0.00294,-0.00422,0.00541,-0.00626,-0.02582,-0.02643,-0.02180,-0.00389,-0.04117,-0.02662,0.01258,-0.02658,0.01751,0.00197,-0.00156,0.01298,-0.00818,-0.03341,-0.00198,0.01188,-0.04059,-0.00621,0.02795,-0.02515,0.02781,0.02198,-0.00896,0.03114,0.00781,-0.03043,0.01662,0.01723,-0.04458,0.00697,0.03205,-0.03292,0,,,,,0.18362,0.09821,0.01992,0.96997,0.00005,0.00011,0.24323
3515.3270,1,1,16.30,0.66,23.05,0.08175,-0.10184,0.64220,0.71266,0.63943,1.0314,0,0,0.19174,0.08711,0.04969,0.19140,0.08710,0.04996,0.27,0.00,0.63943,-0.52435,-0.24075,0.45355,1.35805,0.00002,0.99999,-0.52365,-0.23975,0.45318,1.35731,-0.00000,1.00000,16,0.18873,0.09731,0.05488,0.18360,0.09820,1,0.96662,0.00005,0.00011,0.25622,Left,0,381.14,206.31,362.27,189.50,347.69,161.86,339.54,140.69,331.91,123.99,368.71,128.31,370.90,103.34,369.49,88.08,368.22,75.20,385.31,132.20,385.66,108.90,375.50,134.35,372.28,148.52,401.41,140.80,403.97,121.53,392.25,145.59,388.59,158.29,417.13,153.82,419.11,136.31,407.47,151.20,402.02,161.76,-0.00000,-0.01603,-0.02459,-0.03420,-0.04297,-0.00299,-0.01917,-0.02768,-0.03312,-0.00699,-0.03417,-0.03734,-0.03064,-0.01466,-0.04453,-0.03679,-0.02191,-0.02361,-0.04248,-0.03504,-0.02403,-0.00874,0.08872,0.02617,-0.03315,0.06310,0.01022,-0.04599,0.03795,0.00105,-0.05827,0.00895,-0.00885,-0.06978,-0.01752,-0.01452,-0.02597,-0.00758,0.00580,-0.02296,-0.03226,-0.00322,-0.02463,-0.04933,-0.01323,-0.03047,-0.06304,-0.03950,-0.00276,-0.00422,0.00529,-0.00654,-0.02648,-0.02539,-0.02168,-0.00492,-0.04000,-0.02638,0.01037,-0.02619,0.01697,0.00205,-0.00216,0.01299,-0.00856,-0.03313,-0.00184,0.01078,-0.04096,-0.00475,0.02677,-0.02570,0.02745,0.02221,-0.00987,0.03091,0.00752,-0.02989,0.01690,0.01707,-0.04374,0.00946,0.03187,-0.03282,0,,,,,0.18362,0.09821,0.01992,0.96997,0.00005,0.00011,0.24323
3515.3524,1,1,14.98,0.20,21.03,0.08175,-0.10154,0.64106,0.71163,0.63991,1.0558,0,0,0.19231,0.08711,0.04939,0.19153,0.08697,0.04974,0.90,0.00,0.63991,-0.52333,-0.23902,0.45344,1.35711,0.00000,0.99999,-0.52365,-0.23975,0.45318,1.35731,-0.00000,1.00000,16,0.18873,0.09731,0.05488,0.18360,0.09820,1,0.96662,0.00005,0.00011,0.25622,Left,0,380.94,205.93,361.82,189.77,347.73,162.10,339.69,140.37,332.06,123.42,369.20,128.29,372.11,103.18,370.41,88.09,368.76,75.30,385.61,132.19,385.80,108.64,375.19,133.08,371.36,147.87,401.39,140.97,403.44,121.92,391.68,145.47,387.68,158.76,416.89,154.15,419.04,136.34,407.32,151.06,401.50,162.36,-0.00000,-0.01588,-0.02444,-0.03399,-0.04276,-0.00377,-0.02001,-0.02883,-0.03450,-0.00782,-0.03521,-0.03882,-0.03241,-0.01539,-0.04513,-0.03787,-0.02333,-0.02425,-0.04333,-0.03632,-0.02555,-0.00988,0.08794,0.02666,-0.03402,0.06242,0.01103,-0.04637,0.03745,0.00227,-0.05833,0.00865,-0.00743,-0.06958,-0.01784,-0.01216,-0.02576,-0.00778,0.00617,-0.02217,-0.03242,-0.00275,-0.02391,-0.04966,-0.01255,-0.02991,-0.06338,-0.03911,-0.00264,-0.00418,0.00519,-0.00680,-0.02665,-0.02531,-0.02222,-0.00624,-0.04038,-0.02747,0.00958,-0.02769,0.01679,0.00228,-0.00237,0.01244,-0.00852,-0.03325,-0.00236,0.01082,-0.04049,-0.00592,0.02690,-0.02565,0.02664,0.02240,-0.01016,0.03040,0.00765,-0.02967,0.01660,0.01677,-0.04359,0.00865,0.03206,-0.03243,0,,,,,0.18362,0.09821,0.01992,0.96997,0.00005,0.00011,0.24323
3515.3911,1,1,23.09,0.63,34.01,0.08241,-0.10171,0.64404,0.71313,0.64703,1.0610,0,0,0.19082,0.08644,0.04956,0.19086,0.08650,0.04944,0.06,0.00,0.64703,-0.52290,-0.24519,0.46184,1.35520,0.00000,1.00000,-0.52280,-0.24678,0.46284,1.35480,-0.00000,1.00000,16,0.18873,0.09731,0.05488,0.18360,0.09820,1,0.96662,0.00005,0.00011,0.25622,Left,0,381.20,206.44,362.23,189.73,348.28,161.88,340.10,140.42,331.99,123.87,369.64,128.82,371.91,103.58,370.19,88.55,368.77,75.52,386.00,132.59,386.01,109.28,375.31,133.65,371.35,148.56,401.72,141.32,403.85,122.18,391.76,145.10,387.35,158.17,417.27,154.47,419.93,136.67,407.47,150.75,400.40,161.74,-0.00000,-0.01577,-0.02396,-0.03316,-0.04151,-0.00298,-0.01868,-0.02727,-0.03298,-0.00685,-0.03398,-0.03784,-0.03177,-0.01428,-0.04369,-0.03698,-0.02297,-0.02297,-0.04183,-0.03538,-0.02517,-0.01047,0.08852,0.02514,-0.03458,0.06247,0.00923,-0.04696,0.03739,0.00096,-0.05879,0.00782,-0.00763,-0.07057,-0.01857,-0.01087,-0.02588,-0.00803,0.00580,-0.02269,-0.03286,-0.00303,-0.02446,-0.04947,-0.01315,-0.03040,-0.06402,-0.03934,-0.00269,-0.00428,0.00532,-0.00649,-0.02713,-0.02510,-0.02207,-0.00650,-0.04032,-0.02771,0.01025,-0.02810,0.01691,0.00254,-0.00201,0.01304,-0.00880,-0.03300,-0.00283,0.00983,-0.04078,-0.00659,0.02591,-0.02668,0.02717,0.02253,-0.00969,0.03127,0.00747,-0.02953,0.01675,0.01573,-0.04354,0.00687,0.03081,-0.03328,0,,,,,0.18362,0.09821,0.01992,0.96997,0.00005,0.00011,0.24323
3515.4184,1,1,15.58,0.81,22.63,0.08194,-0.10076,0.64106,0.71259,0.63808,1.0494,0,0,0.19231,0.08691,0.04860,0.19213,0.08671,0.04823,0.26,0.00,0.63808,-0.52034,-0.23035,0.45587,1.34816,0.00000,0.99999,-0.52096,-0.23455,0.45613,1.34917,-0.00000,1.00000,16,0.18873,0.09731,0.05488,0.18360,0.09820,1,0.96662,0.00005,0.00011,0.25622,Left,0,381.16,206.88,362.12,190.41,348.08,161.93,340.13,140.01,331.62,123.58,369.01,129.03,371.67,103.22,370.26,88.22,368.75,75.24,385.42,133.28,385.45,109.74,375.49,134.35,372.02,149.25,401.26,142.15,403.50,122.39,391.61,145.77,387.16,159.07,417.00,155.20,419.45,137.34,407.30,151.53,400.54,162.50,-0.00000,-0.01455,-0.02220,-0.03110,-0.03931,-0.00242,-0.01777,-0.02601,-0.03143,-0.00678,-0.03332,-0.03669,-0.03043,-0.01456,-0.04338,-0.03606,-0.02183,-0.02351,-0.04189,-0.03501,-0.02463,-0.00960,0.08849,0.02376,-0.03409,0.06242,0.00891,-0.04629,0.03670,0.00019,-0.05797,0.00718,-0.00858,-0.06945,-0.01946,-0.01264,-0.02549,-0.00807,0.00613,-0.02241,-0.03377,-0.00258,-0.02389,-0.05058,-0.01269,-0.02958,-0.06500,-0.03905,-0.00272,-0.00424,0.00538,-0.00659,-0.02717,-0.02531,-0.02159,-0.00599,-0.04031,-0.02635,0.01020,-0.02748,0.01708,0.00253,-0.00222,0.01309,-0.00880,-0.03350,-0.00273,0.01012,-0.04150,-0.00618,0.02674,-0.02647,0.02688,0.02266,-0.01039,0.03087,0.00763,-0.03044,0.01653,0.01643,-0.04490,0.00761,0.03153,-0.03503,0,,,,,0.18362,0.09821,0.01992,0.96997,0.00005,0.00011,0.24323
3515.4456,1,1,15.00,0.69,22.81,0.08163,-0.10066,0.63872,0.71209,0.63637,1.0399,0,0,0.19348,0.08723,0.04851,0.19367,0.08732,0.04874,0.16,0.00,0.63637,-0.51898,-0.22280,0.44475,1.34750,0.00000,0.99999,-0.51922,-0.22372,0.44645,1.34800,-0.00000,1.00000,16,0.18873,0.09731,0.05488,0.18360,0.09820,1,0.96662,0.00005,0.00011,0.25622,Left,0,380.95,205.39,361.42,188.77,346.87,160.78,339.20,139.26,331.54,123.31,369.10,128.25,372.68,102.73,370.97,87.98,369.01,75.61,385.57,132.46,386.08,109.02,375.72,134.69,372.20,150.05,401.38,141.42,403.91,121.84,392.06,145.71,387.91,159.01,417.07,154.52,419.62,136.61,407.69,150.92,401.51,161.60,-0.00000,-0.01328,-0.02050,-0.02912,-0.03712,-0.00253,-0.01794,-0.02559,-0.03036,-0.00730,-0.03387,-0.03609,-0.02873,-0.01538,-0.04421,-0.03615,-0.02125,-0.02446,-0.04238,-0.03490,-0.02408,-0.01011,0.08769,0.02398,-0.03447,0.06175,0.00854,-0.04717,0.03591,0.00097,-0.05899,0.00706,-0.00700,-0.07002,-0.01926,-0.01112,-0.02571,-0.00805,0.00567,-0.02184,-0.03290,-0.00291,-0.02333,-0.04982,-0.01269,-0.02984,-0.06276,-0.03864,-0.00264,-0.00404,0.00542,-0.00654,-0.02643,-0.02487,-0.02178,-0.00470,-0.03896,-0.02659,0.01177,-0.02386,0.01699,0.00246,-0.00196,0.01320,-0.00879,-0.03253,-0.00183,0.01067,-0.04022,-0.00568,0.02718,-0.02423,0.02703,0.02238,-0.00970,0.03119,0.00767,-0.02906,0.01739,0.01625,-0.04275,0.00875,0.03088,-0.03185,0,,,,,0.18362,0.09821,0.01992,0.96997,0.00005,0.00011,0.24323
