t_s,engaged,hand_found,detect_ms,ik_ms,loop_ms,hand_x,hand_y,hand_z,depth_len_m,depth_width_m,pinch,gated,gripper_closed,target_x,target_y,target_z,tip_x,tip_y,tip_z,ik_pos_err_mm,ik_dir_err_deg,depth_used_m,q0,q1,q2,q3,q4,q5,ctrl0,ctrl1,ctrl2,ctrl3,ctrl4,ctrl5,layout,cube_x,cube_y,cube_z,goal_x,goal_y,placed_success,cube_qw,cube_qx,cube_qy,cube_qz,handedness,grasp_locked,px0_u,px0_v,px1_u,px1_v,px2_u,px2_v,px3_u,px3_v,px4_u,px4_v,px5_u,px5_v,px6_u,px6_v,px7_u,px7_v,px8_u,px8_v,px9_u,px9_v,px10_u,px10_v,px11_u,px11_v,px12_u,px12_v,px13_u,px13_v,px14_u,px14_v,px15_u,px15_v,px16_u,px16_v,px17_u,px17_v,px18_u,px18_v,px19_u,px19_v,px20_u,px20_v,relz0,relz1,relz2,relz3,relz4,relz5,relz6,relz7,relz8,relz9,relz10,relz11,relz12,relz13,relz14,relz15,relz16,relz17,relz18,relz19,relz20,w0_x,w0_y,w0_z,w1_x,w1_y,w1_z,w2_x,w2_y,w2_z,w3_x,w3_y,w3_z,w4_x,w4_y,w4_z,w5_x,w5_y,w5_z,w6_x,w6_y,w6_z,w7_x,w7_y,w7_z,w8_x,w8_y,w8_z,w9_x,w9_y,w9_z,w10_x,w10_y,w10_z,w11_x,w11_y,w11_z,w12_x,w12_y,w12_z,w13_x,w13_y,w13_z,w14_x,w14_y,w14_z,w15_x,w15_y,w15_z,w16_x,w16_y,w16_z,w17_x,w17_y,w17_z,w18_x,w18_y,w18_z,w19_x,w19_y,w19_z,w20_x,w20_y,w20_z
0.0000,0,1,0.00,0.00,33.33,0.00000,0.03576,0.59597,0.59597,0.59597,1.3000,0,0,0.21961,-0.00098,0.06018,0.21961,-0.00098,0.06018,,,0.59597,0.00000,-0.21000,0.34600,1.43400,0.00000,1.00000,0.00000,-0.21000,0.34600,1.43400,0.00000,1.00000,27,0.21060,-0.09450,0.01500,0.19640,0.09380,0,0.97784,0.00000,0.00000,-0.20933,virtual,0,320.00,273.26,320.00,273.26,320.00,273.26,320.00,273.26,320.00,273.26,320.00,273.26,320.00,273.26,320.00,273.26,320.00,273.26,320.00,273.26,320.00,273.26,320.00,273.26,320.00,273.26,320.00,273.26,320.00,273.26,320.00,273.26,320.00,273.26,320.00,273.26,320.00,273.26,320.00,273.26,320.00,273.26,0.00000,0.00000,0.00000,0.00000,0.00000,0.00000,0.00000,0.00000,0.00000,0.00000,0.00000,0.00000,0.00000,0.00000,0.00000,0.00000,0.00000,0.00000,0.00000,0.00000,0.00000,0.00000,0.00000,0.00000,0.00000,0.00000,0.00000,0.00000,0.00000,0.00000,0.00000,0.00000,0.00000,0.00000,0.00000,0.00000,0.00000,0.00000,0.00000,0.00000,0.00000,0.00000,0.00000,0.00000,0.00000,0.00000,0.00000,0.00000,0.00000,0.00000,0.00000,0.00000,0.00000,0.00000,0.00000,0.00000,0.00000,0.00000,0.00000,0.00000,0.00000,0.00000,0.00000,0.00000,0.00000,0.00000,0.00000,0.00000,0.00000,0.00000,0.00000,0.00000,0.00000,0.00000,0.00000,0.00000,0.00000,0.00000,0.00000,0.00000,0.00000,0.00000,0.00000,0.00000
0.0333,0,1,0.00,0.00,33.33,0.00000,0.03562,0.59363,0.59129,0.59129,1.3000,0,0,0.21961,-0.00098,0.06018,0.21952,-0.00098,0.06005,,,0.59129,0.00000,-0.20958,0.34642,1.43400,-0.00000,1.00000,0.00000,-0.21000,0.34600,1.43400,0.00000,1.00000,27,0.21060,-0.09450,0.01482,0.19640,0.09380,0,0.97784,-0.00000,0.00000,-0.20933,virtual,0,320.00,273.26,320.00,273.26,320.00,273.26,320.00,273.26,320.00,273.26,320.00,273.26,320.00,273.26,320.00,273.26,320.00,273.26,320.00,273.26,320.00,273.26,320.00,273.26,320.00,273.26,320.00,273.26,320.00,273.26,320.00,273.26,320.00,273.26,320.00,273.26,320.00,273.26,320.00,273.26,320.00,273.26,0.00000,0.00000,0.00000,0.00000,0.00000,0.00000,0.00000,0.00000,0.00000,0.00000,0.00000,0.00000,0.00000,0.00000,0.00000,0.00000,0.00000,0.00000,0.00000,0.00000,0.00000,0.00000,0.00000,0.00000,0.00000,0.00000,0.00000,0.00000,0.00000,0.00000,0.00000,0.00000,0.00000,0.00000,0.00000,0.00000,0.00000,0.00000,0.00000,0.00000,0.00000,0.00000,0.00000,0.00000,0.00000,0.00000,0.00000,0.00000,0.00000,0.00000,0.00000,0.00000,0.00000,0.00000,0.00000,0.00000,0.00000,0.00000,0.00000,0.00000,0.00000,0.00000,0.00000,0.00000,0.00000,0.00000,0.00000,0.00000,0.00000,0.00000,0.00000,0.00000,0.00000,0.00000,0.00000,0.00000,0.00000,0.00000,0.00000,0.00000,0.00000,0.00000,0.00000,0.00000
0.0667,0,1,0.00,0.00,33.33,0.00000,0.03569,0.59479,0.59594,0.59594,1.3000,0,0,0.21961,-0.00098,0.06018,0.21954,-0.00098,0.06008,,,0.59594,0.00000,-0.20968,0.34632,1.43401,-0.00000,1.00000,0.00000,-0.21000,0.34600,1.43400,0.00000,1.00000,27,0.21060,-0.09450,0.01491,0.19640,0.09380,0,0.97784,-0.00000,0.00000,-0.20933,virtual,0,320.00,273.26,320.00,273.26,320.00,273.26,320.00,273.26,320.00,273.26,320.00,273.26,320.00,273.26,320.00,273.26,320.00,273.26,320.00,273.26,320.00,273.26,320.00,273.26,320.00,273.26,320.00,273.26,320.00,273.26,320.00,273.26,320.00,273.26,320.00,273.26,320.00,273.26,320.00,273.26,320.00,273.26,0.00000,0.00000,0.00000,0.00000,0.00000,0.00000,0.00000,0.00000,0.00000,0.00000,0.00000,0.00000,0.00000,0.00000,0.00000,0.00000,0.00000,0.00000,0.00000,0.00000,0.00000,0.00000,0.00000,0.00000,0.00000,0.00000,0.00000,0.00000,0.00000,0.00000,0.00000,0.00000,0.00000,0.00000,0.00000,0.00000,0.00000,0.00000,0.00000,0.00000,0.00000,0.00000,0.00000,0.00000,0.00000,0.00000,0.00000,0.00000,0.00000,0.00000,0.00000,0.00000,0.00000,0.00000,0.00000,0.00000,0.00000,0.00000,0.00000,0.00000,0.00000,0.00000,0.00000,0.00000,0.00000,0.00000,0.00000,0.00000,0.00000,0.00000,0.00000,0.00000,0.00000,0.00000,0.00000,0.00000,0.00000,0.00000,0.00000,0.00000,0.00000,0.00000,0.00000,0.00000
0.1000,0,1,0.00,0.00,33.33,0.00000,0.03552,0.59203,0.58927,0.58927,1.3000,0,0,0.21961,-0.00098,0.06018,0.21954,-0.00098,0.06008,,,0.58927,0.00000,-0.20966,0.34634,1.43401,0.00000,1.00000,0.00000,-0.21000,0.34600,1.43400,0.00000,1.00000,27,0.21060,-0.09450,0.01493,0.19640,0.09380,0,0.97784,-0.00000,0.00000,-0.20933,virtual,0,320.00,273.26,320.00,273.26,320.00,273.26,320.00,273.26,320.00,273.26,320.00,273.26,320.00,273.26,320.00,273.26,320.00,273.26,320.00,273.26,320.00,273.26,320.00,273.26,320.00,273.26,320.00,273.26,320.00,273.26,320.00,273.26,320.00,273.26,320.00,273.26,320.00,273.26,320.00,273.26,320.00,273.26,0.00000,0.00000,0.00000,0.00000,0.00000,0.00000,0.00000,0.00000,0.00000,0.00000,0.00000,0.00000,0.00000,0.00000,0.00000,0.00000,0.00000,0.00000,0.00000,0.00000,0.00000,0.00000,0.00000,0.00000,0.00000,0.00000,0.00000,0.00000,0.00000,0.00000,0.00000,0.00000,0.00000,0.00000,0.00000,0.00000,0.00000,0.00000,0.00000,0.00000,0.00000,0.00000,0.00000,0.00000,0.00000,0.00000,0.00000,0.00000,0.00000,0.00000,0.00000,0.00000,0.00000,0.00000,0.00000,0.00000,0.00000,0.00000,0.00000,0.00000,0.00000,0.00000,0.00000,0.00000,0.00000,0.00000,0.00000,0.00000,0.00000,0.00000,0.00000,0.00000,0.00000,0.00000,0.00000,0.00000,0.00000,0.00000,0.00000,0.00000,0.00000,0.00000,0.00000,0.00000
0.1333,0,1,0.00,0.00,33.33,0.00000,0.03561,0.59346,0.59489,0.59489,1.3000,0,0,0.21961,-0.00098,0.06018,0.21953,-0.00098,0.06007,,,0.59489,0.00000,-0.20965,0.34635,1.43401,0.00000,1.00000,0.00000,-0.21000,0.34600,1.43400,0.00000,1.00000,27,0.21060,-0.09450,0.01494,0.19640,0.09380,0,0.97784,-0.00000,0.00000,-0.20933,virtual,0,320.00,273.26,320.00,273.26,320.00,273.26,320.00,273.26,320.00,273.26,320.00,273.26,320.00,273.26,320.00,273.26,320.00,273.26,320.00,273.26,320.00,273.26,320.00,273.26,320.00,273.26,320.00,273.26,320.00,273.26,320.00,273.26,320.00,273.26,320.00,273.26,320.00,273.26,320.00,273.26,320.00,273.26,0.00000,0.00000,0.00000,0.00000,0.00000,0.00000,0.00000,0.00000,0.00000,0.00000,0.00000,0.00000,0.00000,0.00000,0.00000,0.00000,0.00000,0.00000,0.00000,0.00000,0.00000,0.00000,0.00000,0.00000,0.00000,0.00000,0.00000,0.00000,0.00000,0.00000,0.00000,0.00000,0.00000,0.00000,0.00000,0.00000,0.00000,0.00000,0.00000,0.00000,0.00000,0.00000,0.00000,0.00000,0.00000,0.00000,0.00000,0.00000,0.00000,0.00000,0.00000,0.00000,0.00000,0.00000,0.00000,0.00000,0.00000,0.00000,0.00000,0.00000,0.00000,0.00000,0.00000,0.00000,0.00000,0.00000,0.00000,0.00000,0.00000,0.00000,0.00000,0.00000,0.00000,0.00000,0.00000,0.00000,0.00000,0.00000,0.00000,0.00000,0.00000,0.00000,0.00000,0.00000
0.1667,0,1,0.00,0.00,33.33,0.00000,0.03590,0.59836,0.60327,0.60327,1.3000,0,0,0.21961,-0.00098,0.06018,0.21953,-0.00098,0.06007,,,0.60327,0.00000,-0.20964,0.34636,1.43401,-0.00000,1.00000,0.00000,-0.21000,0.34600,1.43400,0.00000,1.00000,27,0.21060,-0.09450,0.01494,0.19640,0.09380,0,0.97784,-0.00000,0.00000,-0.20933,virtual,0,320.00,273.26,320.00,273.26,320.00,273.26,320.00,273.26,320.00,273.26,320.00,273.26,320.00,273.26,320.00,273.26,320.00,273.26,320.00,273.26,320.00,273.26,320.00,273.26,320.00,273.26,320.00,273.26,320.00,273.26,320.00,273.26,320.00,273.26,320.00,273.26,320.00,273.26,320.00,273.26,320.00,273.26,0.00000,0.00000,0.00000,0.00000,0.00000,0.00000,0.00000,0.00000,0.00000,0.00000,0.00000,0.00000,0.00000,0.00000,0.00000,0.00000,0.00000,0.00000,0.00000,0.00000,0.00000,0.00000,0.00000,0.00000,0.00000,0.00000,0.00000,0.00000,0.00000,0.00000,0.00000,0.00000,0.00000,0.00000,0.00000,0.00000,0.00000,0.00000,0.00000,0.00000,0.00000,0.00000,0.00000,0.00000,0.00000,0.00000,0.00000,0.00000,0.00000,0.00000,0.00000,0.00000,0.00000,0.00000,0.00000,0.00000,0.00000,0.00000,0.00000,0.00000,0.00000,0.00000,0.00000,0.00000,0.00000,0.00000,0.00000,0.00000,0.00000,0.00000,0.00000,0.00000,0.00000,0.00000,0.00000,0.00000,0.00000,0.00000,0.00000,0.00000,0.00000,0.00000,0.00000,0.00000
0.2000,0,1,0.00,0.00,33.33,0.00000,0.03583,0.59715,0.59594,0.59594,1.3000,0,0,0.21961,-0.00098,0.06018,0.21953,-0.00098,0.06007,,,0.59594,0.00000,-0.20964,0.34636,1.43401,-0.00000,1.00000,0.00000,-0.21000,0.34600,1.43400,0.00000,1.00000,27,0.21060,-0.09450,0.01494,0.19640,0.09380,0,0.97784,-0.00000,0.00000,-0.20933,virtual,0,320.00,273.26,320.00,273.26,320.00,273.26,320.00,273.26,320.00,273.26,320.00,273.26,320.00,273.26,320.00,273.26,320.00,273.26,320.00,273.26,320.00,273.26,320.00,273.26,320.00,273.26,320.00,273.26,320.00,273.26,320.00,273.26,320.00,273.26,320.00,273.26,320.00,273.26,320.00,273.26,320.00,273.26,0.00000,0.00000,0.00000,0.00000,0.00000,0.00000,0.00000,0.00000,0.00000,0.00000,0.00000,0.00000,0.00000,0.00000,0.00000,0.00000,0.00000,0.00000,0.00000,0.00000,0.00000,0.00000,0.00000,0.00000,0.00000,0.00000,0.00000,0.00000,0.00000,0.00000,0.00000,0.00000,0.00000,0.00000,0.00000,0.00000,0.00000,0.00000,0.00000,0.00000,0.00000,0.00000,0.00000,0.00000,0.00000,0.00000,0.00000,0.00000,0.00000,0.00000,0.00000,0.00000,0.00000,0.00000,0.00000,0.00000,0.00000,0.00000,0.00000,0.00000,0.00000,0.00000,0.00000,0.00000,0.00000,0.00000,0.00000,0.00000,0.00000,0.00000,0.00000,0.00000,0.00000,0.00000,0.00000,0.00000,0.00000,0.00000,0.00000,0.00000,0.00000,0.00000,0.00000,0.00000
0.2333,0,1,0.00,0.00,33.33,0.00000,0.03562,0.59359,0.59003,0.59003,1.3000,0,0,0.21961,-0.00098,0.06018,0.21953,-0.00098,0.06007,,,0.59003,0.00000,-0.20964,0.34636,1.43401,0.00000,1.00000,0.00000,-0.21000,0.34600,1.43400,0.00000,1.00000,27,0.21060,-0.09450,0.01494,0.19640,0.09380,0,0.97784,-0.00000,0.00000,-0.20933,virtual,0,320.00,273.26,320.00,273.26,320.00,273.26,320.00,273.26,320.00,273.26,320.00,273.26,320.00,273.26,320.00,273.26,320.00,273.26,320.00,273.26,320.00,273.26,320.00,273.26,320.00,273.26,320.00,273.26,320.00,273.26,320.00,273.26,320.00,273.26,320.00,273.26,320.00,273.26,320.00,273.26,320.00,273.26,0.00000,0.00000,0.00000,0.00000,0.00000,0.00000,0.00000,0.00000,0.00000,0.00000,0.00000,0.00000,0.00000,0.00000,0.00000,0.00000,0.00000,0.00000,0.00000,0.00000,0.00000,0.00000,0.00000,0.00000,0.00000,0.00000,0.00000,0.00000,0.00000,0.00000,0.00000,0.00000,0.00000,0.00000,0.00000,0.00000,0.00000,0.00000,0.00000,0.00000,0.00000,0.00000,0.00000,0.00000,0.00000,0.00000,0.00000,0.00000,0.00000,0.00000,0.00000,0.00000,0.00000,0.00000,0.00000,0.00000,0.00000,0.00000,0.00000,0.00000,0.00000,0.00000,0.00000,0.00000,0.00000,0.00000,0.00000,0.00000,0.00000,0.00000,0.00000,0.00000,0.00000,0.00000,0.00000,0.00000,0.00000,0.00000,0.00000,0.00000,0.00000,0.00000,0.00000,0.00000
0.2667,0,1,0.00,0.00,33.33,0.00000,0.03544,0.59059,0.58758,0.58758,1.3000,0,0,0.21961,-0.00098,0.06018,0.21953,-0.00098,0.06007,,,0.58758,0.00000,-0.20964,0.34636,1.43401,0.00000,1.00000,0.00000,-0.21000,0.34600,1.43400,0.00000,1.00000,27,0.21060,-0.09450,0.01494,0.19640,0.09380,0,0.97784,-0.00000,0.00000,-0.20933,virtual,0,320.00,273.26,320.00,273.26,320.00,273.26,320.00,273.26,320.00,273.26,320.00,273.26,320.00,273.26,320.00,273.26,320.00,273.26,320.00,273.26,320.00,273.26,320.00,273.26,320.00,273.26,320.00,273.26,320.00,273.26,320.00,273.26,320.00,273.26,320.00,273.26,320.00,273.26,320.00,273.26,320.00,273.26,0.00000,0.00000,0.00000,0.00000,0.00000,0.00000,0.00000,0.00000,0.00000,0.00000,0.00000,0.00000,0.00000,0.00000,0.00000,0.00000,0.00000,0.00000,0.00000,0.00000,0.00000,0.00000,0.00000,0.00000,0.00000,0.00000,0.00000,0.00000,0.00000,0.00000,0.00000,0.00000,0.00000,0.00000,0.00000,0.00000,0.00000,0.00000,0.00000,0.00000,0.00000,0.00000,0.00000,0.00000,0.00000,0.00000,0.00000,0.00000,0.00000,0.00000,0.00000,0.00000,0.00000,0.00000,0.00000,0.00000,0.00000,0.00000,0.00000,0.00000,0.00000,0.00000,0.00000,0.00000,0.00000,0.00000,0.00000,0.00000,0.00000,0.00000,0.00000,0.00000,0.00000,0.00000,0.00000,0.00000,0.00000,0.00000,0.00000,0.00000,0.00000,0.00000,0.00000,0.00000
0.3000,0,1,0.00,0.00,33.33,0.00000,0.03583,0.59709,0.60359,0.60359,1.3000,0,0,0.21961,-0.00098,0.06018,0.21953,-0.00098,0.06007,,,0.60359,-0.00000,-0.20964,0.34636,1.43401,0.00000,1.00000,0.00000,-0.21000,0.34600,1.43400,0.00000,1.00000,27,0.21060,-0.09450,0.01494,0.19640,0.09380,0,0.97784,-0.00000,0.00000,-0.20933,virtual,0,320.00,273.26,320.00,273.26,320.00,273.26,320.00,273.26,320.00,273.26,320.00,273.26,320.00,273.26,320.00,273.26,320.00,273.26,320.00,273.26,320.00,273.26,320.00,273.26,320.00,273.26,320.00,273.26,320.00,273.26,320.00,273.26,320.00,273.26,320.00,273.26,320.00,273.26,320.00,273.26,320.00,273.26,0.00000,0.00000,0.00000,0.00000,0.00000,0.00000,0.00000,0.00000,0.00000,0.00000,0.00000,0.00000,0.00000,0.00000,0.00000,0.00000,0.00000,0.00000,0.00000,0.00000,0.00000,0.00000,0.00000,0.00000,0.00000,0.00000,0.00000,0.00000,0.00000,0.00000,0.00000,0.00000,0.00000,0.00000,0.00000,0.00000,0.00000,0.00000,0.00000,0.00000,0.00000,0.00000,0.00000,0.00000,0.00000,0.00000,0.00000,0.00000,0.00000,0.00000,0.00000,0.00000,0.00000,0.00000,0.00000,0.00000,0.00000,0.00000,0.00000,0.00000,0.00000,0.00000,0.00000,0.00000,0.00000,0.00000,0.00000,0.00000,0.00000,0.00000,0.00000,0.00000,0.00000,0.00000,0.00000,0.00000,0.00000,0.00000,0.00000,0.00000,0.00000,0.00000,0.00000,0.00000
0.3333,0,1,0.00,0.00,33.33,0.00000,0.03583,0.59719,0.59729,0.59729,1.3000,0,0,0.21961,-0.00098,0.06018,0.21953,-0.00098,0.06007,,,0.59729,-0.00000,-0.20964,0.34636,1.43401,0.00000,1.00000,0.00000,-0.21000,0.34600,1.43400,0.00000,1.00000,27,0.21060,-0.09450,0.01494,0.19640,0.09380,0,0.97784,-0.00000,0.00000,-0.20933,virtual,0,320.00,273.26,320.00,273.26,320.00,273.26,320.00,273.26,320.00,273.26,320.00,273.26,320.00,273.26,320.00,273.26,320.00,273.26,320.00,273.26,320.00,273.26,320.00,273.26,320.00,273.26,320.00,273.26,320.00,273.26,320.00,273.26,320.00,273.26,320.00,273.26,320.00,273.26,320.00,273.26,320.00,273.26,0.00000,0.00000,0.00000,0.00000,0.00000,0.00000,0.00000,0.00000,0.00000,0.00000,0.00000,0.00000,0.00000,0.00000,0.00000,0.00000,0.00000,0.00000,0.00000,0.00000,0.00000,0.00000,0.00000,0.00000,0.00000,0.00000,0.00000,0.00000,0.00000,0.00000,0.00000,0.00000,0.00000,0.00000,0.00000,0.00000,0.00000,0.00000,0.00000,0.00000,0.00000,0.00000,0.00000,0.00000,0.00000,0.00000,0.00000,0.00000,0.00000,0.00000,0.00000,0.00000,0.00000,0.00000,0.00000,0.00000,0.00000,0.00000,0.00000,0.00000,0.00000,0.00000,0.00000,0.00000,0.00000,0.00000,0.00000,0.00000,0.00000,0.00000,0.00000,0.00000,0.00000,0.00000,0.00000,0.00000,0.00000,0.00000,0.00000,0.00000,0.00000,0.00000,0.00000,0.00000
0.3667,0,1,0.00,0.00,33.33,0.00000,0.03562,0.59359,0.58999,0.58999,1.3000,0,0,0.21961,-0.00098,0.06018,0.21953,-0.00098,0.06007,,,0.58999,-0.00000,-0.20964,0.34636,1.43401,0.00000,1.00000,0.00000,-0.21000,0.34600,1.43400,0.00000,1.00000,27,0.21060,-0.09450,0.01494,0.19640,0.09380,0,0.97784,-0.00000,0.00000,-0.20933,virtual,0,320.00,273.26,320.00,273.26,320.00,273.26,320.00,273.26,320.00,273.26,320.00,273.26,320.00,273.26,320.00,273.26,320.00,273.26,320.00,273.26,320.00,273.26,320.00,273.26,320.00,273.26,320.00,273.26,320.00,273.26,320.00,273.26,320.00,273.26,320.00,273.26,320.00,273.26,320.00,273.26,320.00,273.26,0.00000,0.00000,0.00000,0.00000,0.00000,0.00000,0.00000,0.00000,0.00000,0.00000,0.00000,0.00000,0.00000,0.00000,0.00000,0.00000,0.00000,0.00000,0.00000,0.00000,0.00000,0.00000,0.00000,0.00000,0.00000,0.00000,0.00000,0.00000,0.00000,0.00000,0.00000,0.00000,0.00000,0.00000,0.00000,0.00000,0.00000,0.00000,0.00000,0.00000,0.00000,0.00000,0.00000,0.00000,0.00000,0.00000,0.00000,0.00000,0.00000,0.00000,0.00000,0.00000,0.00000,0.00000,0.00000,0.00000,0.00000,0.00000,0.00000,0.00000,0.00000,0.00000,0.00000,0.00000,0.00000,0.00000,0.00000,0.00000,0.00000,0.00000,0.00000,0.00000,0.00000,0.00000,0.00000,0.00000,0.00000,0.00000,0.00000,0.00000,0.00000,0.00000,0.00000,0.00000
0.4000,1,1,0.00,0.00,33.33,0.00000,0.03569,0.59476,0.59594,0.59594,1.3000,0,0,0.21961,-0.00098,0.06018,0.21953,-0.00098,0.06007,,,0.59594,-0.00000,-0.20964,0.34636,1.43401,0.00000,1.00000,0.00000,-0.21000,0.34600,1.43400,0.00000,1.00000,27,0.21060,-0.09450,0.01494,0.19640,0.09380,0,0.97784,-0.00000,0.00000,-0.20933,virtual,0,320.00,273.26,320.00,273.26,320.00,273.26,320.00,273.26,320.00,273.26,320.00,273.26,320.00,273.26,320.00,273.26,320.00,273.26,320.00,273.26,320.00,273.26,320.00,273.26,320.00,273.26,320.00,273.26,320.00,273.26,320.00,273.26,320.00,273.26,320.00,273.26,320.00,273.26,320.00,273.26,320.00,273.26,0.00000,0.00000,0.00000,0.00000,0.00000,0.00000,0.00000,0.00000,0.00000,0.00000,0.00000,0.00000,0.00000,0.00000,0.00000,0.00000,0.00000,0.00000,0.00000,0.00000,0.00000,0.00000,0.00000,0.00000,0.00000,0.00000,0.00000,0.00000,0.00000,0.00000,0.00000,0.00000,0.00000,0.00000,0.00000,0.00000,0.00000,0.00000,0.00000,0.00000,0.00000,0.00000,0.00000,0.00000,0.00000,0.00000,0.00000,0.00000,0.00000,0.00000,0.00000,0.00000,0.00000,0.00000,0.00000,0.00000,0.00000,0.00000,0.00000,0.00000,0.00000,0.00000,0.00000,0.00000,0.00000,0.00000,0.00000,0.00000,0.00000,0.00000,0.00000,0.00000,0.00000,0.00000,0.00000,0.00000,0.00000,0.00000,0.00000,0.00000,0.00000,0.00000,0.00000,0.00000
0.4333,1,1,0.00,0.00,33.33,0.00239,0.03573,0.60015,0.60554,0.60554,1.3000,0,0,0.21716,-0.00337,0.06007,0.21582,-0.00370,0.05919,0.30,0.01,0.60554,0.01536,-0.23267,0.37594,1.43319,0.00000,0.99999,0.01231,-0.22800,0.36625,1.43268,0.00000,1.00000,27,0.21060,-0.09450,0.01494,0.19640,0.09380,0,0.97784,-0.00000,-0.00000,-0.20933,virtual,0,324.38,272.74,324.38,272.74,324.38,272.74,324.38,272.74,324.38,272.74,324.38,272.74,324.38,272.74,324.38,272.74,324.38,272.74,324.38,272.74,324.38,272.74,324.38,272.74,324.38,272.74,324.38,272.74,324.38,272.74,324.38,272.74,324.38,272.74,324.38,272.74,324.38,272.74,324.38,272.74,324.38,272.74,0.00000,0.00000,0.00000,0.00000,0.00000,0.00000,0.00000,0.00000,0.00000,0.00000,0.00000,0.00000,0.00000,0.00000,0.00000,0.00000,0.00000,0.00000,0.00000,0.00000,0.00000,0.00000,0.00000,0.00000,0.00000,0.00000,0.00000,0.00000,0.00000,0.00000,0.00000,0.00000,0.00000,0.00000,0.00000,0.00000,0.00000,0.00000,0.00000,0.00000,0.00000,0.00000,0.00000,0.00000,0.00000,0.00000,0.00000,0.00000,0.00000,0.00000,0.00000,0.00000,0.00000,0.00000,0.00000,0.00000,0.00000,0.00000,0.00000,0.00000,0.00000,0.00000,0.00000,0.00000,0.00000,0.00000,0.00000,0.00000,0.00000,0.00000,0.00000,0.00000,0.00000,0.00000,0.00000,0.00000,0.00000,0.00000,0.00000,0.00000,0.00000,0.00000,0.00000,0.00000
0.4667,1,1,0.00,0.00,33.33,0.00591,0.03517,0.59809,0.59604,0.59604,1.3000,0,0,0.21819,-0.00689,0.06063,0.21889,-0.00774,0.06078,0.26,0.00,0.59604,0.03752,-0.21744,0.34930,1.43658,-0.00000,1.00000,0.03153,-0.22111,0.35413,1.43770,0.00000,1.00000,27,0.21060,-0.09450,0.01494,0.19640,0.09380,0,0.97784,0.00000,0.00000,-0.20933,virtual,0,328.76,272.19,328.76,272.19,328.76,272.19,328.76,272.19,328.76,272.19,328.76,272.19,328.76,272.19,328.76,272.19,328.76,272.19,328.76,272.19,328.76,272.19,328.76,272.19,328.76,272.19,328.76,272.19,328.76,272.19,328.76,272.19,328.76,272.19,328.76,272.19,328.76,272.19,328.76,272.19,328.76,272.19,0.00000,0.00000,0.00000,0.00000,0.00000,0.00000,0.00000,0.00000,0.00000,0.00000,0.00000,0.00000,0.00000,0.00000,0.00000,0.00000,0.00000,0.00000,0.00000,0.00000,0.00000,0.00000,0.00000,0.00000,0.00000,0.00000,0.00000,0.00000,0.00000,0.00000,0.00000,0.00000,0.00000,0.00000,0.00000,0.00000,0.00000,0.00000,0.00000,0.00000,0.00000,0.00000,0.00000,0.00000,0.00000,0.00000,0.00000,0.00000,0.00000,0.00000,0.00000,0.00000,0.00000,0.00000,0.00000,0.00000,0.00000,0.00000,0.00000,0.00000,0.00000,0.00000,0.00000,0.00000,0.00000,0.00000,0.00000,0.00000,0.00000,0.00000,0.00000,0.00000,0.00000,0.00000,0.00000,0.00000,0.00000,0.00000,0.00000,0.00000,0.00000,0.00000,0.00000,0.00000
0.5000,1,1,0.00,0.00,33.33,0.00993,0.03441,0.59348,0.58886,0.58886,1.3000,0,0,0.22050,-0.01091,0.06139,0.22101,-0.01191,0.06144,0.32,0.01,0.58886,0.05990,-0.19561,0.32174,1.44394,0.00000,1.00000,0.05321,-0.20146,0.32780,1.44427,0.00000,1.00000,27,0.21060,-0.09450,0.01494,0.19640,0.09380,0,0.97784,0.00000,0.00000,-0.20933,virtual,0,333.12,271.67,333.12,271.67,333.12,271.67,333.12,271.67,333.12,271.67,333.12,271.67,333.12,271.67,333.12,271.67,333.12,271.67,333.12,271.67,333.12,271.67,333.12,271.67,333.12,271.67,333.12,271.67,333.12,271.67,333.12,271.67,333.12,271.67,333.12,271.67,333.12,271.67,333.12,271.67,333.12,271.67,0.00000,0.00000,0.00000,0.00000,0.00000,0.00000,0.00000,0.00000,0.00000,0.00000,0.00000,0.00000,0.00000,0.00000,0.00000,0.00000,0.00000,0.00000,0.00000,0.00000,0.00000,0.00000,0.00000,0.00000,0.00000,0.00000,0.00000,0.00000,0.00000,0.00000,0.00000,0.00000,0.00000,0.00000,0.00000,0.00000,0.00000,0.00000,0.00000,0.00000,0.00000,0.00000,0.00000,0.00000,0.00000,0.00000,0.00000,0.00000,0.00000,0.00000,0.00000,0.00000,0.00000,0.00000,0.00000,0.00000,0.00000,0.00000,0.00000,0.00000,0.00000,0.00000,0.00000,0.00000,0.00000,0.00000,0.00000,0.00000,0.00000,0.00000,0.00000,0.00000,0.00000,0.00000,0.00000,0.00000,0.00000,0.00000,0.00000,0.00000,0.00000,0.00000,0.00000,0.00000
0.5333,1,1,0.00,0.00,33.33,0.01443,0.03411,0.59744,0.60141,0.60141,1.3000,0,0,0.21852,-0.01541,0.06169,0.21730,-0.01620,0.06096,0.40,0.00,0.60141,0.08506,-0.21692,0.34679,1.44552,-0.00000,1.00000,0.07802,-0.21318,0.33886,1.44520,0.00000,1.00000,27,0.21060,-0.09450,0.01494,0.19640,0.09380,0,0.97784,-0.00000,0.00000,-0.20933,virtual,0,337.45,271.16,337.45,271.16,337.45,271.16,337.45,271.16,337.45,271.16,337.45,271.16,337.45,271.16,337.45,271.16,337.45,271.16,337.45,271.16,337.45,271.16,337.45,271.16,337.45,271.16,337.45,271.16,337.45,271.16,337.45,271.16,337.45,271.16,337.45,271.16,337.45,271.16,337.45,271.16,337.45,271.16,0.00000,0.00000,0.00000,0.00000,0.00000,0.00000,0.00000,0.00000,0.00000,0.00000,0.00000,0.00000,0.00000,0.00000,0.00000,0.00000,0.00000,0.00000,0.00000,0.00000,0.00000,0.00000,0.00000,0.00000,0.00000,0.00000,0.00000,0.00000,0.00000,0.00000,0.00000,0.00000,0.00000,0.00000,0.00000,0.00000,0.00000,0.00000,0.00000,0.00000,0.00000,0.00000,0.00000,0.00000,0.00000,0.00000,0.00000,0.00000,0.00000,0.00000,0.00000,0.00000,0.00000,0.00000,0.00000,0.00000,0.00000,0.00000,0.00000,0.00000,0.00000,0.00000,0.00000,0.00000,0.00000,0.00000,0.00000,0.00000,0.00000,0.00000,0.00000,0.00000,0.00000,0.00000,0.00000,0.00000,0.00000,0.00000,0.00000,0.00000,0.00000,0.00000,0.00000,0.00000
0.5667,1,1,0.00,0.00,33.33,0.01901,0.03364,0.59897,0.60050,0.60050,1.3000,0,0,0.21775,-0.01999,0.06216,0.21760,-0.02095,0.06187,0.38,0.00,0.60050,0.11122,-0.21620,0.33966,1.44800,0.00000,1.00000,0.10380,-0.21690,0.33891,1.44879,0.00000,1.00000,27,0.21060,-0.09450,0.01494,0.19640,0.09380,0,0.97784,-0.00000,0.00000,-0.20933,virtual,0,341.78,270.62,341.78,270.62,341.78,270.62,341.78,270.62,341.78,270.62,341.78,270.62,341.78,270.62,341.78,270.62,341.78,270.62,341.78,270.62,341.78,270.62,341.78,270.62,341.78,270.62,341.78,270.62,341.78,270.62,341.78,270.62,341.78,270.62,341.78,270.62,341.78,270.62,341.78,270.62,341.78,270.62,0.00000,0.00000,0.00000,0.00000,0.00000,0.00000,0.00000,0.00000,0.00000,0.00000,0.00000,0.00000,0.00000,0.00000,0.00000,0.00000,0.00000,0.00000,0.00000,0.00000,0.00000,0.00000,0.00000,0.00000,0.00000,0.00000,0.00000,0.00000,0.00000,0.00000,0.00000,0.00000,0.00000,0.00000,0.00000,0.00000,0.00000,0.00000,0.00000,0.00000,0.00000,0.00000,0.00000,0.00000,0.00000,0.00000,0.00000,0.00000,0.00000,0.00000,0.00000,0.00000,0.00000,0.00000,0.00000,0.00000,0.00000,0.00000,0.00000,0.00000,0.00000,0.00000,0.00000,0.00000,0.00000,0.00000,0.00000,0.00000,0.00000,0.00000,0.00000,0.00000,0.00000,0.00000,0.00000,0.00000,0.00000,0.00000,0.00000,0.00000,0.00000,0.00000,0.00000,0.00000
0.6000,1,1,0.00,0.00,33.33,0.02371,0.03320,0.60115,0.60334,0.60334,1.3000,0,0,0.21666,-0.02469,0.06260,0.21662,-0.02572,0.06259,0.39,0.00,0.60334,0.13821,-0.22158,0.33990,1.45178,-0.00000,1.00000,0.13038,-0.22148,0.34031,1.45198,0.00000,1.00000,27,0.21060,-0.09450,0.01494,0.19640,0.09380,0,0.97784,0.00000,-0.00000,-0.20933,virtual,0,346.10,270.09,346.10,270.09,346.10,270.09,346.10,270.09,346.10,270.09,346.10,270.09,346.10,270.09,346.10,270.09,346.10,270.09,346.10,270.09,346.10,270.09,346.10,270.09,346.10,270.09,346.10,270.09,346.10,270.09,346.10,270.09,346.10,270.09,346.10,270.09,346.10,270.09,346.10,270.09,346.10,270.09,0.00000,0.00000,0.00000,0.00000,0.00000,0.00000,0.00000,0.00000,0.00000,0.00000,0.00000,0.00000,0.00000,0.00000,0.00000,0.00000,0.00000,0.00000,0.00000,0.00000,0.00000,0.00000,0.00000,0.00000,0.00000,0.00000,0.00000,0.00000,0.00000,0.00000,0.00000,0.00000,0.00000,0.00000,0.00000,0.00000,0.00000,0.00000,0.00000,0.00000,0.00000,0.00000,0.00000,0.00000,0.00000,0.00000,0.00000,0.00000,0.00000,0.00000,0.00000,0.00000,0.00000,0.00000,0.00000,0.00000,0.00000,0.00000,0.00000,0.00000,0.00000,0.00000,0.00000,0.00000,0.00000,0.00000,0.00000,0.00000,0.00000,0.00000,0.00000,0.00000,0.00000,0.00000,0.00000,0.00000,0.00000,0.00000,0.00000,0.00000,0.00000,0.00000,0.00000,0.00000
0.6333,1,1,0.00,0.00,33.33,0.02830,0.03259,0.60029,0.59942,0.59942,1.3000,0,0,0.21709,-0.02928,0.06320,0.21706,-0.02988,0.06329,0.34,0.01,0.59942,0.16068,-0.21421,0.32727,1.45597,-0.00000,1.00000,0.15558,-0.21338,0.32700,1.45708,0.00000,1.00000,27,0.21060,-0.09450,0.01494,0.19640,0.09380,0,0.97784,0.00000,-0.00000,-0.20933,virtual,0,350.41,269.58,350.41,269.58,350.41,269.58,350.41,269.58,350.41,269.58,350.41,269.58,350.41,269.58,350.41,269.58,350.41,269.58,350.41,269.58,350.41,269.58,350.41,269.58,350.41,269.58,350.41,269.58,350.41,269.58,350.41,269.58,350.41,269.58,350.41,269.58,350.41,269.58,350.41,269.58,350.41,269.58,0.00000,0.00000,0.00000,0.00000,0.00000,0.00000,0.00000,0.00000,0.00000,0.00000,0.00000,0.00000,0.00000,0.00000,0.00000,0.00000,0.00000,0.00000,0.00000,0.00000,0.00000,0.00000,0.00000,0.00000,0.00000,0.00000,0.00000,0.00000,0.00000,0.00000,0.00000,0.00000,0.00000,0.00000,0.00000,0.00000,0.00000,0.00000,0.00000,0.00000,0.00000,0.00000,0.00000,0.00000,0.00000,0.00000,0.00000,0.00000,0.00000,0.00000,0.00000,0.00000,0.00000,0.00000,0.00000,0.00000,0.00000,0.00000,0.00000,0.00000,0.00000,0.00000,0.00000,0.00000,0.00000,0.00000,0.00000,0.00000,0.00000,0.00000,0.00000,0.00000,0.00000,0.00000,0.00000,0.00000,0.00000,0.00000,0.00000,0.00000,0.00000,0.00000,0.00000,0.00000
0.6667,1,1,0.00,0.00,33.33,0.03296,0.03207,0.60065,0.60101,0.60101,1.3000,0,0,0.21691,-0.03394,0.06373,0.21689,-0.03488,0.06380,0.35,0.00,0.60101,0.18807,-0.20790,0.31698,1.46024,0.00001,0.99999,0.18109,-0.20803,0.31761,1.46116,0.00000,1.00000,27,0.21060,-0.09450,0.01494,0.19640,0.09380,0,0.97784,0.00000,-0.00000,-0.20933,virtual,0,354.70,269.08,354.70,269.08,354.70,269.08,354.70,269.08,354.70,269.08,354.70,269.08,354.70,269.08,354.70,269.08,354.70,269.08,354.70,269.08,354.70,269.08,354.70,269.08,354.70,269.08,354.70,269.08,354.70,269.08,354.70,269.08,354.70,269.08,354.70,269.08,354.70,269.08,354.70,269.08,354.70,269.08,0.00000,0.00000,0.00000,0.00000,0.00000,0.00000,0.00000,0.00000,0.00000,0.00000,0.00000,0.00000,0.00000,0.00000,0.00000,0.00000,0.00000,0.00000,0.00000,0.00000,0.00000,0.00000,0.00000,0.00000,0.00000,0.00000,0.00000,0.00000,0.00000,0.00000,0.00000,0.00000,0.00000,0.00000,0.00000,0.00000,0.00000,0.00000,0.00000,0.00000,0.00000,0.00000,0.00000,0.00000,0.00000,0.00000,0.00000,0.00000,0.00000,0.00000,0.00000,0.00000,0.00000,0.00000,0.00000,0.00000,0.00000,0.00000,0.00000,0.00000,0.00000,0.00000,0.00000,0.00000,0.00000,0.00000,0.00000,0.00000,0.00000,0.00000,0.00000,0.00000,0.00000,0.00000,0.00000,0.00000,0.00000,0.00000,0.00000,0.00000,0.00000,0.00000,0.00000,0.00000
0.7000,1,1,0.00,0.00,33.33,0.03775,0.03163,0.60283,0.60502,0.60502,1.3000,0,0,0.21582,-0.03873,0.06416,0.21550,-0.03998,0.06401,0.38,0.00,0.60502,0.21716,-0.20797,0.31532,1.46392,0.00001,1.00000,0.20798,-0.20876,0.31540,1.46415,0.00000,1.00000,27,0.21060,-0.09450,0.01494,0.19640,0.09380,0,0.97784,0.00000,-0.00000,-0.20933,virtual,0,358.97,268.59,358.97,268.59,358.97,268.59,358.97,268.59,358.97,268.59,358.97,268.59,358.97,268.59,358.97,268.59,358.97,268.59,358.97,268.59,358.97,268.59,358.97,268.59,358.97,268.59,358.97,268.59,358.97,268.59,358.97,268.59,358.97,268.59,358.97,268.59,358.97,268.59,358.97,268.59,358.97,268.59,0.00000,0.00000,0.00000,0.00000,0.00000,0.00000,0.00000,0.00000,0.00000,0.00000,0.00000,0.00000,0.00000,0.00000,0.00000,0.00000,0.00000,0.00000,0.00000,0.00000,0.00000,0.00000,0.00000,0.00000,0.00000,0.00000,0.00000,0.00000,0.00000,0.00000,0.00000,0.00000,0.00000,0.00000,0.00000,0.00000,0.00000,0.00000,0.00000,0.00000,0.00000,0.00000,0.00000,0.00000,0.00000,0.00000,0.00000,0.00000,0.00000,0.00000,0.00000,0.00000,0.00000,0.00000,0.00000,0.00000,0.00000,0.00000,0.00000,0.00000,0.00000,0.00000,0.00000,0.00000,0.00000,0.00000,0.00000,0.00000,0.00000,0.00000,0.00000,0.00000,0.00000,0.00000,0.00000,0.00000,0.00000,0.00000,0.00000,0.00000,0.00000,0.00000,0.00000,0.00000
0.7333,1,1,0.00,0.00,33.33,0.04247,0.03113,0.60381,0.60479,0.60479,1.3000,0,0,0.21533,-0.04345,0.06466,0.21507,-0.04421,0.06466,0.36,0.00,0.60479,0.24039,-0.20527,0.30779,1.46748,0.00000,1.00000,0.23408,-0.20438,0.30695,1.46816,0.00000,1.00000,27,0.21060,-0.09450,0.01494,0.19640,0.09380,0,0.97784,0.00000,-0.00000,-0.20933,virtual,0,363.24,268.07,363.24,268.07,363.24,268.07,363.24,268.07,363.24,268.07,363.24,268.07,363.24,268.07,363.24,268.07,363.24,268.07,363.24,268.07,363.24,268.07,363.24,268.07,363.24,268.07,363.24,268.07,363.24,268.07,363.24,268.07,363.24,268.07,363.24,268.07,363.24,268.07,363.24,268.07,363.24,268.07,0.00000,0.00000,0.00000,0.00000,0.00000,0.00000,0.00000,0.00000,0.00000,0.00000,0.00000,0.00000,0.00000,0.00000,0.00000,0.00000,0.00000,0.00000,0.00000,0.00000,0.00000,0.00000,0.00000,0.00000,0.00000,0.00000,0.00000,0.00000,0.00000,0.00000,0.00000,0.00000,0.00000,0.00000,0.00000,0.00000,0.00000,0.00000,0.00000,0.00000,0.00000,0.00000,0.00000,0.00000,0.00000,0.00000,0.00000,0.00000,0.00000,0.00000,0.00000,0.00000,0.00000,0.00000,0.00000,0.00000,0.00000,0.00000,0.00000,0.00000,0.00000,0.00000,0.00000,0.00000,0.00000,0.00000,0.00000,0.00000,0.00000,0.00000,0.00000,0.00000,0.00000,0.00000,0.00000,0.00000,0.00000,0.00000,0.00000,0.00000,0.00000,0.00000,0.00000,0.00000
0.7667,1,1,0.00,0.00,33.33,0.04747,0.03079,0.60799,0.61217,0.61217,1.3000,0,0,0.21324,-0.04845,0.06500,0.21315,-0.04925,0.06488,0.43,0.00,0.61217,0.26996,-0.20935,0.31034,1.46960,-0.00000,1.00000,0.26321,-0.21030,0.31095,1.47018,0.00000,1.00000,27,0.21060,-0.09450,0.01494,0.19640,0.09380,0,0.97784,0.00000,-0.00000,-0.20933,virtual,0,367.50,267.57,367.50,267.57,367.50,267.57,367.50,267.57,367.50,267.57,367.50,267.57,367.50,267.57,367.50,267.57,367.50,267.57,367.50,267.57,367.50,267.57,367.50,267.57,367.50,267.57,367.50,267.57,367.50,267.57,367.50,267.57,367.50,267.57,367.50,267.57,367.50,267.57,367.50,267.57,367.50,267.57,0.00000,0.00000,0.00000,0.00000,0.00000,0.00000,0.00000,0.00000,0.00000,0.00000,0.00000,0.00000,0.00000,0.00000,0.00000,0.00000,0.00000,0.00000,0.00000,0.00000,0.00000,0.00000,0.00000,0.00000,0.00000,0.00000,0.00000,0.00000,0.00000,0.00000,0.00000,0.00000,0.00000,0.00000,0.00000,0.00000,0.00000,0.00000,0.00000,0.00000,0.00000,0.00000,0.00000,0.00000,0.00000,0.00000,0.00000,0.00000,0.00000,0.00000,0.00000,0.00000,0.00000,0.00000,0.00000,0.00000,0.00000,0.00000,0.00000,0.00000,0.00000,0.00000,0.00000,0.00000,0.00000,0.00000,0.00000,0.00000,0.00000,0.00000,0.00000,0.00000,0.00000,0.00000,0.00000,0.00000,0.00000,0.00000,0.00000,0.00000,0.00000,0.00000,0.00000,0.00000
0.8000,1,1,0.00,0.00,33.33,0.05185,0.03009,0.60488,0.60178,0.60178,1.3000,0,0,0.21480,-0.05283,0.06571,0.21462,-0.05379,0.06487,0.32,0.01,0.60178,0.29164,-0.17912,0.27843,1.47649,-0.00001,1.00000,0.28500,-0.18939,0.28310,1.47690,0.00000,1.00000,27,0.21060,-0.09450,0.01494,0.19640,0.09380,0,0.97784,0.00000,-0.00000,-0.20933,virtual,0,371.79,267.06,371.79,267.06,371.79,267.06,371.79,267.06,371.79,267.06,371.79,267.06,371.79,267.06,371.79,267.06,371.79,267.06,371.79,267.06,371.79,267.06,371.79,267.06,371.79,267.06,371.79,267.06,371.79,267.06,371.79,267.06,371.79,267.06,371.79,267.06,371.79,267.06,371.79,267.06,371.79,267.06,0.00000,0.00000,0.00000,0.00000,0.00000,0.00000,0.00000,0.00000,0.00000,0.00000,0.00000,0.00000,0.00000,0.00000,0.00000,0.00000,0.00000,0.00000,0.00000,0.00000,0.00000,0.00000,0.00000,0.00000,0.00000,0.00000,0.00000,0.00000,0.00000,0.00000,0.00000,0.00000,0.00000,0.00000,0.00000,0.00000,0.00000,0.00000,0.00000,0.00000,0.00000,0.00000,0.00000,0.00000,0.00000,0.00000,0.00000,0.00000,0.00000,0.00000,0.00000,0.00000,0.00000,0.00000,0.00000,0.00000,0.00000,0.00000,0.00000,0.00000,0.00000,0.00000,0.00000,0.00000,0.00000,0.00000,0.00000,0.00000,0.00000,0.00000,0.00000,0.00000,0.00000,0.00000,0.00000,0.00000,0.00000,0.00000,0.00000,0.00000,0.00000,0.00000,0.00000,0.00000
0.8333,1,1,0.00,0.00,33.33,0.05644,0.02947,0.60444,0.60399,0.60399,1.3000,0,0,0.21502,-0.05742,0.06633,0.21449,-0.05800,0.06631,0.32,0.01,0.60399,0.31362,-0.17694,0.26589,1.48166,-0.00001,1.00000,0.30827,-0.17550,0.26402,1.48214,0.00000,1.00000,27,0.21060,-0.09450,0.01494,0.19640,0.09380,0,0.97784,0.00000,-0.00000,-0.20933,virtual,0,376.01,266.48,376.01,266.48,376.01,266.48,376.01,266.48,376.01,266.48,376.01,266.48,376.01,266.48,376.01,266.48,376.01,266.48,376.01,266.48,376.01,266.48,376.01,266.48,376.01,266.48,376.01,266.48,376.01,266.48,376.01,266.48,376.01,266.48,376.01,266.48,376.01,266.48,376.01,266.48,376.01,266.48,0.00000,0.00000,0.00000,0.00000,0.00000,0.00000,0.00000,0.00000,0.00000,0.00000,0.00000,0.00000,0.00000,0.00000,0.00000,0.00000,0.00000,0.00000,0.00000,0.00000,0.00000,0.00000,0.00000,0.00000,0.00000,0.00000,0.00000,0.00000,0.00000,0.00000,0.00000,0.00000,0.00000,0.00000,0.00000,0.00000,0.00000,0.00000,0.00000,0.00000,0.00000,0.00000,0.00000,0.00000,0.00000,0.00000,0.00000,0.00000,0.00000,0.00000,0.00000,0.00000,0.00000,0.00000,0.00000,0.00000,0.00000,0.00000,0.00000,0.00000,0.00000,0.00000,0.00000,0.00000,0.00000,0.00000,0.00000,0.00000,0.00000,0.00000,0.00000,0.00000,0.00000,0.00000,0.00000,0.00000,0.00000,0.00000,0.00000,0.00000,0.00000,0.00000,0.00000,0.00000
0.8667,1,1,0.00,0.00,33.33,0.06203,0.02933,0.61349,0.62254,0.62254,1.3000,0,0,0.21049,-0.06301,0.06646,0.20852,-0.06323,0.06500,0.58,0.01,0.62254,0.35130,-0.19641,0.29525,1.48165,-0.00000,1.00000,0.34342,-0.19437,0.28421,1.48110,0.00000,1.00000,27,0.21060,-0.09450,0.01494,0.19640,0.09380,0,0.97784,0.00000,0.00000,-0.20933,virtual,0,380.21,266.00,380.21,266.00,380.21,266.00,380.21,266.00,380.21,266.00,380.21,266.00,380.21,266.00,380.21,266.00,380.21,266.00,380.21,266.00,380.21,266.00,380.21,266.00,380.21,266.00,380.21,266.00,380.21,266.00,380.21,266.00,380.21,266.00,380.21,266.00,380.21,266.00,380.21,266.00,380.21,266.00,0.00000,0.00000,0.00000,0.00000,0.00000,0.00000,0.00000,0.00000,0.00000,0.00000,0.00000,0.00000,0.00000,0.00000,0.00000,0.00000,0.00000,0.00000,0.00000,0.00000,0.00000,0.00000,0.00000,0.00000,0.00000,0.00000,0.00000,0.00000,0.00000,0.00000,0.00000,0.00000,0.00000,0.00000,0.00000,0.00000,0.00000,0.00000,0.00000,0.00000,0.00000,0.00000,0.00000,0.00000,0.00000,0.00000,0.00000,0.00000,0.00000,0.00000,0.00000,0.00000,0.00000,0.00000,0.00000,0.00000,0.00000,0.00000,0.00000,0.00000,0.00000,0.00000,0.00000,0.00000,0.00000,0.00000,0.00000,0.00000,0.00000,0.00000,0.00000,0.00000,0.00000,0.00000,0.00000,0.00000,0.00000,0.00000,0.00000,0.00000,0.00000,0.00000,0.00000,0.00000
0.9000,1,1,0.00,0.00,33.33,0.06585,0.02834,0.60575,0.59802,0.59802,1.3000,0,0,0.21436,-0.06683,0.06746,0.21029,-0.06544,0.06358,0.37,0.02,0.59802,0.35929,-0.15008,0.25541,1.49315,-0.00000,1.00000,0.35787,-0.15614,0.23469,1.49190,0.00000,1.00000,27,0.21060,-0.09450,0.01494,0.19640,0.09380,0,0.97784,0.00000,0.00000,-0.20933,virtual,0,384.56,265.34,384.56,265.34,384.56,265.34,384.56,265.34,384.56,265.34,384.56,265.34,384.56,265.34,384.56,265.34,384.56,265.34,384.56,265.34,384.56,265.34,384.56,265.34,384.56,265.34,384.56,265.34,384.56,265.34,384.56,265.34,384.56,265.34,384.56,265.34,384.56,265.34,384.56,265.34,384.56,265.34,0.00000,0.00000,0.00000,0.00000,0.00000,0.00000,0.00000,0.00000,0.00000,0.00000,0.00000,0.00000,0.00000,0.00000,0.00000,0.00000,0.00000,0.00000,0.00000,0.00000,0.00000,0.00000,0.00000,0.00000,0.00000,0.00000,0.00000,0.00000,0.00000,0.00000,0.00000,0.00000,0.00000,0.00000,0.00000,0.00000,0.00000,0.00000,0.00000,0.00000,0.00000,0.00000,0.00000,0.00000,0.00000,0.00000,0.00000,0.00000,0.00000,0.00000,0.00000,0.00000,0.00000,0.00000,0.00000,0.00000,0.00000,0.00000,0.00000,0.00000,0.00000,0.00000,0.00000,0.00000,0.00000,0.00000,0.00000,0.00000,0.00000,0.00000,0.00000,0.00000,0.00000,0.00000,0.00000,0.00000,0.00000,0.00000,0.00000,0.00000,0.00000,0.00000,0.00000,0.00000
0.9333,1,1,0.00,0.00,33.33,0.07006,0.02734,0.60201,0.59827,0.59827,1.3000,0,0,0.21623,-0.07104,0.06846,0.21732,-0.07230,0.06751,0.31,0.02,0.59827,0.37977,-0.10607,0.17954,1.50142,-0.00000,1.00000,0.37492,-0.12735,0.19610,1.50177,0.00000,1.00000,27,0.21060,-0.09450,0.01494,0.19640,0.09380,0,0.97784,0.00000,0.00000,-0.20933,virtual,0,388.82,264.40,388.82,264.40,388.82,264.40,388.82,264.40,388.82,264.40,388.82,264.40,388.82,264.40,388.82,264.40,388.82,264.40,388.82,264.40,388.82,264.40,388.82,264.40,388.82,264.40,388.82,264.40,388.82,264.40,388.82,264.40,388.82,264.40,388.82,264.40,388.82,264.40,388.82,264.40,388.82,264.40,0.00000,0.00000,0.00000,0.00000,0.00000,0.00000,0.00000,0.00000,0.00000,0.00000,0.00000,0.00000,0.00000,0.00000,0.00000,0.00000,0.00000,0.00000,0.00000,0.00000,0.00000,0.00000,0.00000,0.00000,0.00000,0.00000,0.00000,0.00000,0.00000,0.00000,0.00000,0.00000,0.00000,0.00000,0.00000,0.00000,0.00000,0.00000,0.00000,0.00000,0.00000,0.00000,0.00000,0.00000,0.00000,0.00000,0.00000,0.00000,0.00000,0.00000,0.00000,0.00000,0.00000,0.00000,0.00000,0.00000,0.00000,0.00000,0.00000,0.00000,0.00000,0.00000,0.00000,0.00000,0.00000,0.00000,0.00000,0.00000,0.00000,0.00000,0.00000,0.00000,0.00000,0.00000,0.00000,0.00000,0.00000,0.00000,0.00000,0.00000,0.00000,0.00000,0.00000,0.00000
0.9667,1,1,0.00,0.00,33.33,0.07532,0.02689,0.60842,0.61483,0.61483,1.3000,0,0,0.21303,-0.07630,0.06891,0.21208,-0.07809,0.06965,0.43,0.00,0.61483,0.41834,-0.14098,0.20301,1.50384,-0.00001,1.00000,0.40546,-0.13302,0.19989,1.50395,0.00000,1.00000,27,0.21060,-0.09450,0.01494,0.19640,0.09380,0,0.97784,0.00000,0.00000,-0.20933,virtual,0,392.63,263.83,392.63,263.83,392.63,263.83,392.63,263.83,392.63,263.83,392.63,263.83,392.63,263.83,392.63,263.83,392.63,263.83,392.63,263.83,392.63,263.83,392.63,263.83,392.63,263.83,392.63,263.83,392.63,263.83,392.63,263.83,392.63,263.83,392.63,263.83,392.63,263.83,392.63,263.83,392.63,263.83,0.00000,0.00000,0.00000,0.00000,0.00000,0.00000,0.00000,0.00000,0.00000,0.00000,0.00000,0.00000,0.00000,0.00000,0.00000,0.00000,0.00000,0.00000,0.00000,0.00000,0.00000,0.00000,0.00000,0.00000,0.00000,0.00000,0.00000,0.00000,0.00000,0.00000,0.00000,0.00000,0.00000,0.00000,0.00000,0.00000,0.00000,0.00000,0.00000,0.00000,0.00000,0.00000,0.00000,0.00000,0.00000,0.00000,0.00000,0.00000,0.00000,0.00000,0.00000,0.00000,0.00000,0.00000,0.00000,0.00000,0.00000,0.00000,0.00000,0.00000,0.00000,0.00000,0.00000,0.00000,0.00000,0.00000,0.00000,0.00000,0.00000,0.00000,0.00000,0.00000,0.00000,0.00000,0.00000,0.00000,0.00000,0.00000,0.00000,0.00000,0.00000,0.00000,0.00000,0.00000
1.0000,1,1,0.00,0.00,33.33,0.08057,0.02668,0.61373,0.61904,0.61904,1.3000,0,0,0.21037,-0.08155,0.06911,0.20975,-0.08236,0.06848,0.42,0.00,0.61904,0.44389,-0.13144,0.20045,1.50549,-0.00000,1.00000,0.43642,-0.13550,0.20084,1.50546,0.00000,1.00000,27,0.21060,-0.09450,0.01494,0.19640,0.09380,0,0.97784,0.00000,0.00000,-0.20933,virtual,0,396.84,263.71,396.84,263.71,396.84,263.71,396.84,263.71,396.84,263.71,396.84,263.71,396.84,263.71,396.84,263.71,396.84,263.71,396.84,263.71,396.84,263.71,396.84,263.71,396.84,263.71,396.84,263.71,396.84,263.71,396.84,263.71,396.84,263.71,396.84,263.71,396.84,263.71,396.84,263.71,396.84,263.71,0.00000,0.00000,0.00000,0.00000,0.00000,0.00000,0.00000,0.00000,0.00000,0.00000,0.00000,0.00000,0.00000,0.00000,0.00000,0.00000,0.00000,0.00000,0.00000,0.00000,0.00000,0.00000,0.00000,0.00000,0.00000,0.00000,0.00000,0.00000,0.00000,0.00000,0.00000,0.00000,0.00000,0.00000,0.00000,0.00000,0.00000,0.00000,0.00000,0.00000,0.00000,0.00000,0.00000,0.00000,0.00000,0.00000,0.00000,0.00000,0.00000,0.00000,0.00000,0.00000,0.00000,0.00000,0.00000,0.00000,0.00000,0.00000,0.00000,0.00000,0.00000,0.00000,0.00000,0.00000,0.00000,0.00000,0.00000,0.00000,0.00000,0.00000,0.00000,0.00000,0.00000,0.00000,0.00000,0.00000,0.00000,0.00000,0.00000,0.00000,0.00000,0.00000,0.00000,0.00000
1.0333,1,1,0.00,0.00,33.33,0.08567,0.02631,0.61667,0.61961,0.61961,1.3000,0,0,0.20890,-0.08665,0.06949,0.20804,-0.08772,0.06935,0.37,0.00,0.61961,0.47313,-0.12878,0.19142,1.50850,-0.00001,1.00000,0.46431,-0.12815,0.18967,1.50920,0.00000,1.00000,27,0.21060,-0.09450,0.01494,0.19640,0.09380,0,0.97784,0.00000,0.00000,-0.20933,virtual,0,401.20,263.20,401.20,263.20,401.20,263.20,401.20,263.20,401.20,263.20,401.20,263.20,401.20,263.20,401.20,263.20,401.20,263.20,401.20,263.20,401.20,263.20,401.20,263.20,401.20,263.20,401.20,263.20,401.20,263.20,401.20,263.20,401.20,263.20,401.20,263.20,401.20,263.20,401.20,263.20,401.20,263.20,0.00000,0.00000,0.00000,0.00000,0.00000,0.00000,0.00000,0.00000,0.00000,0.00000,0.00000,0.00000,0.00000,0.00000,0.00000,0.00000,0.00000,0.00000,0.00000,0.00000,0.00000,0.00000,0.00000,0.00000,0.00000,0.00000,0.00000,0.00000,0.00000,0.00000,0.00000,0.00000,0.00000,0.00000,0.00000,0.00000,0.00000,0.00000,0.00000,0.00000,0.00000,0.00000,0.00000,0.00000,0.00000,0.00000,0.00000,0.00000,0.00000,0.00000,0.00000,0.00000,0.00000,0.00000,0.00000,0.00000,0.00000,0.00000,0.00000,0.00000,0.00000,0.00000,0.00000,0.00000,0.00000,0.00000,0.00000,0.00000,0.00000,0.00000,0.00000,0.00000,0.00000,0.00000,0.00000,0.00000,0.00000,0.00000,0.00000,0.00000,0.00000,0.00000,0.00000,0.00000
1.0667,1,1,0.00,0.00,33.33,0.08755,0.02593,0.61349,0.61032,0.61032,1.3000,0,0,0.21049,-0.08853,0.06987,0.21057,-0.08852,0.06855,0.19,0.01,0.61032,0.47086,-0.09673,0.16109,1.51345,-0.00000,1.00000,0.47071,-0.10899,0.16521,1.51440,0.00000,1.00000,27,0.21060,-0.09450,0.01494,0.19640,0.09380,0,0.97784,0.00000,0.00000,-0.20933,virtual,0,401.20,263.20,401.20,263.20,401.20,263.20,401.20,263.20,401.20,263.20,401.20,263.20,401.20,263.20,401.20,263.20,401.20,263.20,401.20,263.20,401.20,263.20,401.20,263.20,401.20,263.20,401.20,263.20,401.20,263.20,401.20,263.20,401.20,263.20,401.20,263.20,401.20,263.20,401.20,263.20,401.20,263.20,0.00000,0.00000,0.00000,0.00000,0.00000,0.00000,0.00000,0.00000,0.00000,0.00000,0.00000,0.00000,0.00000,0.00000,0.00000,0.00000,0.00000,0.00000,0.00000,0.00000,0.00000,0.00000,0.00000,0.00000,0.00000,0.00000,0.00000,0.00000,0.00000,0.00000,0.00000,0.00000,0.00000,0.00000,0.00000,0.00000,0.00000,0.00000,0.00000,0.00000,0.00000,0.00000,0.00000,0.00000,0.00000,0.00000,0.00000,0.00000,0.00000,0.00000,0.00000,0.00000,0.00000,0.00000,0.00000,0.00000,0.00000,0.00000,0.00000,0.00000,0.00000,0.00000,0.00000,0.00000,0.00000,0.00000,0.00000,0.00000,0.00000,0.00000,0.00000,0.00000,0.00000,0.00000,0.00000,0.00000,0.00000,0.00000,0.00000,0.00000,0.00000,0.00000,0.00000,0.00000
1.1000,1,1,0.00,0.00,33.33,0.08873,0.02811,0.61190,0.61031,0.61031,1.3000,0,0,0.21129,-0.08971,0.06769,0.21075,-0.08922,0.06745,0.33,0.00,0.61031,0.47365,-0.09716,0.17006,1.50139,0.00001,1.00000,0.47442,-0.09795,0.16766,1.50110,0.00000,1.00000,27,0.21060,-0.09450,0.01494,0.19640,0.09380,0,0.97784,0.00000,0.00000,-0.20933,virtual,0,401.66,267.50,401.66,267.50,401.66,267.50,401.66,267.50,401.66,267.50,401.66,267.50,401.66,267.50,401.66,267.50,401.66,267.50,401.66,267.50,401.66,267.50,401.66,267.50,401.66,267.50,401.66,267.50,401.66,267.50,401.66,267.50,401.66,267.50,401.66,267.50,401.66,267.50,401.66,267.50,401.66,267.50,0.00000,0.00000,0.00000,0.00000,0.00000,0.00000,0.00000,0.00000,0.00000,0.00000,0.00000,0.00000,0.00000,0.00000,0.00000,0.00000,0.00000,0.00000,0.00000,0.00000,0.00000,0.00000,0.00000,0.00000,0.00000,0.00000,0.00000,0.00000,0.00000,0.00000,0.00000,0.00000,0.00000,0.00000,0.00000,0.00000,0.00000,0.00000,0.00000,0.00000,0.00000,0.00000,0.00000,0.00000,0.00000,0.00000,0.00000,0.00000,0.00000,0.00000,0.00000,0.00000,0.00000,0.00000,0.00000,0.00000,0.00000,0.00000,0.00000,0.00000,0.00000,0.00000,0.00000,0.00000,0.00000,0.00000,0.00000,0.00000,0.00000,0.00000,0.00000,0.00000,0.00000,0.00000,0.00000,0.00000,0.00000,0.00000,0.00000,0.00000,0.00000,0.00000,0.00000,0.00000
1.1333,1,1,0.00,0.00,33.33,0.08955,0.03157,0.61112,0.61034,0.61034,1.3000,0,0,0.21168,-0.09053,0.06423,0.21065,-0.09007,0.06330,0.45,0.01,0.61034,0.47782,-0.08975,0.19229,1.47394,0.00001,1.00000,0.47729,-0.09080,0.18450,1.47722,0.00000,1.00000,27,0.21060,-0.09450,0.01494,0.19640,0.09380,0,0.97784,0.00000,0.00000,-0.20933,virtual,0,402.07,271.81,402.07,271.81,402.07,271.81,402.07,271.81,402.07,271.81,402.07,271.81,402.07,271.81,402.07,271.81,402.07,271.81,402.07,271.81,402.07,271.81,402.07,271.81,402.07,271.81,402.07,271.81,402.07,271.81,402.07,271.81,402.07,271.81,402.07,271.81,402.07,271.81,402.07,271.81,402.07,271.81,0.00000,0.00000,0.00000,0.00000,0.00000,0.00000,0.00000,0.00000,0.00000,0.00000,0.00000,0.00000,0.00000,0.00000,0.00000,0.00000,0.00000,0.00000,0.00000,0.00000,0.00000,0.00000,0.00000,0.00000,0.00000,0.00000,0.00000,0.00000,0.00000,0.00000,0.00000,0.00000,0.00000,0.00000,0.00000,0.00000,0.00000,0.00000,0.00000,0.00000,0.00000,0.00000,0.00000,0.00000,0.00000,0.00000,0.00000,0.00000,0.00000,0.00000,0.00000,0.00000,0.00000,0.00000,0.00000,0.00000,0.00000,0.00000,0.00000,0.00000,0.00000,0.00000,0.00000,0.00000,0.00000,0.00000,0.00000,0.00000,0.00000,0.00000,0.00000,0.00000,0.00000,0.00000,0.00000,0.00000,0.00000,0.00000,0.00000,0.00000,0.00000,0.00000,0.00000,0.00000
1.1667,1,1,0.00,0.00,33.33,0.09017,0.03567,0.61073,0.61035,0.61035,1.3000,0,0,0.21187,-0.09115,0.06012,0.21241,-0.09141,0.05951,0.52,0.01,0.61035,0.47973,-0.08406,0.21503,1.43405,0.00001,1.00000,0.47965,-0.08474,0.20766,1.44804,0.00000,1.00000,27,0.21060,-0.09450,0.01494,0.19640,0.09380,0,0.97784,-0.00000,-0.00000,-0.20933,virtual,0,402.44,276.13,402.44,276.13,402.44,276.13,402.44,276.13,402.44,276.13,402.44,276.13,402.44,276.13,402.44,276.13,402.44,276.13,402.44,276.13,402.44,276.13,402.44,276.13,402.44,276.13,402.44,276.13,402.44,276.13,402.44,276.13,402.44,276.13,402.44,276.13,402.44,276.13,402.44,276.13,402.44,276.13,0.00000,0.00000,0.00000,0.00000,0.00000,0.00000,0.00000,0.00000,0.00000,0.00000,0.00000,0.00000,0.00000,0.00000,0.00000,0.00000,0.00000,0.00000,0.00000,0.00000,0.00000,0.00000,0.00000,0.00000,0.00000,0.00000,0.00000,0.00000,0.00000,0.00000,0.00000,0.00000,0.00000,0.00000,0.00000,0.00000,0.00000,0.00000,0.00000,0.00000,0.00000,0.00000,0.00000,0.00000,0.00000,0.00000,0.00000,0.00000,0.00000,0.00000,0.00000,0.00000,0.00000,0.00000,0.00000,0.00000,0.00000,0.00000,0.00000,0.00000,0.00000,0.00000,0.00000,0.00000,0.00000,0.00000,0.00000,0.00000,0.00000,0.00000,0.00000,0.00000,0.00000,0.00000,0.00000,0.00000,0.00000,0.00000,0.00000,0.00000,0.00000,0.00000,0.00000,0.00000
1.2000,1,1,0.00,0.00,33.33,0.09063,0.04010,0.61072,0.61071,0.61071,1.3000,0,0,0.21188,-0.09161,0.05569,0.21067,-0.09093,0.05464,0.57,0.01,0.61071,0.48168,-0.07810,0.24341,1.41187,0.00000,1.00000,0.48174,-0.07920,0.23406,1.41613,0.00000,1.00000,27,0.21060,-0.09450,0.01494,0.19640,0.09380,0,0.97784,-0.00000,-0.00000,-0.20933,virtual,0,402.67,280.42,402.67,280.42,402.67,280.42,402.67,280.42,402.67,280.42,402.67,280.42,402.67,280.42,402.67,280.42,402.67,280.42,402.67,280.42,402.67,280.42,402.67,280.42,402.67,280.42,402.67,280.42,402.67,280.42,402.67,280.42,402.67,280.42,402.67,280.42,402.67,280.42,402.67,280.42,402.67,280.42,0.00000,0.00000,0.00000,0.00000,0.00000,0.00000,0.00000,0.00000,0.00000,0.00000,0.00000,0.00000,0.00000,0.00000,0.00000,0.00000,0.00000,0.00000,0.00000,0.00000,0.00000,0.00000,0.00000,0.00000,0.00000,0.00000,0.00000,0.00000,0.00000,0.00000,0.00000,0.00000,0.00000,0.00000,0.00000,0.00000,0.00000,0.00000,0.00000,0.00000,0.00000,0.00000,0.00000,0.00000,0.00000,0.00000,0.00000,0.00000,0.00000,0.00000,0.00000,0.00000,0.00000,0.00000,0.00000,0.00000,0.00000,0.00000,0.00000,0.00000,0.00000,0.00000,0.00000,0.00000,0.00000,0.00000,0.00000,0.00000,0.00000,0.00000,0.00000,0.00000,0.00000,0.00000,0.00000,0.00000,0.00000,0.00000,0.00000,0.00000,0.00000,0.00000,0.00000,0.00000
1.2333,1,1,0.00,0.00,33.33,0.09080,0.04456,0.60902,0.60732,0.60732,1.3000,0,0,0.21273,-0.09178,0.05124,0.21179,-0.09131,0.04991,0.64,0.01,0.60732,0.48074,-0.06079,0.25884,1.38021,-0.00000,1.00000,0.48072,-0.06761,0.25368,1.38486,0.00000,1.00000,27,0.21060,-0.09450,0.01494,0.19640,0.09380,0,0.97784,0.00000,0.00000,-0.20933,virtual,0,403.03,284.73,403.03,284.73,403.03,284.73,403.03,284.73,403.03,284.73,403.03,284.73,403.03,284.73,403.03,284.73,403.03,284.73,403.03,284.73,403.03,284.73,403.03,284.73,403.03,284.73,403.03,284.73,403.03,284.73,403.03,284.73,403.03,284.73,403.03,284.73,403.03,284.73,403.03,284.73,403.03,284.73,0.00000,0.00000,0.00000,0.00000,0.00000,0.00000,0.00000,0.00000,0.00000,0.00000,0.00000,0.00000,0.00000,0.00000,0.00000,0.00000,0.00000,0.00000,0.00000,0.00000,0.00000,0.00000,0.00000,0.00000,0.00000,0.00000,0.00000,0.00000,0.00000,0.00000,0.00000,0.00000,0.00000,0.00000,0.00000,0.00000,0.00000,0.00000,0.00000,0.00000,0.00000,0.00000,0.00000,0.00000,0.00000,0.00000,0.00000,0.00000,0.00000,0.00000,0.00000,0.00000,0.00000,0.00000,0.00000,0.00000,0.00000,0.00000,0.00000,0.00000,0.00000,0.00000,0.00000,0.00000,0.00000,0.00000,0.00000,0.00000,0.00000,0.00000,0.00000,0.00000,0.00000,0.00000,0.00000,0.00000,0.00000,0.00000,0.00000,0.00000,0.00000,0.00000,0.00000,0.00000
1.2667,1,1,0.00,0.00,33.33,0.09074,0.04894,0.60599,0.60295,0.60295,1.3000,0,0,0.21424,-0.09172,0.04686,0.21505,-0.09226,0.04674,0.69,0.01,0.60295,0.47741,-0.04741,0.26837,1.34268,-0.00001,1.00000,0.47703,-0.05078,0.26682,1.35485,0.00000,1.00000,27,0.21060,-0.09450,0.01494,0.19640,0.09380,0,0.97784,0.00000,0.00000,-0.20933,virtual,0,403.35,289.01,403.35,289.01,403.35,289.01,403.35,289.01,403.35,289.01,403.35,289.01,403.35,289.01,403.35,289.01,403.35,289.01,403.35,289.01,403.35,289.01,403.35,289.01,403.35,289.01,403.35,289.01,403.35,289.01,403.35,289.01,403.35,289.01,403.35,289.01,403.35,289.01,403.35,289.01,403.35,289.01,0.00000,0.00000,0.00000,0.00000,0.00000,0.00000,0.00000,0.00000,0.00000,0.00000,0.00000,0.00000,0.00000,0.00000,0.00000,0.00000,0.00000,0.00000,0.00000,0.00000,0.00000,0.00000,0.00000,0.00000,0.00000,0.00000,0.00000,0.00000,0.00000,0.00000,0.00000,0.00000,0.00000,0.00000,0.00000,0.00000,0.00000,0.00000,0.00000,0.00000,0.00000,0.00000,0.00000,0.00000,0.00000,0.00000,0.00000,0.00000,0.00000,0.00000,0.00000,0.00000,0.00000,0.00000,0.00000,0.00000,0.00000,0.00000,0.00000,0.00000,0.00000,0.00000,0.00000,0.00000,0.00000,0.00000,0.00000,0.00000,0.00000,0.00000,0.00000,0.00000,0.00000,0.00000,0.00000,0.00000,0.00000,0.00000,0.00000,0.00000,0.00000,0.00000,0.00000,0.00000
1.3000,1,1,0.00,0.00,33.33,0.09147,0.05385,0.60911,0.61223,0.61223,1.3000,0,0,0.21268,-0.09244,0.04195,0.21323,-0.09247,0.04179,0.60,0.02,0.61223,0.48260,-0.04899,0.30745,1.30723,-0.00000,1.00000,0.48332,-0.05023,0.30353,1.31776,0.00000,1.00000,27,0.21060,-0.09450,0.01494,0.19640,0.09380,0,0.97784,0.00000,0.00000,-0.20933,virtual,0,403.46,293.19,403.46,293.19,403.46,293.19,403.46,293.19,403.46,293.19,403.46,293.19,403.46,293.19,403.46,293.19,403.46,293.19,403.46,293.19,403.46,293.19,403.46,293.19,403.46,293.19,403.46,293.19,403.46,293.19,403.46,293.19,403.46,293.19,403.46,293.19,403.46,293.19,403.46,293.19,403.46,293.19,0.00000,0.00000,0.00000,0.00000,0.00000,0.00000,0.00000,0.00000,0.00000,0.00000,0.00000,0.00000,0.00000,0.00000,0.00000,0.00000,0.00000,0.00000,0.00000,0.00000,0.00000,0.00000,0.00000,0.00000,0.00000,0.00000,0.00000,0.00000,0.00000,0.00000,0.00000,0.00000,0.00000,0.00000,0.00000,0.00000,0.00000,0.00000,0.00000,0.00000,0.00000,0.00000,0.00000,0.00000,0.00000,0.00000,0.00000,0.00000,0.00000,0.00000,0.00000,0.00000,0.00000,0.00000,0.00000,0.00000,0.00000,0.00000,0.00000,0.00000,0.00000,0.00000,0.00000,0.00000,0.00000,0.00000,0.00000,0.00000,0.00000,0.00000,0.00000,0.00000,0.00000,0.00000,0.00000,0.00000,0.00000,0.00000,0.00000,0.00000,0.00000,0.00000,0.00000,0.00000
1.3333,1,1,0.00,0.00,33.33,0.09265,0.05912,0.61548,0.62185,0.62185,1.3000,0,0,0.20950,-0.09363,0.03667,0.20642,-0.09298,0.03424,0.60,0.02,0.62185,0.50146,-0.05868,0.37502,1.26640,0.00001,1.00000,0.49582,-0.05802,0.35294,1.27623,0.00000,1.00000,27,0.21060,-0.09450,0.01494,0.19640,0.09380,0,0.97784,0.00000,0.00000,-0.20933,virtual,0,403.64,297.40,403.64,297.40,403.64,297.40,403.64,297.40,403.64,297.40,403.64,297.40,403.64,297.40,403.64,297.40,403.64,297.40,403.64,297.40,403.64,297.40,403.64,297.40,403.64,297.40,403.64,297.40,403.64,297.40,403.64,297.40,403.64,297.40,403.64,297.40,403.64,297.40,403.64,297.40,403.64,297.40,0.00000,0.00000,0.00000,0.00000,0.00000,0.00000,0.00000,0.00000,0.00000,0.00000,0.00000,0.00000,0.00000,0.00000,0.00000,0.00000,0.00000,0.00000,0.00000,0.00000,0.00000,0.00000,0.00000,0.00000,0.00000,0.00000,0.00000,0.00000,0.00000,0.00000,0.00000,0.00000,0.00000,0.00000,0.00000,0.00000,0.00000,0.00000,0.00000,0.00000,0.00000,0.00000,0.00000,0.00000,0.00000,0.00000,0.00000,0.00000,0.00000,0.00000,0.00000,0.00000,0.00000,0.00000,0.00000,0.00000,0.00000,0.00000,0.00000,0.00000,0.00000,0.00000,0.00000,0.00000,0.00000,0.00000,0.00000,0.00000,0.00000,0.00000,0.00000,0.00000,0.00000,0.00000,0.00000,0.00000,0.00000,0.00000,0.00000,0.00000,0.00000,0.00000,0.00000,0.00000
1.3667,1,1,0.00,0.00,33.33,0.09222,0.06326,0.60994,0.60439,0.60439,1.3000,0,0,0.21227,-0.09320,0.03254,0.20855,-0.09021,0.02813,0.79,0.00,0.60439,0.48349,-0.01420,0.36832,1.24747,0.00000,0.99999,0.48848,-0.03226,0.35345,1.24960,0.00000,1.00000,27,0.21060,-0.09450,0.01494,0.19640,0.09380,0,0.97784,0.00000,0.00000,-0.20933,virtual,0,404.17,301.80,404.17,301.80,404.17,301.80,404.17,301.80,404.17,301.80,404.17,301.80,404.17,301.80,404.17,301.80,404.17,301.80,404.17,301.80,404.17,301.80,404.17,301.80,404.17,301.80,404.17,301.80,404.17,301.80,404.17,301.80,404.17,301.80,404.17,301.80,404.17,301.80,404.17,301.80,404.17,301.80,0.00000,0.00000,0.00000,0.00000,0.00000,0.00000,0.00000,0.00000,0.00000,0.00000,0.00000,0.00000,0.00000,0.00000,0.00000,0.00000,0.00000,0.00000,0.00000,0.00000,0.00000,0.00000,0.00000,0.00000,0.00000,0.00000,0.00000,0.00000,0.00000,0.00000,0.00000,0.00000,0.00000,0.00000,0.00000,0.00000,0.00000,0.00000,0.00000,0.00000,0.00000,0.00000,0.00000,0.00000,0.00000,0.00000,0.00000,0.00000,0.00000,0.00000,0.00000,0.00000,0.00000,0.00000,0.00000,0.00000,0.00000,0.00000,0.00000,0.00000,0.00000,0.00000,0.00000,0.00000,0.00000,0.00000,0.00000,0.00000,0.00000,0.00000,0.00000,0.00000,0.00000,0.00000,0.00000,0.00000,0.00000,0.00000,0.00000,0.00000,0.00000,0.00000,0.00000,0.00000
1.4000,1,1,0.00,0.00,33.33,0.09313,0.06800,0.61004,0.61014,0.61014,1.3000,0,0,0.21222,-0.09411,0.02780,0.21193,-0.09405,0.02814,0.77,0.01,0.61014,0.49274,-0.01585,0.37268,1.21282,0.00000,1.00000,0.49210,-0.01641,0.37113,1.21621,0.00000,1.00000,27,0.21060,-0.09450,0.01494,0.19640,0.09380,0,0.97784,-0.00000,-0.00000,-0.20933,virtual,0,405.43,306.08,405.43,306.08,405.43,306.08,405.43,306.08,405.43,306.08,405.43,306.08,405.43,306.08,405.43,306.08,405.43,306.08,405.43,306.08,405.43,306.08,405.43,306.08,405.43,306.08,405.43,306.08,405.43,306.08,405.43,306.08,405.43,306.08,405.43,306.08,405.43,306.08,405.43,306.08,405.43,306.08,0.00000,0.00000,0.00000,0.00000,0.00000,0.00000,0.00000,0.00000,0.00000,0.00000,0.00000,0.00000,0.00000,0.00000,0.00000,0.00000,0.00000,0.00000,0.00000,0.00000,0.00000,0.00000,0.00000,0.00000,0.00000,0.00000,0.00000,0.00000,0.00000,0.00000,0.00000,0.00000,0.00000,0.00000,0.00000,0.00000,0.00000,0.00000,0.00000,0.00000,0.00000,0.00000,0.00000,0.00000,0.00000,0.00000,0.00000,0.00000,0.00000,0.00000,0.00000,0.00000,0.00000,0.00000,0.00000,0.00000,0.00000,0.00000,0.00000,0.00000,0.00000,0.00000,0.00000,0.00000,0.00000,0.00000,0.00000,0.00000,0.00000,0.00000,0.00000,0.00000,0.00000,0.00000,0.00000,0.00000,0.00000,0.00000,0.00000,0.00000,0.00000,0.00000,0.00000,0.00000
1.4333,1,1,0.00,0.00,33.33,0.09315,0.07233,0.60723,0.60441,0.60441,1.3000,0,0,0.21363,-0.09413,0.02347,0.21429,-0.09462,0.02252,0.79,0.00,0.60441,0.48966,0.01488,0.37964,1.17149,-0.00001,1.00000,0.48923,0.00568,0.37816,1.18702,0.00000,1.00000,27,0.21060,-0.09450,0.01494,0.19640,0.09380,0,0.97784,-0.00000,-0.00000,-0.20933,virtual,0,405.44,310.30,405.44,310.30,405.44,310.30,405.44,310.30,405.44,310.30,405.44,310.30,405.44,310.30,405.44,310.30,405.44,310.30,405.44,310.30,405.44,310.30,405.44,310.30,405.44,310.30,405.44,310.30,405.44,310.30,405.44,310.30,405.44,310.30,405.44,310.30,405.44,310.30,405.44,310.30,405.44,310.30,0.00000,0.00000,0.00000,0.00000,0.00000,0.00000,0.00000,0.00000,0.00000,0.00000,0.00000,0.00000,0.00000,0.00000,0.00000,0.00000,0.00000,0.00000,0.00000,0.00000,0.00000,0.00000,0.00000,0.00000,0.00000,0.00000,0.00000,0.00000,0.00000,0.00000,0.00000,0.00000,0.00000,0.00000,0.00000,0.00000,0.00000,0.00000,0.00000,0.00000,0.00000,0.00000,0.00000,0.00000,0.00000,0.00000,0.00000,0.00000,0.00000,0.00000,0.00000,0.00000,0.00000,0.00000,0.00000,0.00000,0.00000,0.00000,0.00000,0.00000,0.00000,0.00000,0.00000,0.00000,0.00000,0.00000,0.00000,0.00000,0.00000,0.00000,0.00000,0.00000,0.00000,0.00000,0.00000,0.00000,0.00000,0.00000,0.00000,0.00000,0.00000,0.00000,0.00000,0.00000
1.4667,1,1,0.00,0.00,33.33,0.09419,0.07764,0.61423,0.62123,0.62123,1.3000,0,0,0.21012,-0.09517,0.01816,0.21056,-0.09548,0.01878,0.68,0.02,0.62123,0.50244,-0.00126,0.42962,1.13380,-0.00001,1.00000,0.50123,0.00292,0.42418,1.14405,0.00000,1.00000,27,0.21060,-0.09450,0.01494,0.19640,0.09380,0,0.97784,-0.00000,-0.00000,-0.20933,virtual,0,404.96,314.00,404.96,314.00,404.96,314.00,404.96,314.00,404.96,314.00,404.96,314.00,404.96,314.00,404.96,314.00,404.96,314.00,404.96,314.00,404.96,314.00,404.96,314.00,404.96,314.00,404.96,314.00,404.96,314.00,404.96,314.00,404.96,314.00,404.96,314.00,404.96,314.00,404.96,314.00,404.96,314.00,0.00000,0.00000,0.00000,0.00000,0.00000,0.00000,0.00000,0.00000,0.00000,0.00000,0.00000,0.00000,0.00000,0.00000,0.00000,0.00000,0.00000,0.00000,0.00000,0.00000,0.00000,0.00000,0.00000,0.00000,0.00000,0.00000,0.00000,0.00000,0.00000,0.00000,0.00000,0.00000,0.00000,0.00000,0.00000,0.00000,0.00000,0.00000,0.00000,0.00000,0.00000,0.00000,0.00000,0.00000,0.00000,0.00000,0.00000,0.00000,0.00000,0.00000,0.00000,0.00000,0.00000,0.00000,0.00000,0.00000,0.00000,0.00000,0.00000,0.00000,0.00000,0.00000,0.00000,0.00000,0.00000,0.00000,0.00000,0.00000,0.00000,0.00000,0.00000,0.00000,0.00000,0.00000,0.00000,0.00000,0.00000,0.00000,0.00000,0.00000,0.00000,0.00000,0.00000,0.00000
1.5000,1,1,0.00,0.00,33.33,0.09377,0.08212,0.61380,0.61336,0.61336,1.3000,0,0,0.21034,-0.09475,0.01367,0.20759,-0.09350,0.01098,0.75,0.01,0.61336,0.50086,0.02839,0.45381,1.10468,-0.00001,1.00000,0.49981,0.01725,0.44212,1.11156,0.00000,1.00000,27,0.21060,-0.09450,0.01494,0.19640,0.09380,0,0.97784,0.00000,0.00000,-0.20933,virtual,0,404.35,318.27,404.35,318.27,404.35,318.27,404.35,318.27,404.35,318.27,404.35,318.27,404.35,318.27,404.35,318.27,404.35,318.27,404.35,318.27,404.35,318.27,404.35,318.27,404.35,318.27,404.35,318.27,404.35,318.27,404.35,318.27,404.35,318.27,404.35,318.27,404.35,318.27,404.35,318.27,404.35,318.27,0.00000,0.00000,0.00000,0.00000,0.00000,0.00000,0.00000,0.00000,0.00000,0.00000,0.00000,0.00000,0.00000,0.00000,0.00000,0.00000,0.00000,0.00000,0.00000,0.00000,0.00000,0.00000,0.00000,0.00000,0.00000,0.00000,0.00000,0.00000,0.00000,0.00000,0.00000,0.00000,0.00000,0.00000,0.00000,0.00000,0.00000,0.00000,0.00000,0.00000,0.00000,0.00000,0.00000,0.00000,0.00000,0.00000,0.00000,0.00000,0.00000,0.00000,0.00000,0.00000,0.00000,0.00000,0.00000,0.00000,0.00000,0.00000,0.00000,0.00000,0.00000,0.00000,0.00000,0.00000,0.00000,0.00000,0.00000,0.00000,0.00000,0.00000,0.00000,0.00000,0.00000,0.00000,0.00000,0.00000,0.00000,0.00000,0.00000,0.00000,0.00000,0.00000,0.00000,0.00000
1.5333,1,1,0.00,0.00,33.33,0.09259,0.08347,0.60722,0.60065,0.60065,1.3000,0,0,0.21363,-0.09357,0.01233,0.21404,-0.09285,0.01191,0.53,0.01,0.60065,0.48240,0.05146,0.41810,1.10434,-0.00000,1.00000,0.48720,0.04169,0.42433,1.10465,0.00000,1.00000,27,0.21060,-0.09450,0.01494,0.19640,0.09380,0,0.97784,0.00000,0.00000,-0.20933,virtual,0,404.35,318.27,404.35,318.27,404.35,318.27,404.35,318.27,404.35,318.27,404.35,318.27,404.35,318.27,404.35,318.27,404.35,318.27,404.35,318.27,404.35,318.27,404.35,318.27,404.35,318.27,404.35,318.27,404.35,318.27,404.35,318.27,404.35,318.27,404.35,318.27,404.35,318.27,404.35,318.27,404.35,318.27,0.00000,0.00000,0.00000,0.00000,0.00000,0.00000,0.00000,0.00000,0.00000,0.00000,0.00000,0.00000,0.00000,0.00000,0.00000,0.00000,0.00000,0.00000,0.00000,0.00000,0.00000,0.00000,0.00000,0.00000,0.00000,0.00000,0.00000,0.00000,0.00000,0.00000,0.00000,0.00000,0.00000,0.00000,0.00000,0.00000,0.00000,0.00000,0.00000,0.00000,0.00000,0.00000,0.00000,0.00000,0.00000,0.00000,0.00000,0.00000,0.00000,0.00000,0.00000,0.00000,0.00000,0.00000,0.00000,0.00000,0.00000,0.00000,0.00000,0.00000,0.00000,0.00000,0.00000,0.00000,0.00000,0.00000,0.00000,0.00000,0.00000,0.00000,0.00000,0.00000,0.00000,0.00000,0.00000,0.00000,0.00000,0.00000,0.00000,0.00000,0.00000,0.00000,0.00000,0.00000
1.5667,1,1,0.00,0.00,33.33,0.09320,0.08526,0.61182,0.61642,0.61642,1.3000,0,0,0.21133,-0.09418,0.01054,0.21115,-0.09488,0.01091,0.21,0.01,0.61642,0.49836,0.03434,0.44871,1.08397,-0.00000,1.00000,0.49428,0.03786,0.44551,1.08759,0.00000,1.00000,27,0.21358,-0.09850,0.01643,0.19640,0.09380,0,0.97810,-0.00474,-0.00743,-0.20794,virtual,0,404.35,318.27,404.35,318.27,404.35,318.27,404.35,318.27,404.35,318.27,404.35,318.27,404.35,318.27,404.35,318.27,404.35,318.27,404.35,318.27,404.35,318.27,404.35,318.27,404.35,318.27,404.35,318.27,404.35,318.27,404.35,318.27,404.35,318.27,404.35,318.27,404.35,318.27,404.35,318.27,404.35,318.27,0.00000,0.00000,0.00000,0.00000,0.00000,0.00000,0.00000,0.00000,0.00000,0.00000,0.00000,0.00000,0.00000,0.00000,0.00000,0.00000,0.00000,0.00000,0.00000,0.00000,0.00000,0.00000,0.00000,0.00000,0.00000,0.00000,0.00000,0.00000,0.00000,0.00000,0.00000,0.00000,0.00000,0.00000,0.00000,0.00000,0.00000,0.00000,0.00000,0.00000,0.00000,0.00000,0.00000,0.00000,0.00000,0.00000,0.00000,0.00000,0.00000,0.00000,0.00000,0.00000,0.00000,0.00000,0.00000,0.00000,0.00000,0.00000,0.00000,0.00000,0.00000,0.00000,0.00000,0.00000,0.00000,0.00000,0.00000,0.00000,0.00000,0.00000,0.00000,0.00000,0.00000,0.00000,0.00000,0.00000,0.00000,0.00000,0.00000,0.00000,0.00000,0.00000,0.00000,0.00000
1.6000,1,1,0.00,0.00,33.33,0.09333,0.08598,0.61292,0.61403,0.61403,1.1583,0,0,0.21078,-0.09431,0.01000,0.21135,-0.09424,0.01080,0.92,0.01,0.61403,0.49499,0.03723,0.44568,1.08700,-0.00001,1.00000,0.49428,0.03786,0.44551,1.08759,0.00000,1.00000,27,0.21548,-0.10102,0.01451,0.19640,0.09380,0,0.97836,0.00592,0.00319,-0.20678,virtual,0,404.35,318.27,404.35,318.27,404.35,318.27,404.35,318.27,404.35,318.27,404.35,318.27,404.35,318.27,404.35,318.27,404.35,318.27,404.35,318.27,404.35,318.27,404.35,318.27,404.35,318.27,404.35,318.27,404.35,318.27,404.35,318.27,404.35,318.27,404.35,318.27,404.35,318.27,404.35,318.27,404.35,318.27,0.00000,0.00000,0.00000,0.00000,0.00000,0.00000,0.00000,0.00000,0.00000,0.00000,0.00000,0.00000,0.00000,0.00000,0.00000,0.00000,0.00000,0.00000,0.00000,0.00000,0.00000,0.00000,0.00000,0.00000,0.00000,0.00000,0.00000,0.00000,0.00000,0.00000,0.00000,0.00000,0.00000,0.00000,0.00000,0.00000,0.00000,0.00000,0.00000,0.00000,0.00000,0.00000,0.00000,0.00000,0.00000,0.00000,0.00000,0.00000,0.00000,0.00000,0.00000,0.00000,0.00000,0.00000,0.00000,0.00000,0.00000,0.00000,0.00000,0.00000,0.00000,0.00000,0.00000,0.00000,0.00000,0.00000,0.00000,0.00000,0.00000,0.00000,0.00000,0.00000,0.00000,0.00000,0.00000,0.00000,0.00000,0.00000,0.00000,0.00000,0.00000,0.00000,0.00000,0.00000
1.6333,1,1,0.00,0.00,33.33,0.09362,0.08655,0.61497,0.61701,0.61701,1.0167,0,0,0.20975,-0.09459,0.01000,0.20949,-0.09435,0.00976,0.08,0.01,0.61701,0.50003,0.03226,0.46021,1.08032,0.00000,0.99999,0.50006,0.03188,0.45881,1.08021,0.00000,1.00000,27,0.21544,-0.10088,0.01481,0.19640,0.09380,0,0.97838,0.00170,0.00094,-0.20678,virtual,0,404.35,318.27,404.35,318.27,404.35,318.27,404.35,318.27,404.35,318.27,404.35,318.27,404.35,318.27,404.35,318.27,404.35,318.27,404.35,318.27,404.35,318.27,404.35,318.27,404.35,318.27,404.35,318.27,404.35,318.27,404.35,318.27,404.35,318.27,404.35,318.27,404.35,318.27,404.35,318.27,404.35,318.27,0.00000,0.00000,0.00000,0.00000,0.00000,0.00000,0.00000,0.00000,0.00000,0.00000,0.00000,0.00000,0.00000,0.00000,0.00000,0.00000,0.00000,0.00000,0.00000,0.00000,0.00000,0.00000,0.00000,0.00000,0.00000,0.00000,0.00000,0.00000,0.00000,0.00000,0.00000,0.00000,0.00000,0.00000,0.00000,0.00000,0.00000,0.00000,0.00000,0.00000,0.00000,0.00000,0.00000,0.00000,0.00000,0.00000,0.00000,0.00000,0.00000,0.00000,0.00000,0.00000,0.00000,0.00000,0.00000,0.00000,0.00000,0.00000,0.00000,0.00000,0.00000,0.00000,0.00000,0.00000,0.00000,0.00000,0.00000,0.00000,0.00000,0.00000,0.00000,0.00000,0.00000,0.00000,0.00000,0.00000,0.00000,0.00000,0.00000,0.00000,0.00000,0.00000,0.00000,0.00000
1.6667,1,1,0.00,0.00,33.33,0.09340,0.08651,0.61363,0.61229,0.61229,0.8750,0,0,0.20975,-0.09459,0.01000,0.21031,-0.09490,0.01037,0.08,0.01,0.61229,0.50048,0.03165,0.45643,1.07975,0.00000,1.00000,0.50006,0.03188,0.45881,1.08021,0.00000,1.00000,27,0.21543,-0.10084,0.01491,0.19640,0.09380,0,0.97839,0.00042,0.00023,-0.20678,virtual,1,404.35,318.27,404.35,318.27,404.35,318.27,404.35,318.27,404.35,318.27,404.35,318.27,404.35,318.27,404.35,318.27,404.35,318.27,404.35,318.27,404.35,318.27,404.35,318.27,404.35,318.27,404.35,318.27,404.35,318.27,404.35,318.27,404.35,318.27,404.35,318.27,404.35,318.27,404.35,318.27,404.35,318.27,0.00000,0.00000,0.00000,0.00000,0.00000,0.00000,0.00000,0.00000,0.00000,0.00000,0.00000,0.00000,0.00000,0.00000,0.00000,0.00000,0.00000,0.00000,0.00000,0.00000,0.00000,0.00000,0.00000,0.00000,0.00000,0.00000,0.00000,0.00000,0.00000,0.00000,0.00000,0.00000,0.00000,0.00000,0.00000,0.00000,0.00000,0.00000,0.00000,0.00000,0.00000,0.00000,0.00000,0.00000,0.00000,0.00000,0.00000,0.00000,0.00000,0.00000,0.00000,0.00000,0.00000,0.00000,0.00000,0.00000,0.00000,0.00000,0.00000,0.00000,0.00000,0.00000,0.00000,0.00000,0.00000,0.00000,0.00000,0.00000,0.00000,0.00000,0.00000,0.00000,0.00000,0.00000,0.00000,0.00000,0.00000,0.00000,0.00000,0.00000,0.00000,0.00000,0.00000,0.00000
1.7000,1,1,0.00,0.00,33.33,0.09354,0.08671,0.61456,0.61548,0.61548,0.7333,0,0,0.20975,-0.09459,0.01000,0.20969,-0.09446,0.00986,0.08,0.01,0.61548,0.50001,0.03258,0.45908,1.08028,-0.00000,1.00000,0.50006,0.03188,0.45881,1.08021,0.00000,1.00000,27,0.21543,-0.10083,0.01493,0.19640,0.09380,0,0.97839,0.00011,0.00006,-0.20678,virtual,0,404.35,318.27,404.35,318.27,404.35,318.27,404.35,318.27,404.35,318.27,404.35,318.27,404.35,318.27,404.35,318.27,404.35,318.27,404.35,318.27,404.35,318.27,404.35,318.27,404.35,318.27,404.35,318.27,404.35,318.27,404.35,318.27,404.35,318.27,404.35,318.27,404.35,318.27,404.35,318.27,404.35,318.27,0.00000,0.00000,0.00000,0.00000,0.00000,0.00000,0.00000,0.00000,0.00000,0.00000,0.00000,0.00000,0.00000,0.00000,0.00000,0.00000,0.00000,0.00000,0.00000,0.00000,0.00000,0.00000,0.00000,0.00000,0.00000,0.00000,0.00000,0.00000,0.00000,0.00000,0.00000,0.00000,0.00000,0.00000,0.00000,0.00000,0.00000,0.00000,0.00000,0.00000,0.00000,0.00000,0.00000,0.00000,0.00000,0.00000,0.00000,0.00000,0.00000,0.00000,0.00000,0.00000,0.00000,0.00000,0.00000,0.00000,0.00000,0.00000,0.00000,0.00000,0.00000,0.00000,0.00000,0.00000,0.00000,0.00000,0.00000,0.00000,0.00000,0.00000,0.00000,0.00000,0.00000,0.00000,0.00000,0.00000,0.00000,0.00000,0.00000,0.00000,0.00000,0.00000,0.00000,0.00000
1.7333,1,1,0.00,0.00,33.33,0.09299,0.08624,0.61098,0.60740,0.60740,0.5917,0,0,0.21154,-0.09405,0.01047,0.21190,-0.09430,0.01061,0.10,0.01,0.60740,0.49394,0.04086,0.44272,1.08543,-0.00000,1.00000,0.49402,0.03943,0.44527,1.08600,0.00000,1.00000,27,0.21543,-0.10083,0.01494,0.19640,0.09380,0,0.97839,0.00003,0.00002,-0.20678,virtual,0,404.35,318.27,404.35,318.27,404.35,318.27,404.35,318.27,404.35,318.27,404.35,318.27,404.35,318.27,404.35,318.27,404.35,318.27,404.35,318.27,404.35,318.27,404.35,318.27,404.35,318.27,404.35,318.27,404.35,318.27,404.35,318.27,404.35,318.27,404.35,318.27,404.35,318.27,404.35,318.27,404.35,318.27,0.00000,0.00000,0.00000,0.00000,0.00000,0.00000,0.00000,0.00000,0.00000,0.00000,0.00000,0.00000,0.00000,0.00000,0.00000,0.00000,0.00000,0.00000,0.00000,0.00000,0.00000,0.00000,0.00000,0.00000,0.00000,0.00000,0.00000,0.00000,0.00000,0.00000,0.00000,0.00000,0.00000,0.00000,0.00000,0.00000,0.00000,0.00000,0.00000,0.00000,0.00000,0.00000,0.00000,0.00000,0.00000,0.00000,0.00000,0.00000,0.00000,0.00000,0.00000,0.00000,0.00000,0.00000,0.00000,0.00000,0.00000,0.00000,0.00000,0.00000,0.00000,0.00000,0.00000,0.00000,0.00000,0.00000,0.00000,0.00000,0.00000,0.00000,0.00000,0.00000,0.00000,0.00000,0.00000,0.00000,0.00000,0.00000,0.00000,0.00000,0.00000,0.00000,0.00000,0.00000
1.7667,1,1,0.00,0.00,33.33,0.09422,0.08740,0.61907,0.62716,0.62716,0.4500,0,1,0.21154,-0.09405,0.01047,0.21139,-0.09393,0.01030,0.10,0.01,0.62716,0.49352,0.04072,0.44514,1.08613,0.00000,0.94599,0.49402,0.03943,0.44527,1.08600,0.00000,-0.17000,27,0.21543,-0.10082,0.01494,0.19640,0.09380,0,0.97839,0.00001,0.00000,-0.20678,virtual,1,404.35,318.27,404.35,318.27,404.35,318.27,404.35,318.27,404.35,318.27,404.35,318.27,404.35,318.27,404.35,318.27,404.35,318.27,404.35,318.27,404.35,318.27,404.35,318.27,404.35,318.27,404.35,318.27,404.35,318.27,404.35,318.27,404.35,318.27,404.35,318.27,404.35,318.27,404.35,318.27,404.35,318.27,0.00000,0.00000,0.00000,0.00000,0.00000,0.00000,0.00000,0.00000,0.00000,0.00000,0.00000,0.00000,0.00000,0.00000,0.00000,0.00000,0.00000,0.00000,0.00000,0.00000,0.00000,0.00000,0.00000,0.00000,0.00000,0.00000,0.00000,0.00000,0.00000,0.00000,0.00000,0.00000,0.00000,0.00000,0.00000,0.00000,0.00000,0.00000,0.00000,0.00000,0.00000,0.00000,0.00000,0.00000,0.00000,0.00000,0.00000,0.00000,0.00000,0.00000,0.00000,0.00000,0.00000,0.00000,0.00000,0.00000,0.00000,0.00000,0.00000,0.00000,0.00000,0.00000,0.00000,0.00000,0.00000,0.00000,0.00000,0.00000,0.00000,0.00000,0.00000,0.00000,0.00000,0.00000,0.00000,0.00000,0.00000,0.00000,0.00000,0.00000,0.00000,0.00000,0.00000,0.00000
1.8000,1,1,0.00,0.00,33.33,0.09392,0.08713,0.61709,0.61511,0.61511,0.4500,0,1,0.21154,-0.09405,0.01047,0.21131,-0.09401,0.01035,0.10,0.01,0.61511,0.49404,0.04000,0.44567,1.08608,0.00000,0.83359,0.49402,0.03943,0.44527,1.08600,0.00000,-0.17000,27,0.21543,-0.10082,0.01494,0.19640,0.09380,0,0.97839,0.00000,0.00000,-0.20678,virtual,1,404.35,318.27,404.35,318.27,404.35,318.27,404.35,318.27,404.35,318.27,404.35,318.27,404.35,318.27,404.35,318.27,404.35,318.27,404.35,318.27,404.35,318.27,404.35,318.27,404.35,318.27,404.35,318.27,404.35,318.27,404.35,318.27,404.35,318.27,404.35,318.27,404.35,318.27,404.35,318.27,404.35,318.27,0.00000,0.00000,0.00000,0.00000,0.00000,0.00000,0.00000,0.00000,0.00000,0.00000,0.00000,0.00000,0.00000,0.00000,0.00000,0.00000,0.00000,0.00000,0.00000,0.00000,0.00000,0.00000,0.00000,0.00000,0.00000,0.00000,0.00000,0.00000,0.00000,0.00000,0.00000,0.00000,0.00000,0.00000,0.00000,0.00000,0.00000,0.00000,0.00000,0.00000,0.00000,0.00000,0.00000,0.00000,0.00000,0.00000,0.00000,0.00000,0.00000,0.00000,0.00000,0.00000,0.00000,0.00000,0.00000,0.00000,0.00000,0.00000,0.00000,0.00000,0.00000,0.00000,0.00000,0.00000,0.00000,0.00000,0.00000,0.00000,0.00000,0.00000,0.00000,0.00000,0.00000,0.00000,0.00000,0.00000,0.00000,0.00000,0.00000,0.00000,0.00000,0.00000,0.00000,0.00000
1.8333,1,1,0.00,0.00,33.33,0.09399,0.08720,0.61756,0.61803,0.61803,0.4500,0,1,0.21154,-0.09405,0.01047,0.21136,-0.09402,0.01040,0.10,0.01,0.61803,0.49397,0.03980,0.44558,1.08602,-0.00000,0.71380,0.49402,0.03943,0.44527,1.08600,0.00000,-0.17000,27,0.21543,-0.10082,0.01494,0.19640,0.09380,0,0.97839,0.00000,0.00000,-0.20678,virtual,1,404.35,318.27,404.35,318.27,404.35,318.27,404.35,318.27,404.35,318.27,404.35,318.27,404.35,318.27,404.35,318.27,404.35,318.27,404.35,318.27,404.35,318.27,404.35,318.27,404.35,318.27,404.35,318.27,404.35,318.27,404.35,318.27,404.35,318.27,404.35,318.27,404.35,318.27,404.35,318.27,404.35,318.27,0.00000,0.00000,0.00000,0.00000,0.00000,0.00000,0.00000,0.00000,0.00000,0.00000,0.00000,0.00000,0.00000,0.00000,0.00000,0.00000,0.00000,0.00000,0.00000,0.00000,0.00000,0.00000,0.00000,0.00000,0.00000,0.00000,0.00000,0.00000,0.00000,0.00000,0.00000,0.00000,0.00000,0.00000,0.00000,0.00000,0.00000,0.00000,0.00000,0.00000,0.00000,0.00000,0.00000,0.00000,0.00000,0.00000,0.00000,0.00000,0.00000,0.00000,0.00000,0.00000,0.00000,0.00000,0.00000,0.00000,0.00000,0.00000,0.00000,0.00000,0.00000,0.00000,0.00000,0.00000,0.00000,0.00000,0.00000,0.00000,0.00000,0.00000,0.00000,0.00000,0.00000,0.00000,0.00000,0.00000,0.00000,0.00000,0.00000,0.00000,0.00000,0.00000,0.00000,0.00000
1.8667,1,1,0.00,0.00,33.33,0.09236,0.08570,0.60689,0.59623,0.59623,0.4500,0,1,0.21154,-0.09405,0.01047,0.21136,-0.09403,0.01039,0.10,0.01,0.59623,0.49402,0.03984,0.44558,1.08600,-0.00000,0.56018,0.49402,0.03943,0.44527,1.08600,0.00000,-0.17000,27,0.21543,-0.10082,0.01494,0.19640,0.09380,0,0.97839,0.00000,0.00000,-0.20678,virtual,1,404.35,318.27,404.35,318.27,404.35,318.27,404.35,318.27,404.35,318.27,404.35,318.27,404.35,318.27,404.35,318.27,404.35,318.27,404.35,318.27,404.35,318.27,404.35,318.27,404.35,318.27,404.35,318.27,404.35,318.27,404.35,318.27,404.35,318.27,404.35,318.27,404.35,318.27,404.35,318.27,404.35,318.27,0.00000,0.00000,0.00000,0.00000,0.00000,0.00000,0.00000,0.00000,0.00000,0.00000,0.00000,0.00000,0.00000,0.00000,0.00000,0.00000,0.00000,0.00000,0.00000,0.00000,0.00000,0.00000,0.00000,0.00000,0.00000,0.00000,0.00000,0.00000,0.00000,0.00000,0.00000,0.00000,0.00000,0.00000,0.00000,0.00000,0.00000,0.00000,0.00000,0.00000,0.00000,0.00000,0.00000,0.00000,0.00000,0.00000,0.00000,0.00000,0.00000,0.00000,0.00000,0.00000,0.00000,0.00000,0.00000,0.00000,0.00000,0.00000,0.00000,0.00000,0.00000,0.00000,0.00000,0.00000,0.00000,0.00000,0.00000,0.00000,0.00000,0.00000,0.00000,0.00000,0.00000,0.00000,0.00000,0.00000,0.00000,0.00000,0.00000,0.00000,0.00000,0.00000,0.00000,0.00000
1.9000,1,1,0.00,0.00,33.33,0.09103,0.08446,0.59814,0.58938,0.58938,0.4500,0,1,0.21154,-0.09405,0.01047,0.21135,-0.09402,0.01038,0.10,0.01,0.58938,0.49402,0.03986,0.44559,1.08600,0.00000,0.39894,0.49402,0.03943,0.44527,1.08600,0.00000,-0.17000,27,0.21543,-0.10082,0.01494,0.19640,0.09380,0,0.97839,0.00000,0.00000,-0.20678,virtual,1,404.35,318.27,404.35,318.27,404.35,318.27,404.35,318.27,404.35,318.27,404.35,318.27,404.35,318.27,404.35,318.27,404.35,318.27,404.35,318.27,404.35,318.27,404.35,318.27,404.35,318.27,404.35,318.27,404.35,318.27,404.35,318.27,404.35,318.27,404.35,318.27,404.35,318.27,404.35,318.27,404.35,318.27,0.00000,0.00000,0.00000,0.00000,0.00000,0.00000,0.00000,0.00000,0.00000,0.00000,0.00000,0.00000,0.00000,0.00000,0.00000,0.00000,0.00000,0.00000,0.00000,0.00000,0.00000,0.00000,0.00000,0.00000,0.00000,0.00000,0.00000,0.00000,0.00000,0.00000,0.00000,0.00000,0.00000,0.00000,0.00000,0.00000,0.00000,0.00000,0.00000,0.00000,0.00000,0.00000,0.00000,0.00000,0.00000,0.00000,0.00000,0.00000,0.00000,0.00000,0.00000,0.00000,0.00000,0.00000,0.00000,0.00000,0.00000,0.00000,0.00000,0.00000,0.00000,0.00000,0.00000,0.00000,0.00000,0.00000,0.00000,0.00000,0.00000,0.00000,0.00000,0.00000,0.00000,0.00000,0.00000,0.00000,0.00000,0.00000,0.00000,0.00000,0.00000,0.00000,0.00000,0.00000
1.9333,1,1,0.00,0.00,33.33,0.08966,0.08319,0.58911,0.58009,0.58009,0.4500,0,1,0.21154,-0.09405,0.01047,0.21311,-0.09500,0.01180,0.10,0.01,0.58009,0.49414,0.03616,0.43990,1.08361,0.00003,0.26511,0.49402,0.03943,0.44527,1.08600,0.00000,-0.17000,27,0.21134,-0.09802,0.01528,0.19640,0.09380,0,0.97827,0.00254,-0.00835,-0.20715,virtual,1,404.35,318.27,404.35,318.27,404.35,318.27,404.35,318.27,404.35,318.27,404.35,318.27,404.35,318.27,404.35,318.27,404.35,318.27,404.35,318.27,404.35,318.27,404.35,318.27,404.35,318.27,404.35,318.27,404.35,318.27,404.35,318.27,404.35,318.27,404.35,318.27,404.35,318.27,404.35,318.27,404.35,318.27,0.00000,0.00000,0.00000,0.00000,0.00000,0.00000,0.00000,0.00000,0.00000,0.00000,0.00000,0.00000,0.00000,0.00000,0.00000,0.00000,0.00000,0.00000,0.00000,0.00000,0.00000,0.00000,0.00000,0.00000,0.00000,0.00000,0.00000,0.00000,0.00000,0.00000,0.00000,0.00000,0.00000,0.00000,0.00000,0.00000,0.00000,0.00000,0.00000,0.00000,0.00000,0.00000,0.00000,0.00000,0.00000,0.00000,0.00000,0.00000,0.00000,0.00000,0.00000,0.00000,0.00000,0.00000,0.00000,0.00000,0.00000,0.00000,0.00000,0.00000,0.00000,0.00000,0.00000,0.00000,0.00000,0.00000,0.00000,0.00000,0.00000,0.00000,0.00000,0.00000,0.00000,0.00000,0.00000,0.00000,0.00000,0.00000,0.00000,0.00000,0.00000,0.00000,0.00000,0.00000
1.9667,1,1,0.00,0.00,33.33,0.08759,0.08127,0.57551,0.56190,0.56190,0.4500,0,1,0.21154,-0.09405,0.01047,0.21195,-0.09440,0.01092,0.10,0.01,0.56190,0.49428,0.03753,0.44465,1.08441,0.00002,0.16335,0.49402,0.03943,0.44527,1.08600,0.00000,-0.17000,27,0.20555,-0.09504,0.01503,0.19640,0.09380,0,0.98045,0.00821,0.01647,-0.19592,virtual,1,404.35,318.27,404.35,318.27,404.35,318.27,404.35,318.27,404.35,318.27,404.35,318.27,404.35,318.27,404.35,318.27,404.35,318.27,404.35,318.27,404.35,318.27,404.35,318.27,404.35,318.27,404.35,318.27,404.35,318.27,404.35,318.27,404.35,318.27,404.35,318.27,404.35,318.27,404.35,318.27,404.35,318.27,0.00000,0.00000,0.00000,0.00000,0.00000,0.00000,0.00000,0.00000,0.00000,0.00000,0.00000,0.00000,0.00000,0.00000,0.00000,0.00000,0.00000,0.00000,0.00000,0.00000,0.00000,0.00000,0.00000,0.00000,0.00000,0.00000,0.00000,0.00000,0.00000,0.00000,0.00000,0.00000,0.00000,0.00000,0.00000,0.00000,0.00000,0.00000,0.00000,0.00000,0.00000,0.00000,0.00000,0.00000,0.00000,0.00000,0.00000,0.00000,0.00000,0.00000,0.00000,0.00000,0.00000,0.00000,0.00000,0.00000,0.00000,0.00000,0.00000,0.00000,0.00000,0.00000,0.00000,0.00000,0.00000,0.00000,0.00000,0.00000,0.00000,0.00000,0.00000,0.00000,0.00000,0.00000,0.00000,0.00000,0.00000,0.00000,0.00000,0.00000,0.00000,0.00000,0.00000,0.00000
2.0000,1,1,0.00,0.00,33.33,0.08666,0.08041,0.56942,0.56333,0.56333,0.4500,0,1,0.21154,-0.09405,0.01047,0.21154,-0.09405,0.01056,0.10,0.01,0.56333,0.49367,0.03913,0.44519,1.08595,0.00018,0.17269,0.49402,0.03943,0.44527,1.08600,0.00000,-0.17000,27,0.20531,-0.09480,0.01467,0.19640,0.09380,0,0.97982,0.00865,0.01470,-0.19916,virtual,1,404.35,318.27,404.35,318.27,404.35,318.27,404.35,318.27,404.35,318.27,404.35,318.27,404.35,318.27,404.35,318.27,404.35,318.27,404.35,318.27,404.35,318.27,404.35,318.27,404.35,318.27,404.35,318.27,404.35,318.27,404.35,318.27,404.35,318.27,404.35,318.27,404.35,318.27,404.35,318.27,404.35,318.27,0.00000,0.00000,0.00000,0.00000,0.00000,0.00000,0.00000,0.00000,0.00000,0.00000,0.00000,0.00000,0.00000,0.00000,0.00000,0.00000,0.00000,0.00000,0.00000,0.00000,0.00000,0.00000,0.00000,0.00000,0.00000,0.00000,0.00000,0.00000,0.00000,0.00000,0.00000,0.00000,0.00000,0.00000,0.00000,0.00000,0.00000,0.00000,0.00000,0.00000,0.00000,0.00000,0.00000,0.00000,0.00000,0.00000,0.00000,0.00000,0.00000,0.00000,0.00000,0.00000,0.00000,0.00000,0.00000,0.00000,0.00000,0.00000,0.00000,0.00000,0.00000,0.00000,0.00000,0.00000,0.00000,0.00000,0.00000,0.00000,0.00000,0.00000,0.00000,0.00000,0.00000,0.00000,0.00000,0.00000,0.00000,0.00000,0.00000,0.00000,0.00000,0.00000,0.00000,0.00000
2.0333,1,1,0.00,0.00,33.33,0.08481,0.07869,0.55729,0.54516,0.54516,0.4500,0,1,0.21154,-0.09405,0.01047,0.21143,-0.09397,0.01049,0.10,0.01,0.54516,0.49362,0.03936,0.44541,1.08629,0.00018,0.17780,0.49402,0.03943,0.44527,1.08600,0.00000,-0.17000,27,0.20531,-0.09482,0.01460,0.19640,0.09380,0,0.97940,0.00902,0.01224,-0.20133,virtual,1,404.35,318.27,404.35,318.27,404.35,318.27,404.35,318.27,404.35,318.27,404.35,318.27,404.35,318.27,404.35,318.27,404.35,318.27,404.35,318.27,404.35,318.27,404.35,318.27,404.35,318.27,404.35,318.27,404.35,318.27,404.35,318.27,404.35,318.27,404.35,318.27,404.35,318.27,404.35,318.27,404.35,318.27,0.00000,0.00000,0.00000,0.00000,0.00000,0.00000,0.00000,0.00000,0.00000,0.00000,0.00000,0.00000,0.00000,0.00000,0.00000,0.00000,0.00000,0.00000,0.00000,0.00000,0.00000,0.00000,0.00000,0.00000,0.00000,0.00000,0.00000,0.00000,0.00000,0.00000,0.00000,0.00000,0.00000,0.00000,0.00000,0.00000,0.00000,0.00000,0.00000,0.00000,0.00000,0.00000,0.00000,0.00000,0.00000,0.00000,0.00000,0.00000,0.00000,0.00000,0.00000,0.00000,0.00000,0.00000,0.00000,0.00000,0.00000,0.00000,0.00000,0.00000,0.00000,0.00000,0.00000,0.00000,0.00000,0.00000,0.00000,0.00000,0.00000,0.00000,0.00000,0.00000,0.00000,0.00000,0.00000,0.00000,0.00000,0.00000,0.00000,0.00000,0.00000,0.00000,0.00000,0.00000
2.0667,1,1,0.00,0.00,33.33,0.08409,0.07802,0.55251,0.54772,0.54772,0.4500,0,1,0.21154,-0.09405,0.01047,0.21145,-0.09400,0.01049,0.10,0.01,0.54772,0.49369,0.03941,0.44535,1.08613,0.00014,0.17749,0.49402,0.03943,0.44527,1.08600,0.00000,-0.17000,27,0.20529,-0.09483,0.01460,0.19640,0.09380,0,0.97907,0.00915,0.00929,-0.20309,virtual,1,404.35,318.27,404.35,318.27,404.35,318.27,404.35,318.27,404.35,318.27,404.35,318.27,404.35,318.27,404.35,318.27,404.35,318.27,404.35,318.27,404.35,318.27,404.35,318.27,404.35,318.27,404.35,318.27,404.35,318.27,404.35,318.27,404.35,318.27,404.35,318.27,404.35,318.27,404.35,318.27,404.35,318.27,0.00000,0.00000,0.00000,0.00000,0.00000,0.00000,0.00000,0.00000,0.00000,0.00000,0.00000,0.00000,0.00000,0.00000,0.00000,0.00000,0.00000,0.00000,0.00000,0.00000,0.00000,0.00000,0.00000,0.00000,0.00000,0.00000,0.00000,0.00000,0.00000,0.00000,0.00000,0.00000,0.00000,0.00000,0.00000,0.00000,0.00000,0.00000,0.00000,0.00000,0.00000,0.00000,0.00000,0.00000,0.00000,0.00000,0.00000,0.00000,0.00000,0.00000,0.00000,0.00000,0.00000,0.00000,0.00000,0.00000,0.00000,0.00000,0.00000,0.00000,0.00000,0.00000,0.00000,0.00000,0.00000,0.00000,0.00000,0.00000,0.00000,0.00000,0.00000,0.00000,0.00000,0.00000,0.00000,0.00000,0.00000,0.00000,0.00000,0.00000,0.00000,0.00000,0.00000,0.00000
2.1000,1,1,0.00,0.00,33.33,0.08404,0.07797,0.55219,0.55188,0.55188,0.4500,0,1,0.21154,-0.09405,0.01047,0.21146,-0.09402,0.01050,0.10,0.01,0.55188,0.49374,0.03939,0.44533,1.08609,0.00012,0.17673,0.49402,0.03943,0.44527,1.08600,0.00000,-0.17000,27,0.20527,-0.09483,0.01460,0.19640,0.09380,0,0.97875,0.00905,0.00675,-0.20474,virtual,1,404.35,318.27,404.35,318.27,404.35,318.27,404.35,318.27,404.35,318.27,404.35,318.27,404.35,318.27,404.35,318.27,404.35,318.27,404.35,318.27,404.35,318.27,404.35,318.27,404.35,318.27,404.35,318.27,404.35,318.27,404.35,318.27,404.35,318.27,404.35,318.27,404.35,318.27,404.35,318.27,404.35,318.27,0.00000,0.00000,0.00000,0.00000,0.00000,0.00000,0.00000,0.00000,0.00000,0.00000,0.00000,0.00000,0.00000,0.00000,0.00000,0.00000,0.00000,0.00000,0.00000,0.00000,0.00000,0.00000,0.00000,0.00000,0.00000,0.00000,0.00000,0.00000,0.00000,0.00000,0.00000,0.00000,0.00000,0.00000,0.00000,0.00000,0.00000,0.00000,0.00000,0.00000,0.00000,0.00000,0.00000,0.00000,0.00000,0.00000,0.00000,0.00000,0.00000,0.00000,0.00000,0.00000,0.00000,0.00000,0.00000,0.00000,0.00000,0.00000,0.00000,0.00000,0.00000,0.00000,0.00000,0.00000,0.00000,0.00000,0.00000,0.00000,0.00000,0.00000,0.00000,0.00000,0.00000,0.00000,0.00000,0.00000,0.00000,0.00000,0.00000,0.00000,0.00000,0.00000,0.00000,0.00000
2.1333,1,1,0.00,0.00,33.33,0.08350,0.07748,0.54867,0.54516,0.54516,0.4500,0,1,0.21154,-0.09405,0.01047,0.21146,-0.09402,0.01050,0.10,0.01,0.54516,0.49376,0.03939,0.44532,1.08607,0.00012,0.17648,0.49402,0.03943,0.44527,1.08600,0.00000,-0.17000,27,0.20526,-0.09483,0.01460,0.19640,0.09380,0,0.97848,0.00887,0.00484,-0.20612,virtual,1,404.35,318.27,404.35,318.27,404.35,318.27,404.35,318.27,404.35,318.27,404.35,318.27,404.35,318.27,404.35,318.27,404.35,318.27,404.35,318.27,404.35,318.27,404.35,318.27,404.35,318.27,404.35,318.27,404.35,318.27,404.35,318.27,404.35,318.27,404.35,318.27,404.35,318.27,404.35,318.27,404.35,318.27,0.00000,0.00000,0.00000,0.00000,0.00000,0.00000,0.00000,0.00000,0.00000,0.00000,0.00000,0.00000,0.00000,0.00000,0.00000,0.00000,0.00000,0.00000,0.00000,0.00000,0.00000,0.00000,0.00000,0.00000,0.00000,0.00000,0.00000,0.00000,0.00000,0.00000,0.00000,0.00000,0.00000,0.00000,0.00000,0.00000,0.00000,0.00000,0.00000,0.00000,0.00000,0.00000,0.00000,0.00000,0.00000,0.00000,0.00000,0.00000,0.00000,0.00000,0.00000,0.00000,0.00000,0.00000,0.00000,0.00000,0.00000,0.00000,0.00000,0.00000,0.00000,0.00000,0.00000,0.00000,0.00000,0.00000,0.00000,0.00000,0.00000,0.00000,0.00000,0.00000,0.00000,0.00000,0.00000,0.00000,0.00000,0.00000,0.00000,0.00000,0.00000,0.00000,0.00000,0.00000
2.1667,1,1,0.00,0.00,33.33,0.08267,0.07670,0.54318,0.53769,0.53769,0.4500,0,1,0.21154,-0.09405,0.01047,0.21148,-0.09404,0.01050,0.10,0.01,0.53769,0.49378,0.03939,0.44528,1.08603,0.00011,0.17596,0.49402,0.03943,0.44527,1.08600,0.00000,-0.17000,27,0.20524,-0.09483,0.01461,0.19640,0.09380,0,0.97817,0.00863,0.00280,-0.20763,virtual,0,404.35,318.27,404.35,318.27,404.35,318.27,404.35,318.27,404.35,318.27,404.35,318.27,404.35,318.27,404.35,318.27,404.35,318.27,404.35,318.27,404.35,318.27,404.35,318.27,404.35,318.27,404.35,318.27,404.35,318.27,404.35,318.27,404.35,318.27,404.35,318.27,404.35,318.27,404.35,318.27,404.35,318.27,0.00000,0.00000,0.00000,0.00000,0.00000,0.00000,0.00000,0.00000,0.00000,0.00000,0.00000,0.00000,0.00000,0.00000,0.00000,0.00000,0.00000,0.00000,0.00000,0.00000,0.00000,0.00000,0.00000,0.00000,0.00000,0.00000,0.00000,0.00000,0.00000,0.00000,0.00000,0.00000,0.00000,0.00000,0.00000,0.00000,0.00000,0.00000,0.00000,0.00000,0.00000,0.00000,0.00000,0.00000,0.00000,0.00000,0.00000,0.00000,0.00000,0.00000,0.00000,0.00000,0.00000,0.00000,0.00000,0.00000,0.00000,0.00000,0.00000,0.00000,0.00000,0.00000,0.00000,0.00000,0.00000,0.00000,0.00000,0.00000,0.00000,0.00000,0.00000,0.00000,0.00000,0.00000,0.00000,0.00000,0.00000,0.00000,0.00000,0.00000,0.00000,0.00000,0.00000,0.00000
2.2000,1,1,0.00,0.00,33.33,0.08300,0.07701,0.54534,0.54749,0.54749,0.4500,0,1,0.21047,-0.09438,0.01017,0.21078,-0.09459,0.01035,0.05,0.00,0.54749,0.49796,0.03563,0.45145,1.08228,0.00012,0.17566,0.49750,0.03539,0.45318,1.08229,0.00000,-0.17000,27,0.20465,-0.09535,0.01460,0.19640,0.09380,0,0.97748,0.00847,-0.00043,-0.21087,virtual,0,404.35,318.27,404.35,318.27,404.35,318.27,404.35,318.27,404.35,318.27,404.35,318.27,404.35,318.27,404.35,318.27,404.35,318.27,404.35,318.27,404.35,318.27,404.35,318.27,404.35,318.27,404.35,318.27,404.35,318.27,404.35,318.27,404.35,318.27,404.35,318.27,404.35,318.27,404.35,318.27,404.35,318.27,0.00000,0.00000,0.00000,0.00000,0.00000,0.00000,0.00000,0.00000,0.00000,0.00000,0.00000,0.00000,0.00000,0.00000,0.00000,0.00000,0.00000,0.00000,0.00000,0.00000,0.00000,0.00000,0.00000,0.00000,0.00000,0.00000,0.00000,0.00000,0.00000,0.00000,0.00000,0.00000,0.00000,0.00000,0.00000,0.00000,0.00000,0.00000,0.00000,0.00000,0.00000,0.00000,0.00000,0.00000,0.00000,0.00000,0.00000,0.00000,0.00000,0.00000,0.00000,0.00000,0.00000,0.00000,0.00000,0.00000,0.00000,0.00000,0.00000,0.00000,0.00000,0.00000,0.00000,0.00000,0.00000,0.00000,0.00000,0.00000,0.00000,0.00000,0.00000,0.00000,0.00000,0.00000,0.00000,0.00000,0.00000,0.00000,0.00000,0.00000,0.00000,0.00000,0.00000,0.00000
2.2333,1,1,0.00,0.00,33.33,0.08279,0.07682,0.54398,0.54263,0.54263,0.4500,0,1,0.21114,-0.09417,0.01036,0.21075,-0.09448,0.01034,0.69,0.00,0.54263,0.49753,0.03469,0.45269,1.08169,0.00010,0.17563,0.49750,0.03539,0.45318,1.08229,0.00000,-0.17000,27,0.20452,-0.09520,0.01460,0.19640,0.09380,0,0.97723,0.00801,-0.00197,-0.21201,virtual,0,404.35,318.27,404.35,318.27,404.35,318.27,404.35,318.27,404.35,318.27,404.35,318.27,404.35,318.27,404.35,318.27,404.35,318.27,404.35,318.27,404.35,318.27,404.35,318.27,404.35,318.27,404.35,318.27,404.35,318.27,404.35,318.27,404.35,318.27,404.35,318.27,404.35,318.27,404.35,318.27,404.35,318.27,0.00000,0.00000,0.00000,0.00000,0.00000,0.00000,0.00000,0.00000,0.00000,0.00000,0.00000,0.00000,0.00000,0.00000,0.00000,0.00000,0.00000,0.00000,0.00000,0.00000,0.00000,0.00000,0.00000,0.00000,0.00000,0.00000,0.00000,0.00000,0.00000,0.00000,0.00000,0.00000,0.00000,0.00000,0.00000,0.00000,0.00000,0.00000,0.00000,0.00000,0.00000,0.00000,0.00000,0.00000,0.00000,0.00000,0.00000,0.00000,0.00000,0.00000,0.00000,0.00000,0.00000,0.00000,0.00000,0.00000,0.00000,0.00000,0.00000,0.00000,0.00000,0.00000,0.00000,0.00000,0.00000,0.00000,0.00000,0.00000,0.00000,0.00000,0.00000,0.00000,0.00000,0.00000,0.00000,0.00000,0.00000,0.00000,0.00000,0.00000,0.00000,0.00000,0.00000,0.00000
2.2667,1,1,0.00,0.00,33.33,0.08282,0.07684,0.54417,0.54435,0.54435,0.4500,0,1,0.21105,-0.09420,0.01033,0.21072,-0.09444,0.01030,0.59,0.00,0.54435,0.49745,0.03503,0.45258,1.08191,0.00012,0.17524,0.49750,0.03539,0.45318,1.08229,0.00000,-0.17000,27,0.20444,-0.09515,0.01456,0.19640,0.09380,0,0.97698,0.00770,-0.00334,-0.21318,virtual,0,404.35,318.27,404.35,318.27,404.35,318.27,404.35,318.27,404.35,318.27,404.35,318.27,404.35,318.27,404.35,318.27,404.35,318.27,404.35,318.27,404.35,318.27,404.35,318.27,404.35,318.27,404.35,318.27,404.35,318.27,404.35,318.27,404.35,318.27,404.35,318.27,404.35,318.27,404.35,318.27,404.35,318.27,0.00000,0.00000,0.00000,0.00000,0.00000,0.00000,0.00000,0.00000,0.00000,0.00000,0.00000,0.00000,0.00000,0.00000,0.00000,0.00000,0.00000,0.00000,0.00000,0.00000,0.00000,0.00000,0.00000,0.00000,0.00000,0.00000,0.00000,0.00000,0.00000,0.00000,0.00000,0.00000,0.00000,0.00000,0.00000,0.00000,0.00000,0.00000,0.00000,0.00000,0.00000,0.00000,0.00000,0.00000,0.00000,0.00000,0.00000,0.00000,0.00000,0.00000,0.00000,0.00000,0.00000,0.00000,0.00000,0.00000,0.00000,0.00000,0.00000,0.00000,0.00000,0.00000,0.00000,0.00000,0.00000,0.00000,0.00000,0.00000,0.00000,0.00000,0.00000,0.00000,0.00000,0.00000,0.00000,0.00000,0.00000,0.00000,0.00000,0.00000,0.00000,0.00000,0.00000,0.00000
2.3000,1,1,0.00,0.00,33.33,0.08241,0.07646,0.54146,0.53875,0.53875,0.4500,0,1,0.21241,-0.09379,0.01071,0.21256,-0.09364,0.01078,0.10,0.01,0.53875,0.48939,0.04341,0.43797,1.08854,-0.00004,0.17379,0.49081,0.04349,0.43816,1.08904,0.00000,-0.17000,27,0.20609,-0.09445,0.01507,0.19640,0.09380,0,0.97717,0.00542,-0.00354,-0.21236,virtual,0,404.35,318.27,404.35,318.27,404.35,318.27,404.35,318.27,404.35,318.27,404.35,318.27,404.35,318.27,404.35,318.27,404.35,318.27,404.35,318.27,404.35,318.27,404.35,318.27,404.35,318.27,404.35,318.27,404.35,318.27,404.35,318.27,404.35,318.27,404.35,318.27,404.35,318.27,404.35,318.27,404.35,318.27,0.00000,0.00000,0.00000,0.00000,0.00000,0.00000,0.00000,0.00000,0.00000,0.00000,0.00000,0.00000,0.00000,0.00000,0.00000,0.00000,0.00000,0.00000,0.00000,0.00000,0.00000,0.00000,0.00000,0.00000,0.00000,0.00000,0.00000,0.00000,0.00000,0.00000,0.00000,0.00000,0.00000,0.00000,0.00000,0.00000,0.00000,0.00000,0.00000,0.00000,0.00000,0.00000,0.00000,0.00000,0.00000,0.00000,0.00000,0.00000,0.00000,0.00000,0.00000,0.00000,0.00000,0.00000,0.00000,0.00000,0.00000,0.00000,0.00000,0.00000,0.00000,0.00000,0.00000,0.00000,0.00000,0.00000,0.00000,0.00000,0.00000,0.00000,0.00000,0.00000,0.00000,0.00000,0.00000,0.00000,0.00000,0.00000,0.00000,0.00000,0.00000,0.00000,0.00000,0.00000
2.3333,1,1,0.00,0.00,33.33,0.08206,0.07614,0.53919,0.53693,0.53693,0.4500,0,1,0.21354,-0.09344,0.01103,0.21352,-0.09336,0.01097,0.07,0.00,0.53693,0.48587,0.05040,0.42736,1.09386,-0.00002,0.17336,0.48645,0.04908,0.42843,1.09321,0.00000,-0.17000,27,0.20701,-0.09426,0.01529,0.19640,0.09380,0,0.97710,0.00439,-0.00346,-0.21273,virtual,0,404.35,318.27,404.35,318.27,404.35,318.27,404.35,318.27,404.35,318.27,404.35,318.27,404.35,318.27,404.35,318.27,404.35,318.27,404.35,318.27,404.35,318.27,404.35,318.27,404.35,318.27,404.35,318.27,404.35,318.27,404.35,318.27,404.35,318.27,404.35,318.27,404.35,318.27,404.35,318.27,404.35,318.27,0.00000,0.00000,0.00000,0.00000,0.00000,0.00000,0.00000,0.00000,0.00000,0.00000,0.00000,0.00000,0.00000,0.00000,0.00000,0.00000,0.00000,0.00000,0.00000,0.00000,0.00000,0.00000,0.00000,0.00000,0.00000,0.00000,0.00000,0.00000,0.00000,0.00000,0.00000,0.00000,0.00000,0.00000,0.00000,0.00000,0.00000,0.00000,0.00000,0.00000,0.00000,0.00000,0.00000,0.00000,0.00000,0.00000,0.00000,0.00000,0.00000,0.00000,0.00000,0.00000,0.00000,0.00000,0.00000,0.00000,0.00000,0.00000,0.00000,0.00000,0.00000,0.00000,0.00000,0.00000,0.00000,0.00000,0.00000,0.00000,0.00000,0.00000,0.00000,0.00000,0.00000,0.00000,0.00000,0.00000,0.00000,0.00000,0.00000,0.00000,0.00000,0.00000,0.00000,0.00000
2.3667,1,1,0.00,0.00,33.33,0.08151,0.07562,0.53554,0.53190,0.53190,0.4500,0,1,0.21536,-0.09289,0.01155,0.21575,-0.09319,0.01190,0.11,0.01,0.53190,0.47991,0.05689,0.41193,1.09861,-0.00005,0.17282,0.47983,0.05758,0.41330,1.09980,0.00000,-0.17000,27,0.20894,-0.09431,0.01604,0.19640,0.09380,0,0.97715,0.00312,-0.00601,-0.21244,virtual,0,404.35,318.27,404.35,318.27,404.35,318.27,404.35,318.27,404.35,318.27,404.35,318.27,404.35,318.27,404.35,318.27,404.35,318.27,404.35,318.27,404.35,318.27,404.35,318.27,404.35,318.27,404.35,318.27,404.35,318.27,404.35,318.27,404.35,318.27,404.35,318.27,404.35,318.27,404.35,318.27,404.35,318.27,0.00000,0.00000,0.00000,0.00000,0.00000,0.00000,0.00000,0.00000,0.00000,0.00000,0.00000,0.00000,0.00000,0.00000,0.00000,0.00000,0.00000,0.00000,0.00000,0.00000,0.00000,0.00000,0.00000,0.00000,0.00000,0.00000,0.00000,0.00000,0.00000,0.00000,0.00000,0.00000,0.00000,0.00000,0.00000,0.00000,0.00000,0.00000,0.00000,0.00000,0.00000,0.00000,0.00000,0.00000,0.00000,0.00000,0.00000,0.00000,0.00000,0.00000,0.00000,0.00000,0.00000,0.00000,0.00000,0.00000,0.00000,0.00000,0.00000,0.00000,0.00000,0.00000,0.00000,0.00000,0.00000,0.00000,0.00000,0.00000,0.00000,0.00000,0.00000,0.00000,0.00000,0.00000,0.00000,0.00000,0.00000,0.00000,0.00000,0.00000,0.00000,0.00000,0.00000,0.00000
2.4000,1,1,0.00,0.00,33.33,0.08129,0.07542,0.53410,0.53265,0.53265,0.4500,0,1,0.21609,-0.09266,0.01175,0.21518,-0.09277,0.01140,0.88,0.01,0.53265,0.47939,0.05850,0.41346,1.09988,-0.00001,0.17193,0.47983,0.05758,0.41330,1.09980,0.00000,-0.17000,27,0.20861,-0.09390,0.01557,0.19640,0.09380,0,0.97693,0.00326,-0.00486,-0.21348,virtual,0,404.35,318.27,404.35,318.27,404.35,318.27,404.35,318.27,404.35,318.27,404.35,318.27,404.35,318.27,404.35,318.27,404.35,318.27,404.35,318.27,404.35,318.27,404.35,318.27,404.35,318.27,404.35,318.27,404.35,318.27,404.35,318.27,404.35,318.27,404.35,318.27,404.35,318.27,404.35,318.27,404.35,318.27,0.00000,0.00000,0.00000,0.00000,0.00000,0.00000,0.00000,0.00000,0.00000,0.00000,0.00000,0.00000,0.00000,0.00000,0.00000,0.00000,0.00000,0.00000,0.00000,0.00000,0.00000,0.00000,0.00000,0.00000,0.00000,0.00000,0.00000,0.00000,0.00000,0.00000,0.00000,0.00000,0.00000,0.00000,0.00000,0.00000,0.00000,0.00000,0.00000,0.00000,0.00000,0.00000,0.00000,0.00000,0.00000,0.00000,0.00000,0.00000,0.00000,0.00000,0.00000,0.00000,0.00000,0.00000,0.00000,0.00000,0.00000,0.00000,0.00000,0.00000,0.00000,0.00000,0.00000,0.00000,0.00000,0.00000,0.00000,0.00000,0.00000,0.00000,0.00000,0.00000,0.00000,0.00000,0.00000,0.00000,0.00000,0.00000,0.00000,0.00000,0.00000,0.00000,0.00000,0.00000
2.4333,1,1,0.00,0.00,33.33,0.08154,0.07566,0.53580,0.53750,0.53750,0.4500,0,1,0.21523,-0.09292,0.01151,0.21511,-0.09286,0.01143,0.08,0.01,0.53750,0.47995,0.05817,0.41369,1.09990,0.00000,0.17188,0.47983,0.05758,0.41330,1.09980,0.00000,-0.17000,27,0.20850,-0.09395,0.01554,0.19640,0.09380,0,0.97662,0.00291,-0.00528,-0.21489,virtual,0,404.35,318.27,404.35,318.27,404.35,318.27,404.35,318.27,404.35,318.27,404.35,318.27,404.35,318.27,404.35,318.27,404.35,318.27,404.35,318.27,404.35,318.27,404.35,318.27,404.35,318.27,404.35,318.27,404.35,318.27,404.35,318.27,404.35,318.27,404.35,318.27,404.35,318.27,404.35,318.27,404.35,318.27,0.00000,0.00000,0.00000,0.00000,0.00000,0.00000,0.00000,0.00000,0.00000,0.00000,0.00000,0.00000,0.00000,0.00000,0.00000,0.00000,0.00000,0.00000,0.00000,0.00000,0.00000,0.00000,0.00000,0.00000,0.00000,0.00000,0.00000,0.00000,0.00000,0.00000,0.00000,0.00000,0.00000,0.00000,0.00000,0.00000,0.00000,0.00000,0.00000,0.00000,0.00000,0.00000,0.00000,0.00000,0.00000,0.00000,0.00000,0.00000,0.00000,0.00000,0.00000,0.00000,0.00000,0.00000,0.00000,0.00000,0.00000,0.00000,0.00000,0.00000,0.00000,0.00000,0.00000,0.00000,0.00000,0.00000,0.00000,0.00000,0.00000,0.00000,0.00000,0.00000,0.00000,0.00000,0.00000,0.00000,0.00000,0.00000,0.00000,0.00000,0.00000,0.00000,0.00000,0.00000
2.4667,1,1,0.00,0.00,33.33,0.08145,0.07557,0.53519,0.53458,0.53458,0.4500,0,1,0.21554,-0.09283,0.01160,0.21516,-0.09285,0.01146,0.29,0.01,0.53458,0.47978,0.05798,0.41369,1.09979,0.00000,0.17183,0.47983,0.05758,0.41330,1.09980,0.00000,-0.17000,27,0.20854,-0.09394,0.01558,0.19640,0.09380,0,0.97635,0.00240,-0.00620,-0.21611,virtual,0,404.35,318.27,404.35,318.27,404.35,318.27,404.35,318.27,404.35,318.27,404.35,318.27,404.35,318.27,404.35,318.27,404.35,318.27,404.35,318.27,404.35,318.27,404.35,318.27,404.35,318.27,404.35,318.27,404.35,318.27,404.35,318.27,404.35,318.27,404.35,318.27,404.35,318.27,404.35,318.27,404.35,318.27,0.00000,0.00000,0.00000,0.00000,0.00000,0.00000,0.00000,0.00000,0.00000,0.00000,0.00000,0.00000,0.00000,0.00000,0.00000,0.00000,0.00000,0.00000,0.00000,0.00000,0.00000,0.00000,0.00000,0.00000,0.00000,0.00000,0.00000,0.00000,0.00000,0.00000,0.00000,0.00000,0.00000,0.00000,0.00000,0.00000,0.00000,0.00000,0.00000,0.00000,0.00000,0.00000,0.00000,0.00000,0.00000,0.00000,0.00000,0.00000,0.00000,0.00000,0.00000,0.00000,0.00000,0.00000,0.00000,0.00000,0.00000,0.00000,0.00000,0.00000,0.00000,0.00000,0.00000,0.00000,0.00000,0.00000,0.00000,0.00000,0.00000,0.00000,0.00000,0.00000,0.00000,0.00000,0.00000,0.00000,0.00000,0.00000,0.00000,0.00000,0.00000,0.00000,0.00000,0.00000
2.5000,1,1,0.00,0.00,33.33,0.08130,0.07543,0.53420,0.53322,0.53322,0.4500,0,1,0.21603,-0.09268,0.01174,0.21516,-0.09286,0.01145,0.82,0.01,0.53322,0.47982,0.05805,0.41367,1.09979,0.00000,0.17165,0.47983,0.05758,0.41330,1.09980,0.00000,-0.17000,27,0.20852,-0.09393,0.01557,0.19640,0.09380,0,0.97607,0.00197,-0.00682,-0.21735,virtual,0,404.35,318.27,404.35,318.27,404.35,318.27,404.35,318.27,404.35,318.27,404.35,318.27,404.35,318.27,404.35,318.27,404.35,318.27,404.35,318.27,404.35,318.27,404.35,318.27,404.35,318.27,404.35,318.27,404.35,318.27,404.35,318.27,404.35,318.27,404.35,318.27,404.35,318.27,404.35,318.27,404.35,318.27,0.00000,0.00000,0.00000,0.00000,0.00000,0.00000,0.00000,0.00000,0.00000,0.00000,0.00000,0.00000,0.00000,0.00000,0.00000,0.00000,0.00000,0.00000,0.00000,0.00000,0.00000,0.00000,0.00000,0.00000,0.00000,0.00000,0.00000,0.00000,0.00000,0.00000,0.00000,0.00000,0.00000,0.00000,0.00000,0.00000,0.00000,0.00000,0.00000,0.00000,0.00000,0.00000,0.00000,0.00000,0.00000,0.00000,0.00000,0.00000,0.00000,0.00000,0.00000,0.00000,0.00000,0.00000,0.00000,0.00000,0.00000,0.00000,0.00000,0.00000,0.00000,0.00000,0.00000,0.00000,0.00000,0.00000,0.00000,0.00000,0.00000,0.00000,0.00000,0.00000,0.00000,0.00000,0.00000,0.00000,0.00000,0.00000,0.00000,0.00000,0.00000,0.00000,0.00000,0.00000
2.5333,1,1,0.00,0.00,33.33,0.08131,0.07544,0.53426,0.53433,0.53433,0.4500,0,1,0.21600,-0.09269,0.01173,0.21515,-0.09286,0.01145,0.78,0.01,0.53433,0.47983,0.05806,0.41366,1.09981,-0.00000,0.17145,0.47983,0.05758,0.41330,1.09980,0.00000,-0.17000,27,0.20850,-0.09392,0.01557,0.19640,0.09380,0,0.97584,0.00161,-0.00733,-0.21836,virtual,0,404.35,318.27,404.35,318.27,404.35,318.27,404.35,318.27,404.35,318.27,404.35,318.27,404.35,318.27,404.35,318.27,404.35,318.27,404.35,318.27,404.35,318.27,404.35,318.27,404.35,318.27,404.35,318.27,404.35,318.27,404.35,318.27,404.35,318.27,404.35,318.27,404.35,318.27,404.35,318.27,404.35,318.27,0.00000,0.00000,0.00000,0.00000,0.00000,0.00000,0.00000,0.00000,0.00000,0.00000,0.00000,0.00000,0.00000,0.00000,0.00000,0.00000,0.00000,0.00000,0.00000,0.00000,0.00000,0.00000,0.00000,0.00000,0.00000,0.00000,0.00000,0.00000,0.00000,0.00000,0.00000,0.00000,0.00000,0.00000,0.00000,0.00000,0.00000,0.00000,0.00000,0.00000,0.00000,0.00000,0.00000,0.00000,0.00000,0.00000,0.00000,0.00000,0.00000,0.00000,0.00000,0.00000,0.00000,0.00000,0.00000,0.00000,0.00000,0.00000,0.00000,0.00000,0.00000,0.00000,0.00000,0.00000,0.00000,0.00000,0.00000,0.00000,0.00000,0.00000,0.00000,0.00000,0.00000,0.00000,0.00000,0.00000,0.00000,0.00000,0.00000,0.00000,0.00000,0.00000,0.00000,0.00000
2.5667,1,1,0.00,0.00,33.33,0.08218,0.07625,0.54001,0.54575,0.54575,0.4500,0,1,0.21313,-0.09356,0.01092,0.21277,-0.09344,0.01078,0.12,0.01,0.54575,0.48803,0.04771,0.43222,1.09296,0.00001,0.17130,0.48719,0.04833,0.43075,1.09184,0.00000,-0.17000,27,0.20611,-0.09432,0.01485,0.19640,0.09380,0,0.97475,0.00114,-0.00639,-0.22320,virtual,0,404.35,318.27,404.35,318.27,404.35,318.27,404.35,318.27,404.35,318.27,404.35,318.27,404.35,318.27,404.35,318.27,404.35,318.27,404.35,318.27,404.35,318.27,404.35,318.27,404.35,318.27,404.35,318.27,404.35,318.27,404.35,318.27,404.35,318.27,404.35,318.27,404.35,318.27,404.35,318.27,404.35,318.27,0.00000,0.00000,0.00000,0.00000,0.00000,0.00000,0.00000,0.00000,0.00000,0.00000,0.00000,0.00000,0.00000,0.00000,0.00000,0.00000,0.00000,0.00000,0.00000,0.00000,0.00000,0.00000,0.00000,0.00000,0.00000,0.00000,0.00000,0.00000,0.00000,0.00000,0.00000,0.00000,0.00000,0.00000,0.00000,0.00000,0.00000,0.00000,0.00000,0.00000,0.00000,0.00000,0.00000,0.00000,0.00000,0.00000,0.00000,0.00000,0.00000,0.00000,0.00000,0.00000,0.00000,0.00000,0.00000,0.00000,0.00000,0.00000,0.00000,0.00000,0.00000,0.00000,0.00000,0.00000,0.00000,0.00000,0.00000,0.00000,0.00000,0.00000,0.00000,0.00000,0.00000,0.00000,0.00000,0.00000,0.00000,0.00000,0.00000,0.00000,0.00000,0.00000,0.00000,0.00000
2.6000,1,1,0.00,0.00,33.33,0.08214,0.07621,0.53969,0.53938,0.53938,0.4500,0,1,0.21329,-0.09352,0.01096,0.21316,-0.09347,0.01084,0.10,0.01,0.53938,0.48719,0.04815,0.43139,1.09152,0.00000,0.17063,0.48719,0.04833,0.43075,1.09184,0.00000,-0.17000,27,0.20643,-0.09443,0.01493,0.19640,0.09380,0,0.97450,0.00016,-0.00789,-0.22427,virtual,0,404.35,318.27,404.35,318.27,404.35,318.27,404.35,318.27,404.35,318.27,404.35,318.27,404.35,318.27,404.35,318.27,404.35,318.27,404.35,318.27,404.35,318.27,404.35,318.27,404.35,318.27,404.35,318.27,404.35,318.27,404.35,318.27,404.35,318.27,404.35,318.27,404.35,318.27,404.35,318.27,404.35,318.27,0.00000,0.00000,0.00000,0.00000,0.00000,0.00000,0.00000,0.00000,0.00000,0.00000,0.00000,0.00000,0.00000,0.00000,0.00000,0.00000,0.00000,0.00000,0.00000,0.00000,0.00000,0.00000,0.00000,0.00000,0.00000,0.00000,0.00000,0.00000,0.00000,0.00000,0.00000,0.00000,0.00000,0.00000,0.00000,0.00000,0.00000,0.00000,0.00000,0.00000,0.00000,0.00000,0.00000,0.00000,0.00000,0.00000,0.00000,0.00000,0.00000,0.00000,0.00000,0.00000,0.00000,0.00000,0.00000,0.00000,0.00000,0.00000,0.00000,0.00000,0.00000,0.00000,0.00000,0.00000,0.00000,0.00000,0.00000,0.00000,0.00000,0.00000,0.00000,0.00000,0.00000,0.00000,0.00000,0.00000,0.00000,0.00000,0.00000,0.00000,0.00000,0.00000,0.00000,0.00000
2.6333,1,1,0.00,0.00,33.33,0.08163,0.07574,0.53637,0.53306,0.53306,0.4500,0,1,0.21495,-0.09301,0.01143,0.21535,-0.09296,0.01160,0.09,0.01,0.53306,0.47980,0.05672,0.41434,1.09838,-0.00000,0.17037,0.48132,0.05572,0.41674,1.09824,0.00000,-0.17000,27,0.20856,-0.09412,0.01569,0.19640,0.09380,0,0.97498,-0.00099,-0.00879,-0.22212,virtual,0,404.35,318.27,404.35,318.27,404.35,318.27,404.35,318.27,404.35,318.27,404.35,318.27,404.35,318.27,404.35,318.27,404.35,318.27,404.35,318.27,404.35,318.27,404.35,318.27,404.35,318.27,404.35,318.27,404.35,318.27,404.35,318.27,404.35,318.27,404.35,318.27,404.35,318.27,404.35,318.27,404.35,318.27,0.00000,0.00000,0.00000,0.00000,0.00000,0.00000,0.00000,0.00000,0.00000,0.00000,0.00000,0.00000,0.00000,0.00000,0.00000,0.00000,0.00000,0.00000,0.00000,0.00000,0.00000,0.00000,0.00000,0.00000,0.00000,0.00000,0.00000,0.00000,0.00000,0.00000,0.00000,0.00000,0.00000,0.00000,0.00000,0.00000,0.00000,0.00000,0.00000,0.00000,0.00000,0.00000,0.00000,0.00000,0.00000,0.00000,0.00000,0.00000,0.00000,0.00000,0.00000,0.00000,0.00000,0.00000,0.00000,0.00000,0.00000,0.00000,0.00000,0.00000,0.00000,0.00000,0.00000,0.00000,0.00000,0.00000,0.00000,0.00000,0.00000,0.00000,0.00000,0.00000,0.00000,0.00000,0.00000,0.00000,0.00000,0.00000,0.00000,0.00000,0.00000,0.00000,0.00000,0.00000
2.6667,1,1,0.00,0.00,33.33,0.08113,0.07528,0.53311,0.52984,0.52984,0.4500,0,1,0.21658,-0.09251,0.01189,0.21665,-0.09268,0.01203,0.10,0.01,0.52984,0.47559,0.06321,0.40251,1.10373,-0.00001,0.17034,0.47535,0.06357,0.40282,1.10430,0.00000,-0.17000,27,0.20966,-0.09395,0.01597,0.19640,0.09380,0,0.97511,-0.00123,-0.00893,-0.22154,virtual,0,404.35,318.27,404.35,318.27,404.35,318.27,404.35,318.27,404.35,318.27,404.35,318.27,404.35,318.27,404.35,318.27,404.35,318.27,404.35,318.27,404.35,318.27,404.35,318.27,404.35,318.27,404.35,318.27,404.35,318.27,404.35,318.27,404.35,318.27,404.35,318.27,404.35,318.27,404.35,318.27,404.35,318.27,0.00000,0.00000,0.00000,0.00000,0.00000,0.00000,0.00000,0.00000,0.00000,0.00000,0.00000,0.00000,0.00000,0.00000,0.00000,0.00000,0.00000,0.00000,0.00000,0.00000,0.00000,0.00000,0.00000,0.00000,0.00000,0.00000,0.00000,0.00000,0.00000,0.00000,0.00000,0.00000,0.00000,0.00000,0.00000,0.00000,0.00000,0.00000,0.00000,0.00000,0.00000,0.00000,0.00000,0.00000,0.00000,0.00000,0.00000,0.00000,0.00000,0.00000,0.00000,0.00000,0.00000,0.00000,0.00000,0.00000,0.00000,0.00000,0.00000,0.00000,0.00000,0.00000,0.00000,0.00000,0.00000,0.00000,0.00000,0.00000,0.00000,0.00000,0.00000,0.00000,0.00000,0.00000,0.00000,0.00000,0.00000,0.00000,0.00000,0.00000,0.00000,0.00000,0.00000,0.00000
2.7000,1,1,0.00,0.00,33.33,0.08241,0.07591,0.54150,0.54990,0.54990,0.4500,0,1,0.21238,-0.09379,0.01126,0.21073,-0.09385,0.01084,0.29,0.01,0.54990,0.49478,0.03734,0.44474,1.09280,0.00000,0.17039,0.48938,0.04380,0.43459,1.09264,0.00000,-0.17000,27,0.20392,-0.09500,0.01480,0.19640,0.09380,0,0.97277,-0.00102,-0.00653,-0.23167,virtual,0,404.34,317.14,404.34,317.14,404.34,317.14,404.34,317.14,404.34,317.14,404.34,317.14,404.34,317.14,404.34,317.14,404.34,317.14,404.34,317.14,404.34,317.14,404.34,317.14,404.34,317.14,404.34,317.14,404.34,317.14,404.34,317.14,404.34,317.14,404.34,317.14,404.34,317.14,404.34,317.14,404.34,317.14,0.00000,0.00000,0.00000,0.00000,0.00000,0.00000,0.00000,0.00000,0.00000,0.00000,0.00000,0.00000,0.00000,0.00000,0.00000,0.00000,0.00000,0.00000,0.00000,0.00000,0.00000,0.00000,0.00000,0.00000,0.00000,0.00000,0.00000,0.00000,0.00000,0.00000,0.00000,0.00000,0.00000,0.00000,0.00000,0.00000,0.00000,0.00000,0.00000,0.00000,0.00000,0.00000,0.00000,0.00000,0.00000,0.00000,0.00000,0.00000,0.00000,0.00000,0.00000,0.00000,0.00000,0.00000,0.00000,0.00000,0.00000,0.00000,0.00000,0.00000,0.00000,0.00000,0.00000,0.00000,0.00000,0.00000,0.00000,0.00000,0.00000,0.00000,0.00000,0.00000,0.00000,0.00000,0.00000,0.00000,0.00000,0.00000,0.00000,0.00000,0.00000,0.00000,0.00000,0.00000
2.7333,1,1,0.00,0.00,33.33,0.08144,0.07475,0.53515,0.52879,0.52879,0.4500,0,1,0.21556,-0.09282,0.01242,0.21467,-0.09177,0.01150,0.14,0.01,0.52879,0.47606,0.06204,0.40729,1.11168,-0.00003,0.17025,0.47922,0.05548,0.40922,1.10591,0.00000,-0.17000,27,0.20790,-0.09311,0.01554,0.19640,0.09380,0,0.97465,-0.00150,-0.00377,-0.22369,virtual,0,404.34,317.14,404.34,317.14,404.34,317.14,404.34,317.14,404.34,317.14,404.34,317.14,404.34,317.14,404.34,317.14,404.34,317.14,404.34,317.14,404.34,317.14,404.34,317.14,404.34,317.14,404.34,317.14,404.34,317.14,404.34,317.14,404.34,317.14,404.34,317.14,404.34,317.14,404.34,317.14,404.34,317.14,0.00000,0.00000,0.00000,0.00000,0.00000,0.00000,0.00000,0.00000,0.00000,0.00000,0.00000,0.00000,0.00000,0.00000,0.00000,0.00000,0.00000,0.00000,0.00000,0.00000,0.00000,0.00000,0.00000,0.00000,0.00000,0.00000,0.00000,0.00000,0.00000,0.00000,0.00000,0.00000,0.00000,0.00000,0.00000,0.00000,0.00000,0.00000,0.00000,0.00000,0.00000,0.00000,0.00000,0.00000,0.00000,0.00000,0.00000,0.00000,0.00000,0.00000,0.00000,0.00000,0.00000,0.00000,0.00000,0.00000,0.00000,0.00000,0.00000,0.00000,0.00000,0.00000,0.00000,0.00000,0.00000,0.00000,0.00000,0.00000,0.00000,0.00000,0.00000,0.00000,0.00000,0.00000,0.00000,0.00000,0.00000,0.00000,0.00000,0.00000,0.00000,0.00000,0.00000,0.00000
2.7667,1,1,0.00,0.00,33.33,0.08282,0.07369,0.54391,0.55268,0.55268,0.4500,0,1,0.21118,-0.09420,0.01348,0.21323,-0.09561,0.01391,0.50,0.01,0.55268,0.49657,0.03718,0.42090,1.10613,0.00002,0.17009,0.49406,0.03059,0.43500,1.10539,0.00000,-0.17000,27,0.20622,-0.09684,0.01786,0.19640,0.09380,0,0.97194,-0.00402,-0.01233,-0.23486,virtual,0,404.45,312.84,404.45,312.84,404.45,312.84,404.45,312.84,404.45,312.84,404.45,312.84,404.45,312.84,404.45,312.84,404.45,312.84,404.45,312.84,404.45,312.84,404.45,312.84,404.45,312.84,404.45,312.84,404.45,312.84,404.45,312.84,404.45,312.84,404.45,312.84,404.45,312.84,404.45,312.84,404.45,312.84,0.00000,0.00000,0.00000,0.00000,0.00000,0.00000,0.00000,0.00000,0.00000,0.00000,0.00000,0.00000,0.00000,0.00000,0.00000,0.00000,0.00000,0.00000,0.00000,0.00000,0.00000,0.00000,0.00000,0.00000,0.00000,0.00000,0.00000,0.00000,0.00000,0.00000,0.00000,0.00000,0.00000,0.00000,0.00000,0.00000,0.00000,0.00000,0.00000,0.00000,0.00000,0.00000,0.00000,0.00000,0.00000,0.00000,0.00000,0.00000,0.00000,0.00000,0.00000,0.00000,0.00000,0.00000,0.00000,0.00000,0.00000,0.00000,0.00000,0.00000,0.00000,0.00000,0.00000,0.00000,0.00000,0.00000,0.00000,0.00000,0.00000,0.00000,0.00000,0.00000,0.00000,0.00000,0.00000,0.00000,0.00000,0.00000,0.00000,0.00000,0.00000,0.00000,0.00000,0.00000
2.8000,1,1,0.00,0.00,33.33,0.08252,0.07028,0.54224,0.54056,0.54056,0.4500,0,1,0.21202,-0.09390,0.01689,0.21149,-0.09296,0.01683,0.45,0.01,0.54056,0.48894,0.02053,0.41697,1.13950,-0.00000,0.16990,0.49201,0.02266,0.41768,1.13032,0.00000,-0.17000,27,0.20474,-0.09427,0.02082,0.19640,0.09380,0,0.97273,-0.00273,-0.00697,-0.23182,virtual,0,404.31,308.56,404.31,308.56,404.31,308.56,404.31,308.56,404.31,308.56,404.31,308.56,404.31,308.56,404.31,308.56,404.31,308.56,404.31,308.56,404.31,308.56,404.31,308.56,404.31,308.56,404.31,308.56,404.31,308.56,404.31,308.56,404.31,308.56,404.31,308.56,404.31,308.56,404.31,308.56,404.31,308.56,0.00000,0.00000,0.00000,0.00000,0.00000,0.00000,0.00000,0.00000,0.00000,0.00000,0.00000,0.00000,0.00000,0.00000,0.00000,0.00000,0.00000,0.00000,0.00000,0.00000,0.00000,0.00000,0.00000,0.00000,0.00000,0.00000,0.00000,0.00000,0.00000,0.00000,0.00000,0.00000,0.00000,0.00000,0.00000,0.00000,0.00000,0.00000,0.00000,0.00000,0.00000,0.00000,0.00000,0.00000,0.00000,0.00000,0.00000,0.00000,0.00000,0.00000,0.00000,0.00000,0.00000,0.00000,0.00000,0.00000,0.00000,0.00000,0.00000,0.00000,0.00000,0.00000,0.00000,0.00000,0.00000,0.00000,0.00000,0.00000,0.00000,0.00000,0.00000,0.00000,0.00000,0.00000,0.00000,0.00000,0.00000,0.00000,0.00000,0.00000,0.00000,0.00000,0.00000,0.00000
2.8333,1,1,0.00,0.00,33.33,0.08326,0.06714,0.54694,0.55164,0.55164,0.4500,0,1,0.20966,-0.09464,0.02003,0.20782,-0.09432,0.01734,0.65,0.00,0.55164,0.50401,0.00866,0.42687,1.14989,-0.00000,0.16968,0.50031,0.00027,0.42133,1.14922,0.00000,-0.17000,27,0.20109,-0.09553,0.02147,0.19640,0.09380,0,0.97080,-0.00210,-0.00391,-0.23984,virtual,0,404.41,304.31,404.41,304.31,404.41,304.31,404.41,304.31,404.41,304.31,404.41,304.31,404.41,304.31,404.41,304.31,404.41,304.31,404.41,304.31,404.41,304.31,404.41,304.31,404.41,304.31,404.41,304.31,404.41,304.31,404.41,304.31,404.41,304.31,404.41,304.31,404.41,304.31,404.41,304.31,404.41,304.31,0.00000,0.00000,0.00000,0.00000,0.00000,0.00000,0.00000,0.00000,0.00000,0.00000,0.00000,0.00000,0.00000,0.00000,0.00000,0.00000,0.00000,0.00000,0.00000,0.00000,0.00000,0.00000,0.00000,0.00000,0.00000,0.00000,0.00000,0.00000,0.00000,0.00000,0.00000,0.00000,0.00000,0.00000,0.00000,0.00000,0.00000,0.00000,0.00000,0.00000,0.00000,0.00000,0.00000,0.00000,0.00000,0.00000,0.00000,0.00000,0.00000,0.00000,0.00000,0.00000,0.00000,0.00000,0.00000,0.00000,0.00000,0.00000,0.00000,0.00000,0.00000,0.00000,0.00000,0.00000,0.00000,0.00000,0.00000,0.00000,0.00000,0.00000,0.00000,0.00000,0.00000,0.00000,0.00000,0.00000,0.00000,0.00000,0.00000,0.00000,0.00000,0.00000,0.00000,0.00000
2.8667,1,1,0.00,0.00,33.33,0.08202,0.06232,0.53843,0.52992,0.52992,0.4500,0,1,0.21392,-0.09340,0.02485,0.21037,-0.09113,0.02182,0.42,0.02,0.52992,0.48328,0.00943,0.38964,1.19383,-0.00000,0.16951,0.48585,0.00760,0.37289,1.18994,0.00000,-0.17000,27,0.20363,-0.09234,0.02597,0.19640,0.09380,0,0.97310,-0.00126,-0.00028,-0.23037,virtual,0,404.49,300.14,404.49,300.14,404.49,300.14,404.49,300.14,404.49,300.14,404.49,300.14,404.49,300.14,404.49,300.14,404.49,300.14,404.49,300.14,404.49,300.14,404.49,300.14,404.49,300.14,404.49,300.14,404.49,300.14,404.49,300.14,404.49,300.14,404.49,300.14,404.49,300.14,404.49,300.14,404.49,300.14,0.00000,0.00000,0.00000,0.00000,0.00000,0.00000,0.00000,0.00000,0.00000,0.00000,0.00000,0.00000,0.00000,0.00000,0.00000,0.00000,0.00000,0.00000,0.00000,0.00000,0.00000,0.00000,0.00000,0.00000,0.00000,0.00000,0.00000,0.00000,0.00000,0.00000,0.00000,0.00000,0.00000,0.00000,0.00000,0.00000,0.00000,0.00000,0.00000,0.00000,0.00000,0.00000,0.00000,0.00000,0.00000,0.00000,0.00000,0.00000,0.00000,0.00000,0.00000,0.00000,0.00000,0.00000,0.00000,0.00000,0.00000,0.00000,0.00000,0.00000,0.00000,0.00000,0.00000,0.00000,0.00000,0.00000,0.00000,0.00000,0.00000,0.00000,0.00000,0.00000,0.00000,0.00000,0.00000,0.00000,0.00000,0.00000,0.00000,0.00000,0.00000,0.00000,0.00000,0.00000
2.9000,1,1,0.00,0.00,33.33,0.08114,0.05762,0.53155,0.52467,0.52467,0.4500,0,1,0.21736,-0.09252,0.02955,0.21669,-0.09140,0.03063,0.37,0.02,0.52467,0.46981,0.01665,0.31278,1.25151,0.00000,0.16940,0.47388,0.01621,0.32534,1.22889,0.00000,-0.17000,27,0.20974,-0.09282,0.03468,0.19640,0.09380,0,0.97428,-0.00300,-0.00672,-0.22520,virtual,0,404.79,295.91,404.79,295.91,404.79,295.91,404.79,295.91,404.79,295.91,404.79,295.91,404.79,295.91,404.79,295.91,404.79,295.91,404.79,295.91,404.79,295.91,404.79,295.91,404.79,295.91,404.79,295.91,404.79,295.91,404.79,295.91,404.79,295.91,404.79,295.91,404.79,295.91,404.79,295.91,404.79,295.91,0.00000,0.00000,0.00000,0.00000,0.00000,0.00000,0.00000,0.00000,0.00000,0.00000,0.00000,0.00000,0.00000,0.00000,0.00000,0.00000,0.00000,0.00000,0.00000,0.00000,0.00000,0.00000,0.00000,0.00000,0.00000,0.00000,0.00000,0.00000,0.00000,0.00000,0.00000,0.00000,0.00000,0.00000,0.00000,0.00000,0.00000,0.00000,0.00000,0.00000,0.00000,0.00000,0.00000,0.00000,0.00000,0.00000,0.00000,0.00000,0.00000,0.00000,0.00000,0.00000,0.00000,0.00000,0.00000,0.00000,0.00000,0.00000,0.00000,0.00000,0.00000,0.00000,0.00000,0.00000,0.00000,0.00000,0.00000,0.00000,0.00000,0.00000,0.00000,0.00000,0.00000,0.00000,0.00000,0.00000,0.00000,0.00000,0.00000,0.00000,0.00000,0.00000,0.00000,0.00000
2.9333,1,1,0.00,0.00,33.33,0.08062,0.05316,0.52718,0.52280,0.52280,0.4500,0,1,0.21955,-0.09200,0.03401,0.22217,-0.09292,0.03572,0.38,0.02,0.52280,0.46431,0.02072,0.27079,1.26588,-0.00000,0.16937,0.46648,0.02008,0.28615,1.26426,0.00000,-0.17000,27,0.21511,-0.09439,0.03974,0.19640,0.09380,0,0.97453,-0.00606,-0.01874,-0.22338,virtual,0,404.92,291.62,404.92,291.62,404.92,291.62,404.92,291.62,404.92,291.62,404.92,291.62,404.92,291.62,404.92,291.62,404.92,291.62,404.92,291.62,404.92,291.62,404.92,291.62,404.92,291.62,404.92,291.62,404.92,291.62,404.92,291.62,404.92,291.62,404.92,291.62,404.92,291.62,404.92,291.62,404.92,291.62,0.00000,0.00000,0.00000,0.00000,0.00000,0.00000,0.00000,0.00000,0.00000,0.00000,0.00000,0.00000,0.00000,0.00000,0.00000,0.00000,0.00000,0.00000,0.00000,0.00000,0.00000,0.00000,0.00000,0.00000,0.00000,0.00000,0.00000,0.00000,0.00000,0.00000,0.00000,0.00000,0.00000,0.00000,0.00000,0.00000,0.00000,0.00000,0.00000,0.00000,0.00000,0.00000,0.00000,0.00000,0.00000,0.00000,0.00000,0.00000,0.00000,0.00000,0.00000,0.00000,0.00000,0.00000,0.00000,0.00000,0.00000,0.00000,0.00000,0.00000,0.00000,0.00000,0.00000,0.00000,0.00000,0.00000,0.00000,0.00000,0.00000,0.00000,0.00000,0.00000,0.00000,0.00000,0.00000,0.00000,0.00000,0.00000,0.00000,0.00000,0.00000,0.00000,0.00000,0.00000
2.9667,1,1,0.00,0.00,33.33,0.08129,0.04951,0.53174,0.53630,0.53630,0.4500,0,1,0.21727,-0.09267,0.03766,0.21603,-0.09232,0.03723,0.60,0.00,0.53630,0.47541,-0.00390,0.28738,1.29429,-0.00000,0.16933,0.47363,0.00026,0.28349,1.28702,0.00000,-0.17000,27,0.20914,-0.09370,0.04133,0.19640,0.09380,0,0.97329,-0.00394,-0.00914,-0.22937,virtual,0,404.69,287.39,404.69,287.39,404.69,287.39,404.69,287.39,404.69,287.39,404.69,287.39,404.69,287.39,404.69,287.39,404.69,287.39,404.69,287.39,404.69,287.39,404.69,287.39,404.69,287.39,404.69,287.39,404.69,287.39,404.69,287.39,404.69,287.39,404.69,287.39,404.69,287.39,404.69,287.39,404.69,287.39,0.00000,0.00000,0.00000,0.00000,0.00000,0.00000,0.00000,0.00000,0.00000,0.00000,0.00000,0.00000,0.00000,0.00000,0.00000,0.00000,0.00000,0.00000,0.00000,0.00000,0.00000,0.00000,0.00000,0.00000,0.00000,0.00000,0.00000,0.00000,0.00000,0.00000,0.00000,0.00000,0.00000,0.00000,0.00000,0.00000,0.00000,0.00000,0.00000,0.00000,0.00000,0.00000,0.00000,0.00000,0.00000,0.00000,0.00000,0.00000,0.00000,0.00000,0.00000,0.00000,0.00000,0.00000,0.00000,0.00000,0.00000,0.00000,0.00000,0.00000,0.00000,0.00000,0.00000,0.00000,0.00000,0.00000,0.00000,0.00000,0.00000,0.00000,0.00000,0.00000,0.00000,0.00000,0.00000,0.00000,0.00000,0.00000,0.00000,0.00000,0.00000,0.00000,0.00000,0.00000
3.0000,1,1,0.00,0.00,33.33,0.08188,0.04574,0.53553,0.53933,0.53933,0.4500,0,1,0.21537,-0.09326,0.04143,0.21532,-0.09326,0.04152,0.61,0.00,0.53933,0.48123,-0.02336,0.27876,1.31522,0.00000,0.16918,0.48063,-0.01900,0.27816,1.31160,0.00000,-0.17000,27,0.20837,-0.09441,0.04550,0.19640,0.09380,0,0.97247,-0.00505,-0.01288,-0.23262,virtual,0,404.76,283.14,404.76,283.14,404.76,283.14,404.76,283.14,404.76,283.14,404.76,283.14,404.76,283.14,404.76,283.14,404.76,283.14,404.76,283.14,404.76,283.14,404.76,283.14,404.76,283.14,404.76,283.14,404.76,283.14,404.76,283.14,404.76,283.14,404.76,283.14,404.76,283.14,404.76,283.14,404.76,283.14,0.00000,0.00000,0.00000,0.00000,0.00000,0.00000,0.00000,0.00000,0.00000,0.00000,0.00000,0.00000,0.00000,0.00000,0.00000,0.00000,0.00000,0.00000,0.00000,0.00000,0.00000,0.00000,0.00000,0.00000,0.00000,0.00000,0.00000,0.00000,0.00000,0.00000,0.00000,0.00000,0.00000,0.00000,0.00000,0.00000,0.00000,0.00000,0.00000,0.00000,0.00000,0.00000,0.00000,0.00000,0.00000,0.00000,0.00000,0.00000,0.00000,0.00000,0.00000,0.00000,0.00000,0.00000,0.00000,0.00000,0.00000,0.00000,0.00000,0.00000,0.00000,0.00000,0.00000,0.00000,0.00000,0.00000,0.00000,0.00000,0.00000,0.00000,0.00000,0.00000,0.00000,0.00000,0.00000,0.00000,0.00000,0.00000,0.00000,0.00000,0.00000,0.00000,0.00000,0.00000
3.0333,1,1,0.00,0.00,33.33,0.08231,0.04187,0.53839,0.54125,0.54125,0.4500,0,1,0.21394,-0.09369,0.04530,0.21443,-0.09417,0.04573,0.58,0.00,0.54125,0.48734,-0.03809,0.26466,1.34072,0.00001,0.16916,0.48601,-0.03509,0.26781,1.33800,0.00000,-0.17000,27,0.20752,-0.09507,0.04967,0.19640,0.09380,0,0.97169,-0.00560,-0.01436,-0.23575,virtual,0,404.73,278.91,404.73,278.91,404.73,278.91,404.73,278.91,404.73,278.91,404.73,278.91,404.73,278.91,404.73,278.91,404.73,278.91,404.73,278.91,404.73,278.91,404.73,278.91,404.73,278.91,404.73,278.91,404.73,278.91,404.73,278.91,404.73,278.91,404.73,278.91,404.73,278.91,404.73,278.91,404.73,278.91,0.00000,0.00000,0.00000,0.00000,0.00000,0.00000,0.00000,0.00000,0.00000,0.00000,0.00000,0.00000,0.00000,0.00000,0.00000,0.00000,0.00000,0.00000,0.00000,0.00000,0.00000,0.00000,0.00000,0.00000,0.00000,0.00000,0.00000,0.00000,0.00000,0.00000,0.00000,0.00000,0.00000,0.00000,0.00000,0.00000,0.00000,0.00000,0.00000,0.00000,0.00000,0.00000,0.00000,0.00000,0.00000,0.00000,0.00000,0.00000,0.00000,0.00000,0.00000,0.00000,0.00000,0.00000,0.00000,0.00000,0.00000,0.00000,0.00000,0.00000,0.00000,0.00000,0.00000,0.00000,0.00000,0.00000,0.00000,0.00000,0.00000,0.00000,0.00000,0.00000,0.00000,0.00000,0.00000,0.00000,0.00000,0.00000,0.00000,0.00000,0.00000,0.00000,0.00000,0.00000
3.0667,1,1,0.00,0.00,33.33,0.08260,0.03794,0.54077,0.54315,0.54315,0.4500,0,1,0.21275,-0.09398,0.04923,0.21145,-0.09319,0.04911,0.55,0.01,0.54315,0.49006,-0.05172,0.25413,1.37811,0.00001,0.16913,0.49020,-0.04908,0.25449,1.36529,0.00000,-0.17000,27,0.20457,-0.09398,0.05292,0.19640,0.09380,0,0.97132,-0.00417,-0.00800,-0.23762,virtual,0,404.59,274.70,404.59,274.70,404.59,274.70,404.59,274.70,404.59,274.70,404.59,274.70,404.59,274.70,404.59,274.70,404.59,274.70,404.59,274.70,404.59,274.70,404.59,274.70,404.59,274.70,404.59,274.70,404.59,274.70,404.59,274.70,404.59,274.70,404.59,274.70,404.59,274.70,404.59,274.70,404.59,274.70,0.00000,0.00000,0.00000,0.00000,0.00000,0.00000,0.00000,0.00000,0.00000,0.00000,0.00000,0.00000,0.00000,0.00000,0.00000,0.00000,0.00000,0.00000,0.00000,0.00000,0.00000,0.00000,0.00000,0.00000,0.00000,0.00000,0.00000,0.00000,0.00000,0.00000,0.00000,0.00000,0.00000,0.00000,0.00000,0.00000,0.00000,0.00000,0.00000,0.00000,0.00000,0.00000,0.00000,0.00000,0.00000,0.00000,0.00000,0.00000,0.00000,0.00000,0.00000,0.00000,0.00000,0.00000,0.00000,0.00000,0.00000,0.00000,0.00000,0.00000,0.00000,0.00000,0.00000,0.00000,0.00000,0.00000,0.00000,0.00000,0.00000,0.00000,0.00000,0.00000,0.00000,0.00000,0.00000,0.00000,0.00000,0.00000,0.00000,0.00000,0.00000,0.00000,0.00000,0.00000
3.1000,1,1,0.00,0.00,33.33,0.08325,0.03406,0.54456,0.54834,0.54834,0.4500,0,1,0.21086,-0.09463,0.05311,0.21135,-0.09478,0.05363,0.58,0.00,0.54834,0.49742,-0.07056,0.24326,1.39381,0.00001,0.16910,0.49741,-0.06550,0.24462,1.39161,0.00000,-0.17000,27,0.20443,-0.09543,0.05724,0.19640,0.09380,0,0.97019,-0.00608,-0.01462,-0.24181,virtual,0,404.80,270.52,404.80,270.52,404.80,270.52,404.80,270.52,404.80,270.52,404.80,270.52,404.80,270.52,404.80,270.52,404.80,270.52,404.80,270.52,404.80,270.52,404.80,270.52,404.80,270.52,404.80,270.52,404.80,270.52,404.80,270.52,404.80,270.52,404.80,270.52,404.80,270.52,404.80,270.52,404.80,270.52,0.00000,0.00000,0.00000,0.00000,0.00000,0.00000,0.00000,0.00000,0.00000,0.00000,0.00000,0.00000,0.00000,0.00000,0.00000,0.00000,0.00000,0.00000,0.00000,0.00000,0.00000,0.00000,0.00000,0.00000,0.00000,0.00000,0.00000,0.00000,0.00000,0.00000,0.00000,0.00000,0.00000,0.00000,0.00000,0.00000,0.00000,0.00000,0.00000,0.00000,0.00000,0.00000,0.00000,0.00000,0.00000,0.00000,0.00000,0.00000,0.00000,0.00000,0.00000,0.00000,0.00000,0.00000,0.00000,0.00000,0.00000,0.00000,0.00000,0.00000,0.00000,0.00000,0.00000,0.00000,0.00000,0.00000,0.00000,0.00000,0.00000,0.00000,0.00000,0.00000,0.00000,0.00000,0.00000,0.00000,0.00000,0.00000,0.00000,0.00000,0.00000,0.00000,0.00000,0.00000
3.1333,1,1,0.00,0.00,33.33,0.08394,0.03019,0.54930,0.55404,0.55404,0.4500,0,1,0.20849,-0.09532,0.05698,0.20839,-0.09592,0.05737,0.62,0.00,0.55404,0.50981,-0.08873,0.23585,1.42174,0.00001,0.16907,0.50621,-0.08435,0.23745,1.41764,0.00000,-0.17000,27,0.20151,-0.09646,0.06082,0.19640,0.09380,0,0.96856,-0.00593,-0.01317,-0.24834,virtual,0,404.67,266.33,404.67,266.33,404.67,266.33,404.67,266.33,404.67,266.33,404.67,266.33,404.67,266.33,404.67,266.33,404.67,266.33,404.67,266.33,404.67,266.33,404.67,266.33,404.67,266.33,404.67,266.33,404.67,266.33,404.67,266.33,404.67,266.33,404.67,266.33,404.67,266.33,404.67,266.33,404.67,266.33,0.00000,0.00000,0.00000,0.00000,0.00000,0.00000,0.00000,0.00000,0.00000,0.00000,0.00000,0.00000,0.00000,0.00000,0.00000,0.00000,0.00000,0.00000,0.00000,0.00000,0.00000,0.00000,0.00000,0.00000,0.00000,0.00000,0.00000,0.00000,0.00000,0.00000,0.00000,0.00000,0.00000,0.00000,0.00000,0.00000,0.00000,0.00000,0.00000,0.00000,0.00000,0.00000,0.00000,0.00000,0.00000,0.00000,0.00000,0.00000,0.00000,0.00000,0.00000,0.00000,0.00000,0.00000,0.00000,0.00000,0.00000,0.00000,0.00000,0.00000,0.00000,0.00000,0.00000,0.00000,0.00000,0.00000,0.00000,0.00000,0.00000,0.00000,0.00000,0.00000,0.00000,0.00000,0.00000,0.00000,0.00000,0.00000,0.00000,0.00000,0.00000,0.00000,0.00000,0.00000
3.1667,1,1,0.00,0.00,33.33,0.08333,0.02602,0.54615,0.54301,0.54301,0.4500,0,1,0.21006,-0.09471,0.06115,0.20840,-0.09354,0.06037,0.39,0.02,0.54301,0.49905,-0.07808,0.20008,1.46378,-0.00000,0.16890,0.50058,-0.08081,0.20132,1.45003,0.00000,-0.17000,27,0.20170,-0.09435,0.06402,0.19640,0.09380,0,0.96971,-0.00410,-0.00601,-0.24414,virtual,0,404.42,262.31,404.42,262.31,404.42,262.31,404.42,262.31,404.42,262.31,404.42,262.31,404.42,262.31,404.42,262.31,404.42,262.31,404.42,262.31,404.42,262.31,404.42,262.31,404.42,262.31,404.42,262.31,404.42,262.31,404.42,262.31,404.42,262.31,404.42,262.31,404.42,262.31,404.42,262.31,404.42,262.31,0.00000,0.00000,0.00000,0.00000,0.00000,0.00000,0.00000,0.00000,0.00000,0.00000,0.00000,0.00000,0.00000,0.00000,0.00000,0.00000,0.00000,0.00000,0.00000,0.00000,0.00000,0.00000,0.00000,0.00000,0.00000,0.00000,0.00000,0.00000,0.00000,0.00000,0.00000,0.00000,0.00000,0.00000,0.00000,0.00000,0.00000,0.00000,0.00000,0.00000,0.00000,0.00000,0.00000,0.00000,0.00000,0.00000,0.00000,0.00000,0.00000,0.00000,0.00000,0.00000,0.00000,0.00000,0.00000,0.00000,0.00000,0.00000,0.00000,0.00000,0.00000,0.00000,0.00000,0.00000,0.00000,0.00000,0.00000,0.00000,0.00000,0.00000,0.00000,0.00000,0.00000,0.00000,0.00000,0.00000,0.00000,0.00000,0.00000,0.00000,0.00000,0.00000,0.00000,0.00000
3.2000,1,1,0.00,0.00,33.33,0.08271,0.02386,0.54253,0.53891,0.53891,0.4500,0,1,0.21187,-0.09409,0.06331,0.21414,-0.09521,0.06526,0.18,0.01,0.53891,0.49262,-0.07200,0.15948,1.46792,-0.00001,0.16876,0.49347,-0.07198,0.17358,1.46899,0.00000,-0.17000,27,0.20708,-0.09606,0.06874,0.19640,0.09380,0,0.96999,-0.00800,-0.02087,-0.24212,virtual,0,404.42,262.31,404.42,262.31,404.42,262.31,404.42,262.31,404.42,262.31,404.42,262.31,404.42,262.31,404.42,262.31,404.42,262.31,404.42,262.31,404.42,262.31,404.42,262.31,404.42,262.31,404.42,262.31,404.42,262.31,404.42,262.31,404.42,262.31,404.42,262.31,404.42,262.31,404.42,262.31,404.42,262.31,0.00000,0.00000,0.00000,0.00000,0.00000,0.00000,0.00000,0.00000,0.00000,0.00000,0.00000,0.00000,0.00000,0.00000,0.00000,0.00000,0.00000,0.00000,0.00000,0.00000,0.00000,0.00000,0.00000,0.00000,0.00000,0.00000,0.00000,0.00000,0.00000,0.00000,0.00000,0.00000,0.00000,0.00000,0.00000,0.00000,0.00000,0.00000,0.00000,0.00000,0.00000,0.00000,0.00000,0.00000,0.00000,0.00000,0.00000,0.00000,0.00000,0.00000,0.00000,0.00000,0.00000,0.00000,0.00000,0.00000,0.00000,0.00000,0.00000,0.00000,0.00000,0.00000,0.00000,0.00000,0.00000,0.00000,0.00000,0.00000,0.00000,0.00000,0.00000,0.00000,0.00000,0.00000,0.00000,0.00000,0.00000,0.00000,0.00000,0.00000,0.00000,0.00000,0.00000,0.00000
3.2333,1,1,0.00,0.00,33.33,0.08033,0.02271,0.54082,0.53912,0.53912,0.4500,0,1,0.21272,-0.09171,0.06446,0.21245,-0.09077,0.06362,0.22,0.00,0.53912,0.47676,-0.07344,0.17131,1.47855,-0.00001,0.16873,0.48119,-0.07503,0.16834,1.47745,0.00000,-0.17000,27,0.20568,-0.09182,0.06714,0.19640,0.09380,0,0.97194,-0.00547,-0.01089,-0.23493,virtual,0,400.15,262.17,400.15,262.17,400.15,262.17,400.15,262.17,400.15,262.17,400.15,262.17,400.15,262.17,400.15,262.17,400.15,262.17,400.15,262.17,400.15,262.17,400.15,262.17,400.15,262.17,400.15,262.17,400.15,262.17,400.15,262.17,400.15,262.17,400.15,262.17,400.15,262.17,400.15,262.17,400.15,262.17,0.00000,0.00000,0.00000,0.00000,0.00000,0.00000,0.00000,0.00000,0.00000,0.00000,0.00000,0.00000,0.00000,0.00000,0.00000,0.00000,0.00000,0.00000,0.00000,0.00000,0.00000,0.00000,0.00000,0.00000,0.00000,0.00000,0.00000,0.00000,0.00000,0.00000,0.00000,0.00000,0.00000,0.00000,0.00000,0.00000,0.00000,0.00000,0.00000,0.00000,0.00000,0.00000,0.00000,0.00000,0.00000,0.00000,0.00000,0.00000,0.00000,0.00000,0.00000,0.00000,0.00000,0.00000,0.00000,0.00000,0.00000,0.00000,0.00000,0.00000,0.00000,0.00000,0.00000,0.00000,0.00000,0.00000,0.00000,0.00000,0.00000,0.00000,0.00000,0.00000,0.00000,0.00000,0.00000,0.00000,0.00000,0.00000,0.00000,0.00000,0.00000,0.00000,0.00000,0.00000
3.2667,1,1,0.00,0.00,33.33,0.07720,0.02209,0.54088,0.54093,0.54093,0.4500,0,1,0.21269,-0.08858,0.06508,0.21294,-0.08888,0.06542,0.28,0.00,0.54093,0.46703,-0.08956,0.17710,1.48047,-0.00000,0.16868,0.46723,-0.08738,0.17794,1.48031,0.00000,-0.17000,27,0.20603,-0.09002,0.06880,0.19640,0.09380,0,0.97279,-0.00643,-0.01472,-0.23111,virtual,0,395.90,262.00,395.90,262.00,395.90,262.00,395.90,262.00,395.90,262.00,395.90,262.00,395.90,262.00,395.90,262.00,395.90,262.00,395.90,262.00,395.90,262.00,395.90,262.00,395.90,262.00,395.90,262.00,395.90,262.00,395.90,262.00,395.90,262.00,395.90,262.00,395.90,262.00,395.90,262.00,395.90,262.00,0.00000,0.00000,0.00000,0.00000,0.00000,0.00000,0.00000,0.00000,0.00000,0.00000,0.00000,0.00000,0.00000,0.00000,0.00000,0.00000,0.00000,0.00000,0.00000,0.00000,0.00000,0.00000,0.00000,0.00000,0.00000,0.00000,0.00000,0.00000,0.00000,0.00000,0.00000,0.00000,0.00000,0.00000,0.00000,0.00000,0.00000,0.00000,0.00000,0.00000,0.00000,0.00000,0.00000,0.00000,0.00000,0.00000,0.00000,0.00000,0.00000,0.00000,0.00000,0.00000,0.00000,0.00000,0.00000,0.00000,0.00000,0.00000,0.00000,0.00000,0.00000,0.00000,0.00000,0.00000,0.00000,0.00000,0.00000,0.00000,0.00000,0.00000,0.00000,0.00000,0.00000,0.00000,0.00000,0.00000,0.00000,0.00000,0.00000,0.00000,0.00000,0.00000,0.00000,0.00000
3.3000,1,1,0.00,0.00,33.33,0.07415,0.02190,0.54546,0.55003,0.55003,0.4500,0,1,0.21041,-0.08553,0.06528,0.20962,-0.08467,0.06463,0.39,0.01,0.55003,0.45511,-0.12157,0.21810,1.47846,0.00000,0.16862,0.45814,-0.11559,0.20889,1.47773,0.00000,-0.17000,27,0.20266,-0.08583,0.06802,0.19640,0.09380,0,0.97407,-0.00557,-0.01112,-0.22592,virtual,0,391.65,261.87,391.65,261.87,391.65,261.87,391.65,261.87,391.65,261.87,391.65,261.87,391.65,261.87,391.65,261.87,391.65,261.87,391.65,261.87,391.65,261.87,391.65,261.87,391.65,261.87,391.65,261.87,391.65,261.87,391.65,261.87,391.65,261.87,391.65,261.87,391.65,261.87,391.65,261.87,391.65,261.87,0.00000,0.00000,0.00000,0.00000,0.00000,0.00000,0.00000,0.00000,0.00000,0.00000,0.00000,0.00000,0.00000,0.00000,0.00000,0.00000,0.00000,0.00000,0.00000,0.00000,0.00000,0.00000,0.00000,0.00000,0.00000,0.00000,0.00000,0.00000,0.00000,0.00000,0.00000,0.00000,0.00000,0.00000,0.00000,0.00000,0.00000,0.00000,0.00000,0.00000,0.00000,0.00000,0.00000,0.00000,0.00000,0.00000,0.00000,0.00000,0.00000,0.00000,0.00000,0.00000,0.00000,0.00000,0.00000,0.00000,0.00000,0.00000,0.00000,0.00000,0.00000,0.00000,0.00000,0.00000,0.00000,0.00000,0.00000,0.00000,0.00000,0.00000,0.00000,0.00000,0.00000,0.00000,0.00000,0.00000,0.00000,0.00000,0.00000,0.00000,0.00000,0.00000,0.00000,0.00000
3.3333,1,1,0.00,0.00,33.33,0.07041,0.02168,0.54675,0.54804,0.54804,0.4500,0,1,0.20976,-0.08179,0.06549,0.20873,-0.08068,0.06416,0.35,0.01,0.54804,0.43813,-0.13786,0.23914,1.47770,-0.00000,0.16850,0.44243,-0.13571,0.22904,1.47761,0.00000,-0.17000,27,0.20192,-0.08193,0.06757,0.19640,0.09380,0,0.97589,-0.00519,-0.00952,-0.21799,virtual,0,387.42,261.72,387.42,261.72,387.42,261.72,387.42,261.72,387.42,261.72,387.42,261.72,387.42,261.72,387.42,261.72,387.42,261.72,387.42,261.72,387.42,261.72,387.42,261.72,387.42,261.72,387.42,261.72,387.42,261.72,387.42,261.72,387.42,261.72,387.42,261.72,387.42,261.72,387.42,261.72,387.42,261.72,0.00000,0.00000,0.00000,0.00000,0.00000,0.00000,0.00000,0.00000,0.00000,0.00000,0.00000,0.00000,0.00000,0.00000,0.00000,0.00000,0.00000,0.00000,0.00000,0.00000,0.00000,0.00000,0.00000,0.00000,0.00000,0.00000,0.00000,0.00000,0.00000,0.00000,0.00000,0.00000,0.00000,0.00000,0.00000,0.00000,0.00000,0.00000,0.00000,0.00000,0.00000,0.00000,0.00000,0.00000,0.00000,0.00000,0.00000,0.00000,0.00000,0.00000,0.00000,0.00000,0.00000,0.00000,0.00000,0.00000,0.00000,0.00000,0.00000,0.00000,0.00000,0.00000,0.00000,0.00000,0.00000,0.00000,0.00000,0.00000,0.00000,0.00000,0.00000,0.00000,0.00000,0.00000,0.00000,0.00000,0.00000,0.00000,0.00000,0.00000,0.00000,0.00000,0.00000,0.00000
3.3667,1,1,0.00,0.00,33.33,0.06660,0.02155,0.54866,0.55057,0.55057,0.4500,0,1,0.20881,-0.07798,0.06562,0.20805,-0.07768,0.06498,0.37,0.01,0.55057,0.42509,-0.16032,0.25772,1.47731,0.00000,0.16845,0.42627,-0.15708,0.25122,1.47682,0.00000,-0.17000,27,0.20120,-0.07905,0.06844,0.19640,0.09380,0,0.97709,-0.00575,-0.01207,-0.21241,virtual,0,383.21,261.56,383.21,261.56,383.21,261.56,383.21,261.56,383.21,261.56,383.21,261.56,383.21,261.56,383.21,261.56,383.21,261.56,383.21,261.56,383.21,261.56,383.21,261.56,383.21,261.56,383.21,261.56,383.21,261.56,383.21,261.56,383.21,261.56,383.21,261.56,383.21,261.56,383.21,261.56,383.21,261.56,0.00000,0.00000,0.00000,0.00000,0.00000,0.00000,0.00000,0.00000,0.00000,0.00000,0.00000,0.00000,0.00000,0.00000,0.00000,0.00000,0.00000,0.00000,0.00000,0.00000,0.00000,0.00000,0.00000,0.00000,0.00000,0.00000,0.00000,0.00000,0.00000,0.00000,0.00000,0.00000,0.00000,0.00000,0.00000,0.00000,0.00000,0.00000,0.00000,0.00000,0.00000,0.00000,0.00000,0.00000,0.00000,0.00000,0.00000,0.00000,0.00000,0.00000,0.00000,0.00000,0.00000,0.00000,0.00000,0.00000,0.00000,0.00000,0.00000,0.00000,0.00000,0.00000,0.00000,0.00000,0.00000,0.00000,0.00000,0.00000,0.00000,0.00000,0.00000,0.00000,0.00000,0.00000,0.00000,0.00000,0.00000,0.00000,0.00000,0.00000,0.00000,0.00000,0.00000,0.00000
3.4000,1,1,0.00,0.00,33.33,0.06218,0.02125,0.54559,0.54253,0.54253,0.4500,0,1,0.21034,-0.07356,0.06592,0.21038,-0.07283,0.06540,0.35,0.00,0.54253,0.39624,-0.16084,0.25527,1.47893,-0.00000,0.16843,0.40177,-0.16235,0.25385,1.47931,0.00000,-0.17000,27,0.20356,-0.07428,0.06850,0.19640,0.09380,0,0.97998,-0.00558,-0.01195,-0.19863,virtual,0,379.01,261.41,379.01,261.41,379.01,261.41,379.01,261.41,379.01,261.41,379.01,261.41,379.01,261.41,379.01,261.41,379.01,261.41,379.01,261.41,379.01,261.41,379.01,261.41,379.01,261.41,379.01,261.41,379.01,261.41,379.01,261.41,379.01,261.41,379.01,261.41,379.01,261.41,379.01,261.41,379.01,261.41,0.00000,0.00000,0.00000,0.00000,0.00000,0.00000,0.00000,0.00000,0.00000,0.00000,0.00000,0.00000,0.00000,0.00000,0.00000,0.00000,0.00000,0.00000,0.00000,0.00000,0.00000,0.00000,0.00000,0.00000,0.00000,0.00000,0.00000,0.00000,0.00000,0.00000,0.00000,0.00000,0.00000,0.00000,0.00000,0.00000,0.00000,0.00000,0.00000,0.00000,0.00000,0.00000,0.00000,0.00000,0.00000,0.00000,0.00000,0.00000,0.00000,0.00000,0.00000,0.00000,0.00000,0.00000,0.00000,0.00000,0.00000,0.00000,0.00000,0.00000,0.00000,0.00000,0.00000,0.00000,0.00000,0.00000,0.00000,0.00000,0.00000,0.00000,0.00000,0.00000,0.00000,0.00000,0.00000,0.00000,0.00000,0.00000,0.00000,0.00000,0.00000,0.00000,0.00000,0.00000
3.4333,1,1,0.00,0.00,33.33,0.05819,0.02115,0.54687,0.54815,0.54815,0.4500,0,1,0.20970,-0.06957,0.06603,0.20916,-0.06763,0.06518,0.35,0.01,0.54815,0.37264,-0.18363,0.28087,1.47898,0.00000,0.16840,0.38296,-0.17949,0.27176,1.47865,0.00000,-0.17000,27,0.20242,-0.06933,0.06836,0.19640,0.09380,0,0.98213,-0.00529,-0.01091,-0.18780,virtual,0,374.81,261.27,374.81,261.27,374.81,261.27,374.81,261.27,374.81,261.27,374.81,261.27,374.81,261.27,374.81,261.27,374.81,261.27,374.81,261.27,374.81,261.27,374.81,261.27,374.81,261.27,374.81,261.27,374.81,261.27,374.81,261.27,374.81,261.27,374.81,261.27,374.81,261.27,374.81,261.27,374.81,261.27,0.00000,0.00000,0.00000,0.00000,0.00000,0.00000,0.00000,0.00000,0.00000,0.00000,0.00000,0.00000,0.00000,0.00000,0.00000,0.00000,0.00000,0.00000,0.00000,0.00000,0.00000,0.00000,0.00000,0.00000,0.00000,0.00000,0.00000,0.00000,0.00000,0.00000,0.00000,0.00000,0.00000,0.00000,0.00000,0.00000,0.00000,0.00000,0.00000,0.00000,0.00000,0.00000,0.00000,0.00000,0.00000,0.00000,0.00000,0.00000,0.00000,0.00000,0.00000,0.00000,0.00000,0.00000,0.00000,0.00000,0.00000,0.00000,0.00000,0.00000,0.00000,0.00000,0.00000,0.00000,0.00000,0.00000,0.00000,0.00000,0.00000,0.00000,0.00000,0.00000,0.00000,0.00000,0.00000,0.00000,0.00000,0.00000,0.00000,0.00000,0.00000,0.00000,0.00000,0.00000
3.4667,1,1,0.00,0.00,33.33,0.05437,0.02112,0.55020,0.55353,0.55353,0.4500,0,1,0.20803,-0.06575,0.06605,0.20734,-0.06583,0.06565,0.40,0.01,0.55353,0.36706,-0.20855,0.30358,1.47793,-0.00000,0.16834,0.36674,-0.20418,0.29787,1.47729,0.00000,-0.17000,27,0.20052,-0.06769,0.06878,0.19640,0.09380,0,0.98244,-0.00562,-0.01256,-0.18605,virtual,0,370.62,261.12,370.62,261.12,370.62,261.12,370.62,261.12,370.62,261.12,370.62,261.12,370.62,261.12,370.62,261.12,370.62,261.12,370.62,261.12,370.62,261.12,370.62,261.12,370.62,261.12,370.62,261.12,370.62,261.12,370.62,261.12,370.62,261.12,370.62,261.12,370.62,261.12,370.62,261.12,370.62,261.12,0.00000,0.00000,0.00000,0.00000,0.00000,0.00000,0.00000,0.00000,0.00000,0.00000,0.00000,0.00000,0.00000,0.00000,0.00000,0.00000,0.00000,0.00000,0.00000,0.00000,0.00000,0.00000,0.00000,0.00000,0.00000,0.00000,0.00000,0.00000,0.00000,0.00000,0.00000,0.00000,0.00000,0.00000,0.00000,0.00000,0.00000,0.00000,0.00000,0.00000,0.00000,0.00000,0.00000,0.00000,0.00000,0.00000,0.00000,0.00000,0.00000,0.00000,0.00000,0.00000,0.00000,0.00000,0.00000,0.00000,0.00000,0.00000,0.00000,0.00000,0.00000,0.00000,0.00000,0.00000,0.00000,0.00000,0.00000,0.00000,0.00000,0.00000,0.00000,0.00000,0.00000,0.00000,0.00000,0.00000,0.00000,0.00000,0.00000,0.00000,0.00000,0.00000,0.00000,0.00000
3.5000,1,1,0.00,0.00,33.33,0.05019,0.02096,0.54964,0.54908,0.54908,0.4500,0,1,0.20831,-0.06157,0.06621,0.20885,-0.06076,0.06626,0.36,0.00,0.54908,0.33780,-0.21630,0.30730,1.47873,-0.00001,0.16828,0.34488,-0.21599,0.30814,1.47872,0.00000,-0.17000,27,0.20205,-0.06279,0.06916,0.19640,0.09380,0,0.98494,-0.00569,-0.01387,-0.17222,virtual,0,366.44,260.99,366.44,260.99,366.44,260.99,366.44,260.99,366.44,260.99,366.44,260.99,366.44,260.99,366.44,260.99,366.44,260.99,366.44,260.99,366.44,260.99,366.44,260.99,366.44,260.99,366.44,260.99,366.44,260.99,366.44,260.99,366.44,260.99,366.44,260.99,366.44,260.99,366.44,260.99,366.44,260.99,0.00000,0.00000,0.00000,0.00000,0.00000,0.00000,0.00000,0.00000,0.00000,0.00000,0.00000,0.00000,0.00000,0.00000,0.00000,0.00000,0.00000,0.00000,0.00000,0.00000,0.00000,0.00000,0.00000,0.00000,0.00000,0.00000,0.00000,0.00000,0.00000,0.00000,0.00000,0.00000,0.00000,0.00000,0.00000,0.00000,0.00000,0.00000,0.00000,0.00000,0.00000,0.00000,0.00000,0.00000,0.00000,0.00000,0.00000,0.00000,0.00000,0.00000,0.00000,0.00000,0.00000,0.00000,0.00000,0.00000,0.00000,0.00000,0.00000,0.00000,0.00000,0.00000,0.00000,0.00000,0.00000,0.00000,0.00000,0.00000,0.00000,0.00000,0.00000,0.00000,0.00000,0.00000,0.00000,0.00000,0.00000,0.00000,0.00000,0.00000,0.00000,0.00000,0.00000,0.00000
3.5333,1,1,0.00,0.00,33.33,0.04609,0.02084,0.55012,0.55060,0.55060,0.4500,0,1,0.20807,-0.05747,0.06633,0.20752,-0.05630,0.06580,0.36,0.01,0.55060,0.31663,-0.23364,0.32799,1.47966,-0.00000,0.16826,0.32372,-0.22954,0.32111,1.47932,0.00000,-0.17000,27,0.20075,-0.05859,0.06864,0.19640,0.09380,0,0.98661,-0.00523,-0.01163,-0.16260,virtual,0,362.27,260.87,362.27,260.87,362.27,260.87,362.27,260.87,362.27,260.87,362.27,260.87,362.27,260.87,362.27,260.87,362.27,260.87,362.27,260.87,362.27,260.87,362.27,260.87,362.27,260.87,362.27,260.87,362.27,260.87,362.27,260.87,362.27,260.87,362.27,260.87,362.27,260.87,362.27,260.87,362.27,260.87,0.00000,0.00000,0.00000,0.00000,0.00000,0.00000,0.00000,0.00000,0.00000,0.00000,0.00000,0.00000,0.00000,0.00000,0.00000,0.00000,0.00000,0.00000,0.00000,0.00000,0.00000,0.00000,0.00000,0.00000,0.00000,0.00000,0.00000,0.00000,0.00000,0.00000,0.00000,0.00000,0.00000,0.00000,0.00000,0.00000,0.00000,0.00000,0.00000,0.00000,0.00000,0.00000,0.00000,0.00000,0.00000,0.00000,0.00000,0.00000,0.00000,0.00000,0.00000,0.00000,0.00000,0.00000,0.00000,0.00000,0.00000,0.00000,0.00000,0.00000,0.00000,0.00000,0.00000,0.00000,0.00000,0.00000,0.00000,0.00000,0.00000,0.00000,0.00000,0.00000,0.00000,0.00000,0.00000,0.00000,0.00000,0.00000,0.00000,0.00000,0.00000,0.00000,0.00000,0.00000
3.5667,1,1,0.00,0.00,33.33,0.04188,0.02067,0.54900,0.54787,0.54787,0.4500,0,1,0.20864,-0.05326,0.06651,0.20888,-0.05250,0.06628,0.36,0.00,0.54787,0.29395,-0.23606,0.32705,1.48056,-0.00001,0.16818,0.30039,-0.23692,0.32693,1.48084,0.00000,-0.17000,27,0.20210,-0.05498,0.06908,0.19640,0.09380,0,0.98826,-0.00535,-0.01308,-0.15210,virtual,0,358.11,260.73,358.11,260.73,358.11,260.73,358.11,260.73,358.11,260.73,358.11,260.73,358.11,260.73,358.11,260.73,358.11,260.73,358.11,260.73,358.11,260.73,358.11,260.73,358.11,260.73,358.11,260.73,358.11,260.73,358.11,260.73,358.11,260.73,358.11,260.73,358.11,260.73,358.11,260.73,358.11,260.73,0.00000,0.00000,0.00000,0.00000,0.00000,0.00000,0.00000,0.00000,0.00000,0.00000,0.00000,0.00000,0.00000,0.00000,0.00000,0.00000,0.00000,0.00000,0.00000,0.00000,0.00000,0.00000,0.00000,0.00000,0.00000,0.00000,0.00000,0.00000,0.00000,0.00000,0.00000,0.00000,0.00000,0.00000,0.00000,0.00000,0.00000,0.00000,0.00000,0.00000,0.00000,0.00000,0.00000,0.00000,0.00000,0.00000,0.00000,0.00000,0.00000,0.00000,0.00000,0.00000,0.00000,0.00000,0.00000,0.00000,0.00000,0.00000,0.00000,0.00000,0.00000,0.00000,0.00000,0.00000,0.00000,0.00000,0.00000,0.00000,0.00000,0.00000,0.00000,0.00000,0.00000,0.00000,0.00000,0.00000,0.00000,0.00000,0.00000,0.00000,0.00000,0.00000,0.00000,0.00000
3.6000,1,1,0.00,0.00,33.33,0.03786,0.02059,0.55061,0.55221,0.55221,0.4500,0,1,0.20783,-0.04924,0.06658,0.20702,-0.04854,0.06588,0.38,0.01,0.55221,0.27541,-0.25627,0.34992,1.48140,-0.00000,0.16813,0.27981,-0.25277,0.34265,1.48103,0.00000,-0.17000,27,0.20035,-0.05123,0.06870,0.19640,0.09380,0,0.98955,-0.00506,-0.01155,-0.14363,virtual,0,353.96,260.60,353.96,260.60,353.96,260.60,353.96,260.60,353.96,260.60,353.96,260.60,353.96,260.60,353.96,260.60,353.96,260.60,353.96,260.60,353.96,260.60,353.96,260.60,353.96,260.60,353.96,260.60,353.96,260.60,353.96,260.60,353.96,260.60,353.96,260.60,353.96,260.60,353.96,260.60,353.96,260.60,0.00000,0.00000,0.00000,0.00000,0.00000,0.00000,0.00000,0.00000,0.00000,0.00000,0.00000,0.00000,0.00000,0.00000,0.00000,0.00000,0.00000,0.00000,0.00000,0.00000,0.00000,0.00000,0.00000,0.00000,0.00000,0.00000,0.00000,0.00000,0.00000,0.00000,0.00000,0.00000,0.00000,0.00000,0.00000,0.00000,0.00000,0.00000,0.00000,0.00000,0.00000,0.00000,0.00000,0.00000,0.00000,0.00000,0.00000,0.00000,0.00000,0.00000,0.00000,0.00000,0.00000,0.00000,0.00000,0.00000,0.00000,0.00000,0.00000,0.00000,0.00000,0.00000,0.00000,0.00000,0.00000,0.00000,0.00000,0.00000,0.00000,0.00000,0.00000,0.00000,0.00000,0.00000,0.00000,0.00000,0.00000,0.00000,0.00000,0.00000,0.00000,0.00000,0.00000,0.00000
3.6333,1,1,0.00,0.00,33.33,0.03393,0.02059,0.55410,0.55760,0.55760,0.4500,0,1,0.20608,-0.04531,0.06659,0.20530,-0.04449,0.06579,0.43,0.01,0.55760,0.25549,-0.27983,0.37363,1.48129,-0.00000,0.16809,0.26077,-0.27575,0.36565,1.48105,0.00000,-0.17000,27,0.19861,-0.04728,0.06859,0.19640,0.09380,0,0.99087,-0.00497,-0.01162,-0.13420,virtual,0,349.82,260.46,349.82,260.46,349.82,260.46,349.82,260.46,349.82,260.46,349.82,260.46,349.82,260.46,349.82,260.46,349.82,260.46,349.82,260.46,349.82,260.46,349.82,260.46,349.82,260.46,349.82,260.46,349.82,260.46,349.82,260.46,349.82,260.46,349.82,260.46,349.82,260.46,349.82,260.46,349.82,260.46,0.00000,0.00000,0.00000,0.00000,0.00000,0.00000,0.00000,0.00000,0.00000,0.00000,0.00000,0.00000,0.00000,0.00000,0.00000,0.00000,0.00000,0.00000,0.00000,0.00000,0.00000,0.00000,0.00000,0.00000,0.00000,0.00000,0.00000,0.00000,0.00000,0.00000,0.00000,0.00000,0.00000,0.00000,0.00000,0.00000,0.00000,0.00000,0.00000,0.00000,0.00000,0.00000,0.00000,0.00000,0.00000,0.00000,0.00000,0.00000,0.00000,0.00000,0.00000,0.00000,0.00000,0.00000,0.00000,0.00000,0.00000,0.00000,0.00000,0.00000,0.00000,0.00000,0.00000,0.00000,0.00000,0.00000,0.00000,0.00000,0.00000,0.00000,0.00000,0.00000,0.00000,0.00000,0.00000,0.00000,0.00000,0.00000,0.00000,0.00000,0.00000,0.00000,0.00000,0.00000
3.6667,1,1,0.00,0.00,33.33,0.02974,0.02040,0.55275,0.55140,0.55140,0.4500,0,1,0.20676,-0.04112,0.06678,0.20704,-0.04017,0.06657,0.37,0.00,0.55140,0.22877,-0.28011,0.36849,1.48281,-0.00000,0.16806,0.23658,-0.28099,0.36839,1.48342,0.00000,-0.17000,27,0.20027,-0.04323,0.06905,0.19640,0.09380,0,0.99246,-0.00501,-0.01293,-0.12180,virtual,0,345.69,260.31,345.69,260.31,345.69,260.31,345.69,260.31,345.69,260.31,345.69,260.31,345.69,260.31,345.69,260.31,345.69,260.31,345.69,260.31,345.69,260.31,345.69,260.31,345.69,260.31,345.69,260.31,345.69,260.31,345.69,260.31,345.69,260.31,345.69,260.31,345.69,260.31,345.69,260.31,345.69,260.31,0.00000,0.00000,0.00000,0.00000,0.00000,0.00000,0.00000,0.00000,0.00000,0.00000,0.00000,0.00000,0.00000,0.00000,0.00000,0.00000,0.00000,0.00000,0.00000,0.00000,0.00000,0.00000,0.00000,0.00000,0.00000,0.00000,0.00000,0.00000,0.00000,0.00000,0.00000,0.00000,0.00000,0.00000,0.00000,0.00000,0.00000,0.00000,0.00000,0.00000,0.00000,0.00000,0.00000,0.00000,0.00000,0.00000,0.00000,0.00000,0.00000,0.00000,0.00000,0.00000,0.00000,0.00000,0.00000,0.00000,0.00000,0.00000,0.00000,0.00000,0.00000,0.00000,0.00000,0.00000,0.00000,0.00000,0.00000,0.00000,0.00000,0.00000,0.00000,0.00000,0.00000,0.00000,0.00000,0.00000,0.00000,0.00000,0.00000,0.00000,0.00000,0.00000,0.00000,0.00000
3.7000,1,1,0.00,0.00,33.33,0.02566,0.02030,0.55383,0.55490,0.55490,0.4500,0,1,0.20622,-0.03704,0.06687,0.20605,-0.03644,0.06645,0.38,0.00,0.55490,0.20887,-0.29297,0.38159,1.48449,0.00000,0.16802,0.21417,-0.29293,0.37942,1.48438,0.00000,-0.17000,27,0.19953,-0.03967,0.06891,0.19640,0.09380,0,0.99358,-0.00483,-0.01212,-0.11238,virtual,0,341.56,260.18,341.56,260.18,341.56,260.18,341.56,260.18,341.56,260.18,341.56,260.18,341.56,260.18,341.56,260.18,341.56,260.18,341.56,260.18,341.56,260.18,341.56,260.18,341.56,260.18,341.56,260.18,341.56,260.18,341.56,260.18,341.56,260.18,341.56,260.18,341.56,260.18,341.56,260.18,341.56,260.18,0.00000,0.00000,0.00000,0.00000,0.00000,0.00000,0.00000,0.00000,0.00000,0.00000,0.00000,0.00000,0.00000,0.00000,0.00000,0.00000,0.00000,0.00000,0.00000,0.00000,0.00000,0.00000,0.00000,0.00000,0.00000,0.00000,0.00000,0.00000,0.00000,0.00000,0.00000,0.00000,0.00000,0.00000,0.00000,0.00000,0.00000,0.00000,0.00000,0.00000,0.00000,0.00000,0.00000,0.00000,0.00000,0.00000,0.00000,0.00000,0.00000,0.00000,0.00000,0.00000,0.00000,0.00000,0.00000,0.00000,0.00000,0.00000,0.00000,0.00000,0.00000,0.00000,0.00000,0.00000,0.00000,0.00000,0.00000,0.00000,0.00000,0.00000,0.00000,0.00000,0.00000,0.00000,0.00000,0.00000,0.00000,0.00000,0.00000,0.00000,0.00000,0.00000,0.00000,0.00000
3.7333,1,1,0.00,0.00,33.33,0.02154,0.02015,0.55337,0.55290,0.55290,0.4500,0,1,0.20645,-0.03291,0.06702,0.20644,-0.03222,0.06690,0.37,0.00,0.55290,0.18417,-0.29956,0.38469,1.48627,-0.00000,0.16799,0.19031,-0.29893,0.38375,1.48601,0.00000,-0.17000,27,0.20004,-0.03561,0.06926,0.19640,0.09380,0,0.99484,-0.00477,-0.01291,-0.10048,virtual,0,337.45,260.05,337.45,260.05,337.45,260.05,337.45,260.05,337.45,260.05,337.45,260.05,337.45,260.05,337.45,260.05,337.45,260.05,337.45,260.05,337.45,260.05,337.45,260.05,337.45,260.05,337.45,260.05,337.45,260.05,337.45,260.05,337.45,260.05,337.45,260.05,337.45,260.05,337.45,260.05,337.45,260.05,0.00000,0.00000,0.00000,0.00000,0.00000,0.00000,0.00000,0.00000,0.00000,0.00000,0.00000,0.00000,0.00000,0.00000,0.00000,0.00000,0.00000,0.00000,0.00000,0.00000,0.00000,0.00000,0.00000,0.00000,0.00000,0.00000,0.00000,0.00000,0.00000,0.00000,0.00000,0.00000,0.00000,0.00000,0.00000,0.00000,0.00000,0.00000,0.00000,0.00000,0.00000,0.00000,0.00000,0.00000,0.00000,0.00000,0.00000,0.00000,0.00000,0.00000,0.00000,0.00000,0.00000,0.00000,0.00000,0.00000,0.00000,0.00000,0.00000,0.00000,0.00000,0.00000,0.00000,0.00000,0.00000,0.00000,0.00000,0.00000,0.00000,0.00000,0.00000,0.00000,0.00000,0.00000,0.00000,0.00000,0.00000,0.00000,0.00000,0.00000,0.00000,0.00000,0.00000,0.00000
3.7667,1,1,0.00,0.00,33.33,0.01743,0.02002,0.55327,0.55318,0.55318,0.4500,0,1,0.20650,-0.02881,0.06715,0.20676,-0.02770,0.06708,0.37,0.00,0.55318,0.15775,-0.30450,0.38808,1.48729,-0.00000,0.16794,0.16654,-0.30503,0.38853,1.48734,0.00000,-0.17000,27,0.20034,-0.03130,0.06929,0.19640,0.09380,0,0.99603,-0.00464,-0.01294,-0.08795,virtual,0,333.34,259.92,333.34,259.92,333.34,259.92,333.34,259.92,333.34,259.92,333.34,259.92,333.34,259.92,333.34,259.92,333.34,259.92,333.34,259.92,333.34,259.92,333.34,259.92,333.34,259.92,333.34,259.92,333.34,259.92,333.34,259.92,333.34,259.92,333.34,259.92,333.34,259.92,333.34,259.92,333.34,259.92,0.00000,0.00000,0.00000,0.00000,0.00000,0.00000,0.00000,0.00000,0.00000,0.00000,0.00000,0.00000,0.00000,0.00000,0.00000,0.00000,0.00000,0.00000,0.00000,0.00000,0.00000,0.00000,0.00000,0.00000,0.00000,0.00000,0.00000,0.00000,0.00000,0.00000,0.00000,0.00000,0.00000,0.00000,0.00000,0.00000,0.00000,0.00000,0.00000,0.00000,0.00000,0.00000,0.00000,0.00000,0.00000,0.00000,0.00000,0.00000,0.00000,0.00000,0.00000,0.00000,0.00000,0.00000,0.00000,0.00000,0.00000,0.00000,0.00000,0.00000,0.00000,0.00000,0.00000,0.00000,0.00000,0.00000,0.00000,0.00000,0.00000,0.00000,0.00000,0.00000,0.00000,0.00000,0.00000,0.00000,0.00000,0.00000,0.00000,0.00000,0.00000,0.00000,0.00000,0.00000
3.8000,1,1,0.00,0.00,33.33,0.01334,0.01992,0.55414,0.55500,0.55500,0.4500,0,1,0.20607,-0.02472,0.06725,0.20614,-0.02411,0.06710,0.38,0.00,0.55500,0.13733,-0.31385,0.39667,1.48858,-0.00000,0.16792,0.14317,-0.31406,0.39649,1.48842,0.00000,-0.17000,27,0.19983,-0.02790,0.06921,0.19640,0.09380,0,0.99683,-0.00451,-0.01251,-0.07840,virtual,0,329.25,259.80,329.25,259.80,329.25,259.80,329.25,259.80,329.25,259.80,329.25,259.80,329.25,259.80,329.25,259.80,329.25,259.80,329.25,259.80,329.25,259.80,329.25,259.80,329.25,259.80,329.25,259.80,329.25,259.80,329.25,259.80,329.25,259.80,329.25,259.80,329.25,259.80,329.25,259.80,329.25,259.80,0.00000,0.00000,0.00000,0.00000,0.00000,0.00000,0.00000,0.00000,0.00000,0.00000,0.00000,0.00000,0.00000,0.00000,0.00000,0.00000,0.00000,0.00000,0.00000,0.00000,0.00000,0.00000,0.00000,0.00000,0.00000,0.00000,0.00000,0.00000,0.00000,0.00000,0.00000,0.00000,0.00000,0.00000,0.00000,0.00000,0.00000,0.00000,0.00000,0.00000,0.00000,0.00000,0.00000,0.00000,0.00000,0.00000,0.00000,0.00000,0.00000,0.00000,0.00000,0.00000,0.00000,0.00000,0.00000,0.00000,0.00000,0.00000,0.00000,0.00000,0.00000,0.00000,0.00000,0.00000,0.00000,0.00000,0.00000,0.00000,0.00000,0.00000,0.00000,0.00000,0.00000,0.00000,0.00000,0.00000,0.00000,0.00000,0.00000,0.00000,0.00000,0.00000,0.00000,0.00000
3.8333,1,1,0.00,0.00,33.33,0.00926,0.01983,0.55501,0.55588,0.55588,0.4500,0,1,0.20563,-0.02064,0.06734,0.20535,-0.01985,0.06706,0.39,0.00,0.55588,0.11278,-0.32395,0.40632,1.49007,-0.00000,0.16791,0.11953,-0.32265,0.40382,1.48968,0.00000,-0.17000,27,0.19913,-0.02376,0.06906,0.19640,0.09380,0,0.99771,-0.00434,-0.01179,-0.06643,virtual,0,325.17,259.68,325.17,259.68,325.17,259.68,325.17,259.68,325.17,259.68,325.17,259.68,325.17,259.68,325.17,259.68,325.17,259.68,325.17,259.68,325.17,259.68,325.17,259.68,325.17,259.68,325.17,259.68,325.17,259.68,325.17,259.68,325.17,259.68,325.17,259.68,325.17,259.68,325.17,259.68,325.17,259.68,0.00000,0.00000,0.00000,0.00000,0.00000,0.00000,0.00000,0.00000,0.00000,0.00000,0.00000,0.00000,0.00000,0.00000,0.00000,0.00000,0.00000,0.00000,0.00000,0.00000,0.00000,0.00000,0.00000,0.00000,0.00000,0.00000,0.00000,0.00000,0.00000,0.00000,0.00000,0.00000,0.00000,0.00000,0.00000,0.00000,0.00000,0.00000,0.00000,0.00000,0.00000,0.00000,0.00000,0.00000,0.00000,0.00000,0.00000,0.00000,0.00000,0.00000,0.00000,0.00000,0.00000,0.00000,0.00000,0.00000,0.00000,0.00000,0.00000,0.00000,0.00000,0.00000,0.00000,0.00000,0.00000,0.00000,0.00000,0.00000,0.00000,0.00000,0.00000,0.00000,0.00000,0.00000,0.00000,0.00000,0.00000,0.00000,0.00000,0.00000,0.00000,0.00000,0.00000,0.00000
3.8667,1,1,0.00,0.00,33.33,0.00518,0.01976,0.55667,0.55834,0.55834,0.4500,0,1,0.20480,-0.01656,0.06741,0.20488,-0.01624,0.06731,0.40,0.00,0.55834,0.09162,-0.33345,0.41346,1.49102,-0.00000,0.16789,0.09588,-0.33358,0.41359,1.49086,0.00000,-0.17000,27,0.19876,-0.02033,0.06919,0.19640,0.09380,0,0.99832,-0.00427,-0.01243,-0.05644,virtual,0,321.09,259.55,321.09,259.55,321.09,259.55,321.09,259.55,321.09,259.55,321.09,259.55,321.09,259.55,321.09,259.55,321.09,259.55,321.09,259.55,321.09,259.55,321.09,259.55,321.09,259.55,321.09,259.55,321.09,259.55,321.09,259.55,321.09,259.55,321.09,259.55,321.09,259.55,321.09,259.55,321.09,259.55,0.00000,0.00000,0.00000,0.00000,0.00000,0.00000,0.00000,0.00000,0.00000,0.00000,0.00000,0.00000,0.00000,0.00000,0.00000,0.00000,0.00000,0.00000,0.00000,0.00000,0.00000,0.00000,0.00000,0.00000,0.00000,0.00000,0.00000,0.00000,0.00000,0.00000,0.00000,0.00000,0.00000,0.00000,0.00000,0.00000,0.00000,0.00000,0.00000,0.00000,0.00000,0.00000,0.00000,0.00000,0.00000,0.00000,0.00000,0.00000,0.00000,0.00000,0.00000,0.00000,0.00000,0.00000,0.00000,0.00000,0.00000,0.00000,0.00000,0.00000,0.00000,0.00000,0.00000,0.00000,0.00000,0.00000,0.00000,0.00000,0.00000,0.00000,0.00000,0.00000,0.00000,0.00000,0.00000,0.00000,0.00000,0.00000,0.00000,0.00000,0.00000,0.00000,0.00000,0.00000
3.9000,1,1,0.00,0.00,33.33,0.00110,0.01964,0.55668,0.55669,0.55669,0.4500,0,1,0.20479,-0.01248,0.06753,0.20483,-0.01171,0.06740,0.38,0.00,0.55669,0.06453,-0.33683,0.41583,1.49230,-0.00001,0.16785,0.07141,-0.33744,0.41585,1.49240,0.00000,-0.17000,27,0.19880,-0.01598,0.06923,0.19640,0.09380,0,0.99897,-0.00413,-0.01238,-0.04338,virtual,0,317.02,259.43,317.02,259.43,317.02,259.43,317.02,259.43,317.02,259.43,317.02,259.43,317.02,259.43,317.02,259.43,317.02,259.43,317.02,259.43,317.02,259.43,317.02,259.43,317.02,259.43,317.02,259.43,317.02,259.43,317.02,259.43,317.02,259.43,317.02,259.43,317.02,259.43,317.02,259.43,317.02,259.43,0.00000,0.00000,0.00000,0.00000,0.00000,0.00000,0.00000,0.00000,0.00000,0.00000,0.00000,0.00000,0.00000,0.00000,0.00000,0.00000,0.00000,0.00000,0.00000,0.00000,0.00000,0.00000,0.00000,0.00000,0.00000,0.00000,0.00000,0.00000,0.00000,0.00000,0.00000,0.00000,0.00000,0.00000,0.00000,0.00000,0.00000,0.00000,0.00000,0.00000,0.00000,0.00000,0.00000,0.00000,0.00000,0.00000,0.00000,0.00000,0.00000,0.00000,0.00000,0.00000,0.00000,0.00000,0.00000,0.00000,0.00000,0.00000,0.00000,0.00000,0.00000,0.00000,0.00000,0.00000,0.00000,0.00000,0.00000,0.00000,0.00000,0.00000,0.00000,0.00000,0.00000,0.00000,0.00000,0.00000,0.00000,0.00000,0.00000,0.00000,0.00000,0.00000,0.00000,0.00000
3.9333,1,1,0.00,0.00,33.33,-0.00299,0.01953,0.55724,0.55781,0.55781,0.4500,0,1,0.20451,-0.00839,0.06764,0.20457,-0.00719,0.06763,0.38,0.00,0.55781,0.03747,-0.34224,0.41918,1.49378,-0.00001,0.16782,0.04698,-0.34209,0.41935,1.49357,0.00000,-0.17000,27,0.19865,-0.01165,0.06932,0.19640,0.09380,0,0.99946,-0.00399,-0.01246,-0.03028,virtual,0,312.97,259.31,312.97,259.31,312.97,259.31,312.97,259.31,312.97,259.31,312.97,259.31,312.97,259.31,312.97,259.31,312.97,259.31,312.97,259.31,312.97,259.31,312.97,259.31,312.97,259.31,312.97,259.31,312.97,259.31,312.97,259.31,312.97,259.31,312.97,259.31,312.97,259.31,312.97,259.31,312.97,259.31,0.00000,0.00000,0.00000,0.00000,0.00000,0.00000,0.00000,0.00000,0.00000,0.00000,0.00000,0.00000,0.00000,0.00000,0.00000,0.00000,0.00000,0.00000,0.00000,0.00000,0.00000,0.00000,0.00000,0.00000,0.00000,0.00000,0.00000,0.00000,0.00000,0.00000,0.00000,0.00000,0.00000,0.00000,0.00000,0.00000,0.00000,0.00000,0.00000,0.00000,0.00000,0.00000,0.00000,0.00000,0.00000,0.00000,0.00000,0.00000,0.00000,0.00000,0.00000,0.00000,0.00000,0.00000,0.00000,0.00000,0.00000,0.00000,0.00000,0.00000,0.00000,0.00000,0.00000,0.00000,0.00000,0.00000,0.00000,0.00000,0.00000,0.00000,0.00000,0.00000,0.00000,0.00000,0.00000,0.00000,0.00000,0.00000,0.00000,0.00000,0.00000,0.00000,0.00000,0.00000
3.9667,1,1,0.00,0.00,33.33,-0.00710,0.01947,0.55892,0.56059,0.56059,0.4500,0,1,0.20368,-0.00428,0.06770,0.20374,-0.00389,0.06762,0.40,0.00,0.56059,0.01766,-0.34981,0.42613,1.49479,-0.00000,0.16780,0.02242,-0.35042,0.42666,1.49461,0.00000,-0.17000,27,0.19789,-0.00852,0.06924,0.19640,0.09380,0,0.99970,-0.00389,-0.01229,-0.02093,virtual,0,308.92,259.19,308.92,259.19,308.92,259.19,308.92,259.19,308.92,259.19,308.92,259.19,308.92,259.19,308.92,259.19,308.92,259.19,308.92,259.19,308.92,259.19,308.92,259.19,308.92,259.19,308.92,259.19,308.92,259.19,308.92,259.19,308.92,259.19,308.92,259.19,308.92,259.19,308.92,259.19,308.92,259.19,0.00000,0.00000,0.00000,0.00000,0.00000,0.00000,0.00000,0.00000,0.00000,0.00000,0.00000,0.00000,0.00000,0.00000,0.00000,0.00000,0.00000,0.00000,0.00000,0.00000,0.00000,0.00000,0.00000,0.00000,0.00000,0.00000,0.00000,0.00000,0.00000,0.00000,0.00000,0.00000,0.00000,0.00000,0.00000,0.00000,0.00000,0.00000,0.00000,0.00000,0.00000,0.00000,0.00000,0.00000,0.00000,0.00000,0.00000,0.00000,0.00000,0.00000,0.00000,0.00000,0.00000,0.00000,0.00000,0.00000,0.00000,0.00000,0.00000,0.00000,0.00000,0.00000,0.00000,0.00000,0.00000,0.00000,0.00000,0.00000,0.00000,0.00000,0.00000,0.00000,0.00000,0.00000,0.00000,0.00000,0.00000,0.00000,0.00000,0.00000,0.00000,0.00000,0.00000,0.00000
4.0000,1,1,0.00,0.00,33.33,-0.01119,0.01937,0.55962,0.56033,0.56033,0.4500,0,1,0.20332,-0.00019,0.06780,0.20326,0.00069,0.06763,0.39,0.00,0.56033,-0.01018,-0.35362,0.42941,1.49588,-0.00000,0.16779,-0.00245,-0.35442,0.42936,1.49588,0.00000,-0.17000,27,0.19758,-0.00404,0.06918,0.19640,0.09380,0,0.99989,-0.00374,-0.01200,-0.00722,virtual,0,304.88,259.07,304.88,259.07,304.88,259.07,304.88,259.07,304.88,259.07,304.88,259.07,304.88,259.07,304.88,259.07,304.88,259.07,304.88,259.07,304.88,259.07,304.88,259.07,304.88,259.07,304.88,259.07,304.88,259.07,304.88,259.07,304.88,259.07,304.88,259.07,304.88,259.07,304.88,259.07,304.88,259.07,0.00000,0.00000,0.00000,0.00000,0.00000,0.00000,0.00000,0.00000,0.00000,0.00000,0.00000,0.00000,0.00000,0.00000,0.00000,0.00000,0.00000,0.00000,0.00000,0.00000,0.00000,0.00000,0.00000,0.00000,0.00000,0.00000,0.00000,0.00000,0.00000,0.00000,0.00000,0.00000,0.00000,0.00000,0.00000,0.00000,0.00000,0.00000,0.00000,0.00000,0.00000,0.00000,0.00000,0.00000,0.00000,0.00000,0.00000,0.00000,0.00000,0.00000,0.00000,0.00000,0.00000,0.00000,0.00000,0.00000,0.00000,0.00000,0.00000,0.00000,0.00000,0.00000,0.00000,0.00000,0.00000,0.00000,0.00000,0.00000,0.00000,0.00000,0.00000,0.00000,0.00000,0.00000,0.00000,0.00000,0.00000,0.00000,0.00000,0.00000,0.00000,0.00000,0.00000,0.00000
4.0333,1,1,0.00,0.00,33.33,-0.01525,0.01924,0.55918,0.55874,0.55874,0.4500,0,1,0.20354,0.00387,0.06794,0.20335,0.00469,0.06785,0.38,0.00,0.55874,-0.03446,-0.35278,0.42708,1.49706,0.00000,0.16776,-0.02719,-0.35269,0.42646,1.49701,0.00000,-0.17000,27,0.19770,-0.00022,0.06938,0.19640,0.09380,0,0.99991,-0.00361,-0.01243,0.00453,virtual,0,300.85,258.94,300.85,258.94,300.85,258.94,300.85,258.94,300.85,258.94,300.85,258.94,300.85,258.94,300.85,258.94,300.85,258.94,300.85,258.94,300.85,258.94,300.85,258.94,300.85,258.94,300.85,258.94,300.85,258.94,300.85,258.94,300.85,258.94,300.85,258.94,300.85,258.94,300.85,258.94,300.85,258.94,0.00000,0.00000,0.00000,0.00000,0.00000,0.00000,0.00000,0.00000,0.00000,0.00000,0.00000,0.00000,0.00000,0.00000,0.00000,0.00000,0.00000,0.00000,0.00000,0.00000,0.00000,0.00000,0.00000,0.00000,0.00000,0.00000,0.00000,0.00000,0.00000,0.00000,0.00000,0.00000,0.00000,0.00000,0.00000,0.00000,0.00000,0.00000,0.00000,0.00000,0.00000,0.00000,0.00000,0.00000,0.00000,0.00000,0.00000,0.00000,0.00000,0.00000,0.00000,0.00000,0.00000,0.00000,0.00000,0.00000,0.00000,0.00000,0.00000,0.00000,0.00000,0.00000,0.00000,0.00000,0.00000,0.00000,0.00000,0.00000,0.00000,0.00000,0.00000,0.00000,0.00000,0.00000,0.00000,0.00000,0.00000,0.00000,0.00000,0.00000,0.00000,0.00000,0.00000,0.00000
4.0667,1,1,0.00,0.00,33.33,-0.01933,0.01913,0.55969,0.56019,0.56019,0.4500,0,1,0.20329,0.00795,0.06804,0.20315,0.00883,0.06794,0.38,0.00,0.56019,-0.05964,-0.35303,0.42665,1.49777,0.00000,0.16775,-0.05198,-0.35343,0.42643,1.49779,0.00000,-0.17000,27,0.19764,0.00378,0.06948,0.19640,0.09380,0,0.99977,-0.00346,-0.01274,0.01677,virtual,0,296.83,258.82,296.83,258.82,296.83,258.82,296.83,258.82,296.83,258.82,296.83,258.82,296.83,258.82,296.83,258.82,296.83,258.82,296.83,258.82,296.83,258.82,296.83,258.82,296.83,258.82,296.83,258.82,296.83,258.82,296.83,258.82,296.83,258.82,296.83,258.82,296.83,258.82,296.83,258.82,296.83,258.82,0.00000,0.00000,0.00000,0.00000,0.00000,0.00000,0.00000,0.00000,0.00000,0.00000,0.00000,0.00000,0.00000,0.00000,0.00000,0.00000,0.00000,0.00000,0.00000,0.00000,0.00000,0.00000,0.00000,0.00000,0.00000,0.00000,0.00000,0.00000,0.00000,0.00000,0.00000,0.00000,0.00000,0.00000,0.00000,0.00000,0.00000,0.00000,0.00000,0.00000,0.00000,0.00000,0.00000,0.00000,0.00000,0.00000,0.00000,0.00000,0.00000,0.00000,0.00000,0.00000,0.00000,0.00000,0.00000,0.00000,0.00000,0.00000,0.00000,0.00000,0.00000,0.00000,0.00000,0.00000,0.00000,0.00000,0.00000,0.00000,0.00000,0.00000,0.00000,0.00000,0.00000,0.00000,0.00000,0.00000,0.00000,0.00000,0.00000,0.00000,0.00000,0.00000,0.00000,0.00000
4.1000,1,1,0.00,0.00,33.33,-0.02333,0.01896,0.55836,0.55703,0.55703,0.4500,0,1,0.20395,0.01195,0.06821,0.20367,0.01251,0.06815,0.36,0.00,0.55703,-0.08166,-0.34700,0.41961,1.49844,0.00001,0.16774,-0.07607,-0.34631,0.41838,1.49868,0.00000,-0.17000,27,0.19822,0.00737,0.06968,0.19640,0.09380,0,0.99953,-0.00332,-0.01323,0.02757,virtual,0,292.82,258.70,292.82,258.70,292.82,258.70,292.82,258.70,292.82,258.70,292.82,258.70,292.82,258.70,292.82,258.70,292.82,258.70,292.82,258.70,292.82,258.70,292.82,258.70,292.82,258.70,292.82,258.70,292.82,258.70,292.82,258.70,292.82,258.70,292.82,258.70,292.82,258.70,292.82,258.70,292.82,258.70,0.00000,0.00000,0.00000,0.00000,0.00000,0.00000,0.00000,0.00000,0.00000,0.00000,0.00000,0.00000,0.00000,0.00000,0.00000,0.00000,0.00000,0.00000,0.00000,0.00000,0.00000,0.00000,0.00000,0.00000,0.00000,0.00000,0.00000,0.00000,0.00000,0.00000,0.00000,0.00000,0.00000,0.00000,0.00000,0.00000,0.00000,0.00000,0.00000,0.00000,0.00000,0.00000,0.00000,0.00000,0.00000,0.00000,0.00000,0.00000,0.00000,0.00000,0.00000,0.00000,0.00000,0.00000,0.00000,0.00000,0.00000,0.00000,0.00000,0.00000,0.00000,0.00000,0.00000,0.00000,0.00000,0.00000,0.00000,0.00000,0.00000,0.00000,0.00000,0.00000,0.00000,0.00000,0.00000,0.00000,0.00000,0.00000,0.00000,0.00000,0.00000,0.00000,0.00000,0.00000
4.1333,1,1,0.00,0.00,33.33,-0.02746,0.01890,0.56006,0.56176,0.56176,0.4500,0,1,0.20311,0.01608,0.06827,0.20296,0.01668,0.06810,0.39,0.00,0.56176,-0.10721,-0.34879,0.42153,1.49916,-0.00000,0.16772,-0.10116,-0.34974,0.42149,1.49907,0.00000,-0.17000,27,0.19773,0.01144,0.06961,0.19640,0.09380,0,0.99910,-0.00318,-0.01295,0.04016,virtual,0,288.83,258.59,288.83,258.59,288.83,258.59,288.83,258.59,288.83,258.59,288.83,258.59,288.83,258.59,288.83,258.59,288.83,258.59,288.83,258.59,288.83,258.59,288.83,258.59,288.83,258.59,288.83,258.59,288.83,258.59,288.83,258.59,288.83,258.59,288.83,258.59,288.83,258.59,288.83,258.59,288.83,258.59,0.00000,0.00000,0.00000,0.00000,0.00000,0.00000,0.00000,0.00000,0.00000,0.00000,0.00000,0.00000,0.00000,0.00000,0.00000,0.00000,0.00000,0.00000,0.00000,0.00000,0.00000,0.00000,0.00000,0.00000,0.00000,0.00000,0.00000,0.00000,0.00000,0.00000,0.00000,0.00000,0.00000,0.00000,0.00000,0.00000,0.00000,0.00000,0.00000,0.00000,0.00000,0.00000,0.00000,0.00000,0.00000,0.00000,0.00000,0.00000,0.00000,0.00000,0.00000,0.00000,0.00000,0.00000,0.00000,0.00000,0.00000,0.00000,0.00000,0.00000,0.00000,0.00000,0.00000,0.00000,0.00000,0.00000,0.00000,0.00000,0.00000,0.00000,0.00000,0.00000,0.00000,0.00000,0.00000,0.00000,0.00000,0.00000,0.00000,0.00000,0.00000,0.00000,0.00000,0.00000
4.1667,1,1,0.00,0.00,33.33,-0.03168,0.01888,0.56301,0.56596,0.56596,0.4500,0,1,0.20163,0.02030,0.06829,0.20154,0.02121,0.06816,0.43,0.00,0.56596,-0.13562,-0.35696,0.42856,1.49997,-0.00000,0.16770,-0.12745,-0.35802,0.42912,1.49975,0.00000,-0.17000,27,0.19644,0.01578,0.06960,0.19640,0.09380,0,0.99846,-0.00301,-0.01316,0.05384,virtual,0,284.84,258.47,284.84,258.47,284.84,258.47,284.84,258.47,284.84,258.47,284.84,258.47,284.84,258.47,284.84,258.47,284.84,258.47,284.84,258.47,284.84,258.47,284.84,258.47,284.84,258.47,284.84,258.47,284.84,258.47,284.84,258.47,284.84,258.47,284.84,258.47,284.84,258.47,284.84,258.47,284.84,258.47,0.00000,0.00000,0.00000,0.00000,0.00000,0.00000,0.00000,0.00000,0.00000,0.00000,0.00000,0.00000,0.00000,0.00000,0.00000,0.00000,0.00000,0.00000,0.00000,0.00000,0.00000,0.00000,0.00000,0.00000,0.00000,0.00000,0.00000,0.00000,0.00000,0.00000,0.00000,0.00000,0.00000,0.00000,0.00000,0.00000,0.00000,0.00000,0.00000,0.00000,0.00000,0.00000,0.00000,0.00000,0.00000,0.00000,0.00000,0.00000,0.00000,0.00000,0.00000,0.00000,0.00000,0.00000,0.00000,0.00000,0.00000,0.00000,0.00000,0.00000,0.00000,0.00000,0.00000,0.00000,0.00000,0.00000,0.00000,0.00000,0.00000,0.00000,0.00000,0.00000,0.00000,0.00000,0.00000,0.00000,0.00000,0.00000,0.00000,0.00000,0.00000,0.00000,0.00000,0.00000
4.2000,1,1,0.00,0.00,33.33,-0.03565,0.01872,0.56198,0.56095,0.56095,0.4500,0,1,0.20215,0.02427,0.06845,0.20174,0.02488,0.06841,0.36,0.00,0.56095,-0.15750,-0.35161,0.42192,1.50067,0.00000,0.16768,-0.15142,-0.35030,0.42022,1.50082,0.00000,-0.17000,27,0.19670,0.01927,0.06970,0.19640,0.09380,0,0.99784,-0.00289,-0.01313,0.06430,virtual,0,280.85,258.35,280.85,258.35,280.85,258.35,280.85,258.35,280.85,258.35,280.85,258.35,280.85,258.35,280.85,258.35,280.85,258.35,280.85,258.35,280.85,258.35,280.85,258.35,280.85,258.35,280.85,258.35,280.85,258.35,280.85,258.35,280.85,258.35,280.85,258.35,280.85,258.35,280.85,258.35,280.85,258.35,0.00000,0.00000,0.00000,0.00000,0.00000,0.00000,0.00000,0.00000,0.00000,0.00000,0.00000,0.00000,0.00000,0.00000,0.00000,0.00000,0.00000,0.00000,0.00000,0.00000,0.00000,0.00000,0.00000,0.00000,0.00000,0.00000,0.00000,0.00000,0.00000,0.00000,0.00000,0.00000,0.00000,0.00000,0.00000,0.00000,0.00000,0.00000,0.00000,0.00000,0.00000,0.00000,0.00000,0.00000,0.00000,0.00000,0.00000,0.00000,0.00000,0.00000,0.00000,0.00000,0.00000,0.00000,0.00000,0.00000,0.00000,0.00000,0.00000,0.00000,0.00000,0.00000,0.00000,0.00000,0.00000,0.00000,0.00000,0.00000,0.00000,0.00000,0.00000,0.00000,0.00000,0.00000,0.00000,0.00000,0.00000,0.00000,0.00000,0.00000,0.00000,0.00000,0.00000,0.00000
4.2333,1,1,0.00,0.00,33.33,-0.03979,0.01865,0.56330,0.56463,0.56463,0.4500,0,1,0.20148,0.02841,0.06852,0.20122,0.02907,0.06839,0.38,0.00,0.56463,-0.18310,-0.34914,0.41971,1.50112,0.00000,0.16768,-0.17658,-0.34972,0.41937,1.50114,0.00000,-0.17000,27,0.19633,0.02336,0.06960,0.19640,0.09380,0,0.99695,-0.00277,-0.01279,0.07688,virtual,0,276.87,258.23,276.87,258.23,276.87,258.23,276.87,258.23,276.87,258.23,276.87,258.23,276.87,258.23,276.87,258.23,276.87,258.23,276.87,258.23,276.87,258.23,276.87,258.23,276.87,258.23,276.87,258.23,276.87,258.23,276.87,258.23,276.87,258.23,276.87,258.23,276.87,258.23,276.87,258.23,276.87,258.23,0.00000,0.00000,0.00000,0.00000,0.00000,0.00000,0.00000,0.00000,0.00000,0.00000,0.00000,0.00000,0.00000,0.00000,0.00000,0.00000,0.00000,0.00000,0.00000,0.00000,0.00000,0.00000,0.00000,0.00000,0.00000,0.00000,0.00000,0.00000,0.00000,0.00000,0.00000,0.00000,0.00000,0.00000,0.00000,0.00000,0.00000,0.00000,0.00000,0.00000,0.00000,0.00000,0.00000,0.00000,0.00000,0.00000,0.00000,0.00000,0.00000,0.00000,0.00000,0.00000,0.00000,0.00000,0.00000,0.00000,0.00000,0.00000,0.00000,0.00000,0.00000,0.00000,0.00000,0.00000,0.00000,0.00000,0.00000,0.00000,0.00000,0.00000,0.00000,0.00000,0.00000,0.00000,0.00000,0.00000,0.00000,0.00000,0.00000,0.00000,0.00000,0.00000,0.00000,0.00000
4.2667,1,1,0.00,0.00,33.33,-0.04388,0.01855,0.56398,0.56465,0.56465,0.4500,0,1,0.20115,0.03251,0.06862,0.20081,0.03326,0.06858,0.37,0.00,0.56465,-0.20847,-0.34672,0.41623,1.50157,0.00000,0.16767,-0.20137,-0.34630,0.41542,1.50165,0.00000,-0.17000,27,0.19607,0.02729,0.06978,0.19640,0.09380,0,0.99595,-0.00256,-0.01344,0.08884,virtual,0,272.91,258.11,272.91,258.11,272.91,258.11,272.91,258.11,272.91,258.11,272.91,258.11,272.91,258.11,272.91,258.11,272.91,258.11,272.91,258.11,272.91,258.11,272.91,258.11,272.91,258.11,272.91,258.11,272.91,258.11,272.91,258.11,272.91,258.11,272.91,258.11,272.91,258.11,272.91,258.11,272.91,258.11,0.00000,0.00000,0.00000,0.00000,0.00000,0.00000,0.00000,0.00000,0.00000,0.00000,0.00000,0.00000,0.00000,0.00000,0.00000,0.00000,0.00000,0.00000,0.00000,0.00000,0.00000,0.00000,0.00000,0.00000,0.00000,0.00000,0.00000,0.00000,0.00000,0.00000,0.00000,0.00000,0.00000,0.00000,0.00000,0.00000,0.00000,0.00000,0.00000,0.00000,0.00000,0.00000,0.00000,0.00000,0.00000,0.00000,0.00000,0.00000,0.00000,0.00000,0.00000,0.00000,0.00000,0.00000,0.00000,0.00000,0.00000,0.00000,0.00000,0.00000,0.00000,0.00000,0.00000,0.00000,0.00000,0.00000,0.00000,0.00000,0.00000,0.00000,0.00000,0.00000,0.00000,0.00000,0.00000,0.00000,0.00000,0.00000,0.00000,0.00000,0.00000,0.00000,0.00000,0.00000
4.3000,1,1,0.00,0.00,33.33,-0.04806,0.01848,0.56548,0.56699,0.56699,0.4500,0,1,0.20039,0.03668,0.06869,0.20006,0.03739,0.06859,0.39,0.00,0.56699,-0.23383,-0.34489,0.41438,1.50194,0.00000,0.16766,-0.22686,-0.34498,0.41378,1.50198,0.00000,-0.17000,27,0.19550,0.03134,0.06981,0.19640,0.09380,0,0.99476,-0.00238,-0.01359,0.10128,virtual,0,268.94,258.00,268.94,258.00,268.94,258.00,268.94,258.00,268.94,258.00,268.94,258.00,268.94,258.00,268.94,258.00,268.94,258.00,268.94,258.00,268.94,258.00,268.94,258.00,268.94,258.00,268.94,258.00,268.94,258.00,268.94,258.00,268.94,258.00,268.94,258.00,268.94,258.00,268.94,258.00,268.94,258.00,0.00000,0.00000,0.00000,0.00000,0.00000,0.00000,0.00000,0.00000,0.00000,0.00000,0.00000,0.00000,0.00000,0.00000,0.00000,0.00000,0.00000,0.00000,0.00000,0.00000,0.00000,0.00000,0.00000,0.00000,0.00000,0.00000,0.00000,0.00000,0.00000,0.00000,0.00000,0.00000,0.00000,0.00000,0.00000,0.00000,0.00000,0.00000,0.00000,0.00000,0.00000,0.00000,0.00000,0.00000,0.00000,0.00000,0.00000,0.00000,0.00000,0.00000,0.00000,0.00000,0.00000,0.00000,0.00000,0.00000,0.00000,0.00000,0.00000,0.00000,0.00000,0.00000,0.00000,0.00000,0.00000,0.00000,0.00000,0.00000,0.00000,0.00000,0.00000,0.00000,0.00000,0.00000,0.00000,0.00000,0.00000,0.00000,0.00000,0.00000,0.00000,0.00000,0.00000,0.00000
4.3333,1,1,0.00,0.00,33.33,-0.05174,0.01825,0.56187,0.55827,0.55827,0.4500,0,1,0.20220,0.04036,0.06892,0.20223,0.04081,0.06856,0.35,0.01,0.55827,-0.25058,-0.31573,0.38737,1.50260,0.00000,0.16763,-0.24656,-0.32400,0.39195,1.50271,0.00000,-0.17000,27,0.19783,0.03470,0.06984,0.19640,0.09380,0,0.99391,-0.00241,-0.01261,0.10942,virtual,0,264.98,257.88,264.98,257.88,264.98,257.88,264.98,257.88,264.98,257.88,264.98,257.88,264.98,257.88,264.98,257.88,264.98,257.88,264.98,257.88,264.98,257.88,264.98,257.88,264.98,257.88,264.98,257.88,264.98,257.88,264.98,257.88,264.98,257.88,264.98,257.88,264.98,257.88,264.98,257.88,264.98,257.88,0.00000,0.00000,0.00000,0.00000,0.00000,0.00000,0.00000,0.00000,0.00000,0.00000,0.00000,0.00000,0.00000,0.00000,0.00000,0.00000,0.00000,0.00000,0.00000,0.00000,0.00000,0.00000,0.00000,0.00000,0.00000,0.00000,0.00000,0.00000,0.00000,0.00000,0.00000,0.00000,0.00000,0.00000,0.00000,0.00000,0.00000,0.00000,0.00000,0.00000,0.00000,0.00000,0.00000,0.00000,0.00000,0.00000,0.00000,0.00000,0.00000,0.00000,0.00000,0.00000,0.00000,0.00000,0.00000,0.00000,0.00000,0.00000,0.00000,0.00000,0.00000,0.00000,0.00000,0.00000,0.00000,0.00000,0.00000,0.00000,0.00000,0.00000,0.00000,0.00000,0.00000,0.00000,0.00000,0.00000,0.00000,0.00000,0.00000,0.00000,0.00000,0.00000,0.00000,0.00000
4.3667,1,1,0.00,0.00,33.33,-0.05590,0.01817,0.56345,0.56502,0.56502,0.4500,0,1,0.20141,0.04452,0.06900,0.20094,0.04551,0.06901,0.37,0.00,0.56502,-0.27950,-0.32056,0.38884,1.50285,0.00000,0.16762,-0.27102,-0.32019,0.38838,1.50258,0.00000,-0.17000,27,0.19669,0.03930,0.07007,0.19640,0.09380,0,0.99223,-0.00209,-0.01357,0.12365,virtual,0,261.08,257.75,261.08,257.75,261.08,257.75,261.08,257.75,261.08,257.75,261.08,257.75,261.08,257.75,261.08,257.75,261.08,257.75,261.08,257.75,261.08,257.75,261.08,257.75,261.08,257.75,261.08,257.75,261.08,257.75,261.08,257.75,261.08,257.75,261.08,257.75,261.08,257.75,261.08,257.75,261.08,257.75,0.00000,0.00000,0.00000,0.00000,0.00000,0.00000,0.00000,0.00000,0.00000,0.00000,0.00000,0.00000,0.00000,0.00000,0.00000,0.00000,0.00000,0.00000,0.00000,0.00000,0.00000,0.00000,0.00000,0.00000,0.00000,0.00000,0.00000,0.00000,0.00000,0.00000,0.00000,0.00000,0.00000,0.00000,0.00000,0.00000,0.00000,0.00000,0.00000,0.00000,0.00000,0.00000,0.00000,0.00000,0.00000,0.00000,0.00000,0.00000,0.00000,0.00000,0.00000,0.00000,0.00000,0.00000,0.00000,0.00000,0.00000,0.00000,0.00000,0.00000,0.00000,0.00000,0.00000,0.00000,0.00000,0.00000,0.00000,0.00000,0.00000,0.00000,0.00000,0.00000,0.00000,0.00000,0.00000,0.00000,0.00000,0.00000,0.00000,0.00000,0.00000,0.00000,0.00000,0.00000
4.4000,1,1,0.00,0.00,33.33,-0.05999,0.01808,0.56436,0.56527,0.56527,0.4500,0,1,0.20096,0.04861,0.06909,0.20056,0.04901,0.06906,0.36,0.00,0.56527,-0.30005,-0.31516,0.38344,1.50285,0.00001,0.16760,-0.29509,-0.31439,0.38225,1.50290,0.00000,-0.17000,27,0.19635,0.04267,0.06995,0.19640,0.09380,0,0.99095,-0.00201,-0.01329,0.13356,virtual,0,257.17,257.64,257.17,257.64,257.17,257.64,257.17,257.64,257.17,257.64,257.17,257.64,257.17,257.64,257.17,257.64,257.17,257.64,257.17,257.64,257.17,257.64,257.17,257.64,257.17,257.64,257.17,257.64,257.17,257.64,257.17,257.64,257.17,257.64,257.17,257.64,257.17,257.64,257.17,257.64,257.17,257.64,0.00000,0.00000,0.00000,0.00000,0.00000,0.00000,0.00000,0.00000,0.00000,0.00000,0.00000,0.00000,0.00000,0.00000,0.00000,0.00000,0.00000,0.00000,0.00000,0.00000,0.00000,0.00000,0.00000,0.00000,0.00000,0.00000,0.00000,0.00000,0.00000,0.00000,0.00000,0.00000,0.00000,0.00000,0.00000,0.00000,0.00000,0.00000,0.00000,0.00000,0.00000,0.00000,0.00000,0.00000,0.00000,0.00000,0.00000,0.00000,0.00000,0.00000,0.00000,0.00000,0.00000,0.00000,0.00000,0.00000,0.00000,0.00000,0.00000,0.00000,0.00000,0.00000,0.00000,0.00000,0.00000,0.00000,0.00000,0.00000,0.00000,0.00000,0.00000,0.00000,0.00000,0.00000,0.00000,0.00000,0.00000,0.00000,0.00000,0.00000,0.00000,0.00000,0.00000,0.00000
4.4333,1,1,0.00,0.00,33.33,-0.06394,0.01796,0.56411,0.56386,0.56386,0.4500,0,1,0.20108,0.05256,0.06921,0.20088,0.05300,0.06887,0.34,0.00,0.56386,-0.32187,-0.29893,0.36932,1.50306,0.00000,0.16760,-0.31728,-0.30361,0.37096,1.50336,0.00000,-0.17000,27,0.19684,0.04666,0.06978,0.19640,0.09380,0,0.98944,-0.00201,-0.01250,0.14440,virtual,0,253.27,257.53,253.27,257.53,253.27,257.53,253.27,257.53,253.27,257.53,253.27,257.53,253.27,257.53,253.27,257.53,253.27,257.53,253.27,257.53,253.27,257.53,253.27,257.53,253.27,257.53,253.27,257.53,253.27,257.53,253.27,257.53,253.27,257.53,253.27,257.53,253.27,257.53,253.27,257.53,253.27,257.53,0.00000,0.00000,0.00000,0.00000,0.00000,0.00000,0.00000,0.00000,0.00000,0.00000,0.00000,0.00000,0.00000,0.00000,0.00000,0.00000,0.00000,0.00000,0.00000,0.00000,0.00000,0.00000,0.00000,0.00000,0.00000,0.00000,0.00000,0.00000,0.00000,0.00000,0.00000,0.00000,0.00000,0.00000,0.00000,0.00000,0.00000,0.00000,0.00000,0.00000,0.00000,0.00000,0.00000,0.00000,0.00000,0.00000,0.00000,0.00000,0.00000,0.00000,0.00000,0.00000,0.00000,0.00000,0.00000,0.00000,0.00000,0.00000,0.00000,0.00000,0.00000,0.00000,0.00000,0.00000,0.00000,0.00000,0.00000,0.00000,0.00000,0.00000,0.00000,0.00000,0.00000,0.00000,0.00000,0.00000,0.00000,0.00000,0.00000,0.00000,0.00000,0.00000,0.00000,0.00000
4.4667,1,1,0.00,0.00,33.33,-0.06838,0.01795,0.56795,0.57178,0.57178,0.4500,0,1,0.19916,0.05700,0.06922,0.19880,0.05799,0.06915,0.42,0.00,0.57178,-0.35353,-0.30485,0.37301,1.50316,0.00000,0.16759,-0.34493,-0.30600,0.37373,1.50309,0.00000,-0.17000,27,0.19495,0.05145,0.06991,0.19640,0.09380,0,0.98709,-0.00167,-0.01328,0.15961,virtual,0,249.41,257.40,249.41,257.40,249.41,257.40,249.41,257.40,249.41,257.40,249.41,257.40,249.41,257.40,249.41,257.40,249.41,257.40,249.41,257.40,249.41,257.40,249.41,257.40,249.41,257.40,249.41,257.40,249.41,257.40,249.41,257.40,249.41,257.40,249.41,257.40,249.41,257.40,249.41,257.40,249.41,257.40,0.00000,0.00000,0.00000,0.00000,0.00000,0.00000,0.00000,0.00000,0.00000,0.00000,0.00000,0.00000,0.00000,0.00000,0.00000,0.00000,0.00000,0.00000,0.00000,0.00000,0.00000,0.00000,0.00000,0.00000,0.00000,0.00000,0.00000,0.00000,0.00000,0.00000,0.00000,0.00000,0.00000,0.00000,0.00000,0.00000,0.00000,0.00000,0.00000,0.00000,0.00000,0.00000,0.00000,0.00000,0.00000,0.00000,0.00000,0.00000,0.00000,0.00000,0.00000,0.00000,0.00000,0.00000,0.00000,0.00000,0.00000,0.00000,0.00000,0.00000,0.00000,0.00000,0.00000,0.00000,0.00000,0.00000,0.00000,0.00000,0.00000,0.00000,0.00000,0.00000,0.00000,0.00000,0.00000,0.00000,0.00000,0.00000,0.00000,0.00000,0.00000,0.00000,0.00000,0.00000
4.5000,1,1,0.00,0.00,33.33,-0.07228,0.01781,0.56734,0.56674,0.56674,0.4500,0,1,0.19946,0.06090,0.06936,0.19918,0.06108,0.06909,0.33,0.01,0.56674,-0.36967,-0.29057,0.35974,1.50356,0.00000,0.16759,-0.36649,-0.29305,0.35978,1.50398,0.00000,-0.17000,27,0.19537,0.05446,0.06977,0.19640,0.09380,0,0.98581,-0.00173,-0.01254,0.16736,virtual,0,245.49,257.28,245.49,257.28,245.49,257.28,245.49,257.28,245.49,257.28,245.49,257.28,245.49,257.28,245.49,257.28,245.49,257.28,245.49,257.28,245.49,257.28,245.49,257.28,245.49,257.28,245.49,257.28,245.49,257.28,245.49,257.28,245.49,257.28,245.49,257.28,245.49,257.28,245.49,257.28,245.49,257.28,0.00000,0.00000,0.00000,0.00000,0.00000,0.00000,0.00000,0.00000,0.00000,0.00000,0.00000,0.00000,0.00000,0.00000,0.00000,0.00000,0.00000,0.00000,0.00000,0.00000,0.00000,0.00000,0.00000,0.00000,0.00000,0.00000,0.00000,0.00000,0.00000,0.00000,0.00000,0.00000,0.00000,0.00000,0.00000,0.00000,0.00000,0.00000,0.00000,0.00000,0.00000,0.00000,0.00000,0.00000,0.00000,0.00000,0.00000,0.00000,0.00000,0.00000,0.00000,0.00000,0.00000,0.00000,0.00000,0.00000,0.00000,0.00000,0.00000,0.00000,0.00000,0.00000,0.00000,0.00000,0.00000,0.00000,0.00000,0.00000,0.00000,0.00000,0.00000,0.00000,0.00000,0.00000,0.00000,0.00000,0.00000,0.00000,0.00000,0.00000,0.00000,0.00000,0.00000,0.00000
4.5333,1,1,0.00,0.00,33.33,-0.07640,0.01771,0.56829,0.56923,0.56923,0.4500,0,1,0.19899,0.06502,0.06946,0.19888,0.06554,0.06936,0.34,0.00,0.56923,-0.39436,-0.28023,0.34786,1.50409,0.00000,0.16759,-0.38953,-0.28367,0.35010,1.50430,0.00000,-0.17000,27,0.19527,0.05892,0.07002,0.19640,0.09380,0,0.98366,-0.00142,-0.01328,0.17954,virtual,0,241.61,257.15,241.61,257.15,241.61,257.15,241.61,257.15,241.61,257.15,241.61,257.15,241.61,257.15,241.61,257.15,241.61,257.15,241.61,257.15,241.61,257.15,241.61,257.15,241.61,257.15,241.61,257.15,241.61,257.15,241.61,257.15,241.61,257.15,241.61,257.15,241.61,257.15,241.61,257.15,241.61,257.15,0.00000,0.00000,0.00000,0.00000,0.00000,0.00000,0.00000,0.00000,0.00000,0.00000,0.00000,0.00000,0.00000,0.00000,0.00000,0.00000,0.00000,0.00000,0.00000,0.00000,0.00000,0.00000,0.00000,0.00000,0.00000,0.00000,0.00000,0.00000,0.00000,0.00000,0.00000,0.00000,0.00000,0.00000,0.00000,0.00000,0.00000,0.00000,0.00000,0.00000,0.00000,0.00000,0.00000,0.00000,0.00000,0.00000,0.00000,0.00000,0.00000,0.00000,0.00000,0.00000,0.00000,0.00000,0.00000,0.00000,0.00000,0.00000,0.00000,0.00000,0.00000,0.00000,0.00000,0.00000,0.00000,0.00000,0.00000,0.00000,0.00000,0.00000,0.00000,0.00000,0.00000,0.00000,0.00000,0.00000,0.00000,0.00000,0.00000,0.00000,0.00000,0.00000,0.00000,0.00000
4.5667,1,1,0.00,0.00,33.33,-0.08034,0.01759,0.56808,0.56787,0.56787,0.4500,0,1,0.19910,0.06896,0.06959,0.19854,0.06976,0.06952,0.32,0.01,0.56787,-0.41743,-0.26929,0.33605,1.50461,0.00000,0.16759,-0.41043,-0.27004,0.33577,1.50497,0.00000,-0.17000,27,0.19512,0.06287,0.07006,0.19640,0.09380,0,0.98166,-0.00128,-0.01328,0.19017,virtual,0,237.74,257.04,237.74,257.04,237.74,257.04,237.74,257.04,237.74,257.04,237.74,257.04,237.74,257.04,237.74,257.04,237.74,257.04,237.74,257.04,237.74,257.04,237.74,257.04,237.74,257.04,237.74,257.04,237.74,257.04,237.74,257.04,237.74,257.04,237.74,257.04,237.74,257.04,237.74,257.04,237.74,257.04,0.00000,0.00000,0.00000,0.00000,0.00000,0.00000,0.00000,0.00000,0.00000,0.00000,0.00000,0.00000,0.00000,0.00000,0.00000,0.00000,0.00000,0.00000,0.00000,0.00000,0.00000,0.00000,0.00000,0.00000,0.00000,0.00000,0.00000,0.00000,0.00000,0.00000,0.00000,0.00000,0.00000,0.00000,0.00000,0.00000,0.00000,0.00000,0.00000,0.00000,0.00000,0.00000,0.00000,0.00000,0.00000,0.00000,0.00000,0.00000,0.00000,0.00000,0.00000,0.00000,0.00000,0.00000,0.00000,0.00000,0.00000,0.00000,0.00000,0.00000,0.00000,0.00000,0.00000,0.00000,0.00000,0.00000,0.00000,0.00000,0.00000,0.00000,0.00000,0.00000,0.00000,0.00000,0.00000,0.00000,0.00000,0.00000,0.00000,0.00000,0.00000,0.00000,0.00000,0.00000
4.6000,1,1,0.00,0.00,33.33,-0.08421,0.01746,0.56751,0.56695,0.56695,0.4500,0,1,0.19938,0.07283,0.06971,0.19923,0.07344,0.06926,0.32,0.01,0.56695,-0.43493,-0.24718,0.31591,1.50528,-0.00000,0.16757,-0.43008,-0.25448,0.31941,1.50575,0.00000,-0.17000,27,0.19600,0.06652,0.06985,0.19640,0.09380,0,0.98001,-0.00138,-0.01239,0.19856,virtual,0,233.89,256.94,233.89,256.94,233.89,256.94,233.89,256.94,233.89,256.94,233.89,256.94,233.89,256.94,233.89,256.94,233.89,256.94,233.89,256.94,233.89,256.94,233.89,256.94,233.89,256.94,233.89,256.94,233.89,256.94,233.89,256.94,233.89,256.94,233.89,256.94,233.89,256.94,233.89,256.94,233.89,256.94,0.00000,0.00000,0.00000,0.00000,0.00000,0.00000,0.00000,0.00000,0.00000,0.00000,0.00000,0.00000,0.00000,0.00000,0.00000,0.00000,0.00000,0.00000,0.00000,0.00000,0.00000,0.00000,0.00000,0.00000,0.00000,0.00000,0.00000,0.00000,0.00000,0.00000,0.00000,0.00000,0.00000,0.00000,0.00000,0.00000,0.00000,0.00000,0.00000,0.00000,0.00000,0.00000,0.00000,0.00000,0.00000,0.00000,0.00000,0.00000,0.00000,0.00000,0.00000,0.00000,0.00000,0.00000,0.00000,0.00000,0.00000,0.00000,0.00000,0.00000,0.00000,0.00000,0.00000,0.00000,0.00000,0.00000,0.00000,0.00000,0.00000,0.00000,0.00000,0.00000,0.00000,0.00000,0.00000,0.00000,0.00000,0.00000,0.00000,0.00000,0.00000,0.00000,0.00000,0.00000
4.6333,1,1,0.00,0.00,33.33,-0.08840,0.01736,0.56928,0.57105,0.57105,0.4500,0,1,0.19849,0.07702,0.06981,0.19801,0.07769,0.06985,0.34,0.00,0.57105,-0.45957,-0.24561,0.31022,1.50616,0.00000,0.16757,-0.45332,-0.24561,0.31015,1.50620,0.00000,-0.17000,27,0.19485,0.07066,0.07029,0.19640,0.09380,0,0.97750,-0.00090,-0.01373,0.21051,virtual,0,230.13,256.76,230.13,256.76,230.13,256.76,230.13,256.76,230.13,256.76,230.13,256.76,230.13,256.76,230.13,256.76,230.13,256.76,230.13,256.76,230.13,256.76,230.13,256.76,230.13,256.76,230.13,256.76,230.13,256.76,230.13,256.76,230.13,256.76,230.13,256.76,230.13,256.76,230.13,256.76,230.13,256.76,0.00000,0.00000,0.00000,0.00000,0.00000,0.00000,0.00000,0.00000,0.00000,0.00000,0.00000,0.00000,0.00000,0.00000,0.00000,0.00000,0.00000,0.00000,0.00000,0.00000,0.00000,0.00000,0.00000,0.00000,0.00000,0.00000,0.00000,0.00000,0.00000,0.00000,0.00000,0.00000,0.00000,0.00000,0.00000,0.00000,0.00000,0.00000,0.00000,0.00000,0.00000,0.00000,0.00000,0.00000,0.00000,0.00000,0.00000,0.00000,0.00000,0.00000,0.00000,0.00000,0.00000,0.00000,0.00000,0.00000,0.00000,0.00000,0.00000,0.00000,0.00000,0.00000,0.00000,0.00000,0.00000,0.00000,0.00000,0.00000,0.00000,0.00000,0.00000,0.00000,0.00000,0.00000,0.00000,0.00000,0.00000,0.00000,0.00000,0.00000,0.00000,0.00000,0.00000,0.00000
4.6667,1,1,0.00,0.00,33.33,-0.09268,0.01733,0.57146,0.57363,0.57363,0.4500,0,1,0.19741,0.08130,0.06985,0.19678,0.08207,0.06981,0.35,0.00,0.57363,-0.48472,-0.23760,0.30245,1.50629,0.00000,0.16757,-0.47751,-0.23756,0.30181,1.50648,0.00000,-0.17000,27,0.19386,0.07484,0.07014,0.19640,0.09380,0,0.97490,-0.00083,-0.01336,0.22224,virtual,0,226.31,256.70,226.31,256.70,226.31,256.70,226.31,256.70,226.31,256.70,226.31,256.70,226.31,256.70,226.31,256.70,226.31,256.70,226.31,256.70,226.31,256.70,226.31,256.70,226.31,256.70,226.31,256.70,226.31,256.70,226.31,256.70,226.31,256.70,226.31,256.70,226.31,256.70,226.31,256.70,226.31,256.70,0.00000,0.00000,0.00000,0.00000,0.00000,0.00000,0.00000,0.00000,0.00000,0.00000,0.00000,0.00000,0.00000,0.00000,0.00000,0.00000,0.00000,0.00000,0.00000,0.00000,0.00000,0.00000,0.00000,0.00000,0.00000,0.00000,0.00000,0.00000,0.00000,0.00000,0.00000,0.00000,0.00000,0.00000,0.00000,0.00000,0.00000,0.00000,0.00000,0.00000,0.00000,0.00000,0.00000,0.00000,0.00000,0.00000,0.00000,0.00000,0.00000,0.00000,0.00000,0.00000,0.00000,0.00000,0.00000,0.00000,0.00000,0.00000,0.00000,0.00000,0.00000,0.00000,0.00000,0.00000,0.00000,0.00000,0.00000,0.00000,0.00000,0.00000,0.00000,0.00000,0.00000,0.00000,0.00000,0.00000,0.00000,0.00000,0.00000,0.00000,0.00000,0.00000,0.00000,0.00000
4.7000,1,1,0.00,0.00,33.33,-0.09720,0.01733,0.57452,0.57757,0.57757,0.4500,0,1,0.19588,0.08582,0.06984,0.19520,0.08652,0.06973,0.37,0.00,0.57757,-0.51087,-0.23075,0.29614,1.50628,0.00000,0.16757,-0.50368,-0.23097,0.29523,1.50649,0.00000,-0.17000,27,0.19249,0.07928,0.07004,0.19640,0.09380,0,0.97192,-0.00068,-0.01328,0.23492,virtual,0,222.39,256.63,222.39,256.63,222.39,256.63,222.39,256.63,222.39,256.63,222.39,256.63,222.39,256.63,222.39,256.63,222.39,256.63,222.39,256.63,222.39,256.63,222.39,256.63,222.39,256.63,222.39,256.63,222.39,256.63,222.39,256.63,222.39,256.63,222.39,256.63,222.39,256.63,222.39,256.63,222.39,256.63,0.00000,0.00000,0.00000,0.00000,0.00000,0.00000,0.00000,0.00000,0.00000,0.00000,0.00000,0.00000,0.00000,0.00000,0.00000,0.00000,0.00000,0.00000,0.00000,0.00000,0.00000,0.00000,0.00000,0.00000,0.00000,0.00000,0.00000,0.00000,0.00000,0.00000,0.00000,0.00000,0.00000,0.00000,0.00000,0.00000,0.00000,0.00000,0.00000,0.00000,0.00000,0.00000,0.00000,0.00000,0.00000,0.00000,0.00000,0.00000,0.00000,0.00000,0.00000,0.00000,0.00000,0.00000,0.00000,0.00000,0.00000,0.00000,0.00000,0.00000,0.00000,0.00000,0.00000,0.00000,0.00000,0.00000,0.00000,0.00000,0.00000,0.00000,0.00000,0.00000,0.00000,0.00000,0.00000,0.00000,0.00000,0.00000,0.00000,0.00000,0.00000,0.00000,0.00000,0.00000
4.7333,1,1,0.00,0.00,33.33,-0.09876,0.01721,0.57207,0.56962,0.56962,0.4500,0,1,0.19710,0.08738,0.06996,0.19735,0.08727,0.06940,0.18,0.01,0.56962,-0.50869,-0.20717,0.27424,1.50758,-0.00000,0.16755,-0.50948,-0.21551,0.27837,1.50782,0.00000,-0.17000,27,0.19474,0.07997,0.06970,0.19640,0.09380,0,0.97231,-0.00103,-0.01212,0.23337,virtual,0,222.39,256.63,222.39,256.63,222.39,256.63,222.39,256.63,222.39,256.63,222.39,256.63,222.39,256.63,222.39,256.63,222.39,256.63,222.39,256.63,222.39,256.63,222.39,256.63,222.39,256.63,222.39,256.63,222.39,256.63,222.39,256.63,222.39,256.63,222.39,256.63,222.39,256.63,222.39,256.63,222.39,256.63,0.00000,0.00000,0.00000,0.00000,0.00000,0.00000,0.00000,0.00000,0.00000,0.00000,0.00000,0.00000,0.00000,0.00000,0.00000,0.00000,0.00000,0.00000,0.00000,0.00000,0.00000,0.00000,0.00000,0.00000,0.00000,0.00000,0.00000,0.00000,0.00000,0.00000,0.00000,0.00000,0.00000,0.00000,0.00000,0.00000,0.00000,0.00000,0.00000,0.00000,0.00000,0.00000,0.00000,0.00000,0.00000,0.00000,0.00000,0.00000,0.00000,0.00000,0.00000,0.00000,0.00000,0.00000,0.00000,0.00000,0.00000,0.00000,0.00000,0.00000,0.00000,0.00000,0.00000,0.00000,0.00000,0.00000,0.00000,0.00000,0.00000,0.00000,0.00000,0.00000,0.00000,0.00000,0.00000,0.00000,0.00000,0.00000,0.00000,0.00000,0.00000,0.00000,0.00000,0.00000
4.7667,1,1,0.00,0.00,33.33,-0.09952,0.01912,0.56949,0.56690,0.56690,0.4500,0,1,0.19839,0.08814,0.06805,0.19815,0.08797,0.06838,0.35,0.00,0.56690,-0.50991,-0.20340,0.27822,1.49589,-0.00000,0.16753,-0.51005,-0.20276,0.27809,1.49546,0.00000,-0.17000,27,0.19556,0.08064,0.06884,0.19640,0.09380,0,0.97219,-0.00027,-0.01475,0.23371,virtual,0,221.95,260.56,221.95,260.56,221.95,260.56,221.95,260.56,221.95,260.56,221.95,260.56,221.95,260.56,221.95,260.56,221.95,260.56,221.95,260.56,221.95,260.56,221.95,260.56,221.95,260.56,221.95,260.56,221.95,260.56,221.95,260.56,221.95,260.56,221.95,260.56,221.95,260.56,221.95,260.56,221.95,260.56,0.00000,0.00000,0.00000,0.00000,0.00000,0.00000,0.00000,0.00000,0.00000,0.00000,0.00000,0.00000,0.00000,0.00000,0.00000,0.00000,0.00000,0.00000,0.00000,0.00000,0.00000,0.00000,0.00000,0.00000,0.00000,0.00000,0.00000,0.00000,0.00000,0.00000,0.00000,0.00000,0.00000,0.00000,0.00000,0.00000,0.00000,0.00000,0.00000,0.00000,0.00000,0.00000,0.00000,0.00000,0.00000,0.00000,0.00000,0.00000,0.00000,0.00000,0.00000,0.00000,0.00000,0.00000,0.00000,0.00000,0.00000,0.00000,0.00000,0.00000,0.00000,0.00000,0.00000,0.00000,0.00000,0.00000,0.00000,0.00000,0.00000,0.00000,0.00000,0.00000,0.00000,0.00000,0.00000,0.00000,0.00000,0.00000,0.00000,0.00000,0.00000,0.00000,0.00000,0.00000
4.8000,1,1,0.00,0.00,33.33,-0.10047,0.02217,0.57024,0.57100,0.57100,0.4500,0,1,0.19801,0.08909,0.06500,0.19731,0.08845,0.06382,0.40,0.01,0.57100,-0.51447,-0.19931,0.30742,1.46721,-0.00000,0.16749,-0.51524,-0.20022,0.29762,1.47352,0.00000,-0.17000,27,0.19476,0.08106,0.06432,0.19640,0.09380,0,0.97175,-0.00073,-0.01301,0.23565,virtual,0,221.56,264.48,221.56,264.48,221.56,264.48,221.56,264.48,221.56,264.48,221.56,264.48,221.56,264.48,221.56,264.48,221.56,264.48,221.56,264.48,221.56,264.48,221.56,264.48,221.56,264.48,221.56,264.48,221.56,264.48,221.56,264.48,221.56,264.48,221.56,264.48,221.56,264.48,221.56,264.48,221.56,264.48,0.00000,0.00000,0.00000,0.00000,0.00000,0.00000,0.00000,0.00000,0.00000,0.00000,0.00000,0.00000,0.00000,0.00000,0.00000,0.00000,0.00000,0.00000,0.00000,0.00000,0.00000,0.00000,0.00000,0.00000,0.00000,0.00000,0.00000,0.00000,0.00000,0.00000,0.00000,0.00000,0.00000,0.00000,0.00000,0.00000,0.00000,0.00000,0.00000,0.00000,0.00000,0.00000,0.00000,0.00000,0.00000,0.00000,0.00000,0.00000,0.00000,0.00000,0.00000,0.00000,0.00000,0.00000,0.00000,0.00000,0.00000,0.00000,0.00000,0.00000,0.00000,0.00000,0.00000,0.00000,0.00000,0.00000,0.00000,0.00000,0.00000,0.00000,0.00000,0.00000,0.00000,0.00000,0.00000,0.00000,0.00000,0.00000,0.00000,0.00000,0.00000,0.00000,0.00000,0.00000
4.8333,1,1,0.00,0.00,33.33,-0.10127,0.02575,0.57128,0.57232,0.57232,0.4500,0,1,0.19749,0.08989,0.06142,0.19684,0.08966,0.06040,0.47,0.01,0.57232,-0.52154,-0.19748,0.33111,1.44009,-0.00000,0.16748,-0.52044,-0.19881,0.32237,1.44740,0.00000,-0.17000,27,0.19433,0.08210,0.06087,0.19640,0.09380,0,0.97102,-0.00058,-0.01336,0.23862,virtual,0,221.16,268.41,221.16,268.41,221.16,268.41,221.16,268.41,221.16,268.41,221.16,268.41,221.16,268.41,221.16,268.41,221.16,268.41,221.16,268.41,221.16,268.41,221.16,268.41,221.16,268.41,221.16,268.41,221.16,268.41,221.16,268.41,221.16,268.41,221.16,268.41,221.16,268.41,221.16,268.41,221.16,268.41,0.00000,0.00000,0.00000,0.00000,0.00000,0.00000,0.00000,0.00000,0.00000,0.00000,0.00000,0.00000,0.00000,0.00000,0.00000,0.00000,0.00000,0.00000,0.00000,0.00000,0.00000,0.00000,0.00000,0.00000,0.00000,0.00000,0.00000,0.00000,0.00000,0.00000,0.00000,0.00000,0.00000,0.00000,0.00000,0.00000,0.00000,0.00000,0.00000,0.00000,0.00000,0.00000,0.00000,0.00000,0.00000,0.00000,0.00000,0.00000,0.00000,0.00000,0.00000,0.00000,0.00000,0.00000,0.00000,0.00000,0.00000,0.00000,0.00000,0.00000,0.00000,0.00000,0.00000,0.00000,0.00000,0.00000,0.00000,0.00000,0.00000,0.00000,0.00000,0.00000,0.00000,0.00000,0.00000,0.00000,0.00000,0.00000,0.00000,0.00000,0.00000,0.00000,0.00000,0.00000
4.8667,1,1,0.00,0.00,33.33,-0.10206,0.02965,0.57301,0.57473,0.57473,0.4500,0,1,0.19663,0.09068,0.05752,0.19594,0.09008,0.05636,0.50,0.01,0.57473,-0.52602,-0.19736,0.36101,1.41099,-0.00000,0.16748,-0.52651,-0.19867,0.35098,1.41868,0.00000,-0.17000,27,0.19353,0.08243,0.05676,0.19640,0.09380,0,0.97059,-0.00070,-0.01283,0.24040,virtual,0,220.81,272.35,220.81,272.35,220.81,272.35,220.81,272.35,220.81,272.35,220.81,272.35,220.81,272.35,220.81,272.35,220.81,272.35,220.81,272.35,220.81,272.35,220.81,272.35,220.81,272.35,220.81,272.35,220.81,272.35,220.81,272.35,220.81,272.35,220.81,272.35,220.81,272.35,220.81,272.35,220.81,272.35,0.00000,0.00000,0.00000,0.00000,0.00000,0.00000,0.00000,0.00000,0.00000,0.00000,0.00000,0.00000,0.00000,0.00000,0.00000,0.00000,0.00000,0.00000,0.00000,0.00000,0.00000,0.00000,0.00000,0.00000,0.00000,0.00000,0.00000,0.00000,0.00000,0.00000,0.00000,0.00000,0.00000,0.00000,0.00000,0.00000,0.00000,0.00000,0.00000,0.00000,0.00000,0.00000,0.00000,0.00000,0.00000,0.00000,0.00000,0.00000,0.00000,0.00000,0.00000,0.00000,0.00000,0.00000,0.00000,0.00000,0.00000,0.00000,0.00000,0.00000,0.00000,0.00000,0.00000,0.00000,0.00000,0.00000,0.00000,0.00000,0.00000,0.00000,0.00000,0.00000,0.00000,0.00000,0.00000,0.00000,0.00000,0.00000,0.00000,0.00000,0.00000,0.00000,0.00000,0.00000
4.9000,1,1,0.00,0.00,33.33,-0.10250,0.03359,0.57305,0.57310,0.57310,0.4500,0,1,0.19661,0.09112,0.05358,0.19566,0.09049,0.05282,0.57,0.01,0.57310,-0.52878,-0.19272,0.38257,1.38533,-0.00000,0.16747,-0.52896,-0.19316,0.37427,1.38984,0.00000,-0.17000,27,0.19334,0.08278,0.05339,0.19640,0.09380,0,0.97035,-0.00053,-0.01332,0.24136,virtual,0,220.44,276.30,220.44,276.30,220.44,276.30,220.44,276.30,220.44,276.30,220.44,276.30,220.44,276.30,220.44,276.30,220.44,276.30,220.44,276.30,220.44,276.30,220.44,276.30,220.44,276.30,220.44,276.30,220.44,276.30,220.44,276.30,220.44,276.30,220.44,276.30,220.44,276.30,220.44,276.30,220.44,276.30,0.00000,0.00000,0.00000,0.00000,0.00000,0.00000,0.00000,0.00000,0.00000,0.00000,0.00000,0.00000,0.00000,0.00000,0.00000,0.00000,0.00000,0.00000,0.00000,0.00000,0.00000,0.00000,0.00000,0.00000,0.00000,0.00000,0.00000,0.00000,0.00000,0.00000,0.00000,0.00000,0.00000,0.00000,0.00000,0.00000,0.00000,0.00000,0.00000,0.00000,0.00000,0.00000,0.00000,0.00000,0.00000,0.00000,0.00000,0.00000,0.00000,0.00000,0.00000,0.00000,0.00000,0.00000,0.00000,0.00000,0.00000,0.00000,0.00000,0.00000,0.00000,0.00000,0.00000,0.00000,0.00000,0.00000,0.00000,0.00000,0.00000,0.00000,0.00000,0.00000,0.00000,0.00000,0.00000,0.00000,0.00000,0.00000,0.00000,0.00000,0.00000,0.00000,0.00000,0.00000
4.9333,1,1,0.00,0.00,33.33,-0.10295,0.03762,0.57325,0.57344,0.57344,0.4500,0,1,0.19651,0.09157,0.04956,0.19563,0.09110,0.04857,0.61,0.01,0.57344,-0.53178,-0.18476,0.40620,1.35331,-0.00000,0.16744,-0.53133,-0.18669,0.39748,1.36016,0.00000,-0.17000,27,0.19338,0.08341,0.04920,0.19640,0.09380,0,0.96999,-0.00024,-0.01422,0.24271,virtual,0,220.07,280.25,220.07,280.25,220.07,280.25,220.07,280.25,220.07,280.25,220.07,280.25,220.07,280.25,220.07,280.25,220.07,280.25,220.07,280.25,220.07,280.25,220.07,280.25,220.07,280.25,220.07,280.25,220.07,280.25,220.07,280.25,220.07,280.25,220.07,280.25,220.07,280.25,220.07,280.25,220.07,280.25,0.00000,0.00000,0.00000,0.00000,0.00000,0.00000,0.00000,0.00000,0.00000,0.00000,0.00000,0.00000,0.00000,0.00000,0.00000,0.00000,0.00000,0.00000,0.00000,0.00000,0.00000,0.00000,0.00000,0.00000,0.00000,0.00000,0.00000,0.00000,0.00000,0.00000,0.00000,0.00000,0.00000,0.00000,0.00000,0.00000,0.00000,0.00000,0.00000,0.00000,0.00000,0.00000,0.00000,0.00000,0.00000,0.00000,0.00000,0.00000,0.00000,0.00000,0.00000,0.00000,0.00000,0.00000,0.00000,0.00000,0.00000,0.00000,0.00000,0.00000,0.00000,0.00000,0.00000,0.00000,0.00000,0.00000,0.00000,0.00000,0.00000,0.00000,0.00000,0.00000,0.00000,0.00000,0.00000,0.00000,0.00000,0.00000,0.00000,0.00000,0.00000,0.00000,0.00000,0.00000
4.9667,1,1,0.00,0.00,33.33,-0.10329,0.04165,0.57299,0.57274,0.57274,0.4500,0,1,0.19664,0.09191,0.04552,0.19691,0.09207,0.04524,0.64,0.01,0.57274,-0.53278,-0.17719,0.42411,1.31910,-0.00000,0.16739,-0.53266,-0.17802,0.41855,1.33040,0.00000,-0.17000,27,0.19460,0.08438,0.04591,0.19640,0.09380,0,0.96982,0.00108,-0.01857,0.24313,virtual,0,219.72,284.21,219.72,284.21,219.72,284.21,219.72,284.21,219.72,284.21,219.72,284.21,219.72,284.21,219.72,284.21,219.72,284.21,219.72,284.21,219.72,284.21,219.72,284.21,219.72,284.21,219.72,284.21,219.72,284.21,219.72,284.21,219.72,284.21,219.72,284.21,219.72,284.21,219.72,284.21,219.72,284.21,0.00000,0.00000,0.00000,0.00000,0.00000,0.00000,0.00000,0.00000,0.00000,0.00000,0.00000,0.00000,0.00000,0.00000,0.00000,0.00000,0.00000,0.00000,0.00000,0.00000,0.00000,0.00000,0.00000,0.00000,0.00000,0.00000,0.00000,0.00000,0.00000,0.00000,0.00000,0.00000,0.00000,0.00000,0.00000,0.00000,0.00000,0.00000,0.00000,0.00000,0.00000,0.00000,0.00000,0.00000,0.00000,0.00000,0.00000,0.00000,0.00000,0.00000,0.00000,0.00000,0.00000,0.00000,0.00000,0.00000,0.00000,0.00000,0.00000,0.00000,0.00000,0.00000,0.00000,0.00000,0.00000,0.00000,0.00000,0.00000,0.00000,0.00000,0.00000,0.00000,0.00000,0.00000,0.00000,0.00000,0.00000,0.00000,0.00000,0.00000,0.00000,0.00000,0.00000,0.00000
5.0000,1,1,0.00,0.00,33.33,-0.10363,0.04574,0.57327,0.57355,0.57355,0.4500,0,1,0.19650,0.09225,0.04143,0.19558,0.09165,0.04056,0.65,0.01,0.57355,-0.53450,-0.16842,0.44964,1.29323,0.00000,0.16739,-0.53464,-0.16989,0.44083,1.30000,0.00000,-0.17000,27,0.19324,0.08391,0.04126,0.19640,0.09380,0,0.96971,-0.00012,-0.01446,0.24385,virtual,0,219.52,288.15,219.52,288.15,219.52,288.15,219.52,288.15,219.52,288.15,219.52,288.15,219.52,288.15,219.52,288.15,219.52,288.15,219.52,288.15,219.52,288.15,219.52,288.15,219.52,288.15,219.52,288.15,219.52,288.15,219.52,288.15,219.52,288.15,219.52,288.15,219.52,288.15,219.52,288.15,219.52,288.15,0.00000,0.00000,0.00000,0.00000,0.00000,0.00000,0.00000,0.00000,0.00000,0.00000,0.00000,0.00000,0.00000,0.00000,0.00000,0.00000,0.00000,0.00000,0.00000,0.00000,0.00000,0.00000,0.00000,0.00000,0.00000,0.00000,0.00000,0.00000,0.00000,0.00000,0.00000,0.00000,0.00000,0.00000,0.00000,0.00000,0.00000,0.00000,0.00000,0.00000,0.00000,0.00000,0.00000,0.00000,0.00000,0.00000,0.00000,0.00000,0.00000,0.00000,0.00000,0.00000,0.00000,0.00000,0.00000,0.00000,0.00000,0.00000,0.00000,0.00000,0.00000,0.00000,0.00000,0.00000,0.00000,0.00000,0.00000,0.00000,0.00000,0.00000,0.00000,0.00000,0.00000,0.00000,0.00000,0.00000,0.00000,0.00000,0.00000,0.00000,0.00000,0.00000,0.00000,0.00000
5.0333,1,1,0.00,0.00,33.33,-0.10405,0.04986,0.57369,0.57412,0.57412,0.4500,0,1,0.19629,0.09267,0.03731,0.19526,0.09210,0.03605,0.68,0.01,0.57412,-0.53752,-0.15573,0.47041,1.26204,0.00000,0.16737,-0.53717,-0.16092,0.46259,1.26927,0.00000,-0.17000,27,0.19295,0.08433,0.03681,0.19640,0.09380,0,0.96939,-0.00040,-0.01338,0.24517,virtual,0,219.14,292.12,219.14,292.12,219.14,292.12,219.14,292.12,219.14,292.12,219.14,292.12,219.14,292.12,219.14,292.12,219.14,292.12,219.14,292.12,219.14,292.12,219.14,292.12,219.14,292.12,219.14,292.12,219.14,292.12,219.14,292.12,219.14,292.12,219.14,292.12,219.14,292.12,219.14,292.12,219.14,292.12,0.00000,0.00000,0.00000,0.00000,0.00000,0.00000,0.00000,0.00000,0.00000,0.00000,0.00000,0.00000,0.00000,0.00000,0.00000,0.00000,0.00000,0.00000,0.00000,0.00000,0.00000,0.00000,0.00000,0.00000,0.00000,0.00000,0.00000,0.00000,0.00000,0.00000,0.00000,0.00000,0.00000,0.00000,0.00000,0.00000,0.00000,0.00000,0.00000,0.00000,0.00000,0.00000,0.00000,0.00000,0.00000,0.00000,0.00000,0.00000,0.00000,0.00000,0.00000,0.00000,0.00000,0.00000,0.00000,0.00000,0.00000,0.00000,0.00000,0.00000,0.00000,0.00000,0.00000,0.00000,0.00000,0.00000,0.00000,0.00000,0.00000,0.00000,0.00000,0.00000,0.00000,0.00000,0.00000,0.00000,0.00000,0.00000,0.00000,0.00000,0.00000,0.00000,0.00000,0.00000
5.0667,1,1,0.00,0.00,33.33,-0.10419,0.05383,0.57235,0.57100,0.57100,0.4500,0,1,0.19696,0.09281,0.03334,0.19698,0.09291,0.03359,0.73,0.01,0.57100,-0.53652,-0.14379,0.47716,1.23560,0.00000,0.16737,-0.53616,-0.14638,0.47718,1.24009,0.00000,-0.17000,27,0.19465,0.08522,0.03434,0.19640,0.09380,0,0.96944,0.00073,-0.01713,0.24474,virtual,0,218.74,296.11,218.74,296.11,218.74,296.11,218.74,296.11,218.74,296.11,218.74,296.11,218.74,296.11,218.74,296.11,218.74,296.11,218.74,296.11,218.74,296.11,218.74,296.11,218.74,296.11,218.74,296.11,218.74,296.11,218.74,296.11,218.74,296.11,218.74,296.11,218.74,296.11,218.74,296.11,218.74,296.11,0.00000,0.00000,0.00000,0.00000,0.00000,0.00000,0.00000,0.00000,0.00000,0.00000,0.00000,0.00000,0.00000,0.00000,0.00000,0.00000,0.00000,0.00000,0.00000,0.00000,0.00000,0.00000,0.00000,0.00000,0.00000,0.00000,0.00000,0.00000,0.00000,0.00000,0.00000,0.00000,0.00000,0.00000,0.00000,0.00000,0.00000,0.00000,0.00000,0.00000,0.00000,0.00000,0.00000,0.00000,0.00000,0.00000,0.00000,0.00000,0.00000,0.00000,0.00000,0.00000,0.00000,0.00000,0.00000,0.00000,0.00000,0.00000,0.00000,0.00000,0.00000,0.00000,0.00000,0.00000,0.00000,0.00000,0.00000,0.00000,0.00000,0.00000,0.00000,0.00000,0.00000,0.00000,0.00000,0.00000,0.00000,0.00000,0.00000,0.00000,0.00000,0.00000,0.00000,0.00000
5.1000,1,1,0.00,0.00,33.33,-0.11144,0.06206,0.61057,0.64879,0.64879,0.4500,0,1,0.17785,0.10006,0.02512,0.19417,0.10093,0.03569,0.18,0.00,0.64879,-0.58149,-0.19908,0.52610,1.19176,-0.00000,0.16736,-0.62869,-0.22035,0.62374,1.16737,0.00000,-0.17000,27,0.19214,0.09326,0.03610,0.19640,0.09380,0,0.96291,0.00894,-0.04162,0.26643,virtual,0,218.60,300.04,218.60,300.04,218.60,300.04,218.60,300.04,218.60,300.04,218.60,300.04,218.60,300.04,218.60,300.04,218.60,300.04,218.60,300.04,218.60,300.04,218.60,300.04,218.60,300.04,218.60,300.04,218.60,300.04,218.60,300.04,218.60,300.04,218.60,300.04,218.60,300.04,218.60,300.04,218.60,300.04,0.00000,0.00000,0.00000,0.00000,0.00000,0.00000,0.00000,0.00000,0.00000,0.00000,0.00000,0.00000,0.00000,0.00000,0.00000,0.00000,0.00000,0.00000,0.00000,0.00000,0.00000,0.00000,0.00000,0.00000,0.00000,0.00000,0.00000,0.00000,0.00000,0.00000,0.00000,0.00000,0.00000,0.00000,0.00000,0.00000,0.00000,0.00000,0.00000,0.00000,0.00000,0.00000,0.00000,0.00000,0.00000,0.00000,0.00000,0.00000,0.00000,0.00000,0.00000,0.00000,0.00000,0.00000,0.00000,0.00000,0.00000,0.00000,0.00000,0.00000,0.00000,0.00000,0.00000,0.00000,0.00000,0.00000,0.00000,0.00000,0.00000,0.00000,0.00000,0.00000,0.00000,0.00000,0.00000,0.00000,0.00000,0.00000,0.00000,0.00000,0.00000,0.00000,0.00000,0.00000
5.1333,1,1,0.00,0.00,33.33,-0.11386,0.06545,0.62309,0.63561,0.63561,0.4500,0,1,0.17159,0.10248,0.02172,0.18417,0.11228,0.03291,0.62,0.02,0.63561,-0.66310,-0.26185,0.61919,1.11765,-0.00000,0.16736,-0.65988,-0.24010,0.66960,1.14160,0.00000,-0.17000,27,0.18265,0.10450,0.03294,0.19640,0.09380,0,0.95015,0.01789,-0.06129,0.30517,virtual,0,218.60,300.04,218.60,300.04,218.60,300.04,218.60,300.04,218.60,300.04,218.60,300.04,218.60,300.04,218.60,300.04,218.60,300.04,218.60,300.04,218.60,300.04,218.60,300.04,218.60,300.04,218.60,300.04,218.60,300.04,218.60,300.04,218.60,300.04,218.60,300.04,218.60,300.04,218.60,300.04,218.60,300.04,0.00000,0.00000,0.00000,0.00000,0.00000,0.00000,0.00000,0.00000,0.00000,0.00000,0.00000,0.00000,0.00000,0.00000,0.00000,0.00000,0.00000,0.00000,0.00000,0.00000,0.00000,0.00000,0.00000,0.00000,0.00000,0.00000,0.00000,0.00000,0.00000,0.00000,0.00000,0.00000,0.00000,0.00000,0.00000,0.00000,0.00000,0.00000,0.00000,0.00000,0.00000,0.00000,0.00000,0.00000,0.00000,0.00000,0.00000,0.00000,0.00000,0.00000,0.00000,0.00000,0.00000,0.00000,0.00000,0.00000,0.00000,0.00000,0.00000,0.00000,0.00000,0.00000,0.00000,0.00000,0.00000,0.00000,0.00000,0.00000,0.00000,0.00000,0.00000,0.00000,0.00000,0.00000,0.00000,0.00000,0.00000,0.00000,0.00000,0.00000,0.00000,0.00000,0.00000,0.00000
5.1667,1,1,0.00,0.00,33.33,-0.11720,0.06841,0.64096,0.65883,0.65883,0.4500,0,1,0.16265,0.10582,0.01876,0.15506,0.10719,0.01603,0.95,0.02,0.65883,-0.75118,-0.26786,0.74288,1.11974,0.00000,0.16738,-0.70743,-0.27048,0.72477,1.11687,0.00000,-0.17000,27,0.15435,0.09959,0.01643,0.19640,0.09380,0,0.93780,-0.00238,-0.00482,0.34713,virtual,0,218.60,300.04,218.60,300.04,218.60,300.04,218.60,300.04,218.60,300.04,218.60,300.04,218.60,300.04,218.60,300.04,218.60,300.04,218.60,300.04,218.60,300.04,218.60,300.04,218.60,300.04,218.60,300.04,218.60,300.04,218.60,300.04,218.60,300.04,218.60,300.04,218.60,300.04,218.60,300.04,218.60,300.04,0.00000,0.00000,0.00000,0.00000,0.00000,0.00000,0.00000,0.00000,0.00000,0.00000,0.00000,0.00000,0.00000,0.00000,0.00000,0.00000,0.00000,0.00000,0.00000,0.00000,0.00000,0.00000,0.00000,0.00000,0.00000,0.00000,0.00000,0.00000,0.00000,0.00000,0.00000,0.00000,0.00000,0.00000,0.00000,0.00000,0.00000,0.00000,0.00000,0.00000,0.00000,0.00000,0.00000,0.00000,0.00000,0.00000,0.00000,0.00000,0.00000,0.00000,0.00000,0.00000,0.00000,0.00000,0.00000,0.00000,0.00000,0.00000,0.00000,0.00000,0.00000,0.00000,0.00000,0.00000,0.00000,0.00000,0.00000,0.00000,0.00000,0.00000,0.00000,0.00000,0.00000,0.00000,0.00000,0.00000,0.00000,0.00000,0.00000,0.00000,0.00000,0.00000,0.00000,0.00000
5.2000,1,1,0.00,0.00,33.33,-0.11536,0.06828,0.63026,0.61957,0.61957,0.4500,0,1,0.16800,0.10398,0.01890,0.15257,0.10485,0.01296,0.44,0.01,0.61957,-0.75109,-0.24540,0.74447,1.12464,0.00018,0.16589,-0.68535,-0.24781,0.69998,1.11846,0.00000,-0.17000,27,0.15166,0.09701,0.01380,0.19640,0.09380,0,0.93778,-0.00706,0.00822,0.34707,virtual,0,218.44,300.96,218.44,300.96,218.44,300.96,218.44,300.96,218.44,300.96,218.44,300.96,218.44,300.96,218.44,300.96,218.44,300.96,218.44,300.96,218.44,300.96,218.44,300.96,218.44,300.96,218.44,300.96,218.44,300.96,218.44,300.96,218.44,300.96,218.44,300.96,218.44,300.96,218.44,300.96,218.44,300.96,0.00000,0.00000,0.00000,0.00000,0.00000,0.00000,0.00000,0.00000,0.00000,0.00000,0.00000,0.00000,0.00000,0.00000,0.00000,0.00000,0.00000,0.00000,0.00000,0.00000,0.00000,0.00000,0.00000,0.00000,0.00000,0.00000,0.00000,0.00000,0.00000,0.00000,0.00000,0.00000,0.00000,0.00000,0.00000,0.00000,0.00000,0.00000,0.00000,0.00000,0.00000,0.00000,0.00000,0.00000,0.00000,0.00000,0.00000,0.00000,0.00000,0.00000,0.00000,0.00000,0.00000,0.00000,0.00000,0.00000,0.00000,0.00000,0.00000,0.00000,0.00000,0.00000,0.00000,0.00000,0.00000,0.00000,0.00000,0.00000,0.00000,0.00000,0.00000,0.00000,0.00000,0.00000,0.00000,0.00000,0.00000,0.00000,0.00000,0.00000,0.00000,0.00000,0.00000,0.00000
5.2333,1,1,0.00,0.00,33.33,-0.11451,0.06825,0.62529,0.62032,0.62032,0.4500,0,1,0.17049,0.10314,0.01892,0.15890,0.10598,0.01582,0.29,0.01,0.62032,-0.72927,-0.23115,0.70727,1.13217,0.00010,0.16404,-0.67150,-0.23443,0.68681,1.11832,0.00000,-0.17000,27,0.15786,0.09819,0.01659,0.19640,0.09380,0,0.94151,-0.00285,0.00123,0.33698,virtual,0,218.44,300.96,218.44,300.96,218.44,300.96,218.44,300.96,218.44,300.96,218.44,300.96,218.44,300.96,218.44,300.96,218.44,300.96,218.44,300.96,218.44,300.96,218.44,300.96,218.44,300.96,218.44,300.96,218.44,300.96,218.44,300.96,218.44,300.96,218.44,300.96,218.44,300.96,218.44,300.96,218.44,300.96,0.00000,0.00000,0.00000,0.00000,0.00000,0.00000,0.00000,0.00000,0.00000,0.00000,0.00000,0.00000,0.00000,0.00000,0.00000,0.00000,0.00000,0.00000,0.00000,0.00000,0.00000,0.00000,0.00000,0.00000,0.00000,0.00000,0.00000,0.00000,0.00000,0.00000,0.00000,0.00000,0.00000,0.00000,0.00000,0.00000,0.00000,0.00000,0.00000,0.00000,0.00000,0.00000,0.00000,0.00000,0.00000,0.00000,0.00000,0.00000,0.00000,0.00000,0.00000,0.00000,0.00000,0.00000,0.00000,0.00000,0.00000,0.00000,0.00000,0.00000,0.00000,0.00000,0.00000,0.00000,0.00000,0.00000,0.00000,0.00000,0.00000,0.00000,0.00000,0.00000,0.00000,0.00000,0.00000,0.00000,0.00000,0.00000,0.00000,0.00000,0.00000,0.00000,0.00000,0.00000
5.2667,1,1,0.00,0.00,33.33,-0.11458,0.06901,0.62500,0.62471,0.62471,0.4500,0,1,0.17063,0.10320,0.01816,0.17394,0.10331,0.02079,0.99,0.01,0.62471,-0.65856,-0.23439,0.67452,1.11587,-0.00003,0.16693,-0.67150,-0.23443,0.68681,1.11832,0.00000,-0.17000,27,0.17229,0.09555,0.02096,0.19640,0.09380,0,0.95271,0.00596,-0.02239,0.30298,virtual,0,218.28,301.90,218.28,301.90,218.28,301.90,218.28,301.90,218.28,301.90,218.28,301.90,218.28,301.90,218.28,301.90,218.28,301.90,218.28,301.90,218.28,301.90,218.28,301.90,218.28,301.90,218.28,301.90,218.28,301.90,218.28,301.90,218.28,301.90,218.28,301.90,218.28,301.90,218.28,301.90,218.28,301.90,0.00000,0.00000,0.00000,0.00000,0.00000,0.00000,0.00000,0.00000,0.00000,0.00000,0.00000,0.00000,0.00000,0.00000,0.00000,0.00000,0.00000,0.00000,0.00000,0.00000,0.00000,0.00000,0.00000,0.00000,0.00000,0.00000,0.00000,0.00000,0.00000,0.00000,0.00000,0.00000,0.00000,0.00000,0.00000,0.00000,0.00000,0.00000,0.00000,0.00000,0.00000,0.00000,0.00000,0.00000,0.00000,0.00000,0.00000,0.00000,0.00000,0.00000,0.00000,0.00000,0.00000,0.00000,0.00000,0.00000,0.00000,0.00000,0.00000,0.00000,0.00000,0.00000,0.00000,0.00000,0.00000,0.00000,0.00000,0.00000,0.00000,0.00000,0.00000,0.00000,0.00000,0.00000,0.00000,0.00000,0.00000,0.00000,0.00000,0.00000,0.00000,0.00000,0.00000,0.00000
5.3000,1,1,0.00,0.00,33.33,-0.11319,0.06957,0.61769,0.61038,0.61038,0.4500,0,1,0.17429,0.10181,0.01761,0.17400,0.09937,0.01624,0.58,0.01,0.61038,-0.63981,-0.20077,0.67426,1.11009,-0.00001,0.16743,-0.65179,-0.21298,0.67371,1.10997,0.00000,-0.17000,27,0.17212,0.09178,0.01659,0.19640,0.09380,0,0.95561,0.00102,-0.00909,0.29451,virtual,0,218.49,303.68,218.49,303.68,218.49,303.68,218.49,303.68,218.49,303.68,218.49,303.68,218.49,303.68,218.49,303.68,218.49,303.68,218.49,303.68,218.49,303.68,218.49,303.68,218.49,303.68,218.49,303.68,218.49,303.68,218.49,303.68,218.49,303.68,218.49,303.68,218.49,303.68,218.49,303.68,218.49,303.68,0.00000,0.00000,0.00000,0.00000,0.00000,0.00000,0.00000,0.00000,0.00000,0.00000,0.00000,0.00000,0.00000,0.00000,0.00000,0.00000,0.00000,0.00000,0.00000,0.00000,0.00000,0.00000,0.00000,0.00000,0.00000,0.00000,0.00000,0.00000,0.00000,0.00000,0.00000,0.00000,0.00000,0.00000,0.00000,0.00000,0.00000,0.00000,0.00000,0.00000,0.00000,0.00000,0.00000,0.00000,0.00000,0.00000,0.00000,0.00000,0.00000,0.00000,0.00000,0.00000,0.00000,0.00000,0.00000,0.00000,0.00000,0.00000,0.00000,0.00000,0.00000,0.00000,0.00000,0.00000,0.00000,0.00000,0.00000,0.00000,0.00000,0.00000,0.00000,0.00000,0.00000,0.00000,0.00000,0.00000,0.00000,0.00000,0.00000,0.00000,0.00000,0.00000,0.00000,0.00000
5.3333,1,1,0.00,0.00,33.33,-0.11335,0.07086,0.61726,0.61684,0.61684,0.4500,0,1,0.17450,0.10197,0.01631,0.17451,0.10260,0.01675,0.36,0.00,0.61684,-0.65326,-0.20425,0.67524,1.09626,0.00000,0.16741,-0.65042,-0.20397,0.67565,1.09913,0.00000,-0.17000,27,0.17285,0.09505,0.01705,0.19640,0.09380,0,0.95354,0.00395,-0.01701,0.30075,virtual,0,218.01,304.83,218.01,304.83,218.01,304.83,218.01,304.83,218.01,304.83,218.01,304.83,218.01,304.83,218.01,304.83,218.01,304.83,218.01,304.83,218.01,304.83,218.01,304.83,218.01,304.83,218.01,304.83,218.01,304.83,218.01,304.83,218.01,304.83,218.01,304.83,218.01,304.83,218.01,304.83,218.01,304.83,0.00000,0.00000,0.00000,0.00000,0.00000,0.00000,0.00000,0.00000,0.00000,0.00000,0.00000,0.00000,0.00000,0.00000,0.00000,0.00000,0.00000,0.00000,0.00000,0.00000,0.00000,0.00000,0.00000,0.00000,0.00000,0.00000,0.00000,0.00000,0.00000,0.00000,0.00000,0.00000,0.00000,0.00000,0.00000,0.00000,0.00000,0.00000,0.00000,0.00000,0.00000,0.00000,0.00000,0.00000,0.00000,0.00000,0.00000,0.00000,0.00000,0.00000,0.00000,0.00000,0.00000,0.00000,0.00000,0.00000,0.00000,0.00000,0.00000,0.00000,0.00000,0.00000,0.00000,0.00000,0.00000,0.00000,0.00000,0.00000,0.00000,0.00000,0.00000,0.00000,0.00000,0.00000,0.00000,0.00000,0.00000,0.00000,0.00000,0.00000,0.00000,0.00000,0.00000,0.00000
5.3667,1,1,0.00,0.00,33.33,-0.11099,0.07066,0.60417,0.59108,0.59108,0.4500,0,1,0.18105,0.09961,0.01651,0.18192,0.09837,0.01584,0.60,0.01,0.59108,-0.60794,-0.16014,0.63512,1.10071,0.00000,0.16730,-0.61862,-0.17388,0.64250,1.10195,0.00000,-0.17000,27,0.17988,0.09088,0.01610,0.19640,0.09380,0,0.96022,0.00226,-0.01323,0.27893,virtual,0,218.14,306.07,218.14,306.07,218.14,306.07,218.14,306.07,218.14,306.07,218.14,306.07,218.14,306.07,218.14,306.07,218.14,306.07,218.14,306.07,218.14,306.07,218.14,306.07,218.14,306.07,218.14,306.07,218.14,306.07,218.14,306.07,218.14,306.07,218.14,306.07,218.14,306.07,218.14,306.07,218.14,306.07,0.00000,0.00000,0.00000,0.00000,0.00000,0.00000,0.00000,0.00000,0.00000,0.00000,0.00000,0.00000,0.00000,0.00000,0.00000,0.00000,0.00000,0.00000,0.00000,0.00000,0.00000,0.00000,0.00000,0.00000,0.00000,0.00000,0.00000,0.00000,0.00000,0.00000,0.00000,0.00000,0.00000,0.00000,0.00000,0.00000,0.00000,0.00000,0.00000,0.00000,0.00000,0.00000,0.00000,0.00000,0.00000,0.00000,0.00000,0.00000,0.00000,0.00000,0.00000,0.00000,0.00000,0.00000,0.00000,0.00000,0.00000,0.00000,0.00000,0.00000,0.00000,0.00000,0.00000,0.00000,0.00000,0.00000,0.00000,0.00000,0.00000,0.00000,0.00000,0.00000,0.00000,0.00000,0.00000,0.00000,0.00000,0.00000,0.00000,0.00000,0.00000,0.00000,0.00000,0.00000
5.4000,1,1,0.00,0.00,33.33,-0.10926,0.07077,0.59405,0.58392,0.58392,0.4500,0,1,0.18611,0.09788,0.01640,0.18635,0.09726,0.01616,0.54,0.01,0.58392,-0.58846,-0.13929,0.61003,1.10238,-0.00000,0.16729,-0.59366,-0.14628,0.61360,1.10329,0.00000,-0.17000,27,0.18407,0.09001,0.01643,0.19640,0.09380,0,0.96274,0.00272,-0.01501,0.27002,virtual,0,217.93,307.28,217.93,307.28,217.93,307.28,217.93,307.28,217.93,307.28,217.93,307.28,217.93,307.28,217.93,307.28,217.93,307.28,217.93,307.28,217.93,307.28,217.93,307.28,217.93,307.28,217.93,307.28,217.93,307.28,217.93,307.28,217.93,307.28,217.93,307.28,217.93,307.28,217.93,307.28,217.93,307.28,0.00000,0.00000,0.00000,0.00000,0.00000,0.00000,0.00000,0.00000,0.00000,0.00000,0.00000,0.00000,0.00000,0.00000,0.00000,0.00000,0.00000,0.00000,0.00000,0.00000,0.00000,0.00000,0.00000,0.00000,0.00000,0.00000,0.00000,0.00000,0.00000,0.00000,0.00000,0.00000,0.00000,0.00000,0.00000,0.00000,0.00000,0.00000,0.00000,0.00000,0.00000,0.00000,0.00000,0.00000,0.00000,0.00000,0.00000,0.00000,0.00000,0.00000,0.00000,0.00000,0.00000,0.00000,0.00000,0.00000,0.00000,0.00000,0.00000,0.00000,0.00000,0.00000,0.00000,0.00000,0.00000,0.00000,0.00000,0.00000,0.00000,0.00000,0.00000,0.00000,0.00000,0.00000,0.00000,0.00000,0.00000,0.00000,0.00000,0.00000,0.00000,0.00000,0.00000,0.00000
5.4333,1,1,0.00,0.00,33.33,-0.10784,0.07119,0.58565,0.57726,0.57726,0.4500,0,1,0.19031,0.09646,0.01598,0.18988,0.09570,0.01542,0.49,0.01,0.57726,-0.57022,-0.11478,0.58854,1.10269,0.00000,0.16729,-0.57373,-0.12175,0.58989,1.10249,0.00000,-0.17000,27,0.18757,0.08846,0.01568,0.19640,0.09380,0,0.96527,0.00207,-0.01341,0.26091,virtual,0,217.83,308.76,217.83,308.76,217.83,308.76,217.83,308.76,217.83,308.76,217.83,308.76,217.83,308.76,217.83,308.76,217.83,308.76,217.83,308.76,217.83,308.76,217.83,308.76,217.83,308.76,217.83,308.76,217.83,308.76,217.83,308.76,217.83,308.76,217.83,308.76,217.83,308.76,217.83,308.76,217.83,308.76,0.00000,0.00000,0.00000,0.00000,0.00000,0.00000,0.00000,0.00000,0.00000,0.00000,0.00000,0.00000,0.00000,0.00000,0.00000,0.00000,0.00000,0.00000,0.00000,0.00000,0.00000,0.00000,0.00000,0.00000,0.00000,0.00000,0.00000,0.00000,0.00000,0.00000,0.00000,0.00000,0.00000,0.00000,0.00000,0.00000,0.00000,0.00000,0.00000,0.00000,0.00000,0.00000,0.00000,0.00000,0.00000,0.00000,0.00000,0.00000,0.00000,0.00000,0.00000,0.00000,0.00000,0.00000,0.00000,0.00000,0.00000,0.00000,0.00000,0.00000,0.00000,0.00000,0.00000,0.00000,0.00000,0.00000,0.00000,0.00000,0.00000,0.00000,0.00000,0.00000,0.00000,0.00000,0.00000,0.00000,0.00000,0.00000,0.00000,0.00000,0.00000,0.00000,0.00000,0.00000
5.4667,1,1,0.00,0.00,33.33,-0.10614,0.07131,0.57523,0.56481,0.56481,0.4500,0,1,0.19552,0.09476,0.01586,0.19691,0.09388,0.01545,0.52,0.01,0.56481,-0.54128,-0.07803,0.54681,1.10430,0.00000,0.16730,-0.55058,-0.09278,0.55820,1.10515,0.00000,-0.17000,27,0.19426,0.08674,0.01559,0.19640,0.09380,0,0.96891,0.00232,-0.01486,0.24697,virtual,0,217.50,310.09,217.50,310.09,217.50,310.09,217.50,310.09,217.50,310.09,217.50,310.09,217.50,310.09,217.50,310.09,217.50,310.09,217.50,310.09,217.50,310.09,217.50,310.09,217.50,310.09,217.50,310.09,217.50,310.09,217.50,310.09,217.50,310.09,217.50,310.09,217.50,310.09,217.50,310.09,217.50,310.09,0.00000,0.00000,0.00000,0.00000,0.00000,0.00000,0.00000,0.00000,0.00000,0.00000,0.00000,0.00000,0.00000,0.00000,0.00000,0.00000,0.00000,0.00000,0.00000,0.00000,0.00000,0.00000,0.00000,0.00000,0.00000,0.00000,0.00000,0.00000,0.00000,0.00000,0.00000,0.00000,0.00000,0.00000,0.00000,0.00000,0.00000,0.00000,0.00000,0.00000,0.00000,0.00000,0.00000,0.00000,0.00000,0.00000,0.00000,0.00000,0.00000,0.00000,0.00000,0.00000,0.00000,0.00000,0.00000,0.00000,0.00000,0.00000,0.00000,0.00000,0.00000,0.00000,0.00000,0.00000,0.00000,0.00000,0.00000,0.00000,0.00000,0.00000,0.00000,0.00000,0.00000,0.00000,0.00000,0.00000,0.00000,0.00000,0.00000,0.00000,0.00000,0.00000,0.00000,0.00000
5.5000,1,1,0.00,0.00,33.33,-0.10624,0.07202,0.57516,0.57508,0.57508,0.4500,0,1,0.19556,0.09487,0.01515,0.19517,0.09470,0.01517,0.20,0.00,0.57508,-0.55001,-0.08565,0.55783,1.10091,-0.00000,0.16734,-0.54973,-0.08660,0.55794,1.09945,0.00000,-0.17000,27,0.19274,0.08755,0.01532,0.19640,0.09380,0,0.96790,0.00258,-0.01455,0.25089,virtual,0,217.50,310.09,217.50,310.09,217.50,310.09,217.50,310.09,217.50,310.09,217.50,310.09,217.50,310.09,217.50,310.09,217.50,310.09,217.50,310.09,217.50,310.09,217.50,310.09,217.50,310.09,217.50,310.09,217.50,310.09,217.50,310.09,217.50,310.09,217.50,310.09,217.50,310.09,217.50,310.09,217.50,310.09,0.00000,0.00000,0.00000,0.00000,0.00000,0.00000,0.00000,0.00000,0.00000,0.00000,0.00000,0.00000,0.00000,0.00000,0.00000,0.00000,0.00000,0.00000,0.00000,0.00000,0.00000,0.00000,0.00000,0.00000,0.00000,0.00000,0.00000,0.00000,0.00000,0.00000,0.00000,0.00000,0.00000,0.00000,0.00000,0.00000,0.00000,0.00000,0.00000,0.00000,0.00000,0.00000,0.00000,0.00000,0.00000,0.00000,0.00000,0.00000,0.00000,0.00000,0.00000,0.00000,0.00000,0.00000,0.00000,0.00000,0.00000,0.00000,0.00000,0.00000,0.00000,0.00000,0.00000,0.00000,0.00000,0.00000,0.00000,0.00000,0.00000,0.00000,0.00000,0.00000,0.00000,0.00000,0.00000,0.00000,0.00000,0.00000,0.00000,0.00000,0.00000,0.00000,0.00000,0.00000
5.5333,1,1,0.00,0.00,33.33,-0.10641,0.07245,0.57574,0.57633,0.57633,0.4500,0,1,0.19526,0.09503,0.01472,0.19540,0.09483,0.01528,0.66,0.00,0.57633,-0.54996,-0.08673,0.55839,1.09919,0.00000,0.16727,-0.54973,-0.08660,0.55794,1.09945,0.00000,-0.17000,27,0.19283,0.08776,0.01542,0.19640,0.09380,0,0.96782,0.00276,-0.01574,0.25115,virtual,0,217.50,310.09,217.50,310.09,217.50,310.09,217.50,310.09,217.50,310.09,217.50,310.09,217.50,310.09,217.50,310.09,217.50,310.09,217.50,310.09,217.50,310.09,217.50,310.09,217.50,310.09,217.50,310.09,217.50,310.09,217.50,310.09,217.50,310.09,217.50,310.09,217.50,310.09,217.50,310.09,217.50,310.09,0.00000,0.00000,0.00000,0.00000,0.00000,0.00000,0.00000,0.00000,0.00000,0.00000,0.00000,0.00000,0.00000,0.00000,0.00000,0.00000,0.00000,0.00000,0.00000,0.00000,0.00000,0.00000,0.00000,0.00000,0.00000,0.00000,0.00000,0.00000,0.00000,0.00000,0.00000,0.00000,0.00000,0.00000,0.00000,0.00000,0.00000,0.00000,0.00000,0.00000,0.00000,0.00000,0.00000,0.00000,0.00000,0.00000,0.00000,0.00000,0.00000,0.00000,0.00000,0.00000,0.00000,0.00000,0.00000,0.00000,0.00000,0.00000,0.00000,0.00000,0.00000,0.00000,0.00000,0.00000,0.00000,0.00000,0.00000,0.00000,0.00000,0.00000,0.00000,0.00000,0.00000,0.00000,0.00000,0.00000,0.00000,0.00000,0.00000,0.00000,0.00000,0.00000,0.00000,0.00000
5.5667,1,1,0.00,0.00,33.33,-0.10615,0.07243,0.57415,0.57256,0.57256,0.5917,0,1,0.19606,0.09477,0.01474,0.19537,0.09475,0.01521,0.84,0.00,0.57256,-0.54968,-0.08620,0.55828,1.09942,0.00000,0.16729,-0.54973,-0.08660,0.55794,1.09945,0.00000,-0.17000,27,0.19283,0.08767,0.01536,0.19640,0.09380,0,0.96790,0.00280,-0.01558,0.25085,virtual,0,217.50,310.09,217.50,310.09,217.50,310.09,217.50,310.09,217.50,310.09,217.50,310.09,217.50,310.09,217.50,310.09,217.50,310.09,217.50,310.09,217.50,310.09,217.50,310.09,217.50,310.09,217.50,310.09,217.50,310.09,217.50,310.09,217.50,310.09,217.50,310.09,217.50,310.09,217.50,310.09,217.50,310.09,0.00000,0.00000,0.00000,0.00000,0.00000,0.00000,0.00000,0.00000,0.00000,0.00000,0.00000,0.00000,0.00000,0.00000,0.00000,0.00000,0.00000,0.00000,0.00000,0.00000,0.00000,0.00000,0.00000,0.00000,0.00000,0.00000,0.00000,0.00000,0.00000,0.00000,0.00000,0.00000,0.00000,0.00000,0.00000,0.00000,0.00000,0.00000,0.00000,0.00000,0.00000,0.00000,0.00000,0.00000,0.00000,0.00000,0.00000,0.00000,0.00000,0.00000,0.00000,0.00000,0.00000,0.00000,0.00000,0.00000,0.00000,0.00000,0.00000,0.00000,0.00000,0.00000,0.00000,0.00000,0.00000,0.00000,0.00000,0.00000,0.00000,0.00000,0.00000,0.00000,0.00000,0.00000,0.00000,0.00000,0.00000,0.00000,0.00000,0.00000,0.00000,0.00000,0.00000,0.00000
5.6000,1,1,0.00,0.00,33.33,-0.10513,0.07181,0.56858,0.56301,0.56301,0.7333,0,1,0.19885,0.09375,0.01536,0.19893,0.09340,0.01517,0.28,0.01,0.56301,-0.53342,-0.06551,0.53455,1.10349,-0.00002,0.16642,-0.53611,-0.06979,0.53698,1.10346,0.00000,-0.17000,27,0.19612,0.08640,0.01523,0.19640,0.09380,0,0.96994,0.00287,-0.01411,0.24290,virtual,0,217.50,310.09,217.50,310.09,217.50,310.09,217.50,310.09,217.50,310.09,217.50,310.09,217.50,310.09,217.50,310.09,217.50,310.09,217.50,310.09,217.50,310.09,217.50,310.09,217.50,310.09,217.50,310.09,217.50,310.09,217.50,310.09,217.50,310.09,217.50,310.09,217.50,310.09,217.50,310.09,217.50,310.09,0.00000,0.00000,0.00000,0.00000,0.00000,0.00000,0.00000,0.00000,0.00000,0.00000,0.00000,0.00000,0.00000,0.00000,0.00000,0.00000,0.00000,0.00000,0.00000,0.00000,0.00000,0.00000,0.00000,0.00000,0.00000,0.00000,0.00000,0.00000,0.00000,0.00000,0.00000,0.00000,0.00000,0.00000,0.00000,0.00000,0.00000,0.00000,0.00000,0.00000,0.00000,0.00000,0.00000,0.00000,0.00000,0.00000,0.00000,0.00000,0.00000,0.00000,0.00000,0.00000,0.00000,0.00000,0.00000,0.00000,0.00000,0.00000,0.00000,0.00000,0.00000,0.00000,0.00000,0.00000,0.00000,0.00000,0.00000,0.00000,0.00000,0.00000,0.00000,0.00000,0.00000,0.00000,0.00000,0.00000,0.00000,0.00000,0.00000,0.00000,0.00000,0.00000,0.00000,0.00000
5.6333,1,1,0.00,0.00,33.33,-0.10494,0.07172,0.56751,0.56645,0.56645,0.8750,0,1,0.19885,0.09375,0.01536,0.19837,0.09378,0.01536,0.28,0.01,0.56645,-0.53673,-0.06887,0.53699,1.10421,-0.00001,0.16695,-0.53611,-0.06979,0.53698,1.10346,0.00000,-0.17000,27,0.19569,0.08681,0.01529,0.19640,0.09380,0,0.96958,0.00259,-0.01343,0.24439,virtual,1,217.50,310.09,217.50,310.09,217.50,310.09,217.50,310.09,217.50,310.09,217.50,310.09,217.50,310.09,217.50,310.09,217.50,310.09,217.50,310.09,217.50,310.09,217.50,310.09,217.50,310.09,217.50,310.09,217.50,310.09,217.50,310.09,217.50,310.09,217.50,310.09,217.50,310.09,217.50,310.09,217.50,310.09,0.00000,0.00000,0.00000,0.00000,0.00000,0.00000,0.00000,0.00000,0.00000,0.00000,0.00000,0.00000,0.00000,0.00000,0.00000,0.00000,0.00000,0.00000,0.00000,0.00000,0.00000,0.00000,0.00000,0.00000,0.00000,0.00000,0.00000,0.00000,0.00000,0.00000,0.00000,0.00000,0.00000,0.00000,0.00000,0.00000,0.00000,0.00000,0.00000,0.00000,0.00000,0.00000,0.00000,0.00000,0.00000,0.00000,0.00000,0.00000,0.00000,0.00000,0.00000,0.00000,0.00000,0.00000,0.00000,0.00000,0.00000,0.00000,0.00000,0.00000,0.00000,0.00000,0.00000,0.00000,0.00000,0.00000,0.00000,0.00000,0.00000,0.00000,0.00000,0.00000,0.00000,0.00000,0.00000,0.00000,0.00000,0.00000,0.00000,0.00000,0.00000,0.00000,0.00000,0.00000
5.6667,1,1,0.00,0.00,33.33,-0.10572,0.07228,0.57169,0.57588,0.57588,1.0167,0,1,0.19885,0.09375,0.01536,0.19853,0.09374,0.01544,0.28,0.01,0.57588,-0.53610,-0.06962,0.53733,1.10346,-0.00000,0.16709,-0.53611,-0.06979,0.53698,1.10346,0.00000,-0.17000,27,0.19582,0.08680,0.01540,0.19640,0.09380,0,0.96964,0.00283,-0.01422,0.24410,virtual,0,217.50,310.09,217.50,310.09,217.50,310.09,217.50,310.09,217.50,310.09,217.50,310.09,217.50,310.09,217.50,310.09,217.50,310.09,217.50,310.09,217.50,310.09,217.50,310.09,217.50,310.09,217.50,310.09,217.50,310.09,217.50,310.09,217.50,310.09,217.50,310.09,217.50,310.09,217.50,310.09,217.50,310.09,0.00000,0.00000,0.00000,0.00000,0.00000,0.00000,0.00000,0.00000,0.00000,0.00000,0.00000,0.00000,0.00000,0.00000,0.00000,0.00000,0.00000,0.00000,0.00000,0.00000,0.00000,0.00000,0.00000,0.00000,0.00000,0.00000,0.00000,0.00000,0.00000,0.00000,0.00000,0.00000,0.00000,0.00000,0.00000,0.00000,0.00000,0.00000,0.00000,0.00000,0.00000,0.00000,0.00000,0.00000,0.00000,0.00000,0.00000,0.00000,0.00000,0.00000,0.00000,0.00000,0.00000,0.00000,0.00000,0.00000,0.00000,0.00000,0.00000,0.00000,0.00000,0.00000,0.00000,0.00000,0.00000,0.00000,0.00000,0.00000,0.00000,0.00000,0.00000,0.00000,0.00000,0.00000,0.00000,0.00000,0.00000,0.00000,0.00000,0.00000,0.00000,0.00000,0.00000,0.00000
5.7000,1,1,0.00,0.00,33.33,-0.10683,0.07305,0.57772,0.58375,0.58375,1.1583,0,1,0.19583,0.09487,0.01458,0.19555,0.09522,0.01468,0.19,0.01,0.58375,-0.55134,-0.08185,0.55772,1.09494,0.00000,0.16753,-0.54790,-0.08045,0.55699,1.09439,0.00000,-0.17000,27,0.19312,0.08826,0.01476,0.19640,0.09380,0,0.96781,0.00278,-0.01476,0.25123,virtual,0,217.50,310.09,217.50,310.09,217.50,310.09,217.50,310.09,217.50,310.09,217.50,310.09,217.50,310.09,217.50,310.09,217.50,310.09,217.50,310.09,217.50,310.09,217.50,310.09,217.50,310.09,217.50,310.09,217.50,310.09,217.50,310.09,217.50,310.09,217.50,310.09,217.50,310.09,217.50,310.09,217.50,310.09,0.00000,0.00000,0.00000,0.00000,0.00000,0.00000,0.00000,0.00000,0.00000,0.00000,0.00000,0.00000,0.00000,0.00000,0.00000,0.00000,0.00000,0.00000,0.00000,0.00000,0.00000,0.00000,0.00000,0.00000,0.00000,0.00000,0.00000,0.00000,0.00000,0.00000,0.00000,0.00000,0.00000,0.00000,0.00000,0.00000,0.00000,0.00000,0.00000,0.00000,0.00000,0.00000,0.00000,0.00000,0.00000,0.00000,0.00000,0.00000,0.00000,0.00000,0.00000,0.00000,0.00000,0.00000,0.00000,0.00000,0.00000,0.00000,0.00000,0.00000,0.00000,0.00000,0.00000,0.00000,0.00000,0.00000,0.00000,0.00000,0.00000,0.00000,0.00000,0.00000,0.00000,0.00000,0.00000,0.00000,0.00000,0.00000,0.00000,0.00000,0.00000,0.00000,0.00000,0.00000
5.7333,1,1,0.00,0.00,33.33,-0.10451,0.07147,0.56516,0.55259,0.55259,1.3000,0,0,0.19583,0.09487,0.01458,0.19579,0.09450,0.01439,0.19,0.01,0.55259,-0.54728,-0.08050,0.55843,1.09417,0.00001,0.21634,-0.54790,-0.08045,0.55699,1.09439,0.00000,1.00000,27,0.19410,0.08814,0.01474,0.19640,0.09380,0,0.96868,-0.00025,-0.00364,0.24830,virtual,1,217.50,310.09,217.50,310.09,217.50,310.09,217.50,310.09,217.50,310.09,217.50,310.09,217.50,310.09,217.50,310.09,217.50,310.09,217.50,310.09,217.50,310.09,217.50,310.09,217.50,310.09,217.50,310.09,217.50,310.09,217.50,310.09,217.50,310.09,217.50,310.09,217.50,310.09,217.50,310.09,217.50,310.09,0.00000,0.00000,0.00000,0.00000,0.00000,0.00000,0.00000,0.00000,0.00000,0.00000,0.00000,0.00000,0.00000,0.00000,0.00000,0.00000,0.00000,0.00000,0.00000,0.00000,0.00000,0.00000,0.00000,0.00000,0.00000,0.00000,0.00000,0.00000,0.00000,0.00000,0.00000,0.00000,0.00000,0.00000,0.00000,0.00000,0.00000,0.00000,0.00000,0.00000,0.00000,0.00000,0.00000,0.00000,0.00000,0.00000,0.00000,0.00000,0.00000,0.00000,0.00000,0.00000,0.00000,0.00000,0.00000,0.00000,0.00000,0.00000,0.00000,0.00000,0.00000,0.00000,0.00000,0.00000,0.00000,0.00000,0.00000,0.00000,0.00000,0.00000,0.00000,0.00000,0.00000,0.00000,0.00000,0.00000,0.00000,0.00000,0.00000,0.00000,0.00000,0.00000,0.00000,0.00000
5.7667,1,1,0.00,0.00,33.33,-0.10330,0.07064,0.55862,0.55209,0.55209,1.3000,0,0,0.19583,0.09487,0.01458,0.19583,0.09466,0.01444,0.19,0.01,0.55209,-0.54792,-0.08000,0.55741,1.09447,0.00000,0.32726,-0.54790,-0.08045,0.55699,1.09439,0.00000,1.00000,27,0.19430,0.08834,0.01485,0.19640,0.09380,0,0.96874,-0.00141,-0.00081,0.24808,virtual,1,217.50,310.09,217.50,310.09,217.50,310.09,217.50,310.09,217.50,310.09,217.50,310.09,217.50,310.09,217.50,310.09,217.50,310.09,217.50,310.09,217.50,310.09,217.50,310.09,217.50,310.09,217.50,310.09,217.50,310.09,217.50,310.09,217.50,310.09,217.50,310.09,217.50,310.09,217.50,310.09,217.50,310.09,0.00000,0.00000,0.00000,0.00000,0.00000,0.00000,0.00000,0.00000,0.00000,0.00000,0.00000,0.00000,0.00000,0.00000,0.00000,0.00000,0.00000,0.00000,0.00000,0.00000,0.00000,0.00000,0.00000,0.00000,0.00000,0.00000,0.00000,0.00000,0.00000,0.00000,0.00000,0.00000,0.00000,0.00000,0.00000,0.00000,0.00000,0.00000,0.00000,0.00000,0.00000,0.00000,0.00000,0.00000,0.00000,0.00000,0.00000,0.00000,0.00000,0.00000,0.00000,0.00000,0.00000,0.00000,0.00000,0.00000,0.00000,0.00000,0.00000,0.00000,0.00000,0.00000,0.00000,0.00000,0.00000,0.00000,0.00000,0.00000,0.00000,0.00000,0.00000,0.00000,0.00000,0.00000,0.00000,0.00000,0.00000,0.00000,0.00000,0.00000,0.00000,0.00000,0.00000,0.00000
5.8000,1,1,0.00,0.00,33.33,-0.10342,0.07072,0.55925,0.55988,0.55988,1.3000,0,0,0.19583,0.09487,0.01458,0.19587,0.09466,0.01447,0.19,0.01,0.55988,-0.54784,-0.08010,0.55733,1.09443,0.00000,0.46746,-0.54790,-0.08045,0.55699,1.09439,0.00000,1.00000,27,0.19432,0.08835,0.01488,0.19640,0.09380,0,0.96875,-0.00134,-0.00011,0.24805,virtual,1,217.50,310.09,217.50,310.09,217.50,310.09,217.50,310.09,217.50,310.09,217.50,310.09,217.50,310.09,217.50,310.09,217.50,310.09,217.50,310.09,217.50,310.09,217.50,310.09,217.50,310.09,217.50,310.09,217.50,310.09,217.50,310.09,217.50,310.09,217.50,310.09,217.50,310.09,217.50,310.09,217.50,310.09,0.00000,0.00000,0.00000,0.00000,0.00000,0.00000,0.00000,0.00000,0.00000,0.00000,0.00000,0.00000,0.00000,0.00000,0.00000,0.00000,0.00000,0.00000,0.00000,0.00000,0.00000,0.00000,0.00000,0.00000,0.00000,0.00000,0.00000,0.00000,0.00000,0.00000,0.00000,0.00000,0.00000,0.00000,0.00000,0.00000,0.00000,0.00000,0.00000,0.00000,0.00000,0.00000,0.00000,0.00000,0.00000,0.00000,0.00000,0.00000,0.00000,0.00000,0.00000,0.00000,0.00000,0.00000,0.00000,0.00000,0.00000,0.00000,0.00000,0.00000,0.00000,0.00000,0.00000,0.00000,0.00000,0.00000,0.00000,0.00000,0.00000,0.00000,0.00000,0.00000,0.00000,0.00000,0.00000,0.00000,0.00000,0.00000,0.00000,0.00000,0.00000,0.00000,0.00000,0.00000
5.8333,1,1,0.00,0.00,33.33,-0.10278,0.07029,0.55581,0.55237,0.55237,1.3000,0,0,0.19583,0.09487,0.01458,0.19586,0.09467,0.01447,0.19,0.01,0.55237,-0.54787,-0.08009,0.55732,1.09445,0.00000,0.59939,-0.54790,-0.08045,0.55699,1.09439,0.00000,1.00000,27,0.19433,0.08835,0.01489,0.19640,0.09380,0,0.96875,-0.00130,-0.00021,0.24803,virtual,1,217.50,310.09,217.50,310.09,217.50,310.09,217.50,310.09,217.50,310.09,217.50,310.09,217.50,310.09,217.50,310.09,217.50,310.09,217.50,310.09,217.50,310.09,217.50,310.09,217.50,310.09,217.50,310.09,217.50,310.09,217.50,310.09,217.50,310.09,217.50,310.09,217.50,310.09,217.50,310.09,217.50,310.09,0.00000,0.00000,0.00000,0.00000,0.00000,0.00000,0.00000,0.00000,0.00000,0.00000,0.00000,0.00000,0.00000,0.00000,0.00000,0.00000,0.00000,0.00000,0.00000,0.00000,0.00000,0.00000,0.00000,0.00000,0.00000,0.00000,0.00000,0.00000,0.00000,0.00000,0.00000,0.00000,0.00000,0.00000,0.00000,0.00000,0.00000,0.00000,0.00000,0.00000,0.00000,0.00000,0.00000,0.00000,0.00000,0.00000,0.00000,0.00000,0.00000,0.00000,0.00000,0.00000,0.00000,0.00000,0.00000,0.00000,0.00000,0.00000,0.00000,0.00000,0.00000,0.00000,0.00000,0.00000,0.00000,0.00000,0.00000,0.00000,0.00000,0.00000,0.00000,0.00000,0.00000,0.00000,0.00000,0.00000,0.00000,0.00000,0.00000,0.00000,0.00000,0.00000,0.00000,0.00000
5.8667,1,1,0.00,0.00,33.33,-0.10228,0.06994,0.55307,0.55033,0.55033,1.3000,0,0,0.19583,0.09487,0.01458,0.19586,0.09467,0.01446,0.19,0.01,0.55033,-0.54789,-0.08007,0.55733,1.09444,0.00000,0.76025,-0.54790,-0.08045,0.55699,1.09439,0.00000,1.00000,27,0.19433,0.08835,0.01489,0.19640,0.09380,0,0.96876,-0.00114,-0.00025,0.24800,virtual,1,217.50,310.09,217.50,310.09,217.50,310.09,217.50,310.09,217.50,310.09,217.50,310.09,217.50,310.09,217.50,310.09,217.50,310.09,217.50,310.09,217.50,310.09,217.50,310.09,217.50,310.09,217.50,310.09,217.50,310.09,217.50,310.09,217.50,310.09,217.50,310.09,217.50,310.09,217.50,310.09,217.50,310.09,0.00000,0.00000,0.00000,0.00000,0.00000,0.00000,0.00000,0.00000,0.00000,0.00000,0.00000,0.00000,0.00000,0.00000,0.00000,0.00000,0.00000,0.00000,0.00000,0.00000,0.00000,0.00000,0.00000,0.00000,0.00000,0.00000,0.00000,0.00000,0.00000,0.00000,0.00000,0.00000,0.00000,0.00000,0.00000,0.00000,0.00000,0.00000,0.00000,0.00000,0.00000,0.00000,0.00000,0.00000,0.00000,0.00000,0.00000,0.00000,0.00000,0.00000,0.00000,0.00000,0.00000,0.00000,0.00000,0.00000,0.00000,0.00000,0.00000,0.00000,0.00000,0.00000,0.00000,0.00000,0.00000,0.00000,0.00000,0.00000,0.00000,0.00000,0.00000,0.00000,0.00000,0.00000,0.00000,0.00000,0.00000,0.00000,0.00000,0.00000,0.00000,0.00000,0.00000,0.00000
5.9000,1,1,0.00,0.00,33.33,-0.10028,0.06858,0.54229,0.53151,0.53151,1.3000,0,0,0.19583,0.09487,0.01458,0.19586,0.09467,0.01446,0.19,0.01,0.53151,-0.54789,-0.08007,0.55734,1.09443,0.00000,0.92492,-0.54790,-0.08045,0.55699,1.09439,0.00000,1.00000,27,0.19433,0.08835,0.01490,0.19640,0.09380,0,0.96876,-0.00099,-0.00023,0.24799,virtual,1,217.50,310.09,217.50,310.09,217.50,310.09,217.50,310.09,217.50,310.09,217.50,310.09,217.50,310.09,217.50,310.09,217.50,310.09,217.50,310.09,217.50,310.09,217.50,310.09,217.50,310.09,217.50,310.09,217.50,310.09,217.50,310.09,217.50,310.09,217.50,310.09,217.50,310.09,217.50,310.09,217.50,310.09,0.00000,0.00000,0.00000,0.00000,0.00000,0.00000,0.00000,0.00000,0.00000,0.00000,0.00000,0.00000,0.00000,0.00000,0.00000,0.00000,0.00000,0.00000,0.00000,0.00000,0.00000,0.00000,0.00000,0.00000,0.00000,0.00000,0.00000,0.00000,0.00000,0.00000,0.00000,0.00000,0.00000,0.00000,0.00000,0.00000,0.00000,0.00000,0.00000,0.00000,0.00000,0.00000,0.00000,0.00000,0.00000,0.00000,0.00000,0.00000,0.00000,0.00000,0.00000,0.00000,0.00000,0.00000,0.00000,0.00000,0.00000,0.00000,0.00000,0.00000,0.00000,0.00000,0.00000,0.00000,0.00000,0.00000,0.00000,0.00000,0.00000,0.00000,0.00000,0.00000,0.00000,0.00000,0.00000,0.00000,0.00000,0.00000,0.00000,0.00000,0.00000,0.00000,0.00000,0.00000
5.9333,1,1,0.00,0.00,33.33,-0.09986,0.06829,0.54001,0.53773,0.53773,1.3000,0,0,0.19583,0.09487,0.01458,0.19586,0.09467,0.01446,0.19,0.01,0.53773,-0.54789,-0.08007,0.55734,1.09443,0.00000,1.04093,-0.54790,-0.08045,0.55699,1.09439,0.00000,1.00000,27,0.19434,0.08835,0.01490,0.19640,0.09380,0,0.96876,-0.00090,-0.00021,0.24799,virtual,1,217.50,310.09,217.50,310.09,217.50,310.09,217.50,310.09,217.50,310.09,217.50,310.09,217.50,310.09,217.50,310.09,217.50,310.09,217.50,310.09,217.50,310.09,217.50,310.09,217.50,310.09,217.50,310.09,217.50,310.09,217.50,310.09,217.50,310.09,217.50,310.09,217.50,310.09,217.50,310.09,217.50,310.09,0.00000,0.00000,0.00000,0.00000,0.00000,0.00000,0.00000,0.00000,0.00000,0.00000,0.00000,0.00000,0.00000,0.00000,0.00000,0.00000,0.00000,0.00000,0.00000,0.00000,0.00000,0.00000,0.00000,0.00000,0.00000,0.00000,0.00000,0.00000,0.00000,0.00000,0.00000,0.00000,0.00000,0.00000,0.00000,0.00000,0.00000,0.00000,0.00000,0.00000,0.00000,0.00000,0.00000,0.00000,0.00000,0.00000,0.00000,0.00000,0.00000,0.00000,0.00000,0.00000,0.00000,0.00000,0.00000,0.00000,0.00000,0.00000,0.00000,0.00000,0.00000,0.00000,0.00000,0.00000,0.00000,0.00000,0.00000,0.00000,0.00000,0.00000,0.00000,0.00000,0.00000,0.00000,0.00000,0.00000,0.00000,0.00000,0.00000,0.00000,0.00000,0.00000,0.00000,0.00000
5.9667,1,1,0.00,0.00,33.33,-0.09962,0.06813,0.53870,0.53739,0.53739,1.3000,0,0,0.19583,0.09487,0.01458,0.19586,0.09467,0.01446,0.19,0.01,0.53739,-0.54790,-0.08007,0.55733,1.09442,0.00000,1.03816,-0.54790,-0.08045,0.55699,1.09439,0.00000,1.00000,27,0.19434,0.08835,0.01491,0.19640,0.09380,0,0.96877,-0.00081,-0.00018,0.24798,virtual,1,217.50,310.09,217.50,310.09,217.50,310.09,217.50,310.09,217.50,310.09,217.50,310.09,217.50,310.09,217.50,310.09,217.50,310.09,217.50,310.09,217.50,310.09,217.50,310.09,217.50,310.09,217.50,310.09,217.50,310.09,217.50,310.09,217.50,310.09,217.50,310.09,217.50,310.09,217.50,310.09,217.50,310.09,0.00000,0.00000,0.00000,0.00000,0.00000,0.00000,0.00000,0.00000,0.00000,0.00000,0.00000,0.00000,0.00000,0.00000,0.00000,0.00000,0.00000,0.00000,0.00000,0.00000,0.00000,0.00000,0.00000,0.00000,0.00000,0.00000,0.00000,0.00000,0.00000,0.00000,0.00000,0.00000,0.00000,0.00000,0.00000,0.00000,0.00000,0.00000,0.00000,0.00000,0.00000,0.00000,0.00000,0.00000,0.00000,0.00000,0.00000,0.00000,0.00000,0.00000,0.00000,0.00000,0.00000,0.00000,0.00000,0.00000,0.00000,0.00000,0.00000,0.00000,0.00000,0.00000,0.00000,0.00000,0.00000,0.00000,0.00000,0.00000,0.00000,0.00000,0.00000,0.00000,0.00000,0.00000,0.00000,0.00000,0.00000,0.00000,0.00000,0.00000,0.00000,0.00000,0.00000,0.00000
6.0000,1,1,0.00,0.00,33.33,-0.10015,0.06848,0.54154,0.54439,0.54439,1.3000,0,0,0.19583,0.09487,0.01458,0.19586,0.09467,0.01446,0.19,0.01,0.54439,-0.54790,-0.08007,0.55733,1.09442,0.00000,0.98132,-0.54790,-0.08045,0.55699,1.09439,0.00000,1.00000,27,0.19435,0.08835,0.01491,0.19640,0.09380,0,0.96877,-0.00070,-0.00016,0.24798,virtual,1,217.50,310.09,217.50,310.09,217.50,310.09,217.50,310.09,217.50,310.09,217.50,310.09,217.50,310.09,217.50,310.09,217.50,310.09,217.50,310.09,217.50,310.09,217.50,310.09,217.50,310.09,217.50,310.09,217.50,310.09,217.50,310.09,217.50,310.09,217.50,310.09,217.50,310.09,217.50,310.09,217.50,310.09,0.00000,0.00000,0.00000,0.00000,0.00000,0.00000,0.00000,0.00000,0.00000,0.00000,0.00000,0.00000,0.00000,0.00000,0.00000,0.00000,0.00000,0.00000,0.00000,0.00000,0.00000,0.00000,0.00000,0.00000,0.00000,0.00000,0.00000,0.00000,0.00000,0.00000,0.00000,0.00000,0.00000,0.00000,0.00000,0.00000,0.00000,0.00000,0.00000,0.00000,0.00000,0.00000,0.00000,0.00000,0.00000,0.00000,0.00000,0.00000,0.00000,0.00000,0.00000,0.00000,0.00000,0.00000,0.00000,0.00000,0.00000,0.00000,0.00000,0.00000,0.00000,0.00000,0.00000,0.00000,0.00000,0.00000,0.00000,0.00000,0.00000,0.00000,0.00000,0.00000,0.00000,0.00000,0.00000,0.00000,0.00000,0.00000,0.00000,0.00000,0.00000,0.00000,0.00000,0.00000
6.0333,1,1,0.00,0.00,33.33,-0.09997,0.06837,0.54061,0.53968,0.53968,1.3000,0,0,0.19583,0.09487,0.01458,0.19586,0.09467,0.01446,0.19,0.01,0.53968,-0.54790,-0.08007,0.55733,1.09442,0.00000,1.00573,-0.54790,-0.08045,0.55699,1.09439,0.00000,1.00000,27,0.19435,0.08835,0.01492,0.19640,0.09380,0,0.96877,-0.00064,-0.00014,0.24797,virtual,1,217.50,310.09,217.50,310.09,217.50,310.09,217.50,310.09,217.50,310.09,217.50,310.09,217.50,310.09,217.50,310.09,217.50,310.09,217.50,310.09,217.50,310.09,217.50,310.09,217.50,310.09,217.50,310.09,217.50,310.09,217.50,310.09,217.50,310.09,217.50,310.09,217.50,310.09,217.50,310.09,217.50,310.09,0.00000,0.00000,0.00000,0.00000,0.00000,0.00000,0.00000,0.00000,0.00000,0.00000,0.00000,0.00000,0.00000,0.00000,0.00000,0.00000,0.00000,0.00000,0.00000,0.00000,0.00000,0.00000,0.00000,0.00000,0.00000,0.00000,0.00000,0.00000,0.00000,0.00000,0.00000,0.00000,0.00000,0.00000,0.00000,0.00000,0.00000,0.00000,0.00000,0.00000,0.00000,0.00000,0.00000,0.00000,0.00000,0.00000,0.00000,0.00000,0.00000,0.00000,0.00000,0.00000,0.00000,0.00000,0.00000,0.00000,0.00000,0.00000,0.00000,0.00000,0.00000,0.00000,0.00000,0.00000,0.00000,0.00000,0.00000,0.00000,0.00000,0.00000,0.00000,0.00000,0.00000,0.00000,0.00000,0.00000,0.00000,0.00000,0.00000,0.00000,0.00000,0.00000,0.00000,0.00000
6.0667,1,1,0.00,0.00,33.33,-0.09927,0.06789,0.53682,0.53303,0.53303,1.3000,0,0,0.19583,0.09487,0.01458,0.19586,0.09467,0.01446,0.19,0.01,0.53303,-0.54790,-0.08007,0.55733,1.09441,0.00000,1.00010,-0.54790,-0.08045,0.55699,1.09439,0.00000,1.00000,27,0.19435,0.08835,0.01492,0.19640,0.09380,0,0.96877,-0.00057,-0.00012,0.24796,virtual,1,217.50,310.09,217.50,310.09,217.50,310.09,217.50,310.09,217.50,310.09,217.50,310.09,217.50,310.09,217.50,310.09,217.50,310.09,217.50,310.09,217.50,310.09,217.50,310.09,217.50,310.09,217.50,310.09,217.50,310.09,217.50,310.09,217.50,310.09,217.50,310.09,217.50,310.09,217.50,310.09,217.50,310.09,0.00000,0.00000,0.00000,0.00000,0.00000,0.00000,0.00000,0.00000,0.00000,0.00000,0.00000,0.00000,0.00000,0.00000,0.00000,0.00000,0.00000,0.00000,0.00000,0.00000,0.00000,0.00000,0.00000,0.00000,0.00000,0.00000,0.00000,0.00000,0.00000,0.00000,0.00000,0.00000,0.00000,0.00000,0.00000,0.00000,0.00000,0.00000,0.00000,0.00000,0.00000,0.00000,0.00000,0.00000,0.00000,0.00000,0.00000,0.00000,0.00000,0.00000,0.00000,0.00000,0.00000,0.00000,0.00000,0.00000,0.00000,0.00000,0.00000,0.00000,0.00000,0.00000,0.00000,0.00000,0.00000,0.00000,0.00000,0.00000,0.00000,0.00000,0.00000,0.00000,0.00000,0.00000,0.00000,0.00000,0.00000,0.00000,0.00000,0.00000,0.00000,0.00000,0.00000,0.00000
6.1000,1,1,0.00,0.00,33.33,-0.09941,0.06798,0.53756,0.53829,0.53829,1.3000,0,0,0.19583,0.09487,0.01458,0.19586,0.09467,0.01446,0.19,0.01,0.53829,-0.54790,-0.08007,0.55733,1.09441,0.00000,0.99978,-0.54790,-0.08045,0.55699,1.09439,0.00000,1.00000,27,0.19435,0.08835,0.01492,0.19640,0.09380,0,0.96877,-0.00050,-0.00010,0.24796,virtual,1,217.50,310.09,217.50,310.09,217.50,310.09,217.50,310.09,217.50,310.09,217.50,310.09,217.50,310.09,217.50,310.09,217.50,310.09,217.50,310.09,217.50,310.09,217.50,310.09,217.50,310.09,217.50,310.09,217.50,310.09,217.50,310.09,217.50,310.09,217.50,310.09,217.50,310.09,217.50,310.09,217.50,310.09,0.00000,0.00000,0.00000,0.00000,0.00000,0.00000,0.00000,0.00000,0.00000,0.00000,0.00000,0.00000,0.00000,0.00000,0.00000,0.00000,0.00000,0.00000,0.00000,0.00000,0.00000,0.00000,0.00000,0.00000,0.00000,0.00000,0.00000,0.00000,0.00000,0.00000,0.00000,0.00000,0.00000,0.00000,0.00000,0.00000,0.00000,0.00000,0.00000,0.00000,0.00000,0.00000,0.00000,0.00000,0.00000,0.00000,0.00000,0.00000,0.00000,0.00000,0.00000,0.00000,0.00000,0.00000,0.00000,0.00000,0.00000,0.00000,0.00000,0.00000,0.00000,0.00000,0.00000,0.00000,0.00000,0.00000,0.00000,0.00000,0.00000,0.00000,0.00000,0.00000,0.00000,0.00000,0.00000,0.00000,0.00000,0.00000,0.00000,0.00000,0.00000,0.00000,0.00000,0.00000
6.1333,1,1,0.00,0.00,33.33,-0.09946,0.06801,0.53782,0.53808,0.53808,1.3000,0,0,0.19583,0.09487,0.01458,0.19586,0.09467,0.01446,0.19,0.01,0.53808,-0.54790,-0.08006,0.55733,1.09441,0.00000,1.00001,-0.54790,-0.08045,0.55699,1.09439,0.00000,1.00000,27,0.19436,0.08835,0.01492,0.19640,0.09380,0,0.96877,-0.00046,-0.00010,0.24796,virtual,0,217.50,310.09,217.50,310.09,217.50,310.09,217.50,310.09,217.50,310.09,217.50,310.09,217.50,310.09,217.50,310.09,217.50,310.09,217.50,310.09,217.50,310.09,217.50,310.09,217.50,310.09,217.50,310.09,217.50,310.09,217.50,310.09,217.50,310.09,217.50,310.09,217.50,310.09,217.50,310.09,217.50,310.09,0.00000,0.00000,0.00000,0.00000,0.00000,0.00000,0.00000,0.00000,0.00000,0.00000,0.00000,0.00000,0.00000,0.00000,0.00000,0.00000,0.00000,0.00000,0.00000,0.00000,0.00000,0.00000,0.00000,0.00000,0.00000,0.00000,0.00000,0.00000,0.00000,0.00000,0.00000,0.00000,0.00000,0.00000,0.00000,0.00000,0.00000,0.00000,0.00000,0.00000,0.00000,0.00000,0.00000,0.00000,0.00000,0.00000,0.00000,0.00000,0.00000,0.00000,0.00000,0.00000,0.00000,0.00000,0.00000,0.00000,0.00000,0.00000,0.00000,0.00000,0.00000,0.00000,0.00000,0.00000,0.00000,0.00000,0.00000,0.00000,0.00000,0.00000,0.00000,0.00000,0.00000,0.00000,0.00000,0.00000,0.00000,0.00000,0.00000,0.00000,0.00000,0.00000,0.00000,0.00000
6.1667,1,1,0.00,0.00,33.33,-0.09920,0.06784,0.53642,0.53503,0.53503,1.3000,0,0,0.19653,0.09461,0.01476,0.19586,0.09467,0.01446,0.61,0.01,0.53503,-0.54790,-0.08006,0.55733,1.09441,0.00000,0.99995,-0.54790,-0.08045,0.55699,1.09439,0.00000,1.00000,27,0.19436,0.08835,0.01492,0.19640,0.09380,0,0.96877,-0.00041,-0.00009,0.24795,virtual,0,217.50,310.09,217.50,310.09,217.50,310.09,217.50,310.09,217.50,310.09,217.50,310.09,217.50,310.09,217.50,310.09,217.50,310.09,217.50,310.09,217.50,310.09,217.50,310.09,217.50,310.09,217.50,310.09,217.50,310.09,217.50,310.09,217.50,310.09,217.50,310.09,217.50,310.09,217.50,310.09,217.50,310.09,0.00000,0.00000,0.00000,0.00000,0.00000,0.00000,0.00000,0.00000,0.00000,0.00000,0.00000,0.00000,0.00000,0.00000,0.00000,0.00000,0.00000,0.00000,0.00000,0.00000,0.00000,0.00000,0.00000,0.00000,0.00000,0.00000,0.00000,0.00000,0.00000,0.00000,0.00000,0.00000,0.00000,0.00000,0.00000,0.00000,0.00000,0.00000,0.00000,0.00000,0.00000,0.00000,0.00000,0.00000,0.00000,0.00000,0.00000,0.00000,0.00000,0.00000,0.00000,0.00000,0.00000,0.00000,0.00000,0.00000,0.00000,0.00000,0.00000,0.00000,0.00000,0.00000,0.00000,0.00000,0.00000,0.00000,0.00000,0.00000,0.00000,0.00000,0.00000,0.00000,0.00000,0.00000,0.00000,0.00000,0.00000,0.00000,0.00000,0.00000,0.00000,0.00000,0.00000,0.00000
6.2000,1,1,0.00,0.00,33.33,-0.09945,0.06801,0.53777,0.53911,0.53911,1.3000,0,0,0.19586,0.09486,0.01459,0.19586,0.09467,0.01446,0.16,0.01,0.53911,-0.54790,-0.08006,0.55732,1.09441,0.00000,0.99999,-0.54790,-0.08045,0.55699,1.09439,0.00000,1.00000,27,0.19436,0.08835,0.01493,0.19640,0.09380,0,0.96877,-0.00036,-0.00008,0.24795,virtual,0,217.50,310.09,217.50,310.09,217.50,310.09,217.50,310.09,217.50,310.09,217.50,310.09,217.50,310.09,217.50,310.09,217.50,310.09,217.50,310.09,217.50,310.09,217.50,310.09,217.50,310.09,217.50,310.09,217.50,310.09,217.50,310.09,217.50,310.09,217.50,310.09,217.50,310.09,217.50,310.09,217.50,310.09,0.00000,0.00000,0.00000,0.00000,0.00000,0.00000,0.00000,0.00000,0.00000,0.00000,0.00000,0.00000,0.00000,0.00000,0.00000,0.00000,0.00000,0.00000,0.00000,0.00000,0.00000,0.00000,0.00000,0.00000,0.00000,0.00000,0.00000,0.00000,0.00000,0.00000,0.00000,0.00000,0.00000,0.00000,0.00000,0.00000,0.00000,0.00000,0.00000,0.00000,0.00000,0.00000,0.00000,0.00000,0.00000,0.00000,0.00000,0.00000,0.00000,0.00000,0.00000,0.00000,0.00000,0.00000,0.00000,0.00000,0.00000,0.00000,0.00000,0.00000,0.00000,0.00000,0.00000,0.00000,0.00000,0.00000,0.00000,0.00000,0.00000,0.00000,0.00000,0.00000,0.00000,0.00000,0.00000,0.00000,0.00000,0.00000,0.00000,0.00000,0.00000,0.00000,0.00000,0.00000
6.2333,1,1,0.00,0.00,33.33,-0.10007,0.06844,0.54115,0.54454,0.54454,1.3000,0,0,0.19416,0.09549,0.01416,0.19340,0.09518,0.01361,0.13,0.00,0.54454,-0.55737,-0.08748,0.57253,1.09002,0.00000,0.99999,-0.55591,-0.08779,0.56904,1.08963,0.00000,1.00000,27,0.19462,0.08872,0.01486,0.19640,0.09380,0,0.96903,0.00106,0.00093,0.24694,virtual,0,217.50,310.09,217.50,310.09,217.50,310.09,217.50,310.09,217.50,310.09,217.50,310.09,217.50,310.09,217.50,310.09,217.50,310.09,217.50,310.09,217.50,310.09,217.50,310.09,217.50,310.09,217.50,310.09,217.50,310.09,217.50,310.09,217.50,310.09,217.50,310.09,217.50,310.09,217.50,310.09,217.50,310.09,0.00000,0.00000,0.00000,0.00000,0.00000,0.00000,0.00000,0.00000,0.00000,0.00000,0.00000,0.00000,0.00000,0.00000,0.00000,0.00000,0.00000,0.00000,0.00000,0.00000,0.00000,0.00000,0.00000,0.00000,0.00000,0.00000,0.00000,0.00000,0.00000,0.00000,0.00000,0.00000,0.00000,0.00000,0.00000,0.00000,0.00000,0.00000,0.00000,0.00000,0.00000,0.00000,0.00000,0.00000,0.00000,0.00000,0.00000,0.00000,0.00000,0.00000,0.00000,0.00000,0.00000,0.00000,0.00000,0.00000,0.00000,0.00000,0.00000,0.00000,0.00000,0.00000,0.00000,0.00000,0.00000,0.00000,0.00000,0.00000,0.00000,0.00000,0.00000,0.00000,0.00000,0.00000,0.00000,0.00000,0.00000,0.00000,0.00000,0.00000,0.00000,0.00000,0.00000,0.00000
6.2667,1,1,0.00,0.00,33.33,-0.10061,0.06880,0.54404,0.54693,0.54693,1.3000,0,0,0.19272,0.09602,0.01380,0.19274,0.09599,0.01377,0.11,0.00,0.54693,-0.56308,-0.09377,0.57876,1.08639,-0.00000,0.99999,-0.56271,-0.09411,0.57926,1.08573,0.00000,1.00000,27,0.19478,0.08921,0.01484,0.19640,0.09380,0,0.97086,0.00425,-0.00167,0.23962,virtual,0,217.50,310.09,217.50,310.09,217.50,310.09,217.50,310.09,217.50,310.09,217.50,310.09,217.50,310.09,217.50,310.09,217.50,310.09,217.50,310.09,217.50,310.09,217.50,310.09,217.50,310.09,217.50,310.09,217.50,310.09,217.50,310.09,217.50,310.09,217.50,310.09,217.50,310.09,217.50,310.09,217.50,310.09,0.00000,0.00000,0.00000,0.00000,0.00000,0.00000,0.00000,0.00000,0.00000,0.00000,0.00000,0.00000,0.00000,0.00000,0.00000,0.00000,0.00000,0.00000,0.00000,0.00000,0.00000,0.00000,0.00000,0.00000,0.00000,0.00000,0.00000,0.00000,0.00000,0.00000,0.00000,0.00000,0.00000,0.00000,0.00000,0.00000,0.00000,0.00000,0.00000,0.00000,0.00000,0.00000,0.00000,0.00000,0.00000,0.00000,0.00000,0.00000,0.00000,0.00000,0.00000,0.00000,0.00000,0.00000,0.00000,0.00000,0.00000,0.00000,0.00000,0.00000,0.00000,0.00000,0.00000,0.00000,0.00000,0.00000,0.00000,0.00000,0.00000,0.00000,0.00000,0.00000,0.00000,0.00000,0.00000,0.00000,0.00000,0.00000,0.00000,0.00000,0.00000,0.00000,0.00000,0.00000
6.3000,1,1,0.00,0.00,33.33,-0.10055,0.06876,0.54372,0.54340,0.54340,1.3000,0,0,0.19288,0.09596,0.01384,0.19266,0.09596,0.01368,0.10,0.00,0.54340,-0.56316,-0.09398,0.57975,1.08573,0.00000,1.00000,-0.56271,-0.09411,0.57926,1.08573,0.00000,1.00000,27,0.19480,0.08933,0.01491,0.19640,0.09380,0,0.97087,0.00053,-0.00010,0.23962,virtual,0,217.50,310.09,217.50,310.09,217.50,310.09,217.50,310.09,217.50,310.09,217.50,310.09,217.50,310.09,217.50,310.09,217.50,310.09,217.50,310.09,217.50,310.09,217.50,310.09,217.50,310.09,217.50,310.09,217.50,310.09,217.50,310.09,217.50,310.09,217.50,310.09,217.50,310.09,217.50,310.09,217.50,310.09,0.00000,0.00000,0.00000,0.00000,0.00000,0.00000,0.00000,0.00000,0.00000,0.00000,0.00000,0.00000,0.00000,0.00000,0.00000,0.00000,0.00000,0.00000,0.00000,0.00000,0.00000,0.00000,0.00000,0.00000,0.00000,0.00000,0.00000,0.00000,0.00000,0.00000,0.00000,0.00000,0.00000,0.00000,0.00000,0.00000,0.00000,0.00000,0.00000,0.00000,0.00000,0.00000,0.00000,0.00000,0.00000,0.00000,0.00000,0.00000,0.00000,0.00000,0.00000,0.00000,0.00000,0.00000,0.00000,0.00000,0.00000,0.00000,0.00000,0.00000,0.00000,0.00000,0.00000,0.00000,0.00000,0.00000,0.00000,0.00000,0.00000,0.00000,0.00000,0.00000,0.00000,0.00000,0.00000,0.00000,0.00000,0.00000,0.00000,0.00000,0.00000,0.00000,0.00000,0.00000
6.3333,1,1,0.00,0.00,33.33,-0.09925,0.06787,0.53668,0.52965,0.52965,1.3000,0,0,0.19640,0.09466,0.01473,0.19688,0.09393,0.01434,0.22,0.01,0.52965,-0.54153,-0.07304,0.54997,1.09681,-0.00000,1.00000,-0.54727,-0.07987,0.55476,1.09574,0.00000,1.00000,27,0.19480,0.08934,0.01493,0.19640,0.09380,0,0.97087,0.00016,-0.00003,0.23962,virtual,0,217.50,310.09,217.50,310.09,217.50,310.09,217.50,310.09,217.50,310.09,217.50,310.09,217.50,310.09,217.50,310.09,217.50,310.09,217.50,310.09,217.50,310.09,217.50,310.09,217.50,310.09,217.50,310.09,217.50,310.09,217.50,310.09,217.50,310.09,217.50,310.09,217.50,310.09,217.50,310.09,217.50,310.09,0.00000,0.00000,0.00000,0.00000,0.00000,0.00000,0.00000,0.00000,0.00000,0.00000,0.00000,0.00000,0.00000,0.00000,0.00000,0.00000,0.00000,0.00000,0.00000,0.00000,0.00000,0.00000,0.00000,0.00000,0.00000,0.00000,0.00000,0.00000,0.00000,0.00000,0.00000,0.00000,0.00000,0.00000,0.00000,0.00000,0.00000,0.00000,0.00000,0.00000,0.00000,0.00000,0.00000,0.00000,0.00000,0.00000,0.00000,0.00000,0.00000,0.00000,0.00000,0.00000,0.00000,0.00000,0.00000,0.00000,0.00000,0.00000,0.00000,0.00000,0.00000,0.00000,0.00000,0.00000,0.00000,0.00000,0.00000,0.00000,0.00000,0.00000,0.00000,0.00000,0.00000,0.00000,0.00000,0.00000,0.00000,0.00000,0.00000,0.00000,0.00000,0.00000,0.00000,0.00000
6.3667,1,1,0.00,0.00,33.33,-0.09858,0.06742,0.53310,0.52952,0.52952,1.3000,0,0,0.19819,0.09400,0.01518,0.19770,0.09399,0.01494,0.13,0.01,0.52952,-0.53956,-0.07138,0.54336,1.10011,-0.00000,1.00000,-0.53879,-0.07132,0.54114,1.10088,0.00000,1.00000,27,0.19772,0.08975,0.01455,0.19640,0.09380,0,0.97110,0.00048,0.00276,0.23866,virtual,0,217.50,310.09,217.50,310.09,217.50,310.09,217.50,310.09,217.50,310.09,217.50,310.09,217.50,310.09,217.50,310.09,217.50,310.09,217.50,310.09,217.50,310.09,217.50,310.09,217.50,310.09,217.50,310.09,217.50,310.09,217.50,310.09,217.50,310.09,217.50,310.09,217.50,310.09,217.50,310.09,217.50,310.09,0.00000,0.00000,0.00000,0.00000,0.00000,0.00000,0.00000,0.00000,0.00000,0.00000,0.00000,0.00000,0.00000,0.00000,0.00000,0.00000,0.00000,0.00000,0.00000,0.00000,0.00000,0.00000,0.00000,0.00000,0.00000,0.00000,0.00000,0.00000,0.00000,0.00000,0.00000,0.00000,0.00000,0.00000,0.00000,0.00000,0.00000,0.00000,0.00000,0.00000,0.00000,0.00000,0.00000,0.00000,0.00000,0.00000,0.00000,0.00000,0.00000,0.00000,0.00000,0.00000,0.00000,0.00000,0.00000,0.00000,0.00000,0.00000,0.00000,0.00000,0.00000,0.00000,0.00000,0.00000,0.00000,0.00000,0.00000,0.00000,0.00000,0.00000,0.00000,0.00000,0.00000,0.00000,0.00000,0.00000,0.00000,0.00000,0.00000,0.00000,0.00000,0.00000,0.00000,0.00000
6.4000,1,1,0.00,0.00,33.33,-0.09870,0.06750,0.53375,0.53439,0.53439,1.3000,0,0,0.19787,0.09411,0.01510,0.19800,0.09398,0.01514,0.25,0.01,0.53439,-0.53869,-0.07113,0.54151,1.10088,-0.00000,1.00000,-0.53879,-0.07132,0.54114,1.10088,0.00000,1.00000,27,0.19804,0.08980,0.01474,0.19640,0.09380,0,0.97135,-0.00051,-0.00763,0.23752,virtual,0,217.50,310.09,217.50,310.09,217.50,310.09,217.50,310.09,217.50,310.09,217.50,310.09,217.50,310.09,217.50,310.09,217.50,310.09,217.50,310.09,217.50,310.09,217.50,310.09,217.50,310.09,217.50,310.09,217.50,310.09,217.50,310.09,217.50,310.09,217.50,310.09,217.50,310.09,217.50,310.09,217.50,310.09,0.00000,0.00000,0.00000,0.00000,0.00000,0.00000,0.00000,0.00000,0.00000,0.00000,0.00000,0.00000,0.00000,0.00000,0.00000,0.00000,0.00000,0.00000,0.00000,0.00000,0.00000,0.00000,0.00000,0.00000,0.00000,0.00000,0.00000,0.00000,0.00000,0.00000,0.00000,0.00000,0.00000,0.00000,0.00000,0.00000,0.00000,0.00000,0.00000,0.00000,0.00000,0.00000,0.00000,0.00000,0.00000,0.00000,0.00000,0.00000,0.00000,0.00000,0.00000,0.00000,0.00000,0.00000,0.00000,0.00000,0.00000,0.00000,0.00000,0.00000,0.00000,0.00000,0.00000,0.00000,0.00000,0.00000,0.00000,0.00000,0.00000,0.00000,0.00000,0.00000,0.00000,0.00000,0.00000,0.00000,0.00000,0.00000,0.00000,0.00000,0.00000,0.00000,0.00000,0.00000
6.4333,1,1,0.00,0.00,33.33,-0.09945,0.06801,0.53779,0.54183,0.54183,1.3000,0,0,0.19584,0.09486,0.01459,0.19438,0.09437,0.01360,0.15,0.01,0.54183,-0.55071,-0.07985,0.56355,1.09473,-0.00000,1.00000,-0.54807,-0.08033,0.55694,1.09430,0.00000,1.00000,27,0.19822,0.08983,0.01487,0.19640,0.09380,0,0.97139,-0.00005,-0.00230,0.23750,virtual,0,217.50,310.09,217.50,310.09,217.50,310.09,217.50,310.09,217.50,310.09,217.50,310.09,217.50,310.09,217.50,310.09,217.50,310.09,217.50,310.09,217.50,310.09,217.50,310.09,217.50,310.09,217.50,310.09,217.50,310.09,217.50,310.09,217.50,310.09,217.50,310.09,217.50,310.09,217.50,310.09,217.50,310.09,0.00000,0.00000,0.00000,0.00000,0.00000,0.00000,0.00000,0.00000,0.00000,0.00000,0.00000,0.00000,0.00000,0.00000,0.00000,0.00000,0.00000,0.00000,0.00000,0.00000,0.00000,0.00000,0.00000,0.00000,0.00000,0.00000,0.00000,0.00000,0.00000,0.00000,0.00000,0.00000,0.00000,0.00000,0.00000,0.00000,0.00000,0.00000,0.00000,0.00000,0.00000,0.00000,0.00000,0.00000,0.00000,0.00000,0.00000,0.00000,0.00000,0.00000,0.00000,0.00000,0.00000,0.00000,0.00000,0.00000,0.00000,0.00000,0.00000,0.00000,0.00000,0.00000,0.00000,0.00000,0.00000,0.00000,0.00000,0.00000,0.00000,0.00000,0.00000,0.00000,0.00000,0.00000,0.00000,0.00000,0.00000,0.00000,0.00000,0.00000,0.00000,0.00000,0.00000,0.00000
6.4667,1,1,0.00,0.00,33.33,-0.09930,0.06791,0.53696,0.53613,0.53613,1.3000,0,0,0.19626,0.09471,0.01469,0.19597,0.09493,0.01463,0.34,0.01,0.53613,-0.54878,-0.08081,0.55699,1.09394,0.00001,1.00000,-0.54807,-0.08033,0.55694,1.09430,0.00000,1.00000,27,0.19827,0.08984,0.01492,0.19640,0.09380,0,0.97139,-0.00001,-0.00058,0.23750,virtual,0,217.50,310.09,217.50,310.09,217.50,310.09,217.50,310.09,217.50,310.09,217.50,310.09,217.50,310.09,217.50,310.09,217.50,310.09,217.50,310.09,217.50,310.09,217.50,310.09,217.50,310.09,217.50,310.09,217.50,310.09,217.50,310.09,217.50,310.09,217.50,310.09,217.50,310.09,217.50,310.09,217.50,310.09,0.00000,0.00000,0.00000,0.00000,0.00000,0.00000,0.00000,0.00000,0.00000,0.00000,0.00000,0.00000,0.00000,0.00000,0.00000,0.00000,0.00000,0.00000,0.00000,0.00000,0.00000,0.00000,0.00000,0.00000,0.00000,0.00000,0.00000,0.00000,0.00000,0.00000,0.00000,0.00000,0.00000,0.00000,0.00000,0.00000,0.00000,0.00000,0.00000,0.00000,0.00000,0.00000,0.00000,0.00000,0.00000,0.00000,0.00000,0.00000,0.00000,0.00000,0.00000,0.00000,0.00000,0.00000,0.00000,0.00000,0.00000,0.00000,0.00000,0.00000,0.00000,0.00000,0.00000,0.00000,0.00000,0.00000,0.00000,0.00000,0.00000,0.00000,0.00000,0.00000,0.00000,0.00000,0.00000,0.00000,0.00000,0.00000,0.00000,0.00000,0.00000,0.00000,0.00000,0.00000
6.5000,1,1,0.00,0.00,33.33,-0.09846,0.06734,0.53245,0.52794,0.52794,1.3000,0,0,0.19851,0.09388,0.01526,0.19919,0.09391,0.01531,0.15,0.01,0.52794,-0.53507,-0.06696,0.53552,1.10014,0.00001,0.99999,-0.53745,-0.06996,0.53897,1.10167,0.00000,1.00000,27,0.19828,0.08984,0.01493,0.19640,0.09380,0,0.97139,-0.00000,-0.00015,0.23750,virtual,0,217.50,310.09,217.50,310.09,217.50,310.09,217.50,310.09,217.50,310.09,217.50,310.09,217.50,310.09,217.50,310.09,217.50,310.09,217.50,310.09,217.50,310.09,217.50,310.09,217.50,310.09,217.50,310.09,217.50,310.09,217.50,310.09,217.50,310.09,217.50,310.09,217.50,310.09,217.50,310.09,217.50,310.09,0.00000,0.00000,0.00000,0.00000,0.00000,0.00000,0.00000,0.00000,0.00000,0.00000,0.00000,0.00000,0.00000,0.00000,0.00000,0.00000,0.00000,0.00000,0.00000,0.00000,0.00000,0.00000,0.00000,0.00000,0.00000,0.00000,0.00000,0.00000,0.00000,0.00000,0.00000,0.00000,0.00000,0.00000,0.00000,0.00000,0.00000,0.00000,0.00000,0.00000,0.00000,0.00000,0.00000,0.00000,0.00000,0.00000,0.00000,0.00000,0.00000,0.00000,0.00000,0.00000,0.00000,0.00000,0.00000,0.00000,0.00000,0.00000,0.00000,0.00000,0.00000,0.00000,0.00000,0.00000,0.00000,0.00000,0.00000,0.00000,0.00000,0.00000,0.00000,0.00000,0.00000,0.00000,0.00000,0.00000,0.00000,0.00000,0.00000,0.00000,0.00000,0.00000,0.00000,0.00000
6.5333,1,1,0.00,0.00,33.33,-0.09889,0.06763,0.53477,0.53710,0.53710,1.3000,0,0,0.19735,0.09431,0.01497,0.19682,0.09391,0.01447,0.06,0.00,0.53710,-0.54161,-0.07245,0.54813,1.09933,0.00000,0.99999,-0.54166,-0.07396,0.54629,1.09852,0.00000,1.00000,27,0.19828,0.08984,0.01494,0.19640,0.09380,0,0.97139,-0.00000,-0.00005,0.23750,virtual,0,217.50,310.09,217.50,310.09,217.50,310.09,217.50,310.09,217.50,310.09,217.50,310.09,217.50,310.09,217.50,310.09,217.50,310.09,217.50,310.09,217.50,310.09,217.50,310.09,217.50,310.09,217.50,310.09,217.50,310.09,217.50,310.09,217.50,310.09,217.50,310.09,217.50,310.09,217.50,310.09,217.50,310.09,0.00000,0.00000,0.00000,0.00000,0.00000,0.00000,0.00000,0.00000,0.00000,0.00000,0.00000,0.00000,0.00000,0.00000,0.00000,0.00000,0.00000,0.00000,0.00000,0.00000,0.00000,0.00000,0.00000,0.00000,0.00000,0.00000,0.00000,0.00000,0.00000,0.00000,0.00000,0.00000,0.00000,0.00000,0.00000,0.00000,0.00000,0.00000,0.00000,0.00000,0.00000,0.00000,0.00000,0.00000,0.00000,0.00000,0.00000,0.00000,0.00000,0.00000,0.00000,0.00000,0.00000,0.00000,0.00000,0.00000,0.00000,0.00000,0.00000,0.00000,0.00000,0.00000,0.00000,0.00000,0.00000,0.00000,0.00000,0.00000,0.00000,0.00000,0.00000,0.00000,0.00000,0.00000,0.00000,0.00000,0.00000,0.00000,0.00000,0.00000,0.00000,0.00000,0.00000,0.00000
6.5667,1,1,0.00,0.00,33.33,-0.09765,0.06678,0.52805,0.52133,0.52133,1.3000,0,0,0.20071,0.09306,0.01582,0.20171,0.09319,0.01594,0.20,0.01,0.52133,-0.52491,-0.05539,0.51689,1.10647,-0.00000,1.00000,-0.52784,-0.06031,0.52306,1.10788,0.00000,1.00000,27,0.19828,0.08984,0.01494,0.19640,0.09380,0,0.97139,-0.00000,-0.00001,0.23750,virtual,0,217.50,310.09,217.50,310.09,217.50,310.09,217.50,310.09,217.50,310.09,217.50,310.09,217.50,310.09,217.50,310.09,217.50,310.09,217.50,310.09,217.50,310.09,217.50,310.09,217.50,310.09,217.50,310.09,217.50,310.09,217.50,310.09,217.50,310.09,217.50,310.09,217.50,310.09,217.50,310.09,217.50,310.09,0.00000,0.00000,0.00000,0.00000,0.00000,0.00000,0.00000,0.00000,0.00000,0.00000,0.00000,0.00000,0.00000,0.00000,0.00000,0.00000,0.00000,0.00000,0.00000,0.00000,0.00000,0.00000,0.00000,0.00000,0.00000,0.00000,0.00000,0.00000,0.00000,0.00000,0.00000,0.00000,0.00000,0.00000,0.00000,0.00000,0.00000,0.00000,0.00000,0.00000,0.00000,0.00000,0.00000,0.00000,0.00000,0.00000,0.00000,0.00000,0.00000,0.00000,0.00000,0.00000,0.00000,0.00000,0.00000,0.00000,0.00000,0.00000,0.00000,0.00000,0.00000,0.00000,0.00000,0.00000,0.00000,0.00000,0.00000,0.00000,0.00000,0.00000,0.00000,0.00000,0.00000,0.00000,0.00000,0.00000,0.00000,0.00000,0.00000,0.00000,0.00000,0.00000,0.00000,0.00000
6.6000,1,1,0.00,0.00,33.33,-0.09727,0.06652,0.52598,0.52392,0.52392,1.3000,0,0,0.20175,0.09268,0.01608,0.20150,0.09255,0.01580,0.08,0.00,0.52392,-0.52252,-0.05374,0.51564,1.11025,-0.00000,1.00000,-0.52280,-0.05476,0.51450,1.11099,0.00000,1.00000,27,0.19951,0.09069,0.01465,0.19640,0.09380,0,0.97174,-0.00023,0.00201,0.23605,virtual,0,217.50,310.09,217.50,310.09,217.50,310.09,217.50,310.09,217.50,310.09,217.50,310.09,217.50,310.09,217.50,310.09,217.50,310.09,217.50,310.09,217.50,310.09,217.50,310.09,217.50,310.09,217.50,310.09,217.50,310.09,217.50,310.09,217.50,310.09,217.50,310.09,217.50,310.09,217.50,310.09,217.50,310.09,0.00000,0.00000,0.00000,0.00000,0.00000,0.00000,0.00000,0.00000,0.00000,0.00000,0.00000,0.00000,0.00000,0.00000,0.00000,0.00000,0.00000,0.00000,0.00000,0.00000,0.00000,0.00000,0.00000,0.00000,0.00000,0.00000,0.00000,0.00000,0.00000,0.00000,0.00000,0.00000,0.00000,0.00000,0.00000,0.00000,0.00000,0.00000,0.00000,0.00000,0.00000,0.00000,0.00000,0.00000,0.00000,0.00000,0.00000,0.00000,0.00000,0.00000,0.00000,0.00000,0.00000,0.00000,0.00000,0.00000,0.00000,0.00000,0.00000,0.00000,0.00000,0.00000,0.00000,0.00000,0.00000,0.00000,0.00000,0.00000,0.00000,0.00000,0.00000,0.00000,0.00000,0.00000,0.00000,0.00000,0.00000,0.00000,0.00000,0.00000,0.00000,0.00000,0.00000,0.00000
6.6333,1,1,0.00,0.00,33.33,-0.09896,0.06768,0.53515,0.54432,0.54432,1.3000,0,0,0.19716,0.09437,0.01492,0.19623,0.09489,0.01476,0.32,0.01,0.54432,-0.54789,-0.08002,0.55501,1.09486,-0.00000,1.00000,-0.54120,-0.07383,0.54712,1.09774,0.00000,1.00000,27,0.19947,0.09068,0.01485,0.19640,0.09380,0,0.97174,-0.00008,0.00061,0.23605,virtual,0,217.50,310.09,217.50,310.09,217.50,310.09,217.50,310.09,217.50,310.09,217.50,310.09,217.50,310.09,217.50,310.09,217.50,310.09,217.50,310.09,217.50,310.09,217.50,310.09,217.50,310.09,217.50,310.09,217.50,310.09,217.50,310.09,217.50,310.09,217.50,310.09,217.50,310.09,217.50,310.09,217.50,310.09,0.00000,0.00000,0.00000,0.00000,0.00000,0.00000,0.00000,0.00000,0.00000,0.00000,0.00000,0.00000,0.00000,0.00000,0.00000,0.00000,0.00000,0.00000,0.00000,0.00000,0.00000,0.00000,0.00000,0.00000,0.00000,0.00000,0.00000,0.00000,0.00000,0.00000,0.00000,0.00000,0.00000,0.00000,0.00000,0.00000,0.00000,0.00000,0.00000,0.00000,0.00000,0.00000,0.00000,0.00000,0.00000,0.00000,0.00000,0.00000,0.00000,0.00000,0.00000,0.00000,0.00000,0.00000,0.00000,0.00000,0.00000,0.00000,0.00000,0.00000,0.00000,0.00000,0.00000,0.00000,0.00000,0.00000,0.00000,0.00000,0.00000,0.00000,0.00000,0.00000,0.00000,0.00000,0.00000,0.00000,0.00000,0.00000,0.00000,0.00000,0.00000,0.00000,0.00000,0.00000
6.6667,1,1,0.00,0.00,33.33,-0.09863,0.06745,0.53335,0.53154,0.53154,1.3000,0,0,0.19807,0.09404,0.01515,0.19747,0.09395,0.01462,0.76,0.01,0.53154,-0.53999,-0.07241,0.54717,1.09697,0.00000,1.00000,-0.54120,-0.07383,0.54712,1.09774,0.00000,1.00000,27,0.19946,0.09067,0.01492,0.19640,0.09380,0,0.97174,-0.00002,0.00015,0.23605,virtual,0,217.50,310.09,217.50,310.09,217.50,310.09,217.50,310.09,217.50,310.09,217.50,310.09,217.50,310.09,217.50,310.09,217.50,310.09,217.50,310.09,217.50,310.09,217.50,310.09,217.50,310.09,217.50,310.09,217.50,310.09,217.50,310.09,217.50,310.09,217.50,310.09,217.50,310.09,217.50,310.09,217.50,310.09,0.00000,0.00000,0.00000,0.00000,0.00000,0.00000,0.00000,0.00000,0.00000,0.00000,0.00000,0.00000,0.00000,0.00000,0.00000,0.00000,0.00000,0.00000,0.00000,0.00000,0.00000,0.00000,0.00000,0.00000,0.00000,0.00000,0.00000,0.00000,0.00000,0.00000,0.00000,0.00000,0.00000,0.00000,0.00000,0.00000,0.00000,0.00000,0.00000,0.00000,0.00000,0.00000,0.00000,0.00000,0.00000,0.00000,0.00000,0.00000,0.00000,0.00000,0.00000,0.00000,0.00000,0.00000,0.00000,0.00000,0.00000,0.00000,0.00000,0.00000,0.00000,0.00000,0.00000,0.00000,0.00000,0.00000,0.00000,0.00000,0.00000,0.00000,0.00000,0.00000,0.00000,0.00000,0.00000,0.00000,0.00000,0.00000,0.00000,0.00000,0.00000,0.00000,0.00000,0.00000
6.7000,1,1,0.00,0.00,33.33,-0.09884,0.06545,0.53457,0.53580,0.53580,1.3000,0,0,0.19745,0.09425,0.01715,0.19706,0.09388,0.01653,0.33,0.00,0.53580,-0.54084,-0.07830,0.53813,1.11540,-0.00000,1.00000,-0.54142,-0.07964,0.53745,1.11292,0.00000,1.00000,27,0.19945,0.09067,0.01493,0.19640,0.09380,0,0.97174,-0.00000,0.00004,0.23605,virtual,0,217.55,305.63,217.55,305.63,217.55,305.63,217.55,305.63,217.55,305.63,217.55,305.63,217.55,305.63,217.55,305.63,217.55,305.63,217.55,305.63,217.55,305.63,217.55,305.63,217.55,305.63,217.55,305.63,217.55,305.63,217.55,305.63,217.55,305.63,217.55,305.63,217.55,305.63,217.55,305.63,217.55,305.63,0.00000,0.00000,0.00000,0.00000,0.00000,0.00000,0.00000,0.00000,0.00000,0.00000,0.00000,0.00000,0.00000,0.00000,0.00000,0.00000,0.00000,0.00000,0.00000,0.00000,0.00000,0.00000,0.00000,0.00000,0.00000,0.00000,0.00000,0.00000,0.00000,0.00000,0.00000,0.00000,0.00000,0.00000,0.00000,0.00000,0.00000,0.00000,0.00000,0.00000,0.00000,0.00000,0.00000,0.00000,0.00000,0.00000,0.00000,0.00000,0.00000,0.00000,0.00000,0.00000,0.00000,0.00000,0.00000,0.00000,0.00000,0.00000,0.00000,0.00000,0.00000,0.00000,0.00000,0.00000,0.00000,0.00000,0.00000,0.00000,0.00000,0.00000,0.00000,0.00000,0.00000,0.00000,0.00000,0.00000,0.00000,0.00000,0.00000,0.00000,0.00000,0.00000,0.00000,0.00000
6.7333,1,1,0.00,0.00,33.33,-0.09839,0.06198,0.53230,0.53002,0.53002,1.3000,0,0,0.19859,0.09380,0.02062,0.19687,0.09281,0.01936,0.47,0.01,0.53002,-0.53635,-0.08643,0.52410,1.14360,0.00001,0.99999,-0.53655,-0.08498,0.51670,1.13893,0.00000,1.00000,27,0.19945,0.09067,0.01494,0.19640,0.09380,0,0.97174,-0.00000,0.00001,0.23605,virtual,0,217.57,301.18,217.57,301.18,217.57,301.18,217.57,301.18,217.57,301.18,217.57,301.18,217.57,301.18,217.57,301.18,217.57,301.18,217.57,301.18,217.57,301.18,217.57,301.18,217.57,301.18,217.57,301.18,217.57,301.18,217.57,301.18,217.57,301.18,217.57,301.18,217.57,301.18,217.57,301.18,217.57,301.18,0.00000,0.00000,0.00000,0.00000,0.00000,0.00000,0.00000,0.00000,0.00000,0.00000,0.00000,0.00000,0.00000,0.00000,0.00000,0.00000,0.00000,0.00000,0.00000,0.00000,0.00000,0.00000,0.00000,0.00000,0.00000,0.00000,0.00000,0.00000,0.00000,0.00000,0.00000,0.00000,0.00000,0.00000,0.00000,0.00000,0.00000,0.00000,0.00000,0.00000,0.00000,0.00000,0.00000,0.00000,0.00000,0.00000,0.00000,0.00000,0.00000,0.00000,0.00000,0.00000,0.00000,0.00000,0.00000,0.00000,0.00000,0.00000,0.00000,0.00000,0.00000,0.00000,0.00000,0.00000,0.00000,0.00000,0.00000,0.00000,0.00000,0.00000,0.00000,0.00000,0.00000,0.00000,0.00000,0.00000,0.00000,0.00000,0.00000,0.00000,0.00000,0.00000,0.00000,0.00000
6.7667,1,1,0.00,0.00,33.33,-0.09858,0.05832,0.53321,0.53413,0.53413,1.3000,0,0,0.19813,0.09399,0.02427,0.19893,0.09431,0.02508,0.61,0.01,0.53413,-0.53765,-0.10020,0.49532,1.17364,0.00000,1.00000,-0.53824,-0.09822,0.50354,1.16537,0.00000,1.00000,27,0.19945,0.09067,0.01494,0.19640,0.09380,0,0.97174,-0.00000,0.00000,0.23605,virtual,0,217.50,296.73,217.50,296.73,217.50,296.73,217.50,296.73,217.50,296.73,217.50,296.73,217.50,296.73,217.50,296.73,217.50,296.73,217.50,296.73,217.50,296.73,217.50,296.73,217.50,296.73,217.50,296.73,217.50,296.73,217.50,296.73,217.50,296.73,217.50,296.73,217.50,296.73,217.50,296.73,217.50,296.73,0.00000,0.00000,0.00000,0.00000,0.00000,0.00000,0.00000,0.00000,0.00000,0.00000,0.00000,0.00000,0.00000,0.00000,0.00000,0.00000,0.00000,0.00000,0.00000,0.00000,0.00000,0.00000,0.00000,0.00000,0.00000,0.00000,0.00000,0.00000,0.00000,0.00000,0.00000,0.00000,0.00000,0.00000,0.00000,0.00000,0.00000,0.00000,0.00000,0.00000,0.00000,0.00000,0.00000,0.00000,0.00000,0.00000,0.00000,0.00000,0.00000,0.00000,0.00000,0.00000,0.00000,0.00000,0.00000,0.00000,0.00000,0.00000,0.00000,0.00000,0.00000,0.00000,0.00000,0.00000,0.00000,0.00000,0.00000,0.00000,0.00000,0.00000,0.00000,0.00000,0.00000,0.00000,0.00000,0.00000,0.00000,0.00000,0.00000,0.00000,0.00000,0.00000,0.00000,0.00000
6.8000,1,1,0.00,0.00,33.33,-0.09892,0.05450,0.53535,0.53750,0.53750,1.3000,0,0,0.19706,0.09433,0.02810,0.19683,0.09404,0.02817,0.69,0.00,0.53750,-0.54220,-0.12046,0.49329,1.19992,-0.00001,1.00000,-0.54258,-0.11546,0.49327,1.19291,0.00000,1.00000,27,0.19945,0.09067,0.01494,0.19640,0.09380,0,0.97174,-0.00000,0.00000,0.23605,virtual,0,217.65,292.25,217.65,292.25,217.65,292.25,217.65,292.25,217.65,292.25,217.65,292.25,217.65,292.25,217.65,292.25,217.65,292.25,217.65,292.25,217.65,292.25,217.65,292.25,217.65,292.25,217.65,292.25,217.65,292.25,217.65,292.25,217.65,292.25,217.65,292.25,217.65,292.25,217.65,292.25,217.65,292.25,0.00000,0.00000,0.00000,0.00000,0.00000,0.00000,0.00000,0.00000,0.00000,0.00000,0.00000,0.00000,0.00000,0.00000,0.00000,0.00000,0.00000,0.00000,0.00000,0.00000,0.00000,0.00000,0.00000,0.00000,0.00000,0.00000,0.00000,0.00000,0.00000,0.00000,0.00000,0.00000,0.00000,0.00000,0.00000,0.00000,0.00000,0.00000,0.00000,0.00000,0.00000,0.00000,0.00000,0.00000,0.00000,0.00000,0.00000,0.00000,0.00000,0.00000,0.00000,0.00000,0.00000,0.00000,0.00000,0.00000,0.00000,0.00000,0.00000,0.00000,0.00000,0.00000,0.00000,0.00000,0.00000,0.00000,0.00000,0.00000,0.00000,0.00000,0.00000,0.00000,0.00000,0.00000,0.00000,0.00000,0.00000,0.00000,0.00000,0.00000,0.00000,0.00000,0.00000,0.00000
6.8333,1,1,0.00,0.00,33.33,-0.09867,0.05024,0.53426,0.53317,0.53317,1.3000,0,0,0.19761,0.09408,0.03235,0.19731,0.09399,0.03233,0.63,0.01,0.53317,-0.54064,-0.12461,0.46521,1.23521,0.00000,0.99999,-0.54039,-0.12522,0.47058,1.22528,0.00000,1.00000,27,0.19945,0.09067,0.01494,0.19640,0.09380,0,0.97174,-0.00000,0.00000,0.23605,virtual,0,217.69,287.81,217.69,287.81,217.69,287.81,217.69,287.81,217.69,287.81,217.69,287.81,217.69,287.81,217.69,287.81,217.69,287.81,217.69,287.81,217.69,287.81,217.69,287.81,217.69,287.81,217.69,287.81,217.69,287.81,217.69,287.81,217.69,287.81,217.69,287.81,217.69,287.81,217.69,287.81,217.69,287.81,0.00000,0.00000,0.00000,0.00000,0.00000,0.00000,0.00000,0.00000,0.00000,0.00000,0.00000,0.00000,0.00000,0.00000,0.00000,0.00000,0.00000,0.00000,0.00000,0.00000,0.00000,0.00000,0.00000,0.00000,0.00000,0.00000,0.00000,0.00000,0.00000,0.00000,0.00000,0.00000,0.00000,0.00000,0.00000,0.00000,0.00000,0.00000,0.00000,0.00000,0.00000,0.00000,0.00000,0.00000,0.00000,0.00000,0.00000,0.00000,0.00000,0.00000,0.00000,0.00000,0.00000,0.00000,0.00000,0.00000,0.00000,0.00000,0.00000,0.00000,0.00000,0.00000,0.00000,0.00000,0.00000,0.00000,0.00000,0.00000,0.00000,0.00000,0.00000,0.00000,0.00000,0.00000,0.00000,0.00000,0.00000,0.00000,0.00000,0.00000,0.00000,0.00000,0.00000,0.00000
6.8667,1,1,0.00,0.00,33.33,-0.09877,0.04608,0.53508,0.53590,0.53590,1.3000,0,0,0.19720,0.09418,0.03651,0.19705,0.09400,0.03648,0.65,0.01,0.53590,-0.54143,-0.14291,0.45367,1.26037,-0.00000,0.99999,-0.54172,-0.13791,0.45245,1.25613,0.00000,1.00000,27,0.19945,0.09067,0.01494,0.19640,0.09380,0,0.97174,-0.00000,0.00000,0.23605,virtual,0,217.75,283.36,217.75,283.36,217.75,283.36,217.75,283.36,217.75,283.36,217.75,283.36,217.75,283.36,217.75,283.36,217.75,283.36,217.75,283.36,217.75,283.36,217.75,283.36,217.75,283.36,217.75,283.36,217.75,283.36,217.75,283.36,217.75,283.36,217.75,283.36,217.75,283.36,217.75,283.36,217.75,283.36,0.00000,0.00000,0.00000,0.00000,0.00000,0.00000,0.00000,0.00000,0.00000,0.00000,0.00000,0.00000,0.00000,0.00000,0.00000,0.00000,0.00000,0.00000,0.00000,0.00000,0.00000,0.00000,0.00000,0.00000,0.00000,0.00000,0.00000,0.00000,0.00000,0.00000,0.00000,0.00000,0.00000,0.00000,0.00000,0.00000,0.00000,0.00000,0.00000,0.00000,0.00000,0.00000,0.00000,0.00000,0.00000,0.00000,0.00000,0.00000,0.00000,0.00000,0.00000,0.00000,0.00000,0.00000,0.00000,0.00000,0.00000,0.00000,0.00000,0.00000,0.00000,0.00000,0.00000,0.00000,0.00000,0.00000,0.00000,0.00000,0.00000,0.00000,0.00000,0.00000,0.00000,0.00000,0.00000,0.00000,0.00000,0.00000,0.00000,0.00000,0.00000,0.00000,0.00000,0.00000
6.9000,1,1,0.00,0.00,33.33,-0.09829,0.04167,0.53279,0.53049,0.53049,1.3000,0,0,0.19835,0.09370,0.04093,0.19697,0.09308,0.04001,0.56,0.01,0.53049,-0.53736,-0.14210,0.42486,1.29839,0.00001,1.00000,-0.53676,-0.14240,0.42303,1.28997,0.00000,1.00000,27,0.19945,0.09067,0.01494,0.19640,0.09380,0,0.97174,-0.00000,0.00000,0.23605,virtual,0,217.81,278.92,217.81,278.92,217.81,278.92,217.81,278.92,217.81,278.92,217.81,278.92,217.81,278.92,217.81,278.92,217.81,278.92,217.81,278.92,217.81,278.92,217.81,278.92,217.81,278.92,217.81,278.92,217.81,278.92,217.81,278.92,217.81,278.92,217.81,278.92,217.81,278.92,217.81,278.92,217.81,278.92,0.00000,0.00000,0.00000,0.00000,0.00000,0.00000,0.00000,0.00000,0.00000,0.00000,0.00000,0.00000,0.00000,0.00000,0.00000,0.00000,0.00000,0.00000,0.00000,0.00000,0.00000,0.00000,0.00000,0.00000,0.00000,0.00000,0.00000,0.00000,0.00000,0.00000,0.00000,0.00000,0.00000,0.00000,0.00000,0.00000,0.00000,0.00000,0.00000,0.00000,0.00000,0.00000,0.00000,0.00000,0.00000,0.00000,0.00000,0.00000,0.00000,0.00000,0.00000,0.00000,0.00000,0.00000,0.00000,0.00000,0.00000,0.00000,0.00000,0.00000,0.00000,0.00000,0.00000,0.00000,0.00000,0.00000,0.00000,0.00000,0.00000,0.00000,0.00000,0.00000,0.00000,0.00000,0.00000,0.00000,0.00000,0.00000,0.00000,0.00000,0.00000,0.00000,0.00000,0.00000
6.9333,1,1,0.00,0.00,33.33,-0.09917,0.03770,0.53753,0.54228,0.54228,1.3000,0,0,0.19597,0.09458,0.04490,0.19617,0.09481,0.04560,0.72,0.00,0.54228,-0.54767,-0.16887,0.41243,1.32435,0.00000,1.00000,-0.54636,-0.16213,0.41489,1.31799,0.00000,1.00000,27,0.19945,0.09067,0.01494,0.19640,0.09380,0,0.97174,-0.00000,0.00000,0.23605,virtual,0,217.73,274.48,217.73,274.48,217.73,274.48,217.73,274.48,217.73,274.48,217.73,274.48,217.73,274.48,217.73,274.48,217.73,274.48,217.73,274.48,217.73,274.48,217.73,274.48,217.73,274.48,217.73,274.48,217.73,274.48,217.73,274.48,217.73,274.48,217.73,274.48,217.73,274.48,217.73,274.48,217.73,274.48,0.00000,0.00000,0.00000,0.00000,0.00000,0.00000,0.00000,0.00000,0.00000,0.00000,0.00000,0.00000,0.00000,0.00000,0.00000,0.00000,0.00000,0.00000,0.00000,0.00000,0.00000,0.00000,0.00000,0.00000,0.00000,0.00000,0.00000,0.00000,0.00000,0.00000,0.00000,0.00000,0.00000,0.00000,0.00000,0.00000,0.00000,0.00000,0.00000,0.00000,0.00000,0.00000,0.00000,0.00000,0.00000,0.00000,0.00000,0.00000,0.00000,0.00000,0.00000,0.00000,0.00000,0.00000,0.00000,0.00000,0.00000,0.00000,0.00000,0.00000,0.00000,0.00000,0.00000,0.00000,0.00000,0.00000,0.00000,0.00000,0.00000,0.00000,0.00000,0.00000,0.00000,0.00000,0.00000,0.00000,0.00000,0.00000,0.00000,0.00000,0.00000,0.00000,0.00000,0.00000
6.9667,1,1,0.00,0.00,33.33,-0.09828,0.03318,0.53312,0.52870,0.52870,1.3000,0,0,0.19818,0.09369,0.04941,0.19553,0.09216,0.04693,0.50,0.01,0.52870,-0.53703,-0.15504,0.38563,1.36146,0.00000,1.00000,-0.53744,-0.15978,0.37716,1.35316,0.00000,1.00000,27,0.19945,0.09067,0.01494,0.19640,0.09380,0,0.97174,-0.00000,0.00000,0.23605,virtual,0,217.90,270.06,217.90,270.06,217.90,270.06,217.90,270.06,217.90,270.06,217.90,270.06,217.90,270.06,217.90,270.06,217.90,270.06,217.90,270.06,217.90,270.06,217.90,270.06,217.90,270.06,217.90,270.06,217.90,270.06,217.90,270.06,217.90,270.06,217.90,270.06,217.90,270.06,217.90,270.06,217.90,270.06,0.00000,0.00000,0.00000,0.00000,0.00000,0.00000,0.00000,0.00000,0.00000,0.00000,0.00000,0.00000,0.00000,0.00000,0.00000,0.00000,0.00000,0.00000,0.00000,0.00000,0.00000,0.00000,0.00000,0.00000,0.00000,0.00000,0.00000,0.00000,0.00000,0.00000,0.00000,0.00000,0.00000,0.00000,0.00000,0.00000,0.00000,0.00000,0.00000,0.00000,0.00000,0.00000,0.00000,0.00000,0.00000,0.00000,0.00000,0.00000,0.00000,0.00000,0.00000,0.00000,0.00000,0.00000,0.00000,0.00000,0.00000,0.00000,0.00000,0.00000,0.00000,0.00000,0.00000,0.00000,0.00000,0.00000,0.00000,0.00000,0.00000,0.00000,0.00000,0.00000,0.00000,0.00000,0.00000,0.00000,0.00000,0.00000,0.00000,0.00000,0.00000,0.00000,0.00000,0.00000
7.0000,1,1,0.00,0.00,33.33,-0.09846,0.02894,0.53330,0.53348,0.53348,1.3000,0,0,0.19809,0.09387,0.05366,0.19948,0.09449,0.05565,0.53,0.01,0.53348,-0.53693,-0.16587,0.33405,1.39572,-0.00001,1.00000,-0.53787,-0.16487,0.35084,1.38465,0.00000,1.00000,27,0.19945,0.09067,0.01494,0.19640,0.09380,0,0.97174,-0.00000,0.00000,0.23605,virtual,0,217.53,265.65,217.53,265.65,217.53,265.65,217.53,265.65,217.53,265.65,217.53,265.65,217.53,265.65,217.53,265.65,217.53,265.65,217.53,265.65,217.53,265.65,217.53,265.65,217.53,265.65,217.53,265.65,217.53,265.65,217.53,265.65,217.53,265.65,217.53,265.65,217.53,265.65,217.53,265.65,217.53,265.65,0.00000,0.00000,0.00000,0.00000,0.00000,0.00000,0.00000,0.00000,0.00000,0.00000,0.00000,0.00000,0.00000,0.00000,0.00000,0.00000,0.00000,0.00000,0.00000,0.00000,0.00000,0.00000,0.00000,0.00000,0.00000,0.00000,0.00000,0.00000,0.00000,0.00000,0.00000,0.00000,0.00000,0.00000,0.00000,0.00000,0.00000,0.00000,0.00000,0.00000,0.00000,0.00000,0.00000,0.00000,0.00000,0.00000,0.00000,0.00000,0.00000,0.00000,0.00000,0.00000,0.00000,0.00000,0.00000,0.00000,0.00000,0.00000,0.00000,0.00000,0.00000,0.00000,0.00000,0.00000,0.00000,0.00000,0.00000,0.00000,0.00000,0.00000,0.00000,0.00000,0.00000,0.00000,0.00000,0.00000,0.00000,0.00000,0.00000,0.00000,0.00000,0.00000,0.00000,0.00000
7.0333,1,1,0.00,0.00,33.33,-0.09887,0.02482,0.53659,0.53988,0.53988,1.3000,0,0,0.19644,0.09428,0.05778,0.19594,0.09395,0.05752,0.63,0.01,0.53988,-0.54432,-0.18216,0.33641,1.42007,-0.00000,0.99999,-0.54393,-0.17899,0.33551,1.41417,0.00000,1.00000,27,0.19945,0.09067,0.01494,0.19640,0.09380,0,0.97174,-0.00000,0.00000,0.23605,virtual,0,218.07,261.25,218.07,261.25,218.07,261.25,218.07,261.25,218.07,261.25,218.07,261.25,218.07,261.25,218.07,261.25,218.07,261.25,218.07,261.25,218.07,261.25,218.07,261.25,218.07,261.25,218.07,261.25,218.07,261.25,218.07,261.25,218.07,261.25,218.07,261.25,218.07,261.25,218.07,261.25,218.07,261.25,0.00000,0.00000,0.00000,0.00000,0.00000,0.00000,0.00000,0.00000,0.00000,0.00000,0.00000,0.00000,0.00000,0.00000,0.00000,0.00000,0.00000,0.00000,0.00000,0.00000,0.00000,0.00000,0.00000,0.00000,0.00000,0.00000,0.00000,0.00000,0.00000,0.00000,0.00000,0.00000,0.00000,0.00000,0.00000,0.00000,0.00000,0.00000,0.00000,0.00000,0.00000,0.00000,0.00000,0.00000,0.00000,0.00000,0.00000,0.00000,0.00000,0.00000,0.00000,0.00000,0.00000,0.00000,0.00000,0.00000,0.00000,0.00000,0.00000,0.00000,0.00000,0.00000,0.00000,0.00000,0.00000,0.00000,0.00000,0.00000,0.00000,0.00000,0.00000,0.00000,0.00000,0.00000,0.00000,0.00000,0.00000,0.00000,0.00000,0.00000,0.00000,0.00000,0.00000,0.00000
7.0667,1,1,0.00,0.00,33.33,-0.09918,0.02063,0.53877,0.54095,0.54095,1.3000,0,0,0.19535,0.09459,0.06197,0.19526,0.09441,0.06217,0.59,0.01,0.54095,-0.54841,-0.18888,0.30890,1.45448,-0.00001,1.00000,-0.54857,-0.18965,0.31537,1.44495,0.00000,1.00000,27,0.19945,0.09067,0.01494,0.19640,0.09380,0,0.97174,-0.00000,0.00000,0.23605,virtual,0,218.07,256.85,218.07,256.85,218.07,256.85,218.07,256.85,218.07,256.85,218.07,256.85,218.07,256.85,218.07,256.85,218.07,256.85,218.07,256.85,218.07,256.85,218.07,256.85,218.07,256.85,218.07,256.85,218.07,256.85,218.07,256.85,218.07,256.85,218.07,256.85,218.07,256.85,218.07,256.85,218.07,256.85,0.00000,0.00000,0.00000,0.00000,0.00000,0.00000,0.00000,0.00000,0.00000,0.00000,0.00000,0.00000,0.00000,0.00000,0.00000,0.00000,0.00000,0.00000,0.00000,0.00000,0.00000,0.00000,0.00000,0.00000,0.00000,0.00000,0.00000,0.00000,0.00000,0.00000,0.00000,0.00000,0.00000,0.00000,0.00000,0.00000,0.00000,0.00000,0.00000,0.00000,0.00000,0.00000,0.00000,0.00000,0.00000,0.00000,0.00000,0.00000,0.00000,0.00000,0.00000,0.00000,0.00000,0.00000,0.00000,0.00000,0.00000,0.00000,0.00000,0.00000,0.00000,0.00000,0.00000,0.00000,0.00000,0.00000,0.00000,0.00000,0.00000,0.00000,0.00000,0.00000,0.00000,0.00000,0.00000,0.00000,0.00000,0.00000,0.00000,0.00000,0.00000,0.00000,0.00000,0.00000
7.1000,1,1,0.00,0.00,33.33,-0.09981,0.01862,0.54249,0.54620,0.54620,1.3000,0,0,0.19350,0.09522,0.06398,0.19401,0.09560,0.06426,0.42,0.00,0.54620,-0.55751,-0.20541,0.31129,1.46026,-0.00002,1.00000,-0.55660,-0.20223,0.31211,1.46090,0.00000,1.00000,27,0.19945,0.09067,0.01494,0.19640,0.09380,0,0.97174,-0.00000,0.00000,0.23605,virtual,0,218.07,256.85,218.07,256.85,218.07,256.85,218.07,256.85,218.07,256.85,218.07,256.85,218.07,256.85,218.07,256.85,218.07,256.85,218.07,256.85,218.07,256.85,218.07,256.85,218.07,256.85,218.07,256.85,218.07,256.85,218.07,256.85,218.07,256.85,218.07,256.85,218.07,256.85,218.07,256.85,218.07,256.85,0.00000,0.00000,0.00000,0.00000,0.00000,0.00000,0.00000,0.00000,0.00000,0.00000,0.00000,0.00000,0.00000,0.00000,0.00000,0.00000,0.00000,0.00000,0.00000,0.00000,0.00000,0.00000,0.00000,0.00000,0.00000,0.00000,0.00000,0.00000,0.00000,0.00000,0.00000,0.00000,0.00000,0.00000,0.00000,0.00000,0.00000,0.00000,0.00000,0.00000,0.00000,0.00000,0.00000,0.00000,0.00000,0.00000,0.00000,0.00000,0.00000,0.00000,0.00000,0.00000,0.00000,0.00000,0.00000,0.00000,0.00000,0.00000,0.00000,0.00000,0.00000,0.00000,0.00000,0.00000,0.00000,0.00000,0.00000,0.00000,0.00000,0.00000,0.00000,0.00000,0.00000,0.00000,0.00000,0.00000,0.00000,0.00000,0.00000,0.00000,0.00000,0.00000,0.00000,0.00000
7.1333,1,1,0.00,0.00,33.33,-0.09952,0.01751,0.54103,0.53957,0.53957,1.3000,0,0,0.19423,0.09493,0.06509,0.19402,0.09496,0.06500,0.14,0.00,0.53957,-0.55453,-0.20111,0.30085,1.47197,0.00000,1.00000,-0.55399,-0.20055,0.30059,1.47068,0.00000,1.00000,27,0.19945,0.09067,0.01494,0.19640,0.09380,0,0.97174,-0.00000,0.00000,0.23605,virtual,0,218.07,256.85,218.07,256.85,218.07,256.85,218.07,256.85,218.07,256.85,218.07,256.85,218.07,256.85,218.07,256.85,218.07,256.85,218.07,256.85,218.07,256.85,218.07,256.85,218.07,256.85,218.07,256.85,218.07,256.85,218.07,256.85,218.07,256.85,218.07,256.85,218.07,256.85,218.07,256.85,218.07,256.85,0.00000,0.00000,0.00000,0.00000,0.00000,0.00000,0.00000,0.00000,0.00000,0.00000,0.00000,0.00000,0.00000,0.00000,0.00000,0.00000,0.00000,0.00000,0.00000,0.00000,0.00000,0.00000,0.00000,0.00000,0.00000,0.00000,0.00000,0.00000,0.00000,0.00000,0.00000,0.00000,0.00000,0.00000,0.00000,0.00000,0.00000,0.00000,0.00000,0.00000,0.00000,0.00000,0.00000,0.00000,0.00000,0.00000,0.00000,0.00000,0.00000,0.00000,0.00000,0.00000,0.00000,0.00000,0.00000,0.00000,0.00000,0.00000,0.00000,0.00000,0.00000,0.00000,0.00000,0.00000,0.00000,0.00000,0.00000,0.00000,0.00000,0.00000,0.00000,0.00000,0.00000,0.00000,0.00000,0.00000,0.00000,0.00000,0.00000,0.00000,0.00000,0.00000,0.00000,0.00000
7.1667,1,1,0.00,0.00,33.33,-0.09988,0.01704,0.54303,0.54503,0.54503,1.3000,0,0,0.19323,0.09529,0.06556,0.19344,0.09517,0.06533,0.14,0.00,0.54503,-0.55718,-0.20487,0.30231,1.47406,-0.00001,1.00000,-0.55804,-0.20615,0.30270,1.47427,0.00000,1.00000,27,0.19945,0.09067,0.01494,0.19640,0.09380,0,0.97174,0.00000,-0.00000,0.23605,virtual,0,218.07,256.85,218.07,256.85,218.07,256.85,218.07,256.85,218.07,256.85,218.07,256.85,218.07,256.85,218.07,256.85,218.07,256.85,218.07,256.85,218.07,256.85,218.07,256.85,218.07,256.85,218.07,256.85,218.07,256.85,218.07,256.85,218.07,256.85,218.07,256.85,218.07,256.85,218.07,256.85,218.07,256.85,0.00000,0.00000,0.00000,0.00000,0.00000,0.00000,0.00000,0.00000,0.00000,0.00000,0.00000,0.00000,0.00000,0.00000,0.00000,0.00000,0.00000,0.00000,0.00000,0.00000,0.00000,0.00000,0.00000,0.00000,0.00000,0.00000,0.00000,0.00000,0.00000,0.00000,0.00000,0.00000,0.00000,0.00000,0.00000,0.00000,0.00000,0.00000,0.00000,0.00000,0.00000,0.00000,0.00000,0.00000,0.00000,0.00000,0.00000,0.00000,0.00000,0.00000,0.00000,0.00000,0.00000,0.00000,0.00000,0.00000,0.00000,0.00000,0.00000,0.00000,0.00000,0.00000,0.00000,0.00000,0.00000,0.00000,0.00000,0.00000,0.00000,0.00000,0.00000,0.00000,0.00000,0.00000,0.00000,0.00000,0.00000,0.00000,0.00000,0.00000,0.00000,0.00000,0.00000,0.00000
7.2000,1,1,0.00,0.00,33.33,-0.09896,0.01662,0.53806,0.53309,0.53309,1.3000,0,0,0.19571,0.09437,0.06598,0.19568,0.09460,0.06585,0.16,0.01,0.53309,-0.54806,-0.19223,0.28540,1.47759,-0.00001,1.00000,-0.54762,-0.19405,0.28614,1.47859,0.00000,1.00000,27,0.19945,0.09067,0.01494,0.19640,0.09380,0,0.97174,0.00000,-0.00000,0.23605,virtual,0,218.07,256.85,218.07,256.85,218.07,256.85,218.07,256.85,218.07,256.85,218.07,256.85,218.07,256.85,218.07,256.85,218.07,256.85,218.07,256.85,218.07,256.85,218.07,256.85,218.07,256.85,218.07,256.85,218.07,256.85,218.07,256.85,218.07,256.85,218.07,256.85,218.07,256.85,218.07,256.85,218.07,256.85,0.00000,0.00000,0.00000,0.00000,0.00000,0.00000,0.00000,0.00000,0.00000,0.00000,0.00000,0.00000,0.00000,0.00000,0.00000,0.00000,0.00000,0.00000,0.00000,0.00000,0.00000,0.00000,0.00000,0.00000,0.00000,0.00000,0.00000,0.00000,0.00000,0.00000,0.00000,0.00000,0.00000,0.00000,0.00000,0.00000,0.00000,0.00000,0.00000,0.00000,0.00000,0.00000,0.00000,0.00000,0.00000,0.00000,0.00000,0.00000,0.00000,0.00000,0.00000,0.00000,0.00000,0.00000,0.00000,0.00000,0.00000,0.00000,0.00000,0.00000,0.00000,0.00000,0.00000,0.00000,0.00000,0.00000,0.00000,0.00000,0.00000,0.00000,0.00000,0.00000,0.00000,0.00000,0.00000,0.00000,0.00000,0.00000,0.00000,0.00000,0.00000,0.00000,0.00000,0.00000
7.2333,1,1,0.00,0.00,33.33,-0.10012,0.01668,0.54439,0.55071,0.55071,1.3000,0,0,0.19254,0.09553,0.06592,0.19105,0.09526,0.06517,0.26,0.01,0.55071,-0.56463,-0.21577,0.31435,1.47736,-0.00000,1.00000,-0.56038,-0.20968,0.30380,1.47680,0.00000,1.00000,27,0.19945,0.09067,0.01494,0.19640,0.09380,0,0.97174,-0.00000,0.00000,0.23605,virtual,0,218.07,256.85,218.07,256.85,218.07,256.85,218.07,256.85,218.07,256.85,218.07,256.85,218.07,256.85,218.07,256.85,218.07,256.85,218.07,256.85,218.07,256.85,218.07,256.85,218.07,256.85,218.07,256.85,218.07,256.85,218.07,256.85,218.07,256.85,218.07,256.85,218.07,256.85,218.07,256.85,218.07,256.85,0.00000,0.00000,0.00000,0.00000,0.00000,0.00000,0.00000,0.00000,0.00000,0.00000,0.00000,0.00000,0.00000,0.00000,0.00000,0.00000,0.00000,0.00000,0.00000,0.00000,0.00000,0.00000,0.00000,0.00000,0.00000,0.00000,0.00000,0.00000,0.00000,0.00000,0.00000,0.00000,0.00000,0.00000,0.00000,0.00000,0.00000,0.00000,0.00000,0.00000,0.00000,0.00000,0.00000,0.00000,0.00000,0.00000,0.00000,0.00000,0.00000,0.00000,0.00000,0.00000,0.00000,0.00000,0.00000,0.00000,0.00000,0.00000,0.00000,0.00000,0.00000,0.00000,0.00000,0.00000,0.00000,0.00000,0.00000,0.00000,0.00000,0.00000,0.00000,0.00000,0.00000,0.00000,0.00000,0.00000,0.00000,0.00000,0.00000,0.00000,0.00000,0.00000,0.00000,0.00000
7.2667,1,1,0.00,0.00,33.33,-0.09934,0.01649,0.54016,0.53592,0.53592,1.3000,0,0,0.19466,0.09475,0.06611,0.19519,0.09503,0.06592,0.14,0.01,0.53592,-0.55145,-0.19306,0.28564,1.47879,-0.00000,1.00000,-0.55225,-0.19996,0.29123,1.47944,0.00000,1.00000,27,0.19945,0.09067,0.01494,0.19640,0.09380,0,0.97174,-0.00000,0.00000,0.23605,virtual,0,218.07,256.85,218.07,256.85,218.07,256.85,218.07,256.85,218.07,256.85,218.07,256.85,218.07,256.85,218.07,256.85,218.07,256.85,218.07,256.85,218.07,256.85,218.07,256.85,218.07,256.85,218.07,256.85,218.07,256.85,218.07,256.85,218.07,256.85,218.07,256.85,218.07,256.85,218.07,256.85,218.07,256.85,0.00000,0.00000,0.00000,0.00000,0.00000,0.00000,0.00000,0.00000,0.00000,0.00000,0.00000,0.00000,0.00000,0.00000,0.00000,0.00000,0.00000,0.00000,0.00000,0.00000,0.00000,0.00000,0.00000,0.00000,0.00000,0.00000,0.00000,0.00000,0.00000,0.00000,0.00000,0.00000,0.00000,0.00000,0.00000,0.00000,0.00000,0.00000,0.00000,0.00000,0.00000,0.00000,0.00000,0.00000,0.00000,0.00000,0.00000,0.00000,0.00000,0.00000,0.00000,0.00000,0.00000,0.00000,0.00000,0.00000,0.00000,0.00000,0.00000,0.00000,0.00000,0.00000,0.00000,0.00000,0.00000,0.00000,0.00000,0.00000,0.00000,0.00000,0.00000,0.00000,0.00000,0.00000,0.00000,0.00000,0.00000,0.00000,0.00000,0.00000,0.00000,0.00000,0.00000,0.00000
7.3000,1,1,0.00,0.00,33.33,-0.09991,0.01655,0.54326,0.54636,0.54636,1.3000,0,0,0.19311,0.09532,0.06605,0.19269,0.09461,0.06538,0.12,0.00,0.54636,-0.55676,-0.20740,0.30422,1.47869,0.00000,0.99999,-0.55836,-0.20725,0.29980,1.47831,0.00000,1.00000,27,0.19945,0.09067,0.01494,0.19640,0.09380,0,0.97174,-0.00000,0.00000,0.23605,virtual,0,218.07,256.85,218.07,256.85,218.07,256.85,218.07,256.85,218.07,256.85,218.07,256.85,218.07,256.85,218.07,256.85,218.07,256.85,218.07,256.85,218.07,256.85,218.07,256.85,218.07,256.85,218.07,256.85,218.07,256.85,218.07,256.85,218.07,256.85,218.07,256.85,218.07,256.85,218.07,256.85,218.07,256.85,0.00000,0.00000,0.00000,0.00000,0.00000,0.00000,0.00000,0.00000,0.00000,0.00000,0.00000,0.00000,0.00000,0.00000,0.00000,0.00000,0.00000,0.00000,0.00000,0.00000,0.00000,0.00000,0.00000,0.00000,0.00000,0.00000,0.00000,0.00000,0.00000,0.00000,0.00000,0.00000,0.00000,0.00000,0.00000,0.00000,0.00000,0.00000,0.00000,0.00000,0.00000,0.00000,0.00000,0.00000,0.00000,0.00000,0.00000,0.00000,0.00000,0.00000,0.00000,0.00000,0.00000,0.00000,0.00000,0.00000,0.00000,0.00000,0.00000,0.00000,0.00000,0.00000,0.00000,0.00000,0.00000,0.00000,0.00000,0.00000,0.00000,0.00000,0.00000,0.00000,0.00000,0.00000,0.00000,0.00000,0.00000,0.00000,0.00000,0.00000,0.00000,0.00000,0.00000,0.00000
7.3333,1,1,0.00,0.00,33.33,-0.09880,0.01635,0.53721,0.53117,0.53117,1.3000,0,0,0.19613,0.09421,0.06625,0.19654,0.09405,0.06556,0.22,0.01,0.53117,-0.54308,-0.18221,0.27662,1.48066,0.00000,0.99999,-0.54579,-0.19220,0.28188,1.48100,0.00000,1.00000,27,0.19945,0.09067,0.01494,0.19640,0.09380,0,0.97174,-0.00000,0.00000,0.23605,virtual,0,218.07,256.85,218.07,256.85,218.07,256.85,218.07,256.85,218.07,256.85,218.07,256.85,218.07,256.85,218.07,256.85,218.07,256.85,218.07,256.85,218.07,256.85,218.07,256.85,218.07,256.85,218.07,256.85,218.07,256.85,218.07,256.85,218.07,256.85,218.07,256.85,218.07,256.85,218.07,256.85,218.07,256.85,0.00000,0.00000,0.00000,0.00000,0.00000,0.00000,0.00000,0.00000,0.00000,0.00000,0.00000,0.00000,0.00000,0.00000,0.00000,0.00000,0.00000,0.00000,0.00000,0.00000,0.00000,0.00000,0.00000,0.00000,0.00000,0.00000,0.00000,0.00000,0.00000,0.00000,0.00000,0.00000,0.00000,0.00000,0.00000,0.00000,0.00000,0.00000,0.00000,0.00000,0.00000,0.00000,0.00000,0.00000,0.00000,0.00000,0.00000,0.00000,0.00000,0.00000,0.00000,0.00000,0.00000,0.00000,0.00000,0.00000,0.00000,0.00000,0.00000,0.00000,0.00000,0.00000,0.00000,0.00000,0.00000,0.00000,0.00000,0.00000,0.00000,0.00000,0.00000,0.00000,0.00000,0.00000,0.00000,0.00000,0.00000,0.00000,0.00000,0.00000,0.00000,0.00000,0.00000,0.00000
7.3667,1,1,0.00,0.00,33.33,-0.09937,0.01643,0.54035,0.54348,0.54348,1.3000,0,0,0.19456,0.09478,0.06616,0.19410,0.09423,0.06584,0.11,0.00,0.54348,-0.55088,-0.20181,0.29515,1.48008,-0.00000,1.00000,-0.55166,-0.19910,0.29046,1.47949,0.00000,1.00000,27,0.19945,0.09067,0.01494,0.19640,0.09380,0,0.97174,0.00000,-0.00000,0.23605,virtual,0,218.07,256.85,218.07,256.85,218.07,256.85,218.07,256.85,218.07,256.85,218.07,256.85,218.07,256.85,218.07,256.85,218.07,256.85,218.07,256.85,218.07,256.85,218.07,256.85,218.07,256.85,218.07,256.85,218.07,256.85,218.07,256.85,218.07,256.85,218.07,256.85,218.07,256.85,218.07,256.85,218.07,256.85,0.00000,0.00000,0.00000,0.00000,0.00000,0.00000,0.00000,0.00000,0.00000,0.00000,0.00000,0.00000,0.00000,0.00000,0.00000,0.00000,0.00000,0.00000,0.00000,0.00000,0.00000,0.00000,0.00000,0.00000,0.00000,0.00000,0.00000,0.00000,0.00000,0.00000,0.00000,0.00000,0.00000,0.00000,0.00000,0.00000,0.00000,0.00000,0.00000,0.00000,0.00000,0.00000,0.00000,0.00000,0.00000,0.00000,0.00000,0.00000,0.00000,0.00000,0.00000,0.00000,0.00000,0.00000,0.00000,0.00000,0.00000,0.00000,0.00000,0.00000,0.00000,0.00000,0.00000,0.00000,0.00000,0.00000,0.00000,0.00000,0.00000,0.00000,0.00000,0.00000,0.00000,0.00000,0.00000,0.00000,0.00000,0.00000,0.00000,0.00000,0.00000,0.00000,0.00000,0.00000
7.4000,1,1,0.00,0.00,33.33,-0.09899,0.01637,0.53824,0.53613,0.53613,1.3000,0,0,0.19562,0.09440,0.06623,0.19544,0.09455,0.06631,0.07,0.00,0.53613,-0.54854,-0.19506,0.28497,1.48032,0.00000,0.99999,-0.54759,-0.19412,0.28434,1.48053,0.00000,1.00000,27,0.19945,0.09067,0.01494,0.19640,0.09380,0,0.97174,0.00000,-0.00000,0.23605,virtual,0,218.07,256.85,218.07,256.85,218.07,256.85,218.07,256.85,218.07,256.85,218.07,256.85,218.07,256.85,218.07,256.85,218.07,256.85,218.07,256.85,218.07,256.85,218.07,256.85,218.07,256.85,218.07,256.85,218.07,256.85,218.07,256.85,218.07,256.85,218.07,256.85,218.07,256.85,218.07,256.85,218.07,256.85,0.00000,0.00000,0.00000,0.00000,0.00000,0.00000,0.00000,0.00000,0.00000,0.00000,0.00000,0.00000,0.00000,0.00000,0.00000,0.00000,0.00000,0.00000,0.00000,0.00000,0.00000,0.00000,0.00000,0.00000,0.00000,0.00000,0.00000,0.00000,0.00000,0.00000,0.00000,0.00000,0.00000,0.00000,0.00000,0.00000,0.00000,0.00000,0.00000,0.00000,0.00000,0.00000,0.00000,0.00000,0.00000,0.00000,0.00000,0.00000,0.00000,0.00000,0.00000,0.00000,0.00000,0.00000,0.00000,0.00000,0.00000,0.00000,0.00000,0.00000,0.00000,0.00000,0.00000,0.00000,0.00000,0.00000,0.00000,0.00000,0.00000,0.00000,0.00000,0.00000,0.00000,0.00000,0.00000,0.00000,0.00000,0.00000,0.00000,0.00000,0.00000,0.00000,0.00000,0.00000
7.4333,1,1,0.00,0.00,33.33,-0.09815,0.01623,0.53368,0.52912,0.52912,1.3000,0,0,0.19790,0.09356,0.06637,0.19843,0.09311,0.06600,0.18,0.01,0.52912,-0.53346,-0.17531,0.26625,1.48212,0.00001,0.99999,-0.53765,-0.18177,0.27006,1.48240,0.00000,1.00000,27,0.19945,0.09067,0.01494,0.19640,0.09380,0,0.97174,-0.00000,-0.00000,0.23605,virtual,0,218.07,256.85,218.07,256.85,218.07,256.85,218.07,256.85,218.07,256.85,218.07,256.85,218.07,256.85,218.07,256.85,218.07,256.85,218.07,256.85,218.07,256.85,218.07,256.85,218.07,256.85,218.07,256.85,218.07,256.85,218.07,256.85,218.07,256.85,218.07,256.85,218.07,256.85,218.07,256.85,218.07,256.85,0.00000,0.00000,0.00000,0.00000,0.00000,0.00000,0.00000,0.00000,0.00000,0.00000,0.00000,0.00000,0.00000,0.00000,0.00000,0.00000,0.00000,0.00000,0.00000,0.00000,0.00000,0.00000,0.00000,0.00000,0.00000,0.00000,0.00000,0.00000,0.00000,0.00000,0.00000,0.00000,0.00000,0.00000,0.00000,0.00000,0.00000,0.00000,0.00000,0.00000,0.00000,0.00000,0.00000,0.00000,0.00000,0.00000,0.00000,0.00000,0.00000,0.00000,0.00000,0.00000,0.00000,0.00000,0.00000,0.00000,0.00000,0.00000,0.00000,0.00000,0.00000,0.00000,0.00000,0.00000,0.00000,0.00000,0.00000,0.00000,0.00000,0.00000,0.00000,0.00000,0.00000,0.00000,0.00000,0.00000,0.00000,0.00000,0.00000,0.00000,0.00000,0.00000,0.00000,0.00000
7.4667,1,1,0.00,0.00,33.33,-0.09611,0.01589,0.52258,0.51147,0.51147,1.3000,0,0,0.20345,0.09152,0.06671,0.20452,0.09075,0.06590,0.43,0.01,0.51147,-0.50625,-0.13705,0.22568,1.48628,-0.00000,1.00000,-0.51383,-0.15121,0.23452,1.48723,0.00000,1.00000,27,0.19945,0.09067,0.01494,0.19640,0.09380,0,0.97174,-0.00000,0.00000,0.23605,virtual,0,218.07,256.85,218.07,256.85,218.07,256.85,218.07,256.85,218.07,256.85,218.07,256.85,218.07,256.85,218.07,256.85,218.07,256.85,218.07,256.85,218.07,256.85,218.07,256.85,218.07,256.85,218.07,256.85,218.07,256.85,218.07,256.85,218.07,256.85,218.07,256.85,218.07,256.85,218.07,256.85,218.07,256.85,0.00000,0.00000,0.00000,0.00000,0.00000,0.00000,0.00000,0.00000,0.00000,0.00000,0.00000,0.00000,0.00000,0.00000,0.00000,0.00000,0.00000,0.00000,0.00000,0.00000,0.00000,0.00000,0.00000,0.00000,0.00000,0.00000,0.00000,0.00000,0.00000,0.00000,0.00000,0.00000,0.00000,0.00000,0.00000,0.00000,0.00000,0.00000,0.00000,0.00000,0.00000,0.00000,0.00000,0.00000,0.00000,0.00000,0.00000,0.00000,0.00000,0.00000,0.00000,0.00000,0.00000,0.00000,0.00000,0.00000,0.00000,0.00000,0.00000,0.00000,0.00000,0.00000,0.00000,0.00000,0.00000,0.00000,0.00000,0.00000,0.00000,0.00000,0.00000,0.00000,0.00000,0.00000,0.00000,0.00000,0.00000,0.00000,0.00000,0.00000,0.00000,0.00000,0.00000,0.00000
7.5000,1,1,0.00,0.00,33.33,-0.09619,0.01590,0.52304,0.52351,0.52351,1.3000,0,0,0.20322,0.09160,0.06670,0.20268,0.09150,0.06686,0.23,0.01,0.52351,-0.51454,-0.15378,0.23708,1.48755,-0.00000,1.00000,-0.51383,-0.15121,0.23452,1.48723,0.00000,1.00000,27,0.19945,0.09067,0.01494,0.19640,0.09380,0,0.97174,-0.00000,0.00000,0.23605,virtual,0,218.07,256.85,218.07,256.85,218.07,256.85,218.07,256.85,218.07,256.85,218.07,256.85,218.07,256.85,218.07,256.85,218.07,256.85,218.07,256.85,218.07,256.85,218.07,256.85,218.07,256.85,218.07,256.85,218.07,256.85,218.07,256.85,218.07,256.85,218.07,256.85,218.07,256.85,218.07,256.85,218.07,256.85,0.00000,0.00000,0.00000,0.00000,0.00000,0.00000,0.00000,0.00000,0.00000,0.00000,0.00000,0.00000,0.00000,0.00000,0.00000,0.00000,0.00000,0.00000,0.00000,0.00000,0.00000,0.00000,0.00000,0.00000,0.00000,0.00000,0.00000,0.00000,0.00000,0.00000,0.00000,0.00000,0.00000,0.00000,0.00000,0.00000,0.00000,0.00000,0.00000,0.00000,0.00000,0.00000,0.00000,0.00000,0.00000,0.00000,0.00000,0.00000,0.00000,0.00000,0.00000,0.00000,0.00000,0.00000,0.00000,0.00000,0.00000,0.00000,0.00000,0.00000,0.00000,0.00000,0.00000,0.00000,0.00000,0.00000,0.00000,0.00000,0.00000,0.00000,0.00000,0.00000,0.00000,0.00000,0.00000,0.00000,0.00000,0.00000,0.00000,0.00000,0.00000,0.00000,0.00000,0.00000
7.5333,1,1,0.00,0.00,33.33,-0.09578,0.01583,0.52083,0.51861,0.51861,1.3000,0,0,0.20433,0.09119,0.06677,0.20415,0.09121,0.06639,0.11,0.00,0.51861,-0.50934,-0.14032,0.22582,1.48781,0.00001,1.00000,-0.50915,-0.14342,0.22622,1.48794,0.00000,1.00000,27,0.19945,0.09067,0.01494,0.19640,0.09380,0,0.97174,-0.00000,0.00000,0.23605,virtual,0,218.07,256.85,218.07,256.85,218.07,256.85,218.07,256.85,218.07,256.85,218.07,256.85,218.07,256.85,218.07,256.85,218.07,256.85,218.07,256.85,218.07,256.85,218.07,256.85,218.07,256.85,218.07,256.85,218.07,256.85,218.07,256.85,218.07,256.85,218.07,256.85,218.07,256.85,218.07,256.85,218.07,256.85,0.00000,0.00000,0.00000,0.00000,0.00000,0.00000,0.00000,0.00000,0.00000,0.00000,0.00000,0.00000,0.00000,0.00000,0.00000,0.00000,0.00000,0.00000,0.00000,0.00000,0.00000,0.00000,0.00000,0.00000,0.00000,0.00000,0.00000,0.00000,0.00000,0.00000,0.00000,0.00000,0.00000,0.00000,0.00000,0.00000,0.00000,0.00000,0.00000,0.00000,0.00000,0.00000,0.00000,0.00000,0.00000,0.00000,0.00000,0.00000,0.00000,0.00000,0.00000,0.00000,0.00000,0.00000,0.00000,0.00000,0.00000,0.00000,0.00000,0.00000,0.00000,0.00000,0.00000,0.00000,0.00000,0.00000,0.00000,0.00000,0.00000,0.00000,0.00000,0.00000,0.00000,0.00000,0.00000,0.00000,0.00000,0.00000,0.00000,0.00000,0.00000,0.00000,0.00000,0.00000
7.5667,1,1,0.00,0.00,33.33,-0.09607,0.01588,0.52237,0.52390,0.52390,1.3000,0,0,0.20356,0.09148,0.06672,0.20428,0.09114,0.06672,0.73,0.00,0.52390,-0.50868,-0.14248,0.22587,1.48795,-0.00000,1.00000,-0.50915,-0.14342,0.22622,1.48794,0.00000,1.00000,27,0.19945,0.09067,0.01494,0.19640,0.09380,0,0.97174,0.00000,-0.00000,0.23605,virtual,0,218.07,256.85,218.07,256.85,218.07,256.85,218.07,256.85,218.07,256.85,218.07,256.85,218.07,256.85,218.07,256.85,218.07,256.85,218.07,256.85,218.07,256.85,218.07,256.85,218.07,256.85,218.07,256.85,218.07,256.85,218.07,256.85,218.07,256.85,218.07,256.85,218.07,256.85,218.07,256.85,218.07,256.85,0.00000,0.00000,0.00000,0.00000,0.00000,0.00000,0.00000,0.00000,0.00000,0.00000,0.00000,0.00000,0.00000,0.00000,0.00000,0.00000,0.00000,0.00000,0.00000,0.00000,0.00000,0.00000,0.00000,0.00000,0.00000,0.00000,0.00000,0.00000,0.00000,0.00000,0.00000,0.00000,0.00000,0.00000,0.00000,0.00000,0.00000,0.00000,0.00000,0.00000,0.00000,0.00000,0.00000,0.00000,0.00000,0.00000,0.00000,0.00000,0.00000,0.00000,0.00000,0.00000,0.00000,0.00000,0.00000,0.00000,0.00000,0.00000,0.00000,0.00000,0.00000,0.00000,0.00000,0.00000,0.00000,0.00000,0.00000,0.00000,0.00000,0.00000,0.00000,0.00000,0.00000,0.00000,0.00000,0.00000,0.00000,0.00000,0.00000,0.00000,0.00000,0.00000,0.00000,0.00000
7.6000,1,1,0.00,0.00,33.33,-0.09566,0.01581,0.52017,0.51798,0.51798,1.3000,0,0,0.20465,0.09107,0.06679,0.20420,0.09119,0.06674,0.44,0.00,0.51798,-0.50914,-0.14313,0.22639,1.48792,-0.00000,1.00000,-0.50915,-0.14342,0.22622,1.48794,0.00000,1.00000,27,0.19945,0.09067,0.01494,0.19640,0.09380,0,0.97174,0.00000,-0.00000,0.23605,virtual,0,218.07,256.85,218.07,256.85,218.07,256.85,218.07,256.85,218.07,256.85,218.07,256.85,218.07,256.85,218.07,256.85,218.07,256.85,218.07,256.85,218.07,256.85,218.07,256.85,218.07,256.85,218.07,256.85,218.07,256.85,218.07,256.85,218.07,256.85,218.07,256.85,218.07,256.85,218.07,256.85,218.07,256.85,0.00000,0.00000,0.00000,0.00000,0.00000,0.00000,0.00000,0.00000,0.00000,0.00000,0.00000,0.00000,0.00000,0.00000,0.00000,0.00000,0.00000,0.00000,0.00000,0.00000,0.00000,0.00000,0.00000,0.00000,0.00000,0.00000,0.00000,0.00000,0.00000,0.00000,0.00000,0.00000,0.00000,0.00000,0.00000,0.00000,0.00000,0.00000,0.00000,0.00000,0.00000,0.00000,0.00000,0.00000,0.00000,0.00000,0.00000,0.00000,0.00000,0.00000,0.00000,0.00000,0.00000,0.00000,0.00000,0.00000,0.00000,0.00000,0.00000,0.00000,0.00000,0.00000,0.00000,0.00000,0.00000,0.00000,0.00000,0.00000,0.00000,0.00000,0.00000,0.00000,0.00000,0.00000,0.00000,0.00000,0.00000,0.00000,0.00000,0.00000,0.00000,0.00000,0.00000,0.00000
7.6333,1,1,0.00,0.00,33.33,-0.09672,0.01599,0.52593,0.53169,0.53169,1.3000,0,0,0.20177,0.09213,0.06661,0.20060,0.09202,0.06592,0.20,0.01,0.53169,-0.52247,-0.15975,0.25005,1.48569,0.00000,1.00000,-0.51906,-0.15678,0.24274,1.48495,0.00000,1.00000,27,0.19945,0.09067,0.01494,0.19640,0.09380,0,0.97174,0.00000,-0.00000,0.23605,virtual,0,218.07,256.85,218.07,256.85,218.07,256.85,218.07,256.85,218.07,256.85,218.07,256.85,218.07,256.85,218.07,256.85,218.07,256.85,218.07,256.85,218.07,256.85,218.07,256.85,218.07,256.85,218.07,256.85,218.07,256.85,218.07,256.85,218.07,256.85,218.07,256.85,218.07,256.85,218.07,256.85,218.07,256.85,0.00000,0.00000,0.00000,0.00000,0.00000,0.00000,0.00000,0.00000,0.00000,0.00000,0.00000,0.00000,0.00000,0.00000,0.00000,0.00000,0.00000,0.00000,0.00000,0.00000,0.00000,0.00000,0.00000,0.00000,0.00000,0.00000,0.00000,0.00000,0.00000,0.00000,0.00000,0.00000,0.00000,0.00000,0.00000,0.00000,0.00000,0.00000,0.00000,0.00000,0.00000,0.00000,0.00000,0.00000,0.00000,0.00000,0.00000,0.00000,0.00000,0.00000,0.00000,0.00000,0.00000,0.00000,0.00000,0.00000,0.00000,0.00000,0.00000,0.00000,0.00000,0.00000,0.00000,0.00000,0.00000,0.00000,0.00000,0.00000,0.00000,0.00000,0.00000,0.00000,0.00000,0.00000,0.00000,0.00000,0.00000,0.00000,0.00000,0.00000,0.00000,0.00000,0.00000,0.00000
7.6667,1,1,0.00,0.00,33.33,-0.09687,0.01601,0.52675,0.52757,0.52757,1.3000,0,0,0.20136,0.09228,0.06659,0.20191,0.09223,0.06665,0.62,0.01,0.52757,-0.51995,-0.15759,0.24280,1.48479,0.00001,0.99999,-0.51906,-0.15678,0.24274,1.48495,0.00000,1.00000,27,0.19945,0.09067,0.01494,0.19640,0.09380,0,0.97174,0.00000,-0.00000,0.23605,virtual,0,218.07,256.85,218.07,256.85,218.07,256.85,218.07,256.85,218.07,256.85,218.07,256.85,218.07,256.85,218.07,256.85,218.07,256.85,218.07,256.85,218.07,256.85,218.07,256.85,218.07,256.85,218.07,256.85,218.07,256.85,218.07,256.85,218.07,256.85,218.07,256.85,218.07,256.85,218.07,256.85,218.07,256.85,0.00000,0.00000,0.00000,0.00000,0.00000,0.00000,0.00000,0.00000,0.00000,0.00000,0.00000,0.00000,0.00000,0.00000,0.00000,0.00000,0.00000,0.00000,0.00000,0.00000,0.00000,0.00000,0.00000,0.00000,0.00000,0.00000,0.00000,0.00000,0.00000,0.00000,0.00000,0.00000,0.00000,0.00000,0.00000,0.00000,0.00000,0.00000,0.00000,0.00000,0.00000,0.00000,0.00000,0.00000,0.00000,0.00000,0.00000,0.00000,0.00000,0.00000,0.00000,0.00000,0.00000,0.00000,0.00000,0.00000,0.00000,0.00000,0.00000,0.00000,0.00000,0.00000,0.00000,0.00000,0.00000,0.00000,0.00000,0.00000,0.00000,0.00000,0.00000,0.00000,0.00000,0.00000,0.00000,0.00000,0.00000,0.00000,0.00000,0.00000,0.00000,0.00000,0.00000,0.00000
7.7000,1,1,0.00,0.00,33.33,-0.09818,0.01623,0.53386,0.54098,0.54098,1.3000,0,0,0.19781,0.09359,0.06637,0.19591,0.09335,0.06528,0.36,0.01,0.54098,-0.54156,-0.18510,0.28149,1.48217,0.00001,0.99999,-0.53592,-0.17931,0.26913,1.48117,0.00000,1.00000,27,0.19945,0.09067,0.01494,0.19640,0.09380,0,0.97174,0.00000,-0.00000,0.23605,virtual,0,218.07,256.85,218.07,256.85,218.07,256.85,218.07,256.85,218.07,256.85,218.07,256.85,218.07,256.85,218.07,256.85,218.07,256.85,218.07,256.85,218.07,256.85,218.07,256.85,218.07,256.85,218.07,256.85,218.07,256.85,218.07,256.85,218.07,256.85,218.07,256.85,218.07,256.85,218.07,256.85,218.07,256.85,0.00000,0.00000,0.00000,0.00000,0.00000,0.00000,0.00000,0.00000,0.00000,0.00000,0.00000,0.00000,0.00000,0.00000,0.00000,0.00000,0.00000,0.00000,0.00000,0.00000,0.00000,0.00000,0.00000,0.00000,0.00000,0.00000,0.00000,0.00000,0.00000,0.00000,0.00000,0.00000,0.00000,0.00000,0.00000,0.00000,0.00000,0.00000,0.00000,0.00000,0.00000,0.00000,0.00000,0.00000,0.00000,0.00000,0.00000,0.00000,0.00000,0.00000,0.00000,0.00000,0.00000,0.00000,0.00000,0.00000,0.00000,0.00000,0.00000,0.00000,0.00000,0.00000,0.00000,0.00000,0.00000,0.00000,0.00000,0.00000,0.00000,0.00000,0.00000,0.00000,0.00000,0.00000,0.00000,0.00000,0.00000,0.00000,0.00000,0.00000,0.00000,0.00000,0.00000,0.00000
7.7333,1,1,0.00,0.00,33.33,-0.09747,0.01611,0.53001,0.52616,0.52616,1.3000,0,0,0.19973,0.09288,0.06649,0.19999,0.09200,0.06543,0.12,0.00,0.52616,-0.52404,-0.16224,0.25620,1.48344,0.00001,1.00000,-0.52927,-0.17065,0.25769,1.48367,0.00000,1.00000,27,0.19945,0.09067,0.01494,0.19640,0.09380,0,0.97174,0.00000,0.00000,0.23605,virtual,0,218.07,256.85,218.07,256.85,218.07,256.85,218.07,256.85,218.07,256.85,218.07,256.85,218.07,256.85,218.07,256.85,218.07,256.85,218.07,256.85,218.07,256.85,218.07,256.85,218.07,256.85,218.07,256.85,218.07,256.85,218.07,256.85,218.07,256.85,218.07,256.85,218.07,256.85,218.07,256.85,218.07,256.85,0.00000,0.00000,0.00000,0.00000,0.00000,0.00000,0.00000,0.00000,0.00000,0.00000,0.00000,0.00000,0.00000,0.00000,0.00000,0.00000,0.00000,0.00000,0.00000,0.00000,0.00000,0.00000,0.00000,0.00000,0.00000,0.00000,0.00000,0.00000,0.00000,0.00000,0.00000,0.00000,0.00000,0.00000,0.00000,0.00000,0.00000,0.00000,0.00000,0.00000,0.00000,0.00000,0.00000,0.00000,0.00000,0.00000,0.00000,0.00000,0.00000,0.00000,0.00000,0.00000,0.00000,0.00000,0.00000,0.00000,0.00000,0.00000,0.00000,0.00000,0.00000,0.00000,0.00000,0.00000,0.00000,0.00000,0.00000,0.00000,0.00000,0.00000,0.00000,0.00000,0.00000,0.00000,0.00000,0.00000,0.00000,0.00000,0.00000,0.00000,0.00000,0.00000,0.00000,0.00000
7.7667,1,1,0.00,0.00,33.33,-0.09726,0.01608,0.52885,0.52769,0.52769,1.3000,0,0,0.20031,0.09267,0.06652,0.19945,0.09270,0.06627,0.73,0.00,0.52769,-0.52872,-0.17021,0.25888,1.48393,-0.00001,1.00000,-0.52927,-0.17065,0.25769,1.48367,0.00000,1.00000,27,0.19945,0.09067,0.01494,0.19640,0.09380,0,0.97174,0.00000,0.00000,0.23605,virtual,0,218.07,256.85,218.07,256.85,218.07,256.85,218.07,256.85,218.07,256.85,218.07,256.85,218.07,256.85,218.07,256.85,218.07,256.85,218.07,256.85,218.07,256.85,218.07,256.85,218.07,256.85,218.07,256.85,218.07,256.85,218.07,256.85,218.07,256.85,218.07,256.85,218.07,256.85,218.07,256.85,218.07,256.85,0.00000,0.00000,0.00000,0.00000,0.00000,0.00000,0.00000,0.00000,0.00000,0.00000,0.00000,0.00000,0.00000,0.00000,0.00000,0.00000,0.00000,0.00000,0.00000,0.00000,0.00000,0.00000,0.00000,0.00000,0.00000,0.00000,0.00000,0.00000,0.00000,0.00000,0.00000,0.00000,0.00000,0.00000,0.00000,0.00000,0.00000,0.00000,0.00000,0.00000,0.00000,0.00000,0.00000,0.00000,0.00000,0.00000,0.00000,0.00000,0.00000,0.00000,0.00000,0.00000,0.00000,0.00000,0.00000,0.00000,0.00000,0.00000,0.00000,0.00000,0.00000,0.00000,0.00000,0.00000,0.00000,0.00000,0.00000,0.00000,0.00000,0.00000,0.00000,0.00000,0.00000,0.00000,0.00000,0.00000,0.00000,0.00000,0.00000,0.00000,0.00000,0.00000,0.00000,0.00000
7.8000,1,1,0.00,0.00,33.33,-0.09742,0.01610,0.52971,0.53057,0.53057,1.3000,0,0,0.19988,0.09283,0.06650,0.19953,0.09293,0.06646,0.27,0.00,0.53057,-0.52958,-0.17079,0.25821,1.48365,-0.00000,1.00000,-0.52927,-0.17065,0.25769,1.48367,0.00000,1.00000,27,0.19945,0.09067,0.01494,0.19640,0.09380,0,0.97174,-0.00000,-0.00000,0.23605,virtual,0,218.07,256.85,218.07,256.85,218.07,256.85,218.07,256.85,218.07,256.85,218.07,256.85,218.07,256.85,218.07,256.85,218.07,256.85,218.07,256.85,218.07,256.85,218.07,256.85,218.07,256.85,218.07,256.85,218.07,256.85,218.07,256.85,218.07,256.85,218.07,256.85,218.07,256.85,218.07,256.85,218.07,256.85,0.00000,0.00000,0.00000,0.00000,0.00000,0.00000,0.00000,0.00000,0.00000,0.00000,0.00000,0.00000,0.00000,0.00000,0.00000,0.00000,0.00000,0.00000,0.00000,0.00000,0.00000,0.00000,0.00000,0.00000,0.00000,0.00000,0.00000,0.00000,0.00000,0.00000,0.00000,0.00000,0.00000,0.00000,0.00000,0.00000,0.00000,0.00000,0.00000,0.00000,0.00000,0.00000,0.00000,0.00000,0.00000,0.00000,0.00000,0.00000,0.00000,0.00000,0.00000,0.00000,0.00000,0.00000,0.00000,0.00000,0.00000,0.00000,0.00000,0.00000,0.00000,0.00000,0.00000,0.00000,0.00000,0.00000,0.00000,0.00000,0.00000,0.00000,0.00000,0.00000,0.00000,0.00000,0.00000,0.00000,0.00000,0.00000,0.00000,0.00000,0.00000,0.00000,0.00000,0.00000
7.8333,1,1,0.00,0.00,33.33,-0.09726,0.01608,0.52884,0.52796,0.52796,1.3000,0,0,0.20032,0.09267,0.06652,0.19956,0.09287,0.06640,0.74,0.00,0.52796,-0.52922,-0.17023,0.25802,1.48372,-0.00000,1.00000,-0.52927,-0.17065,0.25769,1.48367,0.00000,1.00000,27,0.19945,0.09067,0.01494,0.19640,0.09380,0,0.97174,-0.00000,-0.00000,0.23605,virtual,0,218.07,256.85,218.07,256.85,218.07,256.85,218.07,256.85,218.07,256.85,218.07,256.85,218.07,256.85,218.07,256.85,218.07,256.85,218.07,256.85,218.07,256.85,218.07,256.85,218.07,256.85,218.07,256.85,218.07,256.85,218.07,256.85,218.07,256.85,218.07,256.85,218.07,256.85,218.07,256.85,218.07,256.85,0.00000,0.00000,0.00000,0.00000,0.00000,0.00000,0.00000,0.00000,0.00000,0.00000,0.00000,0.00000,0.00000,0.00000,0.00000,0.00000,0.00000,0.00000,0.00000,0.00000,0.00000,0.00000,0.00000,0.00000,0.00000,0.00000,0.00000,0.00000,0.00000,0.00000,0.00000,0.00000,0.00000,0.00000,0.00000,0.00000,0.00000,0.00000,0.00000,0.00000,0.00000,0.00000,0.00000,0.00000,0.00000,0.00000,0.00000,0.00000,0.00000,0.00000,0.00000,0.00000,0.00000,0.00000,0.00000,0.00000,0.00000,0.00000,0.00000,0.00000,0.00000,0.00000,0.00000,0.00000,0.00000,0.00000,0.00000,0.00000,0.00000,0.00000,0.00000,0.00000,0.00000,0.00000,0.00000,0.00000,0.00000,0.00000,0.00000,0.00000,0.00000,0.00000,0.00000,0.00000
7.8667,1,1,0.00,0.00,33.33,-0.09697,0.01603,0.52726,0.52568,0.52568,1.3000,0,0,0.20111,0.09238,0.06657,0.20085,0.09252,0.06655,0.12,0.00,0.52568,-0.52413,-0.16303,0.24928,1.48460,0.00000,0.99999,-0.52316,-0.16256,0.24834,1.48494,0.00000,1.00000,27,0.19945,0.09067,0.01494,0.19640,0.09380,0,0.97174,-0.00000,-0.00000,0.23605,virtual,0,218.07,256.85,218.07,256.85,218.07,256.85,218.07,256.85,218.07,256.85,218.07,256.85,218.07,256.85,218.07,256.85,218.07,256.85,218.07,256.85,218.07,256.85,218.07,256.85,218.07,256.85,218.07,256.85,218.07,256.85,218.07,256.85,218.07,256.85,218.07,256.85,218.07,256.85,218.07,256.85,218.07,256.85,0.00000,0.00000,0.00000,0.00000,0.00000,0.00000,0.00000,0.00000,0.00000,0.00000,0.00000,0.00000,0.00000,0.00000,0.00000,0.00000,0.00000,0.00000,0.00000,0.00000,0.00000,0.00000,0.00000,0.00000,0.00000,0.00000,0.00000,0.00000,0.00000,0.00000,0.00000,0.00000,0.00000,0.00000,0.00000,0.00000,0.00000,0.00000,0.00000,0.00000,0.00000,0.00000,0.00000,0.00000,0.00000,0.00000,0.00000,0.00000,0.00000,0.00000,0.00000,0.00000,0.00000,0.00000,0.00000,0.00000,0.00000,0.00000,0.00000,0.00000,0.00000,0.00000,0.00000,0.00000,0.00000,0.00000,0.00000,0.00000,0.00000,0.00000,0.00000,0.00000,0.00000,0.00000,0.00000,0.00000,0.00000,0.00000,0.00000,0.00000,0.00000,0.00000,0.00000,0.00000
7.9000,1,1,0.00,0.00,33.33,-0.09701,0.01603,0.52748,0.52769,0.52769,1.3000,0,0,0.20100,0.09242,0.06656,0.20096,0.09233,0.06647,0.05,0.00,0.52769,-0.52294,-0.16183,0.24856,1.48494,-0.00000,1.00000,-0.52316,-0.16256,0.24834,1.48494,0.00000,1.00000,27,0.19945,0.09067,0.01494,0.19640,0.09380,0,0.97174,-0.00000,-0.00000,0.23605,virtual,0,218.07,256.85,218.07,256.85,218.07,256.85,218.07,256.85,218.07,256.85,218.07,256.85,218.07,256.85,218.07,256.85,218.07,256.85,218.07,256.85,218.07,256.85,218.07,256.85,218.07,256.85,218.07,256.85,218.07,256.85,218.07,256.85,218.07,256.85,218.07,256.85,218.07,256.85,218.07,256.85,218.07,256.85,0.00000,0.00000,0.00000,0.00000,0.00000,0.00000,0.00000,0.00000,0.00000,0.00000,0.00000,0.00000,0.00000,0.00000,0.00000,0.00000,0.00000,0.00000,0.00000,0.00000,0.00000,0.00000,0.00000,0.00000,0.00000,0.00000,0.00000,0.00000,0.00000,0.00000,0.00000,0.00000,0.00000,0.00000,0.00000,0.00000,0.00000,0.00000,0.00000,0.00000,0.00000,0.00000,0.00000,0.00000,0.00000,0.00000,0.00000,0.00000,0.00000,0.00000,0.00000,0.00000,0.00000,0.00000,0.00000,0.00000,0.00000,0.00000,0.00000,0.00000,0.00000,0.00000,0.00000,0.00000,0.00000,0.00000,0.00000,0.00000,0.00000,0.00000,0.00000,0.00000,0.00000,0.00000,0.00000,0.00000,0.00000,0.00000,0.00000,0.00000,0.00000,0.00000,0.00000,0.00000
7.9333,1,1,0.00,0.00,33.33,-0.09662,0.01597,0.52536,0.52324,0.52324,1.3000,0,0,0.20206,0.09203,0.06663,0.20204,0.09200,0.06663,0.08,0.00,0.52324,-0.51851,-0.15642,0.24163,1.48562,0.00001,0.99999,-0.51890,-0.15673,0.24174,1.48574,0.00000,1.00000,27,0.19945,0.09067,0.01494,0.19640,0.09380,0,0.97174,-0.00000,-0.00000,0.23605,virtual,0,218.07,256.85,218.07,256.85,218.07,256.85,218.07,256.85,218.07,256.85,218.07,256.85,218.07,256.85,218.07,256.85,218.07,256.85,218.07,256.85,218.07,256.85,218.07,256.85,218.07,256.85,218.07,256.85,218.07,256.85,218.07,256.85,218.07,256.85,218.07,256.85,218.07,256.85,218.07,256.85,218.07,256.85,0.00000,0.00000,0.00000,0.00000,0.00000,0.00000,0.00000,0.00000,0.00000,0.00000,0.00000,0.00000,0.00000,0.00000,0.00000,0.00000,0.00000,0.00000,0.00000,0.00000,0.00000,0.00000,0.00000,0.00000,0.00000,0.00000,0.00000,0.00000,0.00000,0.00000,0.00000,0.00000,0.00000,0.00000,0.00000,0.00000,0.00000,0.00000,0.00000,0.00000,0.00000,0.00000,0.00000,0.00000,0.00000,0.00000,0.00000,0.00000,0.00000,0.00000,0.00000,0.00000,0.00000,0.00000,0.00000,0.00000,0.00000,0.00000,0.00000,0.00000,0.00000,0.00000,0.00000,0.00000,0.00000,0.00000,0.00000,0.00000,0.00000,0.00000,0.00000,0.00000,0.00000,0.00000,0.00000,0.00000,0.00000,0.00000,0.00000,0.00000,0.00000,0.00000,0.00000,0.00000
7.9667,1,1,0.00,0.00,33.33,-0.09718,0.01606,0.52844,0.53152,0.53152,1.3000,0,0,0.20052,0.09259,0.06653,0.20054,0.09225,0.06611,0.12,0.00,0.53152,-0.52371,-0.16237,0.25165,1.48445,0.00001,1.00000,-0.52489,-0.16460,0.25143,1.48403,0.00000,1.00000,27,0.19945,0.09067,0.01494,0.19640,0.09380,0,0.97174,0.00000,0.00000,0.23605,virtual,0,218.07,256.85,218.07,256.85,218.07,256.85,218.07,256.85,218.07,256.85,218.07,256.85,218.07,256.85,218.07,256.85,218.07,256.85,218.07,256.85,218.07,256.85,218.07,256.85,218.07,256.85,218.07,256.85,218.07,256.85,218.07,256.85,218.07,256.85,218.07,256.85,218.07,256.85,218.07,256.85,218.07,256.85,0.00000,0.00000,0.00000,0.00000,0.00000,0.00000,0.00000,0.00000,0.00000,0.00000,0.00000,0.00000,0.00000,0.00000,0.00000,0.00000,0.00000,0.00000,0.00000,0.00000,0.00000,0.00000,0.00000,0.00000,0.00000,0.00000,0.00000,0.00000,0.00000,0.00000,0.00000,0.00000,0.00000,0.00000,0.00000,0.00000,0.00000,0.00000,0.00000,0.00000,0.00000,0.00000,0.00000,0.00000,0.00000,0.00000,0.00000,0.00000,0.00000,0.00000,0.00000,0.00000,0.00000,0.00000,0.00000,0.00000,0.00000,0.00000,0.00000,0.00000,0.00000,0.00000,0.00000,0.00000,0.00000,0.00000,0.00000,0.00000,0.00000,0.00000,0.00000,0.00000,0.00000,0.00000,0.00000,0.00000,0.00000,0.00000,0.00000,0.00000,0.00000,0.00000,0.00000,0.00000
8.0000,1,1,0.00,0.00,33.33,-0.09719,0.01606,0.52846,0.52848,0.52848,1.3000,0,0,0.20051,0.09260,0.06653,0.20045,0.09250,0.06629,0.13,0.00,0.52848,-0.52510,-0.16412,0.25226,1.48409,0.00001,1.00000,-0.52489,-0.16460,0.25143,1.48403,0.00000,1.00000,27,0.19945,0.09067,0.01494,0.19640,0.09380,0,0.97174,0.00000,0.00000,0.23605,virtual,0,218.07,256.85,218.07,256.85,218.07,256.85,218.07,256.85,218.07,256.85,218.07,256.85,218.07,256.85,218.07,256.85,218.07,256.85,218.07,256.85,218.07,256.85,218.07,256.85,218.07,256.85,218.07,256.85,218.07,256.85,218.07,256.85,218.07,256.85,218.07,256.85,218.07,256.85,218.07,256.85,218.07,256.85,0.00000,0.00000,0.00000,0.00000,0.00000,0.00000,0.00000,0.00000,0.00000,0.00000,0.00000,0.00000,0.00000,0.00000,0.00000,0.00000,0.00000,0.00000,0.00000,0.00000,0.00000,0.00000,0.00000,0.00000,0.00000,0.00000,0.00000,0.00000,0.00000,0.00000,0.00000,0.00000,0.00000,0.00000,0.00000,0.00000,0.00000,0.00000,0.00000,0.00000,0.00000,0.00000,0.00000,0.00000,0.00000,0.00000,0.00000,0.00000,0.00000,0.00000,0.00000,0.00000,0.00000,0.00000,0.00000,0.00000,0.00000,0.00000,0.00000,0.00000,0.00000,0.00000,0.00000,0.00000,0.00000,0.00000,0.00000,0.00000,0.00000,0.00000,0.00000,0.00000,0.00000,0.00000,0.00000,0.00000,0.00000,0.00000,0.00000,0.00000,0.00000,0.00000,0.00000,0.00000
8.0333,1,1,0.00,0.00,33.33,-0.09723,0.01607,0.52870,0.52894,0.52894,1.3000,0,0,0.20039,0.09264,0.06653,0.20056,0.09252,0.06642,0.25,0.00,0.52894,-0.52490,-0.16444,0.25175,1.48404,0.00000,1.00000,-0.52489,-0.16460,0.25143,1.48403,0.00000,1.00000,27,0.19945,0.09067,0.01494,0.19640,0.09380,0,0.97174,0.00000,0.00000,0.23605,virtual,0,218.07,256.85,218.07,256.85,218.07,256.85,218.07,256.85,218.07,256.85,218.07,256.85,218.07,256.85,218.07,256.85,218.07,256.85,218.07,256.85,218.07,256.85,218.07,256.85,218.07,256.85,218.07,256.85,218.07,256.85,218.07,256.85,218.07,256.85,218.07,256.85,218.07,256.85,218.07,256.85,218.07,256.85,0.00000,0.00000,0.00000,0.00000,0.00000,0.00000,0.00000,0.00000,0.00000,0.00000,0.00000,0.00000,0.00000,0.00000,0.00000,0.00000,0.00000,0.00000,0.00000,0.00000,0.00000,0.00000,0.00000,0.00000,0.00000,0.00000,0.00000,0.00000,0.00000,0.00000,0.00000,0.00000,0.00000,0.00000,0.00000,0.00000,0.00000,0.00000,0.00000,0.00000,0.00000,0.00000,0.00000,0.00000,0.00000,0.00000,0.00000,0.00000,0.00000,0.00000,0.00000,0.00000,0.00000,0.00000,0.00000,0.00000,0.00000,0.00000,0.00000,0.00000,0.00000,0.00000,0.00000,0.00000,0.00000,0.00000,0.00000,0.00000,0.00000,0.00000,0.00000,0.00000,0.00000,0.00000,0.00000,0.00000,0.00000,0.00000,0.00000,0.00000,0.00000,0.00000,0.00000,0.00000
8.0667,1,1,0.00,0.00,33.33,-0.09677,0.01600,0.52621,0.52372,0.52372,1.3000,0,0,0.20163,0.09218,0.06660,0.20144,0.09224,0.06657,0.08,0.00,0.52372,-0.52124,-0.15978,0.24567,1.48502,0.00001,0.99999,-0.52075,-0.15919,0.24465,1.48529,0.00000,1.00000,27,0.19945,0.09067,0.01494,0.19640,0.09380,0,0.97174,0.00000,0.00000,0.23605,virtual,0,218.07,256.85,218.07,256.85,218.07,256.85,218.07,256.85,218.07,256.85,218.07,256.85,218.07,256.85,218.07,256.85,218.07,256.85,218.07,256.85,218.07,256.85,218.07,256.85,218.07,256.85,218.07,256.85,218.07,256.85,218.07,256.85,218.07,256.85,218.07,256.85,218.07,256.85,218.07,256.85,218.07,256.85,0.00000,0.00000,0.00000,0.00000,0.00000,0.00000,0.00000,0.00000,0.00000,0.00000,0.00000,0.00000,0.00000,0.00000,0.00000,0.00000,0.00000,0.00000,0.00000,0.00000,0.00000,0.00000,0.00000,0.00000,0.00000,0.00000,0.00000,0.00000,0.00000,0.00000,0.00000,0.00000,0.00000,0.00000,0.00000,0.00000,0.00000,0.00000,0.00000,0.00000,0.00000,0.00000,0.00000,0.00000,0.00000,0.00000,0.00000,0.00000,0.00000,0.00000,0.00000,0.00000,0.00000,0.00000,0.00000,0.00000,0.00000,0.00000,0.00000,0.00000,0.00000,0.00000,0.00000,0.00000,0.00000,0.00000,0.00000,0.00000,0.00000,0.00000,0.00000,0.00000,0.00000,0.00000,0.00000,0.00000,0.00000,0.00000,0.00000,0.00000,0.00000,0.00000,0.00000,0.00000
8.1000,1,1,0.00,0.00,33.33,-0.09798,0.01620,0.53277,0.53934,0.53934,1.3000,0,0,0.19835,0.09339,0.06640,0.19712,0.09276,0.06535,0.27,0.01,0.53934,-0.53544,-0.17893,0.27444,1.48289,0.00001,0.99999,-0.53386,-0.17654,0.26560,1.48189,0.00000,1.00000,27,0.19945,0.09067,0.01494,0.19640,0.09380,0,0.97174,0.00000,0.00000,0.23605,virtual,0,218.07,256.85,218.07,256.85,218.07,256.85,218.07,256.85,218.07,256.85,218.07,256.85,218.07,256.85,218.07,256.85,218.07,256.85,218.07,256.85,218.07,256.85,218.07,256.85,218.07,256.85,218.07,256.85,218.07,256.85,218.07,256.85,218.07,256.85,218.07,256.85,218.07,256.85,218.07,256.85,218.07,256.85,0.00000,0.00000,0.00000,0.00000,0.00000,0.00000,0.00000,0.00000,0.00000,0.00000,0.00000,0.00000,0.00000,0.00000,0.00000,0.00000,0.00000,0.00000,0.00000,0.00000,0.00000,0.00000,0.00000,0.00000,0.00000,0.00000,0.00000,0.00000,0.00000,0.00000,0.00000,0.00000,0.00000,0.00000,0.00000,0.00000,0.00000,0.00000,0.00000,0.00000,0.00000,0.00000,0.00000,0.00000,0.00000,0.00000,0.00000,0.00000,0.00000,0.00000,0.00000,0.00000,0.00000,0.00000,0.00000,0.00000,0.00000,0.00000,0.00000,0.00000,0.00000,0.00000,0.00000,0.00000,0.00000,0.00000,0.00000,0.00000,0.00000,0.00000,0.00000,0.00000,0.00000,0.00000,0.00000,0.00000,0.00000,0.00000,0.00000,0.00000,0.00000,0.00000,0.00000,0.00000
8.1333,1,1,0.00,0.00,33.33,-0.09791,0.01618,0.53237,0.53196,0.53196,1.3000,0,0,0.19855,0.09332,0.06641,0.19866,0.09351,0.06657,0.13,0.01,0.53196,-0.53464,-0.17781,0.26503,1.48166,0.00001,0.99999,-0.53386,-0.17654,0.26560,1.48189,0.00000,1.00000,27,0.19945,0.09067,0.01494,0.19640,0.09380,0,0.97174,0.00000,0.00000,0.23605,virtual,0,218.07,256.85,218.07,256.85,218.07,256.85,218.07,256.85,218.07,256.85,218.07,256.85,218.07,256.85,218.07,256.85,218.07,256.85,218.07,256.85,218.07,256.85,218.07,256.85,218.07,256.85,218.07,256.85,218.07,256.85,218.07,256.85,218.07,256.85,218.07,256.85,218.07,256.85,218.07,256.85,218.07,256.85,0.00000,0.00000,0.00000,0.00000,0.00000,0.00000,0.00000,0.00000,0.00000,0.00000,0.00000,0.00000,0.00000,0.00000,0.00000,0.00000,0.00000,0.00000,0.00000,0.00000,0.00000,0.00000,0.00000,0.00000,0.00000,0.00000,0.00000,0.00000,0.00000,0.00000,0.00000,0.00000,0.00000,0.00000,0.00000,0.00000,0.00000,0.00000,0.00000,0.00000,0.00000,0.00000,0.00000,0.00000,0.00000,0.00000,0.00000,0.00000,0.00000,0.00000,0.00000,0.00000,0.00000,0.00000,0.00000,0.00000,0.00000,0.00000,0.00000,0.00000,0.00000,0.00000,0.00000,0.00000,0.00000,0.00000,0.00000,0.00000,0.00000,0.00000,0.00000,0.00000,0.00000,0.00000,0.00000,0.00000,0.00000,0.00000,0.00000,0.00000,0.00000,0.00000,0.00000,0.00000
8.1667,1,1,0.00,0.00,33.33,-0.09724,0.01607,0.52875,0.52512,0.52512,1.3000,0,0,0.20037,0.09265,0.06652,0.20021,0.09260,0.06615,0.13,0.00,0.52512,-0.52623,-0.16470,0.25394,1.48351,0.00001,1.00000,-0.52651,-0.16704,0.25351,1.48424,0.00000,1.00000,27,0.19945,0.09067,0.01494,0.19640,0.09380,0,0.97174,-0.00000,-0.00000,0.23605,virtual,0,218.07,256.85,218.07,256.85,218.07,256.85,218.07,256.85,218.07,256.85,218.07,256.85,218.07,256.85,218.07,256.85,218.07,256.85,218.07,256.85,218.07,256.85,218.07,256.85,218.07,256.85,218.07,256.85,218.07,256.85,218.07,256.85,218.07,256.85,218.07,256.85,218.07,256.85,218.07,256.85,218.07,256.85,0.00000,0.00000,0.00000,0.00000,0.00000,0.00000,0.00000,0.00000,0.00000,0.00000,0.00000,0.00000,0.00000,0.00000,0.00000,0.00000,0.00000,0.00000,0.00000,0.00000,0.00000,0.00000,0.00000,0.00000,0.00000,0.00000,0.00000,0.00000,0.00000,0.00000,0.00000,0.00000,0.00000,0.00000,0.00000,0.00000,0.00000,0.00000,0.00000,0.00000,0.00000,0.00000,0.00000,0.00000,0.00000,0.00000,0.00000,0.00000,0.00000,0.00000,0.00000,0.00000,0.00000,0.00000,0.00000,0.00000,0.00000,0.00000,0.00000,0.00000,0.00000,0.00000,0.00000,0.00000,0.00000,0.00000,0.00000,0.00000,0.00000,0.00000,0.00000,0.00000,0.00000,0.00000,0.00000,0.00000,0.00000,0.00000,0.00000,0.00000,0.00000,0.00000,0.00000,0.00000
8.2000,1,1,0.00,0.00,33.33,-0.09685,0.01601,0.52664,0.52453,0.52453,1.3000,0,0,0.20142,0.09226,0.06659,0.20136,0.09225,0.06662,0.09,0.00,0.52453,-0.52149,-0.16097,0.24660,1.48477,0.00001,1.00000,-0.52172,-0.16057,0.24612,1.48519,0.00000,1.00000,27,0.19945,0.09067,0.01494,0.19640,0.09380,0,0.97174,-0.00000,-0.00000,0.23605,virtual,0,218.07,256.85,218.07,256.85,218.07,256.85,218.07,256.85,218.07,256.85,218.07,256.85,218.07,256.85,218.07,256.85,218.07,256.85,218.07,256.85,218.07,256.85,218.07,256.85,218.07,256.85,218.07,256.85,218.07,256.85,218.07,256.85,218.07,256.85,218.07,256.85,218.07,256.85,218.07,256.85,218.07,256.85,0.00000,0.00000,0.00000,0.00000,0.00000,0.00000,0.00000,0.00000,0.00000,0.00000,0.00000,0.00000,0.00000,0.00000,0.00000,0.00000,0.00000,0.00000,0.00000,0.00000,0.00000,0.00000,0.00000,0.00000,0.00000,0.00000,0.00000,0.00000,0.00000,0.00000,0.00000,0.00000,0.00000,0.00000,0.00000,0.00000,0.00000,0.00000,0.00000,0.00000,0.00000,0.00000,0.00000,0.00000,0.00000,0.00000,0.00000,0.00000,0.00000,0.00000,0.00000,0.00000,0.00000,0.00000,0.00000,0.00000,0.00000,0.00000,0.00000,0.00000,0.00000,0.00000,0.00000,0.00000,0.00000,0.00000,0.00000,0.00000,0.00000,0.00000,0.00000,0.00000,0.00000,0.00000,0.00000,0.00000,0.00000,0.00000,0.00000,0.00000,0.00000,0.00000,0.00000,0.00000
8.2333,1,1,0.00,0.00,33.33,-0.09670,0.01598,0.52579,0.52494,0.52494,1.3000,0,0,0.20184,0.09211,0.06661,0.20133,0.09220,0.06651,0.54,0.00,0.52494,-0.52134,-0.15983,0.24610,1.48528,0.00000,1.00000,-0.52172,-0.16057,0.24612,1.48519,0.00000,1.00000,27,0.19945,0.09067,0.01494,0.19640,0.09380,0,0.97174,0.00000,0.00000,0.23605,virtual,0,218.07,256.85,218.07,256.85,218.07,256.85,218.07,256.85,218.07,256.85,218.07,256.85,218.07,256.85,218.07,256.85,218.07,256.85,218.07,256.85,218.07,256.85,218.07,256.85,218.07,256.85,218.07,256.85,218.07,256.85,218.07,256.85,218.07,256.85,218.07,256.85,218.07,256.85,218.07,256.85,218.07,256.85,0.00000,0.00000,0.00000,0.00000,0.00000,0.00000,0.00000,0.00000,0.00000,0.00000,0.00000,0.00000,0.00000,0.00000,0.00000,0.00000,0.00000,0.00000,0.00000,0.00000,0.00000,0.00000,0.00000,0.00000,0.00000,0.00000,0.00000,0.00000,0.00000,0.00000,0.00000,0.00000,0.00000,0.00000,0.00000,0.00000,0.00000,0.00000,0.00000,0.00000,0.00000,0.00000,0.00000,0.00000,0.00000,0.00000,0.00000,0.00000,0.00000,0.00000,0.00000,0.00000,0.00000,0.00000,0.00000,0.00000,0.00000,0.00000,0.00000,0.00000,0.00000,0.00000,0.00000,0.00000,0.00000,0.00000,0.00000,0.00000,0.00000,0.00000,0.00000,0.00000,0.00000,0.00000,0.00000,0.00000,0.00000,0.00000,0.00000,0.00000,0.00000,0.00000,0.00000,0.00000
8.2667,1,1,0.00,0.00,33.33,-0.09688,0.01601,0.52681,0.52783,0.52783,1.3000,0,0,0.20133,0.09229,0.06658,0.20125,0.09226,0.06650,0.04,0.00,0.52783,-0.52184,-0.16016,0.24654,1.48516,0.00000,1.00000,-0.52172,-0.16057,0.24612,1.48519,0.00000,1.00000,27,0.19945,0.09067,0.01494,0.19640,0.09380,0,0.97174,0.00000,0.00000,0.23605,virtual,0,218.07,256.85,218.07,256.85,218.07,256.85,218.07,256.85,218.07,256.85,218.07,256.85,218.07,256.85,218.07,256.85,218.07,256.85,218.07,256.85,218.07,256.85,218.07,256.85,218.07,256.85,218.07,256.85,218.07,256.85,218.07,256.85,218.07,256.85,218.07,256.85,218.07,256.85,218.07,256.85,218.07,256.85,0.00000,0.00000,0.00000,0.00000,0.00000,0.00000,0.00000,0.00000,0.00000,0.00000,0.00000,0.00000,0.00000,0.00000,0.00000,0.00000,0.00000,0.00000,0.00000,0.00000,0.00000,0.00000,0.00000,0.00000,0.00000,0.00000,0.00000,0.00000,0.00000,0.00000,0.00000,0.00000,0.00000,0.00000,0.00000,0.00000,0.00000,0.00000,0.00000,0.00000,0.00000,0.00000,0.00000,0.00000,0.00000,0.00000,0.00000,0.00000,0.00000,0.00000,0.00000,0.00000,0.00000,0.00000,0.00000,0.00000,0.00000,0.00000,0.00000,0.00000,0.00000,0.00000,0.00000,0.00000,0.00000,0.00000,0.00000,0.00000,0.00000,0.00000,0.00000,0.00000,0.00000,0.00000,0.00000,0.00000,0.00000,0.00000,0.00000,0.00000,0.00000,0.00000,0.00000,0.00000
8.3000,1,1,0.00,0.00,33.33,-0.09721,0.01607,0.52858,0.53035,0.53035,1.3000,0,0,0.20045,0.09262,0.06653,0.20128,0.09224,0.06651,0.95,0.00,0.53035,-0.52167,-0.16016,0.24645,1.48520,-0.00000,1.00000,-0.52172,-0.16057,0.24612,1.48519,0.00000,1.00000,27,0.19945,0.09067,0.01494,0.19640,0.09380,0,0.97174,0.00000,0.00000,0.23605,virtual,0,218.07,256.85,218.07,256.85,218.07,256.85,218.07,256.85,218.07,256.85,218.07,256.85,218.07,256.85,218.07,256.85,218.07,256.85,218.07,256.85,218.07,256.85,218.07,256.85,218.07,256.85,218.07,256.85,218.07,256.85,218.07,256.85,218.07,256.85,218.07,256.85,218.07,256.85,218.07,256.85,218.07,256.85,0.00000,0.00000,0.00000,0.00000,0.00000,0.00000,0.00000,0.00000,0.00000,0.00000,0.00000,0.00000,0.00000,0.00000,0.00000,0.00000,0.00000,0.00000,0.00000,0.00000,0.00000,0.00000,0.00000,0.00000,0.00000,0.00000,0.00000,0.00000,0.00000,0.00000,0.00000,0.00000,0.00000,0.00000,0.00000,0.00000,0.00000,0.00000,0.00000,0.00000,0.00000,0.00000,0.00000,0.00000,0.00000,0.00000,0.00000,0.00000,0.00000,0.00000,0.00000,0.00000,0.00000,0.00000,0.00000,0.00000,0.00000,0.00000,0.00000,0.00000,0.00000,0.00000,0.00000,0.00000,0.00000,0.00000,0.00000,0.00000,0.00000,0.00000,0.00000,0.00000,0.00000,0.00000,0.00000,0.00000,0.00000,0.00000,0.00000,0.00000,0.00000,0.00000,0.00000,0.00000
8.3333,1,1,0.00,0.00,33.33,-0.09652,0.01595,0.52483,0.52108,0.52108,1.3000,0,0,0.20233,0.09193,0.06664,0.20219,0.09186,0.06654,0.08,0.00,0.52108,-0.51749,-0.15488,0.24055,1.48584,0.00001,1.00000,-0.51773,-0.15512,0.23990,1.48597,0.00000,1.00000,27,0.19945,0.09067,0.01494,0.19640,0.09380,0,0.97174,0.00000,0.00000,0.23605,virtual,0,218.07,256.85,218.07,256.85,218.07,256.85,218.07,256.85,218.07,256.85,218.07,256.85,218.07,256.85,218.07,256.85,218.07,256.85,218.07,256.85,218.07,256.85,218.07,256.85,218.07,256.85,218.07,256.85,218.07,256.85,218.07,256.85,218.07,256.85,218.07,256.85,218.07,256.85,218.07,256.85,218.07,256.85,0.00000,0.00000,0.00000,0.00000,0.00000,0.00000,0.00000,0.00000,0.00000,0.00000,0.00000,0.00000,0.00000,0.00000,0.00000,0.00000,0.00000,0.00000,0.00000,0.00000,0.00000,0.00000,0.00000,0.00000,0.00000,0.00000,0.00000,0.00000,0.00000,0.00000,0.00000,0.00000,0.00000,0.00000,0.00000,0.00000,0.00000,0.00000,0.00000,0.00000,0.00000,0.00000,0.00000,0.00000,0.00000,0.00000,0.00000,0.00000,0.00000,0.00000,0.00000,0.00000,0.00000,0.00000,0.00000,0.00000,0.00000,0.00000,0.00000,0.00000,0.00000,0.00000,0.00000,0.00000,0.00000,0.00000,0.00000,0.00000,0.00000,0.00000,0.00000,0.00000,0.00000,0.00000,0.00000,0.00000,0.00000,0.00000,0.00000,0.00000,0.00000,0.00000,0.00000,0.00000
8.3667,1,1,0.00,0.00,33.33,-0.09690,0.01602,0.52692,0.52901,0.52901,1.3000,0,0,0.20128,0.09231,0.06658,0.20145,0.09213,0.06644,0.08,0.00,0.52901,-0.52069,-0.15900,0.24575,1.48497,0.00000,0.99999,-0.52172,-0.16035,0.24642,1.48477,0.00000,1.00000,27,0.19945,0.09067,0.01494,0.19640,0.09380,0,0.97174,0.00000,0.00000,0.23605,virtual,0,218.07,256.85,218.07,256.85,218.07,256.85,218.07,256.85,218.07,256.85,218.07,256.85,218.07,256.85,218.07,256.85,218.07,256.85,218.07,256.85,218.07,256.85,218.07,256.85,218.07,256.85,218.07,256.85,218.07,256.85,218.07,256.85,218.07,256.85,218.07,256.85,218.07,256.85,218.07,256.85,218.07,256.85,0.00000,0.00000,0.00000,0.00000,0.00000,0.00000,0.00000,0.00000,0.00000,0.00000,0.00000,0.00000,0.00000,0.00000,0.00000,0.00000,0.00000,0.00000,0.00000,0.00000,0.00000,0.00000,0.00000,0.00000,0.00000,0.00000,0.00000,0.00000,0.00000,0.00000,0.00000,0.00000,0.00000,0.00000,0.00000,0.00000,0.00000,0.00000,0.00000,0.00000,0.00000,0.00000,0.00000,0.00000,0.00000,0.00000,0.00000,0.00000,0.00000,0.00000,0.00000,0.00000,0.00000,0.00000,0.00000,0.00000,0.00000,0.00000,0.00000,0.00000,0.00000,0.00000,0.00000,0.00000,0.00000,0.00000,0.00000,0.00000,0.00000,0.00000,0.00000,0.00000,0.00000,0.00000,0.00000,0.00000,0.00000,0.00000,0.00000,0.00000,0.00000,0.00000,0.00000,0.00000
8.4000,1,1,0.00,0.00,33.33,-0.09727,0.01608,0.52891,0.53090,0.53090,1.3000,0,0,0.20028,0.09268,0.06652,0.20040,0.09257,0.06644,0.09,0.00,0.53090,-0.52555,-0.16548,0.25267,1.48415,-0.00001,0.99999,-0.52606,-0.16614,0.25313,1.48385,0.00000,1.00000,27,0.19945,0.09067,0.01494,0.19640,0.09380,0,0.97174,-0.00000,-0.00000,0.23605,virtual,0,218.07,256.85,218.07,256.85,218.07,256.85,218.07,256.85,218.07,256.85,218.07,256.85,218.07,256.85,218.07,256.85,218.07,256.85,218.07,256.85,218.07,256.85,218.07,256.85,218.07,256.85,218.07,256.85,218.07,256.85,218.07,256.85,218.07,256.85,218.07,256.85,218.07,256.85,218.07,256.85,218.07,256.85,0.00000,0.00000,0.00000,0.00000,0.00000,0.00000,0.00000,0.00000,0.00000,0.00000,0.00000,0.00000,0.00000,0.00000,0.00000,0.00000,0.00000,0.00000,0.00000,0.00000,0.00000,0.00000,0.00000,0.00000,0.00000,0.00000,0.00000,0.00000,0.00000,0.00000,0.00000,0.00000,0.00000,0.00000,0.00000,0.00000,0.00000,0.00000,0.00000,0.00000,0.00000,0.00000,0.00000,0.00000,0.00000,0.00000,0.00000,0.00000,0.00000,0.00000,0.00000,0.00000,0.00000,0.00000,0.00000,0.00000,0.00000,0.00000,0.00000,0.00000,0.00000,0.00000,0.00000,0.00000,0.00000,0.00000,0.00000,0.00000,0.00000,0.00000,0.00000,0.00000,0.00000,0.00000,0.00000,0.00000,0.00000,0.00000,0.00000,0.00000,0.00000,0.00000,0.00000,0.00000
8.4333,1,1,0.00,0.00,33.33,-0.09703,0.01604,0.52761,0.52630,0.52630,1.3000,0,0,0.20094,0.09244,0.06656,0.20019,0.09265,0.06635,0.62,0.00,0.52630,-0.52648,-0.16614,0.25405,1.48382,0.00000,1.00000,-0.52606,-0.16614,0.25313,1.48385,0.00000,1.00000,27,0.19945,0.09067,0.01494,0.19640,0.09380,0,0.97174,-0.00000,-0.00000,0.23605,virtual,0,218.07,256.85,218.07,256.85,218.07,256.85,218.07,256.85,218.07,256.85,218.07,256.85,218.07,256.85,218.07,256.85,218.07,256.85,218.07,256.85,218.07,256.85,218.07,256.85,218.07,256.85,218.07,256.85,218.07,256.85,218.07,256.85,218.07,256.85,218.07,256.85,218.07,256.85,218.07,256.85,218.07,256.85,0.00000,0.00000,0.00000,0.00000,0.00000,0.00000,0.00000,0.00000,0.00000,0.00000,0.00000,0.00000,0.00000,0.00000,0.00000,0.00000,0.00000,0.00000,0.00000,0.00000,0.00000,0.00000,0.00000,0.00000,0.00000,0.00000,0.00000,0.00000,0.00000,0.00000,0.00000,0.00000,0.00000,0.00000,0.00000,0.00000,0.00000,0.00000,0.00000,0.00000,0.00000,0.00000,0.00000,0.00000,0.00000,0.00000,0.00000,0.00000,0.00000,0.00000,0.00000,0.00000,0.00000,0.00000,0.00000,0.00000,0.00000,0.00000,0.00000,0.00000,0.00000,0.00000,0.00000,0.00000,0.00000,0.00000,0.00000,0.00000,0.00000,0.00000,0.00000,0.00000,0.00000,0.00000,0.00000,0.00000,0.00000,0.00000,0.00000,0.00000,0.00000,0.00000,0.00000,0.00000
8.4667,1,1,0.00,0.00,33.33,-0.09753,0.01612,0.53034,0.53308,0.53308,1.3000,0,0,0.19957,0.09294,0.06648,0.20028,0.09259,0.06636,0.84,0.00,0.53308,-0.52600,-0.16573,0.25355,1.48390,0.00000,1.00000,-0.52606,-0.16614,0.25313,1.48385,0.00000,1.00000,27,0.19945,0.09067,0.01494,0.19640,0.09380,0,0.97174,-0.00000,-0.00000,0.23605,virtual,0,218.07,256.85,218.07,256.85,218.07,256.85,218.07,256.85,218.07,256.85,218.07,256.85,218.07,256.85,218.07,256.85,218.07,256.85,218.07,256.85,218.07,256.85,218.07,256.85,218.07,256.85,218.07,256.85,218.07,256.85,218.07,256.85,218.07,256.85,218.07,256.85,218.07,256.85,218.07,256.85,218.07,256.85,0.00000,0.00000,0.00000,0.00000,0.00000,0.00000,0.00000,0.00000,0.00000,0.00000,0.00000,0.00000,0.00000,0.00000,0.00000,0.00000,0.00000,0.00000,0.00000,0.00000,0.00000,0.00000,0.00000,0.00000,0.00000,0.00000,0.00000,0.00000,0.00000,0.00000,0.00000,0.00000,0.00000,0.00000,0.00000,0.00000,0.00000,0.00000,0.00000,0.00000,0.00000,0.00000,0.00000,0.00000,0.00000,0.00000,0.00000,0.00000,0.00000,0.00000,0.00000,0.00000,0.00000,0.00000,0.00000,0.00000,0.00000,0.00000,0.00000,0.00000,0.00000,0.00000,0.00000,0.00000,0.00000,0.00000,0.00000,0.00000,0.00000,0.00000,0.00000,0.00000,0.00000,0.00000,0.00000,0.00000,0.00000,0.00000,0.00000,0.00000,0.00000,0.00000,0.00000,0.00000
8.5000,1,1,0.00,0.00,33.33,-0.09693,0.01602,0.52706,0.52378,0.52378,1.3000,0,0,0.20121,0.09234,0.06658,0.20029,0.09262,0.06638,0.91,0.00,0.52378,-0.52612,-0.16580,0.25348,1.48386,0.00000,1.00000,-0.52606,-0.16614,0.25313,1.48385,0.00000,1.00000,27,0.19945,0.09067,0.01494,0.19640,0.09380,0,0.97174,-0.00000,-0.00000,0.23605,virtual,0,218.07,256.85,218.07,256.85,218.07,256.85,218.07,256.85,218.07,256.85,218.07,256.85,218.07,256.85,218.07,256.85,218.07,256.85,218.07,256.85,218.07,256.85,218.07,256.85,218.07,256.85,218.07,256.85,218.07,256.85,218.07,256.85,218.07,256.85,218.07,256.85,218.07,256.85,218.07,256.85,218.07,256.85,0.00000,0.00000,0.00000,0.00000,0.00000,0.00000,0.00000,0.00000,0.00000,0.00000,0.00000,0.00000,0.00000,0.00000,0.00000,0.00000,0.00000,0.00000,0.00000,0.00000,0.00000,0.00000,0.00000,0.00000,0.00000,0.00000,0.00000,0.00000,0.00000,0.00000,0.00000,0.00000,0.00000,0.00000,0.00000,0.00000,0.00000,0.00000,0.00000,0.00000,0.00000,0.00000,0.00000,0.00000,0.00000,0.00000,0.00000,0.00000,0.00000,0.00000,0.00000,0.00000,0.00000,0.00000,0.00000,0.00000,0.00000,0.00000,0.00000,0.00000,0.00000,0.00000,0.00000,0.00000,0.00000,0.00000,0.00000,0.00000,0.00000,0.00000,0.00000,0.00000,0.00000,0.00000,0.00000,0.00000,0.00000,0.00000,0.00000,0.00000,0.00000,0.00000,0.00000,0.00000
8.5333,1,1,0.00,0.00,33.33,-0.09709,0.01605,0.52794,0.52883,0.52883,1.3000,0,0,0.20077,0.09250,0.06655,0.20029,0.09262,0.06638,0.44,0.00,0.52883,-0.52609,-0.16578,0.25347,1.48386,-0.00000,1.00000,-0.52606,-0.16614,0.25313,1.48385,0.00000,1.00000,27,0.19945,0.09067,0.01494,0.19640,0.09380,0,0.97174,-0.00000,-0.00000,0.23605,virtual,0,218.07,256.85,218.07,256.85,218.07,256.85,218.07,256.85,218.07,256.85,218.07,256.85,218.07,256.85,218.07,256.85,218.07,256.85,218.07,256.85,218.07,256.85,218.07,256.85,218.07,256.85,218.07,256.85,218.07,256.85,218.07,256.85,218.07,256.85,218.07,256.85,218.07,256.85,218.07,256.85,218.07,256.85,0.00000,0.00000,0.00000,0.00000,0.00000,0.00000,0.00000,0.00000,0.00000,0.00000,0.00000,0.00000,0.00000,0.00000,0.00000,0.00000,0.00000,0.00000,0.00000,0.00000,0.00000,0.00000,0.00000,0.00000,0.00000,0.00000,0.00000,0.00000,0.00000,0.00000,0.00000,0.00000,0.00000,0.00000,0.00000,0.00000,0.00000,0.00000,0.00000,0.00000,0.00000,0.00000,0.00000,0.00000,0.00000,0.00000,0.00000,0.00000,0.00000,0.00000,0.00000,0.00000,0.00000,0.00000,0.00000,0.00000,0.00000,0.00000,0.00000,0.00000,0.00000,0.00000,0.00000,0.00000,0.00000,0.00000,0.00000,0.00000,0.00000,0.00000,0.00000,0.00000,0.00000,0.00000,0.00000,0.00000,0.00000,0.00000,0.00000,0.00000,0.00000,0.00000,0.00000,0.00000
8.5667,1,1,0.00,0.00,33.33,-0.09708,0.01605,0.52789,0.52783,0.52783,1.3000,0,0,0.20080,0.09249,0.06655,0.20029,0.09262,0.06637,0.47,0.00,0.52783,-0.52607,-0.16577,0.25348,1.48386,-0.00000,1.00000,-0.52606,-0.16614,0.25313,1.48385,0.00000,1.00000,27,0.19945,0.09067,0.01494,0.19640,0.09380,0,0.97174,-0.00000,-0.00000,0.23605,virtual,0,218.07,256.85,218.07,256.85,218.07,256.85,218.07,256.85,218.07,256.85,218.07,256.85,218.07,256.85,218.07,256.85,218.07,256.85,218.07,256.85,218.07,256.85,218.07,256.85,218.07,256.85,218.07,256.85,218.07,256.85,218.07,256.85,218.07,256.85,218.07,256.85,218.07,256.85,218.07,256.85,218.07,256.85,0.00000,0.00000,0.00000,0.00000,0.00000,0.00000,0.00000,0.00000,0.00000,0.00000,0.00000,0.00000,0.00000,0.00000,0.00000,0.00000,0.00000,0.00000,0.00000,0.00000,0.00000,0.00000,0.00000,0.00000,0.00000,0.00000,0.00000,0.00000,0.00000,0.00000,0.00000,0.00000,0.00000,0.00000,0.00000,0.00000,0.00000,0.00000,0.00000,0.00000,0.00000,0.00000,0.00000,0.00000,0.00000,0.00000,0.00000,0.00000,0.00000,0.00000,0.00000,0.00000,0.00000,0.00000,0.00000,0.00000,0.00000,0.00000,0.00000,0.00000,0.00000,0.00000,0.00000,0.00000,0.00000,0.00000,0.00000,0.00000,0.00000,0.00000,0.00000,0.00000,0.00000,0.00000,0.00000,0.00000,0.00000,0.00000,0.00000,0.00000,0.00000,0.00000,0.00000,0.00000
8.6000,1,1,0.00,0.00,33.33,-0.09687,0.01601,0.52673,0.52558,0.52558,1.3000,0,0,0.20137,0.09228,0.06659,0.20115,0.09233,0.06653,0.08,0.00,0.52558,-0.52242,-0.16128,0.24755,1.48484,0.00001,1.00000,-0.52190,-0.16074,0.24641,1.48507,0.00000,1.00000,27,0.19945,0.09067,0.01494,0.19640,0.09380,0,0.97174,-0.00000,-0.00000,0.23605,virtual,0,218.07,256.85,218.07,256.85,218.07,256.85,218.07,256.85,218.07,256.85,218.07,256.85,218.07,256.85,218.07,256.85,218.07,256.85,218.07,256.85,218.07,256.85,218.07,256.85,218.07,256.85,218.07,256.85,218.07,256.85,218.07,256.85,218.07,256.85,218.07,256.85,218.07,256.85,218.07,256.85,218.07,256.85,0.00000,0.00000,0.00000,0.00000,0.00000,0.00000,0.00000,0.00000,0.00000,0.00000,0.00000,0.00000,0.00000,0.00000,0.00000,0.00000,0.00000,0.00000,0.00000,0.00000,0.00000,0.00000,0.00000,0.00000,0.00000,0.00000,0.00000,0.00000,0.00000,0.00000,0.00000,0.00000,0.00000,0.00000,0.00000,0.00000,0.00000,0.00000,0.00000,0.00000,0.00000,0.00000,0.00000,0.00000,0.00000,0.00000,0.00000,0.00000,0.00000,0.00000,0.00000,0.00000,0.00000,0.00000,0.00000,0.00000,0.00000,0.00000,0.00000,0.00000,0.00000,0.00000,0.00000,0.00000,0.00000,0.00000,0.00000,0.00000,0.00000,0.00000,0.00000,0.00000,0.00000,0.00000,0.00000,0.00000,0.00000,0.00000,0.00000,0.00000,0.00000,0.00000,0.00000,0.00000
8.6333,1,1,0.00,0.00,33.33,-0.09701,0.01604,0.52752,0.52830,0.52830,1.3000,0,0,0.20098,0.09242,0.06656,0.20128,0.09221,0.06648,0.35,0.00,0.52830,-0.52151,-0.16007,0.24656,1.48514,0.00000,1.00000,-0.52190,-0.16074,0.24641,1.48507,0.00000,1.00000,27,0.19945,0.09067,0.01494,0.19640,0.09380,0,0.97174,0.00000,0.00000,0.23605,virtual,0,218.07,256.85,218.07,256.85,218.07,256.85,218.07,256.85,218.07,256.85,218.07,256.85,218.07,256.85,218.07,256.85,218.07,256.85,218.07,256.85,218.07,256.85,218.07,256.85,218.07,256.85,218.07,256.85,218.07,256.85,218.07,256.85,218.07,256.85,218.07,256.85,218.07,256.85,218.07,256.85,218.07,256.85,0.00000,0.00000,0.00000,0.00000,0.00000,0.00000,0.00000,0.00000,0.00000,0.00000,0.00000,0.00000,0.00000,0.00000,0.00000,0.00000,0.00000,0.00000,0.00000,0.00000,0.00000,0.00000,0.00000,0.00000,0.00000,0.00000,0.00000,0.00000,0.00000,0.00000,0.00000,0.00000,0.00000,0.00000,0.00000,0.00000,0.00000,0.00000,0.00000,0.00000,0.00000,0.00000,0.00000,0.00000,0.00000,0.00000,0.00000,0.00000,0.00000,0.00000,0.00000,0.00000,0.00000,0.00000,0.00000,0.00000,0.00000,0.00000,0.00000,0.00000,0.00000,0.00000,0.00000,0.00000,0.00000,0.00000,0.00000,0.00000,0.00000,0.00000,0.00000,0.00000,0.00000,0.00000,0.00000,0.00000,0.00000,0.00000,0.00000,0.00000,0.00000,0.00000,0.00000,0.00000
8.6667,1,1,0.00,0.00,33.33,-0.09699,0.01603,0.52740,0.52729,0.52729,1.3000,0,0,0.20104,0.09240,0.06657,0.20123,0.09228,0.06650,0.29,0.00,0.52729,-0.52195,-0.16036,0.24676,1.48505,-0.00000,1.00000,-0.52190,-0.16074,0.24641,1.48507,0.00000,1.00000,27,0.19945,0.09067,0.01494,0.19640,0.09380,0,0.97174,0.00000,0.00000,0.23605,virtual,0,218.07,256.85,218.07,256.85,218.07,256.85,218.07,256.85,218.07,256.85,218.07,256.85,218.07,256.85,218.07,256.85,218.07,256.85,218.07,256.85,218.07,256.85,218.07,256.85,218.07,256.85,218.07,256.85,218.07,256.85,218.07,256.85,218.07,256.85,218.07,256.85,218.07,256.85,218.07,256.85,218.07,256.85,0.00000,0.00000,0.00000,0.00000,0.00000,0.00000,0.00000,0.00000,0.00000,0.00000,0.00000,0.00000,0.00000,0.00000,0.00000,0.00000,0.00000,0.00000,0.00000,0.00000,0.00000,0.00000,0.00000,0.00000,0.00000,0.00000,0.00000,0.00000,0.00000,0.00000,0.00000,0.00000,0.00000,0.00000,0.00000,0.00000,0.00000,0.00000,0.00000,0.00000,0.00000,0.00000,0.00000,0.00000,0.00000,0.00000,0.00000,0.00000,0.00000,0.00000,0.00000,0.00000,0.00000,0.00000,0.00000,0.00000,0.00000,0.00000,0.00000,0.00000,0.00000,0.00000,0.00000,0.00000,0.00000,0.00000,0.00000,0.00000,0.00000,0.00000,0.00000,0.00000,0.00000,0.00000,0.00000,0.00000,0.00000,0.00000,0.00000,0.00000,0.00000,0.00000,0.00000,0.00000
8.7000,1,1,0.00,0.00,33.33,-0.09742,0.01610,0.52972,0.53203,0.53203,1.3000,0,0,0.19988,0.09283,0.06650,0.20000,0.09257,0.06627,0.11,0.00,0.53203,-0.52663,-0.16704,0.25551,1.48391,-0.00000,1.00000,-0.52771,-0.16836,0.25573,1.48350,0.00000,1.00000,27,0.19945,0.09067,0.01494,0.19640,0.09380,0,0.97174,0.00000,0.00000,0.23605,virtual,0,218.07,256.85,218.07,256.85,218.07,256.85,218.07,256.85,218.07,256.85,218.07,256.85,218.07,256.85,218.07,256.85,218.07,256.85,218.07,256.85,218.07,256.85,218.07,256.85,218.07,256.85,218.07,256.85,218.07,256.85,218.07,256.85,218.07,256.85,218.07,256.85,218.07,256.85,218.07,256.85,218.07,256.85,0.00000,0.00000,0.00000,0.00000,0.00000,0.00000,0.00000,0.00000,0.00000,0.00000,0.00000,0.00000,0.00000,0.00000,0.00000,0.00000,0.00000,0.00000,0.00000,0.00000,0.00000,0.00000,0.00000,0.00000,0.00000,0.00000,0.00000,0.00000,0.00000,0.00000,0.00000,0.00000,0.00000,0.00000,0.00000,0.00000,0.00000,0.00000,0.00000,0.00000,0.00000,0.00000,0.00000,0.00000,0.00000,0.00000,0.00000,0.00000,0.00000,0.00000,0.00000,0.00000,0.00000,0.00000,0.00000,0.00000,0.00000,0.00000,0.00000,0.00000,0.00000,0.00000,0.00000,0.00000,0.00000,0.00000,0.00000,0.00000,0.00000,0.00000,0.00000,0.00000,0.00000,0.00000,0.00000,0.00000,0.00000,0.00000,0.00000,0.00000,0.00000,0.00000,0.00000,0.00000
8.7333,1,1,0.00,0.00,33.33,-0.09709,0.01605,0.52793,0.52615,0.52615,1.3000,0,0,0.20077,0.09250,0.06655,0.19980,0.09278,0.06631,0.85,0.00,0.52615,-0.52817,-0.16837,0.25670,1.48347,0.00001,0.99999,-0.52771,-0.16836,0.25573,1.48350,0.00000,1.00000,27,0.19945,0.09067,0.01494,0.19640,0.09380,0,0.97174,0.00000,0.00000,0.23605,virtual,0,218.07,256.85,218.07,256.85,218.07,256.85,218.07,256.85,218.07,256.85,218.07,256.85,218.07,256.85,218.07,256.85,218.07,256.85,218.07,256.85,218.07,256.85,218.07,256.85,218.07,256.85,218.07,256.85,218.07,256.85,218.07,256.85,218.07,256.85,218.07,256.85,218.07,256.85,218.07,256.85,218.07,256.85,0.00000,0.00000,0.00000,0.00000,0.00000,0.00000,0.00000,0.00000,0.00000,0.00000,0.00000,0.00000,0.00000,0.00000,0.00000,0.00000,0.00000,0.00000,0.00000,0.00000,0.00000,0.00000,0.00000,0.00000,0.00000,0.00000,0.00000,0.00000,0.00000,0.00000,0.00000,0.00000,0.00000,0.00000,0.00000,0.00000,0.00000,0.00000,0.00000,0.00000,0.00000,0.00000,0.00000,0.00000,0.00000,0.00000,0.00000,0.00000,0.00000,0.00000,0.00000,0.00000,0.00000,0.00000,0.00000,0.00000,0.00000,0.00000,0.00000,0.00000,0.00000,0.00000,0.00000,0.00000,0.00000,0.00000,0.00000,0.00000,0.00000,0.00000,0.00000,0.00000,0.00000,0.00000,0.00000,0.00000,0.00000,0.00000,0.00000,0.00000,0.00000,0.00000,0.00000,0.00000
8.7667,1,1,0.00,0.00,33.33,-0.09718,0.01606,0.52842,0.52891,0.52891,1.3000,0,0,0.20053,0.09259,0.06653,0.19991,0.09275,0.06635,0.59,0.00,0.52891,-0.52772,-0.16805,0.25610,1.48352,0.00000,1.00000,-0.52771,-0.16836,0.25573,1.48350,0.00000,1.00000,27,0.19945,0.09067,0.01494,0.19640,0.09380,0,0.97174,-0.00000,-0.00000,0.23605,virtual,0,218.07,256.85,218.07,256.85,218.07,256.85,218.07,256.85,218.07,256.85,218.07,256.85,218.07,256.85,218.07,256.85,218.07,256.85,218.07,256.85,218.07,256.85,218.07,256.85,218.07,256.85,218.07,256.85,218.07,256.85,218.07,256.85,218.07,256.85,218.07,256.85,218.07,256.85,218.07,256.85,218.07,256.85,0.00000,0.00000,0.00000,0.00000,0.00000,0.00000,0.00000,0.00000,0.00000,0.00000,0.00000,0.00000,0.00000,0.00000,0.00000,0.00000,0.00000,0.00000,0.00000,0.00000,0.00000,0.00000,0.00000,0.00000,0.00000,0.00000,0.00000,0.00000,0.00000,0.00000,0.00000,0.00000,0.00000,0.00000,0.00000,0.00000,0.00000,0.00000,0.00000,0.00000,0.00000,0.00000,0.00000,0.00000,0.00000,0.00000,0.00000,0.00000,0.00000,0.00000,0.00000,0.00000,0.00000,0.00000,0.00000,0.00000,0.00000,0.00000,0.00000,0.00000,0.00000,0.00000,0.00000,0.00000,0.00000,0.00000,0.00000,0.00000,0.00000,0.00000,0.00000,0.00000,0.00000,0.00000,0.00000,0.00000,0.00000,0.00000,0.00000,0.00000,0.00000,0.00000,0.00000,0.00000
8.8000,1,1,0.00,0.00,33.33,-0.09812,0.01622,0.53351,0.53859,0.53859,1.3000,0,0,0.19798,0.09353,0.06638,0.19784,0.09323,0.06601,0.17,0.01,0.53859,-0.53564,-0.17870,0.26974,1.48236,0.00000,0.99999,-0.53595,-0.17913,0.26821,1.48181,0.00000,1.00000,27,0.19945,0.09067,0.01494,0.19640,0.09380,0,0.97174,-0.00000,-0.00000,0.23605,virtual,0,218.07,256.85,218.07,256.85,218.07,256.85,218.07,256.85,218.07,256.85,218.07,256.85,218.07,256.85,218.07,256.85,218.07,256.85,218.07,256.85,218.07,256.85,218.07,256.85,218.07,256.85,218.07,256.85,218.07,256.85,218.07,256.85,218.07,256.85,218.07,256.85,218.07,256.85,218.07,256.85,218.07,256.85,0.00000,0.00000,0.00000,0.00000,0.00000,0.00000,0.00000,0.00000,0.00000,0.00000,0.00000,0.00000,0.00000,0.00000,0.00000,0.00000,0.00000,0.00000,0.00000,0.00000,0.00000,0.00000,0.00000,0.00000,0.00000,0.00000,0.00000,0.00000,0.00000,0.00000,0.00000,0.00000,0.00000,0.00000,0.00000,0.00000,0.00000,0.00000,0.00000,0.00000,0.00000,0.00000,0.00000,0.00000,0.00000,0.00000,0.00000,0.00000,0.00000,0.00000,0.00000,0.00000,0.00000,0.00000,0.00000,0.00000,0.00000,0.00000,0.00000,0.00000,0.00000,0.00000,0.00000,0.00000,0.00000,0.00000,0.00000,0.00000,0.00000,0.00000,0.00000,0.00000,0.00000,0.00000,0.00000,0.00000,0.00000,0.00000,0.00000,0.00000,0.00000,0.00000,0.00000,0.00000
8.8333,1,1,0.00,0.00,33.33,-0.09779,0.01616,0.53173,0.52995,0.52995,1.3000,0,0,0.19887,0.09320,0.06643,0.19794,0.09347,0.06621,0.81,0.01,0.52995,-0.53645,-0.17960,0.26935,1.48176,0.00001,0.99999,-0.53595,-0.17913,0.26821,1.48181,0.00000,1.00000,27,0.19945,0.09067,0.01494,0.19640,0.09380,0,0.97174,0.00000,0.00000,0.23605,virtual,0,218.07,256.85,218.07,256.85,218.07,256.85,218.07,256.85,218.07,256.85,218.07,256.85,218.07,256.85,218.07,256.85,218.07,256.85,218.07,256.85,218.07,256.85,218.07,256.85,218.07,256.85,218.07,256.85,218.07,256.85,218.07,256.85,218.07,256.85,218.07,256.85,218.07,256.85,218.07,256.85,218.07,256.85,0.00000,0.00000,0.00000,0.00000,0.00000,0.00000,0.00000,0.00000,0.00000,0.00000,0.00000,0.00000,0.00000,0.00000,0.00000,0.00000,0.00000,0.00000,0.00000,0.00000,0.00000,0.00000,0.00000,0.00000,0.00000,0.00000,0.00000,0.00000,0.00000,0.00000,0.00000,0.00000,0.00000,0.00000,0.00000,0.00000,0.00000,0.00000,0.00000,0.00000,0.00000,0.00000,0.00000,0.00000,0.00000,0.00000,0.00000,0.00000,0.00000,0.00000,0.00000,0.00000,0.00000,0.00000,0.00000,0.00000,0.00000,0.00000,0.00000,0.00000,0.00000,0.00000,0.00000,0.00000,0.00000,0.00000,0.00000,0.00000,0.00000,0.00000,0.00000,0.00000,0.00000,0.00000,0.00000,0.00000,0.00000,0.00000,0.00000,0.00000,0.00000,0.00000,0.00000,0.00000
8.8667,1,1,0.00,0.00,33.33,-0.09675,0.01599,0.52610,0.52047,0.52047,1.3000,0,0,0.20169,0.09216,0.06660,0.20245,0.09172,0.06574,0.26,0.01,0.52047,-0.51615,-0.14809,0.23888,1.48448,-0.00000,1.00000,-0.52112,-0.16027,0.24537,1.48553,0.00000,1.00000,27,0.19945,0.09067,0.01494,0.19640,0.09380,0,0.97174,0.00000,0.00000,0.23605,virtual,0,218.07,256.85,218.07,256.85,218.07,256.85,218.07,256.85,218.07,256.85,218.07,256.85,218.07,256.85,218.07,256.85,218.07,256.85,218.07,256.85,218.07,256.85,218.07,256.85,218.07,256.85,218.07,256.85,218.07,256.85,218.07,256.85,218.07,256.85,218.07,256.85,218.07,256.85,218.07,256.85,218.07,256.85,0.00000,0.00000,0.00000,0.00000,0.00000,0.00000,0.00000,0.00000,0.00000,0.00000,0.00000,0.00000,0.00000,0.00000,0.00000,0.00000,0.00000,0.00000,0.00000,0.00000,0.00000,0.00000,0.00000,0.00000,0.00000,0.00000,0.00000,0.00000,0.00000,0.00000,0.00000,0.00000,0.00000,0.00000,0.00000,0.00000,0.00000,0.00000,0.00000,0.00000,0.00000,0.00000,0.00000,0.00000,0.00000,0.00000,0.00000,0.00000,0.00000,0.00000,0.00000,0.00000,0.00000,0.00000,0.00000,0.00000,0.00000,0.00000,0.00000,0.00000,0.00000,0.00000,0.00000,0.00000,0.00000,0.00000,0.00000,0.00000,0.00000,0.00000,0.00000,0.00000,0.00000,0.00000,0.00000,0.00000,0.00000,0.00000,0.00000,0.00000,0.00000,0.00000,0.00000,0.00000
8.9000,1,1,0.00,0.00,33.33,-0.09671,0.01599,0.52589,0.52567,0.52567,1.3000,0,0,0.20180,0.09212,0.06661,0.20164,0.09216,0.06701,0.37,0.01,0.52567,-0.52036,-0.16189,0.24487,1.48564,-0.00001,1.00000,-0.52112,-0.16027,0.24537,1.48553,0.00000,1.00000,27,0.19945,0.09067,0.01494,0.19640,0.09380,0,0.97174,0.00000,0.00000,0.23605,virtual,0,218.07,256.85,218.07,256.85,218.07,256.85,218.07,256.85,218.07,256.85,218.07,256.85,218.07,256.85,218.07,256.85,218.07,256.85,218.07,256.85,218.07,256.85,218.07,256.85,218.07,256.85,218.07,256.85,218.07,256.85,218.07,256.85,218.07,256.85,218.07,256.85,218.07,256.85,218.07,256.85,218.07,256.85,0.00000,0.00000,0.00000,0.00000,0.00000,0.00000,0.00000,0.00000,0.00000,0.00000,0.00000,0.00000,0.00000,0.00000,0.00000,0.00000,0.00000,0.00000,0.00000,0.00000,0.00000,0.00000,0.00000,0.00000,0.00000,0.00000,0.00000,0.00000,0.00000,0.00000,0.00000,0.00000,0.00000,0.00000,0.00000,0.00000,0.00000,0.00000,0.00000,0.00000,0.00000,0.00000,0.00000,0.00000,0.00000,0.00000,0.00000,0.00000,0.00000,0.00000,0.00000,0.00000,0.00000,0.00000,0.00000,0.00000,0.00000,0.00000,0.00000,0.00000,0.00000,0.00000,0.00000,0.00000,0.00000,0.00000,0.00000,0.00000,0.00000,0.00000,0.00000,0.00000,0.00000,0.00000,0.00000,0.00000,0.00000,0.00000,0.00000,0.00000,0.00000,0.00000,0.00000,0.00000
8.9333,1,1,0.00,0.00,33.33,-0.09629,0.01592,0.52356,0.52124,0.52124,1.3000,0,0,0.20296,0.09170,0.06668,0.20259,0.09158,0.06601,0.12,0.00,0.52124,-0.51514,-0.14771,0.23645,1.48650,0.00000,1.00000,-0.51511,-0.15167,0.23576,1.48663,0.00000,1.00000,27,0.19945,0.09067,0.01494,0.19640,0.09380,0,0.97174,-0.00000,0.00000,0.23605,virtual,0,218.07,256.85,218.07,256.85,218.07,256.85,218.07,256.85,218.07,256.85,218.07,256.85,218.07,256.85,218.07,256.85,218.07,256.85,218.07,256.85,218.07,256.85,218.07,256.85,218.07,256.85,218.07,256.85,218.07,256.85,218.07,256.85,218.07,256.85,218.07,256.85,218.07,256.85,218.07,256.85,218.07,256.85,0.00000,0.00000,0.00000,0.00000,0.00000,0.00000,0.00000,0.00000,0.00000,0.00000,0.00000,0.00000,0.00000,0.00000,0.00000,0.00000,0.00000,0.00000,0.00000,0.00000,0.00000,0.00000,0.00000,0.00000,0.00000,0.00000,0.00000,0.00000,0.00000,0.00000,0.00000,0.00000,0.00000,0.00000,0.00000,0.00000,0.00000,0.00000,0.00000,0.00000,0.00000,0.00000,0.00000,0.00000,0.00000,0.00000,0.00000,0.00000,0.00000,0.00000,0.00000,0.00000,0.00000,0.00000,0.00000,0.00000,0.00000,0.00000,0.00000,0.00000,0.00000,0.00000,0.00000,0.00000,0.00000,0.00000,0.00000,0.00000,0.00000,0.00000,0.00000,0.00000,0.00000,0.00000,0.00000,0.00000,0.00000,0.00000,0.00000,0.00000,0.00000,0.00000,0.00000,0.00000
8.9667,1,1,0.00,0.00,33.33,-0.09733,0.01609,0.52926,0.53495,0.53495,1.3000,0,0,0.20011,0.09274,0.06651,0.19902,0.09206,0.06566,0.22,0.01,0.53495,-0.52689,-0.16971,0.26253,1.48430,0.00001,0.99999,-0.52624,-0.16647,0.25395,1.48345,0.00000,1.00000,27,0.19945,0.09067,0.01494,0.19640,0.09380,0,0.97174,0.00000,0.00000,0.23605,virtual,0,218.07,256.85,218.07,256.85,218.07,256.85,218.07,256.85,218.07,256.85,218.07,256.85,218.07,256.85,218.07,256.85,218.07,256.85,218.07,256.85,218.07,256.85,218.07,256.85,218.07,256.85,218.07,256.85,218.07,256.85,218.07,256.85,218.07,256.85,218.07,256.85,218.07,256.85,218.07,256.85,218.07,256.85,0.00000,0.00000,0.00000,0.00000,0.00000,0.00000,0.00000,0.00000,0.00000,0.00000,0.00000,0.00000,0.00000,0.00000,0.00000,0.00000,0.00000,0.00000,0.00000,0.00000,0.00000,0.00000,0.00000,0.00000,0.00000,0.00000,0.00000,0.00000,0.00000,0.00000,0.00000,0.00000,0.00000,0.00000,0.00000,0.00000,0.00000,0.00000,0.00000,0.00000,0.00000,0.00000,0.00000,0.00000,0.00000,0.00000,0.00000,0.00000,0.00000,0.00000,0.00000,0.00000,0.00000,0.00000,0.00000,0.00000,0.00000,0.00000,0.00000,0.00000,0.00000,0.00000,0.00000,0.00000,0.00000,0.00000,0.00000,0.00000,0.00000,0.00000,0.00000,0.00000,0.00000,0.00000,0.00000,0.00000,0.00000,0.00000,0.00000,0.00000,0.00000,0.00000,0.00000,0.00000
9.0000,1,1,0.00,0.00,33.33,-0.09769,0.01615,0.53121,0.53316,0.53316,1.3000,0,0,0.19913,0.09310,0.06645,0.19904,0.09329,0.06642,0.10,0.00,0.53316,-0.53261,-0.17331,0.26124,1.48282,-0.00000,0.99999,-0.53110,-0.17280,0.26080,1.48285,0.00000,1.00000,27,0.19945,0.09067,0.01494,0.19640,0.09380,0,0.97174,0.00000,0.00000,0.23605,virtual,0,218.07,256.85,218.07,256.85,218.07,256.85,218.07,256.85,218.07,256.85,218.07,256.85,218.07,256.85,218.07,256.85,218.07,256.85,218.07,256.85,218.07,256.85,218.07,256.85,218.07,256.85,218.07,256.85,218.07,256.85,218.07,256.85,218.07,256.85,218.07,256.85,218.07,256.85,218.07,256.85,218.07,256.85,0.00000,0.00000,0.00000,0.00000,0.00000,0.00000,0.00000,0.00000,0.00000,0.00000,0.00000,0.00000,0.00000,0.00000,0.00000,0.00000,0.00000,0.00000,0.00000,0.00000,0.00000,0.00000,0.00000,0.00000,0.00000,0.00000,0.00000,0.00000,0.00000,0.00000,0.00000,0.00000,0.00000,0.00000,0.00000,0.00000,0.00000,0.00000,0.00000,0.00000,0.00000,0.00000,0.00000,0.00000,0.00000,0.00000,0.00000,0.00000,0.00000,0.00000,0.00000,0.00000,0.00000,0.00000,0.00000,0.00000,0.00000,0.00000,0.00000,0.00000,0.00000,0.00000,0.00000,0.00000,0.00000,0.00000,0.00000,0.00000,0.00000,0.00000,0.00000,0.00000,0.00000,0.00000,0.00000,0.00000,0.00000,0.00000,0.00000,0.00000,0.00000,0.00000,0.00000,0.00000
9.0333,1,1,0.00,0.00,33.33,-0.09742,0.01610,0.52973,0.52824,0.52824,1.3000,0,0,0.19988,0.09283,0.06649,0.19916,0.09311,0.06635,0.71,0.00,0.52824,-0.53143,-0.17272,0.26108,1.48275,-0.00000,1.00000,-0.53110,-0.17280,0.26080,1.48285,0.00000,1.00000,27,0.19945,0.09067,0.01494,0.19640,0.09380,0,0.97174,0.00000,0.00000,0.23605,virtual,0,218.07,256.85,218.07,256.85,218.07,256.85,218.07,256.85,218.07,256.85,218.07,256.85,218.07,256.85,218.07,256.85,218.07,256.85,218.07,256.85,218.07,256.85,218.07,256.85,218.07,256.85,218.07,256.85,218.07,256.85,218.07,256.85,218.07,256.85,218.07,256.85,218.07,256.85,218.07,256.85,218.07,256.85,0.00000,0.00000,0.00000,0.00000,0.00000,0.00000,0.00000,0.00000,0.00000,0.00000,0.00000,0.00000,0.00000,0.00000,0.00000,0.00000,0.00000,0.00000,0.00000,0.00000,0.00000,0.00000,0.00000,0.00000,0.00000,0.00000,0.00000,0.00000,0.00000,0.00000,0.00000,0.00000,0.00000,0.00000,0.00000,0.00000,0.00000,0.00000,0.00000,0.00000,0.00000,0.00000,0.00000,0.00000,0.00000,0.00000,0.00000,0.00000,0.00000,0.00000,0.00000,0.00000,0.00000,0.00000,0.00000,0.00000,0.00000,0.00000,0.00000,0.00000,0.00000,0.00000,0.00000,0.00000,0.00000,0.00000,0.00000,0.00000,0.00000,0.00000,0.00000,0.00000,0.00000,0.00000,0.00000,0.00000,0.00000,0.00000,0.00000,0.00000,0.00000,0.00000,0.00000,0.00000
9.0667,1,1,0.00,0.00,33.33,-0.09713,0.01605,0.52815,0.52658,0.52658,1.3000,0,0,0.20066,0.09254,0.06654,0.20048,0.09261,0.06653,0.11,0.00,0.52658,-0.52553,-0.16570,0.25232,1.48406,0.00001,0.99999,-0.52513,-0.16514,0.25137,1.48450,0.00000,1.00000,27,0.19945,0.09067,0.01494,0.19640,0.09380,0,0.97174,0.00000,0.00000,0.23605,virtual,0,218.07,256.85,218.07,256.85,218.07,256.85,218.07,256.85,218.07,256.85,218.07,256.85,218.07,256.85,218.07,256.85,218.07,256.85,218.07,256.85,218.07,256.85,218.07,256.85,218.07,256.85,218.07,256.85,218.07,256.85,218.07,256.85,218.07,256.85,218.07,256.85,218.07,256.85,218.07,256.85,218.07,256.85,0.00000,0.00000,0.00000,0.00000,0.00000,0.00000,0.00000,0.00000,0.00000,0.00000,0.00000,0.00000,0.00000,0.00000,0.00000,0.00000,0.00000,0.00000,0.00000,0.00000,0.00000,0.00000,0.00000,0.00000,0.00000,0.00000,0.00000,0.00000,0.00000,0.00000,0.00000,0.00000,0.00000,0.00000,0.00000,0.00000,0.00000,0.00000,0.00000,0.00000,0.00000,0.00000,0.00000,0.00000,0.00000,0.00000,0.00000,0.00000,0.00000,0.00000,0.00000,0.00000,0.00000,0.00000,0.00000,0.00000,0.00000,0.00000,0.00000,0.00000,0.00000,0.00000,0.00000,0.00000,0.00000,0.00000,0.00000,0.00000,0.00000,0.00000,0.00000,0.00000,0.00000,0.00000,0.00000,0.00000,0.00000,0.00000,0.00000,0.00000,0.00000,0.00000,0.00000,0.00000
9.1000,1,1,0.00,0.00,33.33,-0.09683,0.01600,0.52649,0.52483,0.52483,1.3000,0,0,0.20149,0.09224,0.06659,0.20056,0.09247,0.06642,0.99,0.00,0.52483,-0.52469,-0.16408,0.25132,1.48455,-0.00000,1.00000,-0.52513,-0.16514,0.25137,1.48450,0.00000,1.00000,27,0.19945,0.09067,0.01494,0.19640,0.09380,0,0.97174,0.00000,0.00000,0.23605,virtual,0,218.07,256.85,218.07,256.85,218.07,256.85,218.07,256.85,218.07,256.85,218.07,256.85,218.07,256.85,218.07,256.85,218.07,256.85,218.07,256.85,218.07,256.85,218.07,256.85,218.07,256.85,218.07,256.85,218.07,256.85,218.07,256.85,218.07,256.85,218.07,256.85,218.07,256.85,218.07,256.85,218.07,256.85,0.00000,0.00000,0.00000,0.00000,0.00000,0.00000,0.00000,0.00000,0.00000,0.00000,0.00000,0.00000,0.00000,0.00000,0.00000,0.00000,0.00000,0.00000,0.00000,0.00000,0.00000,0.00000,0.00000,0.00000,0.00000,0.00000,0.00000,0.00000,0.00000,0.00000,0.00000,0.00000,0.00000,0.00000,0.00000,0.00000,0.00000,0.00000,0.00000,0.00000,0.00000,0.00000,0.00000,0.00000,0.00000,0.00000,0.00000,0.00000,0.00000,0.00000,0.00000,0.00000,0.00000,0.00000,0.00000,0.00000,0.00000,0.00000,0.00000,0.00000,0.00000,0.00000,0.00000,0.00000,0.00000,0.00000,0.00000,0.00000,0.00000,0.00000,0.00000,0.00000,0.00000,0.00000,0.00000,0.00000,0.00000,0.00000,0.00000,0.00000,0.00000,0.00000,0.00000,0.00000
