t_s,engaged,hand_found,detect_ms,ik_ms,loop_ms,hand_x,hand_y,hand_z,depth_len_m,depth_width_m,pinch,gated,gripper_closed,target_x,target_y,target_z,tip_x,tip_y,tip_z,ik_pos_err_mm,ik_dir_err_deg,depth_used_m,q0,q1,q2,q3,q4,q5,ctrl0,ctrl1,ctrl2,ctrl3,ctrl4,ctrl5,layout,cube_x,cube_y,cube_z,goal_x,goal_y,placed_success,cube_qw,cube_qx,cube_qy,cube_qz,handedness,grasp_locked,px0_u,px0_v,px1_u,px1_v,px2_u,px2_v,px3_u,px3_v,px4_u,px4_v,px5_u,px5_v,px6_u,px6_v,px7_u,px7_v,px8_u,px8_v,px9_u,px9_v,px10_u,px10_v,px11_u,px11_v,px12_u,px12_v,px13_u,px13_v,px14_u,px14_v,px15_u,px15_v,px16_u,px16_v,px17_u,px17_v,px18_u,px18_v,px19_u,px19_v,px20_u,px20_v,relz0,relz1,relz2,relz3,relz4,relz5,relz6,relz7,relz8,relz9,relz10,relz11,relz12,relz13,relz14,relz15,relz16,relz17,relz18,relz19,relz20,w0_x,w0_y,w0_z,w1_x,w1_y,w1_z,w2_x,w2_y,w2_z,w3_x,w3_y,w3_z,w4_x,w4_y,w4_z,w5_x,w5_y,w5_z,w6_x,w6_y,w6_z,w7_x,w7_y,w7_z,w8_x,w8_y,w8_z,w9_x,w9_y,w9_z,w10_x,w10_y,w10_z,w11_x,w11_y,w11_z,w12_x,w12_y,w12_z,w13_x,w13_y,w13_z,w14_x,w14_y,w14_z,w15_x,w15_y,w15_z,w16_x,w16_y,w16_z,w17_x,w17_y,w17_z,w18_x,w18_y,w18_z,w19_x,w19_y,w19_z,w20_x,w20_y,w20_z
0.0000,0,1,0.00,0.00,33.33,0.00000,0.04065,0.67746,0.67746,0.67746,1.3000,0,0,0.21961,-0.00098,0.06018,0.21961,-0.00098,0.06018,,,0.67746,0.00000,-0.21000,0.34600,1.43400,0.00000,1.00000,0.00000,-0.21000,0.34600,1.43400,0.00000,1.00000,23,0.23330,-0.06890,0.01500,0.23370,0.05100,0,0.98971,0.00000,0.00000,-0.14309,virtual,0,320.00,273.26,320.00,273.26,320.00,273.26,320.00,273.26,320.00,273.26,320.00,273.26,320.00,273.26,320.00,273.26,320.00,273.26,320.00,273.26,320.00,273.26,320.00,273.26,320.00,273.26,320.00,273.26,320.00,273.26,320.00,273.26,320.00,273.26,320.00,273.26,320.00,273.26,320.00,273.26,320.00,273.26,0.00000,0.00000,0.00000,0.00000,0.00000,0.00000,0.00000,0.00000,0.00000,0.00000,0.00000,0.00000,0.00000,0.00000,0.00000,0.00000,0.00000,0.00000,0.00000,0.00000,0.00000,0.00000,0.00000,0.00000,0.00000,0.00000,0.00000,0.00000,0.00000,0.00000,0.00000,0.00000,0.00000,0.00000,0.00000,0.00000,0.00000,0.00000,0.00000,0.00000,0.00000,0.00000,0.00000,0.00000,0.00000,0.00000,0.00000,0.00000,0.00000,0.00000,0.00000,0.00000,0.00000,0.00000,0.00000,0.00000,0.00000,0.00000,0.00000,0.00000,0.00000,0.00000,0.00000,0.00000,0.00000,0.00000,0.00000,0.00000,0.00000,0.00000,0.00000,0.00000,0.00000,0.00000,0.00000,0.00000,0.00000,0.00000,0.00000,0.00000,0.00000,0.00000,0.00000,0.00000
0.0333,0,1,0.00,0.00,33.33,0.00000,0.04190,0.69839,0.71933,0.71933,1.3000,0,0,0.21961,-0.00098,0.06018,0.21952,-0.00098,0.06005,,,0.71933,0.00000,-0.20958,0.34642,1.43400,-0.00000,1.00000,0.00000,-0.21000,0.34600,1.43400,0.00000,1.00000,23,0.23330,-0.06890,0.01496,0.23370,0.05100,0,0.98971,0.00000,-0.00000,-0.14309,virtual,0,320.00,273.26,320.00,273.26,320.00,273.26,320.00,273.26,320.00,273.26,320.00,273.26,320.00,273.26,320.00,273.26,320.00,273.26,320.00,273.26,320.00,273.26,320.00,273.26,320.00,273.26,320.00,273.26,320.00,273.26,320.00,273.26,320.00,273.26,320.00,273.26,320.00,273.26,320.00,273.26,320.00,273.26,0.00000,0.00000,0.00000,0.00000,0.00000,0.00000,0.00000,0.00000,0.00000,0.00000,0.00000,0.00000,0.00000,0.00000,0.00000,0.00000,0.00000,0.00000,0.00000,0.00000,0.00000,0.00000,0.00000,0.00000,0.00000,0.00000,0.00000,0.00000,0.00000,0.00000,0.00000,0.00000,0.00000,0.00000,0.00000,0.00000,0.00000,0.00000,0.00000,0.00000,0.00000,0.00000,0.00000,0.00000,0.00000,0.00000,0.00000,0.00000,0.00000,0.00000,0.00000,0.00000,0.00000,0.00000,0.00000,0.00000,0.00000,0.00000,0.00000,0.00000,0.00000,0.00000,0.00000,0.00000,0.00000,0.00000,0.00000,0.00000,0.00000,0.00000,0.00000,0.00000,0.00000,0.00000,0.00000,0.00000,0.00000,0.00000,0.00000,0.00000,0.00000,0.00000,0.00000,0.00000
0.0667,0,1,0.00,0.00,33.33,0.00000,0.04217,0.70285,0.70730,0.70730,1.3000,0,0,0.21961,-0.00098,0.06018,0.21954,-0.00098,0.06008,,,0.70730,0.00000,-0.20968,0.34632,1.43401,-0.00000,1.00000,0.00000,-0.21000,0.34600,1.43400,0.00000,1.00000,23,0.23330,-0.06890,0.01494,0.23370,0.05100,0,0.98971,0.00000,-0.00000,-0.14309,virtual,0,320.00,273.26,320.00,273.26,320.00,273.26,320.00,273.26,320.00,273.26,320.00,273.26,320.00,273.26,320.00,273.26,320.00,273.26,320.00,273.26,320.00,273.26,320.00,273.26,320.00,273.26,320.00,273.26,320.00,273.26,320.00,273.26,320.00,273.26,320.00,273.26,320.00,273.26,320.00,273.26,320.00,273.26,0.00000,0.00000,0.00000,0.00000,0.00000,0.00000,0.00000,0.00000,0.00000,0.00000,0.00000,0.00000,0.00000,0.00000,0.00000,0.00000,0.00000,0.00000,0.00000,0.00000,0.00000,0.00000,0.00000,0.00000,0.00000,0.00000,0.00000,0.00000,0.00000,0.00000,0.00000,0.00000,0.00000,0.00000,0.00000,0.00000,0.00000,0.00000,0.00000,0.00000,0.00000,0.00000,0.00000,0.00000,0.00000,0.00000,0.00000,0.00000,0.00000,0.00000,0.00000,0.00000,0.00000,0.00000,0.00000,0.00000,0.00000,0.00000,0.00000,0.00000,0.00000,0.00000,0.00000,0.00000,0.00000,0.00000,0.00000,0.00000,0.00000,0.00000,0.00000,0.00000,0.00000,0.00000,0.00000,0.00000,0.00000,0.00000,0.00000,0.00000,0.00000,0.00000,0.00000,0.00000
0.1000,0,1,0.00,0.00,33.33,0.00000,0.04246,0.70765,0.71245,0.71245,1.3000,0,0,0.21961,-0.00098,0.06018,0.21954,-0.00098,0.06008,,,0.71245,0.00000,-0.20966,0.34634,1.43401,0.00000,1.00000,0.00000,-0.21000,0.34600,1.43400,0.00000,1.00000,23,0.23330,-0.06890,0.01494,0.23370,0.05100,0,0.98971,0.00000,-0.00000,-0.14309,virtual,0,320.00,273.26,320.00,273.26,320.00,273.26,320.00,273.26,320.00,273.26,320.00,273.26,320.00,273.26,320.00,273.26,320.00,273.26,320.00,273.26,320.00,273.26,320.00,273.26,320.00,273.26,320.00,273.26,320.00,273.26,320.00,273.26,320.00,273.26,320.00,273.26,320.00,273.26,320.00,273.26,320.00,273.26,0.00000,0.00000,0.00000,0.00000,0.00000,0.00000,0.00000,0.00000,0.00000,0.00000,0.00000,0.00000,0.00000,0.00000,0.00000,0.00000,0.00000,0.00000,0.00000,0.00000,0.00000,0.00000,0.00000,0.00000,0.00000,0.00000,0.00000,0.00000,0.00000,0.00000,0.00000,0.00000,0.00000,0.00000,0.00000,0.00000,0.00000,0.00000,0.00000,0.00000,0.00000,0.00000,0.00000,0.00000,0.00000,0.00000,0.00000,0.00000,0.00000,0.00000,0.00000,0.00000,0.00000,0.00000,0.00000,0.00000,0.00000,0.00000,0.00000,0.00000,0.00000,0.00000,0.00000,0.00000,0.00000,0.00000,0.00000,0.00000,0.00000,0.00000,0.00000,0.00000,0.00000,0.00000,0.00000,0.00000,0.00000,0.00000,0.00000,0.00000,0.00000,0.00000,0.00000,0.00000
0.1333,0,1,0.00,0.00,33.33,0.00000,0.04188,0.69806,0.68847,0.68847,1.3000,0,0,0.21961,-0.00098,0.06018,0.21953,-0.00098,0.06007,,,0.68847,0.00000,-0.20965,0.34635,1.43401,0.00000,1.00000,0.00000,-0.21000,0.34600,1.43400,0.00000,1.00000,23,0.23330,-0.06890,0.01494,0.23370,0.05100,0,0.98971,0.00000,-0.00000,-0.14309,virtual,0,320.00,273.26,320.00,273.26,320.00,273.26,320.00,273.26,320.00,273.26,320.00,273.26,320.00,273.26,320.00,273.26,320.00,273.26,320.00,273.26,320.00,273.26,320.00,273.26,320.00,273.26,320.00,273.26,320.00,273.26,320.00,273.26,320.00,273.26,320.00,273.26,320.00,273.26,320.00,273.26,320.00,273.26,0.00000,0.00000,0.00000,0.00000,0.00000,0.00000,0.00000,0.00000,0.00000,0.00000,0.00000,0.00000,0.00000,0.00000,0.00000,0.00000,0.00000,0.00000,0.00000,0.00000,0.00000,0.00000,0.00000,0.00000,0.00000,0.00000,0.00000,0.00000,0.00000,0.00000,0.00000,0.00000,0.00000,0.00000,0.00000,0.00000,0.00000,0.00000,0.00000,0.00000,0.00000,0.00000,0.00000,0.00000,0.00000,0.00000,0.00000,0.00000,0.00000,0.00000,0.00000,0.00000,0.00000,0.00000,0.00000,0.00000,0.00000,0.00000,0.00000,0.00000,0.00000,0.00000,0.00000,0.00000,0.00000,0.00000,0.00000,0.00000,0.00000,0.00000,0.00000,0.00000,0.00000,0.00000,0.00000,0.00000,0.00000,0.00000,0.00000,0.00000,0.00000,0.00000,0.00000,0.00000
0.1667,0,1,0.00,0.00,33.33,0.00000,0.04170,0.69508,0.69210,0.69210,1.3000,0,0,0.21961,-0.00098,0.06018,0.21953,-0.00098,0.06007,,,0.69210,0.00000,-0.20964,0.34636,1.43401,-0.00000,1.00000,0.00000,-0.21000,0.34600,1.43400,0.00000,1.00000,23,0.23330,-0.06890,0.01494,0.23370,0.05100,0,0.98971,0.00000,-0.00000,-0.14309,virtual,0,320.00,273.26,320.00,273.26,320.00,273.26,320.00,273.26,320.00,273.26,320.00,273.26,320.00,273.26,320.00,273.26,320.00,273.26,320.00,273.26,320.00,273.26,320.00,273.26,320.00,273.26,320.00,273.26,320.00,273.26,320.00,273.26,320.00,273.26,320.00,273.26,320.00,273.26,320.00,273.26,320.00,273.26,0.00000,0.00000,0.00000,0.00000,0.00000,0.00000,0.00000,0.00000,0.00000,0.00000,0.00000,0.00000,0.00000,0.00000,0.00000,0.00000,0.00000,0.00000,0.00000,0.00000,0.00000,0.00000,0.00000,0.00000,0.00000,0.00000,0.00000,0.00000,0.00000,0.00000,0.00000,0.00000,0.00000,0.00000,0.00000,0.00000,0.00000,0.00000,0.00000,0.00000,0.00000,0.00000,0.00000,0.00000,0.00000,0.00000,0.00000,0.00000,0.00000,0.00000,0.00000,0.00000,0.00000,0.00000,0.00000,0.00000,0.00000,0.00000,0.00000,0.00000,0.00000,0.00000,0.00000,0.00000,0.00000,0.00000,0.00000,0.00000,0.00000,0.00000,0.00000,0.00000,0.00000,0.00000,0.00000,0.00000,0.00000,0.00000,0.00000,0.00000,0.00000,0.00000,0.00000,0.00000
0.2000,0,1,0.00,0.00,33.33,0.00000,0.04224,0.70392,0.71277,0.71277,1.3000,0,0,0.21961,-0.00098,0.06018,0.21953,-0.00098,0.06007,,,0.71277,0.00000,-0.20964,0.34636,1.43401,-0.00000,1.00000,0.00000,-0.21000,0.34600,1.43400,0.00000,1.00000,23,0.23330,-0.06890,0.01494,0.23370,0.05100,0,0.98971,0.00000,-0.00000,-0.14309,virtual,0,320.00,273.26,320.00,273.26,320.00,273.26,320.00,273.26,320.00,273.26,320.00,273.26,320.00,273.26,320.00,273.26,320.00,273.26,320.00,273.26,320.00,273.26,320.00,273.26,320.00,273.26,320.00,273.26,320.00,273.26,320.00,273.26,320.00,273.26,320.00,273.26,320.00,273.26,320.00,273.26,320.00,273.26,0.00000,0.00000,0.00000,0.00000,0.00000,0.00000,0.00000,0.00000,0.00000,0.00000,0.00000,0.00000,0.00000,0.00000,0.00000,0.00000,0.00000,0.00000,0.00000,0.00000,0.00000,0.00000,0.00000,0.00000,0.00000,0.00000,0.00000,0.00000,0.00000,0.00000,0.00000,0.00000,0.00000,0.00000,0.00000,0.00000,0.00000,0.00000,0.00000,0.00000,0.00000,0.00000,0.00000,0.00000,0.00000,0.00000,0.00000,0.00000,0.00000,0.00000,0.00000,0.00000,0.00000,0.00000,0.00000,0.00000,0.00000,0.00000,0.00000,0.00000,0.00000,0.00000,0.00000,0.00000,0.00000,0.00000,0.00000,0.00000,0.00000,0.00000,0.00000,0.00000,0.00000,0.00000,0.00000,0.00000,0.00000,0.00000,0.00000,0.00000,0.00000,0.00000,0.00000,0.00000
0.2333,0,1,0.00,0.00,33.33,0.00000,0.04247,0.70783,0.71173,0.71173,1.3000,0,0,0.21961,-0.00098,0.06018,0.21953,-0.00098,0.06007,,,0.71173,0.00000,-0.20964,0.34636,1.43401,0.00000,1.00000,0.00000,-0.21000,0.34600,1.43400,0.00000,1.00000,23,0.23330,-0.06890,0.01494,0.23370,0.05100,0,0.98971,0.00000,-0.00000,-0.14309,virtual,0,320.00,273.26,320.00,273.26,320.00,273.26,320.00,273.26,320.00,273.26,320.00,273.26,320.00,273.26,320.00,273.26,320.00,273.26,320.00,273.26,320.00,273.26,320.00,273.26,320.00,273.26,320.00,273.26,320.00,273.26,320.00,273.26,320.00,273.26,320.00,273.26,320.00,273.26,320.00,273.26,320.00,273.26,0.00000,0.00000,0.00000,0.00000,0.00000,0.00000,0.00000,0.00000,0.00000,0.00000,0.00000,0.00000,0.00000,0.00000,0.00000,0.00000,0.00000,0.00000,0.00000,0.00000,0.00000,0.00000,0.00000,0.00000,0.00000,0.00000,0.00000,0.00000,0.00000,0.00000,0.00000,0.00000,0.00000,0.00000,0.00000,0.00000,0.00000,0.00000,0.00000,0.00000,0.00000,0.00000,0.00000,0.00000,0.00000,0.00000,0.00000,0.00000,0.00000,0.00000,0.00000,0.00000,0.00000,0.00000,0.00000,0.00000,0.00000,0.00000,0.00000,0.00000,0.00000,0.00000,0.00000,0.00000,0.00000,0.00000,0.00000,0.00000,0.00000,0.00000,0.00000,0.00000,0.00000,0.00000,0.00000,0.00000,0.00000,0.00000,0.00000,0.00000,0.00000,0.00000,0.00000,0.00000
0.2667,0,1,0.00,0.00,33.33,0.00000,0.04292,0.71533,0.72284,0.72284,1.3000,0,0,0.21961,-0.00098,0.06018,0.21953,-0.00098,0.06007,,,0.72284,0.00000,-0.20964,0.34636,1.43401,0.00000,1.00000,0.00000,-0.21000,0.34600,1.43400,0.00000,1.00000,23,0.23330,-0.06890,0.01494,0.23370,0.05100,0,0.98971,0.00000,-0.00000,-0.14309,virtual,0,320.00,273.26,320.00,273.26,320.00,273.26,320.00,273.26,320.00,273.26,320.00,273.26,320.00,273.26,320.00,273.26,320.00,273.26,320.00,273.26,320.00,273.26,320.00,273.26,320.00,273.26,320.00,273.26,320.00,273.26,320.00,273.26,320.00,273.26,320.00,273.26,320.00,273.26,320.00,273.26,320.00,273.26,0.00000,0.00000,0.00000,0.00000,0.00000,0.00000,0.00000,0.00000,0.00000,0.00000,0.00000,0.00000,0.00000,0.00000,0.00000,0.00000,0.00000,0.00000,0.00000,0.00000,0.00000,0.00000,0.00000,0.00000,0.00000,0.00000,0.00000,0.00000,0.00000,0.00000,0.00000,0.00000,0.00000,0.00000,0.00000,0.00000,0.00000,0.00000,0.00000,0.00000,0.00000,0.00000,0.00000,0.00000,0.00000,0.00000,0.00000,0.00000,0.00000,0.00000,0.00000,0.00000,0.00000,0.00000,0.00000,0.00000,0.00000,0.00000,0.00000,0.00000,0.00000,0.00000,0.00000,0.00000,0.00000,0.00000,0.00000,0.00000,0.00000,0.00000,0.00000,0.00000,0.00000,0.00000,0.00000,0.00000,0.00000,0.00000,0.00000,0.00000,0.00000,0.00000,0.00000,0.00000
0.3000,0,1,0.00,0.00,33.33,0.00000,0.04299,0.71651,0.71769,0.71769,1.3000,0,0,0.21961,-0.00098,0.06018,0.21953,-0.00098,0.06007,,,0.71769,-0.00000,-0.20964,0.34636,1.43401,0.00000,1.00000,0.00000,-0.21000,0.34600,1.43400,0.00000,1.00000,23,0.23330,-0.06890,0.01494,0.23370,0.05100,0,0.98971,0.00000,-0.00000,-0.14309,virtual,0,320.00,273.26,320.00,273.26,320.00,273.26,320.00,273.26,320.00,273.26,320.00,273.26,320.00,273.26,320.00,273.26,320.00,273.26,320.00,273.26,320.00,273.26,320.00,273.26,320.00,273.26,320.00,273.26,320.00,273.26,320.00,273.26,320.00,273.26,320.00,273.26,320.00,273.26,320.00,273.26,320.00,273.26,0.00000,0.00000,0.00000,0.00000,0.00000,0.00000,0.00000,0.00000,0.00000,0.00000,0.00000,0.00000,0.00000,0.00000,0.00000,0.00000,0.00000,0.00000,0.00000,0.00000,0.00000,0.00000,0.00000,0.00000,0.00000,0.00000,0.00000,0.00000,0.00000,0.00000,0.00000,0.00000,0.00000,0.00000,0.00000,0.00000,0.00000,0.00000,0.00000,0.00000,0.00000,0.00000,0.00000,0.00000,0.00000,0.00000,0.00000,0.00000,0.00000,0.00000,0.00000,0.00000,0.00000,0.00000,0.00000,0.00000,0.00000,0.00000,0.00000,0.00000,0.00000,0.00000,0.00000,0.00000,0.00000,0.00000,0.00000,0.00000,0.00000,0.00000,0.00000,0.00000,0.00000,0.00000,0.00000,0.00000,0.00000,0.00000,0.00000,0.00000,0.00000,0.00000,0.00000,0.00000
0.3333,0,1,0.00,0.00,33.33,0.00000,0.04271,0.71191,0.70730,0.70730,1.3000,0,0,0.21961,-0.00098,0.06018,0.21953,-0.00098,0.06007,,,0.70730,-0.00000,-0.20964,0.34636,1.43401,0.00000,1.00000,0.00000,-0.21000,0.34600,1.43400,0.00000,1.00000,23,0.23330,-0.06890,0.01494,0.23370,0.05100,0,0.98971,0.00000,-0.00000,-0.14309,virtual,0,320.00,273.26,320.00,273.26,320.00,273.26,320.00,273.26,320.00,273.26,320.00,273.26,320.00,273.26,320.00,273.26,320.00,273.26,320.00,273.26,320.00,273.26,320.00,273.26,320.00,273.26,320.00,273.26,320.00,273.26,320.00,273.26,320.00,273.26,320.00,273.26,320.00,273.26,320.00,273.26,320.00,273.26,0.00000,0.00000,0.00000,0.00000,0.00000,0.00000,0.00000,0.00000,0.00000,0.00000,0.00000,0.00000,0.00000,0.00000,0.00000,0.00000,0.00000,0.00000,0.00000,0.00000,0.00000,0.00000,0.00000,0.00000,0.00000,0.00000,0.00000,0.00000,0.00000,0.00000,0.00000,0.00000,0.00000,0.00000,0.00000,0.00000,0.00000,0.00000,0.00000,0.00000,0.00000,0.00000,0.00000,0.00000,0.00000,0.00000,0.00000,0.00000,0.00000,0.00000,0.00000,0.00000,0.00000,0.00000,0.00000,0.00000,0.00000,0.00000,0.00000,0.00000,0.00000,0.00000,0.00000,0.00000,0.00000,0.00000,0.00000,0.00000,0.00000,0.00000,0.00000,0.00000,0.00000,0.00000,0.00000,0.00000,0.00000,0.00000,0.00000,0.00000,0.00000,0.00000,0.00000,0.00000
0.3667,0,1,0.00,0.00,33.33,0.00000,0.04258,0.70960,0.70730,0.70730,1.3000,0,0,0.21961,-0.00098,0.06018,0.21953,-0.00098,0.06007,,,0.70730,-0.00000,-0.20964,0.34636,1.43401,0.00000,1.00000,0.00000,-0.21000,0.34600,1.43400,0.00000,1.00000,23,0.23330,-0.06890,0.01494,0.23370,0.05100,0,0.98971,0.00000,-0.00000,-0.14309,virtual,0,320.00,273.26,320.00,273.26,320.00,273.26,320.00,273.26,320.00,273.26,320.00,273.26,320.00,273.26,320.00,273.26,320.00,273.26,320.00,273.26,320.00,273.26,320.00,273.26,320.00,273.26,320.00,273.26,320.00,273.26,320.00,273.26,320.00,273.26,320.00,273.26,320.00,273.26,320.00,273.26,320.00,273.26,0.00000,0.00000,0.00000,0.00000,0.00000,0.00000,0.00000,0.00000,0.00000,0.00000,0.00000,0.00000,0.00000,0.00000,0.00000,0.00000,0.00000,0.00000,0.00000,0.00000,0.00000,0.00000,0.00000,0.00000,0.00000,0.00000,0.00000,0.00000,0.00000,0.00000,0.00000,0.00000,0.00000,0.00000,0.00000,0.00000,0.00000,0.00000,0.00000,0.00000,0.00000,0.00000,0.00000,0.00000,0.00000,0.00000,0.00000,0.00000,0.00000,0.00000,0.00000,0.00000,0.00000,0.00000,0.00000,0.00000,0.00000,0.00000,0.00000,0.00000,0.00000,0.00000,0.00000,0.00000,0.00000,0.00000,0.00000,0.00000,0.00000,0.00000,0.00000,0.00000,0.00000,0.00000,0.00000,0.00000,0.00000,0.00000,0.00000,0.00000,0.00000,0.00000,0.00000,0.00000
0.4000,1,1,0.00,0.00,33.33,0.00000,0.04251,0.70845,0.70730,0.70730,1.3000,0,0,0.21961,-0.00098,0.06018,0.21953,-0.00098,0.06007,,,0.70730,-0.00000,-0.20964,0.34636,1.43401,0.00000,1.00000,0.00000,-0.21000,0.34600,1.43400,0.00000,1.00000,23,0.23330,-0.06890,0.01494,0.23370,0.05100,0,0.98971,0.00000,-0.00000,-0.14309,virtual,0,320.00,273.26,320.00,273.26,320.00,273.26,320.00,273.26,320.00,273.26,320.00,273.26,320.00,273.26,320.00,273.26,320.00,273.26,320.00,273.26,320.00,273.26,320.00,273.26,320.00,273.26,320.00,273.26,320.00,273.26,320.00,273.26,320.00,273.26,320.00,273.26,320.00,273.26,320.00,273.26,320.00,273.26,0.00000,0.00000,0.00000,0.00000,0.00000,0.00000,0.00000,0.00000,0.00000,0.00000,0.00000,0.00000,0.00000,0.00000,0.00000,0.00000,0.00000,0.00000,0.00000,0.00000,0.00000,0.00000,0.00000,0.00000,0.00000,0.00000,0.00000,0.00000,0.00000,0.00000,0.00000,0.00000,0.00000,0.00000,0.00000,0.00000,0.00000,0.00000,0.00000,0.00000,0.00000,0.00000,0.00000,0.00000,0.00000,0.00000,0.00000,0.00000,0.00000,0.00000,0.00000,0.00000,0.00000,0.00000,0.00000,0.00000,0.00000,0.00000,0.00000,0.00000,0.00000,0.00000,0.00000,0.00000,0.00000,0.00000,0.00000,0.00000,0.00000,0.00000,0.00000,0.00000,0.00000,0.00000,0.00000,0.00000,0.00000,0.00000,0.00000,0.00000,0.00000,0.00000,0.00000,0.00000
0.4333,1,1,0.00,0.00,33.33,0.00269,0.04168,0.70009,0.69173,0.69173,1.3000,0,0,0.22424,-0.00367,0.06097,0.22337,-0.00424,0.05932,0.37,0.02,0.69173,0.01769,-0.16167,0.30075,1.44195,-0.00000,1.00000,0.01383,-0.17285,0.30050,1.44283,0.00000,1.00000,23,0.23330,-0.06890,0.01494,0.23370,0.05100,0,0.98971,-0.00000,0.00000,-0.14309,virtual,0,324.32,272.73,324.32,272.73,324.32,272.73,324.32,272.73,324.32,272.73,324.32,272.73,324.32,272.73,324.32,272.73,324.32,272.73,324.32,272.73,324.32,272.73,324.32,272.73,324.32,272.73,324.32,272.73,324.32,272.73,324.32,272.73,324.32,272.73,324.32,272.73,324.32,272.73,324.32,272.73,324.32,272.73,0.00000,0.00000,0.00000,0.00000,0.00000,0.00000,0.00000,0.00000,0.00000,0.00000,0.00000,0.00000,0.00000,0.00000,0.00000,0.00000,0.00000,0.00000,0.00000,0.00000,0.00000,0.00000,0.00000,0.00000,0.00000,0.00000,0.00000,0.00000,0.00000,0.00000,0.00000,0.00000,0.00000,0.00000,0.00000,0.00000,0.00000,0.00000,0.00000,0.00000,0.00000,0.00000,0.00000,0.00000,0.00000,0.00000,0.00000,0.00000,0.00000,0.00000,0.00000,0.00000,0.00000,0.00000,0.00000,0.00000,0.00000,0.00000,0.00000,0.00000,0.00000,0.00000,0.00000,0.00000,0.00000,0.00000,0.00000,0.00000,0.00000,0.00000,0.00000,0.00000,0.00000,0.00000,0.00000,0.00000,0.00000,0.00000,0.00000,0.00000,0.00000,0.00000,0.00000,0.00000
0.4667,1,1,0.00,0.00,33.33,0.00690,0.04138,0.70488,0.70967,0.70967,1.3000,0,0,0.22185,-0.00788,0.06126,0.22209,-0.00881,0.05954,0.38,0.01,0.70967,0.04271,-0.17148,0.30957,1.44288,-0.00000,1.00000,0.03583,-0.18801,0.31607,1.44285,0.00000,1.00000,23,0.23330,-0.06890,0.01494,0.23370,0.05100,0,0.98971,0.00000,-0.00000,-0.14309,virtual,0,328.68,272.09,328.68,272.09,328.68,272.09,328.68,272.09,328.68,272.09,328.68,272.09,328.68,272.09,328.68,272.09,328.68,272.09,328.68,272.09,328.68,272.09,328.68,272.09,328.68,272.09,328.68,272.09,328.68,272.09,328.68,272.09,328.68,272.09,328.68,272.09,328.68,272.09,328.68,272.09,328.68,272.09,0.00000,0.00000,0.00000,0.00000,0.00000,0.00000,0.00000,0.00000,0.00000,0.00000,0.00000,0.00000,0.00000,0.00000,0.00000,0.00000,0.00000,0.00000,0.00000,0.00000,0.00000,0.00000,0.00000,0.00000,0.00000,0.00000,0.00000,0.00000,0.00000,0.00000,0.00000,0.00000,0.00000,0.00000,0.00000,0.00000,0.00000,0.00000,0.00000,0.00000,0.00000,0.00000,0.00000,0.00000,0.00000,0.00000,0.00000,0.00000,0.00000,0.00000,0.00000,0.00000,0.00000,0.00000,0.00000,0.00000,0.00000,0.00000,0.00000,0.00000,0.00000,0.00000,0.00000,0.00000,0.00000,0.00000,0.00000,0.00000,0.00000,0.00000,0.00000,0.00000,0.00000,0.00000,0.00000,0.00000,0.00000,0.00000,0.00000,0.00000,0.00000,0.00000,0.00000,0.00000
0.5000,1,1,0.00,0.00,33.33,0.01170,0.04058,0.70311,0.70134,0.70134,1.3000,0,0,0.22274,-0.01268,0.06207,0.22123,-0.01372,0.06088,0.34,0.01,0.70134,0.06971,-0.18093,0.30978,1.44949,-0.00000,1.00000,0.06173,-0.18077,0.30172,1.44975,0.00000,1.00000,23,0.23330,-0.06890,0.01494,0.23370,0.05100,0,0.98971,0.00000,-0.00000,-0.14309,virtual,0,333.03,271.43,333.03,271.43,333.03,271.43,333.03,271.43,333.03,271.43,333.03,271.43,333.03,271.43,333.03,271.43,333.03,271.43,333.03,271.43,333.03,271.43,333.03,271.43,333.03,271.43,333.03,271.43,333.03,271.43,333.03,271.43,333.03,271.43,333.03,271.43,333.03,271.43,333.03,271.43,333.03,271.43,0.00000,0.00000,0.00000,0.00000,0.00000,0.00000,0.00000,0.00000,0.00000,0.00000,0.00000,0.00000,0.00000,0.00000,0.00000,0.00000,0.00000,0.00000,0.00000,0.00000,0.00000,0.00000,0.00000,0.00000,0.00000,0.00000,0.00000,0.00000,0.00000,0.00000,0.00000,0.00000,0.00000,0.00000,0.00000,0.00000,0.00000,0.00000,0.00000,0.00000,0.00000,0.00000,0.00000,0.00000,0.00000,0.00000,0.00000,0.00000,0.00000,0.00000,0.00000,0.00000,0.00000,0.00000,0.00000,0.00000,0.00000,0.00000,0.00000,0.00000,0.00000,0.00000,0.00000,0.00000,0.00000,0.00000,0.00000,0.00000,0.00000,0.00000,0.00000,0.00000,0.00000,0.00000,0.00000,0.00000,0.00000,0.00000,0.00000,0.00000,0.00000,0.00000,0.00000,0.00000
0.5333,1,1,0.00,0.00,33.33,0.01694,0.03992,0.70462,0.70612,0.70612,1.3000,0,0,0.22198,-0.01791,0.06272,0.22167,-0.01911,0.06255,0.40,0.00,0.70612,0.09880,-0.18428,0.30149,1.45374,-0.00001,1.00000,0.09006,-0.18320,0.29973,1.45426,0.00000,1.00000,23,0.23330,-0.06890,0.01494,0.23370,0.05100,0,0.98971,0.00000,-0.00000,-0.14309,virtual,0,337.41,270.82,337.41,270.82,337.41,270.82,337.41,270.82,337.41,270.82,337.41,270.82,337.41,270.82,337.41,270.82,337.41,270.82,337.41,270.82,337.41,270.82,337.41,270.82,337.41,270.82,337.41,270.82,337.41,270.82,337.41,270.82,337.41,270.82,337.41,270.82,337.41,270.82,337.41,270.82,337.41,270.82,0.00000,0.00000,0.00000,0.00000,0.00000,0.00000,0.00000,0.00000,0.00000,0.00000,0.00000,0.00000,0.00000,0.00000,0.00000,0.00000,0.00000,0.00000,0.00000,0.00000,0.00000,0.00000,0.00000,0.00000,0.00000,0.00000,0.00000,0.00000,0.00000,0.00000,0.00000,0.00000,0.00000,0.00000,0.00000,0.00000,0.00000,0.00000,0.00000,0.00000,0.00000,0.00000,0.00000,0.00000,0.00000,0.00000,0.00000,0.00000,0.00000,0.00000,0.00000,0.00000,0.00000,0.00000,0.00000,0.00000,0.00000,0.00000,0.00000,0.00000,0.00000,0.00000,0.00000,0.00000,0.00000,0.00000,0.00000,0.00000,0.00000,0.00000,0.00000,0.00000,0.00000,0.00000,0.00000,0.00000,0.00000,0.00000,0.00000,0.00000,0.00000,0.00000,0.00000,0.00000
0.5667,1,1,0.00,0.00,33.33,0.02217,0.03899,0.70051,0.69640,0.69640,1.3000,0,0,0.22404,-0.02315,0.06366,0.22354,-0.02390,0.06203,0.37,0.01,0.69640,0.12344,-0.15023,0.26831,1.46236,-0.00000,1.00000,0.11748,-0.16326,0.27087,1.46298,0.00000,1.00000,23,0.23330,-0.06890,0.01494,0.23370,0.05100,0,0.98971,0.00000,-0.00000,-0.14309,virtual,0,341.81,270.28,341.81,270.28,341.81,270.28,341.81,270.28,341.81,270.28,341.81,270.28,341.81,270.28,341.81,270.28,341.81,270.28,341.81,270.28,341.81,270.28,341.81,270.28,341.81,270.28,341.81,270.28,341.81,270.28,341.81,270.28,341.81,270.28,341.81,270.28,341.81,270.28,341.81,270.28,341.81,270.28,0.00000,0.00000,0.00000,0.00000,0.00000,0.00000,0.00000,0.00000,0.00000,0.00000,0.00000,0.00000,0.00000,0.00000,0.00000,0.00000,0.00000,0.00000,0.00000,0.00000,0.00000,0.00000,0.00000,0.00000,0.00000,0.00000,0.00000,0.00000,0.00000,0.00000,0.00000,0.00000,0.00000,0.00000,0.00000,0.00000,0.00000,0.00000,0.00000,0.00000,0.00000,0.00000,0.00000,0.00000,0.00000,0.00000,0.00000,0.00000,0.00000,0.00000,0.00000,0.00000,0.00000,0.00000,0.00000,0.00000,0.00000,0.00000,0.00000,0.00000,0.00000,0.00000,0.00000,0.00000,0.00000,0.00000,0.00000,0.00000,0.00000,0.00000,0.00000,0.00000,0.00000,0.00000,0.00000,0.00000,0.00000,0.00000,0.00000,0.00000,0.00000,0.00000,0.00000,0.00000
0.6000,1,1,0.00,0.00,33.33,0.02740,0.03791,0.69489,0.68928,0.68928,1.3000,0,0,0.22684,-0.02838,0.06473,0.22777,-0.02952,0.06528,0.39,0.02,0.68928,0.14987,-0.12500,0.21762,1.47626,0.00000,1.00000,0.14332,-0.13451,0.23159,1.47344,0.00000,1.00000,23,0.23330,-0.06890,0.01494,0.23370,0.05100,0,0.98971,0.00000,-0.00000,-0.14309,virtual,0,346.23,269.62,346.23,269.62,346.23,269.62,346.23,269.62,346.23,269.62,346.23,269.62,346.23,269.62,346.23,269.62,346.23,269.62,346.23,269.62,346.23,269.62,346.23,269.62,346.23,269.62,346.23,269.62,346.23,269.62,346.23,269.62,346.23,269.62,346.23,269.62,346.23,269.62,346.23,269.62,346.23,269.62,0.00000,0.00000,0.00000,0.00000,0.00000,0.00000,0.00000,0.00000,0.00000,0.00000,0.00000,0.00000,0.00000,0.00000,0.00000,0.00000,0.00000,0.00000,0.00000,0.00000,0.00000,0.00000,0.00000,0.00000,0.00000,0.00000,0.00000,0.00000,0.00000,0.00000,0.00000,0.00000,0.00000,0.00000,0.00000,0.00000,0.00000,0.00000,0.00000,0.00000,0.00000,0.00000,0.00000,0.00000,0.00000,0.00000,0.00000,0.00000,0.00000,0.00000,0.00000,0.00000,0.00000,0.00000,0.00000,0.00000,0.00000,0.00000,0.00000,0.00000,0.00000,0.00000,0.00000,0.00000,0.00000,0.00000,0.00000,0.00000,0.00000,0.00000,0.00000,0.00000,0.00000,0.00000,0.00000,0.00000,0.00000,0.00000,0.00000,0.00000,0.00000,0.00000,0.00000,0.00000
0.6333,1,1,0.00,0.00,33.33,0.03304,0.03729,0.69608,0.69726,0.69726,1.3000,0,0,0.22625,-0.03402,0.06535,0.22555,-0.03558,0.06492,0.38,0.00,0.69726,0.18315,-0.12859,0.22381,1.47822,0.00000,1.00000,0.17249,-0.12991,0.22248,1.47816,0.00000,1.00000,23,0.23330,-0.06890,0.01494,0.23370,0.05100,0,0.98971,0.00000,-0.00000,-0.14309,virtual,0,350.75,269.15,350.75,269.15,350.75,269.15,350.75,269.15,350.75,269.15,350.75,269.15,350.75,269.15,350.75,269.15,350.75,269.15,350.75,269.15,350.75,269.15,350.75,269.15,350.75,269.15,350.75,269.15,350.75,269.15,350.75,269.15,350.75,269.15,350.75,269.15,350.75,269.15,350.75,269.15,350.75,269.15,0.00000,0.00000,0.00000,0.00000,0.00000,0.00000,0.00000,0.00000,0.00000,0.00000,0.00000,0.00000,0.00000,0.00000,0.00000,0.00000,0.00000,0.00000,0.00000,0.00000,0.00000,0.00000,0.00000,0.00000,0.00000,0.00000,0.00000,0.00000,0.00000,0.00000,0.00000,0.00000,0.00000,0.00000,0.00000,0.00000,0.00000,0.00000,0.00000,0.00000,0.00000,0.00000,0.00000,0.00000,0.00000,0.00000,0.00000,0.00000,0.00000,0.00000,0.00000,0.00000,0.00000,0.00000,0.00000,0.00000,0.00000,0.00000,0.00000,0.00000,0.00000,0.00000,0.00000,0.00000,0.00000,0.00000,0.00000,0.00000,0.00000,0.00000,0.00000,0.00000,0.00000,0.00000,0.00000,0.00000,0.00000,0.00000,0.00000,0.00000,0.00000,0.00000,0.00000,0.00000
0.6667,1,1,0.00,0.00,33.33,0.03843,0.03642,0.69271,0.68934,0.68934,1.3000,0,0,0.22794,-0.03941,0.06622,0.22830,-0.04029,0.06545,0.37,0.01,0.68934,0.20448,-0.09692,0.18462,1.48615,-0.00000,1.00000,0.19898,-0.10847,0.19191,1.48714,0.00000,1.00000,23,0.23330,-0.06890,0.01494,0.23370,0.05100,0,0.98971,0.00000,-0.00000,-0.14309,virtual,0,355.24,268.59,355.24,268.59,355.24,268.59,355.24,268.59,355.24,268.59,355.24,268.59,355.24,268.59,355.24,268.59,355.24,268.59,355.24,268.59,355.24,268.59,355.24,268.59,355.24,268.59,355.24,268.59,355.24,268.59,355.24,268.59,355.24,268.59,355.24,268.59,355.24,268.59,355.24,268.59,355.24,268.59,0.00000,0.00000,0.00000,0.00000,0.00000,0.00000,0.00000,0.00000,0.00000,0.00000,0.00000,0.00000,0.00000,0.00000,0.00000,0.00000,0.00000,0.00000,0.00000,0.00000,0.00000,0.00000,0.00000,0.00000,0.00000,0.00000,0.00000,0.00000,0.00000,0.00000,0.00000,0.00000,0.00000,0.00000,0.00000,0.00000,0.00000,0.00000,0.00000,0.00000,0.00000,0.00000,0.00000,0.00000,0.00000,0.00000,0.00000,0.00000,0.00000,0.00000,0.00000,0.00000,0.00000,0.00000,0.00000,0.00000,0.00000,0.00000,0.00000,0.00000,0.00000,0.00000,0.00000,0.00000,0.00000,0.00000,0.00000,0.00000,0.00000,0.00000,0.00000,0.00000,0.00000,0.00000,0.00000,0.00000,0.00000,0.00000,0.00000,0.00000,0.00000,0.00000,0.00000,0.00000
0.7000,1,1,0.00,0.00,33.33,0.04393,0.03558,0.69066,0.68862,0.68862,1.3000,0,0,0.22896,-0.04490,0.06706,0.22929,-0.04579,0.06775,0.35,0.01,0.68862,0.23097,-0.08851,0.15874,1.49659,0.00000,0.99999,0.22549,-0.08958,0.16450,1.49568,0.00000,1.00000,23,0.23330,-0.06890,0.01494,0.23370,0.05100,0,0.98971,-0.00000,0.00000,-0.14309,virtual,0,359.77,267.96,359.77,267.96,359.77,267.96,359.77,267.96,359.77,267.96,359.77,267.96,359.77,267.96,359.77,267.96,359.77,267.96,359.77,267.96,359.77,267.96,359.77,267.96,359.77,267.96,359.77,267.96,359.77,267.96,359.77,267.96,359.77,267.96,359.77,267.96,359.77,267.96,359.77,267.96,359.77,267.96,0.00000,0.00000,0.00000,0.00000,0.00000,0.00000,0.00000,0.00000,0.00000,0.00000,0.00000,0.00000,0.00000,0.00000,0.00000,0.00000,0.00000,0.00000,0.00000,0.00000,0.00000,0.00000,0.00000,0.00000,0.00000,0.00000,0.00000,0.00000,0.00000,0.00000,0.00000,0.00000,0.00000,0.00000,0.00000,0.00000,0.00000,0.00000,0.00000,0.00000,0.00000,0.00000,0.00000,0.00000,0.00000,0.00000,0.00000,0.00000,0.00000,0.00000,0.00000,0.00000,0.00000,0.00000,0.00000,0.00000,0.00000,0.00000,0.00000,0.00000,0.00000,0.00000,0.00000,0.00000,0.00000,0.00000,0.00000,0.00000,0.00000,0.00000,0.00000,0.00000,0.00000,0.00000,0.00000,0.00000,0.00000,0.00000,0.00000,0.00000,0.00000,0.00000,0.00000,0.00000
0.7333,1,1,0.00,0.00,33.33,0.04942,0.03488,0.68838,0.68609,0.68609,1.3000,0,0,0.23010,-0.05040,0.06776,0.23005,-0.05276,0.06730,0.36,0.01,0.68609,0.26428,-0.05954,0.12841,1.50321,-0.00001,1.00000,0.25138,-0.06876,0.13539,1.50395,0.00000,1.00000,23,0.23330,-0.06890,0.01494,0.23370,0.05100,0,0.98971,-0.00000,0.00000,-0.14309,virtual,0,364.37,267.61,364.37,267.61,364.37,267.61,364.37,267.61,364.37,267.61,364.37,267.61,364.37,267.61,364.37,267.61,364.37,267.61,364.37,267.61,364.37,267.61,364.37,267.61,364.37,267.61,364.37,267.61,364.37,267.61,364.37,267.61,364.37,267.61,364.37,267.61,364.37,267.61,364.37,267.61,364.37,267.61,0.00000,0.00000,0.00000,0.00000,0.00000,0.00000,0.00000,0.00000,0.00000,0.00000,0.00000,0.00000,0.00000,0.00000,0.00000,0.00000,0.00000,0.00000,0.00000,0.00000,0.00000,0.00000,0.00000,0.00000,0.00000,0.00000,0.00000,0.00000,0.00000,0.00000,0.00000,0.00000,0.00000,0.00000,0.00000,0.00000,0.00000,0.00000,0.00000,0.00000,0.00000,0.00000,0.00000,0.00000,0.00000,0.00000,0.00000,0.00000,0.00000,0.00000,0.00000,0.00000,0.00000,0.00000,0.00000,0.00000,0.00000,0.00000,0.00000,0.00000,0.00000,0.00000,0.00000,0.00000,0.00000,0.00000,0.00000,0.00000,0.00000,0.00000,0.00000,0.00000,0.00000,0.00000,0.00000,0.00000,0.00000,0.00000,0.00000,0.00000,0.00000,0.00000,0.00000,0.00000
0.7667,1,1,0.00,0.00,33.33,0.05449,0.03384,0.68141,0.67444,0.67444,1.3000,0,0,0.23359,-0.05547,0.06881,0.23227,-0.05487,0.06604,0.42,0.02,0.67444,0.27154,-0.01074,0.07885,1.52179,0.00000,1.00000,0.27187,-0.02936,0.08161,1.51814,0.00000,1.00000,23,0.23330,-0.06890,0.01494,0.23370,0.05100,0,0.98971,-0.00000,0.00000,-0.14309,virtual,0,368.95,266.95,368.95,266.95,368.95,266.95,368.95,266.95,368.95,266.95,368.95,266.95,368.95,266.95,368.95,266.95,368.95,266.95,368.95,266.95,368.95,266.95,368.95,266.95,368.95,266.95,368.95,266.95,368.95,266.95,368.95,266.95,368.95,266.95,368.95,266.95,368.95,266.95,368.95,266.95,368.95,266.95,0.00000,0.00000,0.00000,0.00000,0.00000,0.00000,0.00000,0.00000,0.00000,0.00000,0.00000,0.00000,0.00000,0.00000,0.00000,0.00000,0.00000,0.00000,0.00000,0.00000,0.00000,0.00000,0.00000,0.00000,0.00000,0.00000,0.00000,0.00000,0.00000,0.00000,0.00000,0.00000,0.00000,0.00000,0.00000,0.00000,0.00000,0.00000,0.00000,0.00000,0.00000,0.00000,0.00000,0.00000,0.00000,0.00000,0.00000,0.00000,0.00000,0.00000,0.00000,0.00000,0.00000,0.00000,0.00000,0.00000,0.00000,0.00000,0.00000,0.00000,0.00000,0.00000,0.00000,0.00000,0.00000,0.00000,0.00000,0.00000,0.00000,0.00000,0.00000,0.00000,0.00000,0.00000,0.00000,0.00000,0.00000,0.00000,0.00000,0.00000,0.00000,0.00000,0.00000,0.00000
0.8000,1,1,0.00,0.00,33.33,0.05975,0.03258,0.67801,0.67460,0.67460,1.3000,0,0,0.23529,-0.06073,0.07006,0.23663,-0.06121,0.07108,0.34,0.02,0.67460,0.29537,0.00639,0.02296,1.53540,0.00000,1.00000,0.29410,-0.00073,0.03843,1.53276,0.00000,1.00000,23,0.23330,-0.06890,0.01494,0.23370,0.05100,0,0.98971,-0.00000,0.00000,-0.14309,virtual,0,373.41,265.74,373.41,265.74,373.41,265.74,373.41,265.74,373.41,265.74,373.41,265.74,373.41,265.74,373.41,265.74,373.41,265.74,373.41,265.74,373.41,265.74,373.41,265.74,373.41,265.74,373.41,265.74,373.41,265.74,373.41,265.74,373.41,265.74,373.41,265.74,373.41,265.74,373.41,265.74,373.41,265.74,0.00000,0.00000,0.00000,0.00000,0.00000,0.00000,0.00000,0.00000,0.00000,0.00000,0.00000,0.00000,0.00000,0.00000,0.00000,0.00000,0.00000,0.00000,0.00000,0.00000,0.00000,0.00000,0.00000,0.00000,0.00000,0.00000,0.00000,0.00000,0.00000,0.00000,0.00000,0.00000,0.00000,0.00000,0.00000,0.00000,0.00000,0.00000,0.00000,0.00000,0.00000,0.00000,0.00000,0.00000,0.00000,0.00000,0.00000,0.00000,0.00000,0.00000,0.00000,0.00000,0.00000,0.00000,0.00000,0.00000,0.00000,0.00000,0.00000,0.00000,0.00000,0.00000,0.00000,0.00000,0.00000,0.00000,0.00000,0.00000,0.00000,0.00000,0.00000,0.00000,0.00000,0.00000,0.00000,0.00000,0.00000,0.00000,0.00000,0.00000,0.00000,0.00000,0.00000,0.00000
0.8333,1,1,0.00,0.00,33.33,0.06204,0.03179,0.67270,0.66740,0.66740,1.3000,0,0,0.23794,-0.06301,0.07085,0.23878,-0.06412,0.07090,0.26,0.02,0.66740,0.30567,0.03667,-0.01311,1.54406,-0.00000,1.00000,0.30151,0.02830,-0.00305,1.54521,0.00000,1.00000,23,0.23330,-0.06890,0.01494,0.23370,0.05100,0,0.98971,0.00000,-0.00000,-0.14309,virtual,0,373.41,265.74,373.41,265.74,373.41,265.74,373.41,265.74,373.41,265.74,373.41,265.74,373.41,265.74,373.41,265.74,373.41,265.74,373.41,265.74,373.41,265.74,373.41,265.74,373.41,265.74,373.41,265.74,373.41,265.74,373.41,265.74,373.41,265.74,373.41,265.74,373.41,265.74,373.41,265.74,373.41,265.74,0.00000,0.00000,0.00000,0.00000,0.00000,0.00000,0.00000,0.00000,0.00000,0.00000,0.00000,0.00000,0.00000,0.00000,0.00000,0.00000,0.00000,0.00000,0.00000,0.00000,0.00000,0.00000,0.00000,0.00000,0.00000,0.00000,0.00000,0.00000,0.00000,0.00000,0.00000,0.00000,0.00000,0.00000,0.00000,0.00000,0.00000,0.00000,0.00000,0.00000,0.00000,0.00000,0.00000,0.00000,0.00000,0.00000,0.00000,0.00000,0.00000,0.00000,0.00000,0.00000,0.00000,0.00000,0.00000,0.00000,0.00000,0.00000,0.00000,0.00000,0.00000,0.00000,0.00000,0.00000,0.00000,0.00000,0.00000,0.00000,0.00000,0.00000,0.00000,0.00000,0.00000,0.00000,0.00000,0.00000,0.00000,0.00000,0.00000,0.00000,0.00000,0.00000,0.00000,0.00000
0.8667,1,1,0.00,0.00,33.33,0.06427,0.03463,0.67952,0.68633,0.68633,1.3000,0,0,0.23453,-0.06525,0.06802,0.23475,-0.06605,0.06719,0.22,0.02,0.68633,0.32044,0.00917,0.04799,1.51136,0.00000,1.00000,0.31606,0.00842,0.04197,1.52077,0.00000,1.00000,23,0.23330,-0.06890,0.01494,0.23370,0.05100,0,0.98971,0.00000,-0.00000,-0.14309,virtual,0,373.70,270.25,373.70,270.25,373.70,270.25,373.70,270.25,373.70,270.25,373.70,270.25,373.70,270.25,373.70,270.25,373.70,270.25,373.70,270.25,373.70,270.25,373.70,270.25,373.70,270.25,373.70,270.25,373.70,270.25,373.70,270.25,373.70,270.25,373.70,270.25,373.70,270.25,373.70,270.25,373.70,270.25,0.00000,0.00000,0.00000,0.00000,0.00000,0.00000,0.00000,0.00000,0.00000,0.00000,0.00000,0.00000,0.00000,0.00000,0.00000,0.00000,0.00000,0.00000,0.00000,0.00000,0.00000,0.00000,0.00000,0.00000,0.00000,0.00000,0.00000,0.00000,0.00000,0.00000,0.00000,0.00000,0.00000,0.00000,0.00000,0.00000,0.00000,0.00000,0.00000,0.00000,0.00000,0.00000,0.00000,0.00000,0.00000,0.00000,0.00000,0.00000,0.00000,0.00000,0.00000,0.00000,0.00000,0.00000,0.00000,0.00000,0.00000,0.00000,0.00000,0.00000,0.00000,0.00000,0.00000,0.00000,0.00000,0.00000,0.00000,0.00000,0.00000,0.00000,0.00000,0.00000,0.00000,0.00000,0.00000,0.00000,0.00000,0.00000,0.00000,0.00000,0.00000,0.00000,0.00000,0.00000
0.9000,1,1,0.00,0.00,33.33,0.06559,0.03892,0.68370,0.68789,0.68789,1.3000,0,0,0.23244,-0.06657,0.06373,0.23013,-0.06556,0.06236,0.32,0.02,0.68789,0.32531,-0.01593,0.11322,1.48062,0.00000,1.00000,0.32575,-0.00552,0.08942,1.48727,0.00000,1.00000,23,0.23330,-0.06890,0.01494,0.23370,0.05100,0,0.98971,0.00000,-0.00000,-0.14309,virtual,0,373.91,274.81,373.91,274.81,373.91,274.81,373.91,274.81,373.91,274.81,373.91,274.81,373.91,274.81,373.91,274.81,373.91,274.81,373.91,274.81,373.91,274.81,373.91,274.81,373.91,274.81,373.91,274.81,373.91,274.81,373.91,274.81,373.91,274.81,373.91,274.81,373.91,274.81,373.91,274.81,373.91,274.81,0.00000,0.00000,0.00000,0.00000,0.00000,0.00000,0.00000,0.00000,0.00000,0.00000,0.00000,0.00000,0.00000,0.00000,0.00000,0.00000,0.00000,0.00000,0.00000,0.00000,0.00000,0.00000,0.00000,0.00000,0.00000,0.00000,0.00000,0.00000,0.00000,0.00000,0.00000,0.00000,0.00000,0.00000,0.00000,0.00000,0.00000,0.00000,0.00000,0.00000,0.00000,0.00000,0.00000,0.00000,0.00000,0.00000,0.00000,0.00000,0.00000,0.00000,0.00000,0.00000,0.00000,0.00000,0.00000,0.00000,0.00000,0.00000,0.00000,0.00000,0.00000,0.00000,0.00000,0.00000,0.00000,0.00000,0.00000,0.00000,0.00000,0.00000,0.00000,0.00000,0.00000,0.00000,0.00000,0.00000,0.00000,0.00000,0.00000,0.00000,0.00000,0.00000,0.00000,0.00000
0.9333,1,1,0.00,0.00,33.33,0.06709,0.04437,0.69211,0.70051,0.70051,1.3000,0,0,0.22824,-0.06807,0.05828,0.22676,-0.06846,0.05643,0.38,0.03,0.70051,0.34446,-0.03678,0.18246,1.42786,0.00000,0.99999,0.33913,-0.03242,0.16191,1.44187,0.00000,1.00000,23,0.23330,-0.06890,0.01494,0.23370,0.05100,0,0.98971,-0.00000,0.00000,-0.14309,virtual,0,374.27,279.42,374.27,279.42,374.27,279.42,374.27,279.42,374.27,279.42,374.27,279.42,374.27,279.42,374.27,279.42,374.27,279.42,374.27,279.42,374.27,279.42,374.27,279.42,374.27,279.42,374.27,279.42,374.27,279.42,374.27,279.42,374.27,279.42,374.27,279.42,374.27,279.42,374.27,279.42,374.27,279.42,0.00000,0.00000,0.00000,0.00000,0.00000,0.00000,0.00000,0.00000,0.00000,0.00000,0.00000,0.00000,0.00000,0.00000,0.00000,0.00000,0.00000,0.00000,0.00000,0.00000,0.00000,0.00000,0.00000,0.00000,0.00000,0.00000,0.00000,0.00000,0.00000,0.00000,0.00000,0.00000,0.00000,0.00000,0.00000,0.00000,0.00000,0.00000,0.00000,0.00000,0.00000,0.00000,0.00000,0.00000,0.00000,0.00000,0.00000,0.00000,0.00000,0.00000,0.00000,0.00000,0.00000,0.00000,0.00000,0.00000,0.00000,0.00000,0.00000,0.00000,0.00000,0.00000,0.00000,0.00000,0.00000,0.00000,0.00000,0.00000,0.00000,0.00000,0.00000,0.00000,0.00000,0.00000,0.00000,0.00000,0.00000,0.00000,0.00000,0.00000,0.00000,0.00000,0.00000,0.00000
0.9667,1,1,0.00,0.00,33.33,0.06705,0.04929,0.68709,0.68207,0.68207,1.3000,0,0,0.23075,-0.06803,0.05335,0.23005,-0.06754,0.05162,0.73,0.00,0.68207,0.33469,0.00286,0.17034,1.40815,-0.00000,1.00000,0.33599,-0.01122,0.17133,1.41076,0.00000,1.00000,23,0.23330,-0.06890,0.01494,0.23370,0.05100,0,0.98971,-0.00000,0.00000,-0.14309,virtual,0,374.45,284.06,374.45,284.06,374.45,284.06,374.45,284.06,374.45,284.06,374.45,284.06,374.45,284.06,374.45,284.06,374.45,284.06,374.45,284.06,374.45,284.06,374.45,284.06,374.45,284.06,374.45,284.06,374.45,284.06,374.45,284.06,374.45,284.06,374.45,284.06,374.45,284.06,374.45,284.06,374.45,284.06,0.00000,0.00000,0.00000,0.00000,0.00000,0.00000,0.00000,0.00000,0.00000,0.00000,0.00000,0.00000,0.00000,0.00000,0.00000,0.00000,0.00000,0.00000,0.00000,0.00000,0.00000,0.00000,0.00000,0.00000,0.00000,0.00000,0.00000,0.00000,0.00000,0.00000,0.00000,0.00000,0.00000,0.00000,0.00000,0.00000,0.00000,0.00000,0.00000,0.00000,0.00000,0.00000,0.00000,0.00000,0.00000,0.00000,0.00000,0.00000,0.00000,0.00000,0.00000,0.00000,0.00000,0.00000,0.00000,0.00000,0.00000,0.00000,0.00000,0.00000,0.00000,0.00000,0.00000,0.00000,0.00000,0.00000,0.00000,0.00000,0.00000,0.00000,0.00000,0.00000,0.00000,0.00000,0.00000,0.00000,0.00000,0.00000,0.00000,0.00000,0.00000,0.00000,0.00000,0.00000
1.0000,1,1,0.00,0.00,33.33,0.06688,0.05436,0.68167,0.67624,0.67624,1.3000,0,0,0.23346,-0.06786,0.04828,0.23138,-0.06692,0.04663,0.82,0.00,0.67624,0.32969,0.02431,0.18118,1.38027,-0.00001,1.00000,0.33097,0.01559,0.17634,1.37891,0.00000,1.00000,23,0.23330,-0.06890,0.01494,0.23370,0.05100,0,0.98971,-0.00000,0.00000,-0.14309,virtual,0,374.68,288.71,374.68,288.71,374.68,288.71,374.68,288.71,374.68,288.71,374.68,288.71,374.68,288.71,374.68,288.71,374.68,288.71,374.68,288.71,374.68,288.71,374.68,288.71,374.68,288.71,374.68,288.71,374.68,288.71,374.68,288.71,374.68,288.71,374.68,288.71,374.68,288.71,374.68,288.71,374.68,288.71,0.00000,0.00000,0.00000,0.00000,0.00000,0.00000,0.00000,0.00000,0.00000,0.00000,0.00000,0.00000,0.00000,0.00000,0.00000,0.00000,0.00000,0.00000,0.00000,0.00000,0.00000,0.00000,0.00000,0.00000,0.00000,0.00000,0.00000,0.00000,0.00000,0.00000,0.00000,0.00000,0.00000,0.00000,0.00000,0.00000,0.00000,0.00000,0.00000,0.00000,0.00000,0.00000,0.00000,0.00000,0.00000,0.00000,0.00000,0.00000,0.00000,0.00000,0.00000,0.00000,0.00000,0.00000,0.00000,0.00000,0.00000,0.00000,0.00000,0.00000,0.00000,0.00000,0.00000,0.00000,0.00000,0.00000,0.00000,0.00000,0.00000,0.00000,0.00000,0.00000,0.00000,0.00000,0.00000,0.00000,0.00000,0.00000,0.00000,0.00000,0.00000,0.00000,0.00000,0.00000
1.0333,1,1,0.00,0.00,33.33,0.06772,0.06044,0.68635,0.69104,0.69104,1.3000,0,0,0.23111,-0.06870,0.04221,0.23242,-0.06902,0.04169,0.66,0.02,0.69104,0.33773,0.00848,0.24040,1.30833,-0.00000,1.00000,0.33791,0.01050,0.22878,1.33193,0.00000,1.00000,23,0.23330,-0.06890,0.01494,0.23370,0.05100,0,0.98971,-0.00000,0.00000,-0.14309,virtual,0,374.99,293.35,374.99,293.35,374.99,293.35,374.99,293.35,374.99,293.35,374.99,293.35,374.99,293.35,374.99,293.35,374.99,293.35,374.99,293.35,374.99,293.35,374.99,293.35,374.99,293.35,374.99,293.35,374.99,293.35,374.99,293.35,374.99,293.35,374.99,293.35,374.99,293.35,374.99,293.35,374.99,293.35,0.00000,0.00000,0.00000,0.00000,0.00000,0.00000,0.00000,0.00000,0.00000,0.00000,0.00000,0.00000,0.00000,0.00000,0.00000,0.00000,0.00000,0.00000,0.00000,0.00000,0.00000,0.00000,0.00000,0.00000,0.00000,0.00000,0.00000,0.00000,0.00000,0.00000,0.00000,0.00000,0.00000,0.00000,0.00000,0.00000,0.00000,0.00000,0.00000,0.00000,0.00000,0.00000,0.00000,0.00000,0.00000,0.00000,0.00000,0.00000,0.00000,0.00000,0.00000,0.00000,0.00000,0.00000,0.00000,0.00000,0.00000,0.00000,0.00000,0.00000,0.00000,0.00000,0.00000,0.00000,0.00000,0.00000,0.00000,0.00000,0.00000,0.00000,0.00000,0.00000,0.00000,0.00000,0.00000,0.00000,0.00000,0.00000,0.00000,0.00000,0.00000,0.00000,0.00000,0.00000
1.0667,1,1,0.00,0.00,33.33,0.06761,0.06580,0.68327,0.68018,0.68018,1.3000,0,0,0.23266,-0.06859,0.03685,0.23083,-0.06816,0.03486,0.82,0.01,0.68018,0.33631,0.04651,0.24269,1.29805,-0.00001,1.00000,0.33549,0.03076,0.24376,1.29640,0.00000,1.00000,23,0.23330,-0.06890,0.01494,0.23370,0.05100,0,0.98971,-0.00000,0.00000,-0.14309,virtual,0,375.00,297.98,375.00,297.98,375.00,297.98,375.00,297.98,375.00,297.98,375.00,297.98,375.00,297.98,375.00,297.98,375.00,297.98,375.00,297.98,375.00,297.98,375.00,297.98,375.00,297.98,375.00,297.98,375.00,297.98,375.00,297.98,375.00,297.98,375.00,297.98,375.00,297.98,375.00,297.98,375.00,297.98,0.00000,0.00000,0.00000,0.00000,0.00000,0.00000,0.00000,0.00000,0.00000,0.00000,0.00000,0.00000,0.00000,0.00000,0.00000,0.00000,0.00000,0.00000,0.00000,0.00000,0.00000,0.00000,0.00000,0.00000,0.00000,0.00000,0.00000,0.00000,0.00000,0.00000,0.00000,0.00000,0.00000,0.00000,0.00000,0.00000,0.00000,0.00000,0.00000,0.00000,0.00000,0.00000,0.00000,0.00000,0.00000,0.00000,0.00000,0.00000,0.00000,0.00000,0.00000,0.00000,0.00000,0.00000,0.00000,0.00000,0.00000,0.00000,0.00000,0.00000,0.00000,0.00000,0.00000,0.00000,0.00000,0.00000,0.00000,0.00000,0.00000,0.00000,0.00000,0.00000,0.00000,0.00000,0.00000,0.00000,0.00000,0.00000,0.00000,0.00000,0.00000,0.00000,0.00000,0.00000
1.1000,1,1,0.00,0.00,33.33,0.06765,0.07129,0.68112,0.67897,0.67897,1.3000,0,0,0.23373,-0.06863,0.03136,0.23184,-0.06800,0.03074,0.84,0.01,0.67897,0.33397,0.05101,0.26938,1.25744,-0.00000,1.00000,0.33389,0.05111,0.26015,1.25967,0.00000,1.00000,23,0.23330,-0.06890,0.01494,0.23370,0.05100,0,0.98971,0.00000,-0.00000,-0.14309,virtual,0,375.25,302.68,375.25,302.68,375.25,302.68,375.25,302.68,375.25,302.68,375.25,302.68,375.25,302.68,375.25,302.68,375.25,302.68,375.25,302.68,375.25,302.68,375.25,302.68,375.25,302.68,375.25,302.68,375.25,302.68,375.25,302.68,375.25,302.68,375.25,302.68,375.25,302.68,375.25,302.68,375.25,302.68,0.00000,0.00000,0.00000,0.00000,0.00000,0.00000,0.00000,0.00000,0.00000,0.00000,0.00000,0.00000,0.00000,0.00000,0.00000,0.00000,0.00000,0.00000,0.00000,0.00000,0.00000,0.00000,0.00000,0.00000,0.00000,0.00000,0.00000,0.00000,0.00000,0.00000,0.00000,0.00000,0.00000,0.00000,0.00000,0.00000,0.00000,0.00000,0.00000,0.00000,0.00000,0.00000,0.00000,0.00000,0.00000,0.00000,0.00000,0.00000,0.00000,0.00000,0.00000,0.00000,0.00000,0.00000,0.00000,0.00000,0.00000,0.00000,0.00000,0.00000,0.00000,0.00000,0.00000,0.00000,0.00000,0.00000,0.00000,0.00000,0.00000,0.00000,0.00000,0.00000,0.00000,0.00000,0.00000,0.00000,0.00000,0.00000,0.00000,0.00000,0.00000,0.00000,0.00000,0.00000
1.1333,1,1,0.00,0.00,33.33,0.06733,0.07628,0.67491,0.66871,0.66871,1.3000,0,0,0.23683,-0.06831,0.02636,0.23818,-0.06847,0.02681,0.92,0.00,0.66871,0.32622,0.08992,0.25161,1.21953,-0.00000,1.00000,0.32778,0.08565,0.25446,1.23065,0.00000,1.00000,23,0.23397,-0.06905,0.01440,0.23370,0.05100,0,0.98955,0.00016,0.01770,-0.14308,virtual,0,375.54,307.36,375.54,307.36,375.54,307.36,375.54,307.36,375.54,307.36,375.54,307.36,375.54,307.36,375.54,307.36,375.54,307.36,375.54,307.36,375.54,307.36,375.54,307.36,375.54,307.36,375.54,307.36,375.54,307.36,375.54,307.36,375.54,307.36,375.54,307.36,375.54,307.36,375.54,307.36,375.54,307.36,0.00000,0.00000,0.00000,0.00000,0.00000,0.00000,0.00000,0.00000,0.00000,0.00000,0.00000,0.00000,0.00000,0.00000,0.00000,0.00000,0.00000,0.00000,0.00000,0.00000,0.00000,0.00000,0.00000,0.00000,0.00000,0.00000,0.00000,0.00000,0.00000,0.00000,0.00000,0.00000,0.00000,0.00000,0.00000,0.00000,0.00000,0.00000,0.00000,0.00000,0.00000,0.00000,0.00000,0.00000,0.00000,0.00000,0.00000,0.00000,0.00000,0.00000,0.00000,0.00000,0.00000,0.00000,0.00000,0.00000,0.00000,0.00000,0.00000,0.00000,0.00000,0.00000,0.00000,0.00000,0.00000,0.00000,0.00000,0.00000,0.00000,0.00000,0.00000,0.00000,0.00000,0.00000,0.00000,0.00000,0.00000,0.00000,0.00000,0.00000,0.00000,0.00000,0.00000,0.00000
1.1667,1,1,0.00,0.00,33.33,0.06767,0.08197,0.67777,0.68063,0.68063,1.3000,0,0,0.23540,-0.06865,0.02067,0.23510,-0.06830,0.02042,0.75,0.02,0.68063,0.33018,0.09398,0.29551,1.17991,0.00000,1.00000,0.33108,0.09322,0.28960,1.18826,0.00000,1.00000,23,0.23362,-0.06900,0.01478,0.23370,0.05100,0,0.98969,0.00013,0.00524,-0.14311,virtual,0,375.38,311.38,375.38,311.38,375.38,311.38,375.38,311.38,375.38,311.38,375.38,311.38,375.38,311.38,375.38,311.38,375.38,311.38,375.38,311.38,375.38,311.38,375.38,311.38,375.38,311.38,375.38,311.38,375.38,311.38,375.38,311.38,375.38,311.38,375.38,311.38,375.38,311.38,375.38,311.38,375.38,311.38,0.00000,0.00000,0.00000,0.00000,0.00000,0.00000,0.00000,0.00000,0.00000,0.00000,0.00000,0.00000,0.00000,0.00000,0.00000,0.00000,0.00000,0.00000,0.00000,0.00000,0.00000,0.00000,0.00000,0.00000,0.00000,0.00000,0.00000,0.00000,0.00000,0.00000,0.00000,0.00000,0.00000,0.00000,0.00000,0.00000,0.00000,0.00000,0.00000,0.00000,0.00000,0.00000,0.00000,0.00000,0.00000,0.00000,0.00000,0.00000,0.00000,0.00000,0.00000,0.00000,0.00000,0.00000,0.00000,0.00000,0.00000,0.00000,0.00000,0.00000,0.00000,0.00000,0.00000,0.00000,0.00000,0.00000,0.00000,0.00000,0.00000,0.00000,0.00000,0.00000,0.00000,0.00000,0.00000,0.00000,0.00000,0.00000,0.00000,0.00000,0.00000,0.00000,0.00000,0.00000
1.2000,1,1,0.00,0.00,33.33,0.06835,0.08800,0.68352,0.68927,0.68927,1.3000,0,0,0.23253,-0.06933,0.01465,0.22954,-0.06844,0.01152,0.73,0.02,0.68927,0.33973,0.09497,0.36442,1.12100,0.00000,1.00000,0.33845,0.09239,0.33861,1.14018,0.00000,1.00000,23,0.23350,-0.06898,0.01490,0.23370,0.05100,0,0.98971,0.00003,0.00128,-0.14311,virtual,0,375.51,315.61,375.51,315.61,375.51,315.61,375.51,315.61,375.51,315.61,375.51,315.61,375.51,315.61,375.51,315.61,375.51,315.61,375.51,315.61,375.51,315.61,375.51,315.61,375.51,315.61,375.51,315.61,375.51,315.61,375.51,315.61,375.51,315.61,375.51,315.61,375.51,315.61,375.51,315.61,375.51,315.61,0.00000,0.00000,0.00000,0.00000,0.00000,0.00000,0.00000,0.00000,0.00000,0.00000,0.00000,0.00000,0.00000,0.00000,0.00000,0.00000,0.00000,0.00000,0.00000,0.00000,0.00000,0.00000,0.00000,0.00000,0.00000,0.00000,0.00000,0.00000,0.00000,0.00000,0.00000,0.00000,0.00000,0.00000,0.00000,0.00000,0.00000,0.00000,0.00000,0.00000,0.00000,0.00000,0.00000,0.00000,0.00000,0.00000,0.00000,0.00000,0.00000,0.00000,0.00000,0.00000,0.00000,0.00000,0.00000,0.00000,0.00000,0.00000,0.00000,0.00000,0.00000,0.00000,0.00000,0.00000,0.00000,0.00000,0.00000,0.00000,0.00000,0.00000,0.00000,0.00000,0.00000,0.00000,0.00000,0.00000,0.00000,0.00000,0.00000,0.00000,0.00000,0.00000,0.00000,0.00000
1.2333,1,1,0.00,0.00,33.33,0.06834,0.09054,0.68291,0.68230,0.68230,1.3000,0,0,0.23283,-0.06932,0.01211,0.22991,-0.06841,0.01011,0.46,0.00,0.68230,0.33897,0.11123,0.35385,1.12235,0.00000,0.99999,0.33842,0.10470,0.34466,1.12149,0.00000,1.00000,23,0.23348,-0.06898,0.01493,0.23370,0.05100,0,0.98971,0.00001,0.00039,-0.14311,virtual,0,375.51,315.61,375.51,315.61,375.51,315.61,375.51,315.61,375.51,315.61,375.51,315.61,375.51,315.61,375.51,315.61,375.51,315.61,375.51,315.61,375.51,315.61,375.51,315.61,375.51,315.61,375.51,315.61,375.51,315.61,375.51,315.61,375.51,315.61,375.51,315.61,375.51,315.61,375.51,315.61,375.51,315.61,0.00000,0.00000,0.00000,0.00000,0.00000,0.00000,0.00000,0.00000,0.00000,0.00000,0.00000,0.00000,0.00000,0.00000,0.00000,0.00000,0.00000,0.00000,0.00000,0.00000,0.00000,0.00000,0.00000,0.00000,0.00000,0.00000,0.00000,0.00000,0.00000,0.00000,0.00000,0.00000,0.00000,0.00000,0.00000,0.00000,0.00000,0.00000,0.00000,0.00000,0.00000,0.00000,0.00000,0.00000,0.00000,0.00000,0.00000,0.00000,0.00000,0.00000,0.00000,0.00000,0.00000,0.00000,0.00000,0.00000,0.00000,0.00000,0.00000,0.00000,0.00000,0.00000,0.00000,0.00000,0.00000,0.00000,0.00000,0.00000,0.00000,0.00000,0.00000,0.00000,0.00000,0.00000,0.00000,0.00000,0.00000,0.00000,0.00000,0.00000,0.00000,0.00000,0.00000,0.00000
1.2667,1,1,0.00,0.00,33.33,0.06786,0.09116,0.67790,0.67288,0.67288,1.3000,0,0,0.23534,-0.06884,0.01148,0.23702,-0.06947,0.01259,0.34,0.01,0.67288,0.33250,0.12843,0.31301,1.12149,-0.00001,1.00000,0.33254,0.12474,0.32421,1.12170,0.00000,1.00000,23,0.23347,-0.06898,0.01494,0.23370,0.05100,0,0.98971,0.00000,0.00010,-0.14311,virtual,0,375.51,315.61,375.51,315.61,375.51,315.61,375.51,315.61,375.51,315.61,375.51,315.61,375.51,315.61,375.51,315.61,375.51,315.61,375.51,315.61,375.51,315.61,375.51,315.61,375.51,315.61,375.51,315.61,375.51,315.61,375.51,315.61,375.51,315.61,375.51,315.61,375.51,315.61,375.51,315.61,375.51,315.61,0.00000,0.00000,0.00000,0.00000,0.00000,0.00000,0.00000,0.00000,0.00000,0.00000,0.00000,0.00000,0.00000,0.00000,0.00000,0.00000,0.00000,0.00000,0.00000,0.00000,0.00000,0.00000,0.00000,0.00000,0.00000,0.00000,0.00000,0.00000,0.00000,0.00000,0.00000,0.00000,0.00000,0.00000,0.00000,0.00000,0.00000,0.00000,0.00000,0.00000,0.00000,0.00000,0.00000,0.00000,0.00000,0.00000,0.00000,0.00000,0.00000,0.00000,0.00000,0.00000,0.00000,0.00000,0.00000,0.00000,0.00000,0.00000,0.00000,0.00000,0.00000,0.00000,0.00000,0.00000,0.00000,0.00000,0.00000,0.00000,0.00000,0.00000,0.00000,0.00000,0.00000,0.00000,0.00000,0.00000,0.00000,0.00000,0.00000,0.00000,0.00000,0.00000,0.00000,0.00000
1.3000,1,1,0.00,0.00,33.33,0.06819,0.09224,0.68099,0.68408,0.68408,1.1583,0,0,0.23379,-0.06917,0.01040,0.23147,-0.06812,0.00878,0.09,0.01,0.68408,0.33509,0.12261,0.34979,1.11161,0.00000,1.00000,0.33597,0.12049,0.33995,1.11047,0.00000,1.00000,23,0.23347,-0.06898,0.01491,0.23370,0.05100,0,0.98971,-0.00009,-0.00002,-0.14311,virtual,0,375.51,315.61,375.51,315.61,375.51,315.61,375.51,315.61,375.51,315.61,375.51,315.61,375.51,315.61,375.51,315.61,375.51,315.61,375.51,315.61,375.51,315.61,375.51,315.61,375.51,315.61,375.51,315.61,375.51,315.61,375.51,315.61,375.51,315.61,375.51,315.61,375.51,315.61,375.51,315.61,375.51,315.61,0.00000,0.00000,0.00000,0.00000,0.00000,0.00000,0.00000,0.00000,0.00000,0.00000,0.00000,0.00000,0.00000,0.00000,0.00000,0.00000,0.00000,0.00000,0.00000,0.00000,0.00000,0.00000,0.00000,0.00000,0.00000,0.00000,0.00000,0.00000,0.00000,0.00000,0.00000,0.00000,0.00000,0.00000,0.00000,0.00000,0.00000,0.00000,0.00000,0.00000,0.00000,0.00000,0.00000,0.00000,0.00000,0.00000,0.00000,0.00000,0.00000,0.00000,0.00000,0.00000,0.00000,0.00000,0.00000,0.00000,0.00000,0.00000,0.00000,0.00000,0.00000,0.00000,0.00000,0.00000,0.00000,0.00000,0.00000,0.00000,0.00000,0.00000,0.00000,0.00000,0.00000,0.00000,0.00000,0.00000,0.00000,0.00000,0.00000,0.00000,0.00000,0.00000,0.00000,0.00000
1.3333,1,1,0.00,0.00,33.33,0.06808,0.09241,0.67986,0.67873,0.67873,1.0167,0,0,0.23436,-0.06906,0.01023,0.23435,-0.06940,0.01085,0.62,0.01,0.67873,0.33636,0.12016,0.33764,1.10991,-0.00000,1.00000,0.33597,0.12049,0.33995,1.11047,0.00000,1.00000,23,0.23347,-0.06898,0.01493,0.23370,0.05100,0,0.98971,-0.00003,-0.00001,-0.14311,virtual,0,375.51,315.61,375.51,315.61,375.51,315.61,375.51,315.61,375.51,315.61,375.51,315.61,375.51,315.61,375.51,315.61,375.51,315.61,375.51,315.61,375.51,315.61,375.51,315.61,375.51,315.61,375.51,315.61,375.51,315.61,375.51,315.61,375.51,315.61,375.51,315.61,375.51,315.61,375.51,315.61,375.51,315.61,0.00000,0.00000,0.00000,0.00000,0.00000,0.00000,0.00000,0.00000,0.00000,0.00000,0.00000,0.00000,0.00000,0.00000,0.00000,0.00000,0.00000,0.00000,0.00000,0.00000,0.00000,0.00000,0.00000,0.00000,0.00000,0.00000,0.00000,0.00000,0.00000,0.00000,0.00000,0.00000,0.00000,0.00000,0.00000,0.00000,0.00000,0.00000,0.00000,0.00000,0.00000,0.00000,0.00000,0.00000,0.00000,0.00000,0.00000,0.00000,0.00000,0.00000,0.00000,0.00000,0.00000,0.00000,0.00000,0.00000,0.00000,0.00000,0.00000,0.00000,0.00000,0.00000,0.00000,0.00000,0.00000,0.00000,0.00000,0.00000,0.00000,0.00000,0.00000,0.00000,0.00000,0.00000,0.00000,0.00000,0.00000,0.00000,0.00000,0.00000,0.00000,0.00000,0.00000,0.00000
1.3667,1,1,0.00,0.00,33.33,0.06842,0.09304,0.68323,0.68660,0.68660,0.8750,0,0,0.23436,-0.06906,0.01023,0.23343,-0.06898,0.01014,0.62,0.01,0.68660,0.33590,0.12150,0.34113,1.11063,-0.00000,1.00000,0.33597,0.12049,0.33995,1.11047,0.00000,1.00000,23,0.23347,-0.06898,0.01494,0.23370,0.05100,0,0.98971,-0.00001,-0.00000,-0.14311,virtual,1,375.51,315.61,375.51,315.61,375.51,315.61,375.51,315.61,375.51,315.61,375.51,315.61,375.51,315.61,375.51,315.61,375.51,315.61,375.51,315.61,375.51,315.61,375.51,315.61,375.51,315.61,375.51,315.61,375.51,315.61,375.51,315.61,375.51,315.61,375.51,315.61,375.51,315.61,375.51,315.61,375.51,315.61,0.00000,0.00000,0.00000,0.00000,0.00000,0.00000,0.00000,0.00000,0.00000,0.00000,0.00000,0.00000,0.00000,0.00000,0.00000,0.00000,0.00000,0.00000,0.00000,0.00000,0.00000,0.00000,0.00000,0.00000,0.00000,0.00000,0.00000,0.00000,0.00000,0.00000,0.00000,0.00000,0.00000,0.00000,0.00000,0.00000,0.00000,0.00000,0.00000,0.00000,0.00000,0.00000,0.00000,0.00000,0.00000,0.00000,0.00000,0.00000,0.00000,0.00000,0.00000,0.00000,0.00000,0.00000,0.00000,0.00000,0.00000,0.00000,0.00000,0.00000,0.00000,0.00000,0.00000,0.00000,0.00000,0.00000,0.00000,0.00000,0.00000,0.00000,0.00000,0.00000,0.00000,0.00000,0.00000,0.00000,0.00000,0.00000,0.00000,0.00000,0.00000,0.00000,0.00000,0.00000
1.4000,1,1,0.00,0.00,33.33,0.06899,0.09390,0.68893,0.69463,0.69463,0.7333,0,0,0.23436,-0.06906,0.01023,0.23362,-0.06907,0.01031,0.62,0.01,0.69463,0.33601,0.12097,0.34057,1.11043,-0.00000,1.00000,0.33597,0.12049,0.33995,1.11047,0.00000,1.00000,23,0.23347,-0.06898,0.01494,0.23370,0.05100,0,0.98971,-0.00000,-0.00000,-0.14311,virtual,0,375.51,315.61,375.51,315.61,375.51,315.61,375.51,315.61,375.51,315.61,375.51,315.61,375.51,315.61,375.51,315.61,375.51,315.61,375.51,315.61,375.51,315.61,375.51,315.61,375.51,315.61,375.51,315.61,375.51,315.61,375.51,315.61,375.51,315.61,375.51,315.61,375.51,315.61,375.51,315.61,375.51,315.61,0.00000,0.00000,0.00000,0.00000,0.00000,0.00000,0.00000,0.00000,0.00000,0.00000,0.00000,0.00000,0.00000,0.00000,0.00000,0.00000,0.00000,0.00000,0.00000,0.00000,0.00000,0.00000,0.00000,0.00000,0.00000,0.00000,0.00000,0.00000,0.00000,0.00000,0.00000,0.00000,0.00000,0.00000,0.00000,0.00000,0.00000,0.00000,0.00000,0.00000,0.00000,0.00000,0.00000,0.00000,0.00000,0.00000,0.00000,0.00000,0.00000,0.00000,0.00000,0.00000,0.00000,0.00000,0.00000,0.00000,0.00000,0.00000,0.00000,0.00000,0.00000,0.00000,0.00000,0.00000,0.00000,0.00000,0.00000,0.00000,0.00000,0.00000,0.00000,0.00000,0.00000,0.00000,0.00000,0.00000,0.00000,0.00000,0.00000,0.00000,0.00000,0.00000,0.00000,0.00000
1.4333,1,1,0.00,0.00,33.33,0.06890,0.09381,0.68795,0.68698,0.68698,0.5917,0,0,0.23485,-0.06896,0.01032,0.23482,-0.06893,0.01029,0.11,0.00,0.68698,0.33347,0.12839,0.33089,1.11170,0.00000,0.99999,0.33371,0.12740,0.33139,1.11194,0.00000,1.00000,23,0.23347,-0.06898,0.01494,0.23370,0.05100,0,0.98971,-0.00000,-0.00000,-0.14311,virtual,0,375.51,315.61,375.51,315.61,375.51,315.61,375.51,315.61,375.51,315.61,375.51,315.61,375.51,315.61,375.51,315.61,375.51,315.61,375.51,315.61,375.51,315.61,375.51,315.61,375.51,315.61,375.51,315.61,375.51,315.61,375.51,315.61,375.51,315.61,375.51,315.61,375.51,315.61,375.51,315.61,375.51,315.61,0.00000,0.00000,0.00000,0.00000,0.00000,0.00000,0.00000,0.00000,0.00000,0.00000,0.00000,0.00000,0.00000,0.00000,0.00000,0.00000,0.00000,0.00000,0.00000,0.00000,0.00000,0.00000,0.00000,0.00000,0.00000,0.00000,0.00000,0.00000,0.00000,0.00000,0.00000,0.00000,0.00000,0.00000,0.00000,0.00000,0.00000,0.00000,0.00000,0.00000,0.00000,0.00000,0.00000,0.00000,0.00000,0.00000,0.00000,0.00000,0.00000,0.00000,0.00000,0.00000,0.00000,0.00000,0.00000,0.00000,0.00000,0.00000,0.00000,0.00000,0.00000,0.00000,0.00000,0.00000,0.00000,0.00000,0.00000,0.00000,0.00000,0.00000,0.00000,0.00000,0.00000,0.00000,0.00000,0.00000,0.00000,0.00000,0.00000,0.00000,0.00000,0.00000,0.00000,0.00000
1.4667,1,1,0.00,0.00,33.33,0.06873,0.09361,0.68634,0.68472,0.68472,0.4500,0,1,0.23485,-0.06896,0.01032,0.23467,-0.06888,0.01021,0.11,0.00,0.68472,0.33351,0.12841,0.33138,1.11202,0.00000,0.94597,0.33371,0.12740,0.33139,1.11194,0.00000,-0.17000,23,0.23347,-0.06898,0.01494,0.23370,0.05100,0,0.98971,-0.00000,-0.00000,-0.14311,virtual,1,375.51,315.61,375.51,315.61,375.51,315.61,375.51,315.61,375.51,315.61,375.51,315.61,375.51,315.61,375.51,315.61,375.51,315.61,375.51,315.61,375.51,315.61,375.51,315.61,375.51,315.61,375.51,315.61,375.51,315.61,375.51,315.61,375.51,315.61,375.51,315.61,375.51,315.61,375.51,315.61,375.51,315.61,0.00000,0.00000,0.00000,0.00000,0.00000,0.00000,0.00000,0.00000,0.00000,0.00000,0.00000,0.00000,0.00000,0.00000,0.00000,0.00000,0.00000,0.00000,0.00000,0.00000,0.00000,0.00000,0.00000,0.00000,0.00000,0.00000,0.00000,0.00000,0.00000,0.00000,0.00000,0.00000,0.00000,0.00000,0.00000,0.00000,0.00000,0.00000,0.00000,0.00000,0.00000,0.00000,0.00000,0.00000,0.00000,0.00000,0.00000,0.00000,0.00000,0.00000,0.00000,0.00000,0.00000,0.00000,0.00000,0.00000,0.00000,0.00000,0.00000,0.00000,0.00000,0.00000,0.00000,0.00000,0.00000,0.00000,0.00000,0.00000,0.00000,0.00000,0.00000,0.00000,0.00000,0.00000,0.00000,0.00000,0.00000,0.00000,0.00000,0.00000,0.00000,0.00000,0.00000,0.00000
1.5000,1,1,0.00,0.00,33.33,0.06817,0.09284,0.68068,0.67503,0.67503,0.4500,0,1,0.23485,-0.06896,0.01032,0.23466,-0.06894,0.01026,0.11,0.00,0.67503,0.33378,0.12790,0.33170,1.11190,-0.00000,0.83356,0.33371,0.12740,0.33139,1.11194,0.00000,-0.17000,23,0.23347,-0.06898,0.01494,0.23370,0.05100,0,0.98971,-0.00000,-0.00000,-0.14311,virtual,1,375.51,315.61,375.51,315.61,375.51,315.61,375.51,315.61,375.51,315.61,375.51,315.61,375.51,315.61,375.51,315.61,375.51,315.61,375.51,315.61,375.51,315.61,375.51,315.61,375.51,315.61,375.51,315.61,375.51,315.61,375.51,315.61,375.51,315.61,375.51,315.61,375.51,315.61,375.51,315.61,375.51,315.61,0.00000,0.00000,0.00000,0.00000,0.00000,0.00000,0.00000,0.00000,0.00000,0.00000,0.00000,0.00000,0.00000,0.00000,0.00000,0.00000,0.00000,0.00000,0.00000,0.00000,0.00000,0.00000,0.00000,0.00000,0.00000,0.00000,0.00000,0.00000,0.00000,0.00000,0.00000,0.00000,0.00000,0.00000,0.00000,0.00000,0.00000,0.00000,0.00000,0.00000,0.00000,0.00000,0.00000,0.00000,0.00000,0.00000,0.00000,0.00000,0.00000,0.00000,0.00000,0.00000,0.00000,0.00000,0.00000,0.00000,0.00000,0.00000,0.00000,0.00000,0.00000,0.00000,0.00000,0.00000,0.00000,0.00000,0.00000,0.00000,0.00000,0.00000,0.00000,0.00000,0.00000,0.00000,0.00000,0.00000,0.00000,0.00000,0.00000,0.00000,0.00000,0.00000,0.00000,0.00000
1.5333,1,1,0.00,0.00,33.33,0.06940,0.09452,0.69295,0.70521,0.70521,0.4500,0,1,0.23485,-0.06896,0.01032,0.23466,-0.06893,0.01027,0.11,0.00,0.70521,0.33374,0.12788,0.33168,1.11194,0.00000,0.71377,0.33371,0.12740,0.33139,1.11194,0.00000,-0.17000,23,0.23347,-0.06898,0.01494,0.23370,0.05100,0,0.98971,-0.00000,-0.00000,-0.14311,virtual,1,375.51,315.61,375.51,315.61,375.51,315.61,375.51,315.61,375.51,315.61,375.51,315.61,375.51,315.61,375.51,315.61,375.51,315.61,375.51,315.61,375.51,315.61,375.51,315.61,375.51,315.61,375.51,315.61,375.51,315.61,375.51,315.61,375.51,315.61,375.51,315.61,375.51,315.61,375.51,315.61,375.51,315.61,0.00000,0.00000,0.00000,0.00000,0.00000,0.00000,0.00000,0.00000,0.00000,0.00000,0.00000,0.00000,0.00000,0.00000,0.00000,0.00000,0.00000,0.00000,0.00000,0.00000,0.00000,0.00000,0.00000,0.00000,0.00000,0.00000,0.00000,0.00000,0.00000,0.00000,0.00000,0.00000,0.00000,0.00000,0.00000,0.00000,0.00000,0.00000,0.00000,0.00000,0.00000,0.00000,0.00000,0.00000,0.00000,0.00000,0.00000,0.00000,0.00000,0.00000,0.00000,0.00000,0.00000,0.00000,0.00000,0.00000,0.00000,0.00000,0.00000,0.00000,0.00000,0.00000,0.00000,0.00000,0.00000,0.00000,0.00000,0.00000,0.00000,0.00000,0.00000,0.00000,0.00000,0.00000,0.00000,0.00000,0.00000,0.00000,0.00000,0.00000,0.00000,0.00000,0.00000,0.00000
1.5667,1,1,0.00,0.00,33.33,0.06823,0.09293,0.68124,0.66954,0.66954,0.4500,0,1,0.23485,-0.06896,0.01032,0.23466,-0.06893,0.01027,0.11,0.00,0.66954,0.33372,0.12785,0.33171,1.11195,0.00000,0.56015,0.33371,0.12740,0.33139,1.11194,0.00000,-0.17000,23,0.23347,-0.06898,0.01494,0.23370,0.05100,0,0.98971,-0.00000,-0.00000,-0.14311,virtual,1,375.51,315.61,375.51,315.61,375.51,315.61,375.51,315.61,375.51,315.61,375.51,315.61,375.51,315.61,375.51,315.61,375.51,315.61,375.51,315.61,375.51,315.61,375.51,315.61,375.51,315.61,375.51,315.61,375.51,315.61,375.51,315.61,375.51,315.61,375.51,315.61,375.51,315.61,375.51,315.61,375.51,315.61,0.00000,0.00000,0.00000,0.00000,0.00000,0.00000,0.00000,0.00000,0.00000,0.00000,0.00000,0.00000,0.00000,0.00000,0.00000,0.00000,0.00000,0.00000,0.00000,0.00000,0.00000,0.00000,0.00000,0.00000,0.00000,0.00000,0.00000,0.00000,0.00000,0.00000,0.00000,0.00000,0.00000,0.00000,0.00000,0.00000,0.00000,0.00000,0.00000,0.00000,0.00000,0.00000,0.00000,0.00000,0.00000,0.00000,0.00000,0.00000,0.00000,0.00000,0.00000,0.00000,0.00000,0.00000,0.00000,0.00000,0.00000,0.00000,0.00000,0.00000,0.00000,0.00000,0.00000,0.00000,0.00000,0.00000,0.00000,0.00000,0.00000,0.00000,0.00000,0.00000,0.00000,0.00000,0.00000,0.00000,0.00000,0.00000,0.00000,0.00000,0.00000,0.00000,0.00000,0.00000
1.6000,1,1,0.00,0.00,33.33,0.06851,0.09332,0.68411,0.68698,0.68698,0.4500,0,1,0.23485,-0.06896,0.01032,0.23465,-0.06892,0.01027,0.11,0.00,0.68698,0.33371,0.12786,0.33172,1.11195,-0.00000,0.39891,0.33371,0.12740,0.33139,1.11194,0.00000,-0.17000,23,0.23347,-0.06898,0.01494,0.23370,0.05100,0,0.98971,-0.00000,-0.00000,-0.14311,virtual,1,375.51,315.61,375.51,315.61,375.51,315.61,375.51,315.61,375.51,315.61,375.51,315.61,375.51,315.61,375.51,315.61,375.51,315.61,375.51,315.61,375.51,315.61,375.51,315.61,375.51,315.61,375.51,315.61,375.51,315.61,375.51,315.61,375.51,315.61,375.51,315.61,375.51,315.61,375.51,315.61,375.51,315.61,0.00000,0.00000,0.00000,0.00000,0.00000,0.00000,0.00000,0.00000,0.00000,0.00000,0.00000,0.00000,0.00000,0.00000,0.00000,0.00000,0.00000,0.00000,0.00000,0.00000,0.00000,0.00000,0.00000,0.00000,0.00000,0.00000,0.00000,0.00000,0.00000,0.00000,0.00000,0.00000,0.00000,0.00000,0.00000,0.00000,0.00000,0.00000,0.00000,0.00000,0.00000,0.00000,0.00000,0.00000,0.00000,0.00000,0.00000,0.00000,0.00000,0.00000,0.00000,0.00000,0.00000,0.00000,0.00000,0.00000,0.00000,0.00000,0.00000,0.00000,0.00000,0.00000,0.00000,0.00000,0.00000,0.00000,0.00000,0.00000,0.00000,0.00000,0.00000,0.00000,0.00000,0.00000,0.00000,0.00000,0.00000,0.00000,0.00000,0.00000,0.00000,0.00000,0.00000,0.00000
1.6333,1,1,0.00,0.00,33.33,0.06856,0.09338,0.68457,0.68503,0.68503,0.4500,0,1,0.23485,-0.06896,0.01032,0.23465,-0.06892,0.01027,0.11,0.00,0.68503,0.33371,0.12786,0.33172,1.11195,-0.00000,0.25766,0.33371,0.12740,0.33139,1.11194,0.00000,-0.17000,23,0.23347,-0.06898,0.01494,0.23370,0.05100,0,0.98971,-0.00000,-0.00000,-0.14311,virtual,1,375.51,315.61,375.51,315.61,375.51,315.61,375.51,315.61,375.51,315.61,375.51,315.61,375.51,315.61,375.51,315.61,375.51,315.61,375.51,315.61,375.51,315.61,375.51,315.61,375.51,315.61,375.51,315.61,375.51,315.61,375.51,315.61,375.51,315.61,375.51,315.61,375.51,315.61,375.51,315.61,375.51,315.61,0.00000,0.00000,0.00000,0.00000,0.00000,0.00000,0.00000,0.00000,0.00000,0.00000,0.00000,0.00000,0.00000,0.00000,0.00000,0.00000,0.00000,0.00000,0.00000,0.00000,0.00000,0.00000,0.00000,0.00000,0.00000,0.00000,0.00000,0.00000,0.00000,0.00000,0.00000,0.00000,0.00000,0.00000,0.00000,0.00000,0.00000,0.00000,0.00000,0.00000,0.00000,0.00000,0.00000,0.00000,0.00000,0.00000,0.00000,0.00000,0.00000,0.00000,0.00000,0.00000,0.00000,0.00000,0.00000,0.00000,0.00000,0.00000,0.00000,0.00000,0.00000,0.00000,0.00000,0.00000,0.00000,0.00000,0.00000,0.00000,0.00000,0.00000,0.00000,0.00000,0.00000,0.00000,0.00000,0.00000,0.00000,0.00000,0.00000,0.00000,0.00000,0.00000,0.00000,0.00000
1.6667,1,1,0.00,0.00,33.33,0.06879,0.09370,0.68690,0.68923,0.68923,0.4500,0,1,0.23485,-0.06896,0.01032,0.23483,-0.06899,0.01041,0.11,0.00,0.68923,0.33372,0.12744,0.33128,1.11166,-0.00005,0.14230,0.33371,0.12740,0.33139,1.11194,0.00000,-0.17000,23,0.22874,-0.06670,0.01497,0.23370,0.05100,0,0.98815,0.00236,0.00275,-0.15342,virtual,1,375.51,315.61,375.51,315.61,375.51,315.61,375.51,315.61,375.51,315.61,375.51,315.61,375.51,315.61,375.51,315.61,375.51,315.61,375.51,315.61,375.51,315.61,375.51,315.61,375.51,315.61,375.51,315.61,375.51,315.61,375.51,315.61,375.51,315.61,375.51,315.61,375.51,315.61,375.51,315.61,375.51,315.61,0.00000,0.00000,0.00000,0.00000,0.00000,0.00000,0.00000,0.00000,0.00000,0.00000,0.00000,0.00000,0.00000,0.00000,0.00000,0.00000,0.00000,0.00000,0.00000,0.00000,0.00000,0.00000,0.00000,0.00000,0.00000,0.00000,0.00000,0.00000,0.00000,0.00000,0.00000,0.00000,0.00000,0.00000,0.00000,0.00000,0.00000,0.00000,0.00000,0.00000,0.00000,0.00000,0.00000,0.00000,0.00000,0.00000,0.00000,0.00000,0.00000,0.00000,0.00000,0.00000,0.00000,0.00000,0.00000,0.00000,0.00000,0.00000,0.00000,0.00000,0.00000,0.00000,0.00000,0.00000,0.00000,0.00000,0.00000,0.00000,0.00000,0.00000,0.00000,0.00000,0.00000,0.00000,0.00000,0.00000,0.00000,0.00000,0.00000,0.00000,0.00000,0.00000,0.00000,0.00000
1.7000,1,1,0.00,0.00,33.33,0.06867,0.09354,0.68568,0.68447,0.68447,0.4500,0,1,0.23485,-0.06896,0.01032,0.23445,-0.06881,0.01020,0.11,0.00,0.68447,0.33354,0.12776,0.33227,1.11273,0.00009,0.16318,0.33371,0.12740,0.33139,1.11194,0.00000,-0.17000,23,0.22895,-0.06676,0.01476,0.23370,0.05100,0,0.98775,0.00174,0.00315,-0.15598,virtual,1,375.51,315.61,375.51,315.61,375.51,315.61,375.51,315.61,375.51,315.61,375.51,315.61,375.51,315.61,375.51,315.61,375.51,315.61,375.51,315.61,375.51,315.61,375.51,315.61,375.51,315.61,375.51,315.61,375.51,315.61,375.51,315.61,375.51,315.61,375.51,315.61,375.51,315.61,375.51,315.61,375.51,315.61,0.00000,0.00000,0.00000,0.00000,0.00000,0.00000,0.00000,0.00000,0.00000,0.00000,0.00000,0.00000,0.00000,0.00000,0.00000,0.00000,0.00000,0.00000,0.00000,0.00000,0.00000,0.00000,0.00000,0.00000,0.00000,0.00000,0.00000,0.00000,0.00000,0.00000,0.00000,0.00000,0.00000,0.00000,0.00000,0.00000,0.00000,0.00000,0.00000,0.00000,0.00000,0.00000,0.00000,0.00000,0.00000,0.00000,0.00000,0.00000,0.00000,0.00000,0.00000,0.00000,0.00000,0.00000,0.00000,0.00000,0.00000,0.00000,0.00000,0.00000,0.00000,0.00000,0.00000,0.00000,0.00000,0.00000,0.00000,0.00000,0.00000,0.00000,0.00000,0.00000,0.00000,0.00000,0.00000,0.00000,0.00000,0.00000,0.00000,0.00000,0.00000,0.00000,0.00000,0.00000
1.7333,1,1,0.00,0.00,33.33,0.06689,0.09111,0.66789,0.65010,0.65010,0.4500,0,1,0.23485,-0.06896,0.01032,0.23459,-0.06888,0.01026,0.11,0.00,0.65010,0.33363,0.12772,0.33190,1.11223,0.00005,0.17089,0.33371,0.12740,0.33139,1.11194,0.00000,-0.17000,23,0.22936,-0.06693,0.01483,0.23370,0.05100,0,0.98753,0.00119,0.00193,-0.15739,virtual,1,375.51,315.61,375.51,315.61,375.51,315.61,375.51,315.61,375.51,315.61,375.51,315.61,375.51,315.61,375.51,315.61,375.51,315.61,375.51,315.61,375.51,315.61,375.51,315.61,375.51,315.61,375.51,315.61,375.51,315.61,375.51,315.61,375.51,315.61,375.51,315.61,375.51,315.61,375.51,315.61,375.51,315.61,0.00000,0.00000,0.00000,0.00000,0.00000,0.00000,0.00000,0.00000,0.00000,0.00000,0.00000,0.00000,0.00000,0.00000,0.00000,0.00000,0.00000,0.00000,0.00000,0.00000,0.00000,0.00000,0.00000,0.00000,0.00000,0.00000,0.00000,0.00000,0.00000,0.00000,0.00000,0.00000,0.00000,0.00000,0.00000,0.00000,0.00000,0.00000,0.00000,0.00000,0.00000,0.00000,0.00000,0.00000,0.00000,0.00000,0.00000,0.00000,0.00000,0.00000,0.00000,0.00000,0.00000,0.00000,0.00000,0.00000,0.00000,0.00000,0.00000,0.00000,0.00000,0.00000,0.00000,0.00000,0.00000,0.00000,0.00000,0.00000,0.00000,0.00000,0.00000,0.00000,0.00000,0.00000,0.00000,0.00000,0.00000,0.00000,0.00000,0.00000,0.00000,0.00000,0.00000,0.00000
1.7667,1,1,0.00,0.00,33.33,0.06520,0.08881,0.65101,0.63412,0.63412,0.4500,0,1,0.23485,-0.06896,0.01032,0.23463,-0.06890,0.01027,0.11,0.00,0.63412,0.33366,0.12781,0.33179,1.11205,0.00003,0.17118,0.33371,0.12740,0.33139,1.11194,0.00000,-0.17000,23,0.22942,-0.06696,0.01483,0.23370,0.05100,0,0.98739,0.00083,0.00086,-0.15828,virtual,1,375.51,315.61,375.51,315.61,375.51,315.61,375.51,315.61,375.51,315.61,375.51,315.61,375.51,315.61,375.51,315.61,375.51,315.61,375.51,315.61,375.51,315.61,375.51,315.61,375.51,315.61,375.51,315.61,375.51,315.61,375.51,315.61,375.51,315.61,375.51,315.61,375.51,315.61,375.51,315.61,375.51,315.61,0.00000,0.00000,0.00000,0.00000,0.00000,0.00000,0.00000,0.00000,0.00000,0.00000,0.00000,0.00000,0.00000,0.00000,0.00000,0.00000,0.00000,0.00000,0.00000,0.00000,0.00000,0.00000,0.00000,0.00000,0.00000,0.00000,0.00000,0.00000,0.00000,0.00000,0.00000,0.00000,0.00000,0.00000,0.00000,0.00000,0.00000,0.00000,0.00000,0.00000,0.00000,0.00000,0.00000,0.00000,0.00000,0.00000,0.00000,0.00000,0.00000,0.00000,0.00000,0.00000,0.00000,0.00000,0.00000,0.00000,0.00000,0.00000,0.00000,0.00000,0.00000,0.00000,0.00000,0.00000,0.00000,0.00000,0.00000,0.00000,0.00000,0.00000,0.00000,0.00000,0.00000,0.00000,0.00000,0.00000,0.00000,0.00000,0.00000,0.00000,0.00000,0.00000,0.00000,0.00000
1.8000,1,1,0.00,0.00,33.33,0.06223,0.08476,0.62136,0.59170,0.59170,0.4500,0,1,0.23485,-0.06896,0.01032,0.23465,-0.06891,0.01027,0.11,0.00,0.59170,0.33367,0.12781,0.33174,1.11202,0.00003,0.17080,0.33371,0.12740,0.33139,1.11194,0.00000,-0.17000,23,0.22942,-0.06696,0.01483,0.23370,0.05100,0,0.98727,0.00051,-0.00013,-0.15905,virtual,1,375.51,315.61,375.51,315.61,375.51,315.61,375.51,315.61,375.51,315.61,375.51,315.61,375.51,315.61,375.51,315.61,375.51,315.61,375.51,315.61,375.51,315.61,375.51,315.61,375.51,315.61,375.51,315.61,375.51,315.61,375.51,315.61,375.51,315.61,375.51,315.61,375.51,315.61,375.51,315.61,375.51,315.61,0.00000,0.00000,0.00000,0.00000,0.00000,0.00000,0.00000,0.00000,0.00000,0.00000,0.00000,0.00000,0.00000,0.00000,0.00000,0.00000,0.00000,0.00000,0.00000,0.00000,0.00000,0.00000,0.00000,0.00000,0.00000,0.00000,0.00000,0.00000,0.00000,0.00000,0.00000,0.00000,0.00000,0.00000,0.00000,0.00000,0.00000,0.00000,0.00000,0.00000,0.00000,0.00000,0.00000,0.00000,0.00000,0.00000,0.00000,0.00000,0.00000,0.00000,0.00000,0.00000,0.00000,0.00000,0.00000,0.00000,0.00000,0.00000,0.00000,0.00000,0.00000,0.00000,0.00000,0.00000,0.00000,0.00000,0.00000,0.00000,0.00000,0.00000,0.00000,0.00000,0.00000,0.00000,0.00000,0.00000,0.00000,0.00000,0.00000,0.00000,0.00000,0.00000,0.00000,0.00000
1.8333,1,1,0.00,0.00,33.33,0.06034,0.08219,0.60248,0.58361,0.58361,0.4500,0,1,0.23485,-0.06896,0.01032,0.23465,-0.06891,0.01028,0.11,0.00,0.58361,0.33367,0.12780,0.33172,1.11201,0.00003,0.17066,0.33371,0.12740,0.33139,1.11194,0.00000,-0.17000,23,0.22942,-0.06696,0.01484,0.23370,0.05100,0,0.98717,0.00025,-0.00091,-0.15969,virtual,1,375.51,315.61,375.51,315.61,375.51,315.61,375.51,315.61,375.51,315.61,375.51,315.61,375.51,315.61,375.51,315.61,375.51,315.61,375.51,315.61,375.51,315.61,375.51,315.61,375.51,315.61,375.51,315.61,375.51,315.61,375.51,315.61,375.51,315.61,375.51,315.61,375.51,315.61,375.51,315.61,375.51,315.61,0.00000,0.00000,0.00000,0.00000,0.00000,0.00000,0.00000,0.00000,0.00000,0.00000,0.00000,0.00000,0.00000,0.00000,0.00000,0.00000,0.00000,0.00000,0.00000,0.00000,0.00000,0.00000,0.00000,0.00000,0.00000,0.00000,0.00000,0.00000,0.00000,0.00000,0.00000,0.00000,0.00000,0.00000,0.00000,0.00000,0.00000,0.00000,0.00000,0.00000,0.00000,0.00000,0.00000,0.00000,0.00000,0.00000,0.00000,0.00000,0.00000,0.00000,0.00000,0.00000,0.00000,0.00000,0.00000,0.00000,0.00000,0.00000,0.00000,0.00000,0.00000,0.00000,0.00000,0.00000,0.00000,0.00000,0.00000,0.00000,0.00000,0.00000,0.00000,0.00000,0.00000,0.00000,0.00000,0.00000,0.00000,0.00000,0.00000,0.00000,0.00000,0.00000,0.00000,0.00000
1.8667,1,1,0.00,0.00,33.33,0.05863,0.07986,0.58544,0.56839,0.56839,0.4500,0,1,0.23485,-0.06896,0.01032,0.23466,-0.06892,0.01028,0.11,0.00,0.56839,0.33368,0.12779,0.33171,1.11200,0.00003,0.17050,0.33371,0.12740,0.33139,1.11194,0.00000,-0.17000,23,0.22942,-0.06695,0.01484,0.23370,0.05100,0,0.98705,-0.00004,-0.00176,-0.16041,virtual,0,375.51,315.61,375.51,315.61,375.51,315.61,375.51,315.61,375.51,315.61,375.51,315.61,375.51,315.61,375.51,315.61,375.51,315.61,375.51,315.61,375.51,315.61,375.51,315.61,375.51,315.61,375.51,315.61,375.51,315.61,375.51,315.61,375.51,315.61,375.51,315.61,375.51,315.61,375.51,315.61,375.51,315.61,0.00000,0.00000,0.00000,0.00000,0.00000,0.00000,0.00000,0.00000,0.00000,0.00000,0.00000,0.00000,0.00000,0.00000,0.00000,0.00000,0.00000,0.00000,0.00000,0.00000,0.00000,0.00000,0.00000,0.00000,0.00000,0.00000,0.00000,0.00000,0.00000,0.00000,0.00000,0.00000,0.00000,0.00000,0.00000,0.00000,0.00000,0.00000,0.00000,0.00000,0.00000,0.00000,0.00000,0.00000,0.00000,0.00000,0.00000,0.00000,0.00000,0.00000,0.00000,0.00000,0.00000,0.00000,0.00000,0.00000,0.00000,0.00000,0.00000,0.00000,0.00000,0.00000,0.00000,0.00000,0.00000,0.00000,0.00000,0.00000,0.00000,0.00000,0.00000,0.00000,0.00000,0.00000,0.00000,0.00000,0.00000,0.00000,0.00000,0.00000,0.00000,0.00000,0.00000,0.00000
1.9000,1,1,0.00,0.00,33.33,0.05647,0.07691,0.56382,0.54221,0.54221,0.4500,0,1,0.24565,-0.06680,0.01327,0.23653,-0.06496,0.01063,0.75,0.05,0.54221,0.31274,0.16845,0.27132,1.16264,-0.00016,0.17041,0.30818,0.18705,0.22577,1.15717,0.00000,-0.17000,23,0.23158,-0.06313,0.01536,0.23370,0.05100,0,0.98839,0.00096,0.01257,-0.15140,virtual,0,375.51,315.61,375.51,315.61,375.51,315.61,375.51,315.61,375.51,315.61,375.51,315.61,375.51,315.61,375.51,315.61,375.51,315.61,375.51,315.61,375.51,315.61,375.51,315.61,375.51,315.61,375.51,315.61,375.51,315.61,375.51,315.61,375.51,315.61,375.51,315.61,375.51,315.61,375.51,315.61,375.51,315.61,0.00000,0.00000,0.00000,0.00000,0.00000,0.00000,0.00000,0.00000,0.00000,0.00000,0.00000,0.00000,0.00000,0.00000,0.00000,0.00000,0.00000,0.00000,0.00000,0.00000,0.00000,0.00000,0.00000,0.00000,0.00000,0.00000,0.00000,0.00000,0.00000,0.00000,0.00000,0.00000,0.00000,0.00000,0.00000,0.00000,0.00000,0.00000,0.00000,0.00000,0.00000,0.00000,0.00000,0.00000,0.00000,0.00000,0.00000,0.00000,0.00000,0.00000,0.00000,0.00000,0.00000,0.00000,0.00000,0.00000,0.00000,0.00000,0.00000,0.00000,0.00000,0.00000,0.00000,0.00000,0.00000,0.00000,0.00000,0.00000,0.00000,0.00000,0.00000,0.00000,0.00000,0.00000,0.00000,0.00000,0.00000,0.00000,0.00000,0.00000,0.00000,0.00000,0.00000,0.00000
1.9333,1,1,0.00,0.00,33.33,0.05498,0.07489,0.54900,0.53418,0.53418,0.4500,0,1,0.25306,-0.06531,0.01529,0.24117,-0.06064,0.01003,0.57,0.04,0.53418,0.28652,0.23993,0.17471,1.22303,-0.00010,0.16871,0.29185,0.23641,0.14053,1.19318,0.00000,-0.17000,23,0.23598,-0.05911,0.01501,0.23370,0.05100,0,0.98974,0.00277,0.02920,-0.13986,virtual,0,375.51,315.61,375.51,315.61,375.51,315.61,375.51,315.61,375.51,315.61,375.51,315.61,375.51,315.61,375.51,315.61,375.51,315.61,375.51,315.61,375.51,315.61,375.51,315.61,375.51,315.61,375.51,315.61,375.51,315.61,375.51,315.61,375.51,315.61,375.51,315.61,375.51,315.61,375.51,315.61,375.51,315.61,0.00000,0.00000,0.00000,0.00000,0.00000,0.00000,0.00000,0.00000,0.00000,0.00000,0.00000,0.00000,0.00000,0.00000,0.00000,0.00000,0.00000,0.00000,0.00000,0.00000,0.00000,0.00000,0.00000,0.00000,0.00000,0.00000,0.00000,0.00000,0.00000,0.00000,0.00000,0.00000,0.00000,0.00000,0.00000,0.00000,0.00000,0.00000,0.00000,0.00000,0.00000,0.00000,0.00000,0.00000,0.00000,0.00000,0.00000,0.00000,0.00000,0.00000,0.00000,0.00000,0.00000,0.00000,0.00000,0.00000,0.00000,0.00000,0.00000,0.00000,0.00000,0.00000,0.00000,0.00000,0.00000,0.00000,0.00000,0.00000,0.00000,0.00000,0.00000,0.00000,0.00000,0.00000,0.00000,0.00000,0.00000,0.00000,0.00000,0.00000,0.00000,0.00000,0.00000,0.00000
1.9667,1,1,0.00,0.00,33.33,0.05420,0.07383,0.54122,0.53344,0.53344,0.4500,0,1,0.25695,-0.06453,0.01635,0.24839,-0.06198,0.01324,0.30,0.02,0.53344,0.28310,0.28283,0.08758,1.26173,-0.00000,0.16561,0.28361,0.26514,0.09142,1.21383,0.00000,-0.17000,23,0.24303,-0.06048,0.01828,0.23370,0.05100,0,0.98993,0.00129,0.02510,-0.13933,virtual,0,375.51,315.61,375.51,315.61,375.51,315.61,375.51,315.61,375.51,315.61,375.51,315.61,375.51,315.61,375.51,315.61,375.51,315.61,375.51,315.61,375.51,315.61,375.51,315.61,375.51,315.61,375.51,315.61,375.51,315.61,375.51,315.61,375.51,315.61,375.51,315.61,375.51,315.61,375.51,315.61,375.51,315.61,0.00000,0.00000,0.00000,0.00000,0.00000,0.00000,0.00000,0.00000,0.00000,0.00000,0.00000,0.00000,0.00000,0.00000,0.00000,0.00000,0.00000,0.00000,0.00000,0.00000,0.00000,0.00000,0.00000,0.00000,0.00000,0.00000,0.00000,0.00000,0.00000,0.00000,0.00000,0.00000,0.00000,0.00000,0.00000,0.00000,0.00000,0.00000,0.00000,0.00000,0.00000,0.00000,0.00000,0.00000,0.00000,0.00000,0.00000,0.00000,0.00000,0.00000,0.00000,0.00000,0.00000,0.00000,0.00000,0.00000,0.00000,0.00000,0.00000,0.00000,0.00000,0.00000,0.00000,0.00000,0.00000,0.00000,0.00000,0.00000,0.00000,0.00000,0.00000,0.00000,0.00000,0.00000,0.00000,0.00000,0.00000,0.00000,0.00000,0.00000,0.00000,0.00000,0.00000,0.00000
2.0000,1,1,0.00,0.00,33.33,0.05283,0.07197,0.52757,0.51392,0.51392,0.4500,0,1,0.26378,-0.06317,0.01821,0.26558,-0.06264,0.01781,0.51,0.04,0.51392,0.26538,0.32408,-0.00471,1.24662,0.00005,0.16873,0.26983,0.31030,0.01117,1.24865,0.00000,-0.17000,23,0.25996,-0.06120,0.02236,0.23370,0.05100,0,0.99127,-0.00368,-0.00794,-0.13154,virtual,0,375.51,315.61,375.51,315.61,375.51,315.61,375.51,315.61,375.51,315.61,375.51,315.61,375.51,315.61,375.51,315.61,375.51,315.61,375.51,315.61,375.51,315.61,375.51,315.61,375.51,315.61,375.51,315.61,375.51,315.61,375.51,315.61,375.51,315.61,375.51,315.61,375.51,315.61,375.51,315.61,375.51,315.61,0.00000,0.00000,0.00000,0.00000,0.00000,0.00000,0.00000,0.00000,0.00000,0.00000,0.00000,0.00000,0.00000,0.00000,0.00000,0.00000,0.00000,0.00000,0.00000,0.00000,0.00000,0.00000,0.00000,0.00000,0.00000,0.00000,0.00000,0.00000,0.00000,0.00000,0.00000,0.00000,0.00000,0.00000,0.00000,0.00000,0.00000,0.00000,0.00000,0.00000,0.00000,0.00000,0.00000,0.00000,0.00000,0.00000,0.00000,0.00000,0.00000,0.00000,0.00000,0.00000,0.00000,0.00000,0.00000,0.00000,0.00000,0.00000,0.00000,0.00000,0.00000,0.00000,0.00000,0.00000,0.00000,0.00000,0.00000,0.00000,0.00000,0.00000,0.00000,0.00000,0.00000,0.00000,0.00000,0.00000,0.00000,0.00000,0.00000,0.00000,0.00000,0.00000,0.00000,0.00000
2.0333,1,1,0.00,0.00,33.33,0.05286,0.07200,0.52782,0.52807,0.52807,0.4500,0,1,0.26365,-0.06319,0.01818,0.26696,-0.06429,0.02083,0.41,0.04,0.52807,0.27056,0.31214,-0.00876,1.24776,0.00002,0.16933,0.26983,0.31030,0.01117,1.24865,0.00000,-0.17000,23,0.26142,-0.06257,0.02530,0.23370,0.05100,0,0.99080,-0.00499,-0.01624,-0.13425,virtual,0,375.51,315.61,375.51,315.61,375.51,315.61,375.51,315.61,375.51,315.61,375.51,315.61,375.51,315.61,375.51,315.61,375.51,315.61,375.51,315.61,375.51,315.61,375.51,315.61,375.51,315.61,375.51,315.61,375.51,315.61,375.51,315.61,375.51,315.61,375.51,315.61,375.51,315.61,375.51,315.61,375.51,315.61,0.00000,0.00000,0.00000,0.00000,0.00000,0.00000,0.00000,0.00000,0.00000,0.00000,0.00000,0.00000,0.00000,0.00000,0.00000,0.00000,0.00000,0.00000,0.00000,0.00000,0.00000,0.00000,0.00000,0.00000,0.00000,0.00000,0.00000,0.00000,0.00000,0.00000,0.00000,0.00000,0.00000,0.00000,0.00000,0.00000,0.00000,0.00000,0.00000,0.00000,0.00000,0.00000,0.00000,0.00000,0.00000,0.00000,0.00000,0.00000,0.00000,0.00000,0.00000,0.00000,0.00000,0.00000,0.00000,0.00000,0.00000,0.00000,0.00000,0.00000,0.00000,0.00000,0.00000,0.00000,0.00000,0.00000,0.00000,0.00000,0.00000,0.00000,0.00000,0.00000,0.00000,0.00000,0.00000,0.00000,0.00000,0.00000,0.00000,0.00000,0.00000,0.00000,0.00000,0.00000
2.0667,1,1,0.00,0.00,33.33,0.05270,0.07178,0.52618,0.52454,0.52454,0.4500,0,1,0.26447,-0.06303,0.01840,0.26413,-0.06309,0.01728,0.09,0.01,0.52454,0.26885,0.32639,-0.00484,1.25339,-0.00000,0.16918,0.26828,0.31976,-0.00373,1.25463,0.00000,-0.17000,23,0.25861,-0.06154,0.02183,0.23370,0.05100,0,0.99091,-0.00360,-0.00500,-0.13440,virtual,0,375.51,315.61,375.51,315.61,375.51,315.61,375.51,315.61,375.51,315.61,375.51,315.61,375.51,315.61,375.51,315.61,375.51,315.61,375.51,315.61,375.51,315.61,375.51,315.61,375.51,315.61,375.51,315.61,375.51,315.61,375.51,315.61,375.51,315.61,375.51,315.61,375.51,315.61,375.51,315.61,375.51,315.61,0.00000,0.00000,0.00000,0.00000,0.00000,0.00000,0.00000,0.00000,0.00000,0.00000,0.00000,0.00000,0.00000,0.00000,0.00000,0.00000,0.00000,0.00000,0.00000,0.00000,0.00000,0.00000,0.00000,0.00000,0.00000,0.00000,0.00000,0.00000,0.00000,0.00000,0.00000,0.00000,0.00000,0.00000,0.00000,0.00000,0.00000,0.00000,0.00000,0.00000,0.00000,0.00000,0.00000,0.00000,0.00000,0.00000,0.00000,0.00000,0.00000,0.00000,0.00000,0.00000,0.00000,0.00000,0.00000,0.00000,0.00000,0.00000,0.00000,0.00000,0.00000,0.00000,0.00000,0.00000,0.00000,0.00000,0.00000,0.00000,0.00000,0.00000,0.00000,0.00000,0.00000,0.00000,0.00000,0.00000,0.00000,0.00000,0.00000,0.00000,0.00000,0.00000,0.00000,0.00000
2.1000,1,1,0.00,0.00,33.33,0.05225,0.07117,0.52169,0.51720,0.51720,0.4500,0,1,0.26672,-0.06258,0.01902,0.26646,-0.06258,0.01827,0.15,0.01,0.51720,0.26416,0.34273,-0.03684,1.26938,-0.00000,0.16908,0.26401,0.33540,-0.03166,1.26681,0.00000,-0.17000,23,0.26093,-0.06120,0.02277,0.23370,0.05100,0,0.99108,-0.00377,-0.00537,-0.13307,virtual,0,375.51,315.61,375.51,315.61,375.51,315.61,375.51,315.61,375.51,315.61,375.51,315.61,375.51,315.61,375.51,315.61,375.51,315.61,375.51,315.61,375.51,315.61,375.51,315.61,375.51,315.61,375.51,315.61,375.51,315.61,375.51,315.61,375.51,315.61,375.51,315.61,375.51,315.61,375.51,315.61,375.51,315.61,0.00000,0.00000,0.00000,0.00000,0.00000,0.00000,0.00000,0.00000,0.00000,0.00000,0.00000,0.00000,0.00000,0.00000,0.00000,0.00000,0.00000,0.00000,0.00000,0.00000,0.00000,0.00000,0.00000,0.00000,0.00000,0.00000,0.00000,0.00000,0.00000,0.00000,0.00000,0.00000,0.00000,0.00000,0.00000,0.00000,0.00000,0.00000,0.00000,0.00000,0.00000,0.00000,0.00000,0.00000,0.00000,0.00000,0.00000,0.00000,0.00000,0.00000,0.00000,0.00000,0.00000,0.00000,0.00000,0.00000,0.00000,0.00000,0.00000,0.00000,0.00000,0.00000,0.00000,0.00000,0.00000,0.00000,0.00000,0.00000,0.00000,0.00000,0.00000,0.00000,0.00000,0.00000,0.00000,0.00000,0.00000,0.00000,0.00000,0.00000,0.00000,0.00000,0.00000,0.00000
2.1333,1,1,0.00,0.00,33.33,0.05185,0.07063,0.51774,0.51379,0.51379,0.4500,0,1,0.26869,-0.06218,0.01956,0.26930,-0.06205,0.01981,0.14,0.01,0.51379,0.25889,0.35353,-0.06422,1.27974,-0.00000,0.16905,0.26023,0.35011,-0.05772,1.27817,0.00000,-0.17000,23,0.26370,-0.06087,0.02417,0.23370,0.05100,0,0.99128,-0.00433,-0.00873,-0.13142,virtual,0,375.51,315.61,375.51,315.61,375.51,315.61,375.51,315.61,375.51,315.61,375.51,315.61,375.51,315.61,375.51,315.61,375.51,315.61,375.51,315.61,375.51,315.61,375.51,315.61,375.51,315.61,375.51,315.61,375.51,315.61,375.51,315.61,375.51,315.61,375.51,315.61,375.51,315.61,375.51,315.61,375.51,315.61,0.00000,0.00000,0.00000,0.00000,0.00000,0.00000,0.00000,0.00000,0.00000,0.00000,0.00000,0.00000,0.00000,0.00000,0.00000,0.00000,0.00000,0.00000,0.00000,0.00000,0.00000,0.00000,0.00000,0.00000,0.00000,0.00000,0.00000,0.00000,0.00000,0.00000,0.00000,0.00000,0.00000,0.00000,0.00000,0.00000,0.00000,0.00000,0.00000,0.00000,0.00000,0.00000,0.00000,0.00000,0.00000,0.00000,0.00000,0.00000,0.00000,0.00000,0.00000,0.00000,0.00000,0.00000,0.00000,0.00000,0.00000,0.00000,0.00000,0.00000,0.00000,0.00000,0.00000,0.00000,0.00000,0.00000,0.00000,0.00000,0.00000,0.00000,0.00000,0.00000,0.00000,0.00000,0.00000,0.00000,0.00000,0.00000,0.00000,0.00000,0.00000,0.00000,0.00000,0.00000
2.1667,1,1,0.00,0.00,33.33,0.05240,0.07137,0.52322,0.52871,0.52871,0.4500,0,1,0.26595,-0.06273,0.01881,0.26577,-0.06252,0.01897,0.13,0.02,0.52871,0.26464,0.32581,-0.01641,1.25902,-0.00000,0.16902,0.26507,0.33280,-0.02527,1.26357,0.00000,-0.17000,23,0.26014,-0.06124,0.02320,0.23370,0.05100,0,0.99082,-0.00451,-0.00899,-0.13480,virtual,0,375.51,315.61,375.51,315.61,375.51,315.61,375.51,315.61,375.51,315.61,375.51,315.61,375.51,315.61,375.51,315.61,375.51,315.61,375.51,315.61,375.51,315.61,375.51,315.61,375.51,315.61,375.51,315.61,375.51,315.61,375.51,315.61,375.51,315.61,375.51,315.61,375.51,315.61,375.51,315.61,375.51,315.61,0.00000,0.00000,0.00000,0.00000,0.00000,0.00000,0.00000,0.00000,0.00000,0.00000,0.00000,0.00000,0.00000,0.00000,0.00000,0.00000,0.00000,0.00000,0.00000,0.00000,0.00000,0.00000,0.00000,0.00000,0.00000,0.00000,0.00000,0.00000,0.00000,0.00000,0.00000,0.00000,0.00000,0.00000,0.00000,0.00000,0.00000,0.00000,0.00000,0.00000,0.00000,0.00000,0.00000,0.00000,0.00000,0.00000,0.00000,0.00000,0.00000,0.00000,0.00000,0.00000,0.00000,0.00000,0.00000,0.00000,0.00000,0.00000,0.00000,0.00000,0.00000,0.00000,0.00000,0.00000,0.00000,0.00000,0.00000,0.00000,0.00000,0.00000,0.00000,0.00000,0.00000,0.00000,0.00000,0.00000,0.00000,0.00000,0.00000,0.00000,0.00000,0.00000,0.00000,0.00000
2.2000,1,1,0.00,0.00,33.33,0.05163,0.07033,0.51558,0.50793,0.50793,0.4500,0,1,0.26978,-0.06197,0.01985,0.25891,-0.05927,0.01160,0.24,0.02,0.50793,0.25876,0.37078,-0.03061,1.29489,-0.00000,0.16881,0.25825,0.35704,-0.07045,1.28380,0.00000,-0.17000,23,0.25371,-0.05824,0.01618,0.23370,0.05100,0,0.99090,-0.00050,0.02322,-0.13258,virtual,0,375.51,315.61,375.51,315.61,375.51,315.61,375.51,315.61,375.51,315.61,375.51,315.61,375.51,315.61,375.51,315.61,375.51,315.61,375.51,315.61,375.51,315.61,375.51,315.61,375.51,315.61,375.51,315.61,375.51,315.61,375.51,315.61,375.51,315.61,375.51,315.61,375.51,315.61,375.51,315.61,375.51,315.61,0.00000,0.00000,0.00000,0.00000,0.00000,0.00000,0.00000,0.00000,0.00000,0.00000,0.00000,0.00000,0.00000,0.00000,0.00000,0.00000,0.00000,0.00000,0.00000,0.00000,0.00000,0.00000,0.00000,0.00000,0.00000,0.00000,0.00000,0.00000,0.00000,0.00000,0.00000,0.00000,0.00000,0.00000,0.00000,0.00000,0.00000,0.00000,0.00000,0.00000,0.00000,0.00000,0.00000,0.00000,0.00000,0.00000,0.00000,0.00000,0.00000,0.00000,0.00000,0.00000,0.00000,0.00000,0.00000,0.00000,0.00000,0.00000,0.00000,0.00000,0.00000,0.00000,0.00000,0.00000,0.00000,0.00000,0.00000,0.00000,0.00000,0.00000,0.00000,0.00000,0.00000,0.00000,0.00000,0.00000,0.00000,0.00000,0.00000,0.00000,0.00000,0.00000,0.00000,0.00000
2.2333,1,1,0.00,0.00,33.33,0.05120,0.06974,0.51127,0.50696,0.50696,0.4500,0,1,0.27193,-0.06154,0.02044,0.26737,-0.05991,0.01533,0.16,0.02,0.50696,0.25225,0.38718,-0.08317,1.29702,-0.00000,0.16847,0.25418,0.37431,-0.10091,1.29711,0.00000,-0.17000,23,0.26197,-0.05900,0.01982,0.23370,0.05100,0,0.99147,-0.00285,0.00542,-0.13017,virtual,0,375.51,315.61,375.51,315.61,375.51,315.61,375.51,315.61,375.51,315.61,375.51,315.61,375.51,315.61,375.51,315.61,375.51,315.61,375.51,315.61,375.51,315.61,375.51,315.61,375.51,315.61,375.51,315.61,375.51,315.61,375.51,315.61,375.51,315.61,375.51,315.61,375.51,315.61,375.51,315.61,375.51,315.61,0.00000,0.00000,0.00000,0.00000,0.00000,0.00000,0.00000,0.00000,0.00000,0.00000,0.00000,0.00000,0.00000,0.00000,0.00000,0.00000,0.00000,0.00000,0.00000,0.00000,0.00000,0.00000,0.00000,0.00000,0.00000,0.00000,0.00000,0.00000,0.00000,0.00000,0.00000,0.00000,0.00000,0.00000,0.00000,0.00000,0.00000,0.00000,0.00000,0.00000,0.00000,0.00000,0.00000,0.00000,0.00000,0.00000,0.00000,0.00000,0.00000,0.00000,0.00000,0.00000,0.00000,0.00000,0.00000,0.00000,0.00000,0.00000,0.00000,0.00000,0.00000,0.00000,0.00000,0.00000,0.00000,0.00000,0.00000,0.00000,0.00000,0.00000,0.00000,0.00000,0.00000,0.00000,0.00000,0.00000,0.00000,0.00000,0.00000,0.00000,0.00000,0.00000,0.00000,0.00000
2.2667,1,1,0.00,0.00,33.33,0.05131,0.06989,0.51230,0.51334,0.51334,0.4500,0,1,0.27141,-0.06164,0.02030,0.27519,-0.06238,0.02384,0.43,0.02,0.51334,0.25403,0.36951,-0.11688,1.29689,-0.00000,0.16836,0.25418,0.37431,-0.10091,1.29711,0.00000,-0.17000,23,0.26940,-0.06127,0.02787,0.23370,0.05100,0,0.99109,-0.00607,-0.01994,-0.13153,virtual,0,375.51,315.61,375.51,315.61,375.51,315.61,375.51,315.61,375.51,315.61,375.51,315.61,375.51,315.61,375.51,315.61,375.51,315.61,375.51,315.61,375.51,315.61,375.51,315.61,375.51,315.61,375.51,315.61,375.51,315.61,375.51,315.61,375.51,315.61,375.51,315.61,375.51,315.61,375.51,315.61,375.51,315.61,0.00000,0.00000,0.00000,0.00000,0.00000,0.00000,0.00000,0.00000,0.00000,0.00000,0.00000,0.00000,0.00000,0.00000,0.00000,0.00000,0.00000,0.00000,0.00000,0.00000,0.00000,0.00000,0.00000,0.00000,0.00000,0.00000,0.00000,0.00000,0.00000,0.00000,0.00000,0.00000,0.00000,0.00000,0.00000,0.00000,0.00000,0.00000,0.00000,0.00000,0.00000,0.00000,0.00000,0.00000,0.00000,0.00000,0.00000,0.00000,0.00000,0.00000,0.00000,0.00000,0.00000,0.00000,0.00000,0.00000,0.00000,0.00000,0.00000,0.00000,0.00000,0.00000,0.00000,0.00000,0.00000,0.00000,0.00000,0.00000,0.00000,0.00000,0.00000,0.00000,0.00000,0.00000,0.00000,0.00000,0.00000,0.00000,0.00000,0.00000,0.00000,0.00000,0.00000,0.00000
2.3000,1,1,0.00,0.00,33.33,0.05130,0.06987,0.51222,0.51214,0.51214,0.4500,0,1,0.27145,-0.06163,0.02031,0.26978,-0.06106,0.01885,0.39,0.02,0.51214,0.25439,0.37541,-0.09099,1.29744,-0.00000,0.16837,0.25418,0.37431,-0.10091,1.29711,0.00000,-0.17000,23,0.26426,-0.06007,0.02317,0.23370,0.05100,0,0.99119,-0.00431,-0.00466,-0.13231,virtual,0,375.51,315.61,375.51,315.61,375.51,315.61,375.51,315.61,375.51,315.61,375.51,315.61,375.51,315.61,375.51,315.61,375.51,315.61,375.51,315.61,375.51,315.61,375.51,315.61,375.51,315.61,375.51,315.61,375.51,315.61,375.51,315.61,375.51,315.61,375.51,315.61,375.51,315.61,375.51,315.61,375.51,315.61,0.00000,0.00000,0.00000,0.00000,0.00000,0.00000,0.00000,0.00000,0.00000,0.00000,0.00000,0.00000,0.00000,0.00000,0.00000,0.00000,0.00000,0.00000,0.00000,0.00000,0.00000,0.00000,0.00000,0.00000,0.00000,0.00000,0.00000,0.00000,0.00000,0.00000,0.00000,0.00000,0.00000,0.00000,0.00000,0.00000,0.00000,0.00000,0.00000,0.00000,0.00000,0.00000,0.00000,0.00000,0.00000,0.00000,0.00000,0.00000,0.00000,0.00000,0.00000,0.00000,0.00000,0.00000,0.00000,0.00000,0.00000,0.00000,0.00000,0.00000,0.00000,0.00000,0.00000,0.00000,0.00000,0.00000,0.00000,0.00000,0.00000,0.00000,0.00000,0.00000,0.00000,0.00000,0.00000,0.00000,0.00000,0.00000,0.00000,0.00000,0.00000,0.00000,0.00000,0.00000
2.3333,1,1,0.00,0.00,33.33,0.05130,0.06987,0.51223,0.51224,0.51224,0.4500,0,1,0.27145,-0.06163,0.02031,0.27219,-0.06162,0.02079,0.40,0.02,0.51224,0.25410,0.37421,-0.10279,1.29680,0.00000,0.16831,0.25418,0.37431,-0.10091,1.29711,0.00000,-0.17000,23,0.26647,-0.06057,0.02495,0.23370,0.05100,0,0.99109,-0.00524,-0.01152,-0.13262,virtual,0,375.51,315.61,375.51,315.61,375.51,315.61,375.51,315.61,375.51,315.61,375.51,315.61,375.51,315.61,375.51,315.61,375.51,315.61,375.51,315.61,375.51,315.61,375.51,315.61,375.51,315.61,375.51,315.61,375.51,315.61,375.51,315.61,375.51,315.61,375.51,315.61,375.51,315.61,375.51,315.61,375.51,315.61,0.00000,0.00000,0.00000,0.00000,0.00000,0.00000,0.00000,0.00000,0.00000,0.00000,0.00000,0.00000,0.00000,0.00000,0.00000,0.00000,0.00000,0.00000,0.00000,0.00000,0.00000,0.00000,0.00000,0.00000,0.00000,0.00000,0.00000,0.00000,0.00000,0.00000,0.00000,0.00000,0.00000,0.00000,0.00000,0.00000,0.00000,0.00000,0.00000,0.00000,0.00000,0.00000,0.00000,0.00000,0.00000,0.00000,0.00000,0.00000,0.00000,0.00000,0.00000,0.00000,0.00000,0.00000,0.00000,0.00000,0.00000,0.00000,0.00000,0.00000,0.00000,0.00000,0.00000,0.00000,0.00000,0.00000,0.00000,0.00000,0.00000,0.00000,0.00000,0.00000,0.00000,0.00000,0.00000,0.00000,0.00000,0.00000,0.00000,0.00000,0.00000,0.00000,0.00000,0.00000
2.3667,1,1,0.00,0.00,33.33,0.05062,0.06896,0.50550,0.49877,0.49877,0.4500,0,1,0.27481,-0.06096,0.02123,0.27263,-0.06049,0.01846,0.21,0.02,0.49877,0.24912,0.41029,-0.14175,1.32047,-0.00000,0.16828,0.24893,0.39625,-0.14025,1.31443,0.00000,-0.17000,23,0.26712,-0.05961,0.02283,0.23370,0.05100,0,0.99139,-0.00416,-0.00190,-0.13084,virtual,0,375.51,315.61,375.51,315.61,375.51,315.61,375.51,315.61,375.51,315.61,375.51,315.61,375.51,315.61,375.51,315.61,375.51,315.61,375.51,315.61,375.51,315.61,375.51,315.61,375.51,315.61,375.51,315.61,375.51,315.61,375.51,315.61,375.51,315.61,375.51,315.61,375.51,315.61,375.51,315.61,375.51,315.61,0.00000,0.00000,0.00000,0.00000,0.00000,0.00000,0.00000,0.00000,0.00000,0.00000,0.00000,0.00000,0.00000,0.00000,0.00000,0.00000,0.00000,0.00000,0.00000,0.00000,0.00000,0.00000,0.00000,0.00000,0.00000,0.00000,0.00000,0.00000,0.00000,0.00000,0.00000,0.00000,0.00000,0.00000,0.00000,0.00000,0.00000,0.00000,0.00000,0.00000,0.00000,0.00000,0.00000,0.00000,0.00000,0.00000,0.00000,0.00000,0.00000,0.00000,0.00000,0.00000,0.00000,0.00000,0.00000,0.00000,0.00000,0.00000,0.00000,0.00000,0.00000,0.00000,0.00000,0.00000,0.00000,0.00000,0.00000,0.00000,0.00000,0.00000,0.00000,0.00000,0.00000,0.00000,0.00000,0.00000,0.00000,0.00000,0.00000,0.00000,0.00000,0.00000,0.00000,0.00000
2.4000,1,1,0.00,0.00,33.33,0.05130,0.06962,0.51197,0.51845,0.51845,0.4500,0,1,0.27158,-0.06163,0.02056,0.27604,-0.06251,0.02085,0.17,0.02,0.51845,0.25366,0.38714,-0.12113,1.28606,-0.00000,0.16822,0.25451,0.37478,-0.10142,1.29781,0.00000,-0.17000,23,0.27020,-0.06143,0.02499,0.23370,0.05100,0,0.99082,-0.00647,-0.02031,-0.13348,virtual,0,375.57,315.14,375.57,315.14,375.57,315.14,375.57,315.14,375.57,315.14,375.57,315.14,375.57,315.14,375.57,315.14,375.57,315.14,375.57,315.14,375.57,315.14,375.57,315.14,375.57,315.14,375.57,315.14,375.57,315.14,375.57,315.14,375.57,315.14,375.57,315.14,375.57,315.14,375.57,315.14,375.57,315.14,0.00000,0.00000,0.00000,0.00000,0.00000,0.00000,0.00000,0.00000,0.00000,0.00000,0.00000,0.00000,0.00000,0.00000,0.00000,0.00000,0.00000,0.00000,0.00000,0.00000,0.00000,0.00000,0.00000,0.00000,0.00000,0.00000,0.00000,0.00000,0.00000,0.00000,0.00000,0.00000,0.00000,0.00000,0.00000,0.00000,0.00000,0.00000,0.00000,0.00000,0.00000,0.00000,0.00000,0.00000,0.00000,0.00000,0.00000,0.00000,0.00000,0.00000,0.00000,0.00000,0.00000,0.00000,0.00000,0.00000,0.00000,0.00000,0.00000,0.00000,0.00000,0.00000,0.00000,0.00000,0.00000,0.00000,0.00000,0.00000,0.00000,0.00000,0.00000,0.00000,0.00000,0.00000,0.00000,0.00000,0.00000,0.00000,0.00000,0.00000,0.00000,0.00000,0.00000,0.00000
2.4333,1,1,0.00,0.00,33.33,0.05245,0.07106,0.52435,0.53673,0.53673,0.4500,0,1,0.26539,-0.06278,0.01913,0.27007,-0.06503,0.02223,0.36,0.04,0.53673,0.27006,0.32475,-0.03696,1.25446,0.00000,0.16822,0.26542,0.32910,-0.02077,1.26323,0.00000,-0.17000,23,0.26423,-0.06387,0.02629,0.23370,0.05100,0,0.98951,-0.00736,-0.02530,-0.14204,virtual,0,375.35,314.86,375.35,314.86,375.35,314.86,375.35,314.86,375.35,314.86,375.35,314.86,375.35,314.86,375.35,314.86,375.35,314.86,375.35,314.86,375.35,314.86,375.35,314.86,375.35,314.86,375.35,314.86,375.35,314.86,375.35,314.86,375.35,314.86,375.35,314.86,375.35,314.86,375.35,314.86,375.35,314.86,0.00000,0.00000,0.00000,0.00000,0.00000,0.00000,0.00000,0.00000,0.00000,0.00000,0.00000,0.00000,0.00000,0.00000,0.00000,0.00000,0.00000,0.00000,0.00000,0.00000,0.00000,0.00000,0.00000,0.00000,0.00000,0.00000,0.00000,0.00000,0.00000,0.00000,0.00000,0.00000,0.00000,0.00000,0.00000,0.00000,0.00000,0.00000,0.00000,0.00000,0.00000,0.00000,0.00000,0.00000,0.00000,0.00000,0.00000,0.00000,0.00000,0.00000,0.00000,0.00000,0.00000,0.00000,0.00000,0.00000,0.00000,0.00000,0.00000,0.00000,0.00000,0.00000,0.00000,0.00000,0.00000,0.00000,0.00000,0.00000,0.00000,0.00000,0.00000,0.00000,0.00000,0.00000,0.00000,0.00000,0.00000,0.00000,0.00000,0.00000,0.00000,0.00000,0.00000,0.00000
2.4667,1,1,0.00,0.00,33.33,0.05288,0.07186,0.53104,0.53772,0.53772,0.4500,0,1,0.26205,-0.06321,0.01833,0.25756,-0.06163,0.01754,0.23,0.02,0.53772,0.27033,0.28329,0.05546,1.24743,0.00000,0.16821,0.27140,0.30341,0.02244,1.24534,0.00000,-0.17000,23,0.25217,-0.06036,0.02180,0.23370,0.05100,0,0.98983,-0.00471,-0.00403,-0.14215,virtual,0,374.95,314.89,374.95,314.89,374.95,314.89,374.95,314.89,374.95,314.89,374.95,314.89,374.95,314.89,374.95,314.89,374.95,314.89,374.95,314.89,374.95,314.89,374.95,314.89,374.95,314.89,374.95,314.89,374.95,314.89,374.95,314.89,374.95,314.89,374.95,314.89,374.95,314.89,374.95,314.89,374.95,314.89,0.00000,0.00000,0.00000,0.00000,0.00000,0.00000,0.00000,0.00000,0.00000,0.00000,0.00000,0.00000,0.00000,0.00000,0.00000,0.00000,0.00000,0.00000,0.00000,0.00000,0.00000,0.00000,0.00000,0.00000,0.00000,0.00000,0.00000,0.00000,0.00000,0.00000,0.00000,0.00000,0.00000,0.00000,0.00000,0.00000,0.00000,0.00000,0.00000,0.00000,0.00000,0.00000,0.00000,0.00000,0.00000,0.00000,0.00000,0.00000,0.00000,0.00000,0.00000,0.00000,0.00000,0.00000,0.00000,0.00000,0.00000,0.00000,0.00000,0.00000,0.00000,0.00000,0.00000,0.00000,0.00000,0.00000,0.00000,0.00000,0.00000,0.00000,0.00000,0.00000,0.00000,0.00000,0.00000,0.00000,0.00000,0.00000,0.00000,0.00000,0.00000,0.00000,0.00000,0.00000
2.5000,1,1,0.00,0.00,33.33,0.05402,0.07316,0.54165,0.55226,0.55226,0.4500,0,1,0.25674,-0.06435,0.01703,0.25433,-0.06427,0.01467,0.32,0.03,0.55226,0.28547,0.26447,0.10546,1.21093,0.00000,0.16791,0.28212,0.26699,0.08597,1.21840,0.00000,-0.17000,23,0.24878,-0.06289,0.01888,0.23370,0.05100,0,0.98863,-0.00521,-0.00704,-0.15013,virtual,0,375.36,314.72,375.36,314.72,375.36,314.72,375.36,314.72,375.36,314.72,375.36,314.72,375.36,314.72,375.36,314.72,375.36,314.72,375.36,314.72,375.36,314.72,375.36,314.72,375.36,314.72,375.36,314.72,375.36,314.72,375.36,314.72,375.36,314.72,375.36,314.72,375.36,314.72,375.36,314.72,375.36,314.72,0.00000,0.00000,0.00000,0.00000,0.00000,0.00000,0.00000,0.00000,0.00000,0.00000,0.00000,0.00000,0.00000,0.00000,0.00000,0.00000,0.00000,0.00000,0.00000,0.00000,0.00000,0.00000,0.00000,0.00000,0.00000,0.00000,0.00000,0.00000,0.00000,0.00000,0.00000,0.00000,0.00000,0.00000,0.00000,0.00000,0.00000,0.00000,0.00000,0.00000,0.00000,0.00000,0.00000,0.00000,0.00000,0.00000,0.00000,0.00000,0.00000,0.00000,0.00000,0.00000,0.00000,0.00000,0.00000,0.00000,0.00000,0.00000,0.00000,0.00000,0.00000,0.00000,0.00000,0.00000,0.00000,0.00000,0.00000,0.00000,0.00000,0.00000,0.00000,0.00000,0.00000,0.00000,0.00000,0.00000,0.00000,0.00000,0.00000,0.00000,0.00000,0.00000,0.00000,0.00000
2.5333,1,1,0.00,0.00,33.33,0.05421,0.07295,0.54273,0.54382,0.54382,0.4500,0,1,0.25620,-0.06454,0.01723,0.25677,-0.06413,0.01688,0.91,0.03,0.54382,0.28189,0.26861,0.08286,1.22258,-0.00000,0.16788,0.28212,0.26699,0.08597,1.21840,0.00000,-0.17000,23,0.25115,-0.06292,0.02098,0.23370,0.05100,0,0.98874,-0.00577,-0.01066,-0.14912,virtual,0,375.45,314.14,375.45,314.14,375.45,314.14,375.45,314.14,375.45,314.14,375.45,314.14,375.45,314.14,375.45,314.14,375.45,314.14,375.45,314.14,375.45,314.14,375.45,314.14,375.45,314.14,375.45,314.14,375.45,314.14,375.45,314.14,375.45,314.14,375.45,314.14,375.45,314.14,375.45,314.14,375.45,314.14,0.00000,0.00000,0.00000,0.00000,0.00000,0.00000,0.00000,0.00000,0.00000,0.00000,0.00000,0.00000,0.00000,0.00000,0.00000,0.00000,0.00000,0.00000,0.00000,0.00000,0.00000,0.00000,0.00000,0.00000,0.00000,0.00000,0.00000,0.00000,0.00000,0.00000,0.00000,0.00000,0.00000,0.00000,0.00000,0.00000,0.00000,0.00000,0.00000,0.00000,0.00000,0.00000,0.00000,0.00000,0.00000,0.00000,0.00000,0.00000,0.00000,0.00000,0.00000,0.00000,0.00000,0.00000,0.00000,0.00000,0.00000,0.00000,0.00000,0.00000,0.00000,0.00000,0.00000,0.00000,0.00000,0.00000,0.00000,0.00000,0.00000,0.00000,0.00000,0.00000,0.00000,0.00000,0.00000,0.00000,0.00000,0.00000,0.00000,0.00000,0.00000,0.00000,0.00000,0.00000
2.5667,1,1,0.00,0.00,33.33,0.05453,0.07302,0.54545,0.54817,0.54817,0.4500,0,1,0.25484,-0.06486,0.01717,0.25467,-0.06459,0.01762,0.20,0.01,0.54817,0.28642,0.24558,0.11048,1.21391,-0.00000,0.16790,0.28709,0.25161,0.10641,1.21295,0.00000,-0.17000,23,0.24918,-0.06320,0.02167,0.23370,0.05100,0,0.98836,-0.00618,-0.01305,-0.15144,virtual,0,375.46,313.90,375.46,313.90,375.46,313.90,375.46,313.90,375.46,313.90,375.46,313.90,375.46,313.90,375.46,313.90,375.46,313.90,375.46,313.90,375.46,313.90,375.46,313.90,375.46,313.90,375.46,313.90,375.46,313.90,375.46,313.90,375.46,313.90,375.46,313.90,375.46,313.90,375.46,313.90,375.46,313.90,0.00000,0.00000,0.00000,0.00000,0.00000,0.00000,0.00000,0.00000,0.00000,0.00000,0.00000,0.00000,0.00000,0.00000,0.00000,0.00000,0.00000,0.00000,0.00000,0.00000,0.00000,0.00000,0.00000,0.00000,0.00000,0.00000,0.00000,0.00000,0.00000,0.00000,0.00000,0.00000,0.00000,0.00000,0.00000,0.00000,0.00000,0.00000,0.00000,0.00000,0.00000,0.00000,0.00000,0.00000,0.00000,0.00000,0.00000,0.00000,0.00000,0.00000,0.00000,0.00000,0.00000,0.00000,0.00000,0.00000,0.00000,0.00000,0.00000,0.00000,0.00000,0.00000,0.00000,0.00000,0.00000,0.00000,0.00000,0.00000,0.00000,0.00000,0.00000,0.00000,0.00000,0.00000,0.00000,0.00000,0.00000,0.00000,0.00000,0.00000,0.00000,0.00000,0.00000,0.00000
2.6000,1,1,0.00,0.00,33.33,0.05564,0.07431,0.55629,0.56712,0.56712,0.4500,0,1,0.24942,-0.06597,0.01587,0.24689,-0.06623,0.01355,0.34,0.03,0.56712,0.30368,0.21385,0.18641,1.18027,0.00000,0.16786,0.29835,0.21635,0.16713,1.18783,0.00000,-0.17000,23,0.24131,-0.06467,0.01764,0.23370,0.05100,0,0.98703,-0.00561,-0.00775,-0.16025,virtual,0,375.46,313.88,375.46,313.88,375.46,313.88,375.46,313.88,375.46,313.88,375.46,313.88,375.46,313.88,375.46,313.88,375.46,313.88,375.46,313.88,375.46,313.88,375.46,313.88,375.46,313.88,375.46,313.88,375.46,313.88,375.46,313.88,375.46,313.88,375.46,313.88,375.46,313.88,375.46,313.88,375.46,313.88,0.00000,0.00000,0.00000,0.00000,0.00000,0.00000,0.00000,0.00000,0.00000,0.00000,0.00000,0.00000,0.00000,0.00000,0.00000,0.00000,0.00000,0.00000,0.00000,0.00000,0.00000,0.00000,0.00000,0.00000,0.00000,0.00000,0.00000,0.00000,0.00000,0.00000,0.00000,0.00000,0.00000,0.00000,0.00000,0.00000,0.00000,0.00000,0.00000,0.00000,0.00000,0.00000,0.00000,0.00000,0.00000,0.00000,0.00000,0.00000,0.00000,0.00000,0.00000,0.00000,0.00000,0.00000,0.00000,0.00000,0.00000,0.00000,0.00000,0.00000,0.00000,0.00000,0.00000,0.00000,0.00000,0.00000,0.00000,0.00000,0.00000,0.00000,0.00000,0.00000,0.00000,0.00000,0.00000,0.00000,0.00000,0.00000,0.00000,0.00000,0.00000,0.00000,0.00000,0.00000
2.6333,1,1,0.00,0.00,33.33,0.05695,0.07565,0.56933,0.58238,0.58238,0.4500,0,1,0.24290,-0.06729,0.01453,0.24175,-0.06739,0.01349,0.45,0.03,0.58238,0.31607,0.16504,0.25553,1.14989,0.00000,0.16787,0.31279,0.17404,0.23727,1.16005,0.00000,-0.17000,23,0.23620,-0.06573,0.01748,0.23370,0.05100,0,0.98592,-0.00647,-0.01264,-0.16664,virtual,0,375.45,313.28,375.45,313.28,375.45,313.28,375.45,313.28,375.45,313.28,375.45,313.28,375.45,313.28,375.45,313.28,375.45,313.28,375.45,313.28,375.45,313.28,375.45,313.28,375.45,313.28,375.45,313.28,375.45,313.28,375.45,313.28,375.45,313.28,375.45,313.28,375.45,313.28,375.45,313.28,375.45,313.28,0.00000,0.00000,0.00000,0.00000,0.00000,0.00000,0.00000,0.00000,0.00000,0.00000,0.00000,0.00000,0.00000,0.00000,0.00000,0.00000,0.00000,0.00000,0.00000,0.00000,0.00000,0.00000,0.00000,0.00000,0.00000,0.00000,0.00000,0.00000,0.00000,0.00000,0.00000,0.00000,0.00000,0.00000,0.00000,0.00000,0.00000,0.00000,0.00000,0.00000,0.00000,0.00000,0.00000,0.00000,0.00000,0.00000,0.00000,0.00000,0.00000,0.00000,0.00000,0.00000,0.00000,0.00000,0.00000,0.00000,0.00000,0.00000,0.00000,0.00000,0.00000,0.00000,0.00000,0.00000,0.00000,0.00000,0.00000,0.00000,0.00000,0.00000,0.00000,0.00000,0.00000,0.00000,0.00000,0.00000,0.00000,0.00000,0.00000,0.00000,0.00000,0.00000,0.00000,0.00000
2.6667,1,1,0.00,0.00,33.33,0.05744,0.07598,0.57462,0.57991,0.57991,0.4500,0,1,0.24025,-0.06777,0.01420,0.23860,-0.06711,0.01244,0.24,0.01,0.57991,0.31945,0.15777,0.27280,1.15115,0.00000,0.16786,0.31953,0.15480,0.26508,1.15114,0.00000,-0.17000,23,0.23324,-0.06536,0.01641,0.23370,0.05100,0,0.98567,-0.00573,-0.00718,-0.16841,virtual,0,375.37,312.93,375.37,312.93,375.37,312.93,375.37,312.93,375.37,312.93,375.37,312.93,375.37,312.93,375.37,312.93,375.37,312.93,375.37,312.93,375.37,312.93,375.37,312.93,375.37,312.93,375.37,312.93,375.37,312.93,375.37,312.93,375.37,312.93,375.37,312.93,375.37,312.93,375.37,312.93,375.37,312.93,0.00000,0.00000,0.00000,0.00000,0.00000,0.00000,0.00000,0.00000,0.00000,0.00000,0.00000,0.00000,0.00000,0.00000,0.00000,0.00000,0.00000,0.00000,0.00000,0.00000,0.00000,0.00000,0.00000,0.00000,0.00000,0.00000,0.00000,0.00000,0.00000,0.00000,0.00000,0.00000,0.00000,0.00000,0.00000,0.00000,0.00000,0.00000,0.00000,0.00000,0.00000,0.00000,0.00000,0.00000,0.00000,0.00000,0.00000,0.00000,0.00000,0.00000,0.00000,0.00000,0.00000,0.00000,0.00000,0.00000,0.00000,0.00000,0.00000,0.00000,0.00000,0.00000,0.00000,0.00000,0.00000,0.00000,0.00000,0.00000,0.00000,0.00000,0.00000,0.00000,0.00000,0.00000,0.00000,0.00000,0.00000,0.00000,0.00000,0.00000,0.00000,0.00000,0.00000,0.00000
2.7000,1,1,0.00,0.00,33.33,0.05900,0.07714,0.58761,0.60059,0.60059,0.4500,0,1,0.23376,-0.06933,0.01304,0.23631,-0.07136,0.01240,0.48,0.03,0.60059,0.34211,0.12893,0.31389,1.12021,0.00000,0.16784,0.33563,0.11524,0.32875,1.12731,0.00000,-0.17000,23,0.23076,-0.06944,0.01627,0.23370,0.05100,0,0.98349,-0.00737,-0.01647,-0.18007,virtual,0,375.88,312.26,375.88,312.26,375.88,312.26,375.88,312.26,375.88,312.26,375.88,312.26,375.88,312.26,375.88,312.26,375.88,312.26,375.88,312.26,375.88,312.26,375.88,312.26,375.88,312.26,375.88,312.26,375.88,312.26,375.88,312.26,375.88,312.26,375.88,312.26,375.88,312.26,375.88,312.26,375.88,312.26,0.00000,0.00000,0.00000,0.00000,0.00000,0.00000,0.00000,0.00000,0.00000,0.00000,0.00000,0.00000,0.00000,0.00000,0.00000,0.00000,0.00000,0.00000,0.00000,0.00000,0.00000,0.00000,0.00000,0.00000,0.00000,0.00000,0.00000,0.00000,0.00000,0.00000,0.00000,0.00000,0.00000,0.00000,0.00000,0.00000,0.00000,0.00000,0.00000,0.00000,0.00000,0.00000,0.00000,0.00000,0.00000,0.00000,0.00000,0.00000,0.00000,0.00000,0.00000,0.00000,0.00000,0.00000,0.00000,0.00000,0.00000,0.00000,0.00000,0.00000,0.00000,0.00000,0.00000,0.00000,0.00000,0.00000,0.00000,0.00000,0.00000,0.00000,0.00000,0.00000,0.00000,0.00000,0.00000,0.00000,0.00000,0.00000,0.00000,0.00000,0.00000,0.00000,0.00000,0.00000
2.7333,1,1,0.00,0.00,33.33,0.05873,0.07636,0.58366,0.57972,0.57972,0.4500,0,1,0.23573,-0.06906,0.01382,0.23175,-0.06688,0.01166,0.06,0.01,0.57972,0.32892,0.12252,0.32578,1.14489,-0.00000,0.16784,0.33278,0.12278,0.31011,1.13776,0.00000,-0.17000,23,0.22643,-0.06515,0.01565,0.23370,0.05100,0,0.98473,-0.00497,-0.00160,-0.17401,virtual,0,375.88,312.26,375.88,312.26,375.88,312.26,375.88,312.26,375.88,312.26,375.88,312.26,375.88,312.26,375.88,312.26,375.88,312.26,375.88,312.26,375.88,312.26,375.88,312.26,375.88,312.26,375.88,312.26,375.88,312.26,375.88,312.26,375.88,312.26,375.88,312.26,375.88,312.26,375.88,312.26,375.88,312.26,0.00000,0.00000,0.00000,0.00000,0.00000,0.00000,0.00000,0.00000,0.00000,0.00000,0.00000,0.00000,0.00000,0.00000,0.00000,0.00000,0.00000,0.00000,0.00000,0.00000,0.00000,0.00000,0.00000,0.00000,0.00000,0.00000,0.00000,0.00000,0.00000,0.00000,0.00000,0.00000,0.00000,0.00000,0.00000,0.00000,0.00000,0.00000,0.00000,0.00000,0.00000,0.00000,0.00000,0.00000,0.00000,0.00000,0.00000,0.00000,0.00000,0.00000,0.00000,0.00000,0.00000,0.00000,0.00000,0.00000,0.00000,0.00000,0.00000,0.00000,0.00000,0.00000,0.00000,0.00000,0.00000,0.00000,0.00000,0.00000,0.00000,0.00000,0.00000,0.00000,0.00000,0.00000,0.00000,0.00000,0.00000,0.00000,0.00000,0.00000,0.00000,0.00000,0.00000,0.00000
2.7667,1,1,0.00,0.00,33.33,0.05897,0.07428,0.58463,0.58559,0.58559,0.4500,0,1,0.23525,-0.06930,0.01590,0.23633,-0.06962,0.01626,0.28,0.00,0.58559,0.33421,0.11457,0.30189,1.14886,0.00000,0.16772,0.33440,0.11529,0.30514,1.15032,0.00000,-0.17000,23,0.23080,-0.06762,0.02018,0.23370,0.05100,0,0.98411,-0.00726,-0.01576,-0.17669,virtual,0,376.04,308.34,376.04,308.34,376.04,308.34,376.04,308.34,376.04,308.34,376.04,308.34,376.04,308.34,376.04,308.34,376.04,308.34,376.04,308.34,376.04,308.34,376.04,308.34,376.04,308.34,376.04,308.34,376.04,308.34,376.04,308.34,376.04,308.34,376.04,308.34,376.04,308.34,376.04,308.34,376.04,308.34,0.00000,0.00000,0.00000,0.00000,0.00000,0.00000,0.00000,0.00000,0.00000,0.00000,0.00000,0.00000,0.00000,0.00000,0.00000,0.00000,0.00000,0.00000,0.00000,0.00000,0.00000,0.00000,0.00000,0.00000,0.00000,0.00000,0.00000,0.00000,0.00000,0.00000,0.00000,0.00000,0.00000,0.00000,0.00000,0.00000,0.00000,0.00000,0.00000,0.00000,0.00000,0.00000,0.00000,0.00000,0.00000,0.00000,0.00000,0.00000,0.00000,0.00000,0.00000,0.00000,0.00000,0.00000,0.00000,0.00000,0.00000,0.00000,0.00000,0.00000,0.00000,0.00000,0.00000,0.00000,0.00000,0.00000,0.00000,0.00000,0.00000,0.00000,0.00000,0.00000,0.00000,0.00000,0.00000,0.00000,0.00000,0.00000,0.00000,0.00000,0.00000,0.00000,0.00000,0.00000
2.8000,1,1,0.00,0.00,33.33,0.05946,0.07161,0.58930,0.59397,0.59397,0.4500,0,1,0.23291,-0.06979,0.01857,0.23288,-0.06976,0.01909,0.55,0.00,0.59397,0.34034,0.08447,0.31842,1.16608,0.00000,0.16772,0.34008,0.09262,0.31541,1.16283,0.00000,-0.17000,23,0.22759,-0.06771,0.02298,0.23370,0.05100,0,0.98357,-0.00712,-0.01420,-0.17983,virtual,0,375.94,304.33,375.94,304.33,375.94,304.33,375.94,304.33,375.94,304.33,375.94,304.33,375.94,304.33,375.94,304.33,375.94,304.33,375.94,304.33,375.94,304.33,375.94,304.33,375.94,304.33,375.94,304.33,375.94,304.33,375.94,304.33,375.94,304.33,375.94,304.33,375.94,304.33,375.94,304.33,375.94,304.33,0.00000,0.00000,0.00000,0.00000,0.00000,0.00000,0.00000,0.00000,0.00000,0.00000,0.00000,0.00000,0.00000,0.00000,0.00000,0.00000,0.00000,0.00000,0.00000,0.00000,0.00000,0.00000,0.00000,0.00000,0.00000,0.00000,0.00000,0.00000,0.00000,0.00000,0.00000,0.00000,0.00000,0.00000,0.00000,0.00000,0.00000,0.00000,0.00000,0.00000,0.00000,0.00000,0.00000,0.00000,0.00000,0.00000,0.00000,0.00000,0.00000,0.00000,0.00000,0.00000,0.00000,0.00000,0.00000,0.00000,0.00000,0.00000,0.00000,0.00000,0.00000,0.00000,0.00000,0.00000,0.00000,0.00000,0.00000,0.00000,0.00000,0.00000,0.00000,0.00000,0.00000,0.00000,0.00000,0.00000,0.00000,0.00000,0.00000,0.00000,0.00000,0.00000,0.00000,0.00000
2.8333,1,1,0.00,0.00,33.33,0.05945,0.06792,0.58943,0.58955,0.58955,0.4500,0,1,0.23285,-0.06979,0.02226,0.23357,-0.07014,0.02296,0.50,0.01,0.58955,0.34100,0.07802,0.29637,1.19351,0.00000,0.16770,0.34051,0.08021,0.30225,1.18822,0.00000,-0.17000,23,0.22805,-0.06813,0.02671,0.23370,0.05100,0,0.98340,-0.00718,-0.01418,-0.18076,virtual,0,375.89,300.39,375.89,300.39,375.89,300.39,375.89,300.39,375.89,300.39,375.89,300.39,375.89,300.39,375.89,300.39,375.89,300.39,375.89,300.39,375.89,300.39,375.89,300.39,375.89,300.39,375.89,300.39,375.89,300.39,375.89,300.39,375.89,300.39,375.89,300.39,375.89,300.39,375.89,300.39,375.89,300.39,0.00000,0.00000,0.00000,0.00000,0.00000,0.00000,0.00000,0.00000,0.00000,0.00000,0.00000,0.00000,0.00000,0.00000,0.00000,0.00000,0.00000,0.00000,0.00000,0.00000,0.00000,0.00000,0.00000,0.00000,0.00000,0.00000,0.00000,0.00000,0.00000,0.00000,0.00000,0.00000,0.00000,0.00000,0.00000,0.00000,0.00000,0.00000,0.00000,0.00000,0.00000,0.00000,0.00000,0.00000,0.00000,0.00000,0.00000,0.00000,0.00000,0.00000,0.00000,0.00000,0.00000,0.00000,0.00000,0.00000,0.00000,0.00000,0.00000,0.00000,0.00000,0.00000,0.00000,0.00000,0.00000,0.00000,0.00000,0.00000,0.00000,0.00000,0.00000,0.00000,0.00000,0.00000,0.00000,0.00000,0.00000,0.00000,0.00000,0.00000,0.00000,0.00000,0.00000,0.00000
2.8667,1,1,0.00,0.00,33.33,0.05975,0.06433,0.59306,0.59670,0.59670,0.4500,0,1,0.23103,-0.07008,0.02585,0.23102,-0.06989,0.02584,0.63,0.00,0.59670,0.34401,0.05448,0.30352,1.21368,0.00000,0.16752,0.34460,0.05814,0.30308,1.20957,0.00000,-0.17000,23,0.22585,-0.06779,0.02964,0.23370,0.05100,0,0.98316,-0.00714,-0.01346,-0.18213,virtual,0,375.78,296.43,375.78,296.43,375.78,296.43,375.78,296.43,375.78,296.43,375.78,296.43,375.78,296.43,375.78,296.43,375.78,296.43,375.78,296.43,375.78,296.43,375.78,296.43,375.78,296.43,375.78,296.43,375.78,296.43,375.78,296.43,375.78,296.43,375.78,296.43,375.78,296.43,375.78,296.43,375.78,296.43,0.00000,0.00000,0.00000,0.00000,0.00000,0.00000,0.00000,0.00000,0.00000,0.00000,0.00000,0.00000,0.00000,0.00000,0.00000,0.00000,0.00000,0.00000,0.00000,0.00000,0.00000,0.00000,0.00000,0.00000,0.00000,0.00000,0.00000,0.00000,0.00000,0.00000,0.00000,0.00000,0.00000,0.00000,0.00000,0.00000,0.00000,0.00000,0.00000,0.00000,0.00000,0.00000,0.00000,0.00000,0.00000,0.00000,0.00000,0.00000,0.00000,0.00000,0.00000,0.00000,0.00000,0.00000,0.00000,0.00000,0.00000,0.00000,0.00000,0.00000,0.00000,0.00000,0.00000,0.00000,0.00000,0.00000,0.00000,0.00000,0.00000,0.00000,0.00000,0.00000,0.00000,0.00000,0.00000,0.00000,0.00000,0.00000,0.00000,0.00000,0.00000,0.00000,0.00000,0.00000
2.9000,1,1,0.00,0.00,33.33,0.06082,0.06133,0.60432,0.61557,0.61557,0.4500,0,1,0.22541,-0.07115,0.02885,0.22476,-0.07195,0.02752,0.96,0.01,0.61557,0.36432,0.01254,0.34241,1.22036,0.00000,0.16748,0.35827,0.01236,0.33874,1.21995,0.00000,-0.17000,23,0.21958,-0.06967,0.03134,0.23370,0.05100,0,0.98123,-0.00711,-0.01200,-0.19232,virtual,0,375.73,292.52,375.73,292.52,375.73,292.52,375.73,292.52,375.73,292.52,375.73,292.52,375.73,292.52,375.73,292.52,375.73,292.52,375.73,292.52,375.73,292.52,375.73,292.52,375.73,292.52,375.73,292.52,375.73,292.52,375.73,292.52,375.73,292.52,375.73,292.52,375.73,292.52,375.73,292.52,375.73,292.52,0.00000,0.00000,0.00000,0.00000,0.00000,0.00000,0.00000,0.00000,0.00000,0.00000,0.00000,0.00000,0.00000,0.00000,0.00000,0.00000,0.00000,0.00000,0.00000,0.00000,0.00000,0.00000,0.00000,0.00000,0.00000,0.00000,0.00000,0.00000,0.00000,0.00000,0.00000,0.00000,0.00000,0.00000,0.00000,0.00000,0.00000,0.00000,0.00000,0.00000,0.00000,0.00000,0.00000,0.00000,0.00000,0.00000,0.00000,0.00000,0.00000,0.00000,0.00000,0.00000,0.00000,0.00000,0.00000,0.00000,0.00000,0.00000,0.00000,0.00000,0.00000,0.00000,0.00000,0.00000,0.00000,0.00000,0.00000,0.00000,0.00000,0.00000,0.00000,0.00000,0.00000,0.00000,0.00000,0.00000,0.00000,0.00000,0.00000,0.00000,0.00000,0.00000,0.00000,0.00000
2.9333,1,1,0.00,0.00,33.33,0.05833,0.05516,0.58047,0.55663,0.55663,0.4500,0,1,0.23733,-0.06867,0.03502,0.22047,-0.06403,0.02640,0.72,0.05,0.55663,0.33384,0.01436,0.34631,1.25688,-0.00000,0.16749,0.32875,0.07081,0.21385,1.28520,0.00000,-0.17000,23,0.21536,-0.06179,0.03040,0.23370,0.05100,0,0.98412,-0.00355,0.00919,-0.17724,virtual,0,375.61,288.78,375.61,288.78,375.61,288.78,375.61,288.78,375.61,288.78,375.61,288.78,375.61,288.78,375.61,288.78,375.61,288.78,375.61,288.78,375.61,288.78,375.61,288.78,375.61,288.78,375.61,288.78,375.61,288.78,375.61,288.78,375.61,288.78,375.61,288.78,375.61,288.78,375.61,288.78,375.61,288.78,0.00000,0.00000,0.00000,0.00000,0.00000,0.00000,0.00000,0.00000,0.00000,0.00000,0.00000,0.00000,0.00000,0.00000,0.00000,0.00000,0.00000,0.00000,0.00000,0.00000,0.00000,0.00000,0.00000,0.00000,0.00000,0.00000,0.00000,0.00000,0.00000,0.00000,0.00000,0.00000,0.00000,0.00000,0.00000,0.00000,0.00000,0.00000,0.00000,0.00000,0.00000,0.00000,0.00000,0.00000,0.00000,0.00000,0.00000,0.00000,0.00000,0.00000,0.00000,0.00000,0.00000,0.00000,0.00000,0.00000,0.00000,0.00000,0.00000,0.00000,0.00000,0.00000,0.00000,0.00000,0.00000,0.00000,0.00000,0.00000,0.00000,0.00000,0.00000,0.00000,0.00000,0.00000,0.00000,0.00000,0.00000,0.00000,0.00000,0.00000,0.00000,0.00000,0.00000,0.00000
2.9667,1,1,0.00,0.00,33.33,0.05905,0.05380,0.58815,0.59582,0.59582,0.4500,0,1,0.23349,-0.06939,0.03638,0.21871,-0.06304,0.02497,0.42,0.01,0.59582,0.33193,0.07334,0.28329,1.31553,0.00000,0.16744,0.33710,0.04908,0.23156,1.29028,0.00000,-0.17000,23,0.21388,-0.06107,0.02932,0.23370,0.05100,0,0.98360,0.00047,0.03520,-0.17691,virtual,0,375.61,288.78,375.61,288.78,375.61,288.78,375.61,288.78,375.61,288.78,375.61,288.78,375.61,288.78,375.61,288.78,375.61,288.78,375.61,288.78,375.61,288.78,375.61,288.78,375.61,288.78,375.61,288.78,375.61,288.78,375.61,288.78,375.61,288.78,375.61,288.78,375.61,288.78,375.61,288.78,375.61,288.78,0.00000,0.00000,0.00000,0.00000,0.00000,0.00000,0.00000,0.00000,0.00000,0.00000,0.00000,0.00000,0.00000,0.00000,0.00000,0.00000,0.00000,0.00000,0.00000,0.00000,0.00000,0.00000,0.00000,0.00000,0.00000,0.00000,0.00000,0.00000,0.00000,0.00000,0.00000,0.00000,0.00000,0.00000,0.00000,0.00000,0.00000,0.00000,0.00000,0.00000,0.00000,0.00000,0.00000,0.00000,0.00000,0.00000,0.00000,0.00000,0.00000,0.00000,0.00000,0.00000,0.00000,0.00000,0.00000,0.00000,0.00000,0.00000,0.00000,0.00000,0.00000,0.00000,0.00000,0.00000,0.00000,0.00000,0.00000,0.00000,0.00000,0.00000,0.00000,0.00000,0.00000,0.00000,0.00000,0.00000,0.00000,0.00000,0.00000,0.00000,0.00000,0.00000,0.00000,0.00000
3.0000,1,1,0.00,0.00,33.33,0.05886,0.05263,0.58645,0.58476,0.58476,0.4500,0,1,0.23434,-0.06919,0.03755,0.23669,-0.06955,0.03748,0.12,0.01,0.58476,0.33334,0.06143,0.20583,1.29725,-0.00000,0.16727,0.33554,0.05035,0.21949,1.30086,0.00000,-0.17000,23,0.23120,-0.06734,0.04110,0.23370,0.05100,0,0.98378,-0.00789,-0.01825,-0.17828,virtual,0,375.61,288.78,375.61,288.78,375.61,288.78,375.61,288.78,375.61,288.78,375.61,288.78,375.61,288.78,375.61,288.78,375.61,288.78,375.61,288.78,375.61,288.78,375.61,288.78,375.61,288.78,375.61,288.78,375.61,288.78,375.61,288.78,375.61,288.78,375.61,288.78,375.61,288.78,375.61,288.78,375.61,288.78,0.00000,0.00000,0.00000,0.00000,0.00000,0.00000,0.00000,0.00000,0.00000,0.00000,0.00000,0.00000,0.00000,0.00000,0.00000,0.00000,0.00000,0.00000,0.00000,0.00000,0.00000,0.00000,0.00000,0.00000,0.00000,0.00000,0.00000,0.00000,0.00000,0.00000,0.00000,0.00000,0.00000,0.00000,0.00000,0.00000,0.00000,0.00000,0.00000,0.00000,0.00000,0.00000,0.00000,0.00000,0.00000,0.00000,0.00000,0.00000,0.00000,0.00000,0.00000,0.00000,0.00000,0.00000,0.00000,0.00000,0.00000,0.00000,0.00000,0.00000,0.00000,0.00000,0.00000,0.00000,0.00000,0.00000,0.00000,0.00000,0.00000,0.00000,0.00000,0.00000,0.00000,0.00000,0.00000,0.00000,0.00000,0.00000,0.00000,0.00000,0.00000,0.00000,0.00000,0.00000
3.0333,1,1,0.00,0.00,33.33,0.05905,0.05023,0.58934,0.59223,0.59223,0.4500,0,1,0.23289,-0.06939,0.03995,0.23515,-0.07052,0.04406,0.37,0.00,0.59223,0.34015,0.01959,0.20980,1.31958,0.00000,0.16746,0.33845,0.03678,0.21973,1.31429,0.00000,-0.17000,23,0.22981,-0.06813,0.04744,0.23370,0.05100,0,0.98302,-0.00916,-0.02576,-0.18148,virtual,0,375.45,284.77,375.45,284.77,375.45,284.77,375.45,284.77,375.45,284.77,375.45,284.77,375.45,284.77,375.45,284.77,375.45,284.77,375.45,284.77,375.45,284.77,375.45,284.77,375.45,284.77,375.45,284.77,375.45,284.77,375.45,284.77,375.45,284.77,375.45,284.77,375.45,284.77,375.45,284.77,375.45,284.77,0.00000,0.00000,0.00000,0.00000,0.00000,0.00000,0.00000,0.00000,0.00000,0.00000,0.00000,0.00000,0.00000,0.00000,0.00000,0.00000,0.00000,0.00000,0.00000,0.00000,0.00000,0.00000,0.00000,0.00000,0.00000,0.00000,0.00000,0.00000,0.00000,0.00000,0.00000,0.00000,0.00000,0.00000,0.00000,0.00000,0.00000,0.00000,0.00000,0.00000,0.00000,0.00000,0.00000,0.00000,0.00000,0.00000,0.00000,0.00000,0.00000,0.00000,0.00000,0.00000,0.00000,0.00000,0.00000,0.00000,0.00000,0.00000,0.00000,0.00000,0.00000,0.00000,0.00000,0.00000,0.00000,0.00000,0.00000,0.00000,0.00000,0.00000,0.00000,0.00000,0.00000,0.00000,0.00000,0.00000,0.00000,0.00000,0.00000,0.00000,0.00000,0.00000,0.00000,0.00000
3.0667,1,1,0.00,0.00,33.33,0.05888,0.04683,0.58971,0.59007,0.59007,0.4500,0,1,0.23271,-0.06921,0.04336,0.23192,-0.06903,0.04230,0.40,0.01,0.59007,0.33857,0.03347,0.20292,1.34349,0.00000,0.16748,0.33816,0.02858,0.20445,1.33765,0.00000,-0.17000,23,0.22651,-0.06672,0.04571,0.23370,0.05100,0,0.98336,-0.00671,-0.01016,-0.18124,virtual,0,375.14,280.78,375.14,280.78,375.14,280.78,375.14,280.78,375.14,280.78,375.14,280.78,375.14,280.78,375.14,280.78,375.14,280.78,375.14,280.78,375.14,280.78,375.14,280.78,375.14,280.78,375.14,280.78,375.14,280.78,375.14,280.78,375.14,280.78,375.14,280.78,375.14,280.78,375.14,280.78,375.14,280.78,0.00000,0.00000,0.00000,0.00000,0.00000,0.00000,0.00000,0.00000,0.00000,0.00000,0.00000,0.00000,0.00000,0.00000,0.00000,0.00000,0.00000,0.00000,0.00000,0.00000,0.00000,0.00000,0.00000,0.00000,0.00000,0.00000,0.00000,0.00000,0.00000,0.00000,0.00000,0.00000,0.00000,0.00000,0.00000,0.00000,0.00000,0.00000,0.00000,0.00000,0.00000,0.00000,0.00000,0.00000,0.00000,0.00000,0.00000,0.00000,0.00000,0.00000,0.00000,0.00000,0.00000,0.00000,0.00000,0.00000,0.00000,0.00000,0.00000,0.00000,0.00000,0.00000,0.00000,0.00000,0.00000,0.00000,0.00000,0.00000,0.00000,0.00000,0.00000,0.00000,0.00000,0.00000,0.00000,0.00000,0.00000,0.00000,0.00000,0.00000,0.00000,0.00000,0.00000,0.00000
3.1000,1,1,0.00,0.00,33.33,0.05892,0.04310,0.59101,0.59231,0.59231,0.4500,0,1,0.23206,-0.06925,0.04708,0.23222,-0.06925,0.04796,0.46,0.01,0.59231,0.33912,0.01292,0.18655,1.36928,0.00000,0.16750,0.33929,0.01800,0.18977,1.36291,0.00000,-0.17000,23,0.22694,-0.06694,0.05119,0.23370,0.05100,0,0.98319,-0.00763,-0.01572,-0.18173,virtual,0,375.17,276.85,375.17,276.85,375.17,276.85,375.17,276.85,375.17,276.85,375.17,276.85,375.17,276.85,375.17,276.85,375.17,276.85,375.17,276.85,375.17,276.85,375.17,276.85,375.17,276.85,375.17,276.85,375.17,276.85,375.17,276.85,375.17,276.85,375.17,276.85,375.17,276.85,375.17,276.85,375.17,276.85,0.00000,0.00000,0.00000,0.00000,0.00000,0.00000,0.00000,0.00000,0.00000,0.00000,0.00000,0.00000,0.00000,0.00000,0.00000,0.00000,0.00000,0.00000,0.00000,0.00000,0.00000,0.00000,0.00000,0.00000,0.00000,0.00000,0.00000,0.00000,0.00000,0.00000,0.00000,0.00000,0.00000,0.00000,0.00000,0.00000,0.00000,0.00000,0.00000,0.00000,0.00000,0.00000,0.00000,0.00000,0.00000,0.00000,0.00000,0.00000,0.00000,0.00000,0.00000,0.00000,0.00000,0.00000,0.00000,0.00000,0.00000,0.00000,0.00000,0.00000,0.00000,0.00000,0.00000,0.00000,0.00000,0.00000,0.00000,0.00000,0.00000,0.00000,0.00000,0.00000,0.00000,0.00000,0.00000,0.00000,0.00000,0.00000,0.00000,0.00000,0.00000,0.00000,0.00000,0.00000
3.1333,1,1,0.00,0.00,33.33,0.05957,0.03953,0.59815,0.60530,0.60530,0.4500,0,1,0.22849,-0.06990,0.05065,0.22668,-0.06966,0.04924,0.70,0.00,0.60530,0.35021,-0.01453,0.20910,1.38726,0.00000,0.16750,0.34764,-0.01178,0.20027,1.38238,0.00000,-0.17000,23,0.22156,-0.06730,0.05248,0.23370,0.05100,0,0.98223,-0.00675,-0.00947,-0.18732,virtual,0,375.14,272.92,375.14,272.92,375.14,272.92,375.14,272.92,375.14,272.92,375.14,272.92,375.14,272.92,375.14,272.92,375.14,272.92,375.14,272.92,375.14,272.92,375.14,272.92,375.14,272.92,375.14,272.92,375.14,272.92,375.14,272.92,375.14,272.92,375.14,272.92,375.14,272.92,375.14,272.92,375.14,272.92,0.00000,0.00000,0.00000,0.00000,0.00000,0.00000,0.00000,0.00000,0.00000,0.00000,0.00000,0.00000,0.00000,0.00000,0.00000,0.00000,0.00000,0.00000,0.00000,0.00000,0.00000,0.00000,0.00000,0.00000,0.00000,0.00000,0.00000,0.00000,0.00000,0.00000,0.00000,0.00000,0.00000,0.00000,0.00000,0.00000,0.00000,0.00000,0.00000,0.00000,0.00000,0.00000,0.00000,0.00000,0.00000,0.00000,0.00000,0.00000,0.00000,0.00000,0.00000,0.00000,0.00000,0.00000,0.00000,0.00000,0.00000,0.00000,0.00000,0.00000,0.00000,0.00000,0.00000,0.00000,0.00000,0.00000,0.00000,0.00000,0.00000,0.00000,0.00000,0.00000,0.00000,0.00000,0.00000,0.00000,0.00000,0.00000,0.00000,0.00000,0.00000,0.00000,0.00000,0.00000
3.1667,1,1,0.00,0.00,33.33,0.05866,0.03506,0.58878,0.57940,0.57940,0.4500,0,1,0.23317,-0.06899,0.05512,0.22713,-0.06598,0.05042,0.30,0.03,0.57940,0.33214,0.01491,0.16291,1.43201,-0.00000,0.16748,0.33683,0.01282,0.13494,1.42254,0.00000,-0.17000,23,0.22199,-0.06385,0.05371,0.23370,0.05100,0,0.98383,-0.00451,0.00469,-0.17898,virtual,0,375.24,269.27,375.24,269.27,375.24,269.27,375.24,269.27,375.24,269.27,375.24,269.27,375.24,269.27,375.24,269.27,375.24,269.27,375.24,269.27,375.24,269.27,375.24,269.27,375.24,269.27,375.24,269.27,375.24,269.27,375.24,269.27,375.24,269.27,375.24,269.27,375.24,269.27,375.24,269.27,375.24,269.27,0.00000,0.00000,0.00000,0.00000,0.00000,0.00000,0.00000,0.00000,0.00000,0.00000,0.00000,0.00000,0.00000,0.00000,0.00000,0.00000,0.00000,0.00000,0.00000,0.00000,0.00000,0.00000,0.00000,0.00000,0.00000,0.00000,0.00000,0.00000,0.00000,0.00000,0.00000,0.00000,0.00000,0.00000,0.00000,0.00000,0.00000,0.00000,0.00000,0.00000,0.00000,0.00000,0.00000,0.00000,0.00000,0.00000,0.00000,0.00000,0.00000,0.00000,0.00000,0.00000,0.00000,0.00000,0.00000,0.00000,0.00000,0.00000,0.00000,0.00000,0.00000,0.00000,0.00000,0.00000,0.00000,0.00000,0.00000,0.00000,0.00000,0.00000,0.00000,0.00000,0.00000,0.00000,0.00000,0.00000,0.00000,0.00000,0.00000,0.00000,0.00000,0.00000,0.00000,0.00000
3.2000,1,1,0.00,0.00,33.33,0.05984,0.03148,0.59609,0.60341,0.60341,0.4500,0,1,0.22952,-0.07017,0.05870,0.22917,-0.07114,0.05361,0.61,0.00,0.60341,0.35286,0.02251,0.13060,1.44169,-0.00000,0.16745,0.34704,-0.01156,0.13936,1.44303,0.00000,-0.17000,23,0.22401,-0.06876,0.05683,0.23370,0.05100,0,0.98190,-0.00584,-0.00354,-0.18926,virtual,0,376.04,265.62,376.04,265.62,376.04,265.62,376.04,265.62,376.04,265.62,376.04,265.62,376.04,265.62,376.04,265.62,376.04,265.62,376.04,265.62,376.04,265.62,376.04,265.62,376.04,265.62,376.04,265.62,376.04,265.62,376.04,265.62,376.04,265.62,376.04,265.62,376.04,265.62,376.04,265.62,376.04,265.62,0.00000,0.00000,0.00000,0.00000,0.00000,0.00000,0.00000,0.00000,0.00000,0.00000,0.00000,0.00000,0.00000,0.00000,0.00000,0.00000,0.00000,0.00000,0.00000,0.00000,0.00000,0.00000,0.00000,0.00000,0.00000,0.00000,0.00000,0.00000,0.00000,0.00000,0.00000,0.00000,0.00000,0.00000,0.00000,0.00000,0.00000,0.00000,0.00000,0.00000,0.00000,0.00000,0.00000,0.00000,0.00000,0.00000,0.00000,0.00000,0.00000,0.00000,0.00000,0.00000,0.00000,0.00000,0.00000,0.00000,0.00000,0.00000,0.00000,0.00000,0.00000,0.00000,0.00000,0.00000,0.00000,0.00000,0.00000,0.00000,0.00000,0.00000,0.00000,0.00000,0.00000,0.00000,0.00000,0.00000,0.00000,0.00000,0.00000,0.00000,0.00000,0.00000,0.00000,0.00000
3.2333,1,1,0.00,0.00,33.33,0.05898,0.02714,0.58715,0.57820,0.57820,0.4500,0,1,0.23399,-0.06931,0.06305,0.23066,-0.06683,0.05736,0.29,0.03,0.57820,0.33042,0.01638,0.11029,1.46648,-0.00000,0.16746,0.33695,0.01481,0.07350,1.48197,0.00000,-0.17000,23,0.22542,-0.06454,0.06048,0.23370,0.05100,0,0.98393,-0.00585,-0.00372,-0.17844,virtual,0,375.71,261.85,375.71,261.85,375.71,261.85,375.71,261.85,375.71,261.85,375.71,261.85,375.71,261.85,375.71,261.85,375.71,261.85,375.71,261.85,375.71,261.85,375.71,261.85,375.71,261.85,375.71,261.85,375.71,261.85,375.71,261.85,375.71,261.85,375.71,261.85,375.71,261.85,375.71,261.85,375.71,261.85,0.00000,0.00000,0.00000,0.00000,0.00000,0.00000,0.00000,0.00000,0.00000,0.00000,0.00000,0.00000,0.00000,0.00000,0.00000,0.00000,0.00000,0.00000,0.00000,0.00000,0.00000,0.00000,0.00000,0.00000,0.00000,0.00000,0.00000,0.00000,0.00000,0.00000,0.00000,0.00000,0.00000,0.00000,0.00000,0.00000,0.00000,0.00000,0.00000,0.00000,0.00000,0.00000,0.00000,0.00000,0.00000,0.00000,0.00000,0.00000,0.00000,0.00000,0.00000,0.00000,0.00000,0.00000,0.00000,0.00000,0.00000,0.00000,0.00000,0.00000,0.00000,0.00000,0.00000,0.00000,0.00000,0.00000,0.00000,0.00000,0.00000,0.00000,0.00000,0.00000,0.00000,0.00000,0.00000,0.00000,0.00000,0.00000,0.00000,0.00000,0.00000,0.00000,0.00000,0.00000
3.2667,1,1,0.00,0.00,33.33,0.05885,0.02293,0.58154,0.57593,0.57593,0.4500,0,1,0.23679,-0.06918,0.06725,0.23076,-0.06725,0.06214,0.25,0.03,0.57593,0.33221,0.05138,0.03034,1.53692,-0.00000,0.16744,0.33177,0.03723,0.01471,1.51838,0.00000,-0.17000,23,0.22571,-0.06511,0.06549,0.23370,0.05100,0,0.98367,-0.00408,0.00816,-0.17976,virtual,0,376.51,258.02,376.51,258.02,376.51,258.02,376.51,258.02,376.51,258.02,376.51,258.02,376.51,258.02,376.51,258.02,376.51,258.02,376.51,258.02,376.51,258.02,376.51,258.02,376.51,258.02,376.51,258.02,376.51,258.02,376.51,258.02,376.51,258.02,376.51,258.02,376.51,258.02,376.51,258.02,376.51,258.02,0.00000,0.00000,0.00000,0.00000,0.00000,0.00000,0.00000,0.00000,0.00000,0.00000,0.00000,0.00000,0.00000,0.00000,0.00000,0.00000,0.00000,0.00000,0.00000,0.00000,0.00000,0.00000,0.00000,0.00000,0.00000,0.00000,0.00000,0.00000,0.00000,0.00000,0.00000,0.00000,0.00000,0.00000,0.00000,0.00000,0.00000,0.00000,0.00000,0.00000,0.00000,0.00000,0.00000,0.00000,0.00000,0.00000,0.00000,0.00000,0.00000,0.00000,0.00000,0.00000,0.00000,0.00000,0.00000,0.00000,0.00000,0.00000,0.00000,0.00000,0.00000,0.00000,0.00000,0.00000,0.00000,0.00000,0.00000,0.00000,0.00000,0.00000,0.00000,0.00000,0.00000,0.00000,0.00000,0.00000,0.00000,0.00000,0.00000,0.00000,0.00000,0.00000,0.00000,0.00000
3.3000,1,1,0.00,0.00,33.33,0.05841,0.02071,0.57507,0.56861,0.56861,0.4500,0,1,0.24003,-0.06875,0.06947,0.24319,-0.06995,0.07180,0.19,0.02,0.56861,0.32526,0.06741,-0.05652,1.54011,0.00000,0.16734,0.32494,0.06287,-0.03488,1.54240,0.00000,-0.17000,23,0.23760,-0.06780,0.07464,0.23370,0.05100,0,0.98385,-0.00910,-0.02510,-0.17700,virtual,0,376.51,258.02,376.51,258.02,376.51,258.02,376.51,258.02,376.51,258.02,376.51,258.02,376.51,258.02,376.51,258.02,376.51,258.02,376.51,258.02,376.51,258.02,376.51,258.02,376.51,258.02,376.51,258.02,376.51,258.02,376.51,258.02,376.51,258.02,376.51,258.02,376.51,258.02,376.51,258.02,376.51,258.02,0.00000,0.00000,0.00000,0.00000,0.00000,0.00000,0.00000,0.00000,0.00000,0.00000,0.00000,0.00000,0.00000,0.00000,0.00000,0.00000,0.00000,0.00000,0.00000,0.00000,0.00000,0.00000,0.00000,0.00000,0.00000,0.00000,0.00000,0.00000,0.00000,0.00000,0.00000,0.00000,0.00000,0.00000,0.00000,0.00000,0.00000,0.00000,0.00000,0.00000,0.00000,0.00000,0.00000,0.00000,0.00000,0.00000,0.00000,0.00000,0.00000,0.00000,0.00000,0.00000,0.00000,0.00000,0.00000,0.00000,0.00000,0.00000,0.00000,0.00000,0.00000,0.00000,0.00000,0.00000,0.00000,0.00000,0.00000,0.00000,0.00000,0.00000,0.00000,0.00000,0.00000,0.00000,0.00000,0.00000,0.00000,0.00000,0.00000,0.00000,0.00000,0.00000,0.00000,0.00000
3.3333,1,1,0.00,0.00,33.33,0.05702,0.01994,0.58153,0.58799,0.58799,0.4500,0,1,0.23680,-0.06736,0.07024,0.24260,-0.06913,0.07683,0.35,0.01,0.58799,0.32254,0.02767,-0.04127,1.54113,0.00000,0.16738,0.32339,0.03601,-0.00598,1.54101,0.00000,-0.17000,23,0.23710,-0.06693,0.07948,0.23370,0.05100,0,0.98372,-0.01075,-0.03641,-0.17564,virtual,0,372.44,258.06,372.44,258.06,372.44,258.06,372.44,258.06,372.44,258.06,372.44,258.06,372.44,258.06,372.44,258.06,372.44,258.06,372.44,258.06,372.44,258.06,372.44,258.06,372.44,258.06,372.44,258.06,372.44,258.06,372.44,258.06,372.44,258.06,372.44,258.06,372.44,258.06,372.44,258.06,372.44,258.06,0.00000,0.00000,0.00000,0.00000,0.00000,0.00000,0.00000,0.00000,0.00000,0.00000,0.00000,0.00000,0.00000,0.00000,0.00000,0.00000,0.00000,0.00000,0.00000,0.00000,0.00000,0.00000,0.00000,0.00000,0.00000,0.00000,0.00000,0.00000,0.00000,0.00000,0.00000,0.00000,0.00000,0.00000,0.00000,0.00000,0.00000,0.00000,0.00000,0.00000,0.00000,0.00000,0.00000,0.00000,0.00000,0.00000,0.00000,0.00000,0.00000,0.00000,0.00000,0.00000,0.00000,0.00000,0.00000,0.00000,0.00000,0.00000,0.00000,0.00000,0.00000,0.00000,0.00000,0.00000,0.00000,0.00000,0.00000,0.00000,0.00000,0.00000,0.00000,0.00000,0.00000,0.00000,0.00000,0.00000,0.00000,0.00000,0.00000,0.00000,0.00000,0.00000,0.00000,0.00000
3.3667,1,1,0.00,0.00,33.33,0.05407,0.01962,0.58357,0.58561,0.58561,0.4500,0,1,0.23578,-0.06441,0.07056,0.23331,-0.06320,0.06796,0.27,0.01,0.58561,0.30940,0.01711,0.03102,1.54028,-0.00000,0.16741,0.31211,0.01797,0.01321,1.53977,0.00000,-0.17000,23,0.22803,-0.06121,0.07074,0.23370,0.05100,0,0.98548,-0.00623,-0.00584,-0.16958,virtual,0,368.39,258.27,368.39,258.27,368.39,258.27,368.39,258.27,368.39,258.27,368.39,258.27,368.39,258.27,368.39,258.27,368.39,258.27,368.39,258.27,368.39,258.27,368.39,258.27,368.39,258.27,368.39,258.27,368.39,258.27,368.39,258.27,368.39,258.27,368.39,258.27,368.39,258.27,368.39,258.27,368.39,258.27,0.00000,0.00000,0.00000,0.00000,0.00000,0.00000,0.00000,0.00000,0.00000,0.00000,0.00000,0.00000,0.00000,0.00000,0.00000,0.00000,0.00000,0.00000,0.00000,0.00000,0.00000,0.00000,0.00000,0.00000,0.00000,0.00000,0.00000,0.00000,0.00000,0.00000,0.00000,0.00000,0.00000,0.00000,0.00000,0.00000,0.00000,0.00000,0.00000,0.00000,0.00000,0.00000,0.00000,0.00000,0.00000,0.00000,0.00000,0.00000,0.00000,0.00000,0.00000,0.00000,0.00000,0.00000,0.00000,0.00000,0.00000,0.00000,0.00000,0.00000,0.00000,0.00000,0.00000,0.00000,0.00000,0.00000,0.00000,0.00000,0.00000,0.00000,0.00000,0.00000,0.00000,0.00000,0.00000,0.00000,0.00000,0.00000,0.00000,0.00000,0.00000,0.00000,0.00000,0.00000
3.4000,1,1,0.00,0.00,33.33,0.04988,0.01918,0.57710,0.57063,0.57063,0.4500,0,1,0.23901,-0.06021,0.07100,0.23300,-0.05742,0.06275,0.29,0.01,0.57063,0.28268,0.04992,0.02750,1.54592,-0.00000,0.16725,0.28866,0.03114,-0.00743,1.54692,0.00000,-0.17000,23,0.22783,-0.05552,0.06578,0.23370,0.05100,0,0.98764,-0.00409,0.01056,-0.15633,virtual,0,364.37,258.20,364.37,258.20,364.37,258.20,364.37,258.20,364.37,258.20,364.37,258.20,364.37,258.20,364.37,258.20,364.37,258.20,364.37,258.20,364.37,258.20,364.37,258.20,364.37,258.20,364.37,258.20,364.37,258.20,364.37,258.20,364.37,258.20,364.37,258.20,364.37,258.20,364.37,258.20,364.37,258.20,0.00000,0.00000,0.00000,0.00000,0.00000,0.00000,0.00000,0.00000,0.00000,0.00000,0.00000,0.00000,0.00000,0.00000,0.00000,0.00000,0.00000,0.00000,0.00000,0.00000,0.00000,0.00000,0.00000,0.00000,0.00000,0.00000,0.00000,0.00000,0.00000,0.00000,0.00000,0.00000,0.00000,0.00000,0.00000,0.00000,0.00000,0.00000,0.00000,0.00000,0.00000,0.00000,0.00000,0.00000,0.00000,0.00000,0.00000,0.00000,0.00000,0.00000,0.00000,0.00000,0.00000,0.00000,0.00000,0.00000,0.00000,0.00000,0.00000,0.00000,0.00000,0.00000,0.00000,0.00000,0.00000,0.00000,0.00000,0.00000,0.00000,0.00000,0.00000,0.00000,0.00000,0.00000,0.00000,0.00000,0.00000,0.00000,0.00000,0.00000,0.00000,0.00000,0.00000,0.00000
3.4333,1,1,0.00,0.00,33.33,0.04605,0.01897,0.57840,0.57971,0.57971,0.4500,0,1,0.23836,-0.05638,0.07121,0.23912,-0.05560,0.07067,0.26,0.01,0.57971,0.26607,0.02476,0.00281,1.54507,0.00000,0.16720,0.27178,0.01850,0.00729,1.54513,0.00000,-0.17000,23,0.23362,-0.05376,0.07343,0.23370,0.05100,0,0.98877,-0.00720,-0.01455,-0.14854,virtual,0,360.37,257.94,360.37,257.94,360.37,257.94,360.37,257.94,360.37,257.94,360.37,257.94,360.37,257.94,360.37,257.94,360.37,257.94,360.37,257.94,360.37,257.94,360.37,257.94,360.37,257.94,360.37,257.94,360.37,257.94,360.37,257.94,360.37,257.94,360.37,257.94,360.37,257.94,360.37,257.94,360.37,257.94,0.00000,0.00000,0.00000,0.00000,0.00000,0.00000,0.00000,0.00000,0.00000,0.00000,0.00000,0.00000,0.00000,0.00000,0.00000,0.00000,0.00000,0.00000,0.00000,0.00000,0.00000,0.00000,0.00000,0.00000,0.00000,0.00000,0.00000,0.00000,0.00000,0.00000,0.00000,0.00000,0.00000,0.00000,0.00000,0.00000,0.00000,0.00000,0.00000,0.00000,0.00000,0.00000,0.00000,0.00000,0.00000,0.00000,0.00000,0.00000,0.00000,0.00000,0.00000,0.00000,0.00000,0.00000,0.00000,0.00000,0.00000,0.00000,0.00000,0.00000,0.00000,0.00000,0.00000,0.00000,0.00000,0.00000,0.00000,0.00000,0.00000,0.00000,0.00000,0.00000,0.00000,0.00000,0.00000,0.00000,0.00000,0.00000,0.00000,0.00000,0.00000,0.00000,0.00000,0.00000
3.4667,1,1,0.00,0.00,33.33,0.04162,0.01867,0.57282,0.56724,0.56724,0.4500,0,1,0.24115,-0.05195,0.07151,0.24172,-0.05092,0.07131,0.30,0.01,0.56724,0.24122,0.03337,-0.01234,1.54929,-0.00000,0.16725,0.24786,0.02991,-0.00976,1.55051,0.00000,-0.17000,23,0.23616,-0.04925,0.07398,0.23370,0.05100,0,0.99048,-0.00716,-0.01581,-0.13657,virtual,0,356.33,257.95,356.33,257.95,356.33,257.95,356.33,257.95,356.33,257.95,356.33,257.95,356.33,257.95,356.33,257.95,356.33,257.95,356.33,257.95,356.33,257.95,356.33,257.95,356.33,257.95,356.33,257.95,356.33,257.95,356.33,257.95,356.33,257.95,356.33,257.95,356.33,257.95,356.33,257.95,356.33,257.95,0.00000,0.00000,0.00000,0.00000,0.00000,0.00000,0.00000,0.00000,0.00000,0.00000,0.00000,0.00000,0.00000,0.00000,0.00000,0.00000,0.00000,0.00000,0.00000,0.00000,0.00000,0.00000,0.00000,0.00000,0.00000,0.00000,0.00000,0.00000,0.00000,0.00000,0.00000,0.00000,0.00000,0.00000,0.00000,0.00000,0.00000,0.00000,0.00000,0.00000,0.00000,0.00000,0.00000,0.00000,0.00000,0.00000,0.00000,0.00000,0.00000,0.00000,0.00000,0.00000,0.00000,0.00000,0.00000,0.00000,0.00000,0.00000,0.00000,0.00000,0.00000,0.00000,0.00000,0.00000,0.00000,0.00000,0.00000,0.00000,0.00000,0.00000,0.00000,0.00000,0.00000,0.00000,0.00000,0.00000,0.00000,0.00000,0.00000,0.00000,0.00000,0.00000,0.00000,0.00000
3.5000,1,1,0.00,0.00,33.33,0.03768,0.01873,0.57592,0.57902,0.57902,0.4500,0,1,0.23960,-0.04801,0.07146,0.23658,-0.04718,0.06803,0.29,0.01,0.57902,0.22940,0.01477,0.03304,1.54642,-0.00000,0.16730,0.23113,0.01084,0.01500,1.54516,0.00000,-0.17000,23,0.23116,-0.04581,0.07087,0.23370,0.05100,0,0.99131,-0.00592,-0.00401,-0.13136,virtual,0,352.29,257.98,352.29,257.98,352.29,257.98,352.29,257.98,352.29,257.98,352.29,257.98,352.29,257.98,352.29,257.98,352.29,257.98,352.29,257.98,352.29,257.98,352.29,257.98,352.29,257.98,352.29,257.98,352.29,257.98,352.29,257.98,352.29,257.98,352.29,257.98,352.29,257.98,352.29,257.98,352.29,257.98,0.00000,0.00000,0.00000,0.00000,0.00000,0.00000,0.00000,0.00000,0.00000,0.00000,0.00000,0.00000,0.00000,0.00000,0.00000,0.00000,0.00000,0.00000,0.00000,0.00000,0.00000,0.00000,0.00000,0.00000,0.00000,0.00000,0.00000,0.00000,0.00000,0.00000,0.00000,0.00000,0.00000,0.00000,0.00000,0.00000,0.00000,0.00000,0.00000,0.00000,0.00000,0.00000,0.00000,0.00000,0.00000,0.00000,0.00000,0.00000,0.00000,0.00000,0.00000,0.00000,0.00000,0.00000,0.00000,0.00000,0.00000,0.00000,0.00000,0.00000,0.00000,0.00000,0.00000,0.00000,0.00000,0.00000,0.00000,0.00000,0.00000,0.00000,0.00000,0.00000,0.00000,0.00000,0.00000,0.00000,0.00000,0.00000,0.00000,0.00000,0.00000,0.00000,0.00000,0.00000
3.5333,1,1,0.00,0.00,33.33,0.03393,0.01891,0.58386,0.59180,0.59180,0.4500,0,1,0.23563,-0.04426,0.07127,0.23459,-0.04363,0.07063,0.47,0.02,0.59180,0.21440,-0.03868,0.07927,1.53303,-0.00001,0.16729,0.21754,-0.02925,0.06580,1.53466,0.00000,-0.17000,23,0.22902,-0.04227,0.07337,0.23370,0.05100,0,0.99214,-0.00686,-0.01455,-0.12409,virtual,0,348.27,257.89,348.27,257.89,348.27,257.89,348.27,257.89,348.27,257.89,348.27,257.89,348.27,257.89,348.27,257.89,348.27,257.89,348.27,257.89,348.27,257.89,348.27,257.89,348.27,257.89,348.27,257.89,348.27,257.89,348.27,257.89,348.27,257.89,348.27,257.89,348.27,257.89,348.27,257.89,348.27,257.89,0.00000,0.00000,0.00000,0.00000,0.00000,0.00000,0.00000,0.00000,0.00000,0.00000,0.00000,0.00000,0.00000,0.00000,0.00000,0.00000,0.00000,0.00000,0.00000,0.00000,0.00000,0.00000,0.00000,0.00000,0.00000,0.00000,0.00000,0.00000,0.00000,0.00000,0.00000,0.00000,0.00000,0.00000,0.00000,0.00000,0.00000,0.00000,0.00000,0.00000,0.00000,0.00000,0.00000,0.00000,0.00000,0.00000,0.00000,0.00000,0.00000,0.00000,0.00000,0.00000,0.00000,0.00000,0.00000,0.00000,0.00000,0.00000,0.00000,0.00000,0.00000,0.00000,0.00000,0.00000,0.00000,0.00000,0.00000,0.00000,0.00000,0.00000,0.00000,0.00000,0.00000,0.00000,0.00000,0.00000,0.00000,0.00000,0.00000,0.00000,0.00000,0.00000,0.00000,0.00000
3.5667,1,1,0.00,0.00,33.33,0.03020,0.01923,0.59430,0.60473,0.60473,0.4500,0,1,0.23041,-0.04053,0.07095,0.22865,-0.04024,0.07052,0.62,0.03,0.60473,0.20385,-0.09673,0.14690,1.52273,0.00000,0.16730,0.20473,-0.07999,0.12801,1.52326,0.00000,-0.17000,23,0.22294,-0.03901,0.07321,0.23370,0.05100,0,0.99273,-0.00683,-0.01443,-0.11931,virtual,0,344.26,257.91,344.26,257.91,344.26,257.91,344.26,257.91,344.26,257.91,344.26,257.91,344.26,257.91,344.26,257.91,344.26,257.91,344.26,257.91,344.26,257.91,344.26,257.91,344.26,257.91,344.26,257.91,344.26,257.91,344.26,257.91,344.26,257.91,344.26,257.91,344.26,257.91,344.26,257.91,344.26,257.91,0.00000,0.00000,0.00000,0.00000,0.00000,0.00000,0.00000,0.00000,0.00000,0.00000,0.00000,0.00000,0.00000,0.00000,0.00000,0.00000,0.00000,0.00000,0.00000,0.00000,0.00000,0.00000,0.00000,0.00000,0.00000,0.00000,0.00000,0.00000,0.00000,0.00000,0.00000,0.00000,0.00000,0.00000,0.00000,0.00000,0.00000,0.00000,0.00000,0.00000,0.00000,0.00000,0.00000,0.00000,0.00000,0.00000,0.00000,0.00000,0.00000,0.00000,0.00000,0.00000,0.00000,0.00000,0.00000,0.00000,0.00000,0.00000,0.00000,0.00000,0.00000,0.00000,0.00000,0.00000,0.00000,0.00000,0.00000,0.00000,0.00000,0.00000,0.00000,0.00000,0.00000,0.00000,0.00000,0.00000,0.00000,0.00000,0.00000,0.00000,0.00000,0.00000,0.00000,0.00000
3.6000,1,1,0.00,0.00,33.33,0.02576,0.01905,0.58841,0.58253,0.58253,0.4500,0,1,0.23336,-0.03609,0.07113,0.22910,-0.03564,0.06616,0.32,0.01,0.58253,0.18009,-0.05856,0.13362,1.52757,-0.00000,0.16726,0.17989,-0.06800,0.10976,1.52890,0.00000,-0.17000,23,0.22358,-0.03443,0.06898,0.23370,0.05100,0,0.99422,-0.00559,0.00003,-0.10721,virtual,0,340.28,257.95,340.28,257.95,340.28,257.95,340.28,257.95,340.28,257.95,340.28,257.95,340.28,257.95,340.28,257.95,340.28,257.95,340.28,257.95,340.28,257.95,340.28,257.95,340.28,257.95,340.28,257.95,340.28,257.95,340.28,257.95,340.28,257.95,340.28,257.95,340.28,257.95,340.28,257.95,340.28,257.95,0.00000,0.00000,0.00000,0.00000,0.00000,0.00000,0.00000,0.00000,0.00000,0.00000,0.00000,0.00000,0.00000,0.00000,0.00000,0.00000,0.00000,0.00000,0.00000,0.00000,0.00000,0.00000,0.00000,0.00000,0.00000,0.00000,0.00000,0.00000,0.00000,0.00000,0.00000,0.00000,0.00000,0.00000,0.00000,0.00000,0.00000,0.00000,0.00000,0.00000,0.00000,0.00000,0.00000,0.00000,0.00000,0.00000,0.00000,0.00000,0.00000,0.00000,0.00000,0.00000,0.00000,0.00000,0.00000,0.00000,0.00000,0.00000,0.00000,0.00000,0.00000,0.00000,0.00000,0.00000,0.00000,0.00000,0.00000,0.00000,0.00000,0.00000,0.00000,0.00000,0.00000,0.00000,0.00000,0.00000,0.00000,0.00000,0.00000,0.00000,0.00000,0.00000,0.00000,0.00000
3.6333,1,1,0.00,0.00,33.33,0.02163,0.01908,0.59210,0.59578,0.59578,0.4500,0,1,0.23152,-0.03197,0.07110,0.23005,-0.02886,0.06565,0.34,0.01,0.59578,0.14472,-0.05787,0.13649,1.52561,0.00000,0.16728,0.16086,-0.08714,0.13293,1.52518,0.00000,-0.17000,23,0.22442,-0.02795,0.06846,0.23370,0.05100,0,0.99592,-0.00556,0.00114,-0.09004,virtual,0,336.29,257.79,336.29,257.79,336.29,257.79,336.29,257.79,336.29,257.79,336.29,257.79,336.29,257.79,336.29,257.79,336.29,257.79,336.29,257.79,336.29,257.79,336.29,257.79,336.29,257.79,336.29,257.79,336.29,257.79,336.29,257.79,336.29,257.79,336.29,257.79,336.29,257.79,336.29,257.79,336.29,257.79,0.00000,0.00000,0.00000,0.00000,0.00000,0.00000,0.00000,0.00000,0.00000,0.00000,0.00000,0.00000,0.00000,0.00000,0.00000,0.00000,0.00000,0.00000,0.00000,0.00000,0.00000,0.00000,0.00000,0.00000,0.00000,0.00000,0.00000,0.00000,0.00000,0.00000,0.00000,0.00000,0.00000,0.00000,0.00000,0.00000,0.00000,0.00000,0.00000,0.00000,0.00000,0.00000,0.00000,0.00000,0.00000,0.00000,0.00000,0.00000,0.00000,0.00000,0.00000,0.00000,0.00000,0.00000,0.00000,0.00000,0.00000,0.00000,0.00000,0.00000,0.00000,0.00000,0.00000,0.00000,0.00000,0.00000,0.00000,0.00000,0.00000,0.00000,0.00000,0.00000,0.00000,0.00000,0.00000,0.00000,0.00000,0.00000,0.00000,0.00000,0.00000,0.00000,0.00000,0.00000
3.6667,1,1,0.00,0.00,33.33,0.01735,0.01889,0.59068,0.58927,0.58927,0.4500,0,1,0.23222,-0.02768,0.07129,0.23269,-0.02826,0.07299,0.29,0.00,0.58927,0.13977,-0.09861,0.13195,1.52651,0.00000,0.16730,0.13864,-0.08839,0.13221,1.52698,0.00000,-0.17000,23,0.22691,-0.02739,0.07544,0.23370,0.05100,0,0.99588,-0.00674,-0.02104,-0.08793,virtual,0,332.29,257.58,332.29,257.58,332.29,257.58,332.29,257.58,332.29,257.58,332.29,257.58,332.29,257.58,332.29,257.58,332.29,257.58,332.29,257.58,332.29,257.58,332.29,257.58,332.29,257.58,332.29,257.58,332.29,257.58,332.29,257.58,332.29,257.58,332.29,257.58,332.29,257.58,332.29,257.58,332.29,257.58,0.00000,0.00000,0.00000,0.00000,0.00000,0.00000,0.00000,0.00000,0.00000,0.00000,0.00000,0.00000,0.00000,0.00000,0.00000,0.00000,0.00000,0.00000,0.00000,0.00000,0.00000,0.00000,0.00000,0.00000,0.00000,0.00000,0.00000,0.00000,0.00000,0.00000,0.00000,0.00000,0.00000,0.00000,0.00000,0.00000,0.00000,0.00000,0.00000,0.00000,0.00000,0.00000,0.00000,0.00000,0.00000,0.00000,0.00000,0.00000,0.00000,0.00000,0.00000,0.00000,0.00000,0.00000,0.00000,0.00000,0.00000,0.00000,0.00000,0.00000,0.00000,0.00000,0.00000,0.00000,0.00000,0.00000,0.00000,0.00000,0.00000,0.00000,0.00000,0.00000,0.00000,0.00000,0.00000,0.00000,0.00000,0.00000,0.00000,0.00000,0.00000,0.00000,0.00000,0.00000
3.7000,1,1,0.00,0.00,33.33,0.01305,0.01880,0.58778,0.58488,0.58488,0.4500,0,1,0.23367,-0.02338,0.07138,0.23323,-0.02226,0.07004,0.30,0.00,0.58488,0.10900,-0.07467,0.12496,1.52823,-0.00000,0.16733,0.11581,-0.08156,0.12338,1.52891,0.00000,-0.17000,23,0.22752,-0.02151,0.07242,0.23370,0.05100,0,0.99728,-0.00605,-0.01144,-0.07259,virtual,0,328.28,257.74,328.28,257.74,328.28,257.74,328.28,257.74,328.28,257.74,328.28,257.74,328.28,257.74,328.28,257.74,328.28,257.74,328.28,257.74,328.28,257.74,328.28,257.74,328.28,257.74,328.28,257.74,328.28,257.74,328.28,257.74,328.28,257.74,328.28,257.74,328.28,257.74,328.28,257.74,328.28,257.74,0.00000,0.00000,0.00000,0.00000,0.00000,0.00000,0.00000,0.00000,0.00000,0.00000,0.00000,0.00000,0.00000,0.00000,0.00000,0.00000,0.00000,0.00000,0.00000,0.00000,0.00000,0.00000,0.00000,0.00000,0.00000,0.00000,0.00000,0.00000,0.00000,0.00000,0.00000,0.00000,0.00000,0.00000,0.00000,0.00000,0.00000,0.00000,0.00000,0.00000,0.00000,0.00000,0.00000,0.00000,0.00000,0.00000,0.00000,0.00000,0.00000,0.00000,0.00000,0.00000,0.00000,0.00000,0.00000,0.00000,0.00000,0.00000,0.00000,0.00000,0.00000,0.00000,0.00000,0.00000,0.00000,0.00000,0.00000,0.00000,0.00000,0.00000,0.00000,0.00000,0.00000,0.00000,0.00000,0.00000,0.00000,0.00000,0.00000,0.00000,0.00000,0.00000,0.00000,0.00000
3.7333,1,1,0.00,0.00,33.33,0.00871,0.01850,0.57803,0.56828,0.56828,0.4500,0,1,0.23855,-0.01904,0.07169,0.23403,-0.01674,0.06628,0.45,0.02,0.56828,0.08057,-0.03194,0.10134,1.53775,-0.00000,0.16732,0.09118,-0.04594,0.07942,1.53698,0.00000,-0.17000,23,0.22857,-0.01622,0.06888,0.23370,0.05100,0,0.99826,-0.00556,0.00209,-0.05861,virtual,0,324.27,257.74,324.27,257.74,324.27,257.74,324.27,257.74,324.27,257.74,324.27,257.74,324.27,257.74,324.27,257.74,324.27,257.74,324.27,257.74,324.27,257.74,324.27,257.74,324.27,257.74,324.27,257.74,324.27,257.74,324.27,257.74,324.27,257.74,324.27,257.74,324.27,257.74,324.27,257.74,324.27,257.74,0.00000,0.00000,0.00000,0.00000,0.00000,0.00000,0.00000,0.00000,0.00000,0.00000,0.00000,0.00000,0.00000,0.00000,0.00000,0.00000,0.00000,0.00000,0.00000,0.00000,0.00000,0.00000,0.00000,0.00000,0.00000,0.00000,0.00000,0.00000,0.00000,0.00000,0.00000,0.00000,0.00000,0.00000,0.00000,0.00000,0.00000,0.00000,0.00000,0.00000,0.00000,0.00000,0.00000,0.00000,0.00000,0.00000,0.00000,0.00000,0.00000,0.00000,0.00000,0.00000,0.00000,0.00000,0.00000,0.00000,0.00000,0.00000,0.00000,0.00000,0.00000,0.00000,0.00000,0.00000,0.00000,0.00000,0.00000,0.00000,0.00000,0.00000,0.00000,0.00000,0.00000,0.00000,0.00000,0.00000,0.00000,0.00000,0.00000,0.00000,0.00000,0.00000,0.00000,0.00000
3.7667,1,1,0.00,0.00,33.33,0.00449,0.01831,0.57560,0.57317,0.57317,0.4500,0,1,0.23976,-0.01482,0.07188,0.24163,-0.01506,0.07388,0.28,0.01,0.57317,0.06933,-0.03694,0.05471,1.53931,-0.00000,0.16727,0.06994,-0.03581,0.06662,1.53989,0.00000,-0.17000,23,0.23587,-0.01464,0.07623,0.23370,0.05100,0,0.99828,-0.00603,-0.02344,-0.05343,virtual,0,320.25,257.52,320.25,257.52,320.25,257.52,320.25,257.52,320.25,257.52,320.25,257.52,320.25,257.52,320.25,257.52,320.25,257.52,320.25,257.52,320.25,257.52,320.25,257.52,320.25,257.52,320.25,257.52,320.25,257.52,320.25,257.52,320.25,257.52,320.25,257.52,320.25,257.52,320.25,257.52,320.25,257.52,0.00000,0.00000,0.00000,0.00000,0.00000,0.00000,0.00000,0.00000,0.00000,0.00000,0.00000,0.00000,0.00000,0.00000,0.00000,0.00000,0.00000,0.00000,0.00000,0.00000,0.00000,0.00000,0.00000,0.00000,0.00000,0.00000,0.00000,0.00000,0.00000,0.00000,0.00000,0.00000,0.00000,0.00000,0.00000,0.00000,0.00000,0.00000,0.00000,0.00000,0.00000,0.00000,0.00000,0.00000,0.00000,0.00000,0.00000,0.00000,0.00000,0.00000,0.00000,0.00000,0.00000,0.00000,0.00000,0.00000,0.00000,0.00000,0.00000,0.00000,0.00000,0.00000,0.00000,0.00000,0.00000,0.00000,0.00000,0.00000,0.00000,0.00000,0.00000,0.00000,0.00000,0.00000,0.00000,0.00000,0.00000,0.00000,0.00000,0.00000,0.00000,0.00000,0.00000,0.00000
3.8000,1,1,0.00,0.00,33.33,0.00024,0.01870,0.58647,0.59734,0.59734,0.4500,0,1,0.23433,-0.01057,0.07148,0.23847,-0.00991,0.07621,0.57,0.03,0.59734,0.04469,-0.09287,0.10407,1.52742,-0.00000,0.16730,0.05079,-0.08114,0.12478,1.52761,0.00000,-0.17000,23,0.23254,-0.00956,0.07834,0.23370,0.05100,0,0.99861,-0.00578,-0.03223,-0.04124,virtual,0,316.28,257.72,316.28,257.72,316.28,257.72,316.28,257.72,316.28,257.72,316.28,257.72,316.28,257.72,316.28,257.72,316.28,257.72,316.28,257.72,316.28,257.72,316.28,257.72,316.28,257.72,316.28,257.72,316.28,257.72,316.28,257.72,316.28,257.72,316.28,257.72,316.28,257.72,316.28,257.72,316.28,257.72,0.00000,0.00000,0.00000,0.00000,0.00000,0.00000,0.00000,0.00000,0.00000,0.00000,0.00000,0.00000,0.00000,0.00000,0.00000,0.00000,0.00000,0.00000,0.00000,0.00000,0.00000,0.00000,0.00000,0.00000,0.00000,0.00000,0.00000,0.00000,0.00000,0.00000,0.00000,0.00000,0.00000,0.00000,0.00000,0.00000,0.00000,0.00000,0.00000,0.00000,0.00000,0.00000,0.00000,0.00000,0.00000,0.00000,0.00000,0.00000,0.00000,0.00000,0.00000,0.00000,0.00000,0.00000,0.00000,0.00000,0.00000,0.00000,0.00000,0.00000,0.00000,0.00000,0.00000,0.00000,0.00000,0.00000,0.00000,0.00000,0.00000,0.00000,0.00000,0.00000,0.00000,0.00000,0.00000,0.00000,0.00000,0.00000,0.00000,0.00000,0.00000,0.00000,0.00000,0.00000
3.8333,1,1,0.00,0.00,33.33,-0.00413,0.01937,0.59984,0.61322,0.61322,0.4500,0,1,0.22764,-0.00620,0.07081,0.22883,-0.00517,0.07109,0.78,0.03,0.61322,0.02204,-0.14571,0.19780,1.51027,-0.00000,0.16732,0.02985,-0.13964,0.19616,1.51482,0.00000,-0.17000,23,0.22302,-0.00499,0.07334,0.23370,0.05100,0,0.99932,-0.00552,-0.02056,-0.03019,virtual,0,312.31,258.11,312.31,258.11,312.31,258.11,312.31,258.11,312.31,258.11,312.31,258.11,312.31,258.11,312.31,258.11,312.31,258.11,312.31,258.11,312.31,258.11,312.31,258.11,312.31,258.11,312.31,258.11,312.31,258.11,312.31,258.11,312.31,258.11,312.31,258.11,312.31,258.11,312.31,258.11,312.31,258.11,0.00000,0.00000,0.00000,0.00000,0.00000,0.00000,0.00000,0.00000,0.00000,0.00000,0.00000,0.00000,0.00000,0.00000,0.00000,0.00000,0.00000,0.00000,0.00000,0.00000,0.00000,0.00000,0.00000,0.00000,0.00000,0.00000,0.00000,0.00000,0.00000,0.00000,0.00000,0.00000,0.00000,0.00000,0.00000,0.00000,0.00000,0.00000,0.00000,0.00000,0.00000,0.00000,0.00000,0.00000,0.00000,0.00000,0.00000,0.00000,0.00000,0.00000,0.00000,0.00000,0.00000,0.00000,0.00000,0.00000,0.00000,0.00000,0.00000,0.00000,0.00000,0.00000,0.00000,0.00000,0.00000,0.00000,0.00000,0.00000,0.00000,0.00000,0.00000,0.00000,0.00000,0.00000,0.00000,0.00000,0.00000,0.00000,0.00000,0.00000,0.00000,0.00000,0.00000,0.00000
3.8667,1,1,0.00,0.00,33.33,-0.00823,0.01928,0.59188,0.58392,0.58392,0.4500,0,1,0.23162,-0.00211,0.07091,0.21951,-0.00131,0.06246,0.37,0.01,0.58392,0.00184,-0.12718,0.23755,1.52217,0.00000,0.16726,0.00699,-0.11320,0.16213,1.52161,0.00000,-0.17000,23,0.21411,-0.00117,0.06507,0.23370,0.05100,0,0.99969,-0.00590,0.01399,-0.01991,virtual,0,308.31,258.21,308.31,258.21,308.31,258.21,308.31,258.21,308.31,258.21,308.31,258.21,308.31,258.21,308.31,258.21,308.31,258.21,308.31,258.21,308.31,258.21,308.31,258.21,308.31,258.21,308.31,258.21,308.31,258.21,308.31,258.21,308.31,258.21,308.31,258.21,308.31,258.21,308.31,258.21,308.31,258.21,0.00000,0.00000,0.00000,0.00000,0.00000,0.00000,0.00000,0.00000,0.00000,0.00000,0.00000,0.00000,0.00000,0.00000,0.00000,0.00000,0.00000,0.00000,0.00000,0.00000,0.00000,0.00000,0.00000,0.00000,0.00000,0.00000,0.00000,0.00000,0.00000,0.00000,0.00000,0.00000,0.00000,0.00000,0.00000,0.00000,0.00000,0.00000,0.00000,0.00000,0.00000,0.00000,0.00000,0.00000,0.00000,0.00000,0.00000,0.00000,0.00000,0.00000,0.00000,0.00000,0.00000,0.00000,0.00000,0.00000,0.00000,0.00000,0.00000,0.00000,0.00000,0.00000,0.00000,0.00000,0.00000,0.00000,0.00000,0.00000,0.00000,0.00000,0.00000,0.00000,0.00000,0.00000,0.00000,0.00000,0.00000,0.00000,0.00000,0.00000,0.00000,0.00000,0.00000,0.00000
3.9000,1,1,0.00,0.00,33.33,-0.01223,0.01887,0.58466,0.57744,0.57744,0.4500,0,1,0.23523,0.00190,0.07131,0.22230,0.00273,0.05723,0.39,0.02,0.57744,-0.02021,-0.05078,0.19004,1.52841,-0.00000,0.16712,-0.01371,-0.08218,0.12405,1.52864,0.00000,-0.17000,23,0.21697,0.00267,0.06016,0.23370,0.05100,0,0.99946,-0.00651,0.03071,-0.00921,virtual,0,304.41,257.72,304.41,257.72,304.41,257.72,304.41,257.72,304.41,257.72,304.41,257.72,304.41,257.72,304.41,257.72,304.41,257.72,304.41,257.72,304.41,257.72,304.41,257.72,304.41,257.72,304.41,257.72,304.41,257.72,304.41,257.72,304.41,257.72,304.41,257.72,304.41,257.72,304.41,257.72,304.41,257.72,0.00000,0.00000,0.00000,0.00000,0.00000,0.00000,0.00000,0.00000,0.00000,0.00000,0.00000,0.00000,0.00000,0.00000,0.00000,0.00000,0.00000,0.00000,0.00000,0.00000,0.00000,0.00000,0.00000,0.00000,0.00000,0.00000,0.00000,0.00000,0.00000,0.00000,0.00000,0.00000,0.00000,0.00000,0.00000,0.00000,0.00000,0.00000,0.00000,0.00000,0.00000,0.00000,0.00000,0.00000,0.00000,0.00000,0.00000,0.00000,0.00000,0.00000,0.00000,0.00000,0.00000,0.00000,0.00000,0.00000,0.00000,0.00000,0.00000,0.00000,0.00000,0.00000,0.00000,0.00000,0.00000,0.00000,0.00000,0.00000,0.00000,0.00000,0.00000,0.00000,0.00000,0.00000,0.00000,0.00000,0.00000,0.00000,0.00000,0.00000,0.00000,0.00000,0.00000,0.00000
3.9333,1,1,0.00,0.00,33.33,-0.01442,0.01887,0.58747,0.59029,0.59029,0.4500,0,1,0.23383,0.00408,0.07131,0.23319,0.00401,0.06552,0.17,0.00,0.59029,-0.02567,-0.04776,0.12566,1.52719,-0.00001,0.16706,-0.02515,-0.09034,0.13438,1.52683,0.00000,-0.17000,23,0.22752,0.00368,0.06816,0.23370,0.05100,0,0.99996,-0.00560,-0.00054,-0.00741,virtual,0,304.41,257.72,304.41,257.72,304.41,257.72,304.41,257.72,304.41,257.72,304.41,257.72,304.41,257.72,304.41,257.72,304.41,257.72,304.41,257.72,304.41,257.72,304.41,257.72,304.41,257.72,304.41,257.72,304.41,257.72,304.41,257.72,304.41,257.72,304.41,257.72,304.41,257.72,304.41,257.72,304.41,257.72,0.00000,0.00000,0.00000,0.00000,0.00000,0.00000,0.00000,0.00000,0.00000,0.00000,0.00000,0.00000,0.00000,0.00000,0.00000,0.00000,0.00000,0.00000,0.00000,0.00000,0.00000,0.00000,0.00000,0.00000,0.00000,0.00000,0.00000,0.00000,0.00000,0.00000,0.00000,0.00000,0.00000,0.00000,0.00000,0.00000,0.00000,0.00000,0.00000,0.00000,0.00000,0.00000,0.00000,0.00000,0.00000,0.00000,0.00000,0.00000,0.00000,0.00000,0.00000,0.00000,0.00000,0.00000,0.00000,0.00000,0.00000,0.00000,0.00000,0.00000,0.00000,0.00000,0.00000,0.00000,0.00000,0.00000,0.00000,0.00000,0.00000,0.00000,0.00000,0.00000,0.00000,0.00000,0.00000,0.00000,0.00000,0.00000,0.00000,0.00000,0.00000,0.00000,0.00000,0.00000
3.9667,1,1,0.00,0.00,33.33,-0.01737,0.01843,0.58103,0.57459,0.57459,0.4500,0,1,0.23705,0.00703,0.07176,0.23981,0.00814,0.07536,0.29,0.01,0.57459,-0.04533,-0.07150,0.08511,1.53255,-0.00001,0.16711,-0.03971,-0.06458,0.10081,1.53432,0.00000,-0.17000,23,0.23388,0.00764,0.07740,0.23370,0.05100,0,0.99955,-0.00442,-0.02946,0.00208,virtual,0,300.40,257.34,300.40,257.34,300.40,257.34,300.40,257.34,300.40,257.34,300.40,257.34,300.40,257.34,300.40,257.34,300.40,257.34,300.40,257.34,300.40,257.34,300.40,257.34,300.40,257.34,300.40,257.34,300.40,257.34,300.40,257.34,300.40,257.34,300.40,257.34,300.40,257.34,300.40,257.34,300.40,257.34,0.00000,0.00000,0.00000,0.00000,0.00000,0.00000,0.00000,0.00000,0.00000,0.00000,0.00000,0.00000,0.00000,0.00000,0.00000,0.00000,0.00000,0.00000,0.00000,0.00000,0.00000,0.00000,0.00000,0.00000,0.00000,0.00000,0.00000,0.00000,0.00000,0.00000,0.00000,0.00000,0.00000,0.00000,0.00000,0.00000,0.00000,0.00000,0.00000,0.00000,0.00000,0.00000,0.00000,0.00000,0.00000,0.00000,0.00000,0.00000,0.00000,0.00000,0.00000,0.00000,0.00000,0.00000,0.00000,0.00000,0.00000,0.00000,0.00000,0.00000,0.00000,0.00000,0.00000,0.00000,0.00000,0.00000,0.00000,0.00000,0.00000,0.00000,0.00000,0.00000,0.00000,0.00000,0.00000,0.00000,0.00000,0.00000,0.00000,0.00000,0.00000,0.00000,0.00000,0.00000
4.0000,1,1,0.00,0.00,33.33,-0.02114,0.01865,0.58427,0.58750,0.58750,0.4500,0,1,0.23543,0.01081,0.07153,0.23326,0.01125,0.06946,0.27,0.01,0.58750,-0.06283,-0.07305,0.12688,1.53152,0.00000,0.16721,-0.05857,-0.07429,0.11440,1.53079,0.00000,-0.17000,23,0.22756,0.01059,0.07155,0.23370,0.05100,0,0.99989,-0.00521,-0.00918,0.01063,virtual,0,296.49,257.80,296.49,257.80,296.49,257.80,296.49,257.80,296.49,257.80,296.49,257.80,296.49,257.80,296.49,257.80,296.49,257.80,296.49,257.80,296.49,257.80,296.49,257.80,296.49,257.80,296.49,257.80,296.49,257.80,296.49,257.80,296.49,257.80,296.49,257.80,296.49,257.80,296.49,257.80,296.49,257.80,0.00000,0.00000,0.00000,0.00000,0.00000,0.00000,0.00000,0.00000,0.00000,0.00000,0.00000,0.00000,0.00000,0.00000,0.00000,0.00000,0.00000,0.00000,0.00000,0.00000,0.00000,0.00000,0.00000,0.00000,0.00000,0.00000,0.00000,0.00000,0.00000,0.00000,0.00000,0.00000,0.00000,0.00000,0.00000,0.00000,0.00000,0.00000,0.00000,0.00000,0.00000,0.00000,0.00000,0.00000,0.00000,0.00000,0.00000,0.00000,0.00000,0.00000,0.00000,0.00000,0.00000,0.00000,0.00000,0.00000,0.00000,0.00000,0.00000,0.00000,0.00000,0.00000,0.00000,0.00000,0.00000,0.00000,0.00000,0.00000,0.00000,0.00000,0.00000,0.00000,0.00000,0.00000,0.00000,0.00000,0.00000,0.00000,0.00000,0.00000,0.00000,0.00000,0.00000,0.00000
4.0333,1,1,0.00,0.00,33.33,-0.02509,0.01869,0.58445,0.58464,0.58464,0.4500,0,1,0.23534,0.01476,0.07150,0.23474,0.01541,0.07099,0.26,0.00,0.58464,-0.08347,-0.07340,0.11682,1.53074,0.00000,0.16720,-0.07864,-0.07375,0.11376,1.53078,0.00000,-0.17000,23,0.22908,0.01470,0.07319,0.23370,0.05100,0,0.99965,-0.00474,-0.01558,0.02100,virtual,0,292.47,257.75,292.47,257.75,292.47,257.75,292.47,257.75,292.47,257.75,292.47,257.75,292.47,257.75,292.47,257.75,292.47,257.75,292.47,257.75,292.47,257.75,292.47,257.75,292.47,257.75,292.47,257.75,292.47,257.75,292.47,257.75,292.47,257.75,292.47,257.75,292.47,257.75,292.47,257.75,292.47,257.75,0.00000,0.00000,0.00000,0.00000,0.00000,0.00000,0.00000,0.00000,0.00000,0.00000,0.00000,0.00000,0.00000,0.00000,0.00000,0.00000,0.00000,0.00000,0.00000,0.00000,0.00000,0.00000,0.00000,0.00000,0.00000,0.00000,0.00000,0.00000,0.00000,0.00000,0.00000,0.00000,0.00000,0.00000,0.00000,0.00000,0.00000,0.00000,0.00000,0.00000,0.00000,0.00000,0.00000,0.00000,0.00000,0.00000,0.00000,0.00000,0.00000,0.00000,0.00000,0.00000,0.00000,0.00000,0.00000,0.00000,0.00000,0.00000,0.00000,0.00000,0.00000,0.00000,0.00000,0.00000,0.00000,0.00000,0.00000,0.00000,0.00000,0.00000,0.00000,0.00000,0.00000,0.00000,0.00000,0.00000,0.00000,0.00000,0.00000,0.00000,0.00000,0.00000,0.00000,0.00000
4.0667,1,1,0.00,0.00,33.33,-0.02919,0.01877,0.58483,0.58520,0.58520,0.4500,0,1,0.23515,0.01886,0.07141,0.23457,0.01987,0.07097,0.27,0.00,0.58520,-0.10616,-0.07170,0.11507,1.53058,0.00000,0.16722,-0.09941,-0.07245,0.11281,1.53043,0.00000,-0.17000,23,0.22888,0.01899,0.07306,0.23370,0.05100,0,0.99935,-0.00460,-0.01546,0.03212,virtual,0,288.47,257.85,288.47,257.85,288.47,257.85,288.47,257.85,288.47,257.85,288.47,257.85,288.47,257.85,288.47,257.85,288.47,257.85,288.47,257.85,288.47,257.85,288.47,257.85,288.47,257.85,288.47,257.85,288.47,257.85,288.47,257.85,288.47,257.85,288.47,257.85,288.47,257.85,288.47,257.85,288.47,257.85,0.00000,0.00000,0.00000,0.00000,0.00000,0.00000,0.00000,0.00000,0.00000,0.00000,0.00000,0.00000,0.00000,0.00000,0.00000,0.00000,0.00000,0.00000,0.00000,0.00000,0.00000,0.00000,0.00000,0.00000,0.00000,0.00000,0.00000,0.00000,0.00000,0.00000,0.00000,0.00000,0.00000,0.00000,0.00000,0.00000,0.00000,0.00000,0.00000,0.00000,0.00000,0.00000,0.00000,0.00000,0.00000,0.00000,0.00000,0.00000,0.00000,0.00000,0.00000,0.00000,0.00000,0.00000,0.00000,0.00000,0.00000,0.00000,0.00000,0.00000,0.00000,0.00000,0.00000,0.00000,0.00000,0.00000,0.00000,0.00000,0.00000,0.00000,0.00000,0.00000,0.00000,0.00000,0.00000,0.00000,0.00000,0.00000,0.00000,0.00000,0.00000,0.00000,0.00000,0.00000
4.1000,1,1,0.00,0.00,33.33,-0.03336,0.01888,0.58519,0.58554,0.58554,0.4500,0,1,0.23497,0.02303,0.07130,0.23468,0.02383,0.07121,0.27,0.00,0.58554,-0.12608,-0.07029,0.11184,1.52997,0.00000,0.16723,-0.12052,-0.07024,0.11103,1.53000,0.00000,-0.17000,23,0.22896,0.02285,0.07322,0.23370,0.05100,0,0.99897,-0.00436,-0.01659,0.04200,virtual,0,284.47,257.97,284.47,257.97,284.47,257.97,284.47,257.97,284.47,257.97,284.47,257.97,284.47,257.97,284.47,257.97,284.47,257.97,284.47,257.97,284.47,257.97,284.47,257.97,284.47,257.97,284.47,257.97,284.47,257.97,284.47,257.97,284.47,257.97,284.47,257.97,284.47,257.97,284.47,257.97,284.47,257.97,0.00000,0.00000,0.00000,0.00000,0.00000,0.00000,0.00000,0.00000,0.00000,0.00000,0.00000,0.00000,0.00000,0.00000,0.00000,0.00000,0.00000,0.00000,0.00000,0.00000,0.00000,0.00000,0.00000,0.00000,0.00000,0.00000,0.00000,0.00000,0.00000,0.00000,0.00000,0.00000,0.00000,0.00000,0.00000,0.00000,0.00000,0.00000,0.00000,0.00000,0.00000,0.00000,0.00000,0.00000,0.00000,0.00000,0.00000,0.00000,0.00000,0.00000,0.00000,0.00000,0.00000,0.00000,0.00000,0.00000,0.00000,0.00000,0.00000,0.00000,0.00000,0.00000,0.00000,0.00000,0.00000,0.00000,0.00000,0.00000,0.00000,0.00000,0.00000,0.00000,0.00000,0.00000,0.00000,0.00000,0.00000,0.00000,0.00000,0.00000,0.00000,0.00000,0.00000,0.00000
4.1333,1,1,0.00,0.00,33.33,-0.03747,0.01898,0.58417,0.58316,0.58316,0.4500,0,1,0.23548,0.02714,0.07120,0.23524,0.02810,0.07086,0.27,0.00,0.58316,-0.14706,-0.05891,0.10124,1.53032,0.00000,0.16726,-0.14088,-0.06183,0.10188,1.53067,0.00000,-0.17000,23,0.22954,0.02695,0.07280,0.23370,0.05100,0,0.99849,-0.00425,-0.01600,0.05230,virtual,0,280.48,258.14,280.48,258.14,280.48,258.14,280.48,258.14,280.48,258.14,280.48,258.14,280.48,258.14,280.48,258.14,280.48,258.14,280.48,258.14,280.48,258.14,280.48,258.14,280.48,258.14,280.48,258.14,280.48,258.14,280.48,258.14,280.48,258.14,280.48,258.14,280.48,258.14,280.48,258.14,280.48,258.14,0.00000,0.00000,0.00000,0.00000,0.00000,0.00000,0.00000,0.00000,0.00000,0.00000,0.00000,0.00000,0.00000,0.00000,0.00000,0.00000,0.00000,0.00000,0.00000,0.00000,0.00000,0.00000,0.00000,0.00000,0.00000,0.00000,0.00000,0.00000,0.00000,0.00000,0.00000,0.00000,0.00000,0.00000,0.00000,0.00000,0.00000,0.00000,0.00000,0.00000,0.00000,0.00000,0.00000,0.00000,0.00000,0.00000,0.00000,0.00000,0.00000,0.00000,0.00000,0.00000,0.00000,0.00000,0.00000,0.00000,0.00000,0.00000,0.00000,0.00000,0.00000,0.00000,0.00000,0.00000,0.00000,0.00000,0.00000,0.00000,0.00000,0.00000,0.00000,0.00000,0.00000,0.00000,0.00000,0.00000,0.00000,0.00000,0.00000,0.00000,0.00000,0.00000,0.00000,0.00000
4.1667,1,1,0.00,0.00,33.33,-0.04140,0.01902,0.58107,0.57797,0.57797,0.4500,0,1,0.23703,0.03107,0.07116,0.23726,0.03137,0.07046,0.29,0.01,0.57797,-0.16167,-0.03548,0.07673,1.53253,-0.00000,0.16716,-0.15943,-0.04412,0.08131,1.53345,0.00000,-0.17000,23,0.23161,0.03010,0.07231,0.23370,0.05100,0,0.99810,-0.00416,-0.01583,0.05938,virtual,0,276.52,258.27,276.52,258.27,276.52,258.27,276.52,258.27,276.52,258.27,276.52,258.27,276.52,258.27,276.52,258.27,276.52,258.27,276.52,258.27,276.52,258.27,276.52,258.27,276.52,258.27,276.52,258.27,276.52,258.27,276.52,258.27,276.52,258.27,276.52,258.27,276.52,258.27,276.52,258.27,276.52,258.27,0.00000,0.00000,0.00000,0.00000,0.00000,0.00000,0.00000,0.00000,0.00000,0.00000,0.00000,0.00000,0.00000,0.00000,0.00000,0.00000,0.00000,0.00000,0.00000,0.00000,0.00000,0.00000,0.00000,0.00000,0.00000,0.00000,0.00000,0.00000,0.00000,0.00000,0.00000,0.00000,0.00000,0.00000,0.00000,0.00000,0.00000,0.00000,0.00000,0.00000,0.00000,0.00000,0.00000,0.00000,0.00000,0.00000,0.00000,0.00000,0.00000,0.00000,0.00000,0.00000,0.00000,0.00000,0.00000,0.00000,0.00000,0.00000,0.00000,0.00000,0.00000,0.00000,0.00000,0.00000,0.00000,0.00000,0.00000,0.00000,0.00000,0.00000,0.00000,0.00000,0.00000,0.00000,0.00000,0.00000,0.00000,0.00000,0.00000,0.00000,0.00000,0.00000,0.00000,0.00000
4.2000,1,1,0.00,0.00,33.33,-0.04576,0.01922,0.58423,0.58738,0.58738,0.4500,0,1,0.23545,0.03543,0.07096,0.23452,0.03610,0.07049,0.29,0.00,0.58738,-0.18733,-0.05056,0.09413,1.53140,0.00000,0.16718,-0.18173,-0.04950,0.08977,1.53058,0.00000,-0.17000,23,0.22894,0.03482,0.07224,0.23370,0.05100,0,0.99726,-0.00407,-0.01485,0.07241,virtual,0,272.70,258.32,272.70,258.32,272.70,258.32,272.70,258.32,272.70,258.32,272.70,258.32,272.70,258.32,272.70,258.32,272.70,258.32,272.70,258.32,272.70,258.32,272.70,258.32,272.70,258.32,272.70,258.32,272.70,258.32,272.70,258.32,272.70,258.32,272.70,258.32,272.70,258.32,272.70,258.32,272.70,258.32,0.00000,0.00000,0.00000,0.00000,0.00000,0.00000,0.00000,0.00000,0.00000,0.00000,0.00000,0.00000,0.00000,0.00000,0.00000,0.00000,0.00000,0.00000,0.00000,0.00000,0.00000,0.00000,0.00000,0.00000,0.00000,0.00000,0.00000,0.00000,0.00000,0.00000,0.00000,0.00000,0.00000,0.00000,0.00000,0.00000,0.00000,0.00000,0.00000,0.00000,0.00000,0.00000,0.00000,0.00000,0.00000,0.00000,0.00000,0.00000,0.00000,0.00000,0.00000,0.00000,0.00000,0.00000,0.00000,0.00000,0.00000,0.00000,0.00000,0.00000,0.00000,0.00000,0.00000,0.00000,0.00000,0.00000,0.00000,0.00000,0.00000,0.00000,0.00000,0.00000,0.00000,0.00000,0.00000,0.00000,0.00000,0.00000,0.00000,0.00000,0.00000,0.00000,0.00000,0.00000
4.2333,1,1,0.00,0.00,33.33,-0.05061,0.01958,0.59194,0.59965,0.59965,0.4500,0,1,0.23160,0.04027,0.07060,0.23015,0.04165,0.06945,0.45,0.01,0.59965,-0.21934,-0.07440,0.12913,1.52312,0.00000,0.16723,-0.20882,-0.07320,0.12079,1.52345,0.00000,-0.17000,23,0.22446,0.04013,0.07117,0.23370,0.05100,0,0.99601,-0.00410,-0.01294,0.08818,virtual,0,268.75,258.44,268.75,258.44,268.75,258.44,268.75,258.44,268.75,258.44,268.75,258.44,268.75,258.44,268.75,258.44,268.75,258.44,268.75,258.44,268.75,258.44,268.75,258.44,268.75,258.44,268.75,258.44,268.75,258.44,268.75,258.44,268.75,258.44,268.75,258.44,268.75,258.44,268.75,258.44,268.75,258.44,0.00000,0.00000,0.00000,0.00000,0.00000,0.00000,0.00000,0.00000,0.00000,0.00000,0.00000,0.00000,0.00000,0.00000,0.00000,0.00000,0.00000,0.00000,0.00000,0.00000,0.00000,0.00000,0.00000,0.00000,0.00000,0.00000,0.00000,0.00000,0.00000,0.00000,0.00000,0.00000,0.00000,0.00000,0.00000,0.00000,0.00000,0.00000,0.00000,0.00000,0.00000,0.00000,0.00000,0.00000,0.00000,0.00000,0.00000,0.00000,0.00000,0.00000,0.00000,0.00000,0.00000,0.00000,0.00000,0.00000,0.00000,0.00000,0.00000,0.00000,0.00000,0.00000,0.00000,0.00000,0.00000,0.00000,0.00000,0.00000,0.00000,0.00000,0.00000,0.00000,0.00000,0.00000,0.00000,0.00000,0.00000,0.00000,0.00000,0.00000,0.00000,0.00000,0.00000,0.00000
4.2667,1,1,0.00,0.00,33.33,-0.05380,0.01923,0.58177,0.57160,0.57160,0.4500,0,1,0.23668,0.04346,0.07095,0.22956,0.04164,0.06740,0.44,0.02,0.57160,-0.21997,-0.04972,0.11434,1.53432,-0.00000,0.16714,-0.22068,-0.02923,0.06525,1.53436,0.00000,-0.17000,23,0.22424,0.04006,0.06922,0.23370,0.05100,0,0.99609,-0.00539,-0.00333,0.08808,virtual,0,264.74,258.31,264.74,258.31,264.74,258.31,264.74,258.31,264.74,258.31,264.74,258.31,264.74,258.31,264.74,258.31,264.74,258.31,264.74,258.31,264.74,258.31,264.74,258.31,264.74,258.31,264.74,258.31,264.74,258.31,264.74,258.31,264.74,258.31,264.74,258.31,264.74,258.31,264.74,258.31,264.74,258.31,0.00000,0.00000,0.00000,0.00000,0.00000,0.00000,0.00000,0.00000,0.00000,0.00000,0.00000,0.00000,0.00000,0.00000,0.00000,0.00000,0.00000,0.00000,0.00000,0.00000,0.00000,0.00000,0.00000,0.00000,0.00000,0.00000,0.00000,0.00000,0.00000,0.00000,0.00000,0.00000,0.00000,0.00000,0.00000,0.00000,0.00000,0.00000,0.00000,0.00000,0.00000,0.00000,0.00000,0.00000,0.00000,0.00000,0.00000,0.00000,0.00000,0.00000,0.00000,0.00000,0.00000,0.00000,0.00000,0.00000,0.00000,0.00000,0.00000,0.00000,0.00000,0.00000,0.00000,0.00000,0.00000,0.00000,0.00000,0.00000,0.00000,0.00000,0.00000,0.00000,0.00000,0.00000,0.00000,0.00000,0.00000,0.00000,0.00000,0.00000,0.00000,0.00000,0.00000,0.00000
4.3000,1,1,0.00,0.00,33.33,-0.05710,0.01851,0.57383,0.56588,0.56588,0.4500,0,1,0.24065,0.04677,0.07167,0.23435,0.04587,0.06352,0.40,0.02,0.56588,-0.23531,0.03987,0.03420,1.55271,-0.00000,0.16709,-0.23204,0.01205,0.01054,1.54778,0.00000,-0.17000,23,0.22907,0.04418,0.06558,0.23370,0.05100,0,0.99534,-0.00723,0.01009,0.09564,virtual,0,260.84,257.42,260.84,257.42,260.84,257.42,260.84,257.42,260.84,257.42,260.84,257.42,260.84,257.42,260.84,257.42,260.84,257.42,260.84,257.42,260.84,257.42,260.84,257.42,260.84,257.42,260.84,257.42,260.84,257.42,260.84,257.42,260.84,257.42,260.84,257.42,260.84,257.42,260.84,257.42,260.84,257.42,0.00000,0.00000,0.00000,0.00000,0.00000,0.00000,0.00000,0.00000,0.00000,0.00000,0.00000,0.00000,0.00000,0.00000,0.00000,0.00000,0.00000,0.00000,0.00000,0.00000,0.00000,0.00000,0.00000,0.00000,0.00000,0.00000,0.00000,0.00000,0.00000,0.00000,0.00000,0.00000,0.00000,0.00000,0.00000,0.00000,0.00000,0.00000,0.00000,0.00000,0.00000,0.00000,0.00000,0.00000,0.00000,0.00000,0.00000,0.00000,0.00000,0.00000,0.00000,0.00000,0.00000,0.00000,0.00000,0.00000,0.00000,0.00000,0.00000,0.00000,0.00000,0.00000,0.00000,0.00000,0.00000,0.00000,0.00000,0.00000,0.00000,0.00000,0.00000,0.00000,0.00000,0.00000,0.00000,0.00000,0.00000,0.00000,0.00000,0.00000,0.00000,0.00000,0.00000,0.00000
4.3333,1,1,0.00,0.00,33.33,-0.05990,0.01848,0.58060,0.58737,0.58737,0.4500,0,1,0.23726,0.04956,0.07170,0.23642,0.05013,0.06334,0.29,0.01,0.58737,-0.25328,0.05060,0.02252,1.54224,-0.00000,0.16718,-0.24840,-0.00612,0.03371,1.54339,0.00000,-0.17000,23,0.23093,0.04828,0.06531,0.23370,0.05100,0,0.99450,-0.00654,0.00472,0.10447,virtual,0,260.84,257.42,260.84,257.42,260.84,257.42,260.84,257.42,260.84,257.42,260.84,257.42,260.84,257.42,260.84,257.42,260.84,257.42,260.84,257.42,260.84,257.42,260.84,257.42,260.84,257.42,260.84,257.42,260.84,257.42,260.84,257.42,260.84,257.42,260.84,257.42,260.84,257.42,260.84,257.42,260.84,257.42,0.00000,0.00000,0.00000,0.00000,0.00000,0.00000,0.00000,0.00000,0.00000,0.00000,0.00000,0.00000,0.00000,0.00000,0.00000,0.00000,0.00000,0.00000,0.00000,0.00000,0.00000,0.00000,0.00000,0.00000,0.00000,0.00000,0.00000,0.00000,0.00000,0.00000,0.00000,0.00000,0.00000,0.00000,0.00000,0.00000,0.00000,0.00000,0.00000,0.00000,0.00000,0.00000,0.00000,0.00000,0.00000,0.00000,0.00000,0.00000,0.00000,0.00000,0.00000,0.00000,0.00000,0.00000,0.00000,0.00000,0.00000,0.00000,0.00000,0.00000,0.00000,0.00000,0.00000,0.00000,0.00000,0.00000,0.00000,0.00000,0.00000,0.00000,0.00000,0.00000,0.00000,0.00000,0.00000,0.00000,0.00000,0.00000,0.00000,0.00000,0.00000,0.00000,0.00000,0.00000
4.3667,1,1,0.00,0.00,33.33,-0.06017,0.02019,0.57338,0.56615,0.56615,0.4500,0,1,0.24088,0.04984,0.06999,0.24115,0.04963,0.07164,0.40,0.01,0.56615,-0.24525,0.01458,0.00905,1.53893,0.00000,0.16723,-0.24665,0.02108,0.01089,1.53864,0.00000,-0.17000,23,0.23559,0.04785,0.07328,0.23370,0.05100,0,0.99473,-0.00275,-0.02101,0.10034,virtual,0,260.82,261.43,260.82,261.43,260.82,261.43,260.82,261.43,260.82,261.43,260.82,261.43,260.82,261.43,260.82,261.43,260.82,261.43,260.82,261.43,260.82,261.43,260.82,261.43,260.82,261.43,260.82,261.43,260.82,261.43,260.82,261.43,260.82,261.43,260.82,261.43,260.82,261.43,260.82,261.43,260.82,261.43,0.00000,0.00000,0.00000,0.00000,0.00000,0.00000,0.00000,0.00000,0.00000,0.00000,0.00000,0.00000,0.00000,0.00000,0.00000,0.00000,0.00000,0.00000,0.00000,0.00000,0.00000,0.00000,0.00000,0.00000,0.00000,0.00000,0.00000,0.00000,0.00000,0.00000,0.00000,0.00000,0.00000,0.00000,0.00000,0.00000,0.00000,0.00000,0.00000,0.00000,0.00000,0.00000,0.00000,0.00000,0.00000,0.00000,0.00000,0.00000,0.00000,0.00000,0.00000,0.00000,0.00000,0.00000,0.00000,0.00000,0.00000,0.00000,0.00000,0.00000,0.00000,0.00000,0.00000,0.00000,0.00000,0.00000,0.00000,0.00000,0.00000,0.00000,0.00000,0.00000,0.00000,0.00000,0.00000,0.00000,0.00000,0.00000,0.00000,0.00000,0.00000,0.00000,0.00000,0.00000
4.4000,1,1,0.00,0.00,33.33,-0.06098,0.02335,0.57605,0.57872,0.57872,0.4500,0,1,0.23954,0.05064,0.06683,0.24271,0.05117,0.06863,0.25,0.02,0.57872,-0.25058,0.01490,0.03218,1.50392,-0.00000,0.16727,-0.25160,0.01377,0.04333,1.51396,0.00000,-0.17000,23,0.23718,0.04926,0.06998,0.23370,0.05100,0,0.99436,-0.00192,-0.02646,0.10264,virtual,0,260.83,265.39,260.83,265.39,260.83,265.39,260.83,265.39,260.83,265.39,260.83,265.39,260.83,265.39,260.83,265.39,260.83,265.39,260.83,265.39,260.83,265.39,260.83,265.39,260.83,265.39,260.83,265.39,260.83,265.39,260.83,265.39,260.83,265.39,260.83,265.39,260.83,265.39,260.83,265.39,260.83,265.39,0.00000,0.00000,0.00000,0.00000,0.00000,0.00000,0.00000,0.00000,0.00000,0.00000,0.00000,0.00000,0.00000,0.00000,0.00000,0.00000,0.00000,0.00000,0.00000,0.00000,0.00000,0.00000,0.00000,0.00000,0.00000,0.00000,0.00000,0.00000,0.00000,0.00000,0.00000,0.00000,0.00000,0.00000,0.00000,0.00000,0.00000,0.00000,0.00000,0.00000,0.00000,0.00000,0.00000,0.00000,0.00000,0.00000,0.00000,0.00000,0.00000,0.00000,0.00000,0.00000,0.00000,0.00000,0.00000,0.00000,0.00000,0.00000,0.00000,0.00000,0.00000,0.00000,0.00000,0.00000,0.00000,0.00000,0.00000,0.00000,0.00000,0.00000,0.00000,0.00000,0.00000,0.00000,0.00000,0.00000,0.00000,0.00000,0.00000,0.00000,0.00000,0.00000,0.00000,0.00000
4.4333,1,1,0.00,0.00,33.33,-0.06152,0.02707,0.57945,0.58284,0.58284,0.4500,0,1,0.23784,0.05118,0.06311,0.23620,0.05098,0.06134,0.27,0.02,0.58284,-0.25758,-0.00068,0.10253,1.47641,-0.00000,0.16729,-0.25620,0.00158,0.08562,1.48394,0.00000,-0.17000,23,0.23079,0.04900,0.06284,0.23370,0.05100,0,0.99427,-0.00389,-0.01296,0.10600,virtual,0,260.99,269.29,260.99,269.29,260.99,269.29,260.99,269.29,260.99,269.29,260.99,269.29,260.99,269.29,260.99,269.29,260.99,269.29,260.99,269.29,260.99,269.29,260.99,269.29,260.99,269.29,260.99,269.29,260.99,269.29,260.99,269.29,260.99,269.29,260.99,269.29,260.99,269.29,260.99,269.29,260.99,269.29,0.00000,0.00000,0.00000,0.00000,0.00000,0.00000,0.00000,0.00000,0.00000,0.00000,0.00000,0.00000,0.00000,0.00000,0.00000,0.00000,0.00000,0.00000,0.00000,0.00000,0.00000,0.00000,0.00000,0.00000,0.00000,0.00000,0.00000,0.00000,0.00000,0.00000,0.00000,0.00000,0.00000,0.00000,0.00000,0.00000,0.00000,0.00000,0.00000,0.00000,0.00000,0.00000,0.00000,0.00000,0.00000,0.00000,0.00000,0.00000,0.00000,0.00000,0.00000,0.00000,0.00000,0.00000,0.00000,0.00000,0.00000,0.00000,0.00000,0.00000,0.00000,0.00000,0.00000,0.00000,0.00000,0.00000,0.00000,0.00000,0.00000,0.00000,0.00000,0.00000,0.00000,0.00000,0.00000,0.00000,0.00000,0.00000,0.00000,0.00000,0.00000,0.00000,0.00000,0.00000
4.4667,1,1,0.00,0.00,33.33,-0.06138,0.03082,0.57757,0.57570,0.57570,0.4500,0,1,0.23878,0.05105,0.05936,0.23867,0.05115,0.05830,0.46,0.01,0.57570,-0.25532,0.01721,0.10368,1.45350,0.00000,0.16719,-0.25481,0.00951,0.10286,1.45856,0.00000,-0.17000,23,0.23324,0.04929,0.05993,0.23370,0.05100,0,0.99434,-0.00352,-0.01553,0.10507,virtual,0,261.03,273.28,261.03,273.28,261.03,273.28,261.03,273.28,261.03,273.28,261.03,273.28,261.03,273.28,261.03,273.28,261.03,273.28,261.03,273.28,261.03,273.28,261.03,273.28,261.03,273.28,261.03,273.28,261.03,273.28,261.03,273.28,261.03,273.28,261.03,273.28,261.03,273.28,261.03,273.28,261.03,273.28,0.00000,0.00000,0.00000,0.00000,0.00000,0.00000,0.00000,0.00000,0.00000,0.00000,0.00000,0.00000,0.00000,0.00000,0.00000,0.00000,0.00000,0.00000,0.00000,0.00000,0.00000,0.00000,0.00000,0.00000,0.00000,0.00000,0.00000,0.00000,0.00000,0.00000,0.00000,0.00000,0.00000,0.00000,0.00000,0.00000,0.00000,0.00000,0.00000,0.00000,0.00000,0.00000,0.00000,0.00000,0.00000,0.00000,0.00000,0.00000,0.00000,0.00000,0.00000,0.00000,0.00000,0.00000,0.00000,0.00000,0.00000,0.00000,0.00000,0.00000,0.00000,0.00000,0.00000,0.00000,0.00000,0.00000,0.00000,0.00000,0.00000,0.00000,0.00000,0.00000,0.00000,0.00000,0.00000,0.00000,0.00000,0.00000,0.00000,0.00000,0.00000,0.00000,0.00000,0.00000
4.5000,1,1,0.00,0.00,33.33,-0.06178,0.03506,0.58151,0.58545,0.58545,0.4500,0,1,0.23681,0.05144,0.05512,0.24014,0.05211,0.05845,0.35,0.02,0.58545,-0.25801,-0.00907,0.13737,1.41655,-0.00000,0.16721,-0.25875,-0.00156,0.14827,1.42444,0.00000,-0.17000,23,0.23463,0.04999,0.05981,0.23370,0.05100,0,0.99394,-0.00131,-0.03007,0.10568,virtual,0,261.14,277.20,261.14,277.20,261.14,277.20,261.14,277.20,261.14,277.20,261.14,277.20,261.14,277.20,261.14,277.20,261.14,277.20,261.14,277.20,261.14,277.20,261.14,277.20,261.14,277.20,261.14,277.20,261.14,277.20,261.14,277.20,261.14,277.20,261.14,277.20,261.14,277.20,261.14,277.20,261.14,277.20,0.00000,0.00000,0.00000,0.00000,0.00000,0.00000,0.00000,0.00000,0.00000,0.00000,0.00000,0.00000,0.00000,0.00000,0.00000,0.00000,0.00000,0.00000,0.00000,0.00000,0.00000,0.00000,0.00000,0.00000,0.00000,0.00000,0.00000,0.00000,0.00000,0.00000,0.00000,0.00000,0.00000,0.00000,0.00000,0.00000,0.00000,0.00000,0.00000,0.00000,0.00000,0.00000,0.00000,0.00000,0.00000,0.00000,0.00000,0.00000,0.00000,0.00000,0.00000,0.00000,0.00000,0.00000,0.00000,0.00000,0.00000,0.00000,0.00000,0.00000,0.00000,0.00000,0.00000,0.00000,0.00000,0.00000,0.00000,0.00000,0.00000,0.00000,0.00000,0.00000,0.00000,0.00000,0.00000,0.00000,0.00000,0.00000,0.00000,0.00000,0.00000,0.00000,0.00000,0.00000
4.5333,1,1,0.00,0.00,33.33,-0.06152,0.03899,0.58037,0.57922,0.57922,0.4500,0,1,0.23738,0.05119,0.05119,0.23363,0.05025,0.04648,0.49,0.01,0.57922,-0.25733,0.01466,0.19356,1.38713,-0.00000,0.16724,-0.25720,0.00545,0.16846,1.39704,0.00000,-0.17000,23,0.22826,0.04825,0.04805,0.23370,0.05100,0,0.99437,-0.00516,-0.00497,0.10570,virtual,0,261.37,281.08,261.37,281.08,261.37,281.08,261.37,281.08,261.37,281.08,261.37,281.08,261.37,281.08,261.37,281.08,261.37,281.08,261.37,281.08,261.37,281.08,261.37,281.08,261.37,281.08,261.37,281.08,261.37,281.08,261.37,281.08,261.37,281.08,261.37,281.08,261.37,281.08,261.37,281.08,261.37,281.08,0.00000,0.00000,0.00000,0.00000,0.00000,0.00000,0.00000,0.00000,0.00000,0.00000,0.00000,0.00000,0.00000,0.00000,0.00000,0.00000,0.00000,0.00000,0.00000,0.00000,0.00000,0.00000,0.00000,0.00000,0.00000,0.00000,0.00000,0.00000,0.00000,0.00000,0.00000,0.00000,0.00000,0.00000,0.00000,0.00000,0.00000,0.00000,0.00000,0.00000,0.00000,0.00000,0.00000,0.00000,0.00000,0.00000,0.00000,0.00000,0.00000,0.00000,0.00000,0.00000,0.00000,0.00000,0.00000,0.00000,0.00000,0.00000,0.00000,0.00000,0.00000,0.00000,0.00000,0.00000,0.00000,0.00000,0.00000,0.00000,0.00000,0.00000,0.00000,0.00000,0.00000,0.00000,0.00000,0.00000,0.00000,0.00000,0.00000,0.00000,0.00000,0.00000,0.00000,0.00000
4.5667,1,1,0.00,0.00,33.33,-0.06206,0.04353,0.58561,0.59085,0.59085,0.4500,0,1,0.23476,0.05173,0.04666,0.23175,0.05067,0.04350,0.37,0.02,0.59085,-0.26178,-0.00679,0.24263,1.35086,-0.00000,0.16721,-0.26260,-0.00771,0.21888,1.36002,0.00000,-0.17000,23,0.22642,0.04857,0.04514,0.23370,0.05100,0,0.99414,-0.00437,-0.00990,0.10756,virtual,0,261.27,285.08,261.27,285.08,261.27,285.08,261.27,285.08,261.27,285.08,261.27,285.08,261.27,285.08,261.27,285.08,261.27,285.08,261.27,285.08,261.27,285.08,261.27,285.08,261.27,285.08,261.27,285.08,261.27,285.08,261.27,285.08,261.27,285.08,261.27,285.08,261.27,285.08,261.27,285.08,261.27,285.08,0.00000,0.00000,0.00000,0.00000,0.00000,0.00000,0.00000,0.00000,0.00000,0.00000,0.00000,0.00000,0.00000,0.00000,0.00000,0.00000,0.00000,0.00000,0.00000,0.00000,0.00000,0.00000,0.00000,0.00000,0.00000,0.00000,0.00000,0.00000,0.00000,0.00000,0.00000,0.00000,0.00000,0.00000,0.00000,0.00000,0.00000,0.00000,0.00000,0.00000,0.00000,0.00000,0.00000,0.00000,0.00000,0.00000,0.00000,0.00000,0.00000,0.00000,0.00000,0.00000,0.00000,0.00000,0.00000,0.00000,0.00000,0.00000,0.00000,0.00000,0.00000,0.00000,0.00000,0.00000,0.00000,0.00000,0.00000,0.00000,0.00000,0.00000,0.00000,0.00000,0.00000,0.00000,0.00000,0.00000,0.00000,0.00000,0.00000,0.00000,0.00000,0.00000,0.00000,0.00000
4.6000,1,1,0.00,0.00,33.33,-0.06181,0.04746,0.58279,0.57998,0.57998,0.4500,0,1,0.23617,0.05148,0.04272,0.23694,0.05182,0.04315,0.59,0.00,0.57998,-0.26064,0.01230,0.22369,1.33084,0.00000,0.16722,-0.26014,0.00741,0.22921,1.33426,0.00000,-0.17000,23,0.23141,0.04979,0.04451,0.23370,0.05100,0,0.99405,-0.00294,-0.01916,0.10715,virtual,0,261.17,289.12,261.17,289.12,261.17,289.12,261.17,289.12,261.17,289.12,261.17,289.12,261.17,289.12,261.17,289.12,261.17,289.12,261.17,289.12,261.17,289.12,261.17,289.12,261.17,289.12,261.17,289.12,261.17,289.12,261.17,289.12,261.17,289.12,261.17,289.12,261.17,289.12,261.17,289.12,261.17,289.12,0.00000,0.00000,0.00000,0.00000,0.00000,0.00000,0.00000,0.00000,0.00000,0.00000,0.00000,0.00000,0.00000,0.00000,0.00000,0.00000,0.00000,0.00000,0.00000,0.00000,0.00000,0.00000,0.00000,0.00000,0.00000,0.00000,0.00000,0.00000,0.00000,0.00000,0.00000,0.00000,0.00000,0.00000,0.00000,0.00000,0.00000,0.00000,0.00000,0.00000,0.00000,0.00000,0.00000,0.00000,0.00000,0.00000,0.00000,0.00000,0.00000,0.00000,0.00000,0.00000,0.00000,0.00000,0.00000,0.00000,0.00000,0.00000,0.00000,0.00000,0.00000,0.00000,0.00000,0.00000,0.00000,0.00000,0.00000,0.00000,0.00000,0.00000,0.00000,0.00000,0.00000,0.00000,0.00000,0.00000,0.00000,0.00000,0.00000,0.00000,0.00000,0.00000,0.00000,0.00000
4.6333,1,1,0.00,0.00,33.33,-0.06161,0.05150,0.58172,0.58064,0.58064,0.4500,0,1,0.23671,0.05128,0.03868,0.23497,0.05076,0.03729,0.57,0.01,0.58064,-0.25806,0.02222,0.25488,1.30279,0.00000,0.16725,-0.25847,0.01895,0.24565,1.30633,0.00000,-0.17000,23,0.22953,0.04877,0.03881,0.23370,0.05100,0,0.99428,-0.00389,-0.01316,0.10590,virtual,0,261.38,293.01,261.38,293.01,261.38,293.01,261.38,293.01,261.38,293.01,261.38,293.01,261.38,293.01,261.38,293.01,261.38,293.01,261.38,293.01,261.38,293.01,261.38,293.01,261.38,293.01,261.38,293.01,261.38,293.01,261.38,293.01,261.38,293.01,261.38,293.01,261.38,293.01,261.38,293.01,261.38,293.01,0.00000,0.00000,0.00000,0.00000,0.00000,0.00000,0.00000,0.00000,0.00000,0.00000,0.00000,0.00000,0.00000,0.00000,0.00000,0.00000,0.00000,0.00000,0.00000,0.00000,0.00000,0.00000,0.00000,0.00000,0.00000,0.00000,0.00000,0.00000,0.00000,0.00000,0.00000,0.00000,0.00000,0.00000,0.00000,0.00000,0.00000,0.00000,0.00000,0.00000,0.00000,0.00000,0.00000,0.00000,0.00000,0.00000,0.00000,0.00000,0.00000,0.00000,0.00000,0.00000,0.00000,0.00000,0.00000,0.00000,0.00000,0.00000,0.00000,0.00000,0.00000,0.00000,0.00000,0.00000,0.00000,0.00000,0.00000,0.00000,0.00000,0.00000,0.00000,0.00000,0.00000,0.00000,0.00000,0.00000,0.00000,0.00000,0.00000,0.00000,0.00000,0.00000,0.00000,0.00000
4.6667,1,1,0.00,0.00,33.33,-0.06103,0.05512,0.57667,0.57162,0.57162,0.4500,0,1,0.23923,0.05070,0.03506,0.23929,0.05087,0.03418,0.67,0.00,0.57162,-0.25326,0.05590,0.23711,1.28073,0.00001,0.16725,-0.25280,0.04448,0.24127,1.28502,0.00000,-0.17000,23,0.23372,0.04905,0.03560,0.23370,0.05100,0,0.99447,-0.00353,-0.01565,0.10382,virtual,0,261.39,296.96,261.39,296.96,261.39,296.96,261.39,296.96,261.39,296.96,261.39,296.96,261.39,296.96,261.39,296.96,261.39,296.96,261.39,296.96,261.39,296.96,261.39,296.96,261.39,296.96,261.39,296.96,261.39,296.96,261.39,296.96,261.39,296.96,261.39,296.96,261.39,296.96,261.39,296.96,261.39,296.96,0.00000,0.00000,0.00000,0.00000,0.00000,0.00000,0.00000,0.00000,0.00000,0.00000,0.00000,0.00000,0.00000,0.00000,0.00000,0.00000,0.00000,0.00000,0.00000,0.00000,0.00000,0.00000,0.00000,0.00000,0.00000,0.00000,0.00000,0.00000,0.00000,0.00000,0.00000,0.00000,0.00000,0.00000,0.00000,0.00000,0.00000,0.00000,0.00000,0.00000,0.00000,0.00000,0.00000,0.00000,0.00000,0.00000,0.00000,0.00000,0.00000,0.00000,0.00000,0.00000,0.00000,0.00000,0.00000,0.00000,0.00000,0.00000,0.00000,0.00000,0.00000,0.00000,0.00000,0.00000,0.00000,0.00000,0.00000,0.00000,0.00000,0.00000,0.00000,0.00000,0.00000,0.00000,0.00000,0.00000,0.00000,0.00000,0.00000,0.00000,0.00000,0.00000,0.00000,0.00000
4.7000,1,1,0.00,0.00,33.33,-0.06123,0.05940,0.57984,0.58302,0.58302,0.4500,0,1,0.23764,0.05090,0.03078,0.23744,0.05068,0.03128,0.48,0.02,0.58302,-0.25463,0.03953,0.28049,1.24774,-0.00000,0.16728,-0.25526,0.04385,0.27559,1.25162,0.00000,-0.17000,23,0.23211,0.04878,0.03265,0.23370,0.05100,0,0.99438,-0.00301,-0.01909,0.10409,virtual,0,261.60,300.55,261.60,300.55,261.60,300.55,261.60,300.55,261.60,300.55,261.60,300.55,261.60,300.55,261.60,300.55,261.60,300.55,261.60,300.55,261.60,300.55,261.60,300.55,261.60,300.55,261.60,300.55,261.60,300.55,261.60,300.55,261.60,300.55,261.60,300.55,261.60,300.55,261.60,300.55,261.60,300.55,0.00000,0.00000,0.00000,0.00000,0.00000,0.00000,0.00000,0.00000,0.00000,0.00000,0.00000,0.00000,0.00000,0.00000,0.00000,0.00000,0.00000,0.00000,0.00000,0.00000,0.00000,0.00000,0.00000,0.00000,0.00000,0.00000,0.00000,0.00000,0.00000,0.00000,0.00000,0.00000,0.00000,0.00000,0.00000,0.00000,0.00000,0.00000,0.00000,0.00000,0.00000,0.00000,0.00000,0.00000,0.00000,0.00000,0.00000,0.00000,0.00000,0.00000,0.00000,0.00000,0.00000,0.00000,0.00000,0.00000,0.00000,0.00000,0.00000,0.00000,0.00000,0.00000,0.00000,0.00000,0.00000,0.00000,0.00000,0.00000,0.00000,0.00000,0.00000,0.00000,0.00000,0.00000,0.00000,0.00000,0.00000,0.00000,0.00000,0.00000,0.00000,0.00000,0.00000,0.00000
4.7333,1,1,0.00,0.00,33.33,-0.06171,0.06396,0.58560,0.59135,0.59135,0.4500,0,1,0.23477,0.05138,0.02622,0.23259,0.05099,0.02361,0.43,0.02,0.59135,-0.26223,0.03588,0.34376,1.19907,-0.00001,0.16727,-0.26090,0.03416,0.32335,1.21366,0.00000,-0.17000,23,0.22721,0.04887,0.02486,0.23370,0.05100,0,0.99412,-0.00388,-0.01308,0.10746,virtual,0,261.71,304.22,261.71,304.22,261.71,304.22,261.71,304.22,261.71,304.22,261.71,304.22,261.71,304.22,261.71,304.22,261.71,304.22,261.71,304.22,261.71,304.22,261.71,304.22,261.71,304.22,261.71,304.22,261.71,304.22,261.71,304.22,261.71,304.22,261.71,304.22,261.71,304.22,261.71,304.22,261.71,304.22,0.00000,0.00000,0.00000,0.00000,0.00000,0.00000,0.00000,0.00000,0.00000,0.00000,0.00000,0.00000,0.00000,0.00000,0.00000,0.00000,0.00000,0.00000,0.00000,0.00000,0.00000,0.00000,0.00000,0.00000,0.00000,0.00000,0.00000,0.00000,0.00000,0.00000,0.00000,0.00000,0.00000,0.00000,0.00000,0.00000,0.00000,0.00000,0.00000,0.00000,0.00000,0.00000,0.00000,0.00000,0.00000,0.00000,0.00000,0.00000,0.00000,0.00000,0.00000,0.00000,0.00000,0.00000,0.00000,0.00000,0.00000,0.00000,0.00000,0.00000,0.00000,0.00000,0.00000,0.00000,0.00000,0.00000,0.00000,0.00000,0.00000,0.00000,0.00000,0.00000,0.00000,0.00000,0.00000,0.00000,0.00000,0.00000,0.00000,0.00000,0.00000,0.00000,0.00000,0.00000
4.7667,1,1,0.00,0.00,33.33,-0.06255,0.06903,0.59357,0.60155,0.60155,0.4500,0,1,0.23078,0.05222,0.02115,0.22783,0.05147,0.01892,0.46,0.03,0.60155,-0.27087,0.01580,0.40582,1.15849,-0.00001,0.16727,-0.26984,0.01919,0.38170,1.17035,0.00000,-0.17000,23,0.22251,0.04919,0.02018,0.23370,0.05100,0,0.99369,-0.00394,-0.01246,0.11139,virtual,0,261.60,308.27,261.60,308.27,261.60,308.27,261.60,308.27,261.60,308.27,261.60,308.27,261.60,308.27,261.60,308.27,261.60,308.27,261.60,308.27,261.60,308.27,261.60,308.27,261.60,308.27,261.60,308.27,261.60,308.27,261.60,308.27,261.60,308.27,261.60,308.27,261.60,308.27,261.60,308.27,261.60,308.27,0.00000,0.00000,0.00000,0.00000,0.00000,0.00000,0.00000,0.00000,0.00000,0.00000,0.00000,0.00000,0.00000,0.00000,0.00000,0.00000,0.00000,0.00000,0.00000,0.00000,0.00000,0.00000,0.00000,0.00000,0.00000,0.00000,0.00000,0.00000,0.00000,0.00000,0.00000,0.00000,0.00000,0.00000,0.00000,0.00000,0.00000,0.00000,0.00000,0.00000,0.00000,0.00000,0.00000,0.00000,0.00000,0.00000,0.00000,0.00000,0.00000,0.00000,0.00000,0.00000,0.00000,0.00000,0.00000,0.00000,0.00000,0.00000,0.00000,0.00000,0.00000,0.00000,0.00000,0.00000,0.00000,0.00000,0.00000,0.00000,0.00000,0.00000,0.00000,0.00000,0.00000,0.00000,0.00000,0.00000,0.00000,0.00000,0.00000,0.00000,0.00000,0.00000,0.00000,0.00000
4.8000,1,1,0.00,0.00,33.33,-0.06144,0.07108,0.58090,0.56822,0.56822,0.4500,0,1,0.23712,0.05110,0.01911,0.22827,0.04825,0.01412,0.81,0.02,0.56822,-0.25440,0.06736,0.37731,1.16645,-0.00001,0.16723,-0.25744,0.06806,0.33526,1.16714,0.00000,-0.17000,23,0.22304,0.04608,0.01551,0.23370,0.05100,0,0.99463,-0.00636,0.00259,0.10326,virtual,0,261.16,311.33,261.16,311.33,261.16,311.33,261.16,311.33,261.16,311.33,261.16,311.33,261.16,311.33,261.16,311.33,261.16,311.33,261.16,311.33,261.16,311.33,261.16,311.33,261.16,311.33,261.16,311.33,261.16,311.33,261.16,311.33,261.16,311.33,261.16,311.33,261.16,311.33,261.16,311.33,261.16,311.33,0.00000,0.00000,0.00000,0.00000,0.00000,0.00000,0.00000,0.00000,0.00000,0.00000,0.00000,0.00000,0.00000,0.00000,0.00000,0.00000,0.00000,0.00000,0.00000,0.00000,0.00000,0.00000,0.00000,0.00000,0.00000,0.00000,0.00000,0.00000,0.00000,0.00000,0.00000,0.00000,0.00000,0.00000,0.00000,0.00000,0.00000,0.00000,0.00000,0.00000,0.00000,0.00000,0.00000,0.00000,0.00000,0.00000,0.00000,0.00000,0.00000,0.00000,0.00000,0.00000,0.00000,0.00000,0.00000,0.00000,0.00000,0.00000,0.00000,0.00000,0.00000,0.00000,0.00000,0.00000,0.00000,0.00000,0.00000,0.00000,0.00000,0.00000,0.00000,0.00000,0.00000,0.00000,0.00000,0.00000,0.00000,0.00000,0.00000,0.00000,0.00000,0.00000,0.00000,0.00000
4.8333,1,1,0.00,0.00,33.33,-0.06239,0.07249,0.57622,0.57155,0.57155,0.4500,0,1,0.23945,0.05206,0.01769,0.23156,0.05020,0.01248,0.49,0.01,0.57155,-0.25973,0.11358,0.32970,1.17703,0.00001,0.16344,-0.25857,0.09551,0.31221,1.16291,0.00000,-0.17000,23,0.22599,0.04758,0.01413,0.23370,0.05100,0,0.99439,-0.00712,0.00830,0.10517,virtual,0,258.57,311.67,258.57,311.67,258.57,311.67,258.57,311.67,258.57,311.67,258.57,311.67,258.57,311.67,258.57,311.67,258.57,311.67,258.57,311.67,258.57,311.67,258.57,311.67,258.57,311.67,258.57,311.67,258.57,311.67,258.57,311.67,258.57,311.67,258.57,311.67,258.57,311.67,258.57,311.67,258.57,311.67,0.00000,0.00000,0.00000,0.00000,0.00000,0.00000,0.00000,0.00000,0.00000,0.00000,0.00000,0.00000,0.00000,0.00000,0.00000,0.00000,0.00000,0.00000,0.00000,0.00000,0.00000,0.00000,0.00000,0.00000,0.00000,0.00000,0.00000,0.00000,0.00000,0.00000,0.00000,0.00000,0.00000,0.00000,0.00000,0.00000,0.00000,0.00000,0.00000,0.00000,0.00000,0.00000,0.00000,0.00000,0.00000,0.00000,0.00000,0.00000,0.00000,0.00000,0.00000,0.00000,0.00000,0.00000,0.00000,0.00000,0.00000,0.00000,0.00000,0.00000,0.00000,0.00000,0.00000,0.00000,0.00000,0.00000,0.00000,0.00000,0.00000,0.00000,0.00000,0.00000,0.00000,0.00000,0.00000,0.00000,0.00000,0.00000,0.00000,0.00000,0.00000,0.00000,0.00000,0.00000
4.8667,1,1,0.00,0.00,33.33,-0.06267,0.07297,0.57214,0.56805,0.56805,0.4500,0,1,0.24150,0.05234,0.01721,0.24305,0.05277,0.01856,0.30,0.01,0.56805,-0.25753,0.11473,0.28382,1.16283,0.00003,0.16546,-0.25748,0.11496,0.29157,1.16411,0.00000,-0.17000,23,0.23776,0.05034,0.01989,0.23370,0.05100,0,0.99431,-0.00206,-0.02173,0.10424,virtual,0,258.57,311.67,258.57,311.67,258.57,311.67,258.57,311.67,258.57,311.67,258.57,311.67,258.57,311.67,258.57,311.67,258.57,311.67,258.57,311.67,258.57,311.67,258.57,311.67,258.57,311.67,258.57,311.67,258.57,311.67,258.57,311.67,258.57,311.67,258.57,311.67,258.57,311.67,258.57,311.67,258.57,311.67,0.00000,0.00000,0.00000,0.00000,0.00000,0.00000,0.00000,0.00000,0.00000,0.00000,0.00000,0.00000,0.00000,0.00000,0.00000,0.00000,0.00000,0.00000,0.00000,0.00000,0.00000,0.00000,0.00000,0.00000,0.00000,0.00000,0.00000,0.00000,0.00000,0.00000,0.00000,0.00000,0.00000,0.00000,0.00000,0.00000,0.00000,0.00000,0.00000,0.00000,0.00000,0.00000,0.00000,0.00000,0.00000,0.00000,0.00000,0.00000,0.00000,0.00000,0.00000,0.00000,0.00000,0.00000,0.00000,0.00000,0.00000,0.00000,0.00000,0.00000,0.00000,0.00000,0.00000,0.00000,0.00000,0.00000,0.00000,0.00000,0.00000,0.00000,0.00000,0.00000,0.00000,0.00000,0.00000,0.00000,0.00000,0.00000,0.00000,0.00000,0.00000,0.00000,0.00000,0.00000
4.9000,1,1,0.00,0.00,33.33,-0.06267,0.07421,0.57602,0.57990,0.57990,0.4500,0,1,0.23955,0.05234,0.01597,0.24030,0.05243,0.01588,0.06,0.01,0.57990,-0.25933,0.10746,0.31413,1.14499,-0.00001,0.16746,-0.25967,0.10657,0.31381,1.15059,0.00000,-0.17000,23,0.23488,0.04986,0.01703,0.23370,0.05100,0,0.99431,-0.00267,-0.01784,0.10494,virtual,0,260.09,312.12,260.09,312.12,260.09,312.12,260.09,312.12,260.09,312.12,260.09,312.12,260.09,312.12,260.09,312.12,260.09,312.12,260.09,312.12,260.09,312.12,260.09,312.12,260.09,312.12,260.09,312.12,260.09,312.12,260.09,312.12,260.09,312.12,260.09,312.12,260.09,312.12,260.09,312.12,260.09,312.12,0.00000,0.00000,0.00000,0.00000,0.00000,0.00000,0.00000,0.00000,0.00000,0.00000,0.00000,0.00000,0.00000,0.00000,0.00000,0.00000,0.00000,0.00000,0.00000,0.00000,0.00000,0.00000,0.00000,0.00000,0.00000,0.00000,0.00000,0.00000,0.00000,0.00000,0.00000,0.00000,0.00000,0.00000,0.00000,0.00000,0.00000,0.00000,0.00000,0.00000,0.00000,0.00000,0.00000,0.00000,0.00000,0.00000,0.00000,0.00000,0.00000,0.00000,0.00000,0.00000,0.00000,0.00000,0.00000,0.00000,0.00000,0.00000,0.00000,0.00000,0.00000,0.00000,0.00000,0.00000,0.00000,0.00000,0.00000,0.00000,0.00000,0.00000,0.00000,0.00000,0.00000,0.00000,0.00000,0.00000,0.00000,0.00000,0.00000,0.00000,0.00000,0.00000,0.00000,0.00000
4.9333,1,1,0.00,0.00,33.33,-0.06259,0.07473,0.57716,0.57831,0.57831,0.4500,0,1,0.23898,0.05226,0.01545,0.23699,0.05169,0.01427,0.82,0.01,0.57831,-0.25993,0.10646,0.32686,1.15010,0.00002,0.16712,-0.25967,0.10657,0.31381,1.15059,0.00000,-0.17000,23,0.23172,0.04919,0.01561,0.23370,0.05100,0,0.99436,-0.00359,-0.01003,0.10551,virtual,0,260.09,312.12,260.09,312.12,260.09,312.12,260.09,312.12,260.09,312.12,260.09,312.12,260.09,312.12,260.09,312.12,260.09,312.12,260.09,312.12,260.09,312.12,260.09,312.12,260.09,312.12,260.09,312.12,260.09,312.12,260.09,312.12,260.09,312.12,260.09,312.12,260.09,312.12,260.09,312.12,260.09,312.12,0.00000,0.00000,0.00000,0.00000,0.00000,0.00000,0.00000,0.00000,0.00000,0.00000,0.00000,0.00000,0.00000,0.00000,0.00000,0.00000,0.00000,0.00000,0.00000,0.00000,0.00000,0.00000,0.00000,0.00000,0.00000,0.00000,0.00000,0.00000,0.00000,0.00000,0.00000,0.00000,0.00000,0.00000,0.00000,0.00000,0.00000,0.00000,0.00000,0.00000,0.00000,0.00000,0.00000,0.00000,0.00000,0.00000,0.00000,0.00000,0.00000,0.00000,0.00000,0.00000,0.00000,0.00000,0.00000,0.00000,0.00000,0.00000,0.00000,0.00000,0.00000,0.00000,0.00000,0.00000,0.00000,0.00000,0.00000,0.00000,0.00000,0.00000,0.00000,0.00000,0.00000,0.00000,0.00000,0.00000,0.00000,0.00000,0.00000,0.00000,0.00000,0.00000,0.00000,0.00000
4.9667,1,1,0.00,0.00,33.33,-0.06294,0.07546,0.58134,0.58552,0.58552,0.5917,0,1,0.23689,0.05260,0.01472,0.23643,0.05233,0.01436,0.10,0.01,0.58552,-0.26367,0.08991,0.34880,1.13398,0.00001,0.16702,-0.26407,0.09142,0.34426,1.13535,0.00000,-0.17000,23,0.23115,0.04960,0.01560,0.23370,0.05100,0,0.99416,-0.00279,-0.01522,0.10683,virtual,0,260.09,312.12,260.09,312.12,260.09,312.12,260.09,312.12,260.09,312.12,260.09,312.12,260.09,312.12,260.09,312.12,260.09,312.12,260.09,312.12,260.09,312.12,260.09,312.12,260.09,312.12,260.09,312.12,260.09,312.12,260.09,312.12,260.09,312.12,260.09,312.12,260.09,312.12,260.09,312.12,260.09,312.12,0.00000,0.00000,0.00000,0.00000,0.00000,0.00000,0.00000,0.00000,0.00000,0.00000,0.00000,0.00000,0.00000,0.00000,0.00000,0.00000,0.00000,0.00000,0.00000,0.00000,0.00000,0.00000,0.00000,0.00000,0.00000,0.00000,0.00000,0.00000,0.00000,0.00000,0.00000,0.00000,0.00000,0.00000,0.00000,0.00000,0.00000,0.00000,0.00000,0.00000,0.00000,0.00000,0.00000,0.00000,0.00000,0.00000,0.00000,0.00000,0.00000,0.00000,0.00000,0.00000,0.00000,0.00000,0.00000,0.00000,0.00000,0.00000,0.00000,0.00000,0.00000,0.00000,0.00000,0.00000,0.00000,0.00000,0.00000,0.00000,0.00000,0.00000,0.00000,0.00000,0.00000,0.00000,0.00000,0.00000,0.00000,0.00000,0.00000,0.00000,0.00000,0.00000,0.00000,0.00000
5.0000,1,1,0.00,0.00,33.33,-0.06283,0.07548,0.58083,0.58032,0.58032,0.7333,0,1,0.23715,0.05250,0.01470,0.23703,0.05265,0.01477,0.18,0.01,0.58032,-0.26442,0.09069,0.34475,1.13470,0.00001,0.16707,-0.26407,0.09142,0.34426,1.13535,0.00000,-0.17000,23,0.23161,0.04995,0.01596,0.23370,0.05100,0,0.99408,-0.00253,-0.01622,0.10740,virtual,0,260.09,312.12,260.09,312.12,260.09,312.12,260.09,312.12,260.09,312.12,260.09,312.12,260.09,312.12,260.09,312.12,260.09,312.12,260.09,312.12,260.09,312.12,260.09,312.12,260.09,312.12,260.09,312.12,260.09,312.12,260.09,312.12,260.09,312.12,260.09,312.12,260.09,312.12,260.09,312.12,260.09,312.12,0.00000,0.00000,0.00000,0.00000,0.00000,0.00000,0.00000,0.00000,0.00000,0.00000,0.00000,0.00000,0.00000,0.00000,0.00000,0.00000,0.00000,0.00000,0.00000,0.00000,0.00000,0.00000,0.00000,0.00000,0.00000,0.00000,0.00000,0.00000,0.00000,0.00000,0.00000,0.00000,0.00000,0.00000,0.00000,0.00000,0.00000,0.00000,0.00000,0.00000,0.00000,0.00000,0.00000,0.00000,0.00000,0.00000,0.00000,0.00000,0.00000,0.00000,0.00000,0.00000,0.00000,0.00000,0.00000,0.00000,0.00000,0.00000,0.00000,0.00000,0.00000,0.00000,0.00000,0.00000,0.00000,0.00000,0.00000,0.00000,0.00000,0.00000,0.00000,0.00000,0.00000,0.00000,0.00000,0.00000,0.00000,0.00000,0.00000,0.00000,0.00000,0.00000,0.00000,0.00000
5.0333,1,1,0.00,0.00,33.33,-0.06283,0.07556,0.58107,0.58132,0.58132,0.8750,0,1,0.23715,0.05250,0.01470,0.23685,0.05250,0.01453,0.18,0.01,0.58132,-0.26397,0.09209,0.34467,1.13523,0.00000,0.16714,-0.26407,0.09142,0.34426,1.13535,0.00000,-0.17000,23,0.23161,0.04986,0.01577,0.23370,0.05100,0,0.99411,-0.00261,-0.01574,0.10719,virtual,1,260.09,312.12,260.09,312.12,260.09,312.12,260.09,312.12,260.09,312.12,260.09,312.12,260.09,312.12,260.09,312.12,260.09,312.12,260.09,312.12,260.09,312.12,260.09,312.12,260.09,312.12,260.09,312.12,260.09,312.12,260.09,312.12,260.09,312.12,260.09,312.12,260.09,312.12,260.09,312.12,260.09,312.12,0.00000,0.00000,0.00000,0.00000,0.00000,0.00000,0.00000,0.00000,0.00000,0.00000,0.00000,0.00000,0.00000,0.00000,0.00000,0.00000,0.00000,0.00000,0.00000,0.00000,0.00000,0.00000,0.00000,0.00000,0.00000,0.00000,0.00000,0.00000,0.00000,0.00000,0.00000,0.00000,0.00000,0.00000,0.00000,0.00000,0.00000,0.00000,0.00000,0.00000,0.00000,0.00000,0.00000,0.00000,0.00000,0.00000,0.00000,0.00000,0.00000,0.00000,0.00000,0.00000,0.00000,0.00000,0.00000,0.00000,0.00000,0.00000,0.00000,0.00000,0.00000,0.00000,0.00000,0.00000,0.00000,0.00000,0.00000,0.00000,0.00000,0.00000,0.00000,0.00000,0.00000,0.00000,0.00000,0.00000,0.00000,0.00000,0.00000,0.00000,0.00000,0.00000,0.00000,0.00000
5.0667,1,1,0.00,0.00,33.33,-0.06253,0.07524,0.57845,0.57583,0.57583,1.0167,0,1,0.23715,0.05250,0.01470,0.23683,0.05253,0.01454,0.18,0.01,0.57583,-0.26412,0.09201,0.34461,1.13543,0.00000,0.16717,-0.26407,0.09142,0.34426,1.13535,0.00000,-0.17000,23,0.23158,0.04988,0.01576,0.23370,0.05100,0,0.99411,-0.00261,-0.01573,0.10724,virtual,0,260.09,312.12,260.09,312.12,260.09,312.12,260.09,312.12,260.09,312.12,260.09,312.12,260.09,312.12,260.09,312.12,260.09,312.12,260.09,312.12,260.09,312.12,260.09,312.12,260.09,312.12,260.09,312.12,260.09,312.12,260.09,312.12,260.09,312.12,260.09,312.12,260.09,312.12,260.09,312.12,260.09,312.12,0.00000,0.00000,0.00000,0.00000,0.00000,0.00000,0.00000,0.00000,0.00000,0.00000,0.00000,0.00000,0.00000,0.00000,0.00000,0.00000,0.00000,0.00000,0.00000,0.00000,0.00000,0.00000,0.00000,0.00000,0.00000,0.00000,0.00000,0.00000,0.00000,0.00000,0.00000,0.00000,0.00000,0.00000,0.00000,0.00000,0.00000,0.00000,0.00000,0.00000,0.00000,0.00000,0.00000,0.00000,0.00000,0.00000,0.00000,0.00000,0.00000,0.00000,0.00000,0.00000,0.00000,0.00000,0.00000,0.00000,0.00000,0.00000,0.00000,0.00000,0.00000,0.00000,0.00000,0.00000,0.00000,0.00000,0.00000,0.00000,0.00000,0.00000,0.00000,0.00000,0.00000,0.00000,0.00000,0.00000,0.00000,0.00000,0.00000,0.00000,0.00000,0.00000,0.00000,0.00000
5.1000,1,1,0.00,0.00,33.33,-0.06365,0.07660,0.58881,0.59917,0.59917,1.1583,0,1,0.23197,0.05361,0.01334,0.23397,0.05438,0.01455,0.30,0.02,0.59917,-0.27663,0.05283,0.39692,1.10505,-0.00003,0.16742,-0.27475,0.06197,0.39476,1.11445,0.00000,-0.17000,23,0.22883,0.05156,0.01572,0.23370,0.05100,0,0.99329,-0.00067,-0.02442,0.11303,virtual,0,260.09,312.12,260.09,312.12,260.09,312.12,260.09,312.12,260.09,312.12,260.09,312.12,260.09,312.12,260.09,312.12,260.09,312.12,260.09,312.12,260.09,312.12,260.09,312.12,260.09,312.12,260.09,312.12,260.09,312.12,260.09,312.12,260.09,312.12,260.09,312.12,260.09,312.12,260.09,312.12,260.09,312.12,0.00000,0.00000,0.00000,0.00000,0.00000,0.00000,0.00000,0.00000,0.00000,0.00000,0.00000,0.00000,0.00000,0.00000,0.00000,0.00000,0.00000,0.00000,0.00000,0.00000,0.00000,0.00000,0.00000,0.00000,0.00000,0.00000,0.00000,0.00000,0.00000,0.00000,0.00000,0.00000,0.00000,0.00000,0.00000,0.00000,0.00000,0.00000,0.00000,0.00000,0.00000,0.00000,0.00000,0.00000,0.00000,0.00000,0.00000,0.00000,0.00000,0.00000,0.00000,0.00000,0.00000,0.00000,0.00000,0.00000,0.00000,0.00000,0.00000,0.00000,0.00000,0.00000,0.00000,0.00000,0.00000,0.00000,0.00000,0.00000,0.00000,0.00000,0.00000,0.00000,0.00000,0.00000,0.00000,0.00000,0.00000,0.00000,0.00000,0.00000,0.00000,0.00000,0.00000,0.00000
5.1333,1,1,0.00,0.00,33.33,-0.06396,0.07699,0.59176,0.59470,0.59470,1.3000,0,0,0.23197,0.05361,0.01334,0.23154,0.05333,0.01307,0.30,0.02,0.59470,-0.27490,0.06247,0.39448,1.11859,-0.00004,0.21742,-0.27475,0.06197,0.39476,1.11445,0.00000,1.00000,23,0.22781,0.05074,0.01458,0.23370,0.05100,0,0.99421,-0.00141,0.00443,0.10733,virtual,1,260.09,312.12,260.09,312.12,260.09,312.12,260.09,312.12,260.09,312.12,260.09,312.12,260.09,312.12,260.09,312.12,260.09,312.12,260.09,312.12,260.09,312.12,260.09,312.12,260.09,312.12,260.09,312.12,260.09,312.12,260.09,312.12,260.09,312.12,260.09,312.12,260.09,312.12,260.09,312.12,260.09,312.12,0.00000,0.00000,0.00000,0.00000,0.00000,0.00000,0.00000,0.00000,0.00000,0.00000,0.00000,0.00000,0.00000,0.00000,0.00000,0.00000,0.00000,0.00000,0.00000,0.00000,0.00000,0.00000,0.00000,0.00000,0.00000,0.00000,0.00000,0.00000,0.00000,0.00000,0.00000,0.00000,0.00000,0.00000,0.00000,0.00000,0.00000,0.00000,0.00000,0.00000,0.00000,0.00000,0.00000,0.00000,0.00000,0.00000,0.00000,0.00000,0.00000,0.00000,0.00000,0.00000,0.00000,0.00000,0.00000,0.00000,0.00000,0.00000,0.00000,0.00000,0.00000,0.00000,0.00000,0.00000,0.00000,0.00000,0.00000,0.00000,0.00000,0.00000,0.00000,0.00000,0.00000,0.00000,0.00000,0.00000,0.00000,0.00000,0.00000,0.00000,0.00000,0.00000,0.00000,0.00000
5.1667,1,1,0.00,0.00,33.33,-0.06273,0.07551,0.58036,0.56896,0.56896,1.3000,0,0,0.23197,0.05361,0.01334,0.23214,0.05342,0.01338,0.30,0.02,0.56896,-0.27450,0.06019,0.39530,1.11518,0.00000,0.32923,-0.27475,0.06197,0.39476,1.11445,0.00000,1.00000,23,0.22829,0.05086,0.01521,0.23370,0.05100,0,0.99421,-0.00078,0.00651,0.10721,virtual,1,260.09,312.12,260.09,312.12,260.09,312.12,260.09,312.12,260.09,312.12,260.09,312.12,260.09,312.12,260.09,312.12,260.09,312.12,260.09,312.12,260.09,312.12,260.09,312.12,260.09,312.12,260.09,312.12,260.09,312.12,260.09,312.12,260.09,312.12,260.09,312.12,260.09,312.12,260.09,312.12,260.09,312.12,0.00000,0.00000,0.00000,0.00000,0.00000,0.00000,0.00000,0.00000,0.00000,0.00000,0.00000,0.00000,0.00000,0.00000,0.00000,0.00000,0.00000,0.00000,0.00000,0.00000,0.00000,0.00000,0.00000,0.00000,0.00000,0.00000,0.00000,0.00000,0.00000,0.00000,0.00000,0.00000,0.00000,0.00000,0.00000,0.00000,0.00000,0.00000,0.00000,0.00000,0.00000,0.00000,0.00000,0.00000,0.00000,0.00000,0.00000,0.00000,0.00000,0.00000,0.00000,0.00000,0.00000,0.00000,0.00000,0.00000,0.00000,0.00000,0.00000,0.00000,0.00000,0.00000,0.00000,0.00000,0.00000,0.00000,0.00000,0.00000,0.00000,0.00000,0.00000,0.00000,0.00000,0.00000,0.00000,0.00000,0.00000,0.00000,0.00000,0.00000,0.00000,0.00000,0.00000,0.00000
5.2000,1,1,0.00,0.00,33.33,-0.06177,0.07436,0.57154,0.56271,0.56271,1.3000,0,0,0.23197,0.05361,0.01334,0.23192,0.05343,0.01293,0.30,0.02,0.56271,-0.27483,0.06264,0.39560,1.11449,0.00000,0.46988,-0.27475,0.06197,0.39476,1.11445,0.00000,1.00000,23,0.22878,0.05103,0.01488,0.23370,0.05100,0,0.99427,0.00013,-0.00095,0.10692,virtual,1,260.09,312.12,260.09,312.12,260.09,312.12,260.09,312.12,260.09,312.12,260.09,312.12,260.09,312.12,260.09,312.12,260.09,312.12,260.09,312.12,260.09,312.12,260.09,312.12,260.09,312.12,260.09,312.12,260.09,312.12,260.09,312.12,260.09,312.12,260.09,312.12,260.09,312.12,260.09,312.12,260.09,312.12,0.00000,0.00000,0.00000,0.00000,0.00000,0.00000,0.00000,0.00000,0.00000,0.00000,0.00000,0.00000,0.00000,0.00000,0.00000,0.00000,0.00000,0.00000,0.00000,0.00000,0.00000,0.00000,0.00000,0.00000,0.00000,0.00000,0.00000,0.00000,0.00000,0.00000,0.00000,0.00000,0.00000,0.00000,0.00000,0.00000,0.00000,0.00000,0.00000,0.00000,0.00000,0.00000,0.00000,0.00000,0.00000,0.00000,0.00000,0.00000,0.00000,0.00000,0.00000,0.00000,0.00000,0.00000,0.00000,0.00000,0.00000,0.00000,0.00000,0.00000,0.00000,0.00000,0.00000,0.00000,0.00000,0.00000,0.00000,0.00000,0.00000,0.00000,0.00000,0.00000,0.00000,0.00000,0.00000,0.00000,0.00000,0.00000,0.00000,0.00000,0.00000,0.00000,0.00000,0.00000
5.2333,1,1,0.00,0.00,33.33,-0.06105,0.07349,0.56481,0.55808,0.55808,1.3000,0,0,0.23197,0.05361,0.01334,0.23209,0.05346,0.01305,0.30,0.02,0.55808,-0.27476,0.06245,0.39498,1.11441,0.00000,0.60200,-0.27475,0.06197,0.39476,1.11445,0.00000,1.00000,23,0.22880,0.05103,0.01492,0.23370,0.05100,0,0.99427,0.00004,-0.00031,0.10692,virtual,1,260.09,312.12,260.09,312.12,260.09,312.12,260.09,312.12,260.09,312.12,260.09,312.12,260.09,312.12,260.09,312.12,260.09,312.12,260.09,312.12,260.09,312.12,260.09,312.12,260.09,312.12,260.09,312.12,260.09,312.12,260.09,312.12,260.09,312.12,260.09,312.12,260.09,312.12,260.09,312.12,260.09,312.12,0.00000,0.00000,0.00000,0.00000,0.00000,0.00000,0.00000,0.00000,0.00000,0.00000,0.00000,0.00000,0.00000,0.00000,0.00000,0.00000,0.00000,0.00000,0.00000,0.00000,0.00000,0.00000,0.00000,0.00000,0.00000,0.00000,0.00000,0.00000,0.00000,0.00000,0.00000,0.00000,0.00000,0.00000,0.00000,0.00000,0.00000,0.00000,0.00000,0.00000,0.00000,0.00000,0.00000,0.00000,0.00000,0.00000,0.00000,0.00000,0.00000,0.00000,0.00000,0.00000,0.00000,0.00000,0.00000,0.00000,0.00000,0.00000,0.00000,0.00000,0.00000,0.00000,0.00000,0.00000,0.00000,0.00000,0.00000,0.00000,0.00000,0.00000,0.00000,0.00000,0.00000,0.00000,0.00000,0.00000,0.00000,0.00000,0.00000,0.00000,0.00000,0.00000,0.00000,0.00000
5.2667,1,1,0.00,0.00,33.33,-0.06006,0.07231,0.55570,0.54659,0.54659,1.3000,0,0,0.23197,0.05361,0.01334,0.23206,0.05345,0.01304,0.30,0.02,0.54659,-0.27475,0.06242,0.39511,1.11443,-0.00000,0.76298,-0.27475,0.06197,0.39476,1.11445,0.00000,1.00000,23,0.22881,0.05103,0.01493,0.23370,0.05100,0,0.99427,0.00001,-0.00008,0.10692,virtual,1,260.09,312.12,260.09,312.12,260.09,312.12,260.09,312.12,260.09,312.12,260.09,312.12,260.09,312.12,260.09,312.12,260.09,312.12,260.09,312.12,260.09,312.12,260.09,312.12,260.09,312.12,260.09,312.12,260.09,312.12,260.09,312.12,260.09,312.12,260.09,312.12,260.09,312.12,260.09,312.12,260.09,312.12,0.00000,0.00000,0.00000,0.00000,0.00000,0.00000,0.00000,0.00000,0.00000,0.00000,0.00000,0.00000,0.00000,0.00000,0.00000,0.00000,0.00000,0.00000,0.00000,0.00000,0.00000,0.00000,0.00000,0.00000,0.00000,0.00000,0.00000,0.00000,0.00000,0.00000,0.00000,0.00000,0.00000,0.00000,0.00000,0.00000,0.00000,0.00000,0.00000,0.00000,0.00000,0.00000,0.00000,0.00000,0.00000,0.00000,0.00000,0.00000,0.00000,0.00000,0.00000,0.00000,0.00000,0.00000,0.00000,0.00000,0.00000,0.00000,0.00000,0.00000,0.00000,0.00000,0.00000,0.00000,0.00000,0.00000,0.00000,0.00000,0.00000,0.00000,0.00000,0.00000,0.00000,0.00000,0.00000,0.00000,0.00000,0.00000,0.00000,0.00000,0.00000,0.00000,0.00000,0.00000
5.3000,1,1,0.00,0.00,33.33,-0.05970,0.07187,0.55237,0.54904,0.54904,1.3000,0,0,0.23197,0.05361,0.01334,0.23207,0.05345,0.01305,0.30,0.02,0.54904,-0.27475,0.06240,0.39507,1.11445,-0.00000,0.92770,-0.27475,0.06197,0.39476,1.11445,0.00000,1.00000,23,0.22881,0.05103,0.01494,0.23370,0.05100,0,0.99427,0.00000,-0.00002,0.10692,virtual,1,260.09,312.12,260.09,312.12,260.09,312.12,260.09,312.12,260.09,312.12,260.09,312.12,260.09,312.12,260.09,312.12,260.09,312.12,260.09,312.12,260.09,312.12,260.09,312.12,260.09,312.12,260.09,312.12,260.09,312.12,260.09,312.12,260.09,312.12,260.09,312.12,260.09,312.12,260.09,312.12,260.09,312.12,0.00000,0.00000,0.00000,0.00000,0.00000,0.00000,0.00000,0.00000,0.00000,0.00000,0.00000,0.00000,0.00000,0.00000,0.00000,0.00000,0.00000,0.00000,0.00000,0.00000,0.00000,0.00000,0.00000,0.00000,0.00000,0.00000,0.00000,0.00000,0.00000,0.00000,0.00000,0.00000,0.00000,0.00000,0.00000,0.00000,0.00000,0.00000,0.00000,0.00000,0.00000,0.00000,0.00000,0.00000,0.00000,0.00000,0.00000,0.00000,0.00000,0.00000,0.00000,0.00000,0.00000,0.00000,0.00000,0.00000,0.00000,0.00000,0.00000,0.00000,0.00000,0.00000,0.00000,0.00000,0.00000,0.00000,0.00000,0.00000,0.00000,0.00000,0.00000,0.00000,0.00000,0.00000,0.00000,0.00000,0.00000,0.00000,0.00000,0.00000,0.00000,0.00000,0.00000,0.00000
5.3333,1,1,0.00,0.00,33.33,-0.05968,0.07185,0.55217,0.55197,0.55197,1.3000,0,0,0.23197,0.05361,0.01334,0.23206,0.05345,0.01304,0.30,0.02,0.55197,-0.27475,0.06241,0.39508,1.11446,-0.00000,1.04374,-0.27475,0.06197,0.39476,1.11445,0.00000,1.00000,23,0.22881,0.05103,0.01494,0.23370,0.05100,0,0.99427,0.00000,-0.00001,0.10692,virtual,1,260.09,312.12,260.09,312.12,260.09,312.12,260.09,312.12,260.09,312.12,260.09,312.12,260.09,312.12,260.09,312.12,260.09,312.12,260.09,312.12,260.09,312.12,260.09,312.12,260.09,312.12,260.09,312.12,260.09,312.12,260.09,312.12,260.09,312.12,260.09,312.12,260.09,312.12,260.09,312.12,260.09,312.12,0.00000,0.00000,0.00000,0.00000,0.00000,0.00000,0.00000,0.00000,0.00000,0.00000,0.00000,0.00000,0.00000,0.00000,0.00000,0.00000,0.00000,0.00000,0.00000,0.00000,0.00000,0.00000,0.00000,0.00000,0.00000,0.00000,0.00000,0.00000,0.00000,0.00000,0.00000,0.00000,0.00000,0.00000,0.00000,0.00000,0.00000,0.00000,0.00000,0.00000,0.00000,0.00000,0.00000,0.00000,0.00000,0.00000,0.00000,0.00000,0.00000,0.00000,0.00000,0.00000,0.00000,0.00000,0.00000,0.00000,0.00000,0.00000,0.00000,0.00000,0.00000,0.00000,0.00000,0.00000,0.00000,0.00000,0.00000,0.00000,0.00000,0.00000,0.00000,0.00000,0.00000,0.00000,0.00000,0.00000,0.00000,0.00000,0.00000,0.00000,0.00000,0.00000,0.00000,0.00000
5.3667,1,1,0.00,0.00,33.33,-0.05897,0.07099,0.54559,0.53902,0.53902,1.3000,0,0,0.23197,0.05361,0.01334,0.23206,0.05345,0.01304,0.30,0.02,0.53902,-0.27475,0.06241,0.39508,1.11446,-0.00000,1.04098,-0.27475,0.06197,0.39476,1.11445,0.00000,1.00000,23,0.22881,0.05103,0.01494,0.23370,0.05100,0,0.99427,0.00000,-0.00000,0.10692,virtual,1,260.09,312.12,260.09,312.12,260.09,312.12,260.09,312.12,260.09,312.12,260.09,312.12,260.09,312.12,260.09,312.12,260.09,312.12,260.09,312.12,260.09,312.12,260.09,312.12,260.09,312.12,260.09,312.12,260.09,312.12,260.09,312.12,260.09,312.12,260.09,312.12,260.09,312.12,260.09,312.12,260.09,312.12,0.00000,0.00000,0.00000,0.00000,0.00000,0.00000,0.00000,0.00000,0.00000,0.00000,0.00000,0.00000,0.00000,0.00000,0.00000,0.00000,0.00000,0.00000,0.00000,0.00000,0.00000,0.00000,0.00000,0.00000,0.00000,0.00000,0.00000,0.00000,0.00000,0.00000,0.00000,0.00000,0.00000,0.00000,0.00000,0.00000,0.00000,0.00000,0.00000,0.00000,0.00000,0.00000,0.00000,0.00000,0.00000,0.00000,0.00000,0.00000,0.00000,0.00000,0.00000,0.00000,0.00000,0.00000,0.00000,0.00000,0.00000,0.00000,0.00000,0.00000,0.00000,0.00000,0.00000,0.00000,0.00000,0.00000,0.00000,0.00000,0.00000,0.00000,0.00000,0.00000,0.00000,0.00000,0.00000,0.00000,0.00000,0.00000,0.00000,0.00000,0.00000,0.00000,0.00000,0.00000
5.4000,1,1,0.00,0.00,33.33,-0.05917,0.07123,0.54746,0.54933,0.54933,1.3000,0,0,0.23197,0.05361,0.01334,0.23206,0.05345,0.01304,0.30,0.02,0.54933,-0.27475,0.06242,0.39509,1.11446,-0.00000,0.98025,-0.27475,0.06197,0.39476,1.11445,0.00000,1.00000,23,0.22881,0.05103,0.01494,0.23370,0.05100,0,0.99427,0.00000,-0.00000,0.10692,virtual,1,260.09,312.12,260.09,312.12,260.09,312.12,260.09,312.12,260.09,312.12,260.09,312.12,260.09,312.12,260.09,312.12,260.09,312.12,260.09,312.12,260.09,312.12,260.09,312.12,260.09,312.12,260.09,312.12,260.09,312.12,260.09,312.12,260.09,312.12,260.09,312.12,260.09,312.12,260.09,312.12,260.09,312.12,0.00000,0.00000,0.00000,0.00000,0.00000,0.00000,0.00000,0.00000,0.00000,0.00000,0.00000,0.00000,0.00000,0.00000,0.00000,0.00000,0.00000,0.00000,0.00000,0.00000,0.00000,0.00000,0.00000,0.00000,0.00000,0.00000,0.00000,0.00000,0.00000,0.00000,0.00000,0.00000,0.00000,0.00000,0.00000,0.00000,0.00000,0.00000,0.00000,0.00000,0.00000,0.00000,0.00000,0.00000,0.00000,0.00000,0.00000,0.00000,0.00000,0.00000,0.00000,0.00000,0.00000,0.00000,0.00000,0.00000,0.00000,0.00000,0.00000,0.00000,0.00000,0.00000,0.00000,0.00000,0.00000,0.00000,0.00000,0.00000,0.00000,0.00000,0.00000,0.00000,0.00000,0.00000,0.00000,0.00000,0.00000,0.00000,0.00000,0.00000,0.00000,0.00000,0.00000,0.00000
5.4333,1,1,0.00,0.00,33.33,-0.05854,0.07047,0.54162,0.53578,0.53578,1.3000,0,0,0.23197,0.05361,0.01334,0.23206,0.05345,0.01304,0.30,0.02,0.53578,-0.27475,0.06242,0.39509,1.11446,0.00000,1.00482,-0.27475,0.06197,0.39476,1.11445,0.00000,1.00000,23,0.22881,0.05103,0.01494,0.23370,0.05100,0,0.99427,0.00000,-0.00000,0.10692,virtual,1,260.09,312.12,260.09,312.12,260.09,312.12,260.09,312.12,260.09,312.12,260.09,312.12,260.09,312.12,260.09,312.12,260.09,312.12,260.09,312.12,260.09,312.12,260.09,312.12,260.09,312.12,260.09,312.12,260.09,312.12,260.09,312.12,260.09,312.12,260.09,312.12,260.09,312.12,260.09,312.12,260.09,312.12,0.00000,0.00000,0.00000,0.00000,0.00000,0.00000,0.00000,0.00000,0.00000,0.00000,0.00000,0.00000,0.00000,0.00000,0.00000,0.00000,0.00000,0.00000,0.00000,0.00000,0.00000,0.00000,0.00000,0.00000,0.00000,0.00000,0.00000,0.00000,0.00000,0.00000,0.00000,0.00000,0.00000,0.00000,0.00000,0.00000,0.00000,0.00000,0.00000,0.00000,0.00000,0.00000,0.00000,0.00000,0.00000,0.00000,0.00000,0.00000,0.00000,0.00000,0.00000,0.00000,0.00000,0.00000,0.00000,0.00000,0.00000,0.00000,0.00000,0.00000,0.00000,0.00000,0.00000,0.00000,0.00000,0.00000,0.00000,0.00000,0.00000,0.00000,0.00000,0.00000,0.00000,0.00000,0.00000,0.00000,0.00000,0.00000,0.00000,0.00000,0.00000,0.00000,0.00000,0.00000
5.4667,1,1,0.00,0.00,33.33,-0.05886,0.07085,0.54455,0.54747,0.54747,1.3000,0,0,0.23197,0.05361,0.01334,0.23206,0.05345,0.01304,0.30,0.02,0.54747,-0.27475,0.06242,0.39508,1.11445,0.00000,0.99939,-0.27475,0.06197,0.39476,1.11445,0.00000,1.00000,23,0.22881,0.05103,0.01494,0.23370,0.05100,0,0.99427,0.00000,-0.00000,0.10692,virtual,1,260.09,312.12,260.09,312.12,260.09,312.12,260.09,312.12,260.09,312.12,260.09,312.12,260.09,312.12,260.09,312.12,260.09,312.12,260.09,312.12,260.09,312.12,260.09,312.12,260.09,312.12,260.09,312.12,260.09,312.12,260.09,312.12,260.09,312.12,260.09,312.12,260.09,312.12,260.09,312.12,260.09,312.12,0.00000,0.00000,0.00000,0.00000,0.00000,0.00000,0.00000,0.00000,0.00000,0.00000,0.00000,0.00000,0.00000,0.00000,0.00000,0.00000,0.00000,0.00000,0.00000,0.00000,0.00000,0.00000,0.00000,0.00000,0.00000,0.00000,0.00000,0.00000,0.00000,0.00000,0.00000,0.00000,0.00000,0.00000,0.00000,0.00000,0.00000,0.00000,0.00000,0.00000,0.00000,0.00000,0.00000,0.00000,0.00000,0.00000,0.00000,0.00000,0.00000,0.00000,0.00000,0.00000,0.00000,0.00000,0.00000,0.00000,0.00000,0.00000,0.00000,0.00000,0.00000,0.00000,0.00000,0.00000,0.00000,0.00000,0.00000,0.00000,0.00000,0.00000,0.00000,0.00000,0.00000,0.00000,0.00000,0.00000,0.00000,0.00000,0.00000,0.00000,0.00000,0.00000,0.00000,0.00000
5.5000,1,1,0.00,0.00,33.33,-0.05841,0.07032,0.54044,0.53633,0.53633,1.3000,0,0,0.23197,0.05361,0.01334,0.23206,0.05345,0.01304,0.30,0.02,0.53633,-0.27475,0.06242,0.39509,1.11446,-0.00000,0.99968,-0.27475,0.06197,0.39476,1.11445,0.00000,1.00000,23,0.22881,0.05103,0.01494,0.23370,0.05100,0,0.99427,0.00000,-0.00000,0.10692,virtual,1,260.09,312.12,260.09,312.12,260.09,312.12,260.09,312.12,260.09,312.12,260.09,312.12,260.09,312.12,260.09,312.12,260.09,312.12,260.09,312.12,260.09,312.12,260.09,312.12,260.09,312.12,260.09,312.12,260.09,312.12,260.09,312.12,260.09,312.12,260.09,312.12,260.09,312.12,260.09,312.12,260.09,312.12,0.00000,0.00000,0.00000,0.00000,0.00000,0.00000,0.00000,0.00000,0.00000,0.00000,0.00000,0.00000,0.00000,0.00000,0.00000,0.00000,0.00000,0.00000,0.00000,0.00000,0.00000,0.00000,0.00000,0.00000,0.00000,0.00000,0.00000,0.00000,0.00000,0.00000,0.00000,0.00000,0.00000,0.00000,0.00000,0.00000,0.00000,0.00000,0.00000,0.00000,0.00000,0.00000,0.00000,0.00000,0.00000,0.00000,0.00000,0.00000,0.00000,0.00000,0.00000,0.00000,0.00000,0.00000,0.00000,0.00000,0.00000,0.00000,0.00000,0.00000,0.00000,0.00000,0.00000,0.00000,0.00000,0.00000,0.00000,0.00000,0.00000,0.00000,0.00000,0.00000,0.00000,0.00000,0.00000,0.00000,0.00000,0.00000,0.00000,0.00000,0.00000,0.00000,0.00000,0.00000
5.5333,1,1,0.00,0.00,33.33,-0.05884,0.07084,0.54444,0.54844,0.54844,1.3000,0,0,0.23197,0.05361,0.01334,0.23206,0.05345,0.01304,0.30,0.02,0.54844,-0.27475,0.06242,0.39509,1.11446,-0.00000,1.00004,-0.27475,0.06197,0.39476,1.11445,0.00000,1.00000,23,0.22881,0.05103,0.01494,0.23370,0.05100,0,0.99427,0.00000,-0.00000,0.10692,virtual,1,260.09,312.12,260.09,312.12,260.09,312.12,260.09,312.12,260.09,312.12,260.09,312.12,260.09,312.12,260.09,312.12,260.09,312.12,260.09,312.12,260.09,312.12,260.09,312.12,260.09,312.12,260.09,312.12,260.09,312.12,260.09,312.12,260.09,312.12,260.09,312.12,260.09,312.12,260.09,312.12,260.09,312.12,0.00000,0.00000,0.00000,0.00000,0.00000,0.00000,0.00000,0.00000,0.00000,0.00000,0.00000,0.00000,0.00000,0.00000,0.00000,0.00000,0.00000,0.00000,0.00000,0.00000,0.00000,0.00000,0.00000,0.00000,0.00000,0.00000,0.00000,0.00000,0.00000,0.00000,0.00000,0.00000,0.00000,0.00000,0.00000,0.00000,0.00000,0.00000,0.00000,0.00000,0.00000,0.00000,0.00000,0.00000,0.00000,0.00000,0.00000,0.00000,0.00000,0.00000,0.00000,0.00000,0.00000,0.00000,0.00000,0.00000,0.00000,0.00000,0.00000,0.00000,0.00000,0.00000,0.00000,0.00000,0.00000,0.00000,0.00000,0.00000,0.00000,0.00000,0.00000,0.00000,0.00000,0.00000,0.00000,0.00000,0.00000,0.00000,0.00000,0.00000,0.00000,0.00000,0.00000,0.00000
5.5667,1,1,0.00,0.00,33.33,-0.05816,0.07002,0.53811,0.53179,0.53179,1.3000,0,0,0.23197,0.05361,0.01334,0.23206,0.05345,0.01304,0.30,0.02,0.53179,-0.27475,0.06242,0.39509,1.11446,-0.00000,0.99995,-0.27475,0.06197,0.39476,1.11445,0.00000,1.00000,23,0.22881,0.05103,0.01494,0.23370,0.05100,0,0.99427,0.00000,-0.00000,0.10692,virtual,0,260.09,312.12,260.09,312.12,260.09,312.12,260.09,312.12,260.09,312.12,260.09,312.12,260.09,312.12,260.09,312.12,260.09,312.12,260.09,312.12,260.09,312.12,260.09,312.12,260.09,312.12,260.09,312.12,260.09,312.12,260.09,312.12,260.09,312.12,260.09,312.12,260.09,312.12,260.09,312.12,260.09,312.12,0.00000,0.00000,0.00000,0.00000,0.00000,0.00000,0.00000,0.00000,0.00000,0.00000,0.00000,0.00000,0.00000,0.00000,0.00000,0.00000,0.00000,0.00000,0.00000,0.00000,0.00000,0.00000,0.00000,0.00000,0.00000,0.00000,0.00000,0.00000,0.00000,0.00000,0.00000,0.00000,0.00000,0.00000,0.00000,0.00000,0.00000,0.00000,0.00000,0.00000,0.00000,0.00000,0.00000,0.00000,0.00000,0.00000,0.00000,0.00000,0.00000,0.00000,0.00000,0.00000,0.00000,0.00000,0.00000,0.00000,0.00000,0.00000,0.00000,0.00000,0.00000,0.00000,0.00000,0.00000,0.00000,0.00000,0.00000,0.00000,0.00000,0.00000,0.00000,0.00000,0.00000,0.00000,0.00000,0.00000,0.00000,0.00000,0.00000,0.00000,0.00000,0.00000,0.00000,0.00000
5.6000,1,1,0.00,0.00,33.33,-0.05770,0.06946,0.53385,0.52958,0.52958,1.3000,0,0,0.23410,0.05315,0.01389,0.23440,0.05332,0.01402,0.09,0.01,0.52958,-0.27101,0.07348,0.37314,1.12274,0.00001,0.99998,-0.27080,0.07210,0.37562,1.12294,0.00000,1.00000,23,0.22989,0.05161,0.01544,0.23370,0.05100,1,0.99438,-0.00079,-0.00102,0.10588,virtual,0,260.09,312.12,260.09,312.12,260.09,312.12,260.09,312.12,260.09,312.12,260.09,312.12,260.09,312.12,260.09,312.12,260.09,312.12,260.09,312.12,260.09,312.12,260.09,312.12,260.09,312.12,260.09,312.12,260.09,312.12,260.09,312.12,260.09,312.12,260.09,312.12,260.09,312.12,260.09,312.12,260.09,312.12,0.00000,0.00000,0.00000,0.00000,0.00000,0.00000,0.00000,0.00000,0.00000,0.00000,0.00000,0.00000,0.00000,0.00000,0.00000,0.00000,0.00000,0.00000,0.00000,0.00000,0.00000,0.00000,0.00000,0.00000,0.00000,0.00000,0.00000,0.00000,0.00000,0.00000,0.00000,0.00000,0.00000,0.00000,0.00000,0.00000,0.00000,0.00000,0.00000,0.00000,0.00000,0.00000,0.00000,0.00000,0.00000,0.00000,0.00000,0.00000,0.00000,0.00000,0.00000,0.00000,0.00000,0.00000,0.00000,0.00000,0.00000,0.00000,0.00000,0.00000,0.00000,0.00000,0.00000,0.00000,0.00000,0.00000,0.00000,0.00000,0.00000,0.00000,0.00000,0.00000,0.00000,0.00000,0.00000,0.00000,0.00000,0.00000,0.00000,0.00000,0.00000,0.00000,0.00000,0.00000
5.6333,1,1,0.00,0.00,33.33,-0.05872,0.07069,0.54328,0.55271,0.55271,1.3000,0,0,0.22939,0.05417,0.01267,0.23139,0.05497,0.01403,0.28,0.02,0.55271,-0.28298,0.03692,0.42129,1.09722,0.00001,1.00000,-0.28105,0.04568,0.42086,1.10458,0.00000,1.00000,23,0.23165,0.05270,0.01486,0.23370,0.05100,1,0.99530,0.00129,0.00116,0.09686,virtual,0,260.09,312.12,260.09,312.12,260.09,312.12,260.09,312.12,260.09,312.12,260.09,312.12,260.09,312.12,260.09,312.12,260.09,312.12,260.09,312.12,260.09,312.12,260.09,312.12,260.09,312.12,260.09,312.12,260.09,312.12,260.09,312.12,260.09,312.12,260.09,312.12,260.09,312.12,260.09,312.12,260.09,312.12,0.00000,0.00000,0.00000,0.00000,0.00000,0.00000,0.00000,0.00000,0.00000,0.00000,0.00000,0.00000,0.00000,0.00000,0.00000,0.00000,0.00000,0.00000,0.00000,0.00000,0.00000,0.00000,0.00000,0.00000,0.00000,0.00000,0.00000,0.00000,0.00000,0.00000,0.00000,0.00000,0.00000,0.00000,0.00000,0.00000,0.00000,0.00000,0.00000,0.00000,0.00000,0.00000,0.00000,0.00000,0.00000,0.00000,0.00000,0.00000,0.00000,0.00000,0.00000,0.00000,0.00000,0.00000,0.00000,0.00000,0.00000,0.00000,0.00000,0.00000,0.00000,0.00000,0.00000,0.00000,0.00000,0.00000,0.00000,0.00000,0.00000,0.00000,0.00000,0.00000,0.00000,0.00000,0.00000,0.00000,0.00000,0.00000,0.00000,0.00000,0.00000,0.00000,0.00000,0.00000
5.6667,1,1,0.00,0.00,33.33,-0.05781,0.06959,0.53486,0.52645,0.52645,1.3000,0,0,0.23359,0.05326,0.01376,0.22172,0.04988,0.00674,0.23,0.02,0.52645,-0.27144,0.07388,0.42847,1.12979,0.00000,1.00000,-0.27218,0.06763,0.38207,1.12081,0.00000,1.00000,23,0.23162,0.05274,0.01491,0.23370,0.05100,1,0.99530,0.00017,0.00001,0.09683,virtual,0,260.09,312.12,260.09,312.12,260.09,312.12,260.09,312.12,260.09,312.12,260.09,312.12,260.09,312.12,260.09,312.12,260.09,312.12,260.09,312.12,260.09,312.12,260.09,312.12,260.09,312.12,260.09,312.12,260.09,312.12,260.09,312.12,260.09,312.12,260.09,312.12,260.09,312.12,260.09,312.12,260.09,312.12,0.00000,0.00000,0.00000,0.00000,0.00000,0.00000,0.00000,0.00000,0.00000,0.00000,0.00000,0.00000,0.00000,0.00000,0.00000,0.00000,0.00000,0.00000,0.00000,0.00000,0.00000,0.00000,0.00000,0.00000,0.00000,0.00000,0.00000,0.00000,0.00000,0.00000,0.00000,0.00000,0.00000,0.00000,0.00000,0.00000,0.00000,0.00000,0.00000,0.00000,0.00000,0.00000,0.00000,0.00000,0.00000,0.00000,0.00000,0.00000,0.00000,0.00000,0.00000,0.00000,0.00000,0.00000,0.00000,0.00000,0.00000,0.00000,0.00000,0.00000,0.00000,0.00000,0.00000,0.00000,0.00000,0.00000,0.00000,0.00000,0.00000,0.00000,0.00000,0.00000,0.00000,0.00000,0.00000,0.00000,0.00000,0.00000,0.00000,0.00000,0.00000,0.00000,0.00000,0.00000
5.7000,1,1,0.00,0.00,33.33,-0.05822,0.07009,0.53870,0.54254,0.54254,1.3000,0,0,0.23168,0.05367,0.01326,0.23271,0.05359,0.01149,0.09,0.01,0.54254,-0.27456,0.07574,0.39029,1.10802,0.00000,0.99999,-0.27608,0.05851,0.39872,1.11370,0.00000,1.00000,23,0.23162,0.05274,0.01493,0.23370,0.05100,1,0.99530,0.00004,0.00000,0.09683,virtual,0,260.09,312.12,260.09,312.12,260.09,312.12,260.09,312.12,260.09,312.12,260.09,312.12,260.09,312.12,260.09,312.12,260.09,312.12,260.09,312.12,260.09,312.12,260.09,312.12,260.09,312.12,260.09,312.12,260.09,312.12,260.09,312.12,260.09,312.12,260.09,312.12,260.09,312.12,260.09,312.12,260.09,312.12,0.00000,0.00000,0.00000,0.00000,0.00000,0.00000,0.00000,0.00000,0.00000,0.00000,0.00000,0.00000,0.00000,0.00000,0.00000,0.00000,0.00000,0.00000,0.00000,0.00000,0.00000,0.00000,0.00000,0.00000,0.00000,0.00000,0.00000,0.00000,0.00000,0.00000,0.00000,0.00000,0.00000,0.00000,0.00000,0.00000,0.00000,0.00000,0.00000,0.00000,0.00000,0.00000,0.00000,0.00000,0.00000,0.00000,0.00000,0.00000,0.00000,0.00000,0.00000,0.00000,0.00000,0.00000,0.00000,0.00000,0.00000,0.00000,0.00000,0.00000,0.00000,0.00000,0.00000,0.00000,0.00000,0.00000,0.00000,0.00000,0.00000,0.00000,0.00000,0.00000,0.00000,0.00000,0.00000,0.00000,0.00000,0.00000,0.00000,0.00000,0.00000,0.00000,0.00000,0.00000
5.7333,1,1,0.00,0.00,33.33,-0.05842,0.07032,0.54048,0.54225,0.54225,1.3000,0,0,0.23079,0.05387,0.01303,0.23063,0.05395,0.01401,0.06,0.00,0.54225,-0.27910,0.04190,0.41396,1.11018,-0.00000,1.00000,-0.27834,0.05275,0.40794,1.11018,0.00000,1.00000,23,0.23162,0.05274,0.01494,0.23370,0.05100,1,0.99530,0.00001,0.00000,0.09683,virtual,0,260.09,312.12,260.09,312.12,260.09,312.12,260.09,312.12,260.09,312.12,260.09,312.12,260.09,312.12,260.09,312.12,260.09,312.12,260.09,312.12,260.09,312.12,260.09,312.12,260.09,312.12,260.09,312.12,260.09,312.12,260.09,312.12,260.09,312.12,260.09,312.12,260.09,312.12,260.09,312.12,260.09,312.12,0.00000,0.00000,0.00000,0.00000,0.00000,0.00000,0.00000,0.00000,0.00000,0.00000,0.00000,0.00000,0.00000,0.00000,0.00000,0.00000,0.00000,0.00000,0.00000,0.00000,0.00000,0.00000,0.00000,0.00000,0.00000,0.00000,0.00000,0.00000,0.00000,0.00000,0.00000,0.00000,0.00000,0.00000,0.00000,0.00000,0.00000,0.00000,0.00000,0.00000,0.00000,0.00000,0.00000,0.00000,0.00000,0.00000,0.00000,0.00000,0.00000,0.00000,0.00000,0.00000,0.00000,0.00000,0.00000,0.00000,0.00000,0.00000,0.00000,0.00000,0.00000,0.00000,0.00000,0.00000,0.00000,0.00000,0.00000,0.00000,0.00000,0.00000,0.00000,0.00000,0.00000,0.00000,0.00000,0.00000,0.00000,0.00000,0.00000,0.00000,0.00000,0.00000,0.00000,0.00000
5.7667,1,1,0.00,0.00,33.33,-0.05843,0.07034,0.54060,0.54072,0.54072,1.3000,0,0,0.23073,0.05388,0.01302,0.23037,0.05378,0.01224,0.12,0.00,0.54072,-0.27865,0.05718,0.40800,1.11017,0.00000,0.99999,-0.27834,0.05275,0.40794,1.11018,0.00000,1.00000,23,0.23162,0.05274,0.01494,0.23370,0.05100,1,0.99530,0.00000,0.00000,0.09683,virtual,0,260.09,312.12,260.09,312.12,260.09,312.12,260.09,312.12,260.09,312.12,260.09,312.12,260.09,312.12,260.09,312.12,260.09,312.12,260.09,312.12,260.09,312.12,260.09,312.12,260.09,312.12,260.09,312.12,260.09,312.12,260.09,312.12,260.09,312.12,260.09,312.12,260.09,312.12,260.09,312.12,260.09,312.12,0.00000,0.00000,0.00000,0.00000,0.00000,0.00000,0.00000,0.00000,0.00000,0.00000,0.00000,0.00000,0.00000,0.00000,0.00000,0.00000,0.00000,0.00000,0.00000,0.00000,0.00000,0.00000,0.00000,0.00000,0.00000,0.00000,0.00000,0.00000,0.00000,0.00000,0.00000,0.00000,0.00000,0.00000,0.00000,0.00000,0.00000,0.00000,0.00000,0.00000,0.00000,0.00000,0.00000,0.00000,0.00000,0.00000,0.00000,0.00000,0.00000,0.00000,0.00000,0.00000,0.00000,0.00000,0.00000,0.00000,0.00000,0.00000,0.00000,0.00000,0.00000,0.00000,0.00000,0.00000,0.00000,0.00000,0.00000,0.00000,0.00000,0.00000,0.00000,0.00000,0.00000,0.00000,0.00000,0.00000,0.00000,0.00000,0.00000,0.00000,0.00000,0.00000,0.00000,0.00000
5.8000,1,1,0.00,0.00,33.33,-0.05867,0.07063,0.54284,0.54508,0.54508,1.3000,0,0,0.22961,0.05412,0.01272,0.22923,0.05391,0.01232,0.08,0.00,0.54508,-0.28088,0.04702,0.42040,1.10669,0.00000,0.99999,-0.28117,0.04552,0.41969,1.10567,0.00000,1.00000,23,0.23162,0.05274,0.01494,0.23370,0.05100,1,0.99530,0.00000,0.00000,0.09683,virtual,0,260.09,312.12,260.09,312.12,260.09,312.12,260.09,312.12,260.09,312.12,260.09,312.12,260.09,312.12,260.09,312.12,260.09,312.12,260.09,312.12,260.09,312.12,260.09,312.12,260.09,312.12,260.09,312.12,260.09,312.12,260.09,312.12,260.09,312.12,260.09,312.12,260.09,312.12,260.09,312.12,260.09,312.12,0.00000,0.00000,0.00000,0.00000,0.00000,0.00000,0.00000,0.00000,0.00000,0.00000,0.00000,0.00000,0.00000,0.00000,0.00000,0.00000,0.00000,0.00000,0.00000,0.00000,0.00000,0.00000,0.00000,0.00000,0.00000,0.00000,0.00000,0.00000,0.00000,0.00000,0.00000,0.00000,0.00000,0.00000,0.00000,0.00000,0.00000,0.00000,0.00000,0.00000,0.00000,0.00000,0.00000,0.00000,0.00000,0.00000,0.00000,0.00000,0.00000,0.00000,0.00000,0.00000,0.00000,0.00000,0.00000,0.00000,0.00000,0.00000,0.00000,0.00000,0.00000,0.00000,0.00000,0.00000,0.00000,0.00000,0.00000,0.00000,0.00000,0.00000,0.00000,0.00000,0.00000,0.00000,0.00000,0.00000,0.00000,0.00000,0.00000,0.00000,0.00000,0.00000,0.00000,0.00000
5.8333,1,1,0.00,0.00,33.33,-0.05841,0.07032,0.54046,0.53808,0.53808,1.3000,0,0,0.23080,0.05386,0.01303,0.23117,0.05399,0.01338,0.06,0.00,0.53808,-0.27856,0.05061,0.40788,1.10942,0.00000,0.99999,-0.27862,0.05168,0.40879,1.11024,0.00000,1.00000,23,0.23162,0.05274,0.01494,0.23370,0.05100,1,0.99530,0.00000,0.00000,0.09683,virtual,0,260.09,312.12,260.09,312.12,260.09,312.12,260.09,312.12,260.09,312.12,260.09,312.12,260.09,312.12,260.09,312.12,260.09,312.12,260.09,312.12,260.09,312.12,260.09,312.12,260.09,312.12,260.09,312.12,260.09,312.12,260.09,312.12,260.09,312.12,260.09,312.12,260.09,312.12,260.09,312.12,260.09,312.12,0.00000,0.00000,0.00000,0.00000,0.00000,0.00000,0.00000,0.00000,0.00000,0.00000,0.00000,0.00000,0.00000,0.00000,0.00000,0.00000,0.00000,0.00000,0.00000,0.00000,0.00000,0.00000,0.00000,0.00000,0.00000,0.00000,0.00000,0.00000,0.00000,0.00000,0.00000,0.00000,0.00000,0.00000,0.00000,0.00000,0.00000,0.00000,0.00000,0.00000,0.00000,0.00000,0.00000,0.00000,0.00000,0.00000,0.00000,0.00000,0.00000,0.00000,0.00000,0.00000,0.00000,0.00000,0.00000,0.00000,0.00000,0.00000,0.00000,0.00000,0.00000,0.00000,0.00000,0.00000,0.00000,0.00000,0.00000,0.00000,0.00000,0.00000,0.00000,0.00000,0.00000,0.00000,0.00000,0.00000,0.00000,0.00000,0.00000,0.00000,0.00000,0.00000,0.00000,0.00000
5.8667,1,1,0.00,0.00,33.33,-0.05816,0.07002,0.53814,0.53582,0.53582,1.3000,0,0,0.23196,0.05361,0.01334,0.23196,0.05370,0.01305,0.08,0.00,0.53582,-0.27609,0.06161,0.39607,1.11383,0.00001,1.00000,-0.27584,0.05881,0.39714,1.11476,0.00000,1.00000,23,0.23162,0.05274,0.01494,0.23370,0.05100,1,0.99530,0.00000,0.00000,0.09683,virtual,0,260.09,312.12,260.09,312.12,260.09,312.12,260.09,312.12,260.09,312.12,260.09,312.12,260.09,312.12,260.09,312.12,260.09,312.12,260.09,312.12,260.09,312.12,260.09,312.12,260.09,312.12,260.09,312.12,260.09,312.12,260.09,312.12,260.09,312.12,260.09,312.12,260.09,312.12,260.09,312.12,260.09,312.12,0.00000,0.00000,0.00000,0.00000,0.00000,0.00000,0.00000,0.00000,0.00000,0.00000,0.00000,0.00000,0.00000,0.00000,0.00000,0.00000,0.00000,0.00000,0.00000,0.00000,0.00000,0.00000,0.00000,0.00000,0.00000,0.00000,0.00000,0.00000,0.00000,0.00000,0.00000,0.00000,0.00000,0.00000,0.00000,0.00000,0.00000,0.00000,0.00000,0.00000,0.00000,0.00000,0.00000,0.00000,0.00000,0.00000,0.00000,0.00000,0.00000,0.00000,0.00000,0.00000,0.00000,0.00000,0.00000,0.00000,0.00000,0.00000,0.00000,0.00000,0.00000,0.00000,0.00000,0.00000,0.00000,0.00000,0.00000,0.00000,0.00000,0.00000,0.00000,0.00000,0.00000,0.00000,0.00000,0.00000,0.00000,0.00000,0.00000,0.00000,0.00000,0.00000,0.00000,0.00000
5.9000,1,1,0.00,0.00,33.33,-0.05831,0.07019,0.53948,0.54082,0.54082,1.3000,0,0,0.23129,0.05376,0.01316,0.23183,0.05357,0.01319,0.66,0.00,0.54082,-0.27564,0.06010,0.39692,1.11470,-0.00000,1.00000,-0.27584,0.05881,0.39714,1.11476,0.00000,1.00000,23,0.23162,0.05274,0.01494,0.23370,0.05100,1,0.99530,0.00000,0.00000,0.09683,virtual,0,260.09,312.12,260.09,312.12,260.09,312.12,260.09,312.12,260.09,312.12,260.09,312.12,260.09,312.12,260.09,312.12,260.09,312.12,260.09,312.12,260.09,312.12,260.09,312.12,260.09,312.12,260.09,312.12,260.09,312.12,260.09,312.12,260.09,312.12,260.09,312.12,260.09,312.12,260.09,312.12,260.09,312.12,0.00000,0.00000,0.00000,0.00000,0.00000,0.00000,0.00000,0.00000,0.00000,0.00000,0.00000,0.00000,0.00000,0.00000,0.00000,0.00000,0.00000,0.00000,0.00000,0.00000,0.00000,0.00000,0.00000,0.00000,0.00000,0.00000,0.00000,0.00000,0.00000,0.00000,0.00000,0.00000,0.00000,0.00000,0.00000,0.00000,0.00000,0.00000,0.00000,0.00000,0.00000,0.00000,0.00000,0.00000,0.00000,0.00000,0.00000,0.00000,0.00000,0.00000,0.00000,0.00000,0.00000,0.00000,0.00000,0.00000,0.00000,0.00000,0.00000,0.00000,0.00000,0.00000,0.00000,0.00000,0.00000,0.00000,0.00000,0.00000,0.00000,0.00000,0.00000,0.00000,0.00000,0.00000,0.00000,0.00000,0.00000,0.00000,0.00000,0.00000,0.00000,0.00000,0.00000,0.00000
5.9333,1,1,0.00,0.00,33.33,-0.05844,0.07035,0.54067,0.54186,0.54186,1.3000,0,0,0.23069,0.05389,0.01301,0.22984,0.05366,0.01246,0.07,0.00,0.54186,-0.27882,0.05237,0.41233,1.11086,0.00000,0.99999,-0.27854,0.05217,0.40884,1.10988,0.00000,1.00000,23,0.23162,0.05274,0.01494,0.23370,0.05100,1,0.99530,0.00000,0.00000,0.09683,virtual,0,260.09,312.12,260.09,312.12,260.09,312.12,260.09,312.12,260.09,312.12,260.09,312.12,260.09,312.12,260.09,312.12,260.09,312.12,260.09,312.12,260.09,312.12,260.09,312.12,260.09,312.12,260.09,312.12,260.09,312.12,260.09,312.12,260.09,312.12,260.09,312.12,260.09,312.12,260.09,312.12,260.09,312.12,0.00000,0.00000,0.00000,0.00000,0.00000,0.00000,0.00000,0.00000,0.00000,0.00000,0.00000,0.00000,0.00000,0.00000,0.00000,0.00000,0.00000,0.00000,0.00000,0.00000,0.00000,0.00000,0.00000,0.00000,0.00000,0.00000,0.00000,0.00000,0.00000,0.00000,0.00000,0.00000,0.00000,0.00000,0.00000,0.00000,0.00000,0.00000,0.00000,0.00000,0.00000,0.00000,0.00000,0.00000,0.00000,0.00000,0.00000,0.00000,0.00000,0.00000,0.00000,0.00000,0.00000,0.00000,0.00000,0.00000,0.00000,0.00000,0.00000,0.00000,0.00000,0.00000,0.00000,0.00000,0.00000,0.00000,0.00000,0.00000,0.00000,0.00000,0.00000,0.00000,0.00000,0.00000,0.00000,0.00000,0.00000,0.00000,0.00000,0.00000,0.00000,0.00000,0.00000,0.00000
5.9667,1,1,0.00,0.00,33.33,-0.05849,0.07042,0.54118,0.54168,0.54168,1.3000,0,0,0.23044,0.05394,0.01294,0.23057,0.05386,0.01288,0.32,0.00,0.54168,-0.27879,0.05203,0.40968,1.10986,0.00000,0.99999,-0.27854,0.05217,0.40884,1.10988,0.00000,1.00000,23,0.23162,0.05274,0.01494,0.23370,0.05100,1,0.99530,0.00000,0.00000,0.09683,virtual,0,260.09,312.12,260.09,312.12,260.09,312.12,260.09,312.12,260.09,312.12,260.09,312.12,260.09,312.12,260.09,312.12,260.09,312.12,260.09,312.12,260.09,312.12,260.09,312.12,260.09,312.12,260.09,312.12,260.09,312.12,260.09,312.12,260.09,312.12,260.09,312.12,260.09,312.12,260.09,312.12,260.09,312.12,0.00000,0.00000,0.00000,0.00000,0.00000,0.00000,0.00000,0.00000,0.00000,0.00000,0.00000,0.00000,0.00000,0.00000,0.00000,0.00000,0.00000,0.00000,0.00000,0.00000,0.00000,0.00000,0.00000,0.00000,0.00000,0.00000,0.00000,0.00000,0.00000,0.00000,0.00000,0.00000,0.00000,0.00000,0.00000,0.00000,0.00000,0.00000,0.00000,0.00000,0.00000,0.00000,0.00000,0.00000,0.00000,0.00000,0.00000,0.00000,0.00000,0.00000,0.00000,0.00000,0.00000,0.00000,0.00000,0.00000,0.00000,0.00000,0.00000,0.00000,0.00000,0.00000,0.00000,0.00000,0.00000,0.00000,0.00000,0.00000,0.00000,0.00000,0.00000,0.00000,0.00000,0.00000,0.00000,0.00000,0.00000,0.00000,0.00000,0.00000,0.00000,0.00000,0.00000,0.00000
6.0000,1,1,0.00,0.00,33.33,-0.05833,0.07023,0.53972,0.53826,0.53826,1.3000,0,0,0.23117,0.05378,0.01313,0.23069,0.05383,0.01290,0.46,0.00,0.53826,-0.27846,0.05246,0.40904,1.10979,0.00000,1.00000,-0.27854,0.05217,0.40884,1.10988,0.00000,1.00000,23,0.23162,0.05274,0.01494,0.23370,0.05100,1,0.99530,0.00000,0.00000,0.09683,virtual,0,260.09,312.12,260.09,312.12,260.09,312.12,260.09,312.12,260.09,312.12,260.09,312.12,260.09,312.12,260.09,312.12,260.09,312.12,260.09,312.12,260.09,312.12,260.09,312.12,260.09,312.12,260.09,312.12,260.09,312.12,260.09,312.12,260.09,312.12,260.09,312.12,260.09,312.12,260.09,312.12,260.09,312.12,0.00000,0.00000,0.00000,0.00000,0.00000,0.00000,0.00000,0.00000,0.00000,0.00000,0.00000,0.00000,0.00000,0.00000,0.00000,0.00000,0.00000,0.00000,0.00000,0.00000,0.00000,0.00000,0.00000,0.00000,0.00000,0.00000,0.00000,0.00000,0.00000,0.00000,0.00000,0.00000,0.00000,0.00000,0.00000,0.00000,0.00000,0.00000,0.00000,0.00000,0.00000,0.00000,0.00000,0.00000,0.00000,0.00000,0.00000,0.00000,0.00000,0.00000,0.00000,0.00000,0.00000,0.00000,0.00000,0.00000,0.00000,0.00000,0.00000,0.00000,0.00000,0.00000,0.00000,0.00000,0.00000,0.00000,0.00000,0.00000,0.00000,0.00000,0.00000,0.00000,0.00000,0.00000,0.00000,0.00000,0.00000,0.00000,0.00000,0.00000,0.00000,0.00000,0.00000,0.00000
6.0333,1,1,0.00,0.00,33.33,-0.05848,0.07041,0.54110,0.54249,0.54249,1.3000,0,0,0.23047,0.05393,0.01295,0.23062,0.05383,0.01284,0.28,0.00,0.54249,-0.27854,0.05266,0.40921,1.10988,0.00000,1.00000,-0.27854,0.05217,0.40884,1.10988,0.00000,1.00000,23,0.23162,0.05274,0.01494,0.23370,0.05100,1,0.99530,0.00000,0.00000,0.09683,virtual,0,260.09,312.12,260.09,312.12,260.09,312.12,260.09,312.12,260.09,312.12,260.09,312.12,260.09,312.12,260.09,312.12,260.09,312.12,260.09,312.12,260.09,312.12,260.09,312.12,260.09,312.12,260.09,312.12,260.09,312.12,260.09,312.12,260.09,312.12,260.09,312.12,260.09,312.12,260.09,312.12,260.09,312.12,0.00000,0.00000,0.00000,0.00000,0.00000,0.00000,0.00000,0.00000,0.00000,0.00000,0.00000,0.00000,0.00000,0.00000,0.00000,0.00000,0.00000,0.00000,0.00000,0.00000,0.00000,0.00000,0.00000,0.00000,0.00000,0.00000,0.00000,0.00000,0.00000,0.00000,0.00000,0.00000,0.00000,0.00000,0.00000,0.00000,0.00000,0.00000,0.00000,0.00000,0.00000,0.00000,0.00000,0.00000,0.00000,0.00000,0.00000,0.00000,0.00000,0.00000,0.00000,0.00000,0.00000,0.00000,0.00000,0.00000,0.00000,0.00000,0.00000,0.00000,0.00000,0.00000,0.00000,0.00000,0.00000,0.00000,0.00000,0.00000,0.00000,0.00000,0.00000,0.00000,0.00000,0.00000,0.00000,0.00000,0.00000,0.00000,0.00000,0.00000,0.00000,0.00000,0.00000,0.00000
6.0667,1,1,0.00,0.00,33.33,-0.05714,0.06930,0.53693,0.53275,0.53275,1.3000,0,0,0.23256,0.05259,0.01406,0.23348,0.05292,0.01468,0.10,0.01,0.53275,-0.27032,0.05829,0.38779,1.11919,0.00001,0.99999,-0.27039,0.05912,0.39149,1.12006,0.00000,1.00000,23,0.23162,0.05274,0.01494,0.23370,0.05100,1,0.99530,0.00000,0.00000,0.09683,virtual,0,261.96,310.95,261.96,310.95,261.96,310.95,261.96,310.95,261.96,310.95,261.96,310.95,261.96,310.95,261.96,310.95,261.96,310.95,261.96,310.95,261.96,310.95,261.96,310.95,261.96,310.95,261.96,310.95,261.96,310.95,261.96,310.95,261.96,310.95,261.96,310.95,261.96,310.95,261.96,310.95,261.96,310.95,0.00000,0.00000,0.00000,0.00000,0.00000,0.00000,0.00000,0.00000,0.00000,0.00000,0.00000,0.00000,0.00000,0.00000,0.00000,0.00000,0.00000,0.00000,0.00000,0.00000,0.00000,0.00000,0.00000,0.00000,0.00000,0.00000,0.00000,0.00000,0.00000,0.00000,0.00000,0.00000,0.00000,0.00000,0.00000,0.00000,0.00000,0.00000,0.00000,0.00000,0.00000,0.00000,0.00000,0.00000,0.00000,0.00000,0.00000,0.00000,0.00000,0.00000,0.00000,0.00000,0.00000,0.00000,0.00000,0.00000,0.00000,0.00000,0.00000,0.00000,0.00000,0.00000,0.00000,0.00000,0.00000,0.00000,0.00000,0.00000,0.00000,0.00000,0.00000,0.00000,0.00000,0.00000,0.00000,0.00000,0.00000,0.00000,0.00000,0.00000,0.00000,0.00000,0.00000,0.00000
6.1000,1,1,0.00,0.00,33.33,-0.05700,0.06940,0.53992,0.54291,0.54291,1.3000,0,0,0.23107,0.05245,0.01396,0.22951,0.05186,0.01263,0.13,0.01,0.54291,-0.27051,0.05150,0.41160,1.11741,-0.00000,1.00000,-0.27120,0.04920,0.40538,1.11632,0.00000,1.00000,23,0.23162,0.05274,0.01494,0.23370,0.05100,1,0.99530,0.00000,0.00000,0.09683,virtual,0,261.96,310.95,261.96,310.95,261.96,310.95,261.96,310.95,261.96,310.95,261.96,310.95,261.96,310.95,261.96,310.95,261.96,310.95,261.96,310.95,261.96,310.95,261.96,310.95,261.96,310.95,261.96,310.95,261.96,310.95,261.96,310.95,261.96,310.95,261.96,310.95,261.96,310.95,261.96,310.95,261.96,310.95,0.00000,0.00000,0.00000,0.00000,0.00000,0.00000,0.00000,0.00000,0.00000,0.00000,0.00000,0.00000,0.00000,0.00000,0.00000,0.00000,0.00000,0.00000,0.00000,0.00000,0.00000,0.00000,0.00000,0.00000,0.00000,0.00000,0.00000,0.00000,0.00000,0.00000,0.00000,0.00000,0.00000,0.00000,0.00000,0.00000,0.00000,0.00000,0.00000,0.00000,0.00000,0.00000,0.00000,0.00000,0.00000,0.00000,0.00000,0.00000,0.00000,0.00000,0.00000,0.00000,0.00000,0.00000,0.00000,0.00000,0.00000,0.00000,0.00000,0.00000,0.00000,0.00000,0.00000,0.00000,0.00000,0.00000,0.00000,0.00000,0.00000,0.00000,0.00000,0.00000,0.00000,0.00000,0.00000,0.00000,0.00000,0.00000,0.00000,0.00000,0.00000,0.00000,0.00000,0.00000
6.1333,1,1,0.00,0.00,33.33,-0.05640,0.06689,0.53638,0.53285,0.53285,1.3000,0,0,0.23283,0.05185,0.01646,0.23224,0.05167,0.01654,0.20,0.01,0.53285,-0.26596,0.05241,0.37933,1.14370,0.00001,1.00000,-0.26631,0.05260,0.38169,1.13633,0.00000,1.00000,23,0.23162,0.05274,0.01494,0.23370,0.05100,1,0.99530,0.00000,0.00000,0.09683,virtual,0,261.96,306.97,261.96,306.97,261.96,306.97,261.96,306.97,261.96,306.97,261.96,306.97,261.96,306.97,261.96,306.97,261.96,306.97,261.96,306.97,261.96,306.97,261.96,306.97,261.96,306.97,261.96,306.97,261.96,306.97,261.96,306.97,261.96,306.97,261.96,306.97,261.96,306.97,261.96,306.97,261.96,306.97,0.00000,0.00000,0.00000,0.00000,0.00000,0.00000,0.00000,0.00000,0.00000,0.00000,0.00000,0.00000,0.00000,0.00000,0.00000,0.00000,0.00000,0.00000,0.00000,0.00000,0.00000,0.00000,0.00000,0.00000,0.00000,0.00000,0.00000,0.00000,0.00000,0.00000,0.00000,0.00000,0.00000,0.00000,0.00000,0.00000,0.00000,0.00000,0.00000,0.00000,0.00000,0.00000,0.00000,0.00000,0.00000,0.00000,0.00000,0.00000,0.00000,0.00000,0.00000,0.00000,0.00000,0.00000,0.00000,0.00000,0.00000,0.00000,0.00000,0.00000,0.00000,0.00000,0.00000,0.00000,0.00000,0.00000,0.00000,0.00000,0.00000,0.00000,0.00000,0.00000,0.00000,0.00000,0.00000,0.00000,0.00000,0.00000,0.00000,0.00000,0.00000,0.00000,0.00000,0.00000
6.1667,1,1,0.00,0.00,33.33,-0.05662,0.06428,0.53975,0.54311,0.54311,1.3000,0,0,0.23115,0.05207,0.01907,0.23141,0.05195,0.01912,0.51,0.00,0.54311,-0.26842,0.02850,0.38956,1.14962,-0.00000,1.00000,-0.26914,0.03432,0.38575,1.15075,0.00000,1.00000,23,0.23162,0.05274,0.01494,0.23370,0.05100,1,0.99530,-0.00000,-0.00000,0.09683,virtual,0,261.98,302.94,261.98,302.94,261.98,302.94,261.98,302.94,261.98,302.94,261.98,302.94,261.98,302.94,261.98,302.94,261.98,302.94,261.98,302.94,261.98,302.94,261.98,302.94,261.98,302.94,261.98,302.94,261.98,302.94,261.98,302.94,261.98,302.94,261.98,302.94,261.98,302.94,261.98,302.94,261.98,302.94,0.00000,0.00000,0.00000,0.00000,0.00000,0.00000,0.00000,0.00000,0.00000,0.00000,0.00000,0.00000,0.00000,0.00000,0.00000,0.00000,0.00000,0.00000,0.00000,0.00000,0.00000,0.00000,0.00000,0.00000,0.00000,0.00000,0.00000,0.00000,0.00000,0.00000,0.00000,0.00000,0.00000,0.00000,0.00000,0.00000,0.00000,0.00000,0.00000,0.00000,0.00000,0.00000,0.00000,0.00000,0.00000,0.00000,0.00000,0.00000,0.00000,0.00000,0.00000,0.00000,0.00000,0.00000,0.00000,0.00000,0.00000,0.00000,0.00000,0.00000,0.00000,0.00000,0.00000,0.00000,0.00000,0.00000,0.00000,0.00000,0.00000,0.00000,0.00000,0.00000,0.00000,0.00000,0.00000,0.00000,0.00000,0.00000,0.00000,0.00000,0.00000,0.00000,0.00000,0.00000
6.2000,1,1,0.00,0.00,33.33,-0.05719,0.06149,0.54598,0.55222,0.55222,1.3000,0,0,0.22803,0.05264,0.02186,0.22688,0.05219,0.02096,0.72,0.01,0.55222,-0.27575,0.00001,0.40922,1.16819,-0.00000,1.00000,-0.27583,0.00404,0.40248,1.16439,0.00000,1.00000,23,0.23162,0.05274,0.01494,0.23370,0.05100,1,0.99530,-0.00000,0.00000,0.09683,virtual,0,262.02,298.92,262.02,298.92,262.02,298.92,262.02,298.92,262.02,298.92,262.02,298.92,262.02,298.92,262.02,298.92,262.02,298.92,262.02,298.92,262.02,298.92,262.02,298.92,262.02,298.92,262.02,298.92,262.02,298.92,262.02,298.92,262.02,298.92,262.02,298.92,262.02,298.92,262.02,298.92,262.02,298.92,0.00000,0.00000,0.00000,0.00000,0.00000,0.00000,0.00000,0.00000,0.00000,0.00000,0.00000,0.00000,0.00000,0.00000,0.00000,0.00000,0.00000,0.00000,0.00000,0.00000,0.00000,0.00000,0.00000,0.00000,0.00000,0.00000,0.00000,0.00000,0.00000,0.00000,0.00000,0.00000,0.00000,0.00000,0.00000,0.00000,0.00000,0.00000,0.00000,0.00000,0.00000,0.00000,0.00000,0.00000,0.00000,0.00000,0.00000,0.00000,0.00000,0.00000,0.00000,0.00000,0.00000,0.00000,0.00000,0.00000,0.00000,0.00000,0.00000,0.00000,0.00000,0.00000,0.00000,0.00000,0.00000,0.00000,0.00000,0.00000,0.00000,0.00000,0.00000,0.00000,0.00000,0.00000,0.00000,0.00000,0.00000,0.00000,0.00000,0.00000,0.00000,0.00000,0.00000,0.00000
6.2333,1,1,0.00,0.00,33.33,-0.05719,0.05786,0.54622,0.54645,0.54645,1.3000,0,0,0.22792,0.05264,0.02550,0.22886,0.05304,0.02609,0.56,0.01,0.54645,-0.27714,-0.00953,0.38117,1.19662,0.00000,1.00000,-0.27645,-0.00947,0.38945,1.19071,0.00000,1.00000,23,0.23162,0.05274,0.01494,0.23370,0.05100,1,0.99530,0.00000,0.00000,0.09683,virtual,0,262.00,295.00,262.00,295.00,262.00,295.00,262.00,295.00,262.00,295.00,262.00,295.00,262.00,295.00,262.00,295.00,262.00,295.00,262.00,295.00,262.00,295.00,262.00,295.00,262.00,295.00,262.00,295.00,262.00,295.00,262.00,295.00,262.00,295.00,262.00,295.00,262.00,295.00,262.00,295.00,262.00,295.00,0.00000,0.00000,0.00000,0.00000,0.00000,0.00000,0.00000,0.00000,0.00000,0.00000,0.00000,0.00000,0.00000,0.00000,0.00000,0.00000,0.00000,0.00000,0.00000,0.00000,0.00000,0.00000,0.00000,0.00000,0.00000,0.00000,0.00000,0.00000,0.00000,0.00000,0.00000,0.00000,0.00000,0.00000,0.00000,0.00000,0.00000,0.00000,0.00000,0.00000,0.00000,0.00000,0.00000,0.00000,0.00000,0.00000,0.00000,0.00000,0.00000,0.00000,0.00000,0.00000,0.00000,0.00000,0.00000,0.00000,0.00000,0.00000,0.00000,0.00000,0.00000,0.00000,0.00000,0.00000,0.00000,0.00000,0.00000,0.00000,0.00000,0.00000,0.00000,0.00000,0.00000,0.00000,0.00000,0.00000,0.00000,0.00000,0.00000,0.00000,0.00000,0.00000,0.00000,0.00000
6.2667,1,1,0.00,0.00,33.33,-0.05592,0.05302,0.53471,0.52320,0.52320,1.3000,0,0,0.23367,0.05137,0.03034,0.22893,0.04934,0.02612,0.32,0.03,0.52320,-0.25896,0.03190,0.32723,1.24730,0.00000,1.00000,-0.26318,0.01564,0.31920,1.23544,0.00000,1.00000,23,0.23162,0.05274,0.01494,0.23370,0.05100,1,0.99530,-0.00000,0.00000,0.09683,virtual,0,262.10,291.04,262.10,291.04,262.10,291.04,262.10,291.04,262.10,291.04,262.10,291.04,262.10,291.04,262.10,291.04,262.10,291.04,262.10,291.04,262.10,291.04,262.10,291.04,262.10,291.04,262.10,291.04,262.10,291.04,262.10,291.04,262.10,291.04,262.10,291.04,262.10,291.04,262.10,291.04,262.10,291.04,0.00000,0.00000,0.00000,0.00000,0.00000,0.00000,0.00000,0.00000,0.00000,0.00000,0.00000,0.00000,0.00000,0.00000,0.00000,0.00000,0.00000,0.00000,0.00000,0.00000,0.00000,0.00000,0.00000,0.00000,0.00000,0.00000,0.00000,0.00000,0.00000,0.00000,0.00000,0.00000,0.00000,0.00000,0.00000,0.00000,0.00000,0.00000,0.00000,0.00000,0.00000,0.00000,0.00000,0.00000,0.00000,0.00000,0.00000,0.00000,0.00000,0.00000,0.00000,0.00000,0.00000,0.00000,0.00000,0.00000,0.00000,0.00000,0.00000,0.00000,0.00000,0.00000,0.00000,0.00000,0.00000,0.00000,0.00000,0.00000,0.00000,0.00000,0.00000,0.00000,0.00000,0.00000,0.00000,0.00000,0.00000,0.00000,0.00000,0.00000,0.00000,0.00000,0.00000,0.00000
6.3000,1,1,0.00,0.00,33.33,-0.05550,0.04880,0.52989,0.52506,0.52506,1.3000,0,0,0.23608,0.05095,0.03456,0.23857,0.05162,0.03732,0.29,0.02,0.52506,-0.25765,0.02321,0.25555,1.27824,-0.00000,0.99999,-0.25787,0.02589,0.27426,1.27031,0.00000,1.00000,23,0.23162,0.05274,0.01494,0.23370,0.05100,1,0.99530,-0.00000,0.00000,0.09683,virtual,0,261.85,287.06,261.85,287.06,261.85,287.06,261.85,287.06,261.85,287.06,261.85,287.06,261.85,287.06,261.85,287.06,261.85,287.06,261.85,287.06,261.85,287.06,261.85,287.06,261.85,287.06,261.85,287.06,261.85,287.06,261.85,287.06,261.85,287.06,261.85,287.06,261.85,287.06,261.85,287.06,261.85,287.06,0.00000,0.00000,0.00000,0.00000,0.00000,0.00000,0.00000,0.00000,0.00000,0.00000,0.00000,0.00000,0.00000,0.00000,0.00000,0.00000,0.00000,0.00000,0.00000,0.00000,0.00000,0.00000,0.00000,0.00000,0.00000,0.00000,0.00000,0.00000,0.00000,0.00000,0.00000,0.00000,0.00000,0.00000,0.00000,0.00000,0.00000,0.00000,0.00000,0.00000,0.00000,0.00000,0.00000,0.00000,0.00000,0.00000,0.00000,0.00000,0.00000,0.00000,0.00000,0.00000,0.00000,0.00000,0.00000,0.00000,0.00000,0.00000,0.00000,0.00000,0.00000,0.00000,0.00000,0.00000,0.00000,0.00000,0.00000,0.00000,0.00000,0.00000,0.00000,0.00000,0.00000,0.00000,0.00000,0.00000,0.00000,0.00000,0.00000,0.00000,0.00000,0.00000,0.00000,0.00000
6.3333,1,1,0.00,0.00,33.33,-0.05655,0.04574,0.54043,0.55097,0.55097,1.3000,0,0,0.23081,0.05200,0.03762,0.23616,0.05427,0.04051,0.86,0.01,0.55097,-0.27320,-0.01175,0.27516,1.28226,-0.00001,1.00000,-0.26853,-0.01559,0.30437,1.28223,0.00000,1.00000,23,0.23162,0.05274,0.01494,0.23370,0.05100,1,0.99530,-0.00000,0.00000,0.09683,virtual,0,262.05,282.92,262.05,282.92,262.05,282.92,262.05,282.92,262.05,282.92,262.05,282.92,262.05,282.92,262.05,282.92,262.05,282.92,262.05,282.92,262.05,282.92,262.05,282.92,262.05,282.92,262.05,282.92,262.05,282.92,262.05,282.92,262.05,282.92,262.05,282.92,262.05,282.92,262.05,282.92,262.05,282.92,0.00000,0.00000,0.00000,0.00000,0.00000,0.00000,0.00000,0.00000,0.00000,0.00000,0.00000,0.00000,0.00000,0.00000,0.00000,0.00000,0.00000,0.00000,0.00000,0.00000,0.00000,0.00000,0.00000,0.00000,0.00000,0.00000,0.00000,0.00000,0.00000,0.00000,0.00000,0.00000,0.00000,0.00000,0.00000,0.00000,0.00000,0.00000,0.00000,0.00000,0.00000,0.00000,0.00000,0.00000,0.00000,0.00000,0.00000,0.00000,0.00000,0.00000,0.00000,0.00000,0.00000,0.00000,0.00000,0.00000,0.00000,0.00000,0.00000,0.00000,0.00000,0.00000,0.00000,0.00000,0.00000,0.00000,0.00000,0.00000,0.00000,0.00000,0.00000,0.00000,0.00000,0.00000,0.00000,0.00000,0.00000,0.00000,0.00000,0.00000,0.00000,0.00000,0.00000,0.00000
6.3667,1,1,0.00,0.00,33.33,-0.05688,0.04221,0.54628,0.55214,0.55214,1.3000,0,0,0.22788,0.05233,0.04114,0.22441,0.05125,0.04007,0.78,0.00,0.55214,-0.27457,-0.06255,0.33478,1.31173,-0.00001,1.00000,-0.27455,-0.04651,0.31385,1.30352,0.00000,1.00000,23,0.23162,0.05274,0.01494,0.23370,0.05100,1,0.99530,-0.00000,0.00000,0.09683,virtual,0,262.57,278.84,262.57,278.84,262.57,278.84,262.57,278.84,262.57,278.84,262.57,278.84,262.57,278.84,262.57,278.84,262.57,278.84,262.57,278.84,262.57,278.84,262.57,278.84,262.57,278.84,262.57,278.84,262.57,278.84,262.57,278.84,262.57,278.84,262.57,278.84,262.57,278.84,262.57,278.84,262.57,278.84,0.00000,0.00000,0.00000,0.00000,0.00000,0.00000,0.00000,0.00000,0.00000,0.00000,0.00000,0.00000,0.00000,0.00000,0.00000,0.00000,0.00000,0.00000,0.00000,0.00000,0.00000,0.00000,0.00000,0.00000,0.00000,0.00000,0.00000,0.00000,0.00000,0.00000,0.00000,0.00000,0.00000,0.00000,0.00000,0.00000,0.00000,0.00000,0.00000,0.00000,0.00000,0.00000,0.00000,0.00000,0.00000,0.00000,0.00000,0.00000,0.00000,0.00000,0.00000,0.00000,0.00000,0.00000,0.00000,0.00000,0.00000,0.00000,0.00000,0.00000,0.00000,0.00000,0.00000,0.00000,0.00000,0.00000,0.00000,0.00000,0.00000,0.00000,0.00000,0.00000,0.00000,0.00000,0.00000,0.00000,0.00000,0.00000,0.00000,0.00000,0.00000,0.00000,0.00000,0.00000
6.4000,1,1,0.00,0.00,33.33,-0.05690,0.03844,0.54681,0.54733,0.54733,1.3000,0,0,0.22762,0.05235,0.04492,0.22509,0.05164,0.04300,0.53,0.01,0.54733,-0.27552,-0.05768,0.30665,1.33801,-0.00000,1.00000,-0.27545,-0.05758,0.29681,1.33144,0.00000,1.00000,23,0.23162,0.05274,0.01494,0.23370,0.05100,1,0.99530,-0.00000,0.00000,0.09683,virtual,0,262.35,275.10,262.35,275.10,262.35,275.10,262.35,275.10,262.35,275.10,262.35,275.10,262.35,275.10,262.35,275.10,262.35,275.10,262.35,275.10,262.35,275.10,262.35,275.10,262.35,275.10,262.35,275.10,262.35,275.10,262.35,275.10,262.35,275.10,262.35,275.10,262.35,275.10,262.35,275.10,262.35,275.10,0.00000,0.00000,0.00000,0.00000,0.00000,0.00000,0.00000,0.00000,0.00000,0.00000,0.00000,0.00000,0.00000,0.00000,0.00000,0.00000,0.00000,0.00000,0.00000,0.00000,0.00000,0.00000,0.00000,0.00000,0.00000,0.00000,0.00000,0.00000,0.00000,0.00000,0.00000,0.00000,0.00000,0.00000,0.00000,0.00000,0.00000,0.00000,0.00000,0.00000,0.00000,0.00000,0.00000,0.00000,0.00000,0.00000,0.00000,0.00000,0.00000,0.00000,0.00000,0.00000,0.00000,0.00000,0.00000,0.00000,0.00000,0.00000,0.00000,0.00000,0.00000,0.00000,0.00000,0.00000,0.00000,0.00000,0.00000,0.00000,0.00000,0.00000,0.00000,0.00000,0.00000,0.00000,0.00000,0.00000,0.00000,0.00000,0.00000,0.00000,0.00000,0.00000,0.00000,0.00000
6.4333,1,1,0.00,0.00,33.33,-0.05682,0.03460,0.54533,0.54385,0.54385,1.3000,0,0,0.22836,0.05226,0.04876,0.23043,0.05284,0.05067,0.40,0.01,0.54385,-0.27402,-0.05875,0.25235,1.36687,-0.00000,1.00000,-0.27414,-0.05892,0.26872,1.36078,0.00000,1.00000,23,0.23162,0.05274,0.01494,0.23370,0.05100,1,0.99530,0.00000,-0.00000,0.09683,virtual,0,262.19,271.34,262.19,271.34,262.19,271.34,262.19,271.34,262.19,271.34,262.19,271.34,262.19,271.34,262.19,271.34,262.19,271.34,262.19,271.34,262.19,271.34,262.19,271.34,262.19,271.34,262.19,271.34,262.19,271.34,262.19,271.34,262.19,271.34,262.19,271.34,262.19,271.34,262.19,271.34,262.19,271.34,0.00000,0.00000,0.00000,0.00000,0.00000,0.00000,0.00000,0.00000,0.00000,0.00000,0.00000,0.00000,0.00000,0.00000,0.00000,0.00000,0.00000,0.00000,0.00000,0.00000,0.00000,0.00000,0.00000,0.00000,0.00000,0.00000,0.00000,0.00000,0.00000,0.00000,0.00000,0.00000,0.00000,0.00000,0.00000,0.00000,0.00000,0.00000,0.00000,0.00000,0.00000,0.00000,0.00000,0.00000,0.00000,0.00000,0.00000,0.00000,0.00000,0.00000,0.00000,0.00000,0.00000,0.00000,0.00000,0.00000,0.00000,0.00000,0.00000,0.00000,0.00000,0.00000,0.00000,0.00000,0.00000,0.00000,0.00000,0.00000,0.00000,0.00000,0.00000,0.00000,0.00000,0.00000,0.00000,0.00000,0.00000,0.00000,0.00000,0.00000,0.00000,0.00000,0.00000,0.00000
6.4667,1,1,0.00,0.00,33.33,-0.05620,0.03051,0.54020,0.53507,0.53507,1.3000,0,0,0.23093,0.05165,0.05284,0.23089,0.05178,0.05335,0.29,0.02,0.53507,-0.26829,-0.04275,0.21240,1.40410,0.00001,1.00000,-0.26791,-0.04616,0.22261,1.39400,0.00000,1.00000,23,0.23162,0.05274,0.01494,0.23370,0.05100,1,0.99530,0.00000,-0.00000,0.09683,virtual,0,262.43,267.38,262.43,267.38,262.43,267.38,262.43,267.38,262.43,267.38,262.43,267.38,262.43,267.38,262.43,267.38,262.43,267.38,262.43,267.38,262.43,267.38,262.43,267.38,262.43,267.38,262.43,267.38,262.43,267.38,262.43,267.38,262.43,267.38,262.43,267.38,262.43,267.38,262.43,267.38,262.43,267.38,0.00000,0.00000,0.00000,0.00000,0.00000,0.00000,0.00000,0.00000,0.00000,0.00000,0.00000,0.00000,0.00000,0.00000,0.00000,0.00000,0.00000,0.00000,0.00000,0.00000,0.00000,0.00000,0.00000,0.00000,0.00000,0.00000,0.00000,0.00000,0.00000,0.00000,0.00000,0.00000,0.00000,0.00000,0.00000,0.00000,0.00000,0.00000,0.00000,0.00000,0.00000,0.00000,0.00000,0.00000,0.00000,0.00000,0.00000,0.00000,0.00000,0.00000,0.00000,0.00000,0.00000,0.00000,0.00000,0.00000,0.00000,0.00000,0.00000,0.00000,0.00000,0.00000,0.00000,0.00000,0.00000,0.00000,0.00000,0.00000,0.00000,0.00000,0.00000,0.00000,0.00000,0.00000,0.00000,0.00000,0.00000,0.00000,0.00000,0.00000,0.00000,0.00000,0.00000,0.00000
6.5000,1,1,0.00,0.00,33.33,-0.05568,0.02647,0.53588,0.53156,0.53156,1.3000,0,0,0.23309,0.05113,0.05689,0.23225,0.05095,0.05629,0.28,0.02,0.53156,-0.26247,-0.02864,0.17341,1.43460,0.00001,1.00000,-0.26255,-0.03362,0.17759,1.42649,0.00000,1.00000,23,0.23162,0.05274,0.01494,0.23370,0.05100,1,0.99530,0.00000,0.00000,0.09683,virtual,0,262.48,263.38,262.48,263.38,262.48,263.38,262.48,263.38,262.48,263.38,262.48,263.38,262.48,263.38,262.48,263.38,262.48,263.38,262.48,263.38,262.48,263.38,262.48,263.38,262.48,263.38,262.48,263.38,262.48,263.38,262.48,263.38,262.48,263.38,262.48,263.38,262.48,263.38,262.48,263.38,262.48,263.38,0.00000,0.00000,0.00000,0.00000,0.00000,0.00000,0.00000,0.00000,0.00000,0.00000,0.00000,0.00000,0.00000,0.00000,0.00000,0.00000,0.00000,0.00000,0.00000,0.00000,0.00000,0.00000,0.00000,0.00000,0.00000,0.00000,0.00000,0.00000,0.00000,0.00000,0.00000,0.00000,0.00000,0.00000,0.00000,0.00000,0.00000,0.00000,0.00000,0.00000,0.00000,0.00000,0.00000,0.00000,0.00000,0.00000,0.00000,0.00000,0.00000,0.00000,0.00000,0.00000,0.00000,0.00000,0.00000,0.00000,0.00000,0.00000,0.00000,0.00000,0.00000,0.00000,0.00000,0.00000,0.00000,0.00000,0.00000,0.00000,0.00000,0.00000,0.00000,0.00000,0.00000,0.00000,0.00000,0.00000,0.00000,0.00000,0.00000,0.00000,0.00000,0.00000,0.00000,0.00000
6.5333,1,1,0.00,0.00,33.33,-0.05600,0.02266,0.53873,0.54158,0.54158,1.3000,0,0,0.23166,0.05145,0.06069,0.23155,0.05134,0.06150,0.48,0.01,0.54158,-0.26527,-0.05207,0.16304,1.45785,-0.00000,1.00000,-0.26543,-0.04538,0.16408,1.45199,0.00000,1.00000,23,0.23162,0.05274,0.01494,0.23370,0.05100,1,0.99530,0.00000,-0.00000,0.09683,virtual,0,262.37,259.30,262.37,259.30,262.37,259.30,262.37,259.30,262.37,259.30,262.37,259.30,262.37,259.30,262.37,259.30,262.37,259.30,262.37,259.30,262.37,259.30,262.37,259.30,262.37,259.30,262.37,259.30,262.37,259.30,262.37,259.30,262.37,259.30,262.37,259.30,262.37,259.30,262.37,259.30,262.37,259.30,0.00000,0.00000,0.00000,0.00000,0.00000,0.00000,0.00000,0.00000,0.00000,0.00000,0.00000,0.00000,0.00000,0.00000,0.00000,0.00000,0.00000,0.00000,0.00000,0.00000,0.00000,0.00000,0.00000,0.00000,0.00000,0.00000,0.00000,0.00000,0.00000,0.00000,0.00000,0.00000,0.00000,0.00000,0.00000,0.00000,0.00000,0.00000,0.00000,0.00000,0.00000,0.00000,0.00000,0.00000,0.00000,0.00000,0.00000,0.00000,0.00000,0.00000,0.00000,0.00000,0.00000,0.00000,0.00000,0.00000,0.00000,0.00000,0.00000,0.00000,0.00000,0.00000,0.00000,0.00000,0.00000,0.00000,0.00000,0.00000,0.00000,0.00000,0.00000,0.00000,0.00000,0.00000,0.00000,0.00000,0.00000,0.00000,0.00000,0.00000,0.00000,0.00000,0.00000,0.00000
6.5667,1,1,0.00,0.00,33.33,-0.05666,0.02093,0.54504,0.55136,0.55136,1.3000,0,0,0.22850,0.05211,0.06243,0.22756,0.05174,0.06118,0.49,0.01,0.55136,-0.27259,-0.07322,0.18919,1.46093,-0.00001,1.00000,-0.27254,-0.07058,0.18009,1.46141,0.00000,1.00000,23,0.23162,0.05274,0.01494,0.23370,0.05100,1,0.99530,0.00000,-0.00000,0.09683,virtual,0,262.37,259.30,262.37,259.30,262.37,259.30,262.37,259.30,262.37,259.30,262.37,259.30,262.37,259.30,262.37,259.30,262.37,259.30,262.37,259.30,262.37,259.30,262.37,259.30,262.37,259.30,262.37,259.30,262.37,259.30,262.37,259.30,262.37,259.30,262.37,259.30,262.37,259.30,262.37,259.30,262.37,259.30,0.00000,0.00000,0.00000,0.00000,0.00000,0.00000,0.00000,0.00000,0.00000,0.00000,0.00000,0.00000,0.00000,0.00000,0.00000,0.00000,0.00000,0.00000,0.00000,0.00000,0.00000,0.00000,0.00000,0.00000,0.00000,0.00000,0.00000,0.00000,0.00000,0.00000,0.00000,0.00000,0.00000,0.00000,0.00000,0.00000,0.00000,0.00000,0.00000,0.00000,0.00000,0.00000,0.00000,0.00000,0.00000,0.00000,0.00000,0.00000,0.00000,0.00000,0.00000,0.00000,0.00000,0.00000,0.00000,0.00000,0.00000,0.00000,0.00000,0.00000,0.00000,0.00000,0.00000,0.00000,0.00000,0.00000,0.00000,0.00000,0.00000,0.00000,0.00000,0.00000,0.00000,0.00000,0.00000,0.00000,0.00000,0.00000,0.00000,0.00000,0.00000,0.00000,0.00000,0.00000
6.6000,1,1,0.00,0.00,33.33,-0.05721,0.02014,0.55025,0.55545,0.55545,1.3000,0,0,0.22590,0.05266,0.06322,0.22610,0.05271,0.06334,0.36,0.01,0.55545,-0.27941,-0.09603,0.19977,1.46468,-0.00001,1.00000,-0.27891,-0.09210,0.19790,1.46514,0.00000,1.00000,23,0.23162,0.05274,0.01494,0.23370,0.05100,1,0.99530,-0.00000,-0.00000,0.09683,virtual,0,262.37,259.30,262.37,259.30,262.37,259.30,262.37,259.30,262.37,259.30,262.37,259.30,262.37,259.30,262.37,259.30,262.37,259.30,262.37,259.30,262.37,259.30,262.37,259.30,262.37,259.30,262.37,259.30,262.37,259.30,262.37,259.30,262.37,259.30,262.37,259.30,262.37,259.30,262.37,259.30,262.37,259.30,0.00000,0.00000,0.00000,0.00000,0.00000,0.00000,0.00000,0.00000,0.00000,0.00000,0.00000,0.00000,0.00000,0.00000,0.00000,0.00000,0.00000,0.00000,0.00000,0.00000,0.00000,0.00000,0.00000,0.00000,0.00000,0.00000,0.00000,0.00000,0.00000,0.00000,0.00000,0.00000,0.00000,0.00000,0.00000,0.00000,0.00000,0.00000,0.00000,0.00000,0.00000,0.00000,0.00000,0.00000,0.00000,0.00000,0.00000,0.00000,0.00000,0.00000,0.00000,0.00000,0.00000,0.00000,0.00000,0.00000,0.00000,0.00000,0.00000,0.00000,0.00000,0.00000,0.00000,0.00000,0.00000,0.00000,0.00000,0.00000,0.00000,0.00000,0.00000,0.00000,0.00000,0.00000,0.00000,0.00000,0.00000,0.00000,0.00000,0.00000,0.00000,0.00000,0.00000,0.00000
6.6333,1,1,0.00,0.00,33.33,-0.05816,0.01997,0.55938,0.56852,0.56852,1.3000,0,0,0.22133,0.05361,0.06339,0.22263,0.05446,0.06507,0.49,0.02,0.56852,-0.29317,-0.13518,0.23133,1.46232,-0.00000,1.00000,-0.28986,-0.12689,0.23594,1.46203,0.00000,1.00000,23,0.23162,0.05274,0.01494,0.23370,0.05100,1,0.99530,-0.00000,-0.00000,0.09683,virtual,0,262.37,259.30,262.37,259.30,262.37,259.30,262.37,259.30,262.37,259.30,262.37,259.30,262.37,259.30,262.37,259.30,262.37,259.30,262.37,259.30,262.37,259.30,262.37,259.30,262.37,259.30,262.37,259.30,262.37,259.30,262.37,259.30,262.37,259.30,262.37,259.30,262.37,259.30,262.37,259.30,262.37,259.30,0.00000,0.00000,0.00000,0.00000,0.00000,0.00000,0.00000,0.00000,0.00000,0.00000,0.00000,0.00000,0.00000,0.00000,0.00000,0.00000,0.00000,0.00000,0.00000,0.00000,0.00000,0.00000,0.00000,0.00000,0.00000,0.00000,0.00000,0.00000,0.00000,0.00000,0.00000,0.00000,0.00000,0.00000,0.00000,0.00000,0.00000,0.00000,0.00000,0.00000,0.00000,0.00000,0.00000,0.00000,0.00000,0.00000,0.00000,0.00000,0.00000,0.00000,0.00000,0.00000,0.00000,0.00000,0.00000,0.00000,0.00000,0.00000,0.00000,0.00000,0.00000,0.00000,0.00000,0.00000,0.00000,0.00000,0.00000,0.00000,0.00000,0.00000,0.00000,0.00000,0.00000,0.00000,0.00000,0.00000,0.00000,0.00000,0.00000,0.00000,0.00000,0.00000,0.00000,0.00000
6.6667,1,1,0.00,0.00,33.33,-0.05770,0.01957,0.55495,0.55053,0.55053,1.3000,0,0,0.22355,0.05315,0.06379,0.22109,0.05258,0.06114,0.11,0.01,0.55053,-0.28601,-0.11023,0.23051,1.46737,0.00000,1.00000,-0.28552,-0.11419,0.21646,1.46839,0.00000,1.00000,23,0.23162,0.05274,0.01494,0.23370,0.05100,1,0.99530,-0.00000,-0.00000,0.09683,virtual,0,262.37,259.30,262.37,259.30,262.37,259.30,262.37,259.30,262.37,259.30,262.37,259.30,262.37,259.30,262.37,259.30,262.37,259.30,262.37,259.30,262.37,259.30,262.37,259.30,262.37,259.30,262.37,259.30,262.37,259.30,262.37,259.30,262.37,259.30,262.37,259.30,262.37,259.30,262.37,259.30,262.37,259.30,0.00000,0.00000,0.00000,0.00000,0.00000,0.00000,0.00000,0.00000,0.00000,0.00000,0.00000,0.00000,0.00000,0.00000,0.00000,0.00000,0.00000,0.00000,0.00000,0.00000,0.00000,0.00000,0.00000,0.00000,0.00000,0.00000,0.00000,0.00000,0.00000,0.00000,0.00000,0.00000,0.00000,0.00000,0.00000,0.00000,0.00000,0.00000,0.00000,0.00000,0.00000,0.00000,0.00000,0.00000,0.00000,0.00000,0.00000,0.00000,0.00000,0.00000,0.00000,0.00000,0.00000,0.00000,0.00000,0.00000,0.00000,0.00000,0.00000,0.00000,0.00000,0.00000,0.00000,0.00000,0.00000,0.00000,0.00000,0.00000,0.00000,0.00000,0.00000,0.00000,0.00000,0.00000,0.00000,0.00000,0.00000,0.00000,0.00000,0.00000,0.00000,0.00000,0.00000,0.00000
6.7000,1,1,0.00,0.00,33.33,-0.05762,0.01942,0.55419,0.55343,0.55343,1.3000,0,0,0.22393,0.05307,0.06394,0.22314,0.05298,0.06338,0.51,0.01,0.55343,-0.28501,-0.11333,0.21840,1.46825,-0.00000,1.00000,-0.28552,-0.11419,0.21646,1.46839,0.00000,1.00000,23,0.23162,0.05274,0.01494,0.23370,0.05100,1,0.99530,-0.00000,-0.00000,0.09683,virtual,0,262.37,259.30,262.37,259.30,262.37,259.30,262.37,259.30,262.37,259.30,262.37,259.30,262.37,259.30,262.37,259.30,262.37,259.30,262.37,259.30,262.37,259.30,262.37,259.30,262.37,259.30,262.37,259.30,262.37,259.30,262.37,259.30,262.37,259.30,262.37,259.30,262.37,259.30,262.37,259.30,262.37,259.30,0.00000,0.00000,0.00000,0.00000,0.00000,0.00000,0.00000,0.00000,0.00000,0.00000,0.00000,0.00000,0.00000,0.00000,0.00000,0.00000,0.00000,0.00000,0.00000,0.00000,0.00000,0.00000,0.00000,0.00000,0.00000,0.00000,0.00000,0.00000,0.00000,0.00000,0.00000,0.00000,0.00000,0.00000,0.00000,0.00000,0.00000,0.00000,0.00000,0.00000,0.00000,0.00000,0.00000,0.00000,0.00000,0.00000,0.00000,0.00000,0.00000,0.00000,0.00000,0.00000,0.00000,0.00000,0.00000,0.00000,0.00000,0.00000,0.00000,0.00000,0.00000,0.00000,0.00000,0.00000,0.00000,0.00000,0.00000,0.00000,0.00000,0.00000,0.00000,0.00000,0.00000,0.00000,0.00000,0.00000,0.00000,0.00000,0.00000,0.00000,0.00000,0.00000,0.00000,0.00000
6.7333,1,1,0.00,0.00,33.33,-0.05825,0.01957,0.56026,0.56634,0.56634,1.3000,0,0,0.22089,0.05370,0.06379,0.21979,0.05335,0.06350,0.23,0.01,0.56634,-0.29187,-0.14044,0.24739,1.46618,-0.00000,1.00000,-0.29151,-0.13216,0.23738,1.46573,0.00000,1.00000,23,0.23162,0.05274,0.01494,0.23370,0.05100,1,0.99530,-0.00000,-0.00000,0.09683,virtual,0,262.37,259.30,262.37,259.30,262.37,259.30,262.37,259.30,262.37,259.30,262.37,259.30,262.37,259.30,262.37,259.30,262.37,259.30,262.37,259.30,262.37,259.30,262.37,259.30,262.37,259.30,262.37,259.30,262.37,259.30,262.37,259.30,262.37,259.30,262.37,259.30,262.37,259.30,262.37,259.30,262.37,259.30,0.00000,0.00000,0.00000,0.00000,0.00000,0.00000,0.00000,0.00000,0.00000,0.00000,0.00000,0.00000,0.00000,0.00000,0.00000,0.00000,0.00000,0.00000,0.00000,0.00000,0.00000,0.00000,0.00000,0.00000,0.00000,0.00000,0.00000,0.00000,0.00000,0.00000,0.00000,0.00000,0.00000,0.00000,0.00000,0.00000,0.00000,0.00000,0.00000,0.00000,0.00000,0.00000,0.00000,0.00000,0.00000,0.00000,0.00000,0.00000,0.00000,0.00000,0.00000,0.00000,0.00000,0.00000,0.00000,0.00000,0.00000,0.00000,0.00000,0.00000,0.00000,0.00000,0.00000,0.00000,0.00000,0.00000,0.00000,0.00000,0.00000,0.00000,0.00000,0.00000,0.00000,0.00000,0.00000,0.00000,0.00000,0.00000,0.00000,0.00000,0.00000,0.00000,0.00000,0.00000
6.7667,1,1,0.00,0.00,33.33,-0.05918,0.01985,0.56920,0.57813,0.57813,1.3000,0,0,0.21643,0.05463,0.06351,0.21457,0.05451,0.06220,0.43,0.02,0.57813,-0.30609,-0.17076,0.28911,1.46137,-0.00000,0.99999,-0.30265,-0.16522,0.27620,1.46011,0.00000,1.00000,23,0.23162,0.05274,0.01494,0.23370,0.05100,1,0.99530,-0.00000,-0.00000,0.09683,virtual,0,262.37,259.30,262.37,259.30,262.37,259.30,262.37,259.30,262.37,259.30,262.37,259.30,262.37,259.30,262.37,259.30,262.37,259.30,262.37,259.30,262.37,259.30,262.37,259.30,262.37,259.30,262.37,259.30,262.37,259.30,262.37,259.30,262.37,259.30,262.37,259.30,262.37,259.30,262.37,259.30,262.37,259.30,0.00000,0.00000,0.00000,0.00000,0.00000,0.00000,0.00000,0.00000,0.00000,0.00000,0.00000,0.00000,0.00000,0.00000,0.00000,0.00000,0.00000,0.00000,0.00000,0.00000,0.00000,0.00000,0.00000,0.00000,0.00000,0.00000,0.00000,0.00000,0.00000,0.00000,0.00000,0.00000,0.00000,0.00000,0.00000,0.00000,0.00000,0.00000,0.00000,0.00000,0.00000,0.00000,0.00000,0.00000,0.00000,0.00000,0.00000,0.00000,0.00000,0.00000,0.00000,0.00000,0.00000,0.00000,0.00000,0.00000,0.00000,0.00000,0.00000,0.00000,0.00000,0.00000,0.00000,0.00000,0.00000,0.00000,0.00000,0.00000,0.00000,0.00000,0.00000,0.00000,0.00000,0.00000,0.00000,0.00000,0.00000,0.00000,0.00000,0.00000,0.00000,0.00000,0.00000,0.00000
6.8000,1,1,0.00,0.00,33.33,-0.05943,0.01992,0.57159,0.57399,0.57399,1.3000,0,0,0.21523,0.05488,0.06344,0.21528,0.05488,0.06310,0.16,0.00,0.57399,-0.30686,-0.17461,0.28710,1.45986,0.00000,1.00000,-0.30661,-0.17622,0.28715,1.45994,0.00000,1.00000,23,0.23162,0.05274,0.01494,0.23370,0.05100,1,0.99530,-0.00000,-0.00000,0.09683,virtual,0,262.37,259.30,262.37,259.30,262.37,259.30,262.37,259.30,262.37,259.30,262.37,259.30,262.37,259.30,262.37,259.30,262.37,259.30,262.37,259.30,262.37,259.30,262.37,259.30,262.37,259.30,262.37,259.30,262.37,259.30,262.37,259.30,262.37,259.30,262.37,259.30,262.37,259.30,262.37,259.30,262.37,259.30,0.00000,0.00000,0.00000,0.00000,0.00000,0.00000,0.00000,0.00000,0.00000,0.00000,0.00000,0.00000,0.00000,0.00000,0.00000,0.00000,0.00000,0.00000,0.00000,0.00000,0.00000,0.00000,0.00000,0.00000,0.00000,0.00000,0.00000,0.00000,0.00000,0.00000,0.00000,0.00000,0.00000,0.00000,0.00000,0.00000,0.00000,0.00000,0.00000,0.00000,0.00000,0.00000,0.00000,0.00000,0.00000,0.00000,0.00000,0.00000,0.00000,0.00000,0.00000,0.00000,0.00000,0.00000,0.00000,0.00000,0.00000,0.00000,0.00000,0.00000,0.00000,0.00000,0.00000,0.00000,0.00000,0.00000,0.00000,0.00000,0.00000,0.00000,0.00000,0.00000,0.00000,0.00000,0.00000,0.00000,0.00000,0.00000,0.00000,0.00000,0.00000,0.00000,0.00000,0.00000
6.8333,1,1,0.00,0.00,33.33,-0.05972,0.02001,0.57442,0.57725,0.57725,1.3000,0,0,0.21382,0.05517,0.06335,0.21315,0.05494,0.06280,0.14,0.00,0.57725,-0.31067,-0.18903,0.30438,1.45899,-0.00000,1.00000,-0.31047,-0.18708,0.29915,1.45881,0.00000,1.00000,23,0.23162,0.05274,0.01494,0.23370,0.05100,1,0.99530,-0.00000,-0.00000,0.09683,virtual,0,262.37,259.30,262.37,259.30,262.37,259.30,262.37,259.30,262.37,259.30,262.37,259.30,262.37,259.30,262.37,259.30,262.37,259.30,262.37,259.30,262.37,259.30,262.37,259.30,262.37,259.30,262.37,259.30,262.37,259.30,262.37,259.30,262.37,259.30,262.37,259.30,262.37,259.30,262.37,259.30,262.37,259.30,0.00000,0.00000,0.00000,0.00000,0.00000,0.00000,0.00000,0.00000,0.00000,0.00000,0.00000,0.00000,0.00000,0.00000,0.00000,0.00000,0.00000,0.00000,0.00000,0.00000,0.00000,0.00000,0.00000,0.00000,0.00000,0.00000,0.00000,0.00000,0.00000,0.00000,0.00000,0.00000,0.00000,0.00000,0.00000,0.00000,0.00000,0.00000,0.00000,0.00000,0.00000,0.00000,0.00000,0.00000,0.00000,0.00000,0.00000,0.00000,0.00000,0.00000,0.00000,0.00000,0.00000,0.00000,0.00000,0.00000,0.00000,0.00000,0.00000,0.00000,0.00000,0.00000,0.00000,0.00000,0.00000,0.00000,0.00000,0.00000,0.00000,0.00000,0.00000,0.00000,0.00000,0.00000,0.00000,0.00000,0.00000,0.00000,0.00000,0.00000,0.00000,0.00000,0.00000,0.00000
6.8667,1,1,0.00,0.00,33.33,-0.05988,0.02006,0.57588,0.57734,0.57734,1.3000,0,0,0.21309,0.05533,0.06330,0.21374,0.05515,0.06313,0.86,0.00,0.57734,-0.31079,-0.18740,0.30040,1.45873,0.00000,0.99999,-0.31047,-0.18708,0.29915,1.45881,0.00000,1.00000,23,0.23162,0.05274,0.01494,0.23370,0.05100,1,0.99530,-0.00000,-0.00000,0.09683,virtual,0,262.37,259.30,262.37,259.30,262.37,259.30,262.37,259.30,262.37,259.30,262.37,259.30,262.37,259.30,262.37,259.30,262.37,259.30,262.37,259.30,262.37,259.30,262.37,259.30,262.37,259.30,262.37,259.30,262.37,259.30,262.37,259.30,262.37,259.30,262.37,259.30,262.37,259.30,262.37,259.30,262.37,259.30,0.00000,0.00000,0.00000,0.00000,0.00000,0.00000,0.00000,0.00000,0.00000,0.00000,0.00000,0.00000,0.00000,0.00000,0.00000,0.00000,0.00000,0.00000,0.00000,0.00000,0.00000,0.00000,0.00000,0.00000,0.00000,0.00000,0.00000,0.00000,0.00000,0.00000,0.00000,0.00000,0.00000,0.00000,0.00000,0.00000,0.00000,0.00000,0.00000,0.00000,0.00000,0.00000,0.00000,0.00000,0.00000,0.00000,0.00000,0.00000,0.00000,0.00000,0.00000,0.00000,0.00000,0.00000,0.00000,0.00000,0.00000,0.00000,0.00000,0.00000,0.00000,0.00000,0.00000,0.00000,0.00000,0.00000,0.00000,0.00000,0.00000,0.00000,0.00000,0.00000,0.00000,0.00000,0.00000,0.00000,0.00000,0.00000,0.00000,0.00000,0.00000,0.00000,0.00000,0.00000
6.9000,1,1,0.00,0.00,33.33,-0.06060,0.02030,0.58280,0.58972,0.58972,1.3000,0,0,0.20963,0.05604,0.06306,0.20775,0.05558,0.06177,0.40,0.01,0.58972,-0.32339,-0.22410,0.34779,1.45559,0.00000,0.99999,-0.32145,-0.21723,0.33369,1.45458,0.00000,1.00000,23,0.23162,0.05274,0.01494,0.23370,0.05100,1,0.99530,0.00000,0.00000,0.09683,virtual,0,262.37,259.30,262.37,259.30,262.37,259.30,262.37,259.30,262.37,259.30,262.37,259.30,262.37,259.30,262.37,259.30,262.37,259.30,262.37,259.30,262.37,259.30,262.37,259.30,262.37,259.30,262.37,259.30,262.37,259.30,262.37,259.30,262.37,259.30,262.37,259.30,262.37,259.30,262.37,259.30,262.37,259.30,0.00000,0.00000,0.00000,0.00000,0.00000,0.00000,0.00000,0.00000,0.00000,0.00000,0.00000,0.00000,0.00000,0.00000,0.00000,0.00000,0.00000,0.00000,0.00000,0.00000,0.00000,0.00000,0.00000,0.00000,0.00000,0.00000,0.00000,0.00000,0.00000,0.00000,0.00000,0.00000,0.00000,0.00000,0.00000,0.00000,0.00000,0.00000,0.00000,0.00000,0.00000,0.00000,0.00000,0.00000,0.00000,0.00000,0.00000,0.00000,0.00000,0.00000,0.00000,0.00000,0.00000,0.00000,0.00000,0.00000,0.00000,0.00000,0.00000,0.00000,0.00000,0.00000,0.00000,0.00000,0.00000,0.00000,0.00000,0.00000,0.00000,0.00000,0.00000,0.00000,0.00000,0.00000,0.00000,0.00000,0.00000,0.00000,0.00000,0.00000,0.00000,0.00000,0.00000,0.00000
6.9333,1,1,0.00,0.00,33.33,-0.05943,0.01990,0.57157,0.56034,0.56034,1.3000,0,0,0.21524,0.05488,0.06345,0.20920,0.05163,0.06002,0.39,0.02,0.56034,-0.29978,-0.19899,0.33391,1.46051,-0.00000,1.00000,-0.30760,-0.18069,0.29014,1.46104,0.00000,1.00000,23,0.23162,0.05274,0.01494,0.23370,0.05100,1,0.99530,-0.00000,0.00000,0.09683,virtual,0,262.37,259.30,262.37,259.30,262.37,259.30,262.37,259.30,262.37,259.30,262.37,259.30,262.37,259.30,262.37,259.30,262.37,259.30,262.37,259.30,262.37,259.30,262.37,259.30,262.37,259.30,262.37,259.30,262.37,259.30,262.37,259.30,262.37,259.30,262.37,259.30,262.37,259.30,262.37,259.30,262.37,259.30,0.00000,0.00000,0.00000,0.00000,0.00000,0.00000,0.00000,0.00000,0.00000,0.00000,0.00000,0.00000,0.00000,0.00000,0.00000,0.00000,0.00000,0.00000,0.00000,0.00000,0.00000,0.00000,0.00000,0.00000,0.00000,0.00000,0.00000,0.00000,0.00000,0.00000,0.00000,0.00000,0.00000,0.00000,0.00000,0.00000,0.00000,0.00000,0.00000,0.00000,0.00000,0.00000,0.00000,0.00000,0.00000,0.00000,0.00000,0.00000,0.00000,0.00000,0.00000,0.00000,0.00000,0.00000,0.00000,0.00000,0.00000,0.00000,0.00000,0.00000,0.00000,0.00000,0.00000,0.00000,0.00000,0.00000,0.00000,0.00000,0.00000,0.00000,0.00000,0.00000,0.00000,0.00000,0.00000,0.00000,0.00000,0.00000,0.00000,0.00000,0.00000,0.00000,0.00000,0.00000
6.9667,1,1,0.00,0.00,33.33,-0.05990,0.02006,0.57612,0.58068,0.58068,1.3000,0,0,0.21296,0.05535,0.06329,0.21317,0.05595,0.06225,0.15,0.01,0.58068,-0.31590,-0.18178,0.30055,1.45854,-0.00000,1.00000,-0.31270,-0.19349,0.30619,1.45821,0.00000,1.00000,23,0.23162,0.05274,0.01494,0.23370,0.05100,1,0.99530,-0.00000,0.00000,0.09683,virtual,0,262.37,259.30,262.37,259.30,262.37,259.30,262.37,259.30,262.37,259.30,262.37,259.30,262.37,259.30,262.37,259.30,262.37,259.30,262.37,259.30,262.37,259.30,262.37,259.30,262.37,259.30,262.37,259.30,262.37,259.30,262.37,259.30,262.37,259.30,262.37,259.30,262.37,259.30,262.37,259.30,262.37,259.30,0.00000,0.00000,0.00000,0.00000,0.00000,0.00000,0.00000,0.00000,0.00000,0.00000,0.00000,0.00000,0.00000,0.00000,0.00000,0.00000,0.00000,0.00000,0.00000,0.00000,0.00000,0.00000,0.00000,0.00000,0.00000,0.00000,0.00000,0.00000,0.00000,0.00000,0.00000,0.00000,0.00000,0.00000,0.00000,0.00000,0.00000,0.00000,0.00000,0.00000,0.00000,0.00000,0.00000,0.00000,0.00000,0.00000,0.00000,0.00000,0.00000,0.00000,0.00000,0.00000,0.00000,0.00000,0.00000,0.00000,0.00000,0.00000,0.00000,0.00000,0.00000,0.00000,0.00000,0.00000,0.00000,0.00000,0.00000,0.00000,0.00000,0.00000,0.00000,0.00000,0.00000,0.00000,0.00000,0.00000,0.00000,0.00000,0.00000,0.00000,0.00000,0.00000,0.00000,0.00000
7.0000,1,1,0.00,0.00,33.33,-0.06063,0.02031,0.58317,0.59022,0.59022,1.3000,0,0,0.20944,0.05608,0.06305,0.20783,0.05541,0.06258,0.34,0.01,0.59022,-0.32234,-0.23169,0.34992,1.45574,0.00000,0.99999,-0.32216,-0.21904,0.33531,1.45474,0.00000,1.00000,23,0.23162,0.05274,0.01494,0.23370,0.05100,1,0.99530,-0.00000,0.00000,0.09683,virtual,0,262.37,259.30,262.37,259.30,262.37,259.30,262.37,259.30,262.37,259.30,262.37,259.30,262.37,259.30,262.37,259.30,262.37,259.30,262.37,259.30,262.37,259.30,262.37,259.30,262.37,259.30,262.37,259.30,262.37,259.30,262.37,259.30,262.37,259.30,262.37,259.30,262.37,259.30,262.37,259.30,262.37,259.30,0.00000,0.00000,0.00000,0.00000,0.00000,0.00000,0.00000,0.00000,0.00000,0.00000,0.00000,0.00000,0.00000,0.00000,0.00000,0.00000,0.00000,0.00000,0.00000,0.00000,0.00000,0.00000,0.00000,0.00000,0.00000,0.00000,0.00000,0.00000,0.00000,0.00000,0.00000,0.00000,0.00000,0.00000,0.00000,0.00000,0.00000,0.00000,0.00000,0.00000,0.00000,0.00000,0.00000,0.00000,0.00000,0.00000,0.00000,0.00000,0.00000,0.00000,0.00000,0.00000,0.00000,0.00000,0.00000,0.00000,0.00000,0.00000,0.00000,0.00000,0.00000,0.00000,0.00000,0.00000,0.00000,0.00000,0.00000,0.00000,0.00000,0.00000,0.00000,0.00000,0.00000,0.00000,0.00000,0.00000,0.00000,0.00000,0.00000,0.00000,0.00000,0.00000,0.00000,0.00000
7.0333,1,1,0.00,0.00,33.33,-0.05945,0.01991,0.57183,0.56048,0.56048,1.3000,0,0,0.21511,0.05490,0.06344,0.20969,0.05216,0.06126,0.40,0.02,0.56048,-0.30177,-0.20627,0.33279,1.46040,0.00000,1.00000,-0.30796,-0.18175,0.29129,1.46096,0.00000,1.00000,23,0.23162,0.05274,0.01494,0.23370,0.05100,1,0.99530,-0.00000,0.00000,0.09683,virtual,0,262.37,259.30,262.37,259.30,262.37,259.30,262.37,259.30,262.37,259.30,262.37,259.30,262.37,259.30,262.37,259.30,262.37,259.30,262.37,259.30,262.37,259.30,262.37,259.30,262.37,259.30,262.37,259.30,262.37,259.30,262.37,259.30,262.37,259.30,262.37,259.30,262.37,259.30,262.37,259.30,262.37,259.30,0.00000,0.00000,0.00000,0.00000,0.00000,0.00000,0.00000,0.00000,0.00000,0.00000,0.00000,0.00000,0.00000,0.00000,0.00000,0.00000,0.00000,0.00000,0.00000,0.00000,0.00000,0.00000,0.00000,0.00000,0.00000,0.00000,0.00000,0.00000,0.00000,0.00000,0.00000,0.00000,0.00000,0.00000,0.00000,0.00000,0.00000,0.00000,0.00000,0.00000,0.00000,0.00000,0.00000,0.00000,0.00000,0.00000,0.00000,0.00000,0.00000,0.00000,0.00000,0.00000,0.00000,0.00000,0.00000,0.00000,0.00000,0.00000,0.00000,0.00000,0.00000,0.00000,0.00000,0.00000,0.00000,0.00000,0.00000,0.00000,0.00000,0.00000,0.00000,0.00000,0.00000,0.00000,0.00000,0.00000,0.00000,0.00000,0.00000,0.00000,0.00000,0.00000,0.00000,0.00000
7.0667,1,1,0.00,0.00,33.33,-0.06079,0.02036,0.58462,0.59742,0.59742,1.3000,0,0,0.20871,0.05623,0.06300,0.20648,0.05671,0.05919,0.56,0.02,0.59742,-0.33172,-0.20593,0.34722,1.45507,0.00000,1.00000,-0.32350,-0.22329,0.34102,1.45342,0.00000,1.00000,23,0.23162,0.05274,0.01494,0.23370,0.05100,1,0.99530,-0.00000,-0.00000,0.09683,virtual,0,262.37,259.30,262.37,259.30,262.37,259.30,262.37,259.30,262.37,259.30,262.37,259.30,262.37,259.30,262.37,259.30,262.37,259.30,262.37,259.30,262.37,259.30,262.37,259.30,262.37,259.30,262.37,259.30,262.37,259.30,262.37,259.30,262.37,259.30,262.37,259.30,262.37,259.30,262.37,259.30,262.37,259.30,0.00000,0.00000,0.00000,0.00000,0.00000,0.00000,0.00000,0.00000,0.00000,0.00000,0.00000,0.00000,0.00000,0.00000,0.00000,0.00000,0.00000,0.00000,0.00000,0.00000,0.00000,0.00000,0.00000,0.00000,0.00000,0.00000,0.00000,0.00000,0.00000,0.00000,0.00000,0.00000,0.00000,0.00000,0.00000,0.00000,0.00000,0.00000,0.00000,0.00000,0.00000,0.00000,0.00000,0.00000,0.00000,0.00000,0.00000,0.00000,0.00000,0.00000,0.00000,0.00000,0.00000,0.00000,0.00000,0.00000,0.00000,0.00000,0.00000,0.00000,0.00000,0.00000,0.00000,0.00000,0.00000,0.00000,0.00000,0.00000,0.00000,0.00000,0.00000,0.00000,0.00000,0.00000,0.00000,0.00000,0.00000,0.00000,0.00000,0.00000,0.00000,0.00000,0.00000,0.00000
7.1000,1,1,0.00,0.00,33.33,-0.06207,0.02079,0.59702,0.60942,0.60942,1.3000,0,0,0.20251,0.05752,0.06257,0.20044,0.05641,0.06030,0.69,0.02,0.60942,-0.34160,-0.27290,0.40692,1.45072,-0.00000,1.00000,-0.34154,-0.26938,0.39100,1.44953,0.00000,1.00000,23,0.23162,0.05274,0.01494,0.23370,0.05100,1,0.99530,-0.00000,-0.00000,0.09683,virtual,0,262.37,259.30,262.37,259.30,262.37,259.30,262.37,259.30,262.37,259.30,262.37,259.30,262.37,259.30,262.37,259.30,262.37,259.30,262.37,259.30,262.37,259.30,262.37,259.30,262.37,259.30,262.37,259.30,262.37,259.30,262.37,259.30,262.37,259.30,262.37,259.30,262.37,259.30,262.37,259.30,262.37,259.30,0.00000,0.00000,0.00000,0.00000,0.00000,0.00000,0.00000,0.00000,0.00000,0.00000,0.00000,0.00000,0.00000,0.00000,0.00000,0.00000,0.00000,0.00000,0.00000,0.00000,0.00000,0.00000,0.00000,0.00000,0.00000,0.00000,0.00000,0.00000,0.00000,0.00000,0.00000,0.00000,0.00000,0.00000,0.00000,0.00000,0.00000,0.00000,0.00000,0.00000,0.00000,0.00000,0.00000,0.00000,0.00000,0.00000,0.00000,0.00000,0.00000,0.00000,0.00000,0.00000,0.00000,0.00000,0.00000,0.00000,0.00000,0.00000,0.00000,0.00000,0.00000,0.00000,0.00000,0.00000,0.00000,0.00000,0.00000,0.00000,0.00000,0.00000,0.00000,0.00000,0.00000,0.00000,0.00000,0.00000,0.00000,0.00000,0.00000,0.00000,0.00000,0.00000,0.00000,0.00000
7.1333,1,1,0.00,0.00,33.33,-0.06275,0.02102,0.60355,0.61008,0.61008,1.3000,0,0,0.19925,0.05820,0.06234,0.19960,0.05887,0.06435,0.41,0.01,0.61008,-0.35672,-0.31684,0.42154,1.44983,-0.00000,1.00000,-0.35264,-0.29548,0.41653,1.44992,0.00000,1.00000,23,0.23162,0.05274,0.01494,0.23370,0.05100,1,0.99530,-0.00000,-0.00000,0.09683,virtual,0,262.37,259.30,262.37,259.30,262.37,259.30,262.37,259.30,262.37,259.30,262.37,259.30,262.37,259.30,262.37,259.30,262.37,259.30,262.37,259.30,262.37,259.30,262.37,259.30,262.37,259.30,262.37,259.30,262.37,259.30,262.37,259.30,262.37,259.30,262.37,259.30,262.37,259.30,262.37,259.30,262.37,259.30,0.00000,0.00000,0.00000,0.00000,0.00000,0.00000,0.00000,0.00000,0.00000,0.00000,0.00000,0.00000,0.00000,0.00000,0.00000,0.00000,0.00000,0.00000,0.00000,0.00000,0.00000,0.00000,0.00000,0.00000,0.00000,0.00000,0.00000,0.00000,0.00000,0.00000,0.00000,0.00000,0.00000,0.00000,0.00000,0.00000,0.00000,0.00000,0.00000,0.00000,0.00000,0.00000,0.00000,0.00000,0.00000,0.00000,0.00000,0.00000,0.00000,0.00000,0.00000,0.00000,0.00000,0.00000,0.00000,0.00000,0.00000,0.00000,0.00000,0.00000,0.00000,0.00000,0.00000,0.00000,0.00000,0.00000,0.00000,0.00000,0.00000,0.00000,0.00000,0.00000,0.00000,0.00000,0.00000,0.00000,0.00000,0.00000,0.00000,0.00000,0.00000,0.00000,0.00000,0.00000
